step,time_s,environment,arm,target_angle_deg,status_code,object_index,failing_index,completed_microsteps,fgmres_iterations,status_diagnostic_x,status_diagnostic_y,status_diagnostic_z,status_diagnostic_w,min_J,max_J,max_node_displacement_m,reaction_x_N,reaction_y_N,reaction_z_N,reaction_moment_y_Nm,phase,max_free_displacement_m,max_free_speed_m_s,kinetic_energy_J,max_material_state_change,certificate_residual,certificate_correction,certificate_volume,certificate_pressure,certificate_raw_accepted_flag,step_accepted,right_grip_constrained,measured_right_grip_angle_deg,current_fixed_nodes
0,2.4999999368446879e-05,0,bent,0.0078125,0,4294967295,4294967295,1,10,0.99957466125488281,0,0,0,0.9995745549419387,1.0001017076048058,2.8684735364903924e-07,0.46536890417337418,0.014945670613087714,-0.40781641728244722,-0.0075027951840839404,loading,2.5766700760105818e-07,0.010304599224261787,1.0017609542169181e-09,0.028346888720989227,1.8267564882989973e-05,0,0,0,1,1,1,0.0077935060486869004,24
0,2.4999999368446879e-05,1,held_reference,0,0,4294967295,4294967295,1,10,0.99999910593032837,0,0,0,0.99999909204917792,1.0000011339218706,1.8771406608397488e-09,0.0033590130240099825,-0.0044724074068653863,-4.9181373924511718e-06,-2.7923760861608588e-07,loading,1.8771406608397488e-09,6.9292001808263662e-05,3.7799286534801816e-14,0.00091346754925325513,2.1122577891219407e-06,0,0,0,1,1,1,-4.8827249338482003e-14,24
1,4.9999998736893758e-05,0,bent,0.015625,0,4294967295,4294967295,1,10,0.99925869703292847,0,0,0,0.99925880298142011,1.0002210099747677,5.7741999626159668e-07,0.58605524525046349,-0.015195301733911037,-0.62256820593029261,-0.013501146703264232,loading,5.2344119336542597e-07,0.010655242625432238,1.1652745017059409e-09,0.052655972540378571,2.4000983103178442e-05,0,0,0,1,1,1,0.015630924730845389,24
1,4.9999998736893758e-05,1,held_reference,0,0,4294967295,4294967295,1,6,0.99999910593032837,0,0,0,0.99999909983373991,1.0000007498774528,1.8771406608397488e-09,0.0034258012474310817,-0.0069249431934679251,6.1697569719854073e-06,-3.9610117017809902e-07,loading,1.8771406608397488e-09,3.5461700318673784e-05,1.7276186761035764e-14,0.00091346754925325513,2.2333936158247525e-06,0,0,0,1,1,1,-4.8827249338482003e-14,24
2,7.4999998105340637e-05,0,bent,0.0234375,0,4294967295,4294967295,1,10,0.9989815354347229,0,0,0,0.99898174711264442,1.0002812153363596,8.6426734924316406e-07,0.47712118923664093,-0.022020196542143822,-0.76976810209453106,-0.018854954594458087,loading,7.9169155849649414e-07,0.010776667636093275,1.3802057178701599e-09,0.068069294095039368,2.9674343750230037e-05,0,0,0,1,1,1,0.023438764748504568,24
2,7.4999998105340637e-05,1,held_reference,0,0,4294967295,4294967295,1,6,0.99999910593032837,0,0,0,0.99999909978551604,1.0000007498774528,1.8771406608397488e-09,0.0033935373835447535,-0.0044783935954910703,1.3699857959181827e-05,-3.4186675110004237e-07,loading,1.8771406608397488e-09,3.5462803896683976e-05,1.6576240961492858e-14,0.00091346754925325513,2.1326777641661465e-06,0,0,0,1,1,1,-4.8827249338482003e-14,24
3,9.9999997473787516e-05,0,bent,0.03125,0,4294967295,4294967295,1,10,0.99872314929962158,0,0,0,0.99872313810471958,1.0003148064772716,1.1511147964118812e-06,0.48184444196522236,-0.0071270565968006849,-0.88745165430009365,-0.023529947377441317,loading,1.0642073186020191e-06,0.010927794412532364,1.509922791226468e-09,0.083963997662067413,3.1840074370848015e-05,0,0,0,1,1,1,0.031270909488903105,24
3,9.9999997473787516e-05,1,held_reference,0,0,4294967295,4294967295,1,6,0.99999910593032837,0,0,0,0.99999909954772304,1.0000007498774528,1.8771406608397488e-09,0.003260804143792484,-0.0068218060550861992,5.3191783536021831e-05,-9.7419413803436886e-08,loading,1.8771406608397488e-09,3.5573698819294742e-05,1.6896110124597641e-14,0.00091346754925325513,2.1667174223694019e-06,0,0,0,1,1,1,-4.8827249338482003e-14,24
4,0.0001249999968422344,0,bent,0.0390625,0,4294967295,4294967295,1,10,0.99843692779541016,0,0,0,0.99843699381188267,1.0003543118088312,1.4379621306048214e-06,0.33285774104297161,-0.0059890574775636196,-1.0154006909579039,-0.027807601509474249,loading,1.3395027244473117e-06,0.011084043874454866,1.6522340300777781e-09,0.10089246183633804,3.432597077335231e-05,0,0,0,1,1,1,0.039078751697390605,24
4,0.0001249999968422344,1,held_reference,0,0,4294967295,4294967295,1,6,0.99999910593032837,0,0,0,0.99999910209300724,1.0000007498774528,1.8771406608397488e-09,0.0030301425285870209,-0.0043762016648543067,9.6948089066017928e-05,3.0657925688865343e-07,loading,1.8771406608397488e-09,3.5584660886159834e-05,1.657614584359495e-14,0.00091346754925325513,2.1432842913782224e-06,0,0,0,1,1,1,-4.8827249338482003e-14,24
5,0.00014999999621068127,0,bent,0.046875,0,4294967295,4294967295,1,10,0.99816441535949707,0,0,0,0.99816443298449087,1.0003970846422703,1.7248094710471102e-06,0.1489432118833065,-0.029056344646960497,-1.1208197046071291,-0.031649295381231346,loading,1.6159830020271049e-06,0.01116056689629133,1.7924194962280406e-09,0.12546190619468689,3.6562203604262322e-05,0,0,0,1,1,1,0.046886591819195071,24
5,0.00014999999621068127,1,held_reference,0,0,4294967295,4294967295,1,6,0.99999910593032837,0,0,0,0.99999910228640243,1.0000007498774528,1.8771406608397488e-09,0.0030624063656432554,-0.0067231368302600458,9.2330688715946962e-05,2.5350976017216429e-07,loading,1.8771406608397488e-09,3.5697946839768069e-05,1.6758245358980365e-14,0.00091346754925325513,2.1902569642406888e-06,0,0,0,1,1,1,-4.8827249338482003e-14,24
6,0.00017499999557912815,0,bent,0.0546875,0,4294967295,4294967295,1,10,0.99788159132003784,0,0,0,0.99788168189381343,1.000454098524542,2.0116569767533515e-06,-0.016065832227468491,-0.021330485120415688,-1.242051187902689,-0.035412482858871351,loading,1.8956230777055612e-06,0.011242980699204473,1.8875733356597667e-09,0.1479736864566803,3.9378050132654607e-05,0,0,0,1,1,1,0.05469443796135931,24
6,0.00017499999557912815,1,held_reference,0,0,4294967295,4294967295,1,6,0.99999910593032837,0,0,0,0.99999909939855081,1.0000007498774528,1.8771406608397488e-09,0.003030142461284413,-0.0060052515036659315,9.9555103957982283e-05,3.076218357218746e-07,loading,1.8771406608397488e-09,3.5679927342987666e-05,1.6399475794283274e-14,0.00091346754925325513,2.1242794900899753e-06,0,0,0,1,1,1,-4.8827249338482003e-14,24
7,0.00019999999494757503,0,bent,0.0625,0,4294967295,4294967295,1,10,0.99762028455734253,0,0,0,0.99762024785866998,1.0005460287799783,2.2985045386800932e-06,-0.038650389760732651,-0.031414918135851622,-1.3456562962383032,-0.039198105630457329,loading,2.1745996457325075e-06,0.011279372193345108,1.949368624844822e-09,0.16999225318431854,4.0950355469249189e-05,0,0,0,1,1,1,0.062526584795095416,24
7,0.00019999999494757503,1,held_reference,0,0,4294967295,4294967295,1,6,0.99999910593032837,0,0,0,0.99999910205262288,1.0000007506591286,1.8771406608397488e-09,0.003030142461284413,-0.0056152881443267688,0.00010034698851768553,3.079387223533559e-07,loading,1.8771406608397488e-09,3.5784959438960769e-05,1.6467995428794246e-14,0.00091346754925325513,2.2028455077816034e-06,0,0,0,1,1,1,-4.8827249338482003e-14,24
8,0.00022499999431602191,0,bent,0.0703125,0,4294967295,4294967295,1,10,0.99733704328536987,0,0,0,0.99733693337529272,1.0006909970437197,2.5853518445597368e-06,-0.12938227318227291,-0.026293108239769936,-1.4499283209443092,-0.042629192430895274,loading,2.4552905360129901e-06,0.011356879117408536,2.1444393445539391e-09,0.19057321548461914,4.36505360994488e-05,0,0,0,1,1,1,0.070334428788846659,24
8,0.00022499999431602191,1,held_reference,0,0,4294967295,4294967295,1,6,0.99999916553497314,0,0,0,0.99999914016704761,1.0000007525592185,1.8771406608397488e-09,0.0030624063838331494,-0.0062649286192026921,9.4935091453862697e-05,2.5455181068173231e-07,loading,1.8771406608397488e-09,3.5739608048172825e-05,1.6656143858835201e-14,0.00091346754925325513,2.1019161522417562e-06,0,0,0,1,1,1,-4.8827249338482003e-14,24
9,0.00024999999368446879,0,bent,0.078125,0,4294967295,4294967295,1,10,0.99707841873168945,0,0,0,0.99707845184188448,1.000785770072532,2.8721994240846133e-06,-0.21879889070987701,-0.035795064643025398,-1.5638892389833927,-0.045783492672823403,loading,2.7390368724276723e-06,0.011489329889057622,2.1798560178940449e-09,0.20378606021404266,4.4742955651599914e-05,0,0,0,1,1,1,0.078115787605167103,24
9,0.00024999999368446879,1,held_reference,0,0,4294967295,4294967295,1,6,0.99999946355819702,0,0,0,0.99999956898300146,1.00000075380384,1.8771406608397488e-09,0.0030301424849312752,-0.0039288654443225823,0.00010156909448255647,3.084273886488515e-07,loading,1.8771406608397488e-09,3.571316105901024e-05,1.6121346444027771e-14,0.00091346754925325513,2.1304897472873563e-06,0,0,0,1,1,1,-4.8827249338482003e-14,24
10,0.00027499999305291567,0,bent,0.0859375,0,4294967295,4294967295,1,10,0.99679094552993774,0,0,0,0.99679102103679307,1.0008809720887597,3.1590470311094563e-06,-0.23779934272170067,-0.0021560899913311005,-1.6874331664294004,-0.049352483087608458,loading,3.021967175922654e-06,0.011465257145944267,2.2158543661883238e-09,0.2179589569568634,4.7549419832648709e-05,0,0,0,1,1,1,0.085923637169976586,24
10,0.00027499999305291567,1,held_reference,0,0,4294967295,4294967295,1,6,0.99999946355819702,0,0,0,0.99999956898300146,1.0000007549541012,1.8771406608397488e-09,0.0030624063583672978,-0.0063519334289594553,9.5955390122526296e-05,2.5495964822039188e-07,loading,1.8771406608397488e-09,3.5789915315692421e-05,1.6775450325827853e-14,0.00091346754925325513,2.1978603399475105e-06,0,0,0,1,1,1,-4.8827249338482003e-14,24
11,0.00029999999242136255,0,bent,0.09375,0,4294967295,4294967295,1,10,0.99653404951095581,0,0,0,0.99653407124294757,1.0009776991099362,3.4458946587667023e-06,-0.47631899267435074,-0.030561855062842369,-1.7701352657750249,-0.052255179262263717,loading,3.31008212700312e-06,0.011656371009225059,2.3946570199157596e-09,0.23350758850574493,4.9727190344128758e-05,0,0,0,1,1,1,0.093741456815195023,24
11,0.00029999999242136255,1,held_reference,0,0,4294967295,4294967295,1,6,0.99999946355819702,0,0,0,0.99999956898300146,1.0000007561777344,1.8771406608397488e-09,0.0030301423994387733,-0.003953973253373988,0.00010240541539019432,3.0876209241796411e-07,loading,1.8771406608397488e-09,3.581184943276554e-05,1.6545566353668463e-14,0.00091346754925325513,2.0765289718838176e-06,0,0,0,1,1,1,-4.8827249338482003e-14,24
12,0.00032499999178980943,0,bent,0.1015625,0,4294967295,4294967295,1,10,0.99631738662719727,0,0,0,0.99631745058869048,1.0010734245940347,3.7327423022997766e-06,-0.45347989723086357,-0.014753946103155613,-1.8739804979413748,-0.055268265350268124,loading,3.5952261001779596e-06,0.011546797507692904,2.395390585215349e-09,0.2475096732378006,5.0520164222689345e-05,0,0,0,1,1,1,0.10154930840588204,24
12,0.00032499999178980943,1,held_reference,0,0,4294967295,4294967295,1,6,0.99999946355819702,0,0,0,0.99999956898300146,1.0000007573135654,1.8771406608397488e-09,0.0030624064347648527,-0.0063342602006741799,9.6566672340259174e-05,2.5520435602084006e-07,loading,1.8771406608397488e-09,3.5790802492560062e-05,1.6181481237693464e-14,0.00091346754925325513,2.1446767277666368e-06,0,0,0,1,1,1,-4.8827249338482003e-14,24
13,0.00034999999115825631,0,bent,0.109375,0,4294967295,4294967295,1,10,0.99600934982299805,0,0,0,0.99600943629863614,1.0011598754810749,4.0195899583098673e-06,-0.59793858975172043,-0.0029386179521679878,-1.9792916867882013,-0.058221700379479373,loading,3.885012996403093e-06,0.011693767029058506,2.5215586824582952e-09,0.26348179578781128,5.1920324040111154e-05,0,0,0,1,1,1,0.1093571611678788,24
13,0.00034999999115825631,1,held_reference,0,0,4294967295,4294967295,1,6,0.99999946355819702,0,0,0,0.99999956898300146,1.0000007581365076,1.8771406608397488e-09,0.0030301424540084554,-0.0039223477579071186,0.00010267547634157381,3.0887023340073889e-07,loading,1.8771406608397488e-09,3.5807468645078932e-05,1.6467777160774413e-14,0.00091346754925325513,2.1681039470422547e-06,0,0,0,1,1,1,-4.8827249338482003e-14,24
14,0.00037499999052670319,0,bent,0.1171875,0,4294967295,4294967295,1,10,0.99566692113876343,0,0,0,0.99566687513230079,1.0012465099864478,4.3064376243037275e-06,-0.7173568457365036,-0.0023661633022129536,-2.0667616855353117,-0.061072091370345451,loading,4.1733443452856142e-06,0.011652056958772318,2.5497904557707981e-09,0.27569600939750671,5.3501549700740725e-05,0,0,0,1,1,1,0.11716501450738653,24
14,0.00037499999052670319,1,held_reference,0,0,4294967295,4294967295,1,6,0.99999946355819702,0,0,0,0.99999956898300146,1.0000007586858575,1.8771406608397488e-09,0.0030624063892901177,-0.0062998036373755895,9.5766440239231088e-05,2.548841132920638e-07,loading,1.8771406608397488e-09,3.5877871489173539e-05,1.6829722750193852e-14,0.00091346754925325513,2.1104892766743433e-06,0,0,0,1,1,1,-4.8827249338482003e-14,24
15,0.00039999998989515007,0,bent,0.125,0,4294967295,4294967295,1,10,0.9953761100769043,0,0,0,0.99537609226286217,1.0013306099557215,4.5932857940963141e-06,-0.74599110707640648,-0.00034639984369277954,-2.1725617321208119,-0.063933215437067384,loading,4.4645140855988501e-06,0.01173100166332158,2.6763231308807251e-09,0.29056769609451294,5.4575226386077702e-05,0,0,0,1,1,1,0.12499717957477265,24
15,0.00039999998989515007,1,held_reference,0,0,4294967295,4294967295,1,6,0.99999946355819702,0,0,0,0.99999956898300146,1.000000759255419,1.8771406608397488e-09,0.0030301424485514872,-0.0038861261200509034,0.00010230597760596538,3.0872234196431201e-07,loading,1.8771406608397488e-09,3.5788871458805146e-05,1.6147363068646159e-14,0.00091346754925325513,2.1459443360072328e-06,0,0,0,1,1,1,-4.8827249338482003e-14,24
16,0.00042499998926359694,0,bent,0.1328125,0,4294967295,4294967295,1,10,0.99511998891830444,0,0,0,0.99511990451371468,1.0014235363680533,4.8801334901837429e-06,-0.92197085171937943,-0.008382200263440609,-2.2621690696105361,-0.067007959106623549,loading,4.7536463408028514e-06,0.011648456532055346,2.6154041931991332e-09,0.3020612895488739,5.7238266890635714e-05,0,0,0,1,1,1,0.1328050346085087,24
16,0.00042499998926359694,1,held_reference,0,0,4294967295,4294967295,1,6,0.99999946355819702,0,0,0,0.99999956898300146,1.0000007601109684,1.8771406608397488e-09,0.0030624063401774038,-0.0062420199610642157,9.652299081608362e-05,2.5518683373229534e-07,loading,1.8771406608397488e-09,3.5858987275981516e-05,1.6347745634339263e-14,0.00091346754925325513,2.1593752990156645e-06,0,0,0,1,1,1,-4.8827249338482003e-14,24
17,0.00044999998863204382,0,bent,0.140625,0,4294967295,4294967295,1,10,0.99471372365951538,0,0,0,0.99471378688336742,1.0015190564724992,5.1669811901423485e-06,-0.92100474238395691,0.0058259959332644939,-2.3591805836185813,-0.069537746114157528,loading,5.0453829678041508e-06,0.011714058299451548,2.8657637709500052e-09,0.3146897554397583,5.783836604678072e-05,0,0,0,1,1,1,0.14061289828462992,24
17,0.00044999998863204382,1,held_reference,0,0,4294967295,4294967295,1,6,0.99999946355819702,0,0,0,0.99999956898300146,1.0000007601255845,1.8771406608397488e-09,0.0030301424048957415,-0.0038232306542340666,0.00010283733149663021,3.089349591900825e-07,loading,1.8771406608397488e-09,3.5913914565209202e-05,1.692356477141461e-14,0.00091346754925325513,2.1150756310817087e-06,0,0,0,1,1,1,-4.8827249338482003e-14,24
18,0.0004749999880004907,0,bent,0.1484375,0,4294967295,4294967295,1,10,0.99444925785064697,0,0,0,0.9944492730017086,1.0015969014814896,5.4538294698711711e-06,-0.98729553818702698,-0.014899332076311111,-2.4566569710150361,-0.072238487422319489,loading,5.3354035232700451e-06,0.011664016253850145,2.8376067721865274e-09,0.32636177539825439,5.916988811804913e-05,0,0,0,1,1,1,0.14842076443657862,24
18,0.0004749999880004907,1,held_reference,0,0,4294967295,4294967295,1,6,0.99999946355819702,0,0,0,0.99999956898300146,1.0000007608758124,1.8771406608397488e-09,0.0030624063256254885,-0.0061844739539083093,9.6898721324123471e-05,2.5533714698758491e-07,loading,1.8771406608397488e-09,3.581026831855017e-05,1.6199538345000193e-14,0.00091346754925325513,2.0919230792060262e-06,0,0,0,1,1,1,-4.8827249338482003e-14,24
19,0.00049999998736893758,0,bent,0.15625,0,4294967295,4294967295,1,10,0.9941023588180542,0,0,0,0.99410245226986915,1.0017006156847135,5.7406778080758212e-06,-1.3608523309230804,0.013641229830682278,-2.49760767724365,-0.07386264917327176,loading,5.6404795213329146e-06,0.013740394460196956,3.8980968474675194e-09,0.33997011184692383,5.8626723330235109e-05,0,0,0,1,1,1,0.15627036189077387,24
19,0.00049999998736893758,1,held_reference,0,0,4294967295,4294967295,1,7,0.99999946355819702,0,0,0,0.99999956898300146,1.0000007612030064,1.8771406608397488e-09,0.0030301424912977382,-0.0037230677917250432,0.00010312803351553157,3.0905130469272953e-07,loading,1.8771406608397488e-09,3.5124278042559853e-05,1.7693559975670259e-14,0.00091346754925325513,2.1222276700427756e-06,0,0,0,1,1,1,-4.8827249338482003e-14,24
20,0.00052499998673738446,0,bent,0.1640625,0,4294967295,4294967295,1,10,0.99387329816818237,0,0,0,0.99387332943829487,1.0017648049173569,6.0275258805360416e-06,-1.1035640090703964,0.0054561085999011993,-2.6299099195748568,-0.077180026846623506,loading,5.9272950952614787e-06,0.011516777003879921,2.5904537805927822e-09,0.34395268559455872,6.1303180700633675e-05,0,0,0,1,1,1,0.16405174419851812,24
20,0.00052499998673738446,1,held_reference,0,0,4294967295,4294967295,1,6,0.99999946355819702,0,0,0,0.99999956898300146,1.0000007614112734,1.8771406608397488e-09,0.0030624063947470859,-0.0061185711965663359,9.7116973108768434e-05,2.5542432107977203e-07,loading,1.8771406608397488e-09,3.5827726459877389e-05,1.6299587752591756e-14,0.00091346754925325513,2.1088326320750639e-06,0,0,0,1,1,1,-4.8827249338482003e-14,24
21,0.00054999998610583134,0,bent,0.171875,0,4294967295,4294967295,1,10,0.9935455322265625,0,0,0,0.99354552855411216,1.0018299442401362,6.3143741589258414e-06,-1.5339693278074265,-0.00011790543794631958,-2.6777559611946344,-0.078844262510760821,loading,6.2268072508331908e-06,0.013909386427797934,3.9255225687174304e-09,0.35905143618583679,6.1504135373979807e-05,0,0,0,1,1,1,0.17185961456253038,24
21,0.00054999998610583134,1,held_reference,0,0,4294967295,4294967295,1,6,0.99999946355819702,0,0,0,0.99999956898300146,1.0000007617982973,1.8771406608397488e-09,0.0030301424503704766,-0.0037277295778039843,0.00010326285075734631,3.0910497008699125e-07,loading,1.8771406608397488e-09,3.5757554001729193e-05,1.6042649592260151e-14,0.00091346754925325513,2.0364695956232026e-06,0,0,0,1,1,1,-4.8827249338482003e-14,24
22,0.00057499998547427822,0,bent,0.1796875,0,4294967295,4294967295,1,10,0.99325370788574219,0,0,0,0.99325379168045613,1.0018957261185826,6.6049476440378748e-06,-1.2213204801082611,0.012658035382628441,-2.8077160478569567,-0.081705091285326908,loading,6.5154357033710927e-06,0.01176246793280942,2.8245065460255836e-09,0.3642716109752655,6.3536506786476821e-05,0,0,0,1,1,1,0.17969382504310322,24
22,0.00057499998547427822,1,held_reference,0,0,4294967295,4294967295,1,7,0.99999946355819702,0,0,0,0.99999956898300146,1.0000007625575016,1.8771406608397488e-09,0.0030624062292190501,-0.0062993175888550468,9.7284830872013117e-05,2.5549165360644079e-07,loading,1.8771406608397488e-09,3.1674625522666612e-05,1.7727254272848395e-14,0.00091346754925325513,2.1746325273852563e-06,0,0,0,1,1,1,-4.8827249338482003e-14,24
23,0.0005999999848427251,0,bent,0.1875,0,4294967295,4294967295,1,10,0.99298197031021118,0,0,0,0.99298203101216609,1.0019698070979759,6.8917961136655261e-06,-1.7390649616718292,0.018612549174576998,-2.8144753589294851,-0.083314871457418546,loading,6.8154151370066409e-06,0.014332152690935686,4.0648342602309202e-09,0.37821900844573975,6.3661755120847374e-05,0,0,0,1,1,1,0.18751492618503987,24
23,0.0005999999848427251,1,held_reference,0,0,4294967295,4294967295,1,6,0.99999946355819702,0,0,0,0.99999956898300146,1.0000007625246112,1.8771406608397488e-09,0.0030301425358629785,-0.0037164027817198075,0.00010339437901052406,3.0915763998200395e-07,loading,1.8771406608397488e-09,3.6158663234439403e-05,1.6929401785536391e-14,0.00091346754925325513,2.1618493519781623e-06,0,0,0,1,1,1,-4.8827249338482003e-14,24
24,0.00062499998421117198,0,bent,0.1953125,0,4294967295,4294967295,1,10,0.99278908967971802,0,0,0,0.99278912974088795,1.002036181559816,7.1786446148794392e-06,-1.6624591499567032,0.012519884388893843,-2.9149298840202391,-0.085425808470407136,loading,7.1092010921168488e-06,0.013853487383848506,3.7771853854431424e-09,0.38423269987106323,6.3990148191805929e-05,0,0,0,1,1,1,0.19532281137089266,24
24,0.00062499998421117198,1,held_reference,0,0,4294967295,4294967295,1,6,0.99999946355819702,0,0,0,0.99999956898300146,1.0000007632132053,1.8771406608397488e-09,0.0030624062746937852,-0.0060337918985169381,9.7343277445816057e-05,2.5551494031606104e-07,loading,1.8771406608397488e-09,3.5948950237418484e-05,1.6682604837274021e-14,0.00091346754925325513,2.0750806015712442e-06,0,0,0,1,1,1,-4.8827249338482003e-14,24
25,0.00064999998357961886,0,bent,0.203125,0,4294967295,4294967295,1,10,0.99247497320175171,0,0,0,0.99247500260080457,1.002109733117668,7.4654931440386726e-06,-1.7588676810264587,0.021673122886568308,-2.9983187378384173,-0.087637397901438388,loading,7.404407561082576e-06,0.014209559394566708,4.007626194393231e-09,0.39122438430786133,6.4875137468334287e-05,0,0,0,1,1,1,0.20313068721173855,24
25,0.00064999998357961886,1,held_reference,0,0,4294967295,4294967295,1,7,0.99999946355819702,0,0,0,0.99999956898300146,1.0000007634748906,1.8771406608397488e-09,0.0030301423621494905,-0.0035572417691582814,0.0001034716735262009,3.0918865899639041e-07,loading,1.8771406608397488e-09,3.318003287701493e-05,1.7397687119131408e-14,0.00091346754925325513,2.1618920982291456e-06,0,0,0,1,1,1,-4.8827249338482003e-14,24
26,0.00067499998294806574,0,bent,0.2109375,0,4294967295,4294967295,1,10,0.99227648973464966,0,0,0,0.99227648111998479,1.0021610370377243,7.7523416980411689e-06,-1.7312601506710052,0.027524678967893124,-3.0831730233039707,-0.089776871987027732,loading,7.6941106586015053e-06,0.014170000440358699,3.7913649145021358e-09,0.3963547945022583,6.6189895733259618e-05,0,0,0,1,1,1,0.21094966114591238,24
26,0.00067499998294806574,1,held_reference,0,0,4294967295,4294967295,1,6,0.99999946355819702,0,0,0,0.99999956898300146,1.0000007637657691,1.8771406608397488e-09,0.0030624064638686832,-0.0059619857493089512,9.7403692734587821e-05,2.5553898807265749e-07,loading,1.8771406608397488e-09,3.618741090066586e-05,1.6713211155132547e-14,0.00091346754925325513,2.1640246359311277e-06,0,0,0,1,1,1,-4.8827249338482003e-14,24
27,0.00069999998231651261,0,bent,0.21875,0,4294967295,4294967295,1,10,0.99200141429901123,0,0,0,0.99200146227015518,1.0022068064317062,8.0391911508474534e-06,-1.7756269872188568,0.027657121419906616,-3.1251951449085027,-0.09181695960530864,loading,7.9847544768106815e-06,0.01405048134095018,3.8629955735888177e-09,0.40513584017753601,6.7362423578742892e-05,0,0,0,1,1,1,0.21877078255929591,24
27,0.00069999998231651261,1,held_reference,0,0,4294967295,4294967295,1,6,0.99999946355819702,0,0,0,0.99999956898300146,1.0000007640582464,1.8771406608397488e-09,0.0030301424121716991,-0.0035273640824016184,0.0001034987920434105,3.0919953500415379e-07,loading,1.8771406608397488e-09,3.5963907007424083e-05,1.689976250183858e-14,0.00091346754925325513,2.0907527868985198e-06,0,0,0,1,1,1,-4.8827249338482003e-14,24
28,0.00072499998168495949,0,bent,0.2265625,0,4294967295,4294967295,1,10,0.99188470840454102,0,0,0,0.99188466263117736,1.0022638191114179,8.3260397688109941e-06,-1.7874359935522079,0.034134848974645138,-3.219410655030515,-0.094010439372569157,loading,8.2744903326638564e-06,0.014279579769130786,3.909816396997835e-09,0.41053289175033569,6.789723556721583e-05,0,0,0,1,1,1,0.22657868843323525,24
28,0.00072499998168495949,1,held_reference,0,0,4294967295,4294967295,1,7,0.99999946355819702,0,0,0,0.99999956898300146,1.0000007645463731,1.8771406608397488e-09,0.0030624064092990011,-0.0060829148424090818,9.7492576003332942e-05,2.5557476023823253e-07,loading,1.8771406608397488e-09,3.3290378041289619e-05,1.7498839617722857e-14,0.00091346754925325513,2.1292923975124722e-06,0,0,0,1,1,1,-4.8827249338482003e-14,24
29,0.00074999998105340637,0,bent,0.234375,0,4294967295,4294967295,1,10,0.99163669347763062,0,0,0,0.99163676435488513,1.0023114049131234,8.6128893473306374e-06,-1.915425717830658,0.026268548332154751,-3.2797948463121429,-0.0958911850432278,loading,8.5651472333487939e-06,0.014464081537140528,4.1495297752522233e-09,0.41633918881416321,6.864044553367421e-05,0,0,0,1,1,1,0.23438659767447653,24
29,0.00074999998105340637,1,held_reference,0,0,4294967295,4294967295,1,6,0.99999946355819702,0,0,0,0.99999956898300146,1.0000007643482036,1.8771406608397488e-09,0.0030301424121716991,-0.0035576337249949574,0.00010358925024434029,3.0923582926334285e-07,loading,1.8771406608397488e-09,3.6223970440798577e-05,1.6349997138907811e-14,0.00091346754925325513,2.1784185264550615e-06,0,0,0,1,1,1,-4.8827249338482003e-14,24
30,0.00077499998042185325,0,bent,0.2421875,0,4294967295,4294967295,1,10,0.99149191379547119,0,0,0,0.99149201344041904,1.0023668855882284,8.8997380148956413e-06,-1.8025358915328979,0.040416306350380182,-3.3872610196267487,-0.098185872487723258,loading,8.8558703475790829e-06,0.014340482604882522,3.9797140157195002e-09,0.42108014225959778,6.9363188231363893e-05,0,0,0,1,1,1,0.24220557919317376,24
30,0.00077499998042185325,1,held_reference,0,0,4294967295,4294967295,1,6,0.99999946355819702,0,0,0,0.99999956898300146,1.0000007649176319,1.8771406608397488e-09,0.0030624063510913402,-0.0058634524320950732,9.7507351966896749e-05,2.555804325165804e-07,loading,1.8771406608397488e-09,3.0147878378369631e-05,1.6487428940238984e-14,0.00091346754925325513,2.094052433676552e-06,0,0,0,1,1,1,-4.8827249338482003e-14,24
31,0.00079999997979030013,0,bent,0.25,0,4294967295,4294967295,1,10,0.99124932289123535,0,0,0,0.99124931260761995,1.0024048012840931,9.1865876979529841e-06,-1.9052031934261322,0.043601764366030693,-3.4126183209009469,-0.09949451199334082,loading,9.1454878042216628e-06,0.014875582080058873,4.3221627479141701e-09,0.42910048365592957,7.0961912570055574e-05,0,0,0,1,1,1,0.25000022428743224,24
31,0.00079999997979030013,1,held_reference,0,0,4294967295,4294967295,1,7,0.99999946355819702,0,0,0,0.99999956898300146,1.0000007649796212,1.8771406608397488e-09,0.0030301424967547064,-0.0033865551085909829,0.00010362049494005987,3.0924817097093145e-07,loading,1.8771406608397488e-09,3.5278920038455492e-05,1.7343494688325468e-14,0.00091346754925325513,2.1193836801103316e-06,0,0,0,1,1,1,-4.8827249338482003e-14,24
32,0.00082499997915874701,0,bent,0.25,0,4294967295,4294967295,1,10,0.99182713031768799,0,0,0,0.99182706683391542,1.0025470341395721,9.1928495593136463e-06,-1.7025046944618225,-0.011530907824635506,-3.423359503300162,-0.092821688984636094,hold,9.1928495593136463e-06,0.025463739451511348,9.346794212124264e-09,0.39497968554496765,6.1957602156326175e-05,0,0,0,1,1,1,0.25000022428743224,24
32,0.00082499997915874701,1,held_reference,0,0,4294967295,4294967295,1,6,0.99999946355819702,0,0,0,0.99999956898300146,1.0000007650247462,1.8771406608397488e-09,0.0030624063001596369,-0.0057998690754175186,9.7261496989631269e-05,2.5548209870612435e-07,hold,1.8771406608397488e-09,3.0291563945063772e-05,1.6325289134086901e-14,0.00091346754925325513,2.1947937511868076e-06,0,0,0,1,1,1,-4.8827249338482003e-14,24
33,0.00084999997852719389,0,bent,0.25,0,4294967295,4294967295,1,10,0.99168646335601807,0,0,0,0.99168633460316269,1.0023377836748302,9.400285285955185e-06,-2.1572469770908356,0.063803073950111866,-3.0995835531502962,-0.088055618579882811,hold,9.400285285955185e-06,0.012841136243638258,2.0948910763019355e-09,0.37692567706108093,6.4229723648168147e-05,0,0,0,1,1,1,0.25000022428743224,24
33,0.00084999997852719389,1,held_reference,0,0,4294967295,4294967295,1,6,0.99999946355819702,0,0,0,0.99999956898300146,1.0000007651755811,1.8771406608397488e-09,0.00303014247037936,-0.0033724624227033928,0.00010355948433016238,3.0922379951516616e-07,hold,1.8771406608397488e-09,3.625326043187336e-05,1.6138560610939953e-14,0.00091346754925325513,2.0406309886311647e-06,0,0,0,1,1,1,-4.8827249338482003e-14,24
34,0.00087499997789564077,0,bent,0.25,0,4294967295,4294967295,1,10,0.99175631999969482,0,0,0,0.99175635145806196,1.0023576839377408,9.7344768224412217e-06,-1.671200156211853,0.053068175911903381,-2.9631369141861796,-0.086174371395471475,hold,9.7344768224412217e-06,0.017695240445337688,4.0156861940526626e-09,0.33997470140457153,5.4048508900450543e-05,0,0,0,1,1,1,0.25000022428743224,24
34,0.00087499997789564077,1,held_reference,0,0,4294967295,4294967295,1,7,0.99999946355819702,0,0,0,0.99999956898300146,1.0000007656691257,1.8771406608397488e-09,0.0030624064165749587,-0.0059364543703850359,9.7708729896339719e-05,2.5566132451785936e-07,hold,1.8771406608397488e-09,3.1429309684708352e-05,1.6901476647067646e-14,0.00091346754925325513,2.176525867980672e-06,0,0,0,1,1,1,-4.8827249338482003e-14,24
35,0.00089999997726408765,0,bent,0.25,0,4294967295,4294967295,1,10,0.99176031351089478,0,0,0,0.99176025019104308,1.0026158214234782,9.9801287293944496e-06,-2.0366317629814148,0.098393071908503771,-2.7669533137232065,-0.082337471098412066,hold,9.9801287293944496e-06,0.012262262328361983,2.1248371409747479e-09,0.32023462653160095,5.1785467803711072e-05,0,0,0,1,1,1,0.25000022428743224,24
35,0.00089999997726408765,1,held_reference,0,0,4294967295,4294967295,1,6,0.99999946355819702,0,0,0,0.99999956898300146,1.0000007654331531,1.8771406608397488e-09,0.0030301424631034024,-0.0033823165576905012,0.00010385302158510967,3.0934123969927889e-07,hold,1.8771406608397488e-09,3.62246661630051e-05,1.607717815479347e-14,0.00091346754925325513,2.1419264157884754e-06,0,0,0,1,1,1,-4.8827249338482003e-14,24
36,0.00092499997663253453,0,bent,0.25,0,4294967295,4294967295,1,10,0.99182671308517456,0,0,0,0.99182668209631697,1.002875486209784,1.0240150777070425e-05,-1.4807780385017395,0.064613686874508858,-2.7278047222644091,-0.081142974814343322,hold,1.0240150777070425e-05,0.013451680051503698,2.6405129850349235e-09,0.29824745655059814,4.8222147597698495e-05,0,0,0,1,1,1,0.25000022428743224,24
36,0.00092499997663253453,1,held_reference,0,0,4294967295,4294967295,1,6,0.99999946355819702,0,0,0,0.99999956898300146,1.0000007658665788,1.8771406608397488e-09,0.003062406354729319,-0.0057115027884719893,9.7824214833508449e-05,2.5570729506944165e-07,hold,1.8771406608397488e-09,2.996727344478561e-05,1.5855359901160863e-14,0.00091346754925325513,2.0729892185045173e-06,0,0,0,1,1,1,-4.8827249338482003e-14,24
37,0.00094999997600098141,0,bent,0.25,0,4294967295,4294967295,1,10,0.99180716276168823,0,0,0,0.99180703965691308,1.0030738621049433,1.0449746391237752e-05,-1.770165354013443,0.094558781012892723,-2.5647967308759689,-0.077874962022372873,hold,1.0449746391237752e-05,0.01035064346523064,1.6668201562574891e-09,0.27881467342376709,4.6923778427299112e-05,0,0,0,1,1,1,0.25000022428743224,24
37,0.00094999997600098141,1,held_reference,0,0,4294967295,4294967295,1,7,0.99999946355819702,0,0,0,0.99999956898300146,1.0000007658260113,1.8771406608397488e-09,0.0030301424576464342,-0.0032039876241469756,0.00010393490813953576,3.0937389424616378e-07,hold,1.8771406608397488e-09,3.2267364420387964e-05,1.7536206654638098e-14,0.00091346754925325513,2.215401764260605e-06,0,0,0,1,1,1,-4.8827249338482003e-14,24
38,0.00097499997536942828,0,bent,0.25,0,4294967295,4294967295,1,10,0.99185311794281006,0,0,0,0.99185311896163575,1.0032234503263895,1.0676518095133383e-05,-1.2695778608322144,0.091297722421586514,-2.546342084184289,-0.077151692068835084,hold,1.0676518095133383e-05,0.011357633155356529,2.0950970692402229e-09,0.25948402285575867,4.4233540393179283e-05,0,0,0,1,1,1,0.25000022428743224,24
38,0.00097499997536942828,1,held_reference,0,0,4294967295,4294967295,1,6,0.99999946355819702,0,0,0,0.99999956898300146,1.0000007659023336,1.8771406608397488e-09,0.003062406269236817,-0.005599100812105462,9.7868221757835272e-05,2.5572494388688918e-07,hold,1.8771406608397488e-09,3.5936675109314416e-05,1.5898469874480301e-14,0.00091346754925325513,2.1473774722835515e-06,0,0,0,1,1,1,-4.8827249338482003e-14,24
39,0.00099999997473787516,0,bent,0.25,0,4294967295,4294967295,1,10,0.99185866117477417,0,0,0,0.99185871960085203,1.0033744841588712,1.0860665184358888e-05,-1.6478283703327179,0.082992465700954199,-2.402065890841186,-0.074329395321719796,hold,1.0860665184358888e-05,0.0088725307213396529,1.3819616365963012e-09,0.24526120722293854,4.2489431507419795e-05,0,0,0,1,1,1,0.25000022428743224,24
39,0.00099999997473787516,1,held_reference,0,0,4294967295,4294967295,1,6,0.99999946355819702,0,0,0,0.99999956898300146,1.0000007660253742,1.8771406608397488e-09,0.0030301425113066216,-0.0032310956157743931,0.00010395688721587248,3.0938256457284258e-07,hold,1.8771406608397488e-09,2.9983225707517943e-05,1.5342926388067662e-14,0.00091346754925325513,2.1078808458696585e-06,0,0,0,1,1,1,-4.8827249338482003e-14,24
40,0.001024999974106322,0,bent,0.25,0,4294967295,4294967295,1,10,0.99189168214797974,0,0,0,0.99189162691011334,1.0034240070394014,1.1041925768962539e-05,-1.1911263465881348,0.087835230398923159,-2.3866939693689346,-0.073789829058544559,hold,1.1041925768962539e-05,0.0088465897415217314,1.4179900238236873e-09,0.23668299615383148,4.1578830860089511e-05,0,0,0,1,1,1,0.25000022428743224,24
40,0.001024999974106322,1,held_reference,0,0,4294967295,4294967295,1,7,0.99999946355819702,0,0,0,0.99999956898300146,1.0000007663562653,1.8771406608397488e-09,0.0030624063474533614,-0.0058395814703544602,9.7936940306908582e-05,2.5575239915633509e-07,hold,1.8771406608397488e-09,3.5756867820446615e-05,1.6896428447003159e-14,0.00091346754925325513,2.1725561509811087e-06,0,0,0,1,1,1,-4.8827249338482003e-14,24
41,0.0010499999734747689,0,bent,0.25,0,4294967295,4294967295,1,10,0.99189776182174683,0,0,0,0.99189782697158724,1.0035021273421683,1.121210430176748e-05,-1.4147645533084869,0.090438069746596739,-2.2629206189885736,-0.071412208608767361,hold,1.121210430176748e-05,0.0083550269867312833,1.2476398366503091e-09,0.22338052093982697,3.9251688576769084e-05,0,0,0,1,1,1,0.25000022428743224,24
41,0.0010499999734747689,1,held_reference,0,0,4294967295,4294967295,1,7,0.99999946355819702,0,0,0,0.99999956898300146,1.0000007658763432,1.8771406608397488e-09,0.0030301425485959044,-0.0032064781553344801,0.00010400330052107165,3.0940119422484685e-07,hold,1.8771406608397488e-09,3.1193802342744006e-05,1.7447103732148507e-14,0.00091346754925325513,2.1294072212185711e-06,0,0,0,1,1,1,-4.8827249338482003e-14,24
42,0.0010749999728432158,0,bent,0.25,0,4294967295,4294967295,1,10,0.99193072319030762,0,0,0,0.99193073216576155,1.0035402618159988,1.1380947117295532e-05,-1.0622391104698181,0.085916832322254777,-2.2441872488707304,-0.070920580237993178,hold,1.1380947117295532e-05,0.0083676656222500204,1.2946759960453077e-09,0.2153128981590271,3.8027177652111277e-05,0,0,0,1,1,1,0.25000022428743224,24
42,0.0010749999728432158,1,held_reference,0,0,4294967295,4294967295,1,6,0.99999946355819702,0,0,0,0.99999956898300146,1.0000007663166026,1.8771406608397488e-09,0.0030624063765571918,-0.0055927414068719372,9.797148831580671e-05,2.5576627028203803e-07,hold,1.8771406608397488e-09,3.6232615449706946e-05,1.5389021681374111e-14,0.00091346754925325513,2.1301239030435681e-06,0,0,0,1,1,1,-4.8827249338482003e-14,24
43,0.0010999999722116627,0,bent,0.25,0,4294967295,4294967295,1,10,0.9919167160987854,0,0,0,0.99191672471172254,1.0035806732532857,1.1529108384599973e-05,-1.2902017831802368,0.089378445409238338,-2.1447716383263469,-0.069083380543663475,hold,1.1529108384599973e-05,0.0073809251433773725,9.968047862786552e-10,0.21172100305557251,3.6749239370692521e-05,0,0,0,1,1,1,0.25000022428743224,24
43,0.0010999999722116627,1,held_reference,0,0,4294967295,4294967295,1,7,0.99999946355819702,0,0,0,0.99999956898300146,1.0000007662229107,1.8771406608397488e-09,0.0030301424758363282,-0.0031092113931663334,0.00010411804572640904,3.0944734536205895e-07,hold,1.8771406608397488e-09,3.2151255560572112e-05,1.6409144001865371e-14,0.00091346754925325513,2.1237374312477186e-06,0,0,0,1,1,1,-4.8827249338482003e-14,24
44,0.0011249999715801096,0,bent,0.25,0,4294967295,4294967295,1,10,0.99194043874740601,0,0,0,0.99194047264028828,1.0035986644107857,1.1671084615323671e-05,-0.93688607215881348,0.100901132915169,-2.1268398094689474,-0.068535158759163717,hold,1.1671084615323671e-05,0.0071041268077767072,9.5963583737021363e-10,0.20932981371879578,3.5887009289581329e-05,0,0,0,1,1,1,0.25000022428743224,24
44,0.0011249999715801096,1,held_reference,0,0,4294967295,4294967295,1,6,0.99999946355819702,0,0,0,0.99999956898300146,1.000000766060424,1.8771406608397488e-09,0.0030624063438153826,-0.0055372123897541314,9.8077936655727171e-05,2.5580892881043783e-07,hold,1.8771406608397488e-09,3.6255975155600222e-05,1.5205082337319205e-14,0.00091346754925325513,2.1472753815032775e-06,0,0,0,1,1,1,-4.8827249338482003e-14,24
45,0.0011499999709485564,0,bent,0.25,0,4294967295,4294967295,1,10,0.99193471670150757,0,0,0,0.99193467739935526,1.0036582634564482,1.1816683375605646e-05,-1.1828287839889526,0.079720219131559134,-2.0328108556568623,-0.066805622777844229,hold,1.1816683375605646e-05,0.0073506160231105455,1.027584112653176e-09,0.20575058460235596,3.4526521631050855e-05,0,0,0,1,1,1,0.25000022428743224,24
45,0.0011499999709485564,1,held_reference,0,0,4294967295,4294967295,1,6,0.99999946355819702,0,0,0,0.99999956898300146,1.0000007660745294,1.8771406608397488e-09,0.0030301424121716991,-0.0031268527382053435,0.00010417238075888235,3.0946907067846015e-07,hold,1.8771406608397488e-09,2.9819968520261909e-05,1.5017247018774914e-14,0.00091346754925325513,2.0872341792710358e-06,0,0,0,1,1,1,-4.8827249338482003e-14,24
46,0.0011749999703170033,0,bent,0.25,0,4294967295,4294967295,1,10,0.99197447299957275,0,0,0,0.99197458016600315,1.0036712659410449,1.1935985874848059e-05,-0.93623334169387817,0.099401511251926422,-2.0110563975758851,-0.066483533896073657,hold,1.1935985874848059e-05,0.0059982363366768016,7.13875212636593e-10,0.20346814393997192,3.3817290386650711e-05,0,0,0,1,1,1,0.25000022428743224,24
46,0.0011749999703170033,1,held_reference,0,0,4294967295,4294967295,1,7,0.99999946355819702,0,0,0,0.99999956898300146,1.0000007498774528,1.8771406608397488e-09,0.0030624064565927256,-0.0057241956237703562,9.8178027315043437e-05,2.5584872474792065e-07,hold,1.8771406608397488e-09,3.1218343458341193e-05,1.6229240630543229e-14,0.00091346754925325513,2.1771743377030361e-06,0,0,0,1,1,1,-4.8827249338482003e-14,24
47,0.0011999999696854502,0,bent,0.25,0,4294967295,4294967295,1,10,0.99198657274246216,0,0,0,0.99198659465305838,1.0037147077758211,1.2063173780799134e-05,-1.0873178243637085,0.063145984197035432,-1.9291953303618357,-0.064999062977318112,hold,1.2063173780799134e-05,0.0063817186064795495,8.1688083314341211e-10,0.20095352828502655,3.2930394809227437e-05,0,0,0,1,1,1,0.25000022428743224,24
47,0.0011999999696854502,1,held_reference,0,0,4294967295,4294967295,1,7,0.99999946355819702,0,0,0,0.99999956898300146,1.0000007498774528,1.8771406608397488e-09,0.0030301424903882435,-0.0031019272282719612,0.0001042444917800367,3.0949754157518274e-07,hold,1.8771406608397488e-09,3.5421285705363487e-05,1.6785746599977091e-14,0.00091346754925325513,2.1063599433546187e-06,0,0,0,1,1,1,-4.8827249338482003e-14,24
48,0.0012249999690538971,0,bent,0.2421875,0,4294967295,4294967295,1,10,0.99219948053359985,0,0,0,0.9921994385771461,1.0037227626149494,1.2032865352934443e-05,-1.3753169178962708,0.085482562892138958,-1.7018549889326096,-0.057316501535665115,unloading,1.2032865352934443e-05,0.01058364571616283,1.1286402734931354e-09,0.19373251497745514,3.3734704629750922e-05,0,0,0,1,1,1,0.24220557919317376,24
48,0.0012249999690538971,1,held_reference,0,0,4294967295,4294967295,1,6,0.99999946355819702,0,0,0,0.99999956898300146,1.0000007498774528,1.8771406608397488e-09,0.0030624063801951706,-0.005485782035975717,9.821044341151719e-05,2.5586196530639357e-07,unloading,1.8771406608397488e-09,3.0084605833222018e-05,1.4701629156947247e-14,0.00091346754925325513,2.080330432363553e-06,0,0,0,1,1,1,-4.8827249338482003e-14,24
49,0.001249999968422344,0,bent,0.234375,0,4294967295,4294967295,1,10,0.99246358871459961,0,0,0,0.99246361325974575,1.0037242556312629,1.1978438085141307e-05,-1.6128652095794678,0.089250963181257248,-1.4895169041119516,-0.050876617904552932,unloading,1.1978438085141307e-05,0.010985136960940806,1.3198212977153688e-09,0.18585443496704102,3.4356657124590129e-05,0,0,0,1,1,1,0.23438659767447653,24
49,0.001249999968422344,1,held_reference,0,0,4294967295,4294967295,1,7,0.99999946355819702,0,0,0,0.99999956898300146,1.0000007498774528,1.8771406608397488e-09,0.0030301424840217805,-0.0030115427216514945,0.0001043529498758744,3.0954116438897451e-07,unloading,1.8771406608397488e-09,3.2191773169983106e-05,1.6033987354886377e-14,0.00091346754925325513,2.18619470615522e-06,0,0,0,1,1,1,-4.8827249338482003e-14,24
50,0.0012749999677907908,0,bent,0.2265625,0,4294967295,4294967295,1,10,0.9927290678024292,0,0,0,0.99272913543274688,1.0037351677383253,1.1899806131424593e-05,-1.4149107038974762,0.082204513601027429,-1.3350806208327413,-0.045928538846039493,unloading,1.1899806131424593e-05,0.011402327305150367,1.515965687726233e-09,0.17600058019161224,3.4106407838407904e-05,0,0,0,1,1,1,0.22657868843323525,24
50,0.0012749999677907908,1,held_reference,0,0,4294967295,4294967295,1,6,0.99999946355819702,0,0,0,0.99999956898300146,1.0000007519379426,1.8771406608397488e-09,0.0030624063474533614,-0.0054280958283925429,9.8297967184635127e-05,2.5589680218035883e-07,unloading,1.8771406608397488e-09,3.622450832411688e-05,1.4901673595573304e-14,0.00091346754925325513,2.0693605620181188e-06,0,0,0,1,1,1,-4.8827249338482003e-14,24
51,0.0012999999671592377,0,bent,0.21875,0,4294967295,4294967295,1,10,0.99271464347839355,0,0,0,0.9927146582463966,1.0037726321723497,1.1813384050959705e-05,-1.2966559529304504,0.10013251157943159,-1.1686397846788168,-0.040492747854024944,unloading,1.1813384050959705e-05,0.01148630874841668,1.5124153115653446e-09,0.16615773737430573,3.5018500057049096e-05,0,0,0,1,1,1,0.21877078255929591,24
51,0.0012999999671592377,1,held_reference,0,0,4294967295,4294967295,1,7,0.99999946355819702,0,0,0,0.99999956898300146,1.0000007540643652,1.8771406608397488e-09,0.0030301424012577627,-0.0030187521624611691,0.00010441085515822124,3.0956437349595892e-07,unloading,1.8771406608397488e-09,3.2144208686867214e-05,1.5688991927156981e-14,0.00091346754925325513,2.1605007987091085e-06,0,0,0,1,1,1,-4.8827249338482003e-14,24
52,0.0013249999665276846,0,bent,0.2109375,0,4294967295,4294967295,1,10,0.99278885126113892,0,0,0,0.99278889404916637,1.0037723443548898,1.1710600320544236e-05,-1.2500236928462982,0.095853172708302736,-1.0191522445529699,-0.035605767970877021,unloading,1.1710600320544236e-05,0.011563816059089464,1.598249169479643e-09,0.15842820703983307,3.5870893043465912e-05,0,0,0,1,1,1,0.21094966114591238,24
52,0.0013249999665276846,1,held_reference,0,0,4294967295,4294967295,1,7,0.99999946355819702,0,0,0,0.99999956898300146,1.0000007561705901,1.8771406608397488e-09,0.0030624063565483084,-0.0056134190235752612,9.8401998343433661e-05,2.5593850407312846e-07,unloading,1.8771406608397488e-09,3.5824297493858115e-05,1.6663932017724042e-14,0.00091346754925325513,2.0823445083806291e-06,0,0,0,1,1,1,-4.8827249338482003e-14,24
53,0.0013499999658961315,0,bent,0.203125,0,4294967295,4294967295,1,10,0.99285298585891724,0,0,0,0.99285304651829898,1.0038256698425687,1.1586529842722413e-05,-1.0042262375354767,0.096385717624798417,-0.89357356354594231,-0.031371956763642801,unloading,1.1586529842722413e-05,0.011965501388482987,1.7221636405789795e-09,0.14557923376560211,3.5830282286042348e-05,0,0,0,1,1,1,0.20313068721173855,24
53,0.0013499999658961315,1,held_reference,0,0,4294967295,4294967295,1,7,0.99999946355819702,0,0,0,0.99999956898300146,1.0000007574818588,1.8771406608397488e-09,0.0030302558070616215,-0.0030606429936597124,0.00011458703360744948,3.1099363051271179e-07,unloading,1.8771406608397488e-09,3.1171368297566744e-05,1.5664441159980671e-14,0.00091346754925325513,2.1268065211188514e-06,0,0,0,1,1,1,-4.8827249338482003e-14,24
54,0.0013749999652645783,0,bent,0.1953125,0,4294967295,4294967295,1,10,0.9929620623588562,0,0,0,0.99296209407827096,1.0038948280173312,1.1456171061392555e-05,-0.86935797333717346,0.087352405767887831,-0.72102402895689011,-0.026898924954065342,unloading,1.1456171061392555e-05,0.011763883763635531,1.721664074483108e-09,0.15644155442714691,3.6513556551653892e-05,0,0,0,1,1,1,0.19532281137089266,24
54,0.0013749999652645783,1,held_reference,0,0,4294967295,4294967295,1,7,0.99999946355819702,0,0,0,0.99999956898300146,1.0000007498774528,1.8771406608397488e-09,0.0030624063438153826,-0.0056258819822687656,9.6975148096589692e-05,2.5536769827158381e-07,unloading,1.8771406608397488e-09,3.1613565896927067e-05,1.6684299820823965e-14,0.00091346754925325513,2.1868193016416626e-06,0,0,0,1,1,1,-4.8827249338482003e-14,24
55,0.0013999999646330252,0,bent,0.1875,0,4294967295,4294967295,1,10,0.99310815334320068,0,0,0,0.99310813736794401,1.0039505924261267,1.1307920715929208e-05,-0.83739945292472839,0.087969169020652771,-0.58052126877009869,-0.022818233311823272,unloading,1.1307920715929208e-05,0.012059852135103974,1.8541764029617355e-09,0.14542005956172943,3.6596091376850381e-05,0,0,0,1,1,1,0.18751492618503987,24
55,0.0013999999646330252,1,held_reference,0,0,4294967295,4294967295,1,6,0.99999946355819702,0,0,0,0.99999956898300146,1.0000007498774528,1.8771406608397488e-09,0.003030142574061756,-0.00311338844767306,0.00010229246311155293,3.0871667731662435e-07,unloading,1.8771406608397488e-09,3.6023664283248069e-05,1.4830761372521984e-14,0.00091346754925325513,2.0979036889912095e-06,0,0,0,1,1,1,-4.8827249338482003e-14,24
56,0.0014249999640014721,0,bent,0.1796875,0,4294967295,4294967295,1,10,0.99329274892807007,0,0,0,0.99329271381834316,1.0040098912672966,1.1151468246317202e-05,-0.72188007831573486,0.10166524897795171,-0.44079012423753738,-0.018865533473651594,unloading,1.1151468246317202e-05,0.012065209035889722,1.8560970238920204e-09,0.15762144327163696,3.7126341339899227e-05,0,0,0,1,1,1,0.17969382504310322,24
56,0.0014249999640014721,1,held_reference,0,0,4294967295,4294967295,1,7,0.99999946355819702,0,0,0,0.99999956898300146,1.0000007498774528,1.8771406608397488e-09,0.003062406372919213,-0.0056317432608921081,9.6912666748494303e-05,2.5534274528035871e-07,unloading,1.8771406608397488e-09,3.2343434634684897e-05,1.6012824522288232e-14,0.00091346754925325513,2.1594541976810433e-06,0,0,0,1,1,1,-4.8827249338482003e-14,24
57,0.001449999963369919,0,bent,0.171875,0,4294967295,4294967295,1,10,0.99346244335174561,0,0,0,0.99346240699647215,1.0040585800447397,1.0979971422326598e-05,-0.54502777010202408,0.066803682595491409,-0.31144323572516441,-0.015124805797292227,unloading,1.0979971422326598e-05,0.01215468208715381,1.9284878470448542e-09,0.14459297060966492,3.8322483305819333e-05,0,0,0,1,1,1,0.17185961456253038,24
57,0.001449999963369919,1,held_reference,0,0,4294967295,4294967295,1,6,0.99999946355819702,0,0,0,0.99999956898300146,1.0000007498774528,1.8771406608397488e-09,0.003030142513125611,-0.0030914318922441453,0.00010334010386259251,3.0913585576581654e-07,unloading,1.8771406608397488e-09,3.6061698298214885e-05,1.4910508136228434e-14,0.00091346754925325513,2.1104165170982014e-06,0,0,0,1,1,1,-4.8827249338482003e-14,24
58,0.0014749999627383659,0,bent,0.1640625,0,4294967295,4294967295,1,10,0.99366581439971924,0,0,0,0.99366577475827478,1.0040703216980149,1.0804976762983449e-05,-0.5851912684738636,0.083308142609894276,-0.15355958789587021,-0.011314877455494875,unloading,1.0804976762983449e-05,0.012078117711305887,1.9148943507990725e-09,0.15218058228492737,3.8538768421858549e-05,0,0,0,1,1,1,0.16405174419851812,24
58,0.0014749999627383659,1,held_reference,0,0,4294967295,4294967295,1,6,0.99999946355819702,0,0,0,0.99999956898300146,1.0000007502692292,1.8771406608397488e-09,0.0030624062637798488,-0.0054041774128563702,9.7513464481835399e-05,2.5558293864378351e-07,unloading,1.8771406608397488e-09,3.0190099179520296e-05,1.4523779695878617e-14,0.00091346754925325513,2.122682417393662e-06,0,0,0,1,1,1,-4.8827249338482003e-14,24
59,0.0014999999621068127,0,bent,0.15625,0,4294967295,4294967295,1,10,0.99385601282119751,0,0,0,0.99385601396964229,1.0040637709979572,1.0622301570034879e-05,-0.58791518211364746,0.086115961894392967,-0.015137577429413795,-0.0074207450277968181,unloading,1.0622301570034879e-05,0.012054180794282774,1.9396287134361696e-09,0.15428431332111359,3.9782120438758284e-05,0,0,0,1,1,1,0.15627036189077387,24
59,0.0014999999621068127,1,held_reference,0,0,4294967295,4294967295,1,6,0.99999946355819702,0,0,0,0.99999956898300146,1.0000007524814081,1.8771406608397488e-09,0.0030301425713332719,-0.0029840523638995364,0.00010378135959854262,3.0931235190018904e-07,unloading,1.8771406608397488e-09,3.0027221736331616e-05,1.4902278881314329e-14,0.00091346754925325513,2.1240666683297604e-06,0,0,0,1,1,1,-4.8827249338482003e-14,24
60,0.0015249999614752596,0,bent,0.1484375,0,4294967295,4294967295,1,10,0.99405676126480103,0,0,0,0.99405678020800703,1.0040289801893711,1.0415965268220593e-05,-0.36819137632846832,0.081044957041740417,0.096382126212120056,-0.0041336074208899896,unloading,1.0415965268220593e-05,0.012423640906683872,2.1183949793212111e-09,0.13870216906070709,4.0748847823124379e-05,0,0,0,1,1,1,0.14842076443657862,24
60,0.0015249999614752596,1,held_reference,0,0,4294967295,4294967295,1,7,0.99999946355819702,0,0,0,0.99999956898300146,1.0000007498774528,1.8771406608397488e-09,0.0030624063911091071,-0.0055571743723703548,9.7912467822425242e-05,2.5574275476537847e-07,unloading,1.8771406608397488e-09,3.5846617850009655e-05,1.6067720175069138e-14,0.00091346754925325513,2.1530211142817279e-06,0,0,0,1,1,1,-4.8827249338482003e-14,24
61,0.0015499999608437065,0,bent,0.140625,0,4294967295,4294967295,1,10,0.99425166845321655,0,0,0,0.99425165305369312,1.0039827913249069,1.0217991365874279e-05,-0.32403050363063812,0.075004225829616189,0.24714238941669464,-0.00056567913089329168,unloading,1.0217991365874279e-05,0.012106668839018526,2.0207014739285752e-09,0.14733059704303741,4.0886803617468104e-05,0,0,0,1,1,1,0.14061289828462992,24
61,0.0015499999608437065,1,held_reference,0,0,4294967295,4294967295,1,7,0.99999946355819702,0,0,0,0.99999956898300146,1.0000007498774528,1.8771406608397488e-09,0.0030301424039862468,-0.0029541509575210512,0.00010408300218500699,3.0943323385235947e-07,unloading,1.8771406608397488e-09,3.2197471772443292e-05,1.6539611342908365e-14,0.00091346754925325513,2.1110795387357939e-06,0,0,0,1,1,1,-4.8827249338482003e-14,24
62,0.0015749999602121534,0,bent,0.1328125,0,4294967295,4294967295,1,10,0.99445724487304688,0,0,0,0.99445732956570387,1.0039127197392657,1.0021787142608328e-05,-0.28650785703212023,0.075329109095036983,0.38820139691233635,0.0030317267504104545,unloading,1.0021787142608328e-05,0.012160146200840379,2.1481139134375217e-09,0.14796561002731323,4.1828676330624148e-05,0,0,0,1,1,1,0.1328050346085087,24
62,0.0015749999602121534,1,held_reference,0,0,4294967295,4294967295,1,7,0.99999946355819702,0,0,0,0.99999956898300146,1.0000007498774528,1.8771406608397488e-09,0.0030624063529103296,-0.005523104322492145,9.8171270508373709e-05,2.5584622814130789e-07,unloading,1.8771406608397488e-09,3.2458791068638722e-05,1.5986315918047816e-14,0.00091346754925325513,2.1879704945604317e-06,0,0,0,1,1,1,-4.8827249338482003e-14,24
63,0.0015999999595806003,0,bent,0.125,0,4294967295,4294967295,1,10,0.9946441650390625,0,0,0,0.99464425600294815,1.0038344200840659,9.8147090446560588e-06,-0.10250894539058208,0.07099838787689805,0.51689423341304064,0.0061016134403465627,unloading,9.8147090446560588e-06,0.012190610450683936,2.1684085665861239e-09,0.15587615966796875,4.2448769818292931e-05,0,0,0,1,1,1,0.12499717957477265,24
63,0.0015999999595806003,1,held_reference,0,0,4294967295,4294967295,1,6,0.99999946355819702,0,0,0,0.99999956898300146,1.0000007498774528,1.8771406608397488e-09,0.003030142409443215,-0.0030076274997554719,0.00010433365187623167,3.0953346540172773e-07,unloading,1.8771406608397488e-09,3.6002377288106341e-05,1.4891369673352559e-14,0.00091346754925325513,2.1106850454088999e-06,0,0,0,1,1,1,-4.8827249338482003e-14,24
64,0.0016249999589490471,0,bent,0.1171875,0,4294967295,4294967295,1,10,0.99484574794769287,0,0,0,0.99484580086963137,1.0037866362482353,9.6828680322000024e-06,-0.14403994753956795,0.062974268104881048,0.65895007364451885,0.0096087484400652675,unloading,9.6828680322000024e-06,0.012116131897034607,2.221007120533845e-09,0.16705916821956635,4.3562024075072259e-05,0,0,0,1,1,1,0.11716501450738653,24
64,0.0016249999589490471,1,held_reference,0,0,4294967295,4294967295,1,7,0.99999946355819702,0,0,0,0.99999956898300146,1.0000007498774528,1.8771406608397488e-09,0.003062406449316768,-0.0055340912222163752,9.8386199738342839e-05,2.5593201607261978e-07,unloading,1.8771406608397488e-09,3.1765101038973139e-05,1.6284865036762618e-14,0.00091346754925325513,2.1127648324181791e-06,0,0,0,1,1,1,-4.8827249338482003e-14,24
65,0.001649999958317494,0,bent,0.109375,0,4294967295,4294967295,1,10,0.99503004550933838,0,0,0,0.9950299737086109,1.0038016487842161,9.5450806886878675e-06,0.070770781487226486,0.062457756139338017,0.7718200646340847,0.012730314783898944,unloading,9.5450806886878675e-06,0.012076980913461982,2.2640166574157709e-09,0.18019336462020874,4.4808297388954088e-05,0,0,0,1,1,1,0.1093571611678788,24
65,0.001649999958317494,1,held_reference,0,0,4294967295,4294967295,1,7,0.99999946355819702,0,0,0,0.99999956898300146,1.0000007498774528,1.8771406608397488e-09,0.0030301425358629785,-0.002882826142013073,0.0001044946008619263,3.0959783792059147e-07,unloading,1.8771406608397488e-09,3.5438988727339722e-05,1.6270226068616336e-14,0.00091346754925325513,2.1770924831798766e-06,0,0,0,1,1,1,-4.8827249338482003e-14,24
66,0.0016749999576859409,0,bent,0.1015625,0,4294967295,4294967295,1,10,0.99522519111633301,0,0,0,0.99522516513725612,1.0037920880989022,9.3969672557915086e-06,0.17363906651735306,0.045440688729286194,0.89885366335511208,0.015684271125614341,unloading,9.3969672557915086e-06,0.012087142631808746,2.3252579176275882e-09,0.1956329345703125,4.6092627599136904e-05,0,0,0,1,1,1,0.10154930840588204,24
66,0.0016749999576859409,1,held_reference,0,0,4294967295,4294967295,1,6,0.99999934434890747,0,0,0,0.99999947585078208,1.0000007498774528,1.8771406608397488e-09,0.0030624064238509163,-0.0052591158600989729,9.8469289241620572e-05,2.5596529356698682e-07,unloading,1.8771406608397488e-09,3.0158854183875231e-05,1.4711838412822396e-14,0.00091346754925325513,2.1262947029754287e-06,0,0,0,1,1,1,-4.8827249338482003e-14,24
67,0.0016999999570543878,0,bent,0.09375,0,4294967295,4294967295,1,10,0.9954032301902771,0,0,0,0.99540322251133118,1.0037691780953235,9.2418183008651671e-06,0.16863895952701569,0.042678917292505503,1.0327949952334166,0.019024134210424079,unloading,9.2418183008651671e-06,0.012111434333609639,2.3454211700839501e-09,0.21109721064567566,4.5727658289251849e-05,0,0,0,1,1,1,0.093741456815195023,24
67,0.0016999999570543878,1,held_reference,0,0,4294967295,4294967295,1,7,0.99999910593032837,0,0,0,0.99999927070196981,1.0000007498774528,1.8771406608397488e-09,0.0030301424958452117,-0.0027871967176906765,0.00010462328907578922,3.096493997545619e-07,unloading,1.8771406608397488e-09,3.3586486809096479e-05,1.5181482498690882e-14,0.00091346754925325513,2.0662541828642134e-06,0,0,0,1,1,1,-4.8827249338482003e-14,24
68,0.0017249999564228347,0,bent,0.0859375,0,4294967295,4294967295,1,10,0.99559223651885986,0,0,0,0.99559223707719235,1.0037477753434239,9.0839423934128696e-06,0.27575443685054779,0.05862275289837271,1.1517768793273717,0.02216989237100353,unloading,9.0839423934128696e-06,0.012011957141983933,2.3253063394341666e-09,0.22339542210102081,4.7855774027993903e-05,0,0,0,1,1,1,0.085923637169976586,24
68,0.0017249999564228347,1,held_reference,0,0,4294967295,4294967295,1,7,0.99999910593032837,0,0,0,0.99999927070196981,1.0000007498774528,1.8771406608397488e-09,0.0030624064384028316,-0.0054588357743341476,9.8656528450646874e-05,2.5604015781573206e-07,unloading,1.8771406608397488e-09,3.5736058784872923e-05,1.619817697509644e-14,0.00091346754925325513,2.1973551156406756e-06,0,0,0,1,1,1,-4.8827249338482003e-14,24
69,0.0017499999557912815,0,bent,0.078125,0,4294967295,4294967295,1,10,0.99579280614852905,0,0,0,0.99579282913348732,1.0037316469334499,8.9086920647547351e-06,0.44193181395530701,0.050590492086485028,1.2488527316600084,0.02454174144027579,unloading,8.9086920647547351e-06,0.012088669102043766,2.587468784092215e-09,0.2385648787021637,4.8930745833786204e-05,0,0,0,1,1,1,0.078115787605167103,24
69,0.0017499999557912815,1,held_reference,0,0,4294967295,4294967295,1,7,0.99999910593032837,0,0,0,0.99999927070196981,1.0000007498774528,1.8771406608397488e-09,0.0030301423876153422,-0.0028547634283313528,0.00010477916117679342,3.0971149845117911e-07,unloading,1.8771406608397488e-09,3.197153434077426e-05,1.5859196651759929e-14,0.00091346754925325513,2.1374228253989713e-06,0,0,0,1,1,1,-4.8827249338482003e-14,24
70,0.0017749999551597284,0,bent,0.0703125,0,4294967295,4294967295,1,10,0.99598753452301025,0,0,0,0.99598754679725665,1.0036931236793609,8.7268512331326562e-06,0.54937434196472168,0.056350045138970017,1.3690836410969496,0.027480069573169424,unloading,8.7268512331326562e-06,0.011958869068358352,2.5476798915821738e-09,0.24956616759300232,5.1650331442942843e-05,0,0,0,1,1,1,0.070334428788846659,24
70,0.0017749999551597284,1,held_reference,0,0,4294967295,4294967295,1,7,0.99999910593032837,0,0,0,0.99999927070196981,1.0000007498774528,1.8771406608397488e-09,0.0030624064384028316,-0.005457849518279545,9.8831142594235644e-05,2.5611022938755846e-07,unloading,1.8771406608397488e-09,3.5912838761014587e-05,1.550808738008459e-14,0.00091346754925325513,2.0651414160965942e-06,0,0,0,1,1,1,-4.8827249338482003e-14,24
71,0.0017999999545281753,0,bent,0.0625,0,4294967295,4294967295,1,10,0.9961971640586853,0,0,0,0.99619713885020367,1.0036831297206248,8.5446068988415083e-06,0.64092230796813965,0.045741476817056537,1.4728765804320574,0.030488743466725345,unloading,8.5446068988415083e-06,0.01187694828856385,2.5548741625231149e-09,0.26076143980026245,5.2533567213686183e-05,0,0,0,1,1,1,0.062526584795095416,24
71,0.0017999999545281753,1,held_reference,0,0,4294967295,4294967295,1,7,0.99999910593032837,0,0,0,0.99999927070196981,1.0000007498774528,1.8771406608397488e-09,0.0030301425204015686,-0.0028688099409919232,0.0001049190818491752,3.0976766134062899e-07,unloading,1.8771406608397488e-09,3.163508625162164e-05,1.530147792552405e-14,0.00091346754925325513,2.195781462432933e-06,0,0,0,1,1,1,-4.8827249338482003e-14,24
72,0.0018249999538966222,0,bent,0.0546875,0,4294967295,4294967295,1,10,0.99639254808425903,0,0,0,0.9963925787826452,1.0036524444805783,8.3568814434876056e-06,0.74055057018995285,0.028058440482709557,1.5890228170901537,0.033267726497616029,unloading,8.3568814434876056e-06,0.011923427472541819,2.6734907216658044e-09,0.27065816521644592,5.3673607908422127e-05,0,0,0,1,1,1,0.05469443796135931,24
72,0.0018249999538966222,1,held_reference,0,0,4294967295,4294967295,1,6,0.99999910593032837,0,0,0,0.99999927070196981,1.0000007498774528,1.8771406608397488e-09,0.003062406372919213,-0.0052351125923451036,9.8873713341163239e-05,2.5612716936302583e-07,unloading,1.8771406608397488e-09,3.6242613935731994e-05,1.3542911931656541e-14,0.00091346754925325513,2.0110892364755273e-06,0,0,0,1,1,1,-4.8827249338482003e-14,24
73,0.0018499999532650691,0,bent,0.046875,0,4294967295,4294967295,1,10,0.99661719799041748,0,0,0,0.99661720116868802,1.0036124994917679,8.1645206640687121e-06,0.7639368548989296,0.035940689267590642,1.7101351879537106,0.036122723689458278,unloading,8.1645206640687121e-06,0.011875054554790427,2.7013987645020025e-09,0.28111216425895691,5.4265445214696229e-05,0,0,0,1,1,1,0.046886591819195071,24
73,0.0018499999532650691,1,held_reference,0,0,4294967295,4294967295,1,8,0.99999910593032837,0,0,0,0.99999927070196981,1.0000007498774528,1.8771406608397488e-09,0.0030301424558274448,-0.0026956102519761771,0.00010515194412619167,3.0986083277093688e-07,unloading,1.8771406608397488e-09,3.6079691751896465e-05,1.6561750185755016e-14,0.00091346754925325513,2.1660250695276773e-06,0,0,0,1,1,1,-4.8827249338482003e-14,24
74,0.0018749999526335159,0,bent,0.0390625,0,4294967295,4294967295,1,10,0.99677455425262451,0,0,0,0.99677463994268167,1.0035439641124653,7.9718036606329646e-06,0.8830389529466629,0.05066664470359683,1.8121042046695948,0.0390736875548525,unloading,7.9718036606329646e-06,0.011738203462209672,2.6448732432777e-09,0.29184475541114807,5.664957279805094e-05,0,0,0,1,1,1,0.039078751697390605,24
74,0.0018749999526335159,1,held_reference,0,0,4294967295,4294967295,1,7,0.99999910593032837,0,0,0,0.99999927070196981,1.0000007498774528,1.8771406608397488e-09,0.003062406336539425,-0.005434543956653215,9.9114565784930164e-05,2.5622336037486048e-07,unloading,1.8771406608397488e-09,3.5517370176554054e-05,1.5697514321867898e-14,0.00091346754925325513,2.1128739717823919e-06,0,0,0,1,1,1,-4.8827249338482003e-14,24
75,0.0018999999520019628,0,bent,0.03125,0,4294967295,4294967295,1,10,0.99684256315231323,0,0,0,0.9968425861943907,1.0034493435161675,7.7197688451889033e-06,1.2049638479948044,0.017503461800515652,1.8855212656781077,0.040506653584560834,unloading,7.7197688451889033e-06,0.014070399556567121,3.8071305868585064e-09,0.30569872260093689,5.5207627156050876e-05,0,0,0,1,1,1,0.031270909488903105,24
75,0.0018999999520019628,1,held_reference,0,0,4294967295,4294967295,1,7,0.99999910593032837,0,0,0,0.99999927070196981,1.0000007498774528,1.8771406608397488e-09,0.0030301424876597594,-0.0028660411044256762,0.00010520557813720188,3.09882213053242e-07,unloading,1.8771406608397488e-09,3.3579233617139127e-05,1.4770791301054075e-14,0.00091346754925325513,2.0710529042844428e-06,0,0,0,1,1,1,-4.8827249338482003e-14,24
76,0.0019249999513704097,0,bent,0.0234375,0,4294967295,4294967295,1,10,0.99689877033233643,0,0,0,0.99689875665915006,1.0033925150587448,7.5251992190119679e-06,0.9274640679359436,0.019944546511396766,2.0452780351042747,0.044014144322832807,unloading,7.5251992190119679e-06,0.011500802353014636,2.4205354050848651e-09,0.30797693133354187,5.8289861044613644e-05,0,0,0,1,1,1,0.023438764748504568,24
76,0.0019249999513704097,1,held_reference,0,0,4294967295,4294967295,1,7,0.99999910593032837,0,0,0,0.99999927070196981,1.0000007498774528,1.8771406608397488e-09,0.003062406372919213,-0.0054676041327184066,9.9240671289635429e-05,2.5627383323080699e-07,unloading,1.8771406608397488e-09,3.5479697658939358e-05,1.4795238516577889e-14,0.00091346754925325513,2.0953305011062184e-06,0,0,0,1,1,1,-4.8827249338482003e-14,24
77,0.0019499999507388566,0,bent,0.015625,0,4294967295,4294967295,1,10,0.99697732925415039,0,0,0,0.99697725839091811,1.0032846223277099,7.2637399562933827e-06,1.3214356526732445,0.006190937478095293,2.078259227797389,0.045540844035281712,unloading,7.2637399562933827e-06,0.014375718911220666,3.8579966105185828e-09,0.32056060433387756,5.6737917475402355e-05,0,0,0,1,1,1,0.015630924730845389,24
77,0.0019499999507388566,1,held_reference,0,0,4294967295,4294967295,1,7,0.99999910593032837,0,0,0,0.99999927070196981,1.0000007498774528,1.8771406608397488e-09,0.0030301424967547064,-0.0028775853861588985,0.00010536300456465142,3.0994516003829569e-07,unloading,1.8771406608397488e-09,3.3076964792666853e-05,1.5124128616944547e-14,0.00091346754925325513,2.14610963666928e-06,0,0,0,1,1,1,-4.8827249338482003e-14,24
78,0.0019749999501073034,0,bent,0.0078125,0,4294967295,4294967295,1,10,0.99702948331832886,0,0,0,0.99702953825000473,1.0031978811133757,7.0523806700916972e-06,1.0525765120983124,0.0055680642835795879,2.2431203778833151,0.048612880089023973,unloading,7.0523806700916972e-06,0.011628506929624733,2.6314075688360653e-09,0.32388663291931152,5.871338362339884e-05,0,0,0,1,1,1,0.0077935060486869004,24
78,0.0019749999501073034,1,held_reference,0,0,4294967295,4294967295,1,7,0.99999910593032837,0,0,0,0.99999927070196981,1.0000007498774528,1.8771406608397488e-09,0.0030624063656432554,-0.005505501147126779,9.9467054866408944e-05,2.5636451496393389e-07,unloading,1.8771406608397488e-09,3.5576312485170761e-05,1.5399206929743789e-14,0.00091346754925325513,2.0897291506116744e-06,0,0,0,1,1,1,-4.8827249338482003e-14,24
79,0.0019999999494757503,0,bent,0,0,4294967295,4294967295,1,10,0.99710643291473389,0,0,0,0.99710648843159211,1.0031496779929316,6.7936189397468364e-06,1.51002237200737,0.021809391677379608,2.2799023315310478,0.050505416483908896,unloading,6.7936189397468364e-06,0.013995495748560613,3.6563149641545501e-09,0.3338351845741272,5.9768546634586528e-05,0,0,0,1,1,1,-4.8827249338482003e-14,24
79,0.0019999999494757503,1,held_reference,0,0,4294967295,4294967295,1,7,0.99999910593032837,0,0,0,0.99999927070196981,1.0000007498774528,1.8771406608397488e-09,0.0030301424885692541,-0.0028718601388391107,0.00010525574029429663,3.0990227883376041e-07,unloading,1.8771406608397488e-09,3.3696341136153848e-05,1.5277191103554023e-14,0.00091346754925325513,2.1090618247399107e-06,0,0,0,1,1,1,-4.8827249338482003e-14,24
80,0.0020249999488441972,0,bent,0,0,4294967295,4294967295,1,10,0.99724507331848145,0,0,0,0.99724495904378896,1.0029728915860421,6.3109081270259264e-06,1.2511655576527119,-0.024456836748868227,2.3286768887192011,0.044351977045785647,relaxation,6.3109081270259264e-06,0.019971504988113085,5.8391176434342858e-09,0.30746519565582275,4.923740925733e-05,0,0,0,1,1,1,-4.8827249338482003e-14,24
80,0.0020249999488441972,1,held_reference,0,0,4294967295,4294967295,1,7,0.99999910593032837,0,0,0,0.99999927070196981,1.0000007498774528,1.8771406608397488e-09,0.0030624063074355945,-0.0054328784608514979,9.8961729435131929e-05,2.5616250211169231e-07,relaxation,1.8771406608397488e-09,3.5493740197096067e-05,1.5216759524181941e-14,0.00091346754925325513,2.1455562091432512e-06,0,0,0,1,1,1,-4.8827249338482003e-14,24
81,0.0020499999482126441,0,bent,0,0,4294967295,4294967295,1,10,0.99732303619384766,0,0,0,0.99732301924354205,1.0028636159591391,6.0677700602591141e-06,1.7238050401210785,-0.017659238539636135,2.1743769533932209,0.040637328488141292,relaxation,6.0677700602591141e-06,0.0097505721665959028,1.0925626381297279e-09,0.28866356611251831,4.6698114601895213e-05,0,0,0,1,1,1,-4.8827249338482003e-14,24
81,0.0020499999482126441,1,held_reference,0,0,4294967295,4294967295,1,7,0.99999910593032837,0,0,0,0.99999927070196981,1.0000007498774528,1.8771406608397488e-09,0.0030301424812932964,-0.0028187728457851335,0.00010493534460920273,3.0977414304288686e-07,relaxation,1.8771406608397488e-09,3.6685873543916373e-05,1.4998053632731287e-14,0.00091346754925325513,2.0988582036807202e-06,0,0,0,1,1,1,-4.8827249338482003e-14,24
82,0.002074999947581091,0,bent,0,0,4294967295,4294967295,1,10,0.99747669696807861,0,0,0,0.99747674504233375,1.0026469390264203,5.7244969075578549e-06,1.4685655273497105,-0.037532741203904152,2.1524459305219352,0.038552317945774642,relaxation,5.7244969075578549e-06,0.014028698954765039,2.1757803319601746e-09,0.26444333791732788,4.0999420889420435e-05,0,0,0,1,1,1,-4.8827249338482003e-14,24
82,0.002074999947581091,1,held_reference,0,0,4294967295,4294967295,1,7,0.99999910593032837,0,0,0,0.99999927070196981,1.0000007498774528,1.8771406608397488e-09,0.0030624063583672978,-0.0054096796084195375,9.8863682012506615e-05,2.5612306743641922e-07,relaxation,1.8771406608397488e-09,3.293063743120817e-05,1.4933602261700861e-14,0.00097564916359260678,2.0823288195970235e-06,0,0,0,1,1,1,-4.8827249338482003e-14,24
83,0.0020999999469495378,0,bent,0,0,4294967295,4294967295,1,10,0.99756616353988647,0,0,0,0.99756606999181374,1.0025729057176005,5.5066238156630299e-06,1.5454401914030313,-0.040158047806471586,2.0208619609475136,0.035343054509883745,relaxation,5.5066238156630299e-06,0.010436699051105426,1.2799155991218106e-09,0.24363672733306885,4.0150447603082284e-05,0,0,0,1,1,1,-4.8827249338482003e-14,24
83,0.0020999999469495378,1,held_reference,0,0,4294967295,4294967295,1,8,0.99999910593032837,0,0,0,0.99999927070196981,1.0000007498774528,1.8771406608397488e-09,0.0030301425113066216,-0.0026997984969057143,0.0001051006194643378,3.0984030650415658e-07,relaxation,1.8771406608397488e-09,3.5294500477600258e-05,1.7196025312981875e-14,0.00091346754925325513,2.152886736439541e-06,0,0,0,1,1,1,-4.8827249338482003e-14,24
84,0.0021249999463179847,0,bent,0,0,4294967295,4294967295,1,10,0.99766665697097778,0,0,0,0.99766666961120354,1.0024486102952801,5.3006788505030927e-06,1.2766494303941727,-0.03456926392391324,1.9614010779187083,0.034654589960858233,relaxation,5.3006788505030927e-06,0.0092443515594895498,9.880071460674168e-10,0.23812554776668549,3.5713001125259325e-05,0,0,0,1,1,1,-4.8827249338482003e-14,24
84,0.0021249999463179847,1,held_reference,0,0,4294967295,4294967295,1,6,0.99999910593032837,0,0,0,0.99999927070196981,1.0000007498774528,1.8771406608397488e-09,0.0030624064729636302,-0.0051552144723245874,9.8979519663089377e-05,2.5616953286953479e-07,relaxation,1.8771406608397488e-09,3.6636776871374427e-05,1.3540145325803608e-14,0.00091346754925325513,2.1219727841526037e-06,0,0,0,1,1,1,-4.8827249338482003e-14,24
85,0.0021499999456864316,0,bent,0,0,4294967295,4294967295,1,10,0.99772912263870239,0,0,0,0.99772913761249216,1.0023526737962039,5.1170583610096347e-06,1.2877115681767464,-0.043399892747402191,1.8365389928221703,0.032173823579244323,relaxation,5.1170583610096347e-06,0.0080249961453541623,7.883897046063635e-10,0.22018557786941528,3.4728014725260437e-05,0,0,0,1,1,1,-4.8827249338482003e-14,24
85,0.0021499999456864316,1,held_reference,0,0,4294967295,4294967295,1,7,0.99999910593032837,0,0,0,0.99999927070196981,1.0000007498774528,1.8771406608397488e-09,0.0030301424994831905,-0.0027345410344423726,0.00010503991583732386,3.0981592297030089e-07,relaxation,1.8771406608397488e-09,3.3756670710224298e-05,1.4795566678354651e-14,0.00097564916359260678,2.0661577764258254e-06,0,0,0,1,1,1,-4.8827249338482003e-14,24
86,0.0021749999450548785,0,bent,0,0,4294967295,4294967295,1,10,0.99780666828155518,0,0,0,0.99780666350118008,1.0022505943111784,4.9351238915227421e-06,1.1957148090004921,-0.039668847806751728,1.773439621552825,0.031499095294140279,relaxation,4.9351238915227421e-06,0.0075139972155639032,7.0509355255068947e-10,0.21722780168056488,3.2061161618912593e-05,0,0,0,1,1,1,-4.8827249338482003e-14,24
86,0.0021749999450548785,1,held_reference,0,0,4294967295,4294967295,1,7,0.99999910593032837,0,0,0,0.99999927070196981,1.0000007498774528,1.8771406608397488e-09,0.0030624063983850647,-0.0053889874980086461,9.904819566486367e-05,2.561969211747054e-07,relaxation,1.8771406608397488e-09,3.664933249549964e-05,1.4800973170744509e-14,0.00091346754925325513,2.1698076579923509e-06,0,0,0,1,1,1,-4.8827249338482003e-14,24
87,0.0021999999444233254,0,bent,0,0,4294967295,4294967295,1,10,0.99787485599517822,0,0,0,0.99787496974425105,1.0021764738534906,4.7580450819121566e-06,1.211874321103096,-0.046436201082542539,1.6601285561919212,0.02950056967942417,relaxation,4.7580450819121566e-06,0.0074339873972633754,7.1135160362918517e-10,0.20032788813114166,3.0835493816994131e-05,0,0,0,1,1,1,-4.8827249338482003e-14,24
87,0.0021999999444233254,1,held_reference,0,0,4294967295,4294967295,1,7,0.99999910593032837,0,0,0,0.99999927070196981,1.0000007498774528,1.8771406608397488e-09,0.0030301424458230031,-0.0028087754471926019,0.00010517358919059916,3.0986939909325843e-07,relaxation,1.8771406608397488e-09,3.5561857677532945e-05,1.5175292143894651e-14,0.00097564916359260678,2.0678446617239388e-06,0,0,0,1,1,1,-4.8827249338482003e-14,24
88,0.0022249999437917722,0,bent,0,0,4294967295,4294967295,1,10,0.9979400634765625,0,0,0,0.99794004874808651,1.002083931025112,4.5907756105254522e-06,1.0861221328377724,-0.04431407549418509,1.6183731127530336,0.028947817566655574,relaxation,4.5907756105254522e-06,0.006676179325120277,5.8961728340886627e-10,0.19572265446186066,2.9142298444639891e-05,0,0,0,1,1,1,-4.8827249338482003e-14,24
88,0.0022249999437917722,1,held_reference,0,0,4294967295,4294967295,1,7,0.99999910593032837,0,0,0,0.99999927070196981,1.0000007498774528,1.8771406608397488e-09,0.0030624063292634673,-0.0053979960066499189,9.9225650046719238e-05,2.5626802433180232e-07,relaxation,1.8771406608397488e-09,3.130876875701858e-05,1.4654930820355286e-14,0.00091346754925325513,2.1810551515955012e-06,0,0,0,1,1,1,-4.8827249338482003e-14,24
89,0.0022499999431602191,0,bent,0,0,4294967295,4294967295,1,10,0.99799942970275879,0,0,0,0.99799939642427704,1.0020294626529249,4.4291749792026652e-06,0.99818679690361023,-0.047726860735565424,1.5239546792581677,0.027211569389015436,relaxation,4.4291749792026652e-06,0.0064952200179885181,5.8951020637884354e-10,0.18648098409175873,2.8437209039111622e-05,0,0,0,1,1,1,-4.8827249338482003e-14,24
89,0.0022499999431602191,1,held_reference,0,0,4294967295,4294967295,1,7,0.99999910593032837,0,0,0,0.99999927070196981,1.0000007498774528,1.8771406608397488e-09,0.0030301425304060103,-0.0028049118991475552,0.00010536295050656008,3.099451953439709e-07,relaxation,1.8771406608397488e-09,3.5890114141575813e-05,1.5116753003215546e-14,0.00097564916359260678,2.1025889509473927e-06,0,0,0,1,1,1,-4.8827249338482003e-14,24
90,0.002274999942528666,0,bent,0,0,4294967295,4294967295,1,10,0.99805891513824463,0,0,0,0.99805890644834694,1.001945208552538,4.2878196636407962e-06,0.98055243492126465,-0.034276551799848676,1.4931653896346688,0.026716337717413906,relaxation,4.2878196636407962e-06,0.0056509490192536331,4.3008058334004279e-10,0.18332213163375854,2.6512752810958773e-05,0,0,0,1,1,1,-4.8827249338482003e-14,24
90,0.002274999942528666,1,held_reference,0,0,4294967295,4294967295,1,7,0.99999910593032837,0,0,0,0.99999927070196981,1.0000007498774528,1.8771406608397488e-09,0.0030624064384028316,-0.0053606167202815413,9.9032816990529682e-05,2.5619078965974033e-07,relaxation,1.8771406608397488e-09,3.6351843141455604e-05,1.487370049045372e-14,0.00091346754925325513,2.1049152110208524e-06,0,0,0,1,1,1,-4.8827249338482003e-14,24
91,0.0022999999418971129,0,bent,0,0,4294967295,4294967295,1,10,0.99811607599258423,0,0,0,0.99811612641361569,1.0018844989845328,4.1349355227330654e-06,0.96525776386260986,-0.063138624303974211,1.4153269911184907,0.025168136801004409,relaxation,4.1349355227330654e-06,0.0061416554895205857,5.1403132135317093e-10,0.17416788637638092,2.5590787117835134e-05,0,0,0,1,1,1,-4.8827249338482003e-14,24
91,0.0022999999418971129,1,held_reference,0,0,4294967295,4294967295,1,7,0.99999910593032837,0,0,0,0.99999927070196981,1.0000007498774528,1.8771406608397488e-09,0.0030301425013021799,-0.0027514347457326949,0.00010485044396091325,3.0974024602437534e-07,relaxation,1.8771406608397488e-09,3.3208769759888844e-05,1.5032085011145535e-14,0.00097564916359260678,2.0781487819476752e-06,0,0,0,1,1,1,-4.8827249338482003e-14,24
92,0.0023249999412655598,0,bent,0,0,4294967295,4294967295,1,10,0.99816781282424927,0,0,0,0.998167721560692,1.0018180967314236,4.0020065075085103e-06,0.8305680900812149,-0.022375965723767877,1.3879504194483161,0.024816604033455252,relaxation,4.0020065075085103e-06,0.0053090959257306985,3.7346833394810397e-10,0.16954837739467621,2.4534328986192122e-05,0,0,0,1,1,1,-4.8827249338482003e-14,24
92,0.0023249999412655598,1,held_reference,0,0,4294967295,4294967295,1,7,0.99999910593032837,0,0,0,0.99999927070196981,1.0000007498774528,1.8771406608397488e-09,0.0030624063438153826,-0.0053841945045860484,9.8752653627798281e-05,2.5607869055238509e-07,relaxation,1.8771406608397488e-09,3.5838355253847706e-05,1.5227391371003831e-14,0.00091346754925325513,2.1866640054213349e-06,0,0,0,1,1,1,-4.8827249338482003e-14,24
93,0.0023499999406340066,0,bent,0,0,4294967295,4294967295,1,10,0.99821007251739502,0,0,0,0.99821003282609921,1.0017651914305494,3.8820357582699983e-06,0.7560037299990654,-0.046865292591974139,1.3422111698891968,0.023742788404114545,relaxation,3.8820357582699983e-06,0.0047807241658743439,3.1139151906194689e-10,0.16350185871124268,2.3503236661781557e-05,0,0,0,1,1,1,-4.8827249338482003e-14,24
93,0.0023499999406340066,1,held_reference,0,0,4294967295,4294967295,1,7,0.99999910593032837,0,0,0,0.99999927070196981,1.0000007498774528,1.8771406608397488e-09,0.0030301424649223918,-0.0027742493693949655,0.00010480671619461646,3.0972247438148757e-07,relaxation,1.8771406608397488e-09,3.6303190778399752e-05,1.4308059184579644e-14,0.00097555859247222543,2.0885829599137651e-06,0,0,0,1,1,1,-4.8827249338482003e-14,24
94,0.0023749999400024535,0,bent,0,0,4294967295,4294967295,1,10,0.99826651811599731,0,0,0,0.99826656980533035,1.0017051261108794,3.7592290992451963e-06,0.69019132852554321,-0.02159488876350224,1.3005807945155539,0.023348138472259042,relaxation,3.7592290992451963e-06,0.0053524036229388346,3.8775760798270942e-10,0.15843252837657928,2.3040622181724757e-05,0,0,0,1,1,1,-4.8827249338482003e-14,24
94,0.0023749999400024535,1,held_reference,0,0,4294967295,4294967295,1,6,0.99999910593032837,0,0,0,0.99999927070196981,1.0000007498774528,1.8771406608397488e-09,0.0030624062965216581,-0.0051306417881278321,9.8763623157083202e-05,2.5608305659625309e-07,relaxation,1.8771406608397488e-09,3.6630836901403484e-05,1.3175372701091721e-14,0.00091346754925325513,2.0696097635664046e-06,0,0,0,1,1,1,-4.8827249338482003e-14,24
95,0.0023999999393709004,0,bent,0,0,4294967295,4294967295,1,10,0.99830669164657593,0,0,0,0.99830667333236123,1.0016631609404025,3.6773649023531298e-06,0.70810224860906601,-0.042501362739130855,1.2451625699177384,0.022364583032585678,relaxation,3.6773649023531298e-06,0.0038980899597093905,2.0965394764624117e-10,0.15350227057933807,2.2538373741554096e-05,0,0,0,1,1,1,-4.8827249338482003e-14,24
95,0.0023999999393709004,1,held_reference,0,0,4294967295,4294967295,1,8,0.99999910593032837,0,0,0,0.99999927070196981,1.0000007498774528,1.8771406608397488e-09,0.00303014247037936,-0.0025920565385604277,0.0001048529277909438,3.0974106753274055e-07,relaxation,1.8771406608397488e-09,3.8608530515032187e-05,1.6234706098712837e-14,0.00097555859247222543,2.3201453132060124e-06,0,0,0,1,1,1,-4.8827249338482003e-14,24
96,0.0024249999387393473,0,bent,0,0,4294967295,4294967295,1,10,0.99835377931594849,0,0,0,0.99835372542691758,1.0015891866336695,3.564482313277001e-06,0.64410516619682312,-0.017761506722308695,1.2174894257914275,0.022040176202684635,relaxation,3.564482313277001e-06,0.0054981720467699264,4.1481381817454406e-10,0.14976905286312103,2.1879319319850765e-05,0,0,0,1,1,1,-4.8827249338482003e-14,24
96,0.0024249999387393473,1,held_reference,0,0,4294967295,4294967295,1,6,0.99999910593032837,0,0,0,0.99999927070196981,1.0000007498774528,1.8771406608397488e-09,0.0030624063256254885,-0.0050342019239906222,9.8673122153059012e-05,2.5604691103580968e-07,relaxation,1.8771406608397488e-09,4.7746896795859463e-05,1.3860577639493615e-14,0.00097555859247222543,2.1195344288571505e-06,0,0,0,1,1,1,-4.8827249338482003e-14,24
97,0.0024499999381077942,0,bent,0,0,4294967295,4294967295,1,10,0.99838197231292725,0,0,0,0.99838199511446701,1.0015600960257693,3.501469761877323e-06,0.67880718410015106,-0.044959368242416531,1.1692801498138579,0.021271832929447298,relaxation,3.501469761877323e-06,0.0030789795867212262,1.3335007042189958e-10,0.14449170231819153,2.0789380869246088e-05,0,0,0,1,1,1,-4.8827249338482003e-14,24
97,0.0024499999381077942,1,held_reference,0,0,4294967295,4294967295,1,7,0.99999910593032837,0,0,0,0.99999927070196981,1.0000007498774528,1.8771406608397488e-09,0.0030301425631478196,-0.00266297921189107,0.00010473114784304016,3.0969241646562279e-07,relaxation,1.8771406608397488e-09,3.6299467232817519e-05,1.49289369495981e-14,0.00091346754925325513,2.0147358554822858e-06,0,0,0,1,1,1,-4.8827249338482003e-14,24
98,0.002474999937476241,0,bent,0,0,4294967295,4294967295,1,10,0.99843931198120117,0,0,0,0.99843931383383866,1.0014864865917299,3.3785652848352736e-06,0.61192996799945831,0.0022521321661770344,1.1333452956750989,0.020632918302223083,relaxation,3.3785652848352736e-06,0.0060221768645737491,5.0943966277089612e-10,0.13903385400772095,1.9799979781964794e-05,0,0,0,1,1,1,-4.8827249338482003e-14,24
98,0.002474999937476241,1,held_reference,0,0,4294967295,4294967295,1,8,0.99999910593032837,0,0,0,0.99999927070196981,1.0000007498774528,1.8771406608397488e-09,0.0030624064820585772,-0.0054040662507759407,9.8949000175707624e-05,2.561571935766546e-07,relaxation,1.8771406608397488e-09,3.8346015429921658e-05,1.5969793755592804e-14,0.00097555859247222543,2.3634434000996407e-06,0,0,0,1,1,1,-4.8827249338482003e-14,24
99,0.0024999999368446879,0,bent,0,0,4294967295,4294967295,1,10,0.99847286939620972,0,0,0,0.99847283017288802,1.0014602466207188,3.3274382107992315e-06,0.60365579277276993,-0.052568795857951045,1.0964499316178262,0.019932234655998651,relaxation,3.3274382107992315e-06,0.0025705488497047369,9.5200753862183038e-11,0.13529101014137268,1.9656681615742855e-05,0,0,0,1,1,1,-4.8827249338482003e-14,24
99,0.0024999999368446879,1,held_reference,0,0,4294967295,4294967295,1,6,0.99999910593032837,0,0,0,0.99999927070196981,1.0000007498774528,1.8771406608397488e-09,0.003030142513125611,-0.002880607164115645,0.00010500564158633097,3.0980217665000952e-07,relaxation,1.8771406608397488e-09,4.7588929388567041e-05,1.3772490478789164e-14,0.00097555859247222543,2.0874533674941631e-06,0,0,0,1,1,1,-4.8827249338482003e-14,24
100,0.0025249999362131348,0,bent,0,0,4294967295,4294967295,1,10,0.99850744009017944,0,0,0,0.99850748790607291,1.0014048968030504,3.231931087960519e-06,0.51807324588298798,-0.0047081839293241501,1.0713396760984324,0.019407618791535502,relaxation,3.231931087960519e-06,0.0047948405907528606,3.3060828178451706e-10,0.13140968978404999,1.9225031792302616e-05,0,0,0,1,1,1,-4.8827249338482003e-14,24
100,0.0025249999362131348,1,held_reference,0,0,4294967295,4294967295,1,7,0.99999910593032837,0,0,0,0.99999927070196981,1.0000007498774528,1.8771406608397488e-09,0.0030624064165749587,-0.0053487614350160584,9.8975806338330585e-05,2.5616793113658746e-07,relaxation,1.8771406608397488e-09,3.1816271821032657e-05,1.4405822526238123e-14,0.00091346754925325513,2.0575689632096328e-06,0,0,0,1,1,1,-4.8827249338482003e-14,24
101,0.0025499999355815817,0,bent,0,0,4294967295,4294967295,1,10,0.99853420257568359,0,0,0,0.99853419432239998,1.001373436701436,3.1872706503131807e-06,0.52454907447099686,-0.044160303776152432,1.0375178421381861,0.019018719919376072,relaxation,3.1872706503131807e-06,0.0022903395604435919,7.8205377916484745e-11,0.12696588039398193,1.8550870663602836e-05,0,0,0,1,1,1,-4.8827249338482003e-14,24
101,0.0025499999355815817,1,held_reference,0,0,4294967295,4294967295,1,8,0.99999910593032837,0,0,0,0.99999927070196981,1.0000007498774528,1.8771406608397488e-09,0.0030301425631478196,-0.0026074900524690747,0.00010522661193590466,3.0989070653049541e-07,relaxation,1.8771406608397488e-09,3.805419760923596e-05,1.6064785416267173e-14,0.00097555859247222543,2.3207646790979197e-06,0,0,0,1,1,1,-4.8827249338482003e-14,24
102,0.0025749999349500285,0,bent,0,0,4294967295,4294967295,1,10,0.99857282638549805,0,0,0,0.99857284145796299,1.0013211804769575,3.1006554048276937e-06,0.42451195418834686,-0.0028098426409997046,1.0128137866049656,0.018526205077007415,relaxation,3.1006554048276937e-06,0.0043638936273029706,2.8030153223263481e-10,0.12478954344987869,1.8300814190297388e-05,0,0,0,1,1,1,-4.8827249338482003e-14,24
102,0.0025749999349500285,1,held_reference,0,0,4294967295,4294967295,1,6,0.99999910593032837,0,0,0,0.99999927070196981,1.0000007498774528,1.8771406608397488e-09,0.0030624063911091071,-0.0050128547154599801,9.9099637253630135e-05,2.5621750214486322e-07,relaxation,1.8771406608397488e-09,4.8751084045183839e-05,1.3970119709269135e-14,0.00097555859247222543,2.1189789549680427e-06,0,0,0,1,1,1,-4.8827249338482003e-14,24
103,0.0025999999343184754,0,bent,0,0,4294967295,4294967295,1,10,0.99860298633575439,0,0,0,0.99860290616330072,1.0012987417159671,3.0530441935884502e-06,0.51240000128746033,-0.046363590197870508,0.98371787869837135,0.018044554387718442,relaxation,3.0530441935884502e-06,0.0024874452477147632,9.4406004500946105e-11,0.12021590769290924,1.7471911633037962e-05,0,0,0,1,1,1,-4.8827249338482003e-14,24
103,0.0025999999343184754,1,held_reference,0,0,4294967295,4294967295,1,7,0.99999910593032837,0,0,0,0.99999927070196981,1.0000007498774528,1.8771406608397488e-09,0.0030301425103971269,-0.0026189986092504114,0.00010515300363067581,3.0986113789185723e-07,relaxation,1.8771406608397488e-09,3.6304181620646463e-05,1.4298347920899955e-14,0.0010074430610984564,2.0558650248858612e-06,0,0,0,1,1,1,-4.8827249338482003e-14,24
104,0.0026249999336869223,0,bent,0,0,4294967295,4294967295,1,10,0.99862855672836304,0,0,0,0.99862857050581189,1.0012649408451499,2.9910564146858058e-06,0.47578944265842438,-0.01085827627684921,0.95756639540195465,0.017618726843461389,relaxation,2.9910564146858058e-06,0.0031082250408138957,1.4789977825233213e-10,0.11924055218696594,1.734513534756843e-05,0,0,0,1,1,1,-4.8827249338482003e-14,24
104,0.0026249999336869223,1,held_reference,0,0,4294967295,4294967295,1,7,0.99999910593032837,0,0,0,0.99999927070196981,1.0000007498774528,1.8771406608397488e-09,0.0030624063438153826,-0.0052734328201040626,9.9170044222773868e-05,2.5624576200425487e-07,relaxation,1.8771406608397488e-09,3.62663437437258e-05,1.4056896696732695e-14,0.0010074430610984564,2.1980652036290849e-06,0,0,0,1,1,1,-4.8827249338482003e-14,24
105,0.0026499999330553692,0,bent,0,0,4294967295,4294967295,1,10,0.99865740537643433,0,0,0,0.99865742655471568,1.0012369549034086,2.9394829664168938e-06,0.39543235301971436,-0.034959551063366234,0.94344077724963427,0.017346504101872443,relaxation,2.9394829664168938e-06,0.002650290523691846,1.0934052120135673e-10,0.11452540755271912,1.6866413716343231e-05,0,0,0,1,1,1,-4.8827249338482003e-14,24
105,0.0026499999330553692,1,held_reference,0,0,4294967295,4294967295,1,6,0.99999910593032837,0,0,0,0.99999927070196981,1.0000007498774528,1.8771406608397488e-09,0.0030301425176730845,-0.0027824012213386595,0.00010526352329520705,3.0990533886142629e-07,relaxation,1.8771406608397488e-09,3.6589870340427432e-05,1.3319373763161975e-14,0.0010074430610984564,2.0998777472414076e-06,0,0,0,1,1,1,-4.8827249338482003e-14,24
106,0.0026749999324238161,0,bent,0,0,4294967295,4294967295,1,10,0.99867808818817139,0,0,0,0.99867813028535923,1.0012079961440581,2.8921682739427282e-06,0.44082373380661011,-0.014940411085262895,0.92148192040622234,0.017003884364783766,relaxation,2.8921682739427282e-06,0.0024046294151622918,9.205117040141387e-11,0.11319555342197418,1.6417603546869941e-05,0,0,0,1,1,1,-4.8827249338482003e-14,24
106,0.0026749999324238161,1,held_reference,0,0,4294967295,4294967295,1,7,0.99999910593032837,0,0,0,0.99999927070196981,1.0000007498774528,1.8771406608397488e-09,0.003062406354729319,-0.0052877017587888986,9.923874418404921e-05,2.5627310170602804e-07,relaxation,1.8771406608397488e-09,3.6274882246032413e-05,1.4114339788995765e-14,0.0010074430610984564,2.1097960143379169e-06,0,0,0,1,1,1,-4.8827249338482003e-14,24
107,0.0026999999317922629,0,bent,0,0,4294967295,4294967295,1,10,0.99870043992996216,0,0,0,0.99870047925780625,1.0011772871613518,2.844216840038689e-06,0.37212526798248291,-0.034494906547479331,0.89730037259869277,0.016660537199139593,relaxation,2.844216840038689e-06,0.0024078001726934774,9.3992676138885625e-11,0.10980231314897537,1.6389836673624814e-05,0,0,0,1,1,1,-4.8827249338482003e-14,24
107,0.0026999999317922629,1,held_reference,0,0,4294967295,4294967295,1,7,0.99999910593032837,0,0,0,0.99999927070196981,1.0000007498774528,1.8771406608397488e-09,0.0030301424603749183,-0.0026613644149620086,0.00010529565443562205,3.0991806392830743e-07,relaxation,1.8771406608397488e-09,3.6338298721909855e-05,1.4708977346618596e-14,0.00091346754925325513,2.131800783899962e-06,0,0,0,1,1,1,-4.8827249338482003e-14,24
108,0.0027249999311607098,0,bent,0,0,4294967295,4294967295,1,10,0.99873262643814087,0,0,0,0.99873256462155946,1.0011549267374271,2.7961018202937519e-06,0.45163917541503906,-0.015828719828277826,0.87981448543723673,0.016404800816774371,relaxation,2.7961018202937519e-06,0.0024418822025743673,9.7556783834994285e-11,0.10786071419715881,1.6434642020612955e-05,0,0,0,1,1,1,-4.8827249338482003e-14,24
108,0.0027249999311607098,1,held_reference,0,0,4294967295,4294967295,1,7,0.99999910593032837,0,0,0,0.99999927070196981,1.0000007498774528,1.8771406608397488e-09,0.0030624062965216581,-0.0052405369497137144,9.9293620365870083e-05,2.5629505457618489e-07,relaxation,1.8771406608397488e-09,3.6289657263997383e-05,1.4391837782537923e-14,0.0010074430610984564,2.1006683255109238e-06,0,0,0,1,1,1,-4.8827249338482003e-14,24
109,0.0027499999305291567,0,bent,0,0,4294967295,4294967295,1,10,0.99874001741409302,0,0,0,0.99874003101675835,1.0011566556110123,2.7623316833637732e-06,0.34229527413845062,-0.016908256890019402,0.86880162105080672,0.016123622188702228,relaxation,2.7623316833637732e-06,0.0017160215283358626,4.9193290178781867e-11,0.10522843152284622,1.5775794963701628e-05,0,0,0,1,1,1,-4.8827249338482003e-14,24
109,0.0027499999305291567,1,held_reference,0,0,4294967295,4294967295,1,7,0.99999910593032837,0,0,0,0.99999927070196981,1.0000007498774528,1.8771406608397488e-09,0.003030142461284413,-0.0026565191510599107,0.00010538773670987212,3.0995500173048627e-07,relaxation,1.8771406608397488e-09,3.6324154780928627e-05,1.4099661538505682e-14,0.0010074430610984564,2.1103180642967345e-06,0,0,0,1,1,1,-4.8827249338482003e-14,24
110,0.0027749999298976036,0,bent,0,0,4294967295,4294967295,1,10,0.9987722635269165,0,0,0,0.99877230507820969,1.0011463080248295,2.7096218916038038e-06,0.45591644942760468,-0.036303390632383525,0.84120666910894215,0.015747423422530292,relaxation,2.7096218916038038e-06,0.0026833000930929531,1.2075131734158705e-10,0.10406588017940521,1.5130440260691103e-05,0,0,0,1,1,1,-4.8827249338482003e-14,24
110,0.0027749999298976036,1,held_reference,0,0,4294967295,4294967295,1,7,0.99999910593032837,0,0,0,0.99999927070196981,1.0000007498774528,1.8771406608397488e-09,0.0030624064384028316,-0.0052176958124618977,9.9406789871636647e-05,2.5634027375417671e-07,relaxation,1.8771406608397488e-09,3.6254862036278808e-05,1.4528309056556907e-14,0.0010074430610984564,2.1447033304866636e-06,0,0,0,1,1,1,-4.8827249338482003e-14,24
111,0.0027999999292660505,0,bent,0,0,4294967295,4294967295,1,10,0.99878621101379395,0,0,0,0.99878618403700015,1.001149028948888,2.6753680454866415e-06,0.35898259282112122,-0.01587572053540498,0.82451286725699902,0.015439649320334196,relaxation,2.6753680454866415e-06,0.0017496823990004039,5.2630086519884664e-11,0.1012629047036171,1.5211098798317835e-05,0,0,0,1,1,1,-4.8827249338482003e-14,24
111,0.0027999999292660505,1,held_reference,0,0,4294967295,4294967295,1,7,0.99999910593032837,0,0,0,0.99999927070196981,1.0000007498774528,1.8771406608397488e-09,0.0030301424931167276,-0.0026054347545141354,0.00010551779274692308,3.1000697494073368e-07,relaxation,1.8771406608397488e-09,3.6344767621401626e-05,1.4614681712106961e-14,0.0010074430610984564,2.1096816453791689e-06,0,0,0,1,1,1,-4.8827249338482003e-14,24
112,0.0028249999286344973,0,bent,0,0,4294967295,4294967295,1,10,0.99880105257034302,0,0,0,0.99880113208122334,1.0011438496549805,2.6401253836061611e-06,0.36224795877933502,-0.023661426734179258,0.80696928221732378,0.015353868219956759,relaxation,2.6401253836061611e-06,0.0017936900770408701,5.6413695709339644e-11,0.099134810268878937,1.4795034076087177e-05,0,0,0,1,1,1,-4.8827249338482003e-14,24
112,0.0028249999286344973,1,held_reference,0,0,4294967295,4294967295,1,6,0.99999910593032837,0,0,0,0.99999927070196981,1.0000007498774528,1.8771406608397488e-09,0.0030624063656432554,-0.0049387186300009489,9.9181994443142685e-05,2.5625061055325188e-07,relaxation,1.8771406608397488e-09,3.6494563749894247e-05,1.264254837038913e-14,0.0010074430610984564,2.1372829905885737e-06,0,0,0,1,1,1,-4.8827249338482003e-14,24
113,0.0028499999280029442,0,bent,0,0,4294967295,4294967295,1,10,0.99881714582443237,0,0,0,0.99881714558630075,1.001136994187829,2.6039019727580815e-06,0.36167503893375397,-0.01942773291375488,0.79842856945469975,0.014937359636709096,relaxation,2.6039019727580815e-06,0.0018059213220661104,5.7631947663146702e-11,0.097925812005996704,1.467995662096655e-05,0,0,0,1,1,1,-4.8827249338482003e-14,24
113,0.0028499999280029442,1,held_reference,0,0,4294967295,4294967295,1,7,0.99999910593032837,0,0,0,0.99999927070196981,1.0000007498774528,1.8771406608397488e-09,0.0030301424640128971,-0.0025325710885226727,0.00010504865051075285,3.0981959401015017e-07,relaxation,1.8771406608397488e-09,3.6300429121632178e-05,1.4424101159841041e-14,0.0010074430610984564,2.1346954781620298e-06,0,0,0,1,1,1,-4.8827249338482003e-14,24
114,0.0028749999273713911,0,bent,0,0,4294967295,4294967295,1,10,0.99884682893753052,0,0,0,0.99884685858530942,1.0011363766467385,2.5680122311230127e-06,0.30070182681083679,-0.02231200656387955,0.7876948332414031,0.014809917556852096,relaxation,2.5680122311230127e-06,0.0018265183702255172,6.0336572307352056e-11,0.096027672290802002,1.462276850361377e-05,0,0,0,1,1,1,-4.8827249338482003e-14,24
114,0.0028749999273713911,1,held_reference,0,0,4294967295,4294967295,1,7,0.99999910593032837,0,0,0,0.99999927070196981,1.0000007498774528,1.8771406608397488e-09,0.0030624064711446408,-0.0051312915602466092,9.8926724746206673e-05,2.5614817929090323e-07,relaxation,1.8771406608397488e-09,3.6318104070193571e-05,1.4097963714452194e-14,0.0010074430610984564,2.147263330698479e-06,0,0,0,1,1,1,-4.8827249338482003e-14,24
115,0.002899999926739838,0,bent,0,0,4294967295,4294967295,1,10,0.99885827302932739,0,0,0,0.99885822527237345,1.0011266828110772,2.5413445023401731e-06,0.31261290609836578,-0.023425518302246928,0.77517857495695353,0.014694521039173007,relaxation,2.5413445023401731e-06,0.0013666964019059045,3.3978047084493073e-11,0.094071485102176666,1.455054461985128e-05,0,0,0,1,1,1,-4.8827249338482003e-14,24
115,0.002899999926739838,1,held_reference,0,0,4294967295,4294967295,1,7,0.99999910593032837,0,0,0,0.99999927070196981,1.0000007498774528,1.8771406608397488e-09,0.0030301424158096779,-0.0025682130944915116,0.00010493351598483969,3.097733061404139e-07,relaxation,1.8771406608397488e-09,3.6325548487100724e-05,1.4483138526100544e-14,0.0010074430610984564,2.0948739347659284e-06,0,0,0,1,1,1,-4.8827249338482003e-14,24
116,0.0029249999261082849,0,bent,0,0,4294967295,4294967295,1,10,0.99886751174926758,0,0,0,0.99886748791354474,1.0011293662554677,2.5085931305130532e-06,0.35606729984283447,-0.022890434018336236,0.76146940235048532,0.014289325746774672,relaxation,2.5085931305130532e-06,0.0016344215978044967,4.8868620308997292e-11,0.092518545687198639,1.4154897144180723e-05,0,0,0,1,1,1,-4.8827249338482003e-14,24
116,0.0029249999261082849,1,held_reference,0,0,4294967295,4294967295,1,7,0.99999910593032837,0,0,0,0.99999927070196981,1.0000007498774528,1.8771406608397488e-09,0.003062406345634372,-0.0051986931066494435,9.8932557648367947e-05,2.561507590035033e-07,relaxation,1.8771406608397488e-09,3.6338269697097693e-05,1.4632061507344224e-14,0.0010074430610984564,2.1811374608660117e-06,0,0,0,1,1,1,-4.8827249338482003e-14,24
117,0.0029499999254767317,0,bent,0,0,4294967295,4294967295,1,10,0.99888670444488525,0,0,0,0.99888672929734357,1.0011241986104038,2.4766633336611679e-06,0.30156451463699341,-0.024597654992248863,0.75355950742959976,0.014222343675613402,relaxation,2.4766633336611679e-06,0.0016279328127451586,4.8842052134644801e-11,0.091325856745243073,1.3453518477035686e-05,0,0,0,1,1,1,-4.8827249338482003e-14,24
117,0.0029499999254767317,1,held_reference,0,0,4294967295,4294967295,1,7,0.99999910593032837,0,0,0,0.99999927070196981,1.0000007498774528,1.8771406608397488e-09,0.003030142564966809,-0.0026140870759263635,0.00010502763007025351,3.0981100739154484e-07,relaxation,1.8771406608397488e-09,3.6247615973114116e-05,1.4342939367415582e-14,0.0010074430610984564,2.1662779090547701e-06,0,0,0,1,1,1,-4.8827249338482003e-14,24
118,0.0029749999248451786,0,bent,0,0,4294967295,4294967295,1,10,0.99890851974487305,0,0,0,0.99890847949831485,1.0011286677592486,2.4506664027134681e-06,0.2383037656545639,-0.022847973625175655,0.74372848682105541,0.013941284972384572,relaxation,2.4506664027134681e-06,0.0013159853365161559,3.2679607172918336e-11,0.089545935392379761,1.3775477782473899e-05,0,0,0,1,1,1,-4.8827249338482003e-14,24
118,0.0029749999248451786,1,held_reference,0,0,4294967295,4294967295,1,7,0.99999910593032837,0,0,0,0.99999927070196981,1.0000006992321706,1.8771406608397488e-09,0.0030624064056610223,-0.0051285480731166899,9.8980989434949151e-05,2.5617013709415879e-07,relaxation,1.8771406608397488e-09,3.6283437098166233e-05,1.4378984186060459e-14,0.0010074430610984564,2.1182042928558076e-06,0,0,0,1,1,1,-4.8827249338482003e-14,24
119,0.0029999999242136255,0,bent,0,0,4294967295,4294967295,1,10,0.99891692399978638,0,0,0,0.99891691296659346,1.001121820631752,2.4197368315299425e-06,0.30990338325500488,-0.024775589816272259,0.73685761820524931,0.013791394728899,relaxation,2.4197368315299425e-06,0.0015605155145524065,4.537879396374197e-11,0.087630487978458405,1.3912893336964771e-05,0,0,0,1,1,1,-4.8827249338482003e-14,24
119,0.0029999999242136255,1,held_reference,0,0,4294967295,4294967295,1,8,0.99999910593032837,0,0,0,0.99999927070196981,1.0000007498774528,1.8771406608397488e-09,0.003030142504030664,-0.0024594755086582154,0.00010524526373956178,3.0989818924263082e-07,relaxation,1.8771406608397488e-09,3.7144876851406902e-05,1.5609828196834969e-14,0.0010074430610984564,2.1583284706139239e-06,0,0,0,1,1,1,-4.8827249338482003e-14,24
120,0.0030249999235820724,0,bent,0,0,4294967295,4294967295,1,10,0.99892866611480713,0,0,0,0.99892864196620168,1.001120077642508,2.3962099585173516e-06,0.25956381857395172,-0.021107172593474388,0.7341395290568471,0.013630015661224723,relaxation,2.3962099585173516e-06,0.0011542905438706853,2.5253736896146148e-11,0.087114721536636353,1.3889010006096214e-05,0,0,0,1,1,1,-4.8827249338482003e-14,24
120,0.0030249999235820724,1,held_reference,0,0,4294967295,4294967295,1,6,0.99999910593032837,0,0,0,0.99999927070196981,1.0000007498774528,1.8771406608397488e-09,0.0030624063183495309,-0.004885394184384495,9.9141252235313004e-05,2.5623427914615556e-07,relaxation,1.8771406608397488e-09,3.6504145296125054e-05,1.2918834052783395e-14,0.0010074430610984564,2.1654491320077796e-06,0,0,0,1,1,1,-4.8827249338482003e-14,24
121,0.0030499999229505192,0,bent,0,0,4294967295,4294967295,1,10,0.99894863367080688,0,0,0,0.99894860356397963,1.0011166273688337,2.3690621420991261e-06,0.27299583703279495,-0.025357456528581679,0.71316275233402848,0.013387224258296191,relaxation,2.3690621420991261e-06,0.0013697953901789684,3.5699001334327749e-11,0.085332684218883514,1.3573153410106897e-05,0,0,0,1,1,1,-4.8827249338482003e-14,24
121,0.0030499999229505192,1,held_reference,0,0,4294967295,4294967295,1,7,0.99999910593032837,0,0,0,0.99999927070196981,1.0000007021186745,1.8771406608397488e-09,0.0030301425304060103,-0.0025140580837614834,0.00010520619426301892,3.0988237650126389e-07,relaxation,1.8771406608397488e-09,3.6218634083005867e-05,1.4149103080511122e-14,0.0010074430610984564,2.0849497559538577e-06,0,0,0,1,1,1,-4.8827249338482003e-14,24
122,0.0030749999223189661,0,bent,0,0,4294967295,4294967295,1,10,0.99895119667053223,0,0,0,0.99895116983138321,1.0011131880234414,2.3483484894984967e-06,0.22770145535469055,-0.012531917658634484,0.71601230977103114,0.013457677458912133,relaxation,2.3483484894984967e-06,0.0010215994354645806,1.9912459949956401e-11,0.085098452866077423,1.3310534995980561e-05,0,0,0,1,1,1,-4.8827249338482003e-14,24
122,0.0030749999223189661,1,held_reference,0,0,4294967295,4294967295,1,8,0.99999910593032837,0,0,0,0.99999927070196981,1.0000007498774528,1.8771406608397488e-09,0.0030624064238509163,-0.0052374648803379387,9.9394792641760432e-05,2.5633549769554476e-07,relaxation,1.8771406608397488e-09,3.6799219337886352e-05,1.5433985554254343e-14,0.0010074430610984564,2.2223330233828165e-06,0,0,0,1,1,1,-4.8827249338482003e-14,24
123,0.003099999921687413,0,bent,0,0,4294967295,4294967295,1,10,0.9989699125289917,0,0,0,0.99896981052846601,1.0011096454537771,2.3235062947719228e-06,0.22438566386699677,-0.024920946918427944,0.70789115829393268,0.013219364245370031,relaxation,2.3235062947719228e-06,0.0012907050007164276,3.2465707897293904e-11,0.083046123385429382,1.2627258001884911e-05,0,0,0,1,1,1,-4.8827249338482003e-14,24
123,0.003099999921687413,1,held_reference,0,0,4294967295,4294967295,1,7,0.99999910593032837,0,0,0,0.99999927070196981,1.0000006972924627,1.8771406608397488e-09,0.0030301424731078441,-0.0026028113788925111,0.00010478699124405466,3.0971469047381075e-07,relaxation,1.8771406608397488e-09,3.6259057108236529e-05,1.4775565199409533e-14,0.0010074430610984564,2.0831521396758035e-06,0,0,0,1,1,1,-4.8827249338482003e-14,24
124,0.0031249999210558599,0,bent,0,0,4294967295,4294967295,1,10,0.99898332357406616,0,0,0,0.99898329026024413,1.0011078809775635,2.3004989128169092e-06,0.28861530870199203,-0.021414914022898301,0.69575913297012448,0.013096266188301146,relaxation,2.3004989128169092e-06,0.001134745105844989,2.5187327136171194e-11,0.08235594630241394,1.3115376532368828e-05,0,0,0,1,1,1,-4.8827249338482003e-14,24
124,0.0031249999210558599,1,held_reference,0,0,4294967295,4294967295,1,7,0.99999910593032837,0,0,0,0.99999927070196981,1.0000006567451234,1.8771406608397488e-09,0.0030301425103971269,-0.0029587254684884101,0.00010469842095517379,3.0967940988557499e-07,relaxation,1.8771406608397488e-09,3.622735391578698e-05,1.3610160153620308e-14,0.0010074430610984564,2.1658149762515677e-06,0,0,0,1,1,1,-4.8827249338482003e-14,24
125,0.0031499999204243068,0,bent,0,0,4294967295,4294967295,1,10,0.9989926815032959,0,0,0,0.99899279523844942,1.0011123854159807,2.2781279080660189e-06,0.22938743233680725,-0.024389714701101184,0.68695182027295232,0.012884691383510829,relaxation,2.2781279080660189e-06,0.001117539423879758,2.4887514834000656e-11,0.081479020416736603,1.2379700820019934e-05,0,0,0,1,1,1,-4.8827249338482003e-14,24
125,0.0031499999204243068,1,held_reference,0,0,4294967295,4294967295,1,7,0.99999910593032837,0,0,0,0.99999927070196981,1.0000007498774528,1.8771406608397488e-09,0.0030301424849312752,-0.0043751433804573026,0.00010467680442616256,3.0967057829548112e-07,relaxation,1.8771406608397488e-09,3.6253095061422946e-05,1.3941768618032078e-14,0.0010074430610984564,2.1373227809817763e-06,0,0,0,1,1,1,-4.8827249338482003e-14,24
126,0.0031749999197927536,0,bent,0,0,4294967295,4294967295,1,10,0.99900197982788086,0,0,0,0.99900199927660982,1.0011106249890858,2.2564260468276608e-06,0.24246183037757874,-0.02146660556900315,0.68389771739020944,0.01268820419988036,relaxation,2.2564260468276608e-06,0.001089293602718645,2.3845129813836538e-11,0.079911500215530396,1.3150419363228139e-05,0,0,0,1,1,1,-4.8827249338482003e-14,24
126,0.0031749999197927536,1,held_reference,0,0,4294967295,4294967295,1,7,0.99999910593032837,0,0,0,0.99999927070196981,1.0000007025109861,1.8771406608397488e-09,0.0030301424767458229,-0.0028329935666988604,0.00010471685342849923,3.0968674157429591e-07,relaxation,1.8771406608397488e-09,3.6240978092147089e-05,1.4143445847648036e-14,0.0010074430610984564,2.1789810489281081e-06,0,0,0,1,1,1,-4.8827249338482003e-14,24
127,0.0031999999191612005,0,bent,0,0,4294967295,4294967295,1,10,0.99901115894317627,0,0,0,0.99901118934936928,1.0011151105036724,2.2398270284163895e-06,0.26509599387645721,-0.025839516194537282,0.6744828256778419,0.012652483555331826,relaxation,2.2398270284163895e-06,0.00086382367815093536,1.4796814090931244e-11,0.079307906329631805,1.2686418813245837e-05,0,0,0,1,1,1,-4.8827249338482003e-14,24
127,0.0031999999191612005,1,held_reference,0,0,4294967295,4294967295,1,6,0.99999910593032837,0,0,0,0.99999927070196981,1.0000006567451234,1.8771406608397488e-09,0.0030301424940262223,-0.0042178756975772558,0.00010474913409552755,3.0969972121783916e-07,relaxation,1.8771406608397488e-09,3.6549424376865055e-05,1.258898063935395e-14,0.0010074430610984564,2.1443267996801296e-06,0,0,0,1,1,1,-4.8827249338482003e-14,24
128,0.0032249999185296474,0,bent,0,0,4294967295,4294967295,1,10,0.9990236759185791,0,0,0,0.99902369311119688,1.0011133541374728,2.2189664769884855e-06,0.26702259480953217,-0.020558130781864747,0.67233206331729889,0.012545565750613809,relaxation,2.2189664769884855e-06,0.0010395865342776708,2.1851395562364318e-11,0.078401170670986176,1.228555993293412e-05,0,0,0,1,1,1,-4.8827249338482003e-14,24
128,0.0032249999185296474,1,held_reference,0,0,4294967295,4294967295,1,7,0.99999910593032837,0,0,0,0.99999927070196981,1.0000006937829455,1.8771406608397488e-09,0.0030301425185825792,-0.0027734301838790998,0.00010479613032998714,3.0971838092500519e-07,relaxation,1.8771406608397488e-09,3.6264940108687909e-05,1.3874146690341518e-14,0.0010074430610984564,2.1808666588185588e-06,0,0,0,1,1,1,-4.8827249338482003e-14,24
129,0.0032499999178980943,0,bent,0,0,4294967295,4294967295,1,10,0.99902898073196411,0,0,0,0.99902894410563414,1.0011099462513171,2.2023723312636847e-06,0.24800096452236176,-0.024893966969102621,0.66497073508799076,0.012344923693016171,relaxation,2.2023723312636847e-06,0.00082990151238573841,1.4115778338765693e-11,0.077657788991928101,1.2628234799194615e-05,0,0,0,1,1,1,-4.8827249338482003e-14,24
129,0.0032499999178980943,1,held_reference,0,0,4294967295,4294967295,1,6,0.99999910593032837,0,0,0,0.99999927070196981,1.0000006567451234,1.8771406608397488e-09,0.0030301424030767521,-0.0041686298263812205,0.00010477440773115632,3.0970977499418916e-07,relaxation,1.8771406608397488e-09,3.6515685438949379e-05,1.2763991015648216e-14,0.0010074430610984564,2.1155722151888767e-06,0,0,0,1,1,1,-4.8827249338482003e-14,24
130,0.0032749999172665412,0,bent,0,0,4294967295,4294967295,1,10,0.99904841184616089,0,0,0,0.99904841091605312,1.0011065351504971,2.1829788054447209e-06,0.18887971341609955,-0.020577539631631225,0.66027013352140784,0.012296679408058524,relaxation,2.1829788054447209e-06,0.00098226203476008676,1.9218129638633324e-11,0.076563239097595215,1.2769097338605206e-05,0,0,0,1,1,1,-4.8827249338482003e-14,24
130,0.0032749999172665412,1,held_reference,0,0,4294967295,4294967295,1,7,0.99999910593032837,0,0,0,0.99999927070196981,1.0000006567451234,1.8771406608397488e-09,0.0030301425094876322,-0.0027792556356871501,0.00010479798183382627,3.0971890528326131e-07,relaxation,1.8771406608397488e-09,3.6265021236292577e-05,1.3572696127518627e-14,0.0010074430610984564,2.159241148547153e-06,0,0,0,1,1,1,-4.8827249338482003e-14,24
131,0.003299999916634988,0,bent,0,0,4294967295,4294967295,1,10,0.99905264377593994,0,0,0,0.99905269670505625,1.0010968670551368,2.1660529475688229e-06,0.15495495498180389,-0.024248341098427773,0.6585877831093967,0.012267087169811128,relaxation,2.1660529475688229e-06,0.00086795352931586076,1.506463655682004e-11,0.075984783470630646,1.2399752449709922e-05,0,0,0,1,1,1,-4.8827249338482003e-14,24
131,0.003299999916634988,1,held_reference,0,0,4294967295,4294967295,1,7,0.99999910593032837,0,0,0,0.99999927070196981,1.0000006567451234,1.8771406608397488e-09,0.0030301424485514872,-0.004286638864869019,0.00010485205081067761,3.0974077339487847e-07,relaxation,1.8771406608397488e-09,3.6290776964179212e-05,1.3941052388970568e-14,0.0010074430610984564,2.1715709408454131e-06,0,0,0,1,1,1,-4.8827249338482003e-14,24
132,0.0033249999160034349,0,bent,0,0,4294967295,4294967295,1,10,0.9990609884262085,0,0,0,0.99906104540828322,1.0011013756473641,2.1492965846574718e-06,0.16381636261940002,-0.019746981532080099,0.65361618576571345,0.012088180189520122,relaxation,2.1492965846574718e-06,0.00086301884414134548,1.5101690646766661e-11,0.074575766921043396,1.2907420568808448e-05,0,0,0,1,1,1,-4.8827249338482003e-14,24
132,0.0033249999160034349,1,held_reference,0,0,4294967295,4294967295,1,7,0.99999910593032837,0,0,0,0.99999927070196981,1.0000006567451234,1.8771406608397488e-09,0.0030301424458230031,-0.002792454142763745,0.00010490054791034709,3.097603897722362e-07,relaxation,1.8771406608397488e-09,3.6226517270675378e-05,1.38781826031607e-14,0.0010074430610984564,2.1777980236947769e-06,0,0,0,1,1,1,-4.8827249338482003e-14,24
133,0.0033499999153718818,0,bent,0,0,4294967295,4294967295,1,10,0.99907428026199341,0,0,0,0.99907434818196261,1.0010978498825889,2.1309175414904437e-06,0.20786622166633606,-0.023387459572404623,0.64518757490441203,0.012007446659266948,relaxation,2.1309175414904437e-06,0.00090640463277856715,1.663084309906326e-11,0.075063548982143402,1.1528779396030586e-05,0,0,0,1,1,1,-4.8827249338482003e-14,24
133,0.0033499999153718818,1,held_reference,0,0,4294967295,4294967295,1,6,0.99999910593032837,0,0,0,0.99999927070196981,1.0000006567451234,1.8771406608397488e-09,0.0030301425031211693,-0.0042040473708766513,0.00010488956650078762,3.097558925619519e-07,relaxation,1.8771406608397488e-09,3.6615899378636806e-05,1.2625305317922871e-14,0.0010074430610984564,2.1053210730315186e-06,0,0,0,1,1,1,-4.8827249338482003e-14,24
134,0.0033749999147403287,0,bent,0,0,4294967295,4294967295,1,10,0.99907070398330688,0,0,0,0.99907074760125614,1.0010944462036875,2.1134925401892426e-06,0.24968832731246948,-0.020394544641021639,0.63527986267581582,0.011761020259410143,relaxation,2.1134925401892426e-06,0.00091690671096736733,1.7200284748279397e-11,0.07360076904296875,1.2449110727175139e-05,0,0,0,1,1,1,-4.8827249338482003e-14,24
134,0.0033749999147403287,1,held_reference,0,0,4294967295,4294967295,1,8,0.99999910593032837,0,0,0,0.99999927070196981,1.0000006567451234,1.8771406608397488e-09,0.0030301424621939077,-0.0027567351498873904,0.00010506234258400582,3.098249723998376e-07,relaxation,1.8771406608397488e-09,3.6957996555664682e-05,1.5348097726405662e-14,0.0010074430610984564,2.1962721348245395e-06,0,0,0,1,1,1,-4.8827249338482003e-14,24
135,0.0033999999141087756,0,bent,0,0,4294967295,4294967295,1,10,0.99907153844833374,0,0,0,0.99907158993188305,1.0011006425336386,2.0997125975098557e-06,0.18670111894607544,-0.023545450996607542,0.6442151484079659,0.011860777222722767,relaxation,2.0997125975098557e-06,0.00067350372742552974,9.6969125999694824e-12,0.07325492799282074,1.2245242032804526e-05,0,0,0,1,1,1,-4.8827249338482003e-14,24
135,0.0033999999141087756,1,held_reference,0,0,4294967295,4294967295,1,6,0.99999910593032837,0,0,0,0.99999927070196981,1.0000006567451234,1.8794430832027589e-09,0.0030301425103971269,-0.0042029511478176573,0.00010498913977130542,3.0979570078852664e-07,relaxation,1.8794430832027589e-09,3.6554045783559591e-05,1.2829214890112957e-14,0.0010074430610984564,2.1708513031626353e-06,0,0,0,1,1,1,-4.8827249338482003e-14,24
136,0.0034249999134772224,0,bent,0,0,4294967295,4294967295,1,10,0.99907088279724121,0,0,0,0.99907095499087251,1.0010989166866626,2.0829645152748655e-06,0.15191085636615753,-0.019999792944872752,0.62623288249596953,0.011616644695386289,relaxation,2.0829645152748655e-06,0.00084430081786198894,1.5070764518731164e-11,0.071842260658740997,1.2211683497298509e-05,0,0,0,1,1,1,-4.8827249338482003e-14,24
136,0.0034249999134772224,1,held_reference,0,0,4294967295,4294967295,1,7,0.99999910593032837,0,0,0,0.99999927070196981,1.0000006567451234,1.8874196315357757e-09,0.0030301424640128971,-0.0027764014739659615,0.00010499036366695691,3.0979618105538934e-07,relaxation,1.8874196315357757e-09,3.6241878734267257e-05,1.3836681385732493e-14,0.0010074430610984564,2.0981503894290654e-06,0,0,0,1,1,1,-4.8827249338482003e-14,24
137,0.0034499999128456693,0,bent,0,0,4294967295,4294967295,1,10,0.99906551837921143,0,0,0,0.99906557402443441,1.0010971692547397,2.0665561068656965e-06,0.17086102068424225,-0.024903465062379837,0.62817926704883575,0.011576800397589801,relaxation,2.0665561068656965e-06,0.00077756731669150446,1.2944489179876847e-11,0.07218652218580246,1.2237579539942089e-05,0,0,0,1,1,1,-4.8827249338482003e-14,24
137,0.0034499999128456693,1,held_reference,0,0,4294967295,4294967295,1,8,0.99999910593032837,0,0,0,0.99999927070196981,1.0000006567451234,1.8972734791472605e-09,0.0030301424831122858,-0.0043294254210195504,0.00010523432251829945,3.0989370735733226e-07,relaxation,1.8972734791472605e-09,3.6964968212302759e-05,1.5292358239369481e-14,0.0010074430610984564,2.2025492398825008e-06,0,0,0,1,1,1,-4.8827249338482003e-14,24
138,0.0034749999122141162,0,bent,0,0,4294967295,4294967295,1,10,0.99906444549560547,0,0,0,0.99906451414513364,1.0010954719660792,2.0521077429569814e-06,0.18910540640354156,-0.019215975989936851,0.61620816169306636,0.011467207205966114,relaxation,2.0521077429569814e-06,0.00071252795458185705,1.0952748878743567e-11,0.070364035665988922,1.1776104656746611e-05,0,0,0,1,1,1,-4.8827249338482003e-14,24
138,0.0034749999122141162,1,held_reference,0,0,4294967295,4294967295,1,6,0.99999910593032837,0,0,0,0.99999927070196981,1.0000006567451234,1.9049905630656679e-09,0.0030301425122161163,-0.0028134741587564349,0.00010494435261421131,3.0977777808766357e-07,relaxation,1.9049905630656679e-09,3.6503698213245263e-05,1.2899308783224632e-14,0.00097555859247222543,2.1297228158800863e-06,0,0,0,1,1,1,-4.8827249338482003e-14,24
139,0.0034999999115825631,0,bent,0,0,4294967295,4294967295,1,10,0.99906438589096069,0,0,0,0.99906443314621285,1.0010937281768779,2.0371535627685774e-06,0.19331352412700653,-0.024503557477146387,0.6224509933963418,0.011441138464227316,relaxation,2.0371535627685774e-06,0.00078005563936289226,1.3108383664843946e-11,0.070450015366077423,1.1838233149319421e-05,0,0,0,1,1,1,-4.8827249338482003e-14,24
139,0.0034999999115825631,1,held_reference,0,0,4294967295,4294967295,1,7,0.99999910593032837,0,0,0,0.99999927070196981,1.0000006567451234,1.9159202188228863e-09,0.0030301424758363282,-0.0043260678360184102,0.00010475398420339843,3.0970146360232279e-07,relaxation,1.9159202188228863e-09,3.6213181971608281e-05,1.4063968837143485e-14,0.00097555859247222543,2.1300240860000486e-06,0,0,0,1,1,1,-4.8827249338482003e-14,24
140,0.00352499991095101,0,bent,0,0,4294967295,4294967295,1,10,0.99906414747238159,0,0,0,0.99906421891540709,1.0010936839104483,2.0207514281310209e-06,0.16225244104862213,-0.020778173580765724,0.6089969277381897,0.01126342477862537,relaxation,2.0207514281310209e-06,0.00082960923052181413,1.4736218247054534e-11,0.069645434617996216,1.1804517271229997e-05,0,0,0,1,1,1,-4.8827249338482003e-14,24
140,0.00352499991095101,1,held_reference,0,0,4294967295,4294967295,1,7,0.99999910593032837,0,0,0,0.99999927070196981,1.0000006567451234,1.9162632121796683e-09,0.0030301425113066216,-0.0028544443121063523,0.00010470628103576018,3.0968257293261511e-07,relaxation,1.9162632121796683e-09,3.6328624537457552e-05,1.3984413536445396e-14,0.00097555859247222543,2.1938556074019289e-06,0,0,0,1,1,1,-4.8827249338482003e-14,24
141,0.0035499999103194568,0,bent,0,0,4294967295,4294967295,1,10,0.99906438589096069,0,0,0,0.99906442968222164,1.0010981781291042,2.0074936237684945e-06,0.17169219255447388,-0.020030134211992845,0.60383843211457133,0.011249987756609917,relaxation,2.0074936237684945e-06,0.00061512674930404743,8.5257525122127053e-12,0.068508677184581757,1.1599064237088896e-05,0,0,0,1,1,1,-4.8827249338482003e-14,24
141,0.0035499999103194568,1,held_reference,0,0,4294967295,4294967295,1,7,0.99999910593032837,0,0,0,0.99999927070196981,1.0000006567451234,1.9216569368035323e-09,0.0030301425395009574,-0.0043247485655228957,0.00010466838318734517,3.0966709960557578e-07,relaxation,1.9216569368035323e-09,3.6256420699974193e-05,1.382969800617743e-14,0.00097555859247222543,2.1757412014267175e-06,0,0,0,1,1,1,-4.8827249338482003e-14,24
142,0.0035749999096879037,0,bent,0,0,4294967295,4294967295,1,10,0.99906456470489502,0,0,0,0.99906460656843599,1.00108856259849,1.9923678290318923e-06,0.12277483940124512,-0.014762257458642125,0.60498614609241486,0.011087779539763927,relaxation,1.9923678290318923e-06,0.0007750565207269417,1.3179738218170247e-11,0.067918568849563599,1.1895833267772105e-05,0,0,0,1,1,1,-4.8827249338482003e-14,24
142,0.0035749999096879037,1,held_reference,0,0,4294967295,4294967295,1,7,0.99999910593032837,0,0,0,0.99999927070196981,1.0000006567451234,1.9287597787445769e-09,0.0030301425622383249,-0.0028187951611471362,0.00010469389181366751,3.0967762752243258e-07,relaxation,1.9287597787445769e-09,3.6277658088969642e-05,1.4197754546760012e-14,0.00097555859247222543,2.1073838070151396e-06,0,0,0,1,1,1,-4.8827249338482003e-14,24
143,0.0035999999090563506,0,bent,0,0,4294967295,4294967295,1,10,0.99906462430953979,0,0,0,0.99906470821840165,1.0010930570258973,1.980390623787908e-06,0.15831374377012253,-0.010298952693119645,0.59295619977638125,0.011028473301045595,relaxation,1.980390623787908e-06,0.00061208921863205605,8.3860221499270488e-12,0.067477069795131683,1.119263924920233e-05,0,0,0,1,1,1,-4.8827249338482003e-14,24
143,0.0035999999090563506,1,held_reference,0,0,4294967295,4294967295,1,8,0.99999910593032837,0,0,0,0.99999927070196981,1.0000006567451234,1.9384377679476731e-09,0.0030301424376375508,-0.0043997983848385047,0.0001049570429358937,3.0978267219688811e-07,relaxation,1.9384377679476731e-09,3.6851903252734906e-05,1.4858564448553097e-14,0.00097555859247222543,2.2264632661972428e-06,0,0,0,1,1,1,-4.8827249338482003e-14,24
