time_s,lung_volume_ml,airflow_ml_s,alveolar_pa,pleural_pa,diaphragm_mm,rib_mm,PaO2_mmhg,PaCO2_mmhg,SaO2,oxygen_balance_error_stpd_ml,co2_balance_error_stpd_ml,breaths,tidal_ml,lv_mmhg,rv_mmhg,aorta_mmhg,pulmonary_artery_mmhg,lv_ml,rv_ml,blood_ml,blood_error_ml,aortic_ejected_ml,pulmonary_ejected_ml,complete_filling_ejection_cycles,last_lv_stroke_ml,right_atrium_ml,left_atrium_ml,blood_continuity_residual_accum_ml,blood_physical_delta_accum_ml,blood_residual_minus_physical_ml,blood_endpoint_minus_physical_ml,step,min_contact_gap_m,peak_penetration_m,normal_impulse_ns,root_assistance_n,root_assistance_nm,diaphragm_excitation,intercostal_excitation,diaphragm_activation,intercostal_activation
0.0320000015199,2501.77551061,142.527991557,-19.0021724701,-510.20526123,0.0651400983334,0.00245384383015,99.9998245239,39.9999885559,0.972220122814,0.000116415321827,0.000232830643654,0,0,7.01997251006,0.968537610867,82.9080855854,13.1422223964,161.783522344,141.843091114,5150.00056475,0.000931322574615,0,0,0,0,31.1432195303,47.3692743981,0.000160966351359,0.000149157131091,1.18092202683e-05,0.000316504156217,32,-0.000120462682389,0.000120462682389,0.552642822266,0,0,0.0080390907824,0.00502443220466,0.00688632298261,0.00430874852464
0.0640000030398,2508.9699775,294.370343909,-39.2461585999,-533.976989746,0.349380046129,0.00392889603972,99.9998703003,39.9999885559,0.972220122814,0.000116415321827,0.000232830643654,0,0,7.28252564989,1.19427792175,81.0799203666,12.5355524139,164.327662787,146.197620779,5150.00056475,0.000931322574615,0,0,0,0,28.5085789073,46.7301870231,0.000457539783838,0.000442014425062,1.55253587764e-05,2.36468622461e-05,64,-3.65942969438e-06,3.65942969438e-06,0.67789542675,0,0,0.0160578656942,0.010036165826,0.0148772588,0.0093100387603
0.0960000045598,2520.36983147,409.569358453,-54.6047668457,-554.925292969,0.774881899357,0.0166327711195,99.9995498657,39.9999847412,0.972219884396,0.000116415321827,0.000232830643654,0,0,7.51355596872,1.42639414516,79.369113415,12.0099892486,166.566343978,150.675143232,5149.99963343,0.00139698386192,0,0,0,0,25.6469447777,45.7997630292,0.000634777563846,0.000640284270048,-5.50670620214e-06,-0.00110594555736,96,1.69450186149e-06,0,0.673416793346,0,0,0.0240360740572,0.0150225460529,0.0228329002857,0.0142891434953
0.12800000608,2534.99508835,497.685628943,-66.3526382446,-573.844360352,1.27974939346,0.0500246435404,99.9995498657,39.9999694824,0.972219884396,0.000116415321827,0.000232830643654,0,0,10.1069689466,2.29977421726,77.708400908,11.5582328016,167.82694729,153.918823344,5150.00009909,0.00139698386192,0,0,0,0,24.0422505158,45.3042302979,0.000685448493104,0.000782165443525,-9.67169504207e-05,-0.000782165443525,128,1.67655014138e-06,0,0.660920977592,0,0,0.0319535620511,0.0199709758162,0.0307314619422,0.0192323904485
0.1600000076,2552.06669681,564.021873288,-75.1967468262,-591.059265137,1.83805286884,0.101925499737,99.9994125366,39.9999694824,0.972219824791,0.000116415321827,0.000232830643654,0,0,27.805652439,7.37082406691,76.0867956153,11.1814925838,167.82694729,153.957487782,5150.00103042,0.00139698386192,0,0,0,0,24.2486894422,44.9830622529,0.00092088060788,0.000951331458054,-3.04508501747e-05,-2.0008883439e-05,160,1.6584349396e-06,0,0.699457883835,0,0,0.0397903323174,0.0248689576983,0.0385531969368,0.0241273697466
0.19200000912,2570.96951827,613.388489,-81.7784194946,-606.909606934,2.4351940155,0.1681638062,99.999458313,39.9999694824,0.972219824791,0.000116415321827,0.000232830643654,0,0,60.4131895643,15.6105265317,74.5018363975,12.5071678205,167.82694729,148.228995386,5150.00056475,0.00139698386192,0,5.72851740799,0,0,24.3822341872,44.9278450105,0.000855293225133,0.000808540789876,4.67524352565e-05,-0.000342879502568,192,1.54386998474e-06,0,0.704751849174,0,0,0.0475265905261,0.0297041218728,0.0462785586715,0.0289618037641
0.224000010639,2591.22671559,649.621302728,-86.6090621948,-621.672973633,3.06064414978,0.245180249214,99.9994125366,39.9999656677,0.972219824791,0.000116415321827,0.000232830643654,0,0,92.2031870399,21.2664980574,87.2146183268,17.5085503908,155.779038323,128.389030579,5150.00056475,0.00139698386192,12.0479180623,25.5685099546,0,0,25.8316485997,46.120116167,0.000715349168789,0.000751242623664,-3.5893454875e-05,-0.000285581336357,224,-4.08960687537e-07,4.08960687537e-07,0.695693135262,0,0,0.0551427975297,0.03446425125,0.05388822034,0.0337235555053
0.256000012159,2612.46459559,675.376388244,-90.0427932739,-635.520385742,3.70608234406,0.330206602812,99.9993209839,39.999961853,0.972219765186,0.000116415321827,0.000232830643654,0,0,105.959873027,24.1417206693,101.880329135,21.29504105,134.493588121,110.697204946,5150.00056475,0.00139698386192,33.3333700837,43.2603046647,0,0,29.3988960038,48.6991921207,0.0006439538347,0.000693034962751,-4.90811280507e-05,-0.000227373675443,256,1.83411657417e-07,0,0.716523766518,0,0,0.0626197010279,0.0391373150051,0.061363145709,0.038400657475
0.288000013679,2634.38327238,692.735193297,-92.3571090698,-648.582092285,4.3646273613,0.421127617359,99.9990005493,39.9999313354,0.972219526768,0.000116415321827,0.000232830643654,0,0,111.632228344,25.185558804,108.937009523,23.2472923834,119.19260578,98.1066987151,5150.00056475,0.00139698386192,48.6343706143,55.8507708774,0,0,32.8750757035,50.7738695887,0.000331286609256,0.000341970007867,-1.06833986102e-05,0.000123691279441,288,3.79141141593e-07,0,0.695397496223,0,0,0.0699384212494,0.0437115170062,0.0686846226454,0.0429813750088
0.320000015199,2656.73943795,703.142723069,-93.7446670532,-660.931640625,5.03050947189,0.516278922558,99.9992294312,39.9999465942,0.972219705582,0.000116415321827,0.000232830643654,0,0,113.384581675,25.1227264973,111.736357986,23.8641392877,109.479580715,89.7367281141,5150.00056475,0.00139698386192,58.3473811275,64.2207232886,0,0,34.6658271155,51.9822242495,0.00017765305893,0.000120053300634,5.75997582963e-05,0.000345607986674,320,8.57434514501e-08,0,0.7063601017,0,0,0.0770805180073,0.0481753237545,0.0758343189955,0.047454200685
0.352000016719,2679.33099531,707.7769842,-94.3625183105,-672.626831055,5.69876527786,0.614364564419,99.9993209839,39.999961853,0.972219765186,0.000116415321827,0.000232830643654,0,0,112.950051374,24.3953096028,112.042513491,23.6306148676,103.781443613,84.448409325,5150.00056475,0.00139698386192,64.0455109533,69.5090493537,0,0,35.9625046258,53.1056757609,-0.00011749218265,-8.36735125631e-05,-3.38186700866e-05,0.000549334799871,352,-8.85258600647e-07,8.85258600647e-07,0.705427527428,0,0,0.0840279832482,0.0525174923241,0.0827944204211,0.0518079437315
0.384000018239,2701.98634826,707.446888555,-94.3185119629,-683.691467285,6.36501693726,0.714349925518,99.9996414185,39.9999809265,0.972220003605,0.000116415321827,0.000232830643654,0,0,110.942845578,23.2506086957,110.600930302,22.8655520602,101.010235085,81.4505983726,5150.00056475,0.00139698386192,66.8167049298,72.5068748579,0,0,37.0384477719,54.152784287,5.53153634009e-05,6.54836185277e-05,-1.01682551268e-05,0.00040017766878,384,-6.40927339646e-07,6.40927339646e-07,0.704815745354,0,0,0.0907631888986,0.0567269921303,0.0895473435521,0.0560315959156
0.416000019759,2724.5588135,702.816760167,-93.701210022,-694.142211914,7.02539205551,0.815401494503,99.9993209839,39.9999542236,0.972219765186,0.000116415321827,0.000465661287308,0,0,100.197195354,20.4759448762,107.694339148,21.6144471543,100.682598713,80.7842588983,5149.99916777,0.00139698386192,67.1443413012,73.1732070562,1,67.1443413012,37.9641533073,55.0873337488,0.0002058365145,0.000192812876776,1.30236377238e-05,-0.00112413545139,416,-7.75794148922e-07,7.75794148922e-07,0.702477097511,0,0,0.097269102931,0.0607931911945,0.0960761085153,0.0601145103574
0.448000021279,2746.91940285,694.399641361,-92.5790176392,-703.984130859,7.67647171021,0.916792333126,99.9991378784,39.9999504089,0.972219586372,0.000116415321827,0.000465661287308,0,0,68.0785991248,13.1559253035,105.275017,20.3956685105,100.682598713,80.7842588983,5149.99963343,0.00139698386192,67.1443413012,73.1732070562,1,67.1443413012,38.7706932088,55.8829124202,0.000272913525112,0.000274667399935,-1.75387482315e-06,-0.000740328687243,448,-6.59883824028e-07,6.59883824028e-07,0.697375059128,0,0,0.103529304266,0.0647058188915,0.102364331484,0.0640464127064
0.480000022799,2768.9547278,682.64309084,-91.0116119385,-713.221374512,8.31512737274,1.01794135571,99.9991378784,39.9999465942,0.972219586372,0.000116415321827,0.000465661287308,0,0,29.6313565183,4.39357083155,103.024759024,19.3725870848,100.682598713,80.7842588983,5149.99963343,0.00139698386192,67.1443413012,73.1732070562,1,67.1443413012,39.4783201045,56.5513109905,0.000183518367169,0.000216459739022,-3.29413718525e-05,-0.00068212102633,480,-9.9302113199e-08,9.9302113199e-08,0.704103827477,0,0,0.109527975321,0.0684549883008,0.108396165073,0.0678173825145
0.512000024319,2790.56467116,667.95211751,-89.0529708862,-721.858764648,8.93857097626,1.11834096909,99.9986495972,39.9999160767,0.972219228745,0.000116415321827,0.000465661287308,0,0,5.04002511642,-0.765476430796,100.843398306,18.510261654,105.741783045,89.5472403499,5150.00056475,0.00139698386192,67.1443413012,73.1732070562,1,67.1443413012,33.3580937877,53.6834158993,0.000517206999451,0.000527506927028,-1.02999275775e-05,-6.18456397206e-05,512,-2.25429607781e-06,2.25429607781e-06,0.704547047615,0,0,0.115249954164,0.0720312222838,0.114156410098,0.0714179202914
0.544000025839,2811.65912747,650.588190183,-86.7379760742,-729.887023926,9.5443277359,1.21751773357,99.9987411499,39.999912262,0.972219288349,0.000116415321827,0.000465661287308,0,0,3.27090618783,-1.16912574856,98.7140291607,17.6710826547,125.45507343,100.607569038,5150.00196174,0.00186264514923,67.1443413012,73.1732070562,1,67.1443413012,28.1565025944,48.6405479023,0.000549948808715,0.000614818418398,-6.48696096839e-05,0.00124782673083,544,-1.05680283013e-06,1.05680283013e-06,0.697976589203,0,0,0.12068079412,0.0754254981875,0.119630537927,0.0748389288783
0.576000027359,2832.15707168,630.760856438,-84.094543457,-737.294433594,10.1301698685,1.31504666805,99.9986495972,39.9999160767,0.972219228745,0.000116415321827,0.000465661287308,0,0,4.63999517537,-0.865780857396,96.6325423644,16.7767605787,138.721545227,106.459090603,5149.99963343,0.00186264514923,67.1443413012,73.1732070562,1,67.1443413012,27.4122703559,48.1430033688,0.000350144191419,0.000292857293971,5.7286897448e-05,-0.000758518581279,576,-1.48921651544e-06,1.48921651544e-06,0.699689507484,0,0,0.125806763768,0.0786292329431,0.124804697931,0.0780717507005
0.608000028878,2851.98492929,608.797650784,-81.1663589478,-744.088500977,10.6941318512,1.41052627563,99.9985122681,39.9999008179,0.97221916914,0.000116415321827,0.000465661287308,0,0,5.58613577545,-0.648807554993,94.5971360111,15.8883789317,147.889644722,110.644505185,5150.00056475,0.00186264514923,67.1443413012,73.1732070562,1,67.1443413012,27.5205457001,47.9770023958,0.000421624790636,0.000529325916432,-0.000107701125796,-6.36646291241e-05,608,-3.14954309033e-06,3.14954309033e-06,0.707248032093,0,0,0.130614921451,0.0816343352199,0.129665777087,0.0811082199216
0.640000030398,2871.07774056,584.932218771,-77.9845581055,-750.268493652,11.234418869,1.5036252737,99.9985122681,39.9998970032,0.97221916914,0.000116415321827,0.000465661287308,0,0,6.25589031299,-0.465801188653,92.6064403596,15.0468459183,154.379566084,114.174697956,5150.00103042,0.00186264514923,67.1443413012,73.1732070562,1,67.1443413012,27.8566385532,47.9537011415,0.000630183294437,0.000665750121698,-3.55668272611e-05,0.000265572452918,640,-1.77549588898e-06,1.77549588898e-06,0.701635181904,0,0,0.135093137622,0.0844332203269,0.13420149684,0.0839406400919
0.672000031918,2889.37799633,559.315725695,-74.5693130493,-755.826477051,11.7496118546,1.59396147728,99.9988327026,39.9999160767,0.972219407558,0.000116415321827,0.000465661287308,0,0,6.74137480965,-0.299295667678,90.6593713365,14.2723624768,159.083909239,117.386589409,5150.00149608,0.00186264514923,67.1443413012,73.1732070562,1,67.1443413012,28.2634846371,48.0091039208,0.00133201477626,0.00135878508445,-2.67703081924e-05,3.81987774745e-05,672,-2.0189982024e-06,2.0189982024e-06,0.705792486668,0,0,0.139230087399,0.0870188102126,0.138400256634,0.0865618288517
0.704000033438,2906.83330968,532.208185177,-70.9552688599,-760.771362305,12.238451004,1.68119871616,99.9986495972,39.999912262,0.972219228745,0.000116415321827,0.000465661287308,0,0,7.1020759605,-0.142595133689,88.7550206641,13.5726892538,162.579104654,120.409342344,5150.00103042,0.00232830643654,67.1443413012,73.1732070562,1,67.1443413012,28.6879021587,48.1048846268,0.00134237448934,0.00137333699968,-3.09625103334e-05,-0.000442014425062,704,-2.42543501372e-06,2.42543501372e-06,0.70586591959,0,0,0.143015295267,0.0893845707178,0.142251372337,0.0889651253819
0.736000034958,2923.39758016,503.731251229,-67.1586532593,-765.096740723,12.6999464035,1.76498425007,99.9986495972,39.999912262,0.972219228745,0.000116415321827,0.000465661287308,0,0,7.37670315062,0.00705424433461,86.8925020391,12.9484030791,165.240242495,123.296078527,5150.00149608,0.00232830643654,67.1443413012,73.1732070562,1,67.1443413012,29.1102696792,48.2180657855,0.00130814054033,0.00131694832817,-8.80778783241e-06,8.0035533756e-05,736,-2.32776847042e-06,2.32776847042e-06,0.706968486309,0,0,0.146439254284,0.0915245264769,0.145745024085,0.0911444202065
0.768000036478,2939.03192505,474.169268273,-63.2173805237,-768.821472168,13.1333398819,1.84497177601,99.9987411499,39.9999160767,0.972219288349,0.000116415321827,0.000465661287308,0,0,7.59069319115,0.150877573847,85.0708412605,12.3961070673,167.313803104,126.070430269,5150.00196174,0.00232830643654,67.1443413012,73.1732070562,1,67.1443413012,29.523314879,48.335219617,0.00135287986369,0.00136606104206,-1.3181178371e-05,0.000496584107168,768,-1.33583716888e-06,1.33583716888e-06,0.701582551003,0,0,0.149493262172,0.0934332832694,0.148872241378,0.0930941179395
0.800000037998,2953.70188542,443.598051788,-59.1415519714,-771.938842773,13.5380649567,1.9208381176,99.9990005493,39.9999313354,0.972219526768,0.000116415321827,0.000465661287308,0,0,7.7609462732,0.289482869457,83.2891666747,11.9103597927,168.963553733,128.744126414,5150.00103042,0.00232830643654,67.1443413012,73.1732070562,1,67.1443413012,29.924487535,48.4487536596,0.00106527703325,0.00114414433483,-7.88673015784e-05,-0.000212821760215,800,-9.98513996819e-07,9.98513996819e-07,0.705990314484,0,0,0.152169644833,0.0951060205698,0.151624977589,0.0948092788458
0.832000039518,2967.3804529,412.195455283,-54.9548835754,-774.45916748,13.9138183594,1.99224984646,99.9990463257,39.9999465942,0.972219526768,0.000116415321827,0.000465661287308,0,0,7.89887996006,0.423237546178,81.5467531245,11.4849900944,170.300132595,131.324253744,5150.00149608,0.00232830643654,67.1443413012,73.1732070562,1,67.1443413012,30.3131091641,48.5547570861,0.000995231730361,0.00100408215076,-8.85042039656e-06,0.000392901711166,832,5.85173154377e-07,0,0.70606726408,0,0,0.154461607337,0.0965384989977,0.153996065259,0.0962854921818
0.864000041038,2980.04294746,380.118406611,-50.6782951355,-776.391479492,14.2604904175,2.05884623528,99.9990463257,39.9999351501,0.972219526768,0.000116415321827,0.000465661287308,0,0,8.01253003716,0.55288915054,79.8426703578,11.1135988265,171.401406988,133.825233206,5150.00056475,0.00232830643654,67.1443413012,73.1732070562,1,67.1443413012,30.6730398734,48.6463759444,0.00108466063908,0.00112413545139,-3.94748123078e-05,-0.000658474164084,864,1.4583868051e-06,0,0.709789872169,0,0,0.156363338232,0.0977270901203,0.15597936511,0.0975189357996
0.896000042558,2991.67260528,347.643857822,-46.3487091064,-777.764282227,14.5781240463,2.12032485008,99.998916626,39.9999351501,0.972219467163,0.000116415321827,0.000465661287308,0,0,8.12167718113,0.721459069049,78.1761272939,10.7912142673,172.459040186,137.076945975,5150.00103042,0.00232830643654,67.1443413012,73.1732070562,1,67.1443413012,29.7866190522,48.3732655994,0.00147954121177,0.00150976120494,-3.02199931745e-05,-0.000578438630328,896,1.51441486196e-06,0,0.705803215504,0,0,0.157870128751,0.0986688286066,0.15756970644,0.0985064357519
0.928000044078,3002.2545252,314.724078635,-41.9597663879,-778.563964844,14.8670053482,2.17632746696,99.9987411499,39.9999198914,0.972219288349,0.000116415321827,0.000465661287308,0,0,8.23958847231,0.952482978663,76.5464280751,10.5160802912,173.601598362,141.533397255,5150.00196174,0.00232830643654,67.1443413012,73.1732070562,1,67.1443413012,27.2023517027,47.5518827443,0.00126806237732,0.00121872290038,4.93394769485e-05,0.000643922248855,928,1.52460211211e-06,0,0.70560336113,0,0,0.158978074789,0.0993612930179,0.158762767911,0.0992454141378
0.960000045598,3011.77916117,281.565997284,-37.5390510559,-778.813476562,15.1274652481,2.22654438019,99.9988327026,39.9999237061,0.972219407558,0.000116415321827,0.000465661287308,0,0,8.35725896003,1.18239271447,74.9527230221,10.284944678,174.741828232,145.968355355,5150.00149608,0.00232830643654,67.1443413012,73.1732070562,1,67.1443413012,24.6570289164,46.5030134364,0.0014707198237,0.00144245859701,2.82612266922e-05,-4.54747350886e-05,960,1.38048494591e-06,0,0.707008123398,0,0,0.159684419632,0.09980276227,0.159555435181,0.0997339114547
0.992000047117,3020.2397611,248.243421083,-33.0964050293,-778.519348145,15.360042572,2.27064466476,99.9987411499,39.9999198914,0.972219288349,0.000116415321827,0.000465661287308,0,0,13.5662305937,2.6358825136,73.3943968501,10.0930517885,175.141336513,148.540289956,5150.00149608,0.00232830643654,67.1443413012,73.1732070562,1,67.1443413012,23.7706026383,45.8642753074,0.00120100313028,0.00129148247652,-9.04793462375e-05,0.000105501385406,992,8.01791884442e-07,0,0.706268250942,0,0,0.159987390041,0.0999921187758,0.15994541347,0.0999706089497
1.02400004864,3027.63376385,215.169216972,-28.6868743896,-777.735351562,15.5653476715,2.30833888054,99.9988327026,39.9999198914,0.972219407558,0.000116415321827,0.000465661287308,0,0,36.0966840383,8.39154827402,71.8707830004,9.93987606663,175.141336513,148.540289956,5150.00149608,0.00232830643654,67.1443413012,73.1732070562,1,67.1443413012,24.0089393628,45.3810680483,0.00131424410243,0.00134514266392,-3.08985614872e-05,5.18411980011e-05,1024,-3.23533555502e-07,3.23533555502e-07,0.705936253071,0,0,0.159886181355,0.0999288633466,0.159976422787,0.0999873057008
1.05600005016,3034.00796838,184.511489351,-24.5995121002,-776.773498535,15.7447271347,2.33983016014,99.9990463257,39.9997520447,0.972219526768,0.000116415321827,0.000465661287308,0,0,73.3616109554,15.9243730976,71.3890515584,12.5380089755,174.625442014,138.880568556,5150.00103042,0.00232830643654,67.6602357998,82.8329211799,1,67.1443413012,24.3551148742,45.3787797596,0.00119798769516,0.00131240085466,-0.000114413159502,-0.000381078280043,1056,-9.85744350146e-07,9.85744350146e-07,0.709222435951,0,0,0.159381106496,0.0996131896973,0.159823507071,0.0999005064368
1.08800005168,3039.42826577,155.32807447,-20.7087097168,-775.540405273,15.8997945786,2.36555981636,100.006248474,39.994392395,0.972224771976,0.000116415321827,0.000465661287308,0,0,97.7685194108,20.6718123962,92.5227835895,17.2994652329,152.431137394,119.958967844,5150.00196174,0.00232830643654,89.8545476957,101.754507341,1,67.1443413012,26.3063757302,46.8788348371,0.00139921339792,0.00139516487252,4.04852540381e-06,0.000467480276711,1088,-1.59407170486e-06,1.59407170486e-06,0.708011806011,0,0,0.158473238349,0.0990457832813,0.159411817789,0.0996639281511
1.1200000532,3043.92701946,126.786748297,-16.9035129547,-773.941101074,16.0316505432,2.38559961319,100.009513855,39.9914627075,0.972227156162,0.000116415321827,0.000465661287308,0,0,108.899315999,23.0181445433,105.047801081,20.5473289102,131.5081754,104.401071439,5150.00149608,0.00232830643654,110.777516966,117.312418297,1,67.1443413012,30.1926775137,49.4596788485,0.00146179800209,0.00143154466059,3.02533414986e-05,-3.45607986674e-05,1120,-1.9785245513e-06,1.9785245513e-06,0.702699899673,0,0,0.1571649611,0.0982281118631,0.158678203821,0.0992367938161
1.15200005472,3047.51424119,98.2751516858,-13.1022777557,-771.898803711,16.1411380768,2.3997631073,100.011238098,39.9901351929,0.97222840786,0.000116415321827,0.000465661287308,0,0,113.383277857,23.8045372267,110.911751717,22.1400872302,117.29777907,93.5353600653,5150.00196174,0.00232830643654,124.987913296,128.178100567,1,67.1443413012,33.25641228,51.140144933,0.00141831278666,0.00152249413077,-0.000104181344107,0.000340151018463,1152,-1.99550163416e-06,1.99550163416e-06,0.680348992348,0,0,0.155459538102,0.0971622169018,0.157589584589,0.0985958352685
1.18400005624,3050.18620566,69.623143645,-9.28232383728,-769.388977051,16.2288208008,2.40776348114,100.011833191,39.9894714355,0.972228884697,0.000116415321827,0.000465661287308,0,0,114.547777753,23.6462899826,113.063879078,22.577585915,108.464759251,86.3821042003,5150.00103042,0.00232830643654,133.820911287,135.331356432,1,67.1443413012,34.9243273376,52.2047339473,0.00142287447102,0.00132968125399,9.31932170323e-05,-0.000398358679377,1184,-2.10533903555e-06,2.10533903555e-06,0.674483776093,0,0,0.153361409903,0.0958508849144,0.156130194664,0.0977285280824
1.21600005776,3051.93755776,40.6666840718,-5.42177963257,-766.387207031,16.2951831818,2.40929889679,100.012229919,39.9891624451,0.97222918272,0.000116415321827,0.000465661287308,0,0,113.729053314,22.9122807499,112.945707756,22.2812584876,103.413862234,81.9408160169,5150.00289306,0.00279396772385,138.871793752,139.772630064,1,67.1443413012,36.1937854905,53.2123012817,0.00145268884422,0.00157160684466,-0.000118918000447,0.00122236087918,1216,-2.11131941796e-06,2.11131941796e-06,0.681443035603,0,0,0.150875851512,0.0942974090576,0.154294133186,0.0966289788485
1.24800005928,3052.75735445,11.424494005,-1.52314090729,-762.89050293,16.340631485,2.4040286541,100.012641907,39.9890441895,0.972229480743,0.000116415321827,0.000465661287308,0,0,111.358053004,21.7976610477,111.146446277,21.5188143034,101.16615158,79.553174146,5150.00196174,0.00279396772385,141.119468026,142.160293763,1,67.1443413012,37.2604408767,54.1457120562,0.00159128731025,0.00162253854796,-3.12512377088e-05,0.000240106601268,1248,-2.20318383981e-06,2.20318383981e-06,0.671105742455,0,0,0.148009300232,0.092505812645,0.152081459761,0.0952954813838
1.2800000608,3052.63581686,-18.1893410627,2.42504644394,-758.882751465,16.3655071259,2.39163470268,100.012733459,39.9890785217,0.972229540348,0.000116415321827,0.000465661287308,0,0,95.7026491308,18.2576395968,108.178407207,20.3177251001,101.10715084,79.3105064076,5150.00149608,0.00279396772385,141.178476042,142.402990605,2,74.0342147765,38.1812933483,54.9705146113,0.00152720079638,0.0015406840248,-1.34832284227e-05,-0.00014370016288,1280,-2.14581768887e-06,2.14581768887e-06,0.785843074322,0,0,0.144768729806,0.0904804542661,0.14949592948,0.0937290787697
1.31200006232,3051.56223476,-48.0684830109,6.40860509872,-754.372802734,16.3700218201,2.37186026573,100.012733459,39.9890975952,0.972229540348,0.000116415321827,0.000465661287308,0,0,60.2883746302,10.5996436698,105.793482414,19.2488269248,101.10715084,79.3105064076,5150.00149608,0.00279396772385,141.178476042,142.402990605,2,74.0342147765,38.9845699829,55.6685663469,0.00155996392193,0.00163890945259,-7.89455306682e-05,-0.000241925590672,1312,-2.10993584915e-06,2.10993584915e-06,0.675106465816,0,0,0.141162499785,0.0882265642285,0.146543711424,0.091932579875
1.34400006384,3049.52380247,-78.4236326581,10.4556264877,-749.32623291,16.35414505,2.34450507164,100.012229919,39.9890785217,0.97222918272,0.000116415321827,0.000465661287308,0,0,22.7297993386,2.58544197134,103.539906295,18.3515382966,101.10715084,79.8631517682,5150.00196174,0.00279396772385,141.178476042,142.402990605,2,74.0342147765,39.1837711504,56.2547902518,0.0014556526956,0.00143336364999,2.22890456092e-05,0.000429281499237,1344,-2.18799550566e-06,2.18799550566e-06,0.671132028103,0,0,0.137199684978,0.085749797523,0.14323271811,0.0899101793766
1.37600006536,3046.50561884,-109.29061682,14.5708866119,-743.731079102,16.3174915314,2.30947232246,100.011917114,39.9890632629,0.972228944302,0.000116415321827,0.000465661287308,0,0,3.01829557565,-1.31469086789,101.349440826,17.5868875103,110.178836621,91.4970587473,5150.00103042,0.00279396772385,141.178476042,142.402990605,2,74.0342147765,31.3804812322,51.3884115207,0.00161065492887,0.00166255631484,-5.19013859668e-05,-0.000731233740225,1376,-2.17041178985e-06,2.17041178985e-06,0.793935656548,0,0,0.132890254259,0.0830564126372,0.139572128654,0.087667055428
1.40800006688,3042.49208421,-140.626812936,18.7487030029,-737.585327148,16.2594985962,2.26674509048,100.012001038,39.9890823364,0.972229003906,0.000116415321827,0.000465661287308,0,0,3.57205426245,-1.14180256737,99.2101538742,16.8003849546,128.373198095,101.134632132,5150.00196174,0.00279396772385,141.178476042,142.402990605,2,74.0342147765,27.6965274679,48.1887691421,0.00189089298386,0.00196814653464,-7.72535507787e-05,-0.000105501385406,1408,-2.16166472455e-06,2.16166472455e-06,0.681211590767,0,0,0.128245204687,0.0801532492042,0.135572403669,0.0852091610432
1.4400000684,3037.46922873,-172.393745743,22.9839458466,-730.887207031,16.1795425415,2.21634626389,100.012046814,39.9891014099,0.972229003906,0.000116415321827,0.000465661287308,0,0,4.80433895882,-0.86298025822,97.1188225196,15.9632147872,140.31403407,106.513114588,5150.00149608,0.00279396772385,141.178476042,142.402990605,2,74.0342147765,27.2713841696,47.7998291899,0.00183294111833,0.00178442860488,4.85125134508e-05,-0.000387444742955,1440,-2.30272894441e-06,2.30272894441e-06,0.674677968025,0,0,0.123276174068,0.0770476087928,0.13124473393,0.0825431346893
1.47200006992,3031.42284974,-204.584910534,27.2757492065,-723.630615234,16.0768299103,2.15837287903,100.012138367,39.989112854,0.972229063511,0.000116415321827,0.000465661287308,0,0,5.65876319772,-0.653091315785,95.0735130096,15.1362673218,148.593404447,110.561872134,5150.0024274,0.00279396772385,141.178476042,142.402990605,2,74.0342147765,27.4629728665,47.6613131468,0.00162883061205,0.00161344360095,1.53870111097e-05,0.000714862835594,1472,-2.17525962398e-06,2.17525962398e-06,0.668027937412,0,0,0.117995776236,0.0737473592162,0.126601278782,0.0796761289239
1.50400007144,3024.33851175,-237.275351537,31.6341171265,-715.798583984,15.9503927231,2.09298038483,100.012229919,39.9891281128,0.97222918272,0.000116415321827,0.000465661287308,0,0,6.26492318954,-0.471837727386,93.0731705701,14.3555568676,154.467095854,114.05825353,5150.00149608,0.00279396772385,141.178476042,142.402990605,2,74.0342147765,27.8303577943,47.6486129628,0.00141274035526,0.00138788891491,2.485144035e-05,9.09494701773e-06,1504,-2.19153093894e-06,2.19153093894e-06,0.773610711098,0,0,0.112417951226,0.0702612251043,0.121655128896,0.0766159817576
1.53600007296,3016.20014943,-270.417891443,36.0527610779,-707.389465332,15.7990236282,2.02041125298,100.012138367,39.9891433716,0.972229063511,0.000116415321827,0.000465661287308,0,0,6.70533257466,-0.30516396445,91.116615905,13.6385833352,158.734663273,117.27339006,5150.00149608,0.00279396772385,141.178476042,142.402990605,2,74.0342147765,28.2515520666,47.7052162751,0.00125033870757,0.00132786226459,-7.75235570183e-05,6.91215973347e-05,1536,-2.19876210394e-06,2.19876210394e-06,0.788031637669,0,0,0.106556497514,0.0665978118777,0.116420052946,0.0733710080385
1.56800007448,3006.99193031,-304.124812828,40.5466461182,-698.380432129,15.6212072372,1.94103062153,100.012001038,39.9891357422,0.972229003906,0.000116415321827,0.000465661287308,0,0,7.03331421203,-0.147579673751,89.203087233,12.9917678452,161.912801559,120.313190564,5150.00056475,0.00279396772385,141.178476042,142.402990605,2,74.0342147765,28.6839749606,47.7969770145,0.000997065749408,0.000982254277915,1.48114714937e-05,-0.000516592990607,1568,-2.27842224376e-06,2.27842224376e-06,0.791648685932,0,0,0.100425921381,0.0627662017941,0.110910236835,0.0699497535825
1.600000076,2996.69452943,-338.51491753,45.1316184998,-688.746337891,15.4151172638,1.85527682304,100.012321472,39.9891700745,0.972229242325,0.000116415321827,0.000465661287308,0,0,7.28359782043,0.00320768016499,87.3314785063,12.41518273,164.338052855,123.221878312,5150.00103042,0.00279396772385,141.178476042,142.402990605,2,74.0342147765,29.1118140012,47.903489758,0.000813759934437,0.000818545231596,-4.78529715853e-06,0.00011277734302,1600,-2.22218363888e-06,2.22218363888e-06,0.675853908062,0,0,0.0940417721868,0.058776114136,0.105140589178,0.0663612410426
1.63200007752,2985.2851294,-373.636983568,49.8141746521,-678.469421387,15.1784877777,1.76371514797,100.012367249,39.9891853333,0.972229242325,0.000116415321827,0.000465661287308,0,0,7.47902905589,0.148241024889,85.5009400457,11.9054118768,166.231780895,126.019571326,5150.00056475,0.00279396772385,141.178476042,142.402990605,2,74.0342147765,29.5292575174,48.0128292111,0.000581295220292,0.000563886715099,1.74085051929e-05,-9.82254277915e-05,1632,-2.18863146983e-06,2.18863146983e-06,0.670373797417,0,0,0.0874201506376,0.0546375922859,0.0991265624762,0.0626148805022
1.66400007904,2972.73718752,-409.649364883,54.6154327393,-667.515441895,14.908572197,1.66704845428,100.012367249,39.9891967773,0.972229242325,0.000116415321827,0.000465661287308,0,0,7.63480096865,0.288066918788,83.7106880956,11.457319671,167.741207406,128.716812469,5150.00056475,0.00279396772385,141.178476042,142.402990605,2,74.0342147765,29.9343428196,48.1183305965,0.000584293710637,0.000576619640924,7.67406971303e-06,-0.000110958353616,1664,-2.27707596423e-06,2.27707596423e-06,0.682128369808,0,0,0.0805777832866,0.0503611192107,0.0928841531277,0.058720394969
1.69600008056,2959.0181075,-446.814636234,59.5703964233,-655.833618164,14.6019639969,1.566152215,100.012458801,39.9892120361,0.972229301929,0.000116415321827,0.000465661287308,0,0,7.76119989509,0.42301651401,81.9597924038,11.0650215353,168.966013007,131.319990032,5150.00103042,0.00279396772385,141.178476042,142.402990605,2,74.0342147765,30.3265915136,48.2165778521,0.000922583107132,0.00100044417195,-7.78610648178e-05,-6.91215973347e-05,1696,-2.21451819016e-06,2.21451819016e-06,0.670672237873,0,0,0.0735319703817,0.0459574833512,0.0864299088717,0.054687846452
1.72800008208,2944.08830814,-485.34758389,64.7077026367,-643.375732422,14.2545442581,1.46207785606,100.012550354,39.9892272949,0.972229361534,0.000116415321827,0.000465661287308,0,0,7.86646763122,0.556466409545,80.2474618897,10.7226191585,169.986058609,133.894238388,5150.00103042,0.00279396772385,141.178476042,142.402990605,2,74.0342147765,30.6083165924,48.2764080516,0.000871921410073,0.00085674400907,1.51774010027e-05,7.45785655454e-05,1728,-2.20575748244e-06,2.20575748244e-06,0.781290352345,0,0,0.0663004815578,0.0414378009737,0.0797806978226,0.0505275651813
1.7600000836,2927.8981965,-525.59573669,70.073677063,-630.071228027,13.8612422943,1.3561193943,100.012367249,39.9892311096,0.972229242325,0.000116415321827,0.000465661287308,0,0,7.9731399016,0.743192611368,78.5727956004,10.4262651786,171.019710251,137.496186653,5150.00103042,0.00279396772385,141.178476042,142.402990605,2,74.0342147765,29.2702043225,47.8733491036,0.000904723615469,0.000976797309704,-7.2073694235e-05,-4.54747350886e-05,1760,-2.28463341045e-06,2.28463341045e-06,0.675622522831,0,0,0.0589015819132,0.0368134900928,0.0729538872838,0.0462501719594
1.79200008512,2910.38653813,-567.945826333,75.7198944092,-615.838500977,13.4159059525,1.24981629848,100.012321472,39.9892311096,0.972229242325,0.000116415321827,0.000465661287308,0,0,8.08780263508,0.981220994631,76.9351855758,10.1745385806,172.130792635,142.087752465,5150.00056475,0.00279396772385,141.178476042,142.402990605,2,74.0342147765,26.5671224042,46.9826372864,0.000968860755513,0.00103500497062,-6.61442151051e-05,-0.00056934368331,1792,-2.19999355977e-06,2.19999355977e-06,0.680488109589,0,0,0.0513540022075,0.0320962518454,0.0659670680761,0.0418664775789
1.82400008664,2891.47719741,-612.954667304,81.7205810547,-600.565917969,12.910993576,1.1450407505,100.012229919,39.9892272949,0.97222918272,0.000116415321827,0.000465661287308,0,0,8.199852239,1.20600015178,75.33386271,9.96374490845,173.216554685,146.42374299,5150.00103042,0.00279396772385,141.178476042,142.402990605,2,74.0342147765,24.1965990426,45.9465372842,0.000785562045968,0.000778527464718,7.03458125084e-06,0.000152795109898,1824,-2.21041818804e-06,2.21041818804e-06,0.682438313961,0,0,0.0436767451465,0.0272979661822,0.0588381774724,0.037387508899
1.85600008816,2871.07657641,-661.149213556,88.1459960938,-584.137390137,12.3373851776,1.04403376579,100.012046814,39.9892311096,0.972229003906,0.000116415321827,0.000465661287308,0,0,16.6380486297,3.47151172198,73.7679773236,9.79020069319,173.377251485,148.161925608,5150.00103042,0.00279396772385,141.178476042,142.402990605,2,74.0342147765,23.8650736719,45.4025102954,0.000877938374777,0.000832187652122,4.57507226548e-05,9.91349224932e-05,1856,-2.26025690608e-06,2.26025690608e-06,0.681803107262,0,0,0.0358892083168,0.022430755198,0.0515853501856,0.0328244455159
1.88800008968,2849.07291643,-713.103916496,95.0727157593,-566.421569824,11.6843929291,0.949386656284,100.012046814,39.9892425537,0.972229003906,0.000116415321827,0.000465661287308,0,0,42.3344532042,10.0956859769,72.2370386539,9.68119455201,173.377251485,148.06407853,5150.00103042,0.00279396772385,141.178476042,142.500837683,2,74.0342147765,24.0459521592,44.9910658062,0.000927110152538,0.000996806193143,-6.96960406055e-05,-6.54836185277e-05,1888,-2.2494446057e-06,2.2494446057e-06,0.676047623158,0,0,0.0280110687017,0.0175069198012,0.0442268997431,0.0281886123121
1.9200000912,2825.3425844,-768.802827224,102.498634338,-547.359924316,10.9400939941,0.864002048969,100.021888733,39.9811859131,0.972236216068,0.000116415321827,0.000465661287308,0,0,79.6788141327,17.0129713765,75.6199921566,13.4377459248,170.191400684,134.148518555,5150.00056475,0.00279396772385,144.364326843,156.41641221,2,74.0342147765,24.606293664,45.2105014119,0.000588842259674,0.000649379217066,-6.05369573914e-05,-0.000183717929758,1920,-2.25907820095e-06,2.25907820095e-06,0.670923650265,0,0,0.0200622268021,0.0125388912857,0.036781206727,0.0234914273024
1.95200009272,2799.8094447,-825.221126433,110.020454407,-527.318359375,10.09633255,0.790016889572,100.073112488,39.9401702881,0.972273468971,0.000116415321827,0.000465661287308,0,0,100.496370305,21.1263834054,95.530640381,17.9542107563,146.987425978,115.608869237,5150.00103042,0.00279396772385,167.568330653,174.956046976,2,74.0342147765,27.0455439022,47.0452323498,0.000827527775471,0.000816726242192,1.08015332789e-05,0.000114596332423,1952,-2.31075182455e-06,2.31075182455e-06,0.681477069855,0,0,0.0120626697317,0.00753916893154,0.0292667448521,0.0187443681061
1.98400009423,2772.47256599,-881.571264472,117.533187866,-506.401489258,9.15295886993,0.727474868298,100.09853363,39.9201927185,0.972291946411,0.000116415321827,0.000465661287308,0,0,109.816962134,23.047938249,106.310607387,20.7850651018,127.633698867,101.202938822,5150.00056475,0.00279396772385,186.922043213,189.361991943,2,74.0342147765,31.1051444442,49.5702370245,0.000911314967933,0.000974978320301,-6.36633523676e-05,-0.000509317032993,1984,-2.31024819186e-06,2.31024819186e-06,0.676251590252,0,0,0.00403276644647,0.00252047926188,0.0217019766569,0.0139589859173
2.01600009575,2743.3745563,-930.096255615,124.002655029,-485.664306641,8.11168575287,0.676371991634,100.109855652,39.9109458923,0.972300171852,0.000116415321827,0.000465661287308,0,0,113.40859976,23.5778303829,111.189787237,22.0697085277,114.791866508,91.3071198738,5150.00103042,0.00279396772385,199.763817363,199.257832719,2,74.0342147765,33.7337551173,50.9856254212,0.000443465208999,0.000361978891306,8.14863176934e-05,0.00056934368331,2016,-2.29980992117e-06,2.29980992117e-06,0.791648983955,0,0,0,0,0.0145182907581,0.0094014108181
2.04800009727,2713.64487708,-918.504199944,122.457176208,-472.632354736,7.02107381821,0.635303199291,100.115470886,39.906375885,0.972304284573,0.000116415321827,0.000465661287308,0,0,114.082029069,23.2684116708,112.77250506,22.3118780667,106.916624645,84.8592535476,5150.00056475,0.00279396772385,207.639139262,205.705655389,2,74.0342147765,35.2910101356,52.0282737853,0.000492634766314,0.000582076609135,-8.9441842821e-05,-0.000116415321827,2048,-2.37821177507e-06,2.37821177507e-06,0.676441311836,0,0,0,0,0.0095932520926,0.00624352321029
2.08000009879,2685.0879658,-862.879562192,115.041168213,-466.04598999,5.97700786591,0.594380438328,100.118232727,39.9041252136,0.972306251526,0.000116415321827,0.000465661287308,0,0,112.922553999,22.4438054011,112.268132599,21.8964032847,102.544567198,80.9312259662,5150.00103042,0.00279396772385,212.011203985,209.63375573,2,74.0342147765,36.5170744772,53.0186589458,0.000769860120098,0.000818545231596,-4.86851114978e-05,0.00011277734302,2080,-2.29910710914e-06,2.29910710914e-06,0.671281993389,0,0,0,0,0.0063697216101,0.00415930803865
2.11200010031,2658.72245654,-784.965115599,104.653427124,-463.505889893,5.03738260269,0.54646551609,100.119407654,39.9034461975,0.972307145596,0.000116415321827,0.000465661287308,0,0,109.746431441,21.1525989364,109.987549868,21.0406299055,100.940414995,79.0071862866,5150.00149608,0.00279396772385,213.615290704,211.557780858,3,72.4368146621,37.5561212422,53.9274260518,0.001033655328,0.00110048858915,-6.68332611475e-05,0.000296495272778,2112,-2.21491904995e-06,2.21491904995e-06,0.782189905643,0,0,0,0,0.00424285139889,0.00277657061815
2.14400010183,2635.02867892,-697.912240867,93.0473251343,-463.494140625,4.22101926804,0.491718351841,100.118690491,39.903678894,0.972306609154,0.000116415321827,0.000465661287308,0,0,88.9493481407,16.663864958,107.244324177,19.8276561817,100.940414995,78.9811019786,5150.00149608,0.00279396772385,213.615290704,211.583872442,3,72.4368146621,38.4555169148,54.7212221136,0.00107392889026,0.00096952135209,0.000104407538171,0.000427462509833,2144,-2.29765237236e-06,2.29765237236e-06,0.677466928959,0,0,0,0,0.00283210724592,0.00185606151354
2.17600010335,2614.15028945,-610.129209235,81.3438873291,-464.960205078,3.52470088005,0.433878839016,100.11832428,39.9037818909,0.972306370735,0.000116415321827,0.000465661287308,0,0,51.5241468355,8.6219779576,104.911610701,18.8029907636,100.940414995,78.9811019786,5150.00056475,0.00279396772385,213.615290704,211.583872442,3,72.4368146621,39.2410511267,55.3905119887,0.000869765093281,0.000860381987877,9.38310540377e-06,-0.000394720700569,2176,-2.28090607379e-06,2.28090607379e-06,0.791309893131,0,0,0,0,0.00189308077097,0.001241860562
2.20800010487,2596.01906873,-526.662857737,70.2159500122,-467.197845459,2.93585515022,0.377045214176,100.118507385,39.9039039612,0.972306489944,0.000116415321827,0.000465661287308,0,0,16.2415176636,1.39793882146,102.68334916,17.9428517916,100.940414995,81.3200167613,5150.00056475,0.00279396772385,213.615290704,211.583872442,3,72.4368146621,37.9198136216,55.9524924029,0.00125420424046,0.00119689502753,5.73092129308e-05,-0.000731233740225,2208,-2.30625983022e-06,2.30625983022e-06,0.683052659035,0,0,0,0,0.00126658240333,0.000831415760331
2.24000010639,2580.44875227,-450.18302626,60.0194778442,-469.759674072,2.4403128624,0.324013799429,100.118232727,39.9039764404,0.972306251526,0.000116415321827,0.000465661287308,0,0,2.19813364047,-1.48887737832,100.513788727,17.193881614,114.35241322,94.097937108,5150.00103042,0.00279396772385,213.615290704,211.583872442,3,72.4368146621,29.9302355415,49.5255771966,0.00106478242889,0.00110776454676,-4.29821178649e-05,-0.000176441972144,2240,-2.35048923969e-06,2.35048923969e-06,0.676873803139,0,0,0,0,0.000847946212161,0.000556853599846
2.27200010791,2567.19207391,-381.9000558,50.9158287048,-472.363128662,2.02501869202,0.276109993458,100.118141174,39.9040603638,0.972306191921,0.000116415321827,0.000465661287308,0,0,3.80440579571,-1.07784429857,98.3941835673,16.3978274928,130.624684971,102.368387161,5150.00103042,0.00279396772385,213.615290704,211.583872442,3,72.4368146621,27.4957110378,47.7992616652,0.00109908743218,0.00110412656795,-5.03913577532e-06,-0.000172803993337,2272,-2.25688518185e-06,2.25688518185e-06,0.677388966084,0,0,0,0,0.000567915849388,0.000373063114239
2.30400010943,2555.98057993,-322.074338328,42.9397201538,-474.841888428,1.67827141285,0.233732387424,100.118141174,39.9041557312,0.972306191921,0.000116415321827,0.000465661287308,0,0,4.92466789843,-0.81871762945,96.3217282741,15.566610573,141.480020829,107.366940938,5150.00103042,0.00279396772385,213.615290704,211.583872442,3,72.4368146621,27.2860397672,47.4941516586,0.00138671513161,0.0013842509361,2.46419551431e-06,-0.000452928361483,2304,-2.34287949752e-06,2.34287949752e-06,0.678111970425,0,0,0,0,0.000380470155505,0.000249978824286
2.33600011095,2546.54837772,-270.370393991,36.0464286804,-477.110290527,1.38962805271,0.196795359254,100.118095398,39.9042434692,0.972306191921,0.000116415321827,0.000465661287308,0,0,5.70560725331,-0.615730098156,94.2948553362,14.7557511593,149.047322338,111.282570288,5150.00149608,0.00279396772385,213.615290704,211.583872442,3,72.4368146621,27.5368802249,47.3919608339,0.00163415453391,0.00168802216649,-5.38676325768e-05,-0.000291038304567,2336,-2.34980302594e-06,2.34980302594e-06,0.66888833046,0,0,0,0,0.00025494012516,0.000167524078279
2.36800011247,2538.64517435,-226.138552534,30.1493320465,-479.132171631,1.14987826347,0.164973318577,100.118003845,39.904335022,0.972306132317,0.000116415321827,0.000465661287308,0,0,6.26258062052,-0.437202802068,92.3124660307,13.9959228515,154.444394866,114.726361062,5150.00103042,0.00279396772385,213.615290704,211.583872442,3,72.4368146621,27.9248888546,47.3989530292,0.00133611027797,0.0013333192328,2.79104517276e-06,-0.000401996658184,2368,-2.35146058003e-06,2.35146058003e-06,0.668726682663,0,0,0,0,0.000170848026755,0.000112276000436
2.40000011399,2532.04489127,-188.608391909,25.1457214355,-480.89944458,0.951034724712,0.137817561626,100.117912292,39.9044189453,0.972306013107,0.000116415321827,0.000465661287308,0,0,6.66952198711,-0.271692655471,90.3735275578,13.3014246139,158.387658303,117.919051263,5150.00196174,0.00279396772385,213.615290704,211.583872442,3,72.4368146621,28.3536464849,47.4653315905,0.00138824279849,0.00150248524733,-0.000114242448834,0.000360159901902,2400,-2.29677925745e-06,2.29677925745e-06,0.668809175491,0,0,0,0,0.000114503323857,7.52523847041e-05
2.43200011551,2526.54636279,-156.953756232,20.9254493713,-482.423614502,0.786293208599,0.114816218615,100.118003845,39.9045066833,0.972306132317,0.000116415321827,0.000465661287308,0,0,6.97428623384,-0.11466284793,88.4772048882,12.6768436152,161.340823979,120.948156109,5150.00149608,0.00279396772385,213.615290704,211.583872442,3,72.4368146621,28.7887360173,47.5609558634,0.00154766727212,0.00161162461154,-6.39573394245e-05,-0.000214640749618,2432,-2.30855130212e-06,2.30855130212e-06,0.790730059147,0,0,0,0,7.67450546846e-05,5.04393792653e-05
2.46400011703,2521.9747331,-130.384985823,17.3832378387,-483.724212646,0.649909496307,0.0954500436783,100.11782074,39.904586792,0.972305953503,0.000116415321827,0.000465661287308,0,0,7.20811738075,0.0358103121573,86.6223992988,12.1212724932,163.606644492,123.850782984,5150.00196174,0.00279396772385,213.615290704,211.583872442,3,72.4368146621,29.2173535854,47.6678942505,0.00142990902452,0.00137151801027,5.8391014246e-05,0.000491127138957,2464,-2.33431637753e-06,2.33431637753e-06,0.791183292866,0,0,0,0,5.14397797815e-05,3.38088102581e-05
2.49600011855,2518.17982644,-108.160835225,14.4202613831,-484.826416016,0.537061691284,0.0792201906443,100.117515564,39.9046516418,0.972305774689,0.000116415321827,0.000465661287308,0,0,7.39159771445,0.180629419306,84.8082904097,11.6308126125,165.38456839,126.644343254,5150.00149608,0.00279396772385,213.615290704,211.583872442,3,72.4368146621,29.6348207485,47.7757639601,0.00130320859659,0.00137333699968,-7.01284030846e-05,2.36468622461e-05,2496,-2.36084724747e-06,2.36084724747e-06,0.790038824081,0,0,0,0,3.4479318856e-05,2.26619449677e-05
2.52800012007,2515.03335312,-89.629109425,11.9495668411,-485.754302979,0.443733692169,0.0656667798758,100.117424011,39.9047317505,0.972305715084,0.000116415321827,0.000465661287308,0,0,7.53848324705,0.32028030437,83.0340871403,11.2001571409,166.807891219,129.338208353,5150.00149608,0.00279396772385,213.615290704,211.583872442,3,72.4368146621,30.0396350212,47.8788460896,0.00137024119828,0.00144063960761,-7.03984093242e-05,-4.36557456851e-05,2528,-2.36917117036e-06,2.36917117036e-06,0.687869489193,0,0,0,0,2.31113699556e-05,1.51904041559e-05
2.56000012159,2512.4270469,-74.2114643799,9.89404964447,-486.531860352,0.366581499577,0.0543776750565,100.117240906,39.904800415,0.97230553627,0.000116415321827,0.000465661287308,0,0,7.65810625712,0.455073732138,81.2988519138,10.8234215011,167.967038578,131.93837367,5150.00196174,0.00279396772385,213.615290704,211.583872442,3,72.4368146621,30.4315053654,47.97422298,0.00160869934041,0.00154432200361,6.43773367948e-05,0.000318323145621,2560,-2.27599093705e-06,2.27599093705e-06,0.686607241631,0,0,0,0,1.5491645172e-05,1.01822752185e-05
2.59200012311,2510.26987098,-61.4025993855,8.18634128571,-487.18182373,0.302813410759,0.0449964180589,100.117012024,39.9048614502,0.972305357456,0.000116415321827,0.000465661287308,0,0,7.76012131534,0.594345171492,79.6018522481,10.4948648654,168.955564732,134.624919156,5150.00196174,0.00279396772385,213.615290704,211.583872442,3,72.4368146621,30.5355788441,47.9803820781,0.00173982644958,0.00179898052011,-5.91540705308e-05,6.36646291241e-05,2592,-2.30803675549e-06,2.30803675549e-06,0.67846173048,0,0,0,0,1.03841975942e-05,6.82530662743e-06
2.62400012463,2508.48568976,-50.7787335664,6.76994228363,-487.723388672,0.250123292208,0.0372121408582,100.116691589,39.904914856,0.972305178642,0.000116415321827,0.000465661287308,0,0,7.8677009478,0.797666897702,77.942282413,10.2115261752,169.998005731,138.546995004,5150.00196174,0.00279396772385,213.615290704,211.583872442,3,72.4368146621,28.7633083644,47.4566186313,0.00192753762951,0.00196450855583,-3.69709263204e-05,-0.000101863406599,2624,-2.38100869865e-06,2.38100869865e-06,0.669109761715,0,0,0,0,6.96065626471e-06,4.57510714114e-06
2.65600012615,2507.0104748,-41.975559725,5.59628200531,-488.173706055,0.206603124738,0.0307580120862,100.116600037,39.9049835205,0.972305119038,0.000116415321827,0.000465661287308,0,0,7.98156619149,1.0385995149,76.3192487804,9.97179580132,171.101361047,143.194585689,5150.00149608,0.00279396772385,213.615290704,211.583872442,3,72.4368146621,26.0119468294,46.5140437882,0.00170700648061,0.00169711711351,9.889367103e-06,-0.000300133251585,2656,-2.3609204618e-06,2.3609204618e-06,0.791475117207,0,0,0,0,4.66583378511e-06,3.06676861328e-06
2.68800012767,2505.79114072,-34.6878186974,4.62466287613,-488.547424316,0.170647054911,0.025416970253,100.116600037,39.9050636292,0.972305119038,0.000116415321827,0.000465661287308,0,0,8.3531240991,1.32479477048,74.7322605874,9.77142901053,172.096901224,147.371640196,5150.00149608,0.00279396772385,213.615290704,211.583872442,3,72.4368146621,23.8448792516,45.5508634332,0.00173832764849,0.0017435013433,-5.1736948059e-06,-0.000346517481375,2688,-2.3651648462e-06,2.3651648462e-06,0.790521740913,0,0,0,0,3.12758402288e-06,2.05570790968e-06
2.72000012919,2504.78344969,-28.6591257463,3.82090306282,-488.857116699,0.140950739384,0.0209984015673,100.116600037,39.9051437378,0.972305119038,0.000116415321827,0.000465661287308,0,0,20.5022446427,4.55128199042,73.1804828046,9.60796374769,172.096901224,148.310267832,5150.00149608,0.00279396772385,213.615290704,211.583872442,3,72.4368146621,23.94780131,45.0552870461,0.00154165519239,0.00146246748045,7.91877119433e-05,-6.54836185277e-05,2720,-2.30316982197e-06,2.30316982197e-06,0.689083337784,0,0,0,0,2.09647419069e-06,1.37797667321e-06
2.75200013071,2503.95131297,-23.6724845308,3.15607213974,-489.113891602,0.116430960596,0.0173436496407,100.116371155,39.9052047729,0.972304940224,0.000116415321827,0.000465661287308,0,0,49.2268452028,11.7994455359,71.6632854973,9.96455430107,172.096901224,146.630292875,5150.00103042,0.00279396772385,213.615290704,213.263818296,3,72.4368146621,24.1170946538,44.728985813,0.00125260285477,0.00129693944473,-4.4336589955e-05,-0.000365616870113,2752,-2.29188435696e-06,2.29188435696e-06,0.678599476814,0,0,0,0,1.40530323733e-06,9.23682023313e-07
2.78400013223,2503.26399691,-19.5541306311,2.60700345039,-489.325958252,0.0961872264743,0.0143211279064,100.16267395,39.8697929382,0.972338497639,0.000116415321827,0.000465661287308,0,0,84.8174684092,18.0685731722,79.9147319377,14.4451412483,164.701967151,129.821099108,5150.00149608,0.00279396772385,221.010239329,230.072968407,3,72.4368146621,24.9679615081,45.2368003607,0.00143457402901,0.00138970790431,4.48661247043e-05,7.27595761418e-06,2784,-2.34709614233e-06,2.34709614233e-06,0.789523839951,0,0,0,0,9.4199947398e-07,6.19162562998e-07
2.81600013375,2502.69612297,-16.1463140103,2.15266513824,-489.501831055,0.0794639363885,0.011825921014,100.259025574,39.7960510254,0.972408235073,0.000116415321827,0.000465661287308,0,0,102.408844203,21.6189391002,97.7641611428,18.6439432828,141.620461363,111.919325718,5150.00149608,0.00279396772385,244.091716013,247.974792728,3,72.4368146621,27.8870156762,47.3599757242,0.00143747304338,0.00144609657582,-8.62353244369e-06,-4.91127138957e-05,2816,-2.27312671086e-06,2.27312671086e-06,0.789193511009,0,0,0,0,6.31441082533e-07,4.15036907953e-07
2.84800013527,2502.22720206,-13.3332650876,1.77762281895,-489.646972656,0.0656593963504,0.00976388063282,100.303596497,39.7617492676,0.972440421581,0.000116415321827,0.000465661287308,0,0,110.093393518,23.1692519191,106.920786874,21.0901933006,123.865669593,98.56831457,5150.00056475,0.00279396772385,261.846493231,261.325825704,3,72.4368146621,31.9222272083,49.733902415,0.000799831992304,0.000840373104438,-4.0541112134e-05,-0.00037471181713,2848,-2.36439450418e-06,2.36439450418e-06,0.668255090714,0,0,0,0,4.23267493943e-07,2.78207437532e-07
2.88000013679,2501.8400047,-11.0091696115,1.46776878834,-489.766967773,0.0542600676417,0.00806124415249,100.324943542,39.7456703186,0.972455859184,0.000116415321827,0.000465661287308,0,0,112.889819378,23.4732411083,110.909532296,22.1013187888,112.326095405,89.5214107004,5150.00103042,0.00279396772385,273.386045592,270.372751402,3,72.4368146621,34.1720624419,50.9661113028,0.000607729658264,0.000589352566749,1.83770915152e-05,0.000341970007867,2880,-2.28053340834e-06,2.28053340834e-06,0.668312013149,0,0,0,0,2.83724602923e-07,1.86488051668e-07
2.91200013831,2501.52032822,-9.0921203082,1.21218323708,-489.865783691,0.0448461622,0.00665570655838,100.335670471,39.737651825,0.972463548183,0.000116415321827,0.000465661287308,0,0,113.115387213,23.0267621941,111.971367514,22.1689598398,105.355902633,83.6902036099,5150.00009909,0.00279396772385,280.356296571,276.203907561,3,72.4368146621,35.6381497113,51.9995373907,0.000466203756155,0.000483851181343,-1.76474251878e-05,-0.000483851181343,2912,-2.37882090914e-06,2.37882090914e-06,0.667713403702,0,0,0,0,1.90186227655e-07,1.25006636154e-07
2.94400013983,2501.2565311,-7.50787330617,1.0009676218,-489.947662354,0.0370721332729,0.00549538759515,100.340843201,39.7337799072,0.972467303276,0.000116415321827,0.000465661287308,0,0,111.6370847,22.1154135738,111.106906898,21.6437043169,101.632424048,80.2195718279,5150.00103042,0.00279396772385,284.079753328,279.674539343,3,72.4368146621,36.8214750779,52.9772696609,0.000700093108486,0.000685759005137,1.43341033487e-05,0.000245563569479,2944,-2.35273773797e-06,2.35273773797e-06,0.667300999165,0,0,0,0,1.27485620283e-07,8.37944398313e-08
2.97600014135,2501.03836879,-6.19931824986,0.826507925987,-490.015167236,0.0306506305933,0.00453794840723,100.341468811,39.7331352234,0.972467720509,0.000116415321827,0.000465661287308,0,0,106.601388094,20.5271014196,108.499124454,20.6632441879,100.609751826,78.8443576312,5150.00103042,0.00279396772385,285.102549242,281.049753539,4,71.4871202945,37.8307668143,53.8657295692,0.000631534616269,0.000627551344223,3.98327204554e-06,0.000303771230392,2976,-2.31988565247e-06,2.31988565247e-06,0.668032407761,0,0,0,0,8.54561506003e-08,5.61690924883e-08
3.00800014287,2500.85862353,-5.11865800945,0.682431697845,-490.071105957,0.0253486633301,0.00374690932222,100.340751648,39.7336006165,0.972467243671,0.000116415321827,0.000465661287308,0,0,81.1430310163,15.0398205003,105.933972463,19.4855962401,100.609751826,78.8443576312,5150.00056475,0.00279396772385,285.102549242,281.049753539,4,71.4871202945,38.7062682421,54.6332448721,0.000688129345172,0.000691215973347,-3.08662817528e-06,-0.00022555468604,3008,-2.37497920352e-06,2.37497920352e-06,0.667530894279,0,0,0,0,5.7282949939e-08,3.76512687694e-08
3.04000014439,2500.70984475,-4.22756784246,0.563629448414,-490.116943359,0.0209713410586,0.00309317116626,100.34047699,39.7338562012,0.972467005253,0.000116415321827,0.000465661287308,0,0,42.7560185741,6.76590700549,103.651646425,18.4970238729,100.609751826,78.8443576312,5150.00103042,0.00279396772385,285.102549242,281.049753539,4,71.4871202945,39.4718081225,55.2790734218,0.000933998448027,0.000889485818334,4.45126296933e-05,4.18367562816e-05,3040,-2.43624890572e-06,2.43624890572e-06,0.789102435112,0,0,0,0,3.83979035234e-08,2.52383962618e-08
3.07200014591,2500.587143,-3.49181073034,0.465536564589,-490.154876709,0.0173502583057,0.00255590397865,100.340385437,39.7340736389,0.972466945648,0.000116415321827,0.000465661287308,0,0,10.7431753504,0.416867556456,101.455452947,17.6671620448,100.764475064,83.6301260279,5150.00103042,0.00279396772385,285.102549242,281.049753539,4,71.4871202945,36.2338323612,55.6813574804,0.000932500979212,0.000945874489844,-1.33735106322e-05,-1.45519152284e-05,3072,-2.36512710217e-06,2.36512710217e-06,0.689887166023,0,0,0,0,2.57388830249e-08,1.69178004938e-08
3.10400014743,2500.48562884,-2.88442015517,0.384557783604,-490.186096191,0.0143600199372,0.00211121817119,100.339927673,39.7342720032,0.972466647625,0.000116415321827,0.000465661287308,0,0,2.50972667962,-1.3870431516,99.3143201405,16.9188602569,118.079253298,96.4039427345,5150.00056475,0.00279396772385,285.102549242,281.049753539,4,71.4871202945,28.946888051,48.4866613988,0.000609331932133,0.000612999428995,-3.66749686176e-06,-0.000147338141687,3104,-2.36865184888e-06,2.36865184888e-06,0.675119996071,0,0,0,0,1.72532885756e-08,1.13403375579e-08
3.13600014895,2500.40204264,-2.38095822169,0.317435055971,-490.212219238,0.01188876573,0.00174537603743,100.339836121,39.7344856262,0.97246658802,0.000116415321827,0.000465661287308,0,0,4.02220108026,-1.01444466174,97.2219706359,16.1101634964,132.735120133,103.591366496,5150.00149608,0.00279396772385,285.102549242,281.049753539,4,71.4871202945,27.3843052128,47.5360247947,0.000700224558892,0.000762156560086,-6.19320011941e-05,0.000634827301838,3136,-2.35485163103e-06,2.35485163103e-06,0.789184689522,0,0,0,0,1.15652216692e-08,7.60165708158e-09
3.16800015047,2500.33265911,-1.96943574338,0.262569874525,-490.233062744,0.00984615925699,0.00144331122283,100.339485168,39.7346839905,0.972466289997,0.000116415321827,0.000465661287308,0,0,5.04990858771,-0.77132243837,95.1760165418,15.2812383296,142.693606904,108.281194116,5150.00009909,0.00279396772385,285.102549242,281.049753539,4,71.4871202945,27.3305649898,47.2921346955,0.000263553415203,0.000272848410532,-9.29499532898e-06,-0.000272848410532,3168,-2.4025696348e-06,2.4025696348e-06,0.690646767616,0,0,0,0,7.75239961115e-09,5.09554132222e-09
3.20000015199,2500.2756156,-1.62758487932,0.216993510723,-490.250671387,0.00816419348121,0.0011902336264,100.339347839,39.7348747253,0.972466230392,0.000116415321827,0.000465661287308,0,0,5.77004094872,-0.574465323678,93.1750588174,14.481584975,149.671686813,112.078567327,5150.00056475,0.00279396772385,285.102549242,281.049753539,4,71.4871202945,27.6267219306,47.220808483,0.000363384669577,0.000303771230392,5.9613439185e-05,0.000161890056916,3200,-2.37062226915e-06,2.37062226915e-06,0.665429592133,0,0,0,0,5.19658982512e-09,3.41564332373e-09
3.23200015351,2500.22811815,-1.34331025947,0.179093331099,-490.265258789,0.00677111279219,0.000983567442745,100.339347839,39.735080719,0.972466230392,0.000116415321827,0.000465661287308,0,0,6.28642519888,-0.398685092632,91.2180060645,13.7372330964,154.675450176,115.469367302,5150.00009909,0.00279396772385,285.102549242,281.049753539,4,71.4871202945,28.0299682345,47.244833695,-0.000247611028903,-0.000321961124428,7.43500955247e-05,0.000321961124428,3232,-2.46069407694e-06,2.46069407694e-06,0.711491048336,0,0,0,0,3.48337714229e-09,2.28957341974e-09
3.26400015503,2500.18923543,-1.11028157335,0.148025393486,-490.277282715,0.00561070255935,0.000817334628664,100.339164734,39.7352752686,0.972466051579,0.000116415321827,0.000465661287308,0,0,6.66583989162,-0.234629022964,89.3037449105,13.0597852088,158.351977007,118.634008686,5150.00009909,0.00279396772385,285.102549242,281.049753539,4,71.4871202945,28.4634552372,47.319852456,-0.000202882363687,-0.000241925590672,3.90432269848e-05,0.000241925590672,3264,-2.43584941018e-06,2.43584941018e-06,0.67514526844,0,0,0,0,2.3349773226e-09,1.53474666309e-09
3.29600015655,2500.15687197,-0.918476473544,0.122453480959,-490.286956787,0.00465004844591,0.000680201337673,100.338844299,39.7354660034,0.972465872765,0.000116415321827,0.000465661287308,0,0,6.95158753202,-0.0785399183171,87.4316234464,12.4523195678,161.12087178,121.644967294,5150.00009909,0.00279396772385,285.102549242,281.049753539,4,71.4871202945,28.8993287541,47.4191074318,-0.000192416069189,-0.000149157131091,-4.32589380983e-05,0.000149157131091,3296,-2.36403343479e-06,2.36403343479e-06,0.788973391056,0,0,0,0,1.56518176198e-09,1.02877117936e-09
3.32800015807,2500.13032928,-0.760404589073,0.101378954947,-490.295043945,0.00386099820025,0.000563737063203,100.338569641,39.7356376648,0.972465634346,0.000116415321827,0.000465661287308,0,0,7.17199274153,0.0712116790374,85.6005649236,11.9130306053,163.256598171,124.533675262,5150.00009909,0.00279396772385,285.102549242,281.049753539,4,71.4871202945,29.3272241834,47.5267661386,-0.000293757226877,-0.000234649633057,-5.91075938194e-05,0.000234649633057,3328,-2.34563481172e-06,2.34563481172e-06,0.685729026794,0,0,0,0,1.04917241561e-09,6.89605816895e-10
3.36000015959,2500.10821037,-0.631131229056,0.0841439217329,-490.301452637,0.00321473111399,0.000463724078145,100.338340759,39.7358207703,0.972465515137,0.000116415321827,0.000465661287308,0,0,7.34577501345,0.215403144243,83.8095658418,11.4376149894,164.940545801,127.315128339,5149.99916777,0.00279396772385,285.102549242,281.049753539,4,71.4871202945,29.7433998639,47.6337190776,-0.000384667617204,-0.00033833202906,-4.63355881442e-05,-0.000592990545556,3360,-2.32410570788e-06,2.32410570788e-06,0.788027822971,0,0,0,0,7.03281100023e-10,4.62256510847e-10
3.39200016111,2500.08981675,-0.523054495716,0.0697348788381,-490.30682373,0.00268492242321,0.000378661265131,100.337669373,39.7359619141,0.972464978695,0.000116415321827,0.000465661287308,0,0,7.48547489756,0.354473136739,82.0580695148,11.0205736115,166.294237715,129.997788463,5149.99963343,0.00279396772385,285.102549242,281.049753539,4,71.4871202945,30.1467134705,47.7350149595,-0.000214823034361,-0.00011823431123,-9.65887231308e-05,-0.000347426976077,3392,-2.44622719947e-06,2.44622719947e-06,0.675391316414,0,0,0,0,4.71423233783e-10,3.0985974897e-10
3.42400016263,2500.07468276,-0.431796706835,0.0575681701303,-490.311584473,0.00224114535376,0.000310009520035,100.337440491,39.7361335754,0.972464859486,0.000116415321827,0.000465661287308,0,0,7.59964183228,0.488715142896,80.3449698945,10.6559889326,167.400517967,132.58731633,5149.99963343,0.00279396772385,285.102549242,281.049753539,4,71.4871202945,30.5370376736,47.8282454424,-0.000132854824364,-0.000192812876776,5.99580524119e-05,-0.000272848410532,3424,-2.36410824073e-06,2.36410824073e-06,0.788970768452,0,0,0,0,3.16004444834e-10,2.07705158628e-10
3.45600016415,2500.0621099,-0.354755542276,0.0472968555987,-490.315673828,0.00186882342678,0.00025695443037,100.337257385,39.7363090515,0.972464680672,0.000116415321827,0.000465661287308,0,0,7.70060898342,0.637349132937,78.6695418239,10.3384360078,168.378886883,135.454465635,5150.00009909,0.00279396772385,285.102549242,281.049753539,4,71.4871202945,30.3547276417,47.7534049423,-0.000110526018893,-2.54658516496e-05,-8.50601672431e-05,2.54658516496e-05,3456,-2.43525278165e-06,2.43525278165e-06,0.675363004208,0,0,0,0,2.11824072172e-10,1.3922892006e-10
3.48800016567,2500.05163252,-0.29432854376,0.0392405837774,-490.318572998,0.00155874271877,0.000214217041503,100.337165833,39.7364845276,0.972464621067,0.000116415321827,0.000465661287308,0,0,7.80966548273,0.855029681053,77.0311260692,10.0656688642,169.435646967,139.653522638,5149.99963343,0.00279396772385,285.102549242,281.049753539,4,71.4871202945,28.2084456558,47.1186285722,-0.000167223776493,-0.000194631866179,2.74080896867e-05,-0.000271029421128,3488,-2.40247595684e-06,2.40247595684e-06,0.710367739201,0,0,0,0,1.41989905944e-10,9.33279079018e-11
3.52000016719,2500.04325062,-0.244857147891,0.0326449386775,-490.321075439,0.00129274826031,0.000181816882105,100.33707428,39.7366523743,0.972464561462,0.000116415321827,0.000465661287308,0,0,7.92287881744,1.09542752916,75.4288436519,9.83564570815,170.532686752,144.290796015,5150.00009909,0.00279396772385,285.102549242,281.049753539,4,71.4871202945,25.4849164776,46.1384479422,-8.37954011734e-05,-4.0017766878e-05,-4.37776342954e-05,4.0017766878e-05,3520,-2.37848257711e-06,2.37848257711e-06,0.66596531868,0,0,0,0,9.5178642745e-11,6.25595547588e-11
3.55200016871,2500.03603287,-0.199865283435,0.0266465172172,-490.323547363,0.00107340153772,0.000155450848979,100.336891174,39.7368164062,0.972464442253,0.000116415321827,0.000465661287308,0,0,9.35419901855,1.65023149067,73.8620573127,9.64374000015,171.289706486,148.131235619,5149.99963343,0.00279396772385,285.102549242,281.049753539,4,71.4871202945,23.6535834119,45.3386819572,-7.03612584863e-05,-0.000134605215862,6.42439573761e-05,-0.000331056071445,3552,-2.49796130447e-06,2.49796130447e-06,0.691399812698,0,0,0,0,6.3800145722e-11,4.19349138747e-11
3.58400017023,2500.0302121,-0.164157896165,0.0218859240413,-490.325439453,0.00090425478993,0.000129531283164,100.336624146,39.7369728088,0.972464263439,0.000116415321827,0.000465661287308,0,0,25.1564115137,5.83528174774,72.3300638689,9.4888090683,171.289706486,148.45545229,5150.00056475,0.00279396772385,285.102549242,281.049753539,4,71.4871202945,24.0028166445,44.8101673101,-0.000152317922164,-0.000105501385406,-4.68165367584e-05,0.000571162672713,3584,-2.4235150704e-06,2.4235150704e-06,0.788863480091,0,0,0,0,4.27665090841e-11,2.81098061494e-11
3.61600017175,2500.02555549,-0.136003819762,0.0181323550642,-490.326934814,0.000768090190832,0.000106754378066,100.336357117,39.7371292114,0.972464084625,0.000116415321827,0.000465661287308,0,0,56.794787045,13.3734770378,70.8322919844,10.6640389099,171.289706486,143.918485264,5150.00009909,0.00279396772385,285.102549242,285.586691462,4,71.4871202945,24.1988054768,44.5793266408,0.000200936073336,0.000234649633057,-3.37135597217e-05,-0.000234649633057,3616,-2.39934206547e-06,2.39934206547e-06,0.675731480122,0,0,0,0,2.86672387217e-11,1.88425646613e-11
3.64800017327,2500.02159737,-0.113995518802,0.0151981553063,-490.327911377,0.000648618617561,9.0308021754e-05,100.426322937,39.6734428406,0.972528755665,0.000116415321827,0.000465661287308,0,0,89.1437268911,19.0147403247,83.9750774763,15.4452639412,158.981099958,125.61713811,5149.99963343,0.00279396772385,297.411083011,303.888082271,4,71.4871202945,25.4255846812,45.4317960248,0.000160564811447,0.000134605215862,2.59595955843e-05,-0.00060026650317,3648,-2.36568666878e-06,2.36568666878e-06,0.710481584072,0,0,0,0,1.92162188939e-11,1.26305476494e-11
3.68000017479,2500.01833774,-0.0962754924672,0.0128356786445,-490.328674316,0.00053917162586,8.01678761491e-05,100.530097961,39.6003112793,0.972603201866,0.000116415321827,0.000465661287308,0,0,103.929396278,22.0532514882,99.6231565294,19.2788129069,136.68097381,108.56064182,5150.00009909,0.00279396772385,319.711194606,320.944614941,4,71.4871202945,28.7899183604,47.7766043332,0.000454445286957,0.000542058842257,-8.76135552996e-05,-0.000542058842257,3680,-2.34782874031e-06,2.34782874031e-06,0.789424300194,0,0,0,0,1.28810148312e-11,8.46650961145e-12
3.71200017631,2500.01531094,-0.081995821688,0.010931879282,-490.329101562,0.000440867297584,7.38479502616e-05,100.57775116,39.5669136047,0.972637236118,0.000116415321827,0.000465661287308,0,0,110.209089052,23.2742605397,107.345728986,21.3665074883,120.472956041,96.223098808,5150.00056475,0.00279396772385,335.919205099,333.282136125,4,71.4871202945,32.5794244418,49.9070847582,0.000320465348702,0.000316504156217,3.96119248514e-06,0.000149157131091,3712,-2.35101038015e-06,2.35101038015e-06,0.665270507336,0,0,0,0,8.63439788418e-12,5.67527058334e-12
3.74400017783,2500.01298264,-0.0683712784166,0.00911542214453,-490.329742432,0.000356417876901,6.89704102115e-05,100.600227356,39.5509338379,0.972653329372,0.000116415321827,0.000465661287308,0,0,112.315406988,23.3789889859,110.552403369,22.1322716472,110.125503852,87.9599756445,5150.00056475,0.00279396772385,346.266664565,341.545208357,4,71.4871202945,34.5617627318,51.040249673,0.000424687757183,0.000492946128361,-6.82583711775e-05,-2.72848410532e-05,3744,-2.33256787396e-06,2.33256787396e-06,0.689133882523,0,0,0,0,5.78780903412e-12,3.80424814914e-12
3.77600017935,2500.01088716,-0.0557544090896,0.00743331108242,-490.330413818,0.000293365708785,6.23367959633e-05,100.611549377,39.5429382324,0.972661375999,0.000116415321827,0.000465661287308,0,0,112.134117691,22.8107477564,111.14263737,22.0445752388,103.983271401,82.6975083328,5149.99963343,0.00279396772385,352.408940671,346.807704773,4,71.4871202945,35.9517434845,52.0657049492,0.000248828430083,0.00022555468604,2.32737440431e-05,-0.000691215973347,3776,-2.45589330916e-06,2.45589330916e-06,0.713770866394,0,0,0,0,3.87968303317e-12,2.55006345901e-12
3.80800018087,2500.00949018,-0.0450711752364,0.00600899662822,-490.33114624,0.000250053330092,5.36723673576e-05,100.616569519,39.5391998291,0.972664952278,0.000116415321827,0.000465661287308,0,0,110.351483554,21.8206646451,109.938891089,21.420828354,100.865159766,79.6557797003,5150.00103042,0.00279396772385,355.527066858,349.849462509,4,71.4871202945,37.0945490431,53.0288161826,0.000691389973051,0.000723957782611,-3.25678095603e-05,0.000207364792004,3808,-2.39874270846e-06,2.39874270846e-06,0.70968568325,0,0,0,0,2.60062869677e-12,1.70935845773e-12
3.84000018239,2500.00809319,-0.0361966954188,0.00482582999393,-490.331665039,0.000218724322622,4.52069652965e-05,100.616264343,39.5392494202,0.972664773464,0.000116415321827,0.000465661287308,0,0,102.321056234,19.7073167126,107.140326381,20.335936434,100.30145495,78.7708704593,5150.00103042,0.00279396772385,356.090778951,350.73433537,5,70.9882515366,38.0741657864,53.8951862836,0.000916427655984,0.00102227204479,-0.000105844388809,-9.09494701773e-05,3840,-2.29166039389e-06,2.29166039389e-06,0.693080663681,0,0,0,0,1.74325311131e-12,1.14581694827e-12
3.87200018391,2500.00716187,-0.0291110406891,0.00388115365058,-490.33215332,0.000193302679691,3.85116945836e-05,100.615348816,39.5397491455,0.972664117813,0.000116415321827,0.000465661287308,0,0,72.8636110881,13.3291664543,104.696070546,19.1997268246,100.30145495,78.7708704593,5150.00149608,0.00279396772385,356.090778951,350.73433537,5,70.9882515366,38.9255292248,54.6365554328,0.000900056751352,0.000993168214336,-9.31114629843e-05,0.000403815647587,3872,-2.47626644523e-06,2.47626644523e-06,0.674019217491,0,0,0,0,1.16853738057e-12,7.68063889399e-13
3.90400018543,2500.00623055,-0.0234687114187,0.00312890461646,-490.332427979,0.000171338775544,3.37472702086e-05,100.614906311,39.5400543213,0.97266381979,0.000116415321827,0.000465661287308,0,0,34.4287822203,5.00722960793,102.455466683,18.2459510152,100.30145495,78.7708704593,5150.00056475,0.00279396772385,356.090778951,350.73433537,5,70.9882515366,39.6707837353,55.2596720809,0.000941790478937,0.000914951669984,2.6838808953e-05,-0.000449290382676,3904,-2.34121580434e-06,2.34121580434e-06,0.664610087872,0,0,0,0,7.83293839946e-13,5.14848472015e-13
3.93600018695,2500.00553206,-0.0189855384747,0.00253119738773,-490.332702637,0.000152583277668,3.03270899167e-05,100.614311218,39.5403251648,0.972663342953,0.000116415321827,0.000465661287308,0,0,6.80569313914,-0.4074568508,100.288579809,17.4445314634,102.555248304,86.3827153808,5150.00103042,0.00279396772385,356.090778951,350.73433537,5,70.9882515366,34.3788888131,54.06094715,0.00103871916624,0.00101499608718,2.37230790567e-05,-8.36735125631e-05,3936,-2.36123082686e-06,2.36123082686e-06,0.788025617599,0,0,0,0,5.25057644932e-13,3.45113206675e-13
3.96800018847,2500.00506639,-0.0153260693025,0.00204330822453,-490.332946777,0.000137236987939,2.76311911875e-05,100.613807678,39.5405921936,0.972662985325,0.000116415321827,0.000465661287308,0,0,2.85275395522,-1.28640973757,98.1743290927,16.6875314517,121.403187222,98.34516095,5150.00103042,0.00279396772385,356.090778951,350.73433537,5,70.9882515366,28.3177359961,47.9622394778,0.000964112178981,0.000927684595808,3.64275831721e-05,3.63797880709e-06,3968,-2.34517756326e-06,2.34517756326e-06,0.709726810455,0,0,0,0,3.51956582368e-13,2.31336271753e-13
4.00000018999,2500.00460073,-0.0124171917193,0.00165548967198,-490.333129883,0.000125057777041,2.53552498179e-05,100.61341095,39.5408554077,0.972662746906,0.000116415321827,0.000465661287308,0,0,4.23232361579,-0.95545170535,96.1077409803,15.8687630635,134.771209559,104.729340819,5150.00103042,0.00279396772385,356.090778951,350.73433537,5,70.9882515366,27.3239402304,47.3518339277,0.000996797144825,0.00109139364213,-9.4596497302e-05,-0.000160071067512,4000,-2.40239842242e-06,2.40239842242e-06,0.69278049469,0,0,0,0,2.3592355825e-13,1.55069316762e-13
4.03200019151,2500.00413507,-0.0100306802864,0.0013373142574,-490.333190918,0.000115447488497,2.3417022021e-05,100.612998962,39.5411186218,0.972662448883,0.000116415321827,0.000465661287308,0,0,5.17951532755,-0.725505002088,94.0869183439,15.0432421069,143.949495396,109.165011963,5150.00009909,0.00279396772385,356.090778951,350.73433537,5,70.9882515366,27.3862078757,47.1567473141,0.000650961784476,0.000760337570682,-0.000109375786206,-0.000760337570682,4032,-2.39261294155e-06,2.39261294155e-06,0.674799263477,0,0,0,0,1.58144236096e-13,1.03946040143e-13
4.06400019303,2500.00413507,-0.00805677391469,0.00107414834201,-490.333465576,0.000107794818177,2.18100940401e-05,100.612495422,39.5413627625,0.972662091255,0.000116415321827,0.000465661287308,0,0,5.84658028271,-0.534056408647,92.110447493,14.2544679413,150.413354277,112.858055218,5150.00056475,0.00279396772385,356.090778951,350.73433537,5,70.9882515366,27.7175113297,47.1118255518,0.000728425153529,0.00082582118921,-9.73960356809e-05,-0.000360159901902,4064,-2.44710167863e-06,2.44710167863e-06,0.6661003232,0,0,0,0,1.06007230446e-13,6.96770996477e-14
4.09600019455,2500.00366941,-0.00653170095788,0.000870821997523,-490.333435059,0.000101597870525,2.05219857889e-05,100.612045288,39.5416107178,0.972661733627,0.000116415321827,0.000465661287308,0,0,6.32748173101,-0.360919894009,90.1772077301,13.5245990632,155.073284986,116.197858006,5150.00009909,0.00279396772385,356.090778951,350.73433537,5,70.9882515366,28.1320953945,47.1503371955,0.000105577602216,9.45874489844e-05,1.09901532319e-05,-9.45874489844e-05,4096,-2.39805103774e-06,2.39805103774e-06,0.709761083126,0,0,0,0,7.10587662388e-14,4.67059489771e-14
4.12800019607,2500.00343658,-0.00527381560644,0.000703117693774,-490.333496094,9.65460712905e-05,1.95039247046e-05,100.611732483,39.5418586731,0.972661495209,0.000116415321827,0.000465661287308,0,0,6.68278128485,-0.198432551872,88.286320077,12.8628894671,158.516137162,119.332238683,5149.99963343,0.00279396772385,356.090778951,350.73433537,5,70.9882515366,28.5684491246,47.2325955343,-0.000137278799439,-0.000150976120494,1.36973210552e-05,-0.000314685166813,4128,-2.33650757764e-06,2.33650757764e-06,0.6931899786,0,0,0,0,4.76321151304e-14,3.13079335406e-14
4.16000019759,2500.00343658,-0.00424990620473,0.000566607632209,-490.333618164,9.24296837184e-05,1.86970810319e-05,100.611549377,39.5421180725,0.972661375999,0.000116415321827,0.000465661287308,0,0,6.95182787768,-0.0434663299823,86.4368835807,12.2710412581,161.123200087,122.321536765,5149.99963343,0.00279396772385,356.090778951,350.73433537,5,70.9882515366,29.0040061373,47.334786359,-8.66526295162e-05,-9.64064383879e-05,9.75380887169e-06,-0.00036925484892,4160,-2.45127171183e-06,2.45127171183e-06,0.674942314625,0,0,0,0,3.19287544808e-14,2.09863322467e-14
4.19200019911,2500.00343658,-0.00344264616814,0.000458981812699,-490.333740234,8.90931405593e-05,1.80509669008e-05,100.611320496,39.5423622131,0.97266125679,0.000116415321827,0.000465661287308,0,0,7.16041128539,0.105353988746,84.628092511,11.7465566726,163.144373801,125.192280393,5150.00009909,0.00279396772385,356.090778951,350.73433537,5,70.9882515366,29.4303790724,47.4428779853,-7.47510386923e-05,-8.18545231596e-05,7.10348446731e-06,8.18545231596e-05,4192,-2.44275884143e-06,2.44275884143e-06,0.6643460989,0,0,0,0,2.14024778396e-14,1.40675562223e-14
4.22400020063,2500.00320375,-0.00278037681767,0.000370686495444,-490.333709717,8.6409279902e-05,1.75215045601e-05,100.610908508,39.5425949097,0.972660958767,0.000116415321827,0.000465661287308,0,0,7.32562718023,0.248708857924,82.859001966,11.2847936057,164.745317306,127.957595396,5150.00009909,0.00279396772385,356.090778951,350.73433537,5,70.9882515366,29.8445902445,47.5488632219,0.000212830475466,0.00028194335755,-6.9112882084e-05,-0.00028194335755,4224,-2.38240659201e-06,2.38240659201e-06,0.786755084991,0,0,0,0,1.43465053476e-14,9.4297636919e-15
4.25600020215,2500.00297092,-0.0022448665149,0.000299290957628,-490.333679199,8.42739682412e-05,1.70832572621e-05,100.610328674,39.5428123474,0.972660541534,0.000116415321827,0.000465661287308,0,0,7.4589672893,0.386995051753,81.1287402924,10.8800670816,166.037381859,130.62513608,5149.99963343,0.00279396772385,356.090778951,350.73433537,5,70.9882515366,30.2458211081,47.6484929095,0.000266469346588,0.000170985003933,9.54843426548e-05,-0.000636646291241,4256,-2.29356419368e-06,2.29356419368e-06,0.709542691708,0,0,0,0,9.61674960314e-15,6.32095880493e-15
4.28800020367,2500.00297092,-0.00181210957351,0.000241594781983,-490.333740234,8.25425668154e-05,1.67305333889e-05,100.609825134,39.5430259705,0.972660183907,0.000116415321827,0.000465661287308,0,0,7.56830487859,0.520519626119,79.4364797852,10.5264421648,167.096863152,133.200825076,5150.00056475,0.00279396772385,356.090778951,350.73433537,5,70.9882515366,30.6330730382,47.7394460177,0.000197955263292,0.000251020537689,-5.30652743969e-05,0.000214640749618,4288,-2.34683534472e-06,2.34683534472e-06,0.691705405712,0,0,0,0,6.44629808178e-15,4.23706378414e-15
4.32000020519,2500.00297092,-0.00146325629391,0.000195084823645,-490.33380127,8.1132624473e-05,1.64508037415e-05,100.609550476,39.5432548523,0.972659945488,0.000116415321827,0.000465661287308,0,0,7.66985435292,0.682330338001,77.7814586634,10.2190158037,168.080878211,136.322152684,5150.00009909,0.00279396772385,356.090778951,350.73433537,5,70.9882515366,30.0579213217,47.5565284432,-8.37145353039e-05,-9.09494701773e-06,-7.46195882861e-05,9.09494701773e-06,4320,-2.37930726144e-06,2.37930726144e-06,0.674911677837,0,0,0,0,4.32108225273e-15,2.84018829302e-15
4.35200020671,2500.00297092,-0.00118176635144,0.000157555914484,-490.333831787,7.99906702014e-05,1.62262895174e-05,100.609146118,39.5434799194,0.972659647465,0.000116415321827,0.000465661287308,0,0,7.7803561308,0.91134232555,76.1629883937,9.95606666581,169.151637238,140.739794006,5149.99916777,0.00279396772385,356.090778951,350.73433537,5,70.9882515366,27.6208775176,46.8229300168,-5.69057578836e-05,-0.000110958353616,5.40525957327e-05,-0.000820364220999,4352,-2.46455124397e-06,2.46455124397e-06,0.665945589542,0,0,0,0,2.89650751368e-15,1.9038350862e-15
4.38400020823,2500.00273809,-0.000954338386094,0.000127234670799,-490.333740234,7.90704289102e-05,1.60441268235e-05,100.608970642,39.5437049866,0.972659528255,0.000116415321827,0.000465661287308,0,0,7.89260442046,1.14836583506,74.5803511439,9.73495506896,170.239320141,145.311976667,5149.99963343,0.00279396772385,356.090778951,350.73433537,5,70.9882515366,24.9888180406,45.819877414,-8.22721335503e-05,-8.73114913702e-05,5.03935781992e-06,-0.000378349795938,4384,-2.28887370213e-06,2.28887370213e-06,0.708891630173,0,0,0,0,1.94158649763e-15,1.27617869597e-15
4.41600020975,2500.00273809,-0.000770546959572,0.000102731159132,-490.333770752,7.83301147749e-05,1.5895902834e-05,100.608787537,39.5439186096,0.972659409046,0.000116415321827,0.000465661287308,0,0,11.201502161,2.17788211526,73.0326752602,9.55107827937,170.766041265,148.529114085,5150.00009909,0.00279396772385,356.090778951,350.73433537,5,70.9882515366,23.6775176745,45.1353334938,-0.000247723119795,-0.000160071067512,-8.7652052283e-05,0.000160071067512,4416,-2.37162839767e-06,2.37162839767e-06,0.694503307343,0,0,0,0,1.30148401703e-15,8.55448113706e-16
4.44800021127,2500.00273809,-0.000622304374698,8.29671043903e-05,-490.333770752,7.77521854616e-05,1.57705180754e-05,100.60823822,39.5441131592,0.972659051418,0.000116415321827,0.000465661287308,0,0,30.5579279459,7.31111671166,71.5194333558,9.40392447524,170.766041265,148.548002471,5150.00009909,0.00279396772385,356.090778951,350.73433537,5,70.9882515366,24.0427943936,44.6327467216,-0.000128503818697,-0.000107320374809,-2.11834438879e-05,0.000107320374809,4448,-2.45816022471e-06,2.45816022471e-06,0.67501360178,0,0,0,0,8.7241053081e-16,5.73423888176e-16
4.48000021279,2500.00273809,-0.000502441033223,6.69866421958e-05,-490.33380127,7.72689600126e-05,1.56741061801e-05,100.608055115,39.5443305969,0.972658872604,0.000116415321827,0.000465661287308,0,0,64.9622690728,14.8147855467,70.0399661967,11.5840326491,170.766041265,140.426753205,5149.99916777,0.00279396772385,356.090778951,358.855555533,5,70.9882515366,24.3161157414,44.5259611297,-0.000291001861497,-0.000253749021795,-3.72528397019e-05,-0.000677573552821,4480,-2.38574489231e-06,2.38574489231e-06,0.664102673531,0,0,0,0,5.84794246702e-16,3.84377489884e-16
4.51200021431,2500.00273809,-0.000406083666693,5.41400440852e-05,-490.33380127,7.68704267102e-05,1.55996021931e-05,100.721946716,39.4755134583,0.972739994526,0.000116415321827,0.000465661287308,0,0,92.8388276014,19.8432910101,87.6839488484,16.3941138091,153.376808157,121.55292643,5149.99916777,0.00279396772385,373.479968403,377.72936048,5,70.9882515366,25.9825192188,45.7514470327,-0.000367263525147,-0.000367435859516,1.72334368997e-07,-0.000563886715099,4512,-2.30025420933e-06,2.30025420933e-06,0.709823191166,0,0,0,0,3.91999383511e-16,2.5765596114e-16
4.54400021583,2500.00273809,-0.000328193333621,4.37555208919e-05,-490.333831787,7.65491422499e-05,1.55390353029e-05,100.805931091,39.4250106812,0.972799658775,0.000116415321827,0.000465661287308,0,0,105.21026559,22.4153448127,101.245318508,19.8403830566,132.227447466,105.464612716,5150.00009909,0.00279396772385,394.629256334,393.817696022,5,70.9882515366,29.7223377856,48.2346913486,-9.15729436723e-05,-2.72848410532e-05,-6.42881026192e-05,2.72848410532e-05,4544,-2.38014331444e-06,2.38014331444e-06,0.692975401878,0,0,0,0,2.6276502565e-16,1.72711950239e-16
4.57600021735,2500.00273809,-0.000265061084193,3.53385767085e-05,-490.333831787,7.62931449572e-05,1.54885892698e-05,100.844474792,39.401966095,0.972826898098,0.000116415321827,0.000465661287308,0,0,110.303879548,23.3428666357,107.723601804,21.5956241979,117.484152725,94.0973404795,5150.00009909,0.00279396772385,409.372500144,405.18498281,5,70.9882515366,33.1222036039,50.0815731357,-0.000256902027429,-0.000220097717829,-3.68043096e-05,0.000220097717829,4576,-2.43101976594e-06,2.43101976594e-06,0.675308406353,0,0,0,0,1.76136650029e-16,1.15772251472e-16
4.60800021887,2500.00273809,-0.000213949469252,2.8524254958e-05,-490.333831787,7.60888578952e-05,1.54468780238e-05,100.863182068,39.3907966614,0.972840189934,0.000116415321827,0.000465661287308,0,0,111.811049177,23.2708142118,110.244863473,22.1404479776,108.218846435,86.5639303811,5149.99916777,0.00279396772385,418.637791881,412.718305597,5,70.9882515366,34.9131296389,51.1664002261,-0.000247977610668,-0.000243744580075,-4.23303059272e-06,-0.00068757799454,4608,-2.31459625866e-06,2.31459625866e-06,0.788414716721,0,0,0,0,1.18067922518e-16,7.76044637957e-17
4.64000022039,2500.00273809,-0.000172666644871,2.30203295359e-05,-490.333831787,7.59243775974e-05,1.54130502779e-05,100.872749329,39.3852081299,0.972846925259,0.000116415321827,0.000465661287308,0,0,111.255966987,22.5938634964,110.405115886,21.9138217068,102.831909317,81.8323751446,5150.00056475,0.00279396772385,424.024736276,417.44983173,5,70.9882515366,36.2382270396,52.182636864,0.000301882990827,0.000349245965481,-4.73629746534e-05,0.000116415321827,4640,-2.32374668485e-06,2.32374668485e-06,0.708930015564,0,0,0,0,7.91432910503e-17,5.20198170803e-17
4.67200022191,2500.00273809,-0.000139377329123,1.85821190826e-05,-490.333831787,7.57910311222e-05,1.53859964485e-05,100.876686096,39.3827362061,0.972849726677,0.000116415321827,0.000465661287308,0,0,109.177703111,21.531977005,108.877019247,21.2012668722,100.280165498,79.1980492068,5150.00009909,0.00279396772385,426.576472819,420.084223151,5,70.9882515366,37.3428483726,53.1288496859,0.000297403018878,0.000380168785341,-8.27657664626e-05,-0.000380168785341,4672,-2.41475822804e-06,2.41475822804e-06,0.69009077549,0,0,0,0,5.30513344652e-17,3.48699244536e-17
4.70400022343,2500.00273809,-0.000112535460117,1.50034966282e-05,-490.333862305,7.56827867008e-05,1.53643959493e-05,100.875999451,39.3833732605,0.97284924984,0.000116415321827,0.000465661287308,0,0,97.1080257348,18.6632496773,105.991787268,20.0385249332,100.059434772,78.7233366282,5150.00056475,0.00279396772385,426.797225373,420.558906626,6,70.7065846655,38.2934995287,53.9709544682,0.000292921270573,0.000336513039656,-4.35917690833e-05,0.000129148247652,4704,-2.38904499383e-06,2.38904499383e-06,0.672727942467,0,0,0,0,3.55613647277e-17,2.33740065284e-17
4.73600022495,2500.00273809,-9.08696867752e-05,1.21149641927e-05,-490.333862305,7.55951477913e-05,1.53470373334e-05,100.875144958,39.3837814331,0.972848594189,0.000116415321827,0.000465661287308,0,0,64.3627105751,11.545468387,103.632301576,18.9429424384,100.059434772,78.7233366282,5150.00009909,0.00279396772385,426.797225373,420.558906626,6,70.7065846655,39.1211033275,54.6862829651,8.1314538436e-05,4.36557456851e-05,3.76587927509e-05,-4.36557456851e-05,4736,-2.40408598984e-06,2.40408598984e-06,0.788120508194,0,0,0,0,2.38374923692e-17,1.56680647337e-17
4.76800022647,2500.00273809,-7.33764229932e-05,9.78272055363e-06,-490.333862305,7.5524483691e-05,1.53329910972e-05,100.874641418,39.3840637207,0.972848236561,0.000116415321827,0.000465661287308,0,0,26.7456081399,3.38732642033,101.4247766,18.0232563416,100.059434772,78.8059842307,5150.00009909,0.00279396772385,426.797225373,420.558906626,6,70.7065846655,39.7677868023,55.2871752006,0.000304783781546,0.00034378899727,-3.9005215724e-05,-0.00034378899727,4768,-2.28375824918e-06,2.28375824918e-06,0.710209131241,0,0,0,0,1.59787455e-17,1.05026162846e-17
4.80000022799,2500.00273809,-5.92451226966e-05,7.89870136941e-06,-490.333862305,7.54675420467e-05,1.53216005856e-05,100.874382019,39.3843421936,0.972848057747,0.000116415321827,0.000465661287308,0,0,4.05499658875,-1.0418814921,99.2826402936,17.2463328193,105.950231955,89.3288088264,5149.99963343,0.00279396772385,426.797225373,420.558906626,6,70.7065846655,32.5357395923,51.9482964592,0.000370425495833,0.000345607986674,2.48175091588e-05,-0.000811269273981,4800,-2.34961180468e-06,2.34961180468e-06,0.692983388901,0,0,0,0,1.07108714116e-17,7.04011351392e-18
4.83200022951,2500.00273809,-4.78328071596e-05,6.37718403595e-06,-490.333862305,7.5421659858e-05,1.53123764903e-05,100.873878479,39.3845901489,0.972847700119,0.000116415321827,0.000465661287308,0,0,3.16839990888,-1.20004083839,97.1912356909,16.4751336439,124.461788801,100.011217,5149.99916777,0.00279396772385,426.797225373,420.558906626,6,70.7065846655,27.9085306829,47.6595232612,0.000238037173306,0.00028740032576,-4.93631524545e-05,-0.00121872290038,4832,-2.30545265367e-06,2.30545265367e-06,0.663042664528,0,0,0,0,7.17970934128e-18,4.71912908752e-18
4.86400023103,2500.00273809,-3.86200897651e-05,5.14892280989e-06,-490.333862305,7.53846034058e-05,1.53049313667e-05,100.873191833,39.3848304749,0.972847223282,0.000116415321827,0.000465661287308,0,0,4.43433253967,-0.900787317045,95.1466733126,15.6496722014,136.728674988,105.783816252,5150.00056475,0.00279396772385,426.797225373,420.558906626,6,70.7065846655,27.298779969,47.2175779578,0.000360193680438,0.000387444742955,-2.72510625177e-05,7.82165443525e-05,4864,-2.38928919316e-06,2.38928919316e-06,0.708319783211,0,0,0,0,4.81270306714e-18,3.16332601881e-18
4.89600023255,2500.00273809,-3.11806934439e-05,4.15708473156e-06,-490.333862305,7.53546482883e-05,1.52989287017e-05,100.873054504,39.385093689,0.972847163677,0.000116415321827,0.000465661287308,0,0,5.30957574843,-0.681764037849,93.1472171762,14.8293710947,145.209778566,110.008775664,5150.00056475,0.00279396772385,426.797225373,420.558906626,6,70.7065846655,27.4489284493,47.0636005048,0.000764080382298,0.000773070496507,-8.99011420863e-06,-0.000307409209199,4896,-2.36694040723e-06,2.36694040723e-06,0.709586083889,0,0,0,0,3.22605133146e-18,2.12044048395e-18
4.92800023407,2500.00273809,-2.5175670576e-05,3.3564806472e-06,-490.333862305,7.53304411774e-05,1.52940901899e-05,100.872383118,39.3853263855,0.97284668684,0.000116415321827,0.000465661287308,0,0,5.9290682862,-0.495065361326,91.1917099604,14.0521710604,151.212661876,113.610192784,5150.00009909,0.00279396772385,426.797225373,420.558906626,6,70.7065846655,27.8075949609,47.0415361633,0.000644837100383,0.000660293153487,-1.5456053104e-05,-0.000660293153487,4928,-2.33891023527e-06,2.33891023527e-06,0.675931096077,0,0,0,0,2.16248628128e-18,1.42137350127e-18
4.96000023559,2500.00273809,-2.03259405834e-05,2.70990290119e-06,-490.333862305,7.53108906792e-05,1.52901848196e-05,100.871925354,39.3855705261,0.972846329212,0.000116415321827,0.000465661287308,0,0,6.37806052924,-0.324411102317,89.2790602668,13.3367815204,155.563393491,116.902112495,5150.00056475,0.00279396772385,426.797225373,420.558906626,6,70.7065846655,28.2305918518,47.092395107,0.000617999901253,0.000653017195873,-3.50172946195e-05,-0.000187355908565,4960,-2.4094310902e-06,2.4094310902e-06,0.665700674057,0,0,0,0,1.4495573025e-18,9.52775063872e-19
4.99200023711,2500.00273809,-1.64112681778e-05,2.18798959395e-06,-490.333862305,7.52951236791e-05,1.5287027054e-05,100.871696472,39.3858146667,0.972846210003,0.000116415321827,0.000465661287308,0,0,6.71159941604,-0.163507194576,87.4083671426,12.69043665,158.795388415,120.005948702,5150.00149608,0.00279396772385,426.797225373,420.558906626,6,70.7065846655,28.6684899038,47.1806924907,0.000950299422486,0.00106228981167,-0.000111990389184,0.000334694050252,4992,-2.37929384639e-06,2.37929384639e-06,0.708869755268,0,0,0,0,9.71667248677e-19,6.38664134699e-19
5.02400023863,2500.03556721,12.0619724839,-1.60813105106,-491.958068848,0.00116678175982,0.000107444517198,100.87134552,39.3860435486,0.97284591198,0.000116415321827,0.000465661287308,1,552.823068574,6.9655147618,-0.0097479764245,85.5786124378,12.11369222,161.255826242,122.971963719,5150.00103042,0.00279396772385,426.797225373,420.558906626,6,70.7065846655,29.1030046355,47.2851425002,0.000893654955592,0.000989530235529,-9.58752799374e-05,-5.82076609135e-05,5024,-2.38167808675e-06,2.38167808675e-06,0.693883955479,0,0,0.0026074370835,0.0016296482645,0.00162602972705,0.00101679563522
5.05600024015,2503.52174044,194.997730432,-25.9975643158,-518.056945801,0.133870229125,0.00291855609976,100.871116638,39.3862838745,0.97284579277,0.000116415321827,0.000465661287308,1,552.823068574,7.16333984002,0.138036577695,83.7889464733,11.6034296883,163.172750035,125.822727568,5150.00056475,0.00279396772385,426.797225373,420.558906626,6,70.7065846655,29.5273857773,47.3933068861,0.000963686047628,0.00100953911897,-4.58530713399e-05,-0.00054387783166,5056,-2.4341027256e-06,2.4341027256e-06,0.674961924553,0,0,0.0104944519699,0.00655903341249,0.00935315154493,0.00585256749764
5.08800024167,2512.09433191,330.354843754,-44.0436973572,-540.30645752,0.470446407795,0.00555133773014,100.871116638,39.3865280151,0.97284579277,0.000116415321827,0.000465661287308,1,552.823068574,7.32071955078,0.280447732505,82.03851957,11.1546828267,164.697761647,128.569838125,5150.00056475,0.00279396772385,426.797225373,420.558906626,6,70.7065846655,29.9392850138,47.4981716252,0.000719284215522,0.000742147676647,-2.28634611243e-05,-0.000276486389339,5088,-2.43872659667e-06,2.43872659667e-06,0.788217842579,0,0,0.0183522365987,0.0114701492712,0.017187230289,0.0107555268332
5.12000024319,2524.45694059,434.492947534,-57.9276390076,-560.252197266,0.920805573463,0.0239464212209,100.870750427,39.3867492676,0.972845494747,0.000116415321827,0.000465661287308,1,552.823068574,7.44821491123,0.417847537267,80.3265992458,10.7616824239,165.933190146,131.220280309,5150.00103042,0.00279396772385,426.797225373,420.558906626,6,70.7065846655,30.3381293634,47.5960914628,0.000951752482381,0.000998625182547,-4.68727001657e-05,-6.73026079312e-05,5120,-2.38182087742e-06,2.38182087742e-06,0.709205567837,0,0,0.0261614788324,0.0163509249687,0.02497632429,0.0156302303076
5.15200024471,2539.72737119,513.732258696,-68.4920120239,-578.304199219,1.43899941444,0.062541179359,100.870613098,39.3869819641,0.972845435143,0.000116415321827,0.000465661287308,1,552.823068574,7.55346753992,0.551558436743,78.6523504712,10.4185439026,166.953090229,133.799563628,5150.00103042,0.00279396772385,426.797225373,420.558906626,6,70.7065846655,30.6897200062,47.6751738461,0.000589631482528,0.00068757799454,-9.79465120121e-05,0.000243744580075,5152,-2.40989129452e-06,2.40989129452e-06,0.690635204315,0,0,0.033903028816,0.021189391613,0.032701279968,0.020464649424
5.18400024623,2557.19362758,573.182420339,-76.4180526733,-594.794494629,2.00465369225,0.117956504226,100.870246887,39.3871955872,0.972845137119,0.000116415321827,0.000465661287308,1,552.823068574,7.65662252326,0.729223836131,77.0148722935,10.1209483657,167.952661286,137.226728839,5150.00056475,0.00279396772385,426.797225373,420.558906626,6,70.7065846655,29.6570688079,47.3678410344,0.000825055607168,0.000807631295174,1.74243119933e-05,-0.000341970007867,5184,-2.32113666243e-06,2.32113666243e-06,0.676854610443,0,0,0.0415579155087,0.0259736962616,0.0403433851898,0.0252470187843
5.21600024775,2576.29924454,617.294339463,-82.299156189,-610.043701172,2.60501742363,0.186230689287,100.869987488,39.3874092102,0.972844958305,0.000116415321827,0.000465661287308,1,552.823068574,7.76826743086,0.966107830707,75.4136300006,9.86745465493,169.03449432,141.796219395,5150.00103042,0.00279396772385,426.797225373,420.558906626,6,70.7065846655,27.0226955763,46.54944496,0.000811587269611,0.000869476934895,-5.78896652836e-05,6.18456397206e-05,5216,-2.34231470131e-06,2.34231470131e-06,0.785945236683,0,0,0.0491073988378,0.0306921247393,0.0478841029108,0.0299657024443
5.24800024927,2596.61115706,649.432302453,-86.5838699341,-624.288024902,3.23055458069,0.264121383429,100.869667053,39.3876113892,0.972844719887,0.000116415321827,0.000465661287308,1,552.823068574,7.87907914019,1.19755268858,73.8476860157,9.65482519973,170.108265593,146.260790643,5150.00149608,0.00279396772385,426.797225373,420.558906626,6,70.7065846655,24.53007437,45.5384542875,0.00113350576147,0.00115960574476,-2.60999832857e-05,0.000237378117163,5248,-2.37916401602e-06,2.37916401602e-06,0.709142327309,0,0,0.0565330386162,0.0353331491351,0.0553051754832,0.0346092358232
5.28000025079,2617.78850108,672.024150845,-89.5958633423,-637.683898926,3.87355303764,0.349159151316,100.869346619,39.3878211975,0.972844541073,0.000116415321827,0.000465661287308,1,552.823068574,13.8686193097,2.90417533666,72.3165349262,9.47888851511,170.411265572,148.599137901,5150.00103042,0.00279396772385,426.797225373,420.558906626,6,70.7065846655,23.8465800066,44.9501167168,0.00110077216786,0.00111867848318,-1.79063153194e-05,-0.000187355908565,5280,-2.32090746977e-06,2.32090746977e-06,0.692970395088,0,0,0.0638166964054,0.0398854352534,0.0625886544585,0.0391663424671
5.31200025231,2639.55630362,686.854997184,-91.5731506348,-650.334655762,4.52767181396,0.439411580563,100.868980408,39.3880195618,0.97284424305,0.000116415321827,0.000465661287308,1,552.823068574,36.663980366,8.96966152977,70.8193783266,9.33895057435,170.411265572,148.599137901,5150.00103042,0.00279396772385,426.797225373,420.558906626,6,70.7065846655,24.0797853621,44.5034893346,0.000911537761938,0.000862200977281,4.93367846577e-05,6.91215973347e-05,5312,-2.39478981712e-06,2.39478981712e-06,0.677073121071,0,0,0.0709406509995,0.0443379059434,0.0697169452906,0.0436259843409
5.34400025383,2661.69011593,695.261871442,-92.693977356,-662.308410645,5.18747329712,0.533388733864,100.873466492,39.3861122131,0.9728474617,0.000116415321827,0.000465661287308,1,552.823068574,73.140284192,16.1216671263,70.7881965675,12.6103498141,169.64461247,136.496368214,5150.00103042,0.00279396772385,427.563878475,432.661559898,6,70.7065846655,24.5028768404,44.5746045443,0.000784933895659,0.000806721800473,-2.17879048137e-05,0.000124600774143,5344,-2.36284381572e-06,2.36284381572e-06,0.665226817131,0,0,0.0778875052929,0.0486796870828,0.076672822237,0.0479773469269
5.37600025535,2684.00181085,698.293093592,-93.0981063843,-673.652709961,5.84828615189,0.629913330078,100.969734192,39.3431777954,0.972915410995,0.000116415321827,0.000465661287308,1,552.823068574,96.0013333191,20.558929594,91.0081792685,17.2715082259,148.036240716,117.669114843,5149.99963343,0.00279396772385,449.172308436,451.488827821,6,70.7065846655,26.6403785645,46.1637355329,0.000273570499587,0.00037471181713,-0.000101141317543,-0.000840373104438,5376,-2.36913297158e-06,2.36913297158e-06,0.708541035652,0,0,0.0846399441361,0.0528999678791,0.0834391564131,0.0522096827626
5.40800025687,2706.33166656,696.664093994,-92.8809204102,-684.384521484,6.5059800148,0.728038370609,101.021369934,39.3201828003,0.972951710224,0.000116415321827,0.000465661287308,1,552.823068574,106.305919502,22.7072956601,102.674603325,20.326674199,128.232321003,102.608595625,5150.00056475,0.00279396772385,468.976300908,466.549303383,6,70.7065846655,30.6422734866,48.688834795,0.000669996502722,0.000660293153487,9.70334923522e-06,-0.000194631866179,5408,-2.42104351855e-06,2.42104351855e-06,0.70899438858,0,0,0.0911810994148,0.0569881908596,0.0899990424514,0.056312404573
5.44000025839,2728.54184732,690.98098902,-92.1232376099,-694.517272949,7.1568903923,0.826996326447,101.045341492,39.3096237183,0.972968578339,0.000116415321827,0.000465661287308,1,552.823068574,110.397622596,23.3728965668,108.075742529,21.7757506796,114.859307359,92.162466899,5150.00009909,0.00279396772385,482.34933638,476.995395729,6,70.7065846655,33.5896620527,50.2620314364,0.000431310986926,0.000503860064782,-7.25490778564e-05,-0.000503860064782,5440,-2.38707093558e-06,2.38707093558e-06,0.676513075829,0,0,0.0974953323603,0.0609345808625,0.0963368266821,0.0602756924927
5.47200025991,2750.51104836,681.82364339,-90.9023590088,-704.068603516,7.79775619507,0.926118373871,101.056663513,39.3044052124,0.972976565361,0.000116415321827,0.000465661287308,1,552.823068574,111.378437978,23.1433275496,109.991388074,22.1214693688,106.577608676,85.3092205944,5150.00056475,0.00279396772385,490.631093271,483.848591102,6,70.7065846655,35.2362585545,51.3222148584,0.000479016826205,0.000494765117764,-1.57482915597e-05,-2.91038304567e-05,5472,-2.35896595768e-06,2.35896595768e-06,0.663530707359,0,0,0.103567495942,0.0647296831012,0.102437369525,0.0640900805593
5.50400026143,2772.13379741,669.453002047,-89.253074646,-713.021606445,8.42565917969,1.02487361431,101.062644958,39.301815033,0.972980737686,0.000116415321827,0.000465661287308,1,552.823068574,110.474833524,22.368678384,109.754671864,21.7700666192,101.88415763,81.0756100691,5150.00056475,0.00279396772385,495.324551594,488.082150696,6,70.7065846655,36.5049054381,52.3272974533,0.000185477411208,0.000227373675443,-4.18962642357e-05,0.000238287611865,5504,-2.37893277699e-06,2.37893277699e-06,0.789049983025,0,0,0.109383024275,0.0683643892407,0.108286112547,0.0677464306355
5.53600026295,2793.31486672,654.354225844,-87.2400665283,-721.39440918,9.03795051575,1.12277019024,101.064720154,39.3008308411,0.972982227802,0.000116415321827,0.000465661287308,1,552.823068574,107.976938031,21.2068868404,107.865571467,20.9737945847,99.8924442683,78.841301729,5149.99916777,0.00279396772385,497.316243127,490.316539072,6,70.7065846655,37.573503505,53.2546218892,0.000125905508241,0.000194631866179,-6.8726357938e-05,-0.00112595444079,5536,-2.39061660068e-06,2.39061660068e-06,0.708595812321,0,0,0.114927969873,0.0718299821019,0.113869003952,0.0712359771132
5.56800026447,2813.97020444,636.745477095,-84.8924255371,-729.174743652,9.63226795197,1.219394207,101.063453674,39.3014335632,0.972981333733,0.000116415321827,0.000465661287308,1,552.823068574,91.0651443943,17.4097349056,105.028881071,19.7609343956,99.8808754957,78.6894452176,5149.99963343,0.00279396772385,497.327826452,490.468461066,7,70.530368248,38.4961385862,54.0706932952,-7.9737105807e-05,-0.000180079950951,0.000100342845144,-0.000285581336357,5568,-2.42471719503e-06,2.42471719503e-06,0.708686709404,0,0,0.120189063251,0.0751181617379,0.119172722101,0.0745503753424
5.60000026599,2834.02414061,616.849283688,-82.2398223877,-736.355224609,10.2065601349,1.31433570385,101.062995911,39.3016929626,0.972980976105,0.000116415321827,0.000465661287308,1,552.823068574,55.8012191505,9.72196358495,102.730059538,18.7049700213,99.8808754957,78.6894452176,5149.99963343,0.00279396772385,497.327826452,490.468461066,7,70.530368248,39.3005939259,54.7603340237,4.39754899162e-05,6.0026650317e-05,-1.60511604008e-05,-0.000525687937625,5600,-2.39384007727e-06,2.39384007727e-06,0.692353606224,0,0,0.125153720379,0.0782210752368,0.124184571207,0.0776816979051
5.63200026751,2853.4072917,594.943354372,-79.3192672729,-742.938842773,10.7589082718,1.40724384785,101.062553406,39.3018836975,0.972980678082,0.000116415321827,0.000465661287308,1,552.823068574,19.8430529535,2.10240121778,100.548999137,17.8185569197,99.8808754957,79.9094777904,5150.00056475,0.00279396772385,497.327826452,490.468461066,7,70.530368248,38.9216875192,55.339478422,0.000158673074679,0.000136424205266,2.22488694135e-05,0.000329237082042,5632,-2.46366903411e-06,2.46366903411e-06,0.67626875639,0,0,0.129810124636,0.0811313390732,0.128892540932,0.0806224569678
5.66400026903,2872.05982022,571.269833017,-76.1630630493,-748.928588867,11.2877340317,1.49777519703,101.062187195,39.3020706177,0.972980439663,0.000116415321827,0.000465661287308,1,552.823068574,2.42204194518,-1.41981061976,98.4276799695,17.0591195742,110.158682219,92.2399412957,5150.00009909,0.00279396772385,497.327826452,490.468461066,7,70.530368248,30.8748240059,50.0302958244,0.000407476719033,0.000363797880709,4.3678838324e-05,-0.000363797880709,5664,-2.39948485614e-06,2.39948485614e-06,0.665320217609,0,0,0.134147197008,0.0838420018554,0.13328538835,0.0833656191826
5.69600027055,2889.92770948,545.972667169,-72.7903823853,-754.317077637,11.7916841507,1.58559465408,101.061729431,39.3022384644,0.972980082035,0.000116415321827,0.000465661287308,1,552.823068574,3.46157239893,-1.12425916548,96.355642191,16.2720694882,127.302628243,101.473044197,5150.00103042,0.00279396772385,497.327826452,490.468461066,7,70.530368248,27.6424816548,47.4603148177,0.000645622222351,0.000603904481977,4.17177403733e-05,0.000327418092638,5696,-2.37625590671e-06,2.37625590671e-06,0.78742313385,0,0,0.138154610991,0.0863466337323,0.137352585793,0.0859046652913
5.72800027207,2906.96229786,519.266119227,-69.2297973633,-759.109130859,12.2696218491,1.67036116123,101.061332703,39.302406311,0.972979843616,0.000116415321827,0.000465661287308,1,552.823068574,4.62686680879,-0.849661389089,94.3298606514,15.4431379121,138.594332384,106.770035927,5150.00103042,0.00279396772385,497.327826452,490.468461066,7,70.530368248,27.3001969617,47.1168641525,0.000927395049644,0.00101863406599,-9.12390163421e-05,-8.73114913702e-05,5728,-2.38326583712e-06,2.38326583712e-06,0.709012269974,0,0,0.141822934151,0.0886393412948,0.141084417701,0.088233537972
5.76000027359,2923.12074453,491.308746859,-65.502456665,-763.30480957,12.7206296921,1.75175213814,101.061149597,39.3025970459,0.972979724407,0.000116415321827,0.000465661287308,1,552.823068574,5.43703494258,-0.639747153135,92.3486286674,14.6297743256,146.444857819,110.819280962,5150.00056475,0.00279396772385,497.327826452,490.468461066,7,70.530368248,27.5177917501,46.9984734082,0.000784277531807,0.000847649062052,-6.33715302456e-05,-0.000381987774745,5760,-2.39621431319e-06,2.39621431319e-06,0.709003031254,0,0,0.145143538713,0.0907147154212,0.144472017884,0.0903467163444
5.79200027511,2938.36812489,462.352705654,-61.6419677734,-766.920654297,13.144030571,1.82945680618,101.060783386,39.3027687073,0.972979426384,0.000116415321827,0.000465661287308,1,552.823068574,6.01336414684,-0.457215641146,90.4107815927,13.8648918919,152.029489982,114.340313303,5150.00056475,0.00279396772385,497.327826452,490.468461066,7,70.530368248,27.8977258859,46.9963160867,0.000647228048933,0.00063118932303,1.60387259029e-05,-0.000165528035723,5792,-2.41118573285e-06,2.41118573285e-06,0.691824913025,0,0,0.148108646274,0.0925679057837,0.147507324815,0.0922391936183
5.82400027663,2952.67417096,432.54182674,-57.6675109863,-769.960876465,13.5393762589,1.90316236019,101.060371399,39.3029289246,0.972979128361,0.000116415321827,0.000465661287308,1,552.823068574,6.43330523786,-0.288866411455,88.515521022,13.1642087594,156.098714797,117.587769637,5150.00103042,0.00279396772385,497.327826452,490.468461066,7,70.530368248,28.3268600469,47.0577833767,0.000940838518204,0.000922227627598,1.86108906064e-05,9.09494701773e-06,5824,-2.3088175567e-06,2.3088175567e-06,0.674891829491,0,0,0.150711357594,0.094194598496,0.150183111429,0.0939065143466
5.85600027815,2966.01303853,402.002013288,-53.5958709717,-772.4296875,13.9063940048,1.97255241871,101.060142517,39.3031005859,0.972979009151,0.000116415321827,0.000465661287308,1,552.823068574,6.74695494915,-0.129519156737,86.6617775315,12.5331471261,159.137984156,120.661577967,5150.00056475,0.00279396772385,497.327826452,490.468461066,7,70.530368248,28.7653256237,47.1510393254,0.000979577308158,0.00107138475869,-9.18074505307e-05,-0.000605723471381,5856,-2.46844183494e-06,2.46844183494e-06,0.66482180357,0,0,0.152945667505,0.0955910384655,0.152492970228,0.0953447595239
5.88800027966,2978.36307436,370.835827198,-49.4407196045,-774.33013916,14.2450361252,2.03728938103,101.059791565,39.3032569885,0.972978770733,0.000116415321827,0.000465661287308,1,552.823068574,6.986968702,0.0230047741429,84.8485549456,11.9712290476,161.463714903,123.603764223,5150.00103042,0.00279396772385,497.327826452,490.468461066,7,70.530368248,29.1983214993,47.2571227874,0.000799298405241,0.000862200977281,-6.290257204e-05,6.91215973347e-05,5888,-2.32717707149e-06,2.32717707149e-06,0.662963628769,0,0,0.154806450009,0.0967540293932,0.154431551695,0.0965505689383
5.92000028118,2989.70961012,339.239253663,-45.228187561,-775.681213379,14.5554113388,2.09707331657,101.059288025,39.3034057617,0.972978413105,0.000116415321827,0.000465661287308,1,552.823068574,7.17485811959,0.169709815021,83.0751207824,11.4748159194,163.284363225,126.433704281,5150.00056475,0.00279396772385,497.327826452,490.468461066,7,70.530368248,29.6204143524,47.3650252388,0.000772446995256,0.000771251507103,1.19548815292e-06,-0.000305590219796,5920,-2.40451390709e-06,2.40451390709e-06,0.788327753544,0,0,0.156289502978,0.0976809486747,0.155994236469,0.0975211337209
5.9520002827,3000.04053861,307.363749016,-40.9784698486,-776.497131348,14.8377933502,2.15159392357,101.058921814,39.3035583496,0.972978115082,0.000116415321827,0.000465661287308,1,552.823068574,7.32496519962,0.31112367841,81.3406326875,11.0387126128,164.738899912,129.161577206,5150.00103042,0.00279396772385,497.327826452,490.468461066,7,70.530368248,30.0298033835,47.4686021334,0.00102573771699,0.000980435288511,4.53024284752e-05,-4.91127138957e-05,5952,-2.40919325734e-06,2.40919325734e-06,0.708312928677,0,0,0.157391637564,0.098369769752,0.157177358866,0.0982542410493
5.98400028422,3009.34701227,275.287922705,-36.7020454407,-776.783935547,15.0925807953,2.20053911209,101.058876038,39.303730011,0.972978115082,0.000116415321827,0.000465661287308,1,552.823068574,7.44699258188,0.447584303897,79.6442336571,10.6570546939,165.921344887,131.793902256,5150.00009909,0.00279396772385,497.327826452,490.468461066,7,70.530368248,30.4261084239,47.5647211715,0.000882677042569,0.000851287040859,3.1390001709e-05,-0.000851287040859,5984,-2.47558341471e-06,2.47558341471e-06,0.789137005806,0,0,0.158110409975,0.0988190099597,0.157978177071,0.0987482517958
6.00000028498,3013.61456513,259.171647485,-34.5533828735,-776.727783203,15.2097845078,2.222833395,101.058692932,39.3037986755,0.972977995872,0.000116415321827,0.000465661287308,1,552.823068574,7.49965712263,0.514036530874,78.8100977964,10.4848106342,166.431666003,133.075765916,5150.00103042,0.00279396772385,497.327826452,490.468461066,7,70.530368248,30.6193869619,47.6095156046,0.00106152064916,0.00111685949378,-5.53388446178e-05,-0.000185536919162,6000,-2.40027202381e-06,2.40027202381e-06,0.787784159184,0,0,0.158325597644,0.0989534929395,0.158234626055,0.0989052206278
