rigid_source_rest_frames=passed source_body_count=103 maximum_COM_position_residual_m=6.26739049493e-08 maximum_orientation_unit_witness_residual_m=1.05692510994e-07 allowed_rest_reconstruction_residual_m=1e-06 rigid_sha256=2c78cb4150b97cea6e8169dad9e8f5dd59af667b247e07b56e48e857435560e4 boundary=consumed_reference_frame_join_not_source_authentication_or_loaded_motion
resting_mass_calibration source_composite_kg=97.1319506911 declared_reference_kg=72 executed_kg=71.9999993989 uniform_mass_inertia_scale=0.741259694099 measured_person=false additional_organ_or_blood_mass_kg=0
bone_orientation_semantics=unit_normalized_once_at_load bone_count=185 maximum_raw_norm_error=5.96046447754e-08 norm_admission_tolerance=0.00200000009499 bone_sha256=7d94e2f28ac6cea30c6c11a79919077acc40281636eb20b11b50b50aebd3ec49
tendon_bone_geometry=checked_bodyparts_subset bodyparts_envelope_count=160 fixed_sibling_envelope_count=0 external_surface_unverified_count=0 maximum_node_residual_m=2.77883934062e-07 allowed_point_residual_m=1e-06 tendon_sha256=52819336540a36621b60bd03b5084bd1d300ed2971673cfd0ccdb7eecfcb52b5 bone_sha256=7d94e2f28ac6cea30c6c11a79919077acc40281636eb20b11b50b50aebd3ec49 rigid_sha256=2c78cb4150b97cea6e8169dad9e8f5dd59af667b247e07b56e48e857435560e4 boundary=consumed_rest_surface_binding_not_loaded_or_clinical_qualification
tendon_payload=NHTENDON2 tendon_endpoints=832 tendon_point_bindings=672 tendon_triangle_bindings=0 tendon_envelope_bindings=160 tendon_migrated_envelope_bindings=0 tendon_max_reference_path_delta_m=0 tendon_max_architecture_scale_change=0 tendon_muscle_payload_sha256=e5bb8a8168706bb3b23cf42b1d849659569ba2e6027bcc85729c3110fdbb8c4b tendon_geometry_identity_verified=true tendon_bone_payload_sha256=7d94e2f28ac6cea30c6c11a79919077acc40281636eb20b11b50b50aebd3ec49
joint_equality_payload=NHEQ1 joint_equalities=51
pose_joint_ranges=passed enabled_range_count=118 failed_range_count=0 rigid_sha256=2c78cb4150b97cea6e8169dad9e8f5dd59af667b247e07b56e48e857435560e4 equality_sha256=0e3c593792a8c4ccd619f1999f6685b68e6ff0fd5ae5f6f0bca66b594a0e9b88 bone_sha256=7d94e2f28ac6cea30c6c11a79919077acc40281636eb20b11b50b50aebd3ec49 boundary=consumed_enabled_native_limits_after_NHEQ_projection_not_disabled_source_limits_or_loaded_motion
pose_q_override_count=0 root_pose_override=1 pose_q_equality_maximum_correction=0.0105060003698
resting_hand_model=rigid_reference_digits source_equalities=51 derived_internal_equalities=40 wrist_dofs=free root_constraint_rows=0 hand_function_simulated=0 body_mass_inertia_preserved=1
runtime=Numi Matter runtime initialized with eligible dense45 vascular solve device=Apple M4 Pro world_fingerprint=6434571789366693551 timestep_s=0.00200000009499
resting_body_source_fingerprint=7615292213879752500 coupled_program_fingerprint=12943794728695691240
resting_passive_viscera=shared_torso_pelvis_field source_surfaces=79 caudal_m=-0.397011578083 cranial_m=-0.259147137403 upper_body=20 lower_body=128 independent_forces=false independent_mass=false organ_physiology=false
resting_lung_motion=basal_superior_sweep_v1 blend_start_m=-0.052405 blend_span_m=0.06 effective_area_m2=0.0187674622972
resting_initial_anatomical_registration={"body_poses":[{"body_index":20,"position_m":[-0.025000007823109627,-0.44271242618560791,0.096546053886413574],"quaternion_xyzw":[0.0061705871485173702,-0.70707988739013672,-0.0061705652624368668,0.70707988739013672]},{"body_index":128,"position_m":[-0.025055751204490662,-0.83042281866073608,0.11920696496963501],"quaternion_xyzw":[0.0058914260007441044,-0.70680069923400879,-0.005886733066290617,0.7073637843132019]}],"coordinate_source":"source pack transformed by native initialBodies before physical stepping","surfaces":[{"role":"upper_visceral_anchor","semantic":51010,"source_body_index":20,"stable_id":2,"torso_local_max_m":[0.1489698737859726,-0.06762242317199707,0.029034055769443512],"torso_local_min_m":[0.035220548510551453,-0.18552298843860626,-0.10645896196365356]},{"role":"upper_visceral_anchor","semantic":51010,"source_body_index":20,"stable_id":3,"torso_local_max_m":[0.10061360895633698,-0.14701209962368011,0.048073172569274902],"torso_local_min_m":[0.049258694052696228,-0.22006693482398987,-0.073210462927818298]},{"role":"upper_visceral_anchor","semantic":51010,"source_body_index":20,"stable_id":4,"torso_local_max_m":[0.065826825797557831,-0.15392428636550903,0.088104061782360077],"torso_local_min_m":[0.018313027918338776,-0.25914710760116577,0.030521268025040627]},{"role":"upper_visceral_anchor","semantic":51010,"source_body_index":20,"stable_id":5,"torso_local_max_m":[0.054068014025688171,-0.1345781683921814,-0.033227771520614624],"torso_local_min_m":[0.013165432959794998,-0.24133054912090302,-0.091208852827548981]},{"role":"upper_visceral_anchor","semantic":51010,"source_body_index":20,"stable_id":13,"torso_local_max_m":[0.095457650721073151,-0.10293921083211899,-0.056195467710494995],"torso_local_min_m":[-0.00033182650804519653,-0.17370373010635376,-0.11487260460853577]},{"role":"upper_visceral_anchor","semantic":51010,"source_body_index":20,"stable_id":14,"torso_local_max_m":[0.091583244502544403,-0.057399556040763855,0.032167300581932068],"torso_local_min_m":[0.054899297654628754,-0.13517054915428162,-0.011148050427436829]},{"role":"upper_visceral_anchor","semantic":51010,"source_body_index":20,"stable_id":15,"torso_local_max_m":[0.14529798924922943,-0.054803524166345596,-0.00016997754573822021],"torso_local_min_m":[0.044483475387096405,-0.10827997326850891,-0.081781387329101562]},{"role":"upper_visceral_anchor","semantic":51010,"source_body_index":20,"stable_id":16,"torso_local_max_m":[0.14555037021636963,-0.076950214803218842,0.0034730583429336548],"torso_local_min_m":[0.070841141045093536,-0.14232207834720612,-0.066602751612663269]},{"role":"upper_visceral_anchor","semantic":51010,"source_body_index":20,"stable_id":17,"torso_local_max_m":[0.14544790983200073,-0.046261340379714966,0.04582890123128891],"torso_local_min_m":[0.071815699338912964,-0.16987395286560059,-0.010366916656494141]},{"role":"upper_visceral_anchor","semantic":51010,"source_body_index":20,"stable_id":18,"torso_local_max_m":[0.14095832407474518,-0.1117347925901413,0.10171232372522354],"torso_local_min_m":[0.058839522302150726,-0.18475639820098877,0.027744609862565994]},{"role":"upper_visceral_anchor","semantic":51010,"source_body_index":20,"stable_id":19,"torso_local_max_m":[0.11320210993289948,-0.11827600747346878,0.11058175563812256],"torso_local_min_m":[-0.0012684613466262817,-0.20231522619724274,0.021600734442472458]},{"role":"upper_visceral_anchor","semantic":51010,"source_body_index":20,"stable_id":20,"torso_local_max_m":[0.10111340880393982,-0.050926655530929565,0.11093625426292419],"torso_local_min_m":[-0.0022434890270233154,-0.13834927976131439,0.019856229424476624]},{"role":"upper_visceral_anchor","semantic":51010,"source_body_index":20,"stable_id":21,"torso_local_max_m":[0.14313989877700806,-0.043088436126708984,0.10617084801197052],"torso_local_min_m":[0.025023393332958221,-0.12118934094905853,0.018454927951097488]},{"role":"upper_visceral_anchor","semantic":51010,"source_body_index":20,"stable_id":22,"torso_local_max_m":[0.15336306393146515,-0.041172627359628677,0.11002320796251297],"torso_local_min_m":[0.02455456554889679,-0.11670317500829697,0.017514020204544067]},{"role":"upper_visceral_anchor","semantic":51010,"source_body_index":20,"stable_id":461,"torso_local_max_m":[0.13303953409194946,-0.13353027403354645,0.063625447452068329],"torso_local_min_m":[0.084262087941169739,-0.17424784600734711,0.026906765997409821]},{"role":"pelvic_anchor","semantic":51010,"source_body_index":20,"stable_id":462,"torso_local_max_m":[0.08233652263879776,-0.39701157808303833,0.034268602728843689],"torso_local_min_m":[0.010075983591377735,-0.43757495284080505,-0.033010013401508331]},{"role":"pelvic_anchor","semantic":51010,"source_body_index":20,"stable_id":463,"torso_local_max_m":[0.050315443426370621,-0.4348473846912384,0.01782398484647274],"torso_local_min_m":[0.018116317689418793,-0.4553583562374115,-0.016720972955226898]}],"torso_body_index":20}
resting_support_geometry=full_registered_skin vertices=54949 regions=32 full_b2026-10-06 05:26:23.230 numi-human-native[68940:16256781] +[NSXPCSharedListener endpointForReply:withListenerName:replyErrorCode:]: an error occurred while attempting to obtain endpoint for listener 'ClientCallsAuxiliary': Connection interrupted
2026-10-06 05:26:24.171 numi-human-native[68940:16256781] Human native framebuffer output: recording; window drawable unavailable
inding_count=86 region_sizes=[6907,1222,2796,2044,1525,1394,710,777,1891,1262,810,832,890,483,1328,1266,835,700,870,3097,4320,2043,1882,579,1199,1219,962,632,868,3302,4308,1996] force_owner=existing_metal_stand partition=source_rest_voronoi
accepted_geometry_export=/Users/n/numi-human-resting-evidence-20261005/native-drive-study-100/study/trials/resting-drive-half/output/scene/accepted-geometry/step-0.mrvpack receipt=/Users/n/numi-human-resting-evidence-20261005/native-drive-study-100/study/trials/resting-drive-half/output/scene/accepted-geometry/step-0.receipt.json accepted_root=0xb3a198ba017af7e9 pack_sha256=4e086fbd53323ee530b3d77dc32eb7bc69aa58d85740516bd4d8318cc38edd63 receipt_sha256=2589526578e21a5bbbfd743f9fd11d436ad3ca76db035bf23fee4a9b594a40f0
resting_initialization=dynamic_release recruitment_activation_cap=0.01 normalized_residual_rms=146.157054343 maximum_acceleration_residual=576.853445741 balanced=false qualification=initialization_transient_not_static_equilibrium
compiled_support_geometry=admissible compiled_support_min_gap_m=-1.38777878078e-17 compiled_support_gap_tolerance_m=1e-06 compiled_support_activation_distance_m=0.002 compiled_support_separated_witnesses=31 compiled_support_max_separated_force_n=0 compiled_support_rejected_pose_candidates=0
human_stand_solver_path=split_candidate
resting_integrated_rejection=pass rejected_after_accepted_predecessor=true body_q_v_root_myo_unchanged=true circulation_and_clock_unchanged=true respiration_brain_history_unchanged=true retry_matches_uninterrupted_replay=true same_command_buffer_reject=pass accepted_prefix=2 rejected_step=2 inert_suffix=1
resting_native_profile step=32 command_ms=709.534917 gpu_ms=708.977292292 host_copy_ms=0.007208 full_state_readback=0
resting_native_profile step=64 command_ms=829.205125 gpu_ms=828.545083292 host_copy_ms=0.008833 full_state_readback=0
resting_native_profile step=96 command_ms=833.321 gpu_ms=832.714333199 host_copy_ms=0.00725 full_state_readback=0
resting_native_profile step=128 command_ms=821.843125 gpu_ms=821.273833513 host_copy_ms=0.006833 full_state_readback=0
resting_native_profile step=160 command_ms=818.692958 gpu_ms=818.14420782 host_copy_ms=0.008625 full_state_readback=0
resting_native_profile step=192 command_ms=790.836958 gpu_ms=790.297082625 host_copy_ms=0.011834 full_state_readback=0
resting_native_profile step=224 command_ms=747.198 gpu_ms=746.613875031 host_copy_ms=0.009292 full_state_readback=0
resting_native_profile step=256 command_ms=766.276792 gpu_ms=765.682458878 host_copy_ms=0.007167 full_state_readback=0
resting_native_profile step=288 command_ms=804.364458 gpu_ms=803.790125065 host_copy_ms=0.006875 full_state_readback=0
resting_native_profile step=320 command_ms=856.150584 gpu_ms=855.492500588 host_copy_ms=0.00875 full_state_readback=0
resting_native_profile step=352 command_ms=829.994667 gpu_ms=829.457249492 host_copy_ms=0.007708 full_state_readback=0
resting_native_profile step=384 command_ms=877.476 gpu_ms=876.924499869 host_copy_ms=0.007667 full_state_readback=0
resting_native_profile step=416 command_ms=835.031291 gpu_ms=834.830999374 host_copy_ms=0.007459 full_state_readback=0
resting_native_profile step=448 command_ms=831.949375 gpu_ms=831.412625499 host_copy_ms=0.00875 full_state_readback=0
resting_native_profile step=480 command_ms=827.225458 gpu_ms=826.659041457 host_copy_ms=0.008042 full_state_readback=0
resting_native_profile step=512 command_ms=825.003291 gpu_ms=824.455374852 host_copy_ms=0.007334 full_state_readback=0
resting_native_profile step=544 command_ms=828.135083 gpu_ms=827.568874694 host_copy_ms=0.006542 full_state_readback=0
resting_native_profile step=576 command_ms=839.627625 gpu_ms=839.038291946 host_copy_ms=4.882125 full_state_readback=0
resting_native_profile step=608 command_ms=834.419167 gpu_ms=833.797457628 host_copy_ms=0.007208 full_state_readback=0
resting_native_profile step=640 command_ms=825.473625 gpu_ms=825.162000023 host_copy_ms=0.0065 full_state_readback=0
resting_native_profile step=672 command_ms=827.814584 gpu_ms=827.20525004 host_copy_ms=0.007333 full_state_readback=0
resting_native_profile step=704 command_ms=833.793666 gpu_ms=833.187124692 host_copy_ms=0.021292 full_state_readback=0
resting_native_profile step=736 command_ms=831.875125 gpu_ms=831.309291534 host_copy_ms=0.007291 full_state_readback=0
resting_native_profile step=768 command_ms=831.066458 gpu_ms=830.499875359 host_copy_ms=0.007 full_state_readback=0
resting_native_profile step=800 command_ms=832.957167 gpu_ms=832.779332995 host_copy_ms=0.0065 full_state_readback=0
resting_native_profile step=832 command_ms=833.123834 gpu_ms=832.599500194 host_copy_ms=0.008458 full_state_readback=0
resting_native_profile step=864 command_ms=828.999292 gpu_ms=828.45020853 host_copy_ms=0.008 full_state_readback=0
resting_native_profile step=896 command_ms=836.114 gpu_ms=835.563957691 host_copy_ms=0.007167 full_state_readback=0
resting_native_profile step=928 command_ms=836.575208 gpu_ms=835.973707959 host_copy_ms=0.006708 full_state_readback=0
resting_native_profile step=960 command_ms=830.46725 gpu_ms=830.276875757 host_copy_ms=2.225667 full_state_readback=0
resting_native_profile step=992 command_ms=837.822042 gpu_ms=837.280833162 host_copy_ms=0.02425 full_state_readback=0
resting_native_profile step=1024 command_ms=835.283709 gpu_ms=834.645541385 host_copy_ms=0.006583 full_state_readback=0
resting_native_profile step=1056 command_ms=837.468458 gpu_ms=837.252874859 host_copy_ms=0.0085 full_state_readback=0
resting_native_profile step=1088 command_ms=838.953417 gpu_ms=838.348625228 host_copy_ms=0.006791 full_state_readback=0
resting_native_profile step=1120 command_ms=833.370375 gpu_ms=833.150375634 host_copy_ms=0.008125 full_state_readback=0
resting_native_profile step=1152 command_ms=837.735917 gpu_ms=837.138459086 host_copy_ms=0.00525 full_state_readback=0
resting_native_profile step=1184 command_ms=845.54125 gpu_ms=844.93462462 host_copy_ms=0.008584 full_state_readback=0
resting_native_profile step=1216 command_ms=837.248375 gpu_ms=836.643916555 host_copy_ms=0.006334 full_state_readback=0
resting_native_profile step=1248 command_ms=840.688375 gpu_ms=840.490999632 host_copy_ms=0.008292 full_state_readback=0
resting_native_profile step=1280 command_ms=845.558958 gpu_ms=844.965875149 host_copy_ms=0.008208 full_state_readback=0
resting_native_profile step=1312 command_ms=854.36875 gpu_ms=853.739250451 host_copy_ms=0.008709 full_state_readback=0
resting_native_profile step=1344 command_ms=838.798292 gpu_ms=838.594250381 host_copy_ms=0.011833 full_state_readback=0
resting_native_profile step=1376 command_ms=843.913667 gpu_ms=843.283750117 host_copy_ms=0.006125 full_state_readback=0
resting_native_profile step=1408 command_ms=839.801875 gpu_ms=839.170499705 host_copy_ms=0.007708 full_state_readback=0
resting_native_profile step=1440 command_ms=844.70675 gpu_ms=844.085209072 host_copy_ms=0.009208 full_state_readback=0
resting_native_profile step=1472 command_ms=832.776708 gpu_ms=832.159750164 host_copy_ms=0.007292 full_state_readback=0
resting_native_profile step=1504 command_ms=835.511792 gpu_ms=834.969874471 host_copy_ms=0.00725 full_state_readback=0
resting_native_profile step=1536 command_ms=845.189958 gpu_ms=844.528000802 host_copy_ms=0.007292 full_state_readback=0
resting_native_profile step=1568 command_ms=842.910042 gpu_ms=842.32512489 host_copy_ms=0.008583 full_state_readback=0
resting_native_profile step=1600 command_ms=838.776125 gpu_ms=838.240125217 host_copy_ms=0.006458 full_state_readback=0
resting_native_profile step=1632 command_ms=839.887708 gpu_ms=839.266125113 host_copy_ms=0.006292 full_state_readback=0
resting_native_profile step=1664 command_ms=841.849291 gpu_ms=841.289249249 host_copy_ms=0.007084 full_state_readback=0
resting_native_profile step=1696 command_ms=838.734875 gpu_ms=838.551833294 host_copy_ms=0.008708 full_state_readback=0
resting_native_profile step=1728 command_ms=833.548083 gpu_ms=832.939708605 host_copy_ms=0.010708 full_state_readback=0
resting_native_profile step=1760 command_ms=848.303667 gpu_ms=847.664500587 host_copy_ms=0.0065 full_state_readback=0
resting_native_profile step=1792 command_ms=839.997625 gpu_ms=839.418166317 host_copy_ms=0.006167 full_state_readback=0
resting_native_profile step=1824 command_ms=836.266042 gpu_ms=835.654499941 host_copy_ms=0.007958 full_state_readback=0
resting_native_profile step=1856 command_ms=844.802125 gpu_ms=844.372999854 host_copy_ms=0.0075 full_state_readback=0
resting_native_profile step=1888 command_ms=832.1825 gpu_ms=831.619958393 host_copy_ms=0.007458 full_state_readback=0
resting_native_profile step=1920 command_ms=838.008042 gpu_ms=837.809625082 host_copy_ms=0.0075 full_state_readback=0
resting_native_profile step=1952 command_ms=832.486166 gpu_ms=831.904250197 host_copy_ms=0.008584 full_state_readback=0
resting_native_profile step=1984 command_ms=834.820375 gpu_ms=834.18241702 host_copy_ms=0.008917 full_state_readback=0
resting_native_profile step=2016 command_ms=831.036333 gpu_ms=830.460750498 host_copy_ms=0.007417 full_state_readback=0
resting_native_profile step=2048 command_ms=839.036791 gpu_ms=838.4586256 host_copy_ms=0.007209 full_state_readback=0
resting_native_profile step=2080 command_ms=839.413417 gpu_ms=838.789583184 host_copy_ms=0.008292 full_state_readback=0
resting_native_profile step=2112 command_ms=859.0995 gpu_ms=858.559125103 host_copy_ms=0.010083 full_state_readback=0
resting_native_profile step=2144 command_ms=863.296292 gpu_ms=862.724292092 host_copy_ms=0.006833 full_state_readback=0
resting_native_profile step=2176 command_ms=865.875833 gpu_ms=865.291750059 host_copy_ms=0.009083 full_state_readback=0
resting_native_profile step=2208 command_ms=860.451209 gpu_ms=859.899374656 host_copy_ms=0.007541 full_state_readback=0
resting_native_profile step=2240 command_ms=865.03025 gpu_ms=864.457500167 host_copy_ms=0.007625 full_state_readback=0
resting_native_profile step=2272 command_ms=866.079834 gpu_ms=865.887125023 host_copy_ms=0.0075 full_state_readback=0
resting_native_profile step=2304 command_ms=868.70825 gpu_ms=868.155875243 host_copy_ms=0.008125 full_state_readback=0
resting_native_profile step=2336 command_ms=869.287834 gpu_ms=868.639624678 host_copy_ms=0.007416 full_state_readback=0
resting_native_profile step=2368 command_ms=864.859291 gpu_ms=864.277792163 host_copy_ms=0.007417 full_state_readback=0
resting_native_profile step=2400 command_ms=860.452625 gpu_ms=859.861167148 host_copy_ms=0.007583 full_state_readback=0
resting_native_profile step=2432 command_ms=865.050709 gpu_ms=864.477084018 host_copy_ms=0.008833 full_state_readback=0
resting_native_profile step=2464 command_ms=866.40275 gpu_ms=865.82591664 host_copy_ms=0.011416 full_state_readback=0
resting_native_profile step=2496 command_ms=866.815334 gpu_ms=866.270124912 host_copy_ms=0.006916 full_state_readback=0
resting_native_profile step=2528 command_ms=864.060458 gpu_ms=863.519874401 host_copy_ms=0.007917 full_state_readback=0
resting_native_profile step=2560 command_ms=857.743208 gpu_ms=857.172957622 host_copy_ms=0.008792 full_state_readback=0
resting_native_profile step=2592 command_ms=862.762083 gpu_ms=862.211458385 host_copy_ms=0.006917 full_state_readback=0
resting_native_profile step=2624 command_ms=857.544042 gpu_ms=856.970874593 host_copy_ms=0.006791 full_state_readback=0
resting_native_profile step=2656 command_ms=855.799 gpu_ms=855.575624853 host_copy_ms=0.008375 full_state_readback=0
resting_native_profile step=2688 command_ms=863.661875 gpu_ms=863.04004211 host_copy_ms=0.00675 full_state_readback=0
resting_native_profile step=2720 command_ms=858.448541 gpu_ms=857.801750302 host_copy_ms=0.008459 full_state_readback=0
resting_native_profile step=2752 command_ms=869.525334 gpu_ms=868.9793339 host_copy_ms=0.007125 full_state_readback=0
resting_native_profile step=2784 command_ms=871.574125 gpu_ms=871.013458818 host_copy_ms=0.008542 full_state_readback=0
resting_native_profile step=2816 command_ms=860.683833 gpu_ms=860.137875192 host_copy_ms=0.009875 full_state_readback=0
resting_native_profile step=2848 command_ms=870.57075 gpu_ms=869.961000048 host_copy_ms=0.007166 full_state_readback=0
resting_native_profile step=2880 command_ms=860.428542 gpu_ms=859.846416861 host_copy_ms=0.007916 full_state_readback=0
resting_native_profile step=2912 command_ms=868.946833 gpu_ms=868.322875351 host_copy_ms=0.008667 full_state_readback=0
resting_native_profile step=2944 command_ms=869.348625 gpu_ms=868.810375221 host_copy_ms=0.007416 full_state_readback=0
resting_native_profile step=2976 command_ms=867.105666 gpu_ms=866.508500651 host_copy_ms=0.00675 full_state_readback=0
resting_native_profile step=3008 command_ms=867.591708 gpu_ms=866.960958578 host_copy_ms=0.007209 full_state_readback=0
resting_native_profile step=3040 command_ms=857.183542 gpu_ms=856.656500138 host_copy_ms=0.008625 full_state_readback=0
resting_native_profile step=3072 command_ms=864.860833 gpu_ms=864.271666855 host_copy_ms=0.007667 full_state_readback=0
resting_native_profile step=3104 command_ms=871.670416 gpu_ms=871.10429164 host_copy_ms=0.007 full_state_readback=0
resting_native_profile step=3136 command_ms=862.527958 gpu_ms=861.88804172 host_copy_ms=0.008458 full_state_readback=0
resting_native_profile step=3168 command_ms=866.358208 gpu_ms=865.744750015 host_copy_ms=0.009584 full_state_readback=0
resting_native_profile step=3200 command_ms=859.809583 gpu_ms=859.217500314 host_copy_ms=0.007667 full_state_readback=0
resting_native_profile step=3232 command_ms=866.408542 gpu_ms=865.769749507 host_copy_ms=0.007541 full_state_readback=0
resting_native_profile step=3264 command_ms=866.26325 gpu_ms=865.617708303 host_copy_ms=0.008917 full_state_readback=0
resting_native_profile step=3296 command_ms=864.017125 gpu_ms=863.811999559 host_copy_ms=0.0065 full_state_readback=0
resting_native_profile step=3328 command_ms=856.329375 gpu_ms=855.79800047 host_copy_ms=0.006708 full_state_readback=0
resting_native_profile step=3360 command_ms=864.994875 gpu_ms=864.374250174 host_copy_ms=0.007042 full_state_readback=0
resting_native_profile step=3392 command_ms=861.423458 gpu_ms=860.85112486 host_copy_ms=0.009083 full_state_readback=0
resting_native_profile step=3424 command_ms=869.302458 gpu_ms=868.723499589 host_copy_ms=0.006959 full_state_readback=0
resting_native_profile step=3456 command_ms=864.283666 gpu_ms=863.764375448 host_copy_ms=0.006292 full_state_readback=0
resting_native_profile step=3488 command_ms=867.958292 gpu_ms=867.414541543 host_copy_ms=0.006375 full_state_readback=0
resting_native_profile step=3520 command_ms=859.18375 gpu_ms=858.562625013 host_copy_ms=0.011833 full_state_readback=0
resting_native_profile step=3552 command_ms=863.775667 gpu_ms=863.171249628 host_copy_ms=0.007833 full_state_readback=0
resting_native_profile step=3584 command_ms=861.411625 gpu_ms=860.818750225 host_copy_ms=0.006583 full_state_readback=0
resting_native_profile step=3616 command_ms=858.00175 gpu_ms=857.368417084 host_copy_ms=0.008292 full_state_readback=0
resting_native_profile step=3648 command_ms=863.882292 gpu_ms=863.309875131 host_copy_ms=0.007375 full_state_readback=0
resting_native_profile step=3680 command_ms=865.311167 gpu_ms=864.760291763 host_copy_ms=0.007417 full_state_readback=0
resting_native_profile step=3712 command_ms=867.24675 gpu_ms=866.617875174 host_copy_ms=0.008875 full_state_readback=0
resting_native_profile step=3744 command_ms=871.316375 gpu_ms=870.731250383 host_copy_ms=0.008958 full_state_readback=0
resting_native_profile step=3776 command_ms=864.164041 gpu_ms=863.518625498 host_copy_ms=0.00725 full_state_readback=0
resting_native_profile step=3808 command_ms=857.239791 gpu_ms=856.591874734 host_copy_ms=0.006667 full_state_readback=0
resting_native_profile step=3840 command_ms=865.731375 gpu_ms=865.164250135 host_copy_ms=0.007417 full_state_readback=0
resting_native_profile step=3872 command_ms=860.009625 gpu_ms=859.336541966 host_copy_ms=0.011667 full_state_readback=0
resting_native_profile step=3904 command_ms=864.869125 gpu_ms=864.310458302 host_copy_ms=0.007584 full_state_readback=0
resting_native_profile step=3936 command_ms=866.180583 gpu_ms=865.538083017 host_copy_ms=0.007 full_state_readback=0
resting_native_profile step=3968 command_ms=864.394042 gpu_ms=863.740166649 host_copy_ms=0.007958 full_state_readback=0
resting_native_profile step=4000 command_ms=859.376375 gpu_ms=858.759499155 host_copy_ms=0.008458 full_state_readback=0
resting_native_profile step=4032 command_ms=865.192166 gpu_ms=864.572750404 host_copy_ms=0.0065 full_state_readback=0
resting_native_profile step=4064 command_ms=866.367542 gpu_ms=865.75199943 host_copy_ms=0.007 full_state_readback=0
resting_native_profile step=4096 command_ms=865.785666 gpu_ms=865.554416552 host_copy_ms=0.007542 full_state_readback=0
resting_native_profile step=4128 command_ms=858.6775 gpu_ms=858.139500022 host_copy_ms=0.007834 full_state_readback=0
resting_native_profile step=4160 command_ms=863.011167 gpu_ms=862.810125574 host_copy_ms=0.0075 full_state_readback=0
resting_native_profile step=4192 command_ms=867.945375 gpu_ms=867.401000112 host_copy_ms=0.006916 full_state_readback=0
resting_native_profile step=4224 command_ms=863.988875 gpu_ms=863.376916386 host_copy_ms=0.023833 full_state_readback=0
resting_native_profile step=4256 command_ms=865.184416 gpu_ms=864.557749592 host_copy_ms=0.008209 full_state_readback=0
resting_native_profile step=4288 command_ms=865.985708 gpu_ms=865.339125507 host_copy_ms=0.006625 full_state_readback=0
resting_native_profile step=4320 command_ms=861.663917 gpu_ms=861.483874731 host_copy_ms=0.0065 full_state_readback=0
resting_native_profile step=4352 command_ms=861.330417 gpu_ms=860.756292008 host_copy_ms=0.008625 full_state_readback=0
resting_native_profile step=4384 command_ms=864.129916 gpu_ms=863.573458046 host_copy_ms=0.007667 full_state_readback=0
resting_native_profile step=4416 command_ms=861.181625 gpu_ms=860.635583289 host_copy_ms=0.006916 full_state_readback=0
resting_native_profile step=4448 command_ms=869.833375 gpu_ms=869.246291928 host_copy_ms=0.006667 full_state_readback=0
resting_native_profile step=4480 command_ms=860.204458 gpu_ms=859.643667005 host_copy_ms=0.008834 full_state_readback=0
resting_native_profile step=4512 command_ms=872.807958 gpu_ms=872.271750122 host_copy_ms=0.008083 full_state_readback=0
resting_native_profile step=4544 command_ms=859.309958 gpu_ms=858.699625358 host_copy_ms=0.007625 full_state_readback=0
resting_native_profile step=4576 command_ms=863.254041 gpu_ms=862.654916942 host_copy_ms=0.010375 full_state_readback=0
resting_native_profile step=4608 command_ms=862.801625 gpu_ms=862.141916528 host_copy_ms=0.008542 full_state_readback=0
resting_native_profile step=4640 command_ms=867.69275 gpu_ms=867.094082758 host_copy_ms=0.007167 full_state_readback=0
resting_native_profile step=4672 command_ms=860.847542 gpu_ms=860.633916222 host_copy_ms=0.006458 full_state_readback=0
resting_native_profile step=4704 command_ms=865.748583 gpu_ms=865.161333233 host_copy_ms=0.007167 full_state_readback=0
resting_native_profile step=4736 command_ms=867.148375 gpu_ms=866.509374231 host_copy_ms=0.007625 full_state_readback=0
resting_native_profile step=4768 command_ms=865.775708 gpu_ms=865.197749808 host_copy_ms=0.007375 full_state_readback=0
resting_native_profile step=4800 command_ms=869.064583 gpu_ms=868.44904162 host_copy_ms=0.007584 full_state_readback=0
resting_native_profile step=4832 command_ms=869.125041 gpu_ms=868.520040996 host_copy_ms=0.008334 full_state_readback=0
resting_native_profile step=4864 command_ms=864.618667 gpu_ms=864.010917023 host_copy_ms=0.022583 full_state_readback=0
resting_native_profile step=4896 command_ms=867.905166 gpu_ms=867.242916487 host_copy_ms=0.007584 full_state_readback=0
resting_native_profile step=4928 command_ms=866.527167 gpu_ms=865.964542143 host_copy_ms=0.01025 full_state_readback=0
resting_native_profile step=4960 command_ms=861.427708 gpu_ms=861.226500012 host_copy_ms=0.00925 full_state_readback=0
resting_native_profile step=4992 command_ms=869.045583 gpu_ms=868.749916553 host_copy_ms=0.007333 full_state_readback=0
resting_native_profile step=5024 command_ms=868.166417 gpu_ms=867.597750388 host_copy_ms=0.007375 full_state_readback=0
resting_native_profile step=5056 command_ms=867.977917 gpu_ms=867.341125384 host_copy_ms=0.007125 full_state_readback=0
resting_native_profile step=5088 command_ms=866.083875 gpu_ms=865.549916402 host_copy_ms=0.008625 full_state_readback=0
resting_native_profile step=5120 command_ms=859.734958 gpu_ms=859.191708267 host_copy_ms=0.007 full_state_readback=0
resting_native_profile step=5152 command_ms=867.899958 gpu_ms=867.270832881 host_copy_ms=0.006625 full_state_readback=0
resting_native_profile step=5184 command_ms=869.906541 gpu_ms=869.324500673 host_copy_ms=0.006834 full_state_readback=0
resting_native_profile step=5216 command_ms=862.402 gpu_ms=861.748374999 host_copy_ms=0.020875 full_state_readback=0
resting_native_profile step=5248 command_ms=869.630792 gpu_ms=869.026375003 host_copy_ms=0.012167 full_state_readback=0
resting_native_profile step=5280 command_ms=860.099041 gpu_ms=859.507458284 host_copy_ms=0.025584 full_state_readback=0
resting_native_profile step=5312 command_ms=871.0635 gpu_ms=870.49862463 host_copy_ms=0.015208 full_state_readback=0
resting_native_profile step=5344 command_ms=862.771583 gpu_ms=862.113125622 host_copy_ms=0.017042 full_state_readback=0
resting_native_profile step=5376 command_ms=868.601083 gpu_ms=867.951542139 host_copy_ms=0.017375 full_state_readback=0
resting_native_profile step=5408 command_ms=871.78 gpu_ms=871.167249978 host_copy_ms=0.01225 full_state_readback=0
resting_native_profile step=5440 command_ms=870.421333 gpu_ms=869.826749898 host_copy_ms=0.012333 full_state_readback=0
resting_native_profile step=5472 command_ms=865.077166 gpu_ms=864.458125085 host_copy_ms=0.017834 full_state_readback=0
resting_native_profile step=5504 command_ms=868.95675 gpu_ms=868.286957964 host_copy_ms=0.013958 full_state_readback=0
resting_native_profile step=5536 command_ms=870.922625 gpu_ms=870.30062452 host_copy_ms=0.011959 full_state_readback=0
resting_native_profile step=5568 command_ms=865.805 gpu_ms=865.090250038 host_copy_ms=0.016375 full_state_readback=0
resting_native_profile step=5600 command_ms=869.778834 gpu_ms=869.101583026 host_copy_ms=0.016958 full_state_readback=0
resting_native_profile step=5632 command_ms=873.73725 gpu_ms=873.088125139 host_copy_ms=0.0195 full_state_readback=0
resting_native_profile step=5664 command_ms=866.674958 gpu_ms=866.078125313 host_copy_ms=0.016333 full_state_readback=0
resting_native_profile step=5696 command_ms=877.751917 gpu_ms=877.078416757 host_copy_ms=0.012291 full_state_readback=0
resting_native_profile step=5728 command_ms=869.202166 gpu_ms=868.542125449 host_copy_ms=0.012792 full_state_readback=0
resting_native_profile step=5760 command_ms=864.226792 gpu_ms=863.612749614 host_copy_ms=0.017541 full_state_readback=0
resting_native_profile step=5792 command_ms=871.807792 gpu_ms=871.575875208 host_copy_ms=0.011958 full_state_readback=0
resting_native_profile step=5824 command_ms=872.852458 gpu_ms=872.17837479 host_copy_ms=0.011792 full_state_readback=0
resting_native_profile step=5856 command_ms=863.039708 gpu_ms=862.474958412 host_copy_ms=0.01575 full_state_readback=0
resting_native_profile step=5888 command_ms=876.267167 gpu_ms=875.715875067 host_copy_ms=0.01225 full_state_readback=0
resting_native_profile step=5920 command_ms=867.084542 gpu_ms=866.877040826 host_copy_ms=0.01175 full_state_readback=0
resting_native_profile step=5952 command_ms=865.3785 gpu_ms=864.77250047 host_copy_ms=0.016541 full_state_readback=0
resting_native_profile step=5984 command_ms=862.864 gpu_ms=862.263125367 host_copy_ms=0.019917 full_state_readback=0
resting_native_profile step=6016 command_ms=869.7695 gpu_ms=869.174750522 host_copy_ms=0.013834 full_state_readback=0
resting_native_profile step=6048 command_ms=870.896084 gpu_ms=870.278958231 host_copy_ms=0.016958 full_state_readback=0
resting_native_profile step=6080 command_ms=865.082334 gpu_ms=864.473124966 host_copy_ms=0.014041 full_state_readback=0
resting_native_profile step=6112 command_ms=870.864 gpu_ms=870.237249881 host_copy_ms=0.011792 full_state_readback=0
resting_native_profile step=6144 command_ms=871.831667 gpu_ms=871.616249904 host_copy_ms=0.012042 full_state_readback=0
resting_native_profile step=6176 command_ms=867.375333 gpu_ms=866.732833907 host_copy_ms=0.015667 full_state_readback=0
resting_native_profile step=6208 command_ms=868.194458 gpu_ms=867.601291277 host_copy_ms=0.013167 full_state_readback=0
resting_native_profile step=6240 command_ms=858.960083 gpu_ms=858.404374681 host_copy_ms=0.013917 full_state_readback=0
resting_native_profile step=6272 command_ms=873.622875 gpu_ms=873.253082857 host_copy_ms=0.016875 full_state_readback=0
resting_native_profile step=6304 command_ms=873.111958 gpu_ms=872.452417389 host_copy_ms=0.011542 full_state_readback=0
resting_native_profile step=6336 command_ms=872.074834 gpu_ms=871.473958716 host_copy_ms=0.016666 full_state_readback=0
resting_native_profile step=6368 command_ms=869.5015 gpu_ms=868.90641693 host_copy_ms=0.011833 full_state_readback=0
resting_native_profile step=6400 command_ms=872.081792 gpu_ms=871.409041807 host_copy_ms=0.016708 full_state_readback=0
resting_native_profile step=6432 command_ms=866.155 gpu_ms=865.545874462 host_copy_ms=0.009416 full_state_readback=0
resting_native_profile step=6464 command_ms=861.03725 gpu_ms=860.352874734 host_copy_ms=0.01825 full_state_readback=0
resting_native_profile step=6496 command_ms=864.335916 gpu_ms=863.761957735 host_copy_ms=0.010709 full_state_readback=0
resting_native_profile step=6528 command_ms=868.38375 gpu_ms=867.806416005 host_copy_ms=0.0095 full_state_readback=0
resting_native_profile step=6560 command_ms=861.222292 gpu_ms=860.589500517 host_copy_ms=0.008625 full_state_readback=0
resting_native_profile step=6592 command_ms=865.456542 gpu_ms=864.848374389 host_copy_ms=0.008083 full_state_readback=0
resting_native_profile step=6624 command_ms=865.602834 gpu_ms=865.011291578 host_copy_ms=0.008833 full_state_readback=0
resting_native_profile step=6656 command_ms=861.462084 gpu_ms=860.885417089 host_copy_ms=0.009291 full_state_readback=0
resting_native_profile step=6688 command_ms=864.888875 gpu_ms=864.271125756 host_copy_ms=0.012666 full_state_readback=0
resting_native_profile step=6720 command_ms=856.739916 gpu_ms=856.104999781 host_copy_ms=0.007834 full_state_readback=0
resting_native_profile step=6752 command_ms=868.915208 gpu_ms=868.313499726 host_copy_ms=0.008583 full_state_readback=0
resting_native_profile step=6784 command_ms=863.868334 gpu_ms=863.244166598 host_copy_ms=0.007875 full_state_readback=0
resting_native_profile step=6816 command_ms=869.599208 gpu_ms=868.942958303 host_copy_ms=0.008042 full_state_readback=0
resting_native_profile step=6848 command_ms=864.871166 gpu_ms=864.234791137 host_copy_ms=0.007834 full_state_readback=0
resting_native_profile step=6880 command_ms=861.766584 gpu_ms=861.191624776 host_copy_ms=0.008541 full_state_readback=0
resting_native_profile step=6912 command_ms=859.017959 gpu_ms=858.463791199 host_copy_ms=0.009541 full_state_readback=0
resting_native_profile step=6944 command_ms=869.628667 gpu_ms=869.421334006 host_copy_ms=0.008541 full_state_readback=0
resting_native_profile step=6976 command_ms=865.441084 gpu_ms=864.851125516 host_copy_ms=0.007416 full_state_readback=0
resting_native_profile step=7008 command_ms=872.431125 gpu_ms=871.762666851 host_copy_ms=0.008916 full_state_readback=0
resting_native_profile step=7040 command_ms=861.507791 gpu_ms=860.966125503 host_copy_ms=0.012084 full_state_readback=0
resting_native_profile step=7072 command_ms=865.709292 gpu_ms=865.153874271 host_copy_ms=0.0075 full_state_readback=0
resting_native_profile step=7104 command_ms=869.604958 gpu_ms=868.934082799 host_copy_ms=0.008375 full_state_readback=0
resting_native_profile step=7136 command_ms=874.760792 gpu_ms=874.077166431 host_copy_ms=0.008208 full_state_readback=0
resting_native_profile step=7168 command_ms=873.027375 gpu_ms=872.392707504 host_copy_ms=0.009 full_state_readback=0
resting_native_profile step=7200 command_ms=868.238708 gpu_ms=867.574791424 host_copy_ms=0.008167 full_state_readback=0
resting_native_profile step=7232 command_ms=870.298583 gpu_ms=869.613999501 host_copy_ms=0.009917 full_state_readback=0
resting_native_profile step=7264 command_ms=873.653333 gpu_ms=872.897874564 host_copy_ms=0.007917 full_state_readback=0
resting_native_profile step=7296 command_ms=870.411583 gpu_ms=869.773125276 host_copy_ms=0.008375 full_state_readback=0
resting_native_profile step=7328 command_ms=869.579334 gpu_ms=868.999750353 host_copy_ms=0.008375 full_state_readback=0
resting_native_profile step=7360 command_ms=864.239333 gpu_ms=863.583750091 host_copy_ms=0.008917 full_state_readback=0
resting_native_profile step=7392 command_ms=867.339666 gpu_ms=866.735124961 host_copy_ms=0.013875 full_state_readback=0
resting_native_profile step=7424 command_ms=867.008 gpu_ms=866.440250538 host_copy_ms=0.0085 full_state_readback=0
resting_native_profile step=7456 command_ms=875.019834 gpu_ms=874.356749468 host_copy_ms=0.007625 full_state_readback=0
resting_native_profile step=7488 command_ms=872.164292 gpu_ms=871.53299991 host_copy_ms=0.009208 full_state_readback=0
resting_native_profile step=7520 command_ms=863.5555 gpu_ms=863.092833199 host_copy_ms=0.008333 full_state_readback=0
resting_native_profile step=7552 command_ms=870.633291 gpu_ms=870.045874268 host_copy_ms=0.008667 full_state_readback=0
resting_native_profile step=7584 command_ms=869.115042 gpu_ms=868.459999561 host_copy_ms=0.008 full_state_readback=0
resting_native_profile step=7616 command_ms=874.482583 gpu_ms=873.871749267 host_copy_ms=0.010042 full_state_readback=0
resting_native_profile step=7648 command_ms=862.61025 gpu_ms=861.925874837 host_copy_ms=0.0095 full_state_readback=0
resting_native_profile step=7680 command_ms=865.18675 gpu_ms=864.546374418 host_copy_ms=0.008125 full_state_readback=0
resting_native_profile step=7712 command_ms=860.080417 gpu_ms=859.42320805 host_copy_ms=0.007666 full_state_readback=0
resting_native_profile step=7744 command_ms=859.811625 gpu_ms=859.210542403 host_copy_ms=0.011708 full_state_readback=0
resting_native_profile step=7776 command_ms=861.765542 gpu_ms=861.163124442 host_copy_ms=0.008958 full_state_readback=0
resting_native_profile step=7808 command_ms=867.055583 gpu_ms=866.4677497 host_copy_ms=0.009167 full_state_readback=0
resting_native_profile step=7840 command_ms=873.609916 gpu_ms=872.981499881 host_copy_ms=0.008709 full_state_readback=0
resting_native_profile step=7872 command_ms=866.065875 gpu_ms=865.479291417 host_copy_ms=0.008833 full_state_readback=0
resting_native_profile step=7904 command_ms=869.820167 gpu_ms=869.16125007 host_copy_ms=0.009416 full_state_readback=0
resting_native_profile step=7936 command_ms=869.203917 gpu_ms=868.626166135 host_copy_ms=0.008416 full_state_readback=0
resting_native_profile step=7968 command_ms=866.433167 gpu_ms=865.810624324 host_copy_ms=0.008208 full_state_readback=0
resting_native_profile step=8000 command_ms=864.199375 gpu_ms=863.572374918 host_copy_ms=0.009375 full_state_readback=0
resting_native_profile step=8032 command_ms=855.050833 gpu_ms=854.359082878 host_copy_ms=0.007584 full_state_readback=0
resting_native_profile step=8064 command_ms=868.578833 gpu_ms=867.909625173 host_copy_ms=0.008458 full_state_readback=0
resting_native_profile step=8096 command_ms=871.504625 gpu_ms=870.903832838 host_copy_ms=0.01075 full_state_readback=0
resting_native_profile step=8128 command_ms=860.652 gpu_ms=859.959124587 host_copy_ms=0.0085 full_state_readback=0
resting_native_profile step=8160 command_ms=869.282666 gpu_ms=868.634041399 host_copy_ms=0.007875 full_state_readback=0
resting_native_profile step=8192 command_ms=861.793834 gpu_ms=861.569000408 host_copy_ms=0.007291 full_state_readback=0
resting_native_profile step=8224 command_ms=865.658792 gpu_ms=865.443374962 host_copy_ms=0.008042 full_state_readback=0
resting_native_profile step=8256 command_ms=874.98125 gpu_ms=874.360250309 host_copy_ms=0.010084 full_state_readback=0
resting_native_profile step=8288 command_ms=865.438417 gpu_ms=864.857542329 host_copy_ms=0.007333 full_state_readback=0
resting_native_profile step=8320 command_ms=865.638875 gpu_ms=865.028499626 host_copy_ms=0.007542 full_state_readback=0
resting_native_profile step=8352 command_ms=871.399916 gpu_ms=870.708750561 host_copy_ms=0.009625 full_state_readback=0
resting_native_profile step=8384 command_ms=862.413125 gpu_ms=861.841625534 host_copy_ms=0.009166 full_state_readback=0
resting_native_profile step=8416 command_ms=868.472625 gpu_ms=867.873708718 host_copy_ms=0.008792 full_state_readback=0
resting_native_profile step=8448 command_ms=863.150292 gpu_ms=862.485500053 host_copy_ms=0.011 full_state_readback=0
resting_native_profile step=8480 command_ms=873.462959 gpu_ms=872.864583507 host_copy_ms=0.009166 full_state_readback=0
resting_native_profile step=8512 command_ms=863.281792 gpu_ms=862.634500489 host_copy_ms=0.009125 full_state_readback=0
resting_native_profile step=8544 command_ms=863.685583 gpu_ms=863.011749461 host_copy_ms=0.008042 full_state_readback=0
resting_native_profile step=8576 command_ms=866.560875 gpu_ms=865.896166302 host_copy_ms=0.008292 full_state_readback=0
resting_native_profile step=8608 command_ms=868.976875 gpu_ms=868.753916584 host_copy_ms=0.008583 full_state_readback=0
resting_native_profile step=8640 command_ms=873.037666 gpu_ms=872.393624857 host_copy_ms=0.010209 full_state_readback=0
resting_native_profile step=8672 command_ms=864.440875 gpu_ms=863.854958676 host_copy_ms=0.00925 full_state_readback=0
resting_native_profile step=8704 command_ms=863.602167 gpu_ms=863.002167083 host_copy_ms=0.00925 full_state_readback=0
resting_native_profile step=8736 command_ms=869.208584 gpu_ms=868.516208604 host_copy_ms=0.010875 full_state_readback=0
resting_native_profile step=8768 command_ms=872.936666 gpu_ms=872.349999845 host_copy_ms=0.009417 full_state_readback=0
resting_native_profile step=8800 command_ms=868.830667 gpu_ms=868.289957754 host_copy_ms=0.013083 full_state_readback=0
resting_native_profile step=8832 command_ms=868.942583 gpu_ms=868.31483338 host_copy_ms=0.009334 full_state_readback=0
resting_native_profile step=8864 command_ms=861.909167 gpu_ms=861.308124848 host_copy_ms=0.009208 full_state_readback=0
resting_native_profile step=8896 command_ms=861.039125 gpu_ms=860.459499992 host_copy_ms=0.008541 full_state_readback=0
resting_native_profile step=8928 command_ms=873.497041 gpu_ms=872.896750458 host_copy_ms=0.008417 full_state_readback=0
resting_native_profile step=8960 command_ms=871.247042 gpu_ms=870.559999719 host_copy_ms=0.009333 full_state_readback=0
resting_native_profile step=8992 command_ms=866.532333 gpu_ms=865.939124487 host_copy_ms=0.009334 full_state_readback=0
resting_native_profile step=9024 command_ms=865.112042 gpu_ms=864.455374889 host_copy_ms=0.00875 full_state_readback=0
resting_native_profile step=9056 command_ms=864.816459 gpu_ms=864.142041653 host_copy_ms=0.008416 full_state_readback=0
resting_native_profile step=9088 command_ms=871.372125 gpu_ms=871.143917553 host_copy_ms=0.008583 full_state_readback=0
resting_native_profile step=9120 command_ms=863.662042 gpu_ms=863.015499897 host_copy_ms=0.008458 full_state_readback=0
resting_native_profile step=9152 command_ms=862.282291 gpu_ms=861.682374962 host_copy_ms=0.010834 full_state_readback=0
resting_native_profile step=9184 command_ms=863.857125 gpu_ms=863.171749748 host_copy_ms=0.007958 full_state_readback=0
resting_native_profile step=9216 command_ms=869.145166 gpu_ms=868.511499837 host_copy_ms=0.009334 full_state_readback=0
resting_native_profile step=9248 command_ms=863.430959 gpu_ms=862.756958231 host_copy_ms=0.008 full_state_readback=0
resting_native_profile step=9280 command_ms=862.954166 gpu_ms=862.375000492 host_copy_ms=0.007875 full_state_readback=0
resting_native_profile step=9312 command_ms=867.722375 gpu_ms=867.133166641 host_copy_ms=0.009084 full_state_readback=0
resting_native_profile step=9344 command_ms=871.7275 gpu_ms=871.055957861 host_copy_ms=0.007958 full_state_readback=0
resting_native_profile step=9376 command_ms=861.213667 gpu_ms=860.606082715 host_copy_ms=0.008416 full_state_readback=0
resting_native_profile step=9408 command_ms=859.2635 gpu_ms=858.699583448 host_copy_ms=0.00725 full_state_readback=0
resting_native_profile step=9440 command_ms=861.797708 gpu_ms=861.210958101 host_copy_ms=0.008792 full_state_readback=0
resting_native_profile step=9472 command_ms=862.440833 gpu_ms=861.835916527 host_copy_ms=0.00875 full_state_readback=0
resting_native_profile step=9504 command_ms=868.693625 gpu_ms=868.112375028 host_copy_ms=0.012167 full_state_readback=0
resting_native_profile step=9536 command_ms=873.850791 gpu_ms=873.199082911 host_copy_ms=0.010042 full_state_readback=0
resting_native_profile step=9568 command_ms=873.647209 gpu_ms=872.974749655 host_copy_ms=0.009375 full_state_readback=0
resting_native_profile step=9600 command_ms=869.724542 gpu_ms=869.144874625 host_copy_ms=0.0085 full_state_readback=0
resting_native_profile step=9632 command_ms=869.2365 gpu_ms=868.567208759 host_copy_ms=0.008 full_state_readback=0
resting_native_profile step=9664 command_ms=877.543708 gpu_ms=876.930666156 host_copy_ms=0.008917 full_state_readback=0
resting_native_profile step=9696 command_ms=862.610833 gpu_ms=862.032083794 host_copy_ms=0.009417 full_state_readback=0
resting_native_profile step=9728 command_ms=873.352708 gpu_ms=872.716125101 host_copy_ms=0.009375 full_state_readback=0
resting_native_profile step=9760 command_ms=863.948417 gpu_ms=863.400042057 host_copy_ms=0.007666 full_state_readback=0
resting_native_profile step=9792 command_ms=867.833959 gpu_ms=867.255374789 host_copy_ms=0.00825 full_state_readback=0
resting_native_profile step=9824 command_ms=862.324833 gpu_ms=861.720208079 host_copy_ms=0.008209 full_state_readback=0
resting_native_profile step=9856 command_ms=869.639625 gpu_ms=868.98687575 host_copy_ms=0.0105 full_state_readback=0
resting_native_profile step=9888 command_ms=856.643292 gpu_ms=856.446124613 host_copy_ms=0.007625 full_state_readback=0
resting_native_profile step=9920 command_ms=869.290584 gpu_ms=868.640458211 host_copy_ms=0.009291 full_state_readback=0
resting_native_profile step=9952 command_ms=867.642791 gpu_ms=867.069750093 host_copy_ms=0.008875 full_state_readback=0
resting_native_profile step=9984 command_ms=869.069 gpu_ms=868.406292051 host_copy_ms=0.008041 full_state_readback=0
resting_native_profile step=10016 command_ms=866.341291 gpu_ms=865.713249892 host_copy_ms=0.009 full_state_readback=0
resting_native_profile step=10048 command_ms=860.408 gpu_ms=859.79016684 host_copy_ms=0.008458 full_state_readback=0
resting_native_profile step=10080 command_ms=872.514291 gpu_ms=871.862041764 host_copy_ms=0.008209 full_state_readback=0
resting_native_profile step=10112 command_ms=871.081292 gpu_ms=870.418833569 host_copy_ms=0.008875 full_state_readback=0
resting_native_profile step=10144 command_ms=866.991917 gpu_ms=866.335749626 host_copy_ms=0.010583 full_state_readback=0
resting_native_profile step=10176 command_ms=864.388833 gpu_ms=864.140499383 host_copy_ms=0.010833 full_state_readback=0
resting_native_profile step=10208 command_ms=866.61725 gpu_ms=866.050958633 host_copy_ms=0.012584 full_state_readback=0
resting_native_profile step=10240 command_ms=868.997125 gpu_ms=868.310749531 host_copy_ms=0.010167 full_state_readback=0
resting_native_profile step=10272 command_ms=868.655916 gpu_ms=868.034499697 host_copy_ms=0.010125 full_state_readback=0
resting_native_profile step=10304 command_ms=868.743125 gpu_ms=868.090249598 host_copy_ms=0.00925 full_state_readback=0
resting_native_profile step=10336 command_ms=869.975375 gpu_ms=869.380374439 host_copy_ms=0.008333 full_state_readback=0
resting_native_profile step=10368 command_ms=866.057292 gpu_ms=865.385041572 host_copy_ms=0.008666 full_state_readback=0
resting_native_profile step=10400 command_ms=869.974083 gpu_ms=869.712208398 host_copy_ms=0.009042 full_state_readback=0
resting_native_profile step=10432 command_ms=868.726459 gpu_ms=868.067624979 host_copy_ms=0.008791 full_state_readback=0
resting_native_profile step=10464 command_ms=866.483 gpu_ms=865.879874676 host_copy_ms=0.01075 full_state_readback=0
resting_native_profile step=10496 command_ms=868.923917 gpu_ms=868.15799959 host_copy_ms=0.008125 full_state_readback=0
resting_native_profile step=10528 command_ms=869.192834 gpu_ms=868.565208279 host_copy_ms=0.00925 full_state_readback=0
resting_native_profile step=10560 command_ms=865.295292 gpu_ms=864.59958367 host_copy_ms=0.014958 full_state_readback=0
resting_native_profile step=10592 command_ms=867.299792 gpu_ms=866.61100015 host_copy_ms=0.008666 full_state_readback=0
resting_native_profile step=10624 command_ms=851.886959 gpu_ms=851.300749928 host_copy_ms=0.009958 full_state_readback=0
resting_native_profile step=10656 command_ms=857.287959 gpu_ms=856.577750295 host_copy_ms=0.009958 full_state_readback=0
resting_native_profile step=10688 command_ms=852.52175 gpu_ms=851.809041575 host_copy_ms=0.00975 full_state_readback=0
resting_native_profile step=10720 command_ms=850.082666 gpu_ms=849.821999669 host_copy_ms=0.009167 full_state_readback=0
resting_native_profile step=10752 command_ms=848.487667 gpu_ms=847.867750563 host_copy_ms=0.00875 full_state_readback=0
resting_native_profile step=10784 command_ms=861.137791 gpu_ms=860.483375378 host_copy_ms=0.008167 full_state_readback=0
resting_native_profile step=10816 command_ms=847.8385 gpu_ms=847.158416174 host_copy_ms=0.009583 full_state_readback=0
resting_native_profile step=10848 command_ms=859.765625 gpu_ms=859.079499729 host_copy_ms=0.008625 full_state_readback=0
resting_native_profile step=10880 command_ms=856.400209 gpu_ms=855.73262535 host_copy_ms=0.007416 full_state_readback=0
resting_native_profile step=10912 command_ms=851.082334 gpu_ms=850.453333929 host_copy_ms=0.011875 full_state_readback=0
resting_native_profile step=10944 command_ms=850.226708 gpu_ms=849.565542303 host_copy_ms=0.009292 full_state_readback=0
resting_native_profile step=10976 command_ms=855.940667 gpu_ms=855.680999346 host_copy_ms=0.008666 full_state_readback=0
resting_native_profile step=11008 command_ms=854.061125 gpu_ms=853.405499831 host_copy_ms=0.0075 full_state_readback=0
resting_native_profile step=11040 command_ms=880.393541 gpu_ms=879.802749492 host_copy_ms=0.008417 full_state_readback=0
resting_native_profile step=11072 command_ms=886.13475 gpu_ms=885.532874614 host_copy_ms=0.008208 full_state_readback=0
resting_native_profile step=11104 command_ms=884.459167 gpu_ms=883.838875219 host_copy_ms=0.009 full_state_readback=0
resting_native_profile step=11136 command_ms=879.178292 gpu_ms=878.576166928 host_copy_ms=0.009 full_state_readback=0
resting_native_profile step=11168 command_ms=887.190583 gpu_ms=886.547916569 host_copy_ms=0.007417 full_state_readback=0
resting_native_profile step=11200 command_ms=885.242708 gpu_ms=885.002083145 host_copy_ms=0.008625 full_state_readback=0
resting_native_profile step=11232 command_ms=886.102667 gpu_ms=885.422875173 host_copy_ms=0.010625 full_state_readback=0
resting_native_profile step=11264 command_ms=887.85325 gpu_ms=887.240916491 host_copy_ms=0.012 full_state_readback=0
resting_native_profile step=11296 command_ms=877.085916 gpu_ms=876.425749622 host_copy_ms=0.007875 full_state_readback=0
resting_native_profile step=11328 command_ms=892.654833 gpu_ms=891.971625388 host_copy_ms=0.008208 full_state_readback=0
resting_native_profile step=11360 command_ms=886.544625 gpu_ms=885.884791613 host_copy_ms=0.008667 full_state_readback=0
resting_native_profile step=11392 command_ms=889.379958 gpu_ms=888.694208115 host_copy_ms=0.009667 full_state_readback=0
resting_native_profile step=11424 command_ms=887.658125 gpu_ms=886.994834058 host_copy_ms=0.007459 full_state_readback=0
resting_native_profile step=11456 command_ms=882.22675 gpu_ms=881.65045809 host_copy_ms=0.007959 full_state_readback=0
resting_native_profile step=11488 command_ms=880.199416 gpu_ms=879.548417404 host_copy_ms=0.007209 full_state_readback=0
resting_native_profile step=11520 command_ms=891.095959 gpu_ms=890.457416885 host_copy_ms=0.008583 full_state_readback=0
resting_native_profile step=11552 command_ms=887.753875 gpu_ms=887.137167156 host_copy_ms=0.0085 full_state_readback=0
resting_native_profile step=11584 command_ms=883.397292 gpu_ms=883.149582893 host_copy_ms=0.00925 full_state_readback=0
resting_native_profile step=11616 command_ms=888.764209 gpu_ms=888.185000047 host_copy_ms=0.01375 full_state_readback=0
resting_native_profile step=11648 command_ms=888.335041 gpu_ms=887.658916414 host_copy_ms=0.009875 full_state_readback=0
resting_native_profile step=11680 command_ms=894.007084 gpu_ms=893.342250027 host_copy_ms=0.008333 full_state_readback=0
resting_native_profile step=11712 command_ms=893.598125 gpu_ms=892.941666767 host_copy_ms=0.00825 full_state_readback=0
resting_native_profile step=11744 command_ms=885.480625 gpu_ms=884.829208255 host_copy_ms=0.009708 full_state_readback=0
resting_native_profile step=11776 command_ms=888.84975 gpu_ms=888.586999848 host_copy_ms=0.009041 full_state_readback=0
resting_native_profile step=11808 command_ms=897.570375 gpu_ms=896.915374324 host_copy_ms=0.007667 full_state_readback=0
resting_native_profile step=11840 command_ms=881.785291 gpu_ms=881.214625202 host_copy_ms=0.00725 full_state_readback=0
resting_native_profile step=11872 command_ms=882.955708 gpu_ms=882.328833453 host_copy_ms=0.007417 full_state_readback=0
resting_native_profile step=11904 command_ms=883.386417 gpu_ms=882.781250402 host_copy_ms=0.007125 full_state_readback=0
resting_native_profile step=11936 command_ms=884.614375 gpu_ms=883.96291621 host_copy_ms=0.007625 full_state_readback=0
resting_native_profile step=11968 command_ms=886.47025 gpu_ms=885.889625177 host_copy_ms=0.010041 full_state_readback=0
resting_native_profile step=12000 command_ms=888.417292 gpu_ms=887.843124568 host_copy_ms=0.008583 full_state_readback=0
resting_native_profile step=12032 command_ms=886.289084 gpu_ms=886.083333753 host_copy_ms=0.007333 full_state_readback=0
resting_native_profile step=12064 command_ms=878.263167 gpu_ms=877.681625076 host_copy_ms=0.006708 full_state_readback=0
resting_native_profile step=12096 command_ms=886.05525 gpu_ms=885.472416878 host_copy_ms=0.006875 full_state_readback=0
resting_native_profile step=12128 command_ms=887.102625 gpu_ms=886.519333348 host_copy_ms=0.008042 full_state_readback=0
resting_native_profile step=12160 command_ms=888.573333 gpu_ms=888.045166619 host_copy_ms=0.006958 full_state_readback=0
resting_native_profile step=12192 command_ms=885.136458 gpu_ms=884.558875114 host_copy_ms=0.006917 full_state_readback=0
resting_native_profile step=12224 command_ms=880.578458 gpu_ms=880.031291395 host_copy_ms=0.007084 full_state_readback=0
resting_native_profile step=12256 command_ms=886.477625 gpu_ms=885.884375311 host_copy_ms=0.008834 full_state_readback=0
resting_native_profile step=12288 command_ms=888.246167 gpu_ms=887.634375133 host_copy_ms=0.008083 full_state_readback=0
resting_native_profile step=12320 command_ms=889.292875 gpu_ms=888.702042401 host_copy_ms=0.010334 full_state_readback=0
resting_native_profile step=12352 command_ms=890.769375 gpu_ms=890.563875437 host_copy_ms=0.006833 full_state_readback=0
resting_native_profile step=12384 command_ms=884.070458 gpu_ms=883.422499523 host_copy_ms=0.007458 full_state_readback=0
resting_native_profile step=12416 command_ms=892.15775 gpu_ms=891.520000063 host_copy_ms=0.008458 full_state_readback=0
resting_native_profile step=12448 command_ms=883.049125 gpu_ms=882.445375435 host_copy_ms=0.007417 full_state_readback=0
resting_native_profile step=12480 command_ms=883.021458 gpu_ms=882.367500104 host_copy_ms=0.006417 full_state_readback=0
resting_native_profile step=12512 command_ms=896.391042 gpu_ms=895.7153745 host_copy_ms=0.008625 full_state_readback=0
resting_native_profile step=12544 command_ms=879.148209 gpu_ms=878.600750118 host_copy_ms=0.007541 full_state_readback=0
resting_native_profile step=12576 command_ms=889.335666 gpu_ms=888.708749786 host_copy_ms=0.008292 full_state_readback=0
resting_native_profile step=12608 command_ms=888.47175 gpu_ms=887.933291495 host_copy_ms=0.007042 full_state_readback=0
resting_native_profile step=12640 command_ms=885.206958 gpu_ms=884.545749985 host_copy_ms=0.007375 full_state_readback=0
resting_native_profile step=12672 command_ms=889.187125 gpu_ms=888.998291455 host_copy_ms=0.011916 full_state_readback=0
resting_native_profile step=12704 command_ms=887.3085 gpu_ms=886.679417454 host_copy_ms=0.007167 full_state_readback=0
resting_native_profile step=12736 command_ms=883.770625 gpu_ms=883.232874796 host_copy_ms=0.008833 full_state_readback=0
resting_native_profile step=12768 command_ms=898.112916 gpu_ms=897.530999966 host_copy_ms=0.008042 full_state_readback=0
resting_native_profile step=12800 command_ms=883.490292 gpu_ms=882.824542001 host_copy_ms=0.009333 full_state_readback=0
resting_native_profile step=12832 command_ms=885.589083 gpu_ms=885.33962518 host_copy_ms=0.009958 full_state_readback=0
resting_native_profile step=12864 command_ms=885.167917 gpu_ms=884.492791258 host_copy_ms=0.009416 full_state_readback=0
resting_native_profile step=12896 command_ms=883.038583 gpu_ms=882.804749534 host_copy_ms=0.007875 full_state_readback=0
resting_native_profile step=12928 command_ms=885.072417 gpu_ms=884.486875497 host_copy_ms=0.009083 full_state_readback=0
resting_native_profile step=12960 command_ms=890.415334 gpu_ms=889.747457579 host_copy_ms=0.009583 full_state_readback=0
resting_native_profile step=12992 command_ms=886.364708 gpu_ms=885.765000246 host_copy_ms=0.008167 full_state_readback=0
resting_native_profile step=13024 command_ms=885.080667 gpu_ms=884.462375194 host_copy_ms=0.011083 full_state_readback=0
resting_native_profile step=13056 command_ms=887.011667 gpu_ms=886.338500306 host_copy_ms=0.009542 full_state_readback=0
resting_native_profile step=13088 command_ms=896.501583 gpu_ms=895.856374875 host_copy_ms=0.008333 full_state_readback=0
resting_native_profile step=13120 command_ms=892.20475 gpu_ms=891.519333236 host_copy_ms=0.007792 full_state_readback=0
resting_native_profile step=13152 command_ms=887.393792 gpu_ms=886.694583111 host_copy_ms=0.007875 full_state_readback=0
resting_native_profile step=13184 command_ms=881.520333 gpu_ms=880.937124602 host_copy_ms=0.008792 full_state_readback=0
resting_native_profile step=13216 command_ms=889.989042 gpu_ms=889.393458143 host_copy_ms=0.007875 full_state_readback=0
resting_native_profile step=13248 command_ms=887.541917 gpu_ms=886.954291724 host_copy_ms=0.007667 full_state_readback=0
resting_native_profile step=13280 command_ms=884.18825 gpu_ms=883.509375155 host_copy_ms=0.00975 full_state_readback=0
resting_native_profile step=13312 command_ms=890.56925 gpu_ms=889.955082908 host_copy_ms=0.010166 full_state_readback=0
resting_native_profile step=13344 command_ms=888.555 gpu_ms=887.947374955 host_copy_ms=0.008709 full_state_readback=0
resting_native_profile step=13376 command_ms=890.849166 gpu_ms=890.21441713 host_copy_ms=0.012042 full_state_readback=0
resting_native_profile step=13408 command_ms=888.454625 gpu_ms=887.87974976 host_copy_ms=0.008458 full_state_readback=0
resting_native_profile step=13440 command_ms=877.828458 gpu_ms=877.075791359 host_copy_ms=0.009125 full_state_readback=0
resting_native_profile step=13472 command_ms=875.366625 gpu_ms=874.707125127 host_copy_ms=0.008625 full_state_readback=0
resting_native_profile step=13504 command_ms=889.643625 gpu_ms=888.883042149 host_copy_ms=0.009125 full_state_readback=0
resting_native_profile step=13536 command_ms=886.130666 gpu_ms=885.443542153 host_copy_ms=0.009584 full_state_readback=0
resting_native_profile step=13568 command_ms=895.139958 gpu_ms=894.535625353 host_copy_ms=0.009292 full_state_readback=0
resting_native_profile step=13600 command_ms=882.468041 gpu_ms=881.895124912 host_copy_ms=0.008 full_state_readback=0
resting_native_profile step=13632 command_ms=890.726125 gpu_ms=890.101708472 host_copy_ms=0.008875 full_state_readback=0
resting_native_profile step=13664 command_ms=893.062834 gpu_ms=892.465707846 host_copy_ms=0.0095 full_state_readback=0
resting_native_profile step=13696 command_ms=892.236167 gpu_ms=891.598249786 host_copy_ms=0.00825 full_state_readback=0
resting_native_profile step=13728 command_ms=881.845375 gpu_ms=881.224541925 host_copy_ms=0.011667 full_state_readback=0
resting_native_profile step=13760 command_ms=892.93325 gpu_ms=892.266624607 host_copy_ms=0.009708 full_state_readback=0
resting_native_profile step=13792 command_ms=892.853416 gpu_ms=892.261750065 host_copy_ms=0.008417 full_state_readback=0
resting_native_profile step=13824 command_ms=886.593333 gpu_ms=885.972749442 host_copy_ms=0.00975 full_state_readback=0
resting_native_profile step=13856 command_ms=891.855 gpu_ms=891.285500489 host_copy_ms=0.008625 full_state_readback=0
resting_native_profile step=13888 command_ms=891.20125 gpu_ms=890.621166676 host_copy_ms=0.009333 full_state_readback=0
resting_native_profile step=13920 command_ms=889.353584 gpu_ms=889.11220897 host_copy_ms=0.00875 full_state_readback=0
resting_native_profile step=13952 command_ms=882.460667 gpu_ms=881.815416738 host_copy_ms=0.00825 full_state_readback=0
resting_native_profile step=13984 command_ms=891.12075 gpu_ms=890.875708312 host_copy_ms=0.009334 full_state_readback=0
resting_native_profile step=14016 command_ms=888.793334 gpu_ms=888.145083562 host_copy_ms=0.009083 full_state_readback=0
resting_native_profile step=14048 command_ms=889.930166 gpu_ms=889.233791269 host_copy_ms=0.007959 full_state_readback=0
resting_native_profile step=14080 command_ms=887.568791 gpu_ms=886.974333785 host_copy_ms=0.014209 full_state_readback=0
resting_native_profile step=14112 command_ms=890.972542 gpu_ms=890.290083364 host_copy_ms=0.0095 full_state_readback=0
resting_native_profile step=14144 command_ms=880.50225 gpu_ms=879.872041754 host_copy_ms=0.008625 full_state_readback=0
resting_native_profile step=14176 command_ms=883.331542 gpu_ms=882.683999836 host_copy_ms=0.008625 full_state_readback=0
resting_native_profile step=14208 command_ms=887.640875 gpu_ms=887.020749971 host_copy_ms=0.00875 full_state_readback=0
resting_native_profile step=14240 command_ms=892.105041 gpu_ms=891.440167092 host_copy_ms=0.009 full_state_readback=0
resting_native_profile step=14272 command_ms=885.350166 gpu_ms=884.736791253 host_copy_ms=0.008834 full_state_readback=0
resting_native_profile step=14304 command_ms=895.723 gpu_ms=895.087875426 host_copy_ms=0.008292 full_state_readback=0
resting_native_profile step=14336 command_ms=883.240916 gpu_ms=882.880167104 host_copy_ms=0.009959 full_state_readback=0
resting_native_profile step=14368 command_ms=891.815958 gpu_ms=891.233542003 host_copy_ms=0.009417 full_state_readback=0
resting_native_profile step=14400 command_ms=885.799 gpu_ms=885.596667416 host_copy_ms=0.009125 full_state_readback=0
resting_native_profile step=14432 command_ms=889.051917 gpu_ms=888.420708477 host_copy_ms=0.011083 full_state_readback=0
resting_native_profile step=14464 command_ms=888.667584 gpu_ms=888.111749664 host_copy_ms=0.007083 full_state_readback=0
resting_native_profile step=14496 command_ms=889.823583 gpu_ms=889.140541665 host_copy_ms=0.009042 full_state_readback=0
resting_native_profile step=14528 command_ms=888.078667 gpu_ms=887.505999766 host_copy_ms=0.007625 full_state_readback=0
resting_native_profile step=14560 command_ms=889.899083 gpu_ms=889.280916192 host_copy_ms=0.00825 full_state_readback=0
resting_native_profile step=14592 command_ms=889.292125 gpu_ms=888.585875742 host_copy_ms=0.0095 full_state_readback=0
resting_native_profile step=14624 command_ms=883.162 gpu_ms=882.562125102 host_copy_ms=0.009459 full_state_readback=0
resting_native_profile step=14656 command_ms=883.028125 gpu_ms=882.393250242 host_copy_ms=0.009042 full_state_readback=0
resting_native_profile step=14688 command_ms=889.685834 gpu_ms=889.05583322 host_copy_ms=0.007958 full_state_readback=0
resting_native_profile step=14720 command_ms=881.558416 gpu_ms=880.869249813 host_copy_ms=0.009459 full_state_readback=0
resting_native_profile step=14752 command_ms=901.261709 gpu_ms=900.589625351 host_copy_ms=0.008166 full_state_readback=0
resting_native_profile step=14784 command_ms=894.445542 gpu_ms=893.88687443 host_copy_ms=0.01325 full_state_readback=0
resting_native_profile step=14816 command_ms=894.100834 gpu_ms=893.51900015 host_copy_ms=0.008625 full_state_readback=0
resting_native_profile step=14848 command_ms=892.357167 gpu_ms=892.095499672 host_copy_ms=0.009583 full_state_readback=0
resting_native_profile step=14880 command_ms=884.818417 gpu_ms=884.215208702 host_copy_ms=0.008708 full_state_readback=0
resting_native_profile step=14912 command_ms=889.981209 gpu_ms=889.380624518 host_copy_ms=0.008916 full_state_readback=0
resting_native_profile step=14944 command_ms=886.015708 gpu_ms=885.767458007 host_copy_ms=0.009458 full_state_readback=0
resting_native_profile step=14976 command_ms=885.549875 gpu_ms=884.862874635 host_copy_ms=0.008708 full_state_readback=0
resting_native_profile step=15008 command_ms=882.387041 gpu_ms=882.059999742 host_copy_ms=0.008542 full_state_readback=0
resting_native_profile step=15040 command_ms=884.73375 gpu_ms=884.157750756 host_copy_ms=0.008417 full_state_readback=0
resting_native_profile step=15072 command_ms=884.849291 gpu_ms=884.194333106 host_copy_ms=0.009292 full_state_readback=0
resting_native_profile step=15104 command_ms=880.732375 gpu_ms=880.137958564 host_copy_ms=0.008375 full_state_readback=0
resting_native_profile step=15136 command_ms=888.9895 gpu_ms=888.367958367 host_copy_ms=0.011334 full_state_readback=0
resting_native_profile step=15168 command_ms=883.768 gpu_ms=883.528666571 host_copy_ms=0.00875 full_state_readback=0
resting_native_profile step=15200 command_ms=884.05225 gpu_ms=883.465958759 host_copy_ms=0.008958 full_state_readback=0
resting_native_profile step=15232 command_ms=883.8535 gpu_ms=883.169541135 host_copy_ms=0.00875 full_state_readback=0
resting_native_profile step=15264 command_ms=891.387834 gpu_ms=890.744334087 host_copy_ms=0.007708 full_state_readback=0
resting_native_profile step=15296 command_ms=891.877167 gpu_ms=891.22562483 host_copy_ms=0.008833 full_state_readback=0
resting_native_profile step=15328 command_ms=887.6845 gpu_ms=887.010125443 host_copy_ms=0.007834 full_state_readback=0
resting_native_profile step=15360 command_ms=884.513291 gpu_ms=884.286916815 host_copy_ms=0.0085 full_state_readback=0
resting_native_profile step=15392 command_ms=887.164542 gpu_ms=886.55691687 host_copy_ms=0.007458 full_state_readback=0
resting_native_profile step=15424 command_ms=883.168417 gpu_ms=882.538250647 host_copy_ms=0.008708 full_state_readback=0
resting_native_profile step=15456 command_ms=884.908667 gpu_ms=884.312875569 host_copy_ms=0.008375 full_state_readback=0
resting_native_profile step=15488 command_ms=887.101875 gpu_ms=886.48049999 host_copy_ms=0.010958 full_state_readback=0
resting_native_profile step=15520 command_ms=893.278584 gpu_ms=892.974875867 host_copy_ms=0.008125 full_state_readback=0
resting_native_profile step=15552 command_ms=891.724459 gpu_ms=891.149166971 host_copy_ms=0.008625 full_state_readback=0
resting_native_profile step=15584 command_ms=893.778917 gpu_ms=893.180457875 host_copy_ms=0.008042 full_state_readback=0
resting_native_profile step=15616 command_ms=898.071459 gpu_ms=897.490291856 host_copy_ms=0.007416 full_state_readback=0
resting_native_profile step=15648 command_ms=882.786959 gpu_ms=882.103458047 host_copy_ms=0.008916 full_state_readback=0
resting_native_profile step=15680 command_ms=888.537541 gpu_ms=887.972041965 host_copy_ms=0.008209 full_state_readback=0
resting_native_profile step=15712 command_ms=891.872667 gpu_ms=891.290125437 host_copy_ms=0.008833 full_state_readback=0
resting_native_profile step=15744 command_ms=884.779292 gpu_ms=884.211291559 host_copy_ms=0.007917 full_state_readback=0
resting_native_profile step=15776 command_ms=900.123584 gpu_ms=899.454999715 host_copy_ms=0.008416 full_state_readback=0
resting_native_profile step=15808 command_ms=897.97325 gpu_ms=897.361249663 host_copy_ms=0.007833 full_state_readback=0
resting_native_profile step=15840 command_ms=896.0035 gpu_ms=895.800250582 host_copy_ms=0.01175 full_state_readback=0
resting_native_profile step=15872 command_ms=888.866125 gpu_ms=888.218625449 host_copy_ms=0.007834 full_state_readback=0
resting_native_profile step=15904 command_ms=890.636958 gpu_ms=889.952500351 host_copy_ms=0.021834 full_state_readback=0
resting_native_profile step=15936 command_ms=895.860542 gpu_ms=895.179750398 host_copy_ms=0.008583 full_state_readback=0
resting_native_profile step=15968 command_ms=888.59225 gpu_ms=887.963582762 host_copy_ms=0.007583 full_state_readback=0
resting_native_profile step=16000 command_ms=888.299125 gpu_ms=887.743624859 host_copy_ms=0.008167 full_state_readback=0
accepted_geometry_export=/Users/n/numi-human-resting-evidence-20261005/native-drive-study-100/study/trials/resting-drive-half/output/scene/accepted-geometry/step-15999.mrvpack receipt=/Users/n/numi-human-resting-evidence-20261005/native-drive-study-100/study/trials/resting-drive-half/output/scene/accepted-geometry/step-15999.receipt.json accepted_root=0x5ea1d760317a5383 pack_sha256=e6477bd6b83a41f1c8af7e39944fb19b635095e9e7e486ca93fccea0a2cd4ae4 receipt_sha256=1d5fd593788c2c9d0faef7ef5439246b175e1923b281722fbd36af6cfdaff0b4
resting_native_profile step=16032 command_ms=899.715333 gpu_ms=899.177625775 host_copy_ms=0.009167 full_state_readback=0
resting_native_profile step=16064 command_ms=888.215834 gpu_ms=887.908833101 host_copy_ms=0.009541 full_state_readback=0
resting_native_profile step=16096 command_ms=895.539458 gpu_ms=894.858749583 host_copy_ms=0.00875 full_state_readback=0
resting_native_profile step=16128 command_ms=883.885292 gpu_ms=883.235417306 host_copy_ms=0.009083 full_state_readback=0
resting_native_profile step=16160 command_ms=888.517083 gpu_ms=888.26270774 host_copy_ms=0.012917 full_state_readback=0
resting_native_profile step=16192 command_ms=893.427791 gpu_ms=892.751708627 host_copy_ms=0.009 full_state_readback=0
resting_native_profile step=16224 command_ms=891.488541 gpu_ms=890.801374801 host_copy_ms=0.008834 full_state_readback=0
resting_native_profile step=16256 command_ms=889.461083 gpu_ms=888.876625337 host_copy_ms=0.009125 full_state_readback=0
resting_native_profile step=16288 command_ms=894.20975 gpu_ms=893.973083235 host_copy_ms=0.009834 full_state_readback=0
resting_native_profile step=16320 command_ms=890.509541 gpu_ms=889.744833112 host_copy_ms=0.00975 full_state_readback=0
resting_native_profile step=16352 command_ms=895.125375 gpu_ms=894.4352502 host_copy_ms=0.008125 full_state_readback=0
resting_native_profile step=16384 command_ms=890.996542 gpu_ms=890.371625312 host_copy_ms=0.008125 full_state_readback=0
resting_native_profile step=16416 command_ms=903.679375 gpu_ms=903.007749468 host_copy_ms=0.009125 full_state_readback=0
resting_native_profile step=16448 command_ms=887.147708 gpu_ms=886.477375403 host_copy_ms=0.008042 full_state_readback=0
resting_native_profile step=16480 command_ms=889.480583 gpu_ms=888.805833645 host_copy_ms=0.008542 full_state_readback=0
resting_native_profile step=16512 command_ms=894.18575 gpu_ms=893.605750054 host_copy_ms=0.012792 full_state_readback=0
resting_native_profile step=16544 command_ms=893.336958 gpu_ms=893.113291822 host_copy_ms=0.009375 full_state_readback=0
resting_native_profile step=16576 command_ms=890.736667 gpu_ms=890.136499889 host_copy_ms=0.008083 full_state_readback=0
resting_native_profile step=16608 command_ms=897.777583 gpu_ms=897.11112529 host_copy_ms=0.009125 full_state_readback=0
resting_native_profile step=16640 command_ms=889.734666 gpu_ms=889.185333624 host_copy_ms=0.007959 full_state_readback=0
resting_native_profile step=16672 command_ms=892.589708 gpu_ms=892.007875256 host_copy_ms=0.008958 full_state_readback=0
resting_native_profile step=16704 command_ms=895.0475 gpu_ms=894.449374638 host_copy_ms=0.009125 full_state_readback=0
resting_native_profile step=16736 command_ms=890.115958 gpu_ms=889.538750052 host_copy_ms=0.00775 full_state_readback=0
resting_native_profile step=16768 command_ms=897.874375 gpu_ms=897.222625092 host_copy_ms=0.009792 full_state_readback=0
resting_native_profile step=16800 command_ms=893.309875 gpu_ms=892.737625167 host_copy_ms=0.010625 full_state_readback=0
resting_native_profile step=16832 command_ms=895.012166 gpu_ms=894.43175029 host_copy_ms=0.009875 full_state_readback=0
resting_native_profile step=16864 command_ms=889.36575 gpu_ms=888.822999783 host_copy_ms=0.013125 full_state_readback=0
resting_native_profile step=16896 command_ms=901.468291 gpu_ms=900.792374276 host_copy_ms=0.009625 full_state_readback=0
resting_native_profile step=16928 command_ms=894.157375 gpu_ms=893.584000878 host_copy_ms=0.008375 full_state_readback=0
resting_native_profile step=16960 command_ms=896.544625 gpu_ms=895.857124589 host_copy_ms=0.00925 full_state_readback=0
resting_native_profile step=16992 command_ms=890.116459 gpu_ms=889.509416185 host_copy_ms=0.008875 full_state_readback=0
resting_native_profile step=17024 command_ms=896.691292 gpu_ms=896.012541838 host_copy_ms=0.009583 full_state_readback=0
resting_native_profile step=17056 command_ms=893.816208 gpu_ms=893.179833889 host_copy_ms=0.009084 full_state_readback=0
resting_native_profile step=17088 command_ms=896.133458 gpu_ms=895.910750143 host_copy_ms=0.007417 full_state_readback=0
resting_native_profile step=17120 command_ms=901.021792 gpu_ms=900.807499886 host_copy_ms=0.008541 full_state_readback=0
resting_native_profile step=17152 command_ms=893.350375 gpu_ms=892.763500102 host_copy_ms=0.009417 full_state_readback=0
resting_native_profile step=17184 command_ms=889.307583 gpu_ms=888.753457926 host_copy_ms=0.007083 full_state_readback=0
resting_native_profile step=17216 command_ms=890.710458 gpu_ms=890.135999769 host_copy_ms=0.011042 full_state_readback=0
resting_native_profile step=17248 command_ms=888.702459 gpu_ms=888.004667126 host_copy_ms=0.008083 full_state_readback=0
resting_native_profile step=17280 command_ms=889.625375 gpu_ms=889.05833289 host_copy_ms=0.007709 full_state_readback=0
resting_native_profile step=17312 command_ms=867.50075 gpu_ms=866.878500208 host_copy_ms=0.007666 full_state_readback=0
resting_native_profile step=17344 command_ms=872.227958 gpu_ms=872.015375644 host_copy_ms=0.008167 full_state_readback=0
resting_native_profile step=17376 command_ms=877.875834 gpu_ms=877.215416171 host_copy_ms=0.008541 full_state_readback=0
resting_native_profile step=17408 command_ms=876.051 gpu_ms=875.41362457 host_copy_ms=0.007875 full_state_readback=0
resting_native_profile step=17440 command_ms=881.334917 gpu_ms=880.767375231 host_copy_ms=0.008208 full_state_readback=0
resting_native_profile step=17472 command_ms=877.303917 gpu_ms=876.579875126 host_copy_ms=0.009708 full_state_readback=0
resting_native_profile step=17504 command_ms=867.938917 gpu_ms=867.241125554 host_copy_ms=0.008583 full_state_readback=0
resting_native_profile step=17536 command_ms=873.791417 gpu_ms=873.16699978 host_copy_ms=0.008083 full_state_readback=0
resting_native_profile step=17568 command_ms=870.830708 gpu_ms=870.183374733 host_copy_ms=0.012834 full_state_readback=0
resting_native_profile step=17600 command_ms=874.146167 gpu_ms=873.574208468 host_copy_ms=0.009083 full_state_readback=0
resting_native_profile step=17632 command_ms=876.882875 gpu_ms=876.50787551 host_copy_ms=0.008 full_state_readback=0
resting_native_profile step=17664 command_ms=869.246792 gpu_ms=868.630708195 host_copy_ms=0.008333 full_state_readback=0
resting_native_profile step=17696 command_ms=880.246375 gpu_ms=879.658291116 host_copy_ms=0.006666 full_state_readback=0
resting_native_profile step=17728 command_ms=874.9845 gpu_ms=874.384417199 host_copy_ms=0.009209 full_state_readback=0
resting_native_profile step=17760 command_ms=875.900583 gpu_ms=875.31162519 host_copy_ms=0.007792 full_state_readback=0
resting_native_profile step=17792 command_ms=876.353833 gpu_ms=876.08562503 host_copy_ms=0.01875 full_state_readback=0
resting_native_profile step=17824 command_ms=874.547792 gpu_ms=873.803292401 host_copy_ms=0.019625 full_state_readback=0
resting_native_profile step=17856 command_ms=878.039625 gpu_ms=877.401750535 host_copy_ms=0.013083 full_state_readback=0
resting_native_profile step=17888 command_ms=877.616333 gpu_ms=877.011000179 host_copy_ms=0.015417 full_state_readback=0
resting_native_profile step=17920 command_ms=875.796 gpu_ms=875.070708804 host_copy_ms=0.023791 full_state_readback=0
resting_native_profile step=17952 command_ms=872.513875 gpu_ms=871.83062546 host_copy_ms=0.011625 full_state_readback=0
resting_native_profile step=17984 command_ms=870.298333 gpu_ms=869.665791281 host_copy_ms=0.011792 full_state_readback=0
resting_native_profile step=18016 command_ms=871.451208 gpu_ms=870.781041682 host_copy_ms=0.017042 full_state_readback=0
resting_native_profile step=18048 command_ms=878.937583 gpu_ms=878.351249732 host_copy_ms=0.0135 full_state_readback=0
resting_native_profile step=18080 command_ms=883.579875 gpu_ms=883.015790954 host_copy_ms=0.01225 full_state_readback=0
resting_native_profile step=18112 command_ms=873.978084 gpu_ms=873.409125023 host_copy_ms=0.0165 full_state_readback=0
resting_native_profile step=18144 command_ms=882.910834 gpu_ms=882.666291669 host_copy_ms=0.012583 full_state_readback=0
resting_native_profile step=18176 command_ms=884.315459 gpu_ms=883.74987524 host_copy_ms=0.012375 full_state_readback=0
resting_native_profile step=18208 command_ms=881.422542 gpu_ms=880.810958333 host_copy_ms=0.011583 full_state_readback=0
resting_native_profile step=18240 command_ms=868.144208 gpu_ms=867.507374845 host_copy_ms=0.016584 full_state_readback=0
resting_native_profile step=18272 command_ms=891.451625 gpu_ms=890.863999724 host_copy_ms=0.018916 full_state_readback=0
resting_native_profile step=18304 command_ms=887.302958 gpu_ms=886.624541134 host_copy_ms=0.011834 full_state_readback=0
resting_native_profile step=18336 command_ms=883.957125 gpu_ms=883.656916209 host_copy_ms=0.012292 full_state_readback=0
resting_native_profile step=18368 command_ms=879.119291 gpu_ms=878.547625616 host_copy_ms=0.016209 full_state_readback=0
resting_native_profile step=18400 command_ms=879.627208 gpu_ms=879.044874571 host_copy_ms=0.011542 full_state_readback=0
resting_native_profile step=18432 command_ms=870.683708 gpu_ms=870.014875196 host_copy_ms=0.014917 full_state_readback=0
resting_native_profile step=18464 command_ms=870.952625 gpu_ms=870.263459161 host_copy_ms=0.012125 full_state_readback=0
resting_native_profile step=18496 command_ms=868.762916 gpu_ms=868.106958456 host_copy_ms=0.017292 full_state_readback=0
resting_native_profile step=18528 command_ms=881.024458 gpu_ms=880.356124602 host_copy_ms=0.013708 full_state_readback=0
resting_native_profile step=18560 command_ms=878.869709 gpu_ms=878.184749745 host_copy_ms=0.01225 full_state_readback=0
resting_native_profile step=18592 command_ms=875.292083 gpu_ms=874.601791613 host_copy_ms=0.014125 full_state_readback=0
resting_native_profile step=18624 command_ms=884.634666 gpu_ms=883.969750255 host_copy_ms=0.022334 full_state_readback=0
resting_native_profile step=18656 command_ms=869.850875 gpu_ms=869.166375138 host_copy_ms=0.014917 full_state_readback=0
resting_native_profile step=18688 command_ms=878.197291 gpu_ms=877.614375204 host_copy_ms=0.013292 full_state_readback=0
resting_native_profile step=18720 command_ms=879.108458 gpu_ms=878.523624502 host_copy_ms=0.011792 full_state_readback=0
resting_native_profile step=18752 command_ms=881.247583 gpu_ms=880.677125417 host_copy_ms=0.013709 full_state_readback=0
resting_native_profile step=18784 command_ms=884.226375 gpu_ms=883.663499728 host_copy_ms=0.01175 full_state_readback=0
resting_native_profile step=18816 command_ms=883.571791 gpu_ms=882.898833603 host_copy_ms=0.011542 full_state_readback=0
resting_native_profile step=18848 command_ms=881.876125 gpu_ms=881.21525012 host_copy_ms=0.011625 full_state_readback=0
resting_native_profile step=18880 command_ms=878.692333 gpu_ms=878.137082793 host_copy_ms=0.017208 full_state_readback=0
resting_native_profile step=18912 command_ms=884.597291 gpu_ms=884.043124504 host_copy_ms=0.013875 full_state_readback=0
resting_native_profile step=18944 command_ms=879.291083 gpu_ms=878.621499985 host_copy_ms=0.012417 full_state_readback=0
resting_native_profile step=18976 command_ms=867.827667 gpu_ms=867.156625725 host_copy_ms=0.020917 full_state_readback=0
resting_native_profile step=19008 command_ms=886.4785 gpu_ms=885.855957866 host_copy_ms=0.012291 full_state_readback=0
resting_native_profile step=19040 command_ms=877.122541 gpu_ms=876.5143333 host_copy_ms=0.016167 full_state_readback=0
resting_native_profile step=19072 command_ms=878.721875 gpu_ms=878.06937471 host_copy_ms=0.012333 full_state_readback=0
resting_native_profile step=19104 command_ms=885.486417 gpu_ms=884.854999371 host_copy_ms=0.011541 full_state_readback=0
resting_native_profile step=19136 command_ms=877.85825 gpu_ms=877.559583634 host_copy_ms=0.0125 full_state_readback=0
resting_native_profile step=19168 command_ms=882.447709 gpu_ms=881.878750399 host_copy_ms=0.011958 full_state_readback=0
resting_native_profile step=19200 command_ms=876.887 gpu_ms=876.312958077 host_copy_ms=0.011167 full_state_readback=0
resting_native_profile step=19232 command_ms=884.634875 gpu_ms=884.005625732 host_copy_ms=0.010833 full_state_readback=0
resting_native_profile step=19264 command_ms=878.23475 gpu_ms=877.719166689 host_copy_ms=0.010708 full_state_readback=0
resting_native_profile step=19296 command_ms=885.518875 gpu_ms=884.966875426 host_copy_ms=0.01125 full_state_readback=0
resting_native_profile step=19328 command_ms=880.7375 gpu_ms=880.187250674 host_copy_ms=0.015958 full_state_readback=0
resting_native_profile step=19360 command_ms=877.645292 gpu_ms=877.449625172 host_copy_ms=0.01625 full_state_readback=0
resting_native_profile step=19392 command_ms=886.291792 gpu_ms=885.72312519 host_copy_ms=0.013458 full_state_readback=0
resting_native_profile step=19424 command_ms=878.284459 gpu_ms=877.753583714 host_copy_ms=0.0075 full_state_readback=0
resting_native_profile step=19456 command_ms=874.475 gpu_ms=873.863666318 host_copy_ms=0.006084 full_state_readback=0
resting_native_profile step=19488 command_ms=876.218291 gpu_ms=875.673250295 host_copy_ms=0.005584 full_state_readback=0
resting_native_profile step=19520 command_ms=876.87525 gpu_ms=876.255374402 host_copy_ms=0.008083 full_state_readback=0
resting_native_profile step=19552 command_ms=876.37375 gpu_ms=875.750833191 host_copy_ms=0.006375 full_state_readback=0
resting_native_profile step=19584 command_ms=872.176125 gpu_ms=871.603749692 host_copy_ms=0.006708 full_state_readback=0
resting_native_profile step=19616 command_ms=868.866459 gpu_ms=868.277874775 host_copy_ms=0.00625 full_state_readback=0
resting_native_profile step=19648 command_ms=863.816042 gpu_ms=863.251416944 host_copy_ms=0.0075 full_state_readback=0
resting_native_profile step=19680 command_ms=877.31825 gpu_ms=876.754624769 host_copy_ms=0.008875 full_state_readback=0
resting_native_profile step=19712 command_ms=869.411625 gpu_ms=868.854249828 host_copy_ms=0.006334 full_state_readback=0
resting_native_profile step=19744 command_ms=878.012042 gpu_ms=877.370125614 host_copy_ms=0.005625 full_state_readback=0
resting_native_profile step=19776 command_ms=880.585125 gpu_ms=879.890374839 host_copy_ms=0.008958 full_state_readback=0
resting_native_profile step=19808 command_ms=881.502417 gpu_ms=880.876250565 host_copy_ms=0.007291 full_state_readback=0
resting_native_profile step=19840 command_ms=873.818291 gpu_ms=873.203749768 host_copy_ms=0.006875 full_state_readback=0
resting_native_profile step=19872 command_ms=886.703542 gpu_ms=886.061541736 host_copy_ms=0.008583 full_state_readback=0
resting_native_profile step=19904 command_ms=882.582959 gpu_ms=881.936750375 host_copy_ms=0.006 full_state_readback=0
resting_native_profile step=19936 command_ms=875.361708 gpu_ms=874.811958522 host_copy_ms=0.007708 full_state_readback=0
resting_native_profile step=19968 command_ms=871.70675 gpu_ms=871.162750758 host_copy_ms=0.006541 full_state_readback=0
resting_native_profile step=20000 command_ms=874.092417 gpu_ms=873.504541814 host_copy_ms=0.008541 full_state_readback=0
resting_native_profile step=20032 command_ms=874.005584 gpu_ms=873.451749794 host_copy_ms=0.010375 full_state_readback=0
resting_native_profile step=20064 command_ms=874.877084 gpu_ms=874.317875132 host_copy_ms=0.007291 full_state_readback=0
resting_native_profile step=20096 command_ms=873.531833 gpu_ms=872.932374477 host_copy_ms=0.008625 full_state_readback=0
resting_native_profile step=20128 command_ms=870.408959 gpu_ms=869.759250432 host_copy_ms=0.008458 full_state_readback=0
resting_native_profile step=20160 command_ms=875.054334 gpu_ms=874.725000001 host_copy_ms=0.008083 full_state_readback=0
resting_native_profile step=20192 command_ms=881.5535 gpu_ms=880.950666964 host_copy_ms=0.009584 full_state_readback=0
resting_native_profile step=20224 command_ms=878.925166 gpu_ms=878.700999543 host_copy_ms=0.009417 full_state_readback=0
resting_native_profile step=20256 command_ms=869.0515 gpu_ms=868.422749452 host_copy_ms=0.008708 full_state_readback=0
resting_native_profile step=20288 command_ms=873.10275 gpu_ms=872.427250259 host_copy_ms=0.006958 full_state_readback=0
resting_native_profile step=20320 command_ms=879.135208 gpu_ms=878.472249955 host_copy_ms=0.009667 full_state_readback=0
resting_native_profile step=20352 command_ms=871.322 gpu_ms=870.667916723 host_copy_ms=0.009625 full_state_readback=0
resting_native_profile step=20384 command_ms=877.018375 gpu_ms=876.401333138 host_copy_ms=0.013458 full_state_readback=0
resting_native_profile step=20416 command_ms=872.548834 gpu_ms=871.909624897 host_copy_ms=0.008166 full_state_readback=0
resting_native_profile step=20448 command_ms=878.942333 gpu_ms=878.253041767 host_copy_ms=0.009667 full_state_readback=0
resting_native_profile step=20480 command_ms=878.736541 gpu_ms=878.057625145 host_copy_ms=0.009084 full_state_readback=0
resting_native_profile step=20512 command_ms=878.323041 gpu_ms=877.710834146 host_copy_ms=0.008875 full_state_readback=0
resting_native_profile step=20544 command_ms=879.099916 gpu_ms=878.327500075 host_copy_ms=0.00875 full_state_readback=0
resting_native_profile step=20576 command_ms=876.021375 gpu_ms=875.409416854 host_copy_ms=0.009 full_state_readback=0
resting_native_profile step=20608 command_ms=878.68725 gpu_ms=877.967041917 host_copy_ms=0.01 full_state_readback=0
resting_native_profile step=20640 command_ms=873.747166 gpu_ms=873.154500499 host_copy_ms=0.008042 full_state_readback=0
resting_native_profile step=20672 command_ms=878.285583 gpu_ms=877.598125488 host_copy_ms=0.008917 full_state_readback=0
resting_native_profile step=20704 command_ms=877.017375 gpu_ms=876.317624934 host_copy_ms=0.010125 full_state_readback=0
resting_native_profile step=20736 command_ms=887.815416 gpu_ms=887.120000087 host_copy_ms=0.013417 full_state_readback=0
resting_native_profile step=20768 command_ms=873.566542 gpu_ms=872.967083938 host_copy_ms=0.008458 full_state_readback=0
resting_native_profile step=20800 command_ms=881.377084 gpu_ms=880.703500472 host_copy_ms=0.009666 full_state_readback=0
resting_native_profile step=20832 command_ms=878.747 gpu_ms=878.089250065 host_copy_ms=0.0095 full_state_readback=0
resting_native_profile step=20864 command_ms=872.349041 gpu_ms=871.723750606 host_copy_ms=0.008834 full_state_readback=0
resting_native_profile step=20896 command_ms=878.630833 gpu_ms=878.402874805 host_copy_ms=0.008709 full_state_readback=0
resting_native_profile step=20928 command_ms=869.951459 gpu_ms=869.373999536 host_copy_ms=0.009166 full_state_readback=0
resting_native_profile step=20960 command_ms=880.687334 gpu_ms=879.963500425 host_copy_ms=0.010333 full_state_readback=0
resting_native_profile step=20992 command_ms=875.080959 gpu_ms=874.446500093 host_copy_ms=0.0095 full_state_readback=0
resting_native_profile step=21024 command_ms=880.897125 gpu_ms=880.254999734 host_copy_ms=0.009625 full_state_readback=0
resting_native_profile step=21056 command_ms=872.240709 gpu_ms=871.958415955 host_copy_ms=0.009541 full_state_readback=0
resting_native_profile step=21088 command_ms=884.2635 gpu_ms=883.60462524 host_copy_ms=0.012542 full_state_readback=0
resting_native_profile step=21120 command_ms=877.534125 gpu_ms=876.952791587 host_copy_ms=0.007416 full_state_readback=0
resting_native_profile step=21152 command_ms=875.079917 gpu_ms=874.523375183 host_copy_ms=0.009208 full_state_readback=0
resting_native_profile step=21184 command_ms=867.090959 gpu_ms=866.838124581 host_copy_ms=0.010625 full_state_readback=0
resting_native_profile step=21216 command_ms=882.29675 gpu_ms=881.714999676 host_copy_ms=0.009791 full_state_readback=0
resting_native_profile step=21248 command_ms=872.635625 gpu_ms=871.959166601 host_copy_ms=0.009084 full_state_readback=0
resting_native_profile step=21280 command_ms=874.429083 gpu_ms=873.821957968 host_copy_ms=0.008333 full_state_readback=0
resting_native_profile step=21312 command_ms=884.790708 gpu_ms=884.111625142 host_copy_ms=0.009625 full_state_readback=0
resting_native_profile step=21344 command_ms=880.338167 gpu_ms=879.67974972 host_copy_ms=0.008875 full_state_readback=0
resting_native_profile step=21376 command_ms=868.603334 gpu_ms=867.986583151 host_copy_ms=0.008583 full_state_readback=0
resting_native_profile step=21408 command_ms=870.172 gpu_ms=869.595124386 host_copy_ms=0.00825 full_state_readback=0
resting_native_profile step=21440 command_ms=884.12125 gpu_ms=883.528916165 host_copy_ms=0.013916 full_state_readback=0
resting_native_profile step=21472 command_ms=876.551791 gpu_ms=875.945500098 host_copy_ms=0.008 full_state_readback=0
resting_native_profile step=21504 command_ms=871.17325 gpu_ms=870.575374924 host_copy_ms=0.009042 full_state_readback=0
resting_native_profile step=21536 command_ms=878.181084 gpu_ms=877.532041632 host_copy_ms=0.008708 full_state_readback=0
resting_native_profile step=21568 command_ms=876.233292 gpu_ms=875.565666705 host_copy_ms=0.009958 full_state_readback=0
resting_native_profile step=21600 command_ms=876.922958 gpu_ms=876.24904234 host_copy_ms=0.009209 full_state_readback=0
resting_native_profile step=21632 command_ms=870.217042 gpu_ms=869.535917416 host_copy_ms=0.008625 full_state_readback=0
resting_native_profile step=21664 command_ms=868.632375 gpu_ms=868.055375293 host_copy_ms=0.007542 full_state_readback=0
resting_native_profile step=21696 command_ms=871.882708 gpu_ms=871.228208765 host_copy_ms=0.009375 full_state_readback=0
resting_native_profile step=21728 command_ms=878.529 gpu_ms=877.878250554 host_copy_ms=0.008417 full_state_readback=0
resting_native_profile step=21760 command_ms=875.863125 gpu_ms=875.239666551 host_copy_ms=0.00775 full_state_readback=0
resting_native_profile step=21792 command_ms=878.491 gpu_ms=877.827874385 host_copy_ms=0.012959 full_state_readback=0
resting_native_profile step=21824 command_ms=881.739375 gpu_ms=881.161749363 host_copy_ms=0.007375 full_state_readback=0
resting_native_profile step=21856 command_ms=876.698709 gpu_ms=876.121916808 host_copy_ms=0.006166 full_state_readback=0
resting_native_profile step=21888 command_ms=876.059916 gpu_ms=875.518624671 host_copy_ms=0.008125 full_state_readback=0
resting_native_profile step=21920 command_ms=872.058667 gpu_ms=871.389875188 host_copy_ms=0.008375 full_state_readback=0
resting_native_profile step=21952 command_ms=878.699041 gpu_ms=878.043625504 host_copy_ms=0.008125 full_state_readback=0
resting_native_profile step=21984 command_ms=867.974833 gpu_ms=867.2869578 host_copy_ms=0.007917 full_state_readback=0
resting_native_profile step=22016 command_ms=876.560416 gpu_ms=875.980500132 host_copy_ms=0.008459 full_state_readback=0
resting_native_profile step=22048 command_ms=870.465416 gpu_ms=870.220375247 host_copy_ms=0.0085 full_state_readback=0
resting_native_profile step=22080 command_ms=879.192083 gpu_ms=878.568249755 host_copy_ms=0.007125 full_state_readback=0
resting_native_profile step=22112 command_ms=879.958708 gpu_ms=879.282374866 host_copy_ms=0.008208 full_state_readback=0
resting_native_profile step=22144 command_ms=874.356042 gpu_ms=873.657000251 host_copy_ms=0.013708 full_state_readback=0
resting_native_profile step=22176 command_ms=871.453667 gpu_ms=870.779375546 host_copy_ms=0.008833 full_state_readback=0
resting_native_profile step=22208 command_ms=877.754417 gpu_ms=877.095833421 host_copy_ms=0.007791 full_state_readback=0
resting_native_profile step=22240 command_ms=869.570417 gpu_ms=868.917458691 host_copy_ms=0.007583 full_state_readback=0
resting_native_profile step=22272 command_ms=877.244042 gpu_ms=876.541875303 host_copy_ms=0.008208 full_state_readback=0
resting_native_profile step=22304 command_ms=873.825625 gpu_ms=873.137791641 host_copy_ms=0.008125 full_state_readback=0
resting_native_profile step=22336 command_ms=874.505542 gpu_ms=873.894374818 host_copy_ms=0.008 full_state_readback=0
resting_native_profile step=22368 command_ms=881.143541 gpu_ms=880.559916608 host_copy_ms=0.00875 full_state_readback=0
resting_native_profile step=22400 command_ms=873.177917 gpu_ms=872.591874562 host_copy_ms=0.00875 full_state_readback=0
resting_native_profile step=22432 command_ms=869.420083 gpu_ms=869.093250483 host_copy_ms=0.010125 full_state_readback=0
resting_native_profile step=22464 command_ms=869.420208 gpu_ms=868.749833666 host_copy_ms=0.008667 full_state_readback=0
resting_native_profile step=22496 command_ms=867.055166 gpu_ms=866.513582878 host_copy_ms=0.012375 full_state_readback=0
resting_native_profile step=22528 command_ms=874.275916 gpu_ms=873.649249785 host_copy_ms=0.009084 full_state_readback=0
resting_native_profile step=22560 command_ms=870.590541 gpu_ms=869.977749884 host_copy_ms=0.010417 full_state_readback=0
resting_native_profile step=22592 command_ms=881.449542 gpu_ms=881.18408341 host_copy_ms=0.008583 full_state_readback=0
resting_native_profile step=22624 command_ms=871.197125 gpu_ms=870.560499839 host_copy_ms=0.009291 full_state_readback=0
resting_native_profile step=22656 command_ms=872.857625 gpu_ms=872.186750174 host_copy_ms=0.008625 full_state_readback=0
resting_native_profile step=22688 command_ms=873.004208 gpu_ms=872.369916178 host_copy_ms=0.009459 full_state_readback=0
resting_native_profile step=22720 command_ms=876.867833 gpu_ms=876.256416552 host_copy_ms=0.009625 full_state_readback=0
resting_native_profile step=22752 command_ms=871.983417 gpu_ms=871.765875258 host_copy_ms=0.006791 full_state_readback=0
resting_native_profile step=22784 command_ms=872.083333 gpu_ms=871.393874288 host_copy_ms=0.009 full_state_readback=0
resting_native_profile step=22816 command_ms=871.92125 gpu_ms=871.30737491 host_copy_ms=0.020875 full_state_readback=0
resting_native_profile step=22848 command_ms=885.96725 gpu_ms=885.334874503 host_copy_ms=0.018875 full_state_readback=0
resting_native_profile step=22880 command_ms=869.382875 gpu_ms=868.779083714 host_copy_ms=0.015416 full_state_readback=0
resting_native_profile step=22912 command_ms=885.663375 gpu_ms=885.075999424 host_copy_ms=0.013708 full_state_readback=0
resting_native_profile step=22944 command_ms=879.214416 gpu_ms=878.655208275 host_copy_ms=0.011792 full_state_readback=0
resting_native_profile step=22976 command_ms=877.703542 gpu_ms=877.13712547 host_copy_ms=0.017875 full_state_readback=0
resting_native_profile step=23008 command_ms=878.1865 gpu_ms=877.966041677 host_copy_ms=0.014083 full_state_readback=0
resting_native_profile step=23040 command_ms=872.890459 gpu_ms=872.303208336 host_copy_ms=0.011833 full_state_readback=0
resting_native_profile step=23072 command_ms=883.335541 gpu_ms=882.738958113 host_copy_ms=0.012167 full_state_readback=0
resting_native_profile step=23104 command_ms=883.120083 gpu_ms=882.488500327 host_copy_ms=0.011042 full_state_readback=0
resting_native_profile step=23136 command_ms=878.82875 gpu_ms=878.265541978 host_copy_ms=0.012125 full_state_readback=0
resting_native_profile step=23168 command_ms=881.85875 gpu_ms=881.243499927 host_copy_ms=0.013167 full_state_readback=0
resting_native_profile step=23200 command_ms=881.860417 gpu_ms=881.632500328 host_copy_ms=0.02125 full_state_readback=0
resting_native_profile step=23232 command_ms=879.776291 gpu_ms=879.216583446 host_copy_ms=0.011709 full_state_readback=0
resting_native_profile step=23264 command_ms=882.022875 gpu_ms=881.451125257 host_copy_ms=0.016959 full_state_readback=0
resting_native_profile step=23296 command_ms=875.481958 gpu_ms=874.89400059 host_copy_ms=0.015667 full_state_readback=0
resting_native_profile step=23328 command_ms=869.172667 gpu_ms=868.611749262 host_copy_ms=0.011958 full_state_readback=0
resting_native_profile step=23360 command_ms=885.459959 gpu_ms=884.86462459 host_copy_ms=0.013041 full_state_readback=0
resting_native_profile step=23392 command_ms=886.632292 gpu_ms=885.991125368 host_copy_ms=0.011583 full_state_readback=0
resting_native_profile step=23424 command_ms=879.362667 gpu_ms=878.801583312 host_copy_ms=0.0115 full_state_readback=0
resting_native_profile step=23456 command_ms=884.179292 gpu_ms=883.627958596 host_copy_ms=0.010875 full_state_readback=0
resting_native_profile step=23488 command_ms=880.877958 gpu_ms=880.272124894 host_copy_ms=0.011917 full_state_readback=0
resting_native_profile step=23520 command_ms=878.791375 gpu_ms=878.171499819 host_copy_ms=0.014958 full_state_readback=0
resting_native_profile step=23552 command_ms=876.168708 gpu_ms=875.584791414 host_copy_ms=0.0165 full_state_readback=0
resting_native_profile step=23584 command_ms=879.843458 gpu_ms=879.178875126 host_copy_ms=0.011625 full_state_readback=0
resting_native_profile step=23616 command_ms=868.566667 gpu_ms=867.896999232 host_copy_ms=0.016 full_state_readback=0
resting_native_profile step=23648 command_ms=884.406583 gpu_ms=883.748125285 host_copy_ms=0.01075 full_state_readback=0
resting_native_profile step=23680 command_ms=886.0815 gpu_ms=885.449999943 host_copy_ms=0.016625 full_state_readback=0
resting_native_profile step=23712 command_ms=871.093917 gpu_ms=870.51574979 host_copy_ms=0.015958 full_state_readback=0
resting_native_profile step=23744 command_ms=876.181541 gpu_ms=875.549999997 host_copy_ms=0.014375 full_state_readback=0
resting_native_profile step=23776 command_ms=887.303125 gpu_ms=886.664416641 host_copy_ms=0.011625 full_state_readback=0
resting_native_profile step=23808 command_ms=881.088041 gpu_ms=880.880874582 host_copy_ms=0.012084 full_state_readback=0
resting_native_profile step=23840 command_ms=884.974375 gpu_ms=884.412166663 host_copy_ms=0.012375 full_state_readback=0
resting_native_profile step=23872 command_ms=879.138541 gpu_ms=878.538583405 host_copy_ms=0.018209 full_state_readback=0
resting_native_profile step=23904 command_ms=872.553542 gpu_ms=871.932375245 host_copy_ms=0.019583 full_state_readback=0
resting_native_profile step=23936 command_ms=871.844208 gpu_ms=871.621875092 host_copy_ms=0.014292 full_state_readback=0
resting_native_profile step=23968 command_ms=879.248834 gpu_ms=878.559999168 host_copy_ms=0.015041 full_state_readback=0
resting_native_profile step=24000 command_ms=884.6765 gpu_ms=884.041584097 host_copy_ms=0.011291 full_state_readback=0
resting_native_profile step=24032 command_ms=878.143417 gpu_ms=877.477541566 host_copy_ms=0.016292 full_state_readback=0
resting_native_profile step=24064 command_ms=883.90675 gpu_ms=883.267625235 host_copy_ms=0.012 full_state_readback=0
resting_native_profile step=24096 command_ms=881.833709 gpu_ms=881.1563747 host_copy_ms=0.012083 full_state_readback=0
resting_native_profile step=24128 command_ms=886.789959 gpu_ms=886.190416291 host_copy_ms=0.011458 full_state_readback=0
resting_native_profile step=24160 command_ms=883.380875 gpu_ms=882.758791558 host_copy_ms=0.017709 full_state_readback=0
resting_native_profile step=24192 command_ms=878.577834 gpu_ms=877.983833663 host_copy_ms=0.008958 full_state_readback=0
resting_native_profile step=24224 command_ms=876.055459 gpu_ms=875.486000441 host_copy_ms=0.009375 full_state_readback=0
resting_native_profile step=24256 command_ms=878.157416 gpu_ms=877.56474968 host_copy_ms=0.012875 full_state_readback=0
resting_native_profile step=24288 command_ms=870.965292 gpu_ms=870.395791717 host_copy_ms=0.008083 full_state_readback=0
resting_native_profile step=24320 command_ms=877.107209 gpu_ms=876.442916691 host_copy_ms=0.008958 full_state_readback=0
resting_native_profile step=24352 command_ms=874.831584 gpu_ms=874.211166985 host_copy_ms=0.008916 full_state_readback=0
resting_native_profile step=24384 command_ms=872.971584 gpu_ms=872.381875291 host_copy_ms=0.00825 full_state_readback=0
resting_native_profile step=24416 command_ms=876.244417 gpu_ms=876.009125262 host_copy_ms=0.008583 full_state_readback=0
resting_native_profile step=24448 command_ms=873.402291 gpu_ms=872.7533333 host_copy_ms=0.009625 full_state_readback=0
resting_native_profile step=24480 command_ms=881.923875 gpu_ms=881.25241641 host_copy_ms=0.008291 full_state_readback=0
resting_native_profile step=24512 command_ms=877.221709 gpu_ms=876.602916978 host_copy_ms=0.008083 full_state_readback=0
resting_native_profile step=24544 command_ms=879.8325 gpu_ms=879.144124687 host_copy_ms=0.008583 full_state_readback=0
resting_native_profile step=24576 command_ms=878.287416 gpu_ms=877.705749124 host_copy_ms=0.008334 full_state_readback=0
resting_native_profile step=24608 command_ms=871.887375 gpu_ms=871.29270751 host_copy_ms=0.01175 full_state_readback=0
resting_native_profile step=24640 command_ms=877.767292 gpu_ms=877.167916857 host_copy_ms=0.007125 full_state_readback=0
resting_native_profile step=24672 command_ms=873.655917 gpu_ms=873.061874881 host_copy_ms=0.009458 full_state_readback=0
resting_native_profile step=24704 command_ms=879.847583 gpu_ms=879.609707743 host_copy_ms=0.007292 full_state_readback=0
resting_native_profile step=24736 command_ms=881.463583 gpu_ms=881.25745859 host_copy_ms=0.007542 full_state_readback=0
resting_native_profile step=24768 command_ms=868.94075 gpu_ms=868.411459029 host_copy_ms=0.00775 full_state_readback=0
resting_native_profile step=24800 command_ms=873.131042 gpu_ms=872.494624928 host_copy_ms=0.007041 full_state_readback=0
resting_native_profile step=24832 command_ms=874.973083 gpu_ms=874.427416362 host_copy_ms=0.00725 full_state_readback=0
resting_native_profile step=24864 command_ms=877.252208 gpu_ms=876.682083122 host_copy_ms=0.008709 full_state_readback=0
resting_native_profile step=24896 command_ms=880.864083 gpu_ms=880.215750076 host_copy_ms=0.007 full_state_readback=0
resting_native_profile step=24928 command_ms=885.069875 gpu_ms=884.461749345 host_copy_ms=0.008417 full_state_readback=0
resting_native_profile step=24960 command_ms=874.648041 gpu_ms=874.071249738 host_copy_ms=0.011 full_state_readback=0
resting_native_profile step=24992 command_ms=876.185 gpu_ms=875.570499338 host_copy_ms=0.007208 full_state_readback=0
accepted_geometry_export=/Users/n/numi-human-resting-evidence-20261005/native-drive-study-100/study/trials/resting-drive-half/output/scene/accepted-geometry/step-24991.mrvpack receipt=/Users/n/numi-human-resting-evidence-20261005/native-drive-study-100/study/trials/resting-drive-half/output/scene/accepted-geometry/step-24991.receipt.json accepted_root=0xfa327bcb493df1e3 pack_sha256=a3db304e6ea5024bb3637f561362a2a6c482b7c26577fa82400dd176132eec86 receipt_sha256=ed2da9185eb00e59152a957440ce33cfd28303718694a8b37113ebe68e132215
resting_native_profile step=25024 command_ms=887.836416 gpu_ms=887.31687516 host_copy_ms=0.007917 full_state_readback=0
resting_native_profile step=25056 command_ms=873.418959 gpu_ms=872.786291875 host_copy_ms=0.009833 full_state_readback=0
resting_native_profile step=25088 command_ms=882.126917 gpu_ms=881.55200053 host_copy_ms=0.008833 full_state_readback=0
resting_native_profile step=25120 command_ms=875.255875 gpu_ms=874.635958113 host_copy_ms=0.008375 full_state_readback=0
resting_native_profile step=25152 command_ms=870.000292 gpu_ms=869.418624789 host_copy_ms=0.00975 full_state_readback=0
resting_native_profile step=25184 command_ms=876.441833 gpu_ms=875.784500502 host_copy_ms=0.008334 full_state_readback=0
resting_native_profile step=25216 command_ms=876.634417 gpu_ms=875.995958224 host_copy_ms=0.008333 full_state_readback=0
resting_native_profile step=25248 command_ms=881.468667 gpu_ms=880.827333778 host_copy_ms=0.009333 full_state_readback=0
resting_native_profile step=25280 command_ms=872.583833 gpu_ms=871.958166361 host_copy_ms=0.012709 full_state_readback=0
resting_native_profile step=25312 command_ms=882.575166 gpu_ms=881.997666322 host_copy_ms=0.00925 full_state_readback=0
resting_native_profile step=25344 command_ms=874.418667 gpu_ms=873.73545859 host_copy_ms=0.008583 full_state_readback=0
resting_native_profile step=25376 command_ms=867.92825 gpu_ms=867.3552908 host_copy_ms=0.007917 full_state_readback=0
resting_native_profile step=25408 command_ms=881.31825 gpu_ms=880.721875466 host_copy_ms=0.008333 full_state_readback=0
resting_native_profile step=25440 command_ms=876.913791 gpu_ms=876.267707907 host_copy_ms=0.009709 full_state_readback=0
resting_native_profile step=25472 command_ms=872.665209 gpu_ms=871.879417449 host_copy_ms=0.009416 full_state_readback=0
resting_native_profile step=25504 command_ms=877.118292 gpu_ms=876.529375091 host_copy_ms=0.008208 full_state_readback=0
resting_native_profile step=25536 command_ms=882.206417 gpu_ms=881.635666825 host_copy_ms=0.007583 full_state_readback=0
resting_native_profile step=25568 command_ms=869.337459 gpu_ms=868.716000579 host_copy_ms=0.008375 full_state_readback=0
resting_native_profile step=25600 command_ms=876.82925 gpu_ms=876.241791993 host_copy_ms=0.007167 full_state_readback=0
resting_native_profile step=25632 command_ms=880.3135 gpu_ms=879.653499462 host_copy_ms=0.012417 full_state_readback=0
resting_native_profile step=25664 command_ms=874.175334 gpu_ms=873.586374335 host_copy_ms=0.008041 full_state_readback=0
resting_native_profile step=25696 command_ms=878.693667 gpu_ms=878.000542521 host_copy_ms=0.00875 full_state_readback=0
resting_native_profile step=25728 command_ms=876.583542 gpu_ms=875.925917178 host_copy_ms=0.00725 full_state_readback=0
resting_native_profile step=25760 command_ms=875.180958 gpu_ms=874.506374821 host_copy_ms=0.007167 full_state_readback=0
resting_native_profile step=25792 command_ms=875.919708 gpu_ms=875.347457826 host_copy_ms=0.007209 full_state_readback=0
resting_native_profile step=25824 command_ms=878.434542 gpu_ms=877.854207531 host_copy_ms=0.007291 full_state_readback=0
resting_native_profile step=25856 command_ms=879.07475 gpu_ms=878.443374299 host_copy_ms=0.008459 full_state_readback=0
resting_native_profile step=25888 command_ms=873.448875 gpu_ms=872.780207545 host_copy_ms=0.008125 full_state_readback=0
resting_native_profile step=25920 command_ms=876.631541 gpu_ms=876.040083356 host_copy_ms=0.007625 full_state_readback=0
resting_native_profile step=25952 command_ms=888.044625 gpu_ms=887.41491735 host_copy_ms=0.0085 full_state_readback=0
resting_native_profile step=25984 command_ms=875.087166 gpu_ms=874.516041949 host_copy_ms=0.01175 full_state_readback=0
resting_native_profile step=26016 command_ms=873.8945 gpu_ms=873.295582831 host_copy_ms=0.007833 full_state_readback=0
resting_native_profile step=26048 command_ms=867.892666 gpu_ms=867.193375714 host_copy_ms=0.009209 full_state_readback=0
resting_native_profile step=26080 command_ms=874.85175 gpu_ms=874.619875103 host_copy_ms=0.008833 full_state_readback=0
resting_native_profile step=26112 command_ms=872.201708 gpu_ms=871.598499827 host_copy_ms=0.007833 full_state_readback=0
resting_native_profile step=26144 command_ms=866.674666 gpu_ms=866.096874699 host_copy_ms=0.007334 full_state_readback=0
resting_native_profile step=26176 command_ms=872.298209 gpu_ms=871.640500613 host_copy_ms=0.008208 full_state_readback=0
resting_native_profile step=26208 command_ms=882.270292 gpu_ms=881.677833386 host_copy_ms=0.008416 full_state_readback=0
resting_native_profile step=26240 command_ms=874.95425 gpu_ms=874.222749844 host_copy_ms=0.008958 full_state_readback=0
resting_native_profile step=26272 command_ms=875.719583 gpu_ms=875.129542314 host_copy_ms=0.009542 full_state_readback=0
resting_native_profile step=26304 command_ms=879.947291 gpu_ms=879.407540895 host_copy_ms=0.006959 full_state_readback=0
resting_native_profile step=26336 command_ms=878.782792 gpu_ms=878.184249625 host_copy_ms=0.011125 full_state_readback=0
resting_native_profile step=26368 command_ms=879.047083 gpu_ms=878.401833586 host_copy_ms=0.008125 full_state_readback=0
resting_native_profile step=26400 command_ms=873.240584 gpu_ms=872.546916828 host_copy_ms=0.00975 full_state_readback=0
resting_native_profile step=26432 command_ms=879.087042 gpu_ms=878.464541398 host_copy_ms=0.008625 full_state_readback=0
resting_native_profile step=26464 command_ms=878.261709 gpu_ms=877.667999826 host_copy_ms=0.009875 full_state_readback=0
resting_native_profile step=26496 command_ms=872.336958 gpu_ms=871.722124517 host_copy_ms=0.008417 full_state_readback=0
resting_native_profile step=26528 command_ms=870.750666 gpu_ms=870.131874457 host_copy_ms=0.008667 full_state_readback=0
resting_native_profile step=26560 command_ms=878.665625 gpu_ms=878.423875198 host_copy_ms=0.007291 full_state_readback=0
resting_native_profile step=26592 command_ms=886.890417 gpu_ms=886.336375028 host_copy_ms=0.00875 full_state_readback=0
resting_native_profile step=26624 command_ms=873.327958 gpu_ms=872.757874429 host_copy_ms=0.004875 full_state_readback=0
resting_native_profile step=26656 command_ms=881.00875 gpu_ms=880.822500214 host_copy_ms=0.00475 full_state_readback=0
resting_native_profile step=26688 command_ms=878.426334 gpu_ms=878.245249391 host_copy_ms=0.012291 full_state_readback=0
resting_native_profile step=26720 command_ms=877.446083 gpu_ms=876.929166727 host_copy_ms=0.005625 full_state_readback=0
resting_native_profile step=26752 command_ms=884.528167 gpu_ms=883.965332992 host_copy_ms=0.004625 full_state_readback=0
resting_native_profile step=26784 command_ms=876.013583 gpu_ms=875.397499651 host_copy_ms=0.005875 full_state_readback=0
resting_native_profile step=26816 command_ms=881.0315 gpu_ms=880.476166494 host_copy_ms=0.004833 full_state_readback=0
resting_native_profile step=26848 command_ms=879.608 gpu_ms=879.077666439 host_copy_ms=0.005708 full_state_readback=0
resting_native_profile step=26880 command_ms=877.616792 gpu_ms=877.07020808 host_copy_ms=0.005125 full_state_readback=0
resting_native_profile step=26912 command_ms=871.776083 gpu_ms=871.13700062 host_copy_ms=0.008708 full_state_readback=0
resting_native_profile step=26944 command_ms=877.759375 gpu_ms=877.213083208 host_copy_ms=0.0055 full_state_readback=0
resting_native_profile step=26976 command_ms=881.301667 gpu_ms=880.766415969 host_copy_ms=0.005708 full_state_readback=0
resting_native_profile step=27008 command_ms=882.68525 gpu_ms=882.165458053 host_copy_ms=0.00525 full_state_readback=0
resting_native_profile step=27040 command_ms=887.28825 gpu_ms=886.757000349 host_copy_ms=0.007708 full_state_readback=0
resting_native_profile step=27072 command_ms=882.851375 gpu_ms=882.30837509 host_copy_ms=0.005208 full_state_readback=0
resting_native_profile step=27104 command_ms=881.210625 gpu_ms=881.026000716 host_copy_ms=0.00475 full_state_readback=0
resting_native_profile step=27136 command_ms=871.943083 gpu_ms=871.42950017 host_copy_ms=0.008458 full_state_readback=0
resting_native_profile step=27168 command_ms=876.554083 gpu_ms=875.96049998 host_copy_ms=0.0055 full_state_readback=0
resting_native_profile step=27200 command_ms=878.480667 gpu_ms=877.831375226 host_copy_ms=0.005 full_state_readback=0
resting_native_profile step=27232 command_ms=876.176875 gpu_ms=875.649750233 host_copy_ms=0.005125 full_state_readback=0
resting_native_profile step=27264 command_ms=882.558416 gpu_ms=881.962209009 host_copy_ms=0.004709 full_state_readback=0
resting_native_profile step=27296 command_ms=880.855959 gpu_ms=880.27691748 host_copy_ms=0.00725 full_state_readback=0
resting_native_profile step=27328 command_ms=875.373792 gpu_ms=874.81304165 host_copy_ms=0.008 full_state_readback=0
resting_native_profile step=27360 command_ms=885.059833 gpu_ms=884.536750615 host_copy_ms=0.005625 full_state_readback=0
resting_native_profile step=27392 command_ms=875.00525 gpu_ms=874.461375177 host_copy_ms=0.008417 full_state_readback=0
resting_native_profile step=27424 command_ms=877.549417 gpu_ms=876.998624764 host_copy_ms=0.00575 full_state_readback=0
resting_native_profile step=27456 command_ms=881.453209 gpu_ms=881.27554208 host_copy_ms=0.005583 full_state_readback=0
resting_native_profile step=27488 command_ms=879.702458 gpu_ms=879.184374586 host_copy_ms=0.005084 full_state_readback=0
resting_native_profile step=27520 command_ms=874.629625 gpu_ms=874.455416575 host_copy_ms=0.0085 full_state_readback=0
resting_native_profile step=27552 command_ms=880.74525 gpu_ms=880.150458775 host_copy_ms=0.009292 full_state_readback=0
resting_native_profile step=27584 command_ms=876.469542 gpu_ms=875.894541852 host_copy_ms=0.008792 full_state_readback=0
resting_native_profile step=27616 command_ms=875.479291 gpu_ms=875.269166194 host_copy_ms=0.006875 full_state_readback=0
resting_native_profile step=27648 command_ms=887.568125 gpu_ms=886.978750117 host_copy_ms=0.009208 full_state_readback=0
resting_native_profile step=27680 command_ms=879.324583 gpu_ms=878.632999957 host_copy_ms=0.008209 full_state_readback=0
resting_native_profile step=27712 command_ms=878.213291 gpu_ms=877.594041638 host_copy_ms=0.008334 full_state_readback=0
resting_native_profile step=27744 command_ms=872.1045 gpu_ms=871.456832625 host_copy_ms=0.012125 full_state_readback=0
resting_native_profile step=27776 command_ms=869.761375 gpu_ms=869.123250246 host_copy_ms=0.007792 full_state_readback=0
resting_native_profile step=27808 command_ms=881.277375 gpu_ms=880.608958192 host_copy_ms=0.007916 full_state_readback=0
resting_native_profile step=27840 command_ms=878.519042 gpu_ms=877.842125483 host_copy_ms=0.007 full_state_readback=0
resting_native_profile step=27872 command_ms=882.302625 gpu_ms=881.68462459 host_copy_ms=0.008042 full_state_readback=0
resting_native_profile step=27904 command_ms=874.883584 gpu_ms=874.415374361 host_copy_ms=0.008666 full_state_readback=0
resting_native_profile step=27936 command_ms=865.375041 gpu_ms=864.734624512 host_copy_ms=0.007209 full_state_readback=0
resting_native_profile step=27968 command_ms=877.468667 gpu_ms=876.852249727 host_copy_ms=0.009042 full_state_readback=0
resting_native_profile step=28000 command_ms=875.734667 gpu_ms=875.132624991 host_copy_ms=0.009042 full_state_readback=0
resting_native_profile step=28032 command_ms=877.917542 gpu_ms=877.272625454 host_copy_ms=0.007416 full_state_readback=0
resting_native_profile step=28064 command_ms=884.04575 gpu_ms=883.368291892 host_copy_ms=0.008875 full_state_readback=0
resting_native_profile step=28096 command_ms=881.502375 gpu_ms=881.213333458 host_copy_ms=0.011458 full_state_readback=0
resting_native_profile step=28128 command_ms=881.361458 gpu_ms=880.756416358 host_copy_ms=0.007375 full_state_readback=0
resting_native_profile step=28160 command_ms=878.177209 gpu_ms=877.488249913 host_copy_ms=0.007208 full_state_readback=0
resting_native_profile step=28192 command_ms=868.21525 gpu_ms=867.579750717 host_copy_ms=0.009125 full_state_readback=0
resting_native_profile step=28224 command_ms=881.300584 gpu_ms=880.617542192 host_copy_ms=0.008041 full_state_readback=0
resting_native_profile step=28256 command_ms=870.048166 gpu_ms=869.450374506 host_copy_ms=0.007375 full_state_readback=0
resting_native_profile step=28288 command_ms=878.313625 gpu_ms=877.666916698 host_copy_ms=0.008833 full_state_readback=0
resting_native_profile step=28320 command_ms=866.174208 gpu_ms=865.454874933 host_copy_ms=0.007125 full_state_readback=0
resting_native_profile step=28352 command_ms=871.110875 gpu_ms=870.456125587 host_copy_ms=0.007625 full_state_readback=0
resting_native_profile step=28384 command_ms=871.586375 gpu_ms=871.027249843 host_copy_ms=0.007584 full_state_readback=0
resting_native_profile step=28416 command_ms=874.626375 gpu_ms=873.997166753 host_copy_ms=0.010083 full_state_readback=0
resting_native_profile step=28448 command_ms=874.379834 gpu_ms=873.715042137 host_copy_ms=0.012625 full_state_readback=0
resting_native_profile step=28480 command_ms=879.574208 gpu_ms=878.948374651 host_copy_ms=0.018875 full_state_readback=0
resting_native_profile step=28512 command_ms=873.255042 gpu_ms=872.625125572 host_copy_ms=0.0085 full_state_readback=0
resting_native_profile step=28544 command_ms=872.520875 gpu_ms=871.926625259 host_copy_ms=0.009166 full_state_readback=0
resting_native_profile step=28576 command_ms=879.993834 gpu_ms=879.431459121 host_copy_ms=0.00775 full_state_readback=0
resting_native_profile step=28608 command_ms=878.141 gpu_ms=877.554208972 host_copy_ms=0.00825 full_state_readback=0
resting_native_profile step=28640 command_ms=877.29325 gpu_ms=876.725916751 host_copy_ms=0.007875 full_state_readback=0
resting_native_profile step=28672 command_ms=873.655417 gpu_ms=873.041166924 host_copy_ms=0.006875 full_state_readback=0
resting_native_profile step=28704 command_ms=873.936708 gpu_ms=873.334582895 host_copy_ms=0.008542 full_state_readback=0
resting_native_profile step=28736 command_ms=880.080333 gpu_ms=879.38725017 host_copy_ms=0.006584 full_state_readback=0
resting_native_profile step=28768 command_ms=872.240542 gpu_ms=871.544000693 host_copy_ms=0.00775 full_state_readback=0
resting_native_profile step=28800 command_ms=880.349375 gpu_ms=879.787707701 host_copy_ms=0.013041 full_state_readback=0
resting_native_profile step=28832 command_ms=875.177792 gpu_ms=874.589833431 host_copy_ms=0.009208 full_state_readback=0
resting_native_profile step=28864 command_ms=877.977708 gpu_ms=877.383624204 host_copy_ms=0.009417 full_state_readback=0
resting_native_profile step=28896 command_ms=870.241083 gpu_ms=869.640207849 host_copy_ms=0.008542 full_state_readback=0
resting_native_profile step=28928 command_ms=875.785834 gpu_ms=875.200625509 host_copy_ms=0.007958 full_state_readback=0
resting_native_profile step=28960 command_ms=877.124958 gpu_ms=876.468208618 host_copy_ms=0.008167 full_state_readback=0
resting_native_profile step=28992 command_ms=876.417958 gpu_ms=875.780249946 host_copy_ms=0.007375 full_state_readback=0
resting_native_profile step=29024 command_ms=876.912333 gpu_ms=876.304624602 host_copy_ms=0.009334 full_state_readback=0
resting_native_profile step=29056 command_ms=878.603916 gpu_ms=878.062000498 host_copy_ms=0.007875 full_state_readback=0
resting_native_profile step=29088 command_ms=878.883041 gpu_ms=878.324000165 host_copy_ms=0.00775 full_state_readback=0
resting_native_profile step=29120 command_ms=875.918041 gpu_ms=875.346874818 host_copy_ms=0.006709 full_state_readback=0
resting_native_profile step=29152 command_ms=883.12475 gpu_ms=882.474875078 host_copy_ms=0.010542 full_state_readback=0
resting_native_profile step=29184 command_ms=876.769208 gpu_ms=876.218874939 host_copy_ms=0.00625 full_state_readback=0
resting_native_profile step=29216 command_ms=877.9725 gpu_ms=877.348917536 host_copy_ms=0.006916 full_state_readback=0
resting_native_profile step=29248 command_ms=879.102541 gpu_ms=878.894833848 host_copy_ms=0.008792 full_state_readback=0
resting_native_profile step=29280 command_ms=877.992959 gpu_ms=877.337208949 host_copy_ms=0.007458 full_state_readback=0
resting_native_profile step=29312 command_ms=873.393875 gpu_ms=873.202375136 host_copy_ms=0.008459 full_state_readback=0
resting_native_profile step=29344 command_ms=880.547958 gpu_ms=879.907624796 host_copy_ms=0.0085 full_state_readback=0
resting_native_profile step=29376 command_ms=880.46675 gpu_ms=879.872041754 host_copy_ms=0.0075 full_state_readback=0
resting_native_profile step=29408 command_ms=869.820375 gpu_ms=869.218833745 host_copy_ms=0.007583 full_state_readback=0
resting_native_profile step=29440 command_ms=888.231875 gpu_ms=887.667416595 host_copy_ms=0.008083 full_state_readback=0
resting_native_profile step=29472 command_ms=881.819833 gpu_ms=881.206249818 host_copy_ms=0.008875 full_state_readback=0
resting_native_profile step=29504 command_ms=874.890958 gpu_ms=874.316208996 host_copy_ms=0.011209 full_state_readback=0
resting_native_profile step=29536 command_ms=882.99925 gpu_ms=882.39437528 host_copy_ms=0.008166 full_state_readback=0
resting_native_profile step=29568 command_ms=866.600292 gpu_ms=866.049833596 host_copy_ms=0.007 full_state_readback=0
resting_native_profile step=29600 command_ms=877.618791 gpu_ms=877.056291327 host_copy_ms=0.008042 full_state_readback=0
resting_native_profile step=29632 command_ms=873.46525 gpu_ms=872.877124697 host_copy_ms=0.007709 full_state_readback=0
resting_native_profile step=29664 command_ms=882.197542 gpu_ms=881.516125053 host_copy_ms=0.008 full_state_readback=0
resting_native_profile step=29696 command_ms=877.926 gpu_ms=877.251583152 host_copy_ms=0.008708 full_state_readback=0
resting_native_profile step=29728 command_ms=874.772708 gpu_ms=874.216541648 host_copy_ms=0.009167 full_state_readback=0
resting_native_profile step=29760 command_ms=871.694833 gpu_ms=871.468707919 host_copy_ms=0.008667 full_state_readback=0
resting_native_profile step=29792 command_ms=879.2685 gpu_ms=878.607874736 host_copy_ms=0.007584 full_state_readback=0
resting_native_profile step=29824 command_ms=866.896792 gpu_ms=866.244499572 host_copy_ms=0.007125 full_state_readback=0
resting_native_profile step=29856 command_ms=871.77 gpu_ms=871.29729148 host_copy_ms=0.011042 full_state_readback=0
resting_native_profile step=29888 command_ms=876.984917 gpu_ms=876.299291849 host_copy_ms=0.009083 full_state_readback=0
resting_native_profile step=29920 command_ms=879.423625 gpu_ms=878.788749687 host_copy_ms=0.009083 full_state_readback=0
resting_native_profile step=29952 command_ms=875.341666 gpu_ms=874.68741741 host_copy_ms=0.007209 full_state_readback=0
resting_native_profile step=29984 command_ms=882.149417 gpu_ms=881.592459045 host_copy_ms=0.006958 full_state_readback=0
resting_native_profile step=30016 command_ms=878.886333 gpu_ms=878.17645818 host_copy_ms=0.007917 full_state_readback=0
resting_native_profile step=30048 command_ms=879.918625 gpu_ms=879.312208854 host_copy_ms=0.007 full_state_readback=0
resting_native_profile step=30080 command_ms=871.69525 gpu_ms=871.027749963 host_copy_ms=0.007208 full_state_readback=0
resting_native_profile step=30112 command_ms=891.0845 gpu_ms=890.498666093 host_copy_ms=0.008833 full_state_readback=0
resting_native_profile step=30144 command_ms=877.183125 gpu_ms=876.531166956 host_copy_ms=0.007208 full_state_readback=0
resting_native_profile step=30176 command_ms=877.453042 gpu_ms=876.91087462 host_copy_ms=0.006791 full_state_readback=0
resting_native_profile step=30208 command_ms=870.459541 gpu_ms=869.809749536 host_copy_ms=0.010167 full_state_readback=0
resting_native_profile step=30240 command_ms=880.227584 gpu_ms=879.696000367 host_copy_ms=0.007833 full_state_readback=0
resting_native_profile step=30272 command_ms=874.598666 gpu_ms=874.009249732 host_copy_ms=0.007834 full_state_readback=0
resting_native_profile step=30304 command_ms=882.669417 gpu_ms=882.388249971 host_copy_ms=0.007291 full_state_readback=0
resting_native_profile step=30336 command_ms=878.625125 gpu_ms=878.049124964 host_copy_ms=0.009083 full_state_readback=0
resting_native_profile step=30368 command_ms=867.960875 gpu_ms=867.405374534 host_copy_ms=0.008792 full_state_readback=0
resting_native_profile step=30400 command_ms=872.643583 gpu_ms=871.996000409 host_copy_ms=0.008084 full_state_readback=0
resting_native_profile step=30432 command_ms=878.820625 gpu_ms=878.251541406 host_copy_ms=0.007333 full_state_readback=0
resting_native_profile step=30464 command_ms=880.260584 gpu_ms=879.709624685 host_copy_ms=0.007958 full_state_readback=0
resting_native_profile step=30496 command_ms=873.61275 gpu_ms=873.088666238 host_copy_ms=0.006792 full_state_readback=0
resting_native_profile step=30528 command_ms=875.502541 gpu_ms=874.937375076 host_copy_ms=0.007542 full_state_readback=0
resting_native_profile step=30560 command_ms=882.681666 gpu_ms=882.01837521 host_copy_ms=0.011709 full_state_readback=0
resting_native_profile step=30592 command_ms=877.837125 gpu_ms=877.179999836 host_copy_ms=0.007167 full_state_readback=0
resting_native_profile step=30624 command_ms=880.833041 gpu_ms=880.195625126 host_copy_ms=0.007584 full_state_readback=0
resting_native_profile step=30656 command_ms=871.004 gpu_ms=870.448458008 host_copy_ms=0.007375 full_state_readback=0
resting_native_profile step=30688 command_ms=880.785542 gpu_ms=880.220249295 host_copy_ms=0.007708 full_state_readback=0
resting_native_profile step=30720 command_ms=880.198166 gpu_ms=879.602749832 host_copy_ms=0.007834 full_state_readback=0
resting_native_profile step=30752 command_ms=885.39925 gpu_ms=884.743249975 host_copy_ms=0.007125 full_state_readback=0
resting_native_profile step=30784 command_ms=883.767625 gpu_ms=883.179624565 host_copy_ms=0.008667 full_state_readback=0
resting_native_profile step=30816 command_ms=878.041 gpu_ms=877.458875068 host_copy_ms=0.006792 full_state_readback=0
resting_native_profile step=30848 command_ms=872.992959 gpu_ms=872.426041402 host_copy_ms=0.008125 full_state_readback=0
resting_native_profile step=30880 command_ms=878.669916 gpu_ms=878.051750362 host_copy_ms=0.007042 full_state_readback=0
resting_native_profile step=30912 command_ms=883.908708 gpu_ms=883.278500289 host_copy_ms=0.013083 full_state_readback=0
resting_native_profile step=30944 command_ms=878.311875 gpu_ms=877.690999769 host_copy_ms=0.009208 full_state_readback=0
resting_native_profile step=30976 command_ms=870.183417 gpu_ms=869.937541895 host_copy_ms=0.008875 full_state_readback=0
resting_native_profile step=31008 command_ms=870.374417 gpu_ms=869.714708067 host_copy_ms=0.008458 full_state_readback=0
resting_native_profile step=31040 command_ms=873.914458 gpu_ms=873.283750378 host_copy_ms=0.007333 full_state_readback=0
resting_native_profile step=31072 command_ms=869.58325 gpu_ms=868.916625157 host_copy_ms=0.009708 full_state_readback=0
resting_native_profile step=31104 command_ms=870.204625 gpu_ms=869.597124867 host_copy_ms=0.008625 full_state_readback=0
resting_native_profile step=31136 command_ms=882.496208 gpu_ms=881.856624968 host_copy_ms=0.007542 full_state_readback=0
resting_native_profile step=31168 command_ms=878.861125 gpu_ms=878.271374851 host_copy_ms=0.007458 full_state_readback=0
resting_native_profile step=31200 command_ms=883.33375 gpu_ms=882.734666578 host_copy_ms=0.008917 full_state_readback=0
resting_native_profile step=31232 command_ms=877.64625 gpu_ms=877.080542035 host_copy_ms=0.007833 full_state_readback=0
resting_native_profile step=31264 command_ms=879.668541 gpu_ms=879.445082508 host_copy_ms=0.010792 full_state_readback=0
resting_native_profile step=31296 command_ms=880.827458 gpu_ms=880.310083739 host_copy_ms=0.008375 full_state_readback=0
resting_native_profile step=31328 command_ms=874.042041 gpu_ms=873.507625423 host_copy_ms=0.006584 full_state_readback=0
resting_native_profile step=31360 command_ms=881.480875 gpu_ms=880.8658747 host_copy_ms=0.007 full_state_readback=0
resting_native_profile step=31392 command_ms=873.331292 gpu_ms=873.124583624 host_copy_ms=0.00725 full_state_readback=0
resting_native_profile step=31424 command_ms=879.826917 gpu_ms=879.154416732 host_copy_ms=0.009 full_state_readback=0
resting_native_profile step=31456 command_ms=872.092792 gpu_ms=871.434249915 host_copy_ms=0.007375 full_state_readback=0
resting_native_profile step=31488 command_ms=876.338208 gpu_ms=875.726916827 host_copy_ms=0.007875 full_state_readback=0
resting_native_profile step=31520 command_ms=871.440042 gpu_ms=870.768500492 host_copy_ms=0.007625 full_state_readback=0
resting_native_profile step=31552 command_ms=863.329334 gpu_ms=862.648666836 host_copy_ms=0.008125 full_state_readback=0
resting_native_profile step=31584 command_ms=876.727917 gpu_ms=876.129208133 host_copy_ms=0.009041 full_state_readback=0
resting_native_profile step=31616 command_ms=878.996208 gpu_ms=878.302375786 host_copy_ms=0.011542 full_state_readback=0
resting_native_profile step=31648 command_ms=873.258 gpu_ms=872.574875131 host_copy_ms=0.009 full_state_readback=0
resting_native_profile step=31680 command_ms=871.197792 gpu_ms=870.606958866 host_copy_ms=0.009625 full_state_readback=0
resting_native_profile step=31712 command_ms=889.928041 gpu_ms=889.717499726 host_copy_ms=0.008 full_state_readback=0
resting_native_profile step=31744 command_ms=879.460709 gpu_ms=878.804249689 host_copy_ms=0.007958 full_state_readback=0
resting_native_profile step=31776 command_ms=874.65975 gpu_ms=874.062375166 host_copy_ms=0.006 full_state_readback=0
resting_native_profile step=31808 command_ms=874.909458 gpu_ms=874.350165948 host_copy_ms=0.007583 full_state_readback=0
resting_native_profile step=31840 command_ms=867.859958 gpu_ms=867.673750035 host_copy_ms=0.007625 full_state_readback=0
resting_native_profile step=31872 command_ms=879.943792 gpu_ms=879.362749867 host_copy_ms=0.008833 full_state_readback=0
resting_native_profile step=31904 command_ms=879.297917 gpu_ms=878.697791137 host_copy_ms=0.007458 full_state_readback=0
resting_native_profile step=31936 command_ms=877.796166 gpu_ms=877.238750458 host_copy_ms=0.007292 full_state_readback=0
resting_native_profile step=31968 command_ms=878.220583 gpu_ms=877.642583102 host_copy_ms=0.010959 full_state_readback=0
resting_native_profile step=32000 command_ms=875.873083 gpu_ms=875.237041153 host_copy_ms=0.007417 full_state_readback=0
resting_native_profile step=32032 command_ms=876.206125 gpu_ms=875.621125102 host_copy_ms=0.007917 full_state_readback=0
resting_native_profile step=32064 command_ms=882.973875 gpu_ms=882.304167375 host_copy_ms=0.008333 full_state_readback=0
resting_native_profile step=32096 command_ms=869.373833 gpu_ms=869.153499603 host_copy_ms=0.008834 full_state_readback=0
resting_native_profile step=32128 command_ms=874.702458 gpu_ms=874.01987426 host_copy_ms=0.009334 full_state_readback=0
resting_native_profile step=32160 command_ms=877.00675 gpu_ms=876.398875378 host_copy_ms=0.008916 full_state_readback=0
resting_native_profile step=32192 command_ms=883.941459 gpu_ms=883.736874908 host_copy_ms=0.008 full_state_readback=0
resting_native_profile step=32224 command_ms=878.558417 gpu_ms=877.924875356 host_copy_ms=0.00725 full_state_readback=0
resting_native_profile step=32256 command_ms=884.514125 gpu_ms=883.840125054 host_copy_ms=0.008292 full_state_readback=0
resting_native_profile step=32288 command_ms=874.032708 gpu_ms=873.615916818 host_copy_ms=0.008833 full_state_readback=0
resting_native_profile step=32320 command_ms=873.9935 gpu_ms=873.34845867 host_copy_ms=0.011958 full_state_readback=0
resting_native_profile step=32352 command_ms=865.227084 gpu_ms=864.631333388 host_copy_ms=0.008541 full_state_readback=0
resting_native_profile step=32384 command_ms=880.480417 gpu_ms=879.830082878 host_copy_ms=0.009417 full_state_readback=0
resting_native_profile step=32416 command_ms=878.921375 gpu_ms=878.24479118 host_copy_ms=0.0075 full_state_readback=0
resting_native_profile step=32448 command_ms=878.663709 gpu_ms=878.008000553 host_copy_ms=0.008291 full_state_readback=0
resting_native_profile step=32480 command_ms=874.118625 gpu_ms=873.431458138 host_copy_ms=0.0085 full_state_readback=0
resting_native_profile step=32512 command_ms=877.684542 gpu_ms=877.014707774 host_copy_ms=0.009167 full_state_readback=0
resting_native_profile step=32544 command_ms=878.054083 gpu_ms=877.338833176 host_copy_ms=0.00925 full_state_readback=0
resting_native_profile step=32576 command_ms=878.556458 gpu_ms=877.891541459 host_copy_ms=0.007 full_state_readback=0
resting_native_profile step=32608 command_ms=866.5585 gpu_ms=865.891999565 host_copy_ms=0.008833 full_state_readback=0
resting_native_profile step=32640 command_ms=882.87875 gpu_ms=882.308583707 host_copy_ms=0.007958 full_state_readback=0
resting_native_profile step=32672 command_ms=878.868083 gpu_ms=878.679791465 host_copy_ms=0.010167 full_state_readback=0
resting_native_profile step=32704 command_ms=874.955709 gpu_ms=874.728583731 host_copy_ms=0.00775 full_state_readback=0
resting_native_profile step=32736 command_ms=876.417542 gpu_ms=875.736040995 host_copy_ms=0.00875 full_state_readback=0
resting_native_profile step=32768 command_ms=876.311041 gpu_ms=875.672249123 host_copy_ms=0.009084 full_state_readback=0
resting_native_profile step=32800 command_ms=884.840042 gpu_ms=884.173999541 host_copy_ms=0.009041 full_state_readback=0
resting_native_profile step=32832 command_ms=877.591459 gpu_ms=876.991666853 host_copy_ms=0.007458 full_state_readback=0
resting_native_profile step=32864 command_ms=882.967334 gpu_ms=882.339250296 host_copy_ms=0.007333 full_state_readback=0
resting_native_profile step=32896 command_ms=880.799333 gpu_ms=880.225708708 host_copy_ms=0.00775 full_state_readback=0
resting_native_profile step=32928 command_ms=875.13075 gpu_ms=874.471374787 host_copy_ms=0.009292 full_state_readback=0
resting_native_profile step=32960 command_ms=882.136167 gpu_ms=881.467624567 host_copy_ms=0.008041 full_state_readback=0
resting_native_profile step=32992 command_ms=879.670833 gpu_ms=879.371125251 host_copy_ms=0.008375 full_state_readback=0
resting_native_profile step=33024 command_ms=882.001708 gpu_ms=881.781249307 host_copy_ms=0.012584 full_state_readback=0
resting_native_profile step=33056 command_ms=874.809334 gpu_ms=874.234207906 host_copy_ms=0.007708 full_state_readback=0
resting_native_profile step=33088 command_ms=876.519458 gpu_ms=875.919500366 host_copy_ms=0.008292 full_state_readback=0
resting_native_profile step=33120 command_ms=876.943917 gpu_ms=876.280750148 host_copy_ms=0.007541 full_state_readback=0
resting_native_profile step=33152 command_ms=881.607167 gpu_ms=880.933124572 host_copy_ms=0.009416 full_state_readback=0
resting_native_profile step=33184 command_ms=881.939459 gpu_ms=881.241000257 host_copy_ms=0.008541 full_state_readback=0
resting_native_profile step=33216 command_ms=873.297667 gpu_ms=872.727625072 host_copy_ms=0.008375 full_state_readback=0
resting_native_profile step=33248 command_ms=876.094375 gpu_ms=875.413875096 host_copy_ms=0.008083 full_state_readback=0
resting_native_profile step=33280 command_ms=882.179375 gpu_ms=881.601583213 host_copy_ms=0.007417 full_state_readback=0
resting_native_profile step=33312 command_ms=875.220333 gpu_ms=874.596375041 host_copy_ms=0.007334 full_state_readback=0
resting_native_profile step=33344 command_ms=877.674667 gpu_ms=877.031249925 host_copy_ms=0.0075 full_state_readback=0
resting_native_profile step=33376 command_ms=877.342958 gpu_ms=876.720124856 host_copy_ms=0.012167 full_state_readback=0
resting_native_profile step=33408 command_ms=867.829416 gpu_ms=867.17095878 host_copy_ms=0.009459 full_state_readback=0
resting_native_profile step=33440 command_ms=882.788541 gpu_ms=882.184875198 host_copy_ms=0.007375 full_state_readback=0
resting_native_profile step=33472 command_ms=874.435834 gpu_ms=873.77012521 host_copy_ms=0.009375 full_state_readback=0
resting_native_profile step=33504 command_ms=875.015084 gpu_ms=874.402875081 host_copy_ms=0.007083 full_state_readback=0
resting_native_profile step=33536 command_ms=880.246583 gpu_ms=880.030957982 host_copy_ms=0.007875 full_state_readback=0
resting_native_profile step=33568 command_ms=874.378458 gpu_ms=873.84699937 host_copy_ms=0.007875 full_state_readback=0
resting_native_profile step=33600 command_ms=880.786709 gpu_ms=880.143458024 host_copy_ms=0.008791 full_state_readback=0
resting_native_profile step=33632 command_ms=879.867541 gpu_ms=879.311374389 host_copy_ms=0.005125 full_state_readback=0
resting_native_profile step=33664 command_ms=881.758917 gpu_ms=881.220749579 host_copy_ms=0.00575 full_state_readback=0
resting_native_profile step=33696 command_ms=873.569083 gpu_ms=873.361249454 host_copy_ms=0.005209 full_state_readback=0
resting_native_profile step=33728 command_ms=870.889916 gpu_ms=870.3087084 host_copy_ms=0.007834 full_state_readback=0
resting_native_profile step=33760 command_ms=874.784834 gpu_ms=874.629875645 host_copy_ms=0.004708 full_state_readback=0
resting_native_profile step=33792 command_ms=874.570417 gpu_ms=873.908749782 host_copy_ms=0.008333 full_state_readback=0
resting_native_profile step=33824 command_ms=879.349958 gpu_ms=878.794708289 host_copy_ms=0.006167 full_state_readback=0
resting_native_profile step=33856 command_ms=878.607667 gpu_ms=878.04879155 host_copy_ms=0.005416 full_state_readback=0
resting_native_profile step=33888 command_ms=875.255584 gpu_ms=874.620249495 host_copy_ms=0.005125 full_state_readback=0
resting_native_profile step=33920 command_ms=870.623459 gpu_ms=870.215625502 host_copy_ms=0.0065 full_state_readback=0
resting_native_profile step=33952 command_ms=871.419958 gpu_ms=870.868500322 host_copy_ms=0.005709 full_state_readback=0
resting_native_profile step=33984 command_ms=871.893958 gpu_ms=871.360207908 host_copy_ms=0.005292 full_state_readback=0
resting_native_profile step=34016 command_ms=877.230375 gpu_ms=876.681542024 host_copy_ms=0.008667 full_state_readback=0
resting_native_profile step=34048 command_ms=867.139208 gpu_ms=866.617666557 host_copy_ms=0.005084 full_state_readback=0
resting_native_profile step=34080 command_ms=873.702083 gpu_ms=873.156082816 host_copy_ms=0.007959 full_state_readback=0
resting_native_profile step=34112 command_ms=876.289084 gpu_ms=876.117583364 host_copy_ms=0.005083 full_state_readback=0
resting_native_profile step=34144 command_ms=881.892125 gpu_ms=881.327999756 host_copy_ms=0.005542 full_state_readback=0
resting_native_profile step=34176 command_ms=872.761791 gpu_ms=872.213750146 host_copy_ms=0.005 full_state_readback=0
resting_native_profile step=34208 command_ms=878.328375 gpu_ms=877.751083113 host_copy_ms=0.004959 full_state_readback=0
resting_native_profile step=34240 command_ms=879.313667 gpu_ms=878.754000179 host_copy_ms=0.008542 full_state_readback=0
resting_native_profile step=34272 command_ms=882.426 gpu_ms=881.886583753 host_copy_ms=0.007417 full_state_readback=0
resting_native_profile step=34304 command_ms=883.429542 gpu_ms=882.802749984 host_copy_ms=0.007708 full_state_readback=0
resting_native_profile step=34336 command_ms=872.6865 gpu_ms=872.126000002 host_copy_ms=0.006 full_state_readback=0
resting_native_profile step=34368 command_ms=877.775792 gpu_ms=877.239749767 host_copy_ms=0.005875 full_state_readback=0
resting_native_profile step=34400 command_ms=872.235334 gpu_ms=871.681707911 host_copy_ms=0.00725 full_state_readback=0
resting_native_profile step=34432 command_ms=875.508208 gpu_ms=874.912667088 host_copy_ms=0.008292 full_state_readback=0
resting_native_profile step=34464 command_ms=882.42575 gpu_ms=881.79979194 host_copy_ms=0.0085 full_state_readback=0
resting_native_profile step=34496 command_ms=877.04125 gpu_ms=876.453124918 host_copy_ms=0.005875 full_state_readback=0
resting_native_profile step=34528 command_ms=879.312291 gpu_ms=878.749124706 host_copy_ms=0.005167 full_state_readback=0
resting_native_profile step=34560 command_ms=883.528292 gpu_ms=882.922250777 host_copy_ms=0.010541 full_state_readback=0
resting_native_profile step=34592 command_ms=873.6885 gpu_ms=873.027208261 host_copy_ms=0.009208 full_state_readback=0
resting_native_profile step=34624 command_ms=879.19525 gpu_ms=878.563292325 host_copy_ms=0.008209 full_state_readback=0
resting_native_profile step=34656 command_ms=880.621334 gpu_ms=879.920790903 host_copy_ms=0.006875 full_state_readback=0
resting_native_profile step=34688 command_ms=869.504667 gpu_ms=868.829208426 host_copy_ms=0.009166 full_state_readback=0
resting_native_profile step=34720 command_ms=882.498584 gpu_ms=881.886125542 host_copy_ms=0.009458 full_state_readback=0
resting_native_profile step=34752 command_ms=872.668791 gpu_ms=872.0431244 host_copy_ms=0.00725 full_state_readback=0
resting_native_profile step=34784 command_ms=871.515 gpu_ms=870.833666064 host_copy_ms=0.011875 full_state_readback=0
resting_native_profile step=34816 command_ms=878.358666 gpu_ms=877.792708576 host_copy_ms=0.008459 full_state_readback=0
resting_native_profile step=34848 command_ms=879.083291 gpu_ms=878.537249751 host_copy_ms=0.007625 full_state_readback=0
resting_native_profile step=34880 command_ms=878.740917 gpu_ms=878.206625581 host_copy_ms=0.008416 full_state_readback=0
resting_native_profile step=34912 command_ms=871.838917 gpu_ms=871.246208437 host_copy_ms=0.008958 full_state_readback=0
resting_native_profile step=34944 command_ms=875.690292 gpu_ms=875.030375086 host_copy_ms=0.008625 full_state_readback=0
resting_native_profile step=34976 command_ms=879.325209 gpu_ms=878.662125207 host_copy_ms=0.008041 full_state_readback=0
resting_native_profile step=35008 command_ms=872.913333 gpu_ms=872.28595838 host_copy_ms=0.009708 full_state_readback=0
resting_native_profile step=35040 command_ms=876.357541 gpu_ms=875.796624459 host_copy_ms=0.008084 full_state_readback=0
resting_native_profile step=35072 command_ms=872.674 gpu_ms=872.098375112 host_copy_ms=0.007833 full_state_readback=0
resting_native_profile step=35104 command_ms=878.15825 gpu_ms=877.464500256 host_copy_ms=0.009083 full_state_readback=0
resting_native_profile step=35136 command_ms=877.637333 gpu_ms=877.013750374 host_copy_ms=0.013208 full_state_readback=0
resting_native_profile step=35168 command_ms=874.699125 gpu_ms=874.074958265 host_copy_ms=0.007125 full_state_readback=0
resting_native_profile step=35200 command_ms=882.627667 gpu_ms=882.033499889 host_copy_ms=0.007875 full_state_readback=0
resting_native_profile step=35232 command_ms=870.378625 gpu_ms=869.702874683 host_copy_ms=0.008208 full_state_readback=0
resting_native_profile step=35264 command_ms=870.520333 gpu_ms=869.884124957 host_copy_ms=0.008125 full_state_readback=0
resting_native_profile step=35296 command_ms=875.182708 gpu_ms=874.53712523 host_copy_ms=0.008167 full_state_readback=0
resting_native_profile step=35328 command_ms=881.510958 gpu_ms=880.925416946 host_copy_ms=0.009042 full_state_readback=0
resting_native_profile step=35360 command_ms=877.365667 gpu_ms=876.741167158 host_copy_ms=0.008958 full_state_readback=0
resting_native_profile step=35392 command_ms=878.509 gpu_ms=877.922125161 host_copy_ms=0.00825 full_state_readback=0
resting_native_profile step=35424 command_ms=877.802042 gpu_ms=877.252291888 host_copy_ms=0.008333 full_state_readback=0
resting_native_profile step=35456 command_ms=883.290208 gpu_ms=882.7195419 host_copy_ms=0.008167 full_state_readback=0
resting_native_profile step=35488 command_ms=877.184625 gpu_ms=876.517415978 host_copy_ms=0.012917 full_state_readback=0
resting_native_profile step=35520 command_ms=868.98975 gpu_ms=868.401374668 host_copy_ms=0.007417 full_state_readback=0
resting_native_profile step=35552 command_ms=876.527292 gpu_ms=875.876749866 host_copy_ms=0.009166 full_state_readback=0
resting_native_profile step=35584 command_ms=876.876166 gpu_ms=876.213916577 host_copy_ms=0.008417 full_state_readback=0
resting_native_profile step=35616 command_ms=884.274542 gpu_ms=883.603416383 host_copy_ms=0.008833 full_state_readback=0
resting_native_profile step=35648 command_ms=873.160375 gpu_ms=872.53275048 host_copy_ms=0.009708 full_state_readback=0
resting_native_profile step=35680 command_ms=880.372292 gpu_ms=879.743166268 host_copy_ms=0.007917 full_state_readback=0
resting_native_profile step=35712 command_ms=869.72425 gpu_ms=869.052583352 host_copy_ms=0.007875 full_state_readback=0
resting_native_profile step=35744 command_ms=875.28075 gpu_ms=875.052500516 host_copy_ms=0.00775 full_state_readback=0
resting_native_profile step=35776 command_ms=879.307667 gpu_ms=878.692041151 host_copy_ms=0.008792 full_state_readback=0
resting_native_profile step=35808 command_ms=870.238333 gpu_ms=869.643083774 host_copy_ms=0.008667 full_state_readback=0
resting_native_profile step=35840 command_ms=876.229667 gpu_ms=875.631250441 host_copy_ms=0.01225 full_state_readback=0
resting_native_profile step=35872 command_ms=882.53025 gpu_ms=881.966000423 host_copy_ms=0.008625 full_state_readback=0
resting_native_profile step=35904 command_ms=875.529042 gpu_ms=874.928499572 host_copy_ms=0.007583 full_state_readback=0
resting_native_profile step=35936 command_ms=872.962084 gpu_ms=872.423583642 host_copy_ms=0.007833 full_state_readback=0
resting_native_profile step=35968 command_ms=877.778208 gpu_ms=877.131000161 host_copy_ms=0.008417 full_state_readback=0
resting_native_profile step=36000 command_ms=869.76075 gpu_ms=869.08429116 host_copy_ms=0.008917 full_state_readback=0
resting_native_profile step=36032 command_ms=874.011417 gpu_ms=873.451666906 host_copy_ms=0.009166 full_state_readback=0
resting_native_profile step=36064 command_ms=876.162 gpu_ms=875.617333688 host_copy_ms=0.007541 full_state_readback=0
resting_native_profile step=36096 command_ms=870.571125 gpu_ms=869.92866639 host_copy_ms=0.007375 full_state_readback=0
resting_native_profile step=36128 command_ms=881.964208 gpu_ms=881.29662443 host_copy_ms=0.009167 full_state_readback=0
resting_native_profile step=36160 command_ms=883.688584 gpu_ms=883.04520864 host_copy_ms=0.00925 full_state_readback=0
resting_native_profile step=36192 command_ms=878.253792 gpu_ms=877.60350015 host_copy_ms=0.012333 full_state_readback=0
resting_native_profile step=36224 command_ms=883.939875 gpu_ms=883.303167298 host_copy_ms=0.008167 full_state_readback=0
resting_native_profile step=36256 command_ms=879.933416 gpu_ms=879.521874711 host_copy_ms=0.008375 full_state_readback=0
resting_native_profile step=36288 command_ms=876.555 gpu_ms=876.322750002 host_copy_ms=0.008541 full_state_readback=0
resting_native_profile step=36320 command_ms=882.980541 gpu_ms=882.313624956 host_copy_ms=0.008667 full_state_readback=0
resting_native_profile step=36352 command_ms=872.84975 gpu_ms=872.646749951 host_copy_ms=0.00825 full_state_readback=0
resting_native_profile step=36384 command_ms=882.326917 gpu_ms=882.102875039 host_copy_ms=0.011333 full_state_readback=0
resting_native_profile step=36416 command_ms=879.083791 gpu_ms=878.462083638 host_copy_ms=0.010709 full_state_readback=0
resting_native_profile step=36448 command_ms=880.478666 gpu_ms=879.784666933 host_copy_ms=0.008875 full_state_readback=0
resting_native_profile step=36480 command_ms=869.849667 gpu_ms=869.184874929 host_copy_ms=0.009208 full_state_readback=0
resting_native_profile step=36512 command_ms=875.792208 gpu_ms=875.167499296 host_copy_ms=0.009709 full_state_readback=0
resting_native_profile step=36544 command_ms=879.445959 gpu_ms=878.83937452 host_copy_ms=0.012958 full_state_readback=0
resting_native_profile step=36576 command_ms=882.309708 gpu_ms=881.717250682 host_copy_ms=0.00775 full_state_readback=0
resting_native_profile step=36608 command_ms=877.247 gpu_ms=876.617000438 host_copy_ms=0.008042 full_state_readback=0
resting_native_profile step=36640 command_ms=879.020375 gpu_ms=878.402000293 host_copy_ms=0.008833 full_state_readback=0
resting_native_profile step=36672 command_ms=879.686416 gpu_ms=879.067958333 host_copy_ms=0.007709 full_state_readback=0
resting_native_profile step=36704 command_ms=884.806666 gpu_ms=884.199499153 host_copy_ms=0.009125 full_state_readback=0
resting_native_profile step=36736 command_ms=880.360209 gpu_ms=879.731750116 host_copy_ms=0.009291 full_state_readback=0
resting_native_profile step=36768 command_ms=875.835208 gpu_ms=875.236749649 host_copy_ms=0.007792 full_state_readback=0
resting_native_profile step=36800 command_ms=869.9605 gpu_ms=869.304374792 host_copy_ms=0.008541 full_state_readback=0
resting_native_profile step=36832 command_ms=881.80475 gpu_ms=881.592917256 host_copy_ms=0.006958 full_state_readback=0
resting_native_profile step=36864 command_ms=867.952417 gpu_ms=867.390875705 host_copy_ms=0.008916 full_state_readback=0
resting_native_profile step=36896 command_ms=874.852209 gpu_ms=874.16158244 host_copy_ms=0.01175 full_state_readback=0
resting_native_profile step=36928 command_ms=875.173083 gpu_ms=874.603250064 host_copy_ms=0.008042 full_state_readback=0
resting_native_profile step=36960 command_ms=871.579208 gpu_ms=871.383124962 host_copy_ms=0.00675 full_state_readback=0
resting_native_profile step=36992 command_ms=875.531792 gpu_ms=874.924624339 host_copy_ms=0.006583 full_state_readback=0
resting_native_profile step=37024 command_ms=881.445917 gpu_ms=880.862582475 host_copy_ms=0.006708 full_state_readback=0
resting_native_profile step=37056 command_ms=877.081167 gpu_ms=876.502041705 host_copy_ms=0.007417 full_state_readback=0
resting_native_profile step=37088 command_ms=874.188583 gpu_ms=873.518000357 host_copy_ms=0.008542 full_state_readback=0
resting_native_profile step=37120 command_ms=874.467875 gpu_ms=873.870541342 host_copy_ms=0.008 full_state_readback=0
resting_native_profile step=37152 command_ms=878.631292 gpu_ms=878.020291217 host_copy_ms=0.007 full_state_readback=0
resting_native_profile step=37184 command_ms=877.44525 gpu_ms=876.823250204 host_copy_ms=0.007291 full_state_readback=0
resting_native_profile step=37216 command_ms=871.905583 gpu_ms=871.344042011 host_copy_ms=0.008125 full_state_readback=0
resting_native_profile step=37248 command_ms=872.194834 gpu_ms=871.646416374 host_copy_ms=0.010541 full_state_readback=0
resting_native_profile step=37280 command_ms=873.075834 gpu_ms=872.5216249 host_copy_ms=0.0065 full_state_readback=0
resting_native_profile step=37312 command_ms=869.073459 gpu_ms=868.851957843 host_copy_ms=0.009333 full_state_readback=0
resting_native_profile step=37344 command_ms=884.764333 gpu_ms=884.043999948 host_copy_ms=0.007917 full_state_readback=0
resting_native_profile step=37376 command_ms=877.172667 gpu_ms=876.561750658 host_copy_ms=0.007875 full_state_readback=0
resting_native_profile step=37408 command_ms=874.861292 gpu_ms=874.272791669 host_copy_ms=0.007875 full_state_readback=0
resting_native_profile step=37440 command_ms=876.912208 gpu_ms=876.306584105 host_copy_ms=0.007417 full_state_readback=0
resting_native_profile step=37472 command_ms=876.522875 gpu_ms=875.949833542 host_copy_ms=0.007875 full_state_readback=0
resting_native_profile step=37504 command_ms=876.14675 gpu_ms=875.428000465 host_copy_ms=0.008916 full_state_readback=0
resting_native_profile step=37536 command_ms=871.858708 gpu_ms=871.292750351 host_copy_ms=0.007542 full_state_readback=0
resting_native_profile step=37568 command_ms=879.303875 gpu_ms=878.638708033 host_copy_ms=0.007542 full_state_readback=0
resting_native_profile step=37600 command_ms=875.645 gpu_ms=874.986375682 host_copy_ms=0.011292 full_state_readback=0
resting_native_profile step=37632 command_ms=878.854084 gpu_ms=878.262250684 host_copy_ms=0.007458 full_state_readback=0
resting_native_profile step=37664 command_ms=874.004084 gpu_ms=873.448374681 host_copy_ms=0.00725 full_state_readback=0
resting_native_profile step=37696 command_ms=878.189375 gpu_ms=877.548125573 host_copy_ms=0.007 full_state_readback=0
resting_native_profile step=37728 command_ms=880.007709 gpu_ms=879.789750092 host_copy_ms=0.009625 full_state_readback=0
resting_native_profile step=37760 command_ms=874.430459 gpu_ms=873.84799961 host_copy_ms=0.008083 full_state_readback=0
resting_native_profile step=37792 command_ms=875.978875 gpu_ms=875.425416976 host_copy_ms=0.007667 full_state_readback=0
resting_native_profile step=37824 command_ms=875.968875 gpu_ms=875.31108316 host_copy_ms=0.009084 full_state_readback=0
resting_native_profile step=37856 command_ms=877.467875 gpu_ms=876.811541617 host_copy_ms=0.008042 full_state_readback=0
resting_native_profile step=37888 command_ms=879.702875 gpu_ms=879.045249894 host_copy_ms=0.007958 full_state_readback=0
resting_native_profile step=37920 command_ms=872.47675 gpu_ms=871.843791567 host_copy_ms=0.007834 full_state_readback=0
resting_native_profile step=37952 command_ms=869.794208 gpu_ms=869.224249385 host_copy_ms=0.012792 full_state_readback=0
resting_native_profile step=37984 command_ms=872.610542 gpu_ms=871.9587503 host_copy_ms=0.009166 full_state_readback=0
resting_native_profile step=38016 command_ms=873.719291 gpu_ms=873.122625053 host_copy_ms=0.009167 full_state_readback=0
resting_native_profile step=38048 command_ms=877.589583 gpu_ms=876.926625147 host_copy_ms=0.008292 full_state_readback=0
resting_native_profile step=38080 command_ms=880.234166 gpu_ms=879.674624652 host_copy_ms=0.008125 full_state_readback=0
resting_native_profile step=38112 command_ms=878.876417 gpu_ms=878.292707726 host_copy_ms=0.009208 full_state_readback=0
resting_native_profile step=38144 command_ms=875.542875 gpu_ms=874.935874715 host_copy_ms=0.0075 full_state_readback=0
resting_native_profile step=38176 command_ms=875.118958 gpu_ms=874.898541719 host_copy_ms=0.009042 full_state_readback=0
resting_native_profile step=38208 command_ms=871.02725 gpu_ms=870.469291694 host_copy_ms=0.008083 full_state_readback=0
resting_native_profile step=38240 command_ms=882.954208 gpu_ms=882.352458313 host_copy_ms=0.007917 full_state_readback=0
resting_native_profile step=38272 command_ms=878.297334 gpu_ms=877.655290999 host_copy_ms=0.008583 full_state_readback=0
resting_native_profile step=38304 command_ms=876.493541 gpu_ms=875.844625756 host_copy_ms=0.010917 full_state_readback=0
resting_native_profile step=38336 command_ms=874.755042 gpu_ms=874.174499884 host_copy_ms=0.007583 full_state_readback=0
resting_native_profile step=38368 command_ms=880.488042 gpu_ms=879.919124767 host_copy_ms=0.006875 full_state_readback=0
resting_native_profile step=38400 command_ms=878.762875 gpu_ms=878.446499817 host_copy_ms=0.00925 full_state_readback=0
resting_native_profile step=38432 command_ms=880.538541 gpu_ms=879.924708046 host_copy_ms=0.008584 full_state_readback=0
resting_native_profile step=38464 command_ms=879.653625 gpu_ms=878.992458805 host_copy_ms=0.007833 full_state_readback=0
resting_native_profile step=38496 command_ms=880.179417 gpu_ms=879.532124847 host_copy_ms=0.008583 full_state_readback=0
resting_native_profile step=38528 command_ms=881.866584 gpu_ms=881.167875603 host_copy_ms=0.0085 full_state_readback=0
resting_native_profile step=38560 command_ms=877.693292 gpu_ms=877.090042457 host_copy_ms=0.00875 full_state_readback=0
resting_native_profile step=38592 command_ms=882.921709 gpu_ms=882.317665964 host_copy_ms=0.009333 full_state_readback=0
resting_native_profile step=38624 command_ms=873.309833 gpu_ms=872.73066584 host_copy_ms=0.009167 full_state_readback=0
resting_native_profile step=38656 command_ms=885.745042 gpu_ms=885.131166317 host_copy_ms=0.012375 full_state_readback=0
resting_native_profile step=38688 command_ms=875.608375 gpu_ms=875.011375174 host_copy_ms=0.007917 full_state_readback=0
resting_native_profile step=38720 command_ms=875.142125 gpu_ms=874.589541927 host_copy_ms=0.007083 full_state_readback=0
resting_native_profile step=38752 command_ms=877.150375 gpu_ms=876.935208216 host_copy_ms=0.007709 full_state_readback=0
resting_native_profile step=38784 command_ms=874.521375 gpu_ms=874.283500016 host_copy_ms=0.00725 full_state_readback=0
resting_native_profile step=38816 command_ms=875.808625 gpu_ms=875.155375339 host_copy_ms=0.008458 full_state_readback=0
resting_native_profile step=38848 command_ms=876.414625 gpu_ms=875.795708969 host_copy_ms=0.007167 full_state_readback=0
resting_native_profile step=38880 command_ms=877.44125 gpu_ms=876.868249848 host_copy_ms=0.008125 full_state_readback=0
resting_native_profile step=38912 command_ms=878.750792 gpu_ms=878.123583272 host_copy_ms=0.007125 full_state_readback=0
resting_native_profile step=38944 command_ms=873.712875 gpu_ms=873.129082844 host_copy_ms=0.008 full_state_readback=0
resting_native_profile step=38976 command_ms=867.145417 gpu_ms=866.467791609 host_copy_ms=0.007291 full_state_readback=0
resting_native_profile step=39008 command_ms=882.484333 gpu_ms=881.953250617 host_copy_ms=0.010667 full_state_readback=0
resting_native_profile step=39040 command_ms=871.975667 gpu_ms=871.282042004 host_copy_ms=0.008917 full_state_readback=0
resting_native_profile step=39072 command_ms=874.948167 gpu_ms=874.720375054 host_copy_ms=0.010708 full_state_readback=0
resting_native_profile step=39104 command_ms=873.562292 gpu_ms=873.335042037 host_copy_ms=0.009167 full_state_readback=0
resting_native_profile step=39136 command_ms=882.00025 gpu_ms=881.371334195 host_copy_ms=0.008625 full_state_readback=0
resting_native_profile step=39168 command_ms=878.245084 gpu_ms=877.94974912 host_copy_ms=0.008458 full_state_readback=0
resting_native_profile step=39200 command_ms=879.953958 gpu_ms=879.673625343 host_copy_ms=0.007917 full_state_readback=0
resting_native_profile step=39232 command_ms=874.238042 gpu_ms=873.731374741 host_copy_ms=0.0095 full_state_readback=0
resting_native_profile step=39264 command_ms=874.222333 gpu_ms=873.504624702 host_copy_ms=0.009417 full_state_readback=0
resting_native_profile step=39296 command_ms=882.065375 gpu_ms=881.381708197 host_copy_ms=0.008625 full_state_readback=0
resting_native_profile step=39328 command_ms=885.396 gpu_ms=885.082458146 host_copy_ms=0.008 full_state_readback=0
resting_native_profile step=39360 command_ms=876.103416 gpu_ms=875.374541618 host_copy_ms=0.012792 full_state_readback=0
resting_native_profile step=39392 command_ms=875.540625 gpu_ms=874.938207678 host_copy_ms=0.008291 full_state_readback=0
resting_native_profile step=39424 command_ms=880.489875 gpu_ms=879.813250154 host_copy_ms=0.008333 full_state_readback=0
resting_native_profile step=39456 command_ms=874.306292 gpu_ms=873.681416735 host_copy_ms=0.008875 full_state_readback=0
resting_native_profile step=39488 command_ms=875.399958 gpu_ms=874.791749753 host_copy_ms=0.00775 full_state_readback=0
resting_native_profile step=39520 command_ms=889.774458 gpu_ms=889.571000822 host_copy_ms=0.008959 full_state_readback=0
resting_native_profile step=39552 command_ms=874.220583 gpu_ms=873.54695797 host_copy_ms=0.0095 full_state_readback=0
resting_native_profile step=39584 command_ms=864.843542 gpu_ms=864.165624604 host_copy_ms=0.009958 full_state_readback=0
resting_native_profile step=39616 command_ms=882.448 gpu_ms=881.854749285 host_copy_ms=0.008125 full_state_readback=0
resting_native_profile step=39648 command_ms=874.843583 gpu_ms=874.630666338 host_copy_ms=0.008917 full_state_readback=0
resting_native_profile step=39680 command_ms=876.759042 gpu_ms=876.139249653 host_copy_ms=0.007958 full_state_readback=0
resting_native_profile step=39712 command_ms=873.9995 gpu_ms=873.419749551 host_copy_ms=0.009917 full_state_readback=0
resting_native_profile step=39744 command_ms=882.0165 gpu_ms=881.378374994 host_copy_ms=0.007167 full_state_readback=0
resting_native_profile step=39776 command_ms=873.916375 gpu_ms=873.304958455 host_copy_ms=0.008625 full_state_readback=0
resting_native_profile step=39808 command_ms=879.18475 gpu_ms=878.584125079 host_copy_ms=0.007375 full_state_readback=0
resting_native_profile step=39840 command_ms=872.565625 gpu_ms=871.842833236 host_copy_ms=0.008958 full_state_readback=0
resting_native_profile step=39872 command_ms=872.111083 gpu_ms=871.438791975 host_copy_ms=0.008833 full_state_readback=0
resting_native_profile step=39904 command_ms=880.318541 gpu_ms=879.642750137 host_copy_ms=0.007459 full_state_readback=0
resting_native_profile step=39936 command_ms=872.931916 gpu_ms=872.345999815 host_copy_ms=0.008459 full_state_readback=0
resting_native_profile step=39968 command_ms=880.101458 gpu_ms=879.455375485 host_copy_ms=0.007458 full_state_readback=0
resting_native_profile step=40000 command_ms=881.440667 gpu_ms=880.781750195 host_copy_ms=0.007958 full_state_readback=0
resting_native_profile step=40032 command_ms=875.440833 gpu_ms=874.796042219 host_copy_ms=0.007167 full_state_readback=0
resting_native_profile step=40064 command_ms=883.007375 gpu_ms=882.391000167 host_copy_ms=0.012625 full_state_readback=0
resting_native_profile step=40096 command_ms=880.059042 gpu_ms=879.431291483 host_copy_ms=0.007583 full_state_readback=0
resting_native_profile step=40128 command_ms=879.187833 gpu_ms=878.943083808 host_copy_ms=0.009334 full_state_readback=0
resting_native_profile step=40160 command_ms=876.244708 gpu_ms=875.577375293 host_copy_ms=0.008167 full_state_readback=0
resting_native_profile step=40192 command_ms=883.164625 gpu_ms=882.55820889 host_copy_ms=0.007875 full_state_readback=0
resting_native_profile step=40224 command_ms=879.784125 gpu_ms=879.186250269 host_copy_ms=0.008125 full_state_readback=0
resting_native_profile step=40256 command_ms=879.3035 gpu_ms=878.692624159 host_copy_ms=0.008583 full_state_readback=0
resting_native_profile step=40288 command_ms=880.36075 gpu_ms=879.757625051 host_copy_ms=0.007416 full_state_readback=0
resting_native_profile step=40320 command_ms=875.49725 gpu_ms=874.891791493 host_copy_ms=0.008792 full_state_readback=0
resting_native_profile step=40352 command_ms=872.890084 gpu_ms=872.215166688 host_copy_ms=0.007541 full_state_readback=0
resting_native_profile step=40384 command_ms=865.9275 gpu_ms=865.257250145 host_copy_ms=0.008709 full_state_readback=0
resting_native_profile step=40416 command_ms=886.030458 gpu_ms=885.441208258 host_copy_ms=0.011167 full_state_readback=0
resting_native_profile step=40448 command_ms=879.682292 gpu_ms=879.478500225 host_copy_ms=0.007416 full_state_readback=0
resting_native_profile step=40480 command_ms=877.281792 gpu_ms=876.615874469 host_copy_ms=0.007833 full_state_readback=0
resting_native_profile step=40512 command_ms=882.526459 gpu_ms=881.918041036 host_copy_ms=0.007166 full_state_readback=0
resting_native_profile step=40544 command_ms=874.585708 gpu_ms=873.937291093 host_copy_ms=0.008542 full_state_readback=0
resting_native_profile step=40576 command_ms=873.173875 gpu_ms=872.57291656 host_copy_ms=0.008417 full_state_readback=0
resting_native_profile step=40608 command_ms=871.223875 gpu_ms=870.984166861 host_copy_ms=0.007125 full_state_readback=0
resting_native_profile step=40640 command_ms=874.950417 gpu_ms=874.289708212 host_copy_ms=0.007708 full_state_readback=0
resting_native_profile step=40672 command_ms=870.626834 gpu_ms=870.060625486 host_copy_ms=0.006458 full_state_readback=0
resting_native_profile step=40704 command_ms=884.218791 gpu_ms=883.598208427 host_copy_ms=0.005417 full_state_readback=0
resting_native_profile step=40736 command_ms=878.735125 gpu_ms=878.117750399 host_copy_ms=0.008334 full_state_readback=0
resting_native_profile step=40768 command_ms=879.563333 gpu_ms=878.98516655 host_copy_ms=0.009083 full_state_readback=0
resting_native_profile step=40800 command_ms=875.260583 gpu_ms=874.690917321 host_copy_ms=0.005209 full_state_readback=0
resting_native_profile step=40832 command_ms=876.703542 gpu_ms=876.080249436 host_copy_ms=0.006083 full_state_readback=0
resting_native_profile step=40864 command_ms=874.695583 gpu_ms=874.137250707 host_copy_ms=0.005583 full_state_readback=0
resting_native_profile step=40896 command_ms=871.333125 gpu_ms=871.153124608 host_copy_ms=0.006791 full_state_readback=0
resting_native_profile step=40928 command_ms=890.759 gpu_ms=890.143083408 host_copy_ms=0.005542 full_state_readback=0
resting_native_profile step=40960 command_ms=876.989292 gpu_ms=876.438499428 host_copy_ms=0.007958 full_state_readback=0
resting_native_profile step=40992 command_ms=885.692625 gpu_ms=885.497584008 host_copy_ms=0.0055 full_state_readback=0
resting_native_profile step=41024 command_ms=869.534875 gpu_ms=868.971625343 host_copy_ms=0.005167 full_state_readback=0
resting_native_profile step=41056 command_ms=884.779542 gpu_ms=884.173916653 host_copy_ms=0.006125 full_state_readback=0
resting_native_profile step=41088 command_ms=878.384041 gpu_ms=878.216500394 host_copy_ms=0.005209 full_state_readback=0
resting_native_profile step=41120 command_ms=880.02375 gpu_ms=879.495125264 host_copy_ms=0.007917 full_state_readback=0
resting_native_profile step=41152 command_ms=884.973125 gpu_ms=884.418624453 host_copy_ms=0.005042 full_state_readback=0
resting_native_profile step=41184 command_ms=873.08875 gpu_ms=872.528875247 host_copy_ms=0.008792 full_state_readback=0
resting_native_profile step=41216 command_ms=871.065208 gpu_ms=870.487416163 host_copy_ms=0.006209 full_state_readback=0
resting_native_profile step=41248 command_ms=878.788542 gpu_ms=878.252583556 host_copy_ms=0.00525 full_state_readback=0
resting_native_profile step=41280 command_ms=875.80575 gpu_ms=875.180125237 host_copy_ms=0.00525 full_state_readback=0
resting_native_profile step=41312 command_ms=886.945084 gpu_ms=886.392500252 host_copy_ms=0.005 full_state_readback=0
resting_native_profile step=41344 command_ms=879.199834 gpu_ms=878.64287477 host_copy_ms=0.006291 full_state_readback=0
resting_native_profile step=41376 command_ms=884.102083 gpu_ms=883.586124517 host_copy_ms=0.005459 full_state_readback=0
resting_native_profile step=41408 command_ms=875.811916 gpu_ms=875.190083869 host_copy_ms=0.008709 full_state_readback=0
resting_native_profile step=41440 command_ms=886.786959 gpu_ms=886.2307081 host_copy_ms=0.006375 full_state_readback=0
resting_native_profile step=41472 command_ms=882.445959 gpu_ms=881.83491677 host_copy_ms=0.008 full_state_readback=0
resting_native_profile step=41504 command_ms=876.292292 gpu_ms=875.740041956 host_copy_ms=0.005917 full_state_readback=0
resting_native_profile step=41536 command_ms=879.604958 gpu_ms=878.996875137 host_copy_ms=0.005584 full_state_readback=0
resting_native_profile step=41568 command_ms=867.925458 gpu_ms=867.312208749 host_copy_ms=0.006583 full_state_readback=0
resting_native_profile step=41600 command_ms=879.936417 gpu_ms=879.361875355 host_copy_ms=0.008916 full_state_readback=0
resting_native_profile step=41632 command_ms=883.502625 gpu_ms=883.2387086 host_copy_ms=0.008833 full_state_readback=0
resting_native_profile step=41664 command_ms=881.413542 gpu_ms=880.839624442 host_copy_ms=0.010166 full_state_readback=0
resting_native_profile step=41696 command_ms=888.668625 gpu_ms=888.063333929 host_copy_ms=0.008 full_state_readback=0
resting_native_profile step=41728 command_ms=883.34525 gpu_ms=883.056250401 host_copy_ms=0.007459 full_state_readback=0
resting_native_profile step=41760 command_ms=886.004167 gpu_ms=885.347625241 host_copy_ms=0.00725 full_state_readback=0
resting_native_profile step=41792 command_ms=875.542167 gpu_ms=874.910417013 host_copy_ms=0.007666 full_state_readback=0
resting_native_profile step=41824 command_ms=875.785917 gpu_ms=875.1387503 host_copy_ms=0.012708 full_state_readback=0
resting_native_profile step=41856 command_ms=872.138875 gpu_ms=871.566290967 host_copy_ms=0.008042 full_state_readback=0
resting_native_profile step=41888 command_ms=882.637125 gpu_ms=882.023166865 host_copy_ms=0.008958 full_state_readback=0
resting_native_profile step=41920 command_ms=877.440833 gpu_ms=877.235624939 host_copy_ms=0.008375 full_state_readback=0
resting_native_profile step=41952 command_ms=873.8565 gpu_ms=873.258916661 host_copy_ms=0.007834 full_state_readback=0
resting_native_profile step=41984 command_ms=875.032041 gpu_ms=874.351375736 host_copy_ms=0.008792 full_state_readback=0
resting_native_profile step=42016 command_ms=881.860375 gpu_ms=881.25795871 host_copy_ms=0.007875 full_state_readback=0
resting_native_profile step=42048 command_ms=881.13475 gpu_ms=880.484707654 host_copy_ms=0.009709 full_state_readback=0
resting_native_profile step=42080 command_ms=873.02375 gpu_ms=872.425624169 host_copy_ms=0.008833 full_state_readback=0
resting_native_profile step=42112 command_ms=880.05375 gpu_ms=879.391374998 host_copy_ms=0.007208 full_state_readback=0
resting_native_profile step=42144 command_ms=882.773417 gpu_ms=882.091916166 host_copy_ms=0.007666 full_state_readback=0
resting_native_profile step=42176 command_ms=873.932 gpu_ms=873.334874399 host_copy_ms=0.011125 full_state_readback=0
resting_native_profile step=42208 command_ms=875.808208 gpu_ms=875.144291669 host_copy_ms=0.006875 full_state_readback=0
resting_native_profile step=42240 command_ms=874.128833 gpu_ms=873.517749831 host_copy_ms=0.008792 full_state_readback=0
resting_native_profile step=42272 command_ms=885.782167 gpu_ms=885.117917322 host_copy_ms=0.008375 full_state_readback=0
resting_native_profile step=42304 command_ms=885.459292 gpu_ms=884.788000025 host_copy_ms=0.008208 full_state_readback=0
resting_native_profile step=42336 command_ms=873.166542 gpu_ms=872.560624965 host_copy_ms=0.0085 full_state_readback=0
resting_native_profile step=42368 command_ms=882.994333 gpu_ms=882.308833301 host_copy_ms=0.008459 full_state_readback=0
resting_native_profile step=42400 command_ms=876.256666 gpu_ms=875.648000278 host_copy_ms=0.008459 full_state_readback=0
resting_native_profile step=42432 command_ms=877.700375 gpu_ms=877.051583491 host_copy_ms=0.007292 full_state_readback=0
resting_native_profile step=42464 command_ms=878.592625 gpu_ms=877.924375236 host_copy_ms=0.008584 full_state_readback=0
resting_native_profile step=42496 command_ms=889.313459 gpu_ms=888.637124561 host_copy_ms=0.00725 full_state_readback=0
resting_native_profile step=42528 command_ms=886.22075 gpu_ms=885.585500859 host_copy_ms=0.012959 full_state_readback=0
resting_native_profile step=42560 command_ms=879.735708 gpu_ms=879.147750326 host_copy_ms=0.008375 full_state_readback=0
resting_native_profile step=42592 command_ms=883.238708 gpu_ms=883.034250699 host_copy_ms=0.008333 full_state_readback=0
resting_native_profile step=42624 command_ms=882.686416 gpu_ms=882.080041803 host_copy_ms=0.008 full_state_readback=0
resting_native_profile step=42656 command_ms=876.975166 gpu_ms=876.304499805 host_copy_ms=0.007875 full_state_readback=0
resting_native_profile step=42688 command_ms=884.564792 gpu_ms=883.882250637 host_copy_ms=0.008625 full_state_readback=0
resting_native_profile step=42720 command_ms=877.476375 gpu_ms=876.898249611 host_copy_ms=0.007917 full_state_readback=0
resting_native_profile step=42752 command_ms=874.050792 gpu_ms=873.449374922 host_copy_ms=0.008083 full_state_readback=0
resting_native_profile step=42784 command_ms=890.391708 gpu_ms=889.725708403 host_copy_ms=0.009125 full_state_readback=0
resting_native_profile step=42816 command_ms=878.439959 gpu_ms=877.845749259 host_copy_ms=0.009416 full_state_readback=0
resting_native_profile step=42848 command_ms=876.588041 gpu_ms=875.989500433 host_copy_ms=0.008375 full_state_readback=0
resting_native_profile step=42880 command_ms=885.9365 gpu_ms=885.328416713 host_copy_ms=0.0135 full_state_readback=0
resting_native_profile step=42912 command_ms=884.508917 gpu_ms=883.888000622 host_copy_ms=0.007208 full_state_readback=0
resting_native_profile step=42944 command_ms=879.416334 gpu_ms=878.829750232 host_copy_ms=0.008416 full_state_readback=0
resting_native_profile step=42976 command_ms=877.625125 gpu_ms=877.065041102 host_copy_ms=0.008667 full_state_readback=0
resting_native_profile step=43008 command_ms=879.023917 gpu_ms=878.402875736 host_copy_ms=0.008042 full_state_readback=0
resting_native_profile step=43040 command_ms=874.414041 gpu_ms=873.829499818 host_copy_ms=0.007584 full_state_readback=0
resting_native_profile step=43072 command_ms=873.838542 gpu_ms=873.638625257 host_copy_ms=0.008083 full_state_readback=0
resting_native_profile step=43104 command_ms=875.489667 gpu_ms=874.847583473 host_copy_ms=0.008041 full_state_readback=0
resting_native_profile step=43136 command_ms=879.196292 gpu_ms=878.517875448 host_copy_ms=0.007291 full_state_readback=0
resting_native_profile step=43168 command_ms=883.441916 gpu_ms=882.769375108 host_copy_ms=0.007709 full_state_readback=0
resting_native_profile step=43200 command_ms=871.343834 gpu_ms=870.66099979 host_copy_ms=0.007166 full_state_readback=0
resting_native_profile step=43232 command_ms=872.667292 gpu_ms=872.045833617 host_copy_ms=0.010292 full_state_readback=0
resting_native_profile step=43264 command_ms=875.03225 gpu_ms=874.478458427 host_copy_ms=0.007416 full_state_readback=0
resting_native_profile step=43296 command_ms=886.491333 gpu_ms=885.855999775 host_copy_ms=0.007417 full_state_readback=0
resting_native_profile step=43328 command_ms=887.211875 gpu_ms=887.000791728 host_copy_ms=0.009 full_state_readback=0
resting_native_profile step=43360 command_ms=879.062792 gpu_ms=878.420500085 host_copy_ms=0.008958 full_state_readback=0
resting_native_profile step=43392 command_ms=884.05275 gpu_ms=883.405374363 host_copy_ms=0.007583 full_state_readback=0
resting_native_profile step=43424 command_ms=882.86325 gpu_ms=882.263958454 host_copy_ms=0.007417 full_state_readback=0
resting_native_profile step=43456 command_ms=874.888 gpu_ms=874.68587514 host_copy_ms=0.006875 full_state_readback=0
resting_native_profile step=43488 command_ms=878.5335 gpu_ms=877.955500036 host_copy_ms=0.0075 full_state_readback=0
resting_native_profile step=43520 command_ms=877.809875 gpu_ms=877.199125476 host_copy_ms=0.008625 full_state_readback=0
resting_native_profile step=43552 command_ms=883.260459 gpu_ms=882.589999586 host_copy_ms=0.007958 full_state_readback=0
resting_native_profile step=43584 command_ms=876.870667 gpu_ms=876.660500653 host_copy_ms=0.011083 full_state_readback=0
resting_native_profile step=43616 command_ms=888.190292 gpu_ms=887.610291131 host_copy_ms=0.007792 full_state_readback=0
resting_native_profile step=43648 command_ms=884.65375 gpu_ms=884.093124419 host_copy_ms=0.008292 full_state_readback=0
resting_native_profile step=43680 command_ms=877.542875 gpu_ms=876.882500015 host_copy_ms=0.007833 full_state_readback=0
resting_native_profile step=43712 command_ms=874.463583 gpu_ms=873.800458387 host_copy_ms=0.008167 full_state_readback=0
resting_native_profile step=43744 command_ms=877.573167 gpu_ms=876.964375377 host_copy_ms=0.009208 full_state_readback=0
resting_native_profile step=43776 command_ms=881.058958 gpu_ms=880.504917353 host_copy_ms=0.009208 full_state_readback=0
resting_native_profile step=43808 command_ms=873.822083 gpu_ms=873.069791123 host_copy_ms=0.008667 full_state_readback=0
resting_native_profile step=43840 command_ms=882.261917 gpu_ms=881.680250168 host_copy_ms=0.00925 full_state_readback=0
resting_native_profile step=43872 command_ms=883.702291 gpu_ms=883.046625182 host_copy_ms=0.008542 full_state_readback=0
resting_native_profile step=43904 command_ms=882.632834 gpu_ms=881.938250735 host_copy_ms=0.007875 full_state_readback=0
resting_native_profile step=43936 command_ms=882.70375 gpu_ms=882.095124573 host_copy_ms=0.015042 full_state_readback=0
resting_native_profile step=43968 command_ms=883.166584 gpu_ms=882.531457581 host_copy_ms=0.008708 full_state_readback=0
resting_native_profile step=44000 command_ms=875.911291 gpu_ms=875.213208608 host_copy_ms=0.008625 full_state_readback=0
resting_native_profile step=44032 command_ms=887.394333 gpu_ms=886.780750006 host_copy_ms=0.007 full_state_readback=0
resting_native_profile step=44064 command_ms=880.459333 gpu_ms=879.899249412 host_copy_ms=0.008458 full_state_readback=0
resting_native_profile step=44096 command_ms=887.068417 gpu_ms=886.461958289 host_copy_ms=0.008458 full_state_readback=0
resting_native_profile step=44128 command_ms=876.61325 gpu_ms=876.024291851 host_copy_ms=0.007708 full_state_readback=0
resting_native_profile step=44160 command_ms=876.129083 gpu_ms=875.506334007 host_copy_ms=0.007292 full_state_readback=0
resting_native_profile step=44192 command_ms=885.438334 gpu_ms=884.739499539 host_copy_ms=0.009125 full_state_readback=0
resting_native_profile step=44224 command_ms=877.957458 gpu_ms=877.276250161 host_copy_ms=0.007375 full_state_readback=0
resting_native_profile step=44256 command_ms=881.313541 gpu_ms=880.707750097 host_copy_ms=0.007584 full_state_readback=0
resting_native_profile step=44288 command_ms=879.164709 gpu_ms=878.542000428 host_copy_ms=0.009708 full_state_readback=0
resting_native_profile step=44320 command_ms=881.700083 gpu_ms=881.117500365 host_copy_ms=0.008667 full_state_readback=0
resting_native_profile step=44352 command_ms=882.589916 gpu_ms=882.021000609 host_copy_ms=0.007584 full_state_readback=0
resting_native_profile step=44384 command_ms=883.2915 gpu_ms=882.712166756 host_copy_ms=0.006541 full_state_readback=0
resting_native_profile step=44416 command_ms=878.599458 gpu_ms=877.953542396 host_copy_ms=0.009792 full_state_readback=0
resting_native_profile step=44448 command_ms=875.039875 gpu_ms=874.422750436 host_copy_ms=0.007917 full_state_readback=0
resting_native_profile step=44480 command_ms=883.664292 gpu_ms=883.006707765 host_copy_ms=0.008416 full_state_readback=0
resting_native_profile step=44512 command_ms=877.512333 gpu_ms=876.891749911 host_copy_ms=0.007208 full_state_readback=0
resting_native_profile step=44544 command_ms=874.238291 gpu_ms=873.557250015 host_copy_ms=0.008959 full_state_readback=0
resting_native_profile step=44576 command_ms=878.7875 gpu_ms=878.144999966 host_copy_ms=0.009042 full_state_readback=0
resting_native_profile step=44608 command_ms=873.779709 gpu_ms=873.117417097 host_copy_ms=0.007208 full_state_readback=0
resting_native_profile step=44640 command_ms=885.2855 gpu_ms=884.68920812 host_copy_ms=0.010833 full_state_readback=0
resting_native_profile step=44672 command_ms=879.044875 gpu_ms=878.372541629 host_copy_ms=0.009584 full_state_readback=0
resting_native_profile step=44704 command_ms=872.541 gpu_ms=871.899750084 host_copy_ms=0.007791 full_state_readback=0
resting_native_profile step=44736 command_ms=882.421042 gpu_ms=881.813416258 host_copy_ms=0.007292 full_state_readback=0
resting_native_profile step=44768 command_ms=874.129291 gpu_ms=873.472374864 host_copy_ms=0.009084 full_state_readback=0
resting_native_profile step=44800 command_ms=883.460791 gpu_ms=882.893624716 host_copy_ms=0.0075 full_state_readback=0
resting_native_profile step=44832 command_ms=883.105292 gpu_ms=882.47375004 host_copy_ms=0.007667 full_state_readback=0
resting_native_profile step=44864 command_ms=889.702 gpu_ms=889.079749584 host_copy_ms=0.008458 full_state_readback=0
resting_native_profile step=44896 command_ms=877.431625 gpu_ms=876.742249355 host_copy_ms=0.009084 full_state_readback=0
resting_native_profile step=44928 command_ms=873.135916 gpu_ms=872.415374964 host_copy_ms=0.008084 full_state_readback=0
resting_native_profile step=44960 command_ms=875.086875 gpu_ms=874.555166811 host_copy_ms=0.00775 full_state_readback=0
resting_native_profile step=44992 command_ms=880.966125 gpu_ms=880.733500235 host_copy_ms=0.011167 full_state_readback=0
resting_native_profile step=45024 command_ms=880.012584 gpu_ms=879.425290972 host_copy_ms=0.009 full_state_readback=0
resting_native_profile step=45056 command_ms=884.781916 gpu_ms=884.158125147 host_copy_ms=0.0085 full_state_readback=0
resting_native_profile step=45088 command_ms=876.807959 gpu_ms=876.182042062 host_copy_ms=0.007833 full_state_readback=0
resting_native_profile step=45120 command_ms=878.380458 gpu_ms=877.720166929 host_copy_ms=0.010458 full_state_readback=0
resting_native_profile step=45152 command_ms=880.061667 gpu_ms=879.464332946 host_copy_ms=0.008625 full_state_readback=0
resting_native_profile step=45184 command_ms=878.955542 gpu_ms=878.245750442 host_copy_ms=0.008875 full_state_readback=0
resting_native_profile step=45216 command_ms=881.330875 gpu_ms=880.670166574 host_copy_ms=0.007833 full_state_readback=0
resting_native_profile step=45248 command_ms=880.799625 gpu_ms=880.106499419 host_copy_ms=0.009708 full_state_readback=0
resting_native_profile step=45280 command_ms=875.27325 gpu_ms=874.591500498 host_copy_ms=0.008917 full_state_readback=0
resting_native_profile step=45312 command_ms=880.527875 gpu_ms=879.848999903 host_copy_ms=0.007375 full_state_readback=0
resting_native_profile step=45344 command_ms=871.739834 gpu_ms=871.076875366 host_copy_ms=0.011583 full_state_readback=0
resting_native_profile step=45376 command_ms=866.958333 gpu_ms=866.345374845 host_copy_ms=0.010083 full_state_readback=0
resting_native_profile step=45408 command_ms=872.431667 gpu_ms=871.752499603 host_copy_ms=0.008417 full_state_readback=0
resting_native_profile step=45440 command_ms=883.47725 gpu_ms=882.840707898 host_copy_ms=0.008792 full_state_readback=0
resting_native_profile step=45472 command_ms=884.839 gpu_ms=884.154125117 host_copy_ms=0.008125 full_state_readback=0
resting_native_profile step=45504 command_ms=878.709875 gpu_ms=878.132374957 host_copy_ms=0.010584 full_state_readback=0
resting_native_profile step=45536 command_ms=885.142042 gpu_ms=884.545916691 host_copy_ms=0.008375 full_state_readback=0
resting_native_profile step=45568 command_ms=882.677875 gpu_ms=882.024500519 host_copy_ms=0.00825 full_state_readback=0
resting_native_profile step=45600 command_ms=870.835583 gpu_ms=870.557624847 host_copy_ms=0.010167 full_state_readback=0
resting_native_profile step=45632 command_ms=873.50175 gpu_ms=872.813875787 host_copy_ms=0.009459 full_state_readback=0
resting_native_profile step=45664 command_ms=879.446583 gpu_ms=878.73887457 host_copy_ms=0.009542 full_state_readback=0
resting_native_profile step=45696 command_ms=878.698625 gpu_ms=878.000875004 host_copy_ms=0.012708 full_state_readback=0
resting_native_profile step=45728 command_ms=877.501041 gpu_ms=876.831666566 host_copy_ms=0.009417 full_state_readback=0
resting_native_profile step=45760 command_ms=876.316792 gpu_ms=875.705583021 host_copy_ms=0.008833 full_state_readback=0
resting_native_profile step=45792 command_ms=880.676791 gpu_ms=880.035750568 host_copy_ms=0.009959 full_state_readback=0
resting_native_profile step=45824 command_ms=877.509708 gpu_ms=876.890666783 host_copy_ms=0.008042 full_state_readback=0
resting_native_profile step=45856 command_ms=876.867959 gpu_ms=876.295874827 host_copy_ms=0.008791 full_state_readback=0
resting_native_profile step=45888 command_ms=873.774292 gpu_ms=873.210375197 host_copy_ms=0.009542 full_state_readback=0
resting_native_profile step=45920 command_ms=879.739125 gpu_ms=879.112374969 host_copy_ms=0.007792 full_state_readback=0
resting_native_profile step=45952 command_ms=880.098417 gpu_ms=879.782374948 host_copy_ms=0.008958 full_state_readback=0
resting_native_profile step=45984 command_ms=881.090375 gpu_ms=880.497874692 host_copy_ms=0.008375 full_state_readback=0
resting_native_profile step=46016 command_ms=882.171916 gpu_ms=881.6102501 host_copy_ms=0.0085 full_state_readback=0
resting_native_profile step=46048 command_ms=891.950917 gpu_ms=891.289125197 host_copy_ms=0.010208 full_state_readback=0
resting_native_profile step=46080 command_ms=873.871208 gpu_ms=873.274000362 host_copy_ms=0.008958 full_state_readback=0
resting_native_profile step=46112 command_ms=876.676417 gpu_ms=876.434749924 host_copy_ms=0.007708 full_state_readback=0
resting_native_profile step=46144 command_ms=877.635584 gpu_ms=877.068916336 host_copy_ms=0.008833 full_state_readback=0
resting_native_profile step=46176 command_ms=880.521291 gpu_ms=879.892124794 host_copy_ms=0.008042 full_state_readback=0
resting_native_profile step=46208 command_ms=881.297167 gpu_ms=880.604499951 host_copy_ms=0.008875 full_state_readback=0
resting_native_profile step=46240 command_ms=879.21975 gpu_ms=878.511041403 host_copy_ms=0.009875 full_state_readback=0
resting_native_profile step=46272 command_ms=878.347833 gpu_ms=877.758958377 host_copy_ms=0.008583 full_state_readback=0
resting_native_profile step=46304 command_ms=884.183791 gpu_ms=883.508750238 host_copy_ms=0.008709 full_state_readback=0
resting_native_profile step=46336 command_ms=888.452959 gpu_ms=888.097041287 host_copy_ms=0.009833 full_state_readback=0
resting_native_profile step=46368 command_ms=881.431541 gpu_ms=880.754750222 host_copy_ms=0.010417 full_state_readback=0
resting_native_profile step=46400 command_ms=882.452167 gpu_ms=882.115458138 host_copy_ms=0.012667 full_state_readback=0
resting_native_profile step=46432 command_ms=875.967084 gpu_ms=875.367249362 host_copy_ms=0.008541 full_state_readback=0
resting_native_profile step=46464 command_ms=874.625458 gpu_ms=874.019875191 host_copy_ms=0.01 full_state_readback=0
resting_native_profile step=46496 command_ms=881.437625 gpu_ms=881.149667315 host_copy_ms=0.008709 full_state_readback=0
resting_native_profile step=46528 command_ms=879.166917 gpu_ms=878.555624746 host_copy_ms=0.0085 full_state_readback=0
resting_native_profile step=46560 command_ms=883.597083 gpu_ms=882.998875342 host_copy_ms=0.010208 full_state_readback=0
resting_native_profile step=46592 command_ms=881.707708 gpu_ms=881.012500264 host_copy_ms=0.009834 full_state_readback=0
resting_native_profile step=46624 command_ms=881.134291 gpu_ms=880.890750326 host_copy_ms=0.008542 full_state_readback=0
resting_native_profile step=46656 command_ms=883.5155 gpu_ms=882.898542099 host_copy_ms=0.009291 full_state_readback=0
resting_native_profile step=46688 command_ms=891.500458 gpu_ms=890.887083486 host_copy_ms=0.009292 full_state_readback=0
resting_native_profile step=46720 command_ms=880.313458 gpu_ms=879.608750343 host_copy_ms=0.009917 full_state_readback=0
resting_native_profile step=46752 command_ms=880.193667 gpu_ms=879.509250633 host_copy_ms=0.013208 full_state_readback=0
resting_native_profile step=46784 command_ms=881.052583 gpu_ms=880.440458655 host_copy_ms=0.008167 full_state_readback=0
resting_native_profile step=46816 command_ms=876.164542 gpu_ms=875.530417077 host_copy_ms=0.009583 full_state_readback=0
resting_native_profile step=46848 command_ms=886.587583 gpu_ms=885.880124755 host_copy_ms=0.009375 full_state_readback=0
resting_native_profile step=46880 command_ms=886.227708 gpu_ms=885.968999937 host_copy_ms=0.008708 full_state_readback=0
resting_native_profile step=46912 command_ms=881.422084 gpu_ms=880.760749802 host_copy_ms=0.008583 full_state_readback=0
resting_native_profile step=46944 command_ms=876.739625 gpu_ms=876.066749915 host_copy_ms=0.009667 full_state_readback=0
resting_native_profile step=46976 command_ms=883.023667 gpu_ms=882.395166904 host_copy_ms=0.009458 full_state_readback=0
resting_native_profile step=47008 command_ms=876.577 gpu_ms=875.97504165 host_copy_ms=0.009417 full_state_readback=0
resting_native_profile step=47040 command_ms=876.828167 gpu_ms=876.238499768 host_copy_ms=0.008333 full_state_readback=0
resting_native_profile step=47072 command_ms=876.818542 gpu_ms=876.272958703 host_copy_ms=0.007833 full_state_readback=0
resting_native_profile step=47104 command_ms=882.390542 gpu_ms=881.786791608 host_copy_ms=0.012458 full_state_readback=0
resting_native_profile step=47136 command_ms=879.540541 gpu_ms=878.912875429 host_copy_ms=0.007459 full_state_readback=0
resting_native_profile step=47168 command_ms=883.665459 gpu_ms=882.993875071 host_copy_ms=0.008333 full_state_readback=0
resting_native_profile step=47200 command_ms=885.358667 gpu_ms=884.713958949 host_copy_ms=0.009833 full_state_readback=0
resting_native_profile step=47232 command_ms=879.272584 gpu_ms=878.649000078 host_copy_ms=0.008708 full_state_readback=0
resting_native_profile step=47264 command_ms=876.793667 gpu_ms=876.113874838 host_copy_ms=0.008041 full_state_readback=0
resting_native_profile step=47296 command_ms=884.67275 gpu_ms=884.046125226 host_copy_ms=0.007667 full_state_readback=0
resting_native_profile step=47328 command_ms=878.597375 gpu_ms=877.933957614 host_copy_ms=0.010542 full_state_readback=0
resting_native_profile step=47360 command_ms=876.035875 gpu_ms=875.799374655 host_copy_ms=0.009083 full_state_readback=0
resting_native_profile step=47392 command_ms=875.470625 gpu_ms=874.832291156 host_copy_ms=0.010292 full_state_readback=0
resting_native_profile step=47424 command_ms=883.968625 gpu_ms=883.337832987 host_copy_ms=0.009334 full_state_readback=0
resting_native_profile step=47456 command_ms=882.9385 gpu_ms=882.28779193 host_copy_ms=0.014875 full_state_readback=0
resting_native_profile step=47488 command_ms=884.709333 gpu_ms=884.031208232 host_copy_ms=0.009708 full_state_readback=0
resting_native_profile step=47520 command_ms=874.605709 gpu_ms=874.014333822 host_copy_ms=0.008916 full_state_readback=0
resting_native_profile step=47552 command_ms=875.66975 gpu_ms=875.357750803 host_copy_ms=0.009791 full_state_readback=0
resting_native_profile step=47584 command_ms=870.095416 gpu_ms=869.483834133 host_copy_ms=0.009125 full_state_readback=0
resting_native_profile step=47616 command_ms=878.602959 gpu_ms=877.951083705 host_copy_ms=0.009333 full_state_readback=0
resting_native_profile step=47648 command_ms=885.743458 gpu_ms=885.083083063 host_copy_ms=0.008459 full_state_readback=0
resting_native_profile step=47680 command_ms=876.200041 gpu_ms=875.520416535 host_copy_ms=0.010125 full_state_readback=0
resting_native_profile step=47712 command_ms=884.629042 gpu_ms=883.970208466 host_copy_ms=0.006583 full_state_readback=0
resting_native_profile step=47744 command_ms=887.293416 gpu_ms=886.718999594 host_copy_ms=0.00825 full_state_readback=0
resting_native_profile step=47776 command_ms=870.905667 gpu_ms=870.207833126 host_copy_ms=0.010792 full_state_readback=0
resting_native_profile step=47808 command_ms=878.209708 gpu_ms=877.510458231 host_copy_ms=0.015459 full_state_readback=0
resting_native_profile step=47840 command_ms=886.282792 gpu_ms=885.674124584 host_copy_ms=0.010791 full_state_readback=0
resting_native_profile step=47872 command_ms=886.735209 gpu_ms=886.071416549 host_copy_ms=0.008666 full_state_readback=0
resting_native_profile step=47904 command_ms=884.652458 gpu_ms=884.037332609 host_copy_ms=0.009458 full_state_readback=0
resting_native_profile step=47936 command_ms=879.7975 gpu_ms=879.120541736 host_copy_ms=0.008708 full_state_readback=0
resting_native_profile step=47968 command_ms=872.361542 gpu_ms=871.737499721 host_copy_ms=0.00775 full_state_readback=0
resting_native_profile step=48000 command_ms=874.464292 gpu_ms=873.944125138 host_copy_ms=0.007458 full_state_readback=0
resting_native_profile step=48032 command_ms=882.381625 gpu_ms=881.803125143 host_copy_ms=0.007417 full_state_readback=0
resting_native_profile step=48064 command_ms=888.556917 gpu_ms=888.356999494 host_copy_ms=0.008916 full_state_readback=0
resting_native_profile step=48096 command_ms=877.855416 gpu_ms=877.225750126 host_copy_ms=0.008375 full_state_readback=0
resting_native_profile step=48128 command_ms=879.375542 gpu_ms=878.777874634 host_copy_ms=0.006583 full_state_readback=0
resting_native_profile step=48160 command_ms=871.619541 gpu_ms=870.971333236 host_copy_ms=0.01025 full_state_readback=0
resting_native_profile step=48192 command_ms=878.989084 gpu_ms=878.325000405 host_copy_ms=0.008625 full_state_readback=0
resting_native_profile step=48224 command_ms=873.259334 gpu_ms=872.63983395 host_copy_ms=0.007125 full_state_readback=0
resting_native_profile step=48256 command_ms=877.985958 gpu_ms=877.35475041 host_copy_ms=0.006417 full_state_readback=0
resting_native_profile step=48288 command_ms=874.131459 gpu_ms=873.516750522 host_copy_ms=0.006583 full_state_readback=0
resting_native_profile step=48320 command_ms=881.100917 gpu_ms=880.49300015 host_copy_ms=0.008625 full_state_readback=0
resting_native_profile step=48352 command_ms=889.761667 gpu_ms=889.111291617 host_copy_ms=0.007875 full_state_readback=0
resting_native_profile step=48384 command_ms=875.83 gpu_ms=875.279166736 host_copy_ms=0.007833 full_state_readback=0
resting_native_profile step=48416 command_ms=878.664667 gpu_ms=878.086416051 host_copy_ms=0.007958 full_state_readback=0
resting_native_profile step=48448 command_ms=878.182833 gpu_ms=877.580666915 host_copy_ms=0.008167 full_state_readback=0
resting_native_profile step=48480 command_ms=882.714709 gpu_ms=882.122707553 host_copy_ms=0.0085 full_state_readback=0
resting_native_profile step=48512 command_ms=874.226042 gpu_ms=873.993500136 host_copy_ms=0.012167 full_state_readback=0
resting_native_profile step=48544 command_ms=889.315834 gpu_ms=888.69845774 host_copy_ms=0.007791 full_state_readback=0
resting_native_profile step=48576 command_ms=881.367375 gpu_ms=880.799625069 host_copy_ms=0.007541 full_state_readback=0
resting_native_profile step=48608 command_ms=883.118541 gpu_ms=882.536875084 host_copy_ms=0.007334 full_state_readback=0
resting_native_profile step=48640 command_ms=876.360708 gpu_ms=875.72275009 host_copy_ms=0.008959 full_state_readback=0
resting_native_profile step=48672 command_ms=888.3685 gpu_ms=887.779999524 host_copy_ms=0.00825 full_state_readback=0
resting_native_profile step=48704 command_ms=878.442375 gpu_ms=878.003000282 host_copy_ms=0.008416 full_state_readback=0
resting_native_profile step=48736 command_ms=883.52075 gpu_ms=882.877292112 host_copy_ms=0.007208 full_state_readback=0
resting_native_profile step=48768 command_ms=878.305792 gpu_ms=877.743124962 host_copy_ms=0.009 full_state_readback=0
resting_native_profile step=48800 command_ms=886.5985 gpu_ms=886.014500633 host_copy_ms=0.007875 full_state_readback=0
resting_native_profile step=48832 command_ms=881.043667 gpu_ms=880.413249135 host_copy_ms=0.0075 full_state_readback=0
resting_native_profile step=48864 command_ms=892.686708 gpu_ms=892.103375867 host_copy_ms=0.0105 full_state_readback=0
resting_native_profile step=48896 command_ms=877.543959 gpu_ms=876.8857494 host_copy_ms=0.008541 full_state_readback=0
resting_native_profile step=48928 command_ms=881.735625 gpu_ms=881.033666432 host_copy_ms=0.007958 full_state_readback=0
resting_native_profile step=48960 command_ms=878.620166 gpu_ms=877.995916642 host_copy_ms=0.008417 full_state_readback=0
resting_native_profile step=48992 command_ms=880.734583 gpu_ms=880.094291642 host_copy_ms=0.007584 full_state_readback=0
resting_native_profile step=49024 command_ms=871.261583 gpu_ms=870.634125546 host_copy_ms=0.008792 full_state_readback=0
resting_native_profile step=49056 command_ms=882.933 gpu_ms=882.31287431 host_copy_ms=0.008917 full_state_readback=0
resting_native_profile step=49088 command_ms=872.847 gpu_ms=872.190750204 host_copy_ms=0.007791 full_state_readback=0
resting_native_profile step=49120 command_ms=877.582792 gpu_ms=876.964291558 host_copy_ms=0.00775 full_state_readback=0
resting_native_profile step=49152 command_ms=874.732166 gpu_ms=874.10887517 host_copy_ms=0.010042 full_state_readback=0
resting_native_profile step=49184 command_ms=877.914 gpu_ms=877.24862434 host_copy_ms=0.008167 full_state_readback=0
resting_native_profile step=49216 command_ms=880.537125 gpu_ms=879.910041578 host_copy_ms=0.012917 full_state_readback=0
resting_native_profile step=49248 command_ms=876.105417 gpu_ms=875.488832593 host_copy_ms=0.009416 full_state_readback=0
resting_native_profile step=49280 command_ms=876.42675 gpu_ms=875.844708644 host_copy_ms=0.008417 full_state_readback=0
resting_native_profile step=49312 command_ms=883.246375 gpu_ms=883.008833975 host_copy_ms=0.00775 full_state_readback=0
resting_native_profile step=49344 command_ms=875.701625 gpu_ms=875.141125172 host_copy_ms=0.007917 full_state_readback=0
resting_native_profile step=49376 command_ms=884.688083 gpu_ms=884.083750658 host_copy_ms=0.009625 full_state_readback=0
resting_native_profile step=49408 command_ms=868.760042 gpu_ms=868.079999462 host_copy_ms=0.008541 full_state_readback=0
resting_native_profile step=49440 command_ms=881.706583 gpu_ms=881.108541973 host_copy_ms=0.009375 full_state_readback=0
resting_native_profile step=49472 command_ms=879.388083 gpu_ms=878.830208443 host_copy_ms=0.008417 full_state_readback=0
resting_native_profile step=49504 command_ms=879.839292 gpu_ms=879.197916947 host_copy_ms=0.009333 full_state_readback=0
resting_native_profile step=49536 command_ms=878.315291 gpu_ms=877.643916756 host_copy_ms=0.009042 full_state_readback=0
resting_native_profile step=49568 command_ms=874.48075 gpu_ms=873.812500387 host_copy_ms=0.012708 full_state_readback=0
resting_native_profile step=49600 command_ms=873.458417 gpu_ms=872.916582972 host_copy_ms=0.008458 full_state_readback=0
resting_native_profile step=49632 command_ms=873.840208 gpu_ms=873.197333887 host_copy_ms=0.00875 full_state_readback=0
resting_native_profile step=49664 command_ms=871.631709 gpu_ms=870.986582711 host_copy_ms=0.008125 full_state_readback=0
resting_native_profile step=49696 command_ms=881.556375 gpu_ms=880.972666666 host_copy_ms=0.008291 full_state_readback=0
resting_native_profile step=49728 command_ms=881.410041 gpu_ms=880.743333139 host_copy_ms=0.009709 full_state_readback=0
resting_native_profile step=49760 command_ms=875.352625 gpu_ms=874.681792222 host_copy_ms=0.009667 full_state_readback=0
resting_native_profile step=49792 command_ms=876.656875 gpu_ms=875.98508317 host_copy_ms=0.008208 full_state_readback=0
resting_native_profile step=49824 command_ms=885.417958 gpu_ms=884.782458656 host_copy_ms=0.00725 full_state_readback=0
resting_native_profile step=49856 command_ms=877.325125 gpu_ms=877.085458487 host_copy_ms=0.009542 full_state_readback=0
resting_native_profile step=49888 command_ms=878.449042 gpu_ms=877.949875779 host_copy_ms=0.0075 full_state_readback=0
resting_native_profile step=49920 command_ms=882.851875 gpu_ms=882.616791874 host_copy_ms=0.014 full_state_readback=0
resting_native_profile step=49952 command_ms=877.056334 gpu_ms=876.477999613 host_copy_ms=0.008625 full_state_readback=0
resting_native_profile step=49984 command_ms=873.5335 gpu_ms=872.95191735 host_copy_ms=0.009542 full_state_readback=0
resting_native_profile step=50016 command_ms=885.399667 gpu_ms=885.168749839 host_copy_ms=0.008667 full_state_readback=0
resting_native_profile step=50048 command_ms=880.042542 gpu_ms=879.297374748 host_copy_ms=0.007666 full_state_readback=0
resting_native_profile step=50080 command_ms=870.888833 gpu_ms=870.191457681 host_copy_ms=0.010417 full_state_readback=0
resting_native_profile step=50112 command_ms=881.656958 gpu_ms=881.032916717 host_copy_ms=0.009584 full_state_readback=0
resting_native_profile step=50144 command_ms=881.518458 gpu_ms=880.904166028 host_copy_ms=0.0085 full_state_readback=0
resting_native_profile step=50176 command_ms=869.96025 gpu_ms=869.293292053 host_copy_ms=0.008708 full_state_readback=0
resting_native_profile step=50208 command_ms=876.065625 gpu_ms=875.464833342 host_copy_ms=0.00925 full_state_readback=0
resting_native_profile step=50240 command_ms=880.456208 gpu_ms=879.839750007 host_copy_ms=0.00825 full_state_readback=0
resting_native_profile step=50272 command_ms=879.684334 gpu_ms=879.119708203 host_copy_ms=0.012041 full_state_readback=0
resting_native_profile step=50304 command_ms=881.01925 gpu_ms=880.415249616 host_copy_ms=0.008584 full_state_readback=0
resting_native_profile step=50336 command_ms=876.110542 gpu_ms=875.432416797 host_copy_ms=0.00925 full_state_readback=0
resting_native_profile step=50368 command_ms=879.309833 gpu_ms=878.711916506 host_copy_ms=0.0085 full_state_readback=0
resting_native_profile step=50400 command_ms=878.130042 gpu_ms=877.518791705 host_copy_ms=0.00875 full_state_readback=0
resting_native_profile step=50432 command_ms=877.733583 gpu_ms=877.028042451 host_copy_ms=0.009834 full_state_readback=0
resting_native_profile step=50464 command_ms=880.594959 gpu_ms=879.925625399 host_copy_ms=0.008208 full_state_readback=0
resting_native_profile step=50496 command_ms=874.331208 gpu_ms=873.656749725 host_copy_ms=0.008542 full_state_readback=0
resting_native_profile step=50528 command_ms=882.75475 gpu_ms=882.163874805 host_copy_ms=0.008333 full_state_readback=0
resting_native_profile step=50560 command_ms=869.452459 gpu_ms=868.771375157 host_copy_ms=0.009041 full_state_readback=0
resting_native_profile step=50592 command_ms=879.966 gpu_ms=879.241625778 host_copy_ms=0.00875 full_state_readback=0
resting_native_profile step=50624 command_ms=883.533584 gpu_ms=882.878666744 host_copy_ms=0.011125 full_state_readback=0
resting_native_profile step=50656 command_ms=872.280458 gpu_ms=871.665875427 host_copy_ms=0.008625 full_state_readback=0
resting_native_profile step=50688 command_ms=884.582417 gpu_ms=883.991374634 host_copy_ms=0.008875 full_state_readback=0
resting_native_profile step=50720 command_ms=875.234792 gpu_ms=875.012750737 host_copy_ms=0.007708 full_state_readback=0
resting_native_profile step=50752 command_ms=882.10275 gpu_ms=881.449666806 host_copy_ms=0.0075 full_state_readback=0
resting_native_profile step=50784 command_ms=885.408583 gpu_ms=884.85966716 host_copy_ms=0.007917 full_state_readback=0
resting_native_profile step=50816 command_ms=876.17325 gpu_ms=875.497416593 host_copy_ms=0.009042 full_state_readback=0
resting_native_profile step=50848 command_ms=876.788625 gpu_ms=876.13937445 host_copy_ms=0.00825 full_state_readback=0
resting_native_profile step=50880 command_ms=885.134584 gpu_ms=884.485791437 host_copy_ms=0.007625 full_state_readback=0
resting_native_profile step=50912 command_ms=883.109958 gpu_ms=882.434458472 host_copy_ms=0.00875 full_state_readback=0
resting_native_profile step=50944 command_ms=872.265458 gpu_ms=872.033374384 host_copy_ms=0.007292 full_state_readback=0
resting_native_profile step=50976 command_ms=885.919125 gpu_ms=885.23258362 host_copy_ms=0.01275 full_state_readback=0
resting_native_profile step=51008 command_ms=882.683625 gpu_ms=882.095457986 host_copy_ms=0.008084 full_state_readback=0
resting_native_profile step=51040 command_ms=880.166084 gpu_ms=879.536624998 host_copy_ms=0.0085 full_state_readback=0
resting_native_profile step=51072 command_ms=877.869625 gpu_ms=877.24412512 host_copy_ms=0.008208 full_state_readback=0
resting_native_profile step=51104 command_ms=878.750542 gpu_ms=878.057374619 host_copy_ms=0.007583 full_state_readback=0
resting_native_profile step=51136 command_ms=876.331417 gpu_ms=875.654916279 host_copy_ms=0.007791 full_state_readback=0
resting_native_profile step=51168 command_ms=878.883291 gpu_ms=878.276374191 host_copy_ms=0.009375 full_state_readback=0
resting_native_profile step=51200 command_ms=879.795958 gpu_ms=879.228457808 host_copy_ms=0.009417 full_state_readback=0
resting_native_profile step=51232 command_ms=882.172708 gpu_ms=881.516333669 host_copy_ms=0.007958 full_state_readback=0
resting_native_profile step=51264 command_ms=879.871875 gpu_ms=879.177999683 host_copy_ms=0.009666 full_state_readback=0
resting_native_profile step=51296 command_ms=877.534084 gpu_ms=876.876958646 host_copy_ms=0.007583 full_state_readback=0
resting_native_profile step=51328 command_ms=879.886958 gpu_ms=879.257875495 host_copy_ms=0.012709 full_state_readback=0
resting_native_profile step=51360 command_ms=881.064375 gpu_ms=880.44875022 host_copy_ms=0.00825 full_state_readback=0
resting_native_profile step=51392 command_ms=875.404792 gpu_ms=874.941875227 host_copy_ms=0.008791 full_state_readback=0
resting_native_profile step=51424 command_ms=883.907291 gpu_ms=883.235833608 host_copy_ms=0.007709 full_state_readback=0
resting_native_profile step=51456 command_ms=881.082125 gpu_ms=880.528874695 host_copy_ms=0.00825 full_state_readback=0
resting_native_profile step=51488 command_ms=884.978917 gpu_ms=884.442958981 host_copy_ms=0.008083 full_state_readback=0
resting_native_profile step=51520 command_ms=878.345167 gpu_ms=877.683624625 host_copy_ms=0.00925 full_state_readback=0
resting_native_profile step=51552 command_ms=867.518708 gpu_ms=866.827500053 host_copy_ms=0.008417 full_state_readback=0
resting_native_profile step=51584 command_ms=886.288875 gpu_ms=885.671624914 host_copy_ms=0.008625 full_state_readback=0
resting_native_profile step=51616 command_ms=876.777167 gpu_ms=876.107917167 host_copy_ms=0.008583 full_state_readback=0
resting_native_profile step=51648 command_ms=877.816791 gpu_ms=877.160541713 host_copy_ms=0.014625 full_state_readback=0
resting_native_profile step=51680 command_ms=885.193917 gpu_ms=884.987000376 host_copy_ms=0.0125 full_state_readback=0
resting_native_profile step=51712 command_ms=884.240875 gpu_ms=883.683875203 host_copy_ms=0.007917 full_state_readback=0
resting_native_profile step=51744 command_ms=869.608042 gpu_ms=868.924499489 host_copy_ms=0.008667 full_state_readback=0
resting_native_profile step=51776 command_ms=874.162458 gpu_ms=873.596999794 host_copy_ms=0.009 full_state_readback=0
resting_native_profile step=51808 command_ms=876.5975 gpu_ms=876.027458347 host_copy_ms=0.008709 full_state_readback=0
resting_native_profile step=51840 command_ms=880.489458 gpu_ms=879.8586661 host_copy_ms=0.007917 full_state_readback=0
resting_native_profile step=51872 command_ms=878.990583 gpu_ms=878.332125023 host_copy_ms=0.009 full_state_readback=0
resting_native_profile step=51904 command_ms=879.304125 gpu_ms=878.696583211 host_copy_ms=0.007667 full_state_readback=0
resting_native_profile step=51936 command_ms=878.776167 gpu_ms=878.163125366 host_copy_ms=0.007833 full_state_readback=0
resting_native_profile step=51968 command_ms=880.8165 gpu_ms=880.197875202 host_copy_ms=0.008167 full_state_readback=0
resting_native_profile step=52000 command_ms=886.310375 gpu_ms=886.096917093 host_copy_ms=0.009 full_state_readback=0
resting_native_profile step=52032 command_ms=875.345666 gpu_ms=874.638583511 host_copy_ms=0.010417 full_state_readback=0
resting_native_profile step=52064 command_ms=881.472542 gpu_ms=880.799249746 host_copy_ms=0.008208 full_state_readback=0
resting_native_profile step=52096 command_ms=875.624959 gpu_ms=874.997374602 host_copy_ms=0.009041 full_state_readback=0
resting_native_profile step=52128 command_ms=877.024541 gpu_ms=876.401583664 host_copy_ms=0.008375 full_state_readback=0
resting_native_profile step=52160 command_ms=885.243333 gpu_ms=885.038750246 host_copy_ms=0.008334 full_state_readback=0
resting_native_profile step=52192 command_ms=872.881416 gpu_ms=872.291166335 host_copy_ms=0.007084 full_state_readback=0
resting_native_profile step=52224 command_ms=880.611458 gpu_ms=880.013458431 host_copy_ms=0.009042 full_state_readback=0
resting_native_profile step=52256 command_ms=875.208417 gpu_ms=874.970667064 host_copy_ms=0.007625 full_state_readback=0
resting_native_profile step=52288 command_ms=878.215375 gpu_ms=877.613749355 host_copy_ms=0.00875 full_state_readback=0
resting_native_profile step=52320 command_ms=874.122792 gpu_ms=873.525250703 host_copy_ms=0.009208 full_state_readback=0
resting_native_profile step=52352 command_ms=869.502458 gpu_ms=868.806749582 host_copy_ms=0.008708 full_state_readback=0
resting_native_profile step=52384 command_ms=885.699 gpu_ms=885.46025008 host_copy_ms=0.013333 full_state_readback=0
resting_native_profile step=52416 command_ms=875.64225 gpu_ms=874.956457876 host_copy_ms=0.009292 full_state_readback=0
resting_native_profile step=52448 command_ms=875.92275 gpu_ms=875.320834108 host_copy_ms=0.008375 full_state_readback=0
resting_native_profile step=52480 command_ms=878.90075 gpu_ms=878.292582929 host_copy_ms=0.010625 full_state_readback=0
resting_native_profile step=52512 command_ms=874.513375 gpu_ms=873.89075011 host_copy_ms=0.009375 full_state_readback=0
resting_native_profile step=52544 command_ms=882.322834 gpu_ms=881.623541936 host_copy_ms=0.00975 full_state_readback=0
resting_native_profile step=52576 command_ms=881.428125 gpu_ms=880.745125003 host_copy_ms=0.010209 full_state_readback=0
resting_native_profile step=52608 command_ms=880.809167 gpu_ms=880.195000209 host_copy_ms=0.00925 full_state_readback=0
resting_native_profile step=52640 command_ms=886.563084 gpu_ms=886.32625062 host_copy_ms=0.01 full_state_readback=0
resting_native_profile step=52672 command_ms=889.148791 gpu_ms=888.436208479 host_copy_ms=0.009459 full_state_readback=0
resting_native_profile step=52704 command_ms=880.247167 gpu_ms=879.649667069 host_copy_ms=0.010458 full_state_readback=0
resting_native_profile step=52736 command_ms=882.35 gpu_ms=881.757458672 host_copy_ms=0.012417 full_state_readback=0
resting_native_profile step=52768 command_ms=888.844625 gpu_ms=888.200500049 host_copy_ms=0.009875 full_state_readback=0
resting_native_profile step=52800 command_ms=882.707375 gpu_ms=882.101541385 host_copy_ms=0.008916 full_state_readback=0
resting_native_profile step=52832 command_ms=867.467791 gpu_ms=866.768708453 host_copy_ms=0.009792 full_state_readback=0
resting_native_profile step=52864 command_ms=873.912667 gpu_ms=873.318916187 host_copy_ms=0.008333 full_state_readback=0
resting_native_profile step=52896 command_ms=875.187542 gpu_ms=874.551082961 host_copy_ms=0.007916 full_state_readback=0
resting_native_profile step=52928 command_ms=879.97825 gpu_ms=879.308833741 host_copy_ms=0.008708 full_state_readback=0
resting_native_profile step=52960 command_ms=875.9445 gpu_ms=875.297125429 host_copy_ms=0.010375 full_state_readback=0
resting_native_profile step=52992 command_ms=875.826917 gpu_ms=875.140124932 host_copy_ms=0.009041 full_state_readback=0
resting_native_profile step=53024 command_ms=880.127958 gpu_ms=879.531083629 host_copy_ms=0.009334 full_state_readback=0
resting_native_profile step=53056 command_ms=878.7065 gpu_ms=878.039375879 host_copy_ms=0.010667 full_state_readback=0
resting_native_profile step=53088 command_ms=881.836375 gpu_ms=881.150708534 host_copy_ms=0.01375 full_state_readback=0
resting_native_profile step=53120 command_ms=874.582292 gpu_ms=873.955874704 host_copy_ms=0.008625 full_state_readback=0
resting_native_profile step=53152 command_ms=869.834125 gpu_ms=869.125874713 host_copy_ms=0.0085 full_state_readback=0
resting_native_profile step=53184 command_ms=879.840292 gpu_ms=879.266333766 host_copy_ms=0.009833 full_state_readback=0
resting_native_profile step=53216 command_ms=882.964583 gpu_ms=882.356541231 host_copy_ms=0.009792 full_state_readback=0
resting_native_profile step=53248 command_ms=873.010542 gpu_ms=872.329375707 host_copy_ms=0.009875 full_state_readback=0
resting_native_profile step=53280 command_ms=878.821042 gpu_ms=878.184249625 host_copy_ms=0.010625 full_state_readback=0
resting_native_profile step=53312 command_ms=879.803209 gpu_ms=879.144249484 host_copy_ms=0.009083 full_state_readback=0
resting_native_profile step=53344 command_ms=882.468625 gpu_ms=881.806708872 host_copy_ms=0.009083 full_state_readback=0
resting_native_profile step=53376 command_ms=881.750958 gpu_ms=881.393499672 host_copy_ms=0.008167 full_state_readback=0
resting_native_profile step=53408 command_ms=885.421125 gpu_ms=884.860041551 host_copy_ms=0.009584 full_state_readback=0
resting_native_profile step=53440 command_ms=877.837333 gpu_ms=877.193625085 host_copy_ms=0.0135 full_state_readback=0
resting_native_profile step=53472 command_ms=876.438667 gpu_ms=875.754166394 host_copy_ms=0.007958 full_state_readback=0
resting_native_profile step=53504 command_ms=881.982208 gpu_ms=881.319666281 host_copy_ms=0.007 full_state_readback=0
resting_native_profile step=53536 command_ms=874.196125 gpu_ms=873.56612552 host_copy_ms=0.00975 full_state_readback=0
resting_native_profile step=53568 command_ms=878.493916 gpu_ms=877.861041576 host_copy_ms=0.008125 full_state_readback=0
resting_native_profile step=53600 command_ms=877.453208 gpu_ms=876.864249818 host_copy_ms=0.008542 full_state_readback=0
resting_native_profile step=53632 command_ms=877.120084 gpu_ms=876.54899992 host_copy_ms=0.007458 full_state_readback=0
resting_native_profile step=53664 command_ms=873.789042 gpu_ms=873.392333277 host_copy_ms=0.009375 full_state_readback=0
resting_native_profile step=53696 command_ms=876.836416 gpu_ms=876.186749898 host_copy_ms=0.008792 full_state_readback=0
resting_native_profile step=53728 command_ms=882.113083 gpu_ms=881.4348327 host_copy_ms=0.00875 full_state_readback=0
resting_native_profile step=53760 command_ms=889.331334 gpu_ms=888.794250786 host_copy_ms=0.010208 full_state_readback=0
resting_native_profile step=53792 command_ms=877.804583 gpu_ms=877.139958553 host_copy_ms=0.013292 full_state_readback=0
resting_native_profile step=53824 command_ms=887.763417 gpu_ms=887.061249465 host_copy_ms=0.011041 full_state_readback=0
resting_native_profile step=53856 command_ms=881.994333 gpu_ms=881.39062468 host_copy_ms=0.00825 full_state_readback=0
resting_native_profile step=53888 command_ms=882.0135 gpu_ms=881.339499727 host_copy_ms=0.010208 full_state_readback=0
resting_native_profile step=53920 command_ms=881.964291 gpu_ms=881.323000416 host_copy_ms=0.008834 full_state_readback=0
resting_native_profile step=53952 command_ms=876.255792 gpu_ms=875.621874817 host_copy_ms=0.010083 full_state_readback=0
resting_native_profile step=53984 command_ms=876.726042 gpu_ms=876.128165983 host_copy_ms=0.008625 full_state_readback=0
resting_native_profile step=54016 command_ms=880.977208 gpu_ms=880.278291181 host_copy_ms=0.010834 full_state_readback=0
resting_native_profile step=54048 command_ms=882.448083 gpu_ms=881.769957952 host_copy_ms=0.010792 full_state_readback=0
resting_native_profile step=54080 command_ms=881.150875 gpu_ms=880.455874838 host_copy_ms=0.008541 full_state_readback=0
resting_native_profile step=54112 command_ms=881.124583 gpu_ms=880.438374355 host_copy_ms=0.010875 full_state_readback=0
resting_native_profile step=54144 command_ms=866.729666 gpu_ms=866.102499887 host_copy_ms=0.014584 full_state_readback=0
resting_native_profile step=54176 command_ms=870.629 gpu_ms=869.982833043 host_copy_ms=0.00925 full_state_readback=0
resting_native_profile step=54208 command_ms=876.987292 gpu_ms=876.743958332 host_copy_ms=0.01 full_state_readback=0
resting_native_profile step=54240 command_ms=873.134708 gpu_ms=872.813249938 host_copy_ms=0.011125 full_state_readback=0
resting_native_profile step=54272 command_ms=868.836042 gpu_ms=868.150125258 host_copy_ms=0.00925 full_state_readback=0
resting_native_profile step=54304 command_ms=876.771167 gpu_ms=876.167125069 host_copy_ms=0.009083 full_state_readback=0
resting_native_profile step=54336 command_ms=881.25575 gpu_ms=880.666416138 host_copy_ms=0.008166 full_state_readback=0
resting_native_profile step=54368 command_ms=880.515791 gpu_ms=879.96016629 host_copy_ms=0.009 full_state_readback=0
resting_native_profile step=54400 command_ms=876.710542 gpu_ms=876.038874499 host_copy_ms=0.008916 full_state_readback=0
resting_native_profile step=54432 command_ms=874.378083 gpu_ms=873.770999722 host_copy_ms=0.01 full_state_readback=0
resting_native_profile step=54464 command_ms=881.572209 gpu_ms=880.836958066 host_copy_ms=0.008041 full_state_readback=0
resting_native_profile step=54496 command_ms=869.8455 gpu_ms=869.189959019 host_copy_ms=0.013917 full_state_readback=0
resting_native_profile step=54528 command_ms=877.3635 gpu_ms=876.673625782 host_copy_ms=0.022292 full_state_readback=0
resting_native_profile step=54560 command_ms=888.00525 gpu_ms=887.322000228 host_copy_ms=0.0075 full_state_readback=0
resting_native_profile step=54592 command_ms=880.379125 gpu_ms=879.773874767 host_copy_ms=0.00975 full_state_readback=0
resting_native_profile step=54624 command_ms=887.183084 gpu_ms=886.595999822 host_copy_ms=0.009708 full_state_readback=0
resting_native_profile step=54656 command_ms=875.455125 gpu_ms=875.160625204 host_copy_ms=0.009166 full_state_readback=0
resting_native_profile step=54688 command_ms=885.367125 gpu_ms=884.677832946 host_copy_ms=0.009833 full_state_readback=0
resting_native_profile step=54720 command_ms=882.547417 gpu_ms=881.938584149 host_copy_ms=0.01025 full_state_readback=0
resting_native_profile step=54752 command_ms=877.678916 gpu_ms=877.036458813 host_copy_ms=0.008834 full_state_readback=0
resting_native_profile step=54784 command_ms=885.878833 gpu_ms=885.211749934 host_copy_ms=0.009917 full_state_readback=0
resting_native_profile step=54816 command_ms=880.204625 gpu_ms=879.604541697 host_copy_ms=0.009125 full_state_readback=0
resting_native_profile step=54848 command_ms=889.25 gpu_ms=888.638000004 host_copy_ms=0.012417 full_state_readback=0
resting_native_profile step=54880 command_ms=878.783166 gpu_ms=878.109958954 host_copy_ms=0.009084 full_state_readback=0
resting_native_profile step=54912 command_ms=872.11075 gpu_ms=871.518666856 host_copy_ms=0.009292 full_state_readback=0
resting_native_profile step=54944 command_ms=880.64975 gpu_ms=879.921624437 host_copy_ms=0.010167 full_state_readback=0
resting_native_profile step=54976 command_ms=883.528084 gpu_ms=882.865624502 host_copy_ms=0.008583 full_state_readback=0
resting_native_profile step=55008 command_ms=882.878333 gpu_ms=882.182625122 host_copy_ms=0.008584 full_state_readback=0
resting_native_profile step=55040 command_ms=882.939125 gpu_ms=882.296208292 host_copy_ms=0.00975 full_state_readback=0
resting_native_profile step=55072 command_ms=877.3265 gpu_ms=876.612124965 host_copy_ms=0.019 full_state_readback=0
resting_native_profile step=55104 command_ms=875.092125 gpu_ms=874.82908275 host_copy_ms=0.012625 full_state_readback=0
resting_native_profile step=55136 command_ms=890.131083 gpu_ms=889.520333149 host_copy_ms=0.012833 full_state_readback=0
resting_native_profile step=55168 command_ms=882.320792 gpu_ms=881.639249623 host_copy_ms=0.010625 full_state_readback=0
resting_native_profile step=55200 command_ms=885.302958 gpu_ms=884.658999741 host_copy_ms=0.015125 full_state_readback=0
resting_native_profile step=55232 command_ms=876.688833 gpu_ms=876.041875221 host_copy_ms=0.008625 full_state_readback=0
resting_native_profile step=55264 command_ms=869.957292 gpu_ms=869.301082566 host_copy_ms=0.00775 full_state_readback=0
resting_native_profile step=55296 command_ms=886.226417 gpu_ms=885.626458563 host_copy_ms=0.009625 full_state_readback=0
resting_native_profile step=55328 command_ms=882.33775 gpu_ms=881.699125282 host_copy_ms=0.0105 full_state_readback=0
resting_native_profile step=55360 command_ms=873.6685 gpu_ms=873.043499887 host_copy_ms=0.008875 full_state_readback=0
resting_native_profile step=55392 command_ms=874.891375 gpu_ms=874.24362544 host_copy_ms=0.006333 full_state_readback=0
resting_native_profile step=55424 command_ms=880.818666 gpu_ms=880.188125186 host_copy_ms=0.008084 full_state_readback=0
resting_native_profile step=55456 command_ms=881.089417 gpu_ms=880.435249768 host_copy_ms=0.006958 full_state_readback=0
resting_native_profile step=55488 command_ms=878.003 gpu_ms=877.349291928 host_copy_ms=0.008417 full_state_readback=0
resting_native_profile step=55520 command_ms=869.511334 gpu_ms=868.895999156 host_copy_ms=0.0085 full_state_readback=0
resting_native_profile step=55552 command_ms=883.782625 gpu_ms=883.18041712 host_copy_ms=0.009917 full_state_readback=0
resting_native_profile step=55584 command_ms=878.589083 gpu_ms=877.984166145 host_copy_ms=0.007333 full_state_readback=0
resting_native_profile step=55616 command_ms=878.572875 gpu_ms=877.936375327 host_copy_ms=0.006875 full_state_readback=0
resting_native_profile step=55648 command_ms=871.676375 gpu_ms=871.028957888 host_copy_ms=0.008375 full_state_readback=0
resting_native_profile step=55680 command_ms=880.406334 gpu_ms=879.848124459 host_copy_ms=0.006083 full_state_readback=0
resting_native_profile step=55712 command_ms=884.295416 gpu_ms=883.751249872 host_copy_ms=0.006334 full_state_readback=0
resting_native_profile step=55744 command_ms=891.012166 gpu_ms=890.349916182 host_copy_ms=0.006792 full_state_readback=0
resting_native_profile step=55776 command_ms=867.973666 gpu_ms=867.422250099 host_copy_ms=0.008584 full_state_readback=0
resting_native_profile step=55808 command_ms=875.226042 gpu_ms=874.563417397 host_copy_ms=0.006083 full_state_readback=0
resting_native_profile step=55840 command_ms=870.142917 gpu_ms=869.600875303 host_copy_ms=0.006625 full_state_readback=0
resting_native_profile step=55872 command_ms=891.513 gpu_ms=890.941124409 host_copy_ms=0.009 full_state_readback=0
resting_native_profile step=55904 command_ms=871.140833 gpu_ms=870.511958376 host_copy_ms=0.010334 full_state_readback=0
resting_native_profile step=55936 command_ms=881.643708 gpu_ms=881.079750136 host_copy_ms=0.007542 full_state_readback=0
resting_native_profile step=55968 command_ms=880.997833 gpu_ms=880.395875312 host_copy_ms=0.006375 full_state_readback=0
resting_native_profile step=56000 command_ms=878.035583 gpu_ms=877.439333126 host_copy_ms=0.008875 full_state_readback=0
resting_native_profile step=56032 command_ms=877.472625 gpu_ms=876.883375458 host_copy_ms=0.006666 full_state_readback=0
resting_native_profile step=56064 command_ms=889.921541 gpu_ms=889.370124787 host_copy_ms=0.0075 full_state_readback=0
resting_native_profile step=56096 command_ms=882.172542 gpu_ms=881.61379192 host_copy_ms=0.007375 full_state_readback=0
resting_native_profile step=56128 command_ms=877.565708 gpu_ms=877.011207864 host_copy_ms=0.009083 full_state_readback=0
resting_native_profile step=56160 command_ms=885.465167 gpu_ms=884.913249873 host_copy_ms=0.007208 full_state_readback=0
resting_native_profile step=56192 command_ms=883.791375 gpu_ms=883.218999952 host_copy_ms=0.006833 full_state_readback=0
resting_native_profile step=56224 command_ms=876.723792 gpu_ms=876.090999693 host_copy_ms=0.00925 full_state_readback=0
resting_native_profile step=56256 command_ms=873.098834 gpu_ms=872.468333691 host_copy_ms=0.011291 full_state_readback=0
resting_native_profile step=56288 command_ms=887.1055 gpu_ms=886.538458057 host_copy_ms=0.007125 full_state_readback=0
resting_native_profile step=56320 command_ms=874.459917 gpu_ms=873.830208555 host_copy_ms=0.008083 full_state_readback=0
resting_native_profile step=56352 command_ms=883.316375 gpu_ms=882.701625116 host_copy_ms=0.008875 full_state_readback=0
resting_native_profile step=56384 command_ms=885.7325 gpu_ms=885.090583004 host_copy_ms=0.009416 full_state_readback=0
resting_native_profile step=56416 command_ms=878.154458 gpu_ms=877.518624999 host_copy_ms=0.007917 full_state_readback=0
resting_native_profile step=56448 command_ms=885.511292 gpu_ms=884.809583426 host_copy_ms=0.008041 full_state_readback=0
resting_native_profile step=56480 command_ms=885.416125 gpu_ms=884.773000143 host_copy_ms=0.009583 full_state_readback=0
resting_native_profile step=56512 command_ms=890.380625 gpu_ms=889.752833173 host_copy_ms=0.009459 full_state_readback=0
resting_native_profile step=56544 command_ms=887.793375 gpu_ms=887.106332928 host_copy_ms=0.019708 full_state_readback=0
resting_native_profile step=56576 command_ms=885.328584 gpu_ms=884.672708809 host_copy_ms=0.013125 full_state_readback=0
resting_native_profile step=56608 command_ms=882.367625 gpu_ms=881.666750647 host_copy_ms=0.0265 full_state_readback=0
resting_native_profile step=56640 command_ms=881.6405 gpu_ms=881.061250344 host_copy_ms=0.008792 full_state_readback=0
resting_native_profile step=56672 command_ms=878.691667 gpu_ms=878.078750335 host_copy_ms=0.008625 full_state_readback=0
resting_native_profile step=56704 command_ms=879.573792 gpu_ms=878.966875374 host_copy_ms=0.008 full_state_readback=0
resting_native_profile step=56736 command_ms=882.537292 gpu_ms=881.940041669 host_copy_ms=0.009792 full_state_readback=0
resting_native_profile step=56768 command_ms=888.879458 gpu_ms=888.220207766 host_copy_ms=0.008834 full_state_readback=0
resting_native_profile step=56800 command_ms=882.781709 gpu_ms=882.180916145 host_copy_ms=0.008875 full_state_readback=0
resting_native_profile step=56832 command_ms=877.1255 gpu_ms=876.443750225 host_copy_ms=0.010292 full_state_readback=0
resting_native_profile step=56864 command_ms=883.837125 gpu_ms=883.173583075 host_copy_ms=0.009709 full_state_readback=0
resting_native_profile step=56896 command_ms=882.155708 gpu_ms=881.461750716 host_copy_ms=0.008417 full_state_readback=0
resting_native_profile step=56928 command_ms=884.469708 gpu_ms=883.844083175 host_copy_ms=0.009084 full_state_readback=0
resting_native_profile step=56960 command_ms=873.536875 gpu_ms=872.91416619 host_copy_ms=0.012209 full_state_readback=0
resting_native_profile step=56992 command_ms=871.5335 gpu_ms=870.826042257 host_copy_ms=0.009 full_state_readback=0
resting_native_profile step=57024 command_ms=876.759417 gpu_ms=876.119125634 host_copy_ms=0.007625 full_state_readback=0
resting_native_profile step=57056 command_ms=876.965084 gpu_ms=876.274000853 host_copy_ms=0.010125 full_state_readback=0
resting_native_profile step=57088 command_ms=880.18475 gpu_ms=879.578375258 host_copy_ms=0.010167 full_state_readback=0
resting_native_profile step=57120 command_ms=880.26475 gpu_ms=879.635333084 host_copy_ms=0.008958 full_state_readback=0
resting_native_profile step=57152 command_ms=880.907958 gpu_ms=880.249374546 host_copy_ms=0.009375 full_state_readback=0
resting_native_profile step=57184 command_ms=872.404583 gpu_ms=871.776792221 host_copy_ms=0.008917 full_state_readback=0
resting_native_profile step=57216 command_ms=886.476708 gpu_ms=885.797083378 host_copy_ms=0.009709 full_state_readback=0
resting_native_profile step=57248 command_ms=878.758208 gpu_ms=878.165875562 host_copy_ms=0.009 full_state_readback=0
resting_native_profile step=57280 command_ms=883.037709 gpu_ms=882.433624938 host_copy_ms=0.019958 full_state_readback=0
resting_native_profile step=57312 command_ms=881.20475 gpu_ms=880.514333025 host_copy_ms=0.018417 full_state_readback=0
resting_native_profile step=57344 command_ms=884.499792 gpu_ms=883.895792067 host_copy_ms=0.009833 full_state_readback=0
resting_native_profile step=57376 command_ms=878.172542 gpu_ms=877.465125173 host_copy_ms=0.009041 full_state_readback=0
resting_native_profile step=57408 command_ms=880.073125 gpu_ms=879.439124838 host_copy_ms=0.008375 full_state_readback=0
resting_native_profile step=57440 command_ms=883.634 gpu_ms=882.962583564 host_copy_ms=0.010125 full_state_readback=0
resting_native_profile step=57472 command_ms=891.46225 gpu_ms=890.799624845 host_copy_ms=0.010167 full_state_readback=0
resting_native_profile step=57504 command_ms=880.767 gpu_ms=880.15966583 host_copy_ms=0.009209 full_state_readback=0
resting_native_profile step=57536 command_ms=885.035459 gpu_ms=884.365250356 host_copy_ms=0.008916 full_state_readback=0
resting_native_profile step=57568 command_ms=881.085792 gpu_ms=880.434041843 host_copy_ms=0.008708 full_state_readback=0
resting_native_profile step=57600 command_ms=877.565625 gpu_ms=876.884999685 host_copy_ms=0.0095 full_state_readback=0
resting_native_profile step=57632 command_ms=886.277791 gpu_ms=885.645375587 host_copy_ms=0.0095 full_state_readback=0
resting_native_profile step=57664 command_ms=873.067709 gpu_ms=872.452499345 host_copy_ms=0.013125 full_state_readback=0
resting_native_profile step=57696 command_ms=875.175541 gpu_ms=874.599582516 host_copy_ms=0.00825 full_state_readback=0
resting_native_profile step=57728 command_ms=876.205292 gpu_ms=875.538625754 host_copy_ms=0.0105 full_state_readback=0
resting_native_profile step=57760 command_ms=886.684542 gpu_ms=886.050124653 host_copy_ms=0.009916 full_state_readback=0
resting_native_profile step=57792 command_ms=880.648875 gpu_ms=879.984500818 host_copy_ms=0.010125 full_state_readback=0
resting_native_profile step=57824 command_ms=884.626625 gpu_ms=883.954208344 host_copy_ms=0.021208 full_state_readback=0
resting_native_profile step=57856 command_ms=886.051 gpu_ms=885.418624617 host_copy_ms=0.019375 full_state_readback=0
resting_native_profile step=57888 command_ms=888.544917 gpu_ms=887.881624512 host_copy_ms=0.013416 full_state_readback=0
resting_native_profile step=57920 command_ms=877.873292 gpu_ms=877.260625362 host_copy_ms=0.013083 full_state_readback=0
resting_native_profile step=57952 command_ms=876.967959 gpu_ms=876.387958415 host_copy_ms=0.012291 full_state_readback=0
resting_native_profile step=57984 command_ms=874.368667 gpu_ms=873.703124933 host_copy_ms=0.018042 full_state_readback=0
resting_native_profile step=58016 command_ms=887.024125 gpu_ms=886.36187464 host_copy_ms=0.017333 full_state_readback=0
resting_native_profile step=58048 command_ms=889.505708 gpu_ms=888.861375861 host_copy_ms=0.011334 full_state_readback=0
resting_native_profile step=58080 command_ms=893.811208 gpu_ms=893.208958209 host_copy_ms=0.01175 full_state_readback=0
resting_native_profile step=58112 command_ms=894.316541 gpu_ms=893.700832501 host_copy_ms=0.011417 full_state_readback=0
resting_native_profile step=58144 command_ms=889.487583 gpu_ms=888.929500245 host_copy_ms=0.011083 full_state_readback=0
resting_native_profile step=58176 command_ms=889.517708 gpu_ms=888.94074969 host_copy_ms=0.01125 full_state_readback=0
resting_native_profile step=58208 command_ms=892.725916 gpu_ms=892.177292146 host_copy_ms=0.011709 full_state_readback=0
resting_native_profile step=58240 command_ms=884.471042 gpu_ms=883.911125362 host_copy_ms=0.013166 full_state_readback=0
resting_native_profile step=58272 command_ms=882.39875 gpu_ms=881.817374378 host_copy_ms=0.011791 full_state_readback=0
resting_native_profile step=58304 command_ms=884.505 gpu_ms=883.837750182 host_copy_ms=0.017042 full_state_readback=0
resting_native_profile step=58336 command_ms=890.541334 gpu_ms=889.946292154 host_copy_ms=0.011541 full_state_readback=0
resting_native_profile step=58368 command_ms=889.064875 gpu_ms=888.449375518 host_copy_ms=0.016708 full_state_readback=0
resting_native_profile step=58400 command_ms=890.431834 gpu_ms=890.218624845 host_copy_ms=0.01125 full_state_readback=0
resting_native_profile step=58432 command_ms=886.356583 gpu_ms=885.694041848 host_copy_ms=0.013042 full_state_readback=0
resting_native_profile step=58464 command_ms=886.165125 gpu_ms=885.960374959 host_copy_ms=0.01125 full_state_readback=0
resting_native_profile step=58496 command_ms=887.555834 gpu_ms=886.947167106 host_copy_ms=0.01125 full_state_readback=0
resting_native_profile step=58528 command_ms=875.990875 gpu_ms=875.382624567 host_copy_ms=0.015042 full_state_readback=0
resting_native_profile step=58560 command_ms=888.0425 gpu_ms=887.411458418 host_copy_ms=0.01175 full_state_readback=0
resting_native_profile step=58592 command_ms=881.859833 gpu_ms=881.230625324 host_copy_ms=0.013458 full_state_readback=0
resting_native_profile step=58624 command_ms=889.472083 gpu_ms=888.815291226 host_copy_ms=0.011875 full_state_readback=0
resting_native_profile step=58656 command_ms=877.092875 gpu_ms=876.491291448 host_copy_ms=0.013708 full_state_readback=0
resting_native_profile step=58688 command_ms=881.172083 gpu_ms=880.505500361 host_copy_ms=0.015417 full_state_readback=0
resting_native_profile step=58720 command_ms=877.902291 gpu_ms=877.304208465 host_copy_ms=0.020625 full_state_readback=0
resting_native_profile step=58752 command_ms=872.567625 gpu_ms=871.912624687 host_copy_ms=0.014542 full_state_readback=0
resting_native_profile step=58784 command_ms=881.828291 gpu_ms=881.235999987 host_copy_ms=0.018084 full_state_readback=0
resting_native_profile step=58816 command_ms=873.595708 gpu_ms=873.015374877 host_copy_ms=0.015667 full_state_readback=0
resting_native_profile step=58848 command_ms=886.04925 gpu_ms=885.510792024 host_copy_ms=0.012042 full_state_readback=0
resting_native_profile step=58880 command_ms=894.331583 gpu_ms=893.693624996 host_copy_ms=0.012292 full_state_readback=0
resting_native_profile step=58912 command_ms=882.868875 gpu_ms=882.261708379 host_copy_ms=0.014667 full_state_readback=0
resting_native_profile step=58944 command_ms=882.395667 gpu_ms=881.738708355 host_copy_ms=0.012333 full_state_readback=0
resting_native_profile step=58976 command_ms=886.575791 gpu_ms=885.943999514 host_copy_ms=0.016709 full_state_readback=0
resting_native_profile step=59008 command_ms=881.365041 gpu_ms=880.824041553 host_copy_ms=0.013292 full_state_readback=0
resting_native_profile step=59040 command_ms=889.332833 gpu_ms=888.765125535 host_copy_ms=0.012084 full_state_readback=0
resting_native_profile step=59072 command_ms=893.976417 gpu_ms=893.392583355 host_copy_ms=0.017 full_state_readback=0
resting_native_profile step=59104 command_ms=885.68525 gpu_ms=885.046250187 host_copy_ms=0.011459 full_state_readback=0
resting_native_profile step=59136 command_ms=889.461917 gpu_ms=888.82066682 host_copy_ms=0.010833 full_state_readback=0
resting_native_profile step=59168 command_ms=878.393375 gpu_ms=877.740457654 host_copy_ms=0.013042 full_state_readback=0
resting_native_profile step=59200 command_ms=895.742167 gpu_ms=895.084458403 host_copy_ms=0.01675 full_state_readback=0
resting_native_profile step=59232 command_ms=883.3855 gpu_ms=882.741374895 host_copy_ms=0.015875 full_state_readback=0
resting_native_profile step=59264 command_ms=889.094083 gpu_ms=888.449749909 host_copy_ms=0.012834 full_state_readback=0
resting_native_profile step=59296 command_ms=892.225458 gpu_ms=891.663833521 host_copy_ms=0.011583 full_state_readback=0
resting_native_profile step=59328 command_ms=891.334917 gpu_ms=891.131250188 host_copy_ms=0.011208 full_state_readback=0
resting_native_profile step=59360 command_ms=872.283667 gpu_ms=871.581375599 host_copy_ms=0.016417 full_state_readback=0
resting_native_profile step=59392 command_ms=892.018417 gpu_ms=891.442500055 host_copy_ms=0.011458 full_state_readback=0
resting_native_profile step=59424 command_ms=886.794542 gpu_ms=886.214791797 host_copy_ms=0.019625 full_state_readback=0
resting_native_profile step=59456 command_ms=888.012459 gpu_ms=887.41487544 host_copy_ms=0.014 full_state_readback=0
resting_native_profile step=59488 command_ms=889.249834 gpu_ms=888.641666621 host_copy_ms=0.012166 full_state_readback=0
resting_native_profile step=59520 command_ms=885.042041 gpu_ms=884.39675048 host_copy_ms=0.015334 full_state_readback=0
resting_native_profile step=59552 command_ms=879.875916 gpu_ms=879.265833646 host_copy_ms=0.01 full_state_readback=0
resting_native_profile step=59584 command_ms=878.986166 gpu_ms=878.267541528 host_copy_ms=0.007584 full_state_readback=0
resting_native_profile step=59616 command_ms=872.49325 gpu_ms=871.873375028 host_copy_ms=0.009042 full_state_readback=0
resting_native_profile step=59648 command_ms=876.02925 gpu_ms=875.390375033 host_copy_ms=0.007542 full_state_readback=0
resting_native_profile step=59680 command_ms=878.205333 gpu_ms=877.652125433 host_copy_ms=0.008834 full_state_readback=0
resting_native_profile step=59712 command_ms=884.989875 gpu_ms=884.392250329 host_copy_ms=0.008125 full_state_readback=0
resting_native_profile step=59744 command_ms=876.151541 gpu_ms=875.457291491 host_copy_ms=0.008584 full_state_readback=0
resting_native_profile step=59776 command_ms=877.874333 gpu_ms=877.176333219 host_copy_ms=0.012209 full_state_readback=0
resting_native_profile step=59808 command_ms=878.751167 gpu_ms=878.199833445 host_copy_ms=0.007792 full_state_readback=0
resting_native_profile step=59840 command_ms=876.95425 gpu_ms=876.366917044 host_copy_ms=0.008083 full_state_readback=0
resting_native_profile step=59872 command_ms=876.600292 gpu_ms=876.002499834 host_copy_ms=0.009792 full_state_readback=0
resting_native_profile step=59904 command_ms=871.596416 gpu_ms=870.991375297 host_copy_ms=0.00875 full_state_readback=0
resting_native_profile step=59936 command_ms=884.274792 gpu_ms=883.634791709 host_copy_ms=0.009375 full_state_readback=0
resting_native_profile step=59968 command_ms=883.783458 gpu_ms=883.178290911 host_copy_ms=0.009 full_state_readback=0
resting_native_profile step=60000 command_ms=876.466667 gpu_ms=875.786666758 host_copy_ms=0.008375 full_state_readback=0
resting_native_profile step=60032 command_ms=881.204083 gpu_ms=880.629916675 host_copy_ms=0.007709 full_state_readback=0
resting_native_profile step=60064 command_ms=873.819666 gpu_ms=873.176874593 host_copy_ms=0.009625 full_state_readback=0
resting_native_profile step=60096 command_ms=885.40425 gpu_ms=884.732750244 host_copy_ms=0.009375 full_state_readback=0
resting_native_profile step=60128 command_ms=886.794167 gpu_ms=886.187374592 host_copy_ms=0.012125 full_state_readback=0
resting_native_profile step=60160 command_ms=888.36325 gpu_ms=887.761957943 host_copy_ms=0.008291 full_state_readback=0
resting_native_profile step=60192 command_ms=873.419334 gpu_ms=873.156500049 host_copy_ms=0.008416 full_state_readback=0
resting_native_profile step=60224 command_ms=879.576083 gpu_ms=878.844249994 host_copy_ms=0.009334 full_state_readback=0
resting_native_profile step=60256 command_ms=885.306375 gpu_ms=884.68925003 host_copy_ms=0.007875 full_state_readback=0
resting_native_profile step=60288 command_ms=875.992958 gpu_ms=875.400375575 host_copy_ms=0.00775 full_state_readback=0
resting_native_profile step=60320 command_ms=874.59475 gpu_ms=874.00533352 host_copy_ms=0.008917 full_state_readback=0
resting_native_profile step=60352 command_ms=879.989791 gpu_ms=879.341124557 host_copy_ms=0.009417 full_state_readback=0
resting_native_profile step=60384 command_ms=880.186333 gpu_ms=879.56316676 host_copy_ms=0.008375 full_state_readback=0
resting_native_profile step=60416 command_ms=881.594625 gpu_ms=881.363749504 host_copy_ms=0.010334 full_state_readback=0
resting_native_profile step=60448 command_ms=879.08125 gpu_ms=878.507500514 host_copy_ms=0.009375 full_state_readback=0
resting_native_profile step=60480 command_ms=882.170083 gpu_ms=881.593666971 host_copy_ms=0.012 full_state_readback=0
resting_native_profile step=60512 command_ms=882.21975 gpu_ms=881.612833589 host_copy_ms=0.007583 full_state_readback=0
resting_native_profile step=60544 command_ms=867.228792 gpu_ms=866.579291411 host_copy_ms=0.007458 full_state_readback=0
resting_native_profile step=60576 command_ms=878.803583 gpu_ms=878.190833144 host_copy_ms=0.01 full_state_readback=0
resting_native_profile step=60608 command_ms=880.021833 gpu_ms=879.39374987 host_copy_ms=0.009167 full_state_readback=0
resting_native_profile step=60640 command_ms=875.633666 gpu_ms=875.035624951 host_copy_ms=0.00975 full_state_readback=0
resting_native_profile step=60672 command_ms=876.383291 gpu_ms=876.149999909 host_copy_ms=0.008459 full_state_readback=0
resting_native_profile step=60704 command_ms=880.128292 gpu_ms=879.486583173 host_copy_ms=0.008667 full_state_readback=0
resting_native_profile step=60736 command_ms=884.484125 gpu_ms=883.91925022 host_copy_ms=0.009417 full_state_readback=0
resting_native_profile step=60768 command_ms=882.602041 gpu_ms=881.958125159 host_copy_ms=0.008292 full_state_readback=0
resting_native_profile step=60800 command_ms=876.188709 gpu_ms=875.489125028 host_copy_ms=0.008833 full_state_readback=0
resting_native_profile step=60832 command_ms=891.215834 gpu_ms=890.566749498 host_copy_ms=0.012958 full_state_readback=0
resting_native_profile step=60864 command_ms=877.166083 gpu_ms=876.54399965 host_copy_ms=0.007583 full_state_readback=0
resting_native_profile step=60896 command_ms=873.555625 gpu_ms=872.986875474 host_copy_ms=0.008 full_state_readback=0
resting_native_profile step=60928 command_ms=878.164667 gpu_ms=877.972999588 host_copy_ms=0.009166 full_state_readback=0
resting_native_profile step=60960 command_ms=887.928459 gpu_ms=887.677041814 host_copy_ms=0.007125 full_state_readback=0
resting_native_profile step=60992 command_ms=883.237833 gpu_ms=882.636416703 host_copy_ms=0.008042 full_state_readback=0
resting_native_profile step=61024 command_ms=880.319 gpu_ms=879.719957709 host_copy_ms=0.007292 full_state_readback=0
resting_native_profile step=61056 command_ms=878.037875 gpu_ms=877.405917272 host_copy_ms=0.009125 full_state_readback=0
resting_native_profile step=61088 command_ms=879.775208 gpu_ms=879.212874919 host_copy_ms=0.0075 full_state_readback=0
resting_native_profile step=61120 command_ms=886.096334 gpu_ms=885.461958125 host_copy_ms=0.009458 full_state_readback=0
resting_native_profile step=61152 command_ms=882.326417 gpu_ms=881.655875593 host_copy_ms=0.008292 full_state_readback=0
resting_native_profile step=61184 command_ms=877.585333 gpu_ms=876.957000233 host_copy_ms=0.010667 full_state_readback=0
resting_native_profile step=61216 command_ms=874.234708 gpu_ms=873.577792197 host_copy_ms=0.008709 full_state_readback=0
resting_native_profile step=61248 command_ms=882.459125 gpu_ms=881.83187414 host_copy_ms=0.009459 full_state_readback=0
resting_native_profile step=61280 command_ms=888.398458 gpu_ms=887.731374241 host_copy_ms=0.009459 full_state_readback=0
resting_native_profile step=61312 command_ms=882.106916 gpu_ms=881.50925003 host_copy_ms=0.008584 full_state_readback=0
resting_native_profile step=61344 command_ms=885.165416 gpu_ms=884.47862491 host_copy_ms=0.008459 full_state_readback=0
resting_native_profile step=61376 command_ms=882.948708 gpu_ms=882.590541616 host_copy_ms=0.007417 full_state_readback=0
resting_native_profile step=61408 command_ms=882.261208 gpu_ms=881.681500003 host_copy_ms=0.009459 full_state_readback=0
resting_native_profile step=61440 command_ms=880.894209 gpu_ms=880.250374787 host_copy_ms=0.007708 full_state_readback=0
resting_native_profile step=61472 command_ms=877.113625 gpu_ms=876.415125094 host_copy_ms=0.009084 full_state_readback=0
resting_native_profile step=61504 command_ms=881.005125 gpu_ms=880.279040895 host_copy_ms=0.010375 full_state_readback=0
resting_native_profile step=61536 command_ms=882.474708 gpu_ms=881.845458411 host_copy_ms=0.012292 full_state_readback=0
resting_native_profile step=61568 command_ms=878.947959 gpu_ms=878.27545777 host_copy_ms=0.008833 full_state_readback=0
resting_native_profile step=61600 command_ms=883.0795 gpu_ms=882.396250032 host_copy_ms=0.008375 full_state_readback=0
resting_native_profile step=61632 command_ms=885.997916 gpu_ms=885.371750221 host_copy_ms=0.009459 full_state_readback=0
resting_native_profile step=61664 command_ms=884.90725 gpu_ms=884.637333453 host_copy_ms=0.01025 full_state_readback=0
resting_native_profile step=61696 command_ms=879.598125 gpu_ms=878.89625039 host_copy_ms=0.009 full_state_readback=0
resting_native_profile step=61728 command_ms=881.463167 gpu_ms=880.805499852 host_copy_ms=0.007541 full_state_readback=0
resting_native_profile step=61760 command_ms=888.539375 gpu_ms=887.893707491 host_copy_ms=0.009792 full_state_readback=0
resting_native_profile step=61792 command_ms=883.157583 gpu_ms=882.497916929 host_copy_ms=0.008167 full_state_readback=0
resting_native_profile step=61824 command_ms=874.726792 gpu_ms=874.11187496 host_copy_ms=0.007041 full_state_readback=0
resting_native_profile step=61856 command_ms=877.358292 gpu_ms=876.713125035 host_copy_ms=0.007875 full_state_readback=0
resting_native_profile step=61888 command_ms=877.30125 gpu_ms=876.666375436 host_copy_ms=0.013792 full_state_readback=0
resting_native_profile step=61920 command_ms=872.570667 gpu_ms=871.996750124 host_copy_ms=0.007583 full_state_readback=0
resting_native_profile step=61952 command_ms=882.448291 gpu_ms=882.186957635 host_copy_ms=0.007042 full_state_readback=0
resting_native_profile step=61984 command_ms=874.506292 gpu_ms=873.911749572 host_copy_ms=0.008958 full_state_readback=0
resting_native_profile step=62016 command_ms=880.41225 gpu_ms=879.79383301 host_copy_ms=0.008083 full_state_readback=0
resting_native_profile step=62048 command_ms=877.210917 gpu_ms=876.582958736 host_copy_ms=0.0085 full_state_readback=0
resting_native_profile step=62080 command_ms=886.336333 gpu_ms=885.629958473 host_copy_ms=0.00725 full_state_readback=0
resting_native_profile step=62112 command_ms=879.307917 gpu_ms=878.68458312 host_copy_ms=0.008833 full_state_readback=0
resting_native_profile step=62144 command_ms=890.367583 gpu_ms=889.687874354 host_copy_ms=0.008458 full_state_readback=0
resting_native_profile step=62176 command_ms=873.766792 gpu_ms=873.177249916 host_copy_ms=0.00825 full_state_readback=0
resting_native_profile step=62208 command_ms=880.592375 gpu_ms=880.003333092 host_copy_ms=0.007541 full_state_readback=0
resting_native_profile step=62240 command_ms=882.77 gpu_ms=882.478499785 host_copy_ms=0.01475 full_state_readback=0
resting_native_profile step=62272 command_ms=887.625166 gpu_ms=887.013874948 host_copy_ms=0.009167 full_state_readback=0
resting_native_profile step=62304 command_ms=875.792625 gpu_ms=875.181250274 host_copy_ms=0.007833 full_state_readback=0
resting_native_profile step=62336 command_ms=883.754792 gpu_ms=883.066625334 host_copy_ms=0.009208 full_state_readback=0
resting_native_profile step=62368 command_ms=874.266875 gpu_ms=873.669500463 host_copy_ms=0.009375 full_state_readback=0
resting_native_profile step=62400 command_ms=880.322625 gpu_ms=879.709000699 host_copy_ms=0.007625 full_state_readback=0
resting_native_profile step=62432 command_ms=883.19575 gpu_ms=882.939416915 host_copy_ms=0.008666 full_state_readback=0
resting_native_profile step=62464 command_ms=882.598875 gpu_ms=882.020208053 host_copy_ms=0.009542 full_state_readback=0
resting_native_profile step=62496 command_ms=888.0445 gpu_ms=887.359874323 host_copy_ms=0.008209 full_state_readback=0
resting_native_profile step=62528 command_ms=875.269333 gpu_ms=874.69341699 host_copy_ms=0.008292 full_state_readback=0
resting_native_profile step=62560 command_ms=884.820708 gpu_ms=884.229166433 host_copy_ms=0.0075 full_state_readback=0
resting_native_profile step=62592 command_ms=885.66825 gpu_ms=885.016875342 host_copy_ms=0.014875 full_state_readback=0
resting_native_profile step=62624 command_ms=876.610584 gpu_ms=875.997999683 host_copy_ms=0.008208 full_state_readback=0
resting_native_profile step=62656 command_ms=890.169625 gpu_ms=889.576791786 host_copy_ms=0.009125 full_state_readback=0
resting_native_profile step=62688 command_ms=884.488917 gpu_ms=883.770625107 host_copy_ms=0.009292 full_state_readback=0
resting_native_profile step=62720 command_ms=883.162917 gpu_ms=882.882582955 host_copy_ms=0.009458 full_state_readback=0
resting_native_profile step=62752 command_ms=882.082542 gpu_ms=881.482374854 host_copy_ms=0.00775 full_state_readback=0
resting_native_profile step=62784 command_ms=880.121583 gpu_ms=879.447917454 host_copy_ms=0.007125 full_state_readback=0
resting_native_profile step=62816 command_ms=881.944042 gpu_ms=881.305292249 host_copy_ms=0.009042 full_state_readback=0
resting_native_profile step=62848 command_ms=876.5685 gpu_ms=875.988375396 host_copy_ms=0.007417 full_state_readback=0
resting_native_profile step=62880 command_ms=880.178625 gpu_ms=879.573957995 host_copy_ms=0.006292 full_state_readback=0
resting_native_profile step=62912 command_ms=890.6115 gpu_ms=890.005833469 host_copy_ms=0.006667 full_state_readback=0
resting_native_profile step=62944 command_ms=879.778167 gpu_ms=879.228374921 host_copy_ms=0.011667 full_state_readback=0
resting_native_profile step=62976 command_ms=892.337208 gpu_ms=891.800750047 host_copy_ms=0.008375 full_state_readback=0
resting_native_profile step=63008 command_ms=885.68775 gpu_ms=885.154749267 host_copy_ms=0.00725 full_state_readback=0
resting_native_profile step=63040 command_ms=889.113041 gpu_ms=888.491041958 host_copy_ms=0.007417 full_state_readback=0
resting_native_profile step=63072 command_ms=881.706417 gpu_ms=881.146167405 host_copy_ms=0.0075 full_state_readback=0
resting_native_profile step=63104 command_ms=873.615916 gpu_ms=873.0533747 host_copy_ms=0.0075 full_state_readback=0
resting_native_profile step=63136 command_ms=880.5695 gpu_ms=879.939416423 host_copy_ms=0.006416 full_state_readback=0
resting_native_profile step=63168 command_ms=883.767209 gpu_ms=883.229833096 host_copy_ms=0.008416 full_state_readback=0
resting_native_profile step=63200 command_ms=888.606542 gpu_ms=887.992249802 host_copy_ms=0.008208 full_state_readback=0
resting_native_profile step=63232 command_ms=878.232208 gpu_ms=877.673249692 host_copy_ms=0.007708 full_state_readback=0
resting_native_profile step=63264 command_ms=874.170708 gpu_ms=873.647125438 host_copy_ms=0.006875 full_state_readback=0
resting_native_profile step=63296 command_ms=889.888208 gpu_ms=889.267125167 host_copy_ms=0.012917 full_state_readback=0
resting_native_profile step=63328 command_ms=885.555 gpu_ms=884.981124662 host_copy_ms=0.00775 full_state_readback=0
resting_native_profile step=63360 command_ms=883.758 gpu_ms=883.193791844 host_copy_ms=0.006667 full_state_readback=0
resting_native_profile step=63392 command_ms=882.827625 gpu_ms=882.314874791 host_copy_ms=0.0075 full_state_readback=0
resting_native_profile step=63424 command_ms=888.369208 gpu_ms=887.801791541 host_copy_ms=0.00875 full_state_readback=0
resting_native_profile step=63456 command_ms=885.786458 gpu_ms=885.211374611 host_copy_ms=0.00675 full_state_readback=0
resting_native_profile step=63488 command_ms=887.504292 gpu_ms=886.966374703 host_copy_ms=0.007541 full_state_readback=0
resting_native_profile step=63520 command_ms=883.28725 gpu_ms=882.671500556 host_copy_ms=0.008292 full_state_readback=0
resting_native_profile step=63552 command_ms=883.886208 gpu_ms=883.642625064 host_copy_ms=0.019208 full_state_readback=0
resting_native_profile step=63584 command_ms=892.045208 gpu_ms=891.492917202 host_copy_ms=0.037667 full_state_readback=0
resting_native_profile step=63616 command_ms=885.860166 gpu_ms=885.23204159 host_copy_ms=0.007792 full_state_readback=0
resting_native_profile step=63648 command_ms=888.041625 gpu_ms=887.444458902 host_copy_ms=0.010709 full_state_readback=0
resting_native_profile step=63680 command_ms=887.7865 gpu_ms=887.172624469 host_copy_ms=0.007417 full_state_readback=0
resting_native_profile step=63712 command_ms=882.467208 gpu_ms=881.843708456 host_copy_ms=0.007208 full_state_readback=0
resting_native_profile step=63744 command_ms=880.869375 gpu_ms=880.256250501 host_copy_ms=0.009834 full_state_readback=0
resting_native_profile step=63776 command_ms=878.188833 gpu_ms=877.641499974 host_copy_ms=0.006042 full_state_readback=0
resting_native_profile step=63808 command_ms=882.055958 gpu_ms=881.528249942 host_copy_ms=0.008167 full_state_readback=0
resting_native_profile step=63840 command_ms=884.363541 gpu_ms=883.822083473 host_copy_ms=0.007042 full_state_readback=0
resting_native_profile step=63872 command_ms=876.606083 gpu_ms=876.027124934 host_copy_ms=0.007625 full_state_readback=0
resting_native_profile step=63904 command_ms=884.220583 gpu_ms=883.669499308 host_copy_ms=0.007 full_state_readback=0
resting_native_profile step=63936 command_ms=885.802459 gpu_ms=885.179874487 host_copy_ms=0.008541 full_state_readback=0
resting_native_profile step=63968 command_ms=894.127042 gpu_ms=893.935374916 host_copy_ms=0.007292 full_state_readback=0
resting_native_profile step=64000 command_ms=886.022792 gpu_ms=885.785874911 host_copy_ms=0.008208 full_state_readback=0
resting_native_profile step=64032 command_ms=881.707333 gpu_ms=881.139749661 host_copy_ms=0.005459 full_state_readback=0
resting_native_profile step=64064 command_ms=891.30375 gpu_ms=890.687249601 host_copy_ms=0.008584 full_state_readback=0
resting_native_profile step=64096 command_ms=882.082333 gpu_ms=881.445624866 host_copy_ms=0.005667 full_state_readback=0
resting_native_profile step=64128 command_ms=894.250959 gpu_ms=893.695833161 host_copy_ms=0.0075 full_state_readback=0
resting_native_profile step=64160 command_ms=874.714041 gpu_ms=874.095499516 host_copy_ms=0.008125 full_state_readback=0
resting_native_profile step=64192 command_ms=886.442708 gpu_ms=885.836750269 host_copy_ms=0.006417 full_state_readback=0
resting_native_profile step=64224 command_ms=885.319417 gpu_ms=884.760875255 host_copy_ms=0.005625 full_state_readback=0
resting_native_profile step=64256 command_ms=875.1005 gpu_ms=874.487750232 host_copy_ms=0.006875 full_state_readback=0
resting_native_profile step=64288 command_ms=879.098625 gpu_ms=878.493375145 host_copy_ms=0.007333 full_state_readback=0
resting_native_profile step=64320 command_ms=882.014 gpu_ms=881.354999729 host_copy_ms=0.008542 full_state_readback=0
resting_native_profile step=64352 command_ms=884.272334 gpu_ms=883.687125519 host_copy_ms=0.008208 full_state_readback=0
resting_native_profile step=64384 command_ms=881.763375 gpu_ms=881.197374314 host_copy_ms=0.009042 full_state_readback=0
resting_native_profile step=64416 command_ms=876.645333 gpu_ms=876.086290926 host_copy_ms=0.007334 full_state_readback=0
resting_native_profile step=64448 command_ms=879.891125 gpu_ms=879.323958419 host_copy_ms=0.007333 full_state_readback=0
resting_native_profile step=64480 command_ms=882.554709 gpu_ms=882.386541925 host_copy_ms=0.00825 full_state_readback=0
resting_native_profile step=64512 command_ms=888.988583 gpu_ms=888.473792002 host_copy_ms=0.006333 full_state_readback=0
resting_native_profile step=64544 command_ms=891.77375 gpu_ms=891.147958115 host_copy_ms=0.007625 full_state_readback=0
resting_native_profile step=64576 command_ms=884.949042 gpu_ms=884.388541803 host_copy_ms=0.006375 full_state_readback=0
resting_native_profile step=64608 command_ms=886.886875 gpu_ms=886.317875236 host_copy_ms=0.008708 full_state_readback=0
resting_native_profile step=64640 command_ms=885.496208 gpu_ms=884.957375005 host_copy_ms=0.006292 full_state_readback=0
resting_native_profile step=64672 command_ms=882.166291 gpu_ms=881.558375433 host_copy_ms=0.007334 full_state_readback=0
resting_native_profile step=64704 command_ms=886.710541 gpu_ms=886.18949987 host_copy_ms=0.0095 full_state_readback=0
resting_native_profile step=64736 command_ms=892.495417 gpu_ms=891.942124814 host_copy_ms=0.007083 full_state_readback=0
resting_native_profile step=64768 command_ms=886.053292 gpu_ms=885.876250453 host_copy_ms=0.008125 full_state_readback=0
resting_native_profile step=64800 command_ms=885.047959 gpu_ms=884.48512461 host_copy_ms=0.008416 full_state_readback=0
resting_native_profile step=64832 command_ms=886.267583 gpu_ms=885.630167089 host_copy_ms=0.007875 full_state_readback=0
resting_native_profile step=64864 command_ms=880.120541 gpu_ms=879.601624794 host_copy_ms=0.007334 full_state_readback=0
resting_native_profile step=64896 command_ms=879.348416 gpu_ms=878.82029172 host_copy_ms=0.00725 full_state_readback=0
resting_native_profile step=64928 command_ms=889.182291 gpu_ms=888.613749295 host_copy_ms=0.007417 full_state_readback=0
resting_native_profile step=64960 command_ms=884.502583 gpu_ms=884.304249659 host_copy_ms=0.007 full_state_readback=0
resting_native_profile step=64992 command_ms=889.155 gpu_ms=888.596375473 host_copy_ms=0.0085 full_state_readback=0
resting_native_profile step=65024 command_ms=883.414875 gpu_ms=882.844000123 host_copy_ms=0.00575 full_state_readback=0
resting_native_profile step=65056 command_ms=889.644709 gpu_ms=889.127583243 host_copy_ms=0.010291 full_state_readback=0
resting_native_profile step=65088 command_ms=888.911958 gpu_ms=888.286541216 host_copy_ms=0.00625 full_state_readback=0
resting_native_profile step=65120 command_ms=882.442792 gpu_ms=881.872333586 host_copy_ms=0.007083 full_state_readback=0
resting_native_profile step=65152 command_ms=886.862291 gpu_ms=886.209375225 host_copy_ms=0.008959 full_state_readback=0
resting_native_profile step=65184 command_ms=881.401292 gpu_ms=880.781750195 host_copy_ms=0.007708 full_state_readback=0
resting_native_profile step=65216 command_ms=884.393583 gpu_ms=883.798249997 host_copy_ms=0.008834 full_state_readback=0
resting_native_profile step=65248 command_ms=882.70075 gpu_ms=882.108750753 host_copy_ms=0.007959 full_state_readback=0
resting_native_profile step=65280 command_ms=883.699417 gpu_ms=883.133499883 host_copy_ms=0.008167 full_state_readback=0
resting_native_profile step=65312 command_ms=889.718791 gpu_ms=889.199124649 host_copy_ms=0.005917 full_state_readback=0
resting_native_profile step=65344 command_ms=873.192334 gpu_ms=872.580083087 host_copy_ms=0.005333 full_state_readback=0
resting_native_profile step=65376 command_ms=881.435625 gpu_ms=880.901291966 host_copy_ms=0.007125 full_state_readback=0
resting_native_profile step=65408 command_ms=886.068375 gpu_ms=885.518624447 host_copy_ms=0.008083 full_state_readback=0
resting_native_profile step=65440 command_ms=891.071541 gpu_ms=890.446916223 host_copy_ms=0.008625 full_state_readback=0
resting_native_profile step=65472 command_ms=888.331208 gpu_ms=887.760290876 host_copy_ms=0.00775 full_state_readback=0
resting_native_profile step=65504 command_ms=888.144792 gpu_ms=887.592499144 host_copy_ms=0.006 full_state_readback=0
resting_native_profile step=65536 command_ms=890.656416 gpu_ms=890.102582984 host_copy_ms=0.0055 full_state_readback=0
resting_native_profile step=65568 command_ms=886.956166 gpu_ms=886.783749796 host_copy_ms=0.0065 full_state_readback=0
resting_native_profile step=65600 command_ms=888.274375 gpu_ms=887.603500858 host_copy_ms=0.005167 full_state_readback=0
resting_native_profile step=65632 command_ms=890.671625 gpu_ms=890.480249189 host_copy_ms=0.007959 full_state_readback=0
resting_native_profile step=65664 command_ms=889.797083 gpu_ms=889.177083969 host_copy_ms=0.008625 full_state_readback=0
resting_native_profile step=65696 command_ms=891.048375 gpu_ms=890.459750779 host_copy_ms=0.006125 full_state_readback=0
resting_native_profile step=65728 command_ms=886.094625 gpu_ms=885.530166328 host_copy_ms=0.00675 full_state_readback=0
resting_native_profile step=65760 command_ms=886.907333 gpu_ms=886.355500668 host_copy_ms=0.009833 full_state_readback=0
resting_native_profile step=65792 command_ms=884.303875 gpu_ms=883.670291863 host_copy_ms=0.007709 full_state_readback=0
resting_native_profile step=65824 command_ms=889.087167 gpu_ms=888.881125487 host_copy_ms=0.007541 full_state_readback=0
resting_native_profile step=65856 command_ms=883.408 gpu_ms=882.786166854 host_copy_ms=0.008875 full_state_readback=0
resting_native_profile step=65888 command_ms=887.287375 gpu_ms=886.743374169 host_copy_ms=0.008584 full_state_readback=0
resting_native_profile step=65920 command_ms=891.25025 gpu_ms=890.714500099 host_copy_ms=0.006875 full_state_readback=0
resting_native_profile step=65952 command_ms=890.7595 gpu_ms=890.585750341 host_copy_ms=0.007541 full_state_readback=0
resting_native_profile step=65984 command_ms=888.695042 gpu_ms=888.120000251 host_copy_ms=0.006292 full_state_readback=0
resting_native_profile step=66016 command_ms=883.366916 gpu_ms=882.842374966 host_copy_ms=0.00675 full_state_readback=0
resting_native_profile step=66048 command_ms=890.752458 gpu_ms=890.18975012 host_copy_ms=0.007084 full_state_readback=0
resting_native_profile step=66080 command_ms=879.709167 gpu_ms=879.479583353 host_copy_ms=0.008 full_state_readback=0
resting_native_profile step=66112 command_ms=885.606416 gpu_ms=885.119999759 host_copy_ms=0.008667 full_state_readback=0
resting_native_profile step=66144 command_ms=894.078584 gpu_ms=893.503624946 host_copy_ms=0.006625 full_state_readback=0
resting_native_profile step=66176 command_ms=889.265083 gpu_ms=888.739208691 host_copy_ms=0.007167 full_state_readback=0
resting_native_profile step=66208 command_ms=886.643292 gpu_ms=886.084374972 host_copy_ms=0.005375 full_state_readback=0
resting_native_profile step=66240 command_ms=886.114375 gpu_ms=885.507499799 host_copy_ms=0.006542 full_state_readback=0
resting_native_profile step=66272 command_ms=892.866709 gpu_ms=892.236750573 host_copy_ms=0.008958 full_state_readback=0
resting_native_profile step=66304 command_ms=885.68625 gpu_ms=885.147708468 host_copy_ms=0.007125 full_state_readback=0
resting_native_profile step=66336 command_ms=878.146208 gpu_ms=877.515000291 host_copy_ms=0.007875 full_state_readback=0
resting_native_profile step=66368 command_ms=890.958125 gpu_ms=890.339000151 host_copy_ms=0.005375 full_state_readback=0
resting_native_profile step=66400 command_ms=892.448625 gpu_ms=891.92824997 host_copy_ms=0.005792 full_state_readback=0
resting_native_profile step=66432 command_ms=887.914708 gpu_ms=887.747999281 host_copy_ms=0.007209 full_state_readback=0
resting_native_profile step=66464 command_ms=888.151875 gpu_ms=887.557958253 host_copy_ms=0.008042 full_state_readback=0
resting_native_profile step=66496 command_ms=885.999416 gpu_ms=885.807374492 host_copy_ms=0.008875 full_state_readback=0
resting_native_profile step=66528 command_ms=885.98825 gpu_ms=885.420084 host_copy_ms=0.006542 full_state_readback=0
resting_native_profile step=66560 command_ms=884.901292 gpu_ms=884.364499711 host_copy_ms=0.005708 full_state_readback=0
resting_native_profile step=66592 command_ms=886.618375 gpu_ms=886.096666567 host_copy_ms=0.007292 full_state_readback=0
resting_native_profile step=66624 command_ms=888.894833 gpu_ms=888.295124285 host_copy_ms=0.006875 full_state_readback=0
resting_native_profile step=66656 command_ms=890.589084 gpu_ms=890.419333242 host_copy_ms=0.006791 full_state_readback=0
resting_native_profile step=66688 command_ms=891.082959 gpu_ms=890.496208332 host_copy_ms=0.005916 full_state_readback=0
resting_native_profile step=66720 command_ms=894.043958 gpu_ms=893.464791588 host_copy_ms=0.008125 full_state_readback=0
resting_native_profile step=66752 command_ms=903.186292 gpu_ms=902.653249912 host_copy_ms=0.008708 full_state_readback=0
resting_native_profile step=66784 command_ms=892.187 gpu_ms=891.576583497 host_copy_ms=0.007333 full_state_readback=0
resting_native_profile step=66816 command_ms=894.245709 gpu_ms=893.684792332 host_copy_ms=0.009 full_state_readback=0
resting_native_profile step=66848 command_ms=915.196584 gpu_ms=914.611999877 host_copy_ms=0.006833 full_state_readback=0
resting_native_profile step=66880 command_ms=918.51475 gpu_ms=917.967250571 host_copy_ms=0.007125 full_state_readback=0
resting_native_profile step=66912 command_ms=919.147167 gpu_ms=918.479375541 host_copy_ms=0.008542 full_state_readback=0
resting_native_profile step=66944 command_ms=908.9855 gpu_ms=908.444000408 host_copy_ms=0.007625 full_state_readback=0
resting_native_profile step=66976 command_ms=917.72575 gpu_ms=917.176291347 host_copy_ms=0.007167 full_state_readback=0
resting_native_profile step=67008 command_ms=919.00125 gpu_ms=918.485499918 host_copy_ms=0.006542 full_state_readback=0
resting_native_profile step=67040 command_ms=920.374 gpu_ms=919.795875438 host_copy_ms=0.007125 full_state_readback=0
resting_native_profile step=67072 command_ms=917.54475 gpu_ms=917.000125162 host_copy_ms=0.006833 full_state_readback=0
resting_native_profile step=67104 command_ms=927.255833 gpu_ms=927.076625638 host_copy_ms=0.007625 full_state_readback=0
resting_native_profile step=67136 command_ms=917.53675 gpu_ms=916.899500415 host_copy_ms=0.0085 full_state_readback=0
resting_native_profile step=67168 command_ms=919.053958 gpu_ms=918.477874249 host_copy_ms=0.010375 full_state_readback=0
resting_native_profile step=67200 command_ms=916.7135 gpu_ms=916.111875325 host_copy_ms=0.006833 full_state_readback=0
resting_native_profile step=67232 command_ms=920.743583 gpu_ms=920.318291523 host_copy_ms=0.0065 full_state_readback=0
resting_native_profile step=67264 command_ms=918.458166 gpu_ms=917.896333151 host_copy_ms=0.007125 full_state_readback=0
resting_native_profile step=67296 command_ms=922.629458 gpu_ms=922.035500407 host_copy_ms=0.00525 full_state_readback=0
resting_native_profile step=67328 command_ms=919.328667 gpu_ms=918.737666681 host_copy_ms=0.009125 full_state_readback=0
resting_native_profile step=67360 command_ms=924.075958 gpu_ms=923.49887453 host_copy_ms=0.007417 full_state_readback=0
resting_native_profile step=67392 command_ms=922.790584 gpu_ms=922.247874551 host_copy_ms=0.006541 full_state_readback=0
resting_native_profile step=67424 command_ms=925.724709 gpu_ms=925.478666089 host_copy_ms=0.007291 full_state_readback=0
resting_native_profile step=67456 command_ms=923.440291 gpu_ms=922.855208628 host_copy_ms=0.007667 full_state_readback=0
resting_native_profile step=67488 command_ms=929.43275 gpu_ms=928.905624896 host_copy_ms=0.005667 full_state_readback=0
resting_native_profile step=67520 command_ms=913.903208 gpu_ms=913.33675012 host_copy_ms=0.011375 full_state_readback=0
resting_native_profile step=67552 command_ms=910.23775 gpu_ms=909.663041122 host_copy_ms=0.007125 full_state_readback=0
resting_native_profile step=67584 command_ms=919.844084 gpu_ms=919.266708195 host_copy_ms=0.006041 full_state_readback=0
resting_native_profile step=67616 command_ms=922.250542 gpu_ms=921.691874973 host_copy_ms=0.006833 full_state_readback=0
resting_native_profile step=67648 command_ms=919.66925 gpu_ms=919.113541953 host_copy_ms=0.006875 full_state_readback=0
resting_native_profile step=67680 command_ms=917.389291 gpu_ms=916.761375032 host_copy_ms=0.007334 full_state_readback=0
resting_native_profile step=67712 command_ms=920.273959 gpu_ms=920.088167302 host_copy_ms=0.008583 full_state_readback=0
resting_native_profile step=67744 command_ms=921.418625 gpu_ms=920.884500258 host_copy_ms=0.007042 full_state_readback=0
resting_native_profile step=67776 command_ms=921.164792 gpu_ms=920.596499927 host_copy_ms=0.007875 full_state_readback=0
resting_native_profile step=67808 command_ms=922.770958 gpu_ms=922.201083042 host_copy_ms=0.0065 full_state_readback=0
resting_native_profile step=67840 command_ms=920.772958 gpu_ms=920.493749902 host_copy_ms=0.007292 full_state_readback=0
resting_native_profile step=67872 command_ms=917.976292 gpu_ms=917.372500524 host_copy_ms=0.0085 full_state_readback=0
resting_native_profile step=67904 command_ms=911.158375 gpu_ms=910.550625063 host_copy_ms=0.00725 full_state_readback=0
resting_native_profile step=67936 command_ms=918.462375 gpu_ms=917.841999792 host_copy_ms=0.008625 full_state_readback=0
resting_native_profile step=67968 command_ms=921.777792 gpu_ms=921.213874593 host_copy_ms=0.008375 full_state_readback=0
resting_native_profile step=68000 command_ms=917.763708 gpu_ms=917.228042148 host_copy_ms=0.006208 full_state_readback=0
resting_native_profile step=68032 command_ms=918.841291 gpu_ms=918.220583349 host_copy_ms=0.008167 full_state_readback=0
resting_native_profile step=68064 command_ms=926.600208 gpu_ms=925.906625576 host_copy_ms=0.006959 full_state_readback=0
resting_native_profile step=68096 command_ms=922.230625 gpu_ms=921.631624922 host_copy_ms=0.007417 full_state_readback=0
resting_native_profile step=68128 command_ms=920.009417 gpu_ms=919.393749908 host_copy_ms=0.008458 full_state_readback=0
resting_native_profile step=68160 command_ms=920.009083 gpu_ms=919.40425057 host_copy_ms=0.007583 full_state_readback=0
resting_native_profile step=68192 command_ms=921.670083 gpu_ms=921.138374135 host_copy_ms=0.008208 full_state_readback=0
resting_native_profile step=68224 command_ms=929.515417 gpu_ms=928.902667016 host_copy_ms=0.008333 full_state_readback=0
resting_native_profile step=68256 command_ms=921.082 gpu_ms=920.45866698 host_copy_ms=0.007333 full_state_readback=0
resting_native_profile step=68288 command_ms=917.1695 gpu_ms=916.66350048 host_copy_ms=0.005458 full_state_readback=0
resting_native_profile step=68320 command_ms=928.722458 gpu_ms=928.190291859 host_copy_ms=0.005584 full_state_readback=0
resting_native_profile step=68352 command_ms=920.948167 gpu_ms=920.387166552 host_copy_ms=0.008708 full_state_readback=0
resting_native_profile step=68384 command_ms=927.279791 gpu_ms=926.66987516 host_copy_ms=0.008417 full_state_readback=0
resting_native_profile step=68416 command_ms=922.85825 gpu_ms=922.255833633 host_copy_ms=0.006666 full_state_readback=0
resting_native_profile step=68448 command_ms=927.080625 gpu_ms=926.546875387 host_copy_ms=0.00775 full_state_readback=0
resting_native_profile step=68480 command_ms=921.303708 gpu_ms=921.127333306 host_copy_ms=0.005667 full_state_readback=0
resting_native_profile step=68512 command_ms=925.263834 gpu_ms=924.702958204 host_copy_ms=0.007083 full_state_readback=0
resting_native_profile step=68544 command_ms=925.012417 gpu_ms=924.480291083 host_copy_ms=0.009458 full_state_readback=0
resting_native_profile step=68576 command_ms=927.33525 gpu_ms=926.751250401 host_copy_ms=0.011875 full_state_readback=0
resting_native_profile step=68608 command_ms=916.90225 gpu_ms=916.317375377 host_copy_ms=0.005458 full_state_readback=0
resting_native_profile step=68640 command_ms=918.584583 gpu_ms=918.398874812 host_copy_ms=0.007709 full_state_readback=0
resting_native_profile step=68672 command_ms=918.711584 gpu_ms=918.16124972 host_copy_ms=0.005708 full_state_readback=0
resting_native_profile step=68704 command_ms=918.432459 gpu_ms=917.813500389 host_copy_ms=0.008166 full_state_readback=0
resting_native_profile step=68736 command_ms=921.861583 gpu_ms=921.301749535 host_copy_ms=0.00575 full_state_readback=0
resting_native_profile step=68768 command_ms=917.107083 gpu_ms=916.542416438 host_copy_ms=0.008417 full_state_readback=0
resting_native_profile step=68800 command_ms=923.106167 gpu_ms=922.474749386 host_copy_ms=0.006875 full_state_readback=0
resting_native_profile step=68832 command_ms=917.373792 gpu_ms=916.863249615 host_copy_ms=0.006125 full_state_readback=0
resting_native_profile step=68864 command_ms=915.6005 gpu_ms=914.987125434 host_copy_ms=0.005666 full_state_readback=0
resting_native_profile step=68896 command_ms=921.350166 gpu_ms=920.714541338 host_copy_ms=0.007459 full_state_readback=0
resting_native_profile step=68928 command_ms=921.550833 gpu_ms=921.016458422 host_copy_ms=0.009375 full_state_readback=0
resting_native_profile step=68960 command_ms=915.267625 gpu_ms=914.618125185 host_copy_ms=0.008917 full_state_readback=0
resting_native_profile step=68992 command_ms=924.053292 gpu_ms=923.429458402 host_copy_ms=0.00775 full_state_readback=0
resting_native_profile step=69024 command_ms=916.7095 gpu_ms=916.163207963 host_copy_ms=0.006792 full_state_readback=0
resting_native_profile step=69056 command_ms=911.673459 gpu_ms=911.075958982 host_copy_ms=0.007458 full_state_readback=0
resting_native_profile step=69088 command_ms=914.9545 gpu_ms=914.383708499 host_copy_ms=0.006459 full_state_readback=0
resting_native_profile step=69120 command_ms=923.164209 gpu_ms=922.536625527 host_copy_ms=0.006625 full_state_readback=0
resting_native_profile step=69152 command_ms=923.299459 gpu_ms=922.733834013 host_copy_ms=0.00675 full_state_readback=0
resting_native_profile step=69184 command_ms=924.740625 gpu_ms=924.203624949 host_copy_ms=0.008334 full_state_readback=0
resting_native_profile step=69216 command_ms=921.929041 gpu_ms=921.340749599 host_copy_ms=0.007167 full_state_readback=0
resting_native_profile step=69248 command_ms=926.433417 gpu_ms=925.777583383 host_copy_ms=0.0075 full_state_readback=0
resting_native_profile step=69280 command_ms=927.82275 gpu_ms=927.206500433 host_copy_ms=0.009417 full_state_readback=0
resting_native_profile step=69312 command_ms=924.67275 gpu_ms=924.112624489 host_copy_ms=0.0075 full_state_readback=0
resting_native_profile step=69344 command_ms=923.397083 gpu_ms=922.770874575 host_copy_ms=0.007792 full_state_readback=0
resting_native_profile step=69376 command_ms=916.692875 gpu_ms=916.054250672 host_copy_ms=0.008541 full_state_readback=0
resting_native_profile step=69408 command_ms=921.791375 gpu_ms=921.245625243 host_copy_ms=0.008458 full_state_readback=0
resting_native_profile step=69440 command_ms=917.421083 gpu_ms=916.870333254 host_copy_ms=0.005459 full_state_readback=0
resting_native_profile step=69472 command_ms=916.416375 gpu_ms=915.900667198 host_copy_ms=0.006667 full_state_readback=0
resting_native_profile step=69504 command_ms=924.040333 gpu_ms=923.51350002 host_copy_ms=0.005667 full_state_readback=0
resting_native_profile step=69536 command_ms=918.729916 gpu_ms=918.166000396 host_copy_ms=0.005459 full_state_readback=0
resting_native_profile step=69568 command_ms=922.156625 gpu_ms=921.635875478 host_copy_ms=0.007583 full_state_readback=0
resting_native_profile step=69600 command_ms=932.6725 gpu_ms=932.066624984 host_copy_ms=0.008375 full_state_readback=0
resting_native_profile step=69632 command_ms=929.483375 gpu_ms=928.899750113 host_copy_ms=0.011125 full_state_readback=0
resting_native_profile step=69664 command_ms=919.705167 gpu_ms=919.139374979 host_copy_ms=0.00575 full_state_readback=0
resting_native_profile step=69696 command_ms=925.268083 gpu_ms=924.738000147 host_copy_ms=0.006167 full_state_readback=0
resting_native_profile step=69728 command_ms=917.815958 gpu_ms=917.539292015 host_copy_ms=0.006917 full_state_readback=0
resting_native_profile step=69760 command_ms=924.836292 gpu_ms=924.311541952 host_copy_ms=0.006 full_state_readback=0
resting_native_profile step=69792 command_ms=934.725666 gpu_ms=934.176875278 host_copy_ms=0.009 full_state_readback=0
resting_native_profile step=69824 command_ms=916.088917 gpu_ms=915.554624982 host_copy_ms=0.0095 full_state_readback=0
resting_native_profile step=69856 command_ms=915.264625 gpu_ms=914.736833423 host_copy_ms=0.006334 full_state_readback=0
resting_native_profile step=69888 command_ms=920.666958 gpu_ms=920.055500232 host_copy_ms=0.007667 full_state_readback=0
resting_native_profile step=69920 command_ms=917.11975 gpu_ms=916.764374822 host_copy_ms=0.00625 full_state_readback=0
resting_native_profile step=69952 command_ms=920.74425 gpu_ms=920.215500519 host_copy_ms=0.007291 full_state_readback=0
resting_native_profile step=69984 command_ms=922.548667 gpu_ms=921.936625615 host_copy_ms=0.008833 full_state_readback=0
resting_native_profile step=70016 command_ms=921.620084 gpu_ms=921.101708896 host_copy_ms=0.009083 full_state_readback=0
resting_native_profile step=70048 command_ms=920.179875 gpu_ms=919.557208195 host_copy_ms=0.008958 full_state_readback=0
resting_native_profile step=70080 command_ms=925.884 gpu_ms=925.358583219 host_copy_ms=0.007 full_state_readback=0
resting_native_profile step=70112 command_ms=926.201708 gpu_ms=925.846999511 host_copy_ms=0.006375 full_state_readback=0
resting_native_profile step=70144 command_ms=921.059958 gpu_ms=920.439958572 host_copy_ms=0.007834 full_state_readback=0
resting_native_profile step=70176 command_ms=921.314375 gpu_ms=920.79891637 host_copy_ms=0.007542 full_state_readback=0
resting_native_profile step=70208 command_ms=920.221666 gpu_ms=919.590833597 host_copy_ms=0.007542 full_state_readback=0
resting_native_profile step=70240 command_ms=919.951333 gpu_ms=919.403249398 host_copy_ms=0.007084 full_state_readback=0
resting_native_profile step=70272 command_ms=923.21575 gpu_ms=922.610499896 host_copy_ms=0.007666 full_state_readback=0
resting_native_profile step=70304 command_ms=926.821792 gpu_ms=926.299166866 host_copy_ms=0.006083 full_state_readback=0
resting_native_profile step=70336 command_ms=917.898459 gpu_ms=917.316791601 host_copy_ms=0.010125 full_state_readback=0
resting_native_profile step=70368 command_ms=925.004583 gpu_ms=924.475708045 host_copy_ms=0.006125 full_state_readback=0
resting_native_profile step=70400 command_ms=916.107917 gpu_ms=915.559791028 host_copy_ms=0.007125 full_state_readback=0
resting_native_profile step=70432 command_ms=914.056542 gpu_ms=913.880749606 host_copy_ms=0.008708 full_state_readback=0
resting_native_profile step=70464 command_ms=918 gpu_ms=917.376750149 host_copy_ms=0.00725 full_state_readback=0
resting_native_profile step=70496 command_ms=923.587625 gpu_ms=923.017124645 host_copy_ms=0.008583 full_state_readback=0
resting_native_profile step=70528 command_ms=919.263541 gpu_ms=918.656500056 host_copy_ms=0.006709 full_state_readback=0
resting_native_profile step=70560 command_ms=927.085042 gpu_ms=926.52912531 host_copy_ms=0.007625 full_state_readback=0
resting_native_profile step=70592 command_ms=919.050458 gpu_ms=918.439958245 host_copy_ms=0.005542 full_state_readback=0
resting_native_profile step=70624 command_ms=922.396541 gpu_ms=921.689791605 host_copy_ms=0.008584 full_state_readback=0
resting_native_profile step=70656 command_ms=920.916208 gpu_ms=920.283666812 host_copy_ms=0.006125 full_state_readback=0
resting_native_profile step=70688 command_ms=913.710709 gpu_ms=913.111750036 host_copy_ms=0.01 full_state_readback=0
resting_native_profile step=70720 command_ms=921.98425 gpu_ms=921.36987485 host_copy_ms=0.005583 full_state_readback=0
resting_native_profile step=70752 command_ms=918.977541 gpu_ms=918.805249967 host_copy_ms=0.007542 full_state_readback=0
resting_native_profile step=70784 command_ms=919.2515 gpu_ms=918.684207834 host_copy_ms=0.005542 full_state_readback=0
resting_native_profile step=70816 command_ms=921.403833 gpu_ms=920.776166953 host_copy_ms=0.005959 full_state_readback=0
resting_native_profile step=70848 command_ms=925.676792 gpu_ms=925.148749724 host_copy_ms=0.009042 full_state_readback=0
resting_native_profile step=70880 command_ms=925.326792 gpu_ms=924.775749445 host_copy_ms=0.007333 full_state_readback=0
resting_native_profile step=70912 command_ms=915.446416 gpu_ms=914.814500138 host_copy_ms=0.005834 full_state_readback=0
resting_native_profile step=70944 command_ms=926.078417 gpu_ms=925.479499623 host_copy_ms=0.007542 full_state_readback=0
resting_native_profile step=70976 command_ms=929.090083 gpu_ms=928.474082612 host_copy_ms=0.006125 full_state_readback=0
resting_native_profile step=71008 command_ms=921.379583 gpu_ms=920.706749894 host_copy_ms=0.007 full_state_readback=0
resting_native_profile step=71040 command_ms=920.972958 gpu_ms=920.265041292 host_copy_ms=0.011084 full_state_readback=0
resting_native_profile step=71072 command_ms=926.034042 gpu_ms=925.37516728 host_copy_ms=0.006 full_state_readback=0
resting_native_profile step=71104 command_ms=932.741792 gpu_ms=932.216250338 host_copy_ms=0.00625 full_state_readback=0
resting_native_profile step=71136 command_ms=918.902458 gpu_ms=918.357124552 host_copy_ms=0.007417 full_state_readback=0
resting_native_profile step=71168 command_ms=921.729125 gpu_ms=921.113290824 host_copy_ms=0.006083 full_state_readback=0
resting_native_profile step=71200 command_ms=918.292458 gpu_ms=917.761749588 host_copy_ms=0.007875 full_state_readback=0
resting_native_profile step=71232 command_ms=924.317375 gpu_ms=923.706333153 host_copy_ms=0.006208 full_state_readback=0
resting_native_profile step=71264 command_ms=920.518708 gpu_ms=919.99225039 host_copy_ms=0.008625 full_state_readback=0
resting_native_profile step=71296 command_ms=916.018583 gpu_ms=915.405124426 host_copy_ms=0.007083 full_state_readback=0
resting_native_profile step=71328 command_ms=918.354291 gpu_ms=917.79687535 host_copy_ms=0.007709 full_state_readback=0
resting_native_profile step=71360 command_ms=924.449209 gpu_ms=923.913375475 host_copy_ms=0.006416 full_state_readback=0
resting_native_profile step=71392 command_ms=920.800417 gpu_ms=920.169499703 host_copy_ms=0.009458 full_state_readback=0
resting_native_profile step=71424 command_ms=921.830667 gpu_ms=921.266250312 host_copy_ms=0.007166 full_state_readback=0
resting_native_profile step=71456 command_ms=918.368167 gpu_ms=917.767249979 host_copy_ms=0.0065 full_state_readback=0
resting_native_profile step=71488 command_ms=920.835375 gpu_ms=920.286041684 host_copy_ms=0.008958 full_state_readback=0
resting_native_profile step=71520 command_ms=923.520417 gpu_ms=922.909249552 host_copy_ms=0.006 full_state_readback=0
resting_native_profile step=71552 command_ms=924.536917 gpu_ms=923.969708383 host_copy_ms=0.007625 full_state_readback=0
resting_native_profile step=71584 command_ms=916.121292 gpu_ms=915.554875508 host_copy_ms=0.005917 full_state_readback=0
resting_native_profile step=71616 command_ms=911.802083 gpu_ms=911.622041836 host_copy_ms=0.0075 full_state_readback=0
resting_native_profile step=71648 command_ms=925.185958 gpu_ms=924.629708752 host_copy_ms=0.005708 full_state_readback=0
resting_native_profile step=71680 command_ms=911.551333 gpu_ms=910.920375027 host_copy_ms=0.008959 full_state_readback=0
resting_native_profile step=71712 command_ms=924.590667 gpu_ms=923.971749842 host_copy_ms=0.007291 full_state_readback=0
resting_native_profile step=71744 command_ms=915.534334 gpu_ms=914.934250526 host_copy_ms=0.009916 full_state_readback=0
resting_native_profile step=71776 command_ms=913.555208 gpu_ms=912.974750623 host_copy_ms=0.006709 full_state_readback=0
resting_native_profile step=71808 command_ms=921.6745 gpu_ms=921.099125408 host_copy_ms=0.007125 full_state_readback=0
resting_native_profile step=71840 command_ms=920.376958 gpu_ms=919.791666791 host_copy_ms=0.0075 full_state_readback=0
resting_native_profile step=71872 command_ms=920.8605 gpu_ms=920.327249914 host_copy_ms=0.008958 full_state_readback=0
resting_native_profile step=71904 command_ms=920.394708 gpu_ms=919.703125022 host_copy_ms=0.006333 full_state_readback=0
resting_native_profile step=71936 command_ms=926.541417 gpu_ms=925.913833082 host_copy_ms=0.007417 full_state_readback=0
resting_native_profile step=71968 command_ms=930.100833 gpu_ms=929.926375858 host_copy_ms=0.007125 full_state_readback=0
resting_native_profile step=72000 command_ms=914.311958 gpu_ms=914.147375152 host_copy_ms=0.007542 full_state_readback=0
resting_native_profile step=72032 command_ms=913.593542 gpu_ms=913.41158282 host_copy_ms=0.005583 full_state_readback=0
resting_native_profile step=72064 command_ms=922.7085 gpu_ms=922.498875298 host_copy_ms=0.007833 full_state_readback=0
resting_native_profile step=72096 command_ms=923.411584 gpu_ms=922.818083316 host_copy_ms=0.010375 full_state_readback=0
resting_native_profile step=72128 command_ms=917.620375 gpu_ms=917.103082873 host_copy_ms=0.005708 full_state_readback=0
resting_native_profile step=72160 command_ms=918.951125 gpu_ms=918.323875405 host_copy_ms=0.005375 full_state_readback=0
resting_native_profile step=72192 command_ms=930.824041 gpu_ms=930.28612528 host_copy_ms=0.0075 full_state_readback=0
resting_native_profile step=72224 command_ms=920.859667 gpu_ms=920.289625414 host_copy_ms=0.007958 full_state_readback=0
resting_native_profile step=72256 command_ms=915.368708 gpu_ms=914.796667174 host_copy_ms=0.007875 full_state_readback=0
resting_native_profile step=72288 command_ms=913.061125 gpu_ms=912.43858356 host_copy_ms=0.00875 full_state_readback=0
resting_native_profile step=72320 command_ms=924.39425 gpu_ms=923.798624426 host_copy_ms=0.007084 full_state_readback=0
resting_native_profile step=72352 command_ms=925.587584 gpu_ms=925.059207715 host_copy_ms=0.007541 full_state_readback=0
resting_native_profile step=72384 command_ms=925.610208 gpu_ms=925.058666617 host_copy_ms=0.007208 full_state_readback=0
resting_native_profile step=72416 command_ms=916.1515 gpu_ms=915.556374937 host_copy_ms=0.007875 full_state_readback=0
resting_native_profile step=72448 command_ms=926.298917 gpu_ms=925.739625469 host_copy_ms=0.009166 full_state_readback=0
resting_native_profile step=72480 command_ms=923.286 gpu_ms=922.654833645 host_copy_ms=0.006916 full_state_readback=0
resting_native_profile step=72512 command_ms=930.645667 gpu_ms=930.11570815 host_copy_ms=0.007333 full_state_readback=0
resting_native_profile step=72544 command_ms=926.871708 gpu_ms=926.313417032 host_copy_ms=0.008375 full_state_readback=0
resting_native_profile step=72576 command_ms=922.323291 gpu_ms=921.786500141 host_copy_ms=0.006542 full_state_readback=0
resting_native_profile step=72608 command_ms=916.256416 gpu_ms=915.687874891 host_copy_ms=0.007709 full_state_readback=0
resting_native_profile step=72640 command_ms=922.5475 gpu_ms=922.009416856 host_copy_ms=0.007875 full_state_readback=0
resting_native_profile step=72672 command_ms=923.260334 gpu_ms=922.635875642 host_copy_ms=0.008541 full_state_readback=0
resting_native_profile step=72704 command_ms=919.584833 gpu_ms=919.046000578 host_copy_ms=0.009083 full_state_readback=0
resting_native_profile step=72736 command_ms=922.812459 gpu_ms=922.196291387 host_copy_ms=0.005958 full_state_readback=0
resting_native_profile step=72768 command_ms=922.466084 gpu_ms=921.934500337 host_copy_ms=0.007708 full_state_readback=0
resting_native_profile step=72800 command_ms=919.101208 gpu_ms=918.894874863 host_copy_ms=0.008 full_state_readback=0
resting_native_profile step=72832 command_ms=926.454792 gpu_ms=925.904667005 host_copy_ms=0.006375 full_state_readback=0
resting_native_profile step=72864 command_ms=938.047209 gpu_ms=937.519291416 host_copy_ms=0.006458 full_state_readback=0
resting_native_profile step=72896 command_ms=920.570208 gpu_ms=919.95408386 host_copy_ms=0.00875 full_state_readback=0
resting_native_profile step=72928 command_ms=926.244375 gpu_ms=925.709624775 host_copy_ms=0.007458 full_state_readback=0
resting_native_profile step=72960 command_ms=919.911375 gpu_ms=919.346165843 host_copy_ms=0.006709 full_state_readback=0
resting_native_profile step=72992 command_ms=920.736 gpu_ms=920.206999406 host_copy_ms=0.006667 full_state_readback=0
resting_native_profile step=73024 command_ms=928.659959 gpu_ms=928.084458224 host_copy_ms=0.010166 full_state_readback=0
resting_native_profile step=73056 command_ms=921.468209 gpu_ms=920.806624927 host_copy_ms=0.008541 full_state_readback=0
resting_native_profile step=73088 command_ms=922.88 gpu_ms=922.275999561 host_copy_ms=0.008375 full_state_readback=0
resting_native_profile step=73120 command_ms=918.279375 gpu_ms=917.647666298 host_copy_ms=0.00775 full_state_readback=0
resting_native_profile step=73152 command_ms=926.730208 gpu_ms=926.12649966 host_copy_ms=0.009875 full_state_readback=0
resting_native_profile step=73184 command_ms=927.080875 gpu_ms=926.541457884 host_copy_ms=0.008958 full_state_readback=0
resting_native_profile step=73216 command_ms=924.375042 gpu_ms=923.748666421 host_copy_ms=0.007625 full_state_readback=0
resting_native_profile step=73248 command_ms=926.448625 gpu_ms=925.807165913 host_copy_ms=0.008 full_state_readback=0
resting_native_profile step=73280 command_ms=916.616166 gpu_ms=916.047499515 host_copy_ms=0.00875 full_state_readback=0
resting_native_profile step=73312 command_ms=926.622375 gpu_ms=925.990249962 host_copy_ms=0.008334 full_state_readback=0
resting_native_profile step=73344 command_ms=924.174166 gpu_ms=923.604167067 host_copy_ms=0.008959 full_state_readback=0
resting_native_profile step=73376 command_ms=921.640208 gpu_ms=921.009415761 host_copy_ms=0.008042 full_state_readback=0
resting_native_profile step=73408 command_ms=923.263667 gpu_ms=922.743375413 host_copy_ms=0.008333 full_state_readback=0
resting_native_profile step=73440 command_ms=928.814625 gpu_ms=928.267832845 host_copy_ms=0.008083 full_state_readback=0
resting_native_profile step=73472 command_ms=908.017709 gpu_ms=907.481791452 host_copy_ms=0.007083 full_state_readback=0
resting_native_profile step=73504 command_ms=916.896417 gpu_ms=916.225000285 host_copy_ms=0.012333 full_state_readback=0
resting_native_profile step=73536 command_ms=928.035833 gpu_ms=927.473875694 host_copy_ms=0.008292 full_state_readback=0
resting_native_profile step=73568 command_ms=914.720791 gpu_ms=914.10125047 host_copy_ms=0.006917 full_state_readback=0
resting_native_profile step=73600 command_ms=911.231625 gpu_ms=910.688375123 host_copy_ms=0.007292 full_state_readback=0
resting_native_profile step=73632 command_ms=921.50575 gpu_ms=920.960749499 host_copy_ms=0.008959 full_state_readback=0
resting_native_profile step=73664 command_ms=928.1085 gpu_ms=927.556708455 host_copy_ms=0.008 full_state_readback=0
resting_native_profile step=73696 command_ms=921.87125 gpu_ms=921.329375356 host_copy_ms=0.007333 full_state_readback=0
resting_native_profile step=73728 command_ms=922.916541 gpu_ms=922.320375219 host_copy_ms=0.009042 full_state_readback=0
resting_native_profile step=73760 command_ms=920.49275 gpu_ms=919.862333685 host_copy_ms=0.006959 full_state_readback=0
resting_native_profile step=73792 command_ms=919.34 gpu_ms=919.14787516 host_copy_ms=0.007833 full_state_readback=0
resting_native_profile step=73824 command_ms=924.931667 gpu_ms=924.336500466 host_copy_ms=0.007375 full_state_readback=0
resting_native_profile step=73856 command_ms=916.886125 gpu_ms=916.334874928 host_copy_ms=0.012834 full_state_readback=0
resting_native_profile step=73888 command_ms=920.254083 gpu_ms=919.641249813 host_copy_ms=0.007542 full_state_readback=0
resting_native_profile step=73920 command_ms=923.156125 gpu_ms=922.964625061 host_copy_ms=0.007041 full_state_readback=0
resting_native_profile step=73952 command_ms=920.831917 gpu_ms=920.239333063 host_copy_ms=0.007292 full_state_readback=0
resting_native_profile step=73984 command_ms=918.238916 gpu_ms=917.68174991 host_copy_ms=0.008667 full_state_readback=0
resting_native_profile step=74016 command_ms=930.680083 gpu_ms=930.053333752 host_copy_ms=0.007667 full_state_readback=0
resting_native_profile step=74048 command_ms=927.772042 gpu_ms=927.162375301 host_copy_ms=0.007292 full_state_readback=0
resting_native_profile step=74080 command_ms=921.841666 gpu_ms=921.251792461 host_copy_ms=0.00825 full_state_readback=0
resting_native_profile step=74112 command_ms=920.859375 gpu_ms=920.304000378 host_copy_ms=0.0075 full_state_readback=0
resting_native_profile step=74144 command_ms=921.517708 gpu_ms=920.876917429 host_copy_ms=0.00675 full_state_readback=0
resting_native_profile step=74176 command_ms=920.643708 gpu_ms=920.09579204 host_copy_ms=0.017042 full_state_readback=0
resting_native_profile step=74208 command_ms=924.314166 gpu_ms=923.681708053 host_copy_ms=0.029459 full_state_readback=0
resting_native_profile step=74240 command_ms=918.851542 gpu_ms=918.228792027 host_copy_ms=0.01925 full_state_readback=0
resting_native_profile step=74272 command_ms=919.984916 gpu_ms=919.448000379 host_copy_ms=0.008084 full_state_readback=0
resting_native_profile step=74304 command_ms=916.024792 gpu_ms=915.452334099 host_copy_ms=0.008166 full_state_readback=0
resting_native_profile step=74336 command_ms=917.566 gpu_ms=916.950374842 host_copy_ms=0.008583 full_state_readback=0
resting_native_profile step=74368 command_ms=929.727417 gpu_ms=929.115083069 host_copy_ms=0.007 full_state_readback=0
resting_native_profile step=74400 command_ms=913.244791 gpu_ms=912.591916509 host_copy_ms=0.019167 full_state_readback=0
resting_native_profile step=74432 command_ms=915.990833 gpu_ms=915.353291668 host_copy_ms=0.009292 full_state_readback=0
resting_native_profile step=74464 command_ms=925.355 gpu_ms=924.737624824 host_copy_ms=0.016417 full_state_readback=0
resting_native_profile step=74496 command_ms=912.054458 gpu_ms=911.472458392 host_copy_ms=0.018917 full_state_readback=0
resting_native_profile step=74528 command_ms=925.869084 gpu_ms=925.297125243 host_copy_ms=0.045625 full_state_readback=0
resting_native_profile step=74560 command_ms=917.857792 gpu_ms=917.236708105 host_copy_ms=0.01225 full_state_readback=0
resting_native_profile step=74592 command_ms=923.14025 gpu_ms=922.498375177 host_copy_ms=0.009209 full_state_readback=0
resting_native_profile step=74624 command_ms=923.819083 gpu_ms=923.265875317 host_copy_ms=0.008625 full_state_readback=0
resting_native_profile step=74656 command_ms=929.404917 gpu_ms=928.867500275 host_copy_ms=0.007667 full_state_readback=0
resting_native_profile step=74688 command_ms=911.880959 gpu_ms=911.330208182 host_copy_ms=0.008916 full_state_readback=0
resting_native_profile step=74720 command_ms=920.000208 gpu_ms=919.412916526 host_copy_ms=0.0095 full_state_readback=0
resting_native_profile step=74752 command_ms=917.394584 gpu_ms=916.780499741 host_copy_ms=0.026666 full_state_readback=0
resting_native_profile step=74784 command_ms=926.133125 gpu_ms=925.593166612 host_copy_ms=0.030042 full_state_readback=0
resting_native_profile step=74816 command_ms=922.70775 gpu_ms=922.496416606 host_copy_ms=0.027 full_state_readback=0
resting_native_profile step=74848 command_ms=911.596083 gpu_ms=910.976374522 host_copy_ms=0.007708 full_state_readback=0
resting_native_profile step=74880 command_ms=918.267 gpu_ms=917.628416792 host_copy_ms=0.007875 full_state_readback=0
resting_native_profile step=74912 command_ms=913.994334 gpu_ms=913.396124728 host_copy_ms=0.012666 full_state_readback=0
resting_native_profile step=74944 command_ms=919.645583 gpu_ms=919.066417031 host_copy_ms=0.02875 full_state_readback=0
resting_native_profile step=74976 command_ms=930.321541 gpu_ms=929.721958004 host_copy_ms=0.018625 full_state_readback=0
resting_native_profile step=75008 command_ms=921.353458 gpu_ms=920.690500177 host_copy_ms=0.015375 full_state_readback=0
resting_native_profile step=75040 command_ms=915.939667 gpu_ms=915.323916823 host_copy_ms=0.025583 full_state_readback=0
resting_native_profile step=75072 command_ms=921.665084 gpu_ms=921.43775057 host_copy_ms=0.01775 full_state_readback=0
resting_native_profile step=75104 command_ms=911.569875 gpu_ms=910.938000306 host_copy_ms=0.008958 full_state_readback=0
resting_native_profile step=75136 command_ms=912.022 gpu_ms=911.418874748 host_copy_ms=0.008417 full_state_readback=0
resting_native_profile step=75168 command_ms=913.327875 gpu_ms=912.71704156 host_copy_ms=0.008375 full_state_readback=0
resting_native_profile step=75200 command_ms=917.396791 gpu_ms=916.789916344 host_copy_ms=0.008792 full_state_readback=0
resting_native_profile step=75232 command_ms=914.592291 gpu_ms=914.022875018 host_copy_ms=0.008875 full_state_readback=0
resting_native_profile step=75264 command_ms=922.720541 gpu_ms=922.135208733 host_copy_ms=0.044084 full_state_readback=0
resting_native_profile step=75296 command_ms=918.650625 gpu_ms=918.101333082 host_copy_ms=0.008792 full_state_readback=0
resting_native_profile step=75328 command_ms=923.343667 gpu_ms=922.788999975 host_copy_ms=0.009542 full_state_readback=0
resting_native_profile step=75360 command_ms=915.620333 gpu_ms=915.43212533 host_copy_ms=0.00975 full_state_readback=0
resting_native_profile step=75392 command_ms=920.663875 gpu_ms=920.102249831 host_copy_ms=0.009458 full_state_readback=0
resting_native_profile step=75424 command_ms=925.232166 gpu_ms=924.671082757 host_copy_ms=0.007625 full_state_readback=0
resting_native_profile step=75456 command_ms=926.935875 gpu_ms=926.326249726 host_copy_ms=0.009084 full_state_readback=0
resting_native_profile step=75488 command_ms=924.568125 gpu_ms=923.958499916 host_copy_ms=0.008833 full_state_readback=0
resting_native_profile step=75520 command_ms=913.413292 gpu_ms=912.852624431 host_copy_ms=0.012708 full_state_readback=0
resting_native_profile step=75552 command_ms=913.671542 gpu_ms=913.057709113 host_copy_ms=0.009625 full_state_readback=0
resting_native_profile step=75584 command_ms=911.97825 gpu_ms=911.349916831 host_copy_ms=0.007667 full_state_readback=0
resting_native_profile step=75616 command_ms=903.759708 gpu_ms=903.143375181 host_copy_ms=0.011875 full_state_readback=0
resting_native_profile step=75648 command_ms=912.288083 gpu_ms=911.662624218 host_copy_ms=0.008084 full_state_readback=0
resting_native_profile step=75680 command_ms=906.477375 gpu_ms=905.814625323 host_copy_ms=0.020333 full_state_readback=0
resting_native_profile step=75712 command_ms=920.833708 gpu_ms=920.169250108 host_copy_ms=0.038625 full_state_readback=0
resting_native_profile step=75744 command_ms=916.757625 gpu_ms=916.191875003 host_copy_ms=0.018042 full_state_readback=0
resting_native_profile step=75776 command_ms=917.888417 gpu_ms=917.234083638 host_copy_ms=0.008583 full_state_readback=0
resting_native_profile step=75808 command_ms=906.454042 gpu_ms=905.801250599 host_copy_ms=0.020791 full_state_readback=0
resting_native_profile step=75840 command_ms=920.389584 gpu_ms=919.757166877 host_copy_ms=0.009375 full_state_readback=0
resting_native_profile step=75872 command_ms=919.2975 gpu_ms=918.737499975 host_copy_ms=0.007834 full_state_readback=0
resting_native_profile step=75904 command_ms=917.917708 gpu_ms=917.281125672 host_copy_ms=0.008 full_state_readback=0
resting_native_profile step=75936 command_ms=921.518916 gpu_ms=921.314749867 host_copy_ms=0.008584 full_state_readback=0
resting_native_profile step=75968 command_ms=925.417667 gpu_ms=924.789833836 host_copy_ms=0.011416 full_state_readback=0
resting_native_profile step=76000 command_ms=922.895458 gpu_ms=922.324874438 host_copy_ms=0.0075 full_state_readback=0
resting_native_profile step=76032 command_ms=913.448333 gpu_ms=913.237833418 host_copy_ms=0.008417 full_state_readback=0
resting_native_profile step=76064 command_ms=917.684917 gpu_ms=917.094292119 host_copy_ms=0.008833 full_state_readback=0
resting_native_profile step=76096 command_ms=914.362916 gpu_ms=913.767333142 host_copy_ms=0.0085 full_state_readback=0
resting_native_profile step=76128 command_ms=920.401667 gpu_ms=919.774499722 host_copy_ms=0.007875 full_state_readback=0
resting_native_profile step=76160 command_ms=915.302083 gpu_ms=915.081083775 host_copy_ms=0.008834 full_state_readback=0
resting_native_profile step=76192 command_ms=920.611709 gpu_ms=920.028124936 host_copy_ms=0.008166 full_state_readback=0
resting_native_profile step=76224 command_ms=909.514 gpu_ms=908.862708136 host_copy_ms=0.007375 full_state_readback=0
resting_native_profile step=76256 command_ms=914.210459 gpu_ms=913.569166325 host_copy_ms=0.00875 full_state_readback=0
resting_native_profile step=76288 command_ms=910.227583 gpu_ms=909.627041779 host_copy_ms=0.007834 full_state_readback=0
resting_native_profile step=76320 command_ms=925.643541 gpu_ms=925.052125007 host_copy_ms=0.010875 full_state_readback=0
resting_native_profile step=76352 command_ms=926.415083 gpu_ms=925.872124732 host_copy_ms=0.007125 full_state_readback=0
resting_native_profile step=76384 command_ms=921.671083 gpu_ms=921.471457928 host_copy_ms=0.008084 full_state_readback=0
resting_native_profile step=76416 command_ms=915.102334 gpu_ms=914.469207637 host_copy_ms=0.007916 full_state_readback=0
resting_native_profile step=76448 command_ms=921.014291 gpu_ms=920.392625034 host_copy_ms=0.007542 full_state_readback=0
resting_native_profile step=76480 command_ms=918.122 gpu_ms=917.548000813 host_copy_ms=0.009042 full_state_readback=0
resting_native_profile step=76512 command_ms=916.684875 gpu_ms=916.066500358 host_copy_ms=0.009125 full_state_readback=0
resting_native_profile step=76544 command_ms=915.618625 gpu_ms=915.021250024 host_copy_ms=0.007667 full_state_readback=0
resting_native_profile step=76576 command_ms=928.885292 gpu_ms=928.672375157 host_copy_ms=0.00775 full_state_readback=0
resting_native_profile step=76608 command_ms=918.919417 gpu_ms=918.705958873 host_copy_ms=0.009083 full_state_readback=0
resting_native_profile step=76640 command_ms=918.313625 gpu_ms=917.755499482 host_copy_ms=0.008792 full_state_readback=0
resting_native_profile step=76672 command_ms=921.97325 gpu_ms=921.341832727 host_copy_ms=0.009666 full_state_readback=0
resting_native_profile step=76704 command_ms=920.847417 gpu_ms=920.286833309 host_copy_ms=0.00775 full_state_readback=0
resting_native_profile step=76736 command_ms=923.0195 gpu_ms=922.417750582 host_copy_ms=0.009125 full_state_readback=0
resting_native_profile step=76768 command_ms=914.621334 gpu_ms=914.021000266 host_copy_ms=0.007875 full_state_readback=0
resting_native_profile step=76800 command_ms=915.764458 gpu_ms=915.15520867 host_copy_ms=0.007125 full_state_readback=0
resting_native_profile step=76832 command_ms=917.68075 gpu_ms=917.044708505 host_copy_ms=0.0085 full_state_readback=0
resting_native_profile step=76864 command_ms=919.888292 gpu_ms=919.26495824 host_copy_ms=0.006792 full_state_readback=0
resting_native_profile step=76896 command_ms=926.040959 gpu_ms=925.413250923 host_copy_ms=0.00825 full_state_readback=0
resting_native_profile step=76928 command_ms=914.500708 gpu_ms=913.876875304 host_copy_ms=0.0075 full_state_readback=0
resting_native_profile step=76960 command_ms=920.640125 gpu_ms=920.067291707 host_copy_ms=0.009083 full_state_readback=0
resting_native_profile step=76992 command_ms=929.763875 gpu_ms=929.113582708 host_copy_ms=0.008833 full_state_readback=0
resting_native_profile step=77024 command_ms=917.019458 gpu_ms=916.34787526 host_copy_ms=0.011917 full_state_readback=0
resting_native_profile step=77056 command_ms=923.854791 gpu_ms=923.316791654 host_copy_ms=0.008667 full_state_readback=0
resting_native_profile step=77088 command_ms=913.371625 gpu_ms=913.150750101 host_copy_ms=0.006958 full_state_readback=0
resting_native_profile step=77120 command_ms=928.656041 gpu_ms=928.104083054 host_copy_ms=0.008375 full_state_readback=0
resting_native_profile step=77152 command_ms=921.802375 gpu_ms=921.602082439 host_copy_ms=0.008041 full_state_readback=0
resting_native_profile step=77184 command_ms=926.121 gpu_ms=925.512708724 host_copy_ms=0.009417 full_state_readback=0
resting_native_profile step=77216 command_ms=925.2105 gpu_ms=924.651291221 host_copy_ms=0.008083 full_state_readback=0
resting_native_profile step=77248 command_ms=918.564541 gpu_ms=918.060249649 host_copy_ms=0.007834 full_state_readback=0
resting_native_profile step=77280 command_ms=926.475625 gpu_ms=925.851833075 host_copy_ms=0.009083 full_state_readback=0
resting_native_profile step=77312 command_ms=922.851 gpu_ms=922.295374796 host_copy_ms=0.008291 full_state_readback=0
resting_native_profile step=77344 command_ms=921.147375 gpu_ms=920.56675069 host_copy_ms=0.008417 full_state_readback=0
resting_native_profile step=77376 command_ms=920.814625 gpu_ms=920.252749696 host_copy_ms=0.010208 full_state_readback=0
resting_native_profile step=77408 command_ms=913.592917 gpu_ms=913.014958613 host_copy_ms=0.008708 full_state_readback=0
resting_native_profile step=77440 command_ms=913.803709 gpu_ms=913.206500001 host_copy_ms=0.007625 full_state_readback=0
resting_native_profile step=77472 command_ms=920.264375 gpu_ms=919.94350031 host_copy_ms=0.007583 full_state_readback=0
resting_native_profile step=77504 command_ms=918.998167 gpu_ms=918.368625455 host_copy_ms=0.008583 full_state_readback=0
resting_native_profile step=77536 command_ms=926.365625 gpu_ms=925.795500167 host_copy_ms=0.008375 full_state_readback=0
resting_native_profile step=77568 command_ms=927.809459 gpu_ms=927.177041769 host_copy_ms=0.007458 full_state_readback=0
resting_native_profile step=77600 command_ms=913.500958 gpu_ms=912.866583094 host_copy_ms=0.007542 full_state_readback=0
resting_native_profile step=77632 command_ms=918.692166 gpu_ms=918.057583272 host_copy_ms=0.009334 full_state_readback=0
resting_native_profile step=77664 command_ms=918.335625 gpu_ms=917.781916447 host_copy_ms=0.007416 full_state_readback=0
resting_native_profile step=77696 command_ms=924.105583 gpu_ms=923.548124731 host_copy_ms=0.007875 full_state_readback=0
resting_native_profile step=77728 command_ms=921.854416 gpu_ms=921.288333833 host_copy_ms=0.012834 full_state_readback=0
resting_native_profile step=77760 command_ms=922.726625 gpu_ms=922.093249857 host_copy_ms=0.00775 full_state_readback=0
resting_native_profile step=77792 command_ms=914.525167 gpu_ms=913.97658363 host_copy_ms=0.009083 full_state_readback=0
resting_native_profile step=77824 command_ms=920.001375 gpu_ms=919.440999627 host_copy_ms=0.008375 full_state_readback=0
resting_native_profile step=77856 command_ms=917.590917 gpu_ms=917.009875178 host_copy_ms=0.008917 full_state_readback=0
resting_native_profile step=77888 command_ms=921.53325 gpu_ms=920.962916687 host_copy_ms=0.007459 full_state_readback=0
resting_native_profile step=77920 command_ms=924.379833 gpu_ms=923.78445901 host_copy_ms=0.00775 full_state_readback=0
resting_native_profile step=77952 command_ms=907.419833 gpu_ms=906.814875081 host_copy_ms=0.009709 full_state_readback=0
resting_native_profile step=77984 command_ms=924.58225 gpu_ms=923.995583318 host_copy_ms=0.008208 full_state_readback=0
resting_native_profile step=78016 command_ms=922.582875 gpu_ms=921.961084008 host_copy_ms=0.007625 full_state_readback=0
resting_native_profile step=78048 command_ms=922.605625 gpu_ms=921.950750053 host_copy_ms=0.007958 full_state_readback=0
resting_native_profile step=78080 command_ms=920.06825 gpu_ms=919.407916255 host_copy_ms=0.012833 full_state_readback=0
resting_native_profile step=78112 command_ms=912.399875 gpu_ms=911.743749864 host_copy_ms=0.00875 full_state_readback=0
resting_native_profile step=78144 command_ms=924.681666 gpu_ms=924.052583054 host_copy_ms=0.00775 full_state_readback=0
resting_native_profile step=78176 command_ms=922.380291 gpu_ms=921.755375341 host_copy_ms=0.008417 full_state_readback=0
resting_native_profile step=78208 command_ms=915.83925 gpu_ms=915.182375349 host_copy_ms=0.009458 full_state_readback=0
resting_native_profile step=78240 command_ms=914.770875 gpu_ms=914.219208062 host_copy_ms=0.009708 full_state_readback=0
resting_native_profile step=78272 command_ms=926.445167 gpu_ms=925.818542019 host_copy_ms=0.009125 full_state_readback=0
resting_native_profile step=78304 command_ms=918.86975 gpu_ms=918.179292232 host_copy_ms=0.010083 full_state_readback=0
resting_native_profile step=78336 command_ms=911.706333 gpu_ms=911.368750036 host_copy_ms=0.006792 full_state_readback=0
resting_native_profile step=78368 command_ms=915.314333 gpu_ms=915.119250305 host_copy_ms=0.008292 full_state_readback=0
resting_native_profile step=78400 command_ms=918.151875 gpu_ms=917.59479139 host_copy_ms=0.007292 full_state_readback=0
resting_native_profile step=78432 command_ms=915.321291 gpu_ms=914.677791297 host_copy_ms=0.01175 full_state_readback=0
resting_native_profile step=78464 command_ms=923.499625 gpu_ms=922.823499888 host_copy_ms=0.007708 full_state_readback=0
resting_native_profile step=78496 command_ms=916.2825 gpu_ms=915.733083151 host_copy_ms=0.007125 full_state_readback=0
resting_native_profile step=78528 command_ms=922.702416 gpu_ms=922.029624693 host_copy_ms=0.008959 full_state_readback=0
resting_native_profile step=78560 command_ms=911.188625 gpu_ms=910.651500337 host_copy_ms=0.005666 full_state_readback=0
resting_native_profile step=78592 command_ms=921.767709 gpu_ms=921.265625395 host_copy_ms=0.00525 full_state_readback=0
resting_native_profile step=78624 command_ms=931.613917 gpu_ms=930.983000435 host_copy_ms=0.005208 full_state_readback=0
resting_native_profile step=78656 command_ms=923.759042 gpu_ms=923.200958408 host_copy_ms=0.00525 full_state_readback=0
resting_native_profile step=78688 command_ms=922.899791 gpu_ms=922.337583266 host_copy_ms=0.005334 full_state_readback=0
resting_native_profile step=78720 command_ms=916.125709 gpu_ms=915.955000557 host_copy_ms=0.00575 full_state_readback=0
resting_native_profile step=78752 command_ms=916.895958 gpu_ms=916.374708526 host_copy_ms=0.008583 full_state_readback=0
resting_native_profile step=78784 command_ms=920.9975 gpu_ms=920.446916483 host_copy_ms=0.009542 full_state_readback=0
resting_native_profile step=78816 command_ms=922.767125 gpu_ms=922.367708758 host_copy_ms=0.005459 full_state_readback=0
resting_native_profile step=78848 command_ms=920.45425 gpu_ms=919.853125699 host_copy_ms=0.0055 full_state_readback=0
resting_native_profile step=78880 command_ms=917.310709 gpu_ms=917.123458348 host_copy_ms=0.005375 full_state_readback=0
resting_native_profile step=78912 command_ms=925.085458 gpu_ms=924.56141673 host_copy_ms=0.007042 full_state_readback=0
resting_native_profile step=78944 command_ms=912.837792 gpu_ms=912.178625353 host_copy_ms=0.008041 full_state_readback=0
resting_native_profile step=78976 command_ms=907.910209 gpu_ms=907.267500646 host_copy_ms=0.006375 full_state_readback=0
resting_native_profile step=79008 command_ms=923.826875 gpu_ms=923.237250187 host_copy_ms=0.009583 full_state_readback=0
resting_native_profile step=79040 command_ms=919.452208 gpu_ms=918.923249468 host_copy_ms=0.007834 full_state_readback=0
resting_native_profile step=79072 command_ms=918.715667 gpu_ms=918.174709193 host_copy_ms=0.005791 full_state_readback=0
resting_native_profile step=79104 command_ms=913.060167 gpu_ms=912.52154205 host_copy_ms=0.005791 full_state_readback=0
resting_native_profile step=79136 command_ms=919.767666 gpu_ms=919.220041484 host_copy_ms=0.007834 full_state_readback=0
resting_native_profile step=79168 command_ms=907.17925 gpu_ms=906.561000273 host_copy_ms=0.008083 full_state_readback=0
resting_native_profile step=79200 command_ms=908.047917 gpu_ms=907.488875091 host_copy_ms=0.005542 full_state_readback=0
resting_native_profile step=79232 command_ms=918.0625 gpu_ms=917.499999516 host_copy_ms=0.005334 full_state_readback=0
resting_native_profile step=79264 command_ms=925.402875 gpu_ms=924.769916572 host_copy_ms=0.005291 full_state_readback=0
resting_native_profile step=79296 command_ms=919.472375 gpu_ms=918.942833319 host_copy_ms=0.005208 full_state_readback=0
resting_native_profile step=79328 command_ms=925.873333 gpu_ms=925.302958116 host_copy_ms=0.004833 full_state_readback=0
resting_native_profile step=79360 command_ms=925.705083 gpu_ms=925.073333085 host_copy_ms=0.007917 full_state_readback=0
resting_native_profile step=79392 command_ms=920.296375 gpu_ms=919.726208784 host_copy_ms=0.007292 full_state_readback=0
resting_native_profile step=79424 command_ms=911.31825 gpu_ms=910.775832832 host_copy_ms=0.005542 full_state_readback=0
resting_native_profile step=79456 command_ms=916.453667 gpu_ms=915.816499852 host_copy_ms=0.005208 full_state_readback=0
resting_native_profile step=79488 command_ms=915.423166 gpu_ms=914.852583781 host_copy_ms=0.008167 full_state_readback=0
resting_native_profile step=79520 command_ms=902.661042 gpu_ms=902.023500763 host_copy_ms=0.005458 full_state_readback=0
resting_native_profile step=79552 command_ms=914.210042 gpu_ms=913.648874499 host_copy_ms=0.005542 full_state_readback=0
resting_native_profile step=79584 command_ms=925.813083 gpu_ms=925.556833856 host_copy_ms=0.008334 full_state_readback=0
resting_native_profile step=79616 command_ms=911.252708 gpu_ms=910.602708347 host_copy_ms=0.007667 full_state_readback=0
resting_native_profile step=79648 command_ms=918.336 gpu_ms=917.721083388 host_copy_ms=0.005875 full_state_readback=0
resting_native_profile step=79680 command_ms=926.324375 gpu_ms=926.137500443 host_copy_ms=0.005292 full_state_readback=0
resting_native_profile step=79712 command_ms=913.145333 gpu_ms=912.592457607 host_copy_ms=0.005208 full_state_readback=0
resting_native_profile step=79744 command_ms=922.648791 gpu_ms=922.083499841 host_copy_ms=0.005042 full_state_readback=0
resting_native_profile step=79776 command_ms=918.098125 gpu_ms=917.54408367 host_copy_ms=0.005708 full_state_readback=0
resting_native_profile step=79808 command_ms=924.436167 gpu_ms=923.828708008 host_copy_ms=0.00875 full_state_readback=0
resting_native_profile step=79840 command_ms=920.372125 gpu_ms=919.819124974 host_copy_ms=0.009 full_state_readback=0
resting_native_profile step=79872 command_ms=915.945417 gpu_ms=915.384124964 host_copy_ms=0.005625 full_state_readback=0
resting_native_profile step=79904 command_ms=923.787333 gpu_ms=923.603749834 host_copy_ms=0.005417 full_state_readback=0
resting_native_profile step=79936 command_ms=922.838375 gpu_ms=922.238750383 host_copy_ms=0.006375 full_state_readback=0
resting_native_profile step=79968 command_ms=920.741334 gpu_ms=920.181541704 host_copy_ms=0.005083 full_state_readback=0
resting_native_profile step=80000 command_ms=920.585416 gpu_ms=919.959374703 host_copy_ms=0.108625 full_state_readback=1
accepted_geometry_export=/Users/n/numi-human-resting-evidence-20261005/native-drive-study-100/study/trials/resting-drive-half/output/scene/accepted-geometry/step-79999.mrvpack receipt=/Users/n/numi-human-resting-evidence-20261005/native-drive-study-100/study/trials/resting-drive-half/output/scene/accepted-geometry/step-79999.receipt.json accepted_root=0xaa7eee92ec57d183 pack_sha256=ddb53c606631e90c54006e599e60c5d83fb94d594f6d5cf111f2766c55e401de receipt_sha256=606315bfbe0cb2ac7da339f75586cc494a91064ce2edcf9215e8cc515938a633
stand_terminal_state={"schema":"numi.human.legacy-stand-terminal.v1","step_count":80000,"timestep_seconds":0.002,"root_assistance":false,"initial_q":[-0.05000000074505806,0.20000000298023224,0.10715460777282715,-0.70090925693511963,0,0,0.71325045824050903,0,0,0,0,0,0,0,0,0,0,0,0,0,0,0,0,0,0,0,0,0,0,0,0,0,0,0,0,0,0,0,0,0,0,0,0,0,0,0,0,0,0,0,0,0,0,0,0,0,0,0,0,0,0,0,0,0,0,0,0,0,0,0,0,0,0,0,0,0,0,0,0,0,0,0,0,0,0,0,0,0,0,0,0,0,0,0,0,0,0,0,0,0,0,0,0,0,7.6925396608196195e-11,9.537330214470785e-08,0,-1.4732499664660281e-08,1.0893900004305124e-08,0,0,0,0,0,0.010506000369787216,0,0,0,-7.6925396608196195e-11,9.537330214470785e-08,0,-1.4732499664660281e-08,-1.0893900004305124e-08,0,0,0,0,0,0.010506000369787216],"initial_v":[0,0,0,0,0,0,0,0,0,0,0,0,0,0,0,0,0,0,0,0,0,0,0,0,0,0,0,0,0,0,0,0,0,0,0,0,0,0,0,0,0,0,0,0,0,0,0,0,0,0,0,0,0,0,0,0,0,0,0,0,0,0,0,0,0,0,0,0,0,0,0,0,0,0,0,0,0,0,0,0,0,0,0,0,0,0,0,0,0,0,0,0,0,0,0,0,0,0,0,0,0,0,0,0,0,0,0,0,0,0,0,0,0,0,0,0,0,0,0,0,0,0,0,0,0,0,0,0],"q":[-0.048673179000616074,0.17277145385742188,-0.19791895151138306,-0.79610741138458252,0.0027210982516407967,0.00093144981656223536,0.60514849424362183,-0.2541758120059967,0.0014244987396523356,-0.0039534806273877621,0,0,-0.16340962052345276,-0.04702252522110939,0.00025797670241445303,-0.00014936250227037817,-0.051851864904165268,0.00034942952333949506,-0.00014936250227037817,-0.058714613318443298,0.00035626711905933917,-0.00012299278751015663,-0.064814828336238861,0.00026780576445162296,-0.00011421605449868366,-3.9916131511219533e-10,1.6906626099100208e-10,-1.6906626099100208e-10,3.9916131511219533e-10,-8.0821918602147491e-11,6.5317307118561985e-10,2.9359800701733718e-10,-2.9359800701733718e-10,-6.5317307118561985e-10,8.0821918602147491e-11,0.00033506070030853152,1.6494269283739982e-09,-0.00033506070030853152,-0.2822490930557251,-1.43432941968058e-06,-0.20944973826408386,0.055234231054782867,-0.077181011438369751,0,0,0,0,0,0,0,0,0,0,0,0,0,0,0,0,0,0,0,0,4.1122973470919533e-07,-1.7417787034901266e-07,1.7417787034901266e-07,-4.1122973470919533e-07,8.3265518924235948e-08,-6.7292137373442529e-07,-3.0247477411649015e-07,3.0247477411649015e-07,6.7292137373442529e-07,-8.3265518924235948e-08,-0.0057109580375254154,-1.6992963765005697e-06,0.0057109580375254154,-0.25990059971809387,1.1807906041827465e-10,-0.26390713453292847,0.11914548277854919,-0.20248234272003174,0,0,0,0,0,0,0,0,0,0,0,0,0,0,0,0,0,0,0,0,-0.34642809629440308,-0.026999780908226967,-0.69813239574432373,1.1161982449436891e-10,9.5391762044982897e-08,5.9007034813873815e-09,-1.4265753911502088e-08,1.307420394169867e-08,-0.24921581149101257,-0.029853982850909233,-0.52359902858734131,-2.8786403816205564e-10,-8.8621485150319756e-11,0.010506000369787216,-0.34537780284881592,-0.030761996284127235,-0.69813245534896851,-2.5667332148593403e-10,9.5468955407795875e-08,3.0570880937830225e-08,-1.2314343322827881e-08,-2.2189809101291758e-08,-0.27888813614845276,-0.0097055686637759209,-0.52359902858734131,-1.4913912327330081e-09,-4.5913797763752484e-10,0.010506001301109791],"v":[1.3763646165898535e-05,6.2703315961698536e-06,3.1358460546471179e-05,2.7272981242276728e-05,0.0001150232637883164,-4.1949882870540023e-05,1.6360028894268908e-05,7.2971750341821462e-05,-0.00019683403661474586,0,0,1.051786239258945e-05,3.0266053272498539e-06,1.3215183571446687e-05,-7.436390205839416e-06,3.3374458325852174e-06,1.7899970771395601e-05,-7.436390205839416e-06,3.7791667182318633e-06,1.8250233551952988e-05,-6.12350686424179e-06,4.1718071770446841e-06,1.3718688933295198e-05,-5.6865355873014778e-06,-1.6870215802100574e-07,7.1454429928508034e-08,-7.1454429928508034e-08,1.6870215802100574e-07,-3.4158702533204632e-08,2.76058074177854e-07,1.2408671068442345e-07,-1.2408671068442345e-07,-2.76058074177854e-07,3.4158702533204632e-08,9.459343709750101e-05,6.9711637706859619e-07,-9.459343709750101e-05,-0.0006390067283064127,-3.4039854313050455e-07,0.0020313705317676067,-0.0006384941516444087,-0.001219314755871892,0,0,0,0,0,0,0,0,0,0,0,0,0,0,0,0,0,0,0,0,1.0172895059668008e-07,-4.3087673873287713e-08,4.3087673873287713e-08,-1.0172895059668008e-07,2.0598010408434675e-08,-1.6646555422994425e-07,-7.4825429408065247e-08,7.4825429408065247e-08,1.6646555422994425e-07,-2.0598010408434675e-08,-5.7035151257878169e-05,-4.2036757008645509e-07,5.7035151257878169e-05,-7.0642949140165001e-05,1.1550497225343292e-09,-0.0005244780913926661,0.0006926562637090683,-0.00034554617013782263,0,0,0,0,0,0,0,0,0,0,0,0,0,0,0,0,0,0,0,0,2.650705209816806e-05,5.1662882469827309e-05,-1.9731205611606129e-06,-1.8154314718188402e-09,-9.6605168309338296e-10,-3.0876208256813698e-07,-2.442308044692254e-08,-1.1408727829120835e-07,-1.1928776757486048e-06,-5.3826930525247008e-05,-2.9277771318447776e-09,1.50628647332951e-08,4.6372359285840048e-09,-7.6454078623555688e-09,3.7106550735188648e-05,-5.5238859204109758e-05,-2.051087449217448e-06,-4.0441362064713715e-11,2.1520198817404079e-11,6.8781220718960867e-09,5.4405946414703976e-10,-2.5414592652595047e-09,-0.00010817061411216855,0.00028044381178915501,1.2109399705195756e-08,-3.3554711786898395e-10,-1.0330115235435144e-10,1.7031207000250959e-10]}
resting_integrated_body=completed simulated_s=160.00000759959221 wall_s=2350.6138429590001 real_time_factor=0.068067329765309714 physiology_body_clock=matched root_assistance=false presentation_qualification=pending
