time_s,lung_volume_ml,airflow_ml_s,alveolar_pa,pleural_pa,diaphragm_mm,rib_mm,PaO2_mmhg,PaCO2_mmhg,SaO2,oxygen_balance_error_stpd_ml,co2_balance_error_stpd_ml,breaths,tidal_ml,lv_mmhg,rv_mmhg,aorta_mmhg,pulmonary_artery_mmhg,lv_ml,rv_ml,blood_ml,blood_error_ml,aortic_ejected_ml,pulmonary_ejected_ml,complete_filling_ejection_cycles,last_lv_stroke_ml,right_atrium_ml,left_atrium_ml,blood_continuity_residual_accum_ml,blood_physical_delta_accum_ml,blood_residual_minus_physical_ml,blood_endpoint_minus_physical_ml,inspired_volume_accum_ml,last_inspiration_step,last_inspiration_time_s,last_inspiration_volume_accum_ml,last_complete_breath_inspired_ml,step,min_contact_gap_m,peak_penetration_m,normal_impulse_ns,root_assistance_n,root_assistance_nm,diaphragm_excitation,intercostal_excitation,diaphragm_activation,intercostal_activation
0.0640000030398,2509.99908894,311.853538733,-41.5770606995,-536.812438965,0.574129402637,-0.0129304733127,100.000053406,40.0000114441,0.972220301628,0.000232830643654,0.000232830643654,0,0,7.28122091632,1.19429222804,81.0829381924,12.5380135535,124.315018184,146.197897266,5149.99963343,0.000931322574615,0,0,0,0,28.5044607153,46.7287791253,-0.000266737743004,-0.000291038304567,2.4300561563e-05,-0.00017462298274,9.99912396082,0,0,0,0,32,-0.000120462682389,0.000120462682389,1.33755886555,0,0,0.0160578750074,0.0100361723453,0.014990478754,0.00938067119569
0.12800000608,2537.40861081,519.477238413,-69.2579498291,-577.933166504,1.94247496128,0.015891045332,100.000236511,40.0000267029,0.972220420837,0.000232830643654,0.000232830643654,0,0,10.1017307847,2.29766329567,77.7106496277,11.5623502661,127.785053337,153.882661834,5149.99963343,0.00139698386192,0,0,0,0,24.0560966631,45.3071479569,-0.000442718861571,-0.000409272615798,-3.3446245773e-05,-5.63886715099e-05,37.4087924229,0,0,0,0,64,-8.49843036121e-06,8.49843036121e-06,1.43501627445,0,0,0.0319535769522,0.0199709869921,0.0308435745537,0.0193022228777
0.19200000912,2574.85872135,635.400530882,-84.7131195068,-611.751281738,3.59597969055,0.122855357826,100.000320435,40.0000267029,0.972220480442,0.000232830643654,0.000232830643654,0,0,60.3892740267,15.5825969928,74.5049787453,12.5369862475,127.785053337,148.083403474,5149.99916777,0.00139698386192,0,5.82918937653,0,0,24.3894028245,44.9362814834,-0.000278924397468,-0.000279214873444,2.90475976605e-07,-0.000652107701171,74.8587509634,0,0,0,0,96,-1.21126504382e-05,1.21126504382e-05,1.49204921722,0,0,0.0475266128778,0.0297041330487,0.046388361603,0.0290301050991
0.256000012159,2617.73355305,695.311173331,-92.7005462646,-640.761657715,5.38533830643,0.27774053812,99.999961853,40.0000038147,0.972220242023,0.000232830643654,0.000232830643654,0,0,105.92497026,24.1341577926,101.832278316,21.2729384055,94.4683561102,110.679815407,5150.00056475,0.00139698386192,33.316668123,43.232794269,0,0,29.4194360322,48.7152501591,0.000158000765249,0.000150976120494,7.02464475477e-06,0.000314685166813,117.733578804,0,0,0,0,128,-3.78975346393e-05,3.78975346393e-05,1.42583489418,0,0,0.062619715929,0.0391373261809,0.0614694617689,0.0384667143226
0.320000015199,2663.1874498,719.55943713,-95.9333877563,-666.281982422,7.2254691124,0.459727883339,99.999961853,40.0000038147,0.972220242023,0.000232830643654,0.000232830643654,0,0,113.385233584,25.1129936427,111.723048788,23.8458455495,69.4798800396,89.7221107152,5150.00056475,0.00139698386192,58.3051514695,64.1904844088,0,0,34.6702363458,51.9956411154,0.000211263048722,0.000238287611865,-2.70245631429e-05,0.000227373675443,163.187373573,0,0,0,0,160,-1.43432098412e-05,1.43432098412e-05,1.32407689095,0,0,0.077080488205,0.0481753088534,0.0759360045195,0.0475173071027
0.384000018239,2709.33331922,719.018396921,-95.8612518311,-688.836669922,9.05513858795,0.656522572041,99.9998245239,39.9999961853,0.972220122814,0.000232830643654,0.000232830643654,0,0,110.934107068,23.2445840311,110.583841496,22.8548688102,61.0067363596,81.4427621663,5149.99963343,0.00139698386192,66.7782878736,72.4698475096,0,0,37.0414527424,54.1608023923,0.000188831214554,8.36735125631e-05,0.000105157701991,-0.000549334799871,209.333295288,0,0,0,0,192,-1.97440181182e-06,1.97440181182e-06,1.34922111034,0,0,0.0907629281282,0.0567268319428,0.0896430686116,0.0560909509659
0.448000021279,2754.80840355,699.971336871,-93.3218536377,-708.595214844,10.8258571625,0.860577940941,99.9998245239,39.9999961853,0.972220122814,0.000232830643654,0.000232830643654,0,0,68.0834921046,13.1578086979,105.242135882,20.3912644625,60.6856992817,80.7880787761,5150.00056475,0.00139698386192,67.0993249514,73.1245163479,1,67.0993249514,38.7710642826,55.8846295462,0.000680640474537,0.000647560227662,3.30802468751e-05,-0.000181898940355,254.808525938,0,0,0,0,224,-7.17399075256e-07,7.17399075256e-07,1.39830970764,0,0,0.10352884233,0.0647055283189,0.102453112602,0.0641014054418
0.512000024319,2798.56170528,666.199252009,-88.8192749023,-725.546264648,12.4975252151,1.06691527367,99.9998245239,39.9999961853,0.972220122814,0.000232830643654,0.000232830643654,0,0,5.07648211934,-0.758181196126,100.810934703,18.5102964469,65.9464130877,89.6454585018,5150.00056475,0.00139698386192,67.0993249514,73.1245163479,1,67.0993249514,33.3329553541,53.6483166798,0.00053021147195,0.00042564352043,0.00010456795152,4.0017766878e-05,298.56175297,0,0,0,0,256,-7.39016604712e-06,7.39016604712e-06,1.39504575729,0,0,0.115249305964,0.0720308199525,0.114237308502,0.0714679956436
0.576000027359,2839.75130878,620.632898062,-82.7442626953,-739.667907715,14.0370025635,1.27187120914,100.000053406,40.0000114441,0.972220301628,0.000232830643654,0.000232830643654,0,0,4.64177419105,-0.865206831848,96.6028182445,16.7727282652,98.7387829809,106.47016461,5150.00149608,0.00139698386192,67.0993249514,73.1245163479,1,67.0993249514,27.4328667729,48.1439783471,0.000807777886247,0.00082582118921,-1.80433029628e-05,0.000571162672713,339.751147521,0,0,0,0,288,-3.82882973327e-07,3.82882973327e-07,1.38520240784,0,0,0.12580601871,0.0786287635565,0.124876879156,0.07811640203
0.640000030398,2877.70084105,565.677357372,-75.4174575806,-750.948974609,15.4183044434,1.47230935097,100.000053406,40.0000114441,0.972220301628,0.000232830643654,0.000232830643654,0,0,6.25131458944,-0.464647014465,92.5791700545,15.0458222747,114.335227408,114.196962386,5150.00009909,0.00139698386192,67.0993249514,73.1245163479,1,67.0993249514,27.8655188595,47.9565242131,0.000575401989944,0.000507498043589,6.79039463547e-05,-0.000507498043589,377.701019147,0,0,0,0,320,-7.95572213974e-06,7.95572213974e-06,1.3666973114,0,0,0.135092392564,0.0844327434897,0.13426426053,0.0839794427156
0.704000033438,2911.89271957,503.784394823,-67.1657409668,-759.462646484,16.6235256195,1.66518735886,100.000144958,40.0000152588,0.972220361233,0.000232830643654,0.000232830643654,0,0,7.09744758981,-0.141345507939,88.7302554474,13.5749663573,122.534256661,120.433447591,5150.00103042,0.00186264514923,67.0993249514,73.1245163479,1,67.0993249514,28.6929844151,48.1063252664,0.000642562489328,0.000629370333627,1.31921557012e-05,0.000301952240989,411.892705529,0,0,0,0,352,-3.54971530214e-06,3.54971530214e-06,1.37954306602,0,0,0.143014669418,0.089384175837,0.142304226756,0.088997758925
0.768000036478,2941.96396135,437.466107542,-58.3240280151,-765.365783691,17.6439666748,1.84719371796,99.9998703003,40.0000038147,0.972220122814,0.000232830643654,0.000232830643654,0,0,7.58707060982,0.15199179057,85.048427311,12.4004342048,127.278704895,126.091923448,5150.00056475,0.00186264514923,67.0993249514,73.1245163479,1,67.0993249514,29.5269564958,48.3351395815,0.000559137666722,0.000500222085975,5.89155807473e-05,-3.45607986674e-05,441.964148536,0,0,0,0,384,-1.63084860105e-05,1.63084860105e-05,1.402759552,0,0,0.149492770433,0.0934329852462,0.148914590478,0.093120239675
0.832000039518,2967.71153808,369.125278667,-49.2126655579,-768.879333496,18.4805660248,2.01463866234,99.999961853,40.0000114441,0.972220242023,0.000232830643654,0.000232830643654,0,0,7.89612674331,0.424172977204,81.5265512707,11.4902712897,130.273459945,131.342298118,5150.00009909,0.00186264514923,67.0993249514,73.1245163479,1,67.0993249514,30.3159940813,48.5537711938,0.000655991747034,0.000718500814401,-6.25090673667e-05,-0.000718500814401,467.711721569,0,0,0,0,416,-8.86822181201e-06,8.86822181201e-06,1.38148760796,0,0,0.154461234808,0.0965382680297,0.154027432203,0.0963048115373
0.896000042558,2989.07794058,300.875050016,-40.1133804321,-770.256652832,19.1430644989,2.16352081299,100.000053406,40.0000152588,0.972220301628,0.000232830643654,0.000232830643654,0,0,8.1196244003,0.722715104017,78.1580056891,10.7966968951,132.439148729,137.101174914,5150.00103042,0.00186264514923,67.0993249514,73.1245163479,1,67.0993249514,29.7781662084,48.3698859171,0.000429541777147,0.000418367562816,1.11742143316e-05,0.0005129550118,489.078076953,0,0,0,0,448,-2.63037850345e-06,2.63037850345e-06,1.41243910789,0,0,0.157869905233,0.0986686870456,0.157589763403,0.0985187590122
0.960000045598,3006.12393767,234.252496739,-31.2311019897,-769.73260498,19.6478042603,2.28974127769,99.9998703003,40,0.972220122814,0.000232830643654,0.000232830643654,0,0,8.35556692659,1.18287249019,74.9364692464,10.2902689066,134.725429234,145.977610373,5150.00056475,0.00186264514923,67.0993249514,73.1245163479,1,67.0993249514,24.6600920946,46.5016855742,-0.000163669036657,-8.18545231596e-05,-8.18145134973e-05,0.000547515810467,506.12400571,0,0,0,0,480,-1.82114581548e-06,1.82114581548e-06,1.41378366947,0,0,0.159684345126,0.0998027250171,0.159563973546,0.0997390970588
1.02400004864,3018.99365149,170.746090589,-22.7642765045,-767.57623291,20.015291214,2.38929104805,99.9997329712,39.9999885559,0.97222006321,0.000232830643654,0.000232830643654,0,0,36.0868284929,8.38782543421,71.85634578,9.94508859172,135.111811687,148.509483552,5150.00009909,0.00186264514923,67.0993249514,73.1245163479,1,67.0993249514,24.0157169173,45.3838802059,4.1985123711e-05,1.36424205266e-05,2.83427031844e-05,-1.36424205266e-05,518.993798352,0,0,0,0,512,-7.20743685179e-07,7.20743685179e-07,1.40860247612,0,0,0.15988625586,0.0999289155006,0.159975573421,0.0999868363142
1.08800005168,3028.08149718,116.247116239,-15.4983434677,-764.766357422,20.270614624,2.46089196205,100.009101868,39.9922027588,0.972226858139,0.000232830643654,0.000465661287308,0,0,97.6983329848,20.6631324844,92.4549777301,17.2861798405,112.363944936,119.932949019,5149.99963343,0.00186264514923,89.8471771507,101.70105088,1,67.0993249514,26.3240144704,46.895333071,-0.000115552831192,-0.000161890056916,4.63372257231e-05,-0.000303771230392,528.081638507,0,0,0,0,544,-3.28133040739e-07,3.28133040739e-07,1.40735244751,0,0,0.158473461866,0.0990459173918,0.159403145313,0.0996589362621
1.15200005472,3033.8561628,66.0759251332,-8.80940055847,-760.908935547,20.4355163574,2.50555515289,100.01599884,39.9863014221,0.972231924534,0.000232830643654,0.000465661287308,0,0,113.378560673,23.7966905132,110.889462289,22.1213320284,77.2952771513,93.5219431994,5150.00056475,0.00186264514923,124.915881315,128.112049424,1,67.0993249514,33.2600502588,51.1493853992,0.000334305985672,0.000378349795938,-4.40438102656e-05,8.73114913702e-05,533.856209103,0,0,0,0,576,-1.62748688126e-06,1.62748688126e-06,1.41264867783,0,0,0.155459806323,0.0971623808146,0.157570034266,0.0985842719674
1.21600005776,3036.44523956,16.382220565,-2.18411684036,-755.553161621,20.5226020813,2.52146792412,100.017715454,39.9849662781,0.972233176231,0.000232830643654,0.000465661287308,0,0,113.717077233,22.9053001964,112.923791894,22.2688722168,63.4089374216,81.9314955152,5150.00103042,0.00186264514923,138.802206493,139.702504384,1,67.0993249514,36.1981255992,53.2213925908,0.000741248021296,0.000709405867383,3.18421539136e-05,0.000221916707233,536.445322481,0,0,0,0,608,-2.22585413212e-06,2.22585413212e-06,1.41271162033,0,0,0.150876224041,0.0942976400256,0.154262930155,0.0966102480888
1.2800000608,3035.83987989,-33.9150283253,4.52163267136,-748.550598145,20.5392913818,2.50615668297,100.018119812,39.9848518372,0.972233474255,0.000232830643654,0.000465661287308,0,0,95.6972653881,18.2591118856,108.144405392,20.3111419181,61.1046561971,79.3127110228,5150.00056475,0.00186264514923,141.106502269,142.321310705,2,74.0071336622,38.1827740057,54.9736541871,0.000769469890582,0.000736690708436,3.27791821464e-05,-0.000271029421128,536.601462086,0,0,0,0,640,-2.3887801035e-06,2.3887801035e-06,1.40974640846,0,0,0.144769340754,0.0904808416963,0.149453118443,0.0937031432986
1.34400006384,3031.97279572,-85.5462931213,11.4052362442,-739.770812988,20.4890651703,2.4574201107,100.018348694,39.9849052429,0.972233593464,0.000232830643654,0.000465661287308,0,0,22.7283545178,2.59897343193,103.502022326,18.3512526286,61.1046561971,79.9327317509,5150.00056475,0.00186264514923,141.106502269,142.321310705,2,74.0071336622,39.1310932173,56.2537970836,0.000717234341363,0.00074396666605,-2.67323246872e-05,-0.000278305378743,536.601462086,0,0,0,0,672,-2.19306343752e-06,2.19306343752e-06,1.41380095482,0,0,0.137200936675,0.0857505947351,0.143178939819,0.089877396822
1.40800006688,3024.76016805,-138.42091721,18.4546070099,-729.184814453,20.3716068268,2.37394714355,100.018531799,39.9849433899,0.972233772278,0.000232830643654,0.000465661287308,0,0,3.58037457136,-1.14136021691,99.1750240371,16.7966712708,88.4538239916,101.14316683,5150.00009909,0.00186264514923,141.106502269,142.321310705,2,74.0071336622,27.7287599602,48.1934730487,0.000606558428484,0.000596628524363,9.92990412119e-06,-0.000596628524363,536.601462086,0,0,0,0,704,-2.39315454564e-06,2.39315454564e-06,1.41255044937,0,0,0.128247365355,0.0801546052098,0.135508552194,0.085169993341
1.47200006992,3014.12306726,-192.480656551,25.6619815826,-716.761779785,20.1842079163,2.25528097153,100.018623352,39.9849891663,0.972233831882,0.000232830643654,0.000465661287308,0,0,5.65506736819,-0.65214647122,95.0412032283,15.1336779979,108.557593194,110.580098408,5150.00103042,0.00186264514923,141.106502269,142.321310705,2,74.0071336622,27.4748890661,47.6634813822,0.000323222407173,0.000378349795938,-5.5127388765e-05,0.000552972778678,536.601462086,0,0,0,0,736,-2.21979757953e-06,2.21979757953e-06,1.41335213184,0,0,0.117999047041,0.0737494081259,0.126528248191,0.0796311125159
1.53600007296,2999.99001436,-247.645686613,33.0167160034,-702.477111816,19.9214363098,2.10192060471,100.018669128,39.9850234985,0.972233831882,0.000232830643654,0.000465661287308,0,0,6.70023358429,-0.303927529098,91.0869137596,13.6393194796,118.685253256,117.297240649,5150.00056475,0.00186264514923,141.106502269,142.321310705,2,74.0071336622,28.2577038888,47.7067223983,0.000321673424009,0.000341970007867,-2.0296583858e-05,0.000123691279441,536.601462086,0,0,0,0,768,-2.23469578486e-06,2.23469578486e-06,1.41253972054,0,0,0.106559477746,0.0665996745229,0.116338185966,0.0733204036951
1.600000076,2982.28533939,-304.120156216,40.5460281372,-686.266662598,19.5739555359,1.91553139687,100.018669128,39.9850540161,0.972233831882,0.000232830643654,0.000465661287308,0,0,7.27937048364,0.00437696313609,87.304376672,12.418380014,124.297090224,123.24443378,5150.00056475,0.00186264514923,141.106502269,142.321310705,2,74.0071336622,29.1159321932,47.9034097225,0.000598813512664,0.000591171556152,7.64195651204e-06,-0.000125510268845,536.601462086,0,0,0,0,800,-2.25369808504e-06,2.25369808504e-06,1.41274118423,0,0,0.0940447971225,0.0587780028582,0.105050250888,0.0663052722812
1.66400007904,2960.89821495,-362.909690011,48.3839874268,-667.941894531,19.1251792908,1.69945275784,100.018531799,39.9850730896,0.972233772278,0.000232830643654,0.000465661287308,0,0,7.6315391347,0.289072507857,83.6861719228,11.4617713304,127.709601657,128.736210172,5150.00056475,0.00186264514923,141.106502269,142.321310705,2,74.0071336622,29.9375533359,48.1171373394,0.000561531335319,0.000540239852853,2.1291482466e-05,-7.45785655454e-05,536.601462086,0,0,0,0,832,-2.20299671128e-06,2.20299671128e-06,1.4125828743,0,0,0.0805811583996,0.0503632314503,0.0927864611149,0.0586597286165
1.72800008208,2935.62770821,-425.654521678,56.7492790222,-647.185668945,18.5456295013,1.45955550671,100.018440247,39.9850921631,0.972233653069,0.000232830643654,0.000465661287308,0,0,7.86395247113,0.557499895878,80.2252090863,10.7274773454,129.961685161,133.914174512,5149.99963343,0.00186264514923,141.106502269,142.321310705,2,74.0071336622,30.6057700072,48.2733194076,0.000355857635026,0.000320142135024,3.57155000019e-05,-0.000785803422332,536.601462086,0,0,0,0,864,-2.21491632146e-06,2.21491632146e-06,1.41277766228,0,0,0.0663042515516,0.0414401590824,0.0796767026186,0.0504628904164
1.79200008512,2906.13994002,-495.139276609,66.0131530762,-623.46295166,17.7880592346,1.20505475998,100.018302917,39.9850997925,0.972233593464,0.000232830643654,0.000465661287308,0,0,8.08579288757,0.982027411541,76.9151009192,10.1793958519,132.111323182,142.103308463,5150.00009909,0.00186264514923,141.106502269,142.321310705,2,74.0071336622,26.5670969384,46.9799961138,0.00032597220756,0.000354702933691,-2.87307261315e-05,-0.000354702933691,536.601462086,0,0,0,0,896,-2.2337919745e-06,2.2337919745e-06,1.40893733501,0,0,0.0513581186533,0.032098826021,0.0658578649163,0.0417984686792
1.85600008816,2871.83211185,-577.261205763,76.9618453979,-595.692016602,16.7731628418,0.950706779957,100.018119812,39.9851226807,0.972233474255,0.000232830643654,0.000465661287308,0,0,16.6322363849,3.46953424946,73.7498996677,9.79497281347,133.343914058,148.13488815,5150.00056475,0.00186264514923,141.106502269,142.321310705,2,74.0071336622,23.8733700826,45.4036271549,0.000254392132359,0.000231921148952,2.24709834074e-05,0.000233740138356,536.601462086,0,0,0,0,928,-2.34372532759e-06,2.34372532759e-06,1.41253960133,0,0,0.0358937047422,0.0224335640669,0.0514720603824,0.0327538065612
1.9200000912,2831.54239878,-683.359161485,91.1070785522,-561.791442871,15.3573389053,0.722068607807,100.0311203,39.9745330811,0.972242891788,0.000232830643654,0.000465661287308,0,0,79.5752851257,16.9941282768,75.638091787,13.4468964562,130.048880237,134.069472551,5150.00103042,0.00186264514923,144.401521538,156.386740855,2,74.0071336622,24.6166000579,45.2225685876,0.000655304435715,0.000612999428995,4.230500672e-05,0.000318323145621,536.601462086,0,0,0,0,960,-2.35265338233e-06,2.35265338233e-06,1.41248631477,0,0,0.0200671106577,0.0125419441611,0.0366649627686,0.0234188735485
1.98400009423,2783.74087065,-809.52711869,107.928092957,-521.531799316,13.353767395,0.552078008652,100.126838684,39.8970413208,0.972312510014,0.000232830643654,0.000465661287308,0,0,109.794548184,23.0417268015,106.270254953,20.7652661132,87.6193953445,101.190264104,5149.99963343,0.00186264514923,186.830991879,189.265949302,2,74.0071336622,31.1198091367,49.5798340125,0.000534569014055,0.000518411980011,1.6157034044e-05,-0.000984073267318,536.601462086,0,0,0,0,992,-2.22271364692e-06,2.22271364692e-06,1.41162204742,0,0,0.00403901515529,0.00252438476309,0.0215841736645,0.0138853993267
2.04800009727,2728.5865508,-876.024190802,116.793640137,-485.622283936,10.7097015381,0.459880679846,100.148536682,39.8795471191,0.97232824564,0.000232830643654,0.000465661287308,0,0,114.071342156,23.2605484765,112.749468501,22.2971020734,66.9119253871,84.8480485729,5150.00056475,0.00186264514923,207.538425457,205.608143006,2,74.0071336622,35.295390262,52.0392932231,0.000951629178236,0.000978616299108,-2.69871208713e-05,-0.0005129550118,536.601462086,0,0,0,0,1024,-2.26291149374e-06,2.26291149374e-06,1.41268146038,0,0,0,0,0.00953011028469,0.00620372686535
2.11200010031,2675.26530661,-778.003304731,103.725257874,-472.545532227,8.0305109024,0.409217536449,100.153388977,39.8758544922,0.972331762314,0.000232830643654,0.000465661287308,0,0,109.742454064,21.1527545888,109.954053466,21.0312321614,60.9388080193,79.0073900134,5150.00103042,0.00186264514923,213.511535549,211.448787013,3,72.4050842109,37.5583258574,53.933064919,0.000956101600669,0.000965883373283,-9.78177261413e-06,-3.45607986674e-05,536.601462086,0,0,0,0,1056,-2.31796298067e-06,2.31796298067e-06,1.41284418106,0,0,0,0,0.00421494245529,0.00275887688622
2.17600010335,2630.26845641,-630.035821814,83.9978790283,-470.209472656,5.82473611832,0.34921464324,100.152839661,39.8763465881,0.972331404686,0.000232830643654,0.000465661287308,0,0,51.5222094206,8.62373774562,104.868833752,18.8004179205,60.9388080193,78.9857003838,5150.00009909,0.00186264514923,213.511535549,211.470469367,3,72.4050842109,39.2410365748,55.3908794245,0.000948651560084,0.00101863406599,-6.99825059014e-05,-0.00101863406599,536.601462086,0,0,0,0,1088,-2.19646858568e-06,2.19646858568e-06,1.41333174706,0,0,0,0,0.0018806331791,0.00123394711409
2.24000010639,2594.86306459,-483.562675072,64.4697341919,-472.377227783,4.15856409073,0.280288219452,100.152488708,39.8765792847,0.972331166267,0.000232830643654,0.000465661287308,0,0,2.21957934025,-1.48600856675,100.47297483,17.1922426855,74.5577708585,94.1528851399,5150.00196174,0.00186264514923,213.511535549,211.470469367,3,72.4050842109,29.9479033856,49.5415661135,0.000815790726638,0.00088220986072,-6.64191340816e-05,0.000980435288511,536.601462086,0,0,0,0,1120,-2.24674295168e-06,2.24674295168e-06,1.41162312031,0,0,0,0,0.000842372130137,0.000553305668291
2.30400010943,2568.16181354,-359.088502591,47.8745384216,-475.87991333,2.94581913948,0.214605435729,100.152076721,39.876789093,0.97233080864,0.000232830643654,0.000465661287308,0,0,4.92411579012,-0.817963230207,96.2839175528,15.5626203772,101.474674011,107.381492853,5150.00056475,0.00186264514923,213.511535549,211.470469367,3,72.4050842109,27.3030400422,47.4952430523,0.000409985559391,0.00040017766878,9.80789061078e-06,6.54836185277e-05,536.601462086,0,0,0,0,1152,-2.1917956019e-06,2.1917956019e-06,1.41252458096,0,0,0,0,0.000377969437977,0.000248386175372
2.36800011247,2548.55281673,-261.10347244,34.8109397888,-479.328582764,2.07777953148,0.159300982952,100.152076721,39.8770294189,0.97233080864,0.000232830643654,0.000465661287308,0,0,6.25784420874,-0.435939585343,92.2776584857,13.9950841596,114.398499136,114.750728244,5149.99963343,0.00186264514923,213.511535549,211.470469367,3,72.4050842109,27.9328451143,47.4010121252,0.000244571210506,0.000260115484707,-1.55442742011e-05,-0.000725776772015,536.601462086,0,0,0,0,1184,-2.34803405874e-06,2.34803405874e-06,1.41240227222,0,0,0,0,0.000169725200976,0.00011156067194
2.43200011551,2534.39461812,-187.322919373,24.9743385315,-482.222991943,1.46247303486,0.115795321763,100.151847839,39.8772354126,0.97233068943,0.000232830643654,0.000465661287308,0,0,6.96986890953,-0.113374373451,88.445092877,12.6789485854,121.298020531,120.97301078,5150.00149608,0.00186264514923,213.511535549,211.470469367,3,72.4050842109,28.7936527457,47.5615306641,0.000381649115089,0.00040017766878,-1.85285536913e-05,0.000996806193143,536.601462086,0,0,0,0,1216,-2.23573078983e-06,2.23573078983e-06,1.40971434116,0,0,0,0,7.62407507864e-05,5.01180729771e-05
2.49600011855,2524.28231761,-133.2591346,17.7664260864,-484.472503662,1.02848136425,0.083007030189,100.151573181,39.8774337769,0.972330451012,0.000232830643654,0.000465661287308,0,0,7.38812712314,0.181770031133,84.7789032315,11.6346947672,125.350939925,126.66634575,5150.00009909,0.00186264514923,213.511535549,211.470469367,3,72.4050842109,29.6385278489,47.7750036225,0.0005515114615,0.000531144905835,2.03665556642e-05,-0.000531144905835,536.601462086,0,0,0,0,1248,-2.21488699026e-06,2.21488699026e-06,1.41257309914,0,0,0,0,3.42527855537e-05,2.25175954256e-05
2.56000012159,2517.10857265,-94.3024642766,12.5726299286,-486.148773193,0.723024964333,0.0589862428606,100.151161194,39.877620697,0.972330152988,0.000232830643654,0.000465661287308,0,0,7.65539424249,0.456031795714,81.2720357475,10.8280050073,127.94075883,131.956854602,5150.00103042,0.00186264514923,213.511535549,211.470469367,3,72.4050842109,30.4345121549,47.972669563,0.00036225840383,0.000409272615798,-4.7014211968e-05,0.000522049958818,536.601462086,0,0,0,0,1280,-2.25288431466e-06,2.25288431466e-06,1.41252577305,0,0,0,0,1.53898763529e-05,1.01174227893e-05
2.62400012463,2512.04008237,-66.5256375214,8.86935710907,-487.366790771,0.508253991604,0.0416934750974,100.150856018,39.8778114319,0.972329974174,0.000232830643654,0.000465661287308,0,0,7.86560604926,0.79889197386,77.9177882147,10.2163019579,129.97770682,138.570627314,5150.00056475,0.00186264514923,213.511535549,211.470469367,3,72.4050842109,28.7570983346,47.4531370855,0.0004085076305,0.000454747350886,-4.6239720386e-05,1.09139364213e-05,536.601462086,0,0,0,0,1312,-2.23234860641e-06,2.23234860641e-06,1.41353178024,0,0,0,0,6.91493687555e-06,4.54597056887e-06
2.68800012767,2508.46846029,-46.842811571,6.24519538879,-488.239654541,0.357294440269,0.0293818041682,100.150764465,39.8780059814,0.972329854965,0.000232830643654,0.000465661287308,0,0,8.34997992008,1.32501256943,74.7099638351,9.7760125167,132.067099912,147.375787492,5150.00103042,0.00186264514923,213.511535549,211.470469367,3,72.4050842109,23.8514421653,45.5568588222,0.000456138862792,0.000438376446255,1.77624165376e-05,0.000492946128361,536.601462086,0,0,0,0,1344,-2.35385732594e-06,2.35385732594e-06,1.41274356842,0,0,0,0,3.10704308504e-06,2.04261755243e-06
2.75200013071,2505.95482066,-32.9468675773,4.39255523682,-488.859802246,0.251235216856,0.0206635985523,100.150444031,39.8781738281,0.972329676151,0.000232830643654,0.000465661287308,0,0,49.2132979481,11.779492726,71.6430543442,9.99654270595,132.067099912,146.503210999,5150.00056475,0.00186264514923,213.511535549,213.250503293,3,72.4050842109,24.1229681706,44.7319798695,0.00049640976052,0.000536601874046,-4.01921135262e-05,-7.09405867383e-05,536.601462086,0,0,0,0,1376,-2.25860640057e-06,2.25860640057e-06,1.41252529621,0,0,0,0,1.39607618621e-06,9.17803731681e-07
2.81600013375,2504.18740325,-23.1600097322,3.08774781227,-489.29800415,0.176710024476,0.0145185487345,100.319633484,39.7491531372,0.972451984882,0.000232830643654,0.000465661287308,0,0,102.353732257,21.6127130031,97.6997979488,18.6257960411,101.575598819,111.90330406,5150.00103042,0.00186264514923,244.003065745,247.850402957,3,72.4050842109,27.9071791738,47.3753134429,0.00083570499132,0.000814907252789,2.07977385314e-05,0.000116415321827,536.601462086,0,0,0,0,1408,-2.35679794969e-06,2.35679794969e-06,1.41631150246,0,0,0,0,6.27295662525e-07,4.12394939531e-07
2.88000013679,2502.94525176,-16.2759024533,2.16994214058,-489.606719971,0.124361030757,0.0101910969242,100.397636414,39.6900215149,0.972508192062,0.000232830643654,0.000465661287308,0,0,112.881088193,23.4649549056,110.885323766,22.083823456,72.321810876,89.5082848729,5150.00196174,0.00232830643654,273.256882792,270.245451247,3,72.4050842109,34.1756858688,50.9769415658,0.00123656478113,0.00121690391097,1.96608701541e-05,0.000645741238259,536.601462086,0,0,0,0,1440,-2.28171779781e-06,2.28171779781e-06,1.41312241554,0,0,0,0,2.8186155987e-07,1.85300606859e-07
2.94400013983,2502.07236968,-11.4362246677,1.52470481396,-489.823944092,0.0875682383776,0.00715229846537,100.415626526,39.6760482788,0.97252112627,0.000232830643654,0.000465661287308,0,0,111.618596854,22.1093101675,111.079519396,21.6328342839,61.6249672021,80.2115755505,5150.00103042,0.00232830643654,283.953704638,279.542116914,3,72.4050842109,36.8249493476,52.9847056896,0.000822304155323,0.000833097146824,-1.07929915005e-05,9.82254277915e-05,536.601462086,0,0,0,0,1472,-2.22028074859e-06,2.22028074859e-06,1.4127560854,0,0,0,0,1.26648302512e-07,8.32607582879e-08
3.00800014287,2501.45909376,-8.03571401775,1.07134056091,-489.976593018,0.0617095641792,0.0050175790675,100.415855408,39.6759109497,0.97252124548,0.000232830643654,0.000465661287308,0,0,81.134819893,15.0409009112,105.893854424,19.4807508716,60.6053508818,78.8462202763,5150.00103042,0.00232830643654,284.973270027,280.907435808,4,71.4617781341,38.7071049772,54.6348746866,0.000726848067845,0.000829459168017,-0.000102611100172,0.000101863406599,536.601462086,0,0,0,0,1504,-2.20757215175e-06,2.20757215175e-06,1.41454899311,0,0,0,0,5.69066287426e-08,3.74113824364e-08
3.07200014591,2501.02789141,-5.65081427339,0.753380060196,-490.083129883,0.0435243919492,0.00352015136741,100.415214539,39.6764717102,0.972520828247,0.000232830643654,0.000465661287308,0,0,10.760106672,0.428395163727,101.414536502,17.6676674574,60.8170303167,83.7283369037,5150.00149608,0.00232830643654,284.973270027,280.907435808,4,71.4617781341,36.1897546099,55.6369959668,0.000936973318377,0.000962245394476,-2.52720760985e-05,0.000434738467447,536.601462086,0,0,0,0,1536,-2.38468987845e-06,2.38468987845e-06,1.40886521339,0,0,0,0,2.55697436558e-08,1.68099827391e-08
3.13600014895,2500.72497874,-3.97329995394,0.52972984314,-490.15826416,0.0307269468904,0.00247044092976,100.414451599,39.676940918,0.972520232201,0.000232830643654,0.000465661287308,0,0,4.02620684124,-1.01407578838,97.1842404877,16.1061055461,92.7739383769,103.598482383,5150.00103042,0.00232830643654,284.973270027,280.907435808,4,71.4617781341,27.4096473731,47.5359120173,0.000517809947698,0.000583895598538,-6.60856508405e-05,0.000347426976077,536.601462086,0,0,0,0,1568,-2.38061647906e-06,2.38061647906e-06,1.41211938858,0,0,0,0,1.14892051428e-08,7.55319540247e-09
3.20000015199,2500.51170588,-2.79621326627,0.372797846794,-490.210632324,0.0217210501432,0.00173358665779,100.413948059,39.6774215698,0.972519874573,0.000232830643654,0.000465661287308,0,0,5.76560485456,-0.573437502636,93.1402805716,14.4795990332,109.628701466,112.098394311,5150.00056475,0.00232830643654,284.973270027,280.907435808,4,71.4617781341,27.6368282357,47.2226383863,0.000508942374355,0.000451109372079,5.7833002276e-05,1.45519152284e-05,536.601462086,0,0,0,0,1600,-2.3348063678e-06,2.3348063678e-06,1.41291952133,0,0,0,0,5.1624220454e-09,3.39386319048e-09
3.26400015503,2500.36153011,-1.96856331058,0.262453556061,-490.247344971,0.0153796831146,0.0012160546612,100.413230896,39.6778678894,0.972519397736,0.000232830643654,0.000465661287308,0,0,6.66083291929,-0.233414104272,89.2718086949,13.0610221878,118.303461932,118.657444546,5150.00103042,0.00232830643654,284.973270027,280.907435808,4,71.4617781341,28.4689449472,47.3206127936,0.000541783659602,0.000592990545556,-5.12068859537e-05,0.00033833202906,536.601462086,0,0,0,0,1632,-2.26180259233e-06,2.26180259233e-06,1.41203832626,0,0,0,0,2.31962093977e-09,1.52495804873e-09
3.32800015807,2500.255825,-1.38583777698,0.184763208032,-490.273193359,0.0109066059813,0.000853905279655,100.412727356,39.6783103943,0.972519040108,0.000232830643654,0.000465661287308,0,0,7.16792014157,0.072325888607,85.5710605483,11.9164284062,123.217134387,124.555168441,5150.00056475,0.00232830643654,284.973270027,280.907435808,4,71.4617781341,29.3310513371,47.5260676467,0.000601440827697,0.000552972778678,4.84680490187e-05,-8.73114913702e-05,536.601462086,0,0,0,0,1664,-2.25406847676e-06,2.25406847676e-06,1.41438448429,0,0,0,0,1.04227071418e-09,6.85206502649e-10
3.39200016111,2500.18131919,-0.977719764705,0.130351930857,-490.29107666,0.00775714963675,0.000598120735958,100.412315369,39.6787452698,0.972518742085,0.000232830643654,0.000465661287308,0,0,7.48228951643,0.35541838188,82.0310995272,11.0249822376,126.263374113,130.016022013,5150.00056475,0.00232830643654,284.973270027,280.907435808,4,71.4617781341,30.1497311739,47.7333487652,0.000339165293073,0.000394720700569,-5.55554074966e-05,7.09405867383e-05,536.601462086,0,0,0,0,1696,-2.22823700824e-06,2.22823700824e-06,1.41156637669,0,0,0,0,4.68321437186e-10,3.07882469519e-10
3.45600016415,2500.1289323,-0.688976228957,0.0918559581041,-490.303863525,0.005527573172,0.000420718046371,100.411872864,39.6791648865,0.972518384457,0.000232830643654,0.000465661287308,0,0,7.69813410984,0.638551605158,78.6450110015,10.3431394579,128.354906337,135.477661388,5150.00009909,0.00232830643654,284.973270027,280.907435808,4,71.4617781341,30.347289794,47.7493776998,0.000488222948181,0.000474756234325,1.34667138552e-05,-0.000474756234325,536.601462086,0,0,0,0,1728,-2.27949158216e-06,2.27949158216e-06,1.41286873817,0,0,0,0,2.10429951242e-10,1.38340214284e-10
3.52000016719,2500.09191222,-0.487186184728,0.0649528279901,-490.312652588,0.00394336786121,0.000298533792375,100.411460876,39.6795654297,0.972518086433,0.000232830643654,0.000465661287308,0,0,7.92080406215,1.09602873666,75.4064956259,9.84032352137,130.512577016,144.302393892,5150.00009909,0.00232830643654,284.973270027,280.907435808,4,71.4617781341,25.487082894,46.1360577901,0.000273603514844,0.000243744580075,2.98589347691e-05,-0.000243744580075,536.601462086,0,0,0,0,1760,-2.00395152206e-06,2.00395152206e-06,1.41417074203,0,0,0,0,9.45520883811e-11,6.21601242701e-11
3.58400017023,2500.06560236,-0.345880209807,0.04611357674,-490.318572998,0.00283197453246,0.0002083467989,100.410820007,39.6799316406,0.972517669201,0.000232830643654,0.000465661287308,0,0,25.1476620161,5.8324223211,72.3097814421,9.49340173049,131.254812004,148.42566452,5150.00056475,0.00232830643654,284.973270027,280.907435808,4,71.4617781341,24.0096360358,44.8120954388,0.000310856604346,0.000405634636991,-9.47780326443e-05,6.0026650317e-05,536.601462086,0,0,0,0,1792,-2.33788637161e-06,2.33788637161e-06,1.40969860554,0,0,0,0,4.24849044833e-11,2.79302813516e-11
3.64800017327,2500.04697591,-0.244559146267,0.0326052084565,-490.322967529,0.0020458207,0.000143594967085,100.510444641,39.6114234924,0.97258913517,0.000232830643654,0.000465661287308,0,0,89.0510459426,19.0021745959,83.9150505758,15.4386606159,118.877636851,125.573671539,5150.00009909,0.00232830643654,297.350459732,303.759385133,4,71.4617781341,25.4400874837,45.4469991382,0.000410423292574,0.000465661287308,-5.52379947338e-05,-0.000465661287308,536.601462086,0,0,0,0,1824,-2.35102061197e-06,2.35102061197e-06,1.41650950909,0,0,0,0,1.90896569385e-11,1.25498621911e-11
3.71200017631,2500.03370456,-0.172474159399,0.0229946672916,-490.326049805,0.00147839169949,0.000101644989627,100.675872803,39.4976158142,0.972707211971,0.000232830643654,0.000465661287308,0,0,110.192688779,23.2665438417,107.311587999,21.3466737068,80.4635492386,96.2088888627,5150.00056475,0.00232830643654,335.764576448,333.124160534,4,71.4617781341,32.5847322529,49.9137750012,0.000618470205604,0.000651198206469,-3.2728000865e-05,-0.000185536919162,536.601462086,0,0,0,0,1856,-2.23395932153e-06,2.23395932153e-06,1.41257834435,0,0,0,0,8.57751977085e-12,5.63900445436e-12
3.77600017935,2500.02439134,-0.122300264138,0.0163053628057,-490.328186035,0.00107037939597,7.38722228562e-05,100.713066101,39.4721031189,0.972733676434,0.000232830643654,0.000465661287308,0,0,112.117409776,22.8027783522,111.115257193,22.0306837176,63.9762220089,82.6866016723,5150.00056475,0.00232830643654,352.251867298,346.646411344,4,71.4617781341,35.9564292012,52.0753710589,0.000578225065051,0.000585714587942,-7.48952289076e-06,-0.000120053300634,536.601462086,0,0,0,0,1888,-2.08786605072e-06,2.08786605072e-06,1.41611540318,0,0,0,0,3.85412058171e-12,2.53376247934e-12
3.84000018239,2500.01787208,-0.0876191847965,0.0116815995425,-490.329589844,0.000784904113971,5.32473823114e-05,100.71849823,39.4682426453,0.972737550735,0.000232830643654,0.000465661287308,0,0,102.309673464,19.7087798454,107.102413112,20.3274451363,60.2966065344,78.7728931755,5150.00103042,0.00232830643654,355.931551894,350.560061634,5,70.9581727278,38.0761848646,53.8990498171,0.00112503699412,0.00107138475869,5.36522354322e-05,-0.000140062184073,536.601462086,0,0,0,0,1920,-2.24568566409e-06,2.24568566409e-06,1.41222417355,0,0,0,0,1.73176447141e-12,1.13849056051e-12
3.90400018543,2500.01321547,-0.0613726740539,0.00818235147744,-490.330810547,0.000570974661969,4.12887093262e-05,100.717185974,39.4691696167,0.972736656666,0.000232830643654,0.000465661287308,0,0,34.4246693339,5.00778583645,102.411459164,18.2445135192,60.2966065344,78.7728931755,5150.00103042,0.00232830643654,355.931551894,350.560061634,5,70.9581727278,39.670845581,55.2588680875,0.00134116633077,0.00140425981954,-6.30934887669e-05,-0.000472937244922,536.601462086,0,0,0,0,1952,-2.23408960665e-06,2.23408960665e-06,1.4127240181,0,0,0,0,7.78130218679e-13,5.11555858437e-13
3.96800018847,2500.00972301,-0.0435943086075,0.00581209734082,-490.331481934,0.000436210742919,2.86041995423e-05,100.716499329,39.4697875977,0.972736120224,0.000232830643654,0.000465661287308,0,0,2.86548746822,-1.28558935773,98.1329365344,16.6843689606,81.5265666461,98.3609861578,5150.00103042,0.00232830643654,355.931551894,350.560061634,5,70.9581727278,28.3547087747,47.9788905068,0.00137112281251,0.00142426870298,-5.31458904662e-05,-0.000492946128361,536.601462086,0,0,0,0,1984,-2.2431781872e-06,2.2431781872e-06,1.41093039513,0,0,0,0,3.49635820513e-13,2.29856335788e-13
4.03200019151,2500.0073947,-0.0322757642834,0.00430308189243,-490.331848145,0.000326573906932,2.30890018429e-05,100.715736389,39.4703865051,0.972735583782,0.000232830643654,0.000465661287308,0,0,5.17688388593,-0.724653720655,94.0485655859,15.0398900861,103.923994175,109.1814338,5150.00103042,0.00232830643654,355.931551894,350.560061634,5,70.9581727278,27.4001940852,47.1580569865,0.00151863148445,0.00156433088705,-4.56994025955e-05,-0.000633008312434,536.601462086,0,0,0,0,2016,-2.40371286964e-06,2.40371286964e-06,1.41442489624,0,0,0,0,1.57101165844e-13,1.03280909216e-13
4.09600019455,2500.00576489,-0.0249166358657,0.00332194543444,-490.33203125,0.000233998754993,2.19180001295e-05,100.715187073,39.4709625244,0.972735226154,0.000232830643654,0.000465661287308,0,0,6.32238686085,-0.359671040798,90.1417409513,13.5245010937,115.023918625,116.221948701,5150.0024274,0.00232830643654,355.931551894,350.560061634,5,70.9581727278,28.1390184682,47.15162504,0.00178386287686,0.00182808435056,-4.42214737051e-05,0.000500222085975,536.601462086,0,0,0,0,2048,-2.42762075686e-06,2.42762075686e-06,1.41321623325,0,0,0,0,7.05899639956e-14,4.64070174975e-14
4.16000019759,2500.00413507,-0.0177206356256,0.00236255745403,-490.332183838,0.000165083649335,2.06704316952e-05,100.714515686,39.4715118408,0.972734749317,0.000232830643654,0.000465661287308,0,0,6.94738125409,-0.0422427309488,86.4042881313,12.2735756459,121.080112876,122.345139971,5150.00149608,0.00232830643654,355.931551894,350.560061634,5,70.9581727278,29.0084972221,47.3345680803,0.00181369146091,0.00182808435056,-1.43928896579e-05,-0.00043110048864,536.601462086,0,0,0,0,2080,-2.26004272008e-06,2.26004272008e-06,1.41319048405,0,0,0,0,3.17180465649e-14,2.08519724924e-14
4.22400020063,2500.00343658,-0.0116151408491,0.00154855835717,-490.332641602,0.000132190587465,1.55905490828e-05,100.713829041,39.4720458984,0.97273427248,0.000232830643654,0.000465661287308,0,0,7.32212820524,0.249776278775,82.8290361271,11.2888002823,124.711412354,127.978186356,5150.00149608,0.00279396772385,355.931551894,350.560061634,5,70.9581727278,29.8480590573,47.5474516861,0.00190749731288,0.00191357685253,-6.07953964948e-06,-0.000516592990607,536.601462086,0,0,0,0,2112,-2.2445601644e-06,2.2445601644e-06,1.41323184967,0,0,0,0,1.42518070641e-14,9.36937447792e-15
4.28800020367,2500.00273809,-0.00749271578115,0.000998946838081,-490.332855225,0.00011311005801,1.16115088531e-05,100.712974548,39.4725494385,0.972733616829,0.000232830643654,0.000465661287308,0,0,7.56552098916,0.521429448887,79.4090410092,10.5310128525,127.069884911,133.218374685,5150.00149608,0.00279396772385,355.931551894,350.560061634,5,70.9581727278,30.6355323119,47.7372559544,0.00187621211623,0.00196268956643,-8.64774502007e-05,-0.000565705704503,536.601462086,0,0,0,0,2144,-2.02647015612e-06,2.02647015612e-06,1.41135525703,0,0,0,0,6.4037350997e-15,4.20992188389e-15
4.35200020671,2500.00227243,-0.00491308682626,0.00065502448706,-490.332977295,9.86185477814e-05,9.67436426436e-06,100.712242126,39.4730453491,0.972733139992,0.000232830643654,0.000465661287308,0,0,7.77814861315,0.912362249521,76.1378935601,9.96071060174,129.130246933,140.759468195,5150.0024274,0.00279396772385,355.931551894,350.560061634,5,70.9581727278,27.6181781373,46.8195576104,0.00179426522251,0.00180079950951,-6.53428700037e-06,0.000527506927028,536.601462086,0,0,0,0,2176,-2.05750870919e-06,2.05750870919e-06,1.41227316856,0,0,0,0,2.87737748633e-15,1.89163590594e-15
4.41600020975,2500.0020396,-0.00322312976309,0.000429715379141,-490.333099365,8.92167954589e-05,8.36648723634e-06,100.711296082,39.4735069275,0.972732424736,0.000232830643654,0.000465661287308,0,0,11.1973691313,2.17653709518,73.0097558982,9.55556839408,130.734566483,148.506791447,5150.00149608,0.00279396772385,355.931551894,350.560061634,5,70.9581727278,23.6928135564,45.134442189,0.00186124364532,0.00191812432604,-5.68806807211e-05,-0.000521140464116,536.601462086,0,0,0,0,2208,-2.18999139179e-06,2.18999139179e-06,1.41244614124,0,0,0,0,1.29288642085e-15,8.4996511062e-16
4.48000021279,2500.0020396,-0.00210266226652,0.000280331965769,-490.333251953,8.33179074107e-05,7.43708824302e-06,100.710792542,39.4739685059,0.972732067108,0.000232830643654,0.000465661287308,0,0,64.9435175335,14.7920932541,70.019112434,11.6068705225,130.734566483,140.312869917,5150.0024274,0.00279396772385,355.931551894,358.768447768,5,70.9581727278,24.3235808739,44.5328332717,0.00208778859478,0.00208183337236,5.9552224263e-06,0.00024647306418,536.601462086,0,0,0,0,2240,-2.19949765778e-06,2.19949765778e-06,1.41285014153,0,0,0,0,5.80930029457e-16,3.81913179873e-16
4.54400021583,2500.00180677,-0.00137337341499,0.000183101423318,-490.333221436,7.93801882537e-05,6.85499298925e-06,100.904685974,39.3630218506,0.972869515419,0.000232830643654,0.000465661287308,0,0,105.172974931,22.4093421226,101.1927263,19.820468702,92.2010804061,105.451101263,5150.00196174,0.00279396772385,394.464994315,393.630150938,5,70.9581727278,29.7422848234,48.2470204588,0.00195274994785,0.00195905158762,-6.30163976556e-06,-9.64064383879e-05,536.601462086,0,0,0,0,2272,-2.12797658605e-06,2.12797658605e-06,1.41554379463,0,0,0,0,2.61028131652e-16,1.71604322312e-16
4.60800021887,2500.00180677,-0.000897729557359,0.000119687450933,-490.333282471,7.68439349486e-05,6.46758508083e-06,100.960441589,39.3314208984,0.972908854485,0.000232830643654,0.000465661287308,0,0,111.799344114,23.262401656,110.219651442,22.1242088515,68.213463237,86.551415734,5150.00149608,0.00279396772385,418.452662416,412.529858295,5,70.9581727278,34.9174479197,51.1771722813,0.00175300217398,0.00168074620888,7.22559651001e-05,-0.000283762346953,536.601462086,0,0,0,0,2304,-2.22267976824e-06,2.22267976824e-06,1.41153645515,0,0,0,0,1.17287249308e-16,7.71066334159e-17
4.67200022191,2500.00180677,-0.00058693155891,7.82511197031e-05,-490.333312988,7.51441548346e-05,6.22446304988e-06,100.973854065,39.3239974976,0.972918272018,0.000232830643654,0.000465661287308,0,0,109.155853173,21.5268514622,108.847046083,21.1918068671,60.2714208071,79.1913844296,5150.00149608,0.00279396772385,426.394719398,419.889867771,5,70.9581727278,37.3457260139,53.1347432116,0.00132821841026,0.00132604327518,2.17513507206e-06,7.09405867383e-05,536.601462086,0,0,0,0,2336,-2.23630354412e-06,2.23630354412e-06,1.41423404217,0,0,0,0,5.27004510668e-17,3.46461787154e-17
4.73600022495,2500.00180677,-0.0003834635387,5.11242760695e-05,-490.333343506,7.4041847256e-05,6.06266712566e-06,100.972084045,39.3250808716,0.972917020321,0.000232830643654,0.000465661287308,0,0,64.3566016752,11.5467264249,103.588682272,18.9392873531,60.0554049015,78.7259850767,5150.00149608,0.00279396772385,426.610698923,420.35523802,6,70.6791761331,39.1215689888,54.6865812794,0.00106590557214,0.00106228981167,3.61576046881e-06,0.000334694050252,536.601462086,0,0,0,0,2368,-2.15028057937e-06,2.15028057937e-06,1.41189134121,0,0,0,0,2.36797854223e-17,1.55674961149e-17
4.80000022799,2500.00180677,-0.000250163889604,3.33524476446e-05,-490.333374023,7.33328270144e-05,5.95376923229e-06,100.971588135,39.3256568909,0.972916662693,0.000232830643654,0.000465661287308,0,0,4.08737824491,-1.0359176007,99.2402222606,17.2461149059,66.1550511722,89.4161639735,5150.00009909,0.00279396772385,426.610698923,420.35523802,6,70.6791761331,32.5215260091,51.9194363733,0.000249584339307,0.000138243194669,0.000111341144637,-0.000138243194669,536.601462086,0,0,0,0,2400,-2.13829071072e-06,2.13829071072e-06,1.41226601601,0,0,0,0,1.06399936136e-17,6.99491222935e-18
4.86400023103,2500.00180677,-0.000163302441014,2.17718716158e-05,-490.333374023,7.28671147954e-05,5.88366719967e-06,100.970909119,39.3261795044,0.972916185856,0.000232830643654,0.000465661287308,0,0,4.4352540936,-0.900244193082,95.1074782003,15.6454512739,96.7376035987,105.794293631,5150.00056475,0.00279396772385,426.610698923,420.35523802,6,70.6791761331,27.3189689324,47.2173196613,0.00050293545717,0.000531144905835,-2.82094486659e-05,-6.54836185277e-05,536.601462086,0,0,0,0,2432,-2.23864913096e-06,2.23864913096e-06,1.40945327282,0,0,0,0,4.78084668739e-18,3.14301087656e-18
4.92800023407,2500.00180677,-0.000106631016517,1.4216301679e-05,-490.333404541,7.25621866877e-05,5.838162906e-06,100.970497131,39.3266944885,0.972915947437,0.000232830643654,0.000465661287308,0,0,5.92418858262,-0.493907753628,91.1555253492,14.0506557383,111.165376438,113.632522698,5149.99963343,0.00279396772385,426.610698923,420.35523802,6,70.6791761331,27.8164225165,47.0430204587,0.000315522705185,0.000394720700569,-7.9197995384e-05,-0.000860381987877,536.601462086,0,0,0,0,2464,-2.14398073695e-06,2.14398073695e-06,1.41261410713,0,0,0,0,2.14816799167e-18,1.41224297827e-18
4.99200023711,2500.00157394,-6.96083815588e-05,9.28035569814e-06,-490.333282471,7.23636694602e-05,5.80828009333e-06,100.969459534,39.3271522522,0.972915172577,0.000232830643654,0.000465661287308,0,0,6.70670597843,-0.162250787645,87.3747828426,12.6919345758,118.74797201,120.030184917,5150.00009909,0.00279396772385,426.610698923,420.35523802,6,70.6791761331,28.6736540147,47.1808634757,0.000129218399869,7.45785655454e-05,5.46398343237e-05,-7.45785655454e-05,536.601462086,0,0,0,0,2496,-2.26788938562e-06,2.26788938562e-06,1.41025900841,0,0,0,0,9.65231990307e-19,6.34560439982e-19
5.05600024015,2503.50893475,196.945053176,-26.2571849823,-518.310241699,0.200708717108,-0.00429740967229,100.968818665,39.32762146,0.972914755344,0.000232830643654,0.000465661287308,1,536.6015248,7.15938581058,0.139164371086,83.7580357326,11.6068577041,123.134435853,125.844482682,5150.00009909,0.00279396772385,426.610698923,420.35523802,6,70.6791761331,29.5311510854,47.3920445074,6.05799715947e-05,4.91127138957e-05,1.1467257699e-05,-4.91127138957e-05,540.10870582,2509,5.01800023834,536.60158642,536.601583008,2528,-1.98863381229e-06,1.98863381229e-06,1.41261279583,0,0,0.00978325121105,0.00611453223974,0.00875857286155,0.00548025872558
5.12000024319,2525.0192266,446.280173492,-59.4991378784,-562.099365234,1.35592699051,-0.00713319517672,100.967781067,39.3280563354,0.972914040089,0.000232830643654,0.000465661287308,1,536.6015248,7.44506111839,0.418801823982,80.2983034658,10.7659408912,125.902632135,131.238688482,5150.00056475,0.00279396772385,426.610698923,420.35523802,6,70.6791761331,30.3411779896,47.5939705211,0.000185770496208,0.000223735696636,-3.79652004279e-05,0.000241925590672,561.619073437,2509,5.01800023834,536.60158642,536.601583008,2560,-2.19424350689e-06,2.19424350689e-06,1.41139376163,0,0,0.0254123043269,0.0158826895058,0.0243426691741,0.0152333313599
5.18400024623,2558.77384916,589.948089328,-78.6532897949,-597.804504395,2.90755820274,0.0701059177518,100.96710968,39.3284835815,0.972913563251,0.000232830643654,0.000465661287308,1,536.6015248,7.65413116883,0.730508540903,76.9890010289,10.1254512989,127.928520669,137.251510751,5150.00056475,0.00279396772385,426.610698923,420.35523802,6,70.6791761331,29.6489197353,47.3635191156,0.000614966730317,0.000636646291241,-2.16795609242e-05,-0.000170985003933,595.373591977,2509,5.01800023834,536.60158642,536.601583008,2592,-2.20310062105e-06,2.20310062105e-06,1.41705679893,0,0,0.0407781042159,0.0254863165319,0.0396768078208,0.0248294230551
5.24800024927,2599.34645146,667.028245516,-88.9298019409,-627.975097656,4.63794898987,0.205063655972,100.966423035,39.3289031982,0.97291302681,0.000232830643654,0.000465661287308,1,536.6015248,7.87690733104,1.19806107687,73.8239242994,9.65921642937,130.087224534,146.270598634,5150.00056475,0.00279396772385,426.610698923,420.35523802,6,70.6791761331,24.5333721978,45.5362387584,0.000827966126216,0.000846739567351,-1.8773441135e-05,-0.000381078280043,635.94609685,2509,5.01800023834,536.60158642,536.601583008,2624,-2.0971460799e-06,2.0971460799e-06,1.41100561619,0,0,0.0557308569551,0.0348317846656,0.0546126291156,0.0341753363609
5.31200025231,2643.39568093,702.927471139,-93.7159729004,-654.360046387,6.44752216339,0.373200565577,100.965744019,39.3293037415,0.972912549973,0.000232830643654,0.000465661287308,1,536.6015248,36.6517369292,8.9657693035,70.7975943117,9.34327679621,130.376516609,148.568346049,5150.00056475,0.00279396772385,426.610698923,420.35523802,6,70.6791761331,24.0868557739,44.5054902229,0.000751927839437,0.000735781213734,1.61466257032e-05,-0.000270119926427,679.995398286,2509,5.01800023834,536.60158642,536.601583008,2656,-2.1810378712e-06,2.1810378712e-06,1.41280317307,0,0,0.0701252445579,0.0438282825053,0.0690063163638,0.0431807599962
5.37600025535,2688.77740018,711.165659595,-94.8143081665,-677.710510254,8.26898002625,0.559829771519,101.049095154,39.3017959595,0.972971200943,0.000232830643654,0.000465661287308,1,536.6015248,95.9266128295,20.5503870226,90.9347772466,17.2561096229,107.966727228,117.644187412,5150.00103042,0.00279396772385,449.020502856,451.279309345,6,70.6791761331,26.6590468527,46.1795571027,0.000556227772175,0.000562067725696,-5.83995352077e-06,0.00036925484892,725.377327058,2509,5.01800023834,536.60158642,536.601583008,2688,-2.24741870625e-06,2.24741870625e-06,1.41397035122,0,0,0.0838214606047,0.0523884221911,0.0827192589641,0.0517587065697
5.44000025839,2733.99241269,699.285999872,-93.2304840088,-698.297119141,10.0505552292,0.756153941154,101.111061096,39.2813186646,0.973014712334,0.000232830643654,0.000465661287308,1,536.6015248,110.384320722,23.3641250948,108.045908537,21.7565157021,74.8523452785,92.1476748772,5150.00056475,0.00279396772385,482.134899357,476.775865536,6,70.6791761331,33.5936820193,50.2711045556,0.000690435084105,0.000763975549489,-7.3540465384e-05,-0.000298314262182,770.592371282,2509,5.01800023834,536.60158642,536.601583008,2720,-2.10583743865e-06,2.10583743865e-06,1.41210818291,0,0,0.0966855734587,0.0604284889996,0.0956182405353,0.0598256215453
5.50400026143,2777.91405097,671.813089866,-89.5677261353,-716.170532227,11.7500677109,0.956583023071,101.125022888,39.276550293,0.973024487495,0.000232830643654,0.000465661287308,1,536.6015248,110.454463199,22.3610971952,109.724918445,21.7573031202,61.8758131168,81.0655255918,5150.00103042,0.00279396772385,495.111511555,487.85796389,6,70.6791761331,36.5095911548,52.3352682649,0.00112544355779,0.0012332748156,-0.000107831257812,-0.000301952240989,814.513633827,2509,5.01800023834,536.60158642,536.601583008,2752,-2.17680303649e-06,2.17680303649e-06,1.41258978844,0,0,0.108594074845,0.0678712949157,0.107579879463,0.0673042014241
5.56800026447,2819.65103932,631.873030216,-84.2428207397,-731.31060791,13.3325204849,1.15722572803,101.12587738,39.276473999,0.973025083542,0.000232830643654,0.000465661287308,1,536.6015248,91.05351258,17.4106212088,104.987239469,19.7540563895,59.8753867962,78.6907985457,5150.00009909,0.00279396772385,497.111992445,490.232778247,7,70.5011480022,38.4980048693,54.0727014595,0.00119111813468,0.00121690391097,-2.5785776292e-05,-0.00121690391097,856.2508159,2509,5.01800023834,536.60158642,536.601583008,2784,-2.20873744183e-06,2.20873744183e-06,1.4134427309,0,0,0.119433112442,0.0746456906199,0.118490099907,0.0741230770946
5.63200026751,2858.488122,581.90501295,-77.5809707642,-743.691833496,14.769733429,1.35496222973,101.125198364,39.2768478394,0.973024606705,0.000232830643654,0.000465661287308,1,536.6015248,19.8401376751,2.11732691209,100.504552129,17.8178519058,59.8753867962,79.9924164312,5150.00056475,0.00279396772385,497.111992445,490.232778247,7,70.5011480022,38.8650514651,55.3374702577,0.00129242021252,0.00122417986859,6.82403439312e-05,-0.000758518581279,895.08779206,2509,5.01800023834,536.60158642,536.601583008,2816,-2.15811201087e-06,2.15811201087e-06,1.41259276867,0,0,0.129099458456,0.0806871652603,0.128244936466,0.0802172347903
5.69600027055,2893.86371151,524.301198311,-69.9010925293,-753.357788086,16.0409870148,1.54692101479,101.124382019,39.277141571,0.973024070263,0.000232830643654,0.000465661287308,1,536.6015248,3.46879055132,-1.12385378247,96.3141324356,16.2678796911,87.3725730344,101.480865851,5150.00103042,0.00279396772385,497.111992445,490.232778247,7,70.5011480022,27.6739028777,47.4625849165,0.00116555280705,0.00110958353616,5.59692708846e-05,-0.000178260961547,930.463509576,2509,5.01800023834,536.60158642,536.601583008,2848,-2.04690854844e-06,2.04690854844e-06,1.41270518303,0,0,0.137501433492,0.0859384089708,0.13675147295,0.0855287313461
5.76000027359,2925.36942288,461.514719063,-61.5302467346,-760.435180664,17.1340808868,1.73010337353,101.123924255,39.2774391174,0.973023712635,0.000232830643654,0.000465661287308,1,536.6015248,5.43304749365,-0.638767973476,92.3101440627,14.6268984181,106.406223495,110.838169348,5150.00196174,0.00279396772385,497.111992445,490.232778247,7,70.5011480022,27.5295751635,46.9997394248,0.00157988448712,0.0015388650354,4.10194517242e-05,0.000323780113831,961.969036382,2509,5.01800023834,536.60158642,536.601583008,2880,-2.2489928142e-06,2.2489928142e-06,1.41522288322,0,0,0.144559785724,0.0903498679399,0.143928825855,0.0900072008371
5.82400027663,2952.74704695,395.805225708,-52.7696990967,-765.098754883,18.0459136963,1.90118837357,101.123161316,39.2777061462,0.973023235798,0.000232830643654,0.000465661287308,1,536.6015248,6.42804052343,-0.287597930015,88.4799736702,13.1646152869,116.047704068,117.612238682,5150.00149608,0.00279396772385,497.111992445,490.232778247,7,70.5011480022,28.3330609818,47.0583581773,0.00145927696316,0.00147701939568,-1.77424325232e-05,-8.0035533756e-05,989.346932215,2509,5.01800023834,536.60158642,536.601583008,2912,-2.26852557716e-06,2.26852557716e-06,1.41389429569,0,0,0.150208592415,0.0938803702593,0.149708911777,0.0936103835702
5.88800027966,2975.88831745,329.49069282,-43.9284858704,-767.604492188,18.7824249268,2.05649852753,101.122657776,39.277973175,0.97302287817,0.000232830643654,0.000465661287308,1,536.6015248,6.98252894543,0.0242057406268,84.8156738283,11.974015226,121.420693176,123.626930872,5150.00149608,0.00279396772385,497.111992445,490.232778247,7,70.5011480022,29.2025652016,47.2561732749,0.00153381289614,0.00160980562214,-7.59927260008e-05,-0.000212821760215,1012.48801786,2509,5.01800023834,536.60158642,536.601583008,2944,-2.22112953452e-06,2.22112953452e-06,1.41053473949,0,0,0.154395654798,0.0964972823858,0.154037132859,0.096304513514
5.9520002827,2994.81116235,264.186615823,-35.2219924927,-768.176513672,19.3569355011,2.19217681885,101.122123718,39.2782363892,0.973022460938,0.000232830643654,0.000465661287308,1,536.6015248,7.32143005833,0.312163945923,81.3104178047,11.0427403483,124.704645714,129.181644297,5150.00103042,0.00279396772385,497.111992445,490.232778247,7,70.5011480022,30.0331703329,47.4665794172,0.00151148053795,0.00143336364999,7.81168879582e-05,-0.000502041075379,1031.41091904,2509,5.01800023834,536.60158642,536.601583008,2976,-2.20262745643e-06,2.20262745643e-06,1.41170620918,0,0,0.157083079219,0.098176933825,0.156872853637,0.0980646088719
6.01600028574,3009.62454639,201.155227842,-26.8184967041,-767.036499023,19.7875518799,2.30437707901,101.121528625,39.2784805298,0.973022043705,0.000232830643654,0.000465661287308,1,536.6015248,7.54651033425,0.585177243564,77.9574301409,10.3284980582,126.885672216,134.44806973,5150.00196174,0.00279396772385,497.111992445,490.232778247,7,70.5011480022,30.6600777549,47.6055793115,0.00164260409441,0.0016916601453,-4.90560508881e-05,0.000170985003933,1046.22451477,2509,5.01800023834,536.60158642,536.601583008,3008,-1.79688663593e-06,1.79688663593e-06,1.41209316254,0,0,0.158247590065,0.09890473634,0.158189788461,0.0988747254014
6.08000028878,3020.53056657,143.089331686,-19.0770111084,-764.642578125,20.0956325531,2.38977622986,101.120933533,39.2787094116,0.973021626472,0.000232830643654,0.000465661287308,1,536.6015248,7.76446493364,1.02016179826,74.7503821923,9.79636819169,128.997649881,142.838922329,5150.00103042,0.00279396772385,497.111992445,490.232778247,7,70.5011480022,26.4337377303,46.2853640784,0.00161738693272,0.00159707269631,2.03142364041e-05,-0.000665750121698,1057.13032303,2509,5.01800023834,536.60158642,536.601583008,3040,-1.62344110777e-06,1.62344110777e-06,1.41115415096,0,0,0.157880544662,0.098675340414,0.158189594746,0.0988755375147
6.14400029182,3028.02026272,93.2780385483,-12.4360513687,-761.674072266,20.3055992126,2.44892859459,101.120353699,39.2789459229,0.97302120924,0.000232830643654,0.000465661287308,1,536.6015248,17.3252724053,3.8380432007,71.6836704716,9.42387728513,130.12601994,148.599763634,5150.00149608,0.00279396772385,497.111992445,490.232778247,7,70.5011480022,23.9523087657,44.7865349997,0.00145642502225,0.00142881617649,2.76088457651e-05,-3.18323145621e-05,1064.61999093,2509,5.01800023834,536.60158642,536.601583008,3072,-1.75547381787e-06,1.75547381787e-06,1.41254258156,0,0,0.1559882164,0.0974926427007,0.157258540392,0.0983373373747
6.20800029486,3032.42029622,45.8525537397,-6.11317205429,-757.508605957,20.4346103668,2.48190760612,101.130638123,39.2805290222,0.973028421402,0.000232830643654,0.000465661287308,1,536.6015248,79.3784745351,17.2774687983,75.1335142312,13.6753832313,125.60999312,132.292247145,5150.00149608,0.00279396772385,501.628033817,506.540294737,7,70.5011480022,24.787728762,44.7371457994,0.00177509167087,0.00183445081348,-5.93591426012e-05,-0.000437466951553,1069.01986103,2509,5.01800023834,536.60158642,536.601583008,3104,-1.8476372361e-06,1.8476372361e-06,1.41535234451,0,0,0.152591452003,0.0953696593642,0.155028387904,0.0970199331641
6.2720002979,3033.79190154,-1.55574343808,0.207415431738,-751.860595703,20.4925098419,2.48666024208,101.185585022,39.2877197266,0.973066926003,0.000232830643654,0.000465661287308,1,536.6015248,107.21241726,22.928377042,103.883103415,20.7208300922,84.632942162,99.9658368528,5150.00149608,0.00279396772385,542.604888324,538.866734132,7,70.5011480022,31.5091929224,49.1115388286,0.00164719397844,0.00160798663273,3.92073457034e-05,-0.000211002770811,1070.3948776,2509,5.01800023834,536.60158642,536.601583008,3136,-1.92458014681e-06,1.92458014681e-06,1.41268122196,0,0,0.147725954652,0.0923287272453,0.151383429766,0.0948327854276
6.33600030094,3032.10970014,-49.7378023283,6.63116264343,-744.611999512,20.4850254059,2.46096658707,101.19808197,39.2893447876,0.973075628281,0.000232830643654,0.000465661287308,1,536.6015248,110.972093584,22.9881585611,109.737531785,22.0610286159,65.1574955555,84.1706132633,5150.00149608,0.00279396772385,562.080356758,554.66190679,7,70.5011480022,35.5428674084,51.5054998687,0.00166490070341,0.00172258296516,-5.76822617449e-05,-0.000325599103235,1070.3948776,2509,5.01800023834,536.60158642,536.601583008,3168,-2.24458653975e-06,2.24458653975e-06,1.41555523872,0,0,0.141440838575,0.0884005278349,0.146326169372,0.0917650461197
6.40000030398,3027.30547264,-99.0544867818,13.2061805725,-735.681335449,20.4140586853,2.40309381485,101.200080872,39.2897224426,0.973077058792,0.000232830643654,0.000465661287308,1,536.6015248,106.172512554,20.7580438406,106.772488567,20.7004322995,59.7484759055,78.6679884186,5150.00149608,0.00279396772385,567.489420064,560.164568014,8,70.3775804141,37.793735828,53.3985730726,0.00194942333109,0.00198269844986,-3.32751187715e-05,-0.000585714587942,1070.3948776,2509,5.01800023834,536.60158642,536.601583008,3200,-2.15735440179e-06,2.15735440179e-06,1.41416347027,0,0,0.133798658848,0.0836241692305,0.139904111624,0.0878392010927
6.46400030702,3019.30820569,-149.451443576,19.9252243042,-725.04095459,20.2786483765,2.31216073036,101.199485779,39.2899131775,0.97307664156,0.000232830643654,0.000465661287308,1,536.6015248,47.3255782796,7.89950623218,101.904881932,18.4788601504,59.7484759055,78.6679884186,5150.0024274,0.00279396772385,567.489420064,560.164568014,8,70.3775804141,39.4692942791,54.8468997295,0.00210588128879,0.00206819095183,3.76903369625e-05,0.000260115484707,1070.3948776,2509,5.01800023834,536.60158642,536.601583008,3232,-2.21609457185e-06,2.21609457185e-06,1.41258478165,0,0,0.124875031412,0.0780468955636,0.132187098265,0.0830944627523
6.52800031006,3008.05619918,-200.751936063,26.7647285461,-712.684204102,20.0757293701,2.18809485435,101.199302673,39.2900238037,0.97307652235,0.000232830643654,0.000465661287308,1,536.6015248,2.15523674729,-1.46430970288,97.6441073418,16.8741001127,74.6442383388,94.9134700932,5150.00196174,0.00279396772385,567.489420064,560.164568014,8,70.3775804141,29.5990521408,48.7019788125,0.00186885489029,0.00195723259822,-8.83777079297e-05,-9.45874489844e-05,1070.3948776,2509,5.01800023834,536.60158642,536.601583008,3264,-2.22327139454e-06,2.22327139454e-06,1.41259622574,0,0,0.114757739007,0.071723587811,0.123259596527,0.0775805711746
6.5920003131,2993.4886843,-252.989208093,33.7291259766,-698.576904297,19.799495697,2.03170752525,101.199043274,39.2901268005,0.973076343536,0.000232830643654,0.000465661287308,1,536.6015248,4.8079409391,-0.800584694,93.5822821895,15.2410882439,100.348937849,107.716725324,5150.0024274,0.00279396772385,567.489420064,560.164568014,8,70.3775804141,27.3387995549,47.0410122944,0.00210589194694,0.00221007212531,-0.000104180178373,0.00011823431123,1070.3948776,2509,5.01800023834,536.60158642,536.601583008,3296,-2.27835403166e-06,2.27835403166e-06,1.41248142719,0,0,0.103545829654,0.0647161453962,0.113217614591,0.0713550895452
6.65600031614,2975.53953715,-306.51979614,40.8659515381,-682.639038086,19.4402484894,1.84492218494,101.198768616,39.2902145386,0.973076105118,0.000232830643654,0.000465661287308,1,536.6015248,6.09209772225,-0.418945773865,89.6972708691,13.6875213738,112.792418804,115.078539238,5150.00196174,0.00279396772385,567.489420064,560.164568014,8,70.3775804141,27.9963460343,46.9697988592,0.00185566721711,0.00186992110685,-1.42538897352e-05,-7.27595761418e-06,1070.3948776,2509,5.01800023834,536.60158642,536.601583008,3328,-1.98152793018e-06,1.98152793018e-06,1.41210591793,0,0,0.0913485214114,0.0570928305387,0.102166883647,0.0644819438457
6.72000031918,2954.09327373,-362.415681593,48.3181266785,-664.671081543,18.9801635742,1.6313996315,101.198631287,39.2903137207,0.973076045513,0.000232830643654,0.000465661287308,1,536.6015248,6.78117788195,-0.0948744244572,85.9805765892,12.38877126,119.469601486,121.329874673,5150.00196174,0.00279396772385,567.489420064,560.164568014,8,70.3775804141,28.8651408482,47.1361527161,0.0019122832623,0.00183354131877,7.87419435211e-05,2.91038304567e-05,1070.3948776,2509,5.01800023834,536.60158642,536.601583008,3360,-2.12442205338e-06,2.12442205338e-06,1.41126453876,0,0,0.0782843008637,0.0489276908338,0.0902214944363,0.0570305064321
6.78400032222,2928.95454913,-422.118813731,56.2778892517,-644.38494873,18.3898296356,1.39707100391,101.19808197,39.2903709412,0.973075628281,0.000232830643654,0.000465661287308,1,536.6015248,7.18795352448,0.201872656482,82.4250137013,11.3603189099,123.411256936,127.054125187,5150.0024274,0.00279396772385,567.489420064,560.164568014,8,70.3775804141,29.7147471429,47.3494146718,0.00202405874006,0.00204636307899,-2.23043389314e-05,0.00028194335755,1070.3948776,2509,5.01800023834,536.60158642,536.601583008,3392,-2.27518557949e-06,2.27518557949e-06,1.41267383099,0,0,0.0644796043634,0.0402997583151,0.0775025635958,0.0490747392178
6.84800032526,2899.79553781,-488.469260745,65.1238861084,-621.241394043,17.623003006,1.15094053745,101.197761536,39.2904472351,0.973075449467,0.000232830643654,0.000465661287308,1,536.6015248,7.44891168474,0.47758808311,79.0237920973,10.5666224653,125.939943246,132.37267558,5150.00103042,0.00279396772385,567.489420064,560.164568014,8,70.3775804141,30.5145131279,47.5451051898,0.00213132937688,0.00207910488825,5.22244886225e-05,-0.00114778231364,1070.3948776,2509,5.01800023834,536.60158642,536.601583008,3424,-2.17766682908e-06,2.17766682908e-06,1.41246592999,0,0,0.0500677004457,0.0312923155725,0.0641367807984,0.0406923033297
6.9120003283,2866.02857523,-567.033188418,75.5982208252,-594.209960938,16.6029472351,0.907226443291,101.197410583,39.2905197144,0.973075151443,0.000232830643654,0.000465661287308,1,536.6015248,7.65742321765,0.830042430765,75.7704586106,9.96547905961,127.960418467,139.17151955,5150.00335872,0.00325962901115,567.489420064,560.164568014,8,70.3775804141,28.6183822027,46.9743135909,0.00222668421201,0.00231557351071,-8.88892986994e-05,0.00094405550044,1070.3948776,2509,5.01800023834,536.60158642,536.601583008,3456,-2.2078213533e-06,2.2078213533e-06,1.41421794891,0,0,0.0351873412728,0.0219920892268,0.0502550303936,0.0319637879729
6.97600033134,2826.54375769,-668.356544338,89.1068954468,-561.340637207,15.1932945251,0.69007140398,101.19695282,39.2905845642,0.97307485342,0.000232830643654,0.000465661287308,1,536.6015248,8.39265249064,1.42480156904,72.6592486079,9.53350512041,129.947482492,147.930040839,5150.00289306,0.00325962901115,567.489420064,560.164568014,8,70.3775804141,23.7960921368,45.1539235655,0.00270944915115,0.00275485945167,-4.54103005199e-05,3.91082721762e-05,1070.3948776,2509,5.01800023834,536.60158642,536.601583008,3488,-2.2846304546e-06,2.2846304546e-06,1.40951156616,0,0,0.0199814364314,0.012488398701,0.0359908901155,0.0229718517512
7.04000033438,2779.88566086,-788.737786934,105.156410217,-522.413146973,13.2180480957,0.530276119709,101.196861267,39.2906684875,0.973074793816,0.000232830643654,0.000465661287308,1,536.6015248,50.8016668696,12.3109862488,69.684551277,10.0912462203,129.947482492,145.67017206,5150.0024274,0.00372529029846,567.489420064,563.106092159,8,70.3775804141,24.1831839958,44.3582612206,0.00270189785823,0.00270210875897,-2.10900741315e-07,-0.000373802322429,1070.3948776,2509,5.01800023834,536.60158642,536.601583008,3520,-2.18345871872e-06,2.18345871872e-06,1.41183006763,0,0,0.00459571182728,0.00287231989205,0.0214790552855,0.0138003481552
7.10400033742,2726.02122277,-859.479827341,114.587905884,-486.570129395,10.619682312,0.445282697678,101.286643982,39.2624359131,0.973137438297,0.000232830643654,0.000465661287308,1,536.6015248,100.919906052,21.679513531,96.45583108,18.7623526618,98.3095596894,110.536930151,5150.00289306,0.00372529029846,599.127379246,598.239246756,8,70.3775804141,28.2534201688,47.1770035801,0.00302931248142,0.00300497049466,2.43419867596e-05,-0.000211002770811,1070.3948776,2509,5.01800023834,536.60158642,536.601583008,3552,-2.10581220017e-06,2.10581220017e-06,1.41432750225,0,0,0,0,0.00955439731479,0.00620990619063
7.16800034046,2673.5488791,-767.379475292,102.308868408,-473.120300293,7.96693849564,0.400495260954,101.324241638,39.2506599426,0.973163664341,0.000232830643654,0.000465661287308,1,536.6015248,110.512959212,23.3194381987,108.628275682,21.9837572577,70.5023485352,88.787295681,5150.00335872,0.00419095158577,626.934634056,619.98894671,8,70.3775804141,34.3836509273,50.6549658894,0.003158858633,0.0031795934774,-2.0734844397e-05,8.0035533756e-05,1070.3948776,2509,5.01800023834,536.60158642,536.601583008,3584,-2.30041950999e-06,2.30041950999e-06,1.41120481491,0,0,0,0,0.00422551343217,0.00276159797795
7.2320003435,2629.10081074,-623.100902885,83.0733032227,-470.561523438,5.77884292603,0.344110518694,101.333305359,39.2478752136,0.973169922829,0.000232830643654,0.000465661287308,1,536.6015248,109.041607954,21.8813965596,108.552170801,21.4293031708,60.4889573879,79.8428955022,5150.00289306,0.00419095158577,636.947981548,628.933310509,8,70.3775804141,37.0009693142,52.6630683453,0.00287422942391,0.00284671841655,2.75110073611e-05,-5.27506927028e-05,1070.3948776,2509,5.01800023834,536.60158642,536.601583008,3616,-2.2296608222e-06,2.2296608222e-06,1.41415166855,0,0,0,0,0.00188531691674,0.00123515899759
7.29600034654,2594.05816905,-478.918547742,63.850566864,-472.601745605,4.12585687637,0.277106672525,101.333305359,39.2479400635,0.973169922829,0.000232830643654,0.000465661287308,1,536.6015248,76.882417572,14.383946039,103.441035874,19.2458054365,59.6520221734,78.6464079283,5150.00289306,0.00419095158577,637.785007711,630.129827186,9,70.2954348526,38.8702428609,54.30298188,0.00279515845192,0.00280306267086,-7.90421894603e-06,-9.09494701773e-06,1070.3948776,2509,5.01800023834,536.60158642,536.601583008,3648,-2.31171384257e-06,2.31171384257e-06,1.41261780262,0,0,0,0,0.00084446388064,0.000553847639821
7.36000034958,2567.60255434,-355.908065103,47.4505157471,-476.029724121,2.92269921303,0.212517216802,101.332756042,39.2480735779,0.973169565201,0.000232830643654,0.000465661287308,1,536.6015248,9.06662383553,0.12750709161,99.0786294049,17.4479246863,60.4066299275,84.5444883453,5150.00289306,0.00419095158577,637.785007711,630.129827186,9,70.2954348526,35.5991251126,54.8613425053,0.00254490707674,0.00260115484707,-5.62477703303e-05,0.000192812876776,1070.3948776,2509,5.01800023834,536.60158642,536.601583008,3680,-2.25235157814e-06,2.25235157814e-06,1.41353702545,0,0,0,0,0.000378906581318,0.000248629308771
7.42400035262,2548.16235974,-258.902902715,34.5175552368,-479.430541992,2.06150650978,0.157886356115,101.332221985,39.24817276,0.973169207573,0.000232830643654,0.000465661287308,1,536.6015248,3.99109852081,-0.994307014599,94.9529244967,15.877314791,92.4337364268,103.979822597,5150.0024274,0.00419095158577,637.785007711,630.129827186,9,70.2954348526,27.3950536211,47.2044594062,0.00263716394555,0.00264481059276,-7.64664720432e-06,-0.000316504156217,1070.3948776,2509,5.01800023834,536.60158642,536.601583008,3712,-2.12744430428e-06,2.12744430428e-06,1.41256654263,0,0,0,0,0.000170145736774,0.000111669796752
7.48800035566,2534.12150778,-185.793702258,24.7704601288,-482.292938232,1.45105230808,0.114818423986,101.331764221,39.2482795715,0.973168849945,0.000232830643654,0.000465661287308,1,536.6015248,5.67312350748,-0.558444625992,91.0087066556,14.2568045589,108.732558147,112.38760635,5150.0024274,0.00419095158577,637.785007711,630.129827186,9,70.2954348526,27.6808823401,46.9241495011,0.00295162173869,0.00295949575957,-7.87402087976e-06,-0.00063118932303,1070.3948776,2509,5.01800023834,536.60158642,536.601583008,3744,-2.09694212572e-06,2.09694212572e-06,1.4125982523,0,0,0,0,7.64295982663e-05,5.01670692756e-05
7.5520003587,2524.09116365,-132.188521093,17.6236896515,-484.521514893,1.02046406269,0.0823292657733,101.331581116,39.2484016418,0.973168730736,0.000232830643654,0.000465661287308,1,536.6015248,6.54265015197,-0.218402772514,87.2353182683,12.8510379082,117.158269859,118.947013107,5150.0024274,0.00419095158577,637.785007711,630.129827186,9,70.2954348526,28.5219193756,47.0315935672,0.00264171141906,0.00272848410532,-8.67726862586e-05,-0.00040017766878,1070.3948776,2509,5.01800023834,536.60158642,536.601583008,3776,-2.13458838516e-06,2.13458838516e-06,1.41214418411,0,0,0,0,3.43376123055e-05,2.25396088354e-05
7.61600036174,2516.9744622,-93.5573989409,12.4732961655,-486.182342529,0.717394530773,0.0585149973631,101.331260681,39.2485084534,0.973168492317,0.000232830643654,0.000465661287308,1,536.6015248,7.03739963043,0.0879392147078,83.6255590367,11.7193999021,121.952391055,124.85634943,5150.00289306,0.00419095158577,637.785007711,630.129827186,9,70.2954348526,29.386856113,47.2385800094,0.00269085255467,0.00277759681921,-8.67442645491e-05,1.63709046319e-05,1070.3948776,2509,5.01800023834,536.60158642,536.601583008,3808,-2.18481022785e-06,2.18481022785e-06,1.41260457039,0,0,0,0,1.54279859998e-05,1.01273080872e-05
7.68000036478,2511.94625162,-66.004198743,8.79983711243,-487.390319824,0.504296541214,0.041365377605,101.330726624,39.2486038208,0.973168134689,0.000232830643654,0.000465661287308,1,536.6015248,7.34530164696,0.371643516439,80.1725216555,10.8390435112,124.935962958,130.329004605,5150.00289306,0.00419095158577,637.785007711,630.129827186,9,70.2954348526,30.2072257909,47.4448024761,0.00313042981814,0.00318505044561,-5.46206274654e-05,-0.000391082721762,1070.3948776,2509,5.01800023834,536.60158642,536.601583008,3840,-2.14112696995e-06,2.14112696995e-06,1.41260385513,0,0,0,0,6.93205765856e-06,4.55041254099e-06
7.74400036782,2508.40256922,-46.4745426143,6.19609689713,-488.256469727,0.354523718357,0.0291496980935,101.330726624,39.248714447,0.973168134689,0.000232830643654,0.000465661287308,1,536.6015248,7.55867136678,0.659570061917,76.8694526405,10.1661708893,127.003513626,135.88310685,5150.00382438,0.00419095158577,637.785007711,630.129827186,9,70.2954348526,30.2855478367,47.4287444376,0.00340903362483,0.00347245077137,-6.34171465341e-05,0.000252839527093,1070.3948776,2509,5.01800023834,536.60158642,536.601583008,3872,-2.24123778025e-06,2.24123778025e-06,1.41261661053,0,0,0,0,3.11473513648e-06,2.04461366593e-06
7.80800037086,2505.9087202,-32.689764339,4.35827732086,-488.871490479,0.249284088612,0.0205028057098,101.330039978,39.2487869263,0.973167657852,0.000232830643654,0.000465661287308,1,536.6015248,7.78025083651,1.12153044111,73.7102211173,9.67091782944,129.150619614,144.794321386,5150.00382438,0.00419095158577,637.785007711,630.129827186,9,70.2954348526,25.3364614764,45.7906462543,0.00313929028606,0.00319869286614,-5.94025800771e-05,0.000526597432327,1070.3948776,2509,5.01800023834,536.60158642,536.601583008,3904,-2.12401096178e-06,2.12401096178e-06,1.41123199463,0,0,0,0,1.3995320387e-06,9.18700663988e-07
7.8720003739,2504.15503979,-22.9795859923,3.06369328499,-489.306182861,0.175346314907,0.014405217953,101.329719543,39.2488822937,0.973167479038,0.000232830643654,0.000465661287308,1,536.6015248,26.5361640658,6.31911129287,70.6893847447,9.32996668253,129.812382511,148.618230014,5150.00289306,0.00419095158577,637.785007711,630.129827186,9,70.2954348526,24.0417466557,44.5281693828,0.00314375959987,0.00311592884827,2.78307515922e-05,-0.000321961124428,1070.3948776,2509,5.01800023834,536.60158642,536.601583008,3936,-2.16626494876e-06,2.16626494876e-06,1.41368496418,0,0,0,0,6.28848681572e-07,4.12797930949e-07
7.93600037694,2502.92266719,-16.1490534083,2.15303039551,-489.612548828,0.123399354517,0.0101129552349,101.412345886,39.2068748474,0.973224878311,0.000232830643654,0.000465661287308,1,536.6015248,89.092921939,19.2415387288,83.9797067626,15.7093987843,115.634102258,124.035243061,5150.00335872,0.00419095158577,651.963229757,654.712901451,9,70.2954348526,25.638306397,45.3250140708,0.00355119579576,0.00347790773958,7.32880561793e-05,-0.000218278728426,1070.3948776,2509,5.01800023834,536.60158642,536.601583008,3968,-2.29725537793e-06,2.29725537793e-06,1.41291737556,0,0,0,0,2.82559284415e-07,1.85481667359e-07
8.00000037998,2502.0565372,-11.3477199193,1.51290512085,-489.82800293,0.0868923813105,0.00709762237966,101.526649475,39.1488990784,0.973303973675,0.000232830643654,0.000465661287308,1,536.6015248,108.645254615,23.2159659591,105.89951651,21.3537366645,78.5332449595,95.3369089984,5150.00335872,0.00465661287308,689.064268954,683.411082719,9,70.2954348526,32.8140304191,49.7360997542,0.00360894870932,0.00365253072232,-4.35820129985e-05,-0.000392901711166,1070.3948776,2509,5.01800023834,536.60158642,536.601583008,4000,-2.27699615607e-06,2.27699615607e-06,1.40967941284,0,0,0,0,1.26961793967e-07,8.33421083257e-08
8.06400038302,2501.44791789,-7.97509801487,1.06325912476,-489.979217529,0.0612333901227,0.00497922021896,101.552192688,39.1358108521,0.97332161665,0.000232830643654,0.000465661287308,1,536.6015248,110.210700512,22.6412459262,109.270288837,21.8993643432,62.8966299701,82.2629881441,5150.00335872,0.00465661287308,704.700825736,696.484989021,9,70.2954348526,36.1004458682,51.8791675859,0.00334067619401,0.00332147465087,1.92015431333e-05,-6.18456397206e-05,1070.3948776,2509,5.01800023834,536.60158642,536.601583008,4032,-2.13358225665e-06,2.13358225665e-06,1.41264736652,0,0,0,0,5.70475044981e-08,3.74479398602e-08
8.12800038606,2501.01997517,-5.60672378924,0.747501790524,-490.085144043,0.0431888327003,0.00349297956564,101.555641174,39.133895874,0.973324000835,0.000232830643654,0.000465661287308,1,536.6015248,99.2294035013,19.2983555269,105.169942456,20.130806679,59.5861019974,78.6333766882,5150.00289306,0.00512227416039,708.01115362,700.11446951,10,70.2262841514,38.2013458875,53.6932748219,0.00353294128674,0.00350883055944,2.41107273036e-05,-0.000714862835594,1070.3948776,2509,5.01800023834,536.60158642,536.601583008,4064,-2.03426088774e-06,2.03426088774e-06,1.41112136841,0,0,0,0,2.56330423554e-08,1.68264069345e-08
8.1920003891,2500.71915798,-3.94284552385,0.525669574738,-490.159484863,0.030494607985,0.00245041097514,101.555229187,39.1343269348,0.973323762417,0.000232830643654,0.000465661287308,1,536.6015248,31.2923455373,4.41527381564,100.593988182,18.0687214998,59.5861019974,78.6333766882,5150.00335872,0.00512227416039,708.01115362,700.11446951,10,70.2262841514,39.7835865442,55.0396543986,0.00314104144084,0.00313593773171,5.10370912199e-06,0.000123691279441,1070.3948776,2509,5.01800023834,536.60158642,536.601583008,4096,-2.22952644435e-06,2.22952644435e-06,1.41248440742,0,0,0,0,1.15176446158e-08,7.56057616513e-09
8.25600039214,2500.50774775,-2.77417007055,0.369858980179,-490.211608887,0.0215589161962,0.00171939353459,101.554191589,39.1345748901,0.973323047161,0.000232830643654,0.000465661287308,1,536.6015248,2.90278087404,-1.25712899822,96.3973350669,16.5096262217,81.8879416329,98.9099862636,5150.00335872,0.00512227416039,708.01115362,700.11446951,10,70.2262841514,28.2018954749,47.6669192722,0.00333673912112,0.00328691385221,4.98252689107e-05,-2.72848410532e-05,1070.3948776,2509,5.01800023834,536.60158642,536.601583008,4128,-2.18969921661e-06,2.18969921661e-06,1.41246390343,0,0,0,0,5.17520026833e-09,3.39717987075e-09
8.32000039518,2500.35873614,-1.95368465938,0.260469913483,-490.247955322,0.0152605297044,0.00120732572395,101.553504944,39.1348304749,0.973322570324,0.000232830643654,0.000465661287308,1,536.6015248,5.13940781742,-0.710186628752,92.3903361929,14.8644331772,103.56085113,109.460503154,5150.0024274,0.00512227416039,708.01115362,700.11446951,10,70.2262841514,27.425126973,46.9401129521,0.0031088254332,0.00315230863634,-4.34832031493e-05,-0.000824002199806,1070.3948776,2509,5.01800023834,536.60158642,536.601583008,4160,-2.18583454625e-06,2.18583454625e-06,1.41283547878,0,0,0,0,2.32536279121e-09,1.52644830109e-09
8.38400039822,2500.25396235,-1.375223178,0.183348044753,-490.273681641,0.0108214942738,0.000847979739774,101.553138733,39.1350860596,0.973322272301,0.000232830643654,0.000465661287308,1,536.6015248,6.25287798073,-0.346769314448,88.5573603943,13.3593108358,114.350375952,116.470822832,5150.00335872,0.00512227416039,708.01115362,700.11446951,10,70.2262841514,28.1793563772,46.9479637104,0.00307892579487,0.00311410985887,-3.51840639956e-05,0.000145519152284,1070.3948776,2509,5.01800023834,536.60158642,536.601583008,4192,-2.25253916142e-06,2.25253916142e-06,1.41229653358,0,0,0,0,1.04485087249e-09,6.85875967132e-10
8.44800040126,2500.17992221,-0.971377062342,0.12950630486,-490.291229248,0.00769214145839,0.00059476896422,101.552467346,39.1353302002,0.973321855068,0.000232830643654,0.000465661287308,1,536.6015248,6.86294530626,-0.0294507731795,84.8904455916,12.1205107119,120.261931443,122.591896798,5150.00335872,0.00512227416039,708.01115362,700.11446951,10,70.2262841514,29.0513871732,47.1343373647,0.00340968343837,0.00346881279256,-5.91293541907e-05,-0.000209183781408,1070.3948776,2509,5.01800023834,536.60158642,536.601583008,4224,-2.10567782233e-06,2.10567782233e-06,1.41273283958,0,0,0,0,4.69480898602e-10,3.08183256692e-10
8.5120004043,2500.12800097,-0.683870837292,0.0911752954125,-490.304107666,0.00547748152167,0.000418790645199,101.552192688,39.1355781555,0.97332161665,0.000232830643654,0.000465661287308,1,536.6015248,7.23015547535,0.262651223751,81.3825086839,11.1465467828,123.820194858,128.226543893,5150.00382438,0.00512227416039,708.01115362,700.11446951,10,70.2262841514,29.8915110761,47.3468753626,0.00343203000741,0.00343970896211,-7.67895469433e-06,0.000285581336357,1070.3948776,2509,5.01800023834,536.60158642,536.601583008,4256,-2.19644948629e-06,2.19644948629e-06,1.41234648228,0,0,0,0,2.10950937274e-10,1.38475397815e-10
8.57600040734,2500.0909809,-0.483116423311,0.0644102394581,-490.312713623,0.00391001300886,0.000296189711662,101.551780701,39.1358070374,0.973321378231,0.000232830643654,0.000465661287308,1,536.6015248,7.46942987918,0.534557815471,78.0269793075,10.3976196385,126.138766063,133.471621666,5150.00335872,0.00512227416039,708.01115362,700.11446951,10,70.2262841514,30.673782021,47.5336455565,0.00369576926007,0.00373074726667,-3.49780066022e-05,-0.000471118255518,1070.3948776,2509,5.01800023834,536.60158642,536.601583008,4288,-2.27001510211e-06,2.27001510211e-06,1.41276967525,0,0,0,0,9.4786165028e-11,6.22208812251e-11
8.64000041038,2500.06490387,-0.342927620522,0.0457199290395,-490.318634033,0.00280886003748,0.000206407887163,101.55115509,39.1360206604,0.973320901394,0.000232830643654,0.000465661287308,1,536.6015248,7.68215959285,0.934256537306,74.8173603471,9.83484089354,128.200117615,141.181808431,5150.00429004,0.00512227416039,708.01115362,700.11446951,10,70.2262841514,27.4307640211,46.5541670565,0.00351852437463,0.00361796992365,-9.94455490178e-05,0.000572981662117,1070.3948776,2509,5.01800023834,536.60158642,536.601583008,4320,-2.15584009311e-06,2.15584009311e-06,1.41264796257,0,0,0,0,4.25900842371e-11,2.7957580695e-11
8.70400041342,2500.04674308,-0.242444201604,0.0323232412338,-490.323120117,0.00202998961322,0.000142114891787,101.550926208,39.1362380981,0.973320782185,0.000232830643654,0.000465661287308,1,536.6015248,11.874121161,2.40039824636,71.7480483152,9.43581033264,129.718187964,148.621722474,5150.00429004,0.00512227416039,708.01115362,700.11446951,10,70.2262841514,23.761198463,44.9120016128,0.00393874112492,0.00398176780436,-4.30266794416e-05,0.000209183781408,1070.3948776,2509,5.01800023834,536.60158642,536.601583008,4352,-2.23248525799e-06,2.23248525799e-06,1.4117474556,0,0,0,0,1.91369212144e-11,1.2562124084e-11
8.76800041646,2500.03347173,-0.171313786268,0.0228399634361,-490.32611084,0.0014657350257,0.000100956756796,101.550239563,39.1364326477,0.973320305347,0.000232830643654,0.000465661287308,1,536.6015248,67.237343539,15.218723737,68.8137327173,11.8989706131,129.718187964,138.926116051,5150.00522137,0.00558793544769,708.01115362,709.810119588,10,70.2262841514,24.3894191954,44.38686301,0.00437675996834,0.00441923475591,-4.2474787576e-05,0.00070303940447,1070.3948776,2509,5.01800023834,536.60158642,536.601583008,4384,-2.23681490752e-06,2.23681490752e-06,1.41635394096,0,0,0,0,8.59875625564e-12,5.64451393611e-12
8.8320004195,2500.02415851,-0.121272933029,0.01616839692,-490.328186035,0.00106010504533,7.36437141313e-05,101.73714447,39.0477371216,0.973448932171,0.000232830643654,0.000465661287308,1,536.6015248,104.455457531,22.4597753401,100.624305613,19.9392608028,90.0584855117,104.35331933,5150.00382438,0.00558793544769,747.670710552,744.383025449,10,70.2262841514,30.07160376,48.2351715618,0.0043037161751,0.00438012648374,-7.64103086359e-05,-0.000654836185277,1070.3948776,2509,5.01800023834,536.60158642,536.601583008,4416,-2.18254831452e-06,2.18254831452e-06,1.40772867203,0,0,0,0,3.86366286187e-12,2.53623858026e-12
8.89600042254,2500.01787208,-0.0869807479376,0.0115964813158,-490.329681396,0.000777867913712,5.28942800884e-05,101.786430359,39.0244293213,0.9734826684,0.000232830643654,0.000465661287308,1,536.6015248,110.47642301,23.1560342812,108.974087763,22.0563791864,67.1053348924,86.020976596,5150.00522137,0.00558793544769,770.623795688,762.715470046,10,70.2262841514,35.0540140062,51.0601093993,0.00430510883886,0.00422005541623,8.50534226382e-05,0.000902218744159,1070.3948776,2509,5.01800023834,536.60158642,536.601583008,4448,-2.13073985833e-06,2.13073985833e-06,1.41259479523,0,0,0,0,1.73605184048e-12,1.13960306036e-12
8.96000042558,2500.01321547,-0.0607955783494,0.00810541212559,-490.330871582,0.000566163100302,4.09794811276e-05,101.798027039,39.0189781189,0.973490655422,0.000232830643654,0.000465661287308,1,536.6015248,107.649291504,21.3601843374,107.379796724,21.0476159527,59.659814724,78.9683108451,5150.00382438,0.00558793544769,778.069370426,769.76820128,10,70.2262841514,37.4532355636,53.0104916834,0.00419933744722,0.00418731360696,1.20238402568e-05,-0.000462023308501,1070.3948776,2509,5.01800023834,536.60158642,536.601583008,4480,-2.09677091334e-06,2.09677091334e-06,1.4168690443,0,0,0,0,7.800566291e-13,5.12055513009e-13
9.02400042862,2500.00972301,-0.0432425295571,0.00576519733295,-490.331512451,0.00043287477456,2.83438730548e-05,101.796531677,39.0197029114,0.973489582539,0.000232830643654,0.000465661287308,1,536.6015248,60.83950508,10.8989367337,102.193582391,18.7858323725,59.534326283,78.6206874182,5150.00522137,0.00558793544769,778.194807936,770.115817431,11,70.1838507666,39.2136462324,54.5470174984,0.00423068659272,0.00426553015132,-3.4843558594e-05,0.00085674400907,1070.3948776,2509,5.01800023834,536.60158642,536.601583008,4512,-2.2040605927e-06,2.2040605927e-06,1.41122627258,0,0,0,0,3.50501339107e-13,2.30080901163e-13
9.08800043166,2500.0073947,-0.0320470086024,0.00427258387208,-490.331878662,0.000323521002429,2.30591758736e-05,101.79599762,39.0200691223,0.973489224911,0.000232830643654,0.000465661287308,1,536.6015248,3.34586610749,-1.19749202991,97.9102546793,17.1081976999,67.0647932566,90.3562904568,5150.00475571,0.00558793544769,778.194807936,770.115817431,11,70.1838507666,31.9434366247,51.0854188178,0.00396555112359,0.00406180333812,-9.6252214532e-05,0.000594809534959,1070.3948776,2509,5.01800023834,536.60158642,536.601583008,4544,-2.24606151278e-06,2.24606151278e-06,1.41266727448,0,0,0,0,1.57490096268e-13,1.0338180778e-13
9.1520004347,2500.00576489,-0.024723425085,0.00329618621618,-490.332061768,0.00023151874484,2.19227786147e-05,101.79549408,39.0204086304,0.973488867283,0.000232830643654,0.000465661287308,1,536.6015248,4.44339425771,-0.884051476574,93.8367830631,15.5005480207,96.8164822552,106.106650492,5150.00429004,0.00558793544769,778.194807936,770.115817431,11,70.1838507666,27.3165369435,47.0469531137,0.00419832492382,0.00424734025728,-4.90153334587e-05,-5.63886715099e-05,1070.3948776,2509,5.01800023834,536.60158642,536.601583008,4576,-2.22064977606e-06,2.22064977606e-06,1.41264820099,0,0,0,0,7.07647238333e-14,4.64523473127e-14
9.21600043774,2500.00413507,-0.0175324252893,0.00233746482991,-490.332183838,0.000163655888173,2.05672276934e-05,101.794776917,39.0207099915,0.973488390446,0.000232830643654,0.000465661287308,1,536.6015248,5.89093756189,-0.481729839675,89.9412459762,13.9131780215,110.843175207,113.867434266,5150.00335872,0.00558793544769,778.194807936,770.115817431,11,70.1838507666,27.8480165434,46.8940052087,0.00401480594603,0.00393629306927,7.85128767555e-05,-0.000676664058119,1070.3948776,2509,5.01800023834,536.60158642,536.601583008,4608,-2.10828511626e-06,2.10828511626e-06,1.41008198261,0,0,0,0,3.17965732953e-14,2.08723402467e-14
9.28000044078,2500.00343658,-0.011466505967,0.00152874202468,-490.332672119,0.000131544409669,1.54333720275e-05,101.794090271,39.0210037231,0.973487913609,0.000232830643654,0.000465661287308,1,536.6015248,6.65464893994,-0.150830277255,86.214465419,12.5659192868,118.243537145,120.250486361,5150.00382438,0.00558793544769,778.194807936,770.115817431,11,70.1838507666,28.7093698716,47.0378690807,0.00371535481547,0.00376712705474,-5.17722392734e-05,-4.18367562816e-05,1070.3948776,2509,5.01800023834,536.60158642,536.601583008,4640,-2.24385439651e-06,2.24385439651e-06,1.40939712524,0,0,0,0,1.42870893745e-14,9.37852582189e-15
9.34400044382,2500.00273809,-0.00740413774736,0.000987137318589,-490.332885742,0.000112617919513,1.15336306408e-05,101.793457031,39.0213012695,0.973487496376,0.000232830643654,0.000465661287308,1,536.6015248,7.09813978531,0.150317825975,82.6492191191,11.4917692154,122.540965094,126.059632748,5150.00382438,0.00558793544769,778.194807936,770.115817431,11,70.1838507666,29.5670470223,47.2496503789,0.00366025933174,0.00364707375411,1.31855776297e-05,7.82165443525e-05,1070.3948776,2509,5.01800023834,536.60158642,536.601583008,4672,-2.16025159716e-06,2.16025159716e-06,1.4126085043,0,0,0,0,6.41959070944e-15,4.21403465237e-15
9.40800044686,2500.00227243,-0.00485602047462,0.000647416280117,-490.332977295,9.82723577181e-05,9.63054390013e-06,101.792778015,39.0215797424,0.973487019539,0.000232830643654,0.000465661287308,1,536.6015248,7.37889601863,0.429768939455,79.2387535921,10.6600285709,125.261489302,131.450244226,5150.00289306,0.00558793544769,778.194807936,770.115817431,11,70.1838507666,30.3766264551,47.4504158774,0.00345163687909,0.00347790773958,-2.6270860487e-05,-0.000683940015733,1070.3948776,2509,5.01800023834,536.60158642,536.601583008,4704,-2.22308312914e-06,2.22308312914e-06,1.41282999516,0,0,0,0,2.88450188045e-15,1.89348434359e-15
9.4720004499,2500.0020396,-0.00318297366242,0.000424361671321,-490.333099365,8.90029768925e-05,8.3336399257e-06,101.792274475,39.0218582153,0.973486721516,0.000232830643654,0.000465661287308,1,536.6015248,7.58704085274,0.747971598667,75.9765131242,10.0270331851,127.278413856,137.588373036,5150.00335872,0.00558793544769,778.194807936,770.115817431,11,70.1838507666,29.5018508041,47.1714884043,0.00331604400883,0.0033360265661,-1.99825572755e-05,-7.63975549489e-05,1070.3948776,2509,5.01800023834,536.60158642,536.601583008,4736,-2.26710380957e-06,2.26710380957e-06,1.41290724277,0,0,0,0,1.29608746424e-15,8.50795785243e-16
9.53600045294,2500.0020396,-0.00207643013894,0.00027683461667,-490.333251953,8.31793367979e-05,7.41537178328e-06,101.791740417,39.0221176147,0.973486304283,0.000232830643654,0.000465661287308,1,536.6015248,7.80879474475,1.21556865581,72.8565572863,9.56722676084,129.427207867,146.608319483,5150.00382438,0.00558793544769,778.194807936,770.115817431,11,70.1838507666,24.3942340603,45.3307002317,0.00334153828219,0.00343425199389,-9.27137117079e-05,0.000291038304567,1070.3948776,2509,5.01800023834,536.60158642,536.601583008,4768,-2.24145014727e-06,2.24145014727e-06,1.41089832783,0,0,0,0,5.8236845022e-16,3.82286430235e-16
9.60000045598,2500.00180677,-0.00135633593246,0.00018082994211,-490.333221436,7.92868086137e-05,6.84169890519e-06,101.790779114,39.022354126,0.973485648632,0.000232830643654,0.000465661287308,1,536.6015248,38.5967952893,9.55106637654,69.8733338648,9.28266024767,129.640568048,148.530409206,5150.00335872,0.00558793544769,778.194807936,770.205282606,11,70.1838507666,24.1054731305,44.3599492428,0.00346968433151,0.00348063622368,-1.09518921709e-05,-0.000221007212531,1070.3948776,2509,5.01800023834,536.60158642,536.601583008,4800,-2.22128619498e-06,2.22128619498e-06,1.41265785694,0,0,0,0,2.616744972e-16,1.71772034835e-16
9.66400045902,2500.00180677,-0.000886544948564,0.000118196294352,-490.333282471,7.67839665059e-05,6.45856562187e-06,101.895240784,38.9899978638,0.973557054996,0.000232830643654,0.000465661287308,1,536.6015248,96.146225585,20.7292115175,91.2571572278,17.4958308408,105.600294773,116.293442261,5150.00382438,0.00558793544769,802.235095762,802.442198619,11,70.1838507666,26.909281587,46.2187927042,0.00367807696799,0.00375803210773,-7.99551397312e-05,-3.27418092638e-05,1070.3948776,2509,5.01800023834,536.60158642,536.601583008,4832,-2.28962267101e-06,2.28962267101e-06,1.41213488579,0,0,0,0,1.17577715434e-16,7.71819994958e-17
9.72800046206,2500.00180677,-0.000579657655209,7.72813436924e-05,-490.333312988,7.51041443436e-05,6.21881872576e-06,101.964195251,38.9685897827,0.973604023457,0.000232830643654,0.000465661287308,1,536.6015248,109.566673032,23.3175960065,107.326186366,21.7596488939,73.6126166885,91.4617339731,5150.00429004,0.00558793544769,834.222650155,827.274052426,11,70.1838507666,33.7509409292,50.2113143739,0.00353346731041,0.00356703822035,-3.35709099408e-05,0.000623913365416,1070.3948776,2509,5.01800023834,536.60158642,536.601583008,4864,-1.95448183149e-06,1.95448183149e-06,1.41104030609,0,0,0,0,5.28309768587e-17,3.46800302548e-17
9.7920004651,2500.00180677,-0.000378682724067,5.04868876305e-05,-490.333343506,7.40163595765e-05,6.05877175985e-06,101.980140686,38.9635925293,0.973614871502,0.000232830643654,0.000465661287308,1,536.6015248,109.365233155,22.2310926261,108.682750369,21.6540103387,61.2560106674,80.7656833786,5150.00429004,0.00558793544769,846.579438075,837.970233988,11,70.1838507666,36.6115345969,52.2669542988,0.00380749522189,0.00374893716071,5.85580611778e-05,0.000442014425062,1070.3948776,2509,5.01800023834,536.60158642,536.601583008,4896,-2.11457131627e-06,2.11457131627e-06,1.41048407555,0,0,0,0,2.37384341821e-17,1.55827129294e-17
9.85600046813,2500.00180677,-0.000247042886148,3.29363465426e-05,-490.333374023,7.33161868993e-05,5.95123037783e-06,101.980674744,38.9634170532,0.97361522913,0.000232830643654,0.000465661287308,1,536.6015248,88.1872738599,16.9058458829,103.898573435,19.6111436562,59.4976336288,78.6120872363,5150.00335872,0.00558793544769,848.337833304,840.123801026,12,70.142930781,38.5808161809,53.9898210263,0.00356306985305,0.00359796104021,-3.48911871617e-05,-0.00033833202906,1070.3948776,2509,5.01800023834,536.60158642,536.601583008,4928,-2.21268078349e-06,2.21268078349e-06,1.4133067131,0,0,0,0,1.0666343452e-17,7.00174970429e-18
9.92000047117,2500.00180677,-0.000161269206322,2.15007967199e-05,-490.333374023,7.28561644792e-05,5.88203693042e-06,101.979911804,38.9637069702,0.973614752293,0.000232830643654,0.000465661287308,1,536.6015248,17.5737925633,1.73637744064,99.4765063066,17.6974776439,59.4976336288,80.5425661383,5150.00382438,0.00558793544769,848.337833304,840.123801026,12,70.142930781,38.414807932,55.2398851141,0.00354966191163,0.00350337359123,4.62883203989e-05,0.000221916707233,1070.3948776,2509,5.01800023834,536.60158642,536.601583008,4960,-2.19940739044e-06,2.19940739044e-06,1.41158676147,0,0,0,0,4.79268653708e-18,3.14608261176e-18
9.98400047421,2500.00180677,-0.000105302065678,1.40391230161e-05,-490.333404541,7.25550489733e-05,5.83709288549e-06,101.979179382,38.9639358521,0.973614215851,0.000232830643654,0.000465661287308,1,536.6015248,3.52279095613,-1.10187234077,95.3321377569,16.1451559931,87.8958380781,101.904886833,5150.00289306,0.00558793544769,848.337833304,840.123801026,12,70.142930781,27.6055543509,47.3090658488,0.00384956778954,0.00387444742955,-2.48796400149e-05,-0.00108047970571,1070.3948776,2509,5.01800023834,536.60158642,536.601583008,4992,-2.11710380427e-06,2.11710380427e-06,1.41262030602,0,0,0,0,2.15348779698e-18,1.41362343931e-18
10.0480004773,2500.00157394,-6.87395487753e-05,9.16452063393e-06,-490.333282471,7.23590055713e-05,5.80757796342e-06,101.978691101,38.964176178,0.973613917828,0.000232830643654,0.000465661287308,1,536.6015248,5.43105102238,-0.625994116739,91.3716881145,14.5072392417,106.386876723,111.084576929,5150.00335872,0.00558793544769,848.337833304,840.123801026,12,70.142930781,27.5528600469,46.8858779641,0.00344867957802,0.00350519258063,-5.65130026109e-05,-0.000245563569479,1070.3948776,2509,5.01800023834,536.60158642,536.601583008,5024,-2.21344657803e-06,2.21344657803e-06,1.41260540485,0,0,0,0,9.67622749072e-19,6.35180670345e-19
10.1120004803,2500.00157394,-4.48731399261e-05,5.98259430262e-06,-490.333282471,7.22310505807e-05,5.78831168241e-06,101.977958679,38.964389801,0.973613381386,0.000232830643654,0.000465661287308,1,536.6015248,6.40127975108,-0.276455791401,87.5830860759,13.0554672274,115.788388939,117.82717047,5150.00289306,0.00558793544769,848.337833304,840.123801026,12,70.142930781,28.3651461359,46.9544174848,0.00327277761836,0.00316867954098,0.00010409807738,-0.00037471181713,1070.3948776,2509,5.01800023834,536.60158642,536.601583008,5056,-2.21147070079e-06,2.21147070079e-06,1.41245210171,0,0,0,0,4.34780088631e-19,2.85404530743e-19
10.1760004833,2500.00180677,0.0345478952113,-0.004606008064,-490.338012695,7.5402764196e-05,5.9100980252e-06,101.977424622,38.9646072388,0.973613023758,0.000232830643654,0.000465661287308,2,533.793587238,6.9440264865,0.0347670081336,83.9586332552,11.8760384327,121.047603898,123.830657685,5150.00289306,0.00558793544769,848.337833304,840.123801026,12,70.142930781,29.2350578093,47.1542152809,0.00320868666359,0.00319414539263,1.45412709651e-05,-0.00040017766878,1070.3949467,5088,10.1760004833,1070.3949467,533.793354407,5088,-2.34736080529e-06,2.34736080529e-06,1.41263651848,0,0,0.00030008572503,0.000187553581782,9.89322506939e-05,6.18326448603e-05
10.2400004864,2509.68988985,297.962105833,-39.7250213623,-534.808776855,0.560505270958,-0.0138222230598,101.976966858,38.9648208618,0.973612725735,0.000232830643654,0.000465661287308,2,533.793587238,7.27686859979,0.322330681739,80.4913637486,10.9544652791,124.272846733,129.377760459,5150.00335872,0.00558793544769,848.337833304,840.123801026,12,70.142930781,30.0648534903,47.3639083793,0.00304180149124,0.00310319592245,-6.13944312056e-05,0.000156433088705,1080.08310468,5088,10.1760004833,1070.3949467,533.793354407,5120,-2.12485065276e-06,2.12485065276e-06,1.41003346443,0,0,0.0152114275843,0.00950714293867,0.0142227178439,0.00889946613461
10.3040004894,2535.75481474,493.208412081,-65.7557220459,-573.619995117,1.87829434872,0.00840139109641,101.976234436,38.9650115967,0.973612248898,0.000232830643654,0.000465661287308,2,533.793587238,7.49917643131,0.597034524963,77.1746705682,10.248068787,126.4270104,134.676796733,5150.00289306,0.00558793544769,848.337833304,840.123801026,12,70.142930781,30.6307447318,47.4849257444,0.00306865290123,0.00300133251585,6.73203853774e-05,-0.000207364792004,1106.14808057,5088,10.1760004833,1070.3949467,533.793354407,5152,-2.1385940272e-06,2.1385940272e-06,1.41295492649,0,0,0.029969824478,0.0187311396003,0.0289450995624,0.0181124843657
10.3680004925,2571.30991668,603.422929998,-80.4497909546,-605.74786377,3.47111845016,0.102763682604,101.975700378,38.9652023315,0.97361189127,0.000232830643654,0.000465661287308,2,533.793587238,7.71743775754,1.0382178231,74.0023642413,9.72279128962,128.541956656,143.18722242,5150.00429004,0.00558793544769,848.337833304,840.123801026,12,70.142930781,26.2447683781,46.1105919385,0.00351871067006,0.00352429196937,-5.58129931161e-06,0.0006666596164,1141.70308223,5088,10.1760004833,1070.3949467,533.793354407,5184,-2.14476153815e-06,2.14476153815e-06,1.41604650021,0,0,0.0444409511983,0.0277755949646,0.0433921515942,0.0271526183933
10.4320004955,2612.05644347,661.290425342,-88.1648178101,-633.442260742,5.19702720642,0.242023572326,101.975334167,38.9653930664,0.973611593246,0.000232830643654,0.000465661287308,2,533.793587238,18.5597627881,4.19731051802,70.9688193058,9.35596704699,129.590262077,148.622770212,5150.00382438,0.00558793544769,848.337833304,840.123801026,12,70.142930781,23.9763940044,44.6535923402,0.00354110786527,0.00352520146407,1.59064011962e-05,0.00020008883439,1182.44961357,5088,10.1760004833,1070.3949467,533.793354407,5216,-2.14388296627e-06,2.14388296627e-06,1.4114074707,0,0,0.0584934391081,0.0365584008396,0.0574339292943,0.0359382741153
10.4960004985,2655.32988124,685.717677698,-91.4215164185,-657.917358398,6.97506189346,0.407096296549,101.990776062,38.9699668884,0.973622143269,0.000232830643654,0.000465661287308,2,533.793587238,80.7946259494,17.6182029474,76.2434002685,14.0018550401,123.49615281,130.81812358,5150.00429004,0.00558793544769,854.431942571,857.928360347,12,70.142930781,24.9051990977,44.7284764959,0.00374251045432,0.00372165231965,2.08581346639e-05,0.000469299266115,1225.72317218,5088,10.1760004833,1070.3949467,533.793354407,5248,-2.23379856834e-06,2.23379856834e-06,1.4128228426,0,0,0.0720000863075,0.0450000576675,0.0709444135427,0.0443903394043
10.5600005016,2699.36420955,687.038060278,-91.5975570679,-679.684814453,8.74721336365,0.586687982082,102.049125671,38.9863319397,0.973661780357,0.000232830643654,0.000465661287308,2,533.793587238,106.888000979,22.9560392251,103.678257497,20.8105811126,83.1527577247,99.0686239675,5150.00289306,0.00558793544769,894.775206689,889.677845407,12,70.142930781,31.7744343192,49.1449536639,0.00383328939424,0.00383624865208,-2.95925783877e-06,-0.00104228092823,1269.75742558,5088,10.1760004833,1070.3949467,533.793354407,5280,-2.12624581764e-06,2.12624581764e-06,1.41276204586,0,0,0.0848398730159,0.0530249215662,0.0838033482432,0.0524333752692
10.6240005046,2742.89026856,671.117857564,-89.4750366211,-698.90447998,10.4677381516,0.773957967758,102.062217712,38.9900093079,0.973670661449,0.000232830643654,0.000465661287308,2,533.793587238,110.224383276,22.8951699702,109.048420037,22.0012709025,64.4622123218,83.7656407384,5150.00382438,0.00558793544769,913.4656284,904.980755877,12,70.142930781,35.6496893801,51.4759885846,0.00384948976861,0.0038980942918,-4.8604523184e-05,-0.000172803993337,1313.28351267,5088,10.1760004833,1070.3949467,533.793354407,5312,-2.18041736844e-06,2.18041736844e-06,1.41354346275,0,0,0.0968970283866,0.0605606436729,0.0958955660462,0.059995174408
10.6880005077,2784.93459336,641.662452836,-85.5479736328,-715.593200684,12.0990304947,0.964441657066,102.064842224,38.9908256531,0.973672389984,0.000232830643654,0.000465661287308,2,533.793587238,104.732504201,20.5451259706,105.875256706,20.5608706713,59.470996348,78.6062009865,5150.00429004,0.00558793544769,918.456877116,910.140166525,13,70.1192329871,37.8751756216,53.357660363,0.00408487658976,0.00406726030633,1.7616283432e-05,0.000123691279441,1355.32771935,5088,10.1760004833,1070.3949467,533.793354407,5344,-2.2361837182e-06,2.2361837182e-06,1.41245806217,0,0,0.108063347638,0.0675396025181,0.10711299628,0.067008048296
10.7520005107,2824.72092658,601.295207161,-80.1661148071,-729.719848633,13.6100273132,1.15492045879,102.064613342,38.9909362793,0.973672270775,0.000232830643654,0.000465661287308,2,533.793587238,44.2848220588,7.27953437649,101.100433567,18.3658088773,59.470996348,78.6062009865,5150.00475571,0.00558793544769,918.456877116,910.140166525,13,70.1192329871,39.5354327338,54.7892632312,0.00446189411807,0.00439831637777,6.35777402946e-05,0.000258296495304,1395.11403972,5088,10.1760004833,1070.3949467,533.793354407,5376,-2.15148679672e-06,2.15148679672e-06,1.40805709362,0,0,0.118238940835,0.0738993436098,0.117355443537,0.0734093040228
10.8160005137,2861.62970588,552.324810997,-73.637260437,-741.288513184,14.9762907028,1.34270966053,102.064125061,38.990978241,0.973671913147,0.000232830643654,0.000465661287308,2,533.793587238,2.26515322626,-1.42605113757,96.8767665154,16.7710252445,75.7093293942,95.6514777499,5150.00475571,0.00558793544769,918.456877116,910.140166525,13,70.1192329871,29.2726363114,48.3435396745,0.00465300879771,0.0046657078201,-1.26990223892e-05,-9.09494701773e-06,1432.02265861,5088,10.1760004833,1070.3949467,533.793354407,5408,-2.21017876356e-06,2.21017876356e-06,1.41228652,0,0,0.12733310461,0.0795831903815,0.12653157115,0.0791418626904
10.8800005168,2895.17780766,496.902852319,-66.2482757568,-750.349304199,16.1805496216,1.5251660347,102.063804626,38.9910125732,0.973671734333,0.000232830643654,0.000465661287308,2,533.793587238,4.8346101512,-0.786111994031,92.8489285283,15.1348289103,100.607365312,107.995903818,5150.00429004,0.00558793544769,918.456877116,910.140166525,13,70.1192329871,27.3475725407,46.9474471174,0.00479329835545,0.00477484718431,1.84511711465e-05,-0.000583895598538,1465.57090386,5088,10.1760004833,1070.3949467,533.793354407,5440,-2.19071694119e-06,2.19071694119e-06,1.41396915913,0,0,0.13526520133,0.0845407545567,0.134559646249,0.0841547474265
10.9440005198,2925.02529919,437.184236944,-58.2864494324,-757.022705078,17.2135791779,1.69950151443,102.063438416,38.9910469055,0.97367143631,0.000232830643654,0.000465661287308,2,533.793587238,6.08599111131,-0.40759390505,88.9963881352,13.5898687037,112.733243441,115.297516459,5150.00522137,0.00558793544769,918.456877116,910.140166525,13,70.1192329871,28.0254771496,46.8917678518,0.00481265353958,0.00484396878164,-3.13152420661e-05,0.000278305378743,1495.41838107,5088,10.1760004833,1070.3949467,533.793354407,5472,-2.20291485675e-06,2.20291485675e-06,1.41203713417,0,0,0.141965270042,0.0887283012271,0.141368314624,0.088403493166
11.0080005229,2950.97054914,375.357107259,-50.0435066223,-761.501525879,18.0746841431,1.86257374287,102.062995911,38.9910888672,0.973671138287,0.000232830643654,0.000465661287308,2,533.793587238,6.75996108279,-0.0844444243071,85.3106998187,12.3020801832,119.264012028,121.531069453,5150.00475571,0.00558793544769,918.456877116,910.140166525,13,70.1192329871,28.8959727186,47.0621635031,0.00477678534228,0.00472755345982,4.92318824596e-05,-7.09405867383e-05,1521.3634577,5088,10.1760004833,1070.3949467,533.793354407,5504,-2.18939658225e-06,2.18939658225e-06,1.41287350655,0,0,0.147374644876,0.0921091586351,0.14689707756,0.0918505787849
11.0720005259,2972.94254415,313.309603371,-41.7711868286,-764.002807617,18.7710285187,2.01096582413,102.062675476,38.9911155701,0.973670959473,0.000232830643654,0.000465661287308,2,533.793587238,7.15920406348,0.211754225035,81.7847951274,11.2837370004,123.132675071,127.244740725,5150.00429004,0.00558793544769,918.456877116,910.140166525,13,70.1192329871,29.7447113553,47.2754109069,0.00470085674553,0.00474938133266,-4.85245871262e-05,-0.000558429746889,1543.33562313,5088,10.1760004833,1070.3949467,533.793354407,5536,-2.24880045607e-06,2.24880045607e-06,1.41352653503,0,0,0.151446461678,0.0946540385485,0.151097044349,0.0944657102227
11.1360005289,2990.98109826,252.580939559,-33.6746940613,-764.751220703,19.316116333,2.14111232758,102.062034607,38.9911422729,0.973670482635,0.000232830643654,0.000465661287308,2,533.793587238,7.41604018124,0.487012522804,78.4120011501,10.4983652138,125.621416373,132.554472657,5150.00475571,0.00558793544769,918.456877116,910.140166525,13,70.1192329871,30.5432840833,47.4698572361,0.00483352928515,0.0048730726121,-3.95433269462e-05,-0.000216459739022,1561.37438813,5088,10.1760004833,1070.3949467,533.793354407,5568,-2.32136471823e-06,2.32136471823e-06,1.41099607944,0,0,0.154146015644,0.0963412672281,0.153931215405,0.0962261408567
11.200000532,3005.20146266,194.060034119,-25.8725471497,-763.92175293,19.7272586823,2.24951601028,102.061546326,38.9911613464,0.973670184612,0.000232830643654,0.000465661287308,2,533.793587238,7.62467623609,0.84727389832,75.1858647203,9.90418954322,127.643099404,139.503914397,5150.00475571,0.00558793544769,918.456877116,910.140166525,13,70.1192329871,28.4276447928,46.8370599265,0.00494375577975,0.00500040187035,-5.6646090596e-05,-0.00034378899727,1575.5947033,5088,10.1760004833,1070.3949467,533.793354407,5600,-2.20682136387e-06,2.20682136387e-06,1.41261601448,0,0,0.15545104444,0.0971569120884,0.155374825001,0.0971167683601
11.264000535,3015.77826031,139.365991345,-18.5806064606,-761.815917969,20.0238208771,2.33303427696,102.061271667,38.9911956787,0.973670005798,0.000232830643654,0.000465661287308,2,533.793587238,8.70630403313,1.53129026112,72.1005992303,9.47809651894,129.547493998,148.141742102,5150.00522137,0.00558793544769,918.456877116,910.140166525,13,70.1192329871,23.7295753323,45.058572141,0.00438483797882,0.00439831637777,-1.34783989525e-05,0.000723957782611,1586.17149103,5088,10.1760004833,1070.3949467,533.793354407,5632,-2.1625401132e-06,2.1625401132e-06,1.41279602051,0,0,0.155351966619,0.0970949828625,0.155528604984,0.0972089096904
11.3280005381,3023.12918939,92.7411019802,-12.3644657135,-759.204223633,20.2278766632,2.39172267914,102.060905457,38.9912223816,0.97366976738,0.000232830643654,0.000465661287308,2,533.793587238,53.2171141877,12.8192326239,69.1507696635,10.3253346515,129.547493998,144.669989822,5150.00522137,0.00558793544769,918.456877116,914.088101126,13,70.1192329871,24.2073874688,44.2870114057,0.00473656884548,0.00472937244922,7.19639625668e-06,0.000392901711166,1593.52245311,5088,10.1760004833,1070.3949467,533.793354407,5664,-2.20888000513e-06,2.20888000513e-06,1.41196930408,0,0,0.153851747513,0.0961573496461,0.154850766063,0.0968183875084
11.3920005411,3027.6151374,48.967442126,-6.52845621109,-755.567810059,20.3563098907,2.42631411552,102.069602966,39.0437736511,0.973675608635,0.000232830643654,0.000465661287308,2,533.793587238,101.182427603,21.8068207352,96.8368389211,18.9577880174,96.5130166151,109.379994683,5150.00429004,0.006053596735,951.491296291,949.37812537,13,70.1192329871,28.5520036414,47.2903593618,0.00496298462049,0.00500949681737,-4.65121968718e-05,-0.000818545231596,1598.00833652,5088,10.1760004833,1070.3949467,533.793354407,5696,-2.17878141484e-06,2.17878141484e-06,1.41421604156,0,0,0.150967672467,0.09435480088,0.153023123741,0.0957417190075
11.4560005441,3029.31666374,5.51196853849,-0.734868824482,-750.608520508,20.4185657501,2.43519759178,102.0729599,39.0638809204,0.973677933216,0.000232830643654,0.000465661287308,2,533.793587238,110.062878318,23.2694371457,108.253713682,21.9763536958,69.6572533343,88.2403619471,5150.00522137,0.006053596735,978.347030468,970.517809037,13,70.1192329871,34.5084590663,50.6540527567,0.00476482846234,0.00482941686641,-6.45884040695e-05,0.000292857293971,1599.70964213,5088,10.1760004833,1070.3949467,533.793354407,5728,-2.21822779167e-06,2.21822779167e-06,1.41295146942,0,0,0.146728947759,0.0917055904865,0.14990529418,0.0938745960593
11.5200005472,3028.21630612,-38.6537103623,5.15340518951,-744.180725098,20.4201202393,2.41637396812,102.073814392,39.0686607361,0.973678469658,0.000232830643654,0.000465661287308,2,533.793587238,108.363205093,21.7654922691,107.913424516,21.3375488121,60.1344981987,79.6322929091,5150.00475571,0.006053596735,987.869920209,979.126081802,13,70.1192329871,37.0860761905,52.6535659446,0.00446217988948,0.00446743797511,-5.25808563356e-06,0.000189174897969,1599.72635351,5088,10.1760004833,1070.3949467,533.793354407,5760,-2.23254232878e-06,2.23254232878e-06,1.4128125906,0,0,0.14117269218,0.0882329419255,0.145483389497,0.0911963060498
11.5840005502,3024.25771952,-83.8357154862,11.1771783829,-736.215942383,20.3630943298,2.36823654175,102.073539734,39.0686683655,0.973678290844,0.000232830643654,0.000465661287308,2,533.793587238,73.9932741396,13.8038559974,102.792056815,19.1339865644,59.4494267716,78.5994707257,5150.00475571,0.006053596735,988.554791547,980.158685707,14,70.0980672264,38.9371198253,54.2767556908,0.00479596089231,0.00484760676045,-5.16458681377e-05,-0.000190993887372,1599.72635351,5088,10.1760004833,1070.3949467,533.793354407,5792,-2.29378611039e-06,2.29378611039e-06,1.40939855576,0,0,0.134349644184,0.0839685350657,0.139790609479,0.0877205878496
11.6480005533,3017.37361588,-129.985273816,17.3299465179,-726.68762207,20.2469463348,2.28983187675,102.073539734,39.0685272217,0.973678290844,0.000232830643654,0.000465661287308,2,533.793587238,7.77509050077,-0.149550064658,98.4639012048,17.357638954,60.9792805335,85.4497120599,5150.00475571,0.006053596735,988.554791547,980.158685707,14,70.0980672264,34.9735855707,54.2567104276,0.00441138674201,0.00441832526121,-6.93851920364e-06,0.000238287611865,1599.72635351,5088,10.1760004833,1070.3949467,533.793354407,5824,-2.18112927541e-06,2.18112927541e-06,1.41259491444,0,0,0.126322448254,0.0789515376091,0.132883146405,0.0834781900048
11.7120005563,3007.50788301,-176.993780769,23.597234726,-715.582885742,20.0693531036,2.18095088005,102.073310852,39.068397522,0.973678171635,0.000232830643654,0.000465661287308,2,533.793587238,4.04944712194,-0.975796507563,94.3655252003,15.781207658,92.999136541,104.336890217,5150.00382438,0.006053596735,988.554791547,980.158685707,14,70.0980672264,27.3694040516,47.1179519081,0.00395328562941,0.00394720700569,6.07862371549e-06,-0.000221916707233,1599.72635351,5088,10.1760004833,1070.3949467,533.793354407,5856,-2.24488780987e-06,2.24488780987e-06,1.40977120399,0,0,0.117164455354,0.0732277855277,0.124831005931,0.0785100907087
11.7760005593,2994.60720271,-224.823641474,29.9740257263,-702.880432129,19.8257923126,2.04212141037,102.073097229,39.0682640076,0.973677992821,0.000232830643654,0.000465661287308,2,533.793587238,5.68676598487,-0.546207884578,90.4471859485,14.1661635729,108.86475502,112.623652967,5150.00335872,0.006053596735,988.554791547,980.158685707,14,70.0980672264,27.7064355032,46.8627986265,0.00349717403647,0.00352520146407,-2.8027427601e-05,-0.000265572452918,1599.72635351,5088,10.1760004833,1070.3949467,533.793354407,5888,-2.19871981244e-06,2.19871981244e-06,1.4132578373,0,0,0.106959283352,0.0668495520949,0.115715011954,0.0728645473719
11.8400005624,2978.61476429,-273.623329122,36.4801177979,-688.532714844,19.5088253021,1.87472856045,102.073005676,39.0681343079,0.973677933216,0.000232830643654,0.000465661287308,2,533.793587238,6.53618966066,-0.207622740386,86.6986872998,12.7709638908,117.09566752,119.154959975,5150.00335872,0.006053596735,988.554791547,980.158685707,14,70.0980672264,28.5523565253,46.9774131489,0.00326771136538,0.0032832758734,-1.55645080158e-05,-2.36468622461e-05,1599.72635351,5088,10.1760004833,1070.3949467,533.793354407,5920,-2.21473555939e-06,2.21473555939e-06,1.4128241539,0,0,0.0957995951176,0.0598747506738,0.105625003576,0.0665957927704
11.9040005654,2959.44325626,-324.264721712,43.2317466736,-672.380737305,19.1051559448,1.68146657944,102.0729599,39.0680274963,0.973677933216,0.000232830643654,0.000465661287308,2,533.793587238,7.02124382414,0.0980025947374,83.1126165364,11.6498589759,121.795841551,125.050471979,5150.00382438,0.006053596735,988.554791547,980.158685707,14,70.0980672264,29.4166911772,47.185447329,0.00311279173271,0.00314503267873,-3.22409460241e-05,0.000580257619731,1599.72635351,5088,10.1760004833,1070.3949467,533.793354407,5952,-2.1634418772e-06,2.1634418772e-06,1.41302394867,0,0,0.0837865248322,0.0523665770888,0.0946585834026,0.0597630552948
11.9680005684,2936.94622815,-377.674703486,50.3524932861,-654.228942871,18.5927791595,1.46678459644,102.073005676,39.0679206848,0.973677933216,0.000232830643654,0.000465661287308,2,533.793587238,7.32404318789,0.381144866743,79.6821615754,10.7784297094,124.729966046,130.512285978,5150.00335872,0.006053596735,988.554791547,980.158685707,14,70.0980672264,30.235703889,47.390738473,0.00324539321805,0.00330328475684,-5.7891538785e-05,-4.36557456851e-05,1599.72635351,5088,10.1760004833,1070.3949467,533.793354407,5984,-2.1966575332e-06,2.1966575332e-06,1.41209971905,0,0,0.0710286870599,0.0443929322064,0.0829199999571,0.0524299778044
12.0320005715,2910.89201346,-435.699592344,58.0885124207,-633.717712402,17.9382514954,1.2372764349,102.072776794,39.0678024292,0.973677814007,0.000232830643654,0.000465661287308,2,533.793587238,7.53588385152,0.673234055969,76.4007007797,10.1128123218,126.782702864,136.146685691,5150.00382438,0.006053596735,988.554791547,980.158685707,14,70.0980672264,30.1816489809,47.3384352517,0.00298902229356,0.00306863512378,-7.96128302172e-05,0.00065665517468,1599.72635351,5088,10.1760004833,1070.3949467,533.793354407,6016,-2.23293659474e-06,2.23293659474e-06,1.41205227375,0,0,0.057641196996,0.0360257476568,0.0705191865563,0.044663798064
12.0960005745,2880.8878269,-501.614937093,66.8765029907,-610.217712402,17.08893013,1.0028693676,102.072502136,39.0676803589,0.973677635193,0.000232830643654,0.000465661287308,2,533.793587238,7.75744226239,1.13775102626,73.2623083696,9.62395840793,128.929605125,145.107216667,5150.0024274,0.006053596735,988.554791547,980.158685707,14,70.0980672264,25.1680994552,45.6621746707,0.00259124625923,0.00263116817223,-3.99219129976e-05,-0.00030286173569,1599.72635351,5088,10.1760004833,1070.3949467,533.793354407,6048,-2.3327679628e-06,2.3327679628e-06,1.41275405884,0,0,0.043744508177,0.0273403208703,0.0575703904033,0.0365347713232
12.1600005776,2846.23214975,-582.096166909,77.6064529419,-582.494934082,15.9568042755,0.779392242432,102.072502136,39.0675811768,0.973677635193,0.000232830643654,0.000465661287308,2,533.793587238,28.2823041182,6.80894673266,70.2613515587,9.28837818534,129.516134621,148.621678818,5150.00335872,0.006053596735,988.554791547,980.158685707,14,70.0980672264,24.0525350819,44.4475772383,0.00292953121483,0.00293221091852,-2.67970368117e-06,0.000327418092638,1599.72635351,5088,10.1760004833,1070.3949467,533.793354407,6080,-2.18192940338e-06,2.18192940338e-06,1.407289505,0,0,0.0294636674225,0.0184147935361,0.044191069901,0.0281154084951
12.2240005806,2805.66932634,-685.537874233,91.3975448608,-548.814575195,14.3909549713,0.593129754066,102.102180481,39.072769165,0.973697721958,0.000232830643654,0.000465661287308,2,533.793587238,90.1611443997,19.5051590033,85.0562575437,16.0128276248,113.639121992,122.645113152,5150.0024274,0.006053596735,1004.43186238,1006.13525137,14,70.0980672264,25.8227137238,45.409095037,0.00285239136477,0.00279214873444,6.02426303287e-05,-0.000463842297904,1599.72635351,5088,10.1760004833,1070.3949467,533.793354407,6112,-2.11242763726e-06,2.11242763726e-06,1.41064548492,0,0,0.0149266943336,0.00932918488979,0.0305006057024,0.0194797795266
12.2880005836,2757.943701,-805.116957054,107.340118408,-509.470581055,12.2460765839,0.468598455191,102.137275696,39.0789833069,0.973721444607,0.000232830643654,0.000465661287308,2,533.793587238,108.498157578,23.2230563849,105.849868879,21.4153677006,77.4524814915,94.6027357713,5150.00289306,0.006053596735,1040.61851744,1034.17760693,14,70.0980672264,32.9913018504,49.7695145896,0.00295220840829,0.00298496161122,-3.27532029276e-05,-0.000190993887372,1599.72635351,5088,10.1760004833,1070.3949467,533.793354407,6144,-2.19800108425e-06,2.19800108425e-06,1.41264259815,0,0,0.000263716006884,0.000164822500665,0.016619052738,0.0107028381899
12.3520005867,2704.75493744,-821.312773041,109.499382019,-481.231109619,9.58701038361,0.413853108883,102.145118713,39.0803909302,0.97372674942,0.000232830643654,0.000465661287308,2,533.793587238,109.74117222,22.5532565251,108.848620919,21.8404544778,62.4429158051,81.9541528472,5150.00335872,0.006053596735,1055.62806129,1046.8265973,14,70.0980672264,36.1927268386,51.8927336088,0.00317855890219,0.00321961124428,-4.10523420813e-05,4.0017766878e-05,1599.72635351,5088,10.1760004833,1070.3949467,533.793354407,6176,-2.20644892579e-06,2.20644892579e-06,1.41245961189,0,0,0,0,0.00726534845307,0.00472448486835
12.4160005897,2655.55176884,-709.104409907,94.5394973755,-472.065124512,7.09260749817,0.374027073383,102.14629364,39.0805130005,0.973727583885,0.000232830643654,0.000465661287308,2,533.793587238,97.3546158027,18.9376813863,104.620178085,20.0167317623,59.4365155848,78.5982629168,5150.00335872,0.006053596735,1058.63437057,1050.18250179,15,70.0796226738,38.2711514249,53.6926563655,0.00294775152898,0.00295221980195,-4.46827297385e-06,0.000307409209199,1599.72635351,5088,10.1760004833,1070.3949467,533.793354407,6208,-2.18287027565e-06,2.18287027565e-06,1.41245794296,0,0,0,0,0.00322532397695,0.00210619904101
12.4800005928,2614.89232071,-565.055001061,75.3344802856,-471.333465576,5.1103348732,0.316405653954,102.146202087,39.0804138184,0.973727524281,0.000232830643654,0.000465661287308,2,533.793587238,28.7133569613,3.86594206697,100.091212532,17.9799428493,59.4365155848,78.5982629168,5150.00335872,0.006053596735,1058.63437057,1050.18250179,15,70.0796226738,39.8388765461,55.0226905034,0.00326203168644,0.00339423422702,-0.000132202540581,-0.000134605215862,1599.72635351,5088,10.1760004833,1070.3949467,533.793354407,6240,-2.23754727813e-06,2.23754727813e-06,1.41281318665,0,0,0,0,0.00144145323429,0.000943052931689
12.5440005958,2583.31210352,-429.254316259,57.2292098999,-473.953918457,3.63695240021,0.250928431749,102.145927429,39.0803337097,0.973727345467,0.000232830643654,0.000465661287308,2,533.793587238,2.99829263653,-1.22936232206,95.9175080781,16.4243598224,82.8134507174,99.4456058834,5150.00382438,0.006053596735,1058.63437057,1050.18250179,15,70.0796226738,28.0622116406,47.5428496429,0.00371210011341,0.00377076503355,-5.86649201439e-05,-4.54747350886e-05,1599.72635351,5088,10.1760004833,1070.3949467,533.793354407,6272,-2.25302028412e-06,2.25302028412e-06,1.41282987595,0,0,0,0,0.000646128086373,0.000423073244747
12.6080005988,2559.69283171,-316.624413244,42.2131233215,-477.388702393,2.5718562603,0.190427213907,102.145751953,39.0802612305,0.973727226257,0.000232830643654,0.000465661287308,2,533.793587238,5.17287904056,-0.696501861969,91.9316779342,14.7795907018,103.885191493,109.724482172,5150.00335872,0.006053596735,1058.63437057,1050.18250179,15,70.0796226738,27.4425619864,46.8878060929,0.00326096231962,0.00324871507473,1.22472448849e-05,1.09139364213e-05,1599.72635351,5088,10.1760004833,1070.3949467,533.793354407,6304,-2.28438284466e-06,2.28438284466e-06,1.40628063679,0,0,0,0,0.000290010444587,0.000189964470337
12.6720006019,2542.44217649,-229.215089348,30.5595035553,-480.583770752,1.81245791912,0.140449941158,102.145576477,39.0801925659,0.973727107048,0.000232830643654,0.000465661287308,2,533.793587238,6.25960353896,-0.335512897196,88.1189845623,13.2837736287,114.415546705,116.687959235,5150.00335872,0.006053596735,1058.63437057,1050.18250179,15,70.0796226738,28.2090350083,46.9073056593,0.0032907482711,0.00322143023368,6.93180374212e-05,3.81987774745e-05,1599.72635351,5088,10.1760004833,1070.3949467,533.793354407,6336,-2.1979194571e-06,2.1979194571e-06,1.41451561451,0,0,0,0,0.000130246815388,8.53293386172e-05
12.7360006049,2530.03160469,-163.981603691,21.8624191284,-483.195556641,1.27528393269,0.101630337536,102.145393372,39.0801315308,0.973726987839,0.000232830643654,0.000465661287308,2,533.793587238,6.85715549379,-0.0191293988951,84.4713926351,12.0555963252,120.205826533,122.790996102,5150.00382438,0.006053596735,1058.63437057,1050.18250179,15,70.0796226738,29.0813495667,47.0963714179,0.00345611998742,0.00344698491972,9.13506770228e-06,0.000278305378743,1599.72635351,5088,10.1760004833,1070.3949467,533.793354407,6368,-2.24937230087e-06,2.24937230087e-06,1.41283321381,0,0,0,0,5.85108828091e-05,3.83354454243e-05
12.800000608,2521.18753269,-116.450202768,15.5254192352,-485.196044922,0.89672511816,0.0726403519511,102.145393372,39.080078125,0.973726987839,0.000232830643654,0.000465661287308,2,533.793587238,7.21800634565,0.272321588557,80.9819801973,11.0910869076,123.702469864,128.413084894,5150.00335872,0.006053596735,1058.63437057,1050.18250179,15,70.0796226738,29.9201183225,47.3084728583,0.00353658184682,0.00349427864421,4.23032026076e-05,-0.000234649633057,1599.72635351,5088,10.1760004833,1070.3949467,533.793354407,6400,-2.25894018513e-06,2.25894018513e-06,1.41331899166,0,0,0,0,2.6288045774e-05,1.72241143446e-05
12.864000611,2514.9222929,-82.3201262392,10.9751157761,-486.674285889,0.630389511585,0.0515264831483,102.145027161,39.0799980164,0.973726689816,0.000232830643654,0.000465661287308,2,533.793587238,7.4538600585,0.544022970864,77.6440963125,10.3498160314,125.987891806,133.654204546,5150.00382438,0.006053596735,1058.63437057,1050.18250179,15,70.0796226738,30.6893962261,47.4906046293,0.00341137711135,0.00342879502568,-1.74179143331e-05,0.000296495272778,1599.72635351,5088,10.1760004833,1070.3949467,533.793354407,6432,-2.12250051845e-06,2.12250051845e-06,1.4125828743,0,0,0,0,1.18114521683e-05,7.73906322138e-06
12.928000614,2510.499442,-58.0371997785,7.73765802383,-487.74307251,0.443134069443,0.0363849923015,102.144752502,39.0799331665,0.973726511002,0.000232830643654,0.000465661287308,2,533.793587238,7.6673648297,0.951594329202,74.4513976864,9.79366350188,128.056752146,141.516255098,5150.00382438,0.006053596735,1058.63437057,1050.18250179,15,70.0796226738,27.2294073511,46.4431141154,0.00352771427348,0.00351974449586,7.96977761564e-06,0.000205545802601,1599.72635351,5088,10.1760004833,1070.3949467,533.793354407,6464,-2.23803772315e-06,2.23803772315e-06,1.41267418861,0,0,0,0,5.30711758984e-06,3.4773374864e-06
12.9920006171,2507.38440081,-40.848266508,5.44598865509,-488.507354736,0.311548024416,0.0256233327091,102.144844055,39.0798835754,0.973726570606,0.000232830643654,0.000465661287308,2,533.793587238,12.7408021129,2.64108954507,71.3982881565,9.40025199357,129.494277644,148.619728861,5150.00475571,0.006053596735,1058.63437057,1050.18250179,15,70.0796226738,23.8193260884,44.8319224233,0.00349646016307,0.00352611095877,-2.96507957076e-05,0.0011305019143,1599.72635351,5088,10.1760004833,1070.3949467,533.793354407,6496,-2.20669767259e-06,2.20669767259e-06,1.41623020172,0,0,0,0,2.38461848312e-06,1.5624578964e-06
13.0560006201,2505.19253314,-28.7239636236,3.82954740524,-489.04901123,0.219092965126,0.0180148985237,102.14629364,39.0792388916,0.973727583885,0.000232830643654,0.000465661287308,2,533.793587238,69.8758975518,15.6456984865,68.9658912048,12.2325731343,129.234278575,137.580645969,5150.00429004,0.006053596735,1058.89432598,1061.22146826,15,70.0796226738,24.4514194492,44.3859098596,0.00380646790477,0.00379350240109,1.29655036707e-05,0.000397449184675,1599.72635351,5088,10.1760004833,1070.3949467,533.793354407,6528,-2.28595285989e-06,2.28595285989e-06,1.41265118122,0,0,0,0,1.07147297967e-06,7.02055160673e-07
13.1200006232,2503.65165994,-20.1906950679,2.69187164307,-489.431182861,0.154138430953,0.0126519752666,102.279426575,39.0233879089,0.973817408085,0.000232830643654,0.000465661287308,2,533.793587238,104.688870248,22.5447560714,100.971926924,20.0899323517,88.6545094545,103.377533378,5150.00382438,0.006053596735,1099.47414603,1095.42463906,15,70.0796226738,30.3775450448,48.3654075651,0.00365583284478,0.00370528141502,-4.94485702385e-05,2.0008883439e-05,1599.72635351,5088,10.1760004833,1070.3949467,533.793354407,6560,-2.29116221817e-06,2.29116221817e-06,1.41198849678,0,0,0,0,4.81442782529e-07,3.15453007715e-07
13.1840006262,2502.56899744,-14.1886521305,1.89166498184,-489.700531006,0.108496025205,0.00888106413186,102.312538147,39.0095787048,0.973839640617,0.000232830643654,0.000465661287308,2,533.793587238,110.196951825,23.1006128613,108.755742201,22.0376587775,66.5024344926,85.584964836,5150.00382438,0.006053596735,1121.62623554,1113.21732402,15,70.0796226738,35.1607268385,51.0910394951,0.00370045492859,0.00376894604415,-6.84911155568e-05,-4.36557456851e-05,1599.72635351,5088,10.1760004833,1070.3949467,533.793354407,6592,-2.25441135626e-06,2.25441135626e-06,1.41246211529,0,0,0,0,2.1632570224e-07,1.417419071e-07
13.2480006292,2501.80787407,-9.97176357487,1.32945930958,-489.88949585,0.0764148384333,0.00623261649162,102.320335388,39.0063896179,0.973844885826,0.000232830643654,0.000465661287308,2,533.793587238,107.134796142,21.2432875338,106.919644202,20.9598664394,59.4760240347,78.8321485743,5150.00429004,0.006053596735,1128.65271512,1119.97034401,15,70.0796226738,37.5289528165,53.0309298483,0.00401630538549,0.00391992216464,9.63832208489e-05,0.000271029421128,1599.72635351,5088,10.1760004833,1070.3949467,533.793354407,6624,-2.18437799049e-06,2.18437799049e-06,1.41278588772,0,0,0,0,9.72011804379e-08,6.36886170469e-08
13.3120006323,2501.27306208,-7.01070939613,0.934684514999,-490.022033691,0.0538587905467,0.00437365891412,102.319252014,39.0066452026,0.97384417057,0.000232830643654,0.000465661287308,2,533.793587238,57.9384807893,10.2849959518,101.770735177,18.6946768179,59.4222656218,78.5929150879,5150.00429004,0.006053596735,1128.706499,1120.20969391,16,70.0719538145,39.2723559344,54.550007917,0.0039566686455,0.00388899934478,6.76693007184e-05,0.000301952240989,1599.72635351,5088,10.1760004833,1070.3949467,533.793354407,6656,-2.22753124035e-06,2.22753124035e-06,1.41133213043,0,0,0,0,4.36752181088e-08,2.86170820374e-08
13.3760006353,2500.89727342,-4.92615436087,0.656766653061,-490.115722656,0.0380003862083,0.00306807807647,102.319160461,39.006778717,0.973844110966,0.000232830643654,0.000465661287308,2,533.793587238,2.79468781747,-1.32556387659,97.5087007178,17.0337683719,68.422203185,91.313610028,5150.00382438,0.006053596735,1128.706499,1120.20969391,16,70.0719538145,31.3902055495,50.4343552166,0.00367361328857,0.00377076503355,-9.71517449821e-05,-4.54747350886e-05,1599.72635351,5088,10.1760004833,1070.3949467,533.793354407,6688,-2.11457245314e-06,2.11457245314e-06,1.41574680805,0,0,0,0,1.96245011352e-08,1.28584574099e-08
13.4400006384,2500.63277781,-3.46686056218,0.462210148573,-490.18057251,0.0268405154347,0.00215253722854,102.31842804,39.0068817139,0.973843634129,0.000232830643654,0.000465661287308,2,533.793587238,4.49984344143,-0.867612520216,93.4529771407,15.420405333,97.3634741968,106.423758552,5150.00335872,0.006053596735,1128.706499,1120.20969391,16,70.0719538145,27.3142541118,46.9961851195,0.00363183337571,0.00367072061636,-3.88872406498e-05,-0.000411091605201,1599.72635351,5088,10.1760004833,1070.3949467,533.793354407,6720,-2.32313641391e-06,2.32313641391e-06,1.41636323929,0,0,0,0,8.8178389035e-09,5.77766545717e-09
13.5040006414,2500.44674613,-2.43836552727,0.325088709593,-490.226470947,0.0189847014844,0.00151027424727,102.318031311,39.0069923401,0.973843336105,0.000232830643654,0.000465661287308,2,533.793587238,5.91105334902,-0.469724717082,89.5743603882,13.8400461022,111.038098112,114.099013445,5150.00429004,0.006053596735,1128.706499,1120.20969391,16,70.0719538145,27.8758907371,46.8617290608,0.0040862965095,0.00412728695665,-4.09904471477e-05,6.36646291241e-05,1599.72635351,5088,10.1760004833,1070.3949467,533.793354407,6752,-2.18903619498e-06,2.18903619498e-06,1.41310679913,0,0,0,0,3.96210309006e-09,2.59606780517e-09
13.5680006444,2500.3158953,-1.71754220446,0.228986829519,-490.258422852,0.0134512344375,0.00105918827467,102.317710876,39.0070915222,0.973843157291,0.000232830643654,0.000465661287308,2,533.793587238,6.6582088025,-0.140105696304,85.863745709,12.5032343921,118.27803246,120.457363664,5150.00382438,0.006053596735,1128.706499,1120.20969391,16,70.0719538145,28.7396833301,47.0107079309,0.00426957390276,0.00432373781223,-5.41639094687e-05,-0.000598447513767,1599.72635351,5088,10.1760004833,1070.3949467,533.793354407,6784,-2.21240725296e-06,2.21240725296e-06,1.41115248203,0,0,0,0,1.78028403131e-09,1.16648635196e-09
13.6320006475,2500.22369437,-1.20966501527,0.161275431514,-490.280914307,0.00954608339816,0.000744316785131,102.31716156,39.0071792603,0.973842740059,0.000232830643654,0.000465661287308,2,533.793587238,7.09358832523,0.1602869061,82.3139767538,11.4389975492,122.496858239,126.251936308,5150.00429004,0.006053596735,1128.706499,1120.20969391,16,70.0719538145,29.5962054224,47.2229257866,0.00448267988007,0.00452018866781,-3.75087877424e-05,-0.000329237082042,1599.72635351,5088,10.1760004833,1070.3949467,533.793354407,6816,-2.28048497775e-06,2.28048497775e-06,1.41565990448,0,0,0,0,7.99931565432e-10,5.2413506868e-10
13.6960006505,2500.15873462,-0.853127517075,0.113741002977,-490.296600342,0.00679546874017,0.000521074223798,102.316719055,39.0072784424,0.973842442036,0.000232830643654,0.000465661287308,2,533.793587238,7.36998308601,0.439114150919,78.9183806116,10.6155211329,125.175123685,131.630513351,5150.00475571,0.006053596735,1128.706499,1120.20969391,16,70.0719538145,30.4041859636,47.4226253573,0.00475089555196,0.00477666617371,-2.57706217477e-05,-0.000120053300634,1599.72635351,5088,10.1760004833,1070.3949467,533.793354407,6848,-2.25439657697e-06,2.25439657697e-06,1.41041040421,0,0,0,0,3.59431595598e-10,2.35508612612e-10
13.7600006536,2500.11286698,-0.602077250278,0.0802703797817,-490.30758667,0.00484032789245,0.000369039073121,102.316444397,39.0073776245,0.973842263222,0.000232830643654,0.000465661287308,2,533.793587238,7.57770903196,0.76372825948,75.6702184479,9.98936987589,127.187988255,137.892318889,5150.00429004,0.006053596735,1128.706499,1120.20969391,16,70.0719538145,29.3384910037,47.0910017611,0.0044231079771,0.00442742020823,-4.31223112773e-06,-0.000236468622461,1599.72635351,5088,10.1760004833,1070.3949467,533.793354407,6880,-2.27676218856e-06,2.27676218856e-06,1.40895485878,0,0,0,0,1.61502755613e-10,1.05820623097e-10
13.8240006566,2500.08050352,-0.426227472872,0.0568256638944,-490.315155029,0.00346164288931,0.000260262197116,102.315940857,39.0074539185,0.973841965199,0.000232830643654,0.000465661287308,2,533.793587238,7.79891722487,1.23036502126,72.5637915527,9.53548282183,129.33149992,146.893740748,5150.00475571,0.006053596735,1128.706499,1120.20969391,16,70.0719538145,24.2542409978,45.2308158856,0.00455290992407,0.00445652403869,9.63858853842e-05,0.00020008883439,1599.72635351,5088,10.1760004833,1070.3949467,533.793354407,6912,-2.12842428482e-06,2.12842428482e-06,1.41220462322,0,0,0,0,7.25677296032e-11,4.75481702622e-11
13.8880006596,2500.05745329,-0.302824446408,0.0403732806444,-490.3203125,0.00249435845762,0.000180115472176,102.315574646,39.0075416565,0.97384172678,0.000232830643654,0.000465661287308,2,533.793587238,40.8070853842,10.1204530248,69.5936502598,9.33954113797,129.473628476,148.24232494,5150.00429004,0.006053596735,1128.706499,1120.58699597,16,70.0719538145,24.1186589847,44.3146964244,0.00439793167162,0.0044610715122,-6.31398405782e-05,-0.000270119926427,1599.72635351,5088,10.1760004833,1070.3949467,533.793354407,6944,-2.20078254642e-06,2.20078254642e-06,1.40914201736,0,0,0,0,3.26067159384e-11,2.13647242259e-11
13.9520006627,2500.04115514,-0.214524845887,0.0286009646952,-490.32409668,0.00180287309922,0.000124760670587,102.43372345,38.9566192627,0.973920941353,0.000232830643654,0.000465661287308,2,533.793587238,96.9481981608,20.9251998971,92.1430795664,17.7534172948,103.863378172,115.051065222,5150.00429004,0.006053596735,1154.31635641,1153.77816837,16,70.0719538145,27.1608405455,46.3623073301,0.00442150159541,0.00448380887974,-6.2307284332e-05,-0.000292857293971,1599.72635351,5088,10.1760004833,1070.3949467,533.793354407,6976,-2.13391308534e-06,2.13391308534e-06,1.41399538517,0,0,0,0,1.46511153903e-11,9.59977149856e-12
14.0160006657,2500.02974644,-0.151830406026,0.0202423930168,-490.326873779,0.0013024576474,8.95834600669e-05,102.504066467,38.9262657166,0.973967969418,0.000232830643654,0.000465661287308,2,533.793587238,109.489315607,23.3062205609,107.329160243,21.7955331874,72.7957303752,90.8607544261,5150.00475571,0.006053596735,1185.38411334,1177.96834093,16,70.0719538145,33.8882455253,50.2572474943,0.00455133196409,0.00455111148767,2.20476414903e-07,0.000105501385406,1599.72635351,5088,10.1760004833,1070.3949467,533.793354407,7008,-2.22180210585e-06,2.22180210585e-06,1.41676986217,0,0,0,0,6.58315546173e-12,4.31344630153e-12
14.0800006688,2500.02159737,-0.106695992486,0.0142249651253,-490.328887939,0.000947295920923,6.49794237688e-05,102.520927429,38.9191856384,0.973979234695,0.000232830643654,0.000465661287308,2,533.793587238,109.023859915,22.1434017113,108.382747713,21.5922675991,60.9591988905,80.534380686,5150.00335872,0.006053596735,1197.22064119,1188.29449639,16,70.0719538145,36.6947897419,52.3031085322,0.003979032423,0.00400905264542,-3.0020222419e-05,-0.000749423634261,1599.72635351,5088,10.1760004833,1070.3949467,533.793354407,7040,-2.1345258574e-06,2.1345258574e-06,1.41283762455,0,0,0,0,2.95799582745e-12,1.93815298012e-12
14.1440006718,2500.0157766,-0.0773716948288,0.0103153791279,-490.329925537,0.00069199904101,4.80161397718e-05,102.52191925,38.918800354,0.973979890347,0.000232830643654,0.000465661287308,2,533.793587238,85.8640753259,16.4202890536,103.52749805,19.5146904255,59.4158082095,78.5925440141,5150.00335872,0.006053596735,1198.76395911,1190.23630396,17,70.057780249,38.6438405258,54.0099135833,0.00364070017189,0.00363615981769,4.54035420372e-06,-0.000376530806534,1599.72635351,5088,10.1760004833,1070.3949467,533.793354407,7072,-2.23760594054e-06,2.23760594054e-06,1.41282498837,0,0,0,0,1.32911043282e-12,8.70866475721e-13
14.2080006748,2500.01158565,-0.053181810955,0.00709032639861,-490.331115723,0.00051264470676,3.59137629857e-05,102.521278381,38.9190750122,0.973979473114,0.000232830643654,0.000465661287308,2,533.793587238,15.5693463933,1.38092589678,99.1322104637,17.6246835819,59.4158082095,81.209356722,5150.00382438,0.006053596735,1198.76395911,1190.23630396,17,70.057780249,37.9112279916,55.2445890207,0.00378976848514,0.00373802322429,5.17452608539e-05,-1.27329258248e-05,1599.72635351,5088,10.1760004833,1070.3949467,533.793354407,7104,-2.28257636081e-06,2.28257636081e-06,1.41332471371,0,0,0,0,5.97206745862e-13,3.91304827083e-13
14.2720006779,2500.00902452,-0.0384771929873,0.00512987142429,-490.331817627,0.000393067253754,2.52795089182e-05,102.521018982,38.919303894,0.9739792943,0.000232830643654,0.000465661287308,2,533.793587238,3.60769294563,-1.07972231376,95.0034144815,16.0702560454,88.7185378815,102.332160168,5150.00429004,0.006053596735,1198.76395911,1190.23630396,17,70.057780249,27.5467627944,47.246721806,0.00400206444373,0.00404179445468,-3.97300109478e-05,0.000149157131091,1599.72635351,5088,10.1760004833,1070.3949467,533.793354407,7136,-2.22464518629e-06,2.22464518629e-06,1.41288352013,0,0,0,0,2.68341718204e-13,1.75824212503e-13
14.3360006809,2500.00669621,-0.0290466459774,0.00387256825343,-490.33190918,0.000288990093395,2.2340371288e-05,102.520652771,38.9195213318,0.973979055882,0.000232830643654,0.000465661287308,2,533.793587238,5.46595470565,-0.612842688417,91.0574972821,14.4355667929,106.725092337,111.338267743,5150.00429004,0.006053596735,1198.76395911,1190.23630396,17,70.057780249,27.5760376098,46.857396228,0.00447005631121,0.00443833414465,3.17221665602e-05,-0.000247382558882,1599.72635351,5088,10.1760004833,1070.3949467,533.793354407,7168,-2.18221657633e-06,2.18221657633e-06,1.41263246536,0,0,0,0,1.20573473081e-13,7.90027426616e-14
14.400000684,2500.00506639,-0.0225332179582,0.00300418259576,-490.332000732,0.000203869654797,2.16900516534e-05,102.520240784,38.9197311401,0.973978817463,0.000232830643654,0.000465661287308,2,533.793587238,6.41400983058,-0.265232936703,87.2826219564,12.9934800219,115.911745524,118.043659313,5150.00429004,0.006053596735,1198.76395911,1190.23630396,17,70.057780249,28.3955268969,46.9346887257,0.00414668831217,0.00414001988247,6.66842969732e-06,5.09317032993e-05,1599.72635351,5088,10.1760004833,1070.3949467,533.793354407,7200,-2.22154062612e-06,2.22154062612e-06,1.41263067722,0,0,0,0,5.41770370699e-14,3.54981479324e-14
14.464000687,2500.00390224,-0.0151619730104,0.00202143052593,-490.332427979,0.000149276616867,1.89627189684e-05,102.519699097,38.9199180603,0.973978459835,0.000232830643654,0.000465661287308,2,533.793587238,6.94622118572,0.0450891388631,83.6712439395,11.8242803384,121.068871522,124.029771541,5150.00335872,0.006053596735,1198.76395911,1190.23630396,17,70.057780249,29.2648910545,47.136174544,0.00406776122508,0.00407089828514,-3.13706005617e-06,-0.000811269273981,1599.72635351,5088,10.1760004833,1070.3949467,533.793354407,7232,-2.21982054427e-06,2.21982054427e-06,1.41268372536,0,0,0,0,2.434326273e-14,1.59503063291e-14
14.52800069,2500.00320375,-0.00981843140124,0.00130901671946,-490.332763672,0.000124230529764,1.37575489134e-05,102.51915741,38.9201087952,0.973978042603,0.000232830643654,0.000465661287308,2,533.793587238,7.27360997046,0.331966339487,80.2166170723,10.9115674703,124.241269077,129.563632072,5150.00429004,0.006053596735,1198.76395911,1190.23630396,17,70.057780249,30.093069654,47.3451764265,0.0041631373765,0.00416548573412,-2.34835761947e-06,2.54658516496e-05,1599.72635351,5088,10.1760004833,1070.3949467,533.793354407,7264,-2.20673996409e-06,2.20673996409e-06,1.40998888016,0,0,0,0,1.09381099894e-14,7.16692025551e-15
14.5920006931,2500.00273809,-0.00634179553316,0.000845503353048,-490.333007812,0.000106984502054,1.07301229946e-05,102.518333435,38.9202728271,0.973977506161,0.000232830643654,0.000465661287308,2,533.793587238,7.49360499004,0.608514635354,76.9120757685,10.2123474706,126.373022795,134.898247779,5150.00522137,0.006053596735,1198.76395911,1190.23630396,17,70.057780249,30.5855828628,47.4450789625,0.00424057232384,0.00424370227847,-3.12995462881e-06,0.000878571881913,1599.72635351,5088,10.1760004833,1070.3949467,533.793354407,7296,-2.21220511776e-06,2.21220511776e-06,1.41283833981,0,0,0,0,4.91479771513e-15,3.22029856327e-15
14.6560006961,2500.00227243,-0.00418933998603,0.000558532832656,-490.333068848,9.44714338402e-05,9.13135227165e-06,102.518074036,38.9204521179,0.973977327347,0.000232830643654,0.000465661287308,2,533.793587238,7.71249350399,1.05508047452,73.7514085806,9.6934132675,128.494051751,143.512501381,5150.00429004,0.006053596735,1198.76395911,1190.23630396,17,70.057780249,26.0555734712,46.0143855889,0.0042316265908,0.00418003764935,5.15889414521e-05,1.09139364213e-05,1599.72635351,5088,10.1760004833,1070.3949467,533.793354407,7328,-2.27992632063e-06,2.27992632063e-06,1.41157066822,0,0,0,0,2.20835655975e-15,1.44697029017e-15
14.7200006992,2500.0020396,-0.00273782041482,0.000365012761904,-490.3331604,8.66386035341e-05,7.96892891231e-06,102.517295837,38.9206008911,0.97397685051,0.000232830643654,0.000465661287308,2,533.793587238,19.9517203217,4.5772892219,70.7290046965,9.33198650167,129.464213387,148.620267282,5150.00429004,0.006053596735,1198.76395911,1190.23630396,17,70.057780249,23.9941582549,44.5950390713,0.0044612287059,0.00437285052612,8.83781797745e-05,-0.000181898940355,1599.72635351,5088,10.1760004833,1070.3949467,533.793354407,7360,-2.20921174332e-06,2.20921174332e-06,1.41448938847,0,0,0,0,9.92276439577e-16,6.50164279104e-16
14.7840007022,2500.0020396,-0.00178617431956,0.000238137028646,-490.333282471,8.16289466457e-05,7.17992907084e-06,102.551673889,38.9116783142,0.973999738693,0.000232830643654,0.000465661287308,2,533.793587238,82.468545107,17.9609056419,77.7056028267,14.3440138667,121.799799672,129.411491798,5150.00475571,0.006053596735,1206.42827824,1209.4451813,17,70.057780249,25.0295779551,44.8000755569,0.00485921098498,0.00489126250613,-3.20515211594e-05,-0.000234649633057,1599.72635351,5088,10.1760004833,1070.3949467,533.793354407,7392,-2.09083896152e-06,2.09083896152e-06,1.41486465931,0,0,0,0,4.45857602886e-16,2.92137031297e-16
14.8480007052,2500.00180677,-0.00116751031065,0.000155655259732,-490.333251953,7.82560091466e-05,6.69339397064e-06,102.651252747,38.8858413696,0.974066019058,0.000232830643654,0.000465661287308,2,533.793587238,107.069033907,23.005547684,103.961486315,20.9196952948,82.0399000077,98.2513520285,5150.00382438,0.006053596735,1246.18795235,1240.60525559,17,70.057780249,32.0152903441,49.2469735036,0.00470129996738,0.00467116478831,3.01351790744e-05,-0.000945874489844,1599.72635351,5088,10.1760004833,1070.3949467,533.793354407,7424,-2.08098776966e-06,2.08098776966e-06,1.41429460049,0,0,0,0,2.00336328392e-16,1.31265370815e-16
14.9120007083,2500.00180677,-0.000762935326026,0.000101716359495,-490.333312988,7.61132396292e-05,6.36074128124e-06,102.673530579,38.8800430298,0.974080860615,0.000232830643654,0.000465661287308,2,533.793587238,110.018328762,22.8328156081,108.893661238,21.9708582496,64.0241705696,83.4196689539,5150.00429004,0.006053596735,1264.20368906,1255.43703325,17,70.057780249,35.7449571311,51.5241190442,0.00454299104585,0.00458931026515,-4.63192192934e-05,-0.000398358679377,1599.72635351,5088,10.1760004833,1070.3949467,533.793354407,7456,-2.22889525503e-06,2.22889525503e-06,1.4128279686,0,0,0,0,9.00167456384e-17,5.89812069881e-17
14.9760007113,2500.00180677,-0.000498983299124,6.65256447974e-05,-490.333343506,7.46634832467e-05,6.1554851527e-06,102.67766571,38.8790359497,0.974083602428,0.000232830643654,0.000465661287308,2,533.793587238,103.685802061,20.3368410493,105.51416505,20.4566824306,59.4075172557,78.589648183,5150.00429004,0.006053596735,1268.82025506,1260.26687212,18,70.0567034073,37.9445918952,53.3930870006,0.00437289422034,0.00437466951553,-1.77529518863e-06,-0.000183717929758,1599.72635351,5088,10.1760004833,1070.3949467,533.793354407,7488,-2.20965262088e-06,2.20965262088e-06,1.41128623486,0,0,0,0,4.04470342238e-17,2.65019006792e-17
15.0400007144,2500.00180677,-0.0003257358272,4.34278808825e-05,-490.333374023,7.37346781534e-05,6.01552119406e-06,102.67665863,38.879322052,0.974082946777,0.000232830643654,0.000465661287308,2,533.793587238,41.5228631397,6.68226122263,100.799119769,18.2887645885,59.4075172557,78.589648183,5150.00475571,0.006053596735,1268.82025506,1260.26687212,18,70.0567034073,39.5890456275,54.8074422113,0.00453681642948,0.00454929249827,-1.24760687892e-05,0.000107320374809,1599.72635351,5088,10.1760004833,1070.3949467,533.793354407,7520,-2.21065511141e-06,2.21065511141e-06,1.41244244576,0,0,0,0,1.81739885471e-17,1.19080432947e-17
15.1040007174,2500.00180677,-0.00021252594129,2.83344670606e-05,-490.333374023,7.31316104066e-05,5.92326523474e-06,102.676216125,38.879486084,0.974082648754,0.000232830643654,0.000465661287308,2,533.793587238,2.39159953514,-1.38907464467,96.5899778349,16.7034830786,76.9345933804,96.3647544268,5150.00522137,0.006053596735,1268.82025506,1260.26687212,18,70.0567034073,28.9915824396,48.1121533085,0.00520891169781,0.00527870724909,-6.97955512829e-05,-0.000156433088705,1599.72635351,5088,10.1760004833,1070.3949467,533.793354407,7552,-2.24013206207e-06,2.24013206207e-06,1.41268849373,0,0,0,0,8.16608499862e-18,5.35061820589e-18
15.1680007204,2500.00180677,-0.000138763278645,1.85002518265e-05,-490.333374023,7.27349906811e-05,5.86398573432e-06,102.675758362,38.8796463013,0.974082291126,0.000232830643654,0.000465661287308,2,533.793587238,4.88670152477,-0.771090104233,92.5747385383,15.0646415687,101.112127595,108.285676106,5150.00568703,0.006053596735,1268.82025506,1260.26687212,18,70.0567034073,27.3588229902,46.9177903142,0.00506907688047,0.00512045517098,-5.13782905109e-05,0.000467480276711,1599.72635351,5088,10.1760004833,1070.3949467,533.793354407,7584,-2.17932552005e-06,2.17932552005e-06,1.41650724411,0,0,0,0,3.66925077455e-18,2.4041828728e-18
15.2320007235,2500.00180677,-9.0600506264e-05,1.20790764413e-05,-490.333404541,7.24761703168e-05,5.82523671255e-06,102.675300598,38.8798065186,0.974081993103,0.000232830643654,0.000465661287308,2,533.793587238,6.10819676117,-0.395804521299,88.734218175,13.5277670479,112.948415335,115.52493379,5150.00475571,0.006053596735,1268.82025506,1260.26687212,18,70.0567034073,28.0548902083,46.8761245429,0.00468606592419,0.00465297489427,3.30910299162e-05,3.63797880709e-06,1599.72635351,5088,10.1760004833,1070.3949467,533.793354407,7616,-2.30878617913e-06,2.30878617913e-06,1.41084456444,0,0,0,0,1.64869700246e-18,1.08026696412e-18
15.2960007265,2500.00157394,-5.914065071e-05,7.88477336755e-06,-490.333282471,7.2307571827e-05,5.7998236116e-06,102.67502594,38.8799743652,0.974081814289,0.000232830643654,0.000465661287308,2,533.793587238,6.76836265142,-0.0737888568949,85.060029826,12.250202145,119.345422718,121.736615256,5150.00475571,0.006053596735,1268.82025506,1260.26687212,18,70.0567034073,28.9262607112,47.0501290692,0.00467859101461,0.00468935468234,-1.07636677349e-05,-3.27418092638e-05,1599.72635351,5088,10.1760004833,1070.3949467,533.793354407,7648,-2.17354431697e-06,2.17354431697e-06,1.41301262379,0,0,0,0,7.40805689207e-19,4.85394236337e-19
15.3600007296,2500.00157394,-3.86063542246e-05,5.14709154231e-06,-490.333282471,7.21974138287e-05,5.78326080358e-06,102.674674988,38.8801116943,0.974081575871,0.000232830643654,0.000465661287308,2,533.793587238,7.16071618102,0.221653147117,81.5450903903,11.2411852894,123.14732885,127.435690956,5150.00475571,0.006053596735,1268.82025506,1260.26687212,18,70.0567034073,29.7735259664,47.2633146273,0.00481271306141,0.00486761564389,-5.49025824803e-05,-0.000211002770811,1599.72635351,5088,10.1760004833,1070.3949467,533.793354407,7680,-2.18562968257e-06,2.18562968257e-06,1.41442477703,0,0,0,0,3.3286479387e-19,2.18101238696e-19
15.4240007326,2500.00157394,-2.52025483816e-05,3.36006405632e-06,-490.333282471,7.21254764358e-05,5.77245873501e-06,102.674217224,38.8802566528,0.974081277847,0.000232830643654,0.000465661287308,2,533.793587238,7.41377818524,0.496261939356,78.1827928802,10.4634706866,125.599501189,132.73289369,5150.00475571,0.006053596735,1268.82025506,1260.26687212,18,70.0567034073,30.5703870254,47.4566077173,0.00495278235091,0.00498221197631,-2.94296254033e-05,-0.000325599103235,1599.72635351,5088,10.1760004833,1070.3949467,533.793354407,7712,-2.2469596388e-06,2.2469596388e-06,1.41604137421,0,0,0,0,1.49565525085e-19,9.7998995226e-20
15.4880007356,2500.00157394,-1.64507296674e-05,2.19325056605e-06,-490.333282471,7.20785174053e-05,5.76540014663e-06,102.673622131,38.8803749084,0.974080920219,0.000232830643654,0.000465661287308,2,533.793587238,7.62290088283,0.864311487044,74.9667280781,9.87584706753,127.62589904,139.832569403,5150.00568703,0.006053596735,1268.82025506,1260.26687212,18,70.0567034073,28.2317632809,46.7582358397,0.00506914793474,0.00511317921337,-4.40312786232e-05,0.000474756234325,1599.72635351,5088,10.1760004833,1070.3949467,533.793354407,7744,-2.22931566896e-06,2.22931566896e-06,1.41420137882,0,0,0,0,6.72039851365e-20,4.40336932889e-20
15.5520007387,2505.95877878,237.71195265,-31.692325592,-524.946655273,0.347749263048,-0.00946012232453,102.673316956,38.8805122375,0.974080681801,0.000232830643654,0.000465661287308,3,529.331620783,9.14302903375,1.66023559259,71.8910214783,9.45533097814,129.449763335,148.311475641,5150.00568703,0.006053596735,1268.82025506,1260.26687212,18,70.0567034073,23.6852229136,45.0131483376,0.00541183992064,0.00541149347555,3.46445094834e-07,0.000176441972144,1605.68341946,7750,15.5000007362,1599.72637634,529.33144616,7776,-2.20779998017e-06,2.20779998017e-06,1.41285574436,0,0,0.0117865083739,0.00736656785011,0.010845634155,0.00678584119305
15.6160007417,2528.67559902,448.094797321,-59.7410697937,-564.134155273,1.54646933079,-0.00579287810251,102.67313385,38.8806495667,0.974080562592,0.000232830643654,0.000465661287308,3,529.331620783,55.8335545687,13.3212611423,68.9505090826,10.6013118976,129.449763335,143.623226904,5150.00568703,0.006053596735,1268.82025506,1265.26074018,18,70.0567034073,24.231218049,44.2722266598,0.00572321662284,0.00578438630328,-6.1169680432e-05,-0.000196450855583,1628.40038962,7750,15.5000007362,1599.72637634,529.33144616,7808,-2.20963670472e-06,2.20963670472e-06,1.41248071194,0,0,0.0260169804096,0.0162606146187,0.025040352717,0.0156683158129
15.6800007448,2561.74243987,569.683092181,-75.9515151978,-596.558349609,3.06590533257,0.070052921772,102.720741272,38.9051589966,0.974112153053,0.000232830643654,0.000465661287308,3,529.331620783,101.762121189,21.9452946275,97.5229255184,19.1630514505,95.0402973103,108.301050204,5150.00568703,0.00651925802231,1303.22971381,1300.58301147,18,70.0567034073,28.8514274871,47.4592307,0.00570141406309,0.00579166226089,-9.02481978038e-05,-0.000203726813197,1661.46709796,7750,15.5000007362,1599.72637634,529.33144616,7840,-2.30218802244e-06,2.30218802244e-06,1.41351854801,0,0,0.0400131344795,0.0250082109123,0.039011221379,0.0244102608413
15.7440007478,2600.59954599,635.336560663,-84.7045898438,-624.364379883,4.73878192902,0.194411039352,102.737495422,38.9137992859,0.974123239517,0.000232830643654,0.000465661287308,3,529.331620783,110.001144734,23.2415094379,108.259016852,21.9892783409,69.0285451128,87.7491693245,5150.00615269,0.00651925802231,1329.24143691,1321.13473956,18,70.0567034073,34.6236738551,50.711165386,0.00580265219208,0.00586078385822,-5.81316661474e-05,0.000192812876776,1700.3242408,7750,15.5000007362,1599.72637634,529.33144616,7872,-2.21614800466e-06,2.21614800466e-06,1.41288232803,0,0,0.0536548942327,0.0335343107581,0.0526394583285,0.0329370871186
15.8080007508,2642.41849072,665.825733449,-88.7694778442,-648.934448242,6.47892475128,0.347090482712,102.741355896,38.9158401489,0.974125802517,0.000232830643654,0.000465661287308,3,529.331620783,108.072028845,21.6751735751,107.659597526,21.2709185863,59.9508821324,79.466131865,5150.00568703,0.00698491930962,1338.31892163,1329.4176897,18,70.0567034073,37.1627502318,52.7014235558,0.00596819443865,0.00605723471381,-8.9040275153e-05,-0.000469299266115,1742.14307378,7750,15.5000007362,1599.72637634,529.33144616,7904,-2.19944968194e-06,2.19944968194e-06,1.41285336018,0,0,0.0668246895075,0.0417654328048,0.0658086389303,0.0411757193506
15.8720007539,2685.35339274,672.331254464,-89.6368103027,-670.854125977,8.22644901276,0.516065180302,102.74066925,38.9159240723,0.974125385284,0.000232830643654,0.000465661287308,3,529.331620783,71.3382099823,13.2325493307,102.516584982,19.0502876766,59.4028024352,78.5884258221,5150.00568703,0.00698491930962,1338.86700496,1330.29546123,19,70.0469463482,38.995367504,54.3075002497,0.00633776636727,0.00630097929388,3.67870733875e-05,-0.00071304384619,1785.07811756,7750,15.5000007362,1599.72637634,529.33144616,7936,-2.1976447897e-06,2.1976447897e-06,1.41280972958,0,0,0.0794091895223,0.0496307425201,0.0784062817693,0.049055583775
15.9360007569,2728.09970193,661.280180793,-88.1634521484,-690.340698242,9.93488788605,0.694116771221,102.740394592,38.9159317017,0.97412520647,0.000232830643654,0.000465661287308,3,529.331620783,6.65237687232,-0.405961071037,98.2054009794,17.2952754359,61.8820267846,86.400526925,5150.00661835,0.00698491930962,1338.86700496,1330.29546123,19,70.0469463482,34.3480824085,53.6382067367,0.00610229605735,0.00617001205683,-6.77159994744e-05,0.000349245965481,1827.82432,7750,15.5000007362,1599.72637634,529.33144616,7968,-2.21622326535e-06,2.21622326535e-06,1.41248226166,0,0,0.0913002490997,0.0570626556873,0.0903248116374,0.0565092377365
16.00000076,2769.66998354,636.528828181,-84.8635482788,-707.42401123,11.5662946701,0.876665592194,102.740036011,38.9159088135,0.974124968052,0.000232830643654,0.000465661287308,3,529.331620783,4.12446243555,-0.957004223855,94.1185688914,15.7128176441,93.7260338105,104.699392978,5150.00475571,0.00698491930962,1338.86700496,1330.29546123,19,70.0469463482,27.3498881143,47.0808299724,0.00602839961283,0.0061063474277,-7.79478148694e-05,-0.00144973455463,1869.39462685,7750,15.5000007362,1599.72637634,529.33144616,8000,-2.23709889724e-06,2.23709889724e-06,1.41207385063,0,0,0.102395944297,0.0639974698424,0.101462543011,0.0634729638696
16.064000763,2809.28309076,600.862083957,-80.1083679199,-722.092407227,13.0893545151,1.0604865551,102.739768982,38.9159011841,0.974124789238,0.000232830643654,0.000465661287308,3,529.331620783,5.72054622386,-0.533489135667,90.2109678259,14.1030428515,109.192085802,112.868998258,5150.00615269,0.00698491930962,1338.86700496,1330.29546123,19,70.0469463482,27.7332183032,46.8485632155,0.00571684083406,0.00567888491787,3.79559161878e-05,0.00037471181713,1909.00788493,7750,15.5000007362,1599.72637634,529.33144616,8032,-2.26029601436e-06,2.26029601436e-06,1.41344547272,0,0,0.112601354718,0.0703758522868,0.111724480987,0.0698872879148
16.128000766,2846.31131217,556.386541575,-74.1787872314,-734.318969727,14.4788398743,1.24300372601,102.739494324,38.9159011841,0.974124610424,0.000232830643654,0.000465661287308,3,529.331620783,6.55140743217,-0.196480973735,86.4728118231,12.7177124488,117.243129353,119.369884487,5150.00708401,0.00745058059692,1338.86700496,1330.29546123,19,70.0469463482,28.583135645,46.9697224617,0.0062876482354,0.00634827301838,-6.06247829715e-05,0.000636646291241,1946.03608975,7750,15.5000007362,1599.72637634,529.33144616,8064,-2.09940753848e-06,2.09940753848e-06,1.41449570656,0,0,0.121829412878,0.0761433839798,0.121023088694,0.075697503984
16.1920007691,2880.26127964,505.206582602,-67.3553466797,-744.142333984,15.7162866592,1.42177700996,102.738945007,38.9158859253,0.974124193192,0.000232830643654,0.000465661287308,3,529.331620783,7.02749922049,0.108280211448,82.8966368916,11.6064301177,121.856457554,125.248727272,5150.00615269,0.00745058059692,1338.86700496,1330.29546123,19,70.0469463482,29.4463916362,47.1786952403,0.00603133415433,0.00601903593633,1.22982179995e-05,3.45607986674e-05,1979.98621945,7750,15.5000007362,1599.72637634,529.33144616,8096,-2.24997165787e-06,2.24997165787e-06,1.41343617439,0,0,0.130001574755,0.081250987947,0.129279077053,0.0808540731668
16.2560007721,2910.77117436,449.354760349,-59.9090499878,-751.656005859,16.7905521393,1.59425199032,102.738670349,38.9158744812,0.974124014378,0.000232830643654,0.000465661287308,3,529.331620783,7.32557041287,0.390723184884,79.475652923,10.7433685425,124.744765344,130.697051645,5150.00615269,0.00745058059692,1338.86700496,1330.29546123,19,70.0469463482,30.2636526612,47.3830841656,0.00620420209652,0.00630643626209,-0.000102234165578,-0.000252839527093,2010.49591601,7750,15.5000007362,1599.72637634,529.33144616,8128,-2.25627559303e-06,2.25627559303e-06,1.41267979145,0,0,0.1370485425,0.0856553390622,0.136422023177,0.0853131264448
16.3200007752,2937.60956265,390.874280129,-52.1122932434,-757.018981934,17.6984043121,1.75759375095,102.738586426,38.9158744812,0.974123954773,0.000232830643654,0.000465661287308,3,529.331620783,7.5362395631,0.687282030823,76.2032089808,10.0845815497,126.786151668,136.417671456,5150.00615269,0.00745058059692,1338.86700496,1330.29546123,19,70.0469463482,30.0657557091,47.2913270642,0.00643068759354,0.00637737684883,5.33107447076e-05,-0.000323780113831,2037.33451741,7750,15.5000007362,1599.72637634,529.33144616,8160,-2.19429193749e-06,2.19429193749e-06,1.41287136078,0,0,0.142910763621,0.0893192365766,0.142390951514,0.0890367105603
16.3840007782,2960.6714379,331.656716298,-44.2172660828,-760.431945801,18.4442844391,1.90865421295,102.738586426,38.9158859253,0.974123954773,0.000232830643654,0.000465661287308,3,529.331620783,7.75793943456,1.15362082121,73.0734598584,9.60178343075,128.934421809,145.413345308,5150.00708401,0.00745058059692,1338.86700496,1330.29546123,19,70.0469463482,25.0036209763,45.5768968095,0.00643372871645,0.00647287379252,-3.91450760695e-05,0.000512045517098,2060.39642836,7750,15.5000007362,1599.72637634,529.33144616,8192,-2.1543994535e-06,2.1543994535e-06,1.41260206699,0,0,0.14753909409,0.0922119319439,0.1471349895,0.0919932872057
16.4480007812,2979.96285371,273.242709227,-36.4293708801,-762.103210449,19.039144516,2.04410886765,102.73841095,38.9158821106,0.974123895168,0.000232830643654,0.000465661287308,3,529.331620783,30.1644807291,7.3191955304,70.0808020686,9.27130952336,129.446387291,148.620049004,5150.00708401,0.00745058059692,1338.86700496,1330.29546123,19,70.0469463482,24.06229396,44.4089710072,0.00711616948701,0.00716227077646,-4.61012894526e-05,-0.000177351466846,2079.6876687,7750,15.5000007362,1599.72637634,529.33144616,8224,-2.22148128159e-06,2.22148128159e-06,1.41269636154,0,0,0.150894880295,0.0943092927337,0.150613620877,0.0941578149796
16.5120007843,2995.57112157,216.634391109,-28.8822154999,-762.209350586,19.4983825684,2.16059732437,102.72681427,38.9603424072,0.974116206169,0.000232830643654,0.000465661287308,3,529.331620783,91.3868871161,19.7684899475,86.3014623071,16.3206183956,111.901077616,121.315366414,5150.00708401,0.00745058059692,1356.41230736,1357.60009289,19,70.0469463482,26.0172837443,45.5405679531,0.00661028315418,0.00662112142891,-1.08382747221e-05,0.000363797880709,2095.29576284,7750,15.5000007362,1599.72637634,529.33144616,8256,-2.23579513658e-06,2.23579513658e-06,1.41318416595,0,0,0.152951359749,0.0955946072936,0.152797669172,0.0955123901367
16.5760007873,3007.63710402,162.557815202,-21.6725959778,-760.91607666,19.8394565582,2.25501418114,102.714668274,39.0064735413,0.974108159542,0.000232830643654,0.000465661287308,3,529.331620783,108.622782067,23.2430989239,106.062779425,21.4879731484,76.5649383538,93.9216624829,5150.00568703,0.00745058059692,1391.74854849,1384.99366585,19,70.0469463482,33.1571864081,49.8433801113,0.00605435451773,0.00603904481977,1.53096979538e-05,-0.000451109372079,2107.36187714,7750,15.5000007362,1599.72637634,529.33144616,8288,-2.18274522013e-06,2.18274522013e-06,1.41290044785,0,0,0.153696626425,0.0960603952408,0.15367308259,0.0960486158729
16.6400007904,3016.38571545,113.967122161,-15.1943693161,-758.727539062,20.081413269,2.32514476776,102.711769104,39.0169792175,0.974106192589,0.000232830643654,0.000465661287308,3,529.331620783,109.558220189,22.48339056,108.710137871,21.7988275253,62.1272774879,81.683479948,5150.00615269,0.00745058059692,1406.18602745,1397.23182656,19,70.0469463482,36.2797654816,51.9494715263,0.00604363953327,0.00607724359725,-3.36040639759e-05,-2.36468622461e-05,2116.11063953,7750,15.5000007362,1599.72637634,529.33144616,8320,-2.29299575949e-06,2.29299575949e-06,1.41613984108,0,0,0.153122141957,0.0957013443112,0.153525337577,0.0959635302424
16.7040007934,3022.26725034,71.6521826689,-9.55284023285,-755.969909668,20.2441120148,2.37227702141,102.710960388,39.0183067322,0.974105656147,0.000232830643654,0.000465661287308,3,529.331620783,95.6273353308,18.5695670598,104.355319916,19.9245580577,59.3997392571,78.5882002674,5150.00615269,0.00745058059692,1408.91340561,1400.32707714,20,70.0466189301,38.3356564271,53.734616813,0.00627455348789,0.00621184881311,6.27046747859e-05,-0.000158252078108,2121.99203746,7750,15.5000007362,1599.72637634,529.33144616,8352,-2.26759220823e-06,2.26759220823e-06,1.41464579105,0,0,0.151232019067,0.0945200175047,0.152524799109,0.0953818187118
16.7680007964,3025.50010383,30.695769965,-4.09243345261,-752.094726562,20.3399906158,2.39616847038,102.710868835,39.0180244446,0.974105596542,0.000232830643654,0.000465661287308,3,529.331620783,26.2949028046,3.36618538729,99.8571991804,17.9128969399,59.3997392571,78.7126627984,5150.00568703,0.00745058059692,1408.91340561,1400.32707714,20,70.0466189301,39.7727344534,55.0483673578,0.00624025914275,0.00622640072834,1.3858414416e-05,-0.000638465280645,2125.2248968,7750,15.5000007362,1599.72637634,529.33144616,8384,-2.2526455723e-06,2.2526455723e-06,1.41282474995,0,0,0.148042812943,0.0925267636776,0.150368586183,0.0941027626395
16.8320007995,3026.11012012,-10.4569162431,1.394141078,-746.907226562,20.3759632111,2.39508414268,102.710868835,39.017829895,0.974105596542,0.000232830643654,0.000465661287308,3,529.331620783,3.10318818024,-1.20221676776,95.6944160331,16.3599416922,83.8298874442,99.969242001,5150.00568703,0.00745058059692,1408.91340561,1400.32707714,20,70.0466189301,27.9419473372,47.4664266221,0.00665875460326,0.00669933797326,-4.05833699979e-05,-0.00111140252557,2125.92977538,7750,15.5000007362,1599.72637634,529.33144616,8416,-2.27025452659e-06,2.27025452659e-06,1.41269731522,0,0,0.143582671881,0.0897391811013,0.146979421377,0.0920635834336
16.8960008025,3024.05981347,-52.4834540556,6.99721956253,-740.298828125,20.3558158875,2.36721086502,102.710456848,39.0176124573,0.974105358124,0.000232830643654,0.000465661287308,3,529.331620783,5.22016716337,-0.682481412415,91.7183864984,14.7157805317,104.343409475,109.994936793,5150.00754967,0.00745058059692,1408.91340561,1400.32707714,20,70.0466189301,27.4619305856,46.871136874,0.00689724116709,0.00689942680765,-2.18564055743e-06,0.000551153789274,2125.92977538,7750,15.5000007362,1599.72637634,529.33144616,8448,-2.12479494621e-06,2.12479494621e-06,1.41277301311,0,0,0.137890577316,0.0861816108227,0.142363116145,0.0892584994435
16.9600008056,3019.28678527,-95.5112773227,12.7337913513,-732.221862793,20.2802810669,2.31129026413,102.710548401,39.0174369812,0.974105417728,0.000232830643654,0.000465661287308,3,529.331620783,6.28192089233,-0.323930954638,87.914995648,13.2287843732,114.631802717,116.911374789,5150.00661835,0.00791624188423,1408.91340561,1400.32707714,20,70.0466189301,28.2393484667,46.9014048576,0.00650391313028,0.00651016307529,-6.24994500598e-06,9.09494701773e-06,2125.92977538,7750,15.5000007362,1599.72637634,529.33144616,8480,-2.19230923904e-06,2.19230923904e-06,1.41291105747,0,0,0.131016120315,0.0818850770593,0.136558115482,0.0857061892748
17.0240008086,3011.73119806,-139.368145028,18.5808944702,-722.670043945,20.1482219696,2.22667360306,102.710456848,39.0172538757,0.974105358124,0.000232830643654,0.000465661287308,3,529.331620783,6.8677728205,-0.00856737762571,84.2763693005,12.0106054491,120.308708574,122.994737467,5150.00661835,0.00791624188423,1408.91340561,1400.32707714,20,70.0466189301,29.1115429718,47.0929262519,0.00669179484047,0.0067193468567,-2.75520162241e-05,-0.00020008883439,2125.92977538,7750,15.5000007362,1599.72637634,529.33144616,8512,-2.32316892834e-06,2.32316892834e-06,1.41276526451,0,0,0.123018890619,0.0768868103623,0.129619821906,0.0814378708601
17.0880008116,3001.34066492,-184.020056622,24.5339946747,-711.622131348,19.956829071,2.11336183548,102.710548401,39.0170860291,0.974105417728,0.000232830643654,0.000465661287308,3,529.331620783,7.22267820746,0.282141282409,80.7954463292,11.0549892786,123.747740872,128.602507175,5150.00661835,0.00791624188423,1408.91340561,1400.32707714,20,70.0466189301,29.9486600852,47.3046166007,0.00665007177103,0.00660656951368,4.35022573519e-05,-8.73114913702e-05,2125.92977538,7750,15.5000007362,1599.72637634,529.33144616,8544,-2.14152100853e-06,2.14152100853e-06,1.4139046669,0,0,0.11396818608,0.0712301135063,0.121614821255,0.0764928460121
17.1520008147,2988.06605861,-229.508557823,30.5986289978,-699.048522949,19.701171875,1.97208535671,102.710548401,39.016910553,0.974105417728,0.000232830643654,0.000465661287308,3,529.331620783,7.45542344979,0.553798973309,77.4656563706,10.3209690588,126.00304035,133.842782816,5150.00568703,0.00791624188423,1408.91340561,1400.32707714,20,70.0466189301,30.6970250676,47.4799599033,0.0066977491886,0.00671752786729,-1.97786786948e-05,-0.0011295924196,2125.92977538,7750,15.5000007362,1599.72637634,529.33144616,8576,-2.24961331696e-06,2.24961331696e-06,1.41016018391,0,0,0.103942334652,0.064963966608,0.112618930638,0.0709165558219
17.2160008177,2971.84870578,-276.101171039,36.8104667664,-684.88482666,19.3731479645,1.80439937115,102.710548401,39.016746521,0.974105417728,0.000232830643654,0.000465661287308,3,529.331620783,7.66986671356,0.968898930508,74.2807879772,9.77113327092,128.080995637,141.850061482,5150.00754967,0.00791624188423,1408.91340561,1400.32707714,20,70.0466189301,27.0284908765,46.36405356,0.00670971472827,0.00680392986396,-9.42151356931e-05,0.000646650732961,2125.92977538,7750,15.5000007362,1599.72637634,529.33144616,8608,-2.17892284127e-06,2.17892284127e-06,1.41251087189,0,0,0.0930277332664,0.0581423379481,0.102715857327,0.0647596493363
17.2800008208,2952.59151608,-324.572290992,43.2727546692,-668.980041504,18.9582996368,1.61320781708,102.710090637,39.0165748596,0.974105119705,0.000232830643654,0.000465661287308,3,529.331620783,13.7182792089,2.90532464671,71.2351497638,9.38314121388,129.438660224,148.615246871,5150.00615269,0.00791624188423,1408.91340561,1400.32707714,20,70.0466189301,23.8662451011,44.7823113063,0.00681703687944,0.0068721419666,-5.510508716e-05,-0.000818545231596,2125.92977538,7750,15.5000007362,1599.72637634,529.33144616,8640,-2.08676442526e-06,2.08676442526e-06,1.4128818512,0,0,0.0813184380531,0.0508240275085,0.0919962972403,0.0580772608519
17.3440008238,2930.14454655,-375.891802832,50.1147918701,-651.131591797,18.4344463348,1.40294730663,102.710456848,39.0181922913,0.974105358124,0.000232830643654,0.000465661287308,3,529.331620783,72.3378794519,16.0648924459,70.0245694249,12.5796835393,128.450978082,136.240225402,5150.00708401,0.00791624188423,1409.9010732,1412.70202585,20,70.0466189301,24.5222017838,44.4232136942,0.00686280360318,0.00694853952155,-8.57359183648e-05,3.63797880709e-05,2125.92977538,7750,15.5000007362,1599.72637634,529.33144616,8672,-2.26215843213e-06,2.26215843213e-06,1.40916383266,0,0,0.0689153149724,0.0430720746517,0.0805569440126,0.050928413868
17.4080008268,2904.27124128,-431.885535363,57.5800132751,-630.979797363,17.7682514191,1.18010592461,102.716392517,39.0609130859,0.97410929203,0.000232830643654,0.000465661287308,3,529.331620783,105.096650306,22.6347250052,101.486165917,20.2440062796,87.4291217769,102.454505395,5150.00708401,0.00791624188423,1450.92280582,1446.48761488,20,70.0466189301,30.6769616145,48.5220225528,0.00724371135297,0.00730688043404,-6.31690810771e-05,-0.000321961124428,2125.92977538,7750,15.5000007362,1599.72637634,529.33144616,8704,-2.23971142077e-06,2.23971142077e-06,1.41220033169,0,0,0.0559256263077,0.034953519702,0.0684997364879,0.0433755591512
17.4720008299,2874.57578816,-495.847431011,66.1075668335,-607.891601562,16.9075450897,0.954401254654,102.71761322,39.0710716248,0.974110066891,0.000232830643654,0.000465661287308,3,529.331620783,110.127138965,23.0573213435,108.742674722,22.0298688313,66.0181176499,85.1845761645,5150.00568703,0.00791624188423,1472.33391181,1463.75782788,20,70.0466189301,35.2631359419,51.1543730681,0.0065361528967,0.00655927578919,-2.31228924896e-05,-0.000971340341493,2125.92977538,7750,15.5000007362,1599.72637634,529.33144616,8736,-2.24786776926e-06,2.24786776926e-06,1.41502344608,0,0,0.0424599088728,0.0265374444425,0.0559303835034,0.0354837402701
17.5360008329,2840.35899676,-574.16636264,76.5492324829,-580.672363281,15.7659168243,0.741211771965,102.717887878,39.0733795166,0.974110245705,0.000232830643654,0.000465661287308,3,529.331620783,106.763317892,21.1232996561,106.636620479,20.8836663361,59.4059201831,78.7324170233,5150.00615269,0.00791624188423,1478.9464185,1470.20968143,20,70.0466189301,37.6009993488,53.0832585355,0.00599082200514,0.00602449290454,-3.3670899402e-05,2.91038304567e-05,2125.92977538,7750,15.5000007362,1599.72637634,529.33144616,8768,-2.04751790989e-06,2.04751790989e-06,1.41378903389,0,0,0.0286326482892,0.0178954061121,0.0429567061365,0.0273195542395
17.600000836,2800.39617792,-674.633542076,89.9437561035,-547.682739258,14.1977443695,0.565679490566,102.717796326,39.072933197,0.9741101861,0.000232830643654,0.000465661287308,3,529.331620783,55.1541738442,9.67828018922,101.550140896,18.619855612,59.3957774981,78.5857337178,5150.00661835,0.00791624188423,1478.95654663,1470.35636473,21,70.04285726,39.3273330701,54.5847215108,0.00564965135785,0.00563704816159,1.26031962644e-05,0.00088220986072,2125.92977538,7750,15.5000007362,1599.72637634,529.33144616,8800,-2.27283862841e-06,2.27283862841e-06,1.4123134613,0,0,0.0145622435957,0.00910140294582,0.0296886116266,0.0189512427896
17.664000839,2753.48685682,-790.461490396,105.38621521,-509.23916626,12.0662593842,0.450565755367,102.717704773,39.0727310181,0.974110126495,0.000232830643654,0.000465661287308,3,529.331620783,2.39127358065,-1.4187848016,97.3001118165,16.9746277746,69.8954900145,92.2588951653,5150.00475571,0.00791624188423,1478.95654663,1470.35636473,21,70.04285726,30.8731068799,49.8623448948,0.00567790253703,0.00567342794966,4.4745873673e-06,-0.00101681507658,2125.92977538,7750,15.5000007362,1599.72637634,529.33144616,8832,-2.11154656427e-06,2.11154656427e-06,1.41156411171,0,0,0.000369308225345,0.000230817648116,0.0162370912731,0.0104480851442
17.728000842,2701.24874078,-806.968135294,107.586921692,-481.424407959,9.43653869629,0.40248170495,102.717521667,39.0725402832,0.974110007286,0.000232830643654,0.000465661287308,3,529.331620783,4.56561025409,-0.850985693669,93.2535882134,15.3557958419,98.0007534963,106.74449004,5150.00568703,0.00791624188423,1478.95654663,1470.35636473,21,70.04285726,27.3158002528,46.9728438475,0.00565073138281,0.00576255843043,-0.000111827047622,-0.00017462298274,2125.92977538,7750,15.5000007362,1599.72637634,529.33144616,8864,-2.17622982746e-06,2.17622982746e-06,1.41100859642,0,0,0,0,0.00710278656334,0.00461396295577
17.7920008451,2652.89121307,-697.055715136,92.9331359863,-472.366912842,6.97520875931,0.366406351328,102.71761322,39.0723762512,0.974110066891,0.000232830643654,0.000465661287308,3,529.331620783,5.9424205176,-0.457368775666,89.383636723,13.7823100392,111.342043965,114.337359264,5150.00522137,0.00791624188423,1478.95654663,1470.35636473,21,70.04285726,27.9048908851,46.8557300337,0.00532462068881,0.00540239852853,-7.77778397243e-05,-0.000280124368146,2125.92977538,7750,15.5000007362,1599.72637634,529.33144616,8896,-2.18523405238e-06,2.18523405238e-06,1.41764545441,0,0,0,0,0.00315400375985,0.00205730576999
17.8560008481,2612.91977949,-555.50027173,74.0606231689,-471.640106201,5.0232424736,0.310771197081,102.717704773,39.0722084045,0.974110126495,0.000232830643654,0.000465661287308,3,529.331620783,6.67387567704,-0.129080482991,85.6813723387,12.4555296702,118.429845315,120.670039905,5150.00568703,0.00791624188423,1478.95654663,1470.35636473,21,70.04285726,28.7706061499,47.0095110359,0.00548854289795,0.0055406417232,-5.20988252539e-05,4.72937244922e-05,2125.92977538,7750,15.5000007362,1599.72637634,529.33144616,8928,-2.09038239518e-06,2.09038239518e-06,1.41357290745,0,0,0,0,0.00140974624082,0.000921236292925
17.9200008512,2581.8743743,-421.959877713,56.2566986084,-474.221496582,3.57412385941,0.246619343758,102.717521667,39.0720405579,0.974110007286,0.000232830643654,0.000465661287308,3,529.331620783,7.10153987523,0.170488334667,82.1395727878,11.4007729756,122.57391063,126.448721858,5150.00568703,0.00791624188423,1478.95654663,1470.35636473,21,70.04285726,29.6257185255,47.2220599477,0.00548997108885,0.00547152012587,1.84509629797e-05,0.000116415321827,2125.92977538,7750,15.5000007362,1599.72637634,529.33144616,8960,-2.14149031308e-06,2.14149031308e-06,1.4149415493,0,0,0,0,0.000631949340459,0.00041330078966
17.9840008542,2558.6578995,-311.204668833,41.4905509949,-477.603851318,2.52711105347,0.187177106738,102.717521667,39.07188797,0.974110007286,0.000232830643654,0.000465661287308,3,529.331620783,7.37378237862,0.448620794551,78.7514333124,10.5852064494,125.211940031,131.813896587,5150.00522137,0.00791624188423,1478.95654663,1470.35636473,21,70.04285726,30.4318964481,47.4207117804,0.00514124381956,0.0051823008107,-4.10569911402e-05,-6.0026650317e-05,2125.92977538,7750,15.5000007362,1599.72637634,529.33144616,8992,-2.09388235817e-06,2.09388235817e-06,1.41023445129,0,0,0,0,0.000283653091174,0.000185579614481
18.0480008572,2541.70387052,-225.260286243,30.0322399139,-480.749053955,1.78082025051,0.13804268837,102.717247009,39.0717124939,0.974109828472,0.000232830643654,0.000465661287308,3,529.331620783,7.58134031151,0.779886984244,75.5105959688,9.96562464041,127.223174786,138.204020914,5150.00615269,0.00791624188423,1478.95654663,1470.35636473,21,70.04285726,29.1677679343,47.0335507998,0.00532901184291,0.00530235411134,2.66577315777e-05,0.000751242623664,2125.92977538,7750,15.5000007362,1599.72637634,529.33144616,9024,-2.16467537939e-06,2.16467537939e-06,1.41286170483,0,0,0,0,0.000127393039293,8.33603698993e-05
18.1120008603,2529.50820141,-161.137009854,21.483171463,-483.318145752,1.25300908089,0.0998732373118,102.717247009,39.0715675354,0.974109828472,0.000232830643654,0.000465661287308,3,529.331620783,7.80902181417,1.24685662476,72.4110763789,9.5174848233,129.360385472,147.175480379,5150.00568703,0.00791624188423,1478.95654663,1470.35636473,21,70.04285726,24.1195994022,45.1563719253,0.0051799257661,0.00516956788488,1.03578812194e-05,0.000418367562816,2125.92977538,7750,15.5000007362,1599.72637634,529.33144616,9056,-2.14225860873e-06,2.14225860873e-06,1.4149787426,0,0,0,0,5.72291537537e-05,3.74509800167e-05
18.1760008633,2520.81803046,-114.42154937,15.2549543381,-485.285339355,0.881066501141,0.0713765248656,102.717201233,39.0714149475,0.974109828472,0.000232830643654,0.000465661287308,3,529.331620783,43.1327413954,10.6811863137,69.4475860227,9.45740664903,129.433959955,147.789207404,5150.00522137,0.00791624188423,1478.95654663,1471.18640598,21,70.04285726,24.1329198616,44.2938398919,0.00544965667038,0.00546788214706,-1.82254766834e-05,-0.000345607986674,2125.92977538,7750,15.5000007362,1599.72637634,529.33144616,9088,-2.24734549192e-06,2.24734549192e-06,1.412514925,0,0,0,0,2.57122446783e-05,1.68267451954e-05
18.2400008664,2514.66175541,-80.8826007415,10.7834615707,-486.738189697,0.619390368462,0.050624486059,102.788551331,39.04479599,0.974157035351,0.000232830643654,0.000465661287308,3,529.331620783,97.8328020318,21.1185440167,93.1129516679,18.0094911735,102.28024621,113.857036922,5150.00568703,0.00791624188423,1506.11018762,1505.11856191,21,70.04285726,27.4218018603,46.5324737888,0.00593425841799,0.00601357896812,-7.93205501282e-05,-0.00042564352043,2125.92977538,7750,15.5000007362,1599.72637634,529.33144616,9120,-2.28446538131e-06,2.28446538131e-06,1.41292107105,0,0,0,0,1.15527527669e-05,7.56052577344e-06
18.3040008694,2510.31643711,-57.0220581722,7.60231733322,-487.788665771,0.435420006514,0.0357454828918,102.826789856,39.0303764343,0.97418230772,0.000232830643654,0.000465661287308,3,529.331620783,109.559780376,23.3016278987,107.47479964,21.8366895202,72.0872412785,90.2955143829,5150.00615269,0.00791624188423,1536.30319983,1528.68020814,21,70.04285726,34.0197984769,50.3267328895,0.00610530026535,0.00617910700385,-7.38067384987e-05,-0.000125510268845,2125.92977538,7750,15.5000007362,1599.72637634,529.33144616,9152,-2.17863589569e-06,2.17863589569e-06,1.4126393795,0,0,0,0,5.19088143847e-06,3.39711687047e-06
18.3680008724,2507.25541264,-40.1347824663,5.35086536407,-488.539215088,0.306121051311,0.0251747015864,102.836021423,39.0270042419,0.974188446999,0.000232830643654,0.000465661287308,3,529.331620783,108.836791335,22.0657659433,108.235394307,21.5400526192,60.741273046,80.3283110145,5150.00615269,0.00791624188423,1547.64950275,1538.64745516,21,70.04285726,36.7752982129,52.3631497344,0.00631985574984,0.0063610059442,-4.11501943631e-05,-0.000307409209199,2125.92977538,7750,15.5000007362,1599.72637634,529.33144616,9184,-2.29078432312e-06,2.29078432312e-06,1.40993583202,0,0,0,0,2.33239097724e-06,1.52641314344e-06
18.4320008755,2505.10219485,-28.2225482806,3.76269769669,-489.071594238,0.215285152197,0.01769775711,102.836708069,39.0266990662,0.974188864231,0.000232830643654,0.000465661287308,3,529.331620783,83.5858072381,15.9256000049,103.311899296,19.4311453589,59.3960940023,78.5879019531,5150.00568703,0.00791624188423,1548.9946818,1540.38798064,22,70.0379096088,38.70422006,54.0536093467,0.00592650994946,0.00592262949795,3.88045151567e-06,-0.000334694050252,2125.92977538,7750,15.5000007362,1599.72637634,529.33144616,9216,-2.15707950701e-06,2.15707950701e-06,1.41345751286,0,0,0,0,1.04800597001e-06,6.85859276928e-07
18.4960008785,2503.58833,-19.8375582841,2.64479064941,-489.447174072,0.151460677385,0.0124301882461,102.836341858,39.0267219543,0.974188625813,0.000232830643654,0.000465661287308,3,529.331620783,13.6988647733,1.0432700033,98.9350849058,17.5645577963,59.3960940023,81.9528286229,5150.00615269,0.00791624188423,1548.9946818,1540.38798064,22,70.0379096088,37.3700349883,55.2730016352,0.00612601613881,0.0061536411522,-2.76250133879e-05,-0.000100044417195,2125.92977538,7750,15.5000007362,1599.72637634,529.33144616,9248,-2.20830656872e-06,2.20830656872e-06,1.41269004345,0,0,0,0,4.70898356753e-07,3.08175771124e-07
18.5600008816,2502.52429396,-13.941031284,1.85865163803,-489.711608887,0.106610737741,0.00872645620257,102.836021423,39.0267410278,0.974188446999,0.000232830643654,0.000465661287308,3,529.331620783,3.69739978821,-1.05789446439,94.8153057771,16.0072296311,89.5877965377,102.753219835,5150.00615269,0.00791624188423,1548.9946818,1540.38798064,22,70.0379096088,27.497395422,47.2075153084,0.00651910259108,0.00657564669382,-5.65441027334e-05,-0.000522049958818,2125.92977538,7750,15.5000007362,1599.72637634,529.33144616,9280,-2.26104111789e-06,2.26104111789e-06,1.41285347939,0,0,0,0,2.11587860122e-07,1.38472032063e-07
18.6240008846,2501.77667476,-9.79788092081,1.30627691746,-489.897399902,0.0750917568803,0.00612396933138,102.835754395,39.0267486572,0.974188268185,0.000232830643654,0.000465661287308,3,529.331620783,5.50830681533,-0.599467223606,90.8775850514,14.3758869057,107.13548545,111.596280476,5150.00661835,0.00791624188423,1548.9946818,1540.38798064,22,70.0379096088,27.6006157947,46.8488797196,0.00685447876236,0.00687941792421,-2.49391618468e-05,-0.000360159901902,2125.92977538,7750,15.5000007362,1599.72637634,529.33144616,9312,-2.2103874926e-06,2.2103874926e-06,1.41231477261,0,0,0,0,9.50723659798e-08,6.22193567779e-08
18.6880008876,2501.25140883,-6.88472209731,0.917887628078,-490.028259277,0.0529436357319,0.00429450534284,102.835395813,39.0267601013,0.974188029766,0.000232830643654,0.000465661287308,3,529.331620783,6.43532093679,-0.253773599044,87.1105619328,12.943195132,116.118251754,118.264710181,5150.00615269,0.00791624188423,1548.9946818,1540.38798064,22,70.0379096088,28.4265188384,46.9344013254,0.00630912300181,0.00626641849522,4.27045065976e-05,-0.000212821760215,2125.92977538,7750,15.5000007362,1599.72637634,529.33144616,9344,-2.24212408284e-06,2.24212408284e-06,1.41307091713,0,0,0,0,4.2718671267e-08,2.79568972417e-08
18.7520008907,2500.8819066,-4.84120755573,0.645441353321,-490.119506836,0.0373529866338,0.00301396497525,102.83530426,39.0267868042,0.974187970161,0.000232830643654,0.000465661287308,3,529.331620783,6.95751560047,0.0556058959275,83.506713831,11.7838216947,121.178316476,124.232639791,5150.00661835,0.00791624188423,1548.9946818,1540.38798064,22,70.0379096088,29.2950771836,47.1374369226,0.00625404172894,0.00629916030448,-4.51185755423e-05,0.000220097717829,2125.92977538,7750,15.5000007362,1599.72637634,529.33144616,9376,-2.25360054174e-06,2.25360054174e-06,1.41539931297,0,0,0,0,1.91946973871e-08,1.25618173641e-08
18.8160008937,2500.6220676,-3.40539531862,0.454015433788,-490.183532715,0.0263914447278,0.00211367942393,102.834938049,39.0267906189,0.974187672138,0.000232830643654,0.000465661287308,3,529.331620783,7.27971429239,0.341749094501,80.0591700648,10.8795955463,124.300422613,129.752341309,5150.00615269,0.00791624188423,1548.9946818,1540.38798064,22,70.0379096088,30.1215022773,47.3457512271,0.00612887962603,0.00619365891907,-6.47792930408e-05,-0.000140062184073,2125.92977538,7750,15.5000007362,1599.72637634,529.33144616,9408,-2.19848811867e-06,2.19848811867e-06,1.41358184814,0,0,0,0,8.62471516427e-09,5.64437740991e-09
18.8800008968,2500.43929555,-2.39595578932,0.319434553385,-490.228485107,0.0186652876437,0.00148406426888,102.834754944,39.0268058777,0.974187612534,0.000232830643654,0.000465661287308,3,529.331620783,7.49767942121,0.620528828134,76.7614628181,10.187301164,126.412502141,135.130001581,5150.00615269,0.00791624188423,1548.9946818,1540.38798064,22,70.0379096088,30.528564821,47.421464842,0.00596939830899,0.00591535354033,5.40447686603e-05,0.000138243194669,2125.92977538,7750,15.5000007362,1599.72637634,529.33144616,9440,-2.22454218601e-06,2.22454218601e-06,1.41239070892,0,0,0,0,3.8753262821e-09,2.5361772682e-09
18.9440008998,2500.3105402,-1.68826068148,0.225082948804,-490.259674072,0.0132249183953,0.00104113621637,102.834480286,39.0268096924,0.974187374115,0.000232830643654,0.000465661287308,3,529.331620783,7.71723174698,1.07187960602,73.6073440194,9.67451706291,128.539963043,143.836557982,5150.00568703,0.00791624188423,1548.9946818,1540.38798064,22,70.0379096088,25.8699001279,45.9360708192,0.00613332051813,0.0061545506469,-2.12301287661e-05,-0.000566615199205,2125.92977538,7750,15.5000007362,1599.72637634,529.33144616,9472,-2.18292780119e-06,2.18292780119e-06,1.40895617008,0,0,0,0,1.74129222152e-09,1.13957576708e-09
19.0080009028,2500.22020191,-1.18857212783,0.158463284373,-490.282012939,0.00938715599477,0.000731516687665,102.834388733,39.0268363953,0.97418731451,0.000232830643654,0.000465661287308,3,529.331620783,21.4449965978,4.97969560926,70.5912394805,9.31836325193,129.432213726,148.617866216,5150.00661835,0.00791624188423,1548.9946818,1540.38798064,22,70.0379096088,24.009423214,44.5548394055,0.00599165517201,0.00596719473833,2.44604336785e-05,0.000552063283976,2125.92977538,7750,15.5000007362,1599.72637634,529.33144616,9504,-2.20952438212e-06,2.20952438212e-06,1.41266441345,0,0,0,0,7.82411746503e-10,5.12043407674e-10
19.0720009059,2500.15617348,-0.837998868519,0.1117240116,-490.297363281,0.00668488815427,0.000511759717483,102.87928009,39.0055656433,0.974216938019,0.000232830643654,0.000465661287308,3,529.331620783,84.1321948669,18.2944504801,79.2219651045,14.6869509555,120.163655083,128.028477775,5150.00568703,0.00791624188423,1558.26332048,1560.97742729,22,70.0379096088,25.1651526924,44.8972641607,0.00594376609042,0.00592990545556,1.38606348621e-05,-0.000341970007867,2125.92977538,7750,15.5000007362,1599.72637634,529.33144616,9536,-2.24825362238e-06,2.24825362238e-06,1.41280293465,0,0,0,0,3.51559559242e-10,2.30075458685e-10
19.1360009089,2500.11100434,-0.591890170654,0.0789122134447,-490.308013916,0.00476144626737,0.000362658436643,102.982566833,38.9566268921,0.974284946918,0.000232830643654,0.000465661287308,3,529.331620783,107.344439817,23.0565595622,104.333924116,21.0288003211,81.03151049,97.4715512712,5150.00615269,0.00791624188423,1597.39574883,1591.53447021,22,70.0379096088,32.2371779475,49.3572224514,0.00531604421594,0.00518411980011,0.000131924415836,0.000869476934895,2125.92977538,7750,15.5000007362,1599.72637634,529.33144616,9568,-2.21875075113e-06,2.21875075113e-06,1.41263413429,0,0,0,0,1.57965598935e-10,1.0337934675e-10
19.200000912,2500.07933937,-0.419034620336,0.0558666959405,-490.315551758,0.00340868183412,0.000255091814324,103.005531311,38.9456596375,0.974300026894,0.000232830643654,0.000465661287308,3,529.331620783,109.925369471,22.7768411643,108.849646394,21.9460161223,63.6547993054,83.097787865,5150.00568703,0.00791624188423,1614.77224901,1605.90803716,22,70.0379096088,35.837671021,51.5902611369,0.00547395523354,0.00540967448615,6.42807473916e-05,0.000178260961547,2125.92977538,7750,15.5000007362,1599.72637634,529.33144616,9600,-2.27614305004e-06,2.27614305004e-06,1.41250133514,0,0,0,0,7.09783481989e-11,4.645123175e-11
19.264000915,2500.0567548,-0.298268872712,0.03976592049,-490.320587158,0.0024551814422,0.0001768120419,103.009346008,38.943687439,0.974302530289,0.000232830643654,0.000465661287308,3,529.331620783,102.622948694,20.1083176501,105.275449164,20.3623442416,59.3917175138,78.5850570537,5150.00615269,0.00791624188423,1619.03526168,1610.4207607,23,70.0404852978,38.0118945031,53.4461069037,0.0052012098517,0.00524778442923,-4.6574577528e-05,0.000805812305771,2125.92977538,7750,15.5000007362,1599.72637634,529.33144616,9632,-2.22516359827e-06,2.22516359827e-06,1.41428339481,0,0,0,0,3.18925615084e-11,2.08718407141e-11
19.328000918,2500.04068948,-0.210869146144,0.0281135793775,-490.324371338,0.00177438009996,0.000122715238831,103.008705139,38.9439811707,0.974302113056,0.000232830643654,0.000465661287308,3,529.331620783,38.8474469699,6.09651275755,100.608747695,18.2213029956,59.3917175138,78.5850570537,5150.00522137,0.00791624188423,1619.03526168,1610.4207607,23,70.0404852978,39.6406067011,54.8433126824,0.00520421900019,0.005233232514,-2.90135138137e-05,-0.000110958353616,2125.92977538,7750,15.5000007362,1599.72637634,529.33144616,9664,-2.19451226258e-06,2.19451226258e-06,1.41517984867,0,0,0,0,1.43302210376e-11,9.37830282183e-12
19.3920009211,2500.02951361,-0.149373178715,0.0199147891253,-490.327056885,0.00128411629703,8.77611382748e-05,103.008338928,38.9441566467,0.974301815033,0.000232830643654,0.000465661287308,3,529.331620783,2.5189158953,-1.3538238336,96.409054779,16.644285714,78.1682902016,97.0447435975,5150.00429004,0.00791624188423,1619.03526168,1610.4207607,23,70.0404852978,28.7488783215,47.9396549053,0.00465115029824,0.00461113813799,4.00121602517e-05,-0.000420186552219,2125.92977538,7750,15.5000007362,1599.72637634,529.33144616,9696,-2.1997177555e-06,2.1997177555e-06,1.41282784939,0,0,0,0,6.43896958322e-12,4.21393475669e-12
19.4560009241,2500.02113171,-0.105099459802,0.0140121113509,-490.328857422,0.000933620613068,6.39520294499e-05,103.007987976,38.944316864,0.974301636219,0.000232830643654,0.000465661287308,3,529.331620783,4.94390562276,-0.755940316209,92.4018068611,15.0032156276,101.66643915,108.577914943,5150.00475571,0.00791624188423,1619.03526168,1610.4207607,23,70.0404852978,27.3724363069,46.9035840069,0.00461960220077,0.00460022420157,1.93779992053e-05,5.63886715099e-05,2125.92977538,7750,15.5000007362,1599.72637634,529.33144616,9728,-2.19706748794e-06,2.19706748794e-06,1.41267955303,0,0,0,0,2.89320932663e-12,1.89343896465e-12
19.5200009272,2500.01554377,-0.0759851914722,0.0101305274293,-490.33001709,0.000681341043673,4.75379674754e-05,103.007896423,38.9444999695,0.974301576614,0.000232830643654,0.000465661287308,3,529.331620783,6.13667108362,-0.383775621654,88.5687138654,13.4743608691,113.2243342,115.756971354,5150.00382438,0.00791624188423,1619.03526168,1610.4207607,23,70.0404852978,28.0851199932,46.8752987217,0.00432600594236,0.00432009983342,5.90610893525e-06,-0.000594809534959,2125.92977538,7750,15.5000007362,1599.72637634,529.33144616,9760,-2.22227595259e-06,2.22227595259e-06,1.41518354416,0,0,0,0,1.30000014659e-12,8.50775450523e-13
19.5840009302,2500.01158565,-0.0523874135183,0.00698441499844,-490.331207275,0.000505422416609,3.54324474756e-05,103.007255554,38.944644928,0.974301159382,0.000232830643654,0.000465661287308,3,529.331620783,6.78354517224,-0.0629182945685,84.9017258146,12.2067952612,119.492542581,121.946308354,5150.00335872,0.00791624188423,1619.03526168,1610.4207607,23,70.0404852978,28.9570507448,47.0526792924,0.00388947690722,0.00386353349313,2.59434140837e-05,-0.000603904481977,2125.92977538,7750,15.5000007362,1599.72637634,529.33144616,9792,-2.20181527766e-06,2.20181527766e-06,1.41264522076,0,0,0,0,5.84126551382e-13,3.82277299009e-13
19.6480009332,2500.00879169,-0.0379472169243,0.0050592138432,-490.331756592,0.000386528321542,2.52288627962e-05,103.006980896,38.9447898865,0.974300980568,0.000232830643654,0.000465661287308,3,529.331620783,7.16924776521,0.231729352735,81.3937083338,11.2068813258,123.22999828,127.630060888,5150.00335872,0.00791624188423,1619.03526168,1610.4207607,23,70.0404852978,29.8026970995,47.265770263,0.00403704242258,0.00401996658184,1.70758407414e-05,-0.000760337570682,2125.92977538,7750,15.5000007362,1599.72637634,529.33144616,9824,-2.12339455175e-06,2.12339455175e-06,1.41488158703,0,0,0,0,2.62464420857e-13,1.71767873362e-13
19.7120009363,2500.00669621,-0.0286694827878,0.00382228405215,-490.331970215,0.000283646251773,2.23633051064e-05,103.00680542,38.9449462891,0.974300861359,0.000232830643654,0.000465661287308,3,529.331620783,7.41864873279,0.505653903773,78.0380544355,10.4366783259,125.64669305,132.914065034,5150.00382438,0.00791624188423,1619.03526168,1610.4207607,23,70.0404852978,30.5977264361,47.4578955618,0.00388652815486,0.00390900822822,-2.24800733584e-05,-0.000183717929758,2125.92977538,7750,15.5000007362,1599.72637634,529.33144616,9856,-2.18611353375e-06,2.18611353375e-06,1.41266679764,0,0,0,0,1.17932641192e-13,7.71801174945e-14
19.7760009393,2500.00506639,-0.0220799147854,0.00294374697842,-490.332061768,0.000199541609618,2.17315864575e-05,103.006355286,38.9450874329,0.974300563335,0.000232830643654,0.000465661287308,3,529.331620783,7.628437989,0.88157992205,74.8282230553,9.85540624151,127.679551952,140.165677294,5150.00429004,0.00791624188423,1619.03526168,1610.4207607,23,70.0404852978,28.0334224954,46.6918136226,0.00388362203507,0.00391719368054,-3.35716454636e-05,0.000273757905234,2125.92977538,7750,15.5000007362,1599.72637634,529.33144616,9888,-2.24164114115e-06,2.24164114115e-06,1.41244721413,0,0,0,0,5.29904455547e-14,3.46791890452e-14
19.8400009423,2500.00390224,-0.0148170746783,0.00197544787079,-490.332458496,0.000147372105857,1.86716897588e-05,103.005989075,38.9452056885,0.974300324917,0.000232830643654,0.000465661287308,3,529.331620783,9.67861896215,1.81200369003,71.7586180306,9.44040299482,129.426523927,148.447521497,5150.00429004,0.00791624188423,1619.03526168,1610.4207607,23,70.0404852978,23.6656651396,44.9748295068,0.00386124349161,0.00392810761696,-6.68641253476e-05,0.000262843968812,2125.92977538,7750,15.5000007362,1599.72637634,529.33144616,9920,-2.27087889471e-06,2.27087889471e-06,1.41397058964,0,0,0,0,2.38100961473e-14,1.55823331939e-14
19.9040009454,2500.00297092,-0.00958045376365,0.00127728900407,-490.332702637,0.000123183621326,1.35127047542e-05,103.005622864,38.9453468323,0.974300086498,0.000232830643654,0.000465661287308,3,529.331620783,58.5457303481,13.8125002007,68.8238702683,10.900430997,129.426523927,142.515491461,5150.00382438,0.00791624188423,1619.03526168,1616.52290262,23,70.0404852978,24.2600581259,44.274605898,0.00373603387116,0.00375075615011,-1.47222789515e-05,-2.54658516496e-05,2125.92977538,7750,15.5000007362,1599.72637634,529.33144616,9952,-2.26774841394e-06,2.26774841394e-06,1.41295468807,0,0,0,0,1.0698543661e-14,7.00157900069e-15
19.9680009484,2500.00273809,-0.0062099312359,0.000827922893222,-490.33303833,0.000106142790173,1.06223760667e-05,103.111045837,38.9088668823,0.974369108677,0.000232830643654,0.000465661287308,3,529.331620783,102.384672297,22.0798717156,98.2501556301,19.3640316949,93.6675496632,107.260559162,5150.00382438,0.00791624188423,1654.79420684,1651.77753661,23,70.0404852978,29.1546402877,47.6398017781,0.00381664494453,0.0037434801925,7.31647520347e-05,-1.81898940355e-05,2125.92977538,7750,15.5000007362,1599.72637634,529.33144616,9984,-2.13693078877e-06,2.13693078877e-06,1.41267871857,0,0,0,0,4.80715676819e-15,3.14600636225e-15
20.0320009515,2500.00227243,-0.0040919636568,0.000545550370589,-490.333068848,9.39236924751e-05,9.05833258003e-06,103.145606995,38.8969459534,0.974391698837,0.000232830643654,0.000465661287308,3,529.331620783,110.0208485,23.216599556,108.342615024,22.0040781398,68.4651968186,87.2829914442,5150.00475571,0.00791624188423,1679.9964942,1671.75522074,23,70.0404852978,34.7355271515,50.7812619617,0.0043261893512,0.00430190993939,2.42794118144e-05,0.000354702933691,2125.92977538,7750,15.5000007362,1599.72637634,529.33144616,10016,-2.28078101827e-06,2.28078101827e-06,1.41477394104,0,0,0,0,2.15998991967e-15,1.41358903935e-15
20.0960009545,2500.0020396,-0.00267336863757,0.000356419885065,-490.3331604,8.62986271386e-05,7.91562251834e-06,103.154029846,38.8941307068,0.974397242069,0.000232830643654,0.000465661287308,3,529.331620783,107.864904908,21.5900298666,107.48905374,21.2091080921,59.8157639615,79.3175204308,5150.00475571,0.00791624188423,1688.6460362,1679.72070631,23,70.0404852978,37.2375943698,52.7620068169,0.00428605789748,0.00432737579104,-4.1317893551e-05,0.000329237082042,2125.92977538,7750,15.5000007362,1599.72637634,529.33144616,10048,-2.18531477003e-06,2.18531477003e-06,1.40861403942,0,0,0,0,9.70543797612e-16,6.35165231432e-16
20.1600009575,2500.0020396,-0.00174430137001,0.000232554433751,-490.333282471,8.14024533611e-05,7.14662883183e-06,103.153388977,38.8943901062,0.974396824837,0.000232830643654,0.000465661287308,3,529.331620783,68.7015311234,12.6559568907,102.327619273,18.9740271436,59.39271432,78.5864394857,5150.00429004,0.00791624188423,1689.06908948,1680.45191094,24,70.0338205206,39.0518944187,54.3508103874,0.00437404484854,0.0043619365897,1.210825884e-05,-0.000170985003933,2125.92977538,7750,15.5000007362,1599.72637634,529.33144616,10080,-2.28509816225e-06,2.28509816225e-06,1.41252720356,0,0,0,0,4.36092557083e-16,2.85397560712e-16
20.2240009606,2500.00180677,-0.0010837591935,0.000144489371451,-490.333251953,7.81145281508e-05,6.67143285682e-06,103.152946472,38.8945655823,0.974396526814,0.000232830643654,0.000465661287308,3,529.331620783,5.65236771419,-0.641317583114,98.0289533886,17.2396654018,62.9714486422,87.3751559993,5150.00568703,0.00791624188423,1689.06908948,1680.45191094,24,70.0338205206,33.7266064889,52.9906319571,0.00500579194762,0.00504951458424,-4.37226366223e-05,0.00053842086345,2125.92977538,7750,15.5000007362,1599.72637634,529.33144616,10112,-2.23064353122e-06,2.23064353122e-06,1.41265153885,0,0,0,0,1.95948605081e-16,1.2823712215e-16
20.2880009636,2500.00180677,-0.000745100980915,9.93386420305e-05,-490.333312988,7.60152033763e-05,6.34691014056e-06,103.152305603,38.8947219849,0.974396109581,0.000232830643654,0.000465661287308,3,529.331620783,4.20165688313,-0.938431055273,93.9501053545,15.6509888378,94.474045909,105.057668407,5150.00615269,0.00791624188423,1689.06908948,1680.45191094,24,70.0338205206,27.3353271041,47.0562517876,0.00546605311014,0.00546242517885,3.62793128872e-06,0.000591171556152,2125.92977538,7750,15.5000007362,1599.72637634,529.33144616,10144,-2.29139800467e-06,2.29139800467e-06,1.41338002682,0,0,0,0,8.80451838095e-17,5.76205412026e-17
20.3520009667,2500.00180677,-0.000487299367524,6.49679132039e-05,-490.333343506,7.45999714127e-05,6.14623695583e-06,103.151763916,38.8948669434,0.974395751953,0.000232830643654,0.000465661287308,3,529.331620783,5.75824157918,-0.520655306965,90.0499682806,14.0466792766,109.557353426,113.116562716,5150.00568703,0.00791624188423,1689.06908948,1680.45191094,24,70.0338205206,27.7608633041,46.8455291411,0.00553611262388,0.00558793544769,-5.182282381e-05,0,2125.92977538,7750,15.5000007362,1599.72637634,529.33144616,10176,-2.1611979264e-06,2.1611979264e-06,1.41276848316,0,0,0,0,3.95611601837e-17,2.58905281798e-17
20.4160009697,2500.00180677,-0.000318070847438,4.24059653596e-05,-490.333374023,7.36940128263e-05,6.00923658567e-06,103.1510849,38.8950004578,0.974395275116,0.000232830643654,0.000465661287308,3,529.331620783,6.57128974066,-0.185208705114,86.3187781818,12.6710954626,117.435789434,119.587326481,5150.00522137,0.00791624188423,1689.06908948,1680.45191094,24,70.0338205206,28.6142767436,46.9728547614,0.00524402271607,0.0052841642173,-4.01415012341e-05,-0.000161890056916,2125.92977538,7750,15.5000007362,1599.72637634,529.33144616,10208,-2.24646373681e-06,2.24646373681e-06,1.41348934174,0,0,0,0,1.77759376558e-17,1.1633335786e-17
20.4800009727,2500.00180677,-0.00020753262997,2.76687460428e-05,-490.333374023,7.31048421585e-05,5.91923344473e-06,103.150810242,38.895149231,0.974395096302,0.000232830643654,0.000465661287308,3,529.331620783,7.03876708277,0.118669481593,82.7492981358,11.5694168862,121.965640574,125.449136249,5150.00615269,0.00791624188423,1689.06908948,1680.45191094,24,70.0338205206,29.4763049169,47.1826679131,0.00527832061392,0.00534600985702,-6.76892430995e-05,0.000707586877979,2125.92977538,7750,15.5000007362,1599.72637634,529.33144616,10240,-2.23669303523e-06,2.23669303523e-06,1.41516792774,0,0,0,0,7.98722704349e-18,5.22718300616e-18
20.5440009758,2500.00180677,-0.000135507008392,1.80661190825e-05,-490.333374023,7.27174628992e-05,5.86137321079e-06,103.150268555,38.8952789307,0.974394738674,0.000232830643654,0.000465661287308,3,529.331620783,7.33227399665,0.40039277715,79.3347453592,10.714500511,124.809725094,130.883578095,5150.00522137,0.00791624188423,1689.06908948,1680.45191094,24,70.0338205206,30.2917414956,47.3861582577,0.00538416305984,0.00538238964509,1.77341474838e-06,-0.000260115484707,2125.92977538,7750,15.5000007362,1599.72637634,529.33144616,10272,-2.19303296944e-06,2.19303296944e-06,1.41252779961,0,0,0,0,3.58888438778e-18,2.34871979234e-18
20.6080009788,2500.00180677,-8.84723544425e-05,1.17953459267e-05,-490.333404541,7.24647543393e-05,5.82351913181e-06,103.149726868,38.8954086304,0.974394381046,0.000232830643654,0.000465661287308,3,529.331620783,7.54199000466,0.701809838617,76.0685128644,10.0623388179,126.841870951,136.697912239,5150.00568703,0.00791624188423,1689.06908948,1680.45191094,24,70.0338205206,29.9392449961,47.2519604955,0.00531565963469,0.00536238076165,-4.67211269672e-05,0.00022555468604,2125.92977538,7750,15.5000007362,1599.72637634,529.33144616,10304,-2.26625161304e-06,2.26625161304e-06,1.41553080082,0,0,0,0,1.61258622603e-18,1.05534545983e-18
20.6720009819,2500.00157394,-5.77504571941e-05,7.69942926127e-06,-490.333282471,7.23001139704e-05,5.79870174988e-06,103.149360657,38.8955345154,0.974394142628,0.000232830643654,0.000465661287308,3,529.331620783,7.76378280977,1.16934881222,72.9445942988,9.58548112807,128.991043312,145.716738189,5150.00522137,0.00791624188423,1689.06908948,1680.45191094,24,70.0338205206,24.8438918788,45.5019289802,0.00526936067002,0.00519594323123,7.34174387951e-05,-7.36690708436e-05,2125.92977538,7750,15.5000007362,1599.72637634,529.33144616,10336,-2.22637390834e-06,2.22637390834e-06,1.41266155243,0,0,0,0,7.24580334697e-19,4.74196433891e-19
20.7360009849,2500.00157394,-3.77002595808e-05,5.02628881804e-06,-490.333282471,7.2192553489e-05,5.78253047934e-06,103.149177551,38.8956642151,0.974394023418,0.000232830643654,0.000465661287308,3,529.331620783,32.1373917175,7.85003348178,69.9576864928,9.26006134653,129.428459331,148.618535604,5150.00522137,0.00791624188423,1689.06908948,1680.45191094,24,70.0338205206,24.0723366005,44.3816934421,0.00545267803131,0.00542422640137,2.84516299409e-05,-0.000301952240989,2125.92977538,7750,15.5000007362,1599.72637634,529.33144616,10368,-2.19990943151e-06,2.19990943151e-06,1.41226387024,0,0,0,0,3.25574282445e-19,2.13069796298e-19
20.8000009879,2500.00157394,-2.46119773867e-05,3.28132773575e-06,-490.333282471,7.21223041182e-05,5.77198215979e-06,103.180397034,38.9045600891,0.974414408207,0.000232830643654,0.000465661287308,3,529.331620783,92.5986247766,20.02216861,87.5468721654,16.6231645953,110.231383587,120.014461572,5150.00522137,0.00791624188423,1708.26609246,1709.05585401,24,70.0338205206,26.2234680122,45.6886446045,0.00551676991589,0.00553518475499,-1.8414839098e-05,-0.000412910594605,2125.92977538,7750,15.5000007362,1599.72637634,529.33144616,10400,-2.06032291317e-06,2.06032291317e-06,1.4127625227,0,0,0,0,1.4628964429e-19,9.57382395261e-20
20.864000991,2500.00157394,-1.60673887389e-05,2.14214264815e-06,-490.333282471,7.20764728612e-05,5.76509000894e-06,103.208930969,38.9126472473,0.974433064461,0.000232830643654,0.000465661287308,3,529.331620783,108.797376478,23.262553646,106.322012132,21.5586613246,75.7425877964,93.2680122787,5150.00568703,0.00791624188423,1742.75483005,1735.8022742,24,70.0338205206,33.3153511747,49.9250018038,0.00538222154345,0.00540967448615,-2.74529426969e-05,0.000178260961547,2125.92977538,7750,15.5000007362,1599.72637634,529.33144616,10432,-2.1453838599e-06,2.1453838599e-06,1.41283333302,0,0,0,0,6.57320430858e-20,4.30178702603e-20
20.928000994,2500.00157394,-1.04890731517e-05,1.3984282532e-06,-490.333282471,7.20465468476e-05,5.76059073865e-06,103.215415955,38.9144897461,0.974437236786,0.000232830643654,0.000465661287308,3,529.331620783,109.435888369,22.4164453669,108.630897968,21.7595555024,61.8541671429,81.4298982732,5150.00475571,0.00791624188423,1756.64317794,1747.64031544,24,70.0338205206,36.3650324289,52.0162211615,0.00510499618966,0.00517138687428,-6.63906846166e-05,-0.000514774001203,2125.92977538,7750,15.5000007362,1599.72637634,529.33144616,10464,-2.33942182604e-06,2.33942182604e-06,1.41276848316,0,0,0,0,2.95352527907e-20,1.93291381171e-20
20.9920009971,2506.97950833,251.697114436,-33.5568618774,-527.311645508,0.408240705729,-0.0113717848435,103.215995789,38.9148178101,0.974437654018,0.000232830643654,0.000465661287308,4,526.203075424,93.8506709219,18.1817453048,104.157623022,19.8382533651,59.3900440435,78.5849551903,5150.00522137,0.00791624188423,1759.10722464,1750.48527308,25,70.0384116499,38.3987426176,53.7861924386,0.00487110328462,0.0048239598982,4.71433864169e-05,0.000298314262182,2132.90741317,10468,20.9360009944,2125.92983605,526.203482877,10496,-2.28172757488e-06,2.28172757488e-06,1.41268801689,0,0,0.0125385709107,0.00783660728484,0.0116164227948,0.00726802460849
21.0560010001,2530.21181561,451.324420283,-60.1716499329,-565.317993164,1.62400019169,-0.00444131297991,103.215629578,38.914855957,0.9744374156,0.000232830643654,0.000465661287308,4,526.203075424,23.9709278396,2.91348815869,99.6850805583,17.851509454,59.3900440435,78.9915939094,5150.00475571,0.00791624188423,1759.10722464,1750.48527308,25,70.0384116499,39.5665083488,55.0837867195,0.00487404493155,0.00487671059091,-2.66565935991e-06,-0.000220097717829,2156.13996272,10468,20.9360009944,2125.92983605,526.203482877,10528,-2.25588792091e-06,2.25588792091e-06,1.41281712055,0,0,0.0264457780868,0.0165286120027,0.0254897922277,0.0159491654485
21.1200010031,2563.2570032,566.59168331,-75.5393600464,-596.888793945,3.13955545425,0.0722574517131,103.215232849,38.9148712158,0.974437117577,0.000232830643654,0.000465661287308,4,526.203075424,3.20786581055,-1.17596381145,95.5304792349,16.300266383,84.8442141432,100.475663203,5150.00615269,0.00791624188423,1759.10722464,1750.48527308,25,70.0384116499,27.8379375231,47.4074149679,0.00548181476601,0.00546424416825,1.75705977545e-05,0.000589352566749,2189.18502753,10468,20.9360009944,2125.92983605,526.203482877,10560,-2.25930421038e-06,2.25930421038e-06,1.41265785694,0,0,0.0401251353323,0.0250782091171,0.0391453020275,0.0244935452938
21.1840010062,2601.79163888,628.814916126,-83.835105896,-624.079345703,4.80066490173,0.19492277503,103.214958191,38.9148864746,0.974436938763,0.000232830643654,0.000465661287308,4,526.203075424,5.26975390628,-0.668411176975,91.5615401261,14.657145347,104.82390644,110.26635184,5150.00522137,0.00791624188423,1759.10722464,1750.48527308,25,70.0384116499,27.4827270914,46.8633697892,0.00543705057365,0.00544241629541,-5.3657217558e-06,-0.000320142135024,2227.71974779,10468,20.9360009944,2125.92983605,526.203482877,10592,-2.25142184718e-06,2.25142184718e-06,1.4093413353,0,0,0.053461831063,0.0334136448801,0.0524693503976,0.0328298434615
21.2480010092,2643.1272272,657.503958791,-87.6599960327,-648.172424316,6.52486610413,0.344533324242,103.214408875,38.9148979187,0.974436581135,0.000232830643654,0.000465661287308,4,526.203075424,6.3074840566,-0.312222658934,87.7648661357,13.1789746811,114.879512694,117.137227789,5150.00522137,0.00791624188423,1759.10722464,1750.48527308,25,70.0384116499,28.2701403194,46.9038604933,0.00507033946773,0.00507134245709,-1.00298935823e-06,5.09317032993e-05,2269.05527268,10468,20.9360009944,2125.92983605,526.203482877,10624,-2.14360693462e-06,2.14360693462e-06,1.4126765728,0,0,0.0663440600038,0.0414650402963,0.0653511583805,0.0408885255456
21.3120010123,2685.49914472,663.236074615,-88.4242172241,-669.713012695,8.25434017181,0.509769797325,103.214050293,38.9149055481,0.974436342716,0.000232830643654,0.000465661287308,4,526.203075424,6.88205438844,0.00211006298494,84.132722254,11.9706769393,120.447097288,123.200705275,5150.00429004,0.00791624188423,1759.10722464,1750.48527308,25,70.0384116499,29.1420001304,47.0976665383,0.00495858530625,0.00489671947435,6.18658319018e-05,-0.000705767888576,2311.42731525,10468,20.9360009944,2125.92983605,526.203482877,10656,-2.16305102185e-06,2.16305102185e-06,1.41250121593,0,0,0.0786639451981,0.0491649694741,0.0776836723089,0.0486024320126
21.3760010153,2727.65476257,652.035581879,-86.9309463501,-688.889953613,9.94407176971,0.683833003044,103.213691711,38.9149284363,0.974436163902,0.000232830643654,0.000465661287308,4,526.203075424,7.23121116504,0.292050791145,80.6580620039,11.0237498366,123.830424855,128.793661133,5150.00429004,0.00791624188423,1759.10722464,1750.48527308,25,70.0384116499,29.9773837469,47.3089385196,0.00491841121997,0.00492946128361,-1.10500636419e-05,-0.00073850969784,2353.58307054,10468,20.9360009944,2125.92983605,526.203482877,10688,-2.09593781619e-06,2.09593781619e-06,1.4126714468,0,0,0.0903184935451,0.056449059397,0.0893643945456,0.0559073016047
21.4400010183,2768.64366606,627.68405769,-83.6843414307,-705.741577148,11.5572690964,0.862385988235,103.2133255,38.9149360657,0.974435865879,0.000232830643654,0.000465661287308,4,526.203075424,7.46105760983,0.563949857757,77.3343369963,10.2968172958,126.057639136,134.038593387,5150.00522137,0.00791624188423,1759.10722464,1750.48527308,25,70.0384116499,30.6958354486,47.4749685964,0.00523729569435,0.00519867171533,3.86239790151e-05,-7.63975549489e-05,2394.57185546,10468,20.9360009944,2125.92983605,526.203482877,10720,-2.0674708594e-06,2.0674708594e-06,1.41183745861,0,0,0.10121037066,0.0632564872503,0.100296251476,0.0627423226833
21.5040010214,2807.71148391,592.724478338,-79.0234451294,-720.236938477,13.0635213852,1.04237163067,103.2133255,38.9149703979,0.974435865879,0.000232830643654,0.000465661287308,4,526.203075424,7.67647141226,0.9862262502,74.1551966122,9.75322225463,128.14499496,142.184304423,5150.00429004,0.00791624188423,1759.10722464,1750.48527308,25,70.0384116499,26.8290368695,46.2918760604,0.00479180671531,0.00481031747768,-1.85107623674e-05,-0.000619365891907,2433.63959214,10468,20.9360009944,2125.92983605,526.203482877,10752,-2.25178905566e-06,2.25178905566e-06,1.41264116764,0,0,0.111248724163,0.0695304498076,0.110388353467,0.0690505802631
21.5680010244,2844.2540206,549.341493752,-73.2395248413,-732.37097168,14.4384860992,1.22133922577,103.213142395,38.9150009155,0.974435806274,0.000232830643654,0.000465661287308,4,526.203075424,14.7889554843,3.1934388907,71.1151106124,9.37061760275,129.422405735,148.615828948,5150.00522137,0.00791624188423,1759.10722464,1750.48527308,25,70.0384116499,23.901802706,44.7403581347,0.00528356990104,0.00527415977558,9.41012545663e-06,-0.000151885615196,2470.18220614,10468,20.9360009944,2125.92983605,526.203482877,10784,-2.16799799091e-06,2.16799799091e-06,1.41178655624,0,0,0.120350018144,0.0752187669277,0.119556739926,0.0747795850039
21.6320010275,2877.7946718,499.463814776,-66.5897064209,-742.167175293,15.6642551422,1.39694046974,103.210472107,38.921081543,0.974434018135,0.000232830643654,0.000465661287308,4,526.203075424,74.6255159845,16.4721542734,71.4089237953,12.9322683317,127.409293782,134.890564368,5150.00522137,0.00791624188423,1761.12027839,1764.21052311,25,70.0384116499,24.6019008046,44.4768520538,0.00566225787091,0.00563613866689,2.61192040218e-05,-0.000513864506502,2503.72283483,10468,20.9360009944,2125.92983605,526.203482877,10816,-2.12433042179e-06,2.12433042179e-06,1.41262960434,0,0,0.128438666463,0.0802741646767,0.127725124359,0.0798817053437
21.6960010305,2907.98628703,445.153244073,-59.3488960266,-749.73034668,16.7301425934,1.56673169136,103.180213928,38.9928398132,0.974414288998,0.000232830643654,0.000465661287308,4,526.203075424,105.522185728,22.721273248,102.015625887,20.3935571312,86.2704328028,101.564248325,5150.00615269,0.00791624188423,1802.25924123,1797.53697012,25,70.0384116499,30.9679562633,48.6800345243,0.00570534518241,0.00572617864236,-2.08334599572e-05,0.000327418092638,2533.9143416,10468,20.9360009944,2125.92983605,526.203482877,10848,-2.16981652557e-06,2.16981652557e-06,1.41281282902,0,0,0.135451242328,0.0846570283175,0.134828552604,0.0843164920807
21.7600010335,2934.60790999,388.265296351,-51.7644577026,-755.19934082,17.6331043243,1.72798848152,103.17301178,39.0094718933,0.974409580231,0.000232830643654,0.000465661287308,4,526.203075424,110.098704013,23.0158280689,108.768985476,22.022970682,65.5746116536,84.8039780976,5150.00568703,0.00791624188423,1822.95532431,1814.29716758,25,70.0384116499,35.3624454874,51.2255464855,0.00573953649885,0.00580621417612,-6.66776772684e-05,-0.000218278728426,2560.53607825,10468,20.9360009944,2125.92983605,526.203482877,10880,-2.20850347432e-06,2.20850347432e-06,1.4126522541,0,0,0.14132989943,0.0883311927319,0.140808686614,0.0880475565791
21.8240010366,2957.5584922,330.714101437,-44.091594696,-758.779907227,18.3774318695,1.87767708302,103.171470642,39.0131568909,0.974408626556,0.000232830643654,0.000465661287308,4,526.203075424,106.384551446,20.9925351369,106.362760106,20.8069699763,59.3894874328,78.6589662312,5150.00568703,0.00791624188423,1829.14070319,1820.44191752,25,70.0384116499,37.6710377168,53.1431360287,0.00550412303235,0.00545696821064,4.7154821714e-05,0.000130967237055,2583.48654955,10468,20.9360009944,2125.92983605,526.203482877,10912,-2.17605565922e-06,2.17605565922e-06,1.41402959824,0,0,0.146023720503,0.0912648364902,0.145612969995,0.0910422950983
21.8880010396,2976.84152611,273.879850283,-36.5143165588,-760.657714844,18.9736614227,2.01257038116,103.171287537,39.0127334595,0.974408507347,0.000232830643654,0.000465661287308,4,526.203075424,52.3952181014,9.07357234298,101.37613247,18.550159949,59.3894874328,78.5848678788,5150.00568703,0.00791624188423,1829.14070319,1820.51607408,26,70.0329183019,39.3806076318,54.6270639461,0.0050750191688,0.00508589437231,-1.08752035155e-05,0.000502041075379,2602.76982294,10468,20.9360009944,2125.92983605,526.203482877,10944,-2.2443407488e-06,2.2443407488e-06,1.41197788715,0,0,0.149493262172,0.09343329072,0.149200052023,0.0932751297951
21.9520010427,2992.54129641,218.801724259,-29.171169281,-761.012695312,19.4366073608,2.12942624092,103.171379089,39.012550354,0.974408566952,0.000232830643654,0.000465661287308,4,526.203075424,2.13690501165,-1.47490757303,97.1356915803,16.9193986312,71.3884801371,93.1746471906,5150.00522137,0.00791624188423,1829.14070319,1820.51607408,26,70.0329183019,30.3971555695,49.3583393109,0.00521528741027,0.00529325916432,-7.79717540533e-05,-0.000170985003933,2618.46952014,10468,20.9360009944,2125.92983605,526.203482877,10976,-2.1552675662e-06,2.1552675662e-06,1.41209626198,0,0,0.151709631085,0.0948185324669,0.151539131999,0.0947271063924
22.0160010457,3004.78842109,166.042213095,-22.1371440887,-759.983764648,19.7830886841,2.22517204285,103.171379089,39.0123748779,0.974408566952,0.000232830643654,0.000465661287308,4,526.203075424,4.6321974466,-0.83452064264,93.0965220965,15.2954823578,98.6459854175,107.062100142,5150.00615269,0.00791624188423,1829.14070319,1820.51607408,26,70.0329183019,27.3201312666,46.9571714348,0.0054251533127,0.00547152012587,-4.63668131667e-05,0.000582076609135,2630.71685424,10468,20.9360009944,2125.92983605,526.203482877,11008,-2.06811887438e-06,2.06811887438e-06,1.41267335415,0,0,0.152654692531,0.0954091921449,0.152609929442,0.0953858792782
22.0800010487,3013.77149299,117.617339129,-15.6810245514,-757.932373047,20.0309638977,2.29735064507,103.171562195,39.0122184753,0.974408686161,0.000232830643654,0.000465661287308,4,526.203075424,5.97590410137,-0.444967225799,89.2333460647,13.728985349,111.666500743,114.576585474,5150.00568703,0.00791624188423,1829.14070319,1820.51607408,26,70.0329183019,27.9343803413,46.856534027,0.00523447206413,0.00526597432327,-3.15022591346e-05,0.000321961124428,2639.69953849,10468,20.9360009944,2125.92983605,526.203482877,11040,-2.03160107048e-06,2.03160107048e-06,1.41284680367,0,0,0.152320921421,0.0952005758882,0.152593433857,0.095376946032
22.1440010518,3019.90890875,76.1218398111,-10.1487455368,-755.409484863,20.1996517181,2.34687876701,103.171653748,39.0120620728,0.974408745766,0.000232830643654,0.000465661287308,4,526.203075424,6.69223808537,-0.11799492575,85.5375128724,12.412100812,118.607778859,120.8838803,5150.00475571,0.00791624188423,1829.14070319,1820.51607408,26,70.0329183019,28.8016944978,47.0148588647,0.00526279429758,0.0052859832067,-2.31889091262e-05,-0.000629370333627,2645.83708874,10468,20.9360009944,2125.92983605,526.203482877,11072,-2.01932220989e-06,2.01932220989e-06,1.41266024113,0,0,0.150711447001,0.0941946581006,0.151799693704,0.0949171632528
22.2080010548,3023.4658625,36.3586696039,-4.84742498398,-751.852233887,20.302362442,2.37403583527,103.171562195,39.0118904114,0.974408686161,0.000232830643654,0.000465661287308,4,526.203075424,7.11245751955,0.18073804696,82.0019320937,11.3666695289,122.679703054,126.64643873,5150.00475571,0.00791624188423,1829.14070319,1820.51607408,26,70.0329183019,29.6553062071,47.2276988148,0.00531794662473,0.00533145794179,-1.35113170652e-05,-0.000674845068716,2649.39418346,10468,20.9360009944,2125.92983605,526.203482877,11104,-1.9211054223e-06,1.9211054223e-06,1.41474604607,0,0,0.147840186954,0.092400111258,0.149916931987,0.0938035175204
22.2720010579,3024.4840309,-3.40039059665,0.453348189592,-747.050720215,20.3462963104,2.37726449966,103.171379089,39.0117263794,0.974408566952,0.000232830643654,0.000465661287308,4,526.203075424,7.38068144353,0.45816214524,78.6197769963,10.5588590716,125.278791529,131.997949211,5150.00522137,0.00791624188423,1829.14070319,1820.51607408,26,70.0329183019,30.4596214846,47.4253065477,0.00538053833432,0.00541513145436,-3.45931200352e-05,-0.000292857293971,2650.42523134,10468,20.9360009944,2125.92983605,526.203482877,11136,-1.92092602447e-06,1.92092602447e-06,1.4136993885,0,0,0.143731534481,0.0898322090507,0.146844655275,0.0919587388635
22.3360010609,3022.93431014,-43.9257637481,5.85628795624,-740.887878418,20.3354434967,2.35482954979,103.171470642,39.0115776062,0.974408626556,0.000232830643654,0.000465661287308,4,526.203075424,7.58825585727,0.796346713334,75.3846310379,9.94576522197,127.290186356,138.521529152,5150.00568703,0.00791624188423,1829.14070319,1820.51607408,26,70.0329183019,28.9904637611,46.9801489089,0.00520919095359,0.00521868059877,-9.48964518077e-06,0.00036925484892,2650.42523134,10468,20.9360009944,2125.92983605,526.203482877,11168,-1.56286807851e-06,1.56286807851e-06,1.40969955921,0,0,0.138420343399,0.0865127146244,0.142578214407,0.0893700420856
22.4000010639,3018.75686273,-85.4875834193,11.3974094391,-733.298461914,20.2709140778,2.30538916588,103.171195984,39.0114173889,0.974408447742,0.000232830643654,0.000465661287308,4,526.203075424,7.89564330519,1.28271390804,72.2906929609,9.5032197362,129.404928884,147.447135532,5150.00475571,0.00791624188423,1829.14070319,1820.51607408,26,70.0329183019,23.9953733399,45.1015876024,0.00514357943737,0.00512227416039,2.13052769871e-05,-0.000465661287308,2650.42523134,10468,20.9360009944,2125.92983605,526.203482877,11200,-1.38606594646e-06,1.38606594646e-06,1.41180384159,0,0,0.131951332092,0.0824695900083,0.137149572372,0.0860516875982
22.464001067,3011.89231686,-127.860330394,17.0466442108,-724.283325195,20.1518440247,2.22822451591,103.171287537,39.0112838745,0.974408507347,0.000232830643654,0.000465661287308,4,526.203075424,45.5382745696,11.2316813353,69.3325350737,9.62156593857,129.425461637,147.185157402,5150.00522137,0.00791624188423,1829.14070319,1821.94961235,26,70.0329183019,24.1487505264,44.2811433459,0.00537161658209,0.00541876943316,-4.71528510682e-05,-0.000296495272778,2650.42523134,10468,20.9360009944,2125.92983605,526.203482877,11232,-1.50217692862e-06,1.50217692862e-06,1.41280353069,0,0,0.124379038811,0.0777369067073,0.130608305335,0.0820312201977
22.52800107,3002.28991546,-170.999788679,22.7981014252,-713.823486328,19.9758548737,2.1232316494,103.136314392,39.0683631897,0.974385619164,0.000232830643654,0.000465661287308,4,526.203075424,98.6986104145,21.3032100556,94.0681155307,18.2581193725,100.75623868,112.693305709,5150.00568703,0.00791624188423,1857.80995525,1856.44137673,26,70.0329183019,27.6921709883,46.7117642984,0.006037617864,0.00608451955486,-4.69016908644e-05,-0.000496584107168,2650.42523134,10468,20.9360009944,2125.92983605,526.203482877,11264,-1.42866360875e-06,1.42866360875e-06,1.41232097149,0,0,0.115768283606,0.0723551809788,0.123015716672,0.0773445740342
22.5920010731,2989.90122974,-214.895815589,28.6504230499,-701.89654541,19.7386798859,1.99093782902,103.119194031,39.0965538025,0.974374473095,0.000232830643654,0.000465661287308,4,526.203075424,109.655252081,23.2957790299,107.642772414,21.8754304936,71.4220295777,89.7517747944,5150.00568703,0.00791624188423,1887.14370597,1879.38287854,26,70.0329183019,34.1471786669,50.4017443745,0.00573964466233,0.00570616975892,3.34749034048e-05,-0.00011823431123,2650.42523134,10468,20.9360009944,2125.92983605,526.203482877,11296,-1.2188539813e-06,1.2188539813e-06,1.41266417503,0,0,0.106192477047,0.0663703009486,0.11444324255,0.0720344558358
22.6560010761,2974.67433847,-259.769702097,34.6331176758,-688.447631836,19.4334259033,1.83263850212,103.114891052,39.103187561,0.974371671677,0.000232830643654,0.000465661287308,4,526.203075424,108.680779992,21.9894230061,108.118270434,21.4887092929,60.551588831,80.1356291049,5150.00661835,0.00791624188423,1898.01433589,1888.99913337,26,70.0329183019,36.8545297533,52.4289280293,0.00577367965937,0.00583895598538,-6.52763260112e-05,0.000680302036926,2650.42523134,10468,20.9360009944,2125.92983605,526.203482877,11328,-1.10559221866e-06,1.10559221866e-06,1.41399693489,0,0,0.0957287549973,0.0598304755986,0.10496763885,0.0661473199725
22.7200010791,2956.52542263,-306.28638342,40.8348312378,-673.346923828,19.0476913452,1.65081048012,103.114524841,39.1032943726,0.974371433258,0.000232830643654,0.000465661287308,4,526.203075424,81.2552765592,15.4148659378,103.13526126,19.3519402482,59.3895965721,78.5854645073,5150.00661835,0.00791624188423,1899.17639364,1890.54920338,27,70.0358868926,38.7635845982,54.1028784937,0.00622379960069,0.00621548679192,8.31280877467e-06,0.000303771230392,2650.42523134,10468,20.9360009944,2125.92983605,526.203482877,11360,-9.238976304e-07,9.238976304e-07,1.41083061695,0,0,0.0844638943672,0.0527899414301,0.0946721285582,0.0597336888313
22.7840010822,2935.32270007,-355.270982254,47.3655776978,-656.419799805,18.5622787476,1.44926702976,103.114891052,39.1030197144,0.974371671677,0.000232830643654,0.000465661287308,4,526.203075424,11.9419471637,0.720982726843,98.7739095649,17.5084185441,59.3895965721,82.7547555673,5150.00522137,0.00791624188423,1899.17639364,1890.54920338,27,70.0358868926,36.7986904166,55.3072386538,0.00600629891656,0.00594445737079,6.18415457732e-05,-0.000822183210403,2650.42523134,10468,20.9360009944,2125.92983605,526.203482877,11392,-8.17830596134e-07,8.17830596134e-07,1.41300272942,0,0,0.0724919810891,0.0453074872494,0.0836465954781,0.0528483688831
22.8480010852,2910.86500511,-408.183550462,54.4200057983,-637.372924805,17.9487495422,1.23354542255,103.115348816,39.1027946472,0.9743719697,0.000232830643654,0.000465661287308,4,526.203075424,3.78628281743,-1.03670181425,94.6614113073,15.9473602142,90.4490734683,103.16202679,5150.00661835,0.00791624188423,1899.17639364,1890.54920338,27,70.0358868926,27.4555786746,47.1759340144,0.0061314965466,0.00616455508862,-3.3058542015e-05,0.000354702933691,2650.42523134,10468,20.9360009944,2125.92983605,526.203482877,11424,-6.05310560786e-07,6.05310560786e-07,1.41274118423,0,0,0.0599127560854,0.037445474416,0.0719864144921,0.0455497018993
22.9120010883,2882.82497786,-467.614212539,62.3434448242,-615.700561523,17.1633911133,1.01186084747,103.115348816,39.1025543213,0.9743719697,0.000232830643654,0.000465661287308,4,526.203075424,5.55163449949,-0.58618114449,90.7304147664,14.3196350343,107.555330032,111.852568807,5150.00661835,0.00791624188423,1899.17639364,1890.54920338,27,70.0358868926,27.6258106169,46.8457074021,0.00622685138174,0.00629188434687,-6.50329651242e-05,0.000227373675443,2650.42523134,10468,20.9360009944,2125.92983605,526.203482877,11456,-6.73458714573e-07,6.73458714573e-07,1.41054308414,0,0,0.0468312315643,0.0292695201933,0.059790994972,0.0378987453878
22.9760010913,2850.63893534,-538.494903594,71.7934265137,-590.46875,16.1357803345,0.796856582165,103.115348816,39.1023254395,0.9743719697,0.000232830643654,0.000465661287308,4,526.203075424,6.45835429132,-0.242339125715,86.9697495916,12.8963071275,116.341441753,118.485280836,5150.00615269,0.00791624188423,1899.17639364,1890.54920338,27,70.0358868926,28.4575271507,46.9390288345,0.00623435471303,0.00623913365416,-4.77894113171e-06,-0.000185536919162,2650.42523134,10468,20.9360009944,2125.92983605,526.203482877,11488,-7.59364411351e-07,7.59364411351e-07,1.4126033783,0,0,0.0333575308323,0.0208484567702,0.0471637398005,0.0299592409283
23.0400010943,2813.30221333,-629.618880339,83.9422912598,-560.012451172,14.7462415695,0.609214544296,103.115699768,39.1021118164,0.974372148514,0.000232830643654,0.000465661287308,4,526.203075424,6.97087607229,0.0661007786758,83.3720030649,11.7465987903,121.30777759,124.435086036,5150.00522137,0.00791624188423,1899.17639364,1890.54920338,27,70.0358868926,29.3251923722,47.1435050713,0.00613453766951,0.00608997652307,4.45611464395e-05,-0.000967702362686,2650.42523134,10468,20.9360009944,2125.92983605,526.203482877,11520,-6.76544573253e-07,6.76544573253e-07,1.41586828232,0,0,0.0196044314653,0.0122527703643,0.0342101864517,0.021796580404
23.1040010974,2769.5086319,-737.857655622,98.3729476929,-524.108398438,12.8417739868,0.475021749735,103.115882874,39.1019134521,0.974372267723,0.000232830643654,0.000465661287308,4,526.203075424,7.2880384926,0.351503923638,79.9303850782,10.8507275148,124.381083879,129.940512124,5150.00568703,0.00791624188423,1899.17639364,1890.54920338,27,70.0358868926,30.1498112094,47.351088142,0.0061047446126,0.006053596735,5.11478776e-05,-0.000465661287308,2650.42523134,10468,20.9360009944,2125.92983605,526.203482877,11552,-8.59997044245e-07,8.59997044245e-07,1.41261398792,0,0,0.00568709569052,0.0035544349812,0.0210369806737,0.0134772397578
23.1680011004,2718.90196018,-816.216808744,108.819976807,-488.847290039,10.3596124649,0.40797457099,103.116065979,39.1017074585,0.974372386932,0.000232830643654,0.000465661287308,4,526.203075424,7.50417745222,0.63295567152,76.638273994,10.1651911946,126.475468278,135.369715281,5150.00615269,0.00791624188423,1899.17639364,1890.54920338,27,70.0358868926,30.4593977489,47.3994696222,0.00607941376407,0.00612453732174,-4.51235576682e-05,-7.09405867383e-05,2650.42523134,10468,20.9360009944,2125.92983605,526.203482877,11584,-9.17764907626e-07,9.17764907626e-07,1.41286635399,0,0,0,0,0.00955882016569,0.00618959031999
23.2320011035,2668.68504696,-738.652248401,98.4788818359,-474.56539917,7.78099155426,0.377592355013,103.115882874,39.1014938354,0.974372267723,0.000232830643654,0.000465661287308,4,526.203075424,7.72433956926,1.08850385743,73.4895242884,9.65848028495,128.608837258,144.157238537,5150.00568703,0.00791624188423,1899.17639364,1890.54920338,27,70.0358868926,25.6879593508,45.8620597783,0.00607642948458,0.00609361450188,-1.71850172981e-05,-0.000505679054186,2650.42523134,10468,20.9360009944,2125.92983605,526.203482877,11616,-8.26237567253e-07,8.26237567253e-07,1.41325831413,0,0,0,0,0.00422743940726,0.00275265541859
23.2960011065,2625.7422287,-603.806751315,80.5009613037,-471.487060547,5.6439704895,0.330318838358,103.116065979,39.1012992859,0.974372386932,0.000232830643654,0.000465661287308,4,526.203075424,23.0253118797,5.4041309352,70.4785397988,9.30753899906,129.422885948,148.614286445,5150.00615269,0.00791624188423,1899.17639364,1890.54920338,27,70.0358868926,24.0228855546,44.5205041615,0.00593928230208,0.00582986103836,0.000109421263716,0.000223735696636,2650.42523134,10468,20.9360009944,2125.92983605,526.203482877,11648,-7.08423840479e-07,7.08423840479e-07,1.41235244274,0,0,0,0,0.0018861698918,0.00123117724434
23.3600011095,2591.71938524,-465.723016532,62.0913047791,-473.214202881,4.02944374084,0.268282324076,103.13129425,39.098400116,0.974382340908,0.000232830643654,0.000465661287308,4,526.203075424,85.7297674249,18.6151622335,80.721363099,15.0259079201,118.521580589,126.656945213,5150.00661835,0.00791624188423,1910.07787362,1912.50653006,27,70.0358868926,25.3124380833,45.0075749541,0.00632338671702,0.00631916918792,4.21752910373e-06,0.00020008883439,2650.42523134,10468,20.9360009944,2125.92983605,526.203482877,11680,-7.60852685744e-07,7.60852685744e-07,1.41223156452,0,0,0,0,0.000844844500534,0.000552066194359
23.4240011126,2565.96598774,-346.761575202,46.2310829163,-476.446716309,2.85439538956,0.206604346633,103.160148621,39.093132019,0.97440123558,0.000232830643654,0.000465661287308,4,526.203075424,107.62665781,23.1034622163,104.710522416,21.1325985152,80.0714769866,96.7170999502,5150.00661835,0.00791624188423,1948.5282246,1942.44622253,27,70.0358868926,32.4436332448,49.4636042276,0.00653575372989,0.00652471499052,1.1038739367e-05,-5.45696821064e-06,2650.42523134,10468,20.9360009944,2125.92983605,526.203482877,11712,-9.09554898954e-07,9.09554898954e-07,1.41217267513,0,0,0,0,0.000379077217076,0.000247830321314
23.4880011156,2547.0147375,-252.508063568,33.6649780273,-479.720397949,2.01336288452,0.153818562627,103.166526794,39.0919570923,0.974405348301,0.000232830643654,0.000465661287308,4,526.203075424,109.854084322,22.7208007971,108.825906652,21.9204305258,63.3137897239,82.790516899,5150.00708401,0.00791624188423,1965.28574452,1956.37275465,27,70.0358868926,35.9290279448,51.6607287864,0.00650588251327,0.00659201759845,-8.61350851755e-05,0.000392901711166,2650.42523134,10468,20.9360009944,2125.92983605,526.203482877,11744,-1.10572113954e-06,1.10572113954e-06,1.41176486015,0,0,0,0,0.000170222308952,0.000111311142973
23.5520011187,2533.31661224,-181.311625056,24.1728992462,-482.495819092,1.41721725464,0.1119819507,103.167533875,39.0916290283,0.974406003952,0.000232830643654,0.000465661287308,4,526.203075424,101.459137331,19.8535512518,105.070266304,20.2711850245,59.3880467932,78.5837110016,5150.00615269,0.00791624188423,1969.21196766,1960.58047004,28,70.0349046383,38.0784040317,53.503052186,0.0064700915875,0.00653199094813,-6.18993606372e-05,-0.000478394213133,2650.42523134,10468,20.9360009944,2125.92983605,526.203482877,11776,-1.11007739179e-06,1.11007739179e-06,1.40612125397,0,0,0,0,7.646396989e-05,5.0005994126e-05
23.6160011217,2523.52631651,-129.04756295,17.2049293518,-484.663299561,0.996711552143,0.080341629684,103.167793274,39.0915260315,0.974406182766,0.000232830643654,0.000465661287308,4,526.203075424,36.2248464152,5.52065005276,100.44547013,18.1567493563,59.3880467932,78.5837110016,5150.00661835,0.00791624188423,1969.21196766,1960.58047004,28,70.0349046383,39.6915420424,54.8831812921,0.00657439926111,0.00655745679978,1.69424613228e-05,-3.81987774745e-05,2650.42523134,10468,20.9360009944,2125.92983605,526.203482877,11808,-1.02341027741e-06,1.02341027741e-06,1.4126458168,0,0,0,0,3.43530628015e-05,2.24672421609e-05
23.6800011247,2516.57818444,-91.3513140404,12.1791753769,-486.282165527,0.700729548931,0.0571192577481,103.167625427,39.0914497375,0.974406063557,0.000232830643654,0.000465661287308,4,526.203075424,2.64329568932,-1.32040228189,96.253907765,16.5867895388,79.3735307525,97.6894443738,5150.00661835,0.00791624188423,1969.21196766,1960.58047004,28,70.0349046383,28.5387977783,47.8037400171,0.00642282983743,0.00642285158392,-2.17464934948e-08,9.64064383879e-05,2650.42523134,10468,20.9360009944,2125.92983605,526.203482877,11840,-9.68966446635e-07,9.68966446635e-07,1.41075372696,0,0,0,0,1.54349327204e-05,1.00947972896e-05
23.7440011278,2511.668019,-64.4556712359,8.59338378906,-487.460327148,0.492594540119,0.0403882488608,103.167533875,39.091381073,0.974406003952,0.000232830643654,0.000465661287308,4,526.203075424,5.00137249867,-0.740901087188,92.2534060064,14.9440109381,102.223290014,108.868021925,5150.00708401,0.00791624188423,1969.21196766,1960.58047004,28,70.0349046383,27.3877940344,46.8938524136,0.00684904179205,0.00686122803017,-1.21862381297e-05,0.000123691279441,2650.42523134,10468,20.9360009944,2125.92983605,526.203482877,11872,-9.51867662025e-07,9.51867662025e-07,1.41203820705,0,0,0,0,6.93517722539e-06,4.53580651083e-06
23.8080011308,2508.20722431,-45.390908781,6.0516242981,-488.305145264,0.346303015947,0.0284656826407,103.167350769,39.0912971497,0.974405884743,0.000232830643654,0.000465661287308,4,526.203075424,6.16626289893,-0.371719168096,88.4268321005,13.4232968015,113.511079689,115.989540063,5150.00661835,0.00791624188423,1969.21196766,1960.58047004,28,70.0349046383,28.1157244899,46.878347348,0.00679086255284,0.00673753675073,5.33258021074e-05,-0.000218278728426,2650.42523134,10468,20.9360009944,2125.92983605,526.203482877,11904,-1.21911728002e-06,1.21911728002e-06,1.41265451908,0,0,0,0,3.11613780468e-06,2.03805052479e-06
23.8720011339,2505.77158295,-31.9268729072,4.25656700134,-488.905944824,0.243516966701,0.0200217589736,103.167167664,39.0912284851,0.974405825138,0.000232830643654,0.000465661287308,4,526.203075424,6.80021600493,-0.0519998312093,84.7659749241,12.1657030206,119.654083392,122.156925499,5150.00661835,0.00791624188423,1969.21196766,1960.58047004,28,70.0349046383,28.9880263153,47.0589584438,0.00683848312699,0.00675936462358,7.91185034155e-05,-0.000240106601268,2650.42523134,10468,20.9360009944,2125.92983605,526.203482877,11936,-1.19720220937e-06,1.19720220937e-06,1.40889179707,0,0,0,0,1.40016220485e-06,9.15751797947e-07
23.9360011369,2504.0586479,-22.4435225391,2.99222397804,-489.330383301,0.171293064952,0.0140684619546,103.166893005,39.0911445618,0.97440558672,0.000232830643654,0.000465661287308,4,526.203075424,7.17943246972,0.241854600312,81.2639418213,11.1748160103,123.328689369,127.825376694,5150.00708401,0.00791624188423,1969.21196766,1960.58047004,28,70.0349046383,29.8320228467,47.2718711535,0.00681159618987,0.00677755451761,3.40416722588e-05,0.000207364792004,2650.42523134,10468,20.9360009944,2125.92983605,526.203482877,11968,-1.14650151772e-06,1.14650151772e-06,1.41262507439,0,0,0,0,6.29131704954e-07,4.11473081385e-07
24.0000011399,2502.85491347,-15.7731501531,2.10291409492,-489.629455566,0.120543211699,0.00987875275314,103.166893005,39.0910873413,0.97440558672,0.000232830643654,0.000465661287308,4,526.203075424,7.42526075632,0.515088901508,77.9138181622,10.4120083319,125.710765133,133.096065838,5150.00754967,0.00791624188423,1969.21196766,1960.58047004,28,70.0349046383,30.62520409,47.462839575,0.00680564894717,0.00677027856,3.53703871747e-05,0.000680302036926,2650.42523134,10468,20.9360009944,2125.92983605,526.203482877,12000,-1.0112628388e-06,1.0112628388e-06,1.40975832939,0,0,0,0,2.82686499986e-07,1.84886360444e-07
24.064001143,2502.00903974,-11.0855216917,1.47794830799,-489.839691162,0.0848929956555,0.00693120807409,103.166984558,39.0910339355,0.974405705929,0.000232830643654,0.000465661287308,4,526.203075424,7.63584017749,0.898994681782,74.7094584225,9.83711799698,127.751278342,140.501608257,5150.00708401,0.00791624188423,1969.21196766,1960.58047004,28,70.0349046383,27.8333773167,46.6273195343,0.00696063963412,0.00700674718246,-4.61075483349e-05,-2.18278728426e-05,2650.42523134,10468,20.9360009944,2125.92983605,526.203482877,12032,-1.17865101856e-06,1.17865101856e-06,1.41345465183,0,0,0,0,1.27018964236e-07,8.30746174074e-08
24.128001146,2501.41439028,-7.78876801633,1.03841722012,-489.987609863,0.059828042984,0.00486220931634,103.166526794,39.0909500122,0.974405348301,0.000232830643654,0.000465661287308,4,526.203075424,10.3067213681,1.98624582331,71.645097969,9.42758455969,129.421881866,148.546358105,5150.00708401,0.00791624188423,1969.21196766,1960.58047004,28,70.0349046383,23.6716841755,44.9368017144,0.00707981541448,0.00701948010828,6.03353061956e-05,-3.45607986674e-05,2650.42523134,10468,20.9360009944,2125.92983605,526.203482877,12064,-1.09221605271e-06,1.09221605271e-06,1.41184592247,0,0,0,0,5.70731764071e-08,3.73277515564e-08
24.1920011491,2500.99669211,-5.47765102965,0.730293512344,-490.090942383,0.0422020591795,0.00341084087268,103.166893005,39.0909194946,0.97440558672,0.000232830643654,0.000465661287308,4,526.203075424,61.3251516383,14.2911103537,68.7153677085,11.2160272792,129.421881866,141.349097248,5150.00708401,0.00791624188423,1969.21196766,1967.8499084,28,70.0349046383,24.2956521106,44.2865493824,0.00700820447508,0.00708405423211,-7.58497570308e-05,-9.91349224932e-05,2650.42523134,10468,20.9360009944,2125.92983605,526.203482877,12096,-1.1232491488e-06,1.1232491488e-06,1.40760469437,0,0,0,0,2.5644574464e-08,1.67724039102e-08
24.2560011521,2500.70285983,-3.85044450013,0.513350486755,-490.163818359,0.0297990869731,0.00239352695644,103.263877869,39.0360145569,0.974468827248,0.000232830643654,0.000465661287308,4,526.203075424,102.988318044,22.2070397481,98.9588246477,19.5572549549,92.3444968066,106.248779048,5150.00708401,0.00791624188423,2006.28954917,2002.95029208,28,70.0349046383,29.4607361866,47.8218280477,0.00687536673427,0.00689760781825,-2.22410839745e-05,8.73114913702e-05,2650.42523134,10468,20.9360009944,2125.92983605,526.203482877,12128,-1.04580249172e-06,1.04580249172e-06,1.41127026081,0,0,0,0,1.15228235842e-08,7.53631201889e-09
24.3200011551,2500.49633905,-2.70985469797,0.361284315586,-490.214599609,0.0210734717548,0.0016784776235,103.293373108,39.0193595886,0.974487960339,0.000232830643654,0.000465661287308,4,526.203075424,110.052337902,23.1901862548,108.43600648,22.016396656,67.9327786202,86.8342249305,5150.00661835,0.00791624188423,2030.70114367,2022.36440964,28,70.0349046383,34.845139453,50.854501751,0.00656670696986,0.00652653397992,4.01729899346e-05,-7.27595761418e-06,2650.42523134,10468,20.9360009944,2125.92983605,526.203482877,12160,-1.01243006156e-06,1.01243006156e-06,1.41259562969,0,0,0,0,5.1775268517e-09,3.38627637042e-09
24.3840011582,2500.3508199,-1.90844934878,0.254439026117,-490.25012207,0.0149211138487,0.00117809697986,103.300483704,39.0154304504,0.974492609501,0.000232830643654,0.000465661287308,4,526.203075424,107.67285545,21.5052212685,107.33312297,21.1473470404,59.7012876824,79.1799975559,5150.00615269,0.00791624188423,2038.93263824,2030.01825139,28,70.0349046383,37.3117836716,52.8255332028,0.00650406552227,0.00648105924483,2.30062774387e-05,-0.000427462509833,2650.42523134,10468,20.9360009944,2125.92983605,526.203482877,12192,-1.14386932637e-06,1.14386932637e-06,1.41071438789,0,0,0,0,2.32640817721e-09,1.52154899791e-09
24.4480011612,2500.24814159,-1.34365450322,0.179139226675,-490.275054932,0.0105850156397,0.000827155716252,103.300483704,39.0156097412,0.974492609501,0.000232830643654,0.000465661287308,4,526.203075424,66.0381459705,12.0715754202,102.161235985,18.9005317301,59.3902150285,78.5862866906,5150.00661835,0.00791624188423,2039.24346715,2030.61220236,29,70.0316668372,39.1080429836,54.3969799764,0.00651891941816,0.00647196429782,4.69551203475e-05,4.72937244922e-05,2650.42523134,10468,20.9360009944,2125.92983605,526.203482877,12224,-1.16137459827e-06,1.16137459827e-06,1.41393601894,0,0,0,0,1.04532027478e-09,6.83674561408e-10
24.5120011643,2500.17619692,-0.948442334447,0.126448601484,-490.292480469,0.0075258212164,0.000580146384891,103.300163269,39.0157394409,0.974492371082,0.000232830643654,0.000465661287308,4,526.203075424,4.76375854,-0.853658566295,97.8734840825,17.1859726395,64.194049628,88.3618486114,5150.00661835,0.00791624188423,2039.24346715,2030.61220236,29,70.0316668372,33.1142728101,52.3284470546,0.00639974719052,0.00646832631901,-6.85791284871e-05,5.09317032993e-05,2650.42523134,10468,20.9360009944,2125.92983605,526.203482877,12256,-9.83934455689e-07,9.83934455689e-07,1.40984427929,0,0,0,0,4.69691785465e-10,3.07194131244e-10
24.5760011673,2500.12497418,-0.668286304517,0.0890975296497,-490.3046875,0.00536009762436,0.000408973370213,103.299797058,39.0158462524,0.974492192268,0.000232830643654,0.000465661287308,4,526.203075424,4.27774345168,-0.920216688424,93.801572653,15.5909894054,95.21132597,105.4090244,5150.00708401,0.00791624188423,2039.24346715,2030.61220236,29,70.0316668372,27.3249352176,47.0358536404,0.00683346247643,0.00678301148582,5.04509906074e-05,0.000201907823794,2650.42523134,10468,20.9360009944,2125.92983605,526.203482877,12288,-8.92795185337e-07,8.92795185337e-07,1.41278553009,0,0,0,0,2.11045694809e-10,1.38030892272e-10
24.6400011703,2500.08935109,-0.472599083423,0.0630080401897,-490.313323975,0.00382801913656,0.000289202347631,103.299537659,39.0159683228,0.974492013454,0.000232830643654,0.000465661287308,4,526.203075424,5.79618048477,-0.507845970631,89.907830147,13.9923107996,109.92497846,113.363654236,5150.00661835,0.00791624188423,2039.24346715,2030.61220236,29,70.0316668372,27.7890649159,46.845558245,0.00659526012969,0.00660475052428,-9.49039458131e-06,-8.54925019667e-05,2650.42523134,10468,20.9360009944,2125.92983605,526.203482877,12320,-7.26832752207e-07,7.26832752207e-07,1.41038286686,0,0,0,0,9.48287628977e-11,6.20211590419e-11
24.7040011734,2500.06373972,-0.335167300136,0.0446853041649,-490.319091797,0.00275095365942,0.000201475937502,103.299263,39.0160713196,0.974491834641,0.000232830643654,0.000465661287308,4,526.203075424,6.5919905978,-0.173912688053,86.1828002219,12.6264763211,117.63638031,119.805226859,5150.00661835,0.00791624188423,2039.24346715,2030.61220236,29,70.0316668372,28.6455888272,46.9787410111,0.00653708089049,0.00653926690575,-2.1860152577e-06,-2.0008883439e-05,2650.42523134,10468,20.9360009944,2125.92983605,526.203482877,12352,-6.67936433274e-07,6.67936433274e-07,1.41264295578,0,0,0,0,4.26092217065e-11,2.78678538579e-11
24.7680011764,2500.04557893,-0.237216823962,0.0316263139248,-490.323242188,0.00198922259733,0.000138653922477,103.298988342,39.0161819458,0.974491655827,0.000232830643654,0.000465661287308,4,526.203075424,7.05109933298,0.129087421541,82.6192313057,11.5343163484,122.085140902,125.650098198,5150.00708401,0.00791624188423,2039.24346715,2030.61220236,29,70.0316668372,29.506327337,47.1892999485,0.00677841673069,0.00680302036926,-2.46036385709e-05,0.000181898940355,2650.42523134,10468,20.9360009944,2125.92983605,526.203482877,12384,-6.96664073985e-07,6.96664073985e-07,1.41341841221,0,0,0,0,1.91455167692e-11,1.25218091104e-11
24.8320011795,2500.03277324,-0.167620640923,0.0223475843668,-490.32623291,0.00143600266892,9.88237588899e-05,103.298622131,39.0162696838,0.974491417408,0.000232830643654,0.000465661287308,4,526.203075424,7.3401747307,0.410089522753,79.2103259654,10.6874032547,124.88628272,131.070628413,5150.00708401,0.00791624188423,2039.24346715,2030.61220236,29,70.0316668372,30.3199249174,47.3918844364,0.00686929514659,0.006873960956,-4.6658094055e-06,0.000110958353616,2650.42523134,10468,20.9360009944,2125.92983605,526.203482877,12416,-7.54353834509e-07,7.54353834509e-07,1.41264474392,0,0,0,0,8.60261601537e-12,5.62639995358e-12
24.8960011825,2500.02392568,-0.118539837501,0.0158040151,-490.328430176,0.00103916437365,7.21278847777e-05,103.29825592,39.016368866,0.974491178989,0.000232830643654,0.000465661287308,4,526.203075424,7.54913078863,0.716761570374,75.9495138374,10.0418503805,126.911065308,136.986331199,5150.00661835,0.00791624188423,2039.24346715,2030.61220236,29,70.0316668372,29.8026880046,47.2124083899,0.00679178203955,0.00673753675073,5.42452888164e-05,-0.000218278728426,2650.42523134,10468,20.9360009944,2125.92983605,526.203482877,12448,-1.08634662865e-06,1.08634662865e-06,1.41276824474,0,0,0,0,3.86539715166e-12,2.52809904087e-12
24.9600011855,2500.01717359,-0.0852694341802,0.0113683249801,-490.329559326,0.000762570300139,5.18997621839e-05,103.298042297,39.0164680481,0.974491000175,0.000232830643654,0.000465661287308,4,526.203075424,7.77093091856,1.1849190907,72.8308984416,9.57081317587,129.060310428,146.017089719,5150.00615269,0.00791624188423,2039.24346715,2030.61220236,29,70.0316668372,24.6890867857,45.4299697594,0.00669337187065,0.00676209310768,-6.87212370343e-05,-0.000708496372681,2650.42523134,10468,20.9360009944,2125.92983605,526.203482877,12480,-1.03578406652e-06,1.03578406652e-06,1.41118454933,0,0,0,0,1.736831165e-12,1.13594582959e-12
25.0240011886,2500.01274981,-0.0593373847835,0.00791100226343,-490.330871582,0.000555900624022,4.01675606554e-05,103.297950745,39.0165596008,0.974490940571,0.000232830643654,0.000465661287308,4,526.203075424,34.1892606038,8.4011373791,69.8488689657,9.25040998047,129.423060571,148.617342347,5150.00568703,0.00791624188423,2039.24346715,2030.61220236,29,70.0316668372,24.0831213887,44.3588251073,0.00622999053734,0.00630643626209,-7.64457247504e-05,-0.000718500814401,2650.42523134,10468,20.9360009944,2125.92983605,526.203482877,12512,-9.41210942074e-07,9.41210942074e-07,1.4174836874,0,0,0,0,7.80407043242e-13,5.10412296196e-13
25.0880011916,2500.00949018,-0.0423744133116,0.00564945815131,-490.331512451,0.000425585021731,2.77570961771e-05,103.363182068,38.9841423035,0.974533319473,0.000232830643654,0.000465661287308,4,526.203075424,93.7587517548,20.264328993,88.7538779921,16.9179354984,108.590931632,118.736475997,5150.00568703,0.00791624188423,2060.07575616,2060.49345434,29,70.0316668372,26.4414666162,45.845634304,0.00579401544798,0.00579166226089,2.35318708963e-06,-0.000203726813197,2650.42523134,10468,20.9360009944,2125.92983605,526.203482877,12544,-1.09257678105e-06,1.09257678105e-06,1.41113710403,0,0,0,0,3.50658765262e-13,2.29342559483e-13
25.1520011947,2500.0073947,-0.0314718029415,0.00419589597732,-490.331970215,0.000317168829497,2.29206107178e-05,103.416267395,38.9576568604,0.974567711353,0.000232830643654,0.000465661287308,4,526.203075424,108.971919616,23.2784155439,106.578791024,21.624573718,74.9561440898,92.6355569391,5150.00522137,0.00791624188423,2093.71047094,2086.59470081,29,70.0316668372,33.4672186,50.0070091221,0.00563462650149,0.00562977220397,4.85429751951e-06,-0.000507498043589,2650.42523134,10468,20.9360009944,2125.92983605,526.203482877,12576,-1.19149819966e-06,1.19149819966e-06,1.41236782074,0,0,0,0,1.57560813355e-13,1.03050028363e-13
25.2160011977,2500.00553206,-0.0243735804872,0.00324954395182,-490.332000732,0.000226381293032,2.18873428821e-05,103.428504944,38.95154953,0.974575579166,0.000232830643654,0.000465661287308,4,526.203075424,109.32246353,22.3489801116,108.559642118,21.7192470175,61.601633206,81.1884674476,5150.00522137,0.00791624188423,2107.06470534,2098.04181941,29,70.0316668372,36.4493935194,52.0852081536,0.00589833733244,0.00585714587942,4.11914530263e-05,-0.000734871719033,2650.42523134,10468,20.9360009944,2125.92983605,526.203482877,12608,-1.25170026877e-06,1.25170026877e-06,1.41355311871,0,0,0,0,7.07964841807e-14,4.63032796784e-14
25.2800012007,2500.00413507,-0.0171148570871,0.00228179362603,-490.332244873,0.000160746567417,2.03214112844e-05,103.429542542,38.9509811401,0.974576294422,0.000232830643654,0.000465661287308,4,526.203075424,91.9826074082,17.7718886598,103.977520346,19.7541973923,59.3872646277,78.5838492448,5150.00568703,0.00791624188423,2109.27892476,2100.64649582,30,70.0357995811,38.461319491,53.8397835044,0.00585656807772,0.00589352566749,-3.69575897663e-05,-0.000305590219796,2650.42523134,10468,20.9360009944,2125.92983605,526.203482877,12640,-1.29864349674e-06,1.29864349674e-06,1.41184747219,0,0,0,0,3.18108407183e-14,2.08053687397e-14
25.3440012038,2500.00320375,-0.0111540510161,0.00148708478082,-490.332580566,0.000130163956783,1.51112080857e-05,103.428993225,38.9512062073,0.974575936794,0.000232830643654,0.000465661287308,4,526.203075424,21.7316406131,2.49570376938,99.5277287734,17.7920813576,59.3872646277,79.402962001,5150.00475571,0.00791624188423,2109.27892476,2100.64649582,30,70.0357995811,39.2541551264,55.1213597646,0.00531861617248,0.00530963006895,8.98610352795e-06,-0.000653017195873,2650.42523134,10468,20.9360009944,2125.92983605,526.203482877,12672,-1.40572035434e-06,1.40572035434e-06,1.41375517845,0,0,0,0,1.42935064961e-14,9.34843497643e-15
25.4080012068,2500.00273809,-0.00721260784431,0.000961602141615,-490.332885742,0.000111574132461,1.13726837299e-05,103.42881012,38.951385498,0.974575817585,0.000232830643654,0.000465661287308,4,526.203075424,3.31092923363,-1.15062393975,95.3804302957,16.2414334282,85.8428975334,100.964469311,5150.00568703,0.00791624188423,2109.27892476,2100.64649582,30,70.0357995811,27.7479884971,47.3571417388,0.005239483028,0.00520594767295,3.35353550485e-05,0.000381987774745,2650.42523134,10468,20.9360009944,2125.92983605,526.203482877,12704,-1.38086738843e-06,1.38086738843e-06,1.41177117825,0,0,0,0,6.42247443311e-15,4.20051219488e-15
25.4720012099,2500.00227243,-0.00473227679265,0.000630918482784,-490.332977295,9.7548487247e-05,9.53720336838e-06,103.428413391,38.9515533447,0.974575519562,0.000232830643654,0.000465661287308,4,526.203075424,5.31931684353,-0.65438128527,91.4181640979,14.5997810186,105.304170575,110.536988359,5150.00522137,0.00791624188423,2109.27892476,2100.64649582,30,70.0357995811,27.5047023024,46.8582657049,0.00503649517924,0.00503860064782,-2.10546857726e-06,8.36735125631e-05,2650.42523134,10468,20.9360009944,2125.92983605,526.203482877,12736,-1.47043306242e-06,1.47043306242e-06,1.41144478321,0,0,0,0,2.8857976291e-15,1.88740772922e-15
25.5360012129,2500.0020396,-0.00309861780678,0.000413115136325,-490.333099365,8.8553832029e-05,8.26471023174e-06,103.42804718,38.951713562,0.974575281143,0.000232830643654,0.000465661287308,4,526.203075424,6.33361535222,-0.300465693235,87.6277381791,13.1305209963,115.132723295,117.364019388,5150.00522137,0.00791624188423,2109.27892476,2100.64649582,30,70.0357995811,28.301265047,46.9086153316,0.00516011540441,0.0051804818213,-2.03664168863e-05,-5.82076609135e-05,2650.42523134,10468,20.9360009944,2125.92983605,526.203482877,12768,-1.39349435813e-06,1.39349435813e-06,1.41235494614,0,0,0,0,1.29666958763e-15,8.4806516278e-16
25.6000012159,2500.0020396,-0.00202133776384,0.000269489595667,-490.333251953,8.28873526189e-05,7.3700930443e-06,103.427772522,38.9518737793,0.974575102329,0.000232830643654,0.000465661287308,4,526.203075424,6.89716274545,0.0128470995728,84.0015567009,11.9320760531,120.593496831,123.407822684,5150.00568703,0.00791624188423,2109.27892476,2100.64649582,30,70.0357995811,29.1726701107,47.1045568702,0.0053419717122,0.00531872501597,2.32466962347e-05,0.000269210431725,2650.42523134,10468,20.9360009944,2125.92983605,526.203482877,12800,-1.77821334546e-06,1.77821334546e-06,1.41267955303,0,0,0,0,5.82630077522e-16,3.81059423602e-16
25.664001219,2500.00180677,-0.00132054878144,0.000176058718353,-490.333221436,7.9091063526e-05,6.8136828304e-06,103.427497864,38.9520225525,0.974574923515,0.000232830643654,0.000465661287308,4,526.203075424,7.24067529039,0.302023619517,80.5326830586,10.9938288622,123.922131024,128.986037453,5150.00568703,0.00791624188423,2109.27892476,2100.64649582,30,70.0357995811,30.0062947645,47.3153158964,0.00549247887449,0.00558793544769,-9.54565732014e-05,0,2650.42523134,10468,20.9360009944,2125.92983605,526.203482877,12832,-1.92544189304e-06,1.92544189304e-06,1.41269886494,0,0,0,0,2.61791996552e-16,1.71220709031e-16
25.728001222,2500.00180677,-0.000863070170887,0.000115066577564,-490.333282471,7.66576486058e-05,6.43974590275e-06,103.427314758,38.9521751404,0.974574804306,0.000232830643654,0.000465661287308,4,526.203075424,7.46778133686,0.574498285369,77.2143198193,10.2739061742,126.12278806,134.242072818,5150.00568703,0.00791624188423,2109.27892476,2100.64649582,30,70.0357995811,30.6848669425,47.4692787975,0.00509905846713,0.00504223862663,5.68198404993e-05,0.000545696821064,2650.42523134,10468,20.9360009944,2125.92983605,526.203482877,12864,-2.1204418772e-06,2.1204418772e-06,1.41449415684,0,0,0,0,1.1763048294e-16,7.69342622111e-17
25.7920012251,2500.00180677,-0.000564377045098,7.52440973883e-05,-490.333343506,7.5020318036e-05,6.20690616415e-06,103.426872253,38.9523010254,0.974574565887,0.000232830643654,0.000465661287308,4,526.203075424,7.68412722264,1.00356409932,74.0404093567,9.73652166486,128.219180624,142.51875109,5150.00615269,0.00791624188423,2109.27892476,2100.64649582,30,70.0357995811,26.6316401394,46.2208590761,0.00527037032072,0.00521504261997,5.53277007542e-05,0.000838554115035,2650.42523134,10468,20.9360009944,2125.92983605,526.203482877,12896,-2.10377061194e-06,2.10377061194e-06,1.41119635105,0,0,0,0,5.28546573853e-17,3.45687248315e-17
25.8560012281,2500.00180677,-0.000368645280968,4.91486716783e-05,-490.333343506,7.3962888564e-05,6.05058949077e-06,103.426322937,38.9524269104,0.97457420826,0.000232830643654,0.000465661287308,4,526.203075424,15.9486676945,3.50498614973,71.0053481835,9.35925039759,129.419568111,148.617429659,5150.00522137,0.00791624188423,2109.27892476,2100.64649582,30,70.0357995811,23.9312357735,44.7000784334,0.00536863394018,0.00536419975106,4.43418912699e-06,-0.000241925590672,2650.42523134,10468,20.9360009944,2125.92983605,526.203482877,12928,-1.91807430383e-06,1.91807430383e-06,1.41153764725,0,0,0,0,2.37490750335e-17,1.55326949721e-17
25.9200012311,2500.00180677,-0.000240497899373,3.20637554978e-05,-490.333374023,7.32812477509e-05,5.94591301706e-06,103.432670593,38.9519615173,0.97457832098,0.000232830643654,0.000465661287308,4,526.203075424,76.7614921174,16.8654989427,72.9314975205,13.2865295923,126.17338507,133.528403239,5150.00475571,0.00791624188423,2112.5250496,2115.73555134,30,70.0357995811,24.6922063525,44.5411460532,0.00516150795715,0.00507134245709,9.01655000662e-05,-0.000414729584008,2650.42523134,10468,20.9360009944,2125.92983605,526.203482877,12960,-2.03033164325e-06,2.03033164325e-06,1.41272962093,0,0,0,0,1.06711245559e-17,6.97927520705e-18
25.9840012342,2500.00180677,-0.000157003438028,2.0932073312e-05,-490.333374023,7.28332015569e-05,5.87861677559e-06,103.480461121,38.9478645325,0.974609196186,0.000232830643654,0.000465661287308,4,526.203075424,105.93270527,22.8014891839,102.528502464,20.5357904874,85.1542426972,100.699457107,5150.00475571,0.00791624188423,2153.54422107,2148.56397361,30,70.0357995811,31.24970317,48.8321529701,0.00533806361613,0.00536965671927,-3.15931031336e-05,-0.00071304384619,2650.42523134,10468,20.9360009944,2125.92983605,526.203482877,12992,-1.98166117116e-06,1.98166117116e-06,1.41190385818,0,0,0,0,4.79483431154e-18,3.13598397725e-18
26.0480012372,2500.00180677,-0.000102515843037,1.36676571856e-05,-490.333404541,7.25400896044e-05,5.83484825256e-06,103.491142273,38.9469146729,0.97461605072,0.000232830643654,0.000465661287308,4,526.203075424,110.075396436,22.9726281113,108.798936665,22.0135894187,65.1548543829,84.437597252,5150.00475571,0.00791624188423,2173.54344204,2164.82486576,30,70.0357995811,35.4602489097,51.2979968335,0.0047798043995,0.00472755345982,5.22509396861e-05,-7.09405867383e-05,2650.42523134,10468,20.9360009944,2125.92983605,526.203482877,13024,-1.99920555133e-06,1.99920555133e-06,1.41272723675,0,0,0,0,2.15445332355e-18,1.40908552647e-18
26.1120012403,2500.00157394,-6.69199834435e-05,8.92193202162e-06,-490.333282471,7.23492630641e-05,5.80610731049e-06,103.493370056,38.9467468262,0.974617481232,0.000232830643654,0.000465661287308,4,526.203075424,105.905537512,20.8497615752,106.111438204,20.7254227544,59.3892509642,78.6098607932,5150.00522137,0.00791624188423,2179.30949293,2170.65261677,31,70.030320785,37.7404394385,53.2039885002,0.00459652656215,0.00460931914859,-1.27925864346e-05,0.0005129550118,2650.42523134,10468,20.9360009944,2125.92983605,526.203482877,13056,-1.86849081274e-06,1.86849081274e-06,1.41276264191,0,0,0,0,9.68056191713e-19,6.33141566737e-19
26.1760012433,2500.00157394,-4.36859298736e-05,5.82431266594e-06,-490.333282471,7.22246768419e-05,5.78735398449e-06,103.493095398,38.9469184875,0.974617302418,0.000232830643654,0.000465661287308,4,526.203075424,49.6480333444,8.47032122032,101.21530872,18.4821508258,59.3892509642,78.5856027505,5150.00475571,0.00791624188423,2179.30949293,2170.67683116,31,70.030320785,39.43343836,54.6704031876,0.00458458589148,0.0046147761168,-3.01902253197e-05,4.18367562816e-05,2650.42523134,10468,20.9360009944,2125.92983605,526.203482877,13088,-2.0791303541e-06,2.0791303541e-06,1.41364049911,0,0,0,0,4.34974786267e-19,2.84488221419e-19
26.2400012463,2500.00157394,-2.85214664386e-05,3.80255005439e-06,-490.333282471,7.214328798e-05,5.77513264943e-06,103.493095398,38.9470176697,0.974617302418,0.000232830643654,0.000465661287308,4,526.203075424,2.04208590246,-1.49145445603,96.9837528374,16.8646199643,72.8588711354,94.0489480854,5150.00475571,0.00791624188423,2179.30949293,2170.67683116,31,70.030320785,29.9686580547,48.9284248033,0.00484867331008,0.00490035745315,-5.16841430764e-05,-0.000243744580075,2650.42523134,10468,20.9360009944,2125.92983605,526.203482877,13120,-1.95899247046e-06,1.95899247046e-06,1.41794586182,0,0,0,0,1.95446338532e-19,1.27828485208e-19
26.3040012494,2500.00157394,-1.86190403373e-05,2.48233504863e-06,-490.333282471,7.20901443856e-05,5.76714910494e-06,103.49282074,38.9470901489,0.974617183208,0.000232830643654,0.000465661287308,4,526.203075424,4.6976122101,-0.818287982973,92.9512196406,15.2361485684,99.279852293,107.375228254,5150.00522137,0.00791624188423,2179.30949293,2170.67683116,31,70.030320785,27.3268815363,46.9439582957,0.00515778782184,0.00526961230207,-0.000111824480231,-0.000147338141687,2650.42523134,10468,20.9360009944,2125.92983605,526.203482877,13152,-1.83916415608e-06,1.83916415608e-06,1.41254973412,0,0,0,0,8.78195231998e-20,5.74369272691e-20
26.3680012524,2500.00157394,-1.21540564071e-05,1.62040782925e-06,-490.333282471,7.20554744476e-05,5.76193451707e-06,103.492729187,38.9471740723,0.974617063999,0.000232830643654,0.000465661287308,4,526.203075424,6.00925950079,-0.432584503009,89.0944015527,13.6768298833,111.989713332,114.815447887,5150.00522137,0.00791624188423,2179.30949293,2170.67683116,31,70.030320785,27.9642299574,46.8590806122,0.0050684583891,0.00504223862663,2.62197624723e-05,8.0035533756e-05,2650.42523134,10468,20.9360009944,2125.92983605,526.203482877,13184,-1.76542664576e-06,1.76542664576e-06,1.41003358364,0,0,0,0,3.94597690113e-20,2.58080205714e-20
26.4320012555,2500.00180677,0.0516692537644,-0.00688866851851,-490.340301514,7.69422840676e-05,5.94547418586e-06,103.492454529,38.9472427368,0.97461694479,0.000232830643654,0.000465661287308,5,524.495495483,6.71090493154,-0.106894282527,85.4046259866,12.3698402625,118.788659165,121.098011732,5150.00522137,0.00791624188423,2179.30949293,2170.67683116,31,70.030320785,28.8328938041,47.0216655231,0.00494770875659,0.00507316144649,-0.000125452689903,4.91127138957e-05,2650.42533468,13216,26.4320012555,2650.42533468,524.495495483,13216,-1.67070879797e-06,1.67070879797e-06,1.41131293774,0,0,0.000391427747672,0.000244642345933,0.00012904588948,8.0653677287e-05
26.4960012585,2509.20769759,281.582266325,-37.5412216187,-532.388549805,0.536931574345,-0.0144846178591,103.492286682,38.9473075867,0.974616825581,0.000232830643654,0.000465661287308,5,524.495495483,7.12386501122,0.191008117103,81.8747658924,11.3336455776,122.790239402,126.844548504,5150.00522137,0.00791624188423,2179.30949293,2170.67683116,31,70.030320785,29.6849684673,47.234698286,0.00487475733391,0.00490217644256,-2.74191086502e-05,0.000220097717829,2659.63129965,13216,26.4320012555,2650.42533468,524.495495483,13248,-1.52580582835e-06,1.52580582835e-06,1.41528236866,0,0,0.0142420260236,0.00890126638114,0.0133257545531,0.00833754707128
26.5600012615,2533.8458363,466.627127025,-62.2118453979,-569.140075684,1.80003428459,0.00106484326534,103.492149353,38.9473800659,0.974616706371,0.000232830643654,0.000465661287308,5,524.495495483,7.38815871142,0.467726901019,78.4981776583,10.5335124473,125.351245515,132.182452944,5150.00522137,0.00791624188423,2179.30949293,2170.67683116,31,70.030320785,30.4874320136,47.431258281,0.00488666603016,0.00495128915645,-6.46231262946e-05,0.000170985003933,2684.26950379,13216,26.4320012555,2650.42533468,524.495495483,13280,-1.70686394085e-06,1.70686394085e-06,1.41277945042,0,0,0.0279704146087,0.0174815095961,0.0270221624523,0.0169078037143
26.6240012646,2567.53806025,572.615419514,-76.3424530029,-599.79107666,3.33167123795,0.0835172832012,103.492012024,38.9474525452,0.974616646767,0.000232830643654,0.000465661287308,5,524.495495483,7.59590113822,0.813078776945,75.2683934681,9.92681774364,127.364270156,138.844290632,5150.00522137,0.00791624188423,2179.30949293,2170.67683116,31,70.030320785,28.8074788841,46.9258702651,0.00472721313483,0.00467298377771,5.4229357116e-05,0.000449290382676,2717.96158211,13216,26.4320012555,2650.42533468,524.495495483,13312,-1.57545298407e-06,1.57545298407e-06,1.41719949245,0,0,0.0414629392326,0.025914337486,0.0404925569892,0.0253361873329
26.6880012676,2606.26222007,629.353278782,-83.9068832397,-626.343200684,4.99551677704,0.208483785391,103.491600037,38.9474906921,0.974616348743,0.000232830643654,0.000465661287308,5,524.495495483,8.07115148784,1.34219304937,72.1795827652,9.48988764806,129.423118779,147.702361573,5150.00475571,0.00791624188423,2179.30949293,2170.67683116,31,70.030320785,23.8867269218,45.0739280495,0.00466456458181,0.00469117367174,-2.66090899315e-05,-3.45607986674e-05,2756.68571066,13216,26.4320012555,2650.42533468,524.495495483,13344,-1.64890343513e-06,1.64890343513e-06,1.41284716129,0,0,0.0546080246568,0.0341300182045,0.0536265224218,0.0335533730686
26.7520012707,2647.51166105,654.637580737,-87.27784729,-649.940124512,6.71417951584,0.358391314745,103.491416931,38.9475517273,0.974616229534,0.000232830643654,0.000465661287308,5,524.495495483,48.0127159886,11.7708311263,69.2263325074,9.82433343914,129.423118779,146.445949213,5150.00522137,0.00791624188423,2179.30949293,2172.84960672,31,70.030320785,24.1664401983,44.2725249741,0.00487614111588,0.0048203219194,5.58191964872e-05,0.000301952240989,2797.93511277,13216,26.4320012555,2650.42533468,524.495495483,13376,-1.67736504864e-06,1.67736504864e-06,1.41355848312,0,0,0.067297026515,0.0420606397092,0.066316395998,0.0414918027818
26.8160012737,2689.62257542,658.136268612,-87.7443008423,-671.054931641,8.4323682785,0.522808849812,103.47026825,38.9938278198,0.97460258007,0.000232830643654,0.000465661287308,5,524.495495483,99.5228064943,21.4778502471,94.9858788622,18.4977307181,99.2700734059,111.555513286,5150.00475571,0.00791624188423,2209.46245827,2207.7395115,31,70.030320785,27.9714513454,46.8950420327,0.00502046038076,0.00499130692333,2.91534574259e-05,-0.000334694050252,2840.04624575,13216,26.4320012555,2650.42533468,524.495495483,13408,-1.81289556167e-06,1.81289556167e-06,1.41410970688,0,0,0.079426035285,0.0496412739158,0.0784588456154,0.0490866564214
26.8800012767,2731.40473291,645.565101877,-86.0682830811,-689.866027832,10.1067171097,0.695456504822,103.460350037,39.014705658,0.974596202374,0.000232830643654,0.000465661287308,5,524.495495483,109.747698635,23.2866834345,107.805727687,21.9099010969,70.7847793819,89.2256284715,5150.00522137,0.00791624188423,2237.94812337,2230.07006571,31,70.030320785,34.2710845871,50.4777344759,0.00498294372431,0.00501313479617,-3.01910718647e-05,0.000109139364213,2881.82834925,13216,26.4320012555,2650.42533468,524.495495483,13440,-1.47286868923e-06,1.47286868923e-06,1.40740895271,0,0,0.0908970087767,0.0568106323481,0.0899564400315,0.0562768466771
26.9440012798,2771.94892988,620.311358944,-82.7013931274,-706.379272461,11.7017021179,0.872295379639,103.458122253,39.0196533203,0.974594771862,0.000232830643654,0.000465661287308,5,524.495495483,108.527332336,21.9121406606,108.003124263,21.4360566549,60.3783228144,79.9531844677,5150.00382438,0.00791624188423,2248.35495465,2239.34231326,31,70.030320785,36.9329463865,52.4957285961,0.00484724427263,0.00480758899357,3.96552790605e-05,-0.00108229869511,2922.37252108,13216,26.4320012555,2650.42533468,524.495495483,13472,-1.55340740093e-06,1.55340740093e-06,1.41207897663,0,0,0.101614616811,0.0635091364384,0.100714161992,0.0630028471351
27.0080012828,2810.53059734,584.933906794,-77.9847869873,-720.580505371,13.1879758835,1.05043148994,103.458122253,39.0198516846,0.974594771862,0.000232830643654,0.000465661287308,5,524.495495483,78.8599798211,14.8887900351,102.968497081,19.2742587001,59.3874246988,78.5842930782,5150.00429004,0.00791624188423,2249.34634753,2240.71089178,32,70.0357122696,38.8224179915,54.1529043403,0.00458952331694,0.00464387994725,-5.4356630308e-05,-0.000452928361483,2960.95431088,13216,26.4320012555,2650.42533468,524.495495483,13504,-1.90695789115e-06,1.90695789115e-06,1.41229152679,0,0,0.111490100622,0.0696813166142,0.110643155873,0.0692090392113
27.0720012859,2846.56928852,541.404646356,-72.1813583374,-732.448059082,14.5421590805,1.22749948502,103.458030701,39.0197219849,0.974594712257,0.000232830643654,0.000465661287308,5,524.495495483,10.3756241194,0.414243554114,98.6212822889,17.4535263424,59.6259887971,83.6094550323,5150.00522137,0.00791624188423,2249.34634753,2240.71089178,32,70.0357122696,36.2034443242,55.1368830202,0.00488461171511,0.00492036633659,-3.57546214858e-05,0.000201907823794,2996.99293123,13216,26.4320012555,2650.42533468,524.495495483,13536,-2.06944810088e-06,2.06944810088e-06,1.41113245487,0,0,0.120441861451,0.0752761587501,0.119661428034,0.0748441442847
27.1360012889,2879.60865535,491.759274155,-65.5625228882,-742.02947998,15.7473287582,1.40118539333,103.458030701,39.0196075439,0.974594712257,0.000232830643654,0.000465661287308,5,524.495495483,3.87313183568,-1.01604318928,94.5156180885,15.8880621332,91.2906398298,103.560530988,5150.00522137,0.00791624188423,2249.34634753,2240.71089178,32,70.0357122696,27.4205740425,47.1478670079,0.00506349795426,0.00511317921337,-4.96812591066e-05,9.09494701773e-06,3030.03201157,13216,26.4320012555,2650.42533468,524.495495483,13568,-2.09819495467e-06,2.09819495467e-06,1.41348624229,0,0,0.128396093845,0.0802475586534,0.127694487572,0.0798616632819
27.2000012919,2909.31714699,437.79212865,-58.3674926758,-749.401489258,16.7936782837,1.56904184818,103.457939148,39.0195045471,0.974594652653,0.000232830643654,0.000465661287308,5,524.495495483,5.59440046151,-0.572933177329,90.5909135681,14.2643207399,107.969732198,112.108122266,5150.00475571,0.00791624188423,2249.34634753,2240.71089178,32,70.0357122696,27.6517348539,46.8441685371,0.00516331499778,0.00514228304382,2.10319539562e-05,-0.000485670170747,3059.74075911,13216,26.4320012555,2650.42533468,524.495495483,13600,-2.02434875973e-06,2.02434875973e-06,1.41300654411,0,0,0.135287240148,0.0845545306802,0.1346758008,0.0842201113701
27.264001295,2935.48800983,381.589168683,-50.874382019,-754.740783691,17.6788635254,1.72834348679,103.457756042,39.0193862915,0.974594533443,0.000232830643654,0.000465661287308,5,524.495495483,6.48143022137,-0.230886182968,86.8363865925,12.8504006489,116.565046483,118.706208013,5150.00522137,0.00791624188423,2249.34634753,2240.71089178,32,70.0357122696,28.488719181,46.9449078082,0.00501123043062,0.00510772224516,-9.64918145385e-05,1.45519152284e-05,3085.91159217,13216,26.4320012555,2650.42533468,524.495495483,13632,-1.91267236005e-06,1.91267236005e-06,1.4127215147,0,0,0.141058638692,0.0881616547704,0.140547424555,0.087883412838
27.328001298,2958.03206973,324.73547617,-43.2945098877,-758.215026855,18.4077205658,1.87610054016,103.457847595,39.0192947388,0.974594593048,0.000232830643654,0.000465661287308,5,524.495495483,6.98452770571,0.0766220601042,83.2444413233,11.7103601586,121.440061776,124.638041598,5150.00475571,0.00791624188423,2249.34634753,2240.71089178,32,70.0357122696,29.3553912343,47.1506755275,0.00496503094194,0.0049240043154,4.10266265405e-05,-0.000267391442321,3108.45584193,13216,26.4320012555,2650.42533468,524.495495483,13664,-1.91094727597e-06,1.91094727597e-06,1.40829706192,0,0,0.145662844181,0.0910392776132,0.145260438323,0.0908212214708
27.3920013011,2976.96026973,268.731295364,-35.8278999329,-760.029541016,18.9911212921,2.00908350945,103.457756042,39.0191917419,0.974594533443,0.000232830643654,0.000465661287308,5,524.495495483,7.29678478558,0.361284418258,79.8083682254,10.8227531113,124.465834233,130.129177705,5150.00475571,0.00791624188423,2249.34634753,2240.71089178,32,70.0357122696,30.178198358,47.3575346405,0.00504248720556,0.00496766006108,7.48271444806e-05,-0.000311047188006,3127.38374129,13216,26.4320012555,2650.42533468,524.495495483,13696,-1.760729333e-06,1.760729333e-06,1.41267096996,0,0,0.149062111974,0.0931638255715,0.148775324225,0.0930090844631
27.4560013041,2992.360387,214.549771044,-28.6042881012,-760.357055664,19.4438877106,2.12413358688,103.45766449,39.0190925598,0.974594473839,0.000232830643654,0.000465661287308,5,524.495495483,7.51129443053,0.645853191821,76.5215456613,10.1439711908,126.544429804,135.618509375,5150.00522137,0.00791624188423,2249.34634753,2240.71089178,32,70.0357122696,30.3783108393,47.3754626,0.00496059004984,0.0049749360187,-1.43459688573e-05,0.000147338141687,3142.78392443,13216,26.4320012555,2650.42533468,524.495495483,13728,-1.72807961007e-06,1.72807961007e-06,1.41256058216,0,0,0.151228621602,0.0945178940892,0.151062443852,0.0944287702441
27.5200013071,3004.36629914,162.63917496,-21.6834430695,-759.323120117,19.7826385498,2.21827459335,103.457450867,39.0189857483,0.974594295025,0.000232830643654,0.000465661287308,5,524.495495483,7.73198668142,1.10500576146,73.3779086801,9.64326938046,128.68293561,144.475561683,5150.00522137,0.00791624188423,2249.34634753,2240.71089178,32,70.0357122696,25.5101622315,45.7890673715,0.00463422356045,0.00465115590487,-1.69323444155e-05,0.000471118255518,3154.78994008,13216,26.4320012555,2650.42533468,524.495495483,13760,-1.80286554041e-06,1.80286554041e-06,1.41339170933,0,0,0.152144894004,0.0950905531645,0.152102202177,0.0950683578849
27.5840013102,3013.16427067,115.12330093,-15.3485136032,-757.302124023,20.0249099731,2.28912448883,103.457359314,39.0188980103,0.97459423542,0.000232830643654,0.000465661287308,5,524.495495483,24.6880533619,5.85087995209,70.3719197178,9.29750674236,129.41834575,148.615610669,5150.00522137,0.00791624188423,2249.34634753,2240.71089178,32,70.0357122696,24.0332483372,44.4889847131,0.00474599293199,0.00478576112073,-3.97681887421e-05,0.000336513039656,3163.58771541,13216,26.4320012555,2650.42533468,524.495495483,13792,-2.00967974706e-06,2.00967974706e-06,1.41271853447,0,0,0.151803612709,0.0948772579432,0.152078181505,0.0950550064445
27.6480013132,3019.16804165,74.3610362406,-9.91399097443,-754.811462402,20.1896686554,2.3376557827,103.422966003,39.0563201904,0.974572002888,0.000232830643654,0.000465661287308,5,524.495495483,87.2502609013,18.9231580993,82.1820713938,15.359775966,116.865667223,125.299120555,5150.00475571,0.00791624188423,2261.89894602,2264.02748376,32,70.0357122696,25.4706228588,45.1277228422,0.00487555074091,0.00489308149554,-1.75307546257e-05,-0.000236468622461,3169.59170954,13216,26.4320012555,2650.42533468,524.495495483,13824,-1.98752150027e-06,1.98752150027e-06,1.4133991003,0,0,0.1502083987,0.0938802659512,0.151288241148,0.0945972576737
27.7120013162,3022.63512276,35.3146097041,-4.70822811127,-751.305725098,20.2897777557,2.36412572861,103.367835999,39.1162338257,0.974536299706,0.000232830643654,0.000465661287308,5,524.495495483,107.894504506,23.1458655998,105.07063987,21.2306705312,79.1455240687,95.9862736636,5150.00475571,0.00791624188423,2299.61890727,2293.34016331,32,70.0357122696,32.6365043293,49.5645836054,0.00476163652952,0.00475847627968,3.1602498396e-06,-0.000101863406599,3173.05871842,13216,26.4320012555,2650.42533468,524.495495483,13856,-2.14684632738e-06,2.14684632738e-06,1.41257190704,0,0,0.147377893329,0.0921111926436,0.149428188801,0.093496657908
27.7760013193,3023.60742353,-3.78456388717,0.504567086697,-746.569641113,20.3322162628,2.36705780029,103.355567932,39.1297073364,0.974528372288,0.000232830643654,0.000465661287308,5,524.495495483,109.781407457,22.6638466586,108.79973507,21.8932957298,62.9908026895,82.4963353807,5150.00522137,0.00791624188423,2315.77362865,2306.82943948,32,70.0357122696,36.0183039447,51.7323060194,0.00497010976819,0.00493855623063,3.15535375606e-05,0.000183717929758,3174.04665261,13216,26.4320012555,2650.42533468,524.495495483,13888,-2.16407488551e-06,2.16407488551e-06,1.41555845737,0,0,0.143331795931,0.0895823687315,0.146400898695,0.0916785374284
27.8400013223,3022.05537446,-43.6406189692,5.81827163696,-740.494934082,20.3208236694,2.34475302696,103.35370636,39.1318283081,0.974527180195,0.000232830643654,0.000465661287308,5,524.495495483,100.175345416,19.5722158999,104.87544074,20.1821481741,59.3874901824,78.584322182,5150.00522137,0.00791624188423,2319.37645003,2310.74122712,33,70.0308810337,38.143574784,53.5608269274,0.00464227156716,0.0045656634029,7.66081642567e-05,0.000556610757485,3174.04665261,13216,26.4320012555,2650.42533468,524.495495483,13920,-2.10884991247e-06,2.10884991247e-06,1.41267335415,0,0,0.138101309538,0.0863133221865,0.142199292779,0.0891289785504
27.9040013254,3017.92053506,-84.4671012601,11.2613554001,-733.024414062,20.256608963,2.29592418671,103.353889465,39.1314048767,0.974527299404,0.000232830643654,0.000465661287308,5,524.495495483,33.6521681717,4.95566974161,100.288008473,18.0939188809,59.3874901824,78.584322182,5150.00475571,0.00791624188423,2319.37645003,2310.74122712,33,70.0308810337,39.7414150939,54.9240976397,0.00452300696896,0.00445652403869,6.64829302721e-05,0.00020008883439,3174.04665261,13216,26.4320012555,2650.42533468,524.495495483,13952,-2.11321776078e-06,2.11321776078e-06,1.41877675056,0,0,0.131728604436,0.0823303833604,0.136852517724,0.0858606100082
27.9680013284,3011.14236936,-126.179293147,16.8225250244,-724.139648438,20.1387138367,2.21983265877,103.354072571,39.1311531067,0.974527418613,0.000232830643654,0.000465661287308,5,524.495495483,2.76368322749,-1.28867814279,96.1042690156,16.5298354003,80.5400850368,98.3014033409,5150.00522137,0.00791624188423,2319.37645003,2310.74122712,33,70.0308810337,28.3565641439,47.6940331282,0.00465277338879,0.00470572558697,-5.29521981818e-05,0.000416548573412,3174.04665261,13216,26.4320012555,2650.42533468,524.495495483,13984,-2.0923403099e-06,2.0923403099e-06,1.41247475147,0,0,0.124266393483,0.0776664912701,0.130407735705,0.0818995162845
28.0320013314,3001.66825764,-168.683764059,22.4893226624,-713.827453613,19.9647827148,2.11633253098,103.354255676,39.1308937073,0.974527537823,0.000232830643654,0.000465661287308,5,524.495495483,5.05779512992,-0.726035307617,92.1103669199,14.8859058872,102.770027297,109.154781967,5150.00429004,0.00791624188423,2319.37645003,2310.74122712,33,70.0308810337,27.404521461,46.886059863,0.00441027936393,0.00445834302809,-4.80636641598e-05,-0.000267391442321,3174.04665261,13216,26.4320012555,2650.42533468,524.495495483,14016,-2.16708917833e-06,2.16708917833e-06,1.41397464275,0,0,0.115776032209,0.0723600238562,0.122923649848,0.077280074358
28.0960013345,2989.44977112,-211.911858059,28.2525959015,-702.073059082,19.7305984497,1.9859405756,103.354705811,39.1306648254,0.974527776241,0.000232830643654,0.000465661287308,5,524.495495483,6.19569448379,-0.359700826492,88.2899312133,13.3734477385,113.796268124,116.221373901,5150.00475571,0.00791624188423,2319.37645003,2310.74122712,33,70.0308810337,28.1464563159,46.8828147859,0.00420029977466,0.00414365786128,5.66419133818e-05,0.0005129550118,3174.04665261,13216,26.4320012555,2650.42533468,524.495495483,14048,-2.05172545975e-06,2.05172545975e-06,1.408244133,0,0,0.106327548623,0.0664547234774,0.114468000829,0.0720427706838
28.1600013375,2974.43429008,-256.154919043,34.1511878967,-688.811889648,19.4293613434,1.82990789413,103.355064392,39.1304359436,0.97452801466,0.000232830643654,0.000465661287308,5,524.495495483,6.81710337762,-0.041102115546,84.6350217907,12.1257708484,119.817719678,122.367142467,5150.00429004,0.00791624188423,2319.37645003,2310.74122712,33,70.0308810337,29.0189491352,47.0664417662,0.0044715139369,0.00460204319097,-0.000130529254072,-0.000411091605201,3174.04665261,13216,26.4320012555,2650.42533468,524.495495483,14080,-2.02791147785e-06,2.02791147785e-06,1.41345500946,0,0,0.0959991291165,0.0599994547665,0.105116210878,0.0662331432104
28.2240013406,2956.53776266,-302.006606944,40.2642440796,-673.923522949,19.0490226746,1.65059876442,103.355064392,39.1302032471,0.97452801466,0.000232830643654,0.000465661287308,5,524.495495483,7.19001683474,0.251957186728,81.1385995002,11.1438201185,123.431251268,128.020255943,5150.00429004,0.00791624188423,2319.37645003,2310.74122712,33,70.0308810337,29.8612503684,47.2791434731,0.00458626658872,0.00459112925455,-4.86266582556e-06,-0.00040017766878,3174.04665261,13216,26.4320012555,2650.42533468,524.495495483,14112,-2.07005268749e-06,2.07005268749e-06,1.41168689728,0,0,0.0848756209016,0.0530472658575,0.0949506163597,0.0599011480808
28.2880013436,2935.63329615,-350.251037162,46.6963043213,-657.241333008,18.5710086823,1.45171070099,103.355155945,39.1299743652,0.974528074265,0.000232830643654,0.000465661287308,5,524.495495483,7.43237132541,0.524539693387,77.7939474816,10.3883271886,125.779668451,133.278372232,5150.00475571,0.00791624188423,2319.37645003,2310.74122712,33,70.0308810337,30.6511974486,47.4685584777,0.00481281603459,0.00485670170747,-4.38856728735e-05,-0.00020008883439,3174.04665261,13216,26.4320012555,2650.42533468,524.495495483,14144,-1.99795204026e-06,1.99795204026e-06,1.41263985634,0,0,0.073049582541,0.0456559918821,0.0840595141053,0.0531005971134
28.3520013466,2911.52717546,-402.22183452,53.6251754761,-638.492492676,17.9679412842,1.23857629299,103.355064392,39.1297454834,0.97452801466,0.000232830643654,0.000465661287308,5,524.495495483,7.64385169945,0.916449441899,74.5948103387,9.81974993298,127.828912809,140.838310472,5150.00429004,0.00791624188423,2319.37645003,2310.74122712,33,70.0308810337,27.6321279671,46.562479838,0.00487834228569,0.0048230504035,5.52918821839e-05,-0.000632098817732,3174.04665261,13216,26.4320012555,2650.42533468,524.495495483,14176,-2.08237656807e-06,2.08237656807e-06,1.4102241993,0,0,0.0606179721653,0.0378862321377,0.072536252439,0.0458886623383
28.4160013497,2883.90670903,-460.430805106,61.3857345581,-617.188720703,17.1979923248,1.01906895638,103.35533905,39.1295471191,0.974528193474,0.000232830643654,0.000465661287308,5,524.495495483,11.0254345452,2.18248095777,71.535504011,9.41561763489,129.422347527,148.60376541,5150.00475571,0.00791624188423,2319.37645003,2310.74122712,33,70.0308810337,23.7035073951,44.898235501,0.00478882900001,0.00485124473926,-6.24157392437e-05,-0.000194631866179,3174.04665261,13216,26.4320012555,2650.42533468,524.495495483,14208,-2.14134979615e-06,2.14134979615e-06,1.41161513329,0,0,0.0476843230426,0.02980270423,0.0604784153402,0.0383252501488
28.4800013527,2852.23755054,-529.428361915,70.5846557617,-592.461364746,16.1942329407,0.805218935013,103.355751038,39.129360199,0.974528491497,0.000232830643654,0.000465661287308,5,524.495495483,64.1632483996,14.7558216607,68.6106594055,11.5446013114,129.422347527,140.129064675,5150.00429004,0.00791624188423,2319.37645003,2319.23046522,33,70.0308810337,24.3388640229,44.3070166511,0.00485152221175,0.00480940798298,4.2114228771e-05,-0.000618456397206,3174.04665261,13216,26.4320012555,2650.42533468,524.495495483,14240,-2.09499103221e-06,2.09499103221e-06,1.41266989708,0,0,0.0343549139798,0.0214718226343,0.047986920923,0.0304725989699
28.5440013558,2815.57254493,-617.750687525,82.3600006104,-562.707946777,14.843667984,0.616579174995,103.332374573,39.1580696106,0.974513292313,0.000232830643654,0.000465661287308,5,524.495495483,103.559983627,22.3258574858,99.6357625447,19.7417470294,91.0596427275,105.262552097,5150.00475571,0.00791624188423,2357.73948953,2354.09685411,33,70.0308810337,29.7678161587,48.0022390548,0.00532803348663,0.00531326804776,1.47654388716e-05,-0.00065665517468,3174.04665261,13216,26.4320012555,2650.42533468,524.495495483,14272,-2.12127633858e-06,2.12127633858e-06,1.41266572475,0,0,0.0207407381386,0.0129629615694,0.0351648256183,0.0223945602775
28.6080013588,2772.60341682,-723.868608475,96.5078964233,-527.490905762,12.9930143356,0.479295402765,103.325843811,39.1661758423,0.974509060383,0.000232830643654,0.000465661287308,5,524.495495483,110.078978273,23.1610224837,108.522937444,22.0250765678,67.4226539559,86.4004323375,5150.00522137,0.00791624188423,2381.3766893,2372.95893021,33,70.0308810337,34.9524452758,50.9286874149,0.00485108878068,0.00481668394059,3.4404840088e-05,0.000305590219796,3174.04665261,13216,26.4320012555,2650.42533468,524.495495483,14304,-1.89760032754e-06,1.89760032754e-06,1.41477406025,0,0,0.00695322221145,0.00434576394036,0.0221164915711,0.0141561077908
28.6720013618,2722.72550501,-813.005259261,108.391807556,-491.150238037,10.5637149811,0.407855629921,103.324394226,39.1680793762,0.974508106709,0.000232830643654,0.000465661287308,5,524.495495483,107.47928243,21.4194128325,107.175302397,21.0843462629,59.6006502747,79.0516787674,5150.00522137,0.00791624188423,2389.19793628,2380.30729815,33,70.0308810337,37.3850598407,52.8896853211,0.00498516108949,0.00501131580677,-2.61547172808e-05,0.000110958353616,3174.04665261,13216,26.4320012555,2650.42533468,524.495495483,14336,-2.02026467377e-06,2.02026467377e-06,1.41287064552,0,0,0,0,0.0102570923045,0.00663483142853
28.7360013649,2672.30370082,-746.033620089,99.4629821777,-475.355621338,7.97089767456,0.378503918648,103.324394226,39.1676902771,0.974508106709,0.000232830643654,0.000465661287308,5,524.495495483,63.3429344744,11.4794790829,102.0018479,18.8287521558,59.3881486566,78.5850425018,5150.00522137,0.00791624188423,2389.41051066,2380.77389076,34,70.0341406628,39.1634857806,54.4437571079,0.00518936218996,0.00524778442923,-5.84222392686e-05,-0.000125510268845,3174.04665261,13216,26.4320012555,2650.42533468,524.495495483,14368,-2.08762730836e-06,2.08762730836e-06,1.41274619102,0,0,0,0,0.00453104125336,0.00294848997146
28.8000013679,2628.76297347,-614.203861915,81.8871307373,-471.582061768,5.79348182678,0.333902388811,103.324394226,39.1674957275,0.974508106709,0.000232830643654,0.000465661287308,5,524.495495483,3.98628290941,-1.040534183,97.7243287713,17.1330984258,65.5186086078,89.350338385,5150.00475571,0.00791624188423,2389.41051066,2380.77389076,34,70.0341406628,32.516381907,51.6692198289,0.00515970058346,0.00514228304382,1.74175396328e-05,-0.000485670170747,3174.04665261,13216,26.4320012555,2650.42533468,524.495495483,14400,-2.07193420465e-06,2.07193420465e-06,1.41275620461,0,0,0,0,0.00202061003074,0.00131833809428
28.864001371,2594.07539852,-475.755397929,63.4288482666,-473.031860352,4.14003658295,0.272959113121,103.324485779,39.1673240662,0.974508166313,0.000232830643654,0.000465661287308,5,524.495495483,4.35197684074,-0.902466188697,93.6590170046,15.5318011968,95.9306489676,105.751430965,5150.00429004,0.00791624188423,2389.41051066,2380.77389076,34,70.0341406628,27.3179048236,47.0175327791,0.00508841893621,0.00516047293786,-7.20540016541e-05,-0.00096952135209,3174.04665261,13216,26.4320012555,2650.42533468,524.495495483,14432,-2.18725358536e-06,2.18725358536e-06,1.41119253635,0,0,0,0,0.000904859567527,0.000591063580941
28.928001374,2567.73130968,-355.149793904,47.3494186401,-476.193939209,2.93422317505,0.211055442691,103.324485779,39.1671485901,0.974508166313,0.000232830643654,0.000465661287308,5,524.495495483,5.83349357604,-0.495185648606,89.7715591943,13.9390547796,110.286542622,113.607871754,5150.00522137,0.00791624188423,2389.41051066,2380.77389076,34,70.0341406628,27.8173738479,46.8467296741,0.00532403490738,0.00534237187821,-1.83369708306e-05,-0.000220097717829,3174.04665261,13216,26.4320012555,2650.42533468,524.495495483,14464,-2.11580163523e-06,2.11580163523e-06,1.4108620882,0,0,0,0,0.000405964703532,0.000265319511527
28.992001377,2548.3048521,-259.041436948,34.5360221863,-479.481933594,2.07021713257,0.157536640763,103.324668884,39.1669960022,0.974508285522,0.000232830643654,0.000465661287308,5,524.495495483,6.61258204044,-0.162720377282,86.0524916727,12.5829064601,117.835908895,120.021126349,5150.00568703,0.00791624188423,2389.41051066,2380.77389076,34,70.0341406628,28.6766698991,46.98545672,0.00546560344206,0.00549334799871,-2.77445566521e-05,9.45874489844e-05,3174.04665261,13216,26.4320012555,2650.42533468,524.495495483,14496,-2.20748461288e-06,2.20748461288e-06,1.41447365284,0,0,0,0,0.000182287825737,0.000119162803458
29.0560013801,2534.24490802,-186.189558008,24.8232364655,-482.30065918,1.45741486549,0.114881522954,103.324943542,39.1668548584,0.974508464336,0.000232830643654,0.000465661287308,5,524.495495483,7.06355610512,0.139413314825,82.4945482183,11.5001240883,122.205849038,125.849284814,5150.00522137,0.00791624188423,2389.41051066,2380.77389076,34,70.0341406628,29.5360787277,47.1966413897,0.0053567909275,0.00540785549674,-5.10645692398e-05,-0.000285581336357,3174.04665261,13216,26.4320012555,2650.42533468,524.495495483,14528,-2.16877242565e-06,2.16877242565e-06,1.41387474537,0,0,0,0,8.18821790745e-05,5.35325925739e-05
29.1200013831,2524.18778837,-132.604080136,17.6790924072,-484.513458252,1.02503228188,0.0825095400214,103.325126648,39.1667175293,0.974508583546,0.000232830643654,0.000465661287308,5,524.495495483,7.34829795617,0.41969576677,79.0910559201,10.6611291251,124.964994029,131.255932502,5150.00522137,0.00791624188423,2389.41051066,2380.77389076,34,70.0341406628,30.3478318529,47.3982727272,0.00543430403455,0.00539876054972,3.5543484822e-05,-0.000276486389339,3174.04665261,13216,26.4320012555,2650.42533468,524.495495483,14560,-2.09346558222e-06,2.09346558222e-06,1.41402482986,0,0,0,0,3.67869761249e-05,2.40515691985e-05
29.1840013862,2517.04687253,-93.9028686844,12.5193548203,-486.171813965,0.720643341541,0.0587030053139,103.325218201,39.1665687561,0.97450864315,0.000232830643654,0.000465661287308,5,524.495495483,7.5566707753,0.732008984515,75.8354663888,10.0220816067,126.984130475,137.28045451,5150.00615269,0.00791624188423,2389.41051066,2380.77389076,34,70.0341406628,29.6563775919,47.1707826364,0.00571585659359,0.00578984327149,-7.39866778954e-05,0.000263753463514,3174.04665261,13216,26.4320012555,2650.42533468,524.495495483,14592,-2.16605894821e-06,2.16605894821e-06,1.41266298294,0,0,0,0,1.65284254763e-05,1.08066287794e-05
29.2480013892,2511.99887134,-66.2720558466,8.83554935455,-487.380401611,0.506605505943,0.0415210090578,103.325401306,39.1664352417,0.97450876236,0.000232830643654,0.000465661287308,5,524.495495483,7.77837110456,1.2002073636,72.7217732721,9.5568520688,129.132400616,146.311998833,5150.00568703,0.00791624188423,2389.41051066,2380.77389076,34,70.0341406628,24.5390474447,45.3593020211,0.00580967665642,0.00576164893573,4.80277206893e-05,-0.000173713488039,3174.04665261,13216,26.4320012555,2650.42533468,524.495495483,14624,-2.09968084164e-06,2.09968084164e-06,1.41435682774,0,0,0,0,7.426492175e-06,4.8556398724e-06
29.3120013922,2508.44028778,-46.6723104182,6.22246408463,-488.248596191,0.356153279543,0.0292706936598,103.325492859,39.1663017273,0.974508821964,0.000232830643654,0.000465661287308,5,524.495495483,36.3159452025,8.97184066374,69.7446660753,9.24142242624,129.420426674,148.614082718,5150.00568703,0.00791624188423,2389.41051066,2380.77389076,34,70.0341406628,24.094731998,44.3387398263,0.00598701613286,0.00597628968535,1.0726447508e-05,-0.000388354237657,3174.04665261,13216,26.4320012555,2650.42533468,524.495495483,14656,-2.21812706513e-06,2.21812706513e-06,1.41294193268,0,0,0,0,3.33689445142e-06,2.18175978262e-06
29.3760013953,2505.93549572,-32.834468584,4.37756967545,-488.865325928,0.250440388918,0.0205916371197,103.365486145,39.1379776001,0.974534809589,0.000232830643654,0.000465661287308,5,524.495495483,94.8602728476,20.494405254,89.9136900031,17.2038891494,106.973348011,117.47985991,5150.00568703,0.00791624188423,2411.85748018,2411.90847009,34,70.0341406628,26.6709375865,46.0093469883,0.00605566599643,0.00611908035353,-6.34143570988e-05,-0.000531144905835,3174.04665261,13216,26.4320012555,2650.42533468,524.495495483,14688,-2.1071325591e-06,2.1071325591e-06,1.41274440289,0,0,0,0,1.49935408444e-06,9.80323648037e-07
29.4400013983,2504.1741319,-23.0835794355,3.07755804062,-489.301696777,0.17616315186,0.0144684258848,103.394615173,39.1173362732,0.974553644657,0.000232830643654,0.000465661287308,5,524.495495483,109.135365651,23.2897800022,106.822377916,21.6848771305,74.198411312,92.0219899854,5150.00568703,0.00791624188423,2444.63258423,2437.36733682,34,70.0341406628,33.6133416567,50.0879868923,0.00588001983215,0.00587533577345,4.68405869647e-06,-0.00028740032576,3174.04665261,13216,26.4320012555,2650.42533468,524.495495483,14720,-2.108116405e-06,2.108116405e-06,1.41825544834,0,0,0,0,6.73701094911e-07,4.40486957132e-07
29.5040014014,2502.93593854,-16.223430066,2.16294646263,-489.609161377,0.123965919018,0.0101596619934,103.401359558,39.1125450134,0.974558055401,0.000232830643654,0.000465661287308,5,524.495495483,109.206511628,22.2798374725,108.485082774,21.6767795419,61.3646116108,80.9573684819,5150.00522137,0.00791624188423,2457.46667497,2448.43238033,34,70.0341406628,36.5327941836,52.1544789081,0.0056833700246,0.00571162672713,-2.82567025334e-05,-0.000589352566749,3174.04665261,13216,26.4320012555,2650.42533468,524.495495483,14752,-2.16406624531e-06,2.16406624531e-06,1.41265904903,0,0,0,0,3.02712777511e-07,1.97923142764e-07
29.5680014044,2502.06608325,-11.3999158202,1.51986408234,-489.825714111,0.0872987508774,0.0071283839643,103.402275085,39.111995697,0.974558651447,0.000232830643654,0.000465661287308,5,524.495495483,90.0178489445,17.3400007873,103.803621792,19.6711961936,59.3869262957,78.5833180998,5150.00522137,0.00791624188423,2459.44457129,2450.80702007,35,70.0334785506,38.5233179259,53.8933090866,0.00586355033971,0.00586624082644,-2.6904867223e-06,-0.00074396666605,3174.04665261,13216,26.4320012555,2650.42533468,524.495495483,14784,-2.1978339646e-06,2.1978339646e-06,1.40777158737,0,0,0,0,1.36017348495e-07,8.89324098807e-08
29.6320014074,2501.45466998,-8.01031546871,1.06795442104,-489.977813721,0.0615183226764,0.00500171398744,103.402366638,39.1120605469,0.974558711052,0.000232830643654,0.000465661287308,5,524.495495483,19.5796048122,2.10375058698,99.3745814352,17.7334809657,59.3869262957,79.918296251,5150.00522137,0.00791624188423,2459.44457129,2450.80702007,35,70.0334785506,38.8638472941,55.1590383111,0.00581734729832,0.00580621417612,1.11331222019e-05,-0.000683940015733,3174.04665261,13216,26.4320012555,2650.42533468,524.495495483,14816,-2.19255844058e-06,2.19255844058e-06,1.41376292706,0,0,0,0,6.11164026054e-08,3.99598221179e-08
29.6960014105,2501.02486461,-5.63255207453,0.750945329666,-490.084106445,0.0433809831738,0.00351057224907,103.402183533,39.1120986938,0.974558591843,0.000232830643654,0.000465661287308,5,524.495495483,3.41156493667,-1.12622507852,95.234388033,16.182481445,86.8180577527,101.435121906,5150.00615269,0.00791624188423,2459.44457129,2450.80702007,35,70.0334785506,27.6703194686,47.3128275189,0.00564534266556,0.00568797986489,-4.26371993267e-05,0.000365616870113,3174.04665261,13216,26.4320012555,2650.42533468,524.495495483,14848,-2.07201856028e-06,2.07201856028e-06,1.41368699074,0,0,0,0,2.74613149998e-08,1.79550685431e-08
29.7600014135,2500.72265044,-3.96150016968,0.52815669775,-490.158691406,0.0306297112256,0.00246262713335,103.402000427,39.1121292114,0.974558472633,0.000232830643654,0.000465661287308,5,524.495495483,5.36804475129,-0.640476602209,91.2784285053,14.5427673659,105.776343844,110.80520926,5150.00568703,0.00791624188423,2459.44457129,2450.80702007,35,70.0334785506,27.5275579042,46.8542675662,0.00572731087556,0.00578802428208,-6.07134065245e-05,-0.00020008883439,3174.04665261,13216,26.4320012555,2650.42533468,524.495495483,14880,-2.09645395444e-06,2.09645395444e-06,1.41630768776,0,0,0,0,1.23391359352e-08,8.06771627282e-09
29.8240014166,2500.51007606,-2.78694983535,0.371562808752,-490.21105957,0.0216459073126,0.0017295704456,103.401725769,39.112159729,0.974558293819,0.000232830643654,0.000465661287308,5,524.495495483,6.35951362701,-0.288739285769,87.4941114864,13.0825553276,115.383678349,117.590221635,5150.00615269,0.00791624188423,2459.44457129,2450.80702007,35,70.0334785506,28.3324898191,46.9140322821,0.005576732659,0.00563522917219,-5.84965131889e-05,0.000418367562816,3174.04665261,13216,26.4320012555,2650.42533468,524.495495483,14912,-2.21634968511e-06,2.21634968511e-06,1.41572165489,0,0,0,0,5.54432011413e-09,3.62505070406e-09
29.8880014196,2500.36036596,-1.96185897039,0.261559724808,-490.247650146,0.0153317265213,0.00121192052029,103.401725769,39.112197876,0.974558293819,0.000232830643654,0.000465661287308,5,524.495495483,6.91228987231,0.0235690481669,83.8736726672,11.8939329681,120.740078273,123.614649056,5150.00475571,0.00791624188423,2459.44457129,2450.80702007,35,70.0334785506,29.20334191,47.1119856229,0.00547539505402,0.00542422640137,5.11686526483e-05,-0.000767613528296,3174.04665261,13216,26.4320012555,2650.42533468,524.495495483,14944,-2.11617998502e-06,2.11617998502e-06,1.4115755558,0,0,0,0,2.49121856477e-09,1.6288369542e-09
29.9520014226,2500.25489368,-1.38162931762,0.184202119708,-490.273284912,0.0108728297055,0.000851218996104,103.401725769,39.1122398376,0.974558293819,0.000232830643654,0.000465661287308,5,524.495495483,7.2502758405,0.31198291414,80.4102999648,10.9642970189,124.015161418,129.178151838,5150.00522137,0.00791624188423,2459.44457129,2450.80702007,35,70.0334785506,30.0351821352,47.3221734865,0.00527717494703,0.00538238964509,-0.000105214698065,-0.000260115484707,3174.04665261,13216,26.4320012555,2650.42533468,524.495495483,14976,-2.27477994486e-06,2.27477994486e-06,1.41063964367,0,0,0,0,1.11937425995e-09,7.3188199945e-10
30.0160014257,2500.18085353,-0.975458874564,0.130050510168,-490.291168213,0.00773016130552,0.000596954021603,103.401542664,39.1122741699,0.97455817461,0.000232830643654,0.000465661287308,5,524.495495483,7.4748017191,0.585413354561,77.0973351179,10.2513640404,126.190818264,134.452624479,5150.00568703,0.00791624188423,2459.44457129,2450.80702007,35,70.0334785506,30.6631663989,47.4611624668,0.00553493142985,0.00551699486095,1.79365688968e-05,7.09405867383e-05,3174.04665261,13216,26.4320012555,2650.42533468,524.495495483,15008,-2.16162675315e-06,2.16162675315e-06,1.40731883049,0,0,0,0,5.02966224225e-10,3.28855054299e-10
30.0800014287,2500.12846664,-0.686417308771,0.0915147960186,-490.303985596,0.00550718838349,0.000420103460783,103.401268005,39.1122932434,0.974557995796,0.000232830643654,0.000465661287308,5,524.495495483,7.69203253471,1.02081965867,73.9285886535,9.72021478416,128.295781906,142.851611599,5150.00568703,0.00791624188423,2459.44457129,2450.80702007,35,70.0334785506,26.4366299234,46.1496056232,0.00542182013175,0.0054878910305,-6.60708987521e-05,0.000100044417195,3174.04665261,13216,26.4320012555,2650.42533468,524.495495483,15040,-2.38976781475e-06,2.38976781475e-06,1.4126418829,0,0,0,0,2.25996818481e-10,1.47763801195e-10
30.1440014318,2500.09167939,-0.485446889797,0.0647209435701,-490.312744141,0.00393213145435,0.00029724027263,103.401092529,39.1123161316,0.974557876587,0.000232830643654,0.000465661287308,5,524.495495483,17.1951158461,3.8396493964,70.8984277849,9.34827598591,129.419873701,148.618521052,5150.00615269,0.00791624188423,2459.44457129,2450.80702007,35,70.0334785506,23.9558248722,44.6610210929,0.00554839799105,0.00564887159271,-0.000100473601661,0.000404725142289,3174.04665261,13216,26.4320012555,2650.42533468,524.495495483,15072,-2.14707324631e-06,2.14707324631e-06,1.41839551926,0,0,0,0,1.01546736297e-10,6.63944177415e-11
30.2080014348,2500.06536953,-0.344571390087,0.0459390804172,-490.318634033,0.00282492954284,0.000207383243833,103.416496277,39.1020011902,0.974567830563,0.000232830643654,0.000465661287308,5,524.495495483,78.7596444357,17.2444118853,74.5101720427,13.6404282743,124.787067762,132.156754262,5150.00568703,0.00791624188423,2464.07766826,2467.26931073,35,70.0334785506,24.7934731306,44.6152444056,0.00580611689283,0.00582895154366,-2.28346508369e-05,-0.00024101609597,3174.04665261,13216,26.4320012555,2650.42533468,524.495495483,15104,-2.24313180297e-06,2.24313180297e-06,1.40949451923,0,0,0,0,4.56277966798e-11,2.9832882692e-11
30.2720014378,2500.04697591,-0.243970021074,0.0325266681612,-490.323028564,0.00204107770696,0.000142964883707,103.492286682,39.0506668091,0.974616825581,0.000232830643654,0.000465661287308,5,524.495495483,106.319236025,22.8749076867,103.015991214,20.6702577032,84.0730353957,99.8581890599,5150.00568703,0.00791624188423,2504.7918316,2499.56757762,35,70.0334785506,31.5198703902,48.9764679514,0.00580310419163,0.00572435965296,7.87445386674e-05,-0.000136424205266,3174.04665261,13216,26.4320012555,2650.42533468,524.495495483,15136,-2.08796518564e-06,2.08796518564e-06,1.40909528732,0,0,0,0,2.05018450133e-11,1.34047477979e-11
30.3360014409,2500.03370456,-0.172136878973,0.0229496993124,-490.326080322,0.00147397315595,0.000101495308627,103.509132385,39.0390625,0.974627673626,0.000232830643654,0.000465661287308,5,524.495495483,110.046961484,22.9270530808,108.822478637,22.0011006005,64.7537162877,84.0840511955,5150.00522137,0.00791624188423,2524.11095425,2515.34115523,35,70.0334785506,35.5566953658,51.3705308549,0.00593134294458,0.0059008016251,3.05413194734e-05,-0.000778527464718,3174.04665261,13216,26.4320012555,2650.42533468,524.495495483,15168,-2.08859978557e-06,2.08859978557e-06,1.41265058517,0,0,0,0,9.21205386278e-12,6.02312904413e-12
30.4000014439,2500.02439134,-0.121806166931,0.0162394884974,-490.32824707,0.00106766354293,7.36680885893e-05,103.512397766,39.0366744995,0.974629759789,0.000232830643654,0.000465661287308,5,524.495495483,105.28804053,20.6958744302,105.884017191,20.637726346,59.3893746554,78.5860538599,5150.00661835,0.00791624188423,2529.47537228,2520.83921805,36,70.0304590282,37.8093245672,53.2645972271,0.00614013592748,0.00619002094027,-4.98850127872e-05,0.000329237082042,3174.04665261,13216,26.4320012555,2650.42533468,524.495495483,15200,-2.21163782044e-06,2.21163782044e-06,1.41219627857,0,0,0,0,4.13923496173e-12,2.70636030947e-12
30.464001447,2500.01787208,-0.0873083152442,0.011640152894,-490.329650879,0.000784360454418,5.27955889993e-05,103.512306213,39.0370330811,0.974629700184,0.000232830643654,0.000465661287308,5,524.495495483,46.9122936188,7.86935544154,101.05920948,18.4151946455,59.3893746554,78.5860538599,5150.00568703,0.00791624188423,2529.47537228,2520.83921805,36,70.0304590282,39.485970774,54.7135277884,0.00632043969939,0.00630097929388,1.94604055093e-05,-0.00071304384619,3174.04665261,13216,26.4320012555,2650.42533468,524.495495483,15232,-2.1974012725e-06,2.1974012725e-06,1.40916073322,0,0,0,0,1.85987423379e-12,1.21604321664e-12
30.52800145,2500.01321547,-0.0611902066794,0.00815802440047,-490.330841064,0.000570365518797,4.11134060414e-05,103.512214661,39.0372047424,0.974629640579,0.000232830643654,0.000465661287308,5,524.495495483,2.11689932571,-1.46651058241,96.8360771398,16.8096563456,74.2727497709,94.8710148805,5150.00708401,0.00791624188423,2529.47537228,2520.83921805,36,70.0304590282,29.593878935,48.5831478727,0.00672145936131,0.00680302036926,-8.15610079474e-05,0.000181898940355,3174.04665261,13216,26.4320012555,2650.42533468,524.495495483,15264,-2.09001973417e-06,2.09001973417e-06,1.41663265228,0,0,0,0,8.35693656203e-13,5.46402333101e-13
30.592001453,2500.00972301,-0.0434267342087,0.00578975584358,-490.331481934,0.000435990950791,2.84781090159e-05,103.512123108,39.0373687744,0.974629580975,0.000232830643654,0.000465661287308,5,524.495495483,4.76136881745,-0.802327257251,92.8100703578,15.1771920072,99.897653854,107.6831104,5150.00708401,0.00791624188423,2529.47537228,2520.83921805,36,70.0304590282,27.335685445,46.9319820695,0.00667246033426,0.0067193468567,-4.68865224423e-05,0.000265572452918,3174.04665261,13216,26.4320012555,2650.42533468,524.495495483,15296,-2.08257256418e-06,2.08257256418e-06,1.41240537167,0,0,0,0,3.75500574645e-13,2.45513868567e-13
30.6560014561,2500.0073947,-0.0322236957118,0.00429614027962,-490.331848145,0.000326430890709,2.30172918236e-05,103.51184845,39.037525177,0.974629402161,0.000232830643654,0.000465661287308,5,524.495495483,6.04194010117,-0.420271966874,88.9593977938,13.6252173698,112.306392111,115.052956971,5150.00661835,0.00791624188423,2529.47537228,2520.83921805,36,70.0304590282,27.9942833004,46.8621656182,0.00669025232436,0.00668114807922,9.10424513556e-06,-0.000161890056916,3174.04665261,13216,26.4320012555,2650.42533468,524.495495483,15328,-2.25719077207e-06,2.25719077207e-06,1.41173481941,0,0,0,0,1.68722945771e-13,1.10316290337e-13
30.7200014591,2500.00576489,-0.0248884042264,0.00331818149425,-490.33203125,0.000233843282331,2.18963505176e-05,103.511756897,39.037689209,0.974629342556,0.000232830643654,0.000465661287308,5,524.495495483,6.7293163246,-0.0958302204863,85.2754088356,12.3281107625,118.967065646,121.311437397,5150.00615269,0.00791624188423,2529.47537228,2520.83921805,36,70.0304590282,28.8640676445,47.0288032375,0.00644888095702,0.00642467057332,2.42103836978e-05,-0.000371073838323,3174.04665261,13216,26.4320012555,2650.42533468,524.495495483,15360,-2.16299122258e-06,2.16299122258e-06,1.4130449295,0,0,0,0,7.58119492205e-14,4.95682122193e-14
30.7840014622,2500.00413507,-0.0177019732206,0.00236006942578,-490.332183838,0.000164990415215,2.06538388738e-05,103.511665344,39.0378265381,0.974629282951,0.000232830643654,0.000465661287308,5,524.495495483,7.13521207312,0.201248787822,81.7512181521,11.3011050644,122.900193674,127.042090753,5150.00661835,0.00791624188423,2529.47537228,2520.83921805,36,70.0304590282,29.7145797958,47.2419560538,0.0067841008089,0.0068212102633,-3.71094543983e-05,-0.000301952240989,3174.04665261,13216,26.4320012555,2650.42533468,524.495495483,15392,-2.22838821173e-06,2.22838821173e-06,1.41263353825,0,0,0,0,3.40644430252e-14,2.22723908408e-14
30.8480014652,2500.00343658,-0.0116031504405,0.00154695974197,-490.332641602,0.000132126442622,1.55808156705e-05,103.511482239,39.037979126,0.974629223347,0.000232830643654,0.000465661287308,5,524.495495483,7.39567031441,0.477265218775,78.3799184381,10.5085686882,125.424034195,132.36644736,5150.00661835,0.00791624188423,2529.47537228,2520.83921805,36,70.0304590282,30.515178878,47.437435569,0.00681690656701,0.00674663169775,7.02748692571e-05,-0.000227373675443,3174.04665261,13216,26.4320012555,2650.42533468,524.495495483,15424,-2.20930428441e-06,2.20930428441e-06,1.41266179085,0,0,0,0,1.53061106676e-14,1.00076095685e-14
30.9120014682,2500.00273809,-0.00748494599634,0.000997910858132,-490.332855225,0.000113066125778,1.16057453852e-05,103.511390686,39.0381164551,0.974629163742,0.000232830643654,0.000465661287308,5,524.495495483,7.60373274429,0.83000397546,75.1552762717,9.90828503324,127.440158394,139.170777402,5150.00708401,0.00791624188423,2529.47537228,2520.83921805,36,70.0304590282,28.6194917862,46.8697398901,0.00708664280036,0.00707404979039,1.25930099681e-05,-8.91304807737e-05,3174.04665261,13216,26.4320012555,2650.42533468,524.495495483,15456,-2.21790855903e-06,2.21790855903e-06,1.41167354584,0,0,0,0,6.87746241589e-15,4.49669928775e-15
30.9760014713,2500.00227243,-0.00490794604957,0.000654339091852,-490.332977295,9.85909864539e-05,9.67023061094e-06,103.511299133,39.0382537842,0.974629044533,0.000232830643654,0.000465661287308,5,524.495495483,8.33610945766,1.42509021273,72.071380523,9.4768769364,129.421576275,147.9346829,5150.00661835,0.00791624188423,2529.47537228,2520.83921805,36,70.0304590282,23.7972381001,45.0580773759,0.00678564179846,0.00686304701958,-7.74052211217e-05,-0.00034378899727,3174.04665261,13216,26.4320012555,2650.42533468,524.495495483,15488,-2.2090271159e-06,2.2090271159e-06,1.41117084026,0,0,0,0,3.09023665421e-15,2.02049333414e-15
31.0400014743,2500.0020396,-0.00321979820583,0.000429271196481,-490.333099365,8.91980234883e-05,8.36399976833e-06,103.511131287,39.0383720398,0.974628984928,0.000232830643654,0.000465661287308,5,524.495495483,50.5522164595,12.2990412985,69.1228694238,10.0577379153,129.421576275,145.595142385,5150.00661835,0.00791624188423,2529.47537228,2523.8613598,36,70.0304590282,24.1860743699,44.2670825578,0.00635801675197,0.00634827301838,9.74373359774e-06,0.000170985003933,3174.04665261,13216,26.4320012555,2650.42533468,524.495495483,15520,-2.23725510295e-06,2.23725510295e-06,1.41270530224,0,0,0,0,1.38853009901e-15,9.07864206548e-16
31.1040014774,2500.0020396,-0.00210045891791,0.000280038191704,-490.333251953,8.33062294987e-05,7.43527471059e-06,103.556694031,39.0164833069,0.974658310413,0.000232830643654,0.000465661287308,5,524.495495483,100.301346971,21.642347394,95.8615684272,18.7279461507,97.8173775366,110.442764708,5150.00615269,0.00791624188423,2561.07980385,2559.01436321,36,70.0304590282,28.2587279798,47.0803715871,0.00625358534401,0.00623549567536,1.80896686519e-05,-0.000181898940355,3174.04665261,13216,26.4320012555,2650.42533468,524.495495483,15552,-2.13549014916e-06,2.13549014916e-06,1.41003537178,0,0,0,0,6.23905410706e-16,4.07928790997e-16
31.1680014804,2500.00180677,-0.00137193501004,0.000182909658179,-490.333221436,7.93725557742e-05,6.85381382937e-06,103.575584412,39.0073699951,0.974670469761,0.000232830643654,0.000465661287308,5,524.495495483,109.830102861,23.27394191,107.956714203,21.9396911402,70.1710669091,88.7158021214,5150.00615269,0.00791624188423,2588.72634731,2580.74165322,36,70.0304590282,34.3918982253,50.5536263518,0.00625784860042,0.00622458173893,3.32668614877e-05,-0.000170985003933,3174.04665261,13216,26.4320012555,2650.42533468,524.495495483,15584,-2.2341703243e-06,2.2341703243e-06,1.4146630764,0,0,0,0,2.80338153509e-16,1.83293866675e-16
31.2320014834,2500.00180677,-0.000896798468819,0.00011956331582,-490.333282471,7.68389072618e-05,6.46684065941e-06,103.579933167,39.0052146912,0.974673271179,0.000232830643654,0.000465661287308,5,524.495495483,108.368999026,21.8333988448,107.882579699,21.3815984489,60.2182553848,79.780103988,5150.00661835,0.00791624188423,2598.67892601,2589.67769332,36,70.0304590282,37.0106863556,52.5624927832,0.00660648349915,0.00653017195873,7.63115404201e-05,-1.09139364213e-05,3174.04665261,13216,26.4320012555,2650.42533468,524.495495483,15616,-2.15736645259e-06,2.15736645259e-06,1.41265130043,0,0,0,0,1.25963804833e-16,8.23590648695e-17
31.2960014865,2500.00180677,-0.00058632448896,7.81701819506e-05,-490.333312988,7.51409024815e-05,6.22397510597e-06,103.579841614,39.0053291321,0.974673211575,0.000232830643654,0.000465661287308,5,524.495495483,76.4004077869,14.3483217766,102.804516334,19.1975568466,59.3866207055,78.5836455179,5150.00661835,0.00791624188423,2599.51036423,2590.87421,37,70.0349482941,38.8808985008,54.2027810297,0.00666905744517,0.00667387212161,-4.81467643532e-06,-0.000154614099301,3174.04665261,13216,26.4320012555,2650.42533468,524.495495483,15648,-2.09451650335e-06,2.09451650335e-06,1.41208910942,0,0,0,0,5.65990591729e-17,3.70062341908e-17
31.3600014895,2500.00180677,-0.000383067688681,5.10714999109e-05,-490.333343506,7.40397299523e-05,6.06234652878e-06,103.579841614,39.0054855347,0.974673211575,0.000232830643654,0.000465661287308,5,524.495495483,8.994119104,0.123426551656,98.4705960903,17.399243932,60.1573337917,84.5082031447,5150.00568703,0.00791624188423,2599.51036423,2590.87421,37,70.0349482941,35.5916163244,54.7497256775,0.00615054954189,0.00618638296146,-3.58334195649e-05,-0.000598447513767,3174.04665261,13216,26.4320012555,2650.42533468,524.495495483,15680,-2.08879441743e-06,2.08879441743e-06,1.41183423996,0,0,0,0,2.54315488189e-17,1.66279383514e-17
31.4240014926,2500.00180677,-0.000249904652527,3.33178868459e-05,-490.333374023,7.33314300305e-05,5.95356050326e-06,103.579566956,39.0055999756,0.974673032761,0.000232830643654,0.000465661287308,5,524.495495483,3.95831537296,-0.995888946835,94.371890469,15.8286047375,92.1160681173,103.949307231,5150.00661835,0.00791624188423,2599.51036423,2590.87421,37,70.0349482941,27.3916593869,47.121931857,0.00631135957385,0.00629188434687,1.94752269866e-05,0.000227373675443,3174.04665261,13216,26.4320012555,2650.42533468,524.495495483,15712,-2.08791698242e-06,2.08791698242e-06,1.41518485546,0,0,0,0,1.14271055973e-17,7.47139886786e-18
31.4880014956,2500.00180677,-0.000163132063413,2.17491560761e-05,-490.333374023,7.28662053007e-05,5.88353032072e-06,103.579475403,39.0057296753,0.974672973156,0.000232830643654,0.000465661287308,5,524.495495483,5.63655068084,-0.559727041757,90.4533973959,14.2092243589,108.378168079,112.362868094,5150.00615269,0.00791624188423,2599.51036423,2590.87421,37,70.0349482941,27.6783375739,46.8433572678,0.00649610068515,0.00652653397992,-3.04332947731e-05,-0.000472937244922,3174.04665261,13216,26.4320012555,2650.42533468,524.495495483,15744,-2.09768882087e-06,2.09768882087e-06,1.41393589973,0,0,0,0,5.13451933881e-18,3.35710962091e-18
31.5520014986,2500.00180677,-0.000106519119913,1.42013841469e-05,-490.333404541,7.25615827832e-05,5.83807377552e-06,103.579307556,39.0058479309,0.974672913551,0.000232830643654,0.000465661287308,5,524.495495483,6.50431433269,-0.219414384531,86.7047302764,12.8048063907,116.786795843,118.927498988,5150.00615269,0.00791624188423,2599.51036423,2590.87421,37,70.0349482941,28.5201003862,46.9512378913,0.00626064103337,0.00623185769655,2.87833368251e-05,-0.000178260961547,3174.04665261,13216,26.4320012555,2650.42533468,524.495495483,15776,-2.20889000957e-06,2.20889000957e-06,1.41186511517,0,0,0,0,2.30708365621e-18,1.50844346312e-18
31.6160015017,2500.00157394,-6.95341215162e-05,9.27045493881e-06,-490.333282471,7.23632692825e-05,5.80822006668e-06,103.579124451,39.0059623718,0.974672794342,0.000232830643654,0.000465661287308,5,524.495495483,6.99817567672,0.0871727695696,83.1185789399,11.674409026,121.572309581,124.841564684,5150.00615269,0.00791624188423,2599.51036423,2590.87421,37,70.0349482941,29.3857119686,47.1581843158,0.00650211187669,0.00646832631901,3.37855576849e-05,-0.000414729584008,3174.04665261,13216,26.4320012555,2650.42533468,524.495495483,15808,-2.17054139284e-06,2.17054139284e-06,1.41266477108,0,0,0,0,1.03663732271e-18,6.77785900264e-19
31.6800015047,2500.00157394,-4.53906044695e-05,6.05158402323e-06,-490.333282471,7.22338299965e-05,5.78872823098e-06,103.578941345,39.0060691833,0.974672675133,0.000232830643654,0.000465661287308,5,524.495495483,7.30559105051,0.371096587002,79.6879408585,10.7950579666,124.551166664,130.318454467,5150.00708401,0.00791624188423,2599.51036423,2590.87421,37,70.0349482941,30.2066891891,47.3642430734,0.00641276112767,0.00643012754153,-1.73664138625e-05,0.000554791768081,3174.04665261,13216,26.4320012555,2650.42533468,524.495495483,15840,-2.16191551772e-06,2.16191551772e-06,1.41266930103,0,0,0,0,4.65790159217e-19,3.04548178454e-19
31.7440015078,2500.00157394,-2.96328100946e-05,3.9507172005e-06,-490.333282471,7.21492469893e-05,5.77602986596e-06,103.578666687,39.0061721802,0.974672496319,0.000232830643654,0.000465661287308,5,524.495495483,7.51863618925,0.659228313281,76.4063701904,10.1229691005,126.615574118,135.876514832,5150.00615269,0.00791624188423,2599.51036423,2590.87421,37,70.0349482941,30.2855150949,47.3486397823,0.00624876786426,0.00628278939985,-3.40215355887e-05,-0.000229192664847,3174.04665261,13216,26.4320012555,2650.42533468,524.495495483,15872,-2.14426449929e-06,2.14426449929e-06,1.41011428833,0,0,0,0,2.09292631127e-19,1.36842039698e-19
31.8080015108,2500.00157394,-1.93455078346e-05,2.57918941315e-06,-490.333282471,7.20940515748e-05,5.76773436478e-06,103.578849792,39.0062980652,0.974672615528,0.000232830643654,0.000465661287308,5,524.495495483,7.73975739992,1.12138486031,73.2677287365,9.62829378581,128.758241772,144.791512867,5150.00661835,0.00791624188423,2599.51036423,2590.87421,37,70.0349482941,25.3367452387,45.7164242107,0.00645130096566,0.00647196429782,-2.06633321564e-05,4.72937244922e-05,3174.04665261,13216,26.4320012555,2650.42533468,524.495495483,15904,-2.09447352972e-06,2.09447352972e-06,1.41460740566,0,0,0,0,9.40410587796e-20,6.14869586446e-20
31.8720015138,2500.00157394,-1.26294443653e-05,1.68378767285e-06,-490.333282471,7.20580210327e-05,5.76231786908e-06,103.578575134,39.0063858032,0.974672436714,0.000232830643654,0.000465661287308,5,524.495495483,26.4322962859,6.3192678609,70.2665228817,9.28765485936,129.418534925,148.617429659,5150.00661835,0.00791624188423,2599.51036423,2590.87421,37,70.0349482941,24.0430254053,44.4588913524,0.00660024759847,0.00661475496599,-1.45073675295e-05,-9.54969436862e-05,3174.04665261,13216,26.4320012555,2650.42533468,524.495495483,15936,-2.22817266149e-06,2.22817266149e-06,1.41283082962,0,0,0,0,4.22552840525e-20,2.76278098411e-20
31.9360015169,2500.00157394,-8.24409811251e-06,1.09912286916e-06,-490.333282471,7.20344978618e-05,5.75878175368e-06,103.571327209,39.0210189819,0.974667727947,0.000232830643654,0.000465661287308,5,524.495495483,88.6952281578,19.2177092579,83.5978712168,15.6870782264,115.202601592,123.95408703,5150.00615269,0.00791624188423,2613.72630484,2615.53726159,37,70.0349482941,25.6408566202,45.2559652331,0.00643031186631,0.00641557562631,1.4736240006e-05,-0.000361978891306,3174.04665261,13216,26.4320012555,2650.42533468,524.495495483,15968,-2.32727279581e-06,2.32727279581e-06,1.41259753704,0,0,0,0,1.89864866263e-20,1.24139485858e-20
32.0000015199,2504.09403816,198.162975721,-26.4195613861,-518.759521484,0.23828600347,-0.00629920838401,103.561408997,39.0409545898,0.97466135025,0.000232830643654,0.000465661287308,6,523.621449247,108.14552609,23.1828760844,105.411859288,21.3222106389,78.2508723205,95.2765331022,5150.00615269,0.00791624188423,2650.67839064,2644.21431348,37,70.0349482941,32.8188689309,49.6598840982,0.00662710378241,0.00657928467263,4.7819109783e-05,-0.000525687937625,3178.13902637,15978,31.9560015178,3174.04669799,523.621391039,16000,-2.19462026507e-06,2.19462026507e-06,1.41359305382,0,0,0.00970694888383,0.00606684293598,0.00880772713572,0.00551039958373
32.064001523,2524.50304106,415.225949837,-55.3589172363,-557.706054688,1.3459687233,-0.0126249864697,103.559051514,39.0454521179,0.974659860134,0.000232830643654,0.000465661287308,6,523.621449247,109.704050032,22.6049312995,108.767879428,21.8636100652,62.6840192126,82.2134607006,5150.00615269,0.00791624188423,2666.24498181,2657.27657825,37,70.0349482941,36.1065394827,51.8033921253,0.00629641719319,0.00637555785943,-7.91406662426e-05,-0.000321961124428,3198.54787415,15978,31.9560015178,3174.04669799,523.621391039,16032,-2.20112542593e-06,2.20112542593e-06,1.40994775295,0,0,0.0234199035913,0.014637440443,0.0224858615547,0.0140692684799
32.128001526,2555.67370914,542.808207683,-72.3684844971,-589.999633789,2.80674529076,0.0499703325331,103.558601379,39.0461921692,0.974659562111,0.000232830643654,0.000465661287308,6,523.621449247,98.771785367,19.2640149392,104.68733936,20.0942082155,59.388759837,78.5855008871,5150.00568703,0.00791624188423,2669.54046674,2660.90431251,38,70.0297459844,38.2082034776,53.6177758477,0.00620843268462,0.00624095264357,-3.25199589479e-05,-0.000653017195873,3229.71865842,15978,31.9560015178,3174.04669799,523.621391039,16064,-2.215682116e-06,2.215682116e-06,1.4119874239,0,0,0.036937944591,0.0230862163007,0.0359785035253,0.0225117057562
32.192001529,2592.96433069,612.976611592,-81.7235107422,-617.639465332,4.43357849121,0.162625536323,103.558418274,39.0461463928,0.974659442902,0.000232830643654,0.000465661287308,6,523.621449247,31.1349131794,4.40265818646,100.133630565,18.0318758236,59.388759837,78.5855008871,5150.00615269,0.00791624188423,2669.54046674,2660.90431251,38,70.0297459844,39.7909498133,54.9643555132,0.00651392342843,0.00655745679978,-4.35333713522e-05,-0.000503860064782,3267.00949552,15978,31.9560015178,3174.04669799,523.621391039,16096,-2.23719348469e-06,2.23719348469e-06,1.41080987453,0,0,0.0501498803496,0.0313436761498,0.0491755455732,0.0307685825974
32.2560015321,2633.47569853,647.137465421,-86.2779159546,-642.057922363,6.13729476929,0.304903656244,103.558601379,39.0461235046,0.974659562111,0.000232830643654,0.000465661287308,6,523.621449247,2.88014214419,-1.25849290261,95.9574136979,16.4725699569,81.6685715108,98.8836764009,5150.00754967,0.00791624188423,2669.54046674,2660.90431251,38,70.0297459844,28.198444852,47.603436542,0.00691190552016,0.00682666723151,8.52382886496e-05,0.000623913365416,3307.52061961,15978,31.9560015178,3174.04669799,523.621391039,16128,-2.14980923374e-06,2.14980923374e-06,1.41271269321,0,0,0.0629470422864,0.0393419004977,0.0619693621993,0.0387723445892
32.3200015351,2675.33049919,657.145690639,-87.6122360229,-663.914978027,7.85721540451,0.464510679245,103.558601379,39.0460968018,0.974659562111,0.000232830643654,0.000465661287308,6,523.621449247,5.11282833436,-0.711335938802,91.9698622212,14.8280535426,103.303296783,109.438333311,5150.00708401,0.00791624188423,2669.54046674,2660.90431251,38,70.0297459844,27.4225822068,46.8791367894,0.00718910245223,0.00716681824997,2.22842022612e-05,-0.000181898940355,3349.37558807,15978,31.9560015178,3174.04669799,523.621391039,16160,-2.25072903959e-06,2.25072903959e-06,1.41234314442,0,0,0.0752242729068,0.0470151752234,0.0742556229234,0.0464575365186
32.3840015382,2717.21673198,649.534107652,-86.597442627,-683.438354492,9.54688644409,0.634099066257,103.558509827,39.0460662842,0.974659502506,0.000232830643654,0.000465661287308,6,523.621449247,6.224519482,-0.347713415086,88.1555720386,13.324009781,114.075584861,116.45261111,5150.00708401,0.00791624188423,2669.54046674,2660.90431251,38,70.0297459844,28.1773700408,46.8875878141,0.0072294044362,0.00723775883671,-8.35440050473e-06,-0.000252839527093,3391.26174174,15978,31.9560015178,3174.04669799,523.621391039,16192,-2.27964505939e-06,2.27964505939e-06,1.4126919508,0,0,0.0868807211518,0.0543004497886,0.08593403548,0.0537612736225
32.4480015412,2758.14998895,628.318637609,-83.7689437866,-700.680786133,11.1686153412,0.80905854702,103.558418274,39.0460319519,0.974659442902,0.000232830643654,0.000465661287308,6,523.621449247,6.83372385217,-0.0302126939538,84.5064565488,12.086253444,119.978773,122.577199363,5150.00708401,0.00791624188423,2669.54046674,2660.90431251,38,70.0297459844,29.0499046969,47.0740196761,0.00723380980117,0.00729050952941,-5.66997282458e-05,-0.000305590219796,3432.1950468,15978,31.9560015178,3174.04669799,523.621391039,16224,-2.27780901696e-06,2.27780901696e-06,1.41275012493,0,0,0.0978206694126,0.0611379146576,0.0969092026353,0.0606237761676
32.5120015442,2797.35564254,596.262514591,-79.4951400757,-715.63079834,12.691195488,0.986233830452,103.558509827,39.0460128784,0.974659502506,0.000232830643654,0.000465661287308,6,523.621449247,7.20047026859,0.262057541362,81.0155937966,11.1131758181,123.53254715,128.215091536,5150.00708401,0.00791624188423,2669.54046674,2660.90431251,38,70.0297459844,29.890497899,47.2864339827,0.00725026597093,0.0071831891546,6.70768163236e-05,-0.000198269844986,3471.4005867,15978,31.9560015178,3174.04669799,523.621391039,16256,-2.29418719755e-06,2.29418719755e-06,1.41562223434,0,0,0.107954360545,0.0674714744091,0.107091411948,0.0669888705015
32.5760015473,2834.21087079,555.465754587,-74.056022644,-728.262939453,14.0893526077,1.16316139698,103.558509827,39.0459938049,0.974659502506,0.000232830643654,0.000465661287308,6,523.621449247,7.43946724485,0.534118784068,77.6763108712,10.3649198104,125.848426251,133.463152451,5150.00708401,0.00791624188423,2669.54046674,2660.90431251,38,70.0297459844,30.6732035824,47.4730913993,0.00716233630738,0.00722684490029,-6.45085929118e-05,-0.000241925590672,3508.25603982,15978,31.9560015178,3174.04669799,523.621391039,16288,-2.22093558477e-06,2.22093558477e-06,1.41108989716,0,0,0.117198683321,0.0732491761446,0.116397276521,0.0728043913841
32.6400015503,2868.22230555,507.902295794,-67.7147445679,-738.598632812,15.3440675735,1.33755469322,103.558509827,39.0459671021,0.974659502506,0.000232830643654,0.000465661287308,6,523.621449247,7.65190442352,0.933960797695,74.4822132045,9.80262541924,127.906940179,141.17610408,5150.00661835,0.00791624188423,2669.54046674,2660.90431251,38,70.0297459844,27.4305220955,46.4963522973,0.00701921168411,0.00698673829902,3.2473385092e-05,-0.000467480276711,3542.26737909,15978,31.9560015178,3174.04669799,523.621391039,16320,-2.32292427427e-06,2.32292427427e-06,1.41493058205,0,0,0.125477924943,0.0784237086773,0.124750517309,0.0780226886272
32.7040015534,2899.01974611,455.478351796,-60.7254638672,-746.710327148,16.443113327,1.50706994534,103.558784485,39.0459632874,0.97465968132,0.000232830643654,0.000465661287308,6,523.621449247,11.8336277244,2.40030897511,71.4277559077,9.40392447524,129.422478494,148.618462845,5150.00661835,0.00791624188423,2669.54046674,2660.90431251,38,70.0297459844,23.7613203353,44.8587888968,0.00686130866012,0.0067739165388,8.73921213174e-05,-0.000254658516496,3573.06468118,15978,31.9560015178,3174.04669799,523.621391039,16352,-2.20365859604e-06,2.20365859604e-06,1.41260325909,0,0,0.132724359632,0.0829527303576,0.132082492113,0.082600928843
32.7680015564,2926.354995,400.139892008,-53.3476066589,-752.735839844,17.381652832,1.66909480095,103.558784485,39.0459365845,0.97465968132,0.000232830643654,0.000465661287308,6,523.621449247,67.0551679389,15.2062010415,68.5076944097,11.8832332372,129.422478494,138.863862958,5150.00801533,0.00791624188423,2669.54046674,2670.65875232,38,70.0297459844,24.3906524702,44.3358694611,0.00699710585306,0.00704130798113,-4.42021280689e-05,0.000874933903106,3600.40016773,15978,31.9560015178,3174.04669799,523.621391039,16384,-2.26374913836e-06,2.26374913836e-06,1.41263258457,0,0,0.138878673315,0.0867991745472,0.138332769275,0.0865015089512
32.8320015594,2950.10209084,343.678460922,-45.8200340271,-756.852233887,18.1621646881,1.82073831558,103.464195251,39.1325492859,0.974598646164,0.000232830643654,0.000465661287308,6,523.621449247,104.0974423,22.4363688775,100.278471558,19.9174273453,89.8099169717,104.301107058,5150.00708401,0.00791624188423,2709.15287547,2705.22153005,38,70.0297459844,30.0742885884,48.1792594655,0.00728305667164,0.00732870830689,-4.56516352498e-05,-0.00034378899727,3624.14698782,15978,31.9560015178,3174.04669799,523.621391039,16416,-2.29181250688e-06,2.29181250688e-06,1.41220426559,0,0,0.14389449358,0.0899340584874,0.143452972174,0.0896943956614
32.8960015625,2970.2433385,287.666160148,-38.3523406982,-759.260437012,18.7936306,1.95890808105,103.43964386,39.1552886963,0.974582791328,0.000232830643654,0.000465661287308,6,523.621449247,110.096660388,23.1288775108,108.599349967,22.0299292611,66.9322253088,85.9807623783,5150.00661835,0.00791624188423,2732.03128017,2723.54227491,38,70.0297459844,35.0578484358,51.0029349243,0.00716226440656,0.00725049176253,-8.82273559766e-05,-0.000731233740225,3644.28812634,15978,31.9560015178,3174.04669799,523.621391039,16448,-2.17828801397e-06,2.17828801397e-06,1.41242361069,0,0,0.147731870413,0.0923324227333,0.147402495146,0.0921543762088
32.9600015655,2986.84532754,233.146245591,-31.0836143494,-760.132202148,19.289691925,2.08044552803,103.433662415,39.1606025696,0.974578917027,0.000232830643654,0.000465661287308,6,523.621449247,107.279856879,21.332260292,107.011307,21.0197614931,59.5120363869,78.9320110925,5150.00754967,0.00791624188423,2739.45205845,2730.59075698,38,70.0297459844,37.4577321054,52.9535282112,0.00721126343362,0.00716136128176,4.99021518552e-05,0.000289219315164,3660.89017709,15978,31.9560015178,3174.04669799,523.621391039,16480,-2.18425498133e-06,2.18425498133e-06,1.41702461243,0,0,0.150356158614,0.0939726084471,0.150144740939,0.0938588902354
33.0240015686,3000.02703443,180.763658136,-24.0998439789,-759.611816406,19.6664829254,2.182284832,103.434028625,39.1601028442,0.974579155445,0.000232830643654,0.000465661287308,6,523.621449247,60.6237305301,10.8820063277,101.843756309,18.7578588847,59.387046349,78.5842639743,5150.00708401,0.00791624188423,2739.57708851,2730.93837313,39,70.035464887,39.2185575038,54.4901122339,0.00683580377026,0.00684667611495,-1.08723446912e-05,0.000138243194669,3674.07198598,15978,31.9560015178,3174.04669799,523.621391039,16512,-2.22576750275e-06,2.22576750275e-06,1.41678011417,0,0,0.151744678617,0.0948404297233,0.151655003428,0.0947927683592
33.0880015716,3009.93886776,131.179695018,-17.4891910553,-757.86126709,19.9408721924,2.26165342331,103.434516907,39.159866333,0.974579513073,0.000232830643654,0.000465661287308,6,523.621449247,3.32517165957,-1.19890503348,97.5760011647,17.0801289894,66.9209330226,90.3355321498,5150.00754967,0.00791624188423,2739.57708851,2730.93837313,39,70.035464887,31.9390637742,51.0289464728,0.00725303091198,0.00727050064597,-1.74697339927e-05,0.000180079950951,3683.98370171,15978,31.9560015178,3174.04669799,523.621391039,16544,-2.34570120483e-06,2.34570120483e-06,1.41310977936,0,0,0.1518856287,0.0949285253882,0.151959732175,0.0949764102697
33.1520015746,3016.90492779,88.8246431714,-11.8423137665,-755.630126953,20.1315402985,2.31811499596,103.434608459,39.1596336365,0.974579572678,0.000232830643654,0.000465661287308,6,523.621449247,4.42428838014,-0.885024247015,93.5173256851,15.4727668093,96.6313455137,106.087885797,5150.00754967,0.00838190317154,2739.57708851,2730.93837313,39,70.035464887,27.3142068181,47.0006707474,0.00770891513124,0.00773616193328,-2.72468020368e-05,-0.000285581336357,3690.94979237,15978,31.9560015178,3174.04669799,523.621391039,16576,-2.2598128453e-06,2.2598128453e-06,1.41010499001,0,0,0.150777578354,0.0942359939218,0.15151207149,0.0947192460299
33.2160015777,3021.29448391,49.7488254041,-6.63263225555,-752.572753906,20.2541885376,2.35291385651,103.434791565,39.1594047546,0.974579691887,0.000232830643654,0.000465661287308,6,523.621449247,5.87001650234,-0.482556628741,89.6359035265,13.886154929,110.640452476,113.851485366,5150.00754967,0.00838190317154,2739.57708851,2730.93837313,39,70.035464887,27.8461393464,46.848475904,0.00742594859215,0.00749969331082,-7.37447186649e-05,-4.91127138957e-05,3695.33951283,15978,31.9560015178,3174.04669799,523.621391039,16608,-2.29908073379e-06,2.29908073379e-06,1.41265201569,0,0,0.148429498076,0.0927684381604,0.150090709329,0.0938843563199
33.2800015807,3023.20229821,11.0248629426,-1.46986103058,-748.345458984,20.3173885345,2.3649418354,103.435066223,39.1592025757,0.974579870701,0.000232830643654,0.000465661287308,6,523.621449247,6.63286172043,-0.151520527097,85.922732485,12.539755945,118.032417959,120.237171359,5150.00661835,0.00838190317154,2739.57708851,2730.93837313,39,70.035464887,28.7078673864,46.9924416393,0.00731410916555,0.00723048287909,8.36262864512e-05,-0.000711224856786,3697.24725234,15978,31.9560015178,3174.04669799,523.621391039,16640,-2.22709400077e-06,2.22709400077e-06,1.41290068626,0,0,0.14486040175,0.0905377566814,0.147526204586,0.0923520326614
33.3440015838,3022.61626348,-28.2553482975,3.76707053185,-742.821166992,20.3259468079,2.35249686241,103.435523987,39.158996582,0.974580109119,0.000232830643654,0.000465661287308,6,523.621449247,7.07590529397,0.149752799083,82.3703778684,11.4663374401,122.325509437,126.048733364,5150.00754967,0.00838190317154,2739.57708851,2730.93837313,39,70.035464887,29.565890145,47.2041901958,0.00718739807948,0.00722866388969,-4.12658102134e-05,0.000221916707233,3697.33619258,15978,31.9560015178,3174.04669799,523.621391039,16672,-2.24259656534e-06,2.24259656534e-06,1.41499638557,0,0,0.140099525452,0.0875622108579,0.143788531423,0.0900919362903
33.4080015868,3019.48352717,-68.5187696945,9.13508605957,-735.917053223,20.2819023132,2.3140604496,103.435798645,39.1588096619,0.974580287933,0.000232830643654,0.000465661287308,6,523.621449247,7.35641614582,0.429319321397,78.9722326888,10.6352047557,125.043661683,131.441571284,5150.00801533,0.00838190317154,2739.57708851,2730.93837313,39,70.035464887,30.375795177,47.4048647447,0.00739603474298,0.00746513251215,-6.90977691731e-05,0.000451109372079,3697.33619258,15978,31.9560015178,3174.04669799,523.621391039,16704,-2.18012883124e-06,2.18012883124e-06,1.41237950325,0,0,0.134185940027,0.0838662087917,0.138897538185,0.0871097072959
33.4720015898,3013.74262199,-109.723318019,14.628575325,-727.608642578,20.1849441528,2.2487077713,103.43624115,39.1586303711,0.974580585957,0.000232830643654,0.000465661287308,6,523.621449247,7.5643691612,0.747629850031,75.7217485571,10.0026717491,127.058723592,137.581781019,5150.00801533,0.00838190317154,2739.57708851,2730.93837313,39,70.035464887,29.5012832794,47.1266648674,0.00719193844756,0.00717773218639,1.42062611674e-05,0.00073850969784,3697.33619258,15978,31.9560015178,3174.04669799,523.621391039,16736,-2.19628736886e-06,2.19628736886e-06,1.4164686203,0,0,0.127167835832,0.0794799029827,0.13289488852,0.0834274068475
33.5360015929,3005.33999689,-151.678046677,20.2220802307,-717.895019531,20.0332984924,2.15609717369,103.436149597,39.1584320068,0.974580526352,0.000232830643654,0.000465661287308,6,523.621449247,7.78584791465,1.21531972637,72.6131242159,9.54315648646,129.204854602,146.603517351,5150.00754967,0.00838190317154,2739.57708851,2730.93837313,39,70.035464887,24.3940194196,45.2895765193,0.00700267828446,0.00704312697053,-4.04486860672e-05,0.000407453626394,3697.33619258,15978,31.9560015178,3174.04669799,523.621391039,16768,-2.19289745473e-06,2.19289745473e-06,1.41235554218,0,0,0.119103305042,0.0744395703077,0.125835314393,0.0790765658021
33.6000015959,2994.22675744,-194.40005417,25.9178791046,-706.750061035,19.8235912323,2.03647065163,103.436561584,39.1582527161,0.974580824375,0.000232830643654,0.000465661287308,6,523.621449247,38.5151931312,9.54989532093,69.6407415281,9.2607462172,129.417967401,148.519291542,5150.00708401,0.00838190317154,2739.57708851,2731.03476502,39,70.035464887,24.1060206463,44.3210919912,0.00730216860589,0.00732870830689,-2.65397009924e-05,-0.00034378899727,3697.33619258,15978,31.9560015178,3174.04669799,523.621391039,16800,-2.2473232093e-06,2.2473232093e-06,1.41274654865,0,0,0.110057897866,0.0687861964107,0.117782592773,0.0740951299667
33.664001599,2980.35424203,-237.910600845,31.7188091278,-694.146972656,19.5502281189,1.8907661438,103.371925354,39.2072601318,0.974538981915,0.000232830643654,0.000465661287308,6,523.621449247,95.9020673574,20.713540065,91.0234808177,17.4814632062,105.378145236,116.247974802,5150.00754967,0.00838190317154,2763.61661963,2763.30602355,39,70.035464887,26.9106349151,46.1788004031,0.00735066003898,0.00734689820092,3.76183806328e-06,0.000103682396002,3697.33619258,15978,31.9560015178,3174.04669799,523.621391039,16832,-2.19164689952e-06,2.19164689952e-06,1.41001081467,0,0,0.100107379258,0.06256711483,0.108808867633,0.0685265138745
33.728001602,2963.65469694,-282.796070678,37.7030487061,-679.97442627,19.2036113739,1.72086143494,103.329246521,39.2395324707,0.974511265755,0.000232830643654,0.000465661287308,6,523.621449247,109.284096123,23.2976084037,107.049220269,21.7404578653,73.4663844923,91.4281772566,5150.00708401,0.00838190317154,2795.52815482,2788.12553734,39,70.035464887,33.7533092534,50.1681133755,0.00696185105398,0.00687032297719,9.15280767844e-05,0.000114596332423,3697.33619258,15978,31.9560015178,3174.04669799,523.621391039,16864,-2.22384460358e-06,2.22384460358e-06,1.41279494762,0,0,0.0893342718482,0.0558339208364,0.0989944562316,0.0624193623662
33.792001605,2944.02218424,-329.672475345,43.9527206421,-664.098266602,18.7679595947,1.52991700172,103.319099426,39.2470436096,0.974504709244,0.000232830643654,0.000465661287308,6,523.621449247,109.083542549,22.2098305046,108.402825045,21.6329881051,61.1409923295,80.7374453871,5150.00708401,0.00838190317154,2807.85327777,2798.81595634,39,70.035464887,36.6144704458,52.2239315615,0.00745384505507,0.00740510586184,4.87391932369e-05,-0.000420186552219,3697.33619258,15978,31.9560015178,3174.04669799,523.621391039,16896,-2.16441117118e-06,2.16441117118e-06,1.41266107559,0,0,0.0778242200613,0.048640139401,0.0884236246347,0.0558250583708
33.8560016081,2921.29372247,-379.657372832,50.6168289185,-646.289672852,18.2200603485,1.32249093056,103.318336487,39.2474632263,0.974504232407,0.000232830643654,0.000465661287308,6,523.621449247,87.9576114512,16.8878103446,103.631510495,19.5898687163,59.3872719037,78.5843076301,5150.00708401,0.00838190317154,2809.60672535,2800.9689413,40,70.0306991348,38.5841340176,53.9468637726,0.00699338982557,0.00695035851095,4.30313146227e-05,3.45607986674e-05,3697.33619258,15978,31.9560015178,3174.04669799,523.621391039,16928,-2.28272983804e-06,2.28272983804e-06,1.40927493572,0,0,0.0656705647707,0.041044101119,0.0771855115891,0.048798058182
33.9200016111,2895.21412924,-434.68514923,57.9532623291,-626.165588379,17.5250377655,1.10522651672,103.318733215,39.2471389771,0.974504470825,0.000232830643654,0.000465661287308,6,523.621449247,17.5193032267,1.73294461793,99.2214853708,17.6761550926,59.3872719037,80.5232702987,5150.00754967,0.00838190317154,2809.60672535,2800.9689413,40,70.0306991348,38.4114755434,55.1969751541,0.00706635901182,0.00712134351488,-5.49845030617e-05,0.000329237082042,3697.33619258,15978,31.9560015178,3174.04669799,523.621391039,16960,-2.30872365137e-06,2.30872365137e-06,1.41274619102,0,0,0.0529730729759,0.0331081710756,0.0653744116426,0.0413961745799
33.9840016142,2865.35662599,-498.227658682,66.4249038696,-603.053833008,16.6282691956,0.888104379177,103.319099426,39.2468795776,0.974504709244,0.000232830643654,0.000465661287308,6,523.621449247,3.50939775152,-1.10267990219,95.0883897192,16.1238718972,87.7660568221,101.889309008,5150.00708401,0.00838190317154,2809.60672535,2800.9689413,40,70.0306991348,27.6034534181,47.2736064694,0.00680541219211,0.00676118361298,4.42285791324e-05,0.000223735696636,3697.33619258,15978,31.9560015178,3174.04669799,523.621391039,16992,-2.18496506932e-06,2.18496506932e-06,1.41452419758,0,0,0.03983598575,0.0248974915594,0.0530887879431,0.0336799770594
34.0480016172,2830.97708598,-576.991122216,76.9258346558,-575.695495605,15.4395895004,0.686921298504,103.319511414,39.246635437,0.974504947662,0.000232830643654,0.000465661287308,6,523.621449247,5.41573161899,-0.626693808732,91.1387515112,14.4865109165,106.238432636,111.071080028,5150.00708401,0.00838190317154,2809.60672535,2800.9689413,40,70.0306991348,27.5511829386,46.8513790111,0.00657314998265,0.00665204424877,-7.88942661201e-05,0.000332875060849,3697.33619258,15978,31.9560015178,3174.04669799,523.621391039,17024,-2.1937873953e-06,2.1937873953e-06,1.41310489178,0,0,0.0263675153255,0.0164796970785,0.0404299870133,0.0257121063769
34.1120016202,2790.83196074,-676.958065014,90.2536697388,-542.683227539,13.8126144409,0.526737868786,103.319953918,39.2464027405,0.974505245686,0.000232830643654,0.000465661287308,6,523.621449247,6.38507404447,-0.277051362221,87.3604628193,13.0354063764,115.631359222,117.815681733,5150.00615269,0.00838190317154,2809.60672535,2800.9689413,40,70.0306991348,28.363758247,46.9201550004,0.00675344309642,0.00685759005137,-0.000104146954949,-0.000803993316367,3697.33619258,15978,31.9560015178,3174.04669799,523.621391039,17056,-2.18659738493e-06,2.18659738493e-06,1.4100009203,0,0,0.0126785552129,0.00792409759015,0.0275011844933,0.0175566598773
34.1760016233,2743.81856434,-790.695892647,105.41746521,-504.467224121,11.6256389618,0.427246928215,103.320228577,39.2461662292,0.9745054245,0.000232830643654,0.000465661287308,6,523.621449247,6.92737854387,0.0342653473727,83.7458325824,11.8565855417,120.886288641,123.820980662,5150.00661835,0.00838190317154,2809.60672535,2800.9689413,40,70.0306991348,29.2339373118,47.1199600725,0.00679965679595,0.00679210643284,7.55036311251e-06,-0.000272848410532,3697.33619258,15978,31.9560015178,3174.04669799,523.621391039,17088,-2.14608940041e-06,2.14608940041e-06,1.41266524792,0,0,0,0,0.0144585389644,0.00931075029075
34.2400016263,2692.39884801,-785.744166933,104.757293701,-479.914611816,9.0059223175,0.389677405357,103.320228577,39.2459220886,0.9745054245,0.000232830643654,0.000465661287308,6,523.621449247,7.25997710689,0.321918031133,80.2879608199,10.9355049824,124.109166791,129.369800561,5150.00708401,0.00838190317154,2809.60672535,2800.9689413,40,70.0306991348,30.0639803754,47.3295622214,0.00672669116242,0.00677755451761,-5.08633551943e-05,0.000207364792004,3697.33619258,15978,31.9560015178,3174.04669799,523.621391039,17120,-2.13050725506e-06,2.13050725506e-06,1.41615140438,0,0,0,0,0.00634316215292,0.00411941250786
34.3040016294,2645.60757205,-671.084446367,89.4705810547,-472.258056641,6.62492847443,0.354573339224,103.320594788,39.2457084656,0.974505662918,0.000232830643654,0.000465661287308,6,523.621449247,7.48213020159,0.596703362981,76.9802332193,10.2295186801,126.26183161,134.670408443,5150.00661835,0.00838190317154,2809.60672535,2800.9689413,40,70.0306991348,30.6300753437,47.4505541206,0.00688160368967,0.00691579771228,-3.41940226134e-05,-0.000396539689973,3697.33619258,15978,31.9560015178,3174.04669799,523.621391039,17152,-2.13982207242e-06,2.13982207242e-06,1.40925788879,0,0,0,0,0.00282023497857,0.00183830142487
34.3680016324,2607.26269335,-531.238678377,70.8260116577,-472.100891113,4.7601890564,0.298768132925,103.321006775,39.2455062866,0.974505960941,0.000232830643654,0.000465661287308,6,523.621449247,7.70019421548,1.03796133995,73.8165775048,9.7045030451,128.374871565,143.182274769,5150.00661835,0.00838190317154,2809.60672535,2800.9689413,40,70.0306991348,26.2443827523,46.0783194285,0.0069576601841,0.00690306478646,5.45953976472e-05,-0.000383806764148,3697.33619258,15978,31.9560015178,3174.04669799,523.621391039,17184,-2.27060650104e-06,2.27060650104e-06,1.41455686092,0,0,0,0,0.00126126199029,0.000823469541501
34.4320016354,2577.63941772,-401.848985348,53.575466156,-474.826171875,3.38322544098,0.235747680068,103.321006775,39.2452926636,0.974505960941,0.000232830643654,0.000465661287308,6,523.621449247,18.5273486281,4.19717363544,70.791434138,9.33782896128,129.422085593,148.618724779,5150.00754967,0.00838190317154,2809.60672535,2800.9689413,40,70.0306991348,23.9764849539,44.6237063443,0.00684889296665,0.00683667167323,1.22212934217e-05,0.000613908923697,3697.33619258,15978,31.9560015178,3174.04669799,523.621391039,17216,-2.17659817281e-06,2.17659817281e-06,1.40893900394,0,0,0,0,0.000565528112929,0.000369499437511
34.4960016385,2555.56148477,-295.563106192,39.4051780701,-478.170928955,2.39065790176,0.17824703455,103.321907043,39.2419662476,0.974506497383,0.000232830643654,0.000465661287308,6,523.621449247,80.6464668137,17.6087832288,76.0971016371,13.9926358385,123.304649605,130.779779283,5150.00708401,0.00838190317154,2815.72411768,2818.80772673,40,70.0306991348,24.9058648478,44.6993544756,0.00707685153534,0.00710497261025,-2.81210749131e-05,-0.000120053300634,3697.33619258,15978,31.9560015178,3174.04669799,523.621391039,17248,-1.32960967676e-05,1.32960967676e-05,1.41236233711,0,0,0,0,0.000253867852734,0.000165924138855
34.5600016415,2539.47405145,-213.571198401,28.4738235474,-481.214111328,1.68418288231,0.131102070212,103.324302673,39.2303695679,0.974508047104,0.000232830643654,0.000465661287308,6,523.621449247,106.680869717,22.9416935649,103.477008065,20.7970741444,83.024824562,99.0399057628,5150.00754967,0.00838190317154,2856.00475036,2850.54720007,40,70.0306991348,31.7759186146,49.112499255,0.00726443481758,0.00722502591088,3.94089066935e-05,0.00022555468604,3697.33619258,15978,31.9560015178,3174.04669799,523.621391039,17280,-1.34211404657e-05,1.34211404657e-05,1.40890753269,0,0,0,0,0.000114021691843,7.45338038541e-05
34.6240016446,2527.91773528,-152.605090989,20.3456764221,-483.675811768,1.18487298489,0.0946804732084,103.32485199,39.2277679443,0.974508404732,0.000232830643654,0.000465661287308,6,523.621449247,110.010579103,22.8791194582,108.836842609,21.985546345,64.3694511382,83.7429688545,5150.00708401,0.00838190317154,2874.65984002,2865.84394053,40,70.0306991348,35.6516429747,51.4434141223,0.00695884459778,0.00698310032021,-2.42557224306e-05,1.81898940355e-06,3697.33619258,15978,31.9560015178,3174.04669799,523.621391039,17312,-1.40089132401e-05,1.40089132401e-05,1.41245150566,0,0,0,0,5.12234473717e-05,3.34859978466e-05
34.6880016476,2519.69066449,-108.286360046,14.43699646,-485.550506592,0.833123862743,0.0675870105624,103.324943542,39.2271766663,0.974508464336,0.000232830643654,0.000465661287308,6,523.621449247,104.529079298,20.529088277,105.670242317,20.5446663381,59.3879631197,78.585013398,5150.00801533,0.00838190317154,2879.64078598,2871.00160494,41,70.0341406628,37.8774529963,53.3251259185,0.00720766245299,0.0072323018685,-2.46394155079e-05,0.000683940015733,3697.33619258,15978,31.9560015178,3174.04669799,523.621391039,17344,-1.37328743222e-05,1.37328743222e-05,1.41282892227,0,0,0,0,2.30141868087e-05,1.50453779497e-05
34.7520016506,2513.86594027,-76.5152071835,10.2011899948,-486.930236816,0.585683584213,0.0479042008519,103.324943542,39.2270317078,0.974508464336,0.000232830643654,0.000465661287308,6,523.621449247,44.1932764575,7.27189870937,100.905153864,18.3495734136,59.3879631197,78.585013398,5150.00708401,0.00838190317154,2879.64078598,2871.00160494,41,70.0341406628,39.5379283873,54.7567360627,0.0071435643928,0.00710679159965,3.67727931438e-05,-0.000121872290038,3697.33619258,15978,31.9560015178,3174.04669799,523.621391039,17376,-1.40832762554e-05,1.40832762554e-05,1.41270530224,0,0,0,0,1.03405354821e-05,6.76015133649e-06
34.8160016537,2509.75578092,-53.9263346582,7.18958806992,-487.926513672,0.411728441715,0.0338115058839,103.325035095,39.2269668579,0.974508523941,0.000232830643654,0.000465661287308,6,523.621449247,2.25604801711,-1.42669881189,96.6901300998,16.7547659752,75.6211011321,95.6389849307,5150.00754967,0.00838190317154,2879.64078598,2871.00160494,41,70.0341406628,29.2705171887,48.3152143715,0.00733406445297,0.00739055394661,-5.64894936383e-05,6.0026650317e-05,3697.33619258,15978,31.9560015178,3174.04669799,523.621391039,17408,-1.39433259392e-05,1.39433259392e-05,1.41270065308,0,0,0,0,4.64621780338e-06,3.03749493469e-06
34.8800016567,2506.86123036,-37.9508965125,5.05970430374,-488.637115479,0.289492189884,0.0238026510924,103.325126648,39.2269096375,0.974508583546,0.000232830643654,0.000465661287308,6,523.621449247,4.82346360624,-0.786692486022,92.6705252105,15.1188562245,100.499353721,107.984706119,5150.00661835,0.00838190317154,2879.64078598,2871.00160494,41,70.0341406628,27.3461373581,46.9211699965,0.00729239822694,0.00724867277313,4.37254538133e-05,-0.000729414750822,3697.33619258,15978,31.9560015178,3174.04669799,523.621391039,17440,-1.40730671774e-05,1.40730671774e-05,1.41252398491,0,0,0,0,2.08766164178e-06,1.36482628932e-06
34.9440016598,2504.82489355,-26.6864299192,3.55789852142,-489.140411377,0.203601747751,0.0167320482433,103.325309753,39.2268600464,0.974508702755,0.000232830643654,0.000465661287308,6,523.621449247,6.07393583087,-0.408094424885,88.8259102728,13.5744270674,112.616427941,115.287861263,5150.00801533,0.00838190317154,2879.64078598,2871.00160494,41,70.0341406628,28.0242729787,46.8657926831,0.00755029681831,0.00755971996114,-9.4231428216e-06,0.000356521923095,3697.33619258,15978,31.9560015178,3174.04669799,523.621391039,17472,-1.3943022168e-05,1.3943022168e-05,1.41314923763,0,0,0,0,9.38043228871e-07,6.13254314885e-07
35.0080016628,2503.39345075,-18.7559744518,2.50059127808,-489.495849609,0.143256038427,0.011750604026,103.325401306,39.2267951965,0.97450876236,0.000232830643654,0.000465661287308,6,523.621449247,6.74746219294,-0.0848702653117,85.1477958202,12.2871512843,119.142896438,121.522854897,5150.00801533,0.00838190317154,2879.64078598,2871.00160494,41,70.0341406628,28.8949813694,47.0362283522,0.00764717221491,0.0077470758697,-9.99036547933e-05,0.00016916601453,3697.33619258,15978,31.9560015178,3174.04669799,523.621391039,17504,-1.37492525027e-05,1.37492525027e-05,1.41268742085,0,0,0,0,4.21489062319e-07,2.75552395124e-07
35.0720016658,2502.38738954,-13.1816905196,1.75741446018,-489.745727539,0.100840903819,0.00824978854507,103.325401306,39.2267341614,0.97450876236,0.000232830643654,0.000465661287308,6,523.621449247,7.14647215278,0.211395137176,81.6291646752,11.2692018106,123.009303934,127.237814013,5150.00754967,0.00838190317154,2879.64078598,2871.00160494,41,70.0341406628,29.743905543,47.2494175483,0.00761591543996,0.00755426299293,6.16524470365e-05,-0.000103682396002,3697.33619258,15978,31.9560015178,3174.04669799,523.621391039,17536,-1.39786561704e-05,1.39786561704e-05,1.41103029251,0,0,0,0,1.89386838656e-07,1.23813421737e-07
35.1360016689,2501.68051571,-9.26470875129,1.23519313335,-489.921325684,0.0710383281112,0.00578831927851,103.325401306,39.2266731262,0.97450876236,0.000232830643654,0.000465661287308,6,523.621449247,7.40317138797,0.486714551412,78.263285328,10.4841642189,125.496721012,132.54872465,5150.00754967,0.00838190317154,2879.64078598,2871.00160494,41,70.0341406628,30.5426547129,47.443791118,0.00777688179132,0.00779073161539,-1.38498240654e-05,-0.000340151018463,3697.33619258,15978,31.9560015178,3174.04669799,523.621391039,17568,-1.39033672895e-05,1.39033672895e-05,1.41476166248,0,0,0,0,8.50968220334e-08,5.56328352275e-08
35.2000016719,2501.18342228,-6.51274785923,0.868295133114,-490.044494629,0.0500866062939,0.00406041927636,103.325401306,39.2266235352,0.97450876236,0.000232830643654,0.000465661287308,6,523.621449247,7.61168292088,0.847034010463,75.0436826378,9.89023667657,127.517196233,139.499286888,5150.00801533,0.00838190317154,2879.64078598,2871.00160494,41,70.0341406628,28.4271554847,46.8117796117,0.00771719620152,0.00773979991209,-2.26037105699e-05,0.000176441972144,3697.33619258,15978,31.9560015178,3174.04669799,523.621391039,17600,-1.41155724123e-05,1.41155724123e-05,1.41479420662,0,0,0,0,3.8236379396e-08,2.49973890476e-08
35.264001675,2500.83417632,-4.57925580122,0.610517323017,-490.13104248,0.0353467389941,0.00284901238047,103.325584412,39.2265739441,0.974508881569,0.000232830643654,0.000465661287308,6,523.621449247,8.69239786222,1.53114365027,71.9646652193,9.46431029195,129.420208395,148.137987708,5150.00754967,0.00884756445885,2879.64078598,2871.00160494,41,70.0341406628,23.7293752434,45.0353836641,0.00775298845956,0.00784166331869,-8.86748591222e-05,-0.000391082721762,3697.33619258,15978,31.9560015178,3174.04669799,523.621391039,17632,-1.38684563353e-05,1.38684563353e-05,1.41263723373,0,0,0,0,1.71806746607e-08,1.1232025976e-08
35.328001678,2500.58853999,-3.22061828228,0.429380536079,-490.191711426,0.0249756537378,0.00199878099374,103.325843811,39.2265396118,0.974509060383,0.000232830643654,0.000465661287308,6,523.621449247,53.1548239178,12.8154896408,69.0208932787,10.3173570069,129.420208395,144.646081026,5150.008481,0.00884756445885,2879.64078598,2874.96997043,41,70.0341406628,24.2076748691,44.2649215984,0.00790950259455,0.00797081156634,-6.13089717882e-05,0.000411091605201,3697.33619258,15978,31.9560015178,3174.04669799,523.621391039,17664,-1.38792520374e-05,1.38792520374e-05,1.41315281391,0,0,0,0,7.71975905423e-09,5.04686470393e-09
35.392001681,2500.41577965,-2.2663098207,0.302149832249,-490.234222412,0.017672508955,0.00140228855889,103.380439758,39.174697876,0.974544465542,0.000232830643654,0.000465661287308,6,523.621449247,101.035462413,21.7969120848,96.6956090652,18.948655798,96.3981365203,109.354936285,5150.00801533,0.00884756445885,2912.66315617,2910.26197374,41,70.0341406628,28.5528676613,47.2667925351,0.00796660946933,0.00797444954515,-7.84007581078e-06,-5.82076609135e-05,3697.33619258,15978,31.9560015178,3174.04669799,523.621391039,17696,-1.38188470373e-05,1.38188470373e-05,1.41258955002,0,0,0,0,3.46870487888e-09,2.26769802936e-09
35.4560016841,2500.29400922,-1.5963628357,0.212830916047,-490.26385498,0.0125222811475,0.00098460027948,103.401542664,39.1548919678,0.97455817461,0.000232830643654,0.000465661287308,6,523.621449247,109.901776225,23.2574976889,108.095189926,21.9648134418,69.5797425578,88.2216336322,5150.00801533,0.00884756445885,2939.48152103,2931.39601126,41,70.0341406628,34.5097578247,50.6292999489,0.00787133989932,0.00788350007497,-1.21601756442e-05,3.27418092638e-05,3697.33619258,15978,31.9560015178,3174.04669799,523.621391039,17728,-1.38194645842e-05,1.38194645842e-05,1.41480004787,0,0,0,0,1.5585864821e-09,1.01894004345e-09
35.5200016871,2500.20832755,-1.12494444693,0.149980276823,-490.284667969,0.00889107398689,0.000691841065418,103.406806946,39.1502075195,0.974561572075,0.000232830643654,0.000465661287308,6,523.621449247,108.204769235,21.7530510622,107.755640567,21.3251973343,60.0708153797,79.6160238679,5150.00754967,0.00884756445885,2948.99079017,2940.00213034,41,70.0341406628,37.0876368834,52.6288968103,0.00764922424012,0.00760519469623,4.40295438997e-05,-0.000154614099301,3697.33619258,15978,31.9560015178,3174.04669799,523.621391039,17760,-1.40339652717e-05,1.40339652717e-05,1.41240668297,0,0,0,0,7.0031647148e-10,4.57838350565e-10
35.5840016901,2500.14802441,-0.793140770838,0.105743423104,-490.299346924,0.00633531762287,0.000483766430989,103.407066345,39.1501960754,0.974561750889,0.000232830643654,0.000465661287308,6,523.621449247,73.8822078927,13.7947430056,102.642132398,19.1216094497,59.3868426222,78.583288996,5150.008481,0.00884756445885,2949.67461377,2941.03519991,42,70.0333475834,38.9388478652,54.2520938325,0.00823044464526,0.00818909029476,4.13543504996e-05,0.000192812876776,3697.33619258,15978,31.9560015178,3174.04669799,523.621391039,17792,-1.39896519613e-05,1.39896519613e-05,1.41270434856,0,0,0,0,3.14671788626e-10,2.05719608015e-10
35.6480016932,2500.10518357,-0.559836564662,0.0746387466788,-490.309448242,0.00451511051506,0.000343055202393,103.407066345,39.1503372192,0.974561750889,0.000232830643654,0.000465661287308,6,523.621449247,7.75939798935,-0.150668473124,98.320671673,17.3452691641,60.9207781963,85.4401296237,5150.00801533,0.00884756445885,2949.67461377,2941.03519991,42,70.0333475834,34.9708861904,54.229341913,0.00780561824898,0.00773616193328,6.94563156989e-05,0.000180079950951,3697.33619258,15978,31.9560015178,3174.04669799,523.621391039,17824,-1.41963791975e-05,1.41963791975e-05,1.41382479668,0,0,0,0,1.41390871233e-10,9.24355800236e-11
35.7120016962,2500.07514842,-0.396659203261,0.05288355425,-490.316467285,0.00323299784213,0.000241347152041,103.406669617,39.1504440308,0.974561452866,0.000232830643654,0.000465661287308,6,523.621449247,4.04150610137,-0.976265296048,94.228668262,15.7689239347,92.9221860133,104.327846202,5150.008481,0.00884756445885,2949.67461377,2941.03519991,42,70.0333475834,27.3681635008,47.0978156955,0.00779658014538,0.00782347342465,-2.68932792702e-05,0.000558429746889,3697.33619258,15978,31.9560015178,3174.04669799,523.621391039,17856,-1.39996445796e-05,1.39996445796e-05,1.40847373009,0,0,0,0,6.3530888883e-11,4.15338978488e-11
35.7760016993,2500.053728,-0.282629599724,0.0376808531582,-490.321166992,0.00232924567536,0.000167058999068,103.406578064,39.1505661011,0.974561393261,0.000232830643654,0.000465661287308,6,523.621449247,5.6778727377,-0.54661904733,90.3164379102,14.1542689807,108.778578578,112.615722173,5150.00754967,0.00884756445885,2949.67461377,2941.03519991,42,70.0333475834,27.7054186881,46.8430880574,0.00782480290284,0.00776526576374,5.95371391077e-05,-0.000314685166813,3697.33619258,15978,31.9560015178,3174.04669799,523.621391039,17888,-1.39052644954e-05,1.39052644954e-05,1.41051328182,0,0,0,0,2.8546212269e-11,1.86623459741e-11
35.8400017023,2500.03859401,-0.199066249706,0.0265399888158,-490.324890137,0.00168311083689,0.000116479328426,103.406394958,39.1506767273,0.974561274052,0.000232830643654,0.000465661287308,6,523.621449247,6.52684502145,-0.207978423349,86.573740519,12.759430046,117.005118227,119.148098747,5150.00754967,0.00884756445885,2949.67461377,2941.03519991,42,70.0333475834,28.5514979623,46.9577644253,0.007618987094,0.00761974661145,-7.59517448934e-07,-0.00016916601453,3697.33619258,15978,31.9560015178,3174.04669799,523.621391039,17920,-1.39415151352e-05,1.39415151352e-05,1.41274130344,0,0,0,0,1.28266182398e-11,8.38551623972e-12
35.9040017053,2500.0278838,-0.14135034121,0.0188451651484,-490.327331543,0.00121730181854,8.37783663883e-05,103.406303406,39.1507911682,0.974561214447,0.000232830643654,0.000465661287308,6,523.621449247,7.0116684531,0.0976963185448,82.9931780202,11.6386794693,121.703058539,125.044563902,5150.00661835,0.00884756445885,2949.67461377,2941.03519991,42,70.0333475834,29.4159817713,47.1657840535,0.0075667550975,0.00753789208829,2.88630092049e-05,-0.00101863406599,3697.33619258,15978,31.9560015178,3174.04669799,523.621391039,17952,-1.38600989885e-05,1.38600989885e-05,1.41316449642,0,0,0,0,5.76335940777e-12,3.76784757908e-12
35.9680017084,2500.02043322,-0.0995671456394,0.0132745299488,-490.32925415,0.000889527145773,6.03474691161e-05,103.406211853,39.1509017944,0.974561154842,0.000232830643654,0.000465661287308,6,523.621449247,7.31433413888,0.38088537927,79.5679896049,10.767533124,124.635887914,130.507280119,5150.00708401,0.00884756445885,2949.67461377,2941.03519991,42,70.0333475834,30.2351236314,47.3709951621,0.00732086467836,0.00724139681552,7.94678628457e-05,-0.0002564775059,3697.33619258,15978,31.9560015178,3174.04669799,523.621391039,17984,-1.41202590385e-05,1.41202590385e-05,1.41566300392,0,0,0,0,2.58963878987e-12,1.69299958167e-12
36.0320017114,2500.01484528,-0.071531900403,0.00953680370003,-490.330230713,0.000647209701128,4.57304158772e-05,103.406211853,39.1510162354,0.974561154842,0.000232830643654,0.000465661287308,6,523.621449247,7.52608049545,0.673023581842,76.2916415336,10.1021464682,126.687707962,136.142625706,5150.00801533,0.00884756445885,2949.67461377,2941.03519991,42,70.0333475834,30.1811560348,47.318811994,0.0076739688909,0.00763611751609,3.78513748123e-05,0.000280124368146,3697.33619258,15978,31.9560015178,3174.04669799,523.621391039,18016,-1.41518021337e-05,1.41518021337e-05,1.41286814213,0,0,0,0,1.16359710495e-12,7.60712185518e-13
36.0960017145,2500.01111999,-0.0496054397559,0.0066135157831,-490.331359863,0.000484654941829,3.33110256179e-05,103.405937195,39.1511116028,0.974560976028,0.000232830643654,0.000465661287308,6,523.621449247,7.74752628721,1.13757820629,73.1580395559,9.61348025281,128.833518829,145.103884279,5150.00708401,0.00884756445885,2949.67461377,2941.03519991,42,70.0333475834,25.1678102359,45.6440284324,0.00762035844148,0.0076443029684,-2.39445269168e-05,-0.000659383658785,3697.33619258,15978,31.9560015178,3174.04669799,523.621391039,18048,-1.40415031638e-05,1.40415031638e-05,1.41267180443,0,0,0,0,5.22836765202e-13,3.4180929029e-13
36.1600017175,2500.00832602,-0.0361722243269,0.00482256757095,-490.331787109,0.000369428860722,2.43481208599e-05,103.405662537,39.1511917114,0.974560797215,0.000232830643654,0.000465661287308,6,523.621449247,28.2560556255,6.80888035148,70.1617340057,9.277965038,129.419699078,148.61865202,5150.00801533,0.00884756445885,2949.67461377,2941.03519991,42,70.0333475834,24.0526223934,44.4306060672,0.00779762553138,0.00783165887697,-3.40333455862e-05,8.45830072649e-05,3697.33619258,15978,31.9560015178,3174.04669799,523.621391039,18080,-1.41640502989e-05,1.41640502989e-05,1.41337656975,0,0,0,0,2.3492517068e-13,1.53584488335e-13
36.2240017205,2500.00646338,-0.0275776095293,0.0036767127458,-490.33203125,0.000269147974905,2.21812297241e-05,103.434700012,39.1272201538,0.974579632282,0.000232830643654,0.000465661287308,6,523.621449247,90.0641784315,19.4988559957,84.9635033471,16.0070281985,113.53600712,122.62344535,5150.008481,0.00884756445885,2965.55808745,2967.03074127,42,70.0333475834,25.8231721091,45.3921456938,0.00815098170903,0.00818909029476,-3.81085857315e-05,0.000192812876776,3697.33619258,15978,31.9560015178,3174.04669799,523.621391039,18112,-1.38863670145e-05,1.38863670145e-05,1.41264033318,0,0,0,0,1.05558452062e-13,6.90098206444e-14
36.2880017236,2500.00483356,-0.0208278052583,0.00277681276202,-490.332122803,0.000188481615623,2.16050211748e-05,103.469093323,39.0987434387,0.97460180521,0.000232830643654,0.000465661287308,6,523.621449247,108.378242949,23.2144277469,105.732803605,21.4071767206,77.385440818,94.5869760471,5150.00801533,0.00884756445885,3001.709003,2995.0668104,42,70.0333475834,32.9921786033,49.7507571708,0.00781247914972,0.00782529241405,-1.28132643384e-05,9.09494701773e-05,3697.33619258,15978,31.9560015178,3174.04669799,523.621391039,18144,-1.38822488225e-05,1.38822488225e-05,1.41318511963,0,0,0,0,4.74303654349e-14,3.10080432197e-14
36.3520017266,2500.00366941,-0.0138159350627,0.00184197351336,-490.332489014,0.000142470264109,1.78153568413e-05,103.47719574,39.0923042297,0.974607050419,0.000232830643654,0.000465661287308,6,523.621449247,109.619961098,22.5438972362,108.728383998,21.8312526725,62.3922242085,81.9413835416,5150.008481,0.00884756445885,3016.70236513,3007.71207549,42,70.0333475834,36.1938291462,51.8740162079,0.00818935101676,0.00816544343252,2.39075842456e-05,0.000216459739022,3697.33619258,15978,31.9560015178,3174.04669799,523.621391039,18176,-1.41650380101e-05,1.41650380101e-05,1.41332495213,0,0,0,0,2.13117944922e-14,1.39327788808e-14
36.4160017297,2500.00297092,-0.00892830875898,0.00119034352247,-490.332794189,0.000120233919006,1.28929859784e-05,103.478141785,39.0914649963,0.97460770607,0.000232830643654,0.000465661287308,6,523.621449247,97.2460985933,18.9289099143,104.504782869,20.0073633174,59.389272792,78.586039308,5150.00754967,0.00884756445885,3019.70518194,3011.06739789,43,70.0304372003,38.2724138035,53.6739498784,0.0080702782651,0.00809995981399,-2.96815488854e-05,-0.000649379217066,3697.33619258,15978,31.9560015178,3174.04669799,523.621391039,18208,-1.38386567414e-05,1.38386567414e-05,1.41308689117,0,0,0,0,9.57598614255e-15,6.26038959645e-15
36.4800017327,2500.00250526,-0.00583197223847,0.000777532462962,-490.332977295,0.000103861435491,1.03292641143e-05,103.477958679,39.0917129517,0.974607586861,0.000232830643654,0.000465661287308,6,523.621449247,28.6773811075,3.86272967557,99.9810032894,17.9705744044,59.389272792,78.586039308,5150.00801533,0.00931322574615,3019.70518194,3011.06739789,43,70.0304372003,39.8402517021,55.0039803784,0.00839202977942,0.00844920577947,-5.71760000456e-05,-0.000532963895239,3697.33619258,15978,31.9560015178,3174.04669799,523.621391039,18240,-1.40242573252e-05,1.40242573252e-05,1.4094067812,0,0,0,0,4.30275923601e-15,2.81296846574e-15
36.5440017357,2500.0020396,-0.00379257825145,0.000505635573063,-490.333007812,9.24690175452e-05,8.85491590452e-06,103.478141785,39.0918998718,0.97460770607,0.000232830643654,0.000465661287308,6,523.621449247,2.9927722401,-1.22973039427,95.8122430888,16.4149730654,82.759957877,99.4385045487,5150.00941232,0.00931322574615,3019.70518194,3011.06739789,43,70.0304372003,28.0611093331,47.5272572658,0.00897138145717,0.00896397978067,7.40167649393e-06,0.000349245965481,3697.33619258,15978,31.9560015178,3174.04669799,523.621391039,18272,-1.41792406794e-05,1.41792406794e-05,1.41299009323,0,0,0,0,1.93335016101e-15,1.26394542263e-15
36.6080017388,2500.0020396,-0.0024426232148,0.000325656379573,-490.333190918,8.53835445014e-05,7.77171771915e-06,103.478141785,39.0920677185,0.97460770607,0.000232830643654,0.000465661287308,6,523.621449247,5.1663645287,-0.696831192746,91.8310715304,14.7704273519,103.822065284,109.718130261,5150.00941232,0.00977888703346,3019.70518194,3011.06739789,43,70.0304372003,27.4417361652,46.8727957923,0.00874636678361,0.00879117578734,-4.48090037297e-05,0.000522049958818,3697.33619258,15978,31.9560015178,3174.04669799,523.621391039,18304,-1.39588819366e-05,1.39588819366e-05,1.40986514091,0,0,0,0,8.68708520375e-16,5.67926009074e-16
36.6720017418,2500.0020396,-0.00163102520379,0.000217452179641,-490.333312988,8.07880569482e-05,7.05688898961e-06,103.478050232,39.0922279358,0.974607646465,0.000232830643654,0.000465661287308,6,523.621449247,6.25263076805,-0.335797678189,88.0227950251,13.2749096808,114.347982162,116.682465887,5150.008481,0.00977888703346,3019.70518194,3011.06739789,43,70.0304372003,28.2083437924,46.892411774,0.00856915742531,0.0086165528046,-4.73953792879e-05,-0.000234649633057,3697.33619258,15978,31.9560015178,3174.04669799,523.621391039,18336,-1.39822450365e-05,1.39822450365e-05,1.41233551502,0,0,0,0,3.9033501671e-16,2.55185033684e-16
36.7360017449,2500.00180677,-0.00106162911795,0.000141538926982,-490.333251953,7.77355890023e-05,6.60842169964e-06,103.477874756,39.092376709,0.974607527256,0.000232830643654,0.000465661287308,6,523.621449247,6.84995611126,-0.0193723071679,84.3794002197,12.046997902,120.136064652,122.786310385,5150.00801533,0.00977888703346,3019.70518194,3011.06739789,43,70.0304372003,29.080778404,47.0814884466,0.00853185393168,0.00858926796354,-5.74140318621e-05,-0.000673026079312,3697.33619258,15978,31.9560015178,3174.04669799,523.621391039,18368,-1.41871778396e-05,1.41871778396e-05,1.40934431553,0,0,0,0,1.75388428769e-16,1.14661791279e-16
36.8000017479,2500.00180677,-0.000696841973014,9.29046364035e-05,-490.333312988,7.57497618906e-05,6.3094989855e-06,103.477874756,39.0925254822,0.974607527256,0.000232830643654,0.000465661287308,6,523.621449247,7.21069297061,0.272116379144,80.8940384075,11.0827448531,123.631602037,128.409126773,5150.00801533,0.00977888703346,3019.70518194,3011.06739789,43,70.0304372003,29.9196508422,47.293582611,0.00877317556103,0.00873478711583,3.83884452004e-05,-0.000818545231596,3697.33619258,15978,31.9560015178,3174.04669799,523.621391039,18400,-1.34572555908e-05,1.34572555908e-05,1.41790854931,0,0,0,0,7.88069197086e-17,5.15207690906e-17
36.8640017509,2500.00180677,-0.000455656012921,6.07491492701e-05,-490.333343506,7.44289063732e-05,6.1209902924e-06,103.47769928,39.0926589966,0.974607408047,0.000232830643654,0.000465661287308,6,523.621449247,7.44648030228,0.543852497122,77.5599561043,10.3416671691,125.916383695,133.650915814,5150.008481,0.00977888703346,3019.70518194,3011.06739789,43,70.0304372003,30.6890251522,47.4756780022,0.00881938926056,0.0088748492999,-5.54600393388e-05,-0.000492946128361,3697.33619258,15978,31.9560015178,3174.04669799,523.621391039,18432,-1.38902405524e-05,1.38902405524e-05,1.41264081001,0,0,0,0,3.54101627291e-17,2.31497264315e-17
36.928001754,2500.00180677,-0.000297344010525,3.96426148654e-05,-490.333374023,7.35838912078e-05,5.99227587372e-06,103.477470398,39.092792511,0.974607229233,0.000232830643654,0.000465661287308,6,523.621449247,7.65990678946,0.951455558197,74.3710590598,9.7856464863,127.984487335,141.513577546,5150.00801533,0.00977888703346,3019.70518194,3011.06739789,43,70.0304372003,27.229090847,46.4288823423,0.00858235930934,0.00858108251123,1.27679811168e-06,-0.000664840626996,3697.33619258,15978,31.9560015178,3174.04669799,523.621391039,18464,-1.38796804094e-05,1.38796804094e-05,1.41177582741,0,0,0,0,1.59107744147e-17,1.04018185367e-17
36.992001757,2500.00180677,-0.000194034774359,2.58691798081e-05,-490.333374023,7.30324100005e-05,5.90835543335e-06,103.477745056,39.0929412842,0.974607408047,0.000232830643654,0.000465661287308,6,523.621449247,12.7306050477,2.64106734171,71.3215240421,9.3923430191,129.421357997,148.617458763,5150.00801533,0.00977888703346,3019.70518194,3011.06739789,43,70.0304372003,23.8192642428,44.8188147857,0.00824559935608,0.00832096702652,-7.53676704379e-05,-0.000404725142289,3697.33619258,15978,31.9560015178,3174.04669799,523.621391039,18496,-1.37598772199e-05,1.37598772199e-05,1.4124276638,0,0,0,0,7.14915659817e-18,4.67382854128e-18
37.0560017601,2500.00180677,-0.000126699734038,1.68919123098e-05,-490.333374023,7.26700673113e-05,5.85430234423e-06,103.47769928,39.0931015015,0.974607408047,0.000232830643654,0.000465661287308,6,523.621449247,69.8272534217,15.6423986551,68.9011397953,12.2286955577,129.156760522,137.563605676,5150.00801533,0.00977888703346,3019.96967755,3022.12126553,43,70.0304372003,24.4516450039,44.3733406428,0.00802524195709,0.00798445398686,4.07879702236e-05,-6.8212102633e-05,3697.33619258,15978,31.9560015178,3174.04669799,523.621391039,18528,-1.38597088153e-05,1.38597088153e-05,1.4165469408,0,0,0,0,3.21231682457e-18,2.10008294869e-18
37.1200017631,2500.00157394,-8.2717929728e-05,1.10281525849e-05,-490.333282471,7.2433911555e-05,5.81887161388e-06,103.479057312,39.0953216553,0.974608242512,0.000232830643654,0.000465661287308,6,523.621449247,104.601704889,22.53870577,100.887691493,20.0843215396,88.594686531,103.363890958,5150.00754967,0.00977888703346,3060.53203531,3056.32175878,43,70.0304372003,30.3781525872,48.3515759697,0.00781639923619,0.007798007573,1.83916631924e-05,-0.000347426976077,3697.33619258,15978,31.9560015178,3174.04669799,523.621391039,18560,-1.3849808056e-05,1.3849808056e-05,1.41215491295,0,0,0,0,1.44338426038e-18,9.43626136105e-19
37.1840017661,2500.00157394,-5.39961270141e-05,7.19889294487e-06,-490.333282471,7.22799886717e-05,5.79567085879e-06,103.479545593,39.095867157,0.97460860014,0.000232830643654,0.000465661287308,6,523.621449247,110.104790938,23.0936469574,108.664782585,22.0308796565,66.460641392,85.5746184243,5150.00801533,0.00977888703346,3082.66584761,3074.11118411,43,70.0304372003,35.1614689862,51.0769132234,0.00794438219376,0.00800901034381,-6.46281500538e-05,-9.27684595808e-05,3697.33619258,15978,31.9560015178,3174.04669799,523.621391039,18592,-1.41202317536e-05,1.41202317536e-05,1.41311311722,0,0,0,0,6.48552923826e-19,4.23997660099e-19
37.2480017692,2500.00157394,-3.52499557321e-05,4.69960832561e-06,-490.333282471,7.21793985576e-05,5.78055687583e-06,103.480003357,39.0960273743,0.974608898163,0.000232830643654,0.000465661287308,6,523.621449247,107.045140344,21.2361586526,106.830215474,20.9527631951,59.4401644776,78.8228935562,5150.008481,0.00977888703346,3089.68639001,3080.86327277,43,70.0304372003,37.5298186555,53.0168290425,0.00801442039122,0.00803993316367,-2.55127724502e-05,0.000341970007867,3697.33619258,15978,31.9560015178,3174.04669799,523.621391039,18624,-1.37432516567e-05,1.37432516567e-05,1.41263198853,0,0,0,0,2.91412989767e-19,1.90514015635e-19
37.3120017722,2500.00157394,-2.30114659966e-05,3.06794368043e-06,-490.333282471,7.21137112123e-05,5.7706915868e-06,103.47959137,39.0961532593,0.97460860014,0.000232830643654,0.000465661287308,6,523.621449247,57.8871667623,10.2806321902,101.685891786,18.6875808984,59.3864788243,78.5836673458,5150.00708401,0.00977888703346,3089.73994106,3081.10238984,44,70.0348464306,39.2733018089,54.5358925592,0.00790862590694,0.00780528353062,0.000103342376323,-0.000820364220999,3697.33619258,15978,31.9560015178,3174.04669799,523.621391039,18656,-1.40357415148e-05,1.40357415148e-05,1.41129863262,0,0,0,0,1.3094002848e-19,8.56032866189e-20
37.3760017753,2500.00157394,-1.50230088786e-05,2.00290355679e-06,-490.333282471,7.20708703739e-05,5.7642464526e-06,103.47959137,39.0962181091,0.97460860014,0.000232830643654,0.000465661287308,6,523.621449247,2.7899566704,-1.32595266431,97.4275710107,17.0266724524,68.3875550749,91.3084149943,5150.00801533,0.00977888703346,3089.73994106,3081.10238984,44,70.0348464306,31.3888085657,50.4204908793,0.00786852642765,0.00784166331869,2.68631089595e-05,7.45785655454e-05,3697.33619258,15978,31.9560015178,3174.04669799,523.621391039,18688,-1.38378209158e-05,1.38378209158e-05,1.41303133965,0,0,0,0,5.88350176007e-20,3.84639631072e-20
37.4400017783,2500.00157394,-9.80583062665e-06,1.30733678816e-06,-490.333282471,7.2042872489e-05,5.76004185859e-06,103.479454041,39.0962562561,0.974608540535,0.000232830643654,0.000465661287308,6,523.621449247,4.49516608601,-0.867876900441,93.3754878691,15.4134119611,97.3181522568,106.418658106,5150.00708401,0.00977888703346,3089.73994106,3081.10238984,44,70.0348464306,27.3135501629,46.9847473141,0.00779150359509,0.00775798980612,3.35137889662e-05,-0.000773070496507,3697.33619258,15978,31.9560015178,3174.04669799,523.621391039,18720,-1.37072120197e-05,1.37072120197e-05,1.40982401371,0,0,0,0,2.64362303193e-20,1.72829404664e-20
37.5040017813,2500.20390376,39.6225150325,-5.28256845474,-495.715057373,0.010632103309,7.53575586714e-05,103.479240417,39.0963058472,0.974608361721,0.000232830643654,0.000465661287308,7,523.28966558,5.90590445831,-0.469954790825,89.5002478587,13.8332669812,110.98820687,114.09457511,5150.00801533,0.00977888703346,3089.73994106,3081.10238984,44,70.0348464306,27.8753068415,46.8504549644,0.00791653069487,0.00788895704318,2.75736516953e-05,2.72848410532e-05,3697.53855436,18745,37.4900017807,3697.33623828,523.289549164,18752,-1.40740958159e-05,1.40740958159e-05,1.4139289856,0,0,0.00324417138472,0.00202760729007,0.00240773824044,0.00150574510917
37.5680017844,2513.23333941,326.474080794,-43.5263061523,-540.34753418,0.761051893234,-0.017493898049,103.479240417,39.0963630676,0.974608361721,0.000232830643654,0.000465661287308,7,523.28966558,6.65283558917,-0.140309374943,85.7928194762,12.4966777626,118.225965707,120.453434647,5150.008481,0.00977888703346,3089.73994106,3081.10238984,44,70.0348464306,28.739181289,46.9994702144,0.00787031699534,0.00788350007497,-1.31830796279e-05,0.000498403096572,3710.56787395,18745,37.4900017807,3697.33623828,523.289549164,18784,-1.42830485856e-05,1.42830485856e-05,1.41307783127,0,0,0.0170062612742,0.0106289144605,0.0160876512527,0.0100657222793
37.6320017874,2540.0610175,491.887505632,-65.5796203613,-575.555358887,2.09378433228,0.0127659253776,103.479324341,39.0964279175,0.974608421326,0.000232830643654,0.000465661287308,7,523.28966558,7.08808875876,0.160113399424,82.2461928688,11.4326286181,122.443569126,126.248589368,5150.00801533,0.00977888703346,3089.73994106,3081.10238984,44,70.0348464306,29.5957888738,47.2116553283,0.00809387505629,0.00807267497294,2.12000833555e-05,-0.000156433088705,3737.39547069,18745,37.4900017807,3697.33623828,523.289549164,18816,-1.36741064125e-05,1.36741064125e-05,1.41728413105,0,0,0.0306260511279,0.0191412828863,0.0296775512397,0.0185692124069
37.6960017905,2574.92554374,585.454865359,-78.0542449951,-605.125183105,3.65651154518,0.105039134622,103.479240417,39.0964698792,0.974608361721,0.000232830643654,0.000465661287308,7,523.28966558,7.36441759615,0.438965537187,78.8534900305,10.6093279975,125.121194287,131.627646624,5150.008481,0.00977888703346,3089.73994106,3081.10238984,44,70.0348464306,30.4038312606,47.4113294331,0.00803573844965,0.00809450284578,-5.8764396127e-05,0.00028740032576,3772.26028661,18745,37.4900017807,3697.33623828,523.289549164,18848,-1.39159392347e-05,1.39159392347e-05,1.41270411015,0,0,0.0439915172756,0.0274946987629,0.043023083359,0.0269193053246
37.7600017935,2614.20174502,634.565018117,-84.6017227173,-630.931030273,5.33272886276,0.235334321856,103.479057312,39.0965080261,0.974608242512,0.000232830643654,0.000465661287308,7,523.28966558,7.57209547298,0.763604538691,75.6082065211,9.98328295041,127.133593196,137.889932375,5150.00801533,0.00977888703346,3089.73994106,3081.10238984,44,70.0348464306,29.3381453957,47.0799022878,0.00799092451931,0.00803629518487,-4.53706655579e-05,-0.000120053300634,3811.53632873,18745,37.4900017807,3697.33623828,523.289549164,18880,-1.39044295793e-05,1.39044295793e-05,1.41331136227,0,0,0.0569927841425,0.0356204919517,0.0560154952109,0.0350477322936
37.8240017965,2655.60951084,654.817791656,-87.3018722534,-653.934753418,7.05129337311,0.387910932302,103.479148865,39.0965576172,0.974608302116,0.000232830643654,0.000465661287308,7,523.28966558,7.79323316449,1.23025938362,72.5044751597,9.52948654099,129.276420921,146.89170348,5150.008481,0.00977888703346,3089.73994106,3081.10238984,44,70.0348464306,24.25403909,45.2206295449,0.00816527039038,0.00809814082459,6.7129565795e-05,0.000283762346953,3852.94403134,18745,37.4900017807,3697.33623828,523.289549164,18912,-1.40370229929e-05,1.40370229929e-05,1.41258585453,0,0,0.0695230364799,0.0434519015253,0.0685488879681,0.042888045311
37.8880017996,2697.61192612,654.857954942,-87.3072280884,-674.53527832,8.76007938385,0.553458333015,103.479148865,39.0966033936,0.974608302116,0.000232830643654,0.000465661287308,7,523.28966558,40.786656461,10.1200272696,69.5368755794,9.33454652628,129.418476718,148.236998939,5150.00801533,0.00977888703346,3089.73994106,3081.48306794,44,70.0348464306,24.1187008214,44.3050739705,0.00824128425225,0.00829732016427,-5.60359120216e-05,-0.000381078280043,3894.94645628,18745,37.4900017807,3697.33623828,523.289549164,18944,-1.38279920066e-05,1.38279920066e-05,1.41500163078,0,0,0.0814793929458,0.0509246215224,0.0805210769176,0.0503761395812
37.9520018026,2739.09186944,639.641250018,-85.278503418,-692.84552002,10.4177217484,0.726293981075,103.421165466,39.1429977417,0.974570870399,0.000232830643654,0.000465661287308,7,523.28966558,96.8876951469,20.9211730773,92.0852354623,17.7497695344,103.808924905,115.039038064,5150.00754967,0.00977888703346,3115.34968205,3114.68029395,44,70.0348464306,27.1611570497,46.3524047518,0.00827074324306,0.00821819412522,5.25491178349e-05,-0.000767613528296,3936.42633617,18745,37.4900017807,3697.33623828,523.289549164,18976,-1.38391351356e-05,1.38391351356e-05,1.4143961668,0,0,0.0927644968033,0.0579778105021,0.0918349772692,0.0574511699378
38.0160018057,2779.18763459,612.425559666,-81.6500396729,-708.877319336,11.9901390076,0.90271872282,103.386634827,39.1705970764,0.974548518658,0.000232830643654,0.000465661287308,7,523.28966558,109.419847013,23.3010821996,107.261054066,21.7906109083,72.7599763195,90.8520305529,5150.00894666,0.00977888703346,3146.39904536,3138.86674121,44,70.0348464306,33.8887075486,50.2465518366,0.00821429772813,0.00830550561659,-9.12078884641e-05,0.000542058842257,3976.52207096,18745,37.4900017807,3697.33623828,523.289549164,19008,-1.40556294355e-05,1.40556294355e-05,1.41209685802,0,0,0.103288426995,0.0645552650094,0.102400913835,0.0640569627285
38.0800018087,2817.21190549,575.541867875,-76.7326202393,-722.604431152,13.4493551254,1.08002829552,103.378349304,39.1770401001,0.97454315424,0.000232830643654,0.000465661287308,7,523.28966558,108.954750238,22.137968526,108.31405555,21.5869094932,60.9310263826,80.5271483841,5150.008481,0.00977888703346,3158.22777338,3149.19115044,44,70.0348464306,36.6953609046,52.2924419784,0.00826336780946,0.00827822077554,-1.48529660793e-05,0.000103682396002,4014.54643372,18745,37.4900017807,3697.33623828,523.289549164,19040,-1.38640734804e-05,1.38640734804e-05,1.41264045238,0,0,0.112963803113,0.0706023797393,0.112131536007,0.0701388567686
38.1440018117,2852.61287354,531.015568413,-70.7962646484,-734.026367188,14.7733163834,1.25591814518,103.377983093,39.1775245667,0.974542915821,0.000232830643654,0.000465661287308,7,523.28966558,85.8081942735,16.4156487801,103.46195556,19.5093066827,59.3887198193,78.585515439,5150.00801533,0.00977888703346,3159.7702764,3151.13272518,45,70.0297387084,38.644484448,53.9992543054,0.00814268057148,0.0081581674749,-1.54869034263e-05,-0.000241925590672,4049.94727489,18745,37.4900017807,3697.33623828,523.289549164,19072,-1.39162584674e-05,1.39162584674e-05,1.40885841846,0,0,0.121710442007,0.076069034636,0.120946265757,0.0756464526057
38.2080018148,2884.96119902,480.670074467,-64.0840835571,-743.175537109,15.9465522766,1.4280807972,103.377586365,39.1773262024,0.974542617798,0.000232830643654,0.000465661287308,7,523.28966558,15.5564254106,1.37999644579,99.0697956719,17.6193126576,59.3887198193,81.2048092484,5150.00894666,0.00977888703346,3159.7702764,3151.13272518,45,70.0297387084,37.9099728889,55.233907915,0.0086747314193,0.00862564775161,4.90836676859e-05,0.000221916707233,4082.29572292,18745,37.4900017807,3697.33623828,523.289549164,19104,-1.35510990731e-05,1.35510990731e-05,1.41269648075,0,0,0.129456356168,0.0809102281928,0.12877227366,0.0805343016982
38.2720018178,2913.95233944,426.539685577,-56.8672904968,-750.174072266,16.9607200623,1.59404492378,103.377853394,39.177192688,0.974542796612,0.000232830643654,0.000465661287308,7,523.28966558,3.60438899398,-1.07993164339,94.9437391723,16.0649070955,88.686523668,102.328122011,5150.00894666,0.00977888703346,3159.7702764,3151.13272518,45,70.0297387084,27.546146157,47.2379251732,0.0091772982963,0.00915133568924,2.59626070642e-05,-0.000303771230392,4111.2869161,18745,37.4900017807,3697.33623828,523.289549164,19136,-1.36837352329e-05,1.36837352329e-05,1.41001176834,0,0,0.136137783527,0.0850861147046,0.135544866323,0.0847620666027
38.3360018209,2939.40259144,370.354158804,-49.3765029907,-755.162353516,17.8148803711,1.75103974342,103.378166199,39.177066803,0.97454303503,0.000232830643654,0.000465661287308,7,523.28966558,5.46216044885,-0.613031645885,91.0004076344,14.4303707486,106.688326923,111.334622488,5150.00941232,0.0102445483208,3159.7702764,3151.13272518,45,70.0297387084,27.5755483017,46.848821512,0.00935166548366,0.00931686372496,3.48017586971e-05,-3.63797880709e-06,4136.73704452,18745,37.4900017807,3697.33623828,523.289549164,19168,-1.38157429319e-05,1.38157429319e-05,1.41297996044,0,0,0.141699671745,0.0885623022914,0.141207680106,0.0882946848869
38.4000018239,2961.24326997,313.958909828,-41.8577537537,-758.352844238,18.5150508881,1.89604568481,103.378349304,39.176940918,0.97454315424,0.000232830643654,0.000465661287308,7,523.28966558,6.40998896215,-0.265399290234,87.2280666964,12.9884808322,115.872782771,118.040450616,5150.00941232,0.0102445483208,3159.7702764,3151.13272518,45,70.0297387084,28.3951121673,46.9261794933,0.00932780545859,0.00939871824812,-7.09127895293e-05,-8.54925019667e-05,4158.57782542,18745,37.4900017807,3697.33623828,523.289549164,19200,-1.39031099025e-05,1.39031099025e-05,1.4152315855,0,0,0.146096259356,0.0913101658225,0.145713448524,0.0911028310657
38.4640018269,2979.50138338,258.57554283,-34.4739112854,-759.921508789,19.0729351044,2.02584910393,103.378440857,39.1768188477,0.974543213844,0.000232830643654,0.000465661287308,7,523.28966558,6.94209044499,0.0449450530713,83.6191791184,11.8194358855,121.028846479,124.026992125,5150.00941232,0.0107102096081,3159.7702764,3151.13272518,45,70.0297387084,29.2645290756,47.1276725875,0.0093531576234,0.00936051947065,-7.36184724293e-06,-4.72937244922e-05,4176.83605309,18745,37.4900017807,3697.33623828,523.289549164,19232,-1.41633654493e-05,1.41633654493e-05,1.41333937645,0,0,0.149291440845,0.0933071523905,0.149024292827,0.0931631028652
38.52800183,2994.27495338,205.118645681,-27.3469085693,-760.038452148,19.5037212372,2.13732600212,103.378440857,39.1766891479,0.974543213844,0.000232830643654,0.000465661287308,7,523.28966558,7.26942017337,0.331841874771,80.1668156206,10.9068374678,124.200669234,129.561231006,5150.00987798,0.0107102096081,3159.7702764,3151.13272518,45,70.0297387084,30.0927713397,47.3366599181,0.00939195325678,0.00943146005739,-3.95068006087e-05,0.000347426976077,4191.60943017,18745,37.4900017807,3697.33623828,523.289549164,19264,-1.37088118208e-05,1.37088118208e-05,1.40753364563,0,0,0.15125888586,0.0945368036628,0.151112049818,0.0944581627846
38.592001833,3005.70111722,153.954402776,-20.5255699158,-758.819763184,19.8240470886,2.22756934166,103.378715515,39.1765861511,0.974543392658,0.000232830643654,0.000465661287308,7,523.28966558,7.48937490645,0.608408997715,76.8644131643,10.2077126907,126.33203005,134.896210511,5150.00894666,0.0107102096081,3159.7702764,3151.13272518,45,70.0297387084,30.5853027385,47.4365660921,0.00919073465944,0.00921863829717,-2.79036377338e-05,-0.000371073838323,4203.03563718,18745,37.4900017807,3697.33623828,523.289549164,19296,-1.37050765261e-05,1.37050765261e-05,1.41145455837,0,0,0.151982426643,0.0949890166521,0.151958525181,0.0949769690633
38.6560018361,3013.98755983,107.942614704,-14.3911676407,-756.748474121,20.0515422821,2.2945151329,103.379081726,39.176486969,0.974543631077,0.000232830643654,0.000465661287308,7,523.28966558,7.70821031545,1.05499143218,73.7057017033,9.68886363863,128.452549689,143.510784255,5150.00894666,0.0107102096081,3159.7702764,3151.13272518,45,70.0297387084,26.0553315456,46.0063747596,0.0091922836426,0.00910767994355,8.46036990465e-05,-0.000260115484707,4211.32194381,18745,37.4900017807,3697.33623828,523.289549164,19328,-1.39729245348e-05,1.39729245348e-05,1.41336524487,0,0,0.151456132531,0.0946600735188,0.151828363538,0.094901971519
38.7200018391,3019.55989562,67.9147051414,-9.05455112457,-754.144165039,20.2046718597,2.33949279785,103.379348755,39.1763877869,0.974543750286,0.000232830643654,0.000465661287308,7,523.28966558,19.943719787,4.57734507366,70.6853487688,9.32746250967,129.422463942,148.61857926,5150.00894666,0.0107102096081,3159.7702764,3151.13272518,45,70.0297387084,23.9941346081,44.5876175945,0.00890323485769,0.00892214302439,-1.8908166699e-05,-7.45785655454e-05,4216.8944654,18745,37.4900017807,3697.33623828,523.289549164,19360,-1.37416418511e-05,1.37416418511e-05,1.41333603859,0,0,0.149684295058,0.0935526788235,0.150897160172,0.0943604707718
38.7840018421,3022.62650803,29.1845317406,-3.89095163345,-750.48425293,20.2949409485,2.36236476898,103.345787048,39.2002792358,0.974521994591,0.000232830643654,0.000465661287308,7,523.28966558,82.4315108167,17.9585250754,77.669396241,14.3417450037,121.752185805,129.401101731,5150.01034364,0.0107102096081,3167.44088195,3170.35010085,45,70.0297387084,25.0297325692,44.7928250651,0.00922683915383,0.00927684595808,-5.0006804253e-05,0.000967702362686,4219.96090622,18745,37.4900017807,3697.33623828,523.289549164,19392,-1.39156709338e-05,1.39156709338e-05,1.41291773319,0,0,0.146681711078,0.0916760712862,0.148874521255,0.0931606143713
38.8480018452,3023.21068011,-9.79434298642,1.3058052063,-745.573913574,20.3286323547,2.36156511307,103.250160217,39.2687072754,0.974459886551,0.000232830643654,0.000465661287308,7,523.28966558,107.017833415,23.0018614683,103.911736137,20.9162453046,82.0084023871,98.2437704806,5150.00987798,0.0107102096081,3207.18460716,3201.50749758,45,70.0297387084,32.0156395901,49.2388899147,0.0091583428341,0.0091295078164,2.88350177069e-05,0.000649379217066,4220.6331277,18745,37.4900017807,3697.33623828,523.289549164,19424,-1.39100329761e-05,1.39100329761e-05,1.41331863403,0,0,0.142477810383,0.0890486389399,0.145685508847,0.0912418588996
38.9120018482,3021.27795294,-49.5610001963,6.60759115219,-739.324401855,20.3091678619,2.33544278145,103.229042053,39.2840385437,0.974446117878,0.000232830643654,0.000465661287308,7,523.28966558,109.965531459,22.8287008904,108.841420621,21.9668350922,64.0013022348,83.413804532,5150.00987798,0.0107102096081,3225.19242764,3216.33787826,45,70.0297387084,35.7453500328,51.5159845236,0.00900031812967,0.00898398866411,1.63294655575e-05,0.00079489836935,4220.6331277,18745,37.4900017807,3697.33623828,523.289549164,19456,-1.38035038617e-05,1.38035038617e-05,1.41265797615,0,0,0.137103974819,0.0856899917126,0.141333639622,0.0885976701975
38.9760018513,3016.7682562,-90.2672763914,12.0346488953,-731.686157227,20.2371616364,2.28280210495,103.225105286,39.2868881226,0.974443554878,0.000232830643654,0.000465661287308,7,523.28966558,103.635597745,20.332711682,105.463543219,20.4525402448,59.3870099692,78.5842566984,5150.008481,0.0107102096081,3229.80713099,3221.16701864,46,70.0354066794,37.9450357286,53.384945204,0.00880945391635,0.00885302142706,-4.35675107102e-05,-0.000471118255518,4220.6331277,18745,37.4900017807,3697.33623828,523.289549164,19488,-1.40210604513e-05,1.40210604513e-05,1.41214251518,0,0,0.130601525307,0.0816259533167,0.135850027204,0.0852425098419
39.0400018543,3009.62314941,-131.859749672,17.5798568726,-722.637451172,20.1115455627,2.2030069828,103.225868225,39.2864151001,0.97444409132,0.000232830643654,0.000465661287308,7,523.28966558,41.5005224385,6.68020569499,100.750907803,18.2846260652,59.3870099692,78.5842566984,5150.00894666,0.0107102096081,3229.80713099,3221.16701864,46,70.0354066794,39.5895331167,54.7992749489,0.00843248257332,0.00842010194901,1.23806243035e-05,0.000427462509833,4220.6331277,18745,37.4900017807,3697.33623828,523.289549164,19520,-1.38715022331e-05,1.38715022331e-05,1.41615557671,0,0,0.123022735119,0.0768892094493,0.129282191396,0.0812029764056
39.1040018573,2999.79094416,-174.210596015,23.2261734009,-712.17010498,19.9297084808,2.09601545334,103.226234436,39.2861366272,0.974444329739,0.000232830643654,0.000465661287308,7,523.28966558,2.38935127318,-1.3892312127,96.54397064,16.6993518801,76.9128091633,96.3617349043,5150.00941232,0.0107102096081,3229.80713099,3221.16701864,46,70.0354066794,28.9908930426,48.1050738017,0.00926393836642,0.00938052835409,-0.000116589987664,-6.73026079312e-05,4220.6331277,18745,37.4900017807,3697.33623828,523.289549164,19552,-1.38669056469e-05,1.38669056469e-05,1.41050517559,0,0,0.114429570735,0.0715184807777,0.12168892473,0.0765136480331
39.1680018604,2987.22297885,-217.319713556,28.9735832214,-700.260192871,19.6871490479,1.96242034435,103.226417542,39.2858657837,0.974444448948,0.000232830643654,0.000465661287308,7,523.28966558,4.88393045378,-0.771241693673,92.5307749682,15.0606010148,101.085279312,108.282751171,5150.008481,0.0107102096081,3229.80713099,3221.16701864,46,70.0354066794,27.3584118986,46.9112346764,0.00937444197269,0.00941690814216,-4.24661694698e-05,-0.00103500497062,4220.6331277,18745,37.4900017807,3697.33623828,523.289549164,19584,-1.37066454045e-05,1.37066454045e-05,1.41300523281,0,0,0.104892410338,0.0655577555299,0.113138221204,0.0712151229382
39.2320018634,2971.86314128,-261.51095517,34.8652648926,-686.837097168,19.3765563965,1.80357146263,103.2266922,39.2856140137,0.974444627762,0.000232830643654,0.000465661287308,7,523.28966558,6.10519450054,-0.39593991602,88.6921077844,13.5238757372,112.919326057,115.522321721,5150.00987798,0.0107102096081,3229.80713099,3221.16701864,46,70.0354066794,28.0545500573,46.8696416647,0.00945186270918,0.00951149559114,-5.96328819658e-05,0.000267391442321,4220.6331277,18745,37.4900017807,3697.33623828,523.289549164,19616,-1.37052802529e-05,1.37052802529e-05,1.41313612461,0,0,0.0944892317057,0.0590557716787,0.103705577552,0.0653530433774
39.2960018665,2953.62155885,-307.429785607,40.9872741699,-671.770629883,18.9850101471,1.62201833725,103.227058411,39.2853813171,0.97444486618,0.000232830643654,0.000465661287308,7,523.28966558,6.76524502488,-0.0739061613133,85.0198312135,12.2464701492,119.315212942,121.734352433,5150.00941232,0.0107102096081,3229.80713099,3221.16701864,46,70.0354066794,28.9259642159,47.0436389151,0.0092267911922,0.00919862941373,2.81617784648e-05,0.000114596332423,4220.6331277,18745,37.4900017807,3697.33623828,523.289549164,19648,-1.37419237944e-05,1.37419237944e-05,1.41290581226,0,0,0.0833055824041,0.0520659908652,0.0934733226895,0.0589773878455
39.3600018695,2932.36342259,-355.862342985,47.4444198608,-654.889892578,18.4931259155,1.42157506943,103.227592468,39.28515625,0.974445164204,0.000232830643654,0.000465661287308,7,523.28966558,7.15753720911,0.221551300644,81.5066350849,11.237555841,123.116522445,127.433726448,5150.00987798,0.0107102096081,3229.80713099,3221.16701864,46,70.0354066794,29.7732767649,47.2568317491,0.00920290985085,0.009231371223,-2.8461372148e-05,0.000547515810467,4220.6331277,18745,37.4900017807,3697.33623828,523.289549164,19680,-1.38831283039e-05,1.38831283039e-05,1.41269409657,0,0,0.0714333280921,0.0446458347142,0.082529604435,0.052141956985
39.4240018725,2907.88477287,-408.288964536,54.4340591431,-635.897583008,17.8721466064,1.20783245564,103.227958679,39.2849388123,0.974445402622,0.000232830643654,0.000465661287308,7,523.28966558,7.41056625164,0.496175186018,78.146000309,10.4599740006,125.568374642,132.731220219,5150.00941232,0.0107102096081,3229.80713099,3221.16701864,46,70.0354066794,30.5701760226,47.4500993732,0.00950688713863,0.00952422851697,-1.73413783333e-05,-0.000211002770811,4220.6331277,18745,37.4900017807,3697.33623828,523.289549164,19712,-1.38843079185e-05,1.38843079185e-05,1.41661918163,0,0,0.0589701272547,0.0368563309312,0.0709676370025,0.0449037700891
39.4880018756,2879.85173054,-467.325065983,62.3048934937,-614.28125,17.0780296326,0.989007890224,103.228233337,39.2847175598,0.974445581436,0.000232830643654,0.000465661287308,7,523.28966558,7.61966193895,0.86423909722,74.9315469673,9.87239799288,127.594510559,139.831172419,5150.00941232,0.0107102096081,3229.80713099,3221.16701864,46,70.0354066794,28.2315122604,46.7519203085,0.00931160867856,0.0093878043117,-7.61956331363e-05,-7.45785655454e-05,4220.6331277,18745,37.4900017807,3697.33623828,523.289549164,19744,-1.38600889841e-05,1.38600889841e-05,1.41263270378,0,0,0.0460182391107,0.0287614017725,0.0588846877217,0.0373225994408
39.5520018786,2847.69409336,-537.927844562,71.7178268433,-589.100402832,16.0398292542,0.777787923813,103.228675842,39.2845115662,0.974445879459,0.000232830643654,0.000465661287308,7,523.28966558,9.13963947326,1.66023261689,71.8574518279,9.45191578078,129.417967401,148.310151417,5150.00987798,0.0107102096081,3229.80713099,3221.16701864,46,70.0354066794,23.6851246882,45.0073566753,0.00903152905241,0.00903946784092,-7.93878851546e-06,0.000739419192541,4220.6331277,18745,37.4900017807,3697.33623828,523.289549164,19776,-1.37958750202e-05,1.37958750202e-05,1.41161501408,0,0,0.0326845273376,0.0204278305173,0.0463811531663,0.0294603910297
39.6160018817,2810.3988152,-628.788257018,83.8315505981,-558.699584961,14.6374979019,0.594835221767,103.2289505,39.2843132019,0.974446058273,0.000232830643654,0.000465661287308,7,523.28966558,55.8182786565,13.320365683,68.9183677721,10.5994761145,129.417967401,143.616256537,5150.00987798,0.0107102096081,3229.80713099,3226.16612539,46,70.0354066794,24.2312580667,44.2667260359,0.00930577190306,0.00936051947065,-5.47475675905e-05,0.000418367562816,4220.6331277,18745,37.4900017807,3697.33623828,523.289549164,19808,-1.39208823384e-05,1.39208823384e-05,1.40877246857,0,0,0.0190788432956,0.0119242770597,0.0335596911609,0.0213807690889
39.6800018847,2766.68323204,-736.25787627,98.1596603394,-522.936279297,12.7216234207,0.465511709452,103.181892395,39.3027610779,0.974415421486,0.000232830643654,0.000465661287308,7,523.28966558,101.725482439,21.9427822142,97.4877663821,19.1607880811,95.0116518652,108.294341771,5150.00941232,0.0107102096081,3264.21274804,3261.48839667,46,70.0354066794,28.8516966975,47.453406296,0.00933503027656,0.00930776877794,2.72614986141e-05,5.45696821064e-06,4220.6331277,18745,37.4900017807,3697.33623828,523.289549164,19840,-1.34123492899e-05,1.34123492899e-05,1.4127137661,0,0,0.00531333358958,0.00332083390094,0.0205241311342,0.0131484409794
39.7440018877,2716.27632901,-810.675730463,108.081230164,-488.298583984,10.2366552353,0.402674496174,103.165260315,39.3092803955,0.974404573441,0.000232830643654,0.000465661287308,7,523.28966558,109.961048669,23.2384586503,108.219594671,21.9863429192,69.0092492732,87.7442726051,5150.00894666,0.0107102096081,3290.21527432,3282.03826211,46,70.0354066794,34.6239467035,50.7050099259,0.00931723828645,0.00932050170377,-3.26341731416e-06,-0.000472937244922,4220.6331277,18745,37.4900017807,3697.33623828,523.289549164,19872,-1.36433964144e-05,1.36433964144e-05,1.41699504852,0,0,0,0,0.00928967446089,0.00601452263072
39.8080018908,2666.49527475,-731.210398953,97.4867172241,-474.483825684,7.67654657364,0.373767763376,103.161140442,39.3108177185,0.974401831627,0.000232830643654,0.000465661287308,7,523.28966558,108.032643288,21.6720184089,107.620395089,21.2677780697,59.9350569246,79.4619991211,5150.00941232,0.0107102096081,3299.28915016,3290.32028094,46,70.0354066794,37.1630703739,52.6952717337,0.00946169873006,0.009438736015,2.29627150627e-05,-0.000125510268845,4220.6331277,18745,37.4900017807,3697.33623828,523.289549164,19904,-1.36054886752e-05,1.36054886752e-05,1.41250562668,0,0,0,0,0.00411022966728,0.0026755745057
39.8720018938,2624.02533554,-596.665020566,79.5488052368,-471.597381592,5.5638999939,0.326752364635,103.1614151,39.310546875,0.974402010441,0.000232830643654,0.000465661287308,7,523.28966558,71.3105807609,13.2301101656,102.479279673,19.0471288479,59.3872719037,78.5843440099,5150.00987798,0.0107102096081,3299.83676784,3291.19805247,47,70.0306409271,38.995705836,54.3013084098,0.00921283513367,0.00918771547731,2.5119656355e-05,0.000591171556152,4220.6331277,18745,37.4900017807,3697.33623828,523.289549164,19936,-1.37515298775e-05,1.37515298775e-05,1.41153490543,0,0,0,0,0.00183423201088,0.00119685532991
39.9360018969,2590.42531252,-459.696631879,61.287853241,-473.383148193,3.97082138062,0.265052497387,103.161689758,39.310382843,0.974402189255,0.000232830643654,0.000465661287308,7,523.28966558,6.64852722156,-0.406311832636,98.1696705071,17.2921257632,61.8678532192,86.3984096213,5150.00894666,0.0107102096081,3299.83676784,3291.19805247,47,70.0306409271,34.3471292581,53.6311963515,0.0090591909252,0.00900035956874,5.88313564531e-05,-0.000152795109898,4220.6331277,18745,37.4900017807,3697.33623828,523.289549164,19968,-1.39043531817e-05,1.39043531817e-05,1.41273021698,0,0,0,0,0.000821651658043,0.000536706880666
40.0000018999,2565.01510739,-342.021376127,45.599105835,-476.612457275,2.81231570244,0.20391985774,103.16204071,39.3102340698,0.974402427673,0.000232830643654,0.000465661287308,7,523.28966558,4.12249068555,-0.957123366632,94.0844352299,15.7096972707,93.7069271458,104.697093775,5150.008481,0.0107102096081,3299.83676784,3291.19805247,47,70.0306409271,27.3495279544,47.0757695439,0.0088304530077,0.00883846951183,-8.01650412718e-06,-0.00045656634029,4220.6331277,18745,37.4900017807,3697.33623828,523.289549164,20000,-1.39691192089e-05,1.39691192089e-05,1.41255474091,0,0,0,0,0.000368684879504,0.000240941517404
40.0640019029,2546.3278871,-248.938507866,33.18907547,-479.85949707,1.983481884,0.151715159416,103.162406921,39.3101005554,0.974402666092,0.000232830643654,0.000465661287308,7,523.28966558,5.71832542997,-0.533596604511,90.1784309751,14.1000506625,109.170563519,112.86692461,5150.00894666,0.0107102096081,3299.83676784,3291.19805247,47,70.0306409271,27.7329290839,46.8436192023,0.00855930989974,0.00852378434502,3.55255547202e-05,0.000323780113831,4220.6331277,18745,37.4900017807,3697.33623828,523.289549164,20032,-1.3942750229e-05,1.3942750229e-05,1.41247093678,0,0,0,0,0.000165558580193,0.000108218271635
40.128001906,2532.82533959,-178.690635948,23.8234634399,-482.604400635,1.39611959457,0.11039776355,103.162773132,39.3099708557,0.97440290451,0.000232830643654,0.000465661287308,7,523.28966558,6.54907310357,-0.196579043348,86.4417619108,12.7148319633,117.2205084,119.367992738,5150.00894666,0.0107102096081,3299.83676784,3291.19805247,47,70.0306409271,28.5828846245,46.9648002763,0.00876347724943,0.00871114025358,5.23369958483e-05,0.000136424205266,4220.6331277,18745,37.4900017807,3697.33623828,523.289549164,20064,-1.38812511068e-05,1.38812511068e-05,1.41031765938,0,0,0,0,7.43696218706e-05,4.86167700728e-05
40.192001909,2523.1775362,-127.155130031,16.9526252747,-484.744567871,0.981859028339,0.0791787803173,103.162864685,39.3098297119,0.974402964115,0.000232830643654,0.000465661287308,7,523.28966558,7.02510171532,0.10819345811,82.8668834724,11.6036393612,121.833225421,125.247053802,5150.008481,0.0107102096081,3299.83676784,3291.19805247,47,70.0306409271,29.4461697194,47.1737766929,0.00875604497241,0.00873114913702,2.48958353932e-05,-0.000349245965481,4220.6331277,18745,37.4900017807,3697.33623828,523.289549164,20096,-1.38465384225e-05,1.38465384225e-05,1.41306102276,0,0,0,0,3.34122378263e-05,2.18431250687e-05
40.2560019121,2516.33184962,-90.0030281628,11.9994192123,-486.341125488,0.69028621912,0.0562817454338,103.162864685,39.3096847534,0.974402964115,0.000232830643654,0.000465661287308,7,523.28966558,7.3231358258,0.390648506054,79.4471813474,10.7406418783,124.721176689,130.695611006,5150.00894666,0.0107102096081,3299.83676784,3291.19805247,47,70.0306409271,30.2634616673,47.3781365145,0.00862494273224,0.0086165528046,8.38992764152e-06,0.00023101165425,4220.6331277,18745,37.4900017807,3697.33623828,523.289549164,20128,-1.35089530886e-05,1.35089530886e-05,1.41243124008,0,0,0,0,1.50122386913e-05,9.81438643066e-06
40.3200019151,2511.49456017,-63.5009128018,8.46609306335,-487.502563477,0.485261291265,0.0397891253233,103.163230896,39.3095703125,0.974403202534,0.000232830643654,0.000465661287308,7,523.28966558,7.53378117036,0.687220170428,76.1760412231,10.0819107371,126.762330183,136.416478199,5150.008481,0.0107102096081,3299.83676784,3291.19805247,47,70.0306409271,30.0655301544,47.2863976029,0.00882462655727,0.00881482264958,9.80390768568e-06,-0.000432919478044,4220.6331277,18745,37.4900017807,3697.33623828,523.289549164,20160,-1.3837271581e-05,1.3837271581e-05,1.41326475143,0,0,0,0,6.74526108924e-06,4.4098123908e-06
40.3840019181,2508.08498822,-44.7117272415,5.96107435226,-488.335784912,0.341147810221,0.0280434601009,103.163444519,39.3094444275,0.974403381348,0.000232830643654,0.000465661287308,7,523.28966558,7.75544533332,1.15356805962,73.0475226705,9.59913459269,128.910251078,145.412326674,5150.00941232,0.0107102096081,3299.83676784,3291.19805247,47,70.0306409271,25.0034481724,45.5723202322,0.008832037518,0.00885393092176,-2.18934037566e-05,0.000459294824395,4220.6331277,18745,37.4900017807,3697.33623828,523.289549164,20192,-1.38442810567e-05,1.38442810567e-05,1.41228544712,0,0,0,0,3.03080537378e-06,1.98143948182e-06
40.4480019212,2505.68566844,-31.4514909405,4.19318819046,-488.927215576,0.239891707897,0.0197250321507,103.163719177,39.309337616,0.974403560162,0.000232830643654,0.000465661287308,7,523.28966558,30.1581960335,7.31933332858,70.0561320746,9.26866434771,129.422100144,148.61895761,5150.00894666,0.0107102096081,3299.83676784,3291.19805247,47,70.0306409271,24.0622794081,44.4046927441,0.00890054893676,0.0089758032118,-7.52542750337e-05,-0.00012823875295,4220.6331277,18745,37.4900017807,3697.33623828,523.289549164,20224,-1.3733589185e-05,1.3733589185e-05,1.4129281044,0,0,0,0,1.3618206367e-06,8.90314822755e-07
40.5120019242,2503.99834476,-22.1101363422,2.9477763176,-489.345245361,0.168750539422,0.0138578694314,103.181892395,39.2826843262,0.974415421486,0.000232830643654,0.000465661287308,7,523.28966558,91.3627078851,19.766904124,86.2783891239,16.319210199,111.875066068,121.309290989,5150.01034364,0.0107102096081,3317.38451496,3318.50768998,47,70.0306409271,26.0174201685,45.5363697256,0.00933934235503,0.00940235622693,-6.30138718982e-05,0.000842192093842,4220.6331277,18745,37.4900017807,3697.33623828,523.289549164,20256,-1.37119013743e-05,1.37119013743e-05,1.41261208057,0,0,0,0,6.11903772096e-07,4.00043404625e-07
40.5760019273,2502.81277113,-15.5373836606,2.07148122787,-489.640228271,0.118772134185,0.00972709711641,103.200553894,39.2550849915,0.974427580833,0.000232830643654,0.000465661287308,7,523.28966558,108.592911451,23.2408740098,106.03364129,21.4858855747,76.5481454437,93.9174060477,5150.00987798,0.0107102096081,3352.71167569,3345.89928389,47,70.0306409271,33.157368307,49.8387307744,0.00992033893921,0.00987893145066,4.14074885491e-05,-0.000100044417195,4220.6331277,18745,37.4900017807,3697.33623828,523.289549164,20288,-1.36105609272e-05,1.36105609272e-05,1.41082727909,0,0,0,0,2.74945563206e-07,1.79750685447e-07
40.6400019303,2501.97923742,-10.92067032,1.4559699297,-489.847045898,0.0836402103305,0.00682663917542,103.204536438,39.2487716675,0.974430143833,0.000232830643654,0.000465661287308,7,523.28966558,109.528100529,22.4809678757,108.680230631,21.7964652708,62.1146537014,81.6801257315,5150.00987798,0.0107102096081,3367.14508012,3358.13593119,47,70.0306409271,36.2799692084,51.9448039995,0.00940155747697,0.00940599420574,-4.43672876216e-06,0.000372892827727,4220.6331277,18745,37.4900017807,3697.33623828,523.289549164,20320,-1.38688774314e-05,1.38688774314e-05,1.41310727596,0,0,0,0,1.23540729646e-07,8.07670303971e-08
40.7040019333,2501.39343552,-7.67319579609,1.02300882339,-489.992767334,0.0589458458126,0.00479002157226,103.205436707,39.2478904724,0.97443073988,0.000232830643654,0.000465661287308,7,523.28966558,95.6000650257,18.5672157925,104.326584647,19.9221481919,59.3879740336,78.5850861575,5150.00987798,0.0107102096081,3369.87129413,3361.23094894,48,70.0341115589,38.3359001717,53.7299456482,0.00959971718784,0.0095933501143,6.36707353507e-06,0.000185536919162,4220.6331277,18745,37.4900017807,3697.33623828,523.289549164,20352,-1.37245961014e-05,1.37245961014e-05,1.41255450249,0,0,0,0,5.55103305544e-08,3.62908920692e-08
40.7680019364,2500.98179094,-5.39563734492,0.719359278679,-490.094573975,0.0415770299733,0.00336096668616,103.20526886,39.2479667664,0.97443062067,0.000232830643654,0.000465661287308,7,523.28966558,26.2857101554,3.36529473494,99.8297823789,17.9105035549,59.3879740336,78.7098470028,5150.00987798,0.0107102096081,3369.87129413,3361.23094894,48,70.0341115589,39.7727453674,55.0436852791,0.00954612450199,0.00953332346398,1.28010380074e-05,0.000245563569479,4220.6331277,18745,37.4900017807,3697.33623828,523.289549164,20384,-1.3713073713e-05,1.3713073713e-05,1.41139757633,0,0,0,0,2.49423415255e-08,1.63065188019e-08
40.8320019394,2500.69238245,-3.79458538191,0.505903184414,-490.166137695,0.0293563622981,0.0023586221505,103.20526886,39.2480278015,0.97443062067,0.000232830643654,0.000465661287308,7,523.28966558,3.10183354632,-1.2023058101,95.6681931772,16.3575574633,83.8167616166,99.967524875,5150.00987798,0.0107102096081,3369.87129413,3361.23094894,48,70.0341115589,27.9416017293,47.4625121569,0.00962790086545,0.00966610969044,-3.82088249928e-05,0.00011277734302,4220.6331277,18745,37.4900017807,3697.33623828,523.289549164,20416,-1.37216711664e-05,1.37216711664e-05,1.41299259663,0,0,0,0,1.12072946479e-08,7.32697724715e-09
40.8960019425,2500.48888847,-2.66974166152,0.355936348438,-490.216308594,0.0207554083318,0.00165507139172,103.20526886,39.2480888367,0.97443062067,0.000232830643654,0.000465661287308,7,523.28966558,5.21854792033,-0.682566277323,91.6933502633,14.713464973,104.327722511,109.993299702,5150.01034364,0.0107102096081,3369.87129413,3361.23094894,48,70.0341115589,27.4616977549,46.867349738,0.00963088514494,0.00961335899774,1.75261472002e-05,0.00063118932303,4220.6331277,18745,37.4900017807,3697.33623828,523.289549164,20448,-1.37844463097e-05,1.37844463097e-05,1.41206288338,0,0,0,0,5.03575137145e-09,3.29221627737e-09
40.9600019455,2500.3454648,-1.88062028883,0.250728785992,-490.251190186,0.0147027540952,0.0011602351442,103.205436707,39.2481613159,0.97443073988,0.000232830643654,0.000465661287308,7,523.28966558,6.28017254934,-0.324002629147,87.8910288367,13.22657594,114.614864287,116.909992357,5150.00987798,0.0107102096081,3369.87129413,3361.23094894,48,70.0341115589,28.2391629298,46.8976577395,0.0096741714084,0.00973159330897,-5.74219005678e-05,4.72937244922e-05,4220.6331277,18745,37.4900017807,3697.33623828,523.289549164,20480,-1.38798068292e-05,1.38798068292e-05,1.4128010273,0,0,0,0,2.26270424619e-09,1.47928502781e-09
41.0240019485,2500.2444163,-1.32390573526,0.176506280899,-490.275848389,0.0104270307347,0.000815700564999,103.205177307,39.2481956482,0.974430561066,0.000232830643654,0.000465661287308,7,523.28966558,6.86596542114,-0.00862999088873,84.2535012122,12.0084647704,120.291195344,122.993529658,5150.00941232,0.0107102096081,3369.87129413,3361.23094894,48,70.0341115589,29.1113847197,47.0891936857,0.00991565646258,0.00997533788905,-5.96814264675e-05,-0.000662112142891,4220.6331277,18745,37.4900017807,3697.33623828,523.289549164,20512,-1.3812119505e-05,1.3812119505e-05,1.41345703602,0,0,0,0,1.01669650476e-09,6.6468408555e-10
41.0880019516,2500.17340295,-0.933708292905,0.124484218657,-490.293060303,0.00742012541741,0.000570742588025,103.205352783,39.2482566833,0.974430680275,0.000232830643654,0.000465661287308,7,523.28966558,7.220834184,0.282084715342,80.7736183654,11.0529007893,123.72987112,128.601415781,5150.00941232,0.0107102096081,3369.87129413,3361.23094894,48,70.0341115589,29.948520023,47.3008694826,0.0098813514593,0.00995532900561,-7.3977546311e-05,-0.000642103259452,4220.6331277,18745,37.4900017807,3697.33623828,523.289549164,20544,-1.37307551995e-05,1.37307551995e-05,1.41304087639,0,0,0,0,4.56830184792e-10,2.98661179121e-10
41.1520019546,2500.12334436,-0.658046019453,0.08773227036,-490.305267334,0.00528459530324,0.000402913748985,103.20526886,39.2483100891,0.97443062067,0.000232830643654,0.000465661287308,7,523.28966558,7.4535656923,0.55374993135,77.4449344546,10.3189190248,125.985039631,133.841836941,5150.00941232,0.0107102096081,3369.87129413,3361.23094894,48,70.0341115589,30.6968904624,47.4762055092,0.0101615468817,0.0101263140095,3.52328721753e-05,-0.000813088263385,4220.6331277,18745,37.4900017807,3697.33623828,523.289549164,20576,-1.38821424116e-05,1.38821424116e-05,1.41293942928,0,0,0,0,2.0526658151e-10,1.34196848078e-10
41.2160019577,2500.08772127,-0.465603051225,0.0620753131807,-490.313446045,0.00377630279399,0.000284640642349,103.205177307,39.2483558655,0.974430561066,0.000232830643654,0.000465661287308,7,523.28966558,7.66798927061,0.968857499494,74.2609596893,9.76912627022,128.062805743,141.849261126,5150.01034364,0.0107102096081,3369.87129413,3361.23094894,48,70.0341115589,27.0283089776,46.3604665129,0.0103015593278,0.010344592738,-4.30334101686e-05,-0.000100044417195,4220.6331277,18745,37.4900017807,3697.33623828,523.289549164,20608,-1.39117264553e-05,1.39117264553e-05,1.41729140282,0,0,0,0,9.2232020632e-11,6.02984120968e-11
41.2800019607,2500.06280839,-0.33045958503,0.0440576635301,-490.319244385,0.00271376944147,0.000198460213142,103.205436707,39.2484092712,0.97443073988,0.000232830643654,0.000465661287308,7,523.28966558,13.7159636501,2.90540979775,71.2162297535,9.38118457131,129.420324811,148.614417412,5150.00987798,0.0107102096081,3369.87129413,3361.23094894,48,70.0341115589,23.8662269112,44.7790116596,0.0103075460944,0.0103127604234,-5.21432896861e-06,-0.000533873389941,4220.6331277,18745,37.4900017807,3697.33623828,523.289549164,20640,-1.39942840178e-05,1.39942840178e-05,1.41343617439,0,0,0,0,4.14424328188e-11,2.70937682012e-11
41.3440019637,2500.04488043,-0.234054979842,0.0312047693878,-490.323303223,0.00196044635959,0.000137078051921,103.207939148,39.2461471558,0.97443240881,0.000232830643654,0.000465661287308,7,523.28966558,72.325661652,16.0641599639,70.0096927153,12.5788274509,128.430590848,136.235321406,5150.00987798,0.0107102096081,3370.86105719,3373.61032143,48,70.0341115589,24.5222672675,44.4200704806,0.01033730751,0.010423718777,-8.64112670307e-05,-0.000644831743557,4220.6331277,18745,37.4900017807,3697.33623828,523.289549164,20672,-1.38045179483e-05,1.38045179483e-05,1.41266202927,0,0,0,0,1.86212521097e-11,1.21739875125e-11
41.4080019668,2500.03230758,-0.165156237131,0.0220190249383,-490.326324463,0.00141662359238,9.74233189481e-05,103.261116028,39.1893959045,0.974467039108,0.000232830643654,0.000465661287308,7,523.28966558,105.074917565,22.6331849618,101.465180308,20.2426109014,87.4139732332,102.450700069,5150.01034364,0.0111758708954,3411.87813319,3407.39591047,48,70.0341115589,30.6771798932,48.5185810248,0.0103976752208,0.010362782632,3.48925888183e-05,-0.00011823431123,4220.6331277,18745,37.4900017807,3697.33623828,523.289549164,20704,-1.37395736601e-05,1.37395736601e-05,1.41210699081,0,0,0,0,8.36705010832e-12,5.47011394514e-12
41.4720019698,2500.02346002,-0.116614053525,0.0155472643673,-490.328491211,0.00102720782161,7.07536673872e-05,103.2735672,39.1758728027,0.974475085735,0.000232830643654,0.000465661287308,7,523.28966558,110.10410973,23.0555176065,108.719960455,22.0281236929,66.0076038912,85.1818040246,5150.01034364,0.0111758708954,3433.28458257,3424.6656578,48,70.0341115589,35.2633105649,51.1508151249,0.0103665818707,0.0103318598121,3.47220585617e-05,-8.73114913702e-05,4220.6331277,18745,37.4900017807,3697.33623828,523.289549164,20736,-1.34251167765e-05,1.34251167765e-05,1.41284608841,0,0,0,0,3.75955039669e-12,2.45787569984e-12
41.5360019729,2500.01717359,-0.0841283167574,0.0112161878496,-490.329711914,0.000754059175961,5.10359750479e-05,103.276298523,39.1727905273,0.974476873875,0.000232830643654,0.000465661287308,7,523.28966558,106.740838019,21.1214373206,106.614235829,20.881825975,59.3969634792,78.7300305092,5150.00987798,0.0111758708954,3439.89557587,3431.11832626,48,70.0341115589,37.6012030756,53.0797005922,0.0101967586041,0.010164512787,3.22458171276e-05,-0.000385625753552,4220.6331277,18745,37.4900017807,3697.33623828,523.289549164,20768,-1.38201412483e-05,1.38201412483e-05,1.41239202023,0,0,0,0,1.68927176934e-12,1.10439229376e-12
41.6000019759,2500.01251698,-0.0585330965919,0.00780377257615,-490.330841064,0.000550244236365,3.95576571464e-05,103.275978088,39.1731987,0.974476695061,0.000232830643654,0.000465661287308,7,523.28966558,55.1409012702,9.67699285209,101.528935542,18.6180280694,59.3868353462,78.5833763075,5150.01034364,0.0111758708954,3439.90558758,3431.26500957,49,70.0334785506,39.3275586248,54.5811562915,0.010520140814,0.0104937498691,2.63909449849e-05,-0.000249201548286,4220.6331277,18745,37.4900017807,3697.33623828,523.289549164,20800,-1.37985798574e-05,1.37985798574e-05,1.41155993938,0,0,0,0,7.59037038951e-13,4.96234455437e-13
41.6640019789,2500.00949018,-0.0418097592103,0.0055741770193,-490.331573486,0.000421633973019,2.7352156394e-05,103.275978088,39.1733818054,0.974476695061,0.000232830643654,0.000465661287308,7,523.28966558,2.39006155183,-1.41890394438,97.2797927656,16.9727965696,69.8872026987,92.2578765312,5150.01034364,0.0111758708954,3439.90558758,3431.26500957,49,70.0334785506,30.872572097,49.8587287439,0.0102741296026,0.010240910342,3.32192606756e-05,3.63797880709e-06,4220.6331277,18745,37.4900017807,3697.33623828,523.289549164,20832,-1.37940542118e-05,1.37940542118e-05,1.4187091589,0,0,0,0,3.41056610037e-13,2.22972058568e-13
41.728001982,2500.00716187,-0.0311770094186,0.00415659323335,-490.331878662,0.000313840952003,2.27739365073e-05,103.275978088,39.1735534668,0.974476695061,0.000232830643654,0.000465661287308,7,523.28966558,4.5644460655,-0.851049785844,93.2342287139,15.3539939362,97.989475762,106.743253127,5150.00987798,0.0111758708954,3439.90558758,3431.26500957,49,70.0334785506,27.3156165349,46.9699371024,0.0103426827658,0.0103609636426,-1.82808768123e-05,-0.000582076609135,4220.6331277,18745,37.4900017807,3697.33623828,523.289549164,20864,-1.36731005114e-05,1.36731005114e-05,1.41214776039,0,0,0,0,1.5324633923e-13,1.0018758555e-13
41.792001985,2500.00553206,-0.0241288518055,0.00321691622958,-490.33203125,0.000223621784244,2.18506629608e-05,103.275840759,39.1737213135,0.974476575851,0.000232830643654,0.000465661287308,7,523.28966558,5.94112127763,-0.457426487236,89.3651342275,13.780585044,111.329456558,114.336246043,5150.00941232,0.0111758708954,3439.90558758,3431.26500957,49,70.0334785506,27.904741728,46.8528742203,0.010154758423,0.0101608748082,-6.11638517611e-06,-0.000847649062052,4220.6331277,18745,37.4900017807,3697.33623828,523.289549164,20896,-1.37608658406e-05,1.37608658406e-05,1.41391253471,0,0,0,0,6.88578764862e-14,4.50170940293e-14
41.8560019881,2500.00413507,-0.0168785341259,0.00225028651766,-490.332275391,0.000159211544087,2.01756283786e-05,103.27570343,39.1738815308,0.974476516247,0.000232830643654,0.000465661287308,7,523.28966558,6.67251509171,-0.129131027111,85.6636462741,12.453839468,118.41666128,120.669064927,5150.01034364,0.0111758708954,3439.90558758,3431.26500957,49,70.0334785506,28.7704842776,47.0066479465,0.0101159059462,0.0100626493804,5.3256565824e-05,0.000181898940355,4220.6331277,18745,37.4900017807,3697.33623828,523.289549164,20928,-1.38278028317e-05,1.38278028317e-05,1.41465425491,0,0,0,0,3.09397655879e-14,2.0227443242e-14
41.9200019911,2500.00320375,-0.0109285833716,0.00145702483132,-490.332611084,0.000129417414428,1.49390598381e-05,103.275749207,39.1740379333,0.974476516247,0.000232830643654,0.000465661287308,7,523.28966558,7.1001431236,0.170444586034,82.1225938548,11.3991459499,122.560377349,126.447877847,5150.00987798,0.0111758708954,3439.90558758,3431.26500957,49,70.0334785506,29.6256148431,47.2191932204,0.00986403275727,0.0099007593235,-3.67265662327e-05,-0.000121872290038,4220.6331277,18745,37.4900017807,3697.33623828,523.289549164,20960,-1.39057983688e-05,1.39057983688e-05,1.41280591488,0,0,0,0,1.39021035826e-14,9.0887550036e-15
41.9840019941,2500.00273809,-0.00710751990596,0.000947591557633,-490.33291626,0.000111004759674,1.12869565783e-05,103.27570343,39.1741943359,0.974476516247,0.000232830643654,0.000465661287308,7,523.28966558,7.37236456813,0.4485838271,78.7351941863,10.5836352755,125.198203023,131.813183543,5150.00987798,0.0111758708954,3439.90558758,3431.26500957,49,70.0334785506,30.4318127746,47.4178377772,0.00978951814057,0.00978798198048,1.53616008802e-06,-9.09494701773e-06,4220.6331277,18745,37.4900017807,3697.33623828,523.289549164,20992,-1.37820679811e-05,1.37820679811e-05,1.41336250305,0,0,0,0,6.2466058293e-15,4.08383128882e-15
42.0480019972,2500.00227243,-0.00466424188161,0.000621847866569,-490.333007812,9.7157273558e-05,9.48651086219e-06,103.275749207,39.1743354797,0.974476516247,0.000232830643654,0.000465661287308,7,523.28966558,7.57990922479,0.77986363638,75.4950893247,9.96407452536,127.209306811,138.203569804,5150.01034364,0.0111758708954,3439.90558758,3431.26500957,49,70.0334785506,29.1676187771,47.0307095384,0.0101441358091,0.0101517798612,-7.644052058e-06,9.27684595808e-05,4220.6331277,18745,37.4900017807,3697.33623828,523.289549164,21024,-1.39834228321e-05,1.39834228321e-05,1.41286098957,0,0,0,0,2.80677538435e-15,1.83497956616e-15
42.1120020002,2500.0020396,-0.00305299630021,0.000407032755902,-490.333129883,8.83102329681e-05,8.22760830488e-06,103.275474548,39.1744651794,0.974476337433,0.000232830643654,0.000465661287308,7,523.28966558,7.80761727992,1.24684735429,72.3963168664,9.51597407916,129.34638653,147.175087477,5150.01034364,0.0111758708954,3439.90558758,3431.26500957,49,70.0334785506,24.1195048147,45.1537707704,0.0101353677118,0.0101026671473,3.27005644785e-05,0.000141881173477,4220.6331277,18745,37.4900017807,3697.33623828,523.289549164,21056,-1.36698381539e-05,1.36698381539e-05,1.41162204742,0,0,0,0,1.26116281352e-15,8.24507905967e-16
42.1760020033,2500.0020396,-0.0019915231686,0.000265514623607,-490.333251953,8.27291805763e-05,7.34565492166e-06,103.27519989,39.1745834351,0.974476158619,0.000232830643654,0.000465661287308,7,523.28966558,43.1281414084,10.6812348406,69.4335077185,9.45629876999,129.419931909,147.78735931,5150.00987798,0.0111758708954,3439.90558758,3432.0964478,49,70.0334785506,24.1329416895,44.2913806182,0.0102888547127,0.0103245838545,-3.57291418673e-05,-0.000545696821064,4220.6331277,18745,37.4900017807,3697.33623828,523.289549164,21088,-1.39517060234e-05,1.39517060234e-05,1.41288483143,0,0,0,0,5.66675735504e-16,3.70474582256e-16
42.2400020063,2500.00180677,-0.00130117772112,0.000173476117197,-490.333221436,7.89853656897e-05,6.79846152707e-06,103.289512634,39.1574325562,0.974485456944,0.000232830643654,0.000465661287308,7,523.28966558,97.8177568513,21.1175844652,93.0986243199,18.0086488192,102.266210888,113.853609946,5150.01034364,0.0116415321827,3467.05876291,3466.03081562,49,70.0334785506,27.4219928542,46.5299744974,0.0103889143954,0.0103991624201,-1.02480246511e-05,-0.000154614099301,4220.6331277,18745,37.4900017807,3697.33623828,523.289549164,21120,-1.38347386383e-05,1.38347386383e-05,1.41263961792,0,0,0,0,2.54623212612e-16,1.66464632267e-16
42.3040020093,2500.00180677,-0.000850381709494,0.000113374924695,-490.333282471,7.65891381889e-05,6.42962913844e-06,103.297218323,39.1481399536,0.974490463734,0.000232830643654,0.000465661287308,7,523.28966558,109.542391253,23.3003222495,107.457769434,21.8354479632,72.0781317796,90.2931205928,5150.0108093,0.0116415321827,3497.2471185,3489.59071562,49,70.0334785506,34.0199876518,50.3239862155,0.0103532735718,0.0103500497062,3.22386561891e-06,0.000360159901902,4220.6331277,18745,37.4900017807,3697.33623828,523.289549164,21152,-1.38019759106e-05,1.38019759106e-05,1.41264641285,0,0,0,0,1.14409348991e-16,7.4797224555e-17
42.3680020124,2500.00180677,-0.000556104051697,7.41411204217e-05,-490.333343506,7.49750761315e-05,6.20042419541e-06,103.299263,39.1459579468,0.974491834641,0.000232830643654,0.000465661287308,7,523.28966558,108.819541384,22.0643485906,108.218232254,21.538657241,60.7342153671,80.3263974376,5150.01127496,0.0116415321827,3508.59109312,3499.55726415,49,70.0334785506,36.7755055777,52.3604139744,0.0106871576033,0.0107520463644,-6.48887610311e-05,0.000423824531026,4220.6331277,18745,37.4900017807,3697.33623828,523.289549164,21184,-1.36259086503e-05,1.36259086503e-05,1.41472709179,0,0,0,0,5.14073295414e-17,3.36084905631e-17
42.4320020154,2500.00180677,-0.000363216068333,4.8424833949e-05,-490.333343506,7.39339666325e-05,6.04616207056e-06,103.299079895,39.1459732056,0.974491715431,0.000232830643654,0.000465661287308,7,523.28966558,83.5713333937,15.9242504068,103.295616221,19.4297371622,59.3893200858,78.5860902397,5150.0108093,0.0116415321827,3509.93592292,3501.29744038,50,70.0306118233,38.7044383388,54.0508808626,0.0106931723476,0.0107029336505,-9.76130287711e-06,7.27595761418e-06,4220.6331277,18745,37.4900017807,3697.33623828,523.289549164,21216,-1.38188515848e-05,1.38188515848e-05,1.41409111023,0,0,0,0,2.30987555621e-17,1.51012359103e-17
42.4960020185,2500.00180677,-0.00023695581608,3.15915167448e-05,-490.333374023,7.32623229851e-05,5.9430399233e-06,103.299263,39.1461219788,0.974491834641,0.000232830643654,0.000465661287308,7,523.28966558,13.6952801894,1.04293603729,98.9195196632,17.5631495997,59.3893200858,81.9519773358,5150.0108093,0.0116415321827,3509.93592292,3501.29744038,50,70.0306118233,37.3695183953,55.2702695131,0.0108228748186,0.0108502717922,-2.73969735787e-05,-0.000140062184073,4220.6331277,18745,37.4900017807,3697.33623828,523.289549164,21248,-1.37231108965e-05,1.37231108965e-05,1.41231012344,0,0,0,0,1.03789163871e-17,6.78540805971e-18
42.5600020215,2500.00180677,-0.000154692758603,2.06240092666e-05,-490.333374023,7.28207596694e-05,5.87676322539e-06,103.299354553,39.1462516785,0.974491894245,0.000232830643654,0.000465661287308,7,523.28966558,3.69658513088,-1.05793978671,94.8003558193,16.0058305904,89.5799021237,102.75234672,5150.01034364,0.01210719347,3509.93592292,3501.29744038,50,70.0306118233,27.4972317129,47.2052488476,0.0111908649014,0.011174051906,1.68129954403e-05,-0.000929503585212,4220.6331277,18745,37.4900017807,3697.33623828,523.289549164,21280,-1.36169328471e-05,1.36169328471e-05,1.41626966,0,0,0,0,4.66353717368e-18,3.04887441413e-18
42.6240020245,2500.00180677,-0.000101006217279,1.34663905555e-05,-490.333404541,7.25319914636e-05,5.83363134865e-06,103.299171448,39.1463661194,0.974491775036,0.000232830643654,0.000465661287308,7,523.28966558,5.50735184191,-0.599508368494,90.8632796778,14.3745043459,107.126230432,111.595487397,5150.01034364,0.01210719347,3509.93592292,3501.29744038,50,70.0306118233,27.6005175692,46.8466678285,0.0108721154302,0.0108302629087,4.18525214485e-05,-0.000585714587942,4220.6331277,18745,37.4900017807,3697.33623828,523.289549164,21312,-1.38362684083e-05,1.38362684083e-05,1.41257596016,0,0,0,0,2.09545776829e-18,1.36994478745e-18
42.6880020276,2500.00157394,-6.59330229302e-05,8.79034814716e-06,-490.333282471,7.23439734429e-05,5.80531104788e-06,103.298988342,39.1464767456,0.974491655827,0.000232830643654,0.000465661287308,7,523.28966558,6.43429408857,-0.253807161598,87.0969084681,12.9418803268,116.108298243,118.264062621,5150.0108093,0.01210719347,3509.93592292,3501.29744038,50,70.0306118233,28.4264460788,46.9321967103,0.0106723818671,0.0107193045551,-4.69226879574e-05,-9.09494701773e-06,4220.6331277,18745,37.4900017807,3697.33623828,523.289549164,21344,-1.38209334182e-05,1.38209334182e-05,1.41367745399,0,0,0,0,9.41547948213e-19,6.15554517842e-19
42.7520020306,2500.00157394,-4.30410776464e-05,5.73833949602e-06,-490.333282471,7.2221220762e-05,5.78683420827e-06,103.29889679,39.1465759277,0.974491596222,0.000232830643654,0.000465661287308,7,523.28966558,6.95645762177,0.055575720387,83.4936683264,11.7825590788,121.168064652,124.232057715,5150.01034364,0.01210719347,3509.93592292,3501.29744038,50,70.0306118233,29.295017157,47.1352541354,0.0107498168145,0.0107302184915,1.95983229645e-05,-0.000485670170747,4220.6331277,18745,37.4900017807,3697.33623828,523.289549164,21376,-1.3829895579e-05,1.3829895579e-05,1.41484463215,0,0,0,0,4.23063773188e-19,2.76585880684e-19
42.8160020337,2500.00157394,-2.80983326884e-05,3.74613682652e-06,-490.333282471,7.21410106053e-05,5.77479249841e-06,103.298805237,39.1466789246,0.974491536617,0.000232830643654,0.000465661287308,7,523.28966558,7.27864395305,0.341724945485,80.0467618196,10.8783842042,124.290047097,129.751875647,5150.01127496,0.01210719347,3509.93592292,3501.29744038,50,70.0306118233,30.1214568026,47.3435720778,0.0109793079073,0.0109957909444,-1.64830371574e-05,0.000180079950951,4220.6331277,18745,37.4900017807,3697.33623828,523.289549164,21408,-1.36515718623e-05,1.36515718623e-05,1.41272354126,0,0,0,0,1.90094389496e-19,1.24277786579e-19
42.8800020367,2500.00157394,-1.83434309409e-05,2.44559009843e-06,-490.333282471,7.20886819181e-05,5.76692582399e-06,103.298805237,39.1467781067,0.974491536617,0.000232830643654,0.000465661287308,7,523.28966558,7.49659672124,0.62051446462,76.7495966096,10.1860989779,126.40201021,135.129725095,5150.0108093,0.01210719347,3509.93592292,3501.29744038,50,70.0306118233,30.5284956994,47.4192711408,0.011211740647,0.0112031557364,8.58491056022e-06,-0.000492946128361,4220.6331277,18745,37.4900017807,3697.33623828,523.289549164,21440,-1.38296909427e-05,1.38296909427e-05,1.41672611237,0,0,0,0,8.54147540628e-20,5.58414962003e-20
42.9440020397,2500.00157394,-1.19747987568e-05,1.5965088096e-06,-490.333282471,7.20545067452e-05,5.76178990741e-06,103.298713684,39.1468849182,0.974491477013,0.000232830643654,0.000465661287308,7,523.28966558,7.71613668638,1.07186976329,73.5959758986,9.67333227326,128.529354697,143.836368807,5150.01127496,0.01210719347,3509.93592292,3501.29744038,50,70.0306118233,25.8697928075,45.9339971712,0.0108332416371,0.0108084350359,2.48066012176e-05,0.000367435859516,4220.6331277,18745,37.4900017807,3697.33623828,523.289549164,21472,-1.36848912007e-05,1.36848912007e-05,1.41279506683,0,0,0,0,3.83792384867e-20,2.50911474016e-20
43.0080020428,2500.00157394,-7.81588509191e-06,1.04203252249e-06,-490.333282471,7.20321913832e-05,5.75843750994e-06,103.298622131,39.1469764709,0.974491417408,0.000232830643654,0.000465661287308,7,523.28966558,21.4433869686,4.97987872976,70.5804133964,9.31719036511,129.421518068,148.617604282,5150.01127496,0.01210719347,3509.93592292,3501.29744038,50,70.0306118233,24.0094523178,44.5529331046,0.0105098718617,0.0106301740743,-0.000120302212636,0.000545696821064,4220.6331277,18745,37.4900017807,3697.33623828,523.289549164,21504,-1.37236092996e-05,1.37236092996e-05,1.41338515282,0,0,0,0,1.72448659245e-20,1.12741559018e-20
43.0720020458,2505.26471063,221.226684516,-29.4944705963,-522.408447266,0.308007389307,-0.00859358441085,103.281455994,39.1587257385,0.974480211735,0.000232830643654,0.000465661287308,8,523.29688333,84.123236612,18.2939633796,79.2132632182,14.6865013947,120.151162264,128.025378217,5150.00987798,0.01210719347,3519.20630783,3521.88991383,50,70.0306118233,25.1652854786,44.8954378953,0.0104024463488,0.0103518686956,5.05776531767e-05,-0.000572981662117,4225.89633254,21511,43.0220020434,4220.63314495,523.29688333,21536,-1.35197506097e-05,1.35197506097e-05,1.41130006313,0,0,0.0108873741701,0.00680460873991,0.00998442340642,0.00624670926481
43.1360020489,2526.83344297,429.300562246,-57.2353782654,-560.725219727,1.46136331558,-0.0098742172122,103.241592407,39.185546875,0.974454283714,0.000232830643654,0.000465661287308,8,523.29688333,107.331679981,23.0556494533,104.321552495,21.02797811,81.0233686934,97.4693903117,5150.00941232,0.01210719347,3558.33442882,3552.4466075,50,70.0306118233,32.2374071402,49.3551960972,0.010107315318,0.0101154000731,-8.08475508762e-06,-0.000802174326964,4247.4650632,21511,43.0220020434,4220.63314495,523.29688333,21568,-1.36346907311e-05,1.36346907311e-05,1.41272747517,0,0,0.0245936196297,0.0153710134327,0.0236566010863,0.0148018328473
43.2000020519,2558.68933164,550.812284928,-73.4356079102,-592.545349121,2.94149661064,0.0580850243568,103.232307434,39.1915283203,0.974448263645,0.000232830643654,0.000465661287308,8,523.29688333,109.912206769,22.7757955462,108.836615539,21.9450071283,63.6490149191,83.0962162581,5150.00987798,0.01210719347,3575.70871711,3566.81970879,50,70.0306118233,35.8378929377,51.5882347827,0.0105975329623,0.0106319930637,-3.4460101439e-05,-0.000853106030263,4279.32095249,21511,43.0220020434,4220.63314495,523.29688333,21600,-1.36604803629e-05,1.36604803629e-05,1.41472291946,0,0,0.0380960926414,0.0238100606948,0.0371344313025,0.0232349671423
43.2640020549,2596.3622611,617.269251961,-82.2958145142,-619.877868652,4.57821941376,0.174014374614,103.23072052,39.1926612854,0.974447250366,0.000232830643654,0.000465661287308,8,523.29688333,102.610093635,20.1072097711,105.262740601,20.3612876363,59.3865843257,78.5837182775,5150.00987798,0.01210719347,3579.9711477,3571.33266516,51,70.0349482941,38.0121273338,53.4440878255,0.0104291352221,0.0104610080598,-3.18728377025e-05,-0.00068212102633,4316.99386195,21511,43.0220020434,4220.63314495,523.29688333,21632,-1.36658700285e-05,1.36658700285e-05,1.41204035282,0,0,0.0512837097049,0.0320523194969,0.0503080263734,0.031477112323
43.328002058,2637.06548139,649.067573249,-86.5352401733,-644.075439453,6.28584671021,0.318266928196,103.231086731,39.1926002502,0.974447488785,0.000232830643654,0.000465661287308,8,523.29688333,38.8412025607,6.09581369503,100.596654417,18.2202463903,59.3865843257,78.5837182775,5150.01034364,0.01210719347,3579.9711477,3571.33266516,51,70.0349482941,39.6408504457,54.8412717762,0.0102621896536,0.0102991180029,-3.69283492674e-05,-5.45696821064e-05,4357.696846,21511,43.0220020434,4220.63314495,523.29688333,21664,-1.3762429262e-05,1.3762429262e-05,1.41262638569,0,0,0.0640478953719,0.0400299355388,0.0630698204041,0.0394607670605
43.392002061,2678.98361199,657.344935462,-87.6388015747,-665.732788086,8.00528049469,0.479079902172,103.231086731,39.1925468445,0.974447488785,0.000232830643654,0.000465661287308,8,523.29688333,2.51840086889,-1.35384454911,96.3974376144,16.6432327711,78.1632988947,97.0443434198,5150.00987798,0.01210719347,3579.9711477,3571.33266516,51,70.0349482941,28.7486727757,47.9378468299,0.010272719897,0.0102845660876,-1.18461906951e-05,-0.000505679054186,4399.61502934,21511,43.0220020434,4220.63314495,523.29688333,21696,-1.35128020702e-05,1.35128020702e-05,1.41375589371,0,0,0.0762835815549,0.0476772412658,0.0753155648708,0.0471205227077
43.456002064,2720.83934397,648.426474072,-86.4497680664,-685.066955566,9.69095897675,0.649411022663,103.230995178,39.1924972534,0.97444742918,0.000232830643654,0.000465661287308,8,523.29688333,4.94323357052,-0.755962920146,92.3906877843,15.0021755031,101.659927168,108.577478386,5150.0108093,0.01210719347,3579.9711477,3571.33266516,51,70.0349482941,27.3723799182,46.9019323646,0.0100415377124,0.0100590114016,-1.74736891623e-05,0.000651198206469,4441.47082555,21511,43.0220020434,4220.63314495,523.29688333,21728,-1.37707866088e-05,1.37707866088e-05,1.41391634941,0,0,0.0878901183605,0.0549313239753,0.0869451612234,0.0543936192989
43.5200020671,2761.66875847,626.213150099,-83.4882354736,-702.125427246,11.3057575226,0.82480597496,103.231086731,39.1924476624,0.974447488785,0.000232830643654,0.000465661287308,8,523.29688333,6.13593219239,-0.38379599381,88.5580855515,13.4733592,113.217174658,115.756578452,5150.00987798,0.01210719347,3579.9711477,3571.33266516,51,70.0349482941,28.0850854324,46.8736689072,0.010332092848,0.0103937054519,-6.16126039077e-05,-0.000614818418398,4482.30020299,21511,43.0220020434,4220.63314495,523.29688333,21760,-1.39186950037e-05,1.39186950037e-05,1.41261672974,0,0,0.0987719967961,0.0617325007915,0.0978634059429,0.0612204000354
43.5840020701,2800.71096495,593.28682255,-79.0984191895,-716.879272461,12.8189601898,1.00219464302,103.230995178,39.1923980713,0.97444742918,0.000232830643654,0.000465661287308,8,523.29688333,6.78277331932,-0.0629311201568,84.8915662891,12.2058622623,119.485062896,121.946060972,5150.01034364,0.01210719347,3579.9711477,3571.33266516,51,70.0349482941,28.9570361929,47.0510676678,0.010317313559,0.0104209902929,-0.000103676733865,-0.000176441972144,4521.34251952,21511,43.0220020434,4220.63314495,523.29688333,21792,-1.4109185031e-05,1.4109185031e-05,1.41418981552,0,0,0.10883975029,0.0680248513818,0.107980847359,0.0675448477268
43.6480020732,2837.3550158,551.848323084,-73.5737380981,-729.322387695,14.2058391571,1.17912340164,103.230995178,39.1923561096,0.97444742918,0.000232830643654,0.000465661287308,8,523.29688333,7.16845622684,0.231723315481,81.3840029472,11.2059867821,123.222329421,127.629944473,5150.01034364,0.01210719347,3579.9711477,3571.33266516,51,70.0349482941,29.8027152894,47.2641550004,0.0104618805841,0.010475559975,-1.36793909533e-05,-0.00023101165425,4557.98646033,21511,43.0220020434,4220.63314495,523.29688333,21824,-1.3597636098e-05,1.3597636098e-05,1.41260421276,0,0,0.118010632694,0.0737566500902,0.117214404047,0.0733150243759
43.7120020762,2871.11778744,503.753486555,-67.1616210938,-739.465270996,15.447842598,1.3533513546,103.231361389,39.1923332214,0.974447667599,0.000232830643654,0.000465661287308,8,523.29688333,7.41785261641,0.505652415919,78.028671341,10.4358011787,125.638980535,132.91403593,5150.0108093,0.01210719347,3579.9711477,3571.33266516,51,70.0349482941,30.597751902,47.4562766613,0.010053567201,0.010060830391,-7.2631900494e-06,0.000649379217066,4591.74930495,21511,43.0220020434,4220.63314495,523.29688333,21856,-1.36987055157e-05,1.36987055157e-05,1.41257965565,0,0,0.126209273934,0.0788808017969,0.125488162041,0.0784834846854
43.7760020792,2901.6379267,451.016414445,-60.1305847168,-747.399230957,16.5333881378,1.52247047424,103.231620789,39.1923141479,0.974447786808,0.000232830643654,0.000465661287308,8,523.29688333,7.6276331744,0.881586731843,74.8192501507,9.85455839358,127.671752125,140.165808261,5150.00987798,0.01210719347,3579.9711477,3571.33266516,51,70.0349482941,28.0333388218,46.6902201879,0.0101934446439,0.0102218109532,-2.83663093015e-05,-0.000442923919763,4622.2692842,21511,43.0220020434,4220.63314495,523.29688333,21888,-1.39532812682e-05,1.39532812682e-05,1.41438519955,0,0,0.133368402719,0.0833552479744,0.132733911276,0.0830076783895
43.8400020823,2928.67817916,395.420618588,-52.718421936,-753.245788574,17.4582557678,1.68385243416,103.231712341,39.1922721863,0.974447846413,0.000232830643654,0.000465661287308,8,523.29688333,9.67796522196,1.81208826881,71.7500772904,9.43956796534,129.418593133,148.44762336,5150.01127496,0.01210719347,3579.9711477,3571.33266516,51,70.0349482941,23.6656778725,44.9733779533,0.0104020866365,0.0103755155578,2.65710786707e-05,0.00080035533756,4649.30963386,21511,43.0220020434,4220.63314495,523.29688333,21920,-1.35460641104e-05,1.35460641104e-05,1.41264331341,0,0,0.139429152012,0.0871432349086,0.138891667128,0.0868502929807
43.9040020853,2952.12096535,338.889774866,-45.1815948486,-757.203735352,18.2255439758,1.83456277847,103.231803894,39.192237854,0.974447906017,0.000232830643654,0.000465661287308,8,523.29688333,58.5427674584,13.8124974539,68.8157104188,10.9001572319,129.418593133,142.513599712,5150.00987798,0.01210719347,3579.9711477,3577.43655331,51,70.0349482941,24.2601254286,44.2732489319,0.0102054291684,0.0101617843029,4.36448654995e-05,-0.000382897269446,4672.75224491,21511,43.0220020434,4220.63314495,523.29688333,21952,-1.38547684401e-05,1.38547684401e-05,1.41546070576,0,0,0.144341960549,0.0902137309313,0.143910363317,0.0899795517325
43.9680020884,2971.95394523,282.849679934,-37.710193634,-759.45703125,18.8446578979,1.9714602232,103.110450745,39.2752113342,0.974368751049,0.000232830643654,0.000465661287308,8,523.29688333,102.37560417,22.0793809526,98.2415050176,19.3636160114,93.6599608394,107.258754724,5150.0108093,0.01210719347,3615.72997645,3612.69083805,51,70.0349482941,29.1548985842,47.6384411741,0.0105677802065,0.0105574144982,1.03657082917e-05,0.000152795109898,4692.58522673,21511,43.0220020434,4220.63314495,523.29688333,21984,-1.37431734402e-05,1.37431734402e-05,1.41597211361,0,0,0.148069739342,0.0925436019897,0.147750750184,0.0923712328076
44.0320020914,2988.25255595,228.469085414,-30.4600448608,-760.198669434,19.3296012878,2.09141564369,103.070808411,39.3023262024,0.974342823029,0.000232830643654,0.000465661287308,8,523.29688333,110.010601077,23.2159311662,108.332572695,22.0034372181,68.4601109242,87.2817690833,5150.01034364,0.01210719347,3640.9299355,3632.66724162,51,70.0349482941,34.7357490682,50.7797813043,0.0104601187711,0.0104100763565,5.00424146566e-05,-0.000165528035723,4708.88378084,21511,43.0220020434,4220.63314495,523.29688333,22016,-1.37553888635e-05,1.37553888635e-05,1.41324293613,0,0,0.15058414638,0.094115100801,0.150383487344,0.0940072163939
44.0960020944,3001.14043057,176.279601874,-23.5020179749,-759.559997559,19.6966724396,2.19139814377,103.061439514,39.3087654114,0.97433668375,0.000232830643654,0.000465661287308,8,523.29688333,107.854752707,21.5893028782,107.478945489,21.2084049094,59.8116748733,79.3165600044,5150.01034364,0.01210719347,3649.57842976,3640.63214511,51,70.0349482941,37.2378308384,52.7605297975,0.0103766726323,0.0104409991764,-6.43265440914e-05,-0.000196450855583,4721.7715699,21511,43.0220020434,4220.63314495,523.29688333,22048,-1.39180619954e-05,1.39180619954e-05,1.41263854504,0,0,0.151860505342,0.0949128121138,0.151781961322,0.0948711782694
44.1600020975,3010.77333279,127.130842884,-16.949388504,-757.730651855,19.9628124237,2.26870131493,103.061714172,39.3084602356,0.974336862564,0.000232830643654,0.000465661287308,8,523.29688333,68.69373019,12.6552216619,102.318082357,18.9733001552,59.3887380091,78.5855590948,5150.00987798,0.01210719347,3650.00148304,3641.3630005,52,70.0298623997,39.0521381632,54.3493442819,0.0103394643958,0.0103736965684,-3.42321726521e-05,-0.000594809534959,4731.40456472,21511,43.0220020434,4220.63314495,523.29688333,22080,-1.41254267874e-05,1.41254267874e-05,1.4129267931,0,0,0.151886940002,0.0949293449521,0.152000024915,0.0950022190809
44.2240021005,3017.50074141,85.2907978697,-11.371172905,-755.45111084,20.1468982697,2.32324171066,103.061889648,39.3081893921,0.974336981773,0.000232830643654,0.000465661287308,8,523.29688333,5.65116003448,-0.641464136741,98.019899911,17.2389292574,62.9682908766,87.3751705512,5150.01034364,0.01210719347,3650.00148304,3641.3630005,52,70.0298623997,33.726242691,52.9887074663,0.010701766584,0.0107102096081,-8.44302405767e-06,-0.000465661287308,4738.13185677,21511,43.0220020434,4220.63314495,523.29688333,22112,-1.36639346238e-05,1.36639346238e-05,1.40901327133,0,0,0.150662586093,0.0941641256213,0.151476845145,0.094701051712
44.2880021036,3021.66584879,46.2495008833,-6.16609382629,-752.288330078,20.2639217377,2.35605931282,103.062522888,39.3079566956,0.974337399006,0.000232830643654,0.000465661287308,8,523.29688333,4.20119862408,-0.938439410146,93.9413888186,15.650249031,94.4696075749,105.057508335,5150.01174062,0.01210719347,3650.00148304,3641.3630005,52,70.0298623997,27.3352998192,47.0550257887,0.0113977005611,0.0113850546768,1.26458843397e-05,0.0002564775059,4742.29712037,21511,43.0220020434,4220.63314495,523.29688333,22144,-1.41213477036e-05,1.41213477036e-05,1.41340601444,0,0,0.148197114468,0.0926231965423,0.149951711297,0.0938035920262
44.3520021066,3023.34665321,7.44025965105,-0.991953194141,-747.938293457,20.3219928741,2.36590862274,103.062705994,39.3077201843,0.974337518215,0.000232830643654,0.000465661287308,8,523.29688333,5.75771144533,-0.520662059534,90.0416179857,14.0459513726,109.5522166,113.116431748,5150.01127496,0.01210719347,3650.00148304,3641.3630005,52,70.0298623997,27.7608651231,46.8443067803,0.0112323714774,0.0111685949378,6.3776539605e-05,7.27595761418e-06,4743.97787241,21511,43.0220020434,4220.63314495,523.29688333,22176,-1.36957041832e-05,1.36957041832e-05,1.4126188755,0,0,0.144510447979,0.0903190374374,0.147274762392,0.0922020450234
44.4160021096,3022.52662368,-31.9868631777,4.264564991,-742.279724121,20.3256587982,2.35109448433,103.06325531,39.3075065613,0.974337875843,0.000232830643654,0.000465661287308,8,523.29688333,6.57072756072,-0.185212481974,86.3108454016,12.6704234104,117.430339742,119.587253721,5150.01174062,0.01210719347,3650.00148304,3641.3630005,52,70.0298623997,28.6142931145,46.9716433145,0.0113142970548,0.0113359419629,-2.16449080881e-05,0.000305590219796,4744.01604005,21511,43.0220020434,4220.63314495,523.29688333,22208,-1.3920620404e-05,1.3920620404e-05,1.41273736954,0,0,0.139632642269,0.0872704014182,0.14342263341,0.08987069875
44.4800021127,3019.15034652,-72.4240235286,9.65574359894,-735.233032227,20.2766704559,2.3101477623,103.063423157,39.3072853088,0.974337935448,0.000232830643654,0.000465661287308,8,523.29688333,7.03818292837,0.118670239826,82.7416876477,11.5687658929,121.959979879,125.449150801,5150.01174062,0.0125728547573,3650.00148304,3641.3630005,52,70.0298623997,29.4763376587,47.1814673801,0.0113054152706,0.0114487193059,-0.000143304035305,0.000192812876776,4744.01604005,21511,43.0220020434,4220.63314495,523.29688333,22240,-1.35714253702e-05,1.35714253702e-05,1.41267347336,0,0,0.133603453636,0.0835021585226,0.138417840004,0.0868171676993
44.5440021157,3013.15565594,-113.728558063,15.162563324,-726.786804199,20.1745910645,2.24216151237,103.063606262,39.3070716858,0.974338054657,0.000232830643654,0.000465661287308,8,523.29688333,7.33168251743,0.400397297937,79.3274058895,10.7138540956,124.803991639,130.883665406,5150.01174062,0.0125728547573,3650.00148304,3641.3630005,52,70.0298623997,30.2917778754,47.3849650007,0.0113709912597,0.0113177520689,5.32391908337e-05,0.000323780113831,4744.01604005,21511,43.0220020434,4220.63314495,523.29688333,22272,-1.39312933243e-05,1.39312933243e-05,1.41337192059,0,0,0.126472324133,0.0790452063084,0.132303610444,0.0830646306276
44.6080021188,3004.48830239,-155.892019393,20.7838973999,-716.915588379,20.017490387,2.14684724808,103.064064026,39.3068809509,0.97433835268,0.000232830643654,0.000465661287308,8,523.29688333,7.54139532083,0.701821111973,76.0614883619,10.061709799,126.836108393,136.698130518,5150.01127496,0.0125728547573,3650.00148304,3641.3630005,52,70.0298623997,29.9392122542,47.2507563245,0.0110505933293,0.0110958353616,-4.52420323427e-05,8.0035533756e-05,4744.01604005,21511,43.0220020434,4220.63314495,523.29688333,22304,-1.40013780765e-05,1.40013780765e-05,1.41383934021,0,0,0.118297711015,0.0739360749722,0.12513551116,0.0786452516913
44.6720021218,2993.09985712,-198.787151021,26.502779007,-705.612609863,19.8017654419,2.02451705933,103.06452179,39.3066940308,0.974338650703,0.000232830643654,0.000465661287308,8,523.29688333,7.76317942772,1.16936391966,72.9379067381,9.58485210915,128.985193442,145.717029227,5150.0108093,0.0125728547573,3650.00148304,3641.3630005,52,70.0298623997,24.8438427661,45.5007975688,0.0111012479209,0.0110758264782,2.54214427287e-05,-0.000365616870113,4744.01604005,21511,43.0220020434,4220.63314495,523.29688333,22336,-1.36627686516e-05,1.36627686516e-05,1.40891051292,0,0,0.109146773815,0.0682167336345,0.1169783324,0.0735976397991
44.7360021248,2978.94096002,-242.51700961,32.3329467773,-692.83984375,19.521572113,1.87617778778,103.0651474,39.3065185547,0.974339067936,0.000232830643654,0.000465661287308,8,523.29688333,32.1365310511,7.85032647458,69.9511893774,9.25944514604,129.422580358,148.618753883,5150.01127496,0.0125728547573,3650.00148304,3641.3630005,52,70.0298623997,24.0723857132,44.3806529802,0.0110416893406,0.0110712790047,-2.95896640523e-05,0.000104591890704,4744.01604005,21511,43.0220020434,4220.63314495,523.29688333,22368,-1.36668822961e-05,1.36668822961e-05,1.41223239899,0,0,0.0990947261453,0.0619342066348,0.107904933393,0.0679656341672
44.8000021279,2961.93896793,-287.66511241,38.3521995544,-678.484008789,19.166677475,1.7038192749,102.997703552,39.3438453674,0.97429484129,0.000232830643654,0.000465661287308,8,523.29688333,92.5929407162,20.021954359,87.5414957475,16.6229887996,110.224362288,120.012766274,5150.01127496,0.0125728547573,3669.19976659,3669.96903904,52,70.0298623997,26.2236408162,45.6876623502,0.011493459115,0.0114450813271,4.83777878868e-05,-0.000269210431725,4744.01604005,21511,43.0220020434,4220.63314495,523.29688333,22400,-1.38072400659e-05,1.38072400659e-05,1.41268646717,0,0,0.0882245451212,0.0551403425634,0.0979951992631,0.0617976859212
44.8640021309,2941.98165648,-334.958545864,44.6574745178,-662.393005371,18.7206058502,1.51072609425,102.936042786,39.3781242371,0.974254369736,0.000232830643654,0.000465661287308,8,523.29688333,108.789846563,23.2620976759,106.314701961,21.5582584595,75.7380985306,93.2668917812,5150.01127496,0.0125728547573,3703.68617587,3696.7152264,52,70.0298623997,33.3155512635,49.9238849443,0.011272792963,0.0112067937152,6.59992477337e-05,-3.09228198603e-05,4744.01604005,21511,43.0220020434,4220.63314495,523.29688333,22432,-1.37345841722e-05,1.37345841722e-05,1.41694200039,0,0,0.07662691921,0.0478918291628,0.0873360782862,0.0551467090845
44.928002134,2918.90068911,-385.420979001,51.3852462769,-644.347900391,18.1591587067,1.30165588856,102.922279358,39.3860015869,0.97424530983,0.000232830643654,0.000465661287308,8,523.29688333,109.428138709,22.4159161486,108.623206906,21.7590500898,61.8508638581,81.4291124698,5150.01174062,0.0125728547573,3717.57429093,3708.55326764,52,70.0298623997,36.3652179658,52.01510794,0.0109748766047,0.0110740074888,-9.9130884057e-05,0.000567524693906,4744.01604005,21511,43.0220020434,4220.63314495,523.29688333,22464,-1.34740485009e-05,1.34740485009e-05,1.41233861446,0,0,0.0643946453929,0.0402466543019,0.0760183036327,0.048068229109
44.992002137,2892.42644794,-441.251148004,58.8286590576,-623.923278809,17.4457893372,1.08355605602,102.920463562,39.3867492676,0.974244058132,0.000232830643654,0.000465661287308,8,523.29688333,93.8431483317,18.1811025518,104.150283552,19.8377131596,59.387046349,78.5843076301,5150.01127496,0.0125728547573,3720.03833763,3711.39775962,53,70.0355521985,38.3989390684,53.785090131,0.0108779567992,0.0108429958345,3.49609646788e-05,0.000332875060849,4744.01604005,21511,43.0220020434,4220.63314495,523.29688333,22496,-1.37091437864e-05,1.37091437864e-05,1.41144740582,0,0,0.051627445966,0.0322671569884,0.0641364455223,0.0406202636659
45.05600214,2862.1070087,-506.171607412,67.4840087891,-600.401306152,16.5229206085,0.866899073124,102.921279907,39.3864250183,0.974244594574,0.000232830643654,0.000465661287308,8,523.29688333,23.9679136761,2.91317364922,99.6780414062,17.8509692486,59.387046349,78.9912883192,5150.0108093,0.0125728547573,3720.03833763,3711.39775962,53,70.0355521985,39.5664064854,55.0826844119,0.0107036642188,0.0106501829578,5.34812610864e-05,6.0026650317e-05,4744.01604005,21511,43.0220020434,4220.63314495,523.29688333,22528,-1.38001114465e-05,1.38001114465e-05,1.41274547577,0,0,0.0384303219616,0.0240189507604,0.051789175719,0.0328635573387
45.1200021431,2827.14841887,-587.32018806,78.3029327393,-572.441040039,15.2949085236,0.668362021446,102.921730042,39.3861808777,0.974244892597,0.000232830643654,0.000465661287308,8,523.29688333,3.20756411952,-1.17596381145,95.5237111012,16.2997225152,84.8412892083,100.475663203,5150.01174062,0.0125728547573,3720.03833763,3711.39775962,53,70.0355521985,27.8378756775,47.4064618174,0.0114113541255,0.0114923750516,-8.10209260793e-05,0.000149157131091,4744.01604005,21511,43.0220020434,4220.63314495,523.29688333,22560,-1.36981661853e-05,1.36981661853e-05,1.41035425663,0,0,0.0249119196087,0.0155699504539,0.0390782617033,0.0248610023409
45.1840021461,2786.26894578,-689.204025548,91.8863296509,-538.813171387,13.6109924316,0.513751208782,102.9220047,39.3859443665,0.974245131016,0.000232830643654,0.000465661287308,8,523.29688333,5.26937759365,-0.668413065405,91.5550942844,14.6566097195,104.820261186,110.26631546,5150.01174062,0.0125728547573,3720.03833763,3711.39775962,53,70.0355521985,27.4827325484,46.8624893983,0.011523108287,0.0115469447337,-2.38364467053e-05,9.45874489844e-05,4744.01604005,21511,43.0220020434,4220.63314495,523.29688333,22592,-1.36110566018e-05,1.36110566018e-05,1.41275036335,0,0,0.0111838625744,0.00698991399258,0.026107231155,0.0166769623756
45.2480021492,2738.42737079,-801.213143859,106.819648743,-500.421569824,11.3572978973,0.421329975128,102.922462463,39.3857078552,0.974245429039,0.000232830643654,0.000465661287308,8,523.29688333,6.30707798689,-0.312222658934,87.7587352613,13.1784646905,114.875576401,117.137227789,5150.01127496,0.0125728547573,3720.03833763,3711.39775962,53,70.0355521985,28.2701603282,46.9029946544,0.0114677854296,0.0114105205284,5.72649011543e-05,-0.000234649633057,4744.01604005,21511,43.0220020434,4220.63314495,523.29688333,22624,-1.39933372338e-05,1.39933372338e-05,1.41111671925,0,0,0,0,0.0132114747539,0.0085191950202
45.3120021522,2687.08728254,-776.959757786,103.586135864,-478.481323242,8.73076057434,0.387215971947,102.922904968,39.3854904175,0.974245667458,0.000232830643654,0.000465661287308,8,523.29688333,6.88163458469,0.00211458913719,84.1268330986,11.9701806827,120.443030028,123.200792586,5150.01220629,0.0125728547573,3720.03833763,3711.39775962,53,70.0355521985,29.1420365102,47.0968006994,0.0114156173819,0.0114578142529,-4.21968709974e-05,0.000649379217066,4744.01604005,21511,43.0220020434,4220.63314495,523.29688333,22656,-1.36609205583e-05,1.36609205583e-05,1.41278123856,0,0,0,0,0.00580789567903,0.00377412443049
45.3760021552,2641.0871651,-656.625954434,87.5429382324,-471.969207764,6.39979314804,0.349657148123,102.923179626,39.3852729797,0.974245846272,0.000232830643654,0.000465661287308,8,523.29688333,7.23078449428,0.292060576647,80.6524218924,11.0232663985,123.826292111,128.793850308,5150.01174062,0.0125728547573,3720.03833763,3711.39775962,53,70.0355521985,29.9774310406,47.3080581287,0.0112889631393,0.0112449924927,4.39706465682e-05,0.000396539689973,4744.01604005,21511,43.0220020434,4220.63314495,523.29688333,22688,-1.3732899788e-05,1.3732899788e-05,1.40899562836,0,0,0,0,0.00258454075083,0.00168518244755
45.4400021583,2603.69270109,-516.598520335,68.8741531372,-472.302276611,4.59105920792,0.292172461748,102.923728943,39.3850784302,0.974246263504,0.000232830643654,0.000465661287308,8,523.29688333,7.46062819225,0.563959643258,77.3288800053,10.2963420981,126.053477288,134.038782562,5150.01127496,0.0125728547573,3720.03833763,3711.39775962,53,70.0355521985,30.6958681904,47.4740918435,0.0114751892849,0.0115214788821,-4.62895971554e-05,-0.000345607986674,4744.01604005,21511,43.0220020434,4220.63314495,523.29688333,22720,-1.3628024135e-05,1.3628024135e-05,1.41273641586,0,0,0,0,0.00115630857181,0.00075507251313
45.5040021613,2574.94323887,-389.319175156,51.904964447,-475.1746521,3.26041078568,0.229224279523,102.924095154,39.3848762512,0.974246501923,0.000232830643654,0.000465661287308,8,523.29688333,7.67603421206,0.986245821204,74.1500545885,9.75275987536,128.140760353,142.184682772,5150.0108093,0.0125728547573,3720.03833763,3711.39775962,53,70.0355521985,26.8289768428,46.2910174974,0.0112980154537,0.0113259375212,-2.7922067436e-05,-0.0006157279131,4744.01604005,21511,43.0220020434,4220.63314495,523.29688333,22752,-1.3573349861e-05,1.3573349861e-05,1.41264843941,0,0,0,0,0.000518559769262,0.000338847778039
45.5680021644,2553.58009599,-285.670743324,38.0863075256,-478.518280029,2.30286669731,0.172687068582,102.924446106,39.3846931458,0.974246680737,0.000232830643654,0.000465661287308,8,523.29688333,14.7888153971,3.19361010837,71.1102103078,9.37015980149,129.41811292,148.616119986,5150.01174062,0.0125728547573,3720.03833763,3711.39775962,53,70.0355521985,23.9018499997,44.7395832452,0.0111847987955,0.0111631379696,2.16608259107e-05,0.000478394213133,4744.01604005,21511,43.0220020434,4220.63314495,523.29688333,22784,-1.36186399686e-05,1.36186399686e-05,1.41481482983,0,0,0,0,0.00023280181631,0.000152167747729
45.6320021674,2538.04330714,-206.115393667,27.4797973633,-481.506591797,1.62199747562,0.126709699631,102.92363739,39.3827972412,0.974246144295,0.000232830643654,0.000465661287308,8,523.29688333,74.6232233158,16.4721872351,71.4058473709,12.9322463572,127.403865918,134.889167384,5150.01127496,0.0125728547573,3722.05255553,3725.12405738,53,70.0355521985,24.601995392,44.4761499239,0.0112624403553,0.0112513589556,1.10813996868e-05,-7.54880602472e-05,4744.01604005,21511,43.0220020434,4220.63314495,523.29688333,22816,-1.3868170754e-05,1.3868170754e-05,1.41266107559,0,0,0,0,0.000104563812783,6.8355948315e-05
45.6960021704,2526.89607441,-147.142171045,19.6173458099,-483.903198242,1.1410163641,0.0913689360023,102.909683228,39.3624992371,0.974236965179,0.000232830643654,0.000465661287308,8,523.29688333,105.517073004,22.7210150481,102.010740232,20.3933483738,86.2663946464,101.563186035,5150.01127496,0.0125728547573,3763.19000497,3758.45027156,53,70.0355521985,30.968192732,48.6793032906,0.0115678032014,0.011597876437,-3.00732355685e-05,-0.000422005541623,4744.01604005,21511,43.0220020434,4220.63314495,523.29688333,22848,-1.3759002286e-05,1.3759002286e-05,1.41608798504,0,0,0,0,4.69753031211e-05,3.07107729896e-05
45.7600021735,2518.96586269,-104.352337075,13.9125032425,-485.719573975,0.802255570889,0.0651614069939,102.906608582,39.3578033447,0.974234938622,0.000232830643654,0.000465661287308,8,523.29688333,110.093203073,23.0154453471,108.763579758,22.0226190907,65.571963205,84.8032796057,5150.01220629,0.0125728547573,3783.88445824,3775.21011978,53,70.0355521985,35.3626201104,51.224771596,0.0117539653982,0.0116961018648,5.78635334092e-05,0.000411091605201,4744.01604005,21511,43.0220020434,4220.63314495,523.29688333,22880,-1.37416191137e-05,1.37416191137e-05,1.41278934479,0,0,0,0,2.11056903936e-05,1.37985225592e-05
45.8240021765,2513.35394569,-73.7089212635,9.82704925537,-487.053344727,0.563982963562,0.0461569391191,102.906150818,39.3567352295,0.974234640598,0.000232830643654,0.000465661287308,8,523.29688333,106.379050506,20.9921029725,106.357317765,20.8065762672,59.3873592152,78.6584569141,5150.01174062,0.0125728547573,3790.06844014,3781.35452047,53,70.0355521985,37.6712159778,53.1423720531,0.011767494576,0.011683368939,8.41256370121e-05,-4.18367562816e-05,4744.01604005,21511,43.0220020434,4220.63314495,523.29688333,22912,-1.37769420689e-05,1.37769420689e-05,1.41079330444,0,0,0,0,9.4830584203e-06,6.19992897555e-06
45.8880021796,2509.39489342,-51.937848184,6.92447805405,-488.014678955,0.396482676268,0.0325658544898,102.906784058,39.3566627502,0.974235057831,0.000232830643654,0.000465661287308,8,523.29688333,52.3910978901,9.07307608642,101.370997771,18.5497607463,59.3873592152,78.5844022175,5150.01174062,0.0125728547573,3790.06844014,3781.42832778,54,70.0307646184,39.3807895307,54.6263036085,0.0113755236758,0.0114287104225,-5.31867466735e-05,0.000212821760215,4744.01604005,21511,43.0220020434,4220.63314495,523.29688333,22944,-1.34136780616e-05,1.34136780616e-05,1.41256296635,0,0,0,0,4.26094220529e-06,2.78577681456e-06
45.9520021826,2506.60721213,-36.5495616279,4.87287473679,-488.699371338,0.278773277998,0.0229232702404,102.906959534,39.356628418,0.97423517704,0.000232830643654,0.000465661287308,8,523.29688333,2.13658844208,-1.47493515555,97.1307546515,16.9190012597,71.3870904292,93.1749018491,5150.01127496,0.0125728547573,3790.06844014,3781.42832778,54,70.0307646184,30.3969281958,49.3573716085,0.0111203748848,0.0111758708954,-5.54960105648e-05,0,4744.01604005,21511,43.0220020434,4220.63314495,523.29688333,22976,-1.35532054628e-05,1.35532054628e-05,1.41289412975,0,0,0,0,1.91454842025e-06,1.25172323351e-06
46.0160021856,2504.64654528,-25.6978528341,3.42609906197,-489.184783936,0.196074351668,0.0161108709872,102.90750885,39.3566093445,0.974235534668,0.000232830643654,0.000465661287308,8,523.29688333,4.63195572754,-0.834516522428,93.0917902627,15.2950794927,98.6436425592,107.062180177,5150.0108093,0.0125728547573,3790.06844014,3781.42832778,54,70.0307646184,27.3201403616,46.9565129606,0.0111950102938,0.0111849658424,1.00444513818e-05,-0.000474756234325,4744.01604005,21511,43.0220020434,4220.63314495,523.29688333,23008,-1.35252766995e-05,1.35252766995e-05,1.41435790062,0,0,0,0,8.60258978719e-07,5.62433967843e-07
46.0800021887,2503.26818787,-18.060198272,2.40782880783,-489.527191162,0.137964650989,0.0113137876615,102.907875061,39.3565788269,0.974235773087,0.000232830643654,0.000465661287308,8,523.29688333,5.97562484261,-0.444962304436,89.2288120011,13.7285962179,111.663794087,114.576680062,5150.01174062,0.0125728547573,3790.06844014,3781.42832778,54,70.0307646184,27.9344112641,46.8559082947,0.0109760210226,0.0110394466901,-6.34256674958e-05,0.000602085492574,4744.01604005,21511,43.0220020434,4220.63314495,523.29688333,23040,-1.39019984999e-05,1.39019984999e-05,1.4126251936,0,0,0,0,3.8653851675e-07,2.52717313742e-07
46.1440021917,2502.29937956,-12.6934701257,1.6923238039,-489.767669678,0.0971263200045,0.00794200785458,102.907783508,39.3565368652,0.974235713482,0.000232830643654,0.000465661287308,8,523.29688333,6.69194188796,-0.117987007219,85.5332351775,12.4117162589,118.604904856,120.884033095,5150.01034364,0.0125728547573,3790.06844014,3781.42832778,54,70.0307646184,28.8017290586,47.0142331324,0.0110818350468,0.0110521796159,2.96554308887e-05,-0.000807631295174,4744.01604005,21511,43.0220020434,4220.63314495,523.29688333,23072,-1.33630455821e-05,1.33630455821e-05,1.41274189949,0,0,0,0,1.73682607851e-07,1.13552985681e-07
46.2080021948,2501.61834992,-8.92043408385,1.18929362297,-489.936737061,0.0684224814177,0.00557358656079,102.908058167,39.3565063477,0.974235892296,0.000232830643654,0.000465661287308,8,523.29688333,7.11214987711,0.180748605002,81.997888793,11.3662932163,122.676719911,126.646642457,5150.01127496,0.0125728547573,3790.06844014,3781.42832778,54,70.0307646184,29.6553571388,47.2270730825,0.0113530563145,0.0113032001536,4.98561608664e-05,-0.000127329258248,4744.01604005,21511,43.0220020434,4220.63314495,523.29688333,23104,-1.37253800858e-05,1.37253800858e-05,1.41245317459,0,0,0,0,7.80404647571e-08,5.10225461881e-08
46.2720021978,2501.13988295,-6.27216195426,0.836219608784,-490.055236816,0.0482400469482,0.00391072453931,102.908409119,39.3564949036,0.974236130714,0.000232830643654,0.000465661287308,8,523.29688333,7.38036739187,0.458177252682,78.6159973892,10.5585038178,125.275750179,131.998240249,5150.01174062,0.0125728547573,3790.06844014,3781.42832778,54,70.0307646184,30.4596833303,47.4246771773,0.0115453078625,0.0115451257443,1.82118209402e-07,9.64064383879e-05,4744.01604005,21511,43.0220020434,4220.63314495,523.29688333,23136,-1.34799201987e-05,1.34799201987e-05,1.41271615028,0,0,0,0,3.50657742842e-08,2.29258585449e-08
46.3360022008,2500.80344267,-4.40968142357,0.587909281254,-490.138549805,0.0340482518077,0.00274354266003,102.908683777,39.356464386,0.974236309528,0.000232830643654,0.000465661287308,8,523.29688333,7.5879404322,0.796369374496,75.381005252,9.9454099682,127.287130454,138.52196571,5150.01174062,0.0125728547573,3790.06844014,3781.42832778,54,70.0307646184,28.9904292003,46.9795049867,0.011454436552,0.0114378053695,1.66311825422e-05,0.000203726813197,4744.01604005,21511,43.0220020434,4220.63314495,523.29688333,23168,-1.36432036015e-05,1.36432036015e-05,1.41472578049,0,0,0,0,1.57560364755e-08,1.03012309793e-08
46.4000022039,2500.56688674,-3.10140922011,0.413487285376,-490.196990967,0.0240565035492,0.00192569149658,102.908958435,39.3564491272,0.974236488342,0.000232830643654,0.000465661287308,8,523.29688333,7.89537686486,1.28275556796,72.2872795948,9.50287730086,129.401814775,147.447644849,5150.01174062,0.0125728547573,3790.06844014,3781.42832778,54,70.0307646184,23.995356969,45.1009982498,0.011595951796,0.011692463886,-9.65120899865e-05,-5.09317032993e-05,4744.01604005,21511,43.0220020434,4220.63314495,523.29688333,23200,-1.36084981932e-05,1.36084981932e-05,1.41281652451,0,0,0,0,7.07962977131e-09,4.62863258832e-09
46.4640022069,2500.40064566,-2.18269542529,0.291002184153,-490.237945557,0.0170275848359,0.00135024031624,102.909233093,39.3564300537,0.974236667156,0.000232830643654,0.000465661287308,8,523.29688333,45.538135398,11.2319413665,69.3292901784,9.62145423507,129.422332975,147.184735397,5150.01174062,0.0125728547573,3790.06844014,3782.86279738,54,70.0307646184,24.148808734,44.280597649,0.0116168213243,0.011606971384,9.84994030784e-06,3.45607986674e-05,4744.01604005,21511,43.0220020434,4220.63314495,523.29688333,23232,-1.36912867674e-05,1.36912867674e-05,1.41272771358,0,0,0,0,3.18107606923e-09,2.07977457478e-09
46.52800221,2500.28329901,-1.5367445485,0.204882457852,-490.266540527,0.0120689570904,0.00094772974262,102.943840027,39.3070411682,0.974259495735,0.000232830643654,0.000465661287308,8,523.29688333,98.6955632893,21.3031606131,94.0652735005,18.2580992293,100.752578874,112.692352559,5150.01267195,0.0125728547573,3818.73873994,3817.35502742,54,70.0307646184,27.6923765341,46.7112877232,0.0124967765164,0.0124655343825,3.12421338799e-05,0.000107320374809,4744.01604005,21511,43.0220020434,4220.63314495,523.29688333,23264,-1.37312290462e-05,1.37312290462e-05,1.41341769695,0,0,0,0,1.42934653002e-09,9.3450092109e-10
46.592002213,2500.20087697,-1.0841057474,0.144535571337,-490.286468506,0.00857112091035,0.00066585780587,102.960594177,39.2826576233,0.97427046299,0.000232830643654,0.000465661287308,8,523.29688333,109.651538397,23.2955940782,107.639161278,21.8752766724,71.4198322385,89.7512145457,5150.01220629,0.0135041773319,3848.07097726,3840.29559791,54,70.0307646184,34.147331462,50.4011841258,0.0123134564906,0.0122981873574,1.52691331801e-05,-0.000190993887372,4744.01604005,21511,43.0220020434,4220.63314495,523.29688333,23296,-1.3742342162e-05,1.3742342162e-05,1.41263580322,0,0,0,0,6.42245312488e-10,4.19897450143e-10
46.656002216,2500.14243647,-0.76366779922,0.1018140167,-490.300537109,0.00610526977107,0.00046653082245,102.964805603,39.2769165039,0.974273264408,0.000232830643654,0.000465661287308,8,523.29688333,108.676941787,21.9891666374,108.114461528,21.4884620802,60.5499735684,80.1352507551,5150.01220629,0.0135041773319,3858.94067585,3849.91150349,54,70.0307646184,36.8546716345,52.4283568666,0.0121075980491,0.012116288417,-8.69036786977e-06,-9.09494701773e-06,4744.01604005,21511,43.0220020434,4220.63314495,523.29688333,23328,-1.3527766896e-05,1.3527766896e-05,1.41365766525,0,0,0,0,2.88578827501e-10,1.88671703261e-10
46.7200022191,2500.10145828,-0.539723998827,0.0719572901726,-490.310302734,0.0043525621295,0.000330561975716,102.964988708,39.2766685486,0.974273383617,0.000232830643654,0.000465661287308,8,523.29688333,81.2512332585,15.4144301111,103.13159885,19.351661905,59.3881013629,78.5851589171,5150.01174062,0.0135041773319,3860.10226794,3851.46145709,55,70.0342425262,38.7637264794,54.102307331,0.0123624697285,0.0123709469335,-8.47720504904e-06,-0.000729414750822,4744.01604005,21511,43.0220020434,4220.63314495,523.29688333,23360,-1.37104307214e-05,1.37104307214e-05,1.41257882118,0,0,0,0,1.29666583026e-10,8.47754852429e-11
46.7840022221,2500.07258728,-0.382464662607,0.0509911030531,-490.317108154,0.00312134157866,0.000231519836234,102.965080261,39.2768325806,0.974273443222,0.000232830643654,0.000465661287308,8,523.29688333,11.9405435451,0.720801895348,98.7703790016,17.5081310449,59.3881013629,82.7550175018,5150.01220629,0.0135041773319,3860.10226794,3851.46145709,55,70.0342425262,36.7984212062,55.3066529392,0.012140481967,0.0122072378872,-6.67559202361e-05,-0.000100044417195,4744.01604005,21511,43.0220020434,4220.63314495,523.29688333,23392,-1.36583721542e-05,1.36583721542e-05,1.41298365593,0,0,0,0,5.82628320589e-11,3.80920052445e-11
46.8480022252,2500.05163252,-0.271384521966,0.0361816324294,-490.321624756,0.00225035240874,0.000160042502102,102.965080261,39.2769813538,0.974273443222,0.000232830643654,0.000465661287308,8,523.29688333,3.78613563433,-1.03669460388,94.6580418901,15.9470525717,90.4476473806,103.162165033,5150.01220629,0.0135041773319,3860.10226794,3851.46145709,55,70.0342425262,27.4555713986,47.1754174214,0.0121403256476,0.0121272023534,1.31232941181e-05,-2.0008883439e-05,4744.01604005,21511,43.0220020434,4220.63314495,523.29688333,23424,-1.36986227517e-05,1.36986227517e-05,1.41269946098,0,0,0,0,2.61791248402e-11,1.71158018314e-11
46.9120022282,2500.03719702,-0.191443248809,0.0255236718804,-490.325256348,0.00162650074344,0.000112064248242,102.965080261,39.2771148682,0.974273443222,0.000232830643654,0.000465661287308,8,523.29688333,5.55143627155,-0.58617359077,90.7271259222,14.3193310543,107.55340918,111.852714326,5150.01220629,0.0135041773319,3860.10226794,3851.46145709,55,70.0342425262,27.6258469967,46.845201723,0.0121017005444,0.0121362973005,-3.45967560156e-05,-2.91038304567e-05,4744.01604005,21511,43.0220020434,4220.63314495,523.29688333,23456,-1.33398671096e-05,1.33398671096e-05,1.41286444664,0,0,0,0,1.17630133065e-11,7.69061030137e-12
46.9760022312,2500.02695248,-0.135852218364,0.018112141639,-490.327636719,0.00117613142356,8.10067358543e-05,102.965080261,39.2772521973,0.974273443222,0.000232830643654,0.000465661287308,8,523.29688333,6.4581295109,-0.242329712177,86.9666658424,12.8960297,116.339266242,118.485462735,5150.01313761,0.0135041773319,3860.10226794,3851.46145709,55,70.0342425262,28.4575726255,46.9385377073,0.0123176771144,0.0123309291666,-1.32520522333e-05,0.000707586877979,4744.01604005,21511,43.0220020434,4220.63314495,523.29688333,23488,-1.36695198307e-05,1.36695198307e-05,1.41186106205,0,0,0,0,5.28545219744e-12,3.4556064607e-12
47.0400022343,2500.01950189,-0.096221270951,0.0128284497187,-490.32925415,0.000860397238284,5.83541877859e-05,102.965080261,39.2773742676,0.974273443222,0.000232830643654,0.000465661287308,8,523.29688333,6.97064076245,0.0661113367172,83.3690804617,11.7463378436,121.305500215,124.435289763,5150.01220629,0.0135041773319,3860.10226794,3851.46145709,55,70.0342425262,29.3252396659,47.1430212201,0.0122089356541,0.0122672645375,-5.832888339e-05,-0.000160071067512,4744.01604005,21511,43.0220020434,4220.63314495,523.29688333,23520,-1.362209332e-05,1.362209332e-05,1.41299271584,0,0,0,0,2.37490149074e-12,1.55270089321e-12
47.1040022373,2500.01437962,-0.0685093439756,0.00913382973522,-490.330444336,0.000625098065939,4.46839694632e-05,102.965354919,39.2775154114,0.974273622036,0.000232830643654,0.000465661287308,8,523.29688333,7.28779997815,0.351515998146,79.9275943217,10.8504665681,124.378770124,129.940744955,5150.01220629,0.0135041773319,3860.10226794,3851.46145709,55,70.0342425262,30.1498730551,47.3506042908,0.0122253491913,0.0122727215057,-4.73723144045e-05,-0.000165528035723,4744.01604005,21511,43.0220020434,4220.63314495,523.29688333,23552,-1.33044823087e-05,1.33044823087e-05,1.41078794003,0,0,0,0,1.06710972524e-12,6.9767195493e-13
47.1680022404,2500.01065433,-0.0476902712876,0.00635818112642,-490.331390381,0.000472501211334,3.16918267345e-05,102.965354919,39.2776451111,0.974273622036,0.000232830643654,0.000465661287308,8,523.29688333,7.50393847996,0.632972266815,76.6356004347,10.1649384883,126.473154523,135.370035423,5150.01220629,0.0135041773319,3860.10226794,3851.46145709,55,70.0342425262,30.4594068439,47.398978495,0.0123519963285,0.0123818608699,-2.98645413954e-05,-0.000274667399935,4744.01604005,21511,43.0220020434,4220.63314495,523.29688333,23584,-1.37368633659e-05,1.37368633659e-05,1.41056120396,0,0,0,0,4.7948233925e-13,3.13483532752e-13
47.2320022434,2500.00809319,-0.0351022286793,0.00467991316691,-490.331817627,0.000358729419531,2.37903532252e-05,102.965675354,39.2777671814,0.97427380085,0.000232830643654,0.000465661287308,8,523.29688333,7.72410059701,1.08852571744,73.4869679262,9.65822757866,128.606523504,144.157660543,5150.01220629,0.0135041773319,3860.10226794,3851.46145709,55,70.0342425262,25.6879084191,45.8615832031,0.0125859851569,0.0126829036162,-9.69184593691e-05,-0.000575710146222,4744.01604005,21511,43.0220020434,4220.63314495,523.29688333,23616,-1.35285217766e-05,1.35285217766e-05,1.41304636002,0,0,0,0,2.15444903671e-13,1.40856917059e-13
47.2960022464,2500.00623055,-0.0267880935212,0.00357145257294,-490.332000732,0.00026025500847,2.20389192691e-05,102.965675354,39.277885437,0.97427380085,0.000232830643654,0.000465661287308,8,523.29688333,23.0255682484,5.40437448546,70.4762031812,9.30729544879,129.42054309,148.614577483,5150.01174062,0.0135041773319,3860.10226794,3851.46145709,55,70.0342425262,24.0229310293,44.5200821559,0.0125010082425,0.0125710357679,-7.0027525445e-05,-0.000929503585212,4744.01604005,21511,43.0220020434,4220.63314495,523.29688333,23648,-1.39125113492e-05,1.39125113492e-05,1.41609716415,0,0,0,0,9.68054304253e-14,6.32909523401e-14
47.3600022495,2500.00483356,-0.0200234708814,0.00266957702115,-490.332244873,0.000182188363397,2.14113661059e-05,102.97844696,39.2609176636,0.974282205105,0.000232830643654,0.000465661287308,8,523.29688333,85.7283830339,18.6152318193,80.7200373066,15.0259848308,118.518240924,126.655941131,5150.01313761,0.0135041773319,3871.00456282,3873.42087924,55,70.0342425262,25.3125654126,45.0072293461,0.0127841403158,0.0128202373162,-3.60970003888e-05,0.000218278728426,4744.01604005,21511,43.0220020434,4220.63314495,523.29688333,23680,-1.35975315061e-05,1.35975315061e-05,1.40920484066,0,0,0,0,4.3497391561e-14,2.84383993676e-14
47.4240022525,2500.00343658,-0.0132701316602,0.00176920567174,-490.332427979,0.000139645286254,1.72666914295e-05,103.002540588,39.2285614014,0.97429805994,0.000232830643654,0.000465661287308,8,523.29688333,107.62401355,23.1033193823,104.708010002,21.1324868117,80.0693887868,96.7164232861,5150.01313761,0.0139698386192,3909.45374966,3903.3612702,55,70.0342425262,32.4438224197,49.4632186019,0.0130045222507,0.0130021362565,2.38599418001e-06,3.63797880709e-05,4744.01604005,21511,43.0220020434,4220.63314495,523.29688333,23712,-1.35021164169e-05,1.35021164169e-05,1.41237652302,0,0,0,0,1.95445991612e-14,1.27781670946e-14
47.4880022556,2500.00297092,-0.00855897752672,0.00114110333379,-490.332855225,0.000118394389574,1.25427623061e-05,103.007621765,39.2212905884,0.9743013978,0.000232830643654,0.000465661287308,8,523.29688333,109.851183693,22.7205682341,108.823049973,21.9202254308,63.312407292,82.7900876175,5150.01267195,0.0139698386192,3926.21010542,3917.28803515,55,70.0342425262,35.9291880159,51.6603176948,0.0127350276019,0.0127856765175,-5.06489156171e-05,-0.000212821760215,4744.01604005,21511,43.0220020434,4220.63314495,523.29688333,23744,-1.37062324939e-05,1.37062324939e-05,1.42247831821,0,0,0,0,8.78193680021e-15,5.74158784549e-15
47.5520022586,2500.00250526,-0.00559263035882,0.000745622848626,-490.333007812,0.00010248527542,1.01549258034e-05,103.008522034,39.220123291,0.974301934242,0.000232830643654,0.000465661287308,8,523.29688333,101.455848487,19.8532069853,105.067446248,20.2709103438,59.3869117438,78.5834199633,5150.01220629,0.0139698386192,3930.13609573,3921.49435356,56,70.0336458976,38.0785641028,53.5026301804,0.012739369018,0.0127874955069,-4.81264889052e-05,-0.000680302036926,4744.01604005,21511,43.0220020434,4220.63314495,523.29688333,23776,-1.34774090839e-05,1.34774090839e-05,1.41167783737,0,0,0,0,3.94596905335e-15,2.57985610481e-15
47.6160022616,2500.0020396,-0.0036608907017,0.00048807868734,-490.33303833,9.16116478038e-05,8.72791224538e-06,103.008705139,39.2204093933,0.974302113056,0.000232830643654,0.000465661287308,8,523.29688333,36.2225354344,5.52028381176,100.442796571,18.15649665,59.3869117438,78.5834199633,5150.01313761,0.0139698386192,3930.13609573,3921.49435356,56,70.0336458976,39.6917093894,54.8827520106,0.0127110681009,0.0126728991745,3.81689263529e-05,0.000365616870113,4744.01604005,21511,43.0220020434,4220.63314495,523.29688333,23808,-1.35601376314e-05,1.35601376314e-05,1.41387939453,0,0,0,0,1.77303435266e-15,1.15920154013e-15
47.6800022647,2500.0020396,-0.00238146258269,0.000317502272082,-490.333221436,8.48452691571e-05,7.68352128944e-06,103.008522034,39.2205734253,0.974301934242,0.000232830643654,0.000465661287308,8,523.29688333,2.64322679023,-1.32038763225,96.2513587276,16.5865368325,79.3728613644,97.6897281362,5150.01220629,0.0139698386192,3930.13609573,3921.49435356,56,70.0336458976,28.5387322947,47.8032889077,0.0126814562323,0.012607415556,7.40406763677e-05,-0.000500222085975,4744.01604005,21511,43.0220020434,4220.63314495,523.29688333,23840,-1.34833535412e-05,1.34833535412e-05,1.41252028942,0,0,0,0,7.96674032743e-16,5.20861946849e-16
47.7440022677,2500.00180677,-0.00156317891964,0.00020840675279,-490.333190918,8.04185910965e-05,7.00345208315e-06,103.008255005,39.2207298279,0.974301815033,0.000232830643654,0.000465661287308,8,523.29688333,5.00124385652,-0.740889756607,92.2510107902,14.9437618942,102.222045825,108.868240204,5150.01267195,0.0139698386192,3930.13609573,3921.49435356,56,70.0336458976,27.3878322332,46.8934667879,0.0128661405002,0.0129348336486,-6.86931483918e-05,-0.000361978891306,4744.01604005,21511,43.0220020434,4220.63314495,523.29688333,23872,-1.35600839712e-05,1.35600839712e-05,1.41049647331,0,0,0,0,3.57967902562e-16,2.34037850304e-16
47.8080022708,2500.00180677,-0.00102128527857,0.000136160189868,-490.333282471,7.7503551438e-05,6.57068312648e-06,103.008338928,39.2208824158,0.974301815033,0.000232830643654,0.000465661287308,8,523.29688333,6.1661086199,-0.371706349661,88.4245467567,13.4230825506,113.509580842,115.989787446,5150.01267195,0.0139698386192,3930.13609573,3921.49435356,56,70.0336458976,28.1157845166,46.8779835501,0.0127990936877,0.0128402461996,-4.11525119537e-05,-0.000267391442321,4744.01604005,21511,43.0220020434,4220.63314495,523.29688333,23904,-1.34960646392e-05,1.34960646392e-05,1.41277682781,0,0,0,0,1.60845018648e-16,1.05159782294e-16
47.8720022738,2500.00180677,-0.000667920496689,8.90487572178e-05,-490.333312988,7.55905930419e-05,6.2870894908e-06,103.008255005,39.2210426331,0.974301815033,0.000232830643654,0.000465661287308,8,523.29688333,6.80004478726,-0.051982481257,84.7638067773,12.1654841916,119.652424473,122.157260193,5150.01313761,0.0139698386192,3930.13609573,3921.49435356,56,70.0336458976,28.9880954369,47.05858737,0.0127111711296,0.012720192899,-9.02176944262e-06,0.000318323145621,4744.01604005,21511,43.0220020434,4220.63314495,523.29688333,23936,-1.34690944833e-05,1.34690944833e-05,1.41265678406,0,0,0,0,7.22721663996e-17,4.72512333455e-17
47.9360022768,2500.00180677,-0.000436677083382,5.82188331464e-05,-490.333343506,7.43267301004e-05,6.10575216342e-06,103.007987976,39.2211761475,0.974301636219,0.000232830643654,0.000465661287308,8,523.29688333,7.17925987865,0.241873456002,81.261759025,11.1746063373,123.327015899,127.825740492,5150.01313761,0.0139698386192,3930.13609573,3921.49435356,56,70.0336458976,29.8320974252,47.2715073556,0.0124607474478,0.0124418875203,1.88599275086e-05,0.000596628524363,4744.01604005,21511,43.0220020434,4220.63314495,523.29688333,23968,-1.36224907692e-05,1.36224907692e-05,1.41322088242,0,0,0,0,3.24739130913e-17,2.12313010307e-17
48.0000022799,2500.00180677,-0.00028492788684,3.79872653866e-05,-490.333374023,7.35178691684e-05,5.98212955083e-06,103.007896423,39.2213134766,0.974301576614,0.000232830643654,0.000465661287308,8,523.29688333,7.42508358723,0.515110761518,77.91186976,10.4117986589,125.709048007,133.096487843,5150.01267195,0.0139698386192,3930.13609573,3921.49435356,56,70.0336458976,30.6252841256,47.4624794151,0.0127289631197,0.0127711246023,-4.21614826385e-05,-0.000198269844986,4744.01604005,21511,43.0220020434,4220.63314495,523.29688333,24000,-1.36966564241e-05,1.36966564241e-05,1.41279268265,0,0,0,0,1.45914395357e-17,9.5398218922e-18
48.0640022829,2500.00180677,-0.000185945425724,2.47906882578e-05,-490.333374023,7.29889434297e-05,5.90184663452e-06,103.007804871,39.2214431763,0.97430151701,0.000232830643654,0.000465661287308,8,523.29688333,7.63566438181,0.899023351585,74.7075832686,9.83690832401,127.749575768,140.50216123,5150.01313761,0.0139698386192,3930.13609573,3921.49435356,56,70.0336458976,27.83333548,46.6269411845,0.0129255916109,0.0129666659632,-4.10743522528e-05,7.18500814401e-05,4744.01604005,21511,43.0220020434,4220.63314495,523.29688333,24032,-1.34770189106e-05,1.34770189106e-05,1.41257333755,0,0,0,0,6.55634396371e-18,4.28651031843e-18
48.128002286,2500.00180677,-0.000121418999854,1.61878706422e-05,-490.333374023,7.26416692487e-05,5.85005955145e-06,103.007621765,39.221572876,0.9743013978,0.000232830643654,0.000465661287308,8,523.29688333,10.3068385652,1.98636485163,71.6432521144,9.42738312714,129.420135636,148.54685287,5150.01360327,0.0139698386192,3930.13609573,3921.49435356,56,70.0336458976,23.6717405642,44.9364597443,0.0131804783893,0.0131722117658,8.26662349684e-06,0.000331965566147,4744.01604005,21511,43.0220020434,4220.63314495,523.29688333,24064,-1.35913260237e-05,1.35913260237e-05,1.41270768642,0,0,0,0,2.94594936448e-18,1.92604931768e-18
48.192002289,2500.00157394,-7.92682169903e-05,1.05682283902e-05,-490.333282471,7.24154233467e-05,5.81608537686e-06,103.007621765,39.221698761,0.9743013978,0.000232830643654,0.000465661287308,8,523.29688333,61.3255471785,14.2913392544,68.7136756751,11.2161261643,129.420135636,141.348471516,5150.01406893,0.0139698386192,3930.13609573,3928.76472324,56,70.0336458976,24.2957175942,44.2862437922,0.013074721375,0.0130185071612,5.62142138394e-05,0.000951331458054,4744.01604005,21511,43.0220020434,4220.63314495,523.29688333,24096,-1.34443962452e-05,1.34443962452e-05,1.4102935791,0,0,0,0,1.32369763639e-18,8.65428203307e-19
48.256002292,2500.00157394,-5.1743297147e-05,6.89854005032e-06,-490.333282471,7.2267910582e-05,5.79385277888e-06,102.985099792,39.2271728516,0.974286615849,0.000232830643654,0.000465661287308,8,523.29688333,102.986647985,22.2070452417,98.9572791107,19.5572897478,92.3424231587,106.248146039,5150.01267195,0.0139698386192,3967.21437573,3963.86487409,56,70.0336458976,29.4609744742,47.8215697512,0.0130538598403,0.013049429981,4.42985925719e-06,-0.000476575223729,4744.01604005,21511,43.0220020434,4220.63314495,523.29688333,24128,-1.38737859743e-05,1.38737859743e-05,1.41171979904,0,0,0,0,5.94774448385e-19,3.88861199027e-19
48.3200022951,2500.00157394,-3.3779597175e-05,4.50357674708e-06,-490.333282471,7.21715114196e-05,5.77937134949e-06,102.978263855,39.2288246155,0.974282085896,0.000232830643654,0.000465661287308,8,523.29688333,110.050243003,23.1901001882,108.434006804,22.0163362262,67.9315417074,86.8338975124,5150.01360327,0.0139698386192,3991.6257374,3983.2778275,56,70.0336458976,34.8453177139,50.8541852469,0.013116387601,0.0132095010486,-9.3113447508e-05,0.000294676283374,4744.01604005,21511,43.0220020434,4220.63314495,523.29688333,24160,-1.35063546622e-05,1.35063546622e-05,1.41273248196,0,0,0,0,2.67248846875e-19,1.7472618797e-19
48.3840022981,2500.00157394,-2.20495670333e-05,2.93970106213e-06,-490.333282471,7.21085525583e-05,5.76991669732e-06,102.976402283,39.2292022705,0.974280893803,0.000232830643654,0.000465661287308,8,523.29688333,107.670775201,21.5051040714,107.331057371,21.1472444929,59.7004327574,79.1798302089,5150.01313761,0.0139698386192,3999.85583499,3990.93190208,56,70.0336458976,37.3119728465,52.8252348886,0.0133951477271,0.0134205038194,-2.53560922259e-05,-0.000381987774745,4744.01604005,21511,43.0220020434,4220.63314495,523.29688333,24192,-1.36014541567e-05,1.36014541567e-05,1.41255664825,0,0,0,0,1.2008242991e-19,7.85093598363e-20
48.4480023012,2500.00157394,-1.43918470891e-05,1.91875551536e-06,-490.333282471,7.20674797776e-05,5.7637394093e-06,102.976585388,39.2293434143,0.974281013012,0.000232830643654,0.000465661287308,8,523.29688333,66.0355310098,12.0712192508,102.159294908,18.9003907273,59.3894292251,78.5861775512,5150.01267195,0.0139698386192,4000.16689673,3991.52562022,57,70.0306991348,39.1082321585,54.3966889381,0.0132848395201,0.013229509932,5.53295881334e-05,-0.00065665517468,4744.01604005,21511,43.0220020434,4220.63314495,523.29688333,24224,-1.35095233418e-05,1.35095233418e-05,1.4122992754,0,0,0,0,5.39564065143e-20,3.5276464622e-20
48.5120023042,2500.00157394,-9.39555377943e-06,1.25263773043e-06,-490.333282471,7.20406824257e-05,5.75970852879e-06,102.976768494,39.2293968201,0.974281132221,0.000232830643654,0.000465661287308,8,523.29688333,4.76321604551,-0.853753731731,97.8716016037,17.1858316367,64.1939259367,88.3623724803,5150.01360327,0.0144354999065,4000.16689673,3991.52562022,57,70.0306991348,33.1140327035,52.3277994944,0.0134844416327,0.0135387381306,-5.42964978534e-05,-3.45607986674e-05,4744.01604005,21511,43.0220020434,4220.63314495,523.29688333,24256,-1.34901920319e-05,1.34901920319e-05,1.40955364704,0,0,0,0,2.4244127379e-20,1.5850707932e-20
48.5760023072,2501.24488957,114.144713734,-15.2180461884,-506.160980225,0.0689831078053,-0.000825454306323,102.976585388,39.229434967,0.974281013012,0.000232830643654,0.000465661287308,9,523.383263499,4.27767340809,-0.920200093129,93.799778072,15.5908484026,95.210649306,105.409344542,5150.01406893,0.0149011611938,4000.16689673,3991.52562022,57,70.0306991348,27.3249879683,47.035573516,0.0137106784398,0.0137515598908,-4.08814510022e-05,0.000218278728426,4745.25945332,24275,48.550002306,4744.01611662,523.38297246,24288,-1.34965657708e-05,1.34965657708e-05,1.41699981689,0,0,0.00594302732497,0.00371439242736,0.00505575258285,0.00316263292916
48.6400023103,2517.62964763,366.812804714,-48.9043617249,-547.881286621,0.995186388493,-0.0174572262913,102.976585388,39.2294807434,0.974281013012,0.000232830643654,0.000465661287308,9,523.383263499,5.79607747948,-0.507828631409,89.9061527632,13.9921734592,109.923981654,113.36398893,5150.01313761,0.0149011611938,4000.16689673,3991.52562022,57,70.0306991348,27.7891322185,46.8452890345,0.0134484881703,0.0134405127028,7.97546750864e-06,-0.000401996658184,4761.64403261,24275,48.550002306,4744.01611662,523.38297246,24320,-1.35622331072e-05,1.35622331072e-05,1.4127548933,0,0,0.0197293311357,0.0123308319598,0.0188011229038,0.0117636648938
48.7040023133,2546.46572284,515.910447575,-68.7824172974,-581.898620605,2.38898086548,0.027177317068,102.976676941,39.2295265198,0.974281072617,0.000232830643654,0.000465661287308,9,523.383263499,6.59186928047,-0.173894204327,86.1812766593,12.6263270779,117.635201605,119.805583381,5150.01406893,0.0149011611938,4000.16689673,3991.52562022,57,70.0306991348,28.6456670437,46.9784790766,0.0135438430054,0.0135023583425,4.14846629271e-05,0.000467480276711,4790.48009538,24275,48.550002306,4744.01611662,523.38297246,24352,-1.37104416353e-05,1.37104416353e-05,1.41312754154,0,0,0.0333507321775,0.0208442080766,0.0323942825198,0.0202691480517
48.7680023164,2582.50301704,599.228485953,-79.8905715942,-610.677001953,3.9834830761,0.129054069519,102.976676941,39.2295684814,0.974281072617,0.000232830643654,0.000465661287308,9,523.383263499,7.05097297983,0.129107779391,82.6177883161,11.5341671052,122.083918541,125.6504911,5150.01360327,0.0149011611938,4000.16689673,3991.52562022,57,70.0306991348,29.5064091915,47.189038014,0.0138746361761,0.0139516487252,-7.70125491156e-05,-0.000447471393272,4826.5174737,24275,48.550002306,4744.01611662,523.38297246,24384,-1.34275724122e-05,1.34275724122e-05,1.41260170937,0,0,0.0466947294772,0.0291842091829,0.0457203164697,0.0286069437861
48.8320023194,2622.43091129,641.813036054,-85.5680465698,-635.932373047,5.67542886734,0.265289276838,102.976951599,39.2296257019,0.974281251431,0.000232830643654,0.000465661287308,9,523.383263499,7.34004883536,0.410112155302,79.2089269247,10.6872622519,124.885060359,131.07106497,5150.01453459,0.0153668224812,4000.16689673,3991.52562022,57,70.0306991348,30.3200122289,47.3916297778,0.0140042818036,0.0140989868669,-9.47050632361e-05,0.000336513039656,4866.44511454,24275,48.550002306,4744.01611662,523.38297246,24416,-1.36516882776e-05,1.36516882776e-05,1.41597378254,0,0,0.0596511214972,0.0372819527984,0.0586700998247,0.0367085523903
48.8960023224,2664.14601356,657.586380839,-87.6709899902,-658.489624023,7.39832830429,0.421638458967,102.977226257,39.229675293,0.974281430244,0.000232830643654,0.000465661287308,9,523.383263499,7.54900443549,0.716792471958,75.9481514209,10.0417093777,126.909842947,136.986927828,5150.01406893,0.0153668224812,4000.16689673,3991.52562022,57,70.0306991348,29.8026934615,47.2121355415,0.014117563632,0.0141390046338,-2.14410017518e-05,-0.00016916601453,4908.16053423,24275,48.550002306,4744.01611662,523.38297246,24448,-1.36567277877e-05,1.36567277877e-05,1.41885268688,0,0,0.0721130222082,0.0450706370175,0.0711376443505,0.0445074662566
48.9600023255,2706.20826632,654.209463391,-87.2207717896,-678.66394043,9.10247898102,0.589632213116,102.977226257,39.2297210693,0.974281430244,0.000232830643654,0.000465661287308,9,523.383263499,7.77080456542,1.18495159459,72.8295287002,9.57067217308,129.059088067,146.017715451,5150.01313761,0.0153668224812,4000.16689673,3991.52562022,57,70.0306991348,24.6890649578,45.429700549,0.0135557019637,0.0134923539008,6.33480629064e-05,-0.000453837856185,4950.22278051,24275,48.550002306,4744.01611662,523.38297246,24480,-1.37550332511e-05,1.37550332511e-05,1.41339588165,0,0,0.0839775949717,0.0524859987199,0.0830207914114,0.051939625293
49.0240023285,2747.55619466,636.310840491,-84.8344802856,-696.551879883,10.7479991913,0.764061748981,102.977729797,39.2297706604,0.974281728268,0.000232830643654,0.000465661287308,9,523.383263499,34.1898795511,8.40147340522,69.8476237463,9.2502735557,129.421809106,148.61782256,5150.01313761,0.0153668224812,4000.16689673,3991.52562022,57,70.0306991348,24.0831905103,44.3585886387,0.013157844217,0.013272256183,-0.000114411966012,-0.000233740138356,4991.57076729,24275,48.550002306,4744.01611662,523.38297246,24512,-1.35718337333e-05,1.35718337333e-05,1.41400933266,0,0,0.0951470211148,0.0594668984413,0.0942220985889,0.0589439459145
49.0880023316,2787.36348264,606.837566011,-80.9050369263,-712.141235352,12.3019170761,0.941462516785,102.910224915,39.2722854614,0.974237322807,0.000232830643654,0.000465661287308,9,523.383263499,93.7580705465,20.2644425277,88.7532627072,16.9180673452,108.588916191,118.735821161,5150.01220629,0.0153668224812,4021.00011706,4021.40617371,57,70.0306991348,26.4416594291,45.8454924228,0.0129268948462,0.0129148247652,1.20700810458e-05,-0.000807631295174,5031.37791281,24275,48.550002306,4744.01611662,523.38297246,24544,-1.36379521791e-05,1.36379521791e-05,1.41285669804,0,0,0.105529896915,0.0659561902285,0.104650072753,0.0654631331563
49.1520023346,2824.9672614,568.117713556,-75.7428131104,-725.417358398,13.7373380661,1.11920404434,102.855186462,39.306930542,0.974201083183,0.000232830643654,0.000465661287308,9,523.383263499,108.970498601,23.2783825822,106.577465232,21.624573718,74.9549653847,92.6351858652,5150.01360327,0.0153668224812,4054.63390052,4047.50648886,57,70.0306991348,33.4674259648,50.0068126712,0.0129656620579,0.0129530235427,1.26385152344e-05,0.000551153789274,5068.98159028,24275,48.550002306,4744.01611662,523.38297246,24576,-1.35485588544e-05,1.35485588544e-05,1.41272699833,0,0,0.115043893456,0.0719024315476,0.114222213626,0.0714455842972
49.2160023376,2859.84063521,522.082380485,-69.6052703857,-736.379333496,15.0334396362,1.29501831532,102.842277527,39.3149032593,0.974192559719,0.000232830643654,0.000465661287308,9,523.383263499,109.320969267,22.3488812265,108.558177154,21.7191609509,61.6009201622,81.1882637208,5150.01267195,0.0153668224812,4067.98860058,4058.95477161,57,70.0306991348,36.4495936083,52.0850226167,0.0132562314042,0.0132586137624,-2.3823581996e-06,-0.000685759005137,5103.8550265,24275,48.550002306,4744.01611662,523.38297246,24608,-1.33240619107e-05,1.33240619107e-05,1.41246306896,0,0,0.123609319329,0.0772558301687,0.122858680785,0.0768413692713
49.2800023407,2891.57847874,470.598693937,-62.7413444519,-745.077514648,16.1760730743,1.4665774107,102.840782166,39.3157577515,0.97419154644,0.000232830643654,0.000465661287308,9,523.383263499,91.9804319366,17.7716176415,103.975996783,19.7540820264,59.3866861891,78.5837546573,5150.01267195,0.0153668224812,4070.20235434,4061.55968085,58,70.0351520209,38.4615232178,53.8395943295,0.0132457127072,0.0132895365823,-4.38238750844e-05,-0.000716681824997,5135.59292665,24275,48.550002306,4744.01611662,523.38297246,24640,-1.36181179187e-05,1.36181179187e-05,1.41233980656,0,0,0.131154567003,0.0819716155529,0.130486935377,0.0816052183509
49.3440023437,2919.89953257,415.688788053,-55.4206237793,-751.643493652,17.1583461761,1.63134717941,102.841773987,39.3156089783,0.974192202091,0.000232830643654,0.000465661287308,9,523.383263499,21.7301866363,2.49549455421,99.5262857838,17.7919751477,59.3866861891,79.4031875557,5150.01267195,0.0153668224812,4070.20235434,4061.55968085,58,70.0351520209,39.2540969187,55.1211742277,0.01277481472,0.0128511601361,-7.63454161001e-05,-0.000278305378743,5163.91385622,24275,48.550002306,4744.01611662,523.38297246,24672,-1.34526990223e-05,1.34526990223e-05,1.41381132603,0,0,0.137616947293,0.0860105976462,0.137043267488,0.0856974348426
49.4080023468,2944.6426779,359.158439096,-47.8838615417,-756.239135742,17.980846405,1.78646421432,102.842048645,39.315448761,0.974192380905,0.000232830643654,0.000465661287308,9,523.383263499,3.3109157285,-1.15060276644,95.3790752039,16.2413308807,85.8427665662,100.964876765,5150.01220629,0.0153668224812,4070.20235434,4061.55968085,58,70.0351520209,27.748006687,47.3569452879,0.0128259062954,0.0127838575281,4.20487672459e-05,-0.000676664058119,5188.65715475,24275,48.550002306,4744.01611662,523.38297246,24704,-1.34309793793e-05,1.34309793793e-05,1.41144490242,0,0,0.142942979932,0.0893393605947,0.142472758889,0.0890838727355
49.4720023498,2965.76111577,302.65931855,-40.3512649536,-759.061584473,18.6509151459,1.92884647846,102.842277527,39.3152999878,0.974192559719,0.000232830643654,0.000465661287308,9,523.383263499,5.31926328078,-0.654360913114,91.4168236558,14.5996693151,105.303653982,110.537381261,5150.01313761,0.0153668224812,4070.20235434,4061.55968085,58,70.0351520209,27.504776881,46.8580947199,0.0127898959895,0.0128438841784,-5.39881889194e-05,0.000194631866179,5209.77563571,24275,48.550002306,4744.01611662,523.38297246,24736,-1.35921854962e-05,1.35921854962e-05,1.4128510952,0,0,0.147088453174,0.0919302850962,0.146729648113,0.0917361676693
49.5360023528,2983.29791985,247.408170253,-32.9850502014,-760.294250488,19.1812038422,2.05525779724,102.842597961,39.3151779175,0.974192738533,0.000232830643654,0.000465661287308,9,523.383263499,6.33355171785,-0.300442688722,87.6263904122,13.1304092928,115.132104838,117.364463222,5150.01220629,0.0153668224812,4070.20235434,4061.55968085,58,70.0351520209,28.3013523585,46.9084552606,0.012766078597,0.012805685401,-3.96068039477e-05,-0.000698491930962,5227.3124611,24275,48.550002306,4744.01611662,523.38297246,24768,-1.3559440049e-05,1.3559440049e-05,1.41487073898,0,0,0.150019049644,0.0937619134784,0.149777859449,0.0936320200562
49.6000023559,2997.36205488,194.184074644,-25.8890857697,-760.094360352,19.5874519348,2.16258955002,102.84287262,39.3150367737,0.974192917347,0.000232830643654,0.000465661287308,9,523.383263499,6.89709315966,0.0128735027237,84.0002602077,11.9319689276,120.592820167,123.408332001,5150.01313761,0.0153668224812,4070.20235434,4061.55968085,58,70.0351520209,29.1727683361,47.1044004371,0.0129881942562,0.013049429981,-6.12357248242e-05,-1.09139364213e-05,5241.37663865,24275,48.550002306,4744.01611662,523.38297246,24800,-1.37078304761e-05,1.37078304761e-05,1.41040384769,0,0,0.151710435748,0.0948190167546,0.151591062546,0.0947552844882
49.6640023589,3008.09624605,143.306577229,-19.1059761047,-758.574584961,19.8864917755,2.24795484543,102.843132019,39.3149108887,0.974193096161,0.000232830643654,0.000465661287308,9,523.383263499,7.24060295779,0.302050801467,80.5313572662,10.9937217367,123.921432532,128.986561322,5150.01360327,0.0153668224812,4070.20235434,4061.55968085,58,70.0351520209,30.0063929899,47.3151631013,0.0130433323725,0.0130039552459,3.93771265594e-05,0.000500222085975,5252.11075066,24275,48.550002306,4744.01611662,523.38297246,24832,-1.34095307658e-05,1.34095307658e-05,1.41889667511,0,0,0.152148500085,0.0950928106904,0.152154549956,0.0950977057219
49.728002362,3015.76172933,99.0089174593,-13.2001056671,-756.427368164,20.0965995789,2.3099925518,102.843315125,39.3147850037,0.97419321537,0.000232830643654,0.000465661287308,9,523.383263499,7.46770763086,0.574527699099,77.2131185488,10.2738082047,126.122075017,134.242640343,5150.01267195,0.0153668224812,4070.20235434,4061.55968085,58,70.0351520209,30.684946978,47.4691223644,0.0126439291953,0.0126983650262,-5.4435830843e-05,-0.000125510268845,5259.77618884,24275,48.550002306,4744.01611662,523.38297246,24864,-1.33552366606e-05,1.33552366606e-05,1.41378724575,0,0,0.151329487562,0.0945809409022,0.151875436306,0.094937980175
49.792002365,3020.7762029,59.3055810896,-7.90676164627,-753.592773438,20.2352619171,2.35019540787,102.843955994,39.3146858215,0.974193632603,0.000232830643654,0.000465661287308,9,523.383263499,7.68405214324,1.00359648876,74.0392886593,9.73643559822,128.218453028,142.519376823,5150.01267195,0.0153668224812,4070.20235434,4061.55968085,58,70.0351520209,26.6316110356,46.2206662633,0.0127703702751,0.0127729435917,-2.57331655984e-06,-0.00020008883439,5264.79076201,24275,48.550002306,4744.01611662,523.38297246,24896,-1.35222453537e-05,1.35222453537e-05,1.41193950176,0,0,0.149260133505,0.0932875871658,0.150700300932,0.0942511484027
49.856002368,3023.28588441,20.346704332,-2.71267127991,-749.629272461,20.312505722,2.36786532402,102.843864441,39.3145523071,0.974193572998,0.000232830643654,0.000465661287308,9,523.383263499,15.949136483,3.50518781118,71.0042567853,9.35917348698,129.41879686,148.61796808,5150.01313761,0.0153668224812,4070.20235434,4061.55968085,58,70.0351520209,23.9313030761,44.6999183623,0.0130117061153,0.0130357875605,-2.40814451713e-05,2.72848410532e-06,5267.30070167,24275,48.550002306,4744.01611662,523.38297246,24928,-1.3793846847e-05,1.3793846847e-05,1.41252970695,0,0,0.14595733583,0.0912233367562,0.148397177458,0.0928797796369
49.9200023711,3023.29473197,-18.9704187505,2.52918148041,-744.391723633,20.3338832855,2.36132025719,102.82660675,39.3247108459,0.974182188511,0.000232830643654,0.000465661287308,9,523.383263499,76.7617777853,16.8657315057,72.9315268198,13.2867273624,126.171711599,133.527893922,5150.01267195,0.0153668224812,4073.4494105,4076.6489692,58,70.0351520209,24.6923300438,44.5410441898,0.0128371913793,0.0129639374791,-0.000126746099727,-0.000391082721762,5267.61954984,24275,48.550002306,4744.01611662,523.38297246,24960,-1.35082336783e-05,1.35082336783e-05,1.41150653362,0,0,0.141448393464,0.088405251503,0.14491494,0.0907792896032
49.9840023741,3020.75664513,-59.2432443227,7.89845085144,-737.777954102,20.3021411896,2.32894968987,102.70085907,39.3987236023,0.974098980427,0.000232830643654,0.000465661287308,9,523.383263499,105.931796992,22.801553276,102.527696734,20.5358802164,85.1529839565,100.699078757,5150.01360327,0.0153668224812,4114.46718499,4109.4776243,58,70.0351520209,31.2499578285,48.8320947625,0.0131502849304,0.0132131390274,-6.28540969272e-05,0.000291038304567,5267.61954984,24275,48.550002306,4744.01611662,523.38297246,24992,-1.36401749842e-05,1.36401749842e-05,1.41317248344,0,0,0.135774314404,0.0848589465022,0.140267282724,0.0879502817988
50.0480023772,3015.61155356,-100.398101495,13.3853149414,-729.768310547,20.2174510956,2.26969242096,102.672264099,39.4155960083,0.97408002615,0.000232830643654,0.000465661287308,9,523.383263499,110.074319687,22.9726189553,108.79789654,22.0135894187,65.1541849948,84.4374371809,5150.01313761,0.0153668224812,4134.46640596,4125.73991343,58,70.0351520209,35.4604453605,51.29789497,0.0127241582409,0.0126965460368,2.76122041898e-05,0.000341970007867,5267.61954984,24275,48.550002306,4744.01611662,523.38297246,25024,-1.35618583954e-05,1.35618583954e-05,1.41758751869,0,0,0.128979772329,0.0806123614311,0.134493842721,0.0844129621983
50.1120023802,3007.80404359,-142.399047036,18.9849815369,-720.340332031,20.0783824921,2.18306469917,102.666419983,39.4192008972,0.974076092243,0.000232830643654,0.000465661287308,9,523.383263499,105.904277643,20.8496828333,106.110339481,20.7253714806,59.3888580624,78.6098389653,5150.01267195,0.0153668224812,4140.23175836,4131.56813011,59,70.029971539,37.7406395273,53.2039048267,0.0127360154228,0.0127056409838,3.03744390751e-05,-0.000132786226459,5267.61954984,24275,48.550002306,4744.01611662,523.38297246,25056,-1.35243053592e-05,1.35243053592e-05,1.40857481956,0,0,0.121117711067,0.0756985768676,0.12764492631,0.0801960751414
50.1760023832,2997.28335813,-185.158860404,24.6858215332,-709.480895996,19.8819274902,2.06916713715,102.667060852,39.4186172485,0.97407656908,0.000232830643654,0.000465661287308,9,523.383263499,49.646216789,8.47002456511,101.214393118,18.482099552,59.3888580624,78.5856027505,5150.01313761,0.0153668224812,4140.23175836,4131.59234449,59,70.029971539,39.4336348108,54.670334066,0.0130549034499,0.0130748958327,-1.99923827493e-05,-3.63797880709e-05,5267.61954984,24275,48.550002306,4744.01611662,523.38297246,25088,-1.35588106787e-05,1.35588106787e-05,1.41253232956,0,0,0.112251959741,0.0701574832201,0.119781300426,0.075335547328
50.2400023863,2984.00036991,-228.715653066,30.4929180145,-697.160705566,19.6230239868,1.92876839638,102.667602539,39.4183425903,0.974076926708,0.000232830643654,0.000465661287308,9,523.383263499,2.04203554432,-1.49144495666,96.9829471072,16.8645760154,72.8592203814,94.0495447139,5150.01360327,0.0153668224812,4140.23175836,4131.59234449,59,70.029971539,29.9685325444,48.928137403,0.0135890255298,0.0135969457915,-7.92026166874e-06,-9.27684595808e-05,5267.61954984,24275,48.550002306,4744.01611662,523.38297246,25120,-1.34575184347e-05,1.34575184347e-05,1.41780924797,0,0,0.102455317974,0.0640345811844,0.110972948372,0.0698733478785
50.3040023893,2967.89221466,-273.516983725,36.4659385681,-683.289306641,19.2931861877,1.76346743107,102.668144226,39.4181060791,0.974077284336,0.000232830643654,0.000465661287308,9,523.383263499,4.69760442748,-0.818265722387,92.9503992608,15.2361018727,99.2797795334,107.375657535,5150.01360327,0.0153668224812,4140.23175836,4131.59234449,59,70.029971539,27.3269488389,46.9438673463,0.0138455598792,0.0138734321808,-2.78723016889e-05,-0.00036925484892,5267.61954984,24275,48.550002306,4744.01611662,523.38297246,25152,-1.34986339617e-05,1.34986339617e-05,1.41316103935,0,0,0.0918083488941,0.0573802217841,0.101297654212,0.0638565048575
50.3680023924,2948.85761105,-320.210645441,42.6912498474,-667.730712891,18.8778705597,1.57613003254,102.668556213,39.4178581238,0.974077522755,0.000232830643654,0.000465661287308,9,523.383263499,6.00923477953,-0.43256187046,89.0936104721,13.6767786095,111.989473226,114.815884444,5150.01406893,0.0153668224812,4140.23175836,4131.59234449,59,70.029971539,27.9643227259,46.8590042146,0.0138948431233,0.0139316398418,-3.679671845e-05,3.81987774745e-05,5267.61954984,24275,48.550002306,4744.01611662,523.38297246,25184,-1.34925585371e-05,1.34925585371e-05,1.41262257099,0,0,0.080398991704,0.0502493716776,0.0908398330212,0.0573363117874
50.4320023954,2926.7470818,-369.7911161,49.3014373779,-650.279052734,18.3555316925,1.37100601196,102.668922424,39.4176177979,0.974077761173,0.000232830643654,0.000465661287308,9,523.383263499,6.71087654786,-0.106870140664,85.4038788549,12.3697981448,118.788382679,121.098477393,5150.01360327,0.0153668224812,4140.23175836,4131.59234449,59,70.029971539,28.8329920295,47.0216000394,0.0139663805659,0.0139843905345,-1.80099685165e-05,-0.000480213202536,5267.61954984,24275,48.550002306,4744.01611662,523.38297246,25216,-1.3530166143e-05,1.3530166143e-05,1.41360735893,0,0,0.068321146071,0.0427007190883,0.0796897411346,0.0503678396344
50.4960023984,2901.32756345,-423.858815338,56.5098724365,-630.606567383,17.6940364838,1.15425777435,102.669364929,39.4173927307,0.974078059196,0.000232830643654,0.000465661287308,9,523.383263499,7.12383342293,0.19103376828,81.8741359578,11.3336071223,122.789933812,126.845043269,5150.01360327,0.0153668224812,4140.23175836,4131.59234449,59,70.029971539,29.6850703307,47.2346291644,0.013868119611,0.0138825271279,-1.44075168462e-05,-0.000378349795938,5267.61954984,24275,48.550002306,4744.01611662,523.38297246,25248,-1.35563996082e-05,1.35563996082e-05,1.40600371361,0,0,0.0556747801602,0.0347967371345,0.0679423809052,0.0430093407631
50.5600024015,2872.21535109,-485.627620947,64.7450332642,-608.096740723,16.8434047699,0.935126304626,102.66973114,39.417175293,0.974078297615,0.000232830643654,0.000465661287308,9,523.383263499,7.38812712314,0.467756314749,78.4975403989,10.533473992,125.350939925,132.183020469,5150.01406893,0.0153668224812,4140.23175836,4131.59234449,59,70.029971539,30.487537515,47.4311964354,0.0139262206905,0.0139443727676,-1.81520770637e-05,2.54658516496e-05,5267.61954984,24275,48.550002306,4744.01611662,523.38297246,25280,-1.36448734338e-05,1.36448734338e-05,1.40955328941,0,0,0.0425643399358,0.0266027171165,0.0556968078017,0.0353216938674
50.6240024045,2838.74454908,-560.976099223,74.7906723022,-581.639282227,15.7220010757,0.728041887283,102.669822693,39.4169425964,0.97407835722,0.000232830643654,0.000465661287308,9,523.383263499,7.59587275455,0.813111223609,75.2677562088,9.92678386635,127.36399367,138.844916364,5150.01360327,0.0153668224812,4140.23175836,4131.59234449,59,70.029971539,28.8074716082,46.9257829536,0.0136878193918,0.0136915332405,-3.71384867304e-06,-0.000187355908565,5267.61954984,24275,48.550002306,4744.01611662,523.38297246,25312,-1.34693400469e-05,1.34693400469e-05,1.41346073151,0,0,0.0290981661528,0.0181863550097,0.0430549010634,0.0273678228259
50.6880024076,2799.75240119,-657.804717775,87.7000961304,-549.610717773,14.1925640106,0.556567013264,102.670280457,39.4167442322,0.974078655243,0.000232830643654,0.000465661287308,9,523.383263499,8.07123206086,1.3422579427,72.1789455059,9.48985377076,129.422798636,147.70301641,5150.01267195,0.0153668224812,4140.23175836,4131.59234449,59,70.029971539,23.8867360167,45.0738734799,0.0137057694777,0.0137606548378,-5.48853601456e-05,-0.00118780008052,5267.61954984,24275,48.550002306,4744.01611662,523.38297246,25344,-1.35420932565e-05,1.35420932565e-05,1.41281485558,0,0,0.0153879858553,0.00961749069393,0.030120562762,0.0192122180015
50.7520024106,2754.04402055,-769.679667428,102.615531921,-512.28302002,12.1191835403,0.443298488855,102.670768738,39.4165496826,0.974079012871,0.000232830643654,0.000465661287308,9,523.383263499,48.0138110492,11.7711534184,69.225658624,9.82445338307,129.422798636,146.445920109,5150.01313761,0.0153668224812,4140.23175836,4133.76512006,59,70.029971539,24.1665147769,44.2724740424,0.0137862748578,0.0138015820994,-1.53072415854e-05,-0.000763066054787,5267.61954984,24275,48.550002306,4744.01611662,523.38297246,25376,-1.36721082526e-05,1.36721082526e-05,1.41641545296,0,0,0.00154713937081,0.00096696219407,0.0169986337423,0.0109203094617
50.8160024136,2702.63990387,-801.148707978,106.811058044,-482.882385254,9.53106784821,0.396097660065,102.623207092,39.4248847961,0.974047422409,0.000232830643654,0.000465661287308,9,523.383263499,99.5227039468,21.4779985747,94.985849563,18.4979138386,99.2689092527,111.555105832,5150.01406893,0.0153668224812,4170.38518935,4168.65665466,59,70.029971539,27.971684176,46.8951002404,0.0141503094797,0.01418084139,-3.05319103333e-05,-0.000211002770811,5267.61954984,24275,48.550002306,4744.01611662,523.38297246,25408,-1.36013877636e-05,1.36013877636e-05,1.41263520718,0,0,0,0,0.00745016895235,0.00483344588429
50.8800024167,2654.38482165,-698.387040757,93.1106262207,-472.921783447,7.06220626831,0.364083528519,102.601600647,39.4286651611,0.974032998085,0.000232830643654,0.000465661287308,9,523.383263499,109.747178573,23.2867347083,107.805222274,21.9099615267,70.7841827534,89.2254538485,5150.01406893,0.0153668224812,4198.87062162,4190.98697603,59,70.029971539,34.2712810379,50.4777417518,0.0138445487297,0.0138061295729,3.84191567449e-05,0.000163709046319,5267.61954984,24275,48.550002306,4744.01611662,523.38297246,25440,-1.36239996209e-05,1.36239996209e-05,1.4070340395,0,0,0,0,0.00330636068247,0.00215438520536
50.9440024197,2614.22712356,-559.374515433,74.5771484375,-471.764648438,5.09108877182,0.311342090368,102.596572876,39.4295654297,0.974029660225,0.000232830643654,0.000465661287308,9,523.383263499,108.526636479,21.9121424918,108.002465029,21.436065811,60.3779881203,79.953148088,5150.01360327,0.0153668224812,4209.27628875,4200.25968924,59,70.029971539,36.9331501133,52.495746786,0.0135465186846,0.0135441950988,2.32358576824e-06,-4.0017766878e-05,5267.61954984,24275,48.550002306,4744.01611662,523.38297246,25472,-1.32270461108e-05,1.32270461108e-05,1.41234207153,0,0,0,0,0.00147746992297,0.000964550650679
51.0080024227,2582.91629143,-426.159851486,56.8166503906,-474.172424316,3.62417531013,0.248327851295,102.597297668,39.4294013977,0.974030137062,0.000232830643654,0.000465661287308,9,523.383263499,78.858317087,14.8885538097,102.967786573,19.2742587001,59.3871700403,78.5843367339,5150.01313761,0.0153668224812,4210.26721597,4201.62873343,60,70.03563951,38.8226253563,54.1529225302,0.013247092423,0.013229509932,1.75824910187e-05,-0.000190993887372,5267.61954984,24275,48.550002306,4744.01611662,523.38297246,25504,-1.34345063998e-05,1.34345063998e-05,1.41327464581,0,0,0,0,0.000662232865579,0.000432701985119
51.0720024258,2559.44696255,-314.856937621,41.9774780273,-477.503814697,2.56320476532,0.189034312963,102.597389221,39.4292526245,0.974030196667,0.000232830643654,0.000465661287308,9,523.383263499,10.3748000771,0.414114139421,98.6205571317,17.4535263424,59.6258869336,83.6100516608,5150.01360327,0.0153668224812,4210.26721597,4201.62873343,60,70.03563951,36.2032587873,55.1367556909,0.0134750771652,0.0134532456286,2.18315365785e-05,5.09317032993e-05,5267.61954984,24275,48.550002306,4744.01611662,523.38297246,25536,-1.35124291774e-05,1.35124291774e-05,1.41383433342,0,0,0,0,0.000297231046716,0.000194284788449
51.1360024288,2542.28361882,-228.160773986,30.4189395905,-480.646606445,1.80650961399,0.139667019248,102.597663879,39.4291381836,0.974030375481,0.000232830643654,0.000465661287308,9,523.383263499,3.87315976155,-1.01601789576,94.5149808291,15.8880584708,91.2909090403,103.561018477,5150.01453459,0.0153668224812,4210.26721597,4201.62873343,60,70.03563951,27.4206304312,47.14784518,0.0140530894699,0.0141408236232,-8.77341532757e-05,0.000294676283374,5267.61954984,24275,48.550002306,4744.01611662,523.38297246,25568,-1.35938626045e-05,1.35938626045e-05,1.40999865532,0,0,0,0,0.000133488036226,8.72693781275e-05
51.2000024319,2529.92636524,-163.322038134,21.7744846344,-483.231903076,1.27116537094,0.10116559267,102.597938538,39.4290084839,0.974030613899,0.000232830643654,0.000465661287308,9,523.383263499,5.59441053313,-0.572907139883,90.5903275825,14.2643115839,107.969826786,112.108624307,5150.01406893,0.0153668224812,4210.26721597,4201.62873343,60,70.03563951,27.6518330793,46.8441576231,0.0143271315922,0.0143172655953,9.86599690833e-06,-0.000347426976077,5267.61954984,24275,48.550002306,4744.01611662,523.38297246,25600,-1.35972541102e-05,1.35972541102e-05,1.41317105293,0,0,0,0,5.99666054768e-05,3.92069123336e-05
51.2640024349,2521.11651935,-116.020135465,15.4680814743,-485.218566895,0.893864989281,0.0723489522934,102.598022461,39.4288864136,0.974030613899,0.000232830643654,0.000465661287308,9,523.383263499,6.48143388378,-0.230858271398,86.8358665302,12.8503924085,116.565082863,118.706746434,5150.01453459,0.0153668224812,4210.26721597,4201.62873343,60,70.03563951,28.4888228634,46.9449114462,0.0141407136001,0.0141862983583,-4.55847581904e-05,0.000249201548286,5267.61954984,24275,48.550002306,4744.01611662,523.38297246,25632,-1.34375422931e-05,1.34375422931e-05,1.41253256798,0,0,0,0,2.69420143013e-05,1.76156336238e-05
51.3280024379,2514.8736313,-82.0321438368,10.9367218018,-486.688812256,0.628400266171,0.0513355433941,102.598655701,39.4288024902,0.974031090736,0.000232830643654,0.000465661287308,9,523.383263499,6.98452999472,0.076651480988,83.2439505604,11.7103519181,121.440083603,124.638609122,5150.01360327,0.0153668224812,4210.26721597,4201.62873343,60,70.03563951,29.3555021926,47.1506791655,0.0140200492327,0.0139916664921,2.83827406022e-05,-0.00048748916015,5267.61954984,24275,48.550002306,4744.01611662,523.38297246,25664,-1.34265455927e-05,1.34265455927e-05,1.41525256634,0,0,0,0,1.21052744362e-05,7.91497586761e-06
51.392002441,2510.46591438,-57.8422113904,7.71166181564,-487.752624512,0.441759943962,0.0362556502223,102.598930359,39.4286880493,0.97403126955,0.000232830643654,0.000465661287308,9,523.383263499,7.29678615898,0.361315348455,79.8078481631,10.8227531113,124.465848785,130.129774334,5150.01406893,0.0153668224812,4210.26721597,4201.62873343,60,70.03563951,30.1783111354,47.3575346405,0.0140855825892,0.0141299096867,-4.43270975481e-05,-0.000160071067512,5267.61954984,24275,48.550002306,4744.01611662,523.38297246,25696,-1.35231521199e-05,1.35231521199e-05,1.41274678707,0,0,0,0,5.43913665751e-06,3.55637826033e-06
51.456002444,2507.36088492,-40.7168154197,5.42846298218,-488.513336182,0.310586690903,0.0255341976881,102.599113464,39.4285850525,0.97403138876,0.000232830643654,0.000465661287308,9,523.383263499,7.51129717733,0.645887927491,76.520988975,10.1439711908,126.544458908,135.619178764,5150.01406893,0.0153668224812,4210.26721597,4201.62873343,60,70.03563951,30.3783745039,47.3754480481,0.0139767984964,0.0140753400046,-9.85415082866e-05,-0.000105501385406,5267.61954984,24275,48.550002306,4744.01611662,523.38297246,25728,-1.37777715281e-05,1.37777715281e-05,1.41496825218,0,0,0,0,2.44393663706e-06,1.59797264132e-06
51.5200024471,2505.17646782,-28.6313879769,3.81720519066,-489.053497314,0.218422025442,0.0179535485804,102.599472046,39.4284896851,0.974031627178,0.000232830643654,0.000465661287308,9,523.383263499,7.73198759702,1.10504730693,73.3773446689,9.64326938046,128.682950162,144.476362038,5150.01406893,0.0153668224812,4210.26721597,4201.62873343,60,70.03563951,25.5101494986,45.7890273537,0.0135907819443,0.0136342350743,-4.34531299831e-05,0.000335603544954,5267.61954984,24275,48.550002306,4744.01611662,523.38297246,25760,-1.3565703739e-05,1.3565703739e-05,1.41278207302,0,0,0,0,1.09812617666e-06,7.18012927337e-07
51.5840024501,2503.64048406,-20.1262009796,2.68327331543,-489.434295654,0.153663337231,0.0126116685569,102.599472046,39.4283866882,0.974031627178,0.000232830643654,0.000465661287308,9,523.383263499,24.6888828978,5.85117065589,70.3713483818,9.29750674236,129.418302095,148.616280057,5150.01360327,0.0153668224812,4210.26721597,4201.62873343,60,70.03563951,24.0333210968,44.4889665232,0.013642970087,0.0136642483994,-2.12783124454e-05,-0.000160071067512,5267.61954984,24275,48.550002306,4744.01611662,523.38297246,25792,-1.35569143822e-05,1.35569143822e-05,1.41714775562,0,0,0,0,4.93418724545e-07,3.22623264992e-07
51.6480024531,2502.5610812,-14.1439159052,1.88570070267,-489.702575684,0.108163245022,0.008853148669,102.610115051,39.4055099487,0.974038720131,0.000232830643654,0.000465661287308,9,523.383263499,87.2507077153,18.9234162992,82.182474259,15.3600240943,116.86450307,125.298800413,5150.01453459,0.0153668224812,4222.82144427,4224.94625673,60,70.03563951,25.4707865679,45.1277956017,0.0138633583502,0.0138843461173,-2.09877670798e-05,0.000551153789274,5267.61954984,24275,48.550002306,4744.01611662,523.38297246,25824,-1.35926993607e-05,1.35926993607e-05,1.41406011581,0,0,0,0,2.21706898174e-07,1.44963692605e-07
51.7120024562,2501.80251896,-9.94036508928,1.32527327538,-489.891052246,0.076181717217,0.00621281471103,102.62651825,39.3689994812,0.974049627781,0.000232830643654,0.000465661287308,9,523.383263499,107.894167564,23.1460084338,105.070339552,21.2308408333,79.1448183008,95.9861499723,5150.01406893,0.0153668224812,4260.54140553,4254.25870344,60,70.03563951,32.636726246,49.5646672789,0.0138339134592,0.0138206814881,1.32319710744e-05,0.000149157131091,5267.61954984,24275,48.550002306,4744.01611662,523.38297246,25856,-1.35116533784e-05,1.35116533784e-05,1.41117370129,0,0,0,0,9.9619128946e-08,6.51362412896e-08
51.7760024592,2501.26933679,-6.98684652889,0.93150305748,-490.0234375,0.0537071153522,0.00435737939551,102.630455017,39.3608016968,0.974052190781,0.000232830643654,0.000465661287308,9,523.383263499,109.780997267,22.6639254004,108.79933953,21.8933891212,62.9904825473,82.4963353807,5150.01453459,0.0153668224812,4276.69472992,4267.74891093,60,70.03563951,36.0185003956,51.732382417,0.0140977237661,0.0140425981954,5.51255707748e-05,0.000392901711166,5267.61954984,24275,48.550002306,4744.01611662,523.38297246,25888,-1.36097887662e-05,1.36097887662e-05,1.41214931011,0,0,0,0,4.47616699262e-08,2.9267534174e-08
51.8400024623,2500.89447945,-4.91116998091,0.654768943787,-490.116363525,0.0378918163478,0.00305775785819,102.631095886,39.3594245911,0.974052667618,0.000232830643654,0.000465661287308,9,523.383263499,100.17436389,19.5721609638,104.874971951,20.1821994478,59.3873483012,78.5844458733,5150.01360327,0.0153668224812,4280.29848263,4271.66093141,61,70.0309683452,38.1437748729,53.560906963,0.0138607511024,0.0139134499477,-5.26988452876e-05,-0.000409272615798,5267.61954984,24275,48.550002306,4744.01611662,523.38297246,25920,-1.32682462208e-05,1.32682462208e-05,1.41267001629,0,0,0,0,2.01126724164e-08,1.31507214007e-08
51.9040024653,2500.63091516,-3.45496073351,0.460623621941,-490.181243896,0.0267651639879,0.00214540516026,102.631095886,39.3595542908,0.974052667618,0.000232830643654,0.000465661287308,9,523.383263499,33.6508020928,4.95542893815,100.287554334,18.0939701546,59.3873483012,78.5844458733,5150.01360327,0.0153668224812,4280.29848263,4271.66093141,61,70.0309683452,39.7416188207,54.9241813133,0.0136505441395,0.0136969902087,-4.64460692129e-05,-0.000192812876776,5267.61954984,24275,48.550002306,4744.01611662,523.38297246,25952,-1.36956905408e-05,1.36956905408e-05,1.41338145733,0,0,0,0,9.03718699874e-09,5.9089879656e-09
51.9680024683,2500.44558197,-2.43146337198,0.324168503284,-490.226837158,0.0189346019179,0.00150478829164,102.631095886,39.3596420288,0.974052667618,0.000232830643654,0.000465661287308,9,523.383263499,2.76374251275,-1.28864758456,96.1037855775,16.529886674,80.5406598374,98.3019926935,5150.01360327,0.0153668224812,4280.29848263,4271.66093141,61,70.0309683452,28.3565659629,47.6940294902,0.0137519776677,0.0136988091981,5.3168469627e-05,-0.000194631866179,5267.61954984,24275,48.550002306,4744.01611662,523.38297246,25984,-1.35677983053e-05,1.35677983053e-05,1.41319417953,0,0,0,0,4.06066202885e-09,2.65507393848e-09
52.0320024714,2500.31496398,-1.71215253886,0.228268265724,-490.258666992,0.0134126208723,0.00105638615787,102.631538391,39.359752655,0.974052965641,0.000232830643654,0.000465661287308,9,523.383263499,5.05783587424,-0.72600703839,92.1099274307,14.8859397645,102.770420199,109.155327664,5150.01313761,0.0153668224812,4280.29848263,4271.66093141,61,70.0309683452,27.4046233244,46.8861035188,0.0135732619588,0.0136606104206,-8.73484617969e-05,-0.000622094376013,5267.61954984,24275,48.550002306,4744.01611662,523.38297246,26016,-1.34882575367e-05,1.34882575367e-05,1.4126073122,0,0,0,0,1.82456916242e-09,1.19299925494e-09
52.0960024744,2500.22299588,-1.20646245705,0.160848453641,-490.281005859,0.00951695721596,0.000742817937862,102.631538391,39.3598365784,0.974052965641,0.000232830643654,0.000465661287308,9,523.383263499,6.19572515648,-0.359671784725,88.2895283482,13.3734816158,113.796566438,116.22193415,5150.01360327,0.0153668224812,4280.29848263,4271.66093141,61,70.0309683452,28.1465581793,46.8828584417,0.0134094392257,0.0133986759465,1.07632791568e-05,0.000105501385406,5267.61954984,24275,48.550002306,4744.01611662,523.38297246,26048,-1.36488843054e-05,1.36488843054e-05,1.4131565094,0,0,0,0,8.19830148213e-10,5.36047983779e-10
52.1600024775,2500.15826896,-0.85073770606,0.113422386348,-490.296691895,0.00677252234891,0.00052030995721,102.631629944,39.3599205017,0.974053025246,0.000232830643654,0.000465661287308,9,523.383263499,6.81713176129,-0.0410726946622,84.6346701994,12.1258047256,119.817996165,122.367709992,5150.01453459,0.0153668224812,4280.29848263,4271.66093141,61,70.0309683452,29.0190564556,47.0664963359,0.0136404082474,0.0136988091981,-5.84009507421e-05,0.000736690708436,5267.61954984,24275,48.550002306,4744.01611662,523.38297246,26080,-1.36908993227e-05,1.36908993227e-05,1.41202771664,0,0,0,0,3.68372554682e-10,2.40861441902e-10
52.2240024805,2500.11263415,-0.60001377733,0.0799952745438,-490.307769775,0.00482440227643,0.000368021428585,102.631996155,39.3600158691,0.974053263664,0.000232830643654,0.000465661287308,9,523.383263499,7.19004521841,0.251989633392,81.1382845329,11.1438503334,123.431527754,128.020881675,5150.01406893,0.0153668224812,4280.29848263,4271.66093141,61,70.0309683452,29.8613667837,47.2791980428,0.0138460677368,0.0139334588312,-8.73910943611e-05,3.63797880709e-05,5267.61954984,24275,48.550002306,4744.01611662,523.38297246,26112,-1.33288585857e-05,1.33288585857e-05,1.41137683392,0,0,0,0,1.65520111506e-10,1.0822579638e-10
52.2880024835,2500.08027069,-0.425124312642,0.0566785894334,-490.315216064,0.0034512556158,0.000259106775047,102.63217926,39.3600959778,0.974053382874,0.000232830643654,0.000465661287308,9,523.383263499,7.43239833568,0.524575916911,77.7936984377,10.3883574035,125.779930386,133.279070724,5150.01406893,0.0153668224812,4280.29848263,4271.66093141,61,70.0309683452,30.6513247779,47.4686094094,0.0140070411936,0.0141062628245,-9.92216309115e-05,-0.000136424205266,5267.61954984,24275,48.550002306,4744.01611662,523.38297246,26144,-1.35454238261e-05,1.35454238261e-05,1.41275000572,0,0,0,0,7.43728273411e-11,4.86288856405e-11
52.3520024866,2500.05722046,-0.301971681438,0.0402595847845,-490.3203125,0.00248565338552,0.00017949444009,102.632270813,39.3601722717,0.974053442478,0.000232830643654,0.000465661287308,9,523.383263499,7.64388054093,0.916493963071,74.5945612948,9.81977556985,127.829189296,140.839169035,5150.01453459,0.0153668224812,4280.29848263,4271.66093141,61,70.0309683452,27.6321279671,46.5624943899,0.0141754540328,0.0141944838106,-1.90297777536e-05,0.00024101609597,5267.61954984,24275,48.550002306,4744.01611662,523.38297246,26176,-1.3533949641e-05,1.3533949641e-05,1.41289079189,0,0,0,0,3.34177963079e-11,2.18503201643e-11
52.4160024896,2500.04115514,-0.213776132796,0.0285011455417,-490.324188232,0.00179762509651,0.00012413325021,102.632728577,39.3602676392,0.974053740501,0.000232830643654,0.000465661287308,9,523.383263499,11.0258410728,2.18262951427,71.5352549672,9.41564327176,129.422580358,148.604551214,5150.01406893,0.0153668224812,4280.29848263,4271.66093141,61,70.0309683452,23.7036001636,44.8982500529,0.0141128356779,0.0141117197927,1.11588516205e-06,-0.000141881173477,5267.61954984,24275,48.550002306,4744.01611662,523.38297246,26208,-1.33429848574e-05,1.33429848574e-05,1.4064180851,0,0,0,0,1.50155530371e-11,9.81796415001e-12
52.4800024927,2500.02974644,-0.151351883915,0.0201785955578,-490.326934814,0.00129808974452,8.9313078206e-05,102.632728577,39.3603286743,0.974053740501,0.000232830643654,0.000465661287308,9,523.383263499,64.1648085863,14.7561586024,68.6104543106,11.5448494397,129.422580358,140.129006468,5150.01500025,0.0153668224812,4280.29848263,4280.15133366,61,70.0309683452,24.3389586103,44.3070712208,0.0141946510934,0.0141890268424,5.62425106487e-06,0.000712134351488,5267.61954984,24275,48.550002306,4744.01611662,523.38297246,26240,-1.36020553327e-05,1.36020553327e-05,1.41275930405,0,0,0,0,6.74690988842e-12,4.41148723454e-12
52.5440024957,2500.02159737,-0.106420394275,0.0141882216558,-490.328918457,0.000943224702496,6.50001384201e-05,102.672996521,39.3043785095,0.974080502987,0.000232830643654,0.000465661287308,9,523.383263499,103.560283945,22.3260680744,99.6360848368,19.7419740988,91.0590169951,105.262406578,5150.01500025,0.0153668224812,4318.66245344,4315.01911953,61,70.0309683452,29.7680871881,48.0023918499,0.014806687737,0.014879333321,-7.26455839928e-05,2.18278728426e-05,5267.61954984,24275,48.550002306,4744.01611662,523.38297246,26272,-1.35214659167e-05,1.35214659167e-05,1.41346907616,0,0,0,0,3.0315758584e-12,1.98220498175e-12
52.6080024987,2500.0157766,-0.0770292345464,0.01026972197,-490.329956055,0.000689058681019,4.79851187265e-05,102.684364319,39.2886238098,0.974088013172,0.000232830643654,0.000465661287308,9,523.383263499,110.078963623,23.1611708113,108.522937444,22.0252468699,67.4223920214,86.4004614414,5150.01406893,0.0153668224812,4342.29988605,4333.8816613,61,70.0309683452,34.9526417267,50.9287929162,0.0143684249776,0.014360921341,7.50363660096e-06,-0.000391082721762,5267.61954984,24275,48.550002306,4744.01611662,523.38297246,26304,-1.35272739499e-05,1.35272739499e-05,1.41260397434,0,0,0,0,1.36217220229e-12,8.90660429523e-13
52.6720025018,2500.01158565,-0.0530967589896,0.00707898661494,-490.331115723,0.000509977515321,3.5953031329e-05,102.687080383,39.2849082947,0.974089860916,0.000232830643654,0.000465661287308,9,523.383263499,107.479216507,21.4195208736,107.175265773,21.0844652913,59.6006138949,79.0518170106,5150.01406893,0.0153668224812,4350.12020171,4341.23165905,61,70.0309683452,37.3852635676,52.8897799086,0.0144829644666,0.014473698684,9.26578258564e-06,-0.000503860064782,5267.61954984,24275,48.550002306,4744.01611662,523.38297246,26336,-1.31855431391e-05,1.31855431391e-05,1.41176009178,0,0,0,0,6.12062050348e-13,4.00198645924e-13
52.7360025048,2500.00879169,-0.0383854086294,0.00511763431132,-490.331695557,0.000390274595702,2.54503593169e-05,102.687080383,39.2852554321,0.974089860916,0.000232830643654,0.000465661287308,9,523.383263499,63.3415427586,11.4792620851,102.001774652,18.8288583657,59.3881486566,78.5852316767,5150.01406893,0.0153668224812,4350.33254325,4341.697786,62,70.0344098732,39.1636931454,54.4438698853,0.0146976656124,0.0147356331581,-3.7967545774e-05,-0.000765794538893,5267.61954984,24275,48.550002306,4744.01611662,523.38297246,26368,-1.3218517779e-05,1.3218517779e-05,1.41288495064,0,0,0,0,2.75016554668e-13,1.79820513948e-13
52.8000025079,2500.00669621,-0.0289692660971,0.00386225176044,-490.33190918,0.000286716764094,2.24365285248e-05,102.687355042,39.2854728699,0.97409003973,0.000232830643654,0.000465661287308,9,523.383263499,3.98593818507,-1.04059827518,97.7242335486,17.1331973108,65.5193289276,89.3511241884,5150.01500025,0.0153668224812,4350.33254325,4341.697786,62,70.0344098732,32.51621456,51.6689760843,0.0146990902505,0.014690158423,8.93182749984e-06,0.000211002770811,5267.61954984,24275,48.550002306,4744.01611662,523.38297246,26400,-1.34373813125e-05,1.34373813125e-05,1.41903483868,0,0,0,0,1.23572633788e-13,8.07983982997e-14
52.8640025109,2500.00506639,-0.0223264908783,0.00297662103549,-490.332000732,0.000201955728699,2.17628148675e-05,102.687171936,39.2856445312,0.974089920521,0.000232830643654,0.000465661287308,9,523.383263499,4.35203086129,-0.902436031039,93.6589510813,15.5318781074,95.9311728366,105.752013042,5150.01500025,0.0158324837685,4350.33254325,4341.697786,62,70.0344098732,27.3179939541,47.0175873488,0.0145219093139,0.0145428202813,-2.09109674021e-05,0.000358340912499,5267.61954984,24275,48.550002306,4744.01611662,523.38297246,26432,-1.33438115881e-05,1.33438115881e-05,1.41292262077,0,0,0,0,5.55246461602e-14,3.63049840841e-14
52.9280025139,2500.00390224,-0.0150195162973,0.00200243783183,-490.332427979,0.000148497812916,1.88465510291e-05,102.686988831,39.2858009338,0.974089801311,0.000232830643654,0.000465661287308,9,523.383263499,5.83353386255,-0.495155490948,89.7713540993,13.9391188718,110.286935524,113.60845383,5150.01453459,0.0158324837685,4350.33254325,4341.697786,62,70.0344098732,27.8174848063,46.8467951578,0.0145743189461,0.0145555532072,1.87657389628e-05,-0.000120053300634,5267.61954984,24275,48.550002306,4744.01611662,523.38297246,26464,-1.35216932904e-05,1.35216932904e-05,1.41217052937,0,0,0,0,2.4948779479e-14,1.6312849983e-14
52.992002517,2500.00320375,-0.00972127978116,0.00129606423434,-490.332794189,0.000123833931866,1.36503349495e-05,102.686805725,39.2859649658,0.974089622498,0.000232830643654,0.000465661287308,9,523.383263499,6.61262003795,-0.162689075121,86.0522865777,12.5829494934,117.836279969,120.021730254,5150.01500025,0.0158324837685,4350.33254325,4341.697786,62,70.0344098732,28.6767917714,46.9855294796,0.0147084552038,0.0147083483171,1.06886721696e-07,0.000192812876776,5267.61954984,24275,48.550002306,4744.01611662,523.38297246,26496,-1.3406227481e-05,1.3406227481e-05,1.41350698471,0,0,0,0,1.12101845954e-14,7.32982163192e-15
53.05600252,2500.00273809,-0.00628391383373,0.000837786414195,-490.33303833,0.000106638697616,1.06884053821e-05,102.686897278,39.2861366272,0.974089682102,0.000232830643654,0.000465661287308,9,523.383263499,7.06359547603,0.139445003255,82.4943284737,11.5001579656,122.206227388,125.849895994,5150.01546592,0.0158324837685,4350.33254325,4341.697786,62,70.0344098732,29.536202419,47.1967141493,0.014580301716,0.0146010279423,-2.07262262908e-05,0.000765794538893,5267.61954984,24275,48.550002306,4744.01611662,523.38297246,26528,-1.34719921334e-05,1.34719921334e-05,1.41237223148,0,0,0,0,5.03704913337e-15,3.29349470364e-15
53.1200025231,2500.00227243,-0.00415011491839,0.000553303223569,-490.333068848,9.42478582147e-05,9.10256858333e-06,102.687080383,39.2863044739,0.974089860916,0.000232830643654,0.000465661287308,9,523.383263499,7.34833686927,0.419730445215,79.0907922266,10.6611630024,124.965372379,131.25660189,5150.01360327,0.0158324837685,4350.33254325,4341.697786,62,70.0344098732,30.3479537251,47.3983491247,0.0145550206054,0.0145955709741,-4.05503686185e-05,-0.00109139364213,5267.61954984,24275,48.550002306,4744.01611662,523.38297246,26560,-1.34083775265e-05,1.34083775265e-05,1.40908932686,0,0,0,0,2.26328685814e-15,1.47985920308e-15
53.1840025261,2500.0020396,-0.00271174416255,0.000361536222044,-490.3331604,8.65020556375e-05,7.94713014329e-06,102.687171936,39.2864685059,0.974089920521,0.000232830643654,0.000465661287308,9,523.383263499,7.556708315,0.732049728827,75.8352026953,10.022115484,126.984494273,137.281240313,5150.01500025,0.0158324837685,4350.33254325,4341.697786,62,70.0344098732,29.6564066957,47.1708372061,0.0147829698205,0.0148429535329,-5.99837124415e-05,5.82076609135e-05,5267.61954984,24275,48.550002306,4744.01611662,523.38297246,26592,-1.34317006086e-05,1.34317006086e-05,1.41682422161,0,0,0,0,1.01695845026e-15,6.64942198237e-16
53.2480025291,2500.0020396,-0.00176926506779,0.000235882645939,-490.333282471,8.15373205114e-05,7.16652584742e-06,102.687171936,39.2866134644,0.974089920521,0.000232830643654,0.000465661287308,9,523.383263499,7.77840955986,1.20025108362,72.7215608523,9.5568868617,129.132778966,146.312842844,5150.01453459,0.0158324837685,4350.33254325,4341.697786,62,70.0344098732,24.5390474447,45.3593384009,0.0148529653854,0.0148402250488,1.27403365635e-05,-0.000404725142289,5267.61954984,24275,48.550002306,4744.01611662,523.38297246,26624,-1.33324983835e-05,1.33324983835e-05,1.4125919342,0,0,0,0,4.56948017022e-16,2.98777213738e-16
53.3120025322,2500.00180677,-0.00115648524091,0.000154185370775,-490.333251953,7.81955459388e-05,6.68479106025e-06,102.687355042,39.2867660522,0.97409003973,0.000232830643654,0.000465661287308,9,523.383263499,36.3171574602,8.97222521679,69.7444243563,9.24145630353,129.42077592,148.614824866,5150.01546592,0.0158324837685,4350.33254325,4341.697786,62,70.0344098732,24.0948011196,44.338790758,0.0149885391598,0.0149511834024,3.73557573763e-05,0.00041563907871,5267.61954984,24275,48.550002306,4744.01611662,523.38297246,26656,-1.35478812808e-05,1.35478812808e-05,1.42060041428,0,0,0,0,2.05319595274e-16,1.34248991433e-16
53.3760025352,2500.00180677,-0.000755732143531,0.000100756013126,-490.333312988,7.6073454693e-05,6.35519973002e-06,102.688346863,39.2743148804,0.974090695381,0.000232830643654,0.000465661287308,9,523.383263499,94.8609101069,20.4946579603,89.914341912,17.2041418557,106.972620415,117.479634355,5150.01546592,0.0158324837685,4372.78067693,4372.83236533,62,70.0344098732,26.6711413133,46.0094925074,0.0150538503607,0.0150412233779,1.26269827927e-05,0.000325599103235,5267.61954984,24275,48.550002306,4744.01611662,523.38297246,26688,-1.35339669214e-05,1.35339669214e-05,1.41251802444,0,0,0,0,9.22558375298e-17,6.03218351505e-17
53.4400025383,2500.00180677,-0.000494261076511,6.58960707369e-05,-490.333343506,7.46377118048e-05,6.15176986685e-06,102.689033508,39.2651634216,0.974091112614,0.000232830643654,0.000465661287308,9,523.383263499,109.135563421,23.2899466419,106.82261231,21.6850401078,74.1980911698,92.0219536056,5150.01453459,0.0158324837685,4405.55624664,4398.28913659,62,70.0344098732,33.6135271937,50.0881251355,0.0149626166734,0.0150230334839,-6.04168104434e-05,-0.000587533577345,5267.61954984,24275,48.550002306,4744.01611662,523.38297246,26720,-1.33791563712e-05,1.33791563712e-05,1.41511762142,0,0,0,0,4.1453120768e-17,2.71042966147e-17
53.5040025413,2500.00180677,-0.000322632143224,4.3014089897e-05,-490.333374023,7.37182490411e-05,6.01296596869e-06,102.688804626,39.2630195618,0.974090993404,0.000232830643654,0.000465661287308,9,523.383263499,109.206518953,22.2799546696,108.485119398,21.6769095575,61.3645242993,80.9574557934,5150.01500025,0.0158324837685,4418.38894039,4409.3541801,62,70.0344098732,36.5329797205,52.1546244272,0.0148927845334,0.0150048435898,-0.000112059056478,-0.000103682396002,5267.61954984,24275,48.550002306,4744.01611662,523.38297246,26752,-1.3410864085e-05,1.3410864085e-05,1.41302371025,0,0,0,0,1.86260510237e-17,1.21787174706e-17
53.5680025443,2500.00180677,-0.000210505834985,2.80651420326e-05,-490.333374023,7.31207983335e-05,5.92163132751e-06,102.688804626,39.2629470825,0.974090993404,0.000232830643654,0.000465661287308,9,523.383263499,90.0169113676,17.3399055646,103.803636442,19.6712822603,59.3869553995,78.5835072747,5150.01500025,0.0158324837685,4420.36706954,4411.72765568,63,70.0338350725,38.5235071008,53.8934509677,0.0151459988718,0.0150848791236,6.11197481515e-05,-0.000183717929758,5267.61954984,24275,48.550002306,4744.01611662,523.38297246,26784,-1.35914433486e-05,1.35914433486e-05,1.41063833237,0,0,0,0,8.36920581548e-18,5.47223815776e-18
53.6320025474,2500.00180677,-0.000137447025983,1.83247666428e-05,-490.333374023,7.27278966224e-05,5.86293072047e-06,102.688163757,39.2630615234,0.974090576172,0.000232830643654,0.000465661287308,9,523.383263499,19.5785335573,2.10359081434,99.3746180593,17.7335615388,59.3869553995,79.9187910161,5150.01500025,0.0162981450558,4420.36706954,4411.72765568,63,70.0338350725,38.8637890865,55.1591911062,0.015096747602,0.0150193955051,7.73520969499e-05,-0.00011823431123,5267.61954984,24275,48.550002306,4744.01611662,523.38297246,26816,-1.36152293635e-05,1.36152293635e-05,1.41303133965,0,0,0,0,3.7605194018e-18,2.45883014638e-18
53.6960025504,2500.00180677,-8.97393270805e-05,1.19642618301e-05,-490.333404541,7.24715573597e-05,5.82454140385e-06,102.688072205,39.263168335,0.974090516567,0.000232830643654,0.000465661287308,9,523.383263499,3.41163635366,-1.12619337579,95.2344173323,16.1825583556,86.8187489687,101.435733086,5150.01593158,0.0162981450558,4420.36706954,4411.72765568,63,70.0338350725,27.6703776763,47.3129002785,0.0151699157402,0.0151794665726,-9.55083234722e-06,0.000653017195873,5267.61954984,24275,48.550002306,4744.01611662,523.38297246,26848,-1.35471300382e-05,1.35471300382e-05,1.41279089451,0,0,0,0,1.68970675608e-18,1.10482109682e-18
53.7600025535,2500.00157394,-5.85786003038e-05,7.80983918958e-06,-490.333282471,7.23045595805e-05,5.79937022849e-06,102.688072205,39.2632827759,0.974090516567,0.000232830643654,0.000465661287308,9,523.383263499,5.36810243425,-0.640446845127,91.2784651294,14.5428351205,105.776904093,110.805784061,5150.01546592,0.0162981450558,4420.36706954,4411.72765568,63,70.0338350725,27.5276615866,46.8543621537,0.0152429311118,0.0152522261487,-9.29503696234e-06,0.000114596332423,5267.61954984,24275,48.550002306,4744.01611662,523.38297246,26880,-1.34537713166e-05,1.34537713166e-05,1.41297018528,0,0,0,0,7.59232740014e-19,4.9642706795e-19
53.8240025565,2500.00157394,-3.82416910638e-05,5.09847359353e-06,-490.333282471,7.2195463872e-05,5.78296658205e-06,102.688072205,39.2633895874,0.974090516567,0.000232830643654,0.000465661287308,9,523.383263499,6.35956856316,-0.288707611644,87.4941774098,13.0826194198,115.384209494,117.590832815,5150.01500025,0.0162981450558,4420.36706954,4411.72765568,63,70.0338350725,28.3326080535,46.9141341455,0.0151758558775,0.0152285792865,-5.2723408972e-05,-0.000327418092638,5267.61954984,24275,48.550002306,4744.01611662,523.38297246,26912,-1.33922030727e-05,1.33922030727e-05,1.41265928745,0,0,0,0,3.41144587458e-19,2.23058609656e-19
53.8880025595,2500.00157394,-2.49663501678e-05,3.3285734844e-06,-490.333282471,7.21242104191e-05,5.77226728637e-06,102.688163757,39.2634963989,0.974090576172,0.000232830643654,0.000465661287308,9,523.383263499,6.91234160385,0.0236037498596,83.873760565,11.8939888199,120.740580314,123.615318444,5150.01453459,0.0162981450558,4420.36706954,4411.72765568,63,70.0338350725,29.2034674203,47.1120874863,0.0151564864825,0.0152031134348,-4.66269522992e-05,-0.000767613528296,5267.61954984,24275,48.550002306,4744.01611662,523.38297246,26944,-1.35466325446e-05,1.35466325446e-05,1.40946030617,0,0,0,0,1.53285808664e-19,1.00226476293e-19
53.9520025626,2500.00157394,-1.6297976857e-05,2.17288516069e-06,-490.333282471,7.20777024981e-05,5.76527736484e-06,102.688072205,39.2635955811,0.974090516567,0.000232830643654,0.000465661287308,9,523.383263499,7.25032665644,0.312019109051,80.4104318116,10.964356533,124.015656183,129.178850329,5150.01500025,0.0162981450558,4420.36706954,4411.72765568,63,70.0338350725,30.0353094644,47.3222826258,0.0148628689078,0.0148429535329,1.99153749048e-05,5.82076609135e-05,5267.61954984,24275,48.550002306,4744.01611662,523.38297246,26976,-1.345248711e-05,1.345248711e-05,1.41240441799,0,0,0,0,6.88756137569e-20,4.50345656743e-20
54.0160025656,2500.00157394,-1.06387832571e-05,1.41838802392e-06,-490.333282471,7.20473399269e-05,5.76071261094e-06,102.688163757,39.2636947632,0.974090576172,0.000232830643654,0.000465661287308,9,523.383263499,7.47485436625,0.585451809866,77.0974376654,10.2514198921,126.191327581,134.453366627,5150.01453459,0.0162981450558,4420.36706954,4411.72765568,63,70.0338350725,30.6632791762,47.4612570542,0.0151384813296,0.0152012944454,-6.28131158198e-05,-0.000765794538893,5267.61954984,24275,48.550002306,4744.01611662,523.38297246,27008,-1.34168485602e-05,1.34168485602e-05,1.41335737705,0,0,0,0,3.09477509283e-20,2.02352918599e-20
54.0800025687,2500.1168251,26.7478226306,-3.56608366966,-493.955871582,0.0060114748776,6.52138987789e-05,102.688072205,39.2637825012,0.974090516567,0.000232830643654,0.000465661287308,10,523.603288457,7.69208655526,1.02086566769,73.9286692265,9.72027063591,128.296305775,142.852499266,5150.01453459,0.0162981450558,4420.36706954,4411.72765568,63,70.0338350725,26.4366262854,46.1496711068,0.0151236167756,0.0150757841766,4.78325989928e-05,-0.000640284270048,5267.73458547,27034,54.0680025681,5267.61958037,523.60346308,27040,-1.35947575473e-05,1.35947575473e-05,1.41465246677,0,0,0.00276914890856,0.00173071818426,0.00195505330339,0.0012225441169
54.1440025717,2512.54905015,320.211751387,-42.6913948059,-539.177124023,0.723387241364,-0.0171154793352,102.688072205,39.2638778687,0.974090516567,0.000232830643654,0.000465661287308,10,523.603288457,17.1958519906,3.83988035714,70.898544982,9.34833183767,129.420368467,148.619277752,5150.01500025,0.0162981450558,4420.36706954,4411.72765568,63,70.0338350725,23.9559085458,44.6610938525,0.0153724195318,0.0153768269229,-4.40739111873e-06,-0.000475665729027,5280.16706522,27034,54.0680025681,5267.61958037,523.60346308,27072,-1.34819856612e-05,1.34819856612e-05,1.41287791729,0,0,0.0166018679738,0.0103761693463,0.0156797673553,0.0098105436191
54.2080025747,2539.10664469,489.345169626,-65.2406692505,-574.748474121,2.04832005501,0.0110838683322,102.675300598,39.2710800171,0.974081993103,0.000232830643654,0.000465661287308,10,523.603288457,78.7608823303,17.2447360085,74.5112268168,13.6407240139,124.786733068,132.156637846,5150.01546592,0.0162981450558,4425.00039935,4428.18924785,63,70.0338350725,24.7936040978,44.6153717348,0.0155706313676,0.0155805537361,-9.92236848241e-06,-0.000213731254917,5306.72465254,27034,54.0680025681,5267.61958037,523.60346308,27104,-1.35349009724e-05,1.35349009724e-05,1.41254651546,0,0,0.0302947554737,0.0189342238009,0.0293421596289,0.0183594543487
54.2720025778,2573.88781756,585.127680097,-78.0106201172,-604.572753906,3.60951757431,0.102440297604,102.611793518,39.3064689636,0.974039793015,0.000232830643654,0.000465661287308,10,523.603288457,106.319756087,22.875107288,103.016533251,20.6704682917,84.0727152536,99.8581017484,5150.01546592,0.0167638063431,4465.71549401,4460.4879804,63,70.0338350725,31.5201286867,48.9766462124,0.0154531360208,0.0154250301421,2.81058787355e-05,-5.82076609135e-05,5341.50575447,27034,54.0680025681,5267.61958037,523.60346308,27136,-1.34080610223e-05,1.34080610223e-05,1.41077876091,0,0,0.0437353253365,0.0273345783353,0.0427621603012,0.0267562065274
54.3360025808,2613.19009587,635.561184026,-84.7345352173,-630.567810059,5.28733778,0.232673302293,102.59702301,39.3144226074,0.974029958248,0.000232830643654,0.000465661287308,10,523.603288457,110.047327725,22.9271940836,108.822866852,22.0012544217,64.7536726319,84.0841021272,5150.01500025,0.0167638063431,4485.03484949,4476.26085952,63,70.0338350725,35.5568954546,51.370680012,0.0154693363952,0.0154868757818,-1.75393866098e-05,-0.000585714587942,5380.80817,27034,54.0680025681,5267.61958037,523.60346308,27168,-1.34484489536e-05,1.34484489536e-05,1.41271448135,0,0,0.0568130426109,0.0355081520975,0.0558304861188,0.0349321961403
54.4000025839,2654.69099395,656.664080452,-87.5480270386,-653.730529785,7.00946187973,0.385686844587,102.594352722,39.316116333,0.974028229713,0.000232830643654,0.000465661287308,10,523.603288457,105.287996581,20.6959403536,105.884207636,20.6378252311,59.3894874328,78.5862357588,5150.01593158,0.0167638063431,4490.39787054,4481.75892234,64,70.0308592059,37.809524656,53.2647536602,0.0154440144284,0.0154523149831,-8.30055468803e-06,0.000380168785341,5422.30892268,27034,54.0680025681,5267.61958037,523.60346308,27200,-1.3418933122e-05,1.3418933122e-05,1.4126008749,0,0,0.0694196373224,0.0433872751892,0.0684398114681,0.0428200736642
54.4640025869,2696.82798535,657.199008856,-87.6193466187,-674.463012695,8.72311878204,0.551952660084,102.594902039,39.3160133362,0.974028587341,0.000232830643654,0.000465661287308,10,523.603288457,46.9110813611,7.8691247097,101.059377951,18.4152843745,59.3894874328,78.5862357588,5150.01546592,0.0167638063431,4490.39787054,4481.75892234,64,70.0308592059,39.4861672248,54.7136878595,0.0155393799217,0.0154959707288,4.34091929069e-05,-0.000129148247652,5464.44586155,27034,54.0680025681,5267.61958037,523.60346308,27232,-1.33621779241e-05,1.33621779241e-05,1.413839221,0,0,0.0814506858587,0.0509066842496,0.0804864689708,0.0503548011184
54.5280025899,2738.46718483,642.241269816,-85.6251449585,-692.885864258,10.3864784241,0.725654304028,102.595161438,39.315952301,0.974028706551,0.000232830643654,0.000465661287308,10,523.603288457,2.11699088597,-1.46647475946,96.8362089866,16.8097424123,74.2736374377,94.8717060965,5150.01593158,0.0167638063431,4490.39787054,4481.75892234,64,70.0308592059,29.5938043564,48.5831078549,0.0161126919862,0.0160780473379,3.46446482613e-05,-0.000245563569479,5506.08496496,27034,54.0680025681,5267.61958037,523.60346308,27264,-1.35903055707e-05,1.35903055707e-05,1.4128806591,0,0,0.0928066000342,0.0580041259527,0.0918712764978,0.0574742108583
54.592002593,2778.73431332,615.151308011,-82.0134429932,-709.018432617,11.9650478363,0.903016030788,102.595436096,39.31590271,0.974028944969,0.000232830643654,0.000465661287308,10,523.603288457,4.76143565643,-0.802298988023,92.8101948797,15.1772689178,99.8983014142,107.683656097,5150.01593158,0.0167638063431,4490.39787054,4481.75892234,64,70.0308592059,27.3357763945,46.9320802949,0.0160293595342,0.016019839677,9.51985712483e-06,-0.000187355908565,5546.35244293,27034,54.0680025681,5267.61958037,523.60346308,27296,-1.33413013828e-05,1.33413013828e-05,1.41424286366,0,0,0.103393383324,0.0646208673716,0.102500453591,0.0641195625067
54.656002596,2816.9315774,578.22081726,-77.0897827148,-722.82409668,13.4305057526,1.08125388622,102.595573425,39.3158416748,0.974029004574,0.000232830643654,0.000465661287308,10,523.603288457,6.04199869973,-0.420242152568,88.9594856917,13.6252942804,112.306959636,115.053531772,5150.01593158,0.0167638063431,4490.39787054,4481.75892234,64,70.0308592059,27.9943906207,46.8622638436,0.0160338501642,0.0161508069141,-0.00011695674984,-0.000318323145621,5584.54958525,27034,54.0680025681,5267.61958037,523.60346308,27328,-1.3491115169e-05,1.3491115169e-05,1.41121709347,0,0,0.113123446703,0.0707021579146,0.112286277115,0.0702359527349
54.7200025991,2852.49878652,533.509242814,-71.1287307739,-734.302856445,14.7605323792,1.25802052021,102.595573425,39.3157691956,0.974029004574,0.000232830643654,0.000465661287308,10,523.603288457,6.72937034515,-0.0958000485223,85.2756066057,12.3281794327,118.967589515,121.312019473,5150.01593158,0.0167638063431,4490.39787054,4481.75892234,64,70.0308592059,28.8641767838,47.028894187,0.015864073083,0.015925252228,-6.11791450833e-05,-9.27684595808e-05,5620.11683371,27034,54.0680025681,5267.61958037,523.60346308,27360,-1.34638794407e-05,1.34638794407e-05,1.41242563725,0,0,0.121916294098,0.0761976838112,0.121147818863,0.0757727995515
54.7840026021,2885.00194438,482.974166516,-64.3912734985,-743.502746582,15.9393253326,1.43102037907,102.596031189,39.315738678,0.974029302597,0.000232830643654,0.000465661287308,10,523.603288457,7.13526288906,0.201279703713,81.7513353492,11.3011691566,122.900688439,127.042687382,5150.01639724,0.0167638063431,4490.39787054,4481.75892234,64,70.0308592059,29.7146943922,47.2420579172,0.0160771222169,0.016087142285,-1.00200681086e-05,0.000211002770811,5652.61977624,27034,54.0680025681,5267.61958037,523.60346308,27392,-1.34433894345e-05,1.34433894345e-05,1.4132887125,0,0,0.129699215293,0.0810620188713,0.129011645913,0.0806842371821
54.8480026051,2914.12998922,428.473344073,-57.1250915527,-750.518981934,16.9583339691,1.59775459766,102.596122742,39.3156852722,0.974029362202,0.000232830643654,0.000465661287308,10,523.603288457,7.39571975695,0.477299181906,78.380086909,10.5086336959,125.424514408,132.367102196,5150.01546592,0.0167638063431,4490.39787054,4481.75892234,64,70.0308592059,30.5153062072,47.4375337944,0.0161531360787,0.0162235664902,-7.04304115029e-05,-0.00085674400907,5681.74802692,27034,54.0680025681,5267.61958037,523.60346308,27424,-1.33275852932e-05,1.33275852932e-05,1.41330265999,0,0,0.136407956481,0.0852549746633,0.135812446475,0.0849295631051
54.9120026082,2939.69549239,372.016220354,-49.5980911255,-755.527587891,17.8164520264,1.75543487072,102.5963974,39.3156509399,0.974029541016,0.000232830643654,0.000465661287308,10,523.603288457,7.60378081342,0.830046207626,75.1553568447,9.90834912542,127.440624055,139.171592309,5150.01593158,0.0172294676304,4490.39787054,4481.75892234,64,70.0308592059,28.6195008812,46.8698053737,0.0161203090043,0.0160362105817,8.40984226702e-05,-0.000203726813197,5707.31350342,27034,54.0680025681,5267.61958037,523.60346308,27456,-1.35394311656e-05,1.35394311656e-05,1.41265439987,0,0,0.141986951232,0.0887418463826,0.141493350267,0.0884734243155
54.9760026112,2961.62674204,315.197714372,-42.0229110718,-758.705993652,18.5196743011,1.90099310875,102.596572876,39.3156051636,0.974029660225,0.000232830643654,0.000465661287308,10,523.603288457,8.33632370865,1.42517719497,72.0714317968,9.47693645056,129.422041937,147.935497807,5150.01546592,0.0172294676304,4490.39787054,4481.75892234,64,70.0308592059,23.7972635659,45.0581574114,0.0156045677768,0.0156232999871,-1.87322102274e-05,-0.0002564775059,5729.24470964,27034,54.0680025681,5267.61958037,523.60346308,27488,-1.35506843435e-05,1.35506843435e-05,1.40681648254,0,0,0.146390199661,0.0914938747883,0.146006852388,0.0912863016129
55.0400026143,2979.95097935,259.437831119,-34.5888710022,-760.256958008,19.0796642303,2.03123569489,102.597114563,39.3155899048,0.974030017853,0.000232830643654,0.000465661287308,10,523.603288457,50.5537363597,12.2994121175,69.1228840735,10.0579521663,129.422041937,145.595346112,5150.01593158,0.0172294676304,4490.39787054,4484.78152975,64,70.0308592059,24.1861598624,44.2671589553,0.0152230578421,0.015266778064,-4.37202218873e-05,0.000565705704503,5747.5688676,27034,54.0680025681,5267.61958037,523.60346308,27520,-1.33544108394e-05,1.33544108394e-05,1.41283512115,0,0,0.149581387639,0.0934883654118,0.149314850569,0.0933446809649
55.1040026173,2994.76599321,205.612523132,-27.4127540588,-760.345092773,19.5117473602,2.14299917221,102.472450256,39.3920135498,0.973946869373,0.000232830643654,0.000465661287308,10,523.603288457,100.302013529,21.6426001003,95.8622423107,18.7282025194,97.8168827714,110.442648293,5150.01546592,0.0172294676304,4522.00323343,4519.93290335,64,70.0308592059,28.2589790004,47.080560762,0.0152326680436,0.015266778064,-3.41100203638e-05,0.000100044417195,5762.38384332,27034,54.0680025681,5267.61958037,523.60346308,27552,-1.37753168019e-05,1.37753168019e-05,1.41354644299,0,0,0.151536732912,0.0947104617953,0.151391088963,0.0946324765682
55.1680026203,3006.21218048,154.167180881,-20.553937912,-759.098693848,19.8327274323,2.23336958885,102.42049408,39.4237289429,0.973912119865,0.000232830643654,0.000465661287308,10,523.603288457,109.830454452,23.2740920688,107.957080444,21.9398541174,70.1709213899,88.7158021214,5150.01500025,0.0172294676304,4549.6490784,4541.66019335,64,70.0308592059,34.3921019521,50.5537864228,0.0153158868088,0.0153249857249,-9.09891606504e-06,-0.000423824531026,5773.8300805,27034,54.0680025681,5267.61958037,523.60346308,27584,-1.34934689413e-05,1.34934689413e-05,1.41248583794,0,0,0.152243182063,0.0951520055532,0.152221277356,0.095141030848
55.2320026234,3014.50397819,107.951236714,-14.3923168182,-757.002807617,20.0604934692,2.30032515526,102.40839386,39.4312591553,0.973904013634,0.000232830643654,0.000465661287308,10,523.603288457,108.369211445,21.8335215356,107.882784794,21.3817266332,60.2182917646,79.7802276793,5150.01546592,0.0172294676304,4559.60258842,4550.59623346,64,70.0308592059,37.0108937204,52.5626637682,0.0156197148826,0.0156360329129,-1.63180302604e-05,-0.000269210431725,5782.12203324,27034,54.0680025681,5267.61958037,523.60346308,27616,-1.34074798552e-05,1.34074798552e-05,1.40994536877,0,0,0.151690483093,0.0948065593839,0.152078151703,0.095058567822
55.2960026264,3020.07049322,67.7179777995,-9.02832221985,-754.368286133,20.213558197,2.34522366524,102.408302307,39.4312667847,0.973903954029,0.000232830643654,0.000465661287308,10,523.603288457,76.3993749872,14.3481606305,102.804750728,19.1976429133,59.3867334828,78.5838346928,5150.01546592,0.0172294676304,4560.43379381,4551.79298297,65,70.035304816,38.8811095036,54.2029483768,0.0156345616731,0.01561420504,2.03566330459e-05,-0.000247382558882,5787.68861142,27034,54.0680025681,5267.61958037,523.60346308,27648,-1.34740839712e-05,1.34740839712e-05,1.41281712055,0,0,0.149881616235,0.0936760157347,0.151121094823,0.0945018827915
55.3600026295,3023.1140554,28.6585564027,-3.82082724571,-750.653137207,20.3034381866,2.36783409119,102.408622742,39.4309806824,0.973904132843,0.000232830643654,0.000465661287308,10,523.603288457,8.99353037159,0.123318453335,98.470852459,17.3993299987,60.1578212809,84.5089307404,5150.01546592,0.0172294676304,4560.43379381,4551.79298297,65,70.035304816,35.5914598913,54.7496056242,0.0152768531436,0.0153195287567,-4.26756130434e-05,4.72937244922e-05,5790.73217835,27034,54.0680025681,5267.61958037,523.60346308,27680,-1.32768755066e-05,1.32768755066e-05,1.41277837753,0,0,0.146830692887,0.0917691811919,0.149060100317,0.0932789593935
55.4240026325,3023.65561947,-10.6192637759,1.41578567028,-745.682067871,20.3363990784,2.36655306816,102.409172058,39.4307441711,0.973904490471,0.000232830643654,0.000465661287308,10,523.603288457,3.95838816336,-0.995857587449,94.3721248632,15.8286779857,92.1167738852,103.949911136,5150.01500025,0.0172294676304,4560.43379381,4551.79298297,65,70.035304816,27.3917394225,47.1220082545,0.0151947144034,0.0151958374772,-1.12307385614e-06,-0.000294676283374,5791.37581546,27034,54.0680025681,5267.61958037,523.60346308,27712,-1.34727697514e-05,1.34727697514e-05,1.41345381737,0,0,0.142562568188,0.0891016051173,0.145819470286,0.091328881681
55.4880026355,3021.6567684,-50.803515478,6.7732462883,-739.344543457,20.3157863617,2.3396832943,102.409446716,39.4305076599,0.973904669285,0.000232830643654,0.000465661287308,10,523.603288457,5.63660790599,-0.559698028603,90.4536684143,14.2092802107,108.378721052,112.363428343,5150.01639724,0.0172294676304,4560.43379381,4551.79298297,65,70.035304816,27.6784412563,46.8434482173,0.0154509361139,0.0154086592374,4.22768764441e-05,0.000889485818334,5791.37581546,27034,54.0680025681,5267.61958037,523.60346308,27744,-1.30461185108e-05,1.30461185108e-05,1.41763961315,0,0,0.137112155557,0.0856950953603,0.141402289271,0.0886447429657
55.5520026386,3017.05463789,-91.9007507036,12.2524280548,-731.608764648,20.2421550751,2.28601241112,102.409889221,39.4302749634,0.973905026913,0.000232830643654,0.000465661287308,10,523.603288457,6.50436606423,-0.21938158021,86.7050159444,12.8048613269,116.787297884,118.928131997,5150.01546592,0.0172294676304,4560.43379381,4551.79298297,65,70.035304816,28.5202168016,46.9513361168,0.0152498098871,0.0152722350322,-2.24251450742e-05,9.45874489844e-05,5791.37581546,27034,54.0680025681,5267.61958037,523.60346308,27776,-1.34461870402e-05,1.34461870402e-05,1.41423344612,0,0,0.130524262786,0.0815776735544,0.135842770338,0.0852428078651
55.6160026416,3009.78962332,-133.931433083,17.8560581207,-722.442871094,20.1143665314,2.20490384102,102.410163879,39.4300498962,0.973905205727,0.000232830643654,0.000465661287308,10,523.603288457,6.99822649266,0.0872059601605,83.1187767101,11.6744557217,121.572804346,124.842204968,5150.01639724,0.0172294676304,4560.43379381,4551.79298297,65,70.035304816,29.3858338409,47.1582789032,0.0154495789773,0.0154650479089,-1.54689316911e-05,0.000833097146824,5791.37581546,27034,54.0680025681,5267.61958037,523.60346308,27808,-1.32183968162e-05,1.32183968162e-05,1.41428649426,0,0,0.12285310775,0.076783195138,0.129190936685,0.0811511948705
55.6800026447,2999.81073476,-176.724599442,23.5613460541,-711.844604492,19.9297409058,2.09633159637,102.410621643,39.4298400879,0.97390550375,0.000232830643654,0.000465661287308,10,523.603288457,7.30563911964,0.371133554453,79.6881606031,10.7951046623,124.551632325,130.319167511,5150.01593158,0.0172294676304,4560.43379381,4551.79298297,65,70.035304816,30.2068165183,47.3643412988,0.0154496145044,0.0154504959937,-8.81489325977e-07,0.000381987774745,5791.37581546,27034,54.0680025681,5267.61958037,523.60346308,27840,-1.33752637339e-05,1.33752637339e-05,1.41259884834,0,0,0.114161938429,0.0713512152433,0.121507585049,0.0764056369662
55.7440026477,2987.06814647,-220.24824284,29.3640232086,-699.793823242,19.6836776733,1.96092581749,102.410758972,39.4296226501,0.973905563354,0.000232830643654,0.000465661287308,10,523.603288457,7.51868563178,0.659266768586,76.4065459861,10.1230157962,126.616054331,135.87725698,5150.01593158,0.0172294676304,4560.43379381,4551.79298297,65,70.035304816,30.2855842165,47.3487161798,0.0151648858193,0.015199475456,-3.45896367104e-05,0.000633008312434,5791.37581546,27034,54.0680025681,5267.61958037,523.60346308,27872,-1.31917950057e-05,1.31917950057e-05,1.41067194939,0,0,0.104522496462,0.065326564014,0.112862057984,0.071047745645
55.8080026507,2971.50644474,-264.927948592,35.3208274841,-686.206604004,19.3686180115,1.80011212826,102.411384583,39.4294395447,0.973905980587,0.000232830643654,0.000465661287308,10,523.603288457,7.73980775806,1.12142629132,73.2678972074,9.62833224112,128.758721985,144.792313222,5150.01500025,0.0172294676304,4560.43379381,4551.79298297,65,70.035304816,25.3367379628,45.7164715044,0.0153852393325,0.0153422661242,4.29732083251e-05,-0.00044110493036,5791.37581546,27034,54.0680025681,5267.61958037,523.60346308,27904,-1.34131623781e-05,1.34131623781e-05,1.41211974621,0,0,0.0940144583583,0.0587590448558,0.103331536055,0.0651240944862
55.8720026538,2953.03179882,-311.3229468,41.5063209534,-670.962402344,18.9712848663,1.61648416519,102.411750793,39.4292411804,0.973906219006,0.000232830643654,0.000465661287308,10,523.603288457,26.4333162671,6.31958008135,70.2667426263,9.28769789267,129.418986035,148.618128151,5150.01593158,0.0172294676304,4560.43379381,4551.79298297,65,70.035304816,24.0430981648,44.458953198,0.0155774660116,0.0156360329129,-5.85669013287e-05,0.000196450855583,5791.37581546,27034,54.0680025681,5267.61958037,523.60346308,27936,-1.32338682306e-05,1.32338682306e-05,1.40936243534,0,0,0.082724750042,0.0517029725015,0.0929997637868,0.0586856342852
55.9360026568,2931.50753714,-360.310543329,48.0374641418,-653.877197266,18.4716377258,1.41403079033,102.358970642,39.4534797668,0.973870873451,0.000232830643654,0.000465661287308,10,523.603288457,88.6962902567,19.2179857698,83.5989259909,15.6873474135,115.202165034,123.953868751,5150.01593158,0.0172294676304,4574.65089858,4576.45673305,65,70.035304816,25.6410294242,45.2561216662,0.0155729144302,0.0156651367433,-9.22223131194e-05,0.000167347025126,5791.37581546,27034,54.0680025681,5267.61958037,523.60346308,27968,-1.34132615131e-05,1.34132615131e-05,1.4124969244,0,0,0.0707469433546,0.0442168451846,0.0819564238191,0.0517870187759
56.0000026599,2906.72085248,-413.467671024,55.12449646,-634.636474609,17.8399353027,1.19851183891,102.286949158,39.4868202209,0.97382247448,0.000232830643654,0.000465661287308,10,523.603288457,108.146104751,23.1830280744,105.412481898,21.322390097,78.2506976975,95.2764385147,5150.01546592,0.0172294676304,4611.60112172,4605.13541475,65,70.035304816,32.8190944856,49.6600441693,0.0157623167019,0.0158252078108,-6.28911089873e-05,-0.000458385329694,5791.37581546,27034,54.0680025681,5267.61958037,523.60346308,28000,-1.3411990949e-05,1.3411990949e-05,1.40762722492,0,0,0.0581809952855,0.0363631211221,0.070296689868,0.0444865226746
56.0640026629,2878.3257585,-473.498046631,63.1278915405,-612.710021973,17.0303764343,0.978482663631,102.271003723,39.4943656921,0.973811686039,0.000232830643654,0.000465661287308,10,523.603288457,109.704467547,22.6050283534,108.768318917,21.8637217687,62.6840701443,82.2134970804,5150.01593158,0.0172294676304,4627.16864422,4618.19861084,65,70.035304816,36.1067541235,51.8035521964,0.0156114258465,0.0156651367433,-5.37108968413e-05,0.000167347025126,5791.37581546,27034,54.0680025681,5267.61958037,523.60346308,28032,-1.33483335958e-05,1.33483335958e-05,1.41417860985,0,0,0.0451292209327,0.0282057635486,0.0581188872457,0.0368445888162
56.1280026659,2845.72294913,-545.749149751,72.7605819702,-587.091125488,15.9687900543,0.767154693604,102.268196106,39.4953231812,0.973809838295,0.000232830643654,0.000465661287308,10,523.603288457,98.7714484253,19.2639545094,104.687668977,20.0942723076,59.388941736,78.5856464063,5150.01546592,0.0172294676304,4630.46366349,4621.82704359,66,70.0300734024,38.2084326702,53.6179395567,0.0153743728026,0.0154195731739,-4.52003712237e-05,-5.27506927028e-05,5791.37581546,27034,54.0680025681,5267.61958037,523.60346308,28064,-1.32793293233e-05,1.32793293233e-05,1.41261088848,0,0,0.0316989570856,0.0198118500412,0.0455238930881,0.0289234947413
56.192002669,2807.84745701,-638.898520265,85.1794815063,-556.100646973,14.5290784836,0.58622533083,102.268699646,39.4949798584,0.973810136318,0.000232830643654,0.000465661287308,10,523.603288457,31.1337814947,4.40241509399,100.133952857,18.0319435782,59.388941736,78.5856464063,5150.01500025,0.0172294676304,4630.46366349,4621.82704359,66,70.0300734024,39.791182644,54.9645010324,0.0156068055424,0.0155323505169,7.44550254783e-05,-0.00063118932303,5791.37581546,27034,54.0680025681,5267.61958037,523.60346308,28096,-1.35896625579e-05,1.35896625579e-05,1.41257810593,0,0,0.0180014185607,0.0112508879974,0.0326151810586,0.0207873508334
56.256002672,2763.43012229,-748.161633965,99.7466964722,-519.754150391,12.5640354156,0.460584878922,102.269233704,39.4947662354,0.973810493946,0.000232830643654,0.000465661287308,10,523.603288457,2.88022775302,-1.25846051317,95.9577213404,16.4726468675,81.66940097,98.8843021332,5150.01593158,0.0172294676304,4630.46366349,4621.82704359,66,70.0300734024,28.1984775938,47.6035020256,0.0160049759279,0.0160271156346,-2.21397067346e-05,-0.000194631866179,5791.37581546,27034,54.0680025681,5267.61958037,523.60346308,28128,-1.32221121021e-05,1.32221121021e-05,1.41241574287,0,0,0.00415028072894,0.00259392568842,0.0194976776838,0.0125015610829
56.3200026751,2712.51425147,-810.788711533,108.096290588,-486.438873291,10.0381364822,0.402069211006,102.269508362,39.4945411682,0.973810732365,0.000232830643654,0.000465661287308,10,523.603288457,5.11289334214,-0.711306124496,91.9702284622,14.8281304533,103.303929791,109.438908112,5150.01639724,0.0172294676304,4630.46366349,4621.82704359,66,70.0300734024,27.4226840702,46.8792204629,0.0161241197338,0.0160416675499,8.24521839693e-05,0.0002564775059,5791.37581546,27034,54.0680025681,5267.61958037,523.60346308,28160,-1.33239545903e-05,1.33239545903e-05,1.41294193268,0,0,0,0,0.00869989115745,0.00563723547384
56.3840026781,2663.04961406,-723.009929061,96.393409729,-473.887634277,7.49850988388,0.372029095888,102.270103455,39.494354248,0.973811089993,0.000232830643654,0.000465661287308,10,523.603288457,6.22457670716,-0.347684001355,88.1558210825,13.3240866916,114.076137834,116.453178634,5150.01639724,0.0172294676304,4630.46366349,4621.82704359,66,70.0300734024,28.1774846371,46.8876751256,0.0161390127096,0.0160835043062,5.55084034293e-05,0.000214640749618,5791.37581546,27034,54.0680025681,5267.61958037,523.60346308,28192,-1.35432665047e-05,1.35432665047e-05,1.41529631615,0,0,0,0,0.00385302398354,0.00250930595212
56.4480026811,2621.19434774,-586.395093706,78.1795959473,-471.578430176,5.42549371719,0.322862058878,102.270545959,39.4941520691,0.973811388016,0.000232830643654,0.000465661287308,10,523.603288457,6.83377787272,-0.0301817637565,84.5067202423,12.0863175362,119.979296869,122.577795992,5150.0168629,0.0172294676304,4630.46366349,4621.82704359,66,70.0300734024,29.0500247502,47.0741215395,0.0162388155422,0.0161871867022,5.1628840092e-05,0.000576619640924,5791.37581546,27034,54.0680025681,5267.61958037,523.60346308,28224,-1.33741004902e-05,1.33741004902e-05,1.41273677349,0,0,0,0,0.00172018643934,0.00112278969027
56.5120026842,2588.2369373,-450.145424111,60.014465332,-473.583496094,3.8689467907,0.260444194078,102.270820618,39.4939498901,0.97381156683,0.000232830643654,0.000465661287308,10,523.603288457,7.20052428914,0.262089988026,81.0158941143,11.1132270919,123.533071019,128.215717268,5150.0168629,0.0172294676304,4630.46366349,4621.82704359,66,70.0300734024,29.8906106764,47.286539484,0.0162642245505,0.016209014575,5.52099754803e-05,0.000554791768081,5791.37581546,27034,54.0680025681,5267.61958037,523.60346308,28256,-1.30807657115e-05,1.30807657115e-05,1.40990912914,0,0,0,0,0.000770711281803,0.000503555871546
56.5760026872,2563.3838959,-334.165466484,44.551738739,-476.859985352,2.73895716667,0.19968059659,102.271095276,39.4937515259,0.973811805248,0.000232830643654,0.000465661287308,10,523.603288457,7.43952263881,0.534152718586,77.6765965392,10.3649719998,125.848964672,133.463807288,5150.01593158,0.0172294676304,4630.46366349,4621.82704359,66,70.0300734024,30.6733163598,47.4731896247,0.0161270969079,0.0161398929777,-1.27960697593e-05,-0.000307409209199,5791.37581546,27034,54.0680025681,5267.61958037,523.60346308,28288,-1.33781868499e-05,1.33781868499e-05,1.41421210766,0,0,0,0,0.000345856766216,0.000226071511861
56.6400026903,2545.1395195,-242.880167207,32.381362915,-480.084503174,1.93130266666,0.148231759667,102.271369934,39.4935684204,0.973811984062,0.000232830643654,0.000465661287308,10,523.603288457,7.65195981748,0.93400079808,74.4825794455,9.80267303057,127.9074786,141.176875331,5150.0168629,0.0172294676304,4630.46366349,4621.82704359,66,70.0300734024,27.4305093626,46.4964177809,0.0161285535205,0.0161917341757,-6.31806551521e-05,0.000572072167415,5791.37581546,27034,54.0680025681,5267.61958037,523.60346308,28320,-1.3559344552e-05,1.3559344552e-05,1.41228377819,0,0,0,0,0.000155313464347,0.000101542005723
56.7040026933,2531.97201528,-174.184868229,23.222743988,-482.786682129,1.35926520824,0.107701815665,102.271644592,39.493396759,0.973812162876,0.000232830643654,0.000465661287308,10,523.603288457,11.8341175718,2.40046004953,71.4281294735,9.40397574898,129.423002363,148.619088577,5150.01639724,0.0172294676304,4630.46366349,4621.82704359,66,70.0300734024,23.7614203797,44.8588616564,0.0159110421782,0.0159416231327,-3.05809544354e-05,0.000356521923095,5791.37581546,27034,54.0680025681,5267.61958037,523.60346308,28352,-1.33181601996e-05,1.33181601996e-05,1.41314029694,0,0,0,0,6.97686700732e-05,4.56179986941e-05
56.7680026963,2522.57031389,-123.879377497,16.5158939362,-484.883575439,0.955895900726,0.0771752819419,102.272132874,39.4932365417,0.973812460899,0.000232830643654,0.000465661287308,10,523.603288457,67.0569625198,15.2065379832,68.5079654281,11.8834987619,129.423002363,138.863761094,5150.01732856,0.0172294676304,4630.46366349,4631.58264756,66,70.0300734024,24.3907597905,44.3359713245,0.016005134898,0.01601074473,-5.60983204334e-06,0.00121872290038,5791.37581546,27034,54.0680025681,5267.61958037,523.60346308,28384,-1.33529601953e-05,1.33529601953e-05,1.41263949871,0,0,0,0,3.13454111165e-05,2.04959123948e-05
56.8320026994,2515.90181142,-87.6543781487,11.6862916946,-486.44342041,0.672012686729,0.0548297129571,102.26171875,39.4634094238,0.973805487156,0.000232830643654,0.000465661287308,10,523.603288457,104.098101534,22.4365593228,100.27917474,19.9176452587,89.8095895536,104.300946987,5150.0168629,0.0172294676304,4670.07700354,4666.14589095,66,70.0300734024,30.0745596178,48.1794486404,0.0161011434324,0.0160980562214,3.08721104236e-06,0.000665750121698,5791.37581546,27034,54.0680025681,5267.61958037,523.60346308,28416,-1.32660024974e-05,1.32660024974e-05,1.4169819355,0,0,0,0,1.40836546052e-05,9.20908678381e-06
56.8960027024,2511.19094901,-61.8298799964,8.24330711365,-487.576477051,0.472428172827,0.0387469604611,102.259315491,39.4556121826,0.973803818226,0.000232830643654,0.000465661287308,10,523.603288457,110.097026629,23.1289873831,108.599752833,22.0300574454,66.9321525493,85.9807478264,5150.01546592,0.0172294676304,4692.95494258,4684.46686864,66,70.0300734024,35.0580485247,51.0031022714,0.0158389531629,0.0158834154718,-4.44623088347e-05,-0.000516592990607,5791.37581546,27034,54.0680025681,5267.61958037,523.60346308,28448,-1.32822397063e-05,1.32822397063e-05,1.41283416748,0,0,0,0,6.32804085399e-06,4.13784209741e-06
56.9600027055,2507.87148252,-43.5350557382,5.80419778824,-488.387969971,0.332134336233,0.0273028165102,102.258857727,39.4537887573,0.973803520203,0.000232830643654,0.000465661287308,10,523.603288457,107.280039999,21.332322553,107.01151942,21.0198219229,59.5121127844,78.9320911281,5150.01500025,0.0172294676304,4700.37432387,4691.51651487,66,70.0300734024,37.4579467461,52.9536955582,0.0155423157816,0.0155887391884,-4.64234067854e-05,-0.00068757799454,5791.37581546,27034,54.0680025681,5267.61958037,523.60346308,28480,-1.31816896101e-05,1.31816896101e-05,1.41158747673,0,0,0,0,2.84333964373e-06,1.85923738627e-06
57.0240027085,2505.53525984,-30.620052712,4.08233880997,-488.964294434,0.233557656407,0.0192021094263,102.259407043,39.453754425,0.973803877831,0.000232830643654,0.000465661287308,10,523.603288457,60.6225658837,10.8817728491,101.843961404,18.7579138208,59.3871591263,78.5843949416,5150.01546592,0.0172294676304,4700.49958676,4691.86389819,67,70.0357995811,39.2187794205,54.490268667,0.0151876874549,0.0151831045514,4.58290350114e-06,0.000183717929758,5791.37581546,27034,54.0680025681,5267.61958037,523.60346308,28512,-1.32828026835e-05,1.32828026835e-05,1.41269528866,0,0,0,0,1.27758767121e-06,8.35406353872e-07
57.0880027115,2503.89287248,-21.5250420297,2.86977005005,-489.371551514,0.164297044277,0.0134908733889,102.259681702,39.4537467957,0.973804116249,0.000232830643654,0.000465661287308,10,523.603288457,3.32487660666,-1.19896363204,97.5761183618,17.0801857567,66.9217843097,90.3362888494,5150.01500025,0.0172294676304,4700.49958676,4691.86389819,67,70.0357995811,31.9388964272,51.028746384,0.0155277745245,0.015605110093,-7.73355685046e-05,-0.000703948899172,5791.37581546,27034,54.0680025681,5267.61958037,523.60346308,28544,-1.34507426992e-05,1.34507426992e-05,1.4127972126,0,0,0,0,5.74055547986e-07,3.75371428163e-07
57.1520027146,2502.73849815,-15.1264794113,2.01669836044,-489.658599854,0.115637928247,0.00947055593133,102.260093689,39.453754425,0.973804354668,0.000232830643654,0.000465661287308,10,523.603288457,4.42435293012,-0.884994089358,93.5173916085,15.4728144207,96.6319712461,106.088467874,5150.01593158,0.0172294676304,4700.49958676,4691.86389819,67,70.0357995811,27.3142959486,47.0007544209,0.0160474370597,0.016096237232,-4.88001722365e-05,-0.000263753463514,5791.37581546,27034,54.0680025681,5267.61958037,523.60346308,28576,-1.32385684992e-05,1.32385684992e-05,1.4129036665,0,0,0,0,2.57939177573e-07,1.68664925582e-07
57.2160027176,2501.92708336,-10.6303568828,1.41726458073,-489.860168457,0.0814383924007,0.00664641708136,102.25995636,39.4537277222,0.973804295063,0.000232830643654,0.000465661287308,10,523.603288457,5.87006914949,-0.482525727156,89.636086647,13.8861970467,110.640961793,113.852081995,5150.01639724,0.0172294676304,4700.49958676,4691.86389819,67,70.0357995811,27.8462466667,46.8485632155,0.016004179218,0.0160562194651,-5.20402471116e-05,0.000241925590672,5791.37581546,27034,54.0680025681,5267.61958037,523.60346308,28608,-1.34082702061e-05,1.34082702061e-05,1.41143596172,0,0,0,0,1.15899290165e-07,7.5785870024e-08
57.2800027207,2501.35711394,-7.47124113332,0.99608373642,-490.001861572,0.0573992729187,0.00466265622526,102.260307312,39.4537315369,0.973804533482,0.000232830643654,0.000465661287308,10,523.603288457,6.63291024736,-0.151488466703,85.9229082807,12.5397980628,118.032890896,120.237789815,5150.01639724,0.0172294676304,4700.49958676,4691.86389819,67,70.0357995811,28.7079856207,46.9925325888,0.0158834153746,0.0159452611115,-6.18457368651e-05,0.000352883944288,5791.37581546,27034,54.0680025681,5267.61958037,523.60346308,28640,-1.36690041472e-05,1.36690041472e-05,1.41165220737,0,0,0,0,5.20767819978e-08,3.40527179787e-08
57.3440027237,2500.95594674,-5.25189807377,0.700195610523,-490.101043701,0.0404861420393,0.00327246403322,102.260536194,39.4537391663,0.973804652691,0.000232830643654,0.000465661287308,10,523.603288457,7.0759533631,0.14978750614,82.3705902882,11.4663804734,122.325975099,126.049402752,5150.01593158,0.0172294676304,4700.49958676,4691.86389819,67,70.0357995811,29.5660192933,47.2042775073,0.015844648163,0.0157797330758,6.49150871945e-05,5.27506927028e-05,5791.37581546,27034,54.0680025681,5267.61958037,523.60346308,28672,-1.33779967655e-05,1.33779967655e-05,1.41269814968,0,0,0,0,2.33995525178e-08,1.53008432591e-08
57.4080027267,2500.6744545,-3.69478948414,0.492598176003,-490.170654297,0.0285939294845,0.00229532597587,102.260719299,39.4537391663,0.9738047719,0.000232830643654,0.000465661287308,10,523.603288457,7.35646146814,0.429354800995,78.97238651,10.635243211,125.04409824,131.442255224,5150.01593158,0.0172294676304,4700.49958676,4691.86389819,67,70.0357995811,30.3759261442,47.4049484183,0.0158967664726,0.0159179762704,-2.1209797807e-05,-8.54925019667e-05,5791.37581546,27034,54.0680025681,5267.61958037,523.60346308,28704,-1.33759895107e-05,1.33759895107e-05,1.41526830196,0,0,0,0,1.05140776085e-08,6.87509826847e-09
57.4720027298,2500.47608279,-2.60003798758,0.346643269062,-490.219299316,0.0202172547579,0.00161090085749,102.260719299,39.4537239075,0.9738047719,0.000232830643654,0.000465661287308,10,523.603288457,7.56441539913,0.747670594342,75.7218950535,10.0027147825,127.059174702,137.582566822,5150.01546592,0.0172294676304,4700.49958676,4691.86389819,67,70.0357995811,29.5013123832,47.126730351,0.0157120253613,0.0157215254148,-9.50005352163e-06,-0.000354702933691,5791.37581546,27034,54.0680025681,5267.61958037,523.60346308,28736,-1.33321354951e-05,1.33321354951e-05,1.41231453419,0,0,0,0,4.72427030829e-09,3.08917402769e-09
57.5360027328,2500.3363844,-1.8303953766,0.244032680988,-490.253448486,0.0143164452165,0.00113055878319,102.261177063,39.4537277222,0.973805069923,0.000232830643654,0.000465661287308,10,523.603288457,7.78589552598,1.21536722325,72.6131754896,9.54319951978,129.205320263,146.604434121,5150.01593158,0.0172294676304,4700.49958676,4691.86389819,67,70.0357995811,24.3940303335,45.289620175,0.0154468223906,0.01549233275,-4.55103593699e-05,0.000340151018463,5791.37581546,27034,54.0680025681,5267.61958037,523.60346308,28768,-1.33007906697e-05,1.33007906697e-05,1.41404724121,0,0,0,0,2.12274686717e-09,1.38805278382e-09
57.6000027359,2500.23812987,-1.28873875838,0.171817734838,-490.27746582,0.0101594571024,0.00079350505257,102.260993958,39.4537086487,0.973804950714,0.000232830643654,0.000465661287308,10,523.603288457,38.5164566627,9.550284452,69.6407488529,9.2608194654,129.418374854,148.519975482,5150.01500025,0.0172294676304,4700.49958676,4691.96029007,67,70.0357995811,24.1061006818,44.3211647507,0.0156688862024,0.0156942405738,-2.53543713802e-05,-0.000793079379946,5791.37581546,27034,54.0680025681,5267.61958037,523.60346308,28800,-1.31642691485e-05,1.31642691485e-05,1.41278195381,0,0,0,0,9.53809586868e-10,6.23691154278e-10
57.6640027389,2500.16897917,-0.909625441636,0.121273435652,-490.2940979,0.00722664454952,0.000556068378501,102.289131165,39.4087333679,0.973823904991,0.000232830643654,0.000465661287308,10,523.603288457,95.9028071642,20.7137854465,91.0242352742,17.4817360557,105.377584987,116.247771075,5150.01593158,0.0172294676304,4724.5407477,4724.23247993,67,70.0357995811,26.9108495559,46.178989578,0.015808647294,0.015821569832,-1.29225380396e-05,1.09139364213e-05,5791.37581546,27034,54.0680025681,5267.61958037,523.60346308,28832,-1.35932523335e-05,1.35932523335e-05,1.41273450851,0,0,0,0,4.28573482258e-10,2.80241857498e-10
57.7280027419,2500.12008473,-0.640984239908,0.0854575484991,-490.305938721,0.00514853280038,0.000392299814848,102.307518005,39.3791542053,0.973836302757,0.000232830643654,0.000465661287308,10,523.603288457,109.284433064,23.2977933554,107.04958651,21.7406629602,73.4661589377,91.4281845326,5150.01593158,0.0172294676304,4756.45251572,4749.05222654,67,70.0357995811,33.7535275321,50.1682879985,0.0156060573492,0.0156414898811,-3.54325319085e-05,0.000190993887372,5791.37581546,27034,54.0680025681,5267.61958037,523.60346308,28864,-1.35813716042e-05,1.35813716042e-05,1.41120171547,0,0,0,0,1.92570126512e-10,1.25920537886e-10
57.792002745,2500.08539297,-0.453968709735,0.0605241954327,-490.313873291,0.00367754162289,0.0002774069726,102.311912537,39.3722686768,0.973839223385,0.000232830643654,0.000465661287308,10,523.603288457,109.083718345,22.2099458705,108.402993516,21.6331071334,61.1409777775,80.7375326985,5150.01593158,0.0172294676304,4768.77670735,4759.74241272,67,70.0357995811,36.6146887245,52.2241098224,0.0158460786853,0.0158943294082,-4.82507228616e-05,-6.18456397206e-05,5791.37581546,27034,54.0680025681,5267.61958037,523.60346308,28896,-1.33812527565e-05,1.33812527565e-05,1.41553068161,0,0,0,0,8.65271465589e-11,5.65796194618e-11
57.856002748,2500.06117858,-0.321486510302,0.0428613498807,-490.319671631,0.002646376146,0.000192537729163,102.312004089,39.3716812134,0.97383928299,0.000232830643654,0.000465661287308,10,523.603288457,87.9567471225,16.8876986411,103.631598393,19.589954783,59.3873592152,78.584489529,5150.01500025,0.0172294676304,4770.53085342,4761.89609617,68,70.0309828972,38.5843522963,53.9470420335,0.0153767114736,0.0154304871103,-5.37756367214e-05,-0.000529325916432,5791.37581546,27034,54.0680025681,5267.61958037,523.60346308,28928,-1.32333389047e-05,1.32333389047e-05,1.41100978851,0,0,0,0,3.88790805106e-11,2.54228044866e-11
57.9200027511,2500.04371628,-0.227857583468,0.0303785186261,-490.323577881,0.00191460410133,0.000132541797939,102.312004089,39.3718910217,0.97383928299,0.000232830643654,0.000465661287308,10,523.603288457,17.5183418441,1.73279869378,99.2215512942,17.6762448217,59.3873592152,80.5238014436,5150.01546592,0.0172294676304,4770.53085342,4761.89609617,68,70.0309828972,38.4114064218,55.1971534151,0.0153662487318,0.0152831489686,8.30997631818e-05,8.36735125631e-05,5791.37581546,27034,54.0680025681,5267.61958037,523.60346308,28960,-1.38504556162e-05,1.38504556162e-05,1.41262626648,0,0,0,0,1.74694633759e-11,1.14231775081e-11
57.9840027541,2500.03137626,-0.160946299843,0.0214577447623,-490.326446533,0.00138303998392,9.47578446358e-05,102.312004089,39.372051239,0.97383928299,0.000232830643654,0.000465661287308,10,523.603288457,3.50947649333,-1.10264968731,95.0885581901,16.1239433142,87.7668207977,101.889891084,5150.01593158,0.0172294676304,4770.53085342,4761.89609617,68,70.0309828972,27.6035116258,47.2737083328,0.0153260000385,0.015379555407,-5.35553684733e-05,0.000452928361483,5791.37581546,27034,54.0680025681,5267.61958037,523.60346308,28992,-1.28336196212e-05,1.28336196212e-05,1.41266930103,0,0,0,0,7.8495170433e-12,5.13275403083e-12
58.0480027571,2500.02299435,-0.113569328164,0.0151413343847,-490.328643799,0.00100279331673,6.90801171004e-05,102.312454224,39.3722381592,0.973839581013,0.000232830643654,0.000465661287308,10,523.603288457,5.41579937358,-0.626663250498,91.1388980076,14.4865841647,106.239087472,111.07166938,5150.01546592,0.0172294676304,4770.53085342,4761.89609617,68,70.0309828972,27.551286621,46.8514808745,0.0149533630062,0.0149502739077,3.0890984215e-06,0.000416548573412,5791.37581546,27034,54.0680025681,5267.61958037,523.60346308,29024,-1.31643228087e-05,1.31643228087e-05,1.41070997715,0,0,0,0,3.52700898001e-12,2.3062901415e-12
58.1120027602,2500.01670793,-0.0823831456387,0.0109835183248,-490.329711914,0.000735444482416,5.00789137732e-05,102.3123703,39.372379303,0.973839521408,0.000232830643654,0.000465661287308,10,523.603288457,6.38513264303,-0.277019316133,87.3605946661,13.0354668061,115.631926747,117.81630019,5150.01546592,0.0172294676304,4770.53085342,4761.89609617,68,70.0309828972,28.3638764813,46.9202641398,0.0152021524397,0.0152158463607,-1.36939209971e-05,0.000150976120494,5791.37581546,27034,54.0680025681,5267.61958037,523.60346308,29056,-1.33636085593e-05,1.33636085593e-05,1.41205227375,0,0,0,0,1.58478406179e-12,1.03628076172e-12
58.1760027632,2500.01228414,-0.056821118477,0.0075755272992,-490.330963135,0.000539025873877,3.84339655284e-05,102.312538147,39.3725280762,0.973839640617,0.000232830643654,0.000465661287308,10,523.603288457,6.92743485342,0.034299296197,83.7459497795,11.8566505495,120.886834338,123.821635498,5150.01639724,0.0172294676304,4770.53085342,4761.89609617,68,70.0309828972,29.2340628221,47.1200764878,0.0153467194647,0.0153904693434,-4.37498787198e-05,0.000907675712369,5791.37581546,27034,54.0680025681,5267.61958037,523.60346308,29088,-1.33575458676e-05,1.33575458676e-05,1.41336846352,0,0,0,0,7.12087832276e-13,4.65630084403e-13
58.2400027663,2500.00925735,-0.0407486879794,0.00543271237984,-490.331634521,0.000414077949245,2.65008002316e-05,102.312812805,39.3726806641,0.973839819431,0.000232830643654,0.000465661287308,10,523.603288457,7.26003570545,0.321955771124,80.2881659148,10.9355608341,124.109734315,129.370528157,5150.01639724,0.0172294676304,4770.53085342,4761.89609617,68,70.0309828972,30.0641149806,47.3296786367,0.0155016888354,0.0155450834427,-4.33946073519e-05,0.000753061613068,5791.37581546,27034,54.0680025681,5267.61958037,523.60346308,29120,-1.32406821649e-05,1.32406821649e-05,1.41350221634,0,0,0,0,3.19960990211e-13,2.09220634524e-13
58.3040027693,2500.00716187,-0.0305086196306,0.0040674819611,-490.331970215,0.000307037174935,2.25664207392e-05,102.312721252,39.3728218079,0.973839759827,0.000232830643654,0.000465661287308,10,523.603288457,7.48218880015,0.596744050067,76.9805335369,10.2295745319,126.262399135,134.671194246,5150.01546592,0.0172294676304,4770.53085342,4761.89609617,68,70.0309828972,30.630188121,47.450655984,0.0157773296788,0.0158252078108,-4.78781320146e-05,-0.000458385329694,5791.37581546,27034,54.0680025681,5267.61958037,523.60346308,29152,-1.32123732328e-05,1.32123732328e-05,1.41334950924,0,0,0,0,1.43767444239e-13,9.400869704e-14
58.3680027723,2500.00553206,-0.0237227091304,0.00316276820377,-490.332061768,0.000218305576709,2.17482393055e-05,102.312812805,39.3729476929,0.973839819431,0.000232830643654,0.000465661287308,10,523.603288457,7.70025464525,1.03800815013,73.816855848,9.70455889685,128.375453642,143.183176988,5150.01546592,0.0172294676304,4770.53085342,4761.89609617,68,70.0309828972,26.2443772954,46.0783885501,0.0158146118562,0.0158152033691,-5.91512949732e-07,-0.000448380887974,5791.37581546,27034,54.0680025681,5267.61958037,523.60346308,29184,-1.31606539071e-05,1.31606539071e-05,1.41245603561,0,0,0,0,6.45987644344e-14,4.22407436449e-14
58.4320027754,2500.00413507,-0.0163744449111,0.0021830801852,-490.332336426,0.000156339374371,1.98614470719e-05,102.312995911,39.3730888367,0.973839938641,0.000232830643654,0.000465661287308,10,523.603288457,18.5281360462,4.19741901692,70.7916245833,9.33788481303,129.422638565,148.619510583,5150.01593158,0.0172294676304,4770.53085342,4761.89609617,68,70.0309828972,23.9765704464,44.6237754659,0.0156283075509,0.0156042005983,2.41069525453e-05,0.000228283170145,5791.37581546,27034,54.0680025681,5267.61958037,523.60346308,29216,-1.33036901389e-05,1.33036901389e-05,1.40646660328,0,0,0,0,2.9026033557e-14,1.8979953446e-14
58.4960027784,2500.00320375,-0.0106360751317,0.00141802697908,-490.332672119,0.00012794417853,1.46114425661e-05,102.318519592,39.363822937,0.973843693733,0.000232830643654,0.000465661287308,10,523.603288457,80.647755982,17.609098196,76.0982296594,13.9929233376,123.304358567,130.779633764,5150.01593158,0.0172294676304,4776.64917707,4779.73604575,68,70.0309828972,24.9059976341,44.6994963568,0.0158621506902,0.0158252078108,3.69428793112e-05,7.27595761418e-06,5791.37581546,27034,54.0680025681,5267.61958037,523.60346308,29248,-1.31208025778e-05,1.31208025778e-05,1.41327834129,0,0,0,0,1.30422118282e-14,8.52822586855e-15
58.5600027815,2500.00273809,-0.00690271262371,0.000920286169276,-490.332946777,0.000109887230792,1.11240515253e-05,102.338371277,39.3294334412,0.973857045174,0.000232830643654,0.000465661287308,10,523.603288457,106.681506976,22.9419004911,103.477711248,20.7972883953,83.0246062833,99.0398548311,5150.01639724,0.0172294676304,4816.92934409,4811.47691607,68,70.0309828972,31.7761696351,49.1126847919,0.0161406265992,0.0161398929777,7.33621496884e-07,0.000158252078108,5791.37581546,27034,54.0680025681,5267.61958037,523.60346308,29280,-1.33110506795e-05,1.33110506795e-05,1.40850949287,0,0,0,0,5.8602313269e-15,3.83197154766e-15
58.6240027845,2500.00227243,-0.00453109505472,0.000604096450843,-490.333007812,9.64029532042e-05,9.38629909797e-06,102.342765808,39.3217124939,0.973859965801,0.000232830643654,0.000465661287308,10,523.603288457,110.011025917,22.8792952539,108.837340697,21.9857349592,64.3694656901,83.7430779939,5150.01593158,0.0172294676304,4835.58420092,4826.77482069,68,70.0309828972,35.6518467015,51.4435814694,0.0158721551319,0.0159361661645,-6.40110325856e-05,-0.000103682396002,5791.37581546,27034,54.0680025681,5267.61958037,523.60346308,29312,-1.31416009026e-05,1.31416009026e-05,1.41234886646,0,0,0,0,2.6331653939e-15,1.72181236452e-15
58.6880027875,2500.0020396,-0.00296437363545,0.00039521738654,-490.333129883,8.78391510923e-05,8.1550952018e-06,102.343803406,39.3202400208,0.973860681057,0.000232830643654,0.000465661287308,10,523.603288457,104.529064648,20.5291743437,105.67052066,20.5448073409,59.3881304667,78.5852535046,5150.0168629,0.0172294676304,4840.56491405,4831.93295076,69,70.0344826328,37.8776494472,53.3253114554,0.0160419837275,0.0161126081366,-7.06244090987e-05,0.000651198206469,5791.37581546,27034,54.0680025681,5267.61958037,523.60346308,29344,-1.31088791022e-05,1.31088791022e-05,1.41560912132,0,0,0,0,1.1831549966e-15,7.73658400561e-16
58.7520027906,2500.0020396,-0.00193371718638,0.000257807783782,-490.333282471,8.24206799734e-05,7.29871135263e-06,102.3436203,39.3205413818,0.973860561848,0.000232830643654,0.000465661287308,10,523.603288457,44.1921264607,7.27169040979,100.905468831,18.3497162476,59.3881304667,78.5852535046,5150.01593158,0.0172294676304,4840.56491405,4831.93295076,69,70.0344826328,39.5381248381,54.7569325136,0.0160807615973,0.0160616764333,1.90851640047e-05,-0.000229192664847,5791.37581546,27034,54.0680025681,5267.61958037,523.60346308,29376,-1.32064024001e-05,1.32064024001e-05,1.41268324852,0,0,0,0,5.31624718053e-16,3.4762634496e-16
58.8160027936,2500.00180677,-0.00126357857511,0.000168463317095,-490.333221436,7.87802564446e-05,6.76890022078e-06,102.343528748,39.3207168579,0.973860502243,0.000232830643654,0.000465661287308,10,523.603288457,2.25614575768,-1.42666184444,96.6904377423,16.7548978219,75.6220470066,95.6396979745,5150.01639724,0.0172294676304,4840.56491405,4831.93295076,69,70.0344826328,29.270471714,48.3152361994,0.0161833888374,0.0162326614372,-4.92725998891e-05,6.54836185277e-05,5791.37581546,27034,54.0680025681,5267.61958037,523.60346308,29408,-1.32275872602e-05,1.32275872602e-05,1.41121888161,0,0,0,0,2.38873931977e-16,1.56198248839e-16
58.8800027966,2500.00180677,-0.00082575901672,0.000110092165414,-490.333282471,7.64559226809e-05,6.41005317448e-06,102.343070984,39.3208503723,0.973860144615,0.000232830643654,0.000465661287308,10,523.603288457,4.82354234806,-0.786661527213,92.6708255281,15.1189670124,100.500117696,107.985302748,5150.01593158,0.0172294676304,4840.56491405,4831.93295076,69,70.0344826328,27.3462410405,46.9213009637,0.0162135158494,0.0161853677128,2.81481365993e-05,-0.000352883944288,5791.37581546,27034,54.0680025681,5267.61958037,523.60346308,29440,-1.33348385134e-05,1.33348385134e-05,1.41370487213,0,0,0,0,1.07332746058e-16,7.01842566544e-17
58.9440027997,2500.00180677,-0.000540045230757,7.2000118962e-05,-490.333343506,7.48873426346e-05,6.18782178208e-06,102.342979431,39.3209953308,0.973860085011,0.000232830643654,0.000465661287308,10,523.603288457,6.07400633226,-0.408063494687,88.8261300174,13.5745213744,112.617111881,115.288457891,5150.01639724,0.0172294676304,4840.56491405,4831.93295076,69,70.0344826328,28.024383937,46.8659163744,0.0162091957495,0.0162726792041,-6.34834546043e-05,2.54658516496e-05,5791.37581546,27034,54.0680025681,5267.61958037,523.60346308,29472,-1.30704220282e-05,1.30704220282e-05,1.41266310215,0,0,0,0,4.82276141795e-17,3.1535754619e-17
59.0080028027,2500.00180677,-0.000352677997917,4.70198719995e-05,-490.333343506,7.38778471714e-05,6.03756507189e-06,102.342895508,39.321144104,0.973860085011,0.000232830643654,0.000465661287308,10,523.603288457,6.74753132093,-0.0848382049176,85.147927667,12.2872199545,119.143565826,121.523473354,5150.01639724,0.0172294676304,4840.56491405,4831.93295076,69,70.0344826328,28.8950977847,47.0363593195,0.016192810634,0.0162563082995,-6.3497665459e-05,4.18367562816e-05,5791.37581546,27034,54.0680025681,5267.61958037,523.60346308,29504,-1.32387212943e-05,1.32387212943e-05,1.41418552399,0,0,0,0,2.16700177752e-17,1.41699033324e-17
59.0720028058,2500.00180677,-0.000230082550234,3.0675157177e-05,-490.333374023,7.32255721232e-05,5.93746972299e-06,102.342979431,39.3212966919,0.973860085011,0.000232830643654,0.000465661287308,10,523.603288457,7.14653807616,0.211428327767,81.6292598978,11.2692622403,123.009944218,127.238454297,5150.01639724,0.0172294676304,4840.56491405,4831.93295076,69,70.0344826328,29.7440219583,47.2495485155,0.0160184576575,0.0159852788784,3.31787791685e-05,0.00031286617741,5791.37581546,27034,54.0680025681,5267.61958037,523.60346308,29536,-1.32884688355e-05,1.32884688355e-05,1.41231930256,0,0,0,0,9.73694564961e-18,6.36693407909e-18
59.1360028088,2500.00180677,-0.00015021356381,2.00268314074e-05,-490.333374023,7.27966544218e-05,5.87316753808e-06,102.343070984,39.3214416504,0.973860144615,0.000232830643654,0.000465661287308,10,523.603288457,7.40323593795,0.486747742003,78.2633073025,10.4842292267,125.497346744,132.549364935,5150.01639724,0.0172294676304,4840.56491405,4831.93295076,69,70.0344826328,30.5427747662,47.4439184472,0.0161302402407,0.0161689968081,-3.87565673998e-05,0.000129148247652,5791.37581546,27034,54.0680025681,5267.61958037,523.60346308,29568,-1.33679677674e-05,1.33679677674e-05,1.41054809093,0,0,0,0,4.3750815097e-18,2.86084157844e-18
59.2000028118,2500.00180677,-9.80801134753e-05,1.30762755362e-05,-490.333404541,7.25162826711e-05,5.83127211939e-06,102.343345642,39.3215942383,0.973860383034,0.000232830643654,0.000465661287308,10,523.603288457,7.61174884426,0.847075498701,75.0436826378,9.89030076875,127.517836518,139.500087244,5150.01639724,0.0172294676304,4840.56491405,4831.93295076,69,70.0344826328,28.4271554847,46.8118741992,0.0161361093237,0.0161962816492,-6.01723254556e-05,0.000101863406599,5791.37581546,27034,54.0680025681,5267.61958037,523.60346308,29600,-1.31593515107e-05,1.31593515107e-05,1.41309714317,0,0,0,0,1.96584663132e-18,1.2854561461e-18
59.2640028149,2500.00157394,-6.40236613725e-05,8.53578785609e-06,-490.333282471,7.23337507225e-05,5.80376718062e-06,102.343345642,39.3217277527,0.973860383034,0.000232830643654,0.000465661287308,10,523.603288457,8.69265331532,1.53123715617,71.9646652193,9.46437072172,129.420819576,148.138788063,5150.01639724,0.0172294676304,4840.56491405,4831.93295076,69,70.0344826328,23.7294134422,45.0354964414,0.0162301731915,0.0163145159604,-8.43427688801e-05,-1.63709046319e-05,5791.37581546,27034,54.0680025681,5267.61958037,523.60346308,29632,-1.32002578539e-05,1.32002578539e-05,1.41013157368,0,0,0,0,8.83309986994e-19,5.77591580617e-19
59.3280028179,2500.00157394,-4.17935581976e-05,5.57201701668e-06,-490.333282471,7.2214526881e-05,5.78582921662e-06,102.3436203,39.3218688965,0.973860561848,0.000232830643654,0.000465661287308,10,523.603288457,53.1564536903,12.8158540506,69.0208932787,10.3175877387,129.420819576,144.646211993,5150.01593158,0.0172294676304,4840.56491405,4835.90131626,69,70.0344826328,24.2077549046,44.2650343757,0.0163495064015,0.0163909135154,-4.14071138488e-05,-0.000558429746889,5791.37581546,27034,54.0680025681,5267.61958037,523.60346308,29664,-1.32817676786e-05,1.32817676786e-05,1.41245055199,0,0,0,0,3.96895940359e-19,2.59528123984e-19
59.392002821,2500.00157394,-2.72843518612e-05,3.63761500921e-06,-490.333282471,7.21366450307e-05,5.77413629799e-06,102.30973053,39.3324737549,0.973837792873,0.000232830643654,0.000465661287308,10,523.603288457,101.036165596,21.7971794407,96.6963415472,18.9489469596,96.3977217907,109.354878077,5150.01732856,0.0172294676304,4873.58868122,4871.19238824,69,70.0344826328,28.553096854,47.2670217277,0.0167040580118,0.0167037796928,2.78319034486e-07,0.000525687937625,5791.37581546,27034,54.0680025681,5267.61958037,523.60346308,29696,-1.32378809212e-05,1.32378809212e-05,1.41280627251,0,0,0,0,1.78336469452e-19,1.16613247345e-19
59.456002824,2500.00157394,-1.78105256238e-05,2.37454196395e-06,-490.333282471,7.20858006389e-05,5.76649745199e-06,102.296775818,39.3365211487,0.973829030991,0.000232830643654,0.000465661287308,10,523.603288457,109.902098517,23.2577082775,108.095556167,21.9650368488,69.5795970387,88.2217354956,5150.01639724,0.0176951289177,4900.40658042,4892.32456312,69,70.0344826328,34.5099215338,50.6295255036,0.016640166009,0.0165837263921,5.6439616869e-05,-0.000285581336357,5791.37581546,27034,54.0680025681,5267.61958037,523.60346308,29728,-1.31976530611e-05,1.31976530611e-05,1.41413128376,0,0,0,0,8.01315838021e-20,5.23975943435e-20
59.520002827,2500.00157394,-1.16268973616e-05,1.55012571668e-06,-490.333282471,7.2052658652e-05,5.76150750931e-06,102.293434143,39.3374633789,0.973826825619,0.000232830643654,0.000465661287308,10,523.603288457,108.204981655,21.7532213643,107.755874961,21.3253767924,60.0708590355,79.6162203187,5150.01639724,0.0176951289177,4909.91538391,4900.92998371,69,70.0344826328,37.0878187823,52.629129641,0.0164703320843,0.0164836819749,-1.33498906374e-05,-0.000185536919162,5791.37581546,27034,54.0680025681,5267.61958037,523.60346308,29760,-1.33694366014e-05,1.33694366014e-05,1.40718412399,0,0,0,0,3.60053755315e-20,2.35437073486e-20
59.5840028301,2500.0073947,2.28241810873,-0.304297447205,-490.640441895,0.000359663303243,1.16142891784e-05,102.293479919,39.3376045227,0.973826825619,0.000232830643654,0.000465661287308,11,523.756025359,73.8811531186,13.7946084121,102.642293544,19.1217541149,59.3869553995,78.5835509305,5150.0168629,0.0176951289177,4910.59944034,4901.96282044,70,70.0338787283,38.9390406781,54.2523303011,0.0169441983638,0.0169020495377,4.2148826096e-05,-0.000138243194669,5791.3815649,29790,59.5800028299,5791.37593242,523.756374605,29792,-1.32113764266e-05,1.32113764266e-05,1.41249334812,0,0,0.00129318470135,0.000808240496553,0.00067858787952,0.000424195080996
59.6480028331,2510.44286415,297.194899758,-39.6227340698,-535.075683594,0.606487870216,-0.0156558919698,102.293830872,39.3376541138,0.973827064037,0.000232830643654,0.000465661287308,11,523.756025359,7.75887426472,-0.150769046337,98.3208401438,17.3454193229,60.9214002907,85.4408935993,5150.0168629,0.0176951289177,4910.59944034,4901.96282044,70,70.0338787283,34.9707188434,54.2292582395,0.0167029619996,0.0166801328305,2.28291691107e-05,8.36735125631e-05,5801.81700246,29790,59.5800028299,5791.37593242,523.756374605,29824,-1.29075560835e-05,1.29075560835e-05,1.41270112991,0,0,0.0151724582538,0.0094827869907,0.0142514808103,0.00891683250666
59.7120028362,2535.88007763,476.447952678,-63.5211791992,-571.446838379,1.8961430788,0.00490676052868,102.293830872,39.3376846313,0.973827064037,0.000232830643654,0.000465661287308,11,523.756025359,4.04159445702,-0.976232906609,94.228829408,15.7690576126,92.9230445763,104.328471934,5150.0168629,0.0176951289177,4910.59944034,4901.96282044,70,70.0338787283,27.3682489933,47.0979575766,0.0166626600157,0.016718331608,-5.56715923361e-05,4.54747350886e-05,5827.25431332,29790,59.5800028299,5791.37593242,523.756374605,29856,-1.33683079184e-05,1.33683079184e-05,1.41154932976,0,0,0.0289239883423,0.0180774908513,0.0279713049531,0.0175017472357
59.7760028392,2570.06543688,578.647071961,-77.1466140747,-601.834533691,3.441655159,0.0912379398942,102.293922424,39.3377113342,0.973827123642,0.000232830643654,0.000465661287308,11,523.756025359,5.67795331072,-0.546586600666,90.3166356803,14.1543806842,108.779357106,112.616347906,5150.01732856,0.0176951289177,4910.59944034,4901.96282044,70,70.0338787283,27.7055314655,46.8432263006,0.0167832817505,0.0167710823007,1.21994497837e-05,0.000458385329694,5861.43951546,29790,59.5800028299,5791.37593242,523.756374605,29888,-1.32425893753e-05,1.32425893753e-05,1.41112196445,0,0,0.0424334593117,0.0265209134668,0.0414590574801,0.025940977037
59.8400028422,2609.09181088,633.009709418,-84.3943710327,-628.218139648,5.11336565018,0.218783721328,102.29410553,39.3377418518,0.973827242851,0.000232830643654,0.000465661287308,11,523.756025359,6.52692376326,-0.207944474524,86.5739895629,12.7595280154,117.005882203,119.148753583,5150.01593158,0.0176951289177,4910.59944034,4901.96282044,70,70.0338787283,28.5516216536,46.9579281344,0.0167057473272,0.0167892721947,-8.35248675779e-05,-0.000956788426265,5900.46602065,29790,59.5800028299,5791.37593242,523.756374605,29920,-1.33825342346e-05,1.33825342346e-05,1.41360831261,0,0,0.0555886477232,0.0347429029644,0.0546036660671,0.0341647975147
59.9040028453,2650.51913448,656.67607123,-87.549621582,-651.686523438,6.83580207825,0.370474398136,102.294197083,39.3377685547,0.973827302456,0.000232830643654,0.000465661287308,11,523.756025359,7.01174765272,0.0977325277628,82.9935003123,11.6387691983,121.703822515,125.045262394,5150.0168629,0.0176951289177,4910.59944034,4901.96282044,70,70.0338787283,29.4161109196,47.1659368486,0.0165999190921,0.0166728568729,-7.29377808151e-05,9.09494701773e-05,5941.89321362,29790,59.5800028299,5791.37593242,523.756374605,29952,-1.3205475625e-05,1.3205475625e-05,1.41286230087,0,0,0.0682802498341,0.0426751561463,0.0672968327999,0.0421052351594
59.9680028483,2692.7201543,659.018347505,-87.8619003296,-672.691345215,8.55457019806,0.536207914352,102.294197083,39.3377876282,0.973827302456,0.000232830643654,0.000465661287308,11,523.756025359,7.31441242289,0.380923090648,79.5683411963,10.7676191906,124.636644614,130.508007715,5150.01639724,0.0176951289177,4910.59944034,4901.96282044,70,70.0338787283,30.2352545987,47.3711588711,0.0164657615181,0.0164545781445,1.11833736716e-05,-0.000156433088705,5984.09416784,29790,59.5800028299,5791.37593242,523.756374605,29984,-1.33953099066e-05,1.33953099066e-05,1.41268873215,0,0,0.0804029330611,0.0502518378198,0.079433940351,0.0496966801584
60.0000028498,2713.73218857,653.934082948,-87.1840515137,-682.31640625,9.39884090424,0.622328281403,102.294380188,39.3378105164,0.973827421665,0.000232830643654,0.000465661287308,11,523.756025359,7.42511654892,0.51512586896,77.9119283586,10.4118416922,125.709368149,133.096778882,5150.01639724,0.0176951289177,4910.59944034,4901.96282044,70,70.0338787283,30.6253386952,47.4625448987,0.0165536769708,0.0165582605405,-4.58356963495e-06,-0.000260115484707,6005.10621075,29790,59.5800028299,5791.37593242,523.756374605,30000,-1.30543785417e-05,1.30543785417e-05,1.41161298752,0,0,0.0862192586064,0.053887039423,0.0852624773979,0.0533417761326
