step,time_s,environment,arm,target_angle_deg,status_code,object_index,failing_index,completed_microsteps,fgmres_iterations,status_diagnostic_x,status_diagnostic_y,status_diagnostic_z,status_diagnostic_w,min_J,max_J,max_node_displacement_m,reaction_x_N,reaction_y_N,reaction_z_N,reaction_moment_y_Nm,phase,max_free_displacement_m,max_free_speed_m_s,kinetic_energy_J,max_material_state_change,certificate_residual,certificate_correction,certificate_volume,certificate_pressure,certificate_raw_accepted_flag,step_accepted,right_grip_constrained,measured_right_grip_angle_deg,current_fixed_nodes
0,2.4999999368446879e-05,0,bent,0.0078125,0,4294967295,4294967295,1,10,0.99961555004119873,0,0,0,0.99961557972485171,1.0000992089264202,2.8684735364903924e-07,1.1546998545527458,0.0091106771142221987,-0.52807081397622824,-0.011037762004285103,loading,2.4595877265720482e-07,0.0098235972588989386,7.0752408428989186e-10,0.045606739819049835,2.4304819817189127e-05,0,0,0,1,1,1,0.0077935060486869004,24
0,2.4999999368446879e-05,1,held_reference,0,0,4294967295,4294967295,1,8,0.9999995231628418,0,0,0,0.99999957383164617,1.0000001846023818,1.8635544219964791e-09,0.0033417508670936513,-0.0059604173875413835,-2.9801729795053689e-05,-2.484312693272847e-07,loading,1.8635544219964791e-09,5.3939299363655359e-05,1.9454524460590713e-14,0.0009580578189343214,3.1389326977659948e-06,0,0,0,1,1,1,-4.8827249338482003e-14,24
1,4.9999998736893758e-05,0,bent,0.015625,0,4294967295,4294967295,1,10,0.9991794228553772,0,0,0,0.99917948818512692,1.000206859430508,5.7741999626159668e-07,1.6186482384800911,-0.00026167952455580235,-0.76749984733760357,-0.018316068737067263,loading,5.0667388350105395e-07,0.01041388004842759,9.5677361789285995e-10,0.079104818403720856,3.300797106930986e-05,0,0,0,1,1,1,0.015630924730845389,24
1,4.9999998736893758e-05,1,held_reference,0,0,4294967295,4294967295,1,7,0.9999995231628418,0,0,0,0.99999957636488668,1.0000001846023818,1.8635544219964791e-09,0.0033417508946058661,-0.0055763540367479436,-2.9308704142749775e-05,-2.4823386814318885e-07,loading,1.8635544219964791e-09,4.4079521344682847e-05,1.4936381946586675e-14,0.0009580578189343214,3.0974799756222637e-06,0,0,0,1,1,1,-4.8827249338482003e-14,24
2,7.4999998105340637e-05,0,bent,0.0234375,0,4294967295,4294967295,1,10,0.99869132041931152,0,0,0,0.99869124259275677,1.0002600515662399,8.6426734924316406e-07,1.8692782819271088,0.0014955572842154652,-0.88820451498031616,-0.024742744654337932,loading,7.6927712706053906e-07,0.010506000389135673,1.0657470374858317e-09,0.090736478567123413,3.8348312955349684e-05,0,0,0,1,1,1,0.023438764748504568,24
2,7.4999998105340637e-05,1,held_reference,0,0,4294967295,4294967295,1,7,0.9999995231628418,0,0,0,0.99999957750670632,1.0000001846023818,1.8635544219964791e-09,0.0033417634952002118,-0.0053540040971711278,-2.9046253018805146e-05,-2.4815181516282851e-07,loading,1.8635544219964791e-09,4.3270357654115068e-05,1.3467306026956878e-14,0.0009580578189343214,3.040911678908742e-06,0,0,0,1,1,1,-4.8827249338482003e-14,24
3,9.9999997473787516e-05,0,bent,0.03125,0,4294967295,4294967295,1,10,0.99825716018676758,0,0,0,0.99825711233741177,1.0003425550645515,1.1511147964118812e-06,1.9091679155826569,-0.029337911866605282,-0.98765925876796246,-0.030573859079117919,loading,1.0356485903188547e-06,0.010647708441623334,1.1724137857119081e-09,0.10486385226249695,4.3670406739693135e-05,0,0,0,1,1,1,0.031270909488903105,24
3,9.9999997473787516e-05,1,held_reference,0,0,4294967295,4294967295,1,7,0.9999995231628418,0,0,0,0.99999957834951791,1.0000001846023818,1.8635544219964791e-09,0.0033417634804209229,-0.0039153353573055938,-2.8932053169228311e-05,-2.4810621504911991e-07,loading,1.8635544219964791e-09,4.4614621593399586e-05,1.4354748863671864e-14,0.0009580578189343214,3.119854682154255e-06,0,0,0,1,1,1,-4.8827249338482003e-14,24
4,0.0001249999968422344,0,bent,0.0390625,0,4294967295,4294967295,1,10,0.99779075384140015,0,0,0,0.99779076896077612,1.0003869749004672,1.4379621306048214e-06,1.6059753000736237,-0.032515182829229161,-1.0637664310634136,-0.034454267283136372,loading,1.3095501804327454e-06,0.010934902738536584,1.4201765007834487e-09,0.11453008651733398,4.8909183533396572e-05,0,0,0,1,1,1,0.039078751697390605,24
4,0.0001249999968422344,1,held_reference,0,0,4294967295,4294967295,1,7,0.9999995231628418,0,0,0,0.9999995792207208,1.0000001846023818,1.8635544219964791e-09,0.0033417634710986022,-0.0052037792047485709,-2.8920320573888603e-05,-2.481015072123687e-07,loading,1.8635544219964791e-09,4.3380113462145049e-05,1.3801199050866351e-14,0.0009580578189343214,3.0571416118618799e-06,0,0,0,1,1,1,-4.8827249338482003e-14,24
5,0.00014999999621068127,0,bent,0.046875,0,4294967295,4294967295,1,10,0.99734127521514893,0,0,0,0.99734131977022877,1.0006502706667897,1.7248094710471102e-06,1.5007114410400391,-0.017845583148300648,-1.17345199175179,-0.03939459172919401,loading,1.5798621279721199e-06,0.010786789583343623,1.4345394673172945e-09,0.12672503292560577,4.8761550715425983e-05,0,0,0,1,1,1,0.046886591819195071,24
5,0.00014999999621068127,1,held_reference,0,0,4294967295,4294967295,1,7,0.9999995231628418,0,0,0,0.9999995792868096,1.0000001846023818,1.8635544219964791e-09,0.0033417634181205358,-0.0049630793946562335,-2.8773993960840016e-05,-2.4804320842895351e-07,loading,1.8635544219964791e-09,4.4541128697817071e-05,1.4423963728712132e-14,0.0009580578189343214,3.0926235012884717e-06,0,0,0,1,1,1,-4.8827249338482003e-14,24
6,0.00017499999557912815,0,bent,0.0546875,0,4294967295,4294967295,1,10,0.99694722890853882,0,0,0,0.99694719289508182,1.0009061356518885,2.0116569767533515e-06,1.3515811264514923,-0.023085967404767871,-1.2693123873323202,-0.04387644765665024,loading,1.8522183263012047e-06,0.010870204259882518,1.5191814960278901e-09,0.13874854147434235,5.2974166464991868e-05,0,0,0,1,1,1,0.05469443796135931,24
6,0.00017499999557912815,1,held_reference,0,0,4294967295,4294967295,1,7,0.9999995231628418,0,0,0,0.99999957947896967,1.0000001846023818,1.8635544219964791e-09,0.003341775995977514,-0.003551167348632589,-2.8343858389234811e-05,-2.4789390941532521e-07,loading,1.8635544219964791e-09,4.3308406866031242e-05,1.332843773994606e-14,0.0009580578189343214,3.0698793125338852e-06,0,0,0,1,1,1,-4.8827249338482003e-14,24
7,0.00019999999494757503,0,bent,0.0625,0,4294967295,4294967295,1,10,0.99646842479705811,0,0,0,0.99646844117664601,1.0011607862758589,2.2985045386800932e-06,1.3784040361642838,-0.027540245093405247,-1.3643011469393969,-0.048278588374497472,loading,2.1247798600435068e-06,0.011698208129996283,1.5985189951145223e-09,0.15001359581947327,5.4531745263375342e-05,0,0,0,1,1,1,0.062526584795095416,24
7,0.00019999999494757503,1,held_reference,0,0,4294967295,4294967295,1,7,0.9999995231628418,0,0,0,0.99999957975902054,1.0000001846023818,1.8635544219964791e-09,0.0033417760764677951,-0.0048510839114896953,-2.813968171722081e-05,-2.4781228501706223e-07,loading,1.8635544219964791e-09,4.4451187878410758e-05,1.4392360008275921e-14,0.0009580578189343214,3.1281767860491527e-06,0,0,0,1,1,1,-4.8827249338482003e-14,24
8,0.00022499999431602191,0,bent,0.0703125,0,4294967295,4294967295,1,10,0.9960702657699585,0,0,0,0.99607021351152947,1.0013930776374576,2.5853518445597368e-06,1.2014400064945221,-0.027399464743211865,-1.4520935416221619,-0.052381561607509029,loading,2.3975726361667659e-06,0.011264605961294994,1.6529378579940951e-09,0.16684988141059875,5.903302735532634e-05,0,0,0,1,1,1,0.070334428788846659,24
8,0.00022499999431602191,1,held_reference,0,0,4294967295,4294967295,1,7,0.9999995231628418,0,0,0,0.99999958018729451,1.0000001846023818,1.8635544219964791e-09,0.0033417886259030638,-0.0034181539085693657,-2.7920392028590868e-05,-2.4775099523299133e-07,loading,1.8635544219964791e-09,4.3147733240198022e-05,1.3578972059851397e-14,0.0009580578189343214,3.0561759558622725e-06,0,0,0,1,1,1,-4.8827249338482003e-14,24
9,0.00024999999368446879,0,bent,0.078125,0,4294967295,4294967295,1,10,0.99561548233032227,0,0,0,0.99561542003974723,1.0016147316732107,2.8721994240846133e-06,1.1113169193267822,-0.030516950879245996,-1.5488187558948994,-0.056316001883757155,loading,2.6723481090087199e-06,0.012185693211081114,1.7375492704497333e-09,0.18334762752056122,5.9014280850533396e-05,0,0,0,1,1,1,0.078115787605167103,24
9,0.00024999999368446879,1,held_reference,0,0,4294967295,4294967295,1,7,0.9999995231628418,0,0,0,0.99999957994799149,1.0000001846023818,1.8635544219964791e-09,0.0033417886556890153,-0.0047186534939100966,-2.7661865999561996e-05,-2.4764751892098487e-07,loading,1.8635544219964791e-09,4.4721934861815626e-05,1.4531540808688731e-14,0.0009580578189343214,3.1454665077035315e-06,0,0,0,1,1,1,-4.8827249338482003e-14,24
10,0.00027499999305291567,0,bent,0.0859375,0,4294967295,4294967295,1,10,0.99522215127944946,0,0,0,0.99522220584525478,1.0018192577780509,3.1590470311094563e-06,0.98832905292510986,-0.030705928802490234,-1.6293018497526646,-0.060195781556592783,loading,2.9472489448380341e-06,0.011717760893683623,1.7856478445172433e-09,0.19735676050186157,6.295805360423401e-05,0,0,0,1,1,1,0.085923637169976586,24
10,0.00027499999305291567,1,held_reference,0,0,4294967295,4294967295,1,7,0.9999995231628418,0,0,0,0.9999995799475474,1.0000001846023818,1.8635544219964791e-09,0.0033417887673294899,-0.0032861459912965074,-2.7410961592977401e-05,-2.4754727237746067e-07,loading,1.8635544219964791e-09,4.3476935970184341e-05,1.3942400650840801e-14,0.0009580578189343214,3.0705527933605481e-06,0,0,0,1,1,1,-4.8827249338482003e-14,24
11,0.00029999999242136255,0,bent,0.09375,0,4294967295,4294967295,1,10,0.99474304914474487,0,0,0,0.99474313986860996,1.0020214535610206,3.4458946587667023e-06,0.9292704276740551,-0.010279986541718245,-1.7053667083382607,-0.064111339224136185,loading,3.2205339628394868e-06,0.012784795548086893,1.8630503049459728e-09,0.21507780253887177,6.3760904595255852e-05,0,0,0,1,1,1,0.093741456815195023,24
11,0.00029999999242136255,1,held_reference,0,0,4294967295,4294967295,1,7,0.9999995231628418,0,0,0,0.99999958009440215,1.0000001846023818,1.8635544219964791e-09,0.0033417885856579232,-0.0029660652508027852,-2.7198471002520819e-05,-2.4746226500747123e-07,loading,1.8635544219964791e-09,4.4499093943752241e-05,1.4390662702600019e-14,0.0009580578189343214,3.1185791158350185e-06,0,0,0,1,1,1,-4.8827249338482003e-14,24
12,0.00032499999178980943,0,bent,0.1015625,0,4294967295,4294967295,1,10,0.9943699836730957,0,0,0,0.99437000431464162,1.0022054256346418,3.7327423022997766e-06,0.88874702900648117,-0.016410502605140209,-1.792914766818285,-0.067385820283048084,loading,3.4976033170482921e-06,0.012583919038074544,1.946942756706543e-09,0.2267475426197052,6.4661464421078563e-05,0,0,0,1,1,1,0.10154930840588204,24
12,0.00032499999178980943,1,held_reference,0,0,4294967295,4294967295,1,7,0.9999995231628418,0,0,0,0.99999958008217027,1.0000001846023818,1.8635544219964791e-09,0.0033418139469176822,-0.0028724260919261724,-2.6960715501900268e-05,-2.4742030424067707e-07,loading,1.8635544219964791e-09,4.3187562764544389e-05,1.3547822611714164e-14,0.0009580578189343214,3.0865687676850939e-06,0,0,0,1,1,1,-4.8827249338482003e-14,24
13,0.00034999999115825631,0,bent,0.109375,0,4294967295,4294967295,1,10,0.9939083456993103,0,0,0,0.99390836140905692,1.0023970970432476,4.0195899583098673e-06,0.53633031249046326,-0.019854553043842316,-1.8375124931335449,-0.070798243670830666,loading,3.7748169262374039e-06,0.013237462873896188,2.0078892017482156e-09,0.23866911232471466,6.7011023929808289e-05,0,0,0,1,1,1,0.1093571611678788,24
13,0.00034999999115825631,1,held_reference,0,0,4294967295,4294967295,1,7,0.9999995231628418,0,0,0,0.99999958017232871,1.0000001846023818,1.8635544219964791e-09,0.0033418138668821484,-0.0031273966305889189,-2.6767266604110773e-05,-2.4734275032869919e-07,loading,1.8635544219964791e-09,4.4509534017853961e-05,1.4762107613184325e-14,0.0009580578189343214,3.1139084057940636e-06,0,0,0,1,1,1,-4.8827249338482003e-14,24
14,0.00037499999052670319,0,bent,0.1171875,0,4294967295,4294967295,1,10,0.99342155456542969,0,0,0,0.99342155395828269,1.0025681282842138,4.3064376243037275e-06,0.71373897790908813,-0.008649410679936409,-1.9474402237683535,-0.074604054715584942,loading,4.0885671354839557e-06,0.013467717788438312,2.0065116590931734e-09,0.24834658205509186,6.7710643634200096e-05,0,0,0,1,1,1,0.11716501450738653,24
14,0.00037499999052670319,1,held_reference,0,0,4294967295,4294967295,1,7,0.9999995231628418,0,0,0,0.99999958048220294,1.0000001846023818,1.8635544219964791e-09,0.0033418265293221339,-0.0044850323465652764,-2.6740214138953888e-05,-2.4735508630692517e-07,loading,1.8635544219964791e-09,4.3215379072098505e-05,1.351421771012997e-14,0.0009580578189343214,3.0643454920209479e-06,0,0,0,1,1,1,-4.8827249338482003e-14,24
15,0.00039999998989515007,0,bent,0.125,0,4294967295,4294967295,1,10,0.99299991130828857,0,0,0,0.99299987261001443,1.0027503736762899,4.5932857940963141e-06,0.25989594310522079,-0.0084750233218073845,-1.9468532279133797,-0.076082442284747226,loading,4.4415867309496585e-06,0.014252626891871397,2.4359830699803937e-09,0.25984963774681091,6.870611832709983e-05,0,0,0,1,1,1,0.12499717957477265,24
15,0.00039999998989515007,1,held_reference,0,0,4294967295,4294967295,1,7,0.9999995231628418,0,0,0,0.99999958015972767,1.0000001846023818,1.8635544219964791e-09,0.0033418264288229693,-0.0030885115847922862,-2.6846191587992507e-05,-2.4739751163224384e-07,loading,1.8635544219964791e-09,4.4314161894739561e-05,1.4317038431971856e-14,0.0009580578189343214,3.1417898753716145e-06,0,0,0,1,1,1,-4.8827249338482003e-14,24
16,0.00042499998926359694,0,bent,0.1328125,0,4294967295,4294967295,1,10,0.99253445863723755,0,0,0,0.99253453458772889,1.0029234837992766,4.8801334901837429e-06,0.15202858299016953,-0.010076588951051235,-2.0188388098031282,-0.07898380469455199,loading,4.7919710462193623e-06,0.014315261294129638,2.3546775748243652e-09,0.27146697044372559,6.906234921189025e-05,0,0,0,1,1,1,0.1328050346085087,24
16,0.00042499998926359694,1,held_reference,0,0,4294967295,4294967295,1,7,0.9999995231628418,0,0,0,0.99999958010568202,1.0000001846023818,1.8635544219964791e-09,0.003341826437463169,-0.0044059694628231227,-2.6863953280553687e-05,-2.4740464690012267e-07,loading,1.8635544219964791e-09,4.3274834711996631e-05,1.3851614554202947e-14,0.0009580578189343214,3.0668543331557885e-06,0,0,0,1,1,1,-4.8827249338482003e-14,24
17,0.00044999998863204382,0,bent,0.140625,0,4294967295,4294967295,1,10,0.99215775728225708,0,0,0,0.99215770873731368,1.0030826468544642,5.1669811901423485e-06,0.11648350767791271,-0.015482125803828239,-2.0941605009138584,-0.082312665516496672,loading,5.1461866462298983e-06,0.0143608436975198,2.3786063569930891e-09,0.28004354238510132,6.9462730607483536e-05,0,0,0,1,1,1,0.14061289828462992,24
17,0.00044999998863204382,1,held_reference,0,0,4294967295,4294967295,1,7,0.9999995231628418,0,0,0,0.99999958021764523,1.0000001846023818,1.8635544219964791e-09,0.0033418263753901556,-0.0029957226943224669,-2.6870545127621881e-05,-2.4740716173414547e-07,loading,1.8635544219964791e-09,4.4427344171043654e-05,1.4200738552240669e-14,0.0009580578189343214,3.1323925213655457e-06,0,0,0,1,1,1,-4.8827249338482003e-14,24
18,0.0004749999880004907,0,bent,0.1484375,0,4294967295,4294967295,1,10,0.99179476499557495,0,0,0,0.99179471070134939,1.0032301323989508,5.5007499129547954e-06,-0.15198448300361633,-0.00084625557065010071,-2.135410699993372,-0.084634582367872843,loading,5.5007499129547954e-06,0.014413675491860888,2.4791462823005548e-09,0.2862623929977417,7.0204667281359434e-05,0,0,0,1,1,1,0.14842076443657862,24
18,0.0004749999880004907,1,held_reference,0,0,4294967295,4294967295,1,7,0.9999995231628418,0,0,0,0.99999958053025895,1.0000001846023818,1.8635544219964791e-09,0.0033418264729334624,-0.0043103698990307748,-2.6720558423676266e-05,-2.4734722888570138e-07,loading,1.8635544219964791e-09,4.3220696670430528e-05,1.3815989443273972e-14,0.0009580578189343214,3.0668545605294639e-06,0,0,0,1,1,1,-4.8827249338482003e-14,24
19,0.00049999998736893758,0,bent,0.15625,0,4294967295,4294967295,1,10,0.99147355556488037,0,0,0,0.99147360508323512,1.0033751503118715,5.8644835573674597e-06,-0.2690979391336441,0.014082573354244232,-2.1880923639982939,-0.087977798836460078,loading,5.8644835573674597e-06,0.014696034450386272,2.3736834282492096e-09,0.29405558109283447,7.4348827183712274e-05,0,0,0,1,1,1,0.15627036189077387,24
19,0.00049999998736893758,1,held_reference,0,0,4294967295,4294967295,1,7,0.9999995231628418,0,0,0,0.99999958023424862,1.0000001846023818,1.8635544219964791e-09,0.0033418265434193017,-0.0028999818314332515,-2.6528583418894414e-05,-2.4727047125861708e-07,loading,1.8635544219964791e-09,4.4500396280242925e-05,1.4352315241234365e-14,0.0009580578189343214,3.1431713978236075e-06,0,0,0,1,1,1,-4.8827249338482003e-14,24
20,0.00052499998673738446,0,bent,0.1640625,0,4294967295,4294967295,1,10,0.99111455678939819,0,0,0,0.99111453456872622,1.0035099180346927,6.2236779542270519e-06,-0.30108168721199036,-0.00043340492993593216,-2.2530429442413151,-0.090695155992446791,loading,6.2236779542270519e-06,0.01458980229319513,2.5192747412343373e-09,0.30051144957542419,7.3815317591652274e-05,0,0,0,1,1,1,0.16405174419851812,24
20,0.00052499998673738446,1,held_reference,0,0,4294967295,4294967295,1,7,0.9999995231628418,0,0,0,0.99999958017556223,1.0000001846023818,1.8635544219964791e-09,0.003341826532050618,-0.004215088119963184,-2.6348033429712814e-05,-2.4719811028899188e-07,loading,1.8635544219964791e-09,4.3265564507966773e-05,1.3785894050572099e-14,0.0009580578189343214,3.0586438697355334e-06,0,0,0,1,1,1,-4.8827249338482003e-14,24
21,0.00054999998610583134,0,bent,0.171875,0,4294967295,4294967295,1,10,0.99068719148635864,0,0,0,0.99068716690765735,1.003647754380707,6.5942056998800113e-06,-0.47697442770004272,-0.0051080379635095596,-2.2971684839576483,-0.093308945268371107,loading,6.5942056998800113e-06,0.014965661216842317,2.567053038323027e-09,0.31343099474906921,7.3687348049134016e-05,0,0,0,1,1,1,0.17185961456253038,24
21,0.00054999998610583134,1,held_reference,0,0,4294967295,4294967295,1,7,0.9999995231628418,0,0,0,0.9999995802756404,1.0000002196374662,1.8635544219964791e-09,0.0033418263624298561,-0.0028099898190703243,-2.6943997227135696e-05,-2.4743661152342638e-07,loading,1.8635544219964791e-09,4.4510307259263279e-05,1.4140864493092285e-14,0.0009580578189343214,3.1297543046093779e-06,0,0,0,1,1,1,-4.8827249338482003e-14,24
22,0.00057499998547427822,0,bent,0.1796875,0,4294967295,4294967295,1,10,0.99027431011199951,0,0,0,0.9902742391716014,1.0037867025345844,6.9721565749410411e-06,-0.52023977041244507,0.0063100326806306839,-2.3459938429296017,-0.095947262929453561,loading,6.9721565749410411e-06,0.015295866740993412,2.6853924827686747e-09,0.31845062971115112,7.6149313827045262e-05,0,0,0,1,1,1,0.17969382504310322,24
22,0.00057499998547427822,1,held_reference,0,0,4294967295,4294967295,1,7,0.9999995231628418,0,0,0,0.99999958051643667,1.0000001846023818,1.8635544219964791e-09,0.003341826454288821,-0.0041273871902376413,-2.6177533186455548e-05,-2.471301097989455e-07,loading,1.8635544219964791e-09,4.3196258569926197e-05,1.3535647663933261e-14,0.0009580578189343214,3.1030817808641586e-06,0,0,0,1,1,1,-4.8827249338482003e-14,24
23,0.0005999999848427251,0,bent,0.1875,0,4294967295,4294967295,1,10,0.99007320404052734,0,0,0,0.99007327574183035,1.0039172028078747,7.3382223827558189e-06,-0.6235484778881073,0.019946336280554533,-2.380692146718502,-0.099168548472050644,loading,7.3382223827558189e-06,0.014760096482549787,2.5369095565841562e-09,0.32624033093452454,7.7593678724952042e-05,0,0,0,1,1,1,0.18751492618503987,24
23,0.0005999999848427251,1,held_reference,0,0,4294967295,4294967295,1,7,0.9999995231628418,0,0,0,0.99999958030706804,1.0000001846023818,1.8635544219964791e-09,0.0033418265178397633,-0.0027242020878475159,-2.5887910169331008e-05,-2.4701425490309278e-07,loading,1.8635544219964791e-09,4.4076700330433473e-05,1.4121745247622582e-14,0.0009580578189343214,3.0890078051015735e-06,0,0,0,1,1,1,-4.8827249338482003e-14,24
24,0.00062499998421117198,0,bent,0.1953125,0,4294967295,4294967295,1,10,0.98956340551376343,0,0,0,0.98956342249911333,1.0040431467905286,7.7198002344411813e-06,-0.79255026578903198,0.0040138950571417809,-2.412077808752656,-0.10144867854588333,loading,7.7198002344411813e-06,0.015380993721390379,2.7171209177542772e-09,0.33666136860847473,7.6617943705059588e-05,0,0,0,1,1,1,0.19532281137089266,24
24,0.00062499998421117198,1,held_reference,0,0,4294967295,4294967295,1,7,0.9999995231628418,0,0,0,0.99999958027453295,1.0000001846023818,1.8635544219964791e-09,0.0033418264747524518,-0.0024376133223995566,-2.5760951757547446e-05,-2.4696316635800063e-07,loading,1.8635544219964791e-09,4.3654800017366379e-05,1.3968848216902514e-14,0.0009580578189343214,3.1149766073212959e-06,0,0,0,1,1,1,-4.8827249338482003e-14,24
25,0.00064999998357961886,0,bent,0.203125,0,4294967295,4294967295,1,10,0.9893791675567627,0,0,0,0.98937918780906386,1.0041699058611508,8.0938833832080551e-06,-0.85989552736282349,0.029963746666908264,-2.4778987467288971,-0.10410282576293126,loading,8.0938833832080551e-06,0.015152540321309233,2.7394652460710538e-09,0.34263792634010315,7.842289051041007e-05,0,0,0,1,1,1,0.20313068721173855,24
25,0.00064999998357961886,1,held_reference,0,0,4294967295,4294967295,1,7,0.9999995231628418,0,0,0,0.99999958021724,1.0000001846023818,1.8635544219964791e-09,0.0033418263979001495,-0.0023676947457715869,-2.5628960031554016e-05,-2.4691067163303233e-07,loading,1.8635544219964791e-09,4.3920749848517473e-05,1.3958143118837509e-14,0.0009580578189343214,3.1102943012228934e-06,0,0,0,1,1,1,-4.8827249338482003e-14,24
26,0.00067499998294806574,0,bent,0.2109375,0,4294967295,4294967295,1,10,0.98885202407836914,0,0,0,0.98885207712037682,1.004323212596913,8.5210938528334116e-06,-1.3497653007507324,0.023284579627215862,-2.4406846249476075,-0.10388175016413835,loading,8.5210938528334116e-06,0.017898000202722954,3.5656805113819847e-09,0.34770599007606506,7.9099976574070752e-05,0,0,0,1,1,1,0.21094966114591238,24
26,0.00067499998294806574,1,held_reference,0,0,4294967295,4294967295,1,7,0.9999995231628418,0,0,0,0.99999958030270486,1.0000002196374662,1.8635544219964791e-09,0.0033418264554256893,-0.0026304218627046794,-2.5507125201329472e-05,-2.4686170830841574e-07,loading,1.8635544219964791e-09,4.3313282421357415e-05,1.3409582456395293e-14,0.0009580578189343214,3.0710937153344275e-06,0,0,0,1,1,1,-4.8827249338482003e-14,24
27,0.00069999998231651261,0,bent,0.21875,0,4294967295,4294967295,1,10,0.98822212219238281,0,0,0,0.98822222411550886,1.0044652456787162,8.9330899057388535e-06,-1.4664548635482788,0.039944025687873363,-2.4663450759835541,-0.10611526164087781,loading,8.9330899057388535e-06,0.016671780790989663,3.2436885644349402e-09,0.35620474815368652,7.9536264820490032e-05,0,0,0,1,1,1,0.21877078255929591,24
27,0.00069999998231651261,1,held_reference,0,0,4294967295,4294967295,1,7,0.9999995231628418,0,0,0,0.99999958056566396,1.0000001846023818,1.8635544219964791e-09,0.0033418265213640552,-0.0040178878844017163,-2.5462752660132537e-05,-2.4684421661299917e-07,loading,1.8635544219964791e-09,4.4556746955029932e-05,1.4467388832861579e-14,0.0009580578189343214,3.1212193789542653e-06,0,0,0,1,1,1,-4.8827249338482003e-14,24
28,0.00072499998168495949,0,bent,0.2265625,0,4294967295,4294967295,1,10,0.98769336938858032,0,0,0,0.98769333523424663,1.0045975819482054,9.3456248250378019e-06,-1.5773932933807373,0.037858731113374233,-2.4855867838487029,-0.10806724552510139,loading,9.3456248250378019e-06,0.016799849666796242,3.3163333896636302e-09,0.35673308372497559,8.0837438872549683e-05,0,0,0,1,1,1,0.22657868843323525,24
28,0.00072499998168495949,1,held_reference,0,0,4294967295,4294967295,1,7,0.9999995231628418,0,0,0,0.99999958027060276,1.0000001846023818,1.8635544219964791e-09,0.0033418264854390145,-0.0026374410081189126,-2.5460142637712124e-05,-2.4684331433923093e-07,loading,1.8635544219964791e-09,4.315164027589065e-05,1.345911369036009e-14,0.0009580578189343214,3.0951662211009534e-06,0,0,0,1,1,1,-4.8827249338482003e-14,24
29,0.00074999998105340637,0,bent,0.234375,0,4294967295,4294967295,1,10,0.9872133731842041,0,0,0,0.9872133671595904,1.0047271169827268,9.7642306205160228e-06,-1.8119673728942871,0.053000655025243759,-2.5155519731342793,-0.10979410667756807,loading,9.7642306205160228e-06,0.016977598926920284,3.4157914863445901e-09,0.36395096778869629,7.9284152889158577e-05,0,0,0,1,1,1,0.23438659767447653,24
29,0.00074999998105340637,1,held_reference,0,0,4294967295,4294967295,1,7,0.9999995231628418,0,0,0,0.99999958018029456,1.0000002196374662,1.8635544219964791e-09,0.0033418264661122521,-0.0039750777796143666,-2.5530904053994163e-05,-2.4687135579051825e-07,loading,1.8635544219964791e-09,4.4106228914981955e-05,1.3954467818800815e-14,0.0009580578189343214,3.0842652449791785e-06,0,0,0,1,1,1,-4.8827249338482003e-14,24
30,0.00077499998042185325,0,bent,0.2421875,0,4294967295,4294967295,1,10,0.9867405891418457,0,0,0,0.98674056275418365,1.00484222326143,1.0174388509919739e-05,-1.8698965907096863,0.051648013293743134,-2.5451448662206531,-0.11192475347532885,loading,1.0174388509919739e-05,0.016586812563392762,3.2643758621902411e-09,0.36451619863510132,8.0089179391507059e-05,0,0,0,1,1,1,0.24220557919317376,24
30,0.00077499998042185325,1,held_reference,0,0,4294967295,4294967295,1,7,0.9999995231628418,0,0,0,0.99999958028354796,1.0000001846023818,1.8635544219964791e-09,0.0033418264092688332,-0.0025782470765989274,-2.5618126130666496e-05,-2.4690625707717159e-07,loading,1.8635544219964791e-09,4.3607786786715705e-05,1.3872571761296456e-14,0.0009580578189343214,3.1103338642424205e-06,0,0,0,1,1,1,-4.8827249338482003e-14,24
31,0.00079999997979030013,0,bent,0.25,0,4294967295,4294967295,1,10,0.98658585548400879,0,0,0,0.98658584209409994,1.004958492845657,1.0595945327745495e-05,-1.8407335877418518,0.063136556185781956,-2.5923743201419711,-0.11435164776871379,loading,1.0595945327745495e-05,0.017015876952988784,3.3861721229296558e-09,0.36730995774269104,7.9571829701308161e-05,0,0,0,1,1,1,0.25000022428743224,24
31,0.00079999997979030013,1,held_reference,0,0,4294967295,4294967295,1,7,0.9999995231628418,0,0,0,0.99999958053429183,1.0000001846023818,1.8635544219964791e-09,0.0033418265270483971,-0.0039050779596436769,-2.5694985936297599e-05,-2.4693710524616153e-07,loading,1.8635544219964791e-09,4.3910574326934336e-05,1.3830994272579676e-14,0.0009580578189343214,3.08538687932014e-06,0,0,0,1,1,1,-4.8827249338482003e-14,24
32,0.00082499997915874701,0,bent,0.25,0,4294967295,4294967295,1,10,0.98716455698013306,0,0,0,0.98716465793190611,1.0051660720234374,1.097014358597567e-05,-2.375072181224823,0.066262342035770416,-2.3691704459488392,-0.10889494037448637,hold,1.097014358597567e-05,0.026881808671900397,6.1495120189376132e-09,0.37863883376121521,7.0888403570279479e-05,0,0,0,1,1,1,0.25000022428743224,24
32,0.00082499997915874701,1,held_reference,0,0,4294967295,4294967295,1,7,0.9999995231628418,0,0,0,0.99999958030546932,1.0000001846023818,1.8635544219964791e-09,0.0033418264804367936,-0.0025069550902117044,-2.5768494083422411e-05,-2.4696654304102636e-07,hold,1.8635544219964791e-09,4.3616599900243336e-05,1.3844673951859227e-14,0.0009580578189343214,3.1079550808499334e-06,0,0,0,1,1,1,-4.8827249338482003e-14,24
33,0.00084999997852719389,0,bent,0.25,0,4294967295,4294967295,1,10,0.98731535673141479,0,0,0,0.98731544833988927,1.0051901156847829,1.1094050956098871e-05,-3.1932153105735779,0.065569921862334013,-2.1647449927404523,-0.10198680850012391,hold,1.1094050956098871e-05,0.010199533572195052,6.7078825458970756e-10,0.35498583316802979,6.6127904574386775e-05,0,0,0,1,1,1,0.25000022428743224,24
33,0.00084999997852719389,1,held_reference,0,0,4294967295,4294967295,1,7,0.9999995231628418,0,0,0,0.9999995802684073,1.0000001846023818,1.8635544219964791e-09,0.0033418264582678603,-0.0038293763936962932,-2.5830379684066429e-05,-2.4699123630478019e-07,hold,1.8635544219964791e-09,4.3901499059077116e-05,1.3811588421750704e-14,0.0009580578189343214,3.1258675790013513e-06,0,0,0,1,1,1,-4.8827249338482003e-14,24
34,0.00087499997789564077,0,bent,0.25,0,4294967295,4294967295,1,10,0.98760861158370972,0,0,0,0.98760863902184415,1.0050523952583543,1.1268290520839031e-05,-2.8271074295043945,0.085046531283296645,-2.0588762098923326,-0.10104151027081397,hold,1.1268290520839031e-05,0.014772145125381846,1.566683746828709e-09,0.33112582564353943,6.2426646763924509e-05,0,0,0,1,1,1,0.25000022428743224,24
34,0.00087499997789564077,1,held_reference,0,0,4294967295,4294967295,1,7,0.9999995231628418,0,0,0,0.99999958021517221,1.0000001846023818,1.8635544219964791e-09,0.003341826456335184,-0.0024334362824447453,-2.5890403094308567e-05,-2.4701525755585912e-07,hold,1.8635544219964791e-09,4.3260621982166979e-05,1.3760586530554552e-14,0.0009580578189343214,3.0767919270147104e-06,0,0,0,1,1,1,-4.8827249338482003e-14,24
35,0.00089999997726408765,0,bent,0.25,0,4294967295,4294967295,1,10,0.98813009262084961,0,0,0,0.98813017615314436,1.0047065524623466,1.1505708355127805e-05,-3.542375385761261,0.091688837506808341,-1.7299155690707266,-0.092965897937878267,hold,1.1505708355127805e-05,0.020648913662688676,3.172845546523137e-09,0.30243095755577087,5.8718833315651864e-05,0,0,0,1,1,1,0.25000022428743224,24
35,0.00089999997726408765,1,held_reference,0,0,4294967295,4294967295,1,7,0.9999995231628418,0,0,0,0.99999958028340086,1.0000001846023818,1.8635544219964791e-09,0.0033418265147702186,-0.0037685491552110761,-2.5939091472082509e-05,-2.470346120717301e-07,hold,1.8635544219964791e-09,4.4642834450633744e-05,1.4686763312629733e-14,0.0009580578189343214,3.1203699109028094e-06,0,0,0,1,1,1,-4.8827249338482003e-14,24
36,0.00092499997663253453,0,bent,0.25,0,4294967295,4294967295,1,10,0.98831194639205933,0,0,0,0.98831206904207125,1.0046362137366875,1.1567901141070333e-05,-3.0744054317474365,0.092419945867732167,-1.7808377328328788,-0.094079384733679508,hold,1.1567901141070333e-05,0.0061898429683094466,3.3071800739207018e-10,0.29032993316650391,5.6168206356232986e-05,0,0,0,1,1,1,0.25000022428743224,24
36,0.00092499997663253453,1,held_reference,0,0,4294967295,4294967295,1,7,0.9999995231628418,0,0,0,0.99999958057537008,1.0000001846023818,1.8635544219964791e-09,0.003341826476685128,-0.0023687480424996465,-2.599117499357817e-05,-2.4705526723403189e-07,hold,1.8635544219964791e-09,4.3180479903017434e-05,1.3431462262217465e-14,0.0009580578189343214,3.0864680411468726e-06,0,0,0,1,1,1,-4.8827249338482003e-14,24
37,0.00094999997600098141,0,bent,0.25,0,4294967295,4294967295,1,10,0.98920583724975586,0,0,0,0.98920581558469511,1.0041651279557957,1.182429157226169e-05,-3.088648796081543,0.1286556210834533,-1.5930578433908522,-0.088097273529877479,hold,1.182429157226169e-05,0.024545223060985631,5.507377234901036e-09,0.27054253220558167,5.4554173402721062e-05,0,0,0,1,1,1,0.25000022428743224,24
37,0.00094999997600098141,1,held_reference,0,0,4294967295,4294967295,1,7,0.9999995231628418,0,0,0,0.9999995802474908,1.0000001846023818,1.8635544219964791e-09,0.003341637542234821,-0.0020834455790463835,-3.2135197670868365e-05,-2.467128772273101e-07,hold,1.8635544219964791e-09,4.4211790462814074e-05,1.4024446252863924e-14,0.0009580578189343214,3.0845753826724831e-06,0,0,0,1,1,1,-4.8827249338482003e-14,24
38,0.00097499997536942828,0,bent,0.25,0,4294967295,4294967295,1,10,0.9893072247505188,0,0,0,0.98930732207393657,1.0041204119700973,1.1881164309387904e-05,-2.9224744439125061,0.12338165042456239,-1.5984949387493543,-0.08781761108925043,hold,1.1881164309387904e-05,0.0046607653272864877,2.4044591880225778e-10,0.26145800948143005,5.1392013119766489e-05,0,0,0,1,1,1,0.25000022428743224,24
38,0.00097499997536942828,1,held_reference,0,0,4294967295,4294967295,1,7,0.9999995231628418,0,0,0,0.99999958016417689,1.0000001846023818,1.8635544219964791e-09,0.0033418263728890452,-0.0020192671800032258,-2.4854711966781906e-05,-2.4660093286638648e-07,hold,1.8635544219964791e-09,4.3594138474722245e-05,1.3774718783281529e-14,0.0009580578189343214,3.1135934932535747e-06,0,0,0,1,1,1,-4.8827249338482003e-14,24
39,0.00099999997473787516,0,bent,0.25,0,4294967295,4294967295,1,10,0.98968994617462158,0,0,0,0.98969004702639085,1.003699070041461,1.2047604342338695e-05,-2.8412717580795288,0.098119576694443822,-1.4933320528361946,-0.084653980734667261,hold,1.2047604342338695e-05,0.013659640994825141,2.0899830155699772e-09,0.24978047609329224,5.0085200200555846e-05,0,0,0,1,1,1,0.25000022428743224,24
39,0.00099999997473787516,1,held_reference,0,0,4294967295,4294967295,1,7,0.9999995231628418,0,0,0,0.99999958026487124,1.0000001846023818,1.8635544219964791e-09,0.0033418263321891573,-0.0022922679199837148,-2.5504978964363545e-05,-2.4686108548689872e-07,hold,1.8635544219964791e-09,4.3920686653795895e-05,1.3982816965014819e-14,0.0009580578189343214,3.089239953624201e-06,0,0,0,1,1,1,-4.8827249338482003e-14,24
40,0.001024999974106322,0,bent,0.25,0,4294967295,4294967295,1,10,0.9898686408996582,0,0,0,0.98986871924774811,1.003699104779022,1.2100196101375263e-05,-2.6550873517990112,0.11067185382125899,-1.4803792661987245,-0.083845171167257426,hold,1.2100196101375263e-05,0.0053845298144250785,3.4079445555429979e-10,0.24746774137020111,4.8866346332943067e-05,0,0,0,1,1,1,0.25000022428743224,24
40,0.001024999974106322,1,held_reference,0,0,4294967295,4294967295,1,7,0.99999940395355225,0,0,0,0.99999948738700339,1.0000001846023818,1.8635544219964791e-09,0.003341826403811865,-0.0036795152118429542,-2.5671635512480862e-05,-2.4692765840336554e-07,hold,1.8635544219964791e-09,4.3582531501607554e-05,1.3881908075564857e-14,0.0009580578189343214,3.1171289265330415e-06,0,0,0,1,1,1,-4.8827249338482003e-14,24
41,0.0010499999734747689,0,bent,0.25,0,4294967295,4294967295,1,10,0.99015307426452637,0,0,0,0.99015304376851099,1.0034676367002935,1.2208433046923547e-05,-2.4692319929599762,0.10238814447075129,-1.4101976556703448,-0.081787914121221356,hold,1.2208433046923547e-05,0.0097589115819442431,1.1348078801848714e-09,0.24186453223228455,4.8189460358116776e-05,0,0,0,1,1,1,0.25000022428743224,24
41,0.0010499999734747689,1,held_reference,0,0,4294967295,4294967295,1,7,0.9999995231628418,0,0,0,0.99999958137004252,1.0000002344870222,1.8635544219964791e-09,0.0033418265779801004,-0.0023031850869301707,-2.5769255330487795e-05,-2.4696669257764398e-07,hold,1.8635544219964791e-09,4.5457938172669585e-05,1.4457799790600824e-14,0.0009580578189343214,3.0881735710863722e-06,0,0,0,1,1,1,-4.8827249338482003e-14,24
42,0.0010749999728432158,0,bent,0.25,0,4294967295,4294967295,1,10,0.99029380083084106,0,0,0,0.99029380101449804,1.0034295146897831,1.2245580996068053e-05,-2.5264195203781128,0.11568097118288279,-1.39113949239254,-0.081312884366303087,hold,1.2245580996068053e-05,0.0041238520533939185,2.0322677335162807e-10,0.24027544260025024,4.6621811634395272e-05,0,0,0,1,1,1,0.25000022428743224,24
42,0.0010749999728432158,1,held_reference,0,0,4294967295,4294967295,1,7,0.9999995231628418,0,0,0,0.99999957999718825,1.0000001846023818,1.8635544219964791e-09,0.0033418264279134746,-0.0036420360411284491,-2.5847763538422441e-05,-2.469981546910278e-07,hold,1.8635544219964791e-09,4.3655359514833168e-05,1.3762926684509381e-14,0.0009580578189343214,3.1078882329893531e-06,0,0,0,1,1,1,-4.8827249338482003e-14,24
43,0.0010999999722116627,0,bent,0.25,0,4294967295,4294967295,1,10,0.99054872989654541,0,0,0,0.99054867193332075,1.0033493321833022,1.2318187327364081e-05,-2.3143678307533264,0.10412599099799991,-1.3201067196205258,-0.079255275333428674,hold,1.2318187327364081e-05,0.0088721444673226218,9.1120467364317136e-10,0.23547530174255371,4.5540138671640307e-05,0,0,0,1,1,1,0.25000022428743224,24
43,0.0010999999722116627,1,held_reference,0,0,4294967295,4294967295,1,7,0.9999995231628418,0,0,0,0.99999957985388077,1.0000002341388077,1.8635544219964791e-09,0.0033416376320474228,-0.0022485518420580775,-3.197919130570881e-05,-2.4665033184487644e-07,hold,1.8635544219964791e-09,4.3862420346652974e-05,1.3792670123286646e-14,0.0009580578189343214,3.1155241231317632e-06,0,0,0,1,1,1,-4.8827249338482003e-14,24
44,0.0011249999715801096,0,bent,0.25,0,4294967295,4294967295,1,10,0.99067884683609009,0,0,0,0.99067884445474219,1.0033072806961836,1.2353268285415749e-05,-2.4398911893367767,0.11064677033573389,-1.3053092621266842,-0.078895813246428387,hold,1.2353268285415749e-05,0.0039486543895535979,1.6825350495436539e-10,0.23388826847076416,4.6096138248685747e-05,0,0,0,1,1,1,0.25000022428743224,24
44,0.0011249999715801096,1,held_reference,0,0,4294967295,4294967295,1,7,0.99999940395355225,0,0,0,0.99999948688746976,1.0000001846023818,1.8635544219964791e-09,0.0033418263838029816,-0.0035789630492217839,-2.4736400746405707e-05,-2.465536469408115e-07,hold,1.8635544219964791e-09,4.3337500824037097e-05,1.3487097405479006e-14,0.0009580578189343214,3.0630521905550268e-06,0,0,0,1,1,1,-4.8827249338482003e-14,24
45,0.0011499999709485564,0,bent,0.25,0,4294967295,4294967295,1,10,0.99090677499771118,0,0,0,0.99090684385790262,1.0031698865969418,1.2417252855503913e-05,-2.2035305798053741,0.11080319108441472,-1.244471144862473,-0.077338942978758721,hold,1.2417252855503913e-05,0.0073889024348522533,6.6524028514856536e-10,0.2291761189699173,4.3926473153987899e-05,0,0,0,1,1,1,0.25000022428743224,24
45,0.0011499999709485564,1,held_reference,0,0,4294967295,4294967295,1,7,0.9999995231628418,0,0,0,0.99999958147526657,1.0000002348714454,1.8635544219964791e-09,0.0033418264274587273,-0.0021835665393155068,-2.5425570868264913e-05,-2.468291614959529e-07,hold,1.8635544219964791e-09,4.4528389795099672e-05,1.4162977942237202e-14,0.0009580578189343214,3.1024437703308649e-06,0,0,0,1,1,1,-4.8827249338482003e-14,24
46,0.0011749999703170033,0,bent,0.25,0,4294967295,4294967295,1,10,0.99098634719848633,0,0,0,0.99098623698594079,1.0031492899862096,1.24492790447459e-05,-2.2553903758525848,0.10774170933291316,-1.2298021782189608,-0.076808724883371343,hold,1.24492790447459e-05,0.0036966432795928219,1.4757851558144684e-10,0.22759002447128296,4.330334922997281e-05,0,0,0,1,1,1,0.25000022428743224,24
46,0.0011749999703170033,1,held_reference,0,0,4294967295,4294967295,1,7,0.9999995231628418,0,0,0,0.9999995798185396,1.0000002342619494,1.8635544219964791e-09,0.0033418264652027574,-0.0035129794850945473,-2.560888185598742e-05,-2.469026672652038e-07,hold,1.8635544219964791e-09,4.2376475163638195e-05,1.3574055119523343e-14,0.0009580578189343214,3.0356707156897755e-06,0,0,0,1,1,1,-4.8827249338482003e-14,24
47,0.0011999999696854502,0,bent,0.25,0,4294967295,4294967295,1,10,0.99118709564208984,0,0,0,0.99118699196881832,1.0030557258473105,1.2519672259832727e-05,-2.0553780198097229,0.095159497112035751,-1.1932502966374159,-0.07553156183374321,hold,1.2519672259832727e-05,0.0068718343432736979,5.8886337734288529e-10,0.22437705099582672,4.2183415644103661e-05,0,0,0,1,1,1,0.25000022428743224,24
47,0.0011999999696854502,1,held_reference,0,0,4294967295,4294967295,1,7,0.99999940395355225,0,0,0,0.99999948668425742,1.0000002346574817,1.8635544219964791e-09,0.0033418264920328511,-0.0017241820169147104,-2.5778460098990763e-05,-2.4697043244850662e-07,hold,1.8635544219964791e-09,4.4128819647926254e-05,1.4140996126966425e-14,0.0009580578189343214,3.1036097425385378e-06,0,0,0,1,1,1,-4.8827249338482003e-14,24
48,0.0012249999690538971,0,bent,0.2421875,0,4294967295,4294967295,1,10,0.99164217710494995,0,0,0,0.991642123826741,1.0030075782311005,1.2395719105475445e-05,-3.1690201759338379,0.087621077429503202,-0.82143132109194994,-0.064477481837131617,unloading,1.2395719105475445e-05,0.0099752564715427754,8.538651274238139e-10,0.20834343135356903,4.5451335608959198e-05,0,0,0,1,1,1,0.24220557919317376,24
48,0.0012249999690538971,1,held_reference,0,0,4294967295,4294967295,1,7,0.9999995231628418,0,0,0,0.99999958099835384,1.0000001846023818,1.8635544219964791e-09,0.0033416376181776286,-0.0016993887256830931,-3.1940872929681063e-05,-2.4663508763569585e-07,unloading,1.8635544219964791e-09,4.3176530478278683e-05,1.2974141986846815e-14,0.0009580578189343214,3.136635086775641e-06,0,0,0,1,1,1,-4.8827249338482003e-14,24
49,0.001249999968422344,0,bent,0.234375,0,4294967295,4294967295,1,10,0.99225920438766479,0,0,0,0.99225931153906544,1.002933985963044,1.2215032922724845e-05,-3.417947918176651,0.099079036619514227,-0.60259978799149394,-0.057491190245954497,unloading,1.2215032922724845e-05,0.010705246656877655,1.1217573675663051e-09,0.20243673026561737,4.5896929805167019e-05,0,0,0,1,1,1,0.23438659767447653,24
49,0.001249999968422344,1,held_reference,0,0,4294967295,4294967295,1,7,0.99999940395355225,0,0,0,0.99999948658580284,1.0000002342834684,1.8635544219964791e-09,0.0033418264586089208,-0.002003726054681465,-2.4702100915874325e-05,-2.4653993996730636e-07,unloading,1.8635544219964791e-09,4.3984138920941053e-05,1.3787642085218328e-14,0.0009580578189343214,3.0302733193821041e-06,0,0,0,1,1,1,-4.8827249338482003e-14,24
50,0.0012749999677907908,0,bent,0.2265625,0,4294967295,4294967295,1,10,0.99286776781082153,0,0,0,0.99286781710403238,1.002937727463503,1.2006199035824539e-05,-3.5015269219875336,0.10240807046648115,-0.45013287104666233,-0.050804684951983071,unloading,1.2006199035824539e-05,0.010843799850217191,1.2080120363519123e-09,0.20227403938770294,4.7411635023308918e-05,0,0,0,1,1,1,0.22657868843323525,24
50,0.0012749999677907908,1,held_reference,0,0,4294967295,4294967295,1,7,0.9999995231628418,0,0,0,0.99999958085420526,1.0000002346657459,1.8635544219964791e-09,0.0033418263861335618,-0.0034159113565692678,-2.5420690121791267e-05,-2.4682724125392512e-07,unloading,1.8635544219964791e-09,4.2722667325803681e-05,1.3284425164146385e-14,0.0009580578189343214,3.1071567718754523e-06,0,0,0,1,1,1,-4.8827249338482003e-14,24
51,0.0012999999671592377,0,bent,0.21875,0,4294967295,4294967295,1,10,0.99352967739105225,0,0,0,0.99352974781555503,1.0029528326588228,1.1786033731291081e-05,-3.4464292153716087,0.11396825686097145,-0.28640104830265045,-0.044389924495451205,unloading,1.1786033731291081e-05,0.010792997472756251,1.2580871053012968e-09,0.19822564721107483,4.7717738198116422e-05,0,0,0,1,1,1,0.21877078255929591,24
51,0.0012999999671592377,1,held_reference,0,0,4294967295,4294967295,1,7,0.9999995231628418,0,0,0,0.99999957957605301,1.0000002345466552,1.8635544219964791e-09,0.0033418265475120279,-0.0020603176672011614,-2.5640804267368367e-05,-2.4691536573209376e-07,unloading,1.8635544219964791e-09,4.5070581365101724e-05,1.3574558202808587e-14,0.0009580578189343214,3.0249541396187851e-06,0,0,0,1,1,1,-4.8827249338482003e-14,24
52,0.0013249999665276846,0,bent,0.2109375,0,4294967295,4294967295,1,10,0.99404329061508179,0,0,0,0.99404334329413846,1.0029676959849316,1.1558047967180472e-05,-3.3553235903382301,0.12858380656689405,-0.17797324049752206,-0.038809189631947794,unloading,1.1558047967180472e-05,0.010972062093838376,1.3070875973085594e-09,0.1933845579624176,5.017010698793456e-05,0,0,0,1,1,1,0.21094966114591238,24
52,0.0013249999665276846,1,held_reference,0,0,4294967295,4294967295,1,7,0.99999940395355225,0,0,0,0.99999948652690551,1.0000002344236452,1.8635544219964791e-09,0.0033416376768400369,-0.0034119820920750499,-3.1836059974921227e-05,-2.4659304447641306e-07,unloading,1.8635544219964791e-09,4.3564945773240924e-05,1.307722366956499e-14,0.0009580578189343214,3.0064318252698286e-06,0,0,0,1,1,1,-4.8827249338482003e-14,24
53,0.0013499999658961315,0,bent,0.203125,0,4294967295,4294967295,1,10,0.99410521984100342,0,0,0,0.99410519414221843,1.0029801380461516,1.1418146220286414e-05,-3.3272522538900375,0.12024423759430647,-0.057473788969218731,-0.032974642457879823,unloading,1.1418146220286414e-05,0.011299990351676975,1.3785345910512032e-09,0.17511329054832458,5.1213235565228388e-05,0,0,0,1,1,1,0.20313068721173855,24
53,0.0013499999658961315,1,held_reference,0,0,4294967295,4294967295,1,7,0.99999940395355225,0,0,0,0.99999948802506489,1.0000002346709835,1.8635544219964791e-09,0.0033418264431475109,-0.002030054631177336,-2.4642834034693806e-05,-2.4651632450900319e-07,unloading,1.8635544219964791e-09,4.3562850911759369e-05,1.2943280868216039e-14,0.0009580578189343214,2.9994146188982995e-06,0,0,0,1,1,1,-4.8827249338482003e-14,24
54,0.0013749999652645783,0,bent,0.1953125,0,4294967295,4294967295,1,10,0.99414932727813721,0,0,0,0.99414931684188224,1.0029913634023337,1.1391510931969932e-05,-3.0902558714151382,0.12986699538305402,0.054810432717204094,-0.027957202833202521,unloading,1.1391510931969932e-05,0.011035907981384261,1.440908114258278e-09,0.17395852506160736,5.0834471039706841e-05,0,0,0,1,1,1,0.19532281137089266,24
54,0.0013749999652645783,1,held_reference,0,0,4294967295,4294967295,1,7,0.9999995231628418,0,0,0,0.99999958073489792,1.0000002348050179,1.8635544219964791e-09,0.0033418264538340736,-0.0033717967162374407,-2.5365481633343734e-05,-2.4680517822071154e-07,unloading,1.8635544219964791e-09,4.3122522617097078e-05,1.2575408197401475e-14,0.0009580578189343214,2.946340373455314e-06,0,0,0,1,1,1,-4.8827249338482003e-14,24
55,0.0013999999646330252,0,bent,0.1875,0,4294967295,4294967295,1,10,0.99417626857757568,0,0,0,0.99417624253541992,1.0029903081813234,1.1344567046369515e-05,-2.9643136560916901,0.1198397995904088,0.16073676012456417,-0.023207257741534249,unloading,1.1344567046369515e-05,0.011060288939591507,1.4790485848828679e-09,0.16403070092201233,5.3175979701336473e-05,0,0,0,1,1,1,0.18751492618503987,24
55,0.0013999999646330252,1,held_reference,0,0,4294967295,4294967295,1,7,0.99999940395355225,0,0,0,0.99999948617631385,1.0000002341769592,1.8635544219964791e-09,0.0033418264661122521,-0.0019878673483617604,-2.5614838307319587e-05,-2.469048261004904e-07,unloading,1.8635544219964791e-09,4.5535356922353228e-05,1.3648807450877115e-14,0.0009580578189343214,3.0011078706593253e-06,0,0,0,1,1,1,-4.8827249338482003e-14,24
56,0.0014249999640014721,0,bent,0.1796875,0,4294967295,4294967295,1,10,0.99419248104095459,0,0,0,0.99419246959458918,1.0029943483201471,1.1280040195790905e-05,-2.7912579923868179,0.10233631310984492,0.25662634149193764,-0.018474776697222601,unloading,1.1280040195790905e-05,0.011270588758260747,1.5483575575619496e-09,0.15956257283687592,5.4228963563218713e-05,0,0,0,1,1,1,0.17969382504310322,24
56,0.0014249999640014721,1,held_reference,0,0,4294967295,4294967295,1,7,0.9999995231628418,0,0,0,0.99999958055762317,1.0000002344753123,1.8635544219964791e-09,0.003341637533139874,-0.0017135841189883649,-3.1872997396931169e-05,-2.4660786979393389e-07,unloading,1.8635544219964791e-09,4.3188830101447399e-05,1.2809396497614607e-14,0.0009580578189343214,2.9263280794111779e-06,0,0,0,1,1,1,-4.8827249338482003e-14,24
57,0.001449999963369919,0,bent,0.171875,0,4294967295,4294967295,1,10,0.99423295259475708,0,0,0,0.99423293189538464,1.0030269520417601,1.1201204349289018e-05,-2.6752163916826248,0.10315709142014384,0.36823280155658722,-0.013646675683106308,unloading,1.1201204349289018e-05,0.011051875847247416,1.5430481916489425e-09,0.15915314853191376,5.2886891353409737e-05,0,0,0,1,1,1,0.17185961456253038,24
57,0.001449999963369919,1,held_reference,0,0,4294967295,4294967295,1,7,0.99999940395355225,0,0,0,0.99999948625040458,1.0000002343666989,1.8635544219964791e-09,0.003341826446558116,-0.0016689319454599172,-2.4669421577527828e-05,-2.4652695549957616e-07,unloading,1.8635544219964791e-09,4.3890539987120327e-05,1.3060997971723093e-14,0.0009580578189343214,2.9879306566726882e-06,0,0,0,1,1,1,-4.8827249338482003e-14,24
58,0.0014749999627383659,0,bent,0.1640625,0,4294967295,4294967295,1,10,0.99420005083084106,0,0,0,0.99420003960700964,1.0030986817195675,1.1105947713638585e-05,-2.4562932532280684,0.11821406939998269,0.45084648951888084,-0.009415608114616579,unloading,1.1105947713638585e-05,0.012233898279500145,1.6299018578179287e-09,0.14910830557346344,5.7001652749022469e-05,0,0,0,1,1,1,0.16405174419851812,24
58,0.0014749999627383659,1,held_reference,0,0,4294967295,4294967295,1,7,0.99999940395355225,0,0,0,0.99999948747280143,1.0000002341952501,1.8635544219964791e-09,0.003341826515907087,-0.0019437620067037642,-2.5412397121726826e-05,-2.4682405706357732e-07,unloading,1.8635544219964791e-09,4.2888630248977857e-05,1.2361842420327816e-14,0.0009580578189343214,2.8816393751185387e-06,0,0,0,1,1,1,-4.8827249338482003e-14,24
59,0.0014999999621068127,0,bent,0.15625,0,4294967295,4294967295,1,10,0.99427229166030884,0,0,0,0.9942722580783635,1.0031594842104719,1.0997417541452637e-05,-2.3032047748565674,0.097451802575960755,0.55727876722812653,-0.0051257819054034556,unloading,1.0997417541452637e-05,0.011556441366516105,1.6453469432361646e-09,0.15725958347320557,5.5337397498078644e-05,0,0,0,1,1,1,0.15627036189077387,24
59,0.0014999999621068127,1,held_reference,0,0,4294967295,4294967295,1,8,0.9999995231628418,0,0,0,0.99999958040337988,1.0000002336202904,1.8635544219964791e-09,0.0033418264963529509,-0.0034899155580205843,-2.5676722543721553e-05,-2.4692963949951287e-07,unloading,1.8635544219964791e-09,4.4343499804765973e-05,1.4469868067456079e-14,0.0009580578189343214,2.9089462714182446e-06,0,0,0,1,1,1,-4.8827249338482003e-14,24
60,0.0015249999614752596,0,bent,0.1484375,0,4294967295,4294967295,1,10,0.99424690008163452,0,0,0,0.99424690580555819,1.0032015550063662,1.0873734602396773e-05,-2.1640895288437605,0.10234451061114669,0.63231244217604399,-0.0010684027837490786,unloading,1.0873734602396773e-05,0.012753214748002978,1.7378300686834294e-09,0.15516655147075653,5.7523939176462591e-05,0,0,0,1,1,1,0.14842076443657862,24
60,0.0015249999614752596,1,held_reference,0,0,4294967295,4294967295,1,7,0.99999940395355225,0,0,0,0.99999948612607903,1.000000234156692,1.8635544219964791e-09,0.0033416376220429811,-0.0020133651851210743,-3.193526356426446e-05,-2.4663273828923646e-07,unloading,1.8635544219964791e-09,4.1870006508116864e-05,1.2190397844550996e-14,0.0009580578189343214,2.879587555071339e-06,0,0,0,1,1,1,-4.8827249338482003e-14,24
61,0.0015499999608437065,0,bent,0.140625,0,4294967295,4294967295,1,10,0.99434715509414673,0,0,0,0.99434708641815561,1.0032330610435023,1.074057481186054e-05,-2.045311450958252,0.12463804380968213,0.72651368752121925,0.002960279265781897,unloading,1.074057481186054e-05,0.01188338264428984,1.7129553668254761e-09,0.16366979479789734,5.9505840908968821e-05,0,0,0,1,1,1,0.14061289828462992,24
61,0.0015499999608437065,1,held_reference,0,0,4294967295,4294967295,1,8,0.99999940395355225,0,0,0,0.99999948735322763,1.0000002331446152,1.8635544219964791e-09,0.0033418264251849905,-0.0034943181526614353,-2.4503053111857298e-05,-2.4646016296310373e-07,unloading,1.8635544219964791e-09,4.2255706266552221e-05,1.4263147303440426e-14,0.0009580578189343214,2.7627613690128783e-06,0,0,0,1,1,1,-4.8827249338482003e-14,24
62,0.0015749999602121534,0,bent,0.1328125,0,4294967295,4294967295,1,10,0.99429327249526978,0,0,0,0.99429325381575895,1.0032539436415284,1.0595749824321339e-05,-1.9263221770524979,0.1123187659541145,0.81860066391527653,0.0067040051288986711,unloading,1.0595749824321339e-05,0.013505324069859496,1.7743474068801829e-09,0.17064565420150757,5.6777338613756001e-05,0,0,0,1,1,1,0.1328050346085087,24
62,0.0015749999602121534,1,held_reference,0,0,4294967295,4294967295,1,8,0.9999995231628418,0,0,0,0.99999957355184799,1.0000002334158455,1.8635544219964791e-09,0.0033418264561078104,-0.002087747590849176,-2.5447613268170244e-05,-2.4683791910001715e-07,unloading,1.8635544219964791e-09,4.2890616967675094e-05,1.3930656033471225e-14,0.0009580578189343214,2.8266297249501804e-06,0,0,0,1,1,1,-4.8827249338482003e-14,24
63,0.0015999999595806003,0,bent,0.125,0,4294967295,4294967295,1,10,0.99441426992416382,0,0,0,0.99441429827815087,1.0032689792335907,1.044211500585835e-05,-1.6348603963851929,0.1071922512492165,0.89235743880271912,0.010429398270881386,unloading,1.044211500585835e-05,0.012444366904897267,1.8012864699488551e-09,0.17822399735450745,5.9396821598056704e-05,0,0,0,1,1,1,0.12499717957477265,24
63,0.0015999999595806003,1,held_reference,0,0,4294967295,4294967295,1,8,0.99999940395355225,0,0,0,0.99999948596659838,1.0000002335800837,1.8635544219964791e-09,0.0033418264947613352,-0.003460250241914764,-2.5713787181302905e-05,-2.4694457648911382e-07,unloading,1.8635544219964791e-09,4.4401414858149275e-05,1.4332484095253217e-14,0.0009580578189343214,2.8432802992028883e-06,0,0,0,1,1,1,-4.8827249338482003e-14,24
64,0.0016249999589490471,0,bent,0.1171875,0,4294967295,4294967295,1,10,0.99412918090820312,0,0,0,0.99412917993154504,1.0032816293447744,1.0276683351631982e-05,-1.6342199705541134,0.09712023101747036,0.97879981808364391,0.014152897676391456,unloading,1.0276683351631982e-05,0.013781676068431633,1.8542903496484351e-09,0.18508769571781158,6.1431688664015383e-05,0,0,0,1,1,1,0.11716501450738653,24
64,0.0016249999589490471,1,held_reference,0,0,4294967295,4294967295,1,7,0.99999940395355225,0,0,0,0.99999948716130349,1.0000002333047926,1.8635544219964791e-09,0.0033418263697058137,-0.0019520785717759281,-2.5913224078522035e-05,-2.4702420844141726e-07,unloading,1.8635544219964791e-09,4.3341274201117694e-05,1.2249731651471936e-14,0.0009580578189343214,2.8275956083234632e-06,0,0,0,1,1,1,-4.8827249338482003e-14,24
65,0.001649999958317494,0,bent,0.109375,0,4294967295,4294967295,1,10,0.99418973922729492,0,0,0,0.99418972501849689,1.0032814736332791,1.0103164658118735e-05,-1.4208360761404037,0.086259526084177196,1.0400774348527193,0.017812050590892442,unloading,1.0103164658118735e-05,0.012493023471492962,1.8718816662833875e-09,0.19257737696170807,6.2266706663649529e-05,0,0,0,1,1,1,0.1093571611678788,24
65,0.001649999958317494,1,held_reference,0,0,4294967295,4294967295,1,8,0.99999940395355225,0,0,0,0.99999948717497311,1.000000233365494,1.8635544219964791e-09,0.0033418264383726637,-0.0016528558044228703,-2.6093962105733226e-05,-2.470966389400933e-07,unloading,1.8635544219964791e-09,4.2398699222585048e-05,1.3840784505303315e-14,0.0009580578189343214,2.7826743007608457e-06,0,0,0,1,1,1,-4.8827249338482003e-14,24
66,0.0016749999576859409,0,bent,0.1015625,0,4294967295,4294967295,1,10,0.99401587247848511,0,0,0,0.99401594944496541,1.0032746715755121,9.9202861836722834e-06,-1.2425371240824461,0.080330032622441649,1.1245630532503128,0.021165278822428701,unloading,9.9202861836722834e-06,0.013805644488079612,1.9305721470382585e-09,0.19883781671524048,6.1730170273222029e-05,0,0,0,1,1,1,0.10154930840588204,24
66,0.0016749999576859409,1,held_reference,0,0,4294967295,4294967295,1,8,0.99999940395355225,0,0,0,0.99999948692251672,1.0000002330444953,1.8635544219964791e-09,0.0033418264742977044,-0.0017831377335824072,-2.623312246896603e-05,-2.4715237999271339e-07,unloading,1.8635544219964791e-09,4.2747226835245719e-05,1.3368826829677229e-14,0.0009580578189343214,2.7495766516949516e-06,0,0,0,1,1,1,-4.8827249338482003e-14,24
67,0.0016999999570543878,0,bent,0.09375,0,4294967295,4294967295,1,10,0.99403434991836548,0,0,0,0.99403428366654256,1.0032531541573606,9.7284567085429873e-06,-1.2082009091973305,0.092284818179905415,1.2078895411686972,0.024812004490334504,unloading,9.7284567085429873e-06,0.012926603630894557,1.9327195543411801e-09,0.20394381880760193,6.2643099226988852e-05,0,0,0,1,1,1,0.093741456815195023,24
67,0.0016999999570543878,1,held_reference,0,0,4294967295,4294967295,1,8,0.9999995231628418,0,0,0,0.99999957555479513,1.0000002333104965,1.8635544219964791e-09,0.0033418264120115282,-0.0021001622662879527,-2.6334976382713648e-05,-2.4719310876027155e-07,unloading,1.8635544219964791e-09,4.4095353455976676e-05,1.4235845556629533e-14,0.0009580578189343214,2.8085971734981285e-06,0,0,0,1,1,1,-4.8827249338482003e-14,24
68,0.0017249999564228347,0,bent,0.0859375,0,4294967295,4294967295,1,10,0.9939761757850647,0,0,0,0.99397613782799599,1.0032143111847269,9.529578929908051e-06,-1.001330740749836,0.07761429576203227,1.2628769315779209,0.028148591695817422,unloading,9.529578929908051e-06,0.013760793776439469,1.9700920550918062e-09,0.21049201488494873,6.5338790591340512e-05,0,0,0,1,1,1,0.085923637169976586,24
68,0.0017249999564228347,1,held_reference,0,0,4294967295,4294967295,1,7,0.99999940395355225,0,0,0,0.99999948568194552,1.0000002330213416,1.8635544219964791e-09,0.0033416375683827937,-0.0033603196643525735,-3.2510514472505747e-05,-2.4686296926051949e-07,unloading,1.8635544219964791e-09,4.2726679490703433e-05,1.151406030956226e-14,0.0009580578189343214,2.7264595701126382e-06,0,0,0,1,1,1,-4.8827249338482003e-14,24
69,0.0017499999557912815,0,bent,0.078125,0,4294967295,4294967295,1,10,0.99399429559707642,0,0,0,0.99399425700042132,1.0031860096271403,9.3234840628942218e-06,-0.98258030414581299,0.060287472791969776,1.3467406239360571,0.031611585656076607,unloading,9.3234840628942218e-06,0.013545179973974709,2.0142985291802221e-09,0.21743838489055634,6.5902495407499373e-05,0,0,0,1,1,1,0.078115787605167103,24
69,0.0017499999557912815,1,held_reference,0,0,4294967295,4294967295,1,8,0.99999940395355225,0,0,0,0.99999948717684384,1.0000002332532838,1.8635544219964791e-09,0.0033418264636111417,-0.0020732751290779561,-2.4988566337924567e-05,-2.4665443181834271e-07,unloading,1.8635544219964791e-09,4.2755215018857076e-05,1.3874253413338104e-14,0.0009580578189343214,2.761586983979214e-06,0,0,0,1,1,1,-4.8827249338482003e-14,24
70,0.0017749999551597284,0,bent,0.0703125,0,4294967295,4294967295,1,10,0.99432927370071411,0,0,0,0.99432926618505235,1.0031552294989441,9.1096802415082367e-06,-0.76943995803594589,0.055242905364139006,1.404106043279171,0.034883793401631259,unloading,9.1096802415082367e-06,0.013458345482083873,2.0465589029008952e-09,0.22033938765525818,6.7102460889145732e-05,0,0,0,1,1,1,0.070334428788846659,24
70,0.0017749999551597284,1,held_reference,0,0,4294967295,4294967295,1,7,0.99999940395355225,0,0,0,0.99999948702834596,1.0000002337309435,1.8635544219964791e-09,0.003341826567066164,-0.0033021688141161576,-2.5793536394758121e-05,-2.4697650097687115e-07,unloading,1.8635544219964791e-09,4.2900443077087402e-05,1.1019275359333122e-14,0.0009580578189343214,2.7324865641276119e-06,0,0,0,1,1,1,-4.8827249338482003e-14,24
71,0.0017999999545281753,0,bent,0.0625,0,4294967295,4294967295,1,10,0.99433618783950806,0,0,0,0.99433615641330242,1.0033834845518419,8.8890002053844858e-06,-0.72632044553756714,0.041176077909767628,1.4810083154588938,0.038154106744392638,unloading,8.8890002053844858e-06,0.01384765162286291,2.0934749418256905e-09,0.22519297897815704,6.5960317442659289e-05,0,0,0,1,1,1,0.062526584795095416,24
71,0.0017999999545281753,1,held_reference,0,0,4294967295,4294967295,1,8,0.99999940395355225,0,0,0,0.99999948681176931,1.0000002241514991,1.8635544219964791e-09,0.0033418264101783279,-0.002006874477956444,-2.6018192215815361e-05,-2.4706617837546298e-07,unloading,1.8635544219964791e-09,4.4098082642664329e-05,1.319871107722554e-14,0.0009580578189343214,2.7282858354737982e-06,0,0,0,1,1,1,-4.8827249338482003e-14,24
72,0.0018249999538966222,0,bent,0.0546875,0,4294967295,4294967295,1,10,0.99464356899261475,0,0,0,0.99464357634301115,1.0036322930366743,8.6593592833802342e-06,-0.39542803913354874,0.056624383665621281,1.5256627555936575,0.041109743732440668,unloading,8.6593592833802342e-06,0.013777876457320913,2.151331163548585e-09,0.23013113439083099,6.8882422056049109e-05,0,0,0,1,1,1,0.05469443796135931,24
72,0.0018249999538966222,1,held_reference,0,0,4294967295,4294967295,1,8,0.99999940395355225,0,0,0,0.99999948679308148,1.0000001889538845,1.8635544219964791e-09,0.0033418264579267998,-0.0033866432349896058,-2.6167243049712852e-05,-2.4712577530908702e-07,unloading,1.8635544219964791e-09,4.1000637767774546e-05,1.3098281867331344e-14,0.0009580578189343214,2.7005487481801538e-06,0,0,0,1,1,1,-4.8827249338482003e-14,24
73,0.0018499999532650691,0,bent,0.046875,0,4294967295,4294967295,1,10,0.99457108974456787,0,0,0,0.99457110214340849,1.0039363173673552,8.4047180623577239e-06,-0.15988786518573761,0.046732849208638072,1.5793732106685638,0.043040974873689852,unloading,8.4047180623577239e-06,0.014857299245667019,2.415367304280515e-09,0.23384183645248413,6.6605134634301066e-05,0,0,0,1,1,1,0.046886591819195071,24
73,0.0018499999532650691,1,held_reference,0,0,4294967295,4294967295,1,8,0.99999940395355225,0,0,0,0.99999948664551341,1.0000002241652162,1.8635544219964791e-09,0.0033418264945339615,-0.0019797217682935297,-2.6296615658338851e-05,-2.4717759005102406e-07,unloading,1.8635544219964791e-09,4.3828069334115822e-05,1.2927024660767493e-14,0.0009580578189343214,2.7535527351574274e-06,0,0,0,1,1,1,-4.8827249338482003e-14,24
74,0.0018749999526335159,0,bent,0.0390625,0,4294967295,4294967295,1,10,0.99498444795608521,0,0,0,0.99498442672946308,1.0042334960036088,8.1703406390639443e-06,-0.30672986805438995,0.047852165065705776,1.6649282239377499,0.047634400175242557,unloading,8.1703406390639443e-06,0.013421247280792806,2.0556882051434068e-09,0.23722708225250244,6.8859633756801486e-05,0,0,0,1,1,1,0.039078751697390605,24
74,0.0018749999526335159,1,held_reference,0,0,4294967295,4294967295,1,8,0.99999940395355225,0,0,0,0.99999948668792948,1.000000224168075,1.8635544219964791e-09,0.0033418264952160825,-0.0033501952420920134,-2.6318212405840313e-05,-2.4718624960451103e-07,unloading,1.8635544219964791e-09,4.3000745621879921e-05,1.312744493840437e-14,0.0009580578189343214,2.6763584628497483e-06,0,0,0,1,1,1,-4.8827249338482003e-14,24
75,0.0018999999520019628,0,bent,0.03125,0,4294967295,4294967295,1,10,0.99516725540161133,0,0,0,0.99516719260241637,1.0044230875438251,7.9034811392353787e-06,-0.06570222252048552,0.021610575029626489,1.7115316223353148,0.048997479989059345,unloading,7.9034811392353787e-06,0.015252320348970753,2.5015269703296613e-09,0.23894846439361572,6.8587913119699806e-05,0,0,0,1,1,1,0.031270909488903105,24
75,0.0018999999520019628,1,held_reference,0,0,4294967295,4294967295,1,8,0.99999940395355225,0,0,0,0.99999948656473081,1.0000002241582273,1.8635544219964791e-09,0.0033418264965803246,-0.001394109072862193,-2.6521741631313489e-05,-2.4726765362629571e-07,unloading,1.8635544219964791e-09,4.4105541725770083e-05,1.324999886733573e-14,0.0009580578189343214,2.6798268208949594e-06,0,0,0,1,1,1,-4.8827249338482003e-14,24
76,0.0019249999513704097,0,bent,0.0234375,0,4294967295,4294967295,1,10,0.9953465461730957,0,0,0,0.99534671109879946,1.0047224117137004,7.6327944063738408e-06,0.12014283984899521,0.017357231590722222,1.7473352644592524,0.051731009759030618,unloading,7.6327944063738408e-06,0.01541047329661115,2.479510940756562e-09,0.2452409416437149,7.027509855106473e-05,0,0,0,1,1,1,0.023438764748504568,24
76,0.0019249999513704097,1,held_reference,0,0,4294967295,4294967295,1,8,0.99999940395355225,0,0,0,0.9999994866444587,1.0000002241622989,1.8635544219964791e-09,0.0033418264461033687,-0.0015760868845973164,-2.6433920368162944e-05,-2.4723263945225039e-07,unloading,1.8635544219964791e-09,4.1314018290367509e-05,1.2958482612571683e-14,0.0009580578189343214,2.7137116376252379e-06,0,0,0,1,1,1,-4.8827249338482003e-14,24
77,0.0019499999507388566,0,bent,0.015625,0,4294967295,4294967295,1,10,0.99548941850662231,0,0,0,0.99548945379280651,1.0049588764662027,7.3859167846434297e-06,0.18899854645133018,0.055267349642235786,1.8186441995203495,0.054847298552287101,unloading,7.3859167846434297e-06,0.014661754078610837,2.3958151250042623e-09,0.25589275360107422,7.0282825618050992e-05,0,0,0,1,1,1,0.015630924730845389,24
77,0.0019499999507388566,1,held_reference,0,0,4294967295,4294967295,1,8,0.99999940395355225,0,0,0,0.99999948651455151,1.0000001846023818,1.8635544219964791e-09,0.0033418264606552839,-0.0019234690698795021,-2.6436322002609813e-05,-2.4723363346447583e-07,unloading,1.8635544219964791e-09,4.2285907853529331e-05,1.29311615044196e-14,0.0009580578189343214,2.7478431547933724e-06,0,0,0,1,1,1,-4.8827249338482003e-14,24
78,0.0019749999501073034,0,bent,0.0078125,0,4294967295,4294967295,1,10,0.99556910991668701,0,0,0,0.99556912466707481,1.0052144581650624,7.1345692015538857e-06,0.3261039275676012,0.010381362866610289,1.8681476395577192,0.057603490201709996,unloading,7.1345692015538857e-06,0.014956394248368213,2.4499334407499534e-09,0.25747540593147278,6.852109800092876e-05,0,0,0,1,1,1,0.0077935060486869004,24
78,0.0019749999501073034,1,held_reference,0,0,4294967295,4294967295,1,7,0.99999940395355225,0,0,0,0.99999948667970828,1.0000002240454147,1.8635544219964791e-09,0.0033416376754757948,-0.0032109376770677045,-3.2593887738130434e-05,-2.4689650799064151e-07,unloading,1.8635544219964791e-09,4.2999614748281963e-05,1.0918764942773091e-14,0.0009580578189343214,2.6327711566409562e-06,0,0,0,1,1,1,-4.8827249338482003e-14,24
79,0.0019999999494757503,0,bent,0,0,4294967295,4294967295,1,10,0.99565041065216064,0,0,0,0.99565033988730045,1.0055622079765283,6.8813836893818843e-06,0.44205012172460556,0.00264726672321558,1.9048058297485113,0.060442286589361731,unloading,6.8813836893818843e-06,0.014602536566670387,2.4147640279637841e-09,0.26920369267463684,7.1042974013835192e-05,0,0,0,1,1,1,-4.8827249338482003e-14,24
79,0.0019999999494757503,1,held_reference,0,0,4294967295,4294967295,1,8,0.99999940395355225,0,0,0,0.9999994865263615,1.0000002241452763,1.8635544219964791e-09,0.0033418264915781037,-0.0019451016269158572,-2.5071580239455216e-05,-2.4668757520112235e-07,unloading,1.8635544219964791e-09,4.3960711149019669e-05,1.2354419516573745e-14,0.0009580578189343214,2.7367118491383735e-06,0,0,0,1,1,1,-4.8827249338482003e-14,24
80,0.0020249999488441972,0,bent,0,0,4294967295,4294967295,1,10,0.99577736854553223,0,0,0,0.99577736788338489,1.0055565251738607,6.4752147699324604e-06,1.4674296900629997,0.014582864008843899,1.764335123822093,0.054227787282593545,relaxation,6.4752147699324604e-06,0.020313655151019346,3.6683226735253492e-09,0.28009435534477234,5.9861187764909118e-05,0,0,0,1,1,1,-4.8827249338482003e-14,24
80,0.0020249999488441972,1,held_reference,0,0,4294967295,4294967295,1,7,0.99999940395355225,0,0,0,0.99999948667086813,1.0000002240447652,1.8635544219964791e-09,0.0033418265561522276,-0.0031895175779936835,-2.5872922606140492e-05,-2.4700836026886511e-07,relaxation,1.8635544219964791e-09,4.9633428251631318e-05,1.0873599009122895e-14,0.0009580578189343214,2.6002235244959593e-06,0,0,0,1,1,1,-4.8827249338482003e-14,24
81,0.0020499999482126441,0,bent,0,0,4294967295,4294967295,1,10,0.99587231874465942,0,0,0,0.9958723422060578,1.0054671099454429,6.376211500537765e-06,2.0613234266638756,-0.012908517848700285,1.5916617643088102,0.048201842279680066,relaxation,6.376211500537765e-06,0.0086879703006677318,4.4226965204804264e-10,0.2568792998790741,5.4165131587069482e-05,0,0,0,1,1,1,-4.8827249338482003e-14,24
81,0.0020499999482126441,1,held_reference,0,0,4294967295,4294967295,1,8,0.99999940395355225,0,0,0,0.9999994865119286,1.0000001846023818,1.8635544219964791e-09,0.0033418264174542855,-0.0019029471441172063,-2.6093943631622096e-05,-2.4709661728775249e-07,relaxation,1.8635544219964791e-09,4.4377644478726807e-05,1.2527248103855016e-14,0.0009580578189343214,2.7064784262620378e-06,0,0,0,1,1,1,-4.8827249338482003e-14,24
82,0.002074999947581091,0,bent,0,0,4294967295,4294967295,1,10,0.99617034196853638,0,0,0,0.99617036861841002,1.0052424726030098,6.1834811620534582e-06,1.8575882129371166,-0.0013089035637676716,1.5145578542724252,0.046755632415998734,relaxation,6.1834811620534582e-06,0.014113193668316244,1.2289215134216209e-09,0.24380055069923401,4.998084477847442e-05,0,0,0,1,1,1,-4.8827249338482003e-14,24
82,0.002074999947581091,1,held_reference,0,0,4294967295,4294967295,1,8,0.99999940395355225,0,0,0,0.9999994866127202,1.0000002241628929,1.8635544219964791e-09,0.0033418264142710541,-0.0032835448801051825,-2.6155514376569045e-05,-2.4712110996506514e-07,relaxation,1.8635544219964791e-09,4.1211030282879464e-05,1.232307738140677e-14,0.0009580578189343214,2.6302875539840898e-06,0,0,0,1,1,1,-4.8827249338482003e-14,24
83,0.0020999999469495378,0,bent,0,0,4294967295,4294967295,1,10,0.99639201164245605,0,0,0,0.99639193054677622,1.0051255945595703,5.995831885351936e-06,2.3665334805846214,-0.03760511614382267,1.3346495842561126,0.041234411057092246,relaxation,5.995831885351936e-06,0.011898921947376098,8.5712516411209915e-10,0.23348705470561981,4.6477463911287487e-05,0,0,0,1,1,1,-4.8827249338482003e-14,24
83,0.0020999999469495378,1,held_reference,0,0,4294967295,4294967295,1,8,0.99999940395355225,0,0,0,0.99999948648290737,1.0000002241587547,1.8635544219964791e-09,0.0033418265038562822,-0.0018857979157473892,-2.6237512201987556e-05,-2.4715409301552475e-07,relaxation,1.8635544219964791e-09,4.2225543551256051e-05,1.247198369630317e-14,0.0009580578189343214,2.6446491574461106e-06,0,0,0,1,1,1,-4.8827249338482003e-14,24
84,0.0021249999463179847,0,bent,0,0,4294967295,4294967295,1,10,0.99648922681808472,0,0,0,0.99648913691855756,1.0050547015999289,5.9148956086214249e-06,2.1964394543319941,-0.023866351693868637,1.3353596655651927,0.041834745500436046,relaxation,5.9148956086214249e-06,0.0046228638250335055,1.3058760149128701e-10,0.22924612462520599,4.3928303057327867e-05,0,0,0,1,1,1,-4.8827249338482003e-14,24
84,0.0021249999463179847,1,held_reference,0,0,4294967295,4294967295,1,8,0.99999940395355225,0,0,0,0.99999948659288884,1.0000001846023818,1.8635544219964791e-09,0.0033418265029467875,-0.0014961971901357174,-2.628744346111489e-05,-2.4717405253795755e-07,relaxation,1.8635544219964791e-09,4.1578895415410242e-05,1.2052544933749605e-14,0.0009580578189343214,2.6765549137053313e-06,0,0,0,1,1,1,-4.8827249338482003e-14,24
85,0.0021499999456864316,0,bent,0,0,4294967295,4294967295,1,10,0.99694669246673584,0,0,0,0.99694673760676245,1.0046190419509,5.5582079264920827e-06,2.1717318538576365,-0.034370093839243054,1.1742168916389346,0.037130705812370414,relaxation,5.5582079264920827e-06,0.019131884628959452,2.3307324532126477e-09,0.22000777721405029,4.0904425986809656e-05,0,0,0,1,1,1,-4.8827249338482003e-14,24
85,0.0021499999456864316,1,held_reference,0,0,4294967295,4294967295,1,8,0.99999940395355225,0,0,0,0.99999948648231618,1.0000002241615773,1.8635544219964791e-09,0.0033418264720239677,-0.0016339529247488827,-2.6334256062909844e-05,-2.4719271594949596e-07,relaxation,1.8635544219964791e-09,4.3984482203191972e-05,1.2768659946803463e-14,0.0009580578189343214,2.6885427359957248e-06,0,0,0,1,1,1,-4.8827249338482003e-14,24
86,0.0021749999450548785,0,bent,0,0,4294967295,4294967295,1,10,0.99704790115356445,0,0,0,0.99704793181770524,1.0045327653226279,5.4839286046445761e-06,2.2183794523589313,-0.027808585204184055,1.1483247419819236,0.036804904578075281,relaxation,5.4839286046445761e-06,0.0035161599575518915,8.3936851669047456e-11,0.22265857458114624,3.9892245695227757e-05,0,0,0,1,1,1,-4.8827249338482003e-14,24
86,0.0021749999450548785,1,held_reference,0,0,4294967295,4294967295,1,8,0.99999940395355225,0,0,0,0.99999948659004667,1.0000002241643891,1.8635544219964791e-09,0.0033418264713453993,-0.0019474857544992119,-2.723854106534418e-05,-2.4755442965329538e-07,relaxation,1.8635544219964791e-09,4.2744849049542136e-05,1.1924271340970131e-14,0.0009580578189343214,2.5783608634810662e-06,0,0,0,1,1,1,-4.8827249338482003e-14,24
87,0.0021999999444233254,0,bent,0,0,4294967295,4294967295,1,10,0.9972529411315918,0,0,0,0.99725296842703171,1.0042443472090832,5.2327161819656481e-06,1.9923411812633276,-0.053784104995429516,1.0711532458662987,0.034561279358306898,relaxation,5.2327161819656481e-06,0.011420795889529002,9.0875095674524997e-10,0.21138331294059753,3.7266017898218706e-05,0,0,0,1,1,1,-4.8827249338482003e-14,24
87,0.0021999999444233254,1,held_reference,0,0,4294967295,4294967295,1,8,0.99999940395355225,0,0,0,0.99999948656188309,1.000000224149201,1.8635544219964791e-09,0.0033418265206819342,-0.0033618613670114428,-2.6332184859256813e-05,-2.4719188512290251e-07,relaxation,1.8635544219964791e-09,4.2638694392477628e-05,1.2153786262907366e-14,0.0009580578189343214,2.6773325316753471e-06,0,0,0,1,1,1,-4.8827249338482003e-14,24
88,0.0022249999437917722,0,bent,0,0,4294967295,4294967295,1,10,0.99732357263565063,0,0,0,0.99732359857533215,1.0041114086511922,5.1158660127478568e-06,1.9756752457469702,-0.0450581144541502,1.0293884538114071,0.033727739611009139,relaxation,5.1158660127478568e-06,0.0049399852750384183,1.880917457081923e-10,0.20452980697154999,3.6008972529089078e-05,0,0,0,1,1,1,-4.8827249338482003e-14,24
88,0.0022249999437917722,1,held_reference,0,0,4294967295,4294967295,1,7,0.99999940395355225,0,0,0,0.99999948676752415,1.0000001879423213,1.8635544219964791e-09,0.0033418264190459013,-0.0018676244944799691,-2.6318679260839417e-05,-2.4718648487919424e-07,relaxation,1.8635544219964791e-09,4.1955406839316096e-05,9.7961243406528916e-15,0.0009580578189343214,2.5942129013856174e-06,0,0,0,1,1,1,-4.8827249338482003e-14,24
89,0.0022499999431602191,0,bent,0,0,4294967295,4294967295,1,10,0.99735844135284424,0,0,0,0.99735853711977374,1.0039543738905634,4.9921797713428093e-06,1.9825774934142828,-0.039559513796120882,0.99020922742784023,0.032512771846422928,relaxation,4.9921797713428093e-06,0.0051002208206708975,2.1123332780854976e-10,0.20248143374919891,3.5151595511706546e-05,0,0,0,1,1,1,-4.8827249338482003e-14,24
89,0.0022499999431602191,1,held_reference,0,0,4294967295,4294967295,1,8,0.99999940395355225,0,0,0,0.99999948655902426,1.0000002241490789,1.8635544219964791e-09,0.003341826584573937,-0.0033345967385685071,-2.6373336766027933e-05,-2.4720834886943558e-07,relaxation,1.8635544219964791e-09,4.4191274654559916e-05,1.1988364624725599e-14,0.0009580578189343214,2.6522693588049151e-06,0,0,0,1,1,1,-4.8827249338482003e-14,24
90,0.002274999942528666,0,bent,0,0,4294967295,4294967295,1,10,0.99738115072250366,0,0,0,0.99738111840609955,1.0038239154301487,4.8613202966995851e-06,1.9171357084996998,-0.048357711639255285,0.95822111889719963,0.031444552824683017,relaxation,4.8613202966995851e-06,0.005278364812610876,2.3124146530531209e-10,0.19347390532493591,3.3794301998568699e-05,0,0,0,1,1,1,-4.8827249338482003e-14,24
90,0.002274999942528666,1,held_reference,0,0,4294967295,4294967295,1,8,0.99999940395355225,0,0,0,0.99999948652611725,1.0000002241658545,1.8635544219964791e-09,0.0033418264340525639,-0.0019262216228526086,-2.6376959453955351e-05,-2.4720984291548206e-07,relaxation,1.8635544219964791e-09,4.1248575549985698e-05,1.2545275112304647e-14,0.0009580578189343214,2.6596217139740475e-06,0,0,0,1,1,1,-4.8827249338482003e-14,24
91,0.0022999999418971129,0,bent,0,0,4294967295,4294967295,1,10,0.99743789434432983,0,0,0,0.99743794959503074,1.0036993737856348,4.735003207147442e-06,1.8154308944940567,-0.052874094340950251,0.94614326022565365,0.030393702864333988,relaxation,4.735003207147442e-06,0.0050403590423553756,2.1571741846621373e-10,0.18790538609027863,3.3986882044700906e-05,0,0,0,1,1,1,-4.8827249338482003e-14,24
91,0.0022999999418971129,1,held_reference,0,0,4294967295,4294967295,1,8,0.99999940395355225,0,0,0,0.99999948655249615,1.000000188401593,1.8635544219964791e-09,0.0033418264002875731,-0.0032886180852074176,-2.6346543791078147e-05,-2.4719773875006048e-07,relaxation,1.8635544219964791e-09,4.2383447464906075e-05,1.2201948743211671e-14,0.0009580578189343214,2.6875115963775897e-06,0,0,0,1,1,1,-4.8827249338482003e-14,24
92,0.0023249999412655598,0,bent,0,0,4294967295,4294967295,1,10,0.99746239185333252,0,0,0,0.99746242218121339,1.0036230538599005,4.6346270888637378e-06,1.7659016624093056,-0.039269461762160063,0.89910292997956276,0.029722932852588591,relaxation,4.6346270888637378e-06,0.0040067986019382603,1.3654152004610787e-10,0.18326462805271149,3.4661079553188756e-05,0,0,0,1,1,1,-4.8827249338482003e-14,24
92,0.0023249999412655598,1,held_reference,0,0,4294967295,4294967295,1,7,0.99999940395355225,0,0,0,0.99999948657144766,1.0000002240533583,1.8635544219964791e-09,0.0033418264706597256,-0.0017755632870830595,-2.6449239385328838e-05,-2.4723869744275399e-07,relaxation,1.8635544219964791e-09,4.2053817303875103e-05,1.0083661718607137e-14,0.0009580578189343214,2.5778242616070202e-06,0,0,0,1,1,1,-4.8827249338482003e-14,24
93,0.0023499999406340066,0,bent,0,0,4294967295,4294967295,1,10,0.99752849340438843,0,0,0,0.99752846004726292,1.0035020793076956,4.5351125365327945e-06,1.6817923560738564,-0.054705816321074963,0.89793480560183525,0.028958481701634824,relaxation,4.5351125365327945e-06,0.0039969556671830657,1.3864006726019648e-10,0.17604354023933411,3.2875519536901265e-05,0,0,0,1,1,1,-4.8827249338482003e-14,24
93,0.0023499999406340066,1,held_reference,0,0,4294967295,4294967295,1,8,0.99999940395355225,0,0,0,0.99999948664012606,1.000000224152207,1.8635544219964791e-09,0.0033418264874853776,-0.0014714870485477149,-2.6542788702954567e-05,-2.472760445243698e-07,relaxation,1.8635544219964791e-09,4.4243545067954025e-05,1.2208142239236942e-14,0.0009580578189343214,2.7101154955744278e-06,0,0,0,1,1,1,-4.8827249338482003e-14,24
94,0.0023749999400024535,0,bent,0,0,4294967295,4294967295,1,10,0.99755853414535522,0,0,0,0.99755864864465627,1.0034097560746411,4.4429652173580188e-06,1.6127573512494564,-0.035252309404313564,0.87779710628092289,0.028275544701013712,relaxation,4.4429652173580188e-06,0.0036894045564318844,1.1637087030585074e-10,0.17291225492954254,3.1483326893066987e-05,0,0,0,1,1,1,-4.8827249338482003e-14,24
94,0.0023749999400024535,1,held_reference,0,0,4294967295,4294967295,1,8,0.99999940395355225,0,0,0,0.99999948650657733,1.0000001879324931,1.8635544219964791e-09,0.0033418264765714412,-0.0015933063405100256,-2.6443603246661951e-05,-2.4723658927632644e-07,relaxation,1.8635544219964791e-09,4.0996735615028715e-05,1.1982558238684271e-14,0.0009580578189343214,2.6138670818909304e-06,0,0,0,1,1,1,-4.8827249338482003e-14,24
95,0.0023999999393709004,0,bent,0,0,4294967295,4294967295,1,10,0.99760788679122925,0,0,0,0.99760779724840887,1.0033347999617734,4.3587008863120862e-06,1.5560080856084824,-0.053273532772436738,0.85777288675308228,0.027682732320621607,relaxation,4.3587008863120862e-06,0.0033777027936191116,1.006331415119371e-10,0.17030411958694458,3.2126470614457503e-05,0,0,0,1,1,1,-4.8827249338482003e-14,24
95,0.0023999999393709004,1,held_reference,0,0,4294967295,4294967295,1,8,0.99999940395355225,0,0,0,0.99999948660919524,1.0000002241551686,1.8635544219964791e-09,0.0033418264838473988,-0.0019059364858549088,-2.6435803079039033e-05,-2.4723336859005984e-07,relaxation,1.8635544219964791e-09,4.4241191240072408e-05,1.266409426082283e-14,0.0009580578189343214,2.7111143481306499e-06,0,0,0,1,1,1,-4.8827249338482003e-14,24
96,0.0024249999387393473,0,bent,0,0,4294967295,4294967295,1,10,0.99764549732208252,0,0,0,0.99764565411352912,1.0032310883447655,4.263581555280524e-06,1.4944826513528824,-0.036189885111525655,0.84123177081346512,0.026968646407291293,relaxation,4.263581555280524e-06,0.0038096378869363103,1.2647078382502831e-10,0.16770647466182709,3.1569637940265238e-05,0,0,0,1,1,1,-4.8827249338482003e-14,24
96,0.0024249999387393473,1,held_reference,0,0,4294967295,4294967295,1,8,0.99999940395355225,0,0,0,0.9999994865139048,1.0000002241684969,1.8635544219964791e-09,0.0033418264265492326,-0.0033086725161410868,-2.6502998991873028e-05,-2.472600275514203e-07,relaxation,1.8635544219964791e-09,4.2659920431286113e-05,1.1680434094635379e-14,0.0009580578189343214,2.6266445729561383e-06,0,0,0,1,1,1,-4.8827249338482003e-14,24
97,0.0024499999381077942,0,bent,0,0,4294967295,4294967295,1,10,0.99768543243408203,0,0,0,0.99768534286956001,1.0031515252304197,4.1814404889456935e-06,1.4902383536100388,-0.051844304194673896,0.83161589503288269,0.02657848171235621,relaxation,4.1814404889456935e-06,0.0032668485028271516,9.4689511808978471e-11,0.16263814270496368,2.9406974135781638e-05,0,0,0,1,1,1,-4.8827249338482003e-14,24
97,0.0024499999381077942,1,held_reference,0,0,4294967295,4294967295,1,8,0.99999940395355225,0,0,0,0.99999948652468507,1.0000001876804723,1.8635544219964791e-09,0.003341826473160836,-0.0019064792431890965,-2.6407079701584735e-05,-2.4722186061558245e-07,relaxation,1.8635544219964791e-09,4.4016274679997247e-05,1.2007270838705269e-14,0.0009580578189343214,2.6486036404094193e-06,0,0,0,1,1,1,-4.8827249338482003e-14,24
98,0.002474999937476241,0,bent,0,0,4294967295,4294967295,1,10,0.99771678447723389,0,0,0,0.99771671797930672,1.0030847010995145,4.1136429527568865e-06,1.4827527031302452,-0.031974239274859428,0.80894862860441208,0.025881110641576353,relaxation,4.1136429527568865e-06,0.0026921893194441393,6.522018984962371e-11,0.1598077267408371,3.0705799872521311e-05,0,0,0,1,1,1,-4.8827249338482003e-14,24
98,0.002474999937476241,1,held_reference,0,0,4294967295,4294967295,1,8,0.99999940395355225,0,0,0,0.99999948653235671,1.0000002241677031,1.8635544219964791e-09,0.0033418263851672236,-0.003272673231549561,-2.6406146787394391e-05,-2.4722155196605005e-07,relaxation,1.8635544219964791e-09,4.1351487500611423e-05,1.1879643675609353e-14,0.0009580578189343214,2.6569887268124148e-06,0,0,0,1,1,1,-4.8827249338482003e-14,24
99,0.0024999999368446879,0,bent,0,0,4294967295,4294967295,1,10,0.99777805805206299,0,0,0,0.9977781696628053,1.0030305406878721,4.0179977226250895e-06,1.46165881305933,-0.055621492298087105,0.79883567802608013,0.025188464404784141,relaxation,4.0179977226250895e-06,0.0038336693337533969,1.3329511334162806e-10,0.15535596013069153,3.0858842364978045e-05,0,0,0,1,1,1,-4.8827249338482003e-14,24
99,0.0024999999368446879,1,held_reference,0,0,4294967295,4294967295,1,8,0.99999940395355225,0,0,0,0.99999948643656122,1.0000002241668065,1.8635544219964791e-09,0.0033418264838473988,-0.0018577893497422338,-2.6480388271465927e-05,-2.4725119349113838e-07,relaxation,1.8635544219964791e-09,4.2380749321683543e-05,1.212365734398488e-14,0.0009580578189343214,2.7338555810274556e-06,0,0,0,1,1,1,-4.8827249338482003e-14,24
100,0.0025249999362131348,0,bent,0,0,4294967295,4294967295,1,10,0.99779951572418213,0,0,0,0.99779958150724257,1.0029729421448252,3.965628173681783e-06,1.3341116011142731,-0.032772689126431942,0.79149796068668365,0.02494356620213389,relaxation,3.965628173681783e-06,0.0020791049375647767,3.9479672281861497e-11,0.15370965003967285,2.873778430512175e-05,0,0,0,1,1,1,-4.8827249338482003e-14,24
100,0.0025249999362131348,1,held_reference,0,0,4294967295,4294967295,1,8,0.99999940395355225,0,0,0,0.99999948655191329,1.0000001878946678,1.8635544219964791e-09,0.0033418265115869872,-0.0032227724295808002,-2.6381863165170216e-05,-2.4721164150332728e-07,relaxation,1.8635544219964791e-09,4.2758661994053785e-05,1.1807799990248588e-14,0.0009580578189343214,2.6435191102791578e-06,0,0,0,1,1,1,-4.8827249338482003e-14,24
101,0.0025499999355815817,0,bent,0,0,4294967295,4294967295,1,10,0.9978412389755249,0,0,0,0.99784118964116819,1.0029116118733021,3.8894228155960908e-06,1.3992708921432495,-0.036429592029890046,0.76391117088496685,0.024192241176128389,relaxation,3.8894228155960908e-06,0.0030514787009871731,8.5738324467276985e-11,0.15273420512676239,2.8660313546424732e-05,0,0,0,1,1,1,-4.8827249338482003e-14,24
101,0.0025499999355815817,1,held_reference,0,0,4294967295,4294967295,1,8,0.99999940395355225,0,0,0,0.99999948648099779,1.0000002241987087,1.8635544219964791e-09,0.0033418265365980915,-0.001807115797419101,-2.6392266931907216e-05,-2.4721593589220038e-07,relaxation,1.8635544219964791e-09,4.4174640013362261e-05,1.2142934152844749e-14,0.0009580578189343214,2.6703523872129153e-06,0,0,0,1,1,1,-4.8827249338482003e-14,24
102,0.0025749999349500285,0,bent,0,0,4294967295,4294967295,1,10,0.99786883592605591,0,0,0,0.99786883495978473,1.0028619918369135,3.8417755924958325e-06,1.2692836076021194,-0.036565048852935433,0.76999151334166527,0.024093322301730516,relaxation,3.8417755924958325e-06,0.0019217924749501186,3.4867311116365678e-11,0.14735651016235352,2.9335713406908326e-05,0,0,0,1,1,1,-4.8827249338482003e-14,24
102,0.0025749999349500285,1,held_reference,0,0,4294967295,4294967295,1,8,0.99999940395355225,0,0,0,0.99999948639029268,1.0000002241999328,1.8635544219964791e-09,0.0033418264447391266,-0.0014100876287557185,-2.6512981264659174e-05,-2.472642717057174e-07,relaxation,1.8635544219964791e-09,4.1380418658249609e-05,1.1819080498239507e-14,0.0009580578189343214,2.6526795409154147e-06,0,0,0,1,1,1,-4.8827249338482003e-14,24
103,0.0025999999343184754,0,bent,0,0,4294967295,4294967295,1,10,0.99790793657302856,0,0,0,0.99790786593215619,1.002804598347848,3.7757546062980919e-06,1.2504271231591702,-0.035594271699665114,0.76002636179327965,0.023559047787252811,relaxation,3.7757546062980919e-06,0.0026472340519483983,6.5292092917699795e-11,0.1466861218214035,2.7508411221788265e-05,0,0,0,1,1,1,-4.8827249338482003e-14,24
103,0.0025999999343184754,1,held_reference,0,0,4294967295,4294967295,1,8,0.99999940395355225,0,0,0,0.99999948641023784,1.0000001846023818,1.8635544219964791e-09,0.0033418264488318528,-0.00152878652443178,-2.6495860595332488e-05,-2.4725719726348013e-07,relaxation,1.8635544219964791e-09,4.4231596464699657e-05,1.171015862555151e-14,0.0009580578189343214,2.7743249120248947e-06,0,0,0,1,1,1,-4.8827249338482003e-14,24
104,0.0026249999336869223,0,bent,0,0,4294967295,4294967295,1,10,0.99793654680252075,0,0,0,0.99793663447831393,1.0027657419527132,3.7223260731862121e-06,1.2198888286948204,-0.034513120339397574,0.74371495842933655,0.023225990539945663,relaxation,3.7223260731862121e-06,0.0021441572295333626,4.4071631453655239e-11,0.14261323213577271,2.960595338663552e-05,0,0,0,1,1,1,-4.8827249338482003e-14,24
104,0.0026249999336869223,1,held_reference,0,0,4294967295,4294967295,1,7,0.99999940395355225,0,0,0,0.99999948642112912,1.0000002240941313,1.8635544219964791e-09,0.0033416375767956197,-0.0016748550988268107,-3.2550693958910415e-05,-2.4687916530956559e-07,relaxation,1.8635544219964791e-09,4.2700787381140134e-05,9.8490777737351009e-15,0.0009580578189343214,2.621552994241938e-06,0,0,0,1,1,1,-4.8827249338482003e-14,24
105,0.0026499999330553692,0,bent,0,0,4294967295,4294967295,1,10,0.99797213077545166,0,0,0,0.99797200378988171,1.0027145943897013,3.6617329784430508e-06,1.1533175706863403,-0.024702670707483776,0.73581703007221222,0.022852945303916929,relaxation,3.6617329784430508e-06,0.0024019026522454747,5.5590891785811943e-11,0.14025901257991791,2.6956828151014633e-05,0,0,0,1,1,1,-4.8827249338482003e-14,24
105,0.0026499999330553692,1,held_reference,0,0,4294967295,4294967295,1,8,0.99999940395355225,0,0,0,0.99999948632921931,1.0000002242461097,1.8635544219964791e-09,0.0033418264799820463,-0.0032056038617156446,-2.5000355662996299e-05,-2.4665929413436123e-07,relaxation,1.8635544219964791e-09,4.4114371166295939e-05,1.1564621792452612e-14,0.0009580578189343214,2.7127323392051039e-06,0,0,0,1,1,1,-4.8827249338482003e-14,24
106,0.0026749999324238161,0,bent,0,0,4294967295,4294967295,1,10,0.99799811840057373,0,0,0,0.99799812634266072,1.0026789529036386,3.6156478290259043e-06,1.0999762341380119,-0.025567761182173854,0.72687851078808308,0.022465026009507477,relaxation,3.6156478290259043e-06,0.0018652853640677466,3.5004913573230847e-11,0.13964366912841797,2.6206313123111613e-05,0,0,0,1,1,1,-4.8827249338482003e-14,24
106,0.0026749999324238161,1,held_reference,0,0,4294967295,4294967295,1,7,0.99999940395355225,0,0,0,0.9999994858397554,1.0000002241506887,1.8635544219964791e-09,0.0033418265902582789,-0.0017206745396833867,-2.5792076087327587e-05,-2.469758573734003e-07,relaxation,1.8635544219964791e-09,4.1942900367904439e-05,9.84426304612009e-15,0.0009580578189343214,2.7151181711815298e-06,0,0,0,1,1,1,-4.8827249338482003e-14,24
107,0.0026999999317922629,0,bent,0,0,4294967295,4294967295,1,10,0.99802535772323608,0,0,0,0.99802539308380622,1.0026270213048696,3.557152758159758e-06,1.1705623902380466,-0.025283592607593164,0.71149399317800999,0.022174296395178882,relaxation,3.557152758159758e-06,0.0023675447499407289,5.64537004340704e-11,0.13419285416603088,2.8483709684223868e-05,0,0,0,1,1,1,-4.8827249338482003e-14,24
107,0.0026999999317922629,1,held_reference,0,0,4294967295,4294967295,1,7,0.99999940395355225,0,0,0,0.99999948573962438,1.0000002241287507,1.8635544219964791e-09,0.0033418264392821584,-0.0030462032300420105,-2.6010527278685913e-05,-2.4706328239972224e-07,relaxation,1.8635544219964791e-09,4.4248683907331816e-05,1.0007394716429057e-14,0.0009580578189343214,2.6494906251173234e-06,0,0,0,1,1,1,-4.8827249338482003e-14,24
108,0.0027249999311607098,0,bent,0,0,4294967295,4294967295,1,10,0.99805164337158203,0,0,0,0.99805174806970209,1.0025967052980809,3.5109261734034715e-06,1.0450421422719955,-0.026237801270326599,0.71038367506116629,0.021835798437073822,relaxation,3.5109261734034715e-06,0.0018476708305396768,3.477115166427687e-11,0.13294194638729095,2.5098333935602568e-05,0,0,0,1,1,1,-4.8827249338482003e-14,24
108,0.0027249999311607098,1,held_reference,0,0,4294967295,4294967295,1,8,0.99999940395355225,0,0,0,0.99999948604541866,1.0000002242554022,1.8896961773151588e-09,0.0033418263967632811,-0.0017479418602306396,-2.6124414205241919e-05,-2.4710887488731761e-07,relaxation,1.8896961773151588e-09,4.1290535545427306e-05,1.1789855414749517e-14,0.0009580578189343214,2.7196301743970253e-06,0,0,0,1,1,1,-4.8827249338482003e-14,24
109,0.0027499999305291567,0,bent,0,0,4294967295,4294967295,1,10,0.99807745218276978,0,0,0,0.99807743279839756,1.0025606647979783,3.4667965188952531e-06,1.1070316098630428,-0.026196790829999372,0.69358987268060446,0.021487483381841331,relaxation,3.4667965188952531e-06,0.0017418352955588467,3.2037121656291449e-11,0.13049566745758057,2.6278627046849579e-05,0,0,0,1,1,1,-4.8827249338482003e-14,24
109,0.0027499999305291567,1,held_reference,0,0,4294967295,4294967295,1,7,0.99999940395355225,0,0,0,0.99999948569728603,1.0000002241623489,1.8635544219964791e-09,0.0033418265006730508,-0.00297250208677724,-2.6195952273155854e-05,-2.4713734181023081e-07,relaxation,1.8635544219964791e-09,4.2949939276032357e-05,9.794876721019763e-15,0.0009580578189343214,2.7129076443088707e-06,0,0,0,1,1,1,-4.8827249338482003e-14,24
110,0.0027749999298976036,0,bent,0,0,4294967295,4294967295,1,10,0.99809908866882324,0,0,0,0.99809895536666393,1.0025378204858562,3.4294789712288374e-06,1.0851274207234383,-0.026031592540675774,0.6903441296890378,0.021275030642084775,relaxation,3.4294789712288374e-06,0.0015185868095838626,2.4838785466247818e-11,0.12967732548713684,2.5536635803291574e-05,0,0,0,1,1,1,-4.8827249338482003e-14,24
110,0.0027749999298976036,1,held_reference,0,0,4294967295,4294967295,1,7,0.99999940395355225,0,0,0,0.9999994856094786,1.0000002241333859,1.8635544219964791e-09,0.0033418265466025332,-0.0011890656896866858,-2.6358238699231151e-05,-2.4720233884181671e-07,relaxation,1.8635544219964791e-09,4.214249267243226e-05,9.9670737596996071e-15,0.0009580578189343214,2.6400957722216845e-06,0,0,0,1,1,1,-4.8827249338482003e-14,24
111,0.0027999999292660505,0,bent,0,0,4294967295,4294967295,1,10,0.99811822175979614,0,0,0,0.99811829729456947,1.0024997451171895,3.3813438286509163e-06,1.0142153277993202,-0.025210522901033983,0.67858379520475864,0.020941250424884258,relaxation,3.3813438286509163e-06,0.0019081944735904028,3.8580910658067361e-11,0.12717895209789276,2.6540412363829091e-05,0,0,0,1,1,1,-4.8827249338482003e-14,24
111,0.0027999999292660505,1,held_reference,0,0,4294967295,4294967295,1,8,0.99999940395355225,0,0,0,0.99999948595111632,1.0000002242765631,1.8635544219964791e-09,0.0033418263724342978,-0.0013829295930918306,-2.6414755552650604e-05,-2.4722483025334492e-07,relaxation,1.8635544219964791e-09,4.4003984312670731e-05,1.1443133448756385e-14,0.0009580578189343214,2.7247904199612094e-06,0,0,0,1,1,1,-4.8827249338482003e-14,24
112,0.0028249999286344973,0,bent,0,0,4294967295,4294967295,1,10,0.99813556671142578,0,0,0,0.99813560519177946,1.0024786336123366,3.3424707292209111e-06,0.93925340101122856,-0.028677144699031487,0.67837584484368563,0.020646263056803494,relaxation,3.3424707292209111e-06,0.0015665329343545311,2.680257087320839e-11,0.12655608355998993,2.5784602257772349e-05,0,0,0,1,1,1,-4.8827249338482003e-14,24
112,0.0028249999286344973,1,held_reference,0,0,4294967295,4294967295,1,7,0.99999940395355225,0,0,0,0.99999948568961439,1.0000001867215058,1.8635544219964791e-09,0.0033418264479223581,-0.0015396903618238866,-2.6521863617290364e-05,-2.4726782377319974e-07,relaxation,1.8635544219964791e-09,4.1899860779900205e-05,9.9442403005055115e-15,0.0009580578189343214,2.6598818294587545e-06,0,0,0,1,1,1,-4.8827249338482003e-14,24
113,0.0028499999280029442,0,bent,0,0,4294967295,4294967295,1,10,0.99815404415130615,0,0,0,0.99815415688225217,1.0024431930217743,3.2970975340999828e-06,1.0278714410960674,-0.026802527951076627,0.66243629157543182,0.020419313557077202,relaxation,3.2970975340999828e-06,0.0018317011595977628,3.7191530485489957e-11,0.12295206636190414,2.5655528588686138e-05,0,0,0,1,1,1,-4.8827249338482003e-14,24
113,0.0028499999280029442,1,held_reference,0,0,4294967295,4294967295,1,8,0.99999940395355225,0,0,0,0.99999948561086083,1.0000001846023818,1.8635544219964791e-09,0.0033418264811189147,-0.0030779419757891446,-2.654886912978327e-05,-2.4727858264032013e-07,relaxation,1.8635544219964791e-09,4.4383140509401679e-05,1.1534547598029152e-14,0.0009580578189343214,2.6708469249570044e-06,0,0,0,1,1,1,-4.8827249338482003e-14,24
114,0.0028749999273713911,0,bent,0,0,4294967295,4294967295,1,10,0.99816548824310303,0,0,0,0.99816556481238772,1.0024227126749459,3.2643605090560044e-06,0.91486511006951332,-0.028271553193917498,0.65786800812929869,0.020222035029973839,relaxation,3.2643605090560044e-06,0.0013232667159723795,1.9771853851112218e-11,0.12295220047235489,2.708945976337418e-05,0,0,0,1,1,1,-4.8827249338482003e-14,24
114,0.0028749999273713911,1,held_reference,0,0,4294967295,4294967295,1,7,0.99999940395355225,0,0,0,0.99999948589881371,1.0000002241636423,1.8791144196228515e-09,0.0033416375908927876,-0.0015939746226649731,-3.2636626031035121e-05,-2.4691332150632692e-07,relaxation,1.8791144196228515e-09,4.1413682130026758e-05,1.0084933001161607e-14,0.0009580578189343214,2.6444829472893616e-06,0,0,0,1,1,1,-4.8827249338482003e-14,24
115,0.002899999926739838,0,bent,0,0,4294967295,4294967295,1,10,0.99818986654281616,0,0,0,0.99818988680943976,1.0023942071174758,3.2284665853230765e-06,0.90481659024953842,-0.028975695255212486,0.65066140424460173,0.019902429084219034,relaxation,3.2284665853230765e-06,0.001448517409413645,2.379104196720784e-11,0.12124371528625488,2.4733395548537374e-05,0,0,0,1,1,1,-4.8827249338482003e-14,24
115,0.002899999926739838,1,held_reference,0,0,4294967295,4294967295,1,8,0.99999940395355225,0,0,0,0.99999948570046127,1.0000002242572341,1.8724934935931969e-09,0.0033418264256397379,-0.0030738064670003951,-2.5150671319806861e-05,-2.4671931863304113e-07,relaxation,1.8724934935931969e-09,3.4087674027457682e-05,1.1323544089445985e-14,0.0009580578189343214,2.6966308723785914e-06,0,0,0,1,1,1,-4.8827249338482003e-14,24
116,0.0029249999261082849,0,bent,0,0,4294967295,4294967295,1,10,0.99820637702941895,0,0,0,0.99820636983314392,1.0023670877212876,3.1929268766413903e-06,0.95729345828294754,-0.029040732770226896,0.6384667856618762,0.019662026036135857,relaxation,3.1929268766413903e-06,0.001435855578915825,2.3847498553354795e-11,0.11973180621862411,2.494018008292187e-05,0,0,0,1,1,1,-4.8827249338482003e-14,24
116,0.0029249999261082849,1,held_reference,0,0,4294967295,4294967295,1,7,0.99999940395355225,0,0,0,0.99999948552509055,1.0000001846023818,1.8635544219964791e-09,0.003341826455653063,-0.0011884974665008485,-2.5976315100706415e-05,-2.4704961538554972e-07,relaxation,1.8635544219964791e-09,4.0752664022547104e-05,9.8356134084496673e-15,0.0009580578189343214,2.6837089990294771e-06,0,0,0,1,1,1,-4.8827249338482003e-14,24
117,0.0029499999254767317,0,bent,0,0,4294967295,4294967295,1,10,0.99821639060974121,0,0,0,0.99821634796324843,1.0023505978476386,3.1598367663657412e-06,0.86397469788789749,-0.028708920057397336,0.63489461503922939,0.019503595033757388,relaxation,3.1598367663657412e-06,0.0013369172106468766,2.103268715240957e-11,0.11763133108615875,2.6846109903999604e-05,0,0,0,1,1,1,-4.8827249338482003e-14,24
117,0.0029499999254767317,1,held_reference,0,0,4294967295,4294967295,1,7,0.99999940395355225,0,0,0,0.99999948584011622,1.0000001846023818,1.8696300063680837e-09,0.0033418264447391266,-0.0011667275102809072,-2.6194102986210055e-05,-2.4713671046083654e-07,relaxation,1.8696300063680837e-09,3.9290926231196706e-05,1.0100354597943148e-14,0.0009580578189343214,2.6940149382426171e-06,0,0,0,1,1,1,-4.8827249338482003e-14,24
118,0.0029749999248451786,0,bent,0,0,4294967295,4294967295,1,10,0.99823391437530518,0,0,0,0.9982338947548336,1.0023263314184521,3.1299045225224978e-06,0.93177053332328796,-0.028243096836376935,0.62081551738083363,0.019295383713930848,relaxation,3.1299045225224978e-06,0.0012106703414535899,1.7330631347071206e-11,0.11723323166370392,2.4620307158329524e-05,0,0,0,1,1,1,-4.8827249338482003e-14,24
118,0.0029749999248451786,1,held_reference,0,0,4294967295,4294967295,1,7,0.99999940395355225,0,0,0,0.99999948552981455,1.0000001846023818,1.9242891724502442e-09,0.0033418264586089208,-0.0014490496832877398,-2.6305912626867212e-05,-2.4718134013642176e-07,relaxation,1.9242891724502442e-09,4.0001260350305556e-05,9.5838975968712063e-15,0.0009580578189343214,2.6616091872710967e-06,0,0,0,1,1,1,-4.8827249338482003e-14,24
119,0.0029999999242136255,0,bent,0,0,4294967295,4294967295,1,10,0.99825257062911987,0,0,0,0.9982526223220588,1.0023079856456045,3.0969919795789495e-06,0.90070496872067451,-0.029028994060354307,0.6236693887040019,0.019020541767191139,relaxation,3.0969919795789495e-06,0.0013406461780226453,2.1186210624363144e-11,0.11539179086685181,2.4534458134439774e-05,0,0,0,1,1,1,-4.8827249338482003e-14,24
119,0.0029999999242136255,1,held_reference,0,0,4294967295,4294967295,1,7,0.99999940395355225,0,0,0,0.99999948551520401,1.0000001846023818,1.8896086917408184e-09,0.0033416376268178283,-0.0028513104771263897,-3.2660294834840897e-05,-2.4692298261243199e-07,relaxation,1.8896086917408184e-09,3.928103522042289e-05,1.0401241487194305e-14,0.0009580578189343214,2.7050937205785885e-06,0,0,0,1,1,1,-4.8827249338482003e-14,24
120,0.0030249999235820724,0,bent,0,0,4294967295,4294967295,1,10,0.99825888872146606,0,0,0,0.99825890347550816,1.0022861151323708,3.0691508213776242e-06,0.81668919324874878,-0.02853529539424926,0.62045103497803211,0.01885054906833172,relaxation,3.0691508213776242e-06,0.0011567154468412246,1.5695767395077468e-11,0.11371484398841858,2.5494020519545302e-05,0,0,0,1,1,1,-4.8827249338482003e-14,24
120,0.0030249999235820724,1,held_reference,0,0,4294967295,4294967295,1,8,0.99999940395355225,0,0,0,0.99999948557969132,1.0000001846023818,1.8635544219964791e-09,0.0033418264310967061,-0.0016028794052544981,-2.4971212610580551e-05,-2.4664708810723869e-07,relaxation,1.8635544219964791e-09,4.048882004946757e-05,1.1515372186621136e-14,0.0009580578189343214,2.6940542738884687e-06,0,0,0,1,1,1,-4.8827249338482003e-14,24
121,0.0030499999229505192,0,bent,0,0,4294967295,4294967295,1,10,0.99827194213867188,0,0,0,0.99827200269113181,1.0022638572129234,3.0390425733996697e-06,0.86211329698562622,-0.02870174465351738,0.6011479152366519,0.018609956296026704,relaxation,3.0390425733996697e-06,0.0012399178204447387,1.8547785519398311e-11,0.1128784641623497,2.4538921934436075e-05,0,0,0,1,1,1,-4.8827249338482003e-14,24
121,0.0030499999229505192,1,held_reference,0,0,4294967295,4294967295,1,7,0.99999940395355225,0,0,0,0.99999948587572662,1.0000001846023818,1.8635544219964791e-09,0.0033418263110434054,-0.0028500914631877095,-2.5784742661016935e-05,-2.4697295284022424e-07,relaxation,1.8635544219964791e-09,3.8936832571014892e-05,1.0486907938898003e-14,0.0009580578189343214,2.6458044430910377e-06,0,0,0,1,1,1,-4.8827249338482003e-14,24
122,0.0030749999223189661,0,bent,0,0,4294967295,4294967295,1,10,0.99829024076461792,0,0,0,0.9982902874017664,1.0022442925259303,3.0120930114644952e-06,0.79406667873263359,-0.028525035479106009,0.59494724962860346,0.018417442798364908,relaxation,3.0120930114644952e-06,0.0011190573176891093,1.5227163864380876e-11,0.11197394877672195,2.473481981724035e-05,0,0,0,1,1,1,-4.8827249338482003e-14,24
122,0.0030749999223189661,1,held_reference,0,0,4294967295,4294967295,1,7,0.99999940395355225,0,0,0,0.99999948558338281,1.0000001846023818,1.8635544219964791e-09,0.003341826437463169,-0.0010804651246871799,-2.6062917186209233e-05,-2.4708410135826896e-07,relaxation,1.8635544219964791e-09,4.0101697866588838e-05,1.0008334194354348e-14,0.0009580578189343214,2.658720177350915e-06,0,0,0,1,1,1,-4.8827249338482003e-14,24
123,0.003099999921687413,0,bent,0,0,4294967295,4294967295,1,10,0.99829840660095215,0,0,0,0.99829847996879784,1.0022359113586676,2.9879476281187868e-06,0.85536304861307144,-0.028783437213860452,0.59686989244073629,0.018288229540191592,relaxation,2.9879476281187868e-06,0.00097460368122242688,1.1706162349107818e-11,0.11148398369550705,2.2350061044562608e-05,0,0,0,1,1,1,-4.8827249338482003e-14,24
123,0.003099999921687413,1,held_reference,0,0,4294967295,4294967295,1,7,0.99999940395355225,0,0,0,0.99999948544134087,1.0000001846023818,1.8635544219964791e-09,0.0033418265466025332,-0.0010724497260525823,-2.6201185164609342e-05,-2.4713939101093338e-07,relaxation,1.8635544219964791e-09,3.9175713906199893e-05,1.006963500135824e-14,0.0009580578189343214,2.7022651920560747e-06,0,0,0,1,1,1,-4.8827249338482003e-14,24
124,0.0031249999210558599,0,bent,0,0,4294967295,4294967295,1,10,0.99831545352935791,0,0,0,0.99831554571338277,1.0022163742115848,2.9601073954599169e-06,0.83541413396596909,-0.028972288680961356,0.58161442633718252,0.018100123244084419,relaxation,2.9601073954599169e-06,0.0011408797616213467,1.6697242007585445e-11,0.10918793827295303,2.3600716303917579e-05,0,0,0,1,1,1,-4.8827249338482003e-14,24
124,0.0031249999210558599,1,held_reference,0,0,4294967295,4294967295,1,7,0.99999940395355225,0,0,0,0.9999994857635941,1.0000001846023818,1.9056787259330576e-09,0.0033418264288229693,-0.0013703281583730131,-2.6306525114705437e-05,-2.4718177279328346e-07,relaxation,1.9056787259330576e-09,4.0833755092578111e-05,9.8689938120353459e-15,0.0009580578189343214,2.5594397357053822e-06,0,0,0,1,1,1,-4.8827249338482003e-14,24
125,0.0031499999204243068,0,bent,0,0,4294967295,4294967295,1,10,0.99833130836486816,0,0,0,0.99833125514012577,1.0021967952152233,2.9328042362068558e-06,0.78860019892454147,-0.029010400670813397,0.58276545070111752,0.017929321849174801,relaxation,2.9328042362068558e-06,0.0011698360784246867,1.6260384264415268e-11,0.10835498571395874,2.3778600734658539e-05,0,0,0,1,1,1,-4.8827249338482003e-14,24
125,0.0031499999204243068,1,held_reference,0,0,4294967295,4294967295,1,8,0.99999940395355225,0,0,0,0.99999948553543783,1.0000002299537836,1.8660664125036419e-09,0.0033418264583815471,-0.0029393714794423431,-2.6379507346518949e-05,-2.4721091946776187e-07,relaxation,1.8660664125036419e-09,3.8343820747823975e-05,1.1784534525785405e-14,0.0009580578189343214,2.716176595640718e-06,0,0,0,1,1,1,-4.8827249338482003e-14,24
126,0.0031749999197927536,0,bent,0,0,4294967295,4294967295,1,10,0.99834263324737549,0,0,0,0.99834254602995698,1.0021869436359254,2.9077698692212783e-06,0.76990248262882233,-0.028598982229596004,0.58431473933160305,0.017871465007647871,relaxation,2.9077698692212783e-06,0.0010691431859404666,1.4144597218398239e-11,0.10755111277103424,2.2841139070806094e-05,0,0,0,1,1,1,-4.8827249338482003e-14,24
126,0.0031749999197927536,1,held_reference,0,0,4294967295,4294967295,1,7,0.99999940395355225,0,0,0,0.99999948549932782,1.0000001846023818,1.8635544219964791e-09,0.0033416376895729627,-0.0014753421710338444,-3.2572031557265291e-05,-2.468876799571267e-07,relaxation,1.8635544219964791e-09,4.0941861692662855e-05,9.9627400937655406e-15,0.0009580578189343214,2.6733900995168369e-06,0,0,0,1,1,1,-4.8827249338482003e-14,24
127,0.0031999999191612005,0,bent,0,0,4294967295,4294967295,1,10,0.99835741519927979,0,0,0,0.99835743656634712,1.0021694772859198,2.8799267861119986e-06,0.79145490005612373,-0.02946232573594898,0.56875890400260687,0.017516233390938486,relaxation,2.8799267861119986e-06,0.0011734231006095626,1.7891464327007994e-11,0.10684799402952194,2.3037271603243425e-05,0,0,0,1,1,1,-4.8827249338482003e-14,24
127,0.0031999999191612005,1,held_reference,0,0,4294967295,4294967295,1,7,0.99999940395355225,0,0,0,0.99999948549041273,1.0000001846023818,1.8635544219964791e-09,0.0033418264010833809,-0.0012053388636559248,-2.5372721268013265e-05,-2.4680796718348619e-07,relaxation,1.8635544219964791e-09,3.9093544993046806e-05,1.0190896373911918e-14,0.0009580578189343214,2.623293084980105e-06,0,0,0,1,1,1,-4.8827249338482003e-14,24
128,0.0032249999185296474,0,bent,0,0,4294967295,4294967295,1,10,0.99837875366210938,0,0,0,0.9983787315962076,1.0021500449401346,2.855967077134423e-06,0.76292562484741211,-0.02942730684299022,0.56332559185102582,0.017415822431921954,relaxation,2.855967077134423e-06,0.00099697128545490963,1.2916335495506852e-11,0.10496523976325989,2.4102850147755817e-05,0,0,0,1,1,1,-4.8827249338482003e-14,24
128,0.0032249999185296474,1,held_reference,0,0,4294967295,4294967295,1,7,0.99999940395355225,0,0,0,0.99999948579810538,1.0000001846023818,1.8635544219964791e-09,0.0033418264124520647,-0.0011642253375612199,-2.6067490750847355e-05,-2.4708610603056575e-07,relaxation,1.8635544219964791e-09,4.13456488946517e-05,1.0275099236019154e-14,0.0009580578189343214,2.6911070563073736e-06,0,0,0,1,1,1,-4.8827249338482003e-14,24
129,0.0032499999178980943,0,bent,0,0,4294967295,4294967295,1,10,0.99838471412658691,0,0,0,0.99838466188367214,1.002136384602663,2.8363523442944803e-06,0.75089151784777641,-0.029069400814478286,0.55349233653396368,0.017279773789215833,relaxation,2.8363523442944803e-06,0.00083517357853216915,9.1961010965959363e-12,0.10444850474596024,2.502271490811836e-05,0,0,0,1,1,1,-4.8827249338482003e-14,24
129,0.0032499999178980943,1,held_reference,0,0,4294967295,4294967295,1,7,0.99999940395355225,0,0,0,0.99999948552711115,1.0000001846023818,1.8635544219964791e-09,0.0033418264308693324,-0.0014368383854161948,-2.6263349468536035e-05,-2.4716415618854656e-07,relaxation,1.8635544219964791e-09,3.8962118632763488e-05,9.8466082927249563e-15,0.0009580578189343214,2.6637021619535517e-06,0,0,0,1,1,1,-4.8827249338482003e-14,24
130,0.0032749999172665412,0,bent,0,0,4294967295,4294967295,1,10,0.99840128421783447,0,0,0,0.99840131385590114,1.0021278926076704,2.8118596142507213e-06,0.71464135497808456,-0.02879033368662931,0.55645025940611959,0.017087764848269522,relaxation,2.8118596142507213e-06,0.001053309861281539,1.4320680379332928e-11,0.1028468906879425,2.3884809706942178e-05,0,0,0,1,1,1,-4.8827249338482003e-14,24
130,0.0032749999172665412,1,held_reference,0,0,4294967295,4294967295,1,7,0.99999940395355225,0,0,0,0.99999948539647676,1.0000001846023818,1.8735453188867268e-09,0.0033416375945307664,-0.0028264919819775969,-3.2443732607134734e-05,-2.4683640549665193e-07,relaxation,1.8735453188867268e-09,4.0923423361650154e-05,9.7994950600274453e-15,0.0009580578189343214,2.619860651975614e-06,0,0,0,1,1,1,-4.8827249338482003e-14,24
131,0.003299999916634988,0,bent,0,0,4294967295,4294967295,1,10,0.99841588735580444,0,0,0,0.99841586172085905,1.0021132864935396,2.7910550740004194e-06,0.67357811331748962,-0.028443988805520348,0.55456451047211885,0.016996216314047574,relaxation,2.7910550740004194e-06,0.0008564624572102717,9.835223130484871e-12,0.10392960906028748,2.3340500774793327e-05,0,0,0,1,1,1,-4.8827249338482003e-14,24
131,0.003299999916634988,1,held_reference,0,0,4294967295,4294967295,1,7,0.99999940395355225,0,0,0,0.99999948573816999,1.0000001846023818,1.8635544219964791e-09,0.0033418264453075608,-0.0014593848027288914,-2.5220970485406724e-05,-2.467474653263938e-07,relaxation,1.8635544219964791e-09,3.9117032545170394e-05,1.0170894475691097e-14,0.0009580578189343214,2.6822342533705523e-06,0,0,0,1,1,1,-4.8827249338482003e-14,24
132,0.0033249999160034349,0,bent,0,0,4294967295,4294967295,1,10,0.99842041730880737,0,0,0,0.99842045719992978,1.0020999844833816,2.7686446203269201e-06,0.74993031471967697,-0.028618117532460019,0.54025042895227671,0.016780803321786227,relaxation,2.7686446203269201e-06,0.00097250917957936894,1.2330749322347621e-11,0.10242851078510284,2.3973167117219418e-05,0,0,0,1,1,1,-4.8827249338482003e-14,24
132,0.0033249999160034349,1,held_reference,0,0,4294967295,4294967295,1,7,0.99999940395355225,0,0,0,0.99999948549701301,1.0000001846023818,1.8635544219964791e-09,0.0033418263556086458,-0.0011898691300302744,-2.597861515596378e-05,-2.4705033489226527e-07,relaxation,1.8635544219964791e-09,4.0911304274111774e-05,1.0042297292467013e-14,0.0009580578189343214,2.6897739644482499e-06,0,0,0,1,1,1,-4.8827249338482003e-14,24
133,0.0033499999153718818,0,bent,0,0,4294967295,4294967295,1,10,0.99843680858612061,0,0,0,0.99843679164799859,1.002086269519435,2.7501078207422856e-06,0.73097360134124756,-0.028841945371823385,0.53820531629025936,0.016736574876070026,relaxation,2.7501078207422856e-06,0.00077563826322498645,8.2594365050882951e-12,0.10217901319265366,2.2793456082581542e-05,0,0,0,1,1,1,-4.8827249338482003e-14,24
133,0.0033499999153718818,1,held_reference,0,0,4294967295,4294967295,1,7,0.99999940395355225,0,0,0,0.99999948541184225,1.0000001846023818,1.8635544219964791e-09,0.0033416377164030564,-0.0011446611897554249,-3.2275827322791883e-05,-2.4676891868966807e-07,relaxation,1.8635544219964791e-09,3.9106074105471218e-05,1.0178653905289068e-14,0.0009580578189343214,2.5855065359792206e-06,0,0,0,1,1,1,-4.8827249338482003e-14,24
134,0.0033749999147403287,0,bent,0,0,4294967295,4294967295,1,10,0.99845314025878906,0,0,0,0.99845316265056028,1.0020800313590683,2.7287746854071425e-06,0.66033387184143066,-0.029842139745596796,0.53739891154691577,0.01652678032666445,relaxation,2.7287746854071425e-06,0.00090211598165044647,1.0853116624549332e-11,0.1001398116350174,2.2576768969884142e-05,0,0,0,1,1,1,-4.8827249338482003e-14,24
134,0.0033749999147403287,1,held_reference,0,0,4294967295,4294967295,1,7,0.99999940395355225,0,0,0,0.9999994857596306,1.0000001846023818,1.9085582003697255e-09,0.0033418265047657769,-0.0014129020273685455,-2.5096062699958566e-05,-2.4669738633565459e-07,relaxation,1.9085582003697255e-09,4.1354926643051026e-05,9.6860368279979054e-15,0.0009580578189343214,2.6717520995589439e-06,0,0,0,1,1,1,-4.8827249338482003e-14,24
135,0.0033999999141087756,0,bent,0,0,4294967295,4294967295,1,10,0.99846011400222778,0,0,0,0.99846006803838472,1.002062981201036,2.7065439291017692e-06,0.67597274482250214,-0.027781269977822376,0.52699657436460257,0.016346618535354733,relaxation,2.7065439291017692e-06,0.00096374263353160626,1.2750689081707389e-11,0.098484896123409271,2.2507172616315074e-05,0,0,0,1,1,1,-4.8827249338482003e-14,24
135,0.0033999999141087756,1,held_reference,0,0,4294967295,4294967295,1,7,0.99999940395355225,0,0,0,0.99999948547765627,1.0000001846023818,1.8635544219964791e-09,0.0033418264551983157,-0.0028063239296898246,-2.5778316853575234e-05,-2.4697031743062332e-07,relaxation,1.8635544219964791e-09,3.8914239094775222e-05,1.0058524858172144e-14,0.0009580578189343214,2.675079940672731e-06,0,0,0,1,1,1,-4.8827249338482003e-14,24
136,0.0034249999134772224,0,bent,0,0,4294967295,4294967295,1,10,0.99847447872161865,0,0,0,0.99847446455092426,1.0020483554788435,2.6897360219332494e-06,0.7038675993680954,-0.027648643561406061,0.51699612243101001,0.016300813385084274,relaxation,2.6897360219332494e-06,0.00075769465700333959,7.869046561253679e-12,0.098283968865871429,2.1876056052860804e-05,0,0,0,1,1,1,-4.8827249338482003e-14,24
136,0.0034249999134772224,1,held_reference,0,0,4294967295,4294967295,1,7,0.99999940395355225,0,0,0,0.99999948545952633,1.0000001846023818,1.8635544219964791e-09,0.0033418263673183901,-0.0014401976368390024,-2.6026953150903864e-05,-2.470698117548412e-07,relaxation,1.8635544219964791e-09,4.0174319569663936e-05,9.7046682724405695e-15,0.0009580578189343214,2.5666572582849767e-06,0,0,0,1,1,1,-4.8827249338482003e-14,24
137,0.0034499999128456693,0,bent,0,0,4294967295,4294967295,1,10,0.99848920106887817,0,0,0,0.99848929733417213,1.0020356248293651,2.6691244285939891e-06,0.67485747486352921,-0.027790974359959364,0.51554806157946587,0.01603382660945505,relaxation,2.6691244285939891e-06,0.0008811813282205024,1.0569767455942787e-11,0.096891060471534729,2.2170082957018167e-05,0,0,0,1,1,1,-4.8827249338482003e-14,24
137,0.0034499999128456693,1,held_reference,0,0,4294967295,4294967295,1,8,0.99999940395355225,0,0,0,0.99999948556055662,1.0000001846023818,1.8635544219964791e-09,0.0033416375899832929,-0.0011638481810223311,-3.2336726917492342e-05,-2.4679349940743184e-07,relaxation,1.8635544219964791e-09,3.9402110726683247e-05,1.1564225790133317e-14,0.0009580578189343214,2.6841573799174512e-06,0,0,0,1,1,1,-4.8827249338482003e-14,24
138,0.0034749999122141162,0,bent,0,0,4294967295,4294967295,1,10,0.99849587678909302,0,0,0,0.99849582033527118,1.0020247397612054,2.6505393666199245e-06,0.65174757316708565,-0.028083469384000637,0.51595068699680269,0.01599059075326845,relaxation,2.6505393666199245e-06,0.00085271890544120468,9.9552188634339962e-12,0.096461541950702667,2.2042764612706378e-05,0,0,0,1,1,1,-4.8827249338482003e-14,24
138,0.0034749999122141162,1,held_reference,0,0,4294967295,4294967295,1,8,0.99999940395355225,0,0,0,0.99999948591890875,1.000000267797593,1.8635544219964791e-09,0.0033418264501960948,-0.001403201837092638,-2.4999704521633248e-05,-2.466588577517546e-07,relaxation,1.8635544219964791e-09,4.0384775072695781e-05,1.1723956936114945e-14,0.0009580578189343214,2.6931350021186518e-06,0,0,0,1,1,1,-4.8827249338482003e-14,24
139,0.0034999999115825631,0,bent,0,0,4294967295,4294967295,1,10,0.99850666522979736,0,0,0,0.99850667803173199,1.0020222659225944,2.6367345399263204e-06,0.61616824939846992,-0.027761383127653971,0.51814924646168947,0.015867446994852277,relaxation,2.6367345399263204e-06,0.00073147783683387955,7.4859917666102014e-12,0.09553653746843338,2.3405102183460258e-05,0,0,0,1,1,1,-4.8827249338482003e-14,24
139,0.0034999999115825631,1,held_reference,0,0,4294967295,4294967295,1,7,0.99999940395355225,0,0,0,0.99999948564601604,1.0000001846023818,1.8635544219964791e-09,0.0033418264861211355,-0.0028566651162691414,-2.5869920534660196e-05,-2.4700688397751986e-07,relaxation,1.8635544219964791e-09,3.9919537805207108e-05,1.0214062339600577e-14,0.0009580578189343214,2.5705116968310904e-06,0,0,0,1,1,1,-4.8827249338482003e-14,24
140,0.00352499991095101,0,bent,0,0,4294967295,4294967295,1,10,0.99852168560028076,0,0,0,0.99852169695060122,1.0020047329886905,2.6191294742925457e-06,0.6313355565071106,-0.027809803232230479,0.50717100477777421,0.015686942543089392,relaxation,2.6191294742925457e-06,0.0009480439516898957,1.2620193788438566e-11,0.095307029783725739,2.3891627279226668e-05,0,0,0,1,1,1,-4.8827249338482003e-14,24
140,0.00352499991095101,1,held_reference,0,0,4294967295,4294967295,1,7,0.99999940395355225,0,0,0,0.9999994854952422,1.000000267797593,1.878728062010282e-09,0.0033418263913063129,-0.0015404934965772554,-2.6149208679271396e-05,-2.47118660351817e-07,relaxation,1.878728062010282e-09,4.0870063260073957e-05,9.9722755393784041e-15,0.0009580578189343214,2.6928316856356105e-06,0,0,0,1,1,1,-4.8827249338482003e-14,24
141,0.0035499999103194568,0,bent,0,0,4294967295,4294967295,1,10,0.9985346794128418,0,0,0,0.99853462705852403,1.0019895820329099,2.6023588592282227e-06,0.63562001660466194,-0.027807694394141436,0.50131955579854548,0.015530205165904018,relaxation,2.6023588592282227e-06,0.00088758715704753027,1.0773491348248055e-11,0.093670152127742767,2.3136746676755138e-05,0,0,0,1,1,1,-4.8827249338482003e-14,24
141,0.0035499999103194568,1,held_reference,0,0,4294967295,4294967295,1,7,0.99999940395355225,0,0,0,0.99999948580789755,1.0000001846023818,1.8664969569925915e-09,0.0033416375015349331,-0.0029108127055224031,-3.2382990127644007e-05,-2.4681193796436724e-07,relaxation,1.8664969569925915e-09,4.0036024659764147e-05,9.9069057814212645e-15,0.0009580578189343214,2.614722006910597e-06,0,0,0,1,1,1,-4.8827249338482003e-14,24
142,0.0035749999096879037,0,bent,0,0,4294967295,4294967295,1,10,0.99855124950408936,0,0,0,0.9985512572717522,1.0019777239737035,2.5873891387502334e-06,0.64212920516729355,-0.028105329518439248,0.49200339033268392,0.015353871373690667,relaxation,2.5873891387502334e-06,0.00081220626517515473,9.5951512215429564e-12,0.092668846249580383,2.1709845896111801e-05,0,0,0,1,1,1,-4.8827249338482003e-14,24
142,0.0035749999096879037,1,held_reference,0,0,4294967295,4294967295,1,7,0.99999940395355225,0,0,0,0.99999948551325557,1.0000001846023818,1.9248804772331596e-09,0.0033418264767988148,-0.001520198245998472,-2.5229822142591729e-05,-2.4675095525458383e-07,relaxation,1.9248804772331596e-09,4.1253107858894362e-05,9.6672012195709768e-15,0.0009580578189343214,2.6250684186379658e-06,0,0,0,1,1,1,-4.8827249338482003e-14,24
143,0.0035999999090563506,0,bent,0,0,4294967295,4294967295,1,10,0.99855971336364746,0,0,0,0.99855979172437148,1.0019670682286843,2.5750537496853856e-06,0.64367072656750679,-0.028402098687365651,0.48546139267273247,0.015273390472840516,relaxation,2.5750537496853856e-06,0.00067138966087623242,6.5034709770919249e-12,0.09254862368106842,2.1421685232780874e-05,0,0,0,1,1,1,-4.8827249338482003e-14,24
143,0.0035999999090563506,1,held_reference,0,0,4294967295,4294967295,1,7,0.99999940395355225,0,0,0,0.9999994854915174,1.0000001846023818,1.9212851309902135e-09,0.0033418263119529001,-0.0028647781873587519,-2.59915078117956e-05,-2.4705565178283017e-07,relaxation,1.9212851309902135e-09,3.9301391035458065e-05,1.0230466723615486e-14,0.0009580578189343214,2.6889197215496097e-06,0,0,0,1,1,1,-4.8827249338482003e-14,24
