rigid_source_rest_frames=passed source_body_count=103 maximum_COM_position_residual_m=6.26739049493e-08 maximum_orientation_unit_witness_residual_m=1.05692510994e-07 allowed_rest_reconstruction_residual_m=1e-06 rigid_sha256=2c78cb4150b97cea6e8169dad9e8f5dd59af667b247e07b56e48e857435560e4 boundary=consumed_reference_frame_join_not_source_authentication_or_loaded_motion
resting_mass_calibration source_composite_kg=97.1319506911 declared_reference_kg=72 executed_kg=71.9999993989 uniform_mass_inertia_scale=0.741259694099 measured_person=false additional_organ_or_blood_mass_kg=0
bone_orientation_semantics=unit_normalized_once_at_load bone_count=185 maximum_raw_norm_error=5.96046447754e-08 norm_admission_tolerance=0.00200000009499 bone_sha256=7d94e2f28ac6cea30c6c11a79919077acc40281636eb20b11b50b50aebd3ec49
tendon_bone_geometry=checked_bodyparts_subset bodyparts_envelope_count=160 fixed_sibling_envelope_count=0 external_surface_unverified_count=0 maximum_node_residual_m=2.77883934062e-07 allowed_point_residual_m=1e-06 tendon_sha256=52819336540a36621b60bd03b5084bd1d300ed2971673cfd0ccdb7eecfcb52b5 bone_sha256=7d94e2f28ac6cea30c6c11a79919077acc40281636eb20b11b50b50aebd3ec49 rigid_sha256=2c78cb4150b97cea6e8169dad9e8f5dd59af667b247e07b56e48e857435560e4 boundary=consumed_rest_surface_binding_not_loaded_or_clinical_qualification
tendon_payload=NHTENDON2 tendon_endpoints=832 tendon_point_bindings=672 tendon_triangle_bindings=0 tendon_envelope_bindings=160 tendon_migrated_envelope_bindings=0 tendon_max_reference_path_delta_m=0 tendon_max_architecture_scale_change=0 tendon_muscle_payload_sha256=e5bb8a8168706bb3b23cf42b1d849659569ba2e6027bcc85729c3110fdbb8c4b tendon_geometry_identity_verified=true tendon_bone_payload_sha256=7d94e2f28ac6cea30c6c11a79919077acc40281636eb20b11b50b50aebd3ec49
joint_equality_payload=NHEQ1 joint_equalities=51
pose_joint_ranges=passed enabled_range_count=118 failed_range_count=0 rigid_sha256=2c78cb4150b97cea6e8169dad9e8f5dd59af667b247e07b56e48e857435560e4 equality_sha256=0e3c593792a8c4ccd619f1999f6685b68e6ff0fd5ae5f6f0bca66b594a0e9b88 bone_sha256=7d94e2f28ac6cea30c6c11a79919077acc40281636eb20b11b50b50aebd3ec49 boundary=consumed_enabled_native_limits_after_NHEQ_projection_not_disabled_source_limits_or_loaded_motion
pose_q_override_count=0 root_pose_override=1 pose_q_equality_maximum_correction=0.0105060003698
runtime=Numi Matter runtime initialized with eligible dense45 vascular solve device=Apple M4 Pro world_fingerprint=6434571789366693551 timestep_s=0.00200000009499
resting_body_source_fingerprint=2345854527065296080 coupled_program_fingerprint=7931675693865756625
resting_passive_viscera=shared_torso_pelvis_field source_surfaces=80 caudal_m=-0.397011578083 cranial_m=-0.259147137403 upper_body=20 lower_body=128 independent_forces=false independent_mass=false organ_physiology=false
resting_lung_motion=basal_superior_sweep_v1 blend_start_m=-0.052405 blend_span_m=0.06 effective_area_m2=0.0193540051613
resting_initial_anatomical_registration={"body_poses":[{"body_index":20,"position_m":[-0.025000007823109627,-0.44271242618560791,0.096546053886413574],"quaternion_xyzw":[0.0061705871485173702,-0.70707988739013672,-0.0061705652624368668,0.70707988739013672]},{"body_index":128,"position_m":[-0.025055751204490662,-0.83042281866073608,0.11920696496963501],"quaternion_xyzw":[0.0058914260007441044,-0.70680069923400879,-0.005886733066290617,0.7073637843132019]}],"coordinate_source":"source pack transformed by native initialBodies before physical stepping","surfaces":[{"role":"upper_visceral_anchor","semantic":51010,"source_body_index":20,"stable_id":2,"torso_local_max_m":[0.1489698737859726,-0.06762242317199707,0.029034055769443512],"torso_local_min_m":[0.035220548510551453,-0.18552298843860626,-0.10646510124206543]},{"role":"upper_visceral_anchor","semantic":51010,"source_body_index":20,"stable_id":3,"torso_local_max_m":[0.10061360895633698,-0.14701209962368011,0.048131499439477921],"torso_local_min_m":[0.049258694052696228,-0.22131331264972687,-0.073365472257137299]},{"role":"upper_visceral_anchor","semantic":51010,"source_body_index":20,"stable_id":4,"torso_local_max_m":[0.065826825797557831,-0.15392428636550903,0.088104061782360077],"torso_local_min_m":[0.018313027918338776,-0.25914710760116577,0.030521268025040627]},{"role":"upper_visceral_anchor","semantic":51010,"source_body_index":20,"stable_id":5,"torso_local_max_m":[0.054068014025688171,-0.1345781683921814,-0.033227771520614624],"torso_local_min_m":[0.013165432959794998,-0.24133054912090302,-0.091208852827548981]},{"role":"upper_visceral_anchor","semantic":51010,"source_body_index":20,"stable_id":13,"torso_local_max_m":[0.095457650721073151,-0.10293921083211899,-0.056195467710494995],"torso_local_min_m":[-0.00033182650804519653,-0.17370373010635376,-0.11487260460853577]},{"role":"upper_visceral_anchor","semantic":51010,"source_body_index":20,"stable_id":14,"torso_local_max_m":[0.094544753432273865,-0.055873673409223557,0.033946555107831955],"torso_local_min_m":[0.058444060385227203,-0.13125307857990265,-0.011481210589408875]},{"role":"upper_visceral_anchor","semantic":51010,"source_body_index":20,"stable_id":15,"torso_local_max_m":[0.15468204021453857,-0.051299087703227997,-0.0026821792125701904],"torso_local_min_m":[0.045374639332294464,-0.10517608374357224,-0.095222979784011841]},{"role":"upper_visceral_anchor","semantic":51010,"source_body_index":20,"stable_id":16,"torso_local_max_m":[0.15707412362098694,-0.071360647678375244,0.0014663934707641602],"torso_local_min_m":[0.07356831431388855,-0.138477623462677,-0.074144557118415833]},{"role":"upper_visceral_anchor","semantic":51010,"source_body_index":20,"stable_id":17,"torso_local_max_m":[0.15518583357334137,-0.04497130960226059,0.046523258090019226],"torso_local_min_m":[0.074793577194213867,-0.16443367302417755,-0.011679999530315399]},{"role":"upper_visceral_anchor","semantic":51010,"source_body_index":20,"stable_id":18,"torso_local_max_m":[0.15332278609275818,-0.10873293876647949,0.10524313896894455],"torso_local_min_m":[0.06183064728975296,-0.17893320322036743,0.026367701590061188]},{"role":"upper_visceral_anchor","semantic":51010,"source_body_index":20,"stable_id":19,"torso_local_max_m":[0.11932293325662613,-0.11438564956188202,0.11530916392803192],"torso_local_min_m":[-0.0020214840769767761,-0.19753372669219971,0.021444413810968399]},{"role":"upper_visceral_anchor","semantic":51010,"source_body_index":20,"stable_id":20,"torso_local_max_m":[0.11958994716405869,-0.11408335715532303,0.11550363898277283],"torso_local_min_m":[-0.0022704675793647766,-0.19755388796329498,0.021117139607667923]},{"role":"upper_visceral_anchor","semantic":51010,"source_body_index":20,"stable_id":21,"torso_local_max_m":[0.10608795285224915,-0.049535799771547318,0.11580190062522888],"torso_local_min_m":[-0.0032210424542427063,-0.13487040996551514,0.020207773894071579]},{"role":"upper_visceral_anchor","semantic":51010,"source_body_index":20,"stable_id":22,"torso_local_max_m":[0.15336306393146515,-0.041172627359628677,0.11002320796251297],"torso_local_min_m":[0.02455456554889679,-0.11670317500829697,0.017514020204544067]},{"role":"upper_visceral_anchor","semantic":51010,"source_body_index":20,"stable_id":461,"torso_local_max_m":[0.13303953409194946,-0.13353027403354645,0.063625447452068329],"torso_local_min_m":[0.084262087941169739,-0.17424784600734711,0.026906765997409821]},{"role":"pelvic_anchor","semantic":51010,"source_body_index":20,"stable_id":462,"torso_local_max_m":[0.08233652263879776,-0.39701157808303833,0.034268602728843689],"torso_local_min_m":[0.010075983591377735,-0.43757495284080505,-0.033010013401508331]},{"role":"pelvic_anchor","semantic":51010,"source_body_index":20,"stable_id":463,"torso_local_max_m":[0.050315443426370621,-0.4348473846912384,0.01782398484647274],"torso_local_min_m":[0.018116317689418793,-0.4553583562374115,-0.016720972955226898]}],"torso_body_index":20}
resting_support_geometry=full_registered_skin vertices=54949 regions=32 full_binding_count=86 region_sizes=[6907,1222,2796,2044,1525,1394,710,777,1891,1262,810,832,890,483,1328,1266,835,700,870,3097,4320,2043,1882,579,1199,1219,962,632,868,3302,4308,1996] force_owner=exi2026-10-05 23:08:23.430 numi-human-native[38127:16088080] +[NSXPCSharedListener endpointForReply:withListenerName:replyErrorCode:]: an error occurred while attempting to obtain endpoint for listener 'ClientCallsAuxiliary': Connection interrupted
2026-10-05 23:08:23.501 numi-human-native[38127:16088080] Human native framebuffer output: recording; window drawable unavailable
sting_metal_stand partition=source_rest_voronoi
resting_initialization=dynamic_release recruitment_activation_cap=0.01 normalized_residual_rms=101.4427227 maximum_acceleration_residual=576.867872555 balanced=false qualification=initialization_transient_not_static_equilibrium
compiled_support_geometry=admissible compiled_support_min_gap_m=-1.38777878078e-17 compiled_support_gap_tolerance_m=1e-06 compiled_support_activation_distance_m=0.002 compiled_support_separated_witnesses=31 compiled_support_max_separated_force_n=0 compiled_support_rejected_pose_candidates=0
human_stand_solver_path=split_candidate
resting_integrated_rejection=pass rejected_after_accepted_predecessor=true body_q_v_root_myo_unchanged=true circulation_and_clock_unchanged=true respiration_brain_history_unchanged=true retry_matches_uninterrupted_replay=true same_command_buffer_reject=pass accepted_prefix=2 rejected_step=2 inert_suffix=1
resting_native_profile step=32 command_ms=515.667791 gpu_ms=515.062875114 host_copy_ms=0.00625 full_state_readback=0
accepted_geometry_export=/Users/n/numi-human-resting-evidence-20261005/dynamic-release-native-024/accepted-geometry/step-31.mrvpack receipt=/Users/n/numi-human-resting-evidence-20261005/dynamic-release-native-024/accepted-geometry/step-31.receipt.json accepted_root=0x46a544736472e15b pack_sha256=15a2ecb044724930bbd63a9d897d426d436cd88c5fc9b4eae6ac77bd941ea30a receipt_sha256=c6f2dabe6a980a34b2abe98406fe0a0224b90cf13d4a314981c7af611a224e28
resting_native_profile step=64 command_ms=559.708959 gpu_ms=559.259207919 host_copy_ms=0.00675 full_state_readback=0
resting_native_profile step=96 command_ms=549.269917 gpu_ms=548.733041622 host_copy_ms=0.006208 full_state_readback=0
resting_native_profile step=128 command_ms=544.691542 gpu_ms=544.154999778 host_copy_ms=0.007208 full_state_readback=0
resting_native_profile step=160 command_ms=544.084417 gpu_ms=543.548375368 host_copy_ms=0.008583 full_state_readback=0
resting_native_profile step=192 command_ms=540.075083 gpu_ms=539.508583024 host_copy_ms=0.005667 full_state_readback=0
resting_native_profile step=224 command_ms=528.655667 gpu_ms=528.120500036 host_copy_ms=0.006125 full_state_readback=0
resting_native_profile step=256 command_ms=534.075959 gpu_ms=533.521374688 host_copy_ms=0.009083 full_state_readback=0
resting_native_profile step=288 command_ms=549.19175 gpu_ms=548.612750135 host_copy_ms=0.006958 full_state_readback=0
resting_native_profile step=320 command_ms=569.986208 gpu_ms=569.389583543 host_copy_ms=0.005417 full_state_readback=0
resting_native_profile step=352 command_ms=562.805958 gpu_ms=562.243250199 host_copy_ms=0.005459 full_state_readback=0
resting_native_profile step=384 command_ms=580.790791 gpu_ms=580.253750086 host_copy_ms=0.0055 full_state_readback=0
resting_native_profile step=416 command_ms=549.855875 gpu_ms=549.294750206 host_copy_ms=0.005542 full_state_readback=0
resting_native_profile step=448 command_ms=542.923666 gpu_ms=542.255000211 host_copy_ms=0.005459 full_state_readback=0
resting_native_profile step=480 command_ms=542.166375 gpu_ms=541.538749821 host_copy_ms=0.005291 full_state_readback=0
resting_native_profile step=512 command_ms=543.969791 gpu_ms=543.411208317 host_copy_ms=0.004959 full_state_readback=0
resting_native_profile step=544 command_ms=543.775791 gpu_ms=543.309875764 host_copy_ms=0.005292 full_state_readback=0
resting_native_profile step=576 command_ms=543.714041 gpu_ms=543.180124834 host_copy_ms=0.0085 full_state_readback=0
resting_native_profile step=608 command_ms=543.180833 gpu_ms=542.581957765 host_copy_ms=0.007167 full_state_readback=0
resting_native_profile step=640 command_ms=543.866166 gpu_ms=543.319166638 host_copy_ms=0.005667 full_state_readback=0
accepted_geometry_export=/Users/n/numi-human-resting-evidence-20261005/dynamic-release-native-024/accepted-geometry/step-639.mrvpack receipt=/Users/n/numi-human-resting-evidence-20261005/dynamic-release-native-024/accepted-geometry/step-639.receipt.json accepted_root=0x826a2f01b49c5fbb pack_sha256=fa68b9f6264f1c886de7337a53b6d7d7eab4183eab2f5632c69b1a2499712f4a receipt_sha256=4a431d5534679aa73ee9938a9edc736bb4dfc0f2d944f5113024774477845600
resting_native_profile step=672 command_ms=554.442708 gpu_ms=554.016041569 host_copy_ms=2.562875 full_state_readback=0
resting_native_profile step=704 command_ms=542.948833 gpu_ms=542.778500356 host_copy_ms=0.005833 full_state_readback=0
resting_native_profile step=736 command_ms=542.856875 gpu_ms=542.229124345 host_copy_ms=0.007375 full_state_readback=0
resting_native_profile step=768 command_ms=543.012292 gpu_ms=542.480750009 host_copy_ms=0.005916 full_state_readback=0
resting_native_profile step=800 command_ms=542.672959 gpu_ms=542.159166187 host_copy_ms=0.007125 full_state_readback=0
resting_native_profile step=832 command_ms=541.8045 gpu_ms=541.267666034 host_copy_ms=0.006 full_state_readback=0
resting_native_profile step=864 command_ms=541.476708 gpu_ms=540.869249962 host_copy_ms=0.006292 full_state_readback=0
resting_native_profile step=896 command_ms=539.652 gpu_ms=539.123750292 host_copy_ms=0.005334 full_state_readback=0
resting_native_profile step=928 command_ms=535.910708 gpu_ms=535.315916874 host_copy_ms=0.006125 full_state_readback=0
resting_native_profile step=960 command_ms=533.089041 gpu_ms=532.788583077 host_copy_ms=0.005542 full_state_readback=0
resting_native_profile step=992 command_ms=533.207709 gpu_ms=532.589792274 host_copy_ms=0.006125 full_state_readback=0
resting_native_profile step=1024 command_ms=532.567334 gpu_ms=532.010749914 host_copy_ms=0.006166 full_state_readback=0
resting_native_profile step=1056 command_ms=533.36575 gpu_ms=532.810457982 host_copy_ms=0.005208 full_state_readback=0
resting_native_profile step=1088 command_ms=533.247292 gpu_ms=532.719249837 host_copy_ms=0.005958 full_state_readback=0
resting_native_profile step=1120 command_ms=535.152875 gpu_ms=534.524374641 host_copy_ms=0.006166 full_state_readback=0
resting_native_profile step=1152 command_ms=540.125958 gpu_ms=539.586500265 host_copy_ms=0.008042 full_state_readback=0
resting_native_profile step=1184 command_ms=545.986417 gpu_ms=545.409915969 host_copy_ms=0.006542 full_state_readback=0
resting_native_profile step=1216 command_ms=545.354167 gpu_ms=544.779459015 host_copy_ms=3.865625 full_state_readback=0
resting_native_profile step=1248 command_ms=545.756458 gpu_ms=545.223250054 host_copy_ms=0.00575 full_state_readback=0
resting_native_profile step=1280 command_ms=545.403584 gpu_ms=544.758750126 host_copy_ms=0.006166 full_state_readback=0
resting_native_profile step=1312 command_ms=545.503333 gpu_ms=544.979333878 host_copy_ms=0.007375 full_state_readback=0
resting_native_profile step=1344 command_ms=546.166667 gpu_ms=545.883041807 host_copy_ms=0.010875 full_state_readback=0
resting_native_profile step=1376 command_ms=546.224334 gpu_ms=545.57829164 host_copy_ms=0.007625 full_state_readback=0
resting_native_profile step=1408 command_ms=546.172375 gpu_ms=545.627625659 host_copy_ms=0.008458 full_state_readback=0
resting_native_profile step=1440 command_ms=545.630542 gpu_ms=545.046917163 host_copy_ms=0.00825 full_state_readback=0
resting_native_profile step=1472 command_ms=545.334459 gpu_ms=545.154791325 host_copy_ms=0.007958 full_state_readback=0
resting_native_profile step=1504 command_ms=546.570333 gpu_ms=546.006125398 host_copy_ms=0.006875 full_state_readback=0
resting_native_profile step=1536 command_ms=545.65675 gpu_ms=545.092333108 host_copy_ms=0.007583 full_state_readback=0
resting_native_profile step=1568 command_ms=545.615042 gpu_ms=544.999082573 host_copy_ms=0.007333 full_state_readback=0
resting_native_profile step=1600 command_ms=545.750875 gpu_ms=545.138250105 host_copy_ms=0.008875 full_state_readback=0
resting_native_profile step=1632 command_ms=545.25375 gpu_ms=544.631291181 host_copy_ms=0.008333 full_state_readback=0
resting_native_profile step=1664 command_ms=544.988209 gpu_ms=544.347791001 host_copy_ms=0.0095 full_state_readback=0
resting_native_profile step=1696 command_ms=546.54275 gpu_ms=545.900708064 host_copy_ms=0.010875 full_state_readback=0
resting_native_profile step=1728 command_ms=547.116875 gpu_ms=546.498999931 host_copy_ms=0.009042 full_state_readback=0
resting_native_profile step=1760 command_ms=546.797667 gpu_ms=546.133249998 host_copy_ms=0.012708 full_state_readback=0
resting_native_profile step=1792 command_ms=546.292459 gpu_ms=545.644874685 host_copy_ms=0.009375 full_state_readback=0
resting_native_profile step=1824 command_ms=545.461041 gpu_ms=544.793374836 host_copy_ms=0.009834 full_state_readback=0
resting_native_profile step=1856 command_ms=544.633625 gpu_ms=544.016249478 host_copy_ms=0.008375 full_state_readback=0
resting_native_profile step=1888 command_ms=544.542833 gpu_ms=544.120499864 host_copy_ms=0.008334 full_state_readback=0
resting_native_profile step=1920 command_ms=544.928666 gpu_ms=544.292707928 host_copy_ms=0.008834 full_state_readback=0
resting_native_profile step=1952 command_ms=545.062667 gpu_ms=544.398750179 host_copy_ms=0.010041 full_state_readback=0
resting_native_profile step=1984 command_ms=544.577541 gpu_ms=543.926416896 host_copy_ms=0.008459 full_state_readback=0
resting_native_profile step=2016 command_ms=544.809625 gpu_ms=544.199875556 host_copy_ms=0.007834 full_state_readback=0
resting_native_profile step=2048 command_ms=545.604625 gpu_ms=544.96912472 host_copy_ms=0.009125 full_state_readback=0
resting_native_profile step=2080 command_ms=545.510209 gpu_ms=544.874874875 host_copy_ms=0.008166 full_state_readback=0
resting_native_profile step=2112 command_ms=545.83575 gpu_ms=545.216250233 host_copy_ms=0.010125 full_state_readback=0
resting_native_profile step=2144 command_ms=544.464166 gpu_ms=544.178874232 host_copy_ms=0.00925 full_state_readback=0
resting_native_profile step=2176 command_ms=543.776167 gpu_ms=543.199624866 host_copy_ms=0.009 full_state_readback=0
resting_native_profile step=2208 command_ms=544.253375 gpu_ms=543.62920858 host_copy_ms=0.008375 full_state_readback=0
resting_native_profile step=2240 command_ms=544.318 gpu_ms=543.715000153 host_copy_ms=0.006959 full_state_readback=0
resting_native_profile step=2272 command_ms=544.724959 gpu_ms=544.174833223 host_copy_ms=0.007916 full_state_readback=0
resting_native_profile step=2304 command_ms=544.327333 gpu_ms=543.790625408 host_copy_ms=0.010292 full_state_readback=0
resting_native_profile step=2336 command_ms=544.168084 gpu_ms=543.547375128 host_copy_ms=0.008541 full_state_readback=0
resting_native_profile step=2368 command_ms=543.662209 gpu_ms=543.090958148 host_copy_ms=0.007875 full_state_readback=0
resting_native_profile step=2400 command_ms=544.024708 gpu_ms=543.440500274 host_copy_ms=0.00775 full_state_readback=0
resting_native_profile step=2432 command_ms=543.969291 gpu_ms=543.323500082 host_copy_ms=0.006084 full_state_readback=0
resting_native_profile step=2464 command_ms=543.362 gpu_ms=542.820625007 host_copy_ms=0.007334 full_state_readback=0
resting_native_profile step=2496 command_ms=543.068375 gpu_ms=542.459624819 host_copy_ms=0.007167 full_state_readback=0
resting_native_profile step=2528 command_ms=542.687791 gpu_ms=542.08062496 host_copy_ms=0.009042 full_state_readback=0
resting_native_profile step=2560 command_ms=542.68825 gpu_ms=542.067291215 host_copy_ms=0.007875 full_state_readback=0
resting_native_profile step=2592 command_ms=542.63975 gpu_ms=542.085457593 host_copy_ms=0.008083 full_state_readback=0
resting_native_profile step=2624 command_ms=546.020625 gpu_ms=545.493874699 host_copy_ms=0.006208 full_state_readback=0
resting_native_profile step=2656 command_ms=550.501333 gpu_ms=549.918500707 host_copy_ms=0.006958 full_state_readback=0
resting_native_profile step=2688 command_ms=551.095792 gpu_ms=550.505583175 host_copy_ms=0.008583 full_state_readback=0
resting_native_profile step=2720 command_ms=551.206667 gpu_ms=550.601874478 host_copy_ms=0.009 full_state_readback=0
resting_native_profile step=2752 command_ms=550.852083 gpu_ms=550.275250338 host_copy_ms=0.008125 full_state_readback=0
resting_native_profile step=2784 command_ms=551.596625 gpu_ms=551.06225051 host_copy_ms=0.007416 full_state_readback=0
accepted_geometry_export=/Users/n/numi-human-resting-evidence-20261005/dynamic-release-native-024/accepted-geometry/step-2783.mrvpack receipt=/Users/n/numi-human-resting-evidence-20261005/dynamic-release-native-024/accepted-geometry/step-2783.receipt.json accepted_root=0x9306be8bc4cd0f9b pack_sha256=ccd06e616a7892aaa0eda74ae29a3cb45ee7e0d490d8909bdc525d49212f0036 receipt_sha256=06bfc394975ebaaeb0b179aeff8a5ad5544b75fe9fd09c3e4e6e8c42ec2ee883
resting_native_profile step=2816 command_ms=560.202792 gpu_ms=559.953166172 host_copy_ms=0.012625 full_state_readback=0
resting_native_profile step=2848 command_ms=551.882833 gpu_ms=551.33870896 host_copy_ms=0.007875 full_state_readback=0
resting_native_profile step=2880 command_ms=550.945917 gpu_ms=550.320999697 host_copy_ms=0.006583 full_state_readback=0
resting_native_profile step=2912 command_ms=551.865667 gpu_ms=551.221374422 host_copy_ms=0.008167 full_state_readback=0
resting_native_profile step=2944 command_ms=551.325666 gpu_ms=550.76620914 host_copy_ms=0.007542 full_state_readback=0
resting_native_profile step=2976 command_ms=551.270333 gpu_ms=550.630999729 host_copy_ms=0.007917 full_state_readback=0
resting_native_profile step=3008 command_ms=551.477167 gpu_ms=550.919999368 host_copy_ms=0.006875 full_state_readback=0
resting_native_profile step=3040 command_ms=551.24675 gpu_ms=550.649916753 host_copy_ms=0.007166 full_state_readback=0
resting_native_profile step=3072 command_ms=551.860041 gpu_ms=551.667749882 host_copy_ms=0.006584 full_state_readback=0
resting_native_profile step=3104 command_ms=551.631375 gpu_ms=551.065875217 host_copy_ms=0.007458 full_state_readback=0
resting_native_profile step=3136 command_ms=551.924708 gpu_ms=551.3406666 host_copy_ms=0.007417 full_state_readback=0
resting_native_profile step=3168 command_ms=551.467334 gpu_ms=550.894125365 host_copy_ms=0.008666 full_state_readback=0
resting_native_profile step=3200 command_ms=552.451417 gpu_ms=551.917666569 host_copy_ms=0.006667 full_state_readback=0
accepted_geometry_export=/Users/n/numi-human-resting-evidence-20261005/dynamic-release-native-024/accepted-geometry/step-3199.mrvpack receipt=/Users/n/numi-human-resting-evidence-20261005/dynamic-release-native-024/accepted-geometry/step-3199.receipt.json accepted_root=0x7928edf8adb36dbb pack_sha256=f1ecc7ad8ca70f12e21565941c558beabed65e8cedf60303fb14f2ad62e96044 receipt_sha256=e5681a334f3f23da3a22224267ebd1c8313befacda8c1e2acd1890f72b10fc20
resting_native_profile step=3232 command_ms=568.09675 gpu_ms=567.596250214 host_copy_ms=0.019209 full_state_readback=0
resting_native_profile step=3264 command_ms=558.950583 gpu_ms=558.326624334 host_copy_ms=0.013208 full_state_readback=0
resting_native_profile step=3296 command_ms=558.330917 gpu_ms=557.744250633 host_copy_ms=0.0125 full_state_readback=0
resting_native_profile step=3328 command_ms=559.028084 gpu_ms=558.48162435 host_copy_ms=0.011916 full_state_readback=0
resting_native_profile step=3360 command_ms=557.694083 gpu_ms=557.088125497 host_copy_ms=0.007084 full_state_readback=0
resting_native_profile step=3392 command_ms=551.988541 gpu_ms=551.437958144 host_copy_ms=0.007625 full_state_readback=0
resting_native_profile step=3424 command_ms=552.491792 gpu_ms=551.870749332 host_copy_ms=0.007208 full_state_readback=0
resting_native_profile step=3456 command_ms=551.499541 gpu_ms=550.971666351 host_copy_ms=0.007375 full_state_readback=0
resting_native_profile step=3488 command_ms=551.660542 gpu_ms=551.116875373 host_copy_ms=0.007 full_state_readback=0
resting_native_profile step=3520 command_ms=552.2665 gpu_ms=551.732875407 host_copy_ms=0.006625 full_state_readback=0
resting_native_profile step=3552 command_ms=552.146917 gpu_ms=551.54120829 host_copy_ms=0.008625 full_state_readback=0
resting_native_profile step=3584 command_ms=551.409084 gpu_ms=551.200624555 host_copy_ms=0.007583 full_state_readback=0
resting_native_profile step=3616 command_ms=551.764917 gpu_ms=551.206832752 host_copy_ms=0.006917 full_state_readback=0
resting_native_profile step=3648 command_ms=551.974083 gpu_ms=551.328334026 host_copy_ms=0.007792 full_state_readback=0
resting_native_profile step=3680 command_ms=551.736833 gpu_ms=551.494834013 host_copy_ms=0.00775 full_state_readback=0
resting_native_profile step=3712 command_ms=552.110291 gpu_ms=551.572249271 host_copy_ms=0.006917 full_state_readback=0
resting_native_profile step=3744 command_ms=552.693959 gpu_ms=552.086958662 host_copy_ms=0.008625 full_state_readback=0
resting_native_profile step=3776 command_ms=551.789875 gpu_ms=551.232375205 host_copy_ms=0.0085 full_state_readback=0
resting_native_profile step=3808 command_ms=552.348625 gpu_ms=551.783625036 host_copy_ms=0.007417 full_state_readback=0
resting_native_profile step=3840 command_ms=552.446916 gpu_ms=551.830291748 host_copy_ms=0.010375 full_state_readback=0
resting_native_profile step=3872 command_ms=552.228125 gpu_ms=551.919500344 host_copy_ms=0.006792 full_state_readback=0
resting_native_profile step=3904 command_ms=552.157 gpu_ms=551.572499797 host_copy_ms=0.008709 full_state_readback=0
resting_native_profile step=3936 command_ms=552.503584 gpu_ms=551.877750084 host_copy_ms=0.007375 full_state_readback=0
resting_native_profile step=3968 command_ms=552.636959 gpu_ms=552.249250002 host_copy_ms=0.006375 full_state_readback=0
resting_native_profile step=4000 command_ms=553.072291 gpu_ms=552.462124266 host_copy_ms=0.007042 full_state_readback=0
resting_native_profile step=4032 command_ms=552.678708 gpu_ms=552.050124854 host_copy_ms=0.0085 full_state_readback=0
resting_native_profile step=4064 command_ms=552.03375 gpu_ms=551.855041645 host_copy_ms=0.008 full_state_readback=0
resting_native_profile step=4096 command_ms=552.994792 gpu_ms=552.434999496 host_copy_ms=0.00825 full_state_readback=0
resting_native_profile step=4128 command_ms=553.004958 gpu_ms=552.376333624 host_copy_ms=0.006958 full_state_readback=0
resting_native_profile step=4160 command_ms=553.698958 gpu_ms=553.120083176 host_copy_ms=0.008208 full_state_readback=0
resting_native_profile step=4192 command_ms=553.401416 gpu_ms=552.762666717 host_copy_ms=0.007167 full_state_readback=0
resting_native_profile step=4224 command_ms=552.582958 gpu_ms=552.393834107 host_copy_ms=0.006833 full_state_readback=0
resting_native_profile step=4256 command_ms=553.353583 gpu_ms=552.798457444 host_copy_ms=0.007792 full_state_readback=0
resting_native_profile step=4288 command_ms=552.565584 gpu_ms=551.927958615 host_copy_ms=0.008875 full_state_readback=0
resting_native_profile step=4320 command_ms=552.945375 gpu_ms=552.383000031 host_copy_ms=0.007584 full_state_readback=0
resting_native_profile step=4352 command_ms=553.123292 gpu_ms=552.484416403 host_copy_ms=0.00775 full_state_readback=0
resting_native_profile step=4384 command_ms=553.848709 gpu_ms=553.313500248 host_copy_ms=0.009708 full_state_readback=0
resting_native_profile step=4416 command_ms=554.123125 gpu_ms=553.567334078 host_copy_ms=0.008458 full_state_readback=0
resting_native_profile step=4448 command_ms=553.986208 gpu_ms=553.423583508 host_copy_ms=0.007042 full_state_readback=0
resting_native_profile step=4480 command_ms=553.932625 gpu_ms=553.399000317 host_copy_ms=0.008709 full_state_readback=0
resting_native_profile step=4512 command_ms=553.022 gpu_ms=552.439167164 host_copy_ms=0.006 full_state_readback=0
resting_native_profile step=4544 command_ms=553.9535 gpu_ms=553.47366631 host_copy_ms=0.006 full_state_readback=0
resting_native_profile step=4576 command_ms=554.553625 gpu_ms=553.954125382 host_copy_ms=0.006709 full_state_readback=0
resting_native_profile step=4608 command_ms=553.396 gpu_ms=552.844207734 host_copy_ms=0.006542 full_state_readback=0
resting_native_profile step=4640 command_ms=553.1445 gpu_ms=552.535916679 host_copy_ms=0.005708 full_state_readback=0
resting_native_profile step=4672 command_ms=553.690375 gpu_ms=553.088874556 host_copy_ms=0.007708 full_state_readback=0
resting_native_profile step=4704 command_ms=553.288541 gpu_ms=553.106000647 host_copy_ms=0.0065 full_state_readback=0
resting_native_profile step=4736 command_ms=554.072792 gpu_ms=553.508750163 host_copy_ms=0.006417 full_state_readback=0
resting_native_profile step=4768 command_ms=553.959083 gpu_ms=553.404166363 host_copy_ms=0.005667 full_state_readback=0
resting_native_profile step=4800 command_ms=554.592708 gpu_ms=554.06479165 host_copy_ms=0.009125 full_state_readback=0
resting_native_profile step=4832 command_ms=555.875667 gpu_ms=555.648624897 host_copy_ms=0.006833 full_state_readback=0
resting_native_profile step=4864 command_ms=555.657625 gpu_ms=555.091375485 host_copy_ms=0.006542 full_state_readback=0
resting_native_profile step=4896 command_ms=555.060625 gpu_ms=554.497083649 host_copy_ms=0.006417 full_state_readback=0
resting_native_profile step=4928 command_ms=554.141583 gpu_ms=553.519541398 host_copy_ms=0.009084 full_state_readback=0
resting_native_profile step=4960 command_ms=554.761667 gpu_ms=554.210833274 host_copy_ms=0.005583 full_state_readback=0
resting_native_profile step=4992 command_ms=554.695833 gpu_ms=554.122791626 host_copy_ms=0.006167 full_state_readback=0
accepted_geometry_export=/Users/n/numi-human-resting-evidence-20261005/dynamic-release-native-024/accepted-geometry/step-4991.mrvpack receipt=/Users/n/numi-human-resting-evidence-20261005/dynamic-release-native-024/accepted-geometry/step-4991.receipt.json accepted_root=0xf59cde7da35efabb pack_sha256=d77dbef0bbac21123f89570a13906597f5b95311c622acc13692608ac122e5d3 receipt_sha256=e11b75edb1dbe0bb34dcb48ce88879be20a0746e7f15a33ea01819320c4f9019
resting_native_profile step=5024 command_ms=566.983042 gpu_ms=566.533875652 host_copy_ms=0.006917 full_state_readback=0
resting_native_profile step=5056 command_ms=554.02325 gpu_ms=553.409749642 host_copy_ms=0.008792 full_state_readback=0
resting_native_profile step=5088 command_ms=554.321208 gpu_ms=553.759207949 host_copy_ms=0.005958 full_state_readback=0
resting_native_profile step=5120 command_ms=554.086916 gpu_ms=553.493792191 host_copy_ms=0.006417 full_state_readback=0
resting_native_profile step=5152 command_ms=554.813 gpu_ms=554.200625047 host_copy_ms=0.006083 full_state_readback=0
resting_native_profile step=5184 command_ms=554.756333 gpu_ms=554.229166359 host_copy_ms=0.005125 full_state_readback=0
resting_native_profile step=5216 command_ms=555.482959 gpu_ms=554.931125604 host_copy_ms=0.005291 full_state_readback=0
resting_native_profile step=5248 command_ms=554.727875 gpu_ms=554.171374999 host_copy_ms=0.0055 full_state_readback=0
resting_native_profile step=5280 command_ms=554.456167 gpu_ms=553.910833783 host_copy_ms=0.0085 full_state_readback=0
resting_native_profile step=5312 command_ms=554.199917 gpu_ms=553.599374369 host_copy_ms=0.005583 full_state_readback=0
resting_native_profile step=5344 command_ms=554.832833 gpu_ms=554.224332795 host_copy_ms=0.005833 full_state_readback=0
resting_native_profile step=5376 command_ms=554.491083 gpu_ms=554.327541962 host_copy_ms=0.005417 full_state_readback=0
resting_native_profile step=5408 command_ms=554.943083 gpu_ms=554.350958206 host_copy_ms=0.005917 full_state_readback=0
resting_native_profile step=5440 command_ms=553.710792 gpu_ms=553.443624638 host_copy_ms=0.005417 full_state_readback=0
resting_native_profile step=5472 command_ms=553.835041 gpu_ms=553.309124894 host_copy_ms=0.006209 full_state_readback=0
resting_native_profile step=5504 command_ms=554.225375 gpu_ms=553.623666987 host_copy_ms=0.005875 full_state_readback=0
resting_native_profile step=5536 command_ms=554.830959 gpu_ms=554.322875105 host_copy_ms=0.005041 full_state_readback=0
resting_native_profile step=5568 command_ms=554.404417 gpu_ms=553.794999607 host_copy_ms=0.006666 full_state_readback=0
resting_native_profile step=5600 command_ms=554.224 gpu_ms=553.999041207 host_copy_ms=0.005292 full_state_readback=0
resting_native_profile step=5632 command_ms=555.099959 gpu_ms=554.541458376 host_copy_ms=0.004708 full_state_readback=0
resting_native_profile step=5664 command_ms=554.728125 gpu_ms=554.173083976 host_copy_ms=0.006334 full_state_readback=0
resting_native_profile step=5696 command_ms=555.042417 gpu_ms=554.531042464 host_copy_ms=0.005458 full_state_readback=0
resting_native_profile step=5728 command_ms=554.17575 gpu_ms=553.570250049 host_copy_ms=0.008833 full_state_readback=0
resting_native_profile step=5760 command_ms=554.135916 gpu_ms=553.558708169 host_copy_ms=0.007375 full_state_readback=0
resting_native_profile step=5792 command_ms=554.120916 gpu_ms=553.524416871 host_copy_ms=0.007375 full_state_readback=0
resting_native_profile step=5824 command_ms=555.348541 gpu_ms=554.784792475 host_copy_ms=0.006584 full_state_readback=0
resting_native_profile step=5856 command_ms=555.035666 gpu_ms=554.514208809 host_copy_ms=0.006209 full_state_readback=0
resting_native_profile step=5888 command_ms=555.871792 gpu_ms=555.302083492 host_copy_ms=0.006917 full_state_readback=0
resting_native_profile step=5920 command_ms=556.256792 gpu_ms=555.724541657 host_copy_ms=0.005792 full_state_readback=0
resting_native_profile step=5952 command_ms=555.401625 gpu_ms=554.842750542 host_copy_ms=0.009125 full_state_readback=0
resting_native_profile step=5984 command_ms=555.563 gpu_ms=555.012458935 host_copy_ms=0.00575 full_state_readback=0
resting_native_profile step=6016 command_ms=555.331208 gpu_ms=554.769666865 host_copy_ms=0.006084 full_state_readback=0
resting_native_profile step=6048 command_ms=555.888458 gpu_ms=555.29112462 host_copy_ms=0.008709 full_state_readback=0
resting_native_profile step=6080 command_ms=556.243291 gpu_ms=555.694791488 host_copy_ms=0.008584 full_state_readback=0
resting_native_profile step=6112 command_ms=555.018167 gpu_ms=554.49349992 host_copy_ms=0.007208 full_state_readback=0
resting_native_profile step=6144 command_ms=556.803584 gpu_ms=556.273374707 host_copy_ms=0.005916 full_state_readback=0
resting_native_profile step=6176 command_ms=556.293 gpu_ms=555.750667118 host_copy_ms=0.005458 full_state_readback=0
resting_native_profile step=6208 command_ms=555.848 gpu_ms=555.278374813 host_copy_ms=0.005917 full_state_readback=0
resting_native_profile step=6240 command_ms=555.667708 gpu_ms=555.143957958 host_copy_ms=0.006042 full_state_readback=0
resting_native_profile step=6272 command_ms=556.344542 gpu_ms=555.784874596 host_copy_ms=0.0055 full_state_readback=0
resting_native_profile step=6304 command_ms=555.369834 gpu_ms=554.808000103 host_copy_ms=0.005583 full_state_readback=0
resting_native_profile step=6336 command_ms=555.353833 gpu_ms=554.789500311 host_copy_ms=0.005584 full_state_readback=0
resting_native_profile step=6368 command_ms=556.131708 gpu_ms=555.611500517 host_copy_ms=0.005209 full_state_readback=0
resting_native_profile step=6400 command_ms=555.39125 gpu_ms=554.829458706 host_copy_ms=0.009333 full_state_readback=0
resting_native_profile step=6432 command_ms=556.422792 gpu_ms=555.847375654 host_copy_ms=0.006666 full_state_readback=0
resting_native_profile step=6464 command_ms=556.7015 gpu_ms=556.136708707 host_copy_ms=0.006083 full_state_readback=0
resting_native_profile step=6496 command_ms=556.00225 gpu_ms=555.464041419 host_copy_ms=0.008459 full_state_readback=0
resting_native_profile step=6528 command_ms=556.961417 gpu_ms=556.426624767 host_copy_ms=0.005708 full_state_readback=0
resting_native_profile step=6560 command_ms=556.034875 gpu_ms=555.409125052 host_copy_ms=0.006291 full_state_readback=0
resting_native_profile step=6592 command_ms=556.8915 gpu_ms=556.713375263 host_copy_ms=0.005375 full_state_readback=0
resting_native_profile step=6624 command_ms=556.352792 gpu_ms=555.753958412 host_copy_ms=0.006167 full_state_readback=0
resting_native_profile step=6656 command_ms=555.652666 gpu_ms=555.148292333 host_copy_ms=0.007625 full_state_readback=0
resting_native_profile step=6688 command_ms=558.05125 gpu_ms=557.427374646 host_copy_ms=0.006208 full_state_readback=0
resting_native_profile step=6720 command_ms=557.462542 gpu_ms=556.927458383 host_copy_ms=0.008625 full_state_readback=0
resting_native_profile step=6752 command_ms=556.918834 gpu_ms=556.353207678 host_copy_ms=0.007125 full_state_readback=0
resting_native_profile step=6784 command_ms=557.322125 gpu_ms=556.804374792 host_copy_ms=0.005625 full_state_readback=0
resting_native_profile step=6816 command_ms=557.096875 gpu_ms=556.923375465 host_copy_ms=0.0055 full_state_readback=0
resting_native_profile step=6848 command_ms=557.325541 gpu_ms=556.674708612 host_copy_ms=0.006917 full_state_readback=0
resting_native_profile step=6880 command_ms=557.687875 gpu_ms=557.17037525 host_copy_ms=0.006042 full_state_readback=0
resting_native_profile step=6912 command_ms=557.942542 gpu_ms=557.420374826 host_copy_ms=0.005583 full_state_readback=0
resting_native_profile step=6944 command_ms=558.405541 gpu_ms=557.886499912 host_copy_ms=0.005542 full_state_readback=0
resting_native_profile step=6976 command_ms=561.941375 gpu_ms=561.771041714 host_copy_ms=0.005542 full_state_readback=0
resting_native_profile step=7008 command_ms=567.091833 gpu_ms=566.524582915 host_copy_ms=0.005958 full_state_readback=0
resting_native_profile step=7040 command_ms=569.408083 gpu_ms=569.248749875 host_copy_ms=0.007917 full_state_readback=0
resting_native_profile step=7072 command_ms=571.993708 gpu_ms=571.429375559 host_copy_ms=0.0085 full_state_readback=0
resting_native_profile step=7104 command_ms=571.034875 gpu_ms=570.501667447 host_copy_ms=0.005541 full_state_readback=0
resting_native_profile step=7136 command_ms=569.171 gpu_ms=568.645250052 host_copy_ms=0.005583 full_state_readback=0
resting_native_profile step=7168 command_ms=568.284208 gpu_ms=567.699042149 host_copy_ms=0.005333 full_state_readback=0
resting_native_profile step=7200 command_ms=568.577875 gpu_ms=568.053374998 host_copy_ms=0.005292 full_state_readback=0
resting_native_profile step=7232 command_ms=567.403958 gpu_ms=567.224249244 host_copy_ms=0.005917 full_state_readback=0
resting_native_profile step=7264 command_ms=569.1265 gpu_ms=568.564208224 host_copy_ms=0.005791 full_state_readback=0
resting_native_profile step=7296 command_ms=567.882417 gpu_ms=567.281375639 host_copy_ms=0.00525 full_state_readback=0
resting_native_profile step=7328 command_ms=568.503 gpu_ms=567.913500592 host_copy_ms=0.006875 full_state_readback=0
resting_native_profile step=7360 command_ms=570.058333 gpu_ms=569.44500003 host_copy_ms=0.006375 full_state_readback=0
resting_native_profile step=7392 command_ms=573.74175 gpu_ms=573.188625276 host_copy_ms=0.0085 full_state_readback=0
resting_native_profile step=7424 command_ms=573.672541 gpu_ms=573.493249714 host_copy_ms=0.006125 full_state_readback=0
resting_native_profile step=7456 command_ms=575.49475 gpu_ms=574.877792038 host_copy_ms=0.006333 full_state_readback=0
resting_native_profile step=7488 command_ms=575.633084 gpu_ms=575.100124814 host_copy_ms=0.006125 full_state_readback=0
resting_native_profile step=7520 command_ms=575.623875 gpu_ms=575.059541501 host_copy_ms=0.006667 full_state_readback=0
resting_native_profile step=7552 command_ms=576.422625 gpu_ms=575.80550015 host_copy_ms=0.006791 full_state_readback=0
resting_native_profile step=7584 command_ms=578.807375 gpu_ms=578.208542429 host_copy_ms=0.007292 full_state_readback=0
resting_native_profile step=7616 command_ms=578.892 gpu_ms=578.349499963 host_copy_ms=0.006792 full_state_readback=0
resting_native_profile step=7648 command_ms=579.447625 gpu_ms=578.881417401 host_copy_ms=0.006625 full_state_readback=0
resting_native_profile step=7680 command_ms=579.873208 gpu_ms=579.302250408 host_copy_ms=0.006292 full_state_readback=0
resting_native_profile step=7712 command_ms=579.805292 gpu_ms=579.215499572 host_copy_ms=0.008917 full_state_readback=0
resting_native_profile step=7744 command_ms=579.6735 gpu_ms=579.139124602 host_copy_ms=0.006667 full_state_readback=0
resting_native_profile step=7776 command_ms=579.895959 gpu_ms=579.348375089 host_copy_ms=0.007 full_state_readback=0
resting_native_profile step=7808 command_ms=580.499084 gpu_ms=579.955375753 host_copy_ms=0.006416 full_state_readback=0
resting_native_profile step=7840 command_ms=580.157625 gpu_ms=579.638666473 host_copy_ms=0.006291 full_state_readback=0
resting_native_profile step=7872 command_ms=581.619792 gpu_ms=581.429333426 host_copy_ms=0.007208 full_state_readback=0
resting_native_profile step=7904 command_ms=582.956416 gpu_ms=582.75649976 host_copy_ms=0.006917 full_state_readback=0
resting_native_profile step=7936 command_ms=583.003375 gpu_ms=582.459750585 host_copy_ms=0.006041 full_state_readback=0
resting_native_profile step=7968 command_ms=582.541833 gpu_ms=581.914458424 host_copy_ms=0.006417 full_state_readback=0
resting_native_profile step=8000 command_ms=582.496125 gpu_ms=581.86237514 host_copy_ms=0.006458 full_state_readback=0
resting_native_profile step=8032 command_ms=582.323834 gpu_ms=581.726916134 host_copy_ms=0.00875 full_state_readback=0
resting_native_profile step=8064 command_ms=582.117541 gpu_ms=581.561249681 host_copy_ms=0.008917 full_state_readback=0
resting_native_profile step=8096 command_ms=581.779542 gpu_ms=581.608332694 host_copy_ms=0.007375 full_state_readback=0
resting_native_profile step=8128 command_ms=582.91575 gpu_ms=582.36949984 host_copy_ms=0.007583 full_state_readback=0
resting_native_profile step=8160 command_ms=583.141791 gpu_ms=582.588833757 host_copy_ms=0.006459 full_state_readback=0
resting_native_profile step=8192 command_ms=583.53125 gpu_ms=582.920250483 host_copy_ms=0.006292 full_state_readback=0
resting_native_profile step=8224 command_ms=583.138917 gpu_ms=582.545124926 host_copy_ms=0.005958 full_state_readback=0
resting_native_profile step=8256 command_ms=584.724916 gpu_ms=584.153667092 host_copy_ms=0.006375 full_state_readback=0
resting_native_profile step=8288 command_ms=583.402541 gpu_ms=583.223999478 host_copy_ms=0.005792 full_state_readback=0
resting_native_profile step=8320 command_ms=583.929041 gpu_ms=583.32345821 host_copy_ms=0.005834 full_state_readback=0
resting_native_profile step=8352 command_ms=584.106958 gpu_ms=583.560874686 host_copy_ms=0.008625 full_state_readback=0
resting_native_profile step=8384 command_ms=584.194458 gpu_ms=583.57624989 host_copy_ms=0.008042 full_state_readback=0
resting_native_profile step=8416 command_ms=584.507583 gpu_ms=583.957375027 host_copy_ms=0.007917 full_state_readback=0
resting_native_profile step=8448 command_ms=585.346333 gpu_ms=584.796000272 host_copy_ms=0.00725 full_state_readback=0
resting_native_profile step=8480 command_ms=585.864709 gpu_ms=585.233500227 host_copy_ms=0.006416 full_state_readback=0
resting_native_profile step=8512 command_ms=582.99525 gpu_ms=582.452250645 host_copy_ms=0.006875 full_state_readback=0
resting_native_profile step=8544 command_ms=584.314083 gpu_ms=584.135334007 host_copy_ms=0.006209 full_state_readback=0
resting_native_profile step=8576 command_ms=585.825209 gpu_ms=585.287041962 host_copy_ms=0.009583 full_state_readback=0
resting_native_profile step=8608 command_ms=586.328167 gpu_ms=585.711250082 host_copy_ms=0.005958 full_state_readback=0
resting_native_profile step=8640 command_ms=586.238209 gpu_ms=585.676457733 host_copy_ms=0.005666 full_state_readback=0
resting_native_profile step=8672 command_ms=585.3825 gpu_ms=584.762041457 host_copy_ms=0.010167 full_state_readback=0
resting_native_profile step=8704 command_ms=586.49 gpu_ms=585.826124996 host_copy_ms=0.009417 full_state_readback=0
resting_native_profile step=8736 command_ms=586.854292 gpu_ms=586.278374307 host_copy_ms=0.009125 full_state_readback=0
resting_native_profile step=8768 command_ms=586.452584 gpu_ms=585.823625326 host_copy_ms=0.008166 full_state_readback=0
resting_native_profile step=8800 command_ms=586.615542 gpu_ms=586.009291932 host_copy_ms=0.01 full_state_readback=0
resting_native_profile step=8832 command_ms=586.1375 gpu_ms=585.483749397 host_copy_ms=0.008375 full_state_readback=0
resting_native_profile step=8864 command_ms=586.132208 gpu_ms=585.940374993 host_copy_ms=0.007458 full_state_readback=0
resting_native_profile step=8896 command_ms=586.160875 gpu_ms=585.63645836 host_copy_ms=0.00625 full_state_readback=0
resting_native_profile step=8928 command_ms=586.807667 gpu_ms=586.166249588 host_copy_ms=0.007666 full_state_readback=0
resting_native_profile step=8960 command_ms=587.028583 gpu_ms=586.491124704 host_copy_ms=0.007375 full_state_readback=0
resting_native_profile step=8992 command_ms=586.688041 gpu_ms=586.058542132 host_copy_ms=0.006709 full_state_readback=0
resting_native_profile step=9024 command_ms=585.785708 gpu_ms=585.222125053 host_copy_ms=0.006167 full_state_readback=0
resting_native_profile step=9056 command_ms=587.445584 gpu_ms=586.915125139 host_copy_ms=0.006041 full_state_readback=0
resting_native_profile step=9088 command_ms=586.066959 gpu_ms=585.431500338 host_copy_ms=0.009041 full_state_readback=0
resting_native_profile step=9120 command_ms=585.776333 gpu_ms=585.235999897 host_copy_ms=0.005625 full_state_readback=0
resting_native_profile step=9152 command_ms=580.314709 gpu_ms=579.763624817 host_copy_ms=0.008708 full_state_readback=0
resting_native_profile step=9184 command_ms=578.184958 gpu_ms=577.626499347 host_copy_ms=0.007375 full_state_readback=0
resting_native_profile step=9216 command_ms=578.172292 gpu_ms=577.544333413 host_copy_ms=0.005833 full_state_readback=0
resting_native_profile step=9248 command_ms=577.813167 gpu_ms=577.567374334 host_copy_ms=0.005917 full_state_readback=0
resting_native_profile step=9280 command_ms=578.086875 gpu_ms=577.520666644 host_copy_ms=0.0065 full_state_readback=0
resting_native_profile step=9312 command_ms=577.876916 gpu_ms=577.263374813 host_copy_ms=0.006042 full_state_readback=0
resting_native_profile step=9344 command_ms=578.086916 gpu_ms=577.459917404 host_copy_ms=0.006167 full_state_readback=0
resting_native_profile step=9376 command_ms=577.541708 gpu_ms=576.974375173 host_copy_ms=0.006333 full_state_readback=0
resting_native_profile step=9408 command_ms=577.927083 gpu_ms=577.400124632 host_copy_ms=0.006417 full_state_readback=0
resting_native_profile step=9440 command_ms=577.391333 gpu_ms=577.215125784 host_copy_ms=0.006625 full_state_readback=0
resting_native_profile step=9472 command_ms=577.35125 gpu_ms=576.805833727 host_copy_ms=0.008541 full_state_readback=0
resting_native_profile step=9504 command_ms=577.326833 gpu_ms=576.74079109 host_copy_ms=0.006708 full_state_readback=0
resting_native_profile step=9536 command_ms=577.431334 gpu_ms=576.81875024 host_copy_ms=0.006333 full_state_readback=0
resting_native_profile step=9568 command_ms=577.584125 gpu_ms=577.052041888 host_copy_ms=0.006834 full_state_readback=0
resting_native_profile step=9600 command_ms=576.816458 gpu_ms=576.260874979 host_copy_ms=0.010709 full_state_readback=0
resting_native_profile step=9632 command_ms=577.653 gpu_ms=577.081667259 host_copy_ms=0.006416 full_state_readback=0
resting_native_profile step=9664 command_ms=577.714625 gpu_ms=577.132750303 host_copy_ms=0.005792 full_state_readback=0
resting_native_profile step=9696 command_ms=577.926333 gpu_ms=577.326250263 host_copy_ms=0.006292 full_state_readback=0
resting_native_profile step=9728 command_ms=577.938 gpu_ms=577.263500541 host_copy_ms=0.006166 full_state_readback=0
resting_native_profile step=9760 command_ms=577.525041 gpu_ms=576.933208853 host_copy_ms=0.005709 full_state_readback=0
resting_native_profile step=9792 command_ms=576.070666 gpu_ms=575.503041036 host_copy_ms=0.008417 full_state_readback=0
resting_native_profile step=9824 command_ms=577.148125 gpu_ms=576.614875346 host_copy_ms=0.006375 full_state_readback=0
resting_native_profile step=9856 command_ms=578.350833 gpu_ms=577.716083266 host_copy_ms=0.005958 full_state_readback=0
resting_native_profile step=9888 command_ms=577.859666 gpu_ms=577.224083245 host_copy_ms=0.008417 full_state_readback=0
resting_native_profile step=9920 command_ms=578.301375 gpu_ms=577.745375223 host_copy_ms=0.006083 full_state_readback=0
resting_native_profile step=9952 command_ms=577.873458 gpu_ms=577.356250025 host_copy_ms=0.006334 full_state_readback=0
resting_native_profile step=9984 command_ms=578.611667 gpu_ms=577.997166663 host_copy_ms=0.006292 full_state_readback=0
resting_native_profile step=10016 command_ms=577.658375 gpu_ms=577.465750277 host_copy_ms=0.006 full_state_readback=0
resting_native_profile step=10048 command_ms=578.676208 gpu_ms=578.126790933 host_copy_ms=0.005542 full_state_readback=0
resting_native_profile step=10080 command_ms=578.745375 gpu_ms=578.125916421 host_copy_ms=0.006209 full_state_readback=0
resting_native_profile step=10112 command_ms=578.866375 gpu_ms=578.282458708 host_copy_ms=0.0125 full_state_readback=0
resting_native_profile step=10144 command_ms=578.786708 gpu_ms=578.248125501 host_copy_ms=0.006667 full_state_readback=0
resting_native_profile step=10176 command_ms=579.04075 gpu_ms=578.433000483 host_copy_ms=0.007458 full_state_readback=0
resting_native_profile step=10208 command_ms=579.2165 gpu_ms=578.615125269 host_copy_ms=0.005917 full_state_readback=0
resting_native_profile step=10240 command_ms=578.761 gpu_ms=578.138499521 host_copy_ms=0.005584 full_state_readback=0
resting_native_profile step=10272 command_ms=578.388875 gpu_ms=577.802000567 host_copy_ms=0.006292 full_state_readback=0
resting_native_profile step=10304 command_ms=578.399667 gpu_ms=577.870375477 host_copy_ms=0.0065 full_state_readback=0
resting_native_profile step=10336 command_ms=578.609416 gpu_ms=578.090666793 host_copy_ms=0.006125 full_state_readback=0
resting_native_profile step=10368 command_ms=578.817375 gpu_ms=578.263499774 host_copy_ms=0.006583 full_state_readback=0
resting_native_profile step=10400 command_ms=579.25775 gpu_ms=578.765083104 host_copy_ms=0.006292 full_state_readback=0
resting_native_profile step=10432 command_ms=577.977083 gpu_ms=577.772207558 host_copy_ms=0.0085 full_state_readback=0
resting_native_profile step=10464 command_ms=579.108791 gpu_ms=578.542250209 host_copy_ms=0.006292 full_state_readback=0
resting_native_profile step=10496 command_ms=578.915792 gpu_ms=578.346874565 host_copy_ms=0.005792 full_state_readback=0
resting_native_profile step=10528 command_ms=578.57 gpu_ms=578.03154178 host_copy_ms=0.006625 full_state_readback=0
resting_native_profile step=10560 command_ms=578.097416 gpu_ms=577.500499785 host_copy_ms=0.006959 full_state_readback=0
resting_native_profile step=10592 command_ms=578.320125 gpu_ms=577.696708031 host_copy_ms=0.006792 full_state_readback=0
resting_native_profile step=10624 command_ms=578.510625 gpu_ms=577.944999561 host_copy_ms=0.008541 full_state_readback=0
resting_native_profile step=10656 command_ms=579.528958 gpu_ms=578.976750374 host_copy_ms=0.006709 full_state_readback=0
resting_native_profile step=10688 command_ms=578.447792 gpu_ms=577.870207839 host_copy_ms=0.006458 full_state_readback=0
resting_native_profile step=10720 command_ms=578.588208 gpu_ms=578.078375198 host_copy_ms=0.006583 full_state_readback=0
resting_native_profile step=10752 command_ms=578.308291 gpu_ms=578.132750466 host_copy_ms=0.006209 full_state_readback=0
resting_native_profile step=10784 command_ms=577.886334 gpu_ms=577.649500221 host_copy_ms=0.006916 full_state_readback=0
resting_native_profile step=10816 command_ms=579.271417 gpu_ms=578.733208589 host_copy_ms=0.006625 full_state_readback=0
resting_native_profile step=10848 command_ms=579.09675 gpu_ms=578.462208621 host_copy_ms=0.007458 full_state_readback=0
resting_native_profile step=10880 command_ms=578.422833 gpu_ms=577.829333022 host_copy_ms=0.007209 full_state_readback=0
resting_native_profile step=10912 command_ms=580.544792 gpu_ms=579.913374968 host_copy_ms=0.007833 full_state_readback=0
resting_native_profile step=10944 command_ms=580.601291 gpu_ms=579.998541623 host_copy_ms=0.006417 full_state_readback=0
resting_native_profile step=10976 command_ms=579.596 gpu_ms=578.968958929 host_copy_ms=0.007167 full_state_readback=0
resting_native_profile step=11008 command_ms=579.012166 gpu_ms=578.377750702 host_copy_ms=0.006 full_state_readback=0
resting_native_profile step=11040 command_ms=578.720166 gpu_ms=578.080624342 host_copy_ms=0.006209 full_state_readback=0
resting_native_profile step=11072 command_ms=577.006875 gpu_ms=576.412375085 host_copy_ms=0.006041 full_state_readback=0
resting_native_profile step=11104 command_ms=577.213083 gpu_ms=576.673124917 host_copy_ms=0.006375 full_state_readback=0
resting_native_profile step=11136 command_ms=578.787042 gpu_ms=578.262583353 host_copy_ms=0.00875 full_state_readback=0
resting_native_profile step=11168 command_ms=579.116958 gpu_ms=578.581499867 host_copy_ms=0.006042 full_state_readback=0
resting_native_profile step=11200 command_ms=578.6415 gpu_ms=578.030500561 host_copy_ms=0.005584 full_state_readback=0
resting_native_profile step=11232 command_ms=578.057833 gpu_ms=577.888499945 host_copy_ms=0.005292 full_state_readback=0
resting_native_profile step=11264 command_ms=579.001791 gpu_ms=578.451000154 host_copy_ms=0.005875 full_state_readback=0
resting_native_profile step=11296 command_ms=578.823417 gpu_ms=578.253500164 host_copy_ms=0.005166 full_state_readback=0
resting_native_profile step=11328 command_ms=579.264167 gpu_ms=578.669624403 host_copy_ms=0.005167 full_state_readback=0
resting_native_profile step=11360 command_ms=578.588917 gpu_ms=577.983374707 host_copy_ms=0.005916 full_state_readback=0
resting_native_profile step=11392 command_ms=578.919125 gpu_ms=578.219166957 host_copy_ms=0.007708 full_state_readback=0
resting_native_profile step=11424 command_ms=578.723 gpu_ms=578.15412432 host_copy_ms=0.008834 full_state_readback=0
resting_native_profile step=11456 command_ms=579.746459 gpu_ms=579.216875136 host_copy_ms=0.006416 full_state_readback=0
resting_native_profile step=11488 command_ms=578.83625 gpu_ms=578.300332651 host_copy_ms=0.006875 full_state_readback=0
resting_native_profile step=11520 command_ms=578.412167 gpu_ms=577.874207869 host_copy_ms=0.007958 full_state_readback=0
resting_native_profile step=11552 command_ms=578.313375 gpu_ms=577.702375129 host_copy_ms=0.006959 full_state_readback=0
resting_native_profile step=11584 command_ms=578.596334 gpu_ms=578.406332992 host_copy_ms=0.007083 full_state_readback=0
resting_native_profile step=11616 command_ms=578.601333 gpu_ms=578.386874869 host_copy_ms=0.006333 full_state_readback=0
resting_native_profile step=11648 command_ms=579.084334 gpu_ms=578.52199953 host_copy_ms=0.008958 full_state_readback=0
resting_native_profile step=11680 command_ms=579.287583 gpu_ms=578.723916784 host_copy_ms=0.006583 full_state_readback=0
resting_native_profile step=11712 command_ms=579.084416 gpu_ms=578.457292169 host_copy_ms=0.0085 full_state_readback=0
resting_native_profile step=11744 command_ms=578.911958 gpu_ms=578.342374414 host_copy_ms=0.007292 full_state_readback=0
resting_native_profile step=11776 command_ms=579.738708 gpu_ms=579.10708338 host_copy_ms=0.006458 full_state_readback=0
resting_native_profile step=11808 command_ms=579.632042 gpu_ms=579.02716659 host_copy_ms=0.007375 full_state_readback=0
resting_native_profile step=11840 command_ms=579.187417 gpu_ms=578.570666723 host_copy_ms=0.006041 full_state_readback=0
resting_native_profile step=11872 command_ms=579.724875 gpu_ms=579.154541716 host_copy_ms=0.00625 full_state_readback=0
resting_native_profile step=11904 command_ms=579.278666 gpu_ms=578.726499341 host_copy_ms=0.005834 full_state_readback=0
resting_native_profile step=11936 command_ms=579.160416 gpu_ms=578.602666035 host_copy_ms=0.005834 full_state_readback=0
resting_native_profile step=11968 command_ms=579.511709 gpu_ms=578.96487508 host_copy_ms=0.005583 full_state_readback=0
resting_native_profile step=12000 command_ms=578.744417 gpu_ms=578.220624477 host_copy_ms=0.00575 full_state_readback=0
resting_native_profile step=12032 command_ms=578.886125 gpu_ms=578.334500082 host_copy_ms=0.0085 full_state_readback=0
resting_native_profile step=12064 command_ms=579.82525 gpu_ms=579.632583074 host_copy_ms=0.006334 full_state_readback=0
resting_native_profile step=12096 command_ms=579.472792 gpu_ms=578.898458742 host_copy_ms=0.005542 full_state_readback=0
resting_native_profile step=12128 command_ms=579.409917 gpu_ms=578.866999596 host_copy_ms=0.007041 full_state_readback=0
resting_native_profile step=12160 command_ms=579.409709 gpu_ms=578.783124685 host_copy_ms=0.009458 full_state_readback=0
resting_native_profile step=12192 command_ms=578.849791 gpu_ms=578.668417409 host_copy_ms=0.006417 full_state_readback=0
resting_native_profile step=12224 command_ms=578.428834 gpu_ms=577.873541974 host_copy_ms=0.008416 full_state_readback=0
resting_native_profile step=12256 command_ms=579.84825 gpu_ms=579.238583334 host_copy_ms=0.009375 full_state_readback=0
resting_native_profile step=12288 command_ms=579.330125 gpu_ms=578.782792203 host_copy_ms=0.009167 full_state_readback=0
resting_native_profile step=12320 command_ms=578.974375 gpu_ms=578.436708078 host_copy_ms=0.008125 full_state_readback=0
resting_native_profile step=12352 command_ms=576.977375 gpu_ms=576.774666086 host_copy_ms=0.007291 full_state_readback=0
resting_native_profile step=12384 command_ms=577.354125 gpu_ms=576.763708144 host_copy_ms=0.007625 full_state_readback=0
resting_native_profile step=12416 command_ms=578.6765 gpu_ms=578.063041903 host_copy_ms=0.008125 full_state_readback=0
resting_native_profile step=12448 command_ms=578.393291 gpu_ms=577.744791284 host_copy_ms=0.008917 full_state_readback=0
resting_native_profile step=12480 command_ms=578.432959 gpu_ms=577.809249982 host_copy_ms=0.007958 full_state_readback=0
resting_native_profile step=12512 command_ms=578.869458 gpu_ms=578.215874732 host_copy_ms=0.007709 full_state_readback=0
resting_native_profile step=12544 command_ms=578.800625 gpu_ms=578.201125376 host_copy_ms=0.007959 full_state_readback=0
resting_native_profile step=12576 command_ms=579.911792 gpu_ms=579.25487496 host_copy_ms=0.008542 full_state_readback=0
resting_native_profile step=12608 command_ms=578.9365 gpu_ms=578.329457901 host_copy_ms=0.009416 full_state_readback=0
resting_native_profile step=12640 command_ms=579.899833 gpu_ms=579.296249896 host_copy_ms=0.008917 full_state_readback=0
resting_native_profile step=12672 command_ms=579.835666 gpu_ms=579.620082863 host_copy_ms=0.011792 full_state_readback=0
resting_native_profile step=12704 command_ms=579.526292 gpu_ms=578.945583664 host_copy_ms=0.008792 full_state_readback=0
resting_native_profile step=12736 command_ms=579.373583 gpu_ms=578.788000159 host_copy_ms=0.009333 full_state_readback=0
resting_native_profile step=12768 command_ms=579.928083 gpu_ms=579.247457907 host_copy_ms=0.008958 full_state_readback=0
resting_native_profile step=12800 command_ms=579.305625 gpu_ms=578.666999936 host_copy_ms=0.010542 full_state_readback=0
resting_native_profile step=12832 command_ms=579.851083 gpu_ms=579.211791977 host_copy_ms=0.008708 full_state_readback=0
resting_native_profile step=12864 command_ms=579.345625 gpu_ms=578.709458001 host_copy_ms=0.007708 full_state_readback=0
resting_native_profile step=12896 command_ms=579.589208 gpu_ms=578.976999968 host_copy_ms=0.007709 full_state_readback=0
resting_native_profile step=12928 command_ms=579.6765 gpu_ms=579.039542004 host_copy_ms=0.007542 full_state_readback=0
resting_native_profile step=12960 command_ms=579.802875 gpu_ms=579.171125777 host_copy_ms=0.009 full_state_readback=0
resting_native_profile step=12992 command_ms=579.717791 gpu_ms=579.083666205 host_copy_ms=0.008875 full_state_readback=0
resting_native_profile step=13024 command_ms=578.445583 gpu_ms=577.844000421 host_copy_ms=0.008209 full_state_readback=0
resting_native_profile step=13056 command_ms=578.573542 gpu_ms=577.930125408 host_copy_ms=0.008083 full_state_readback=0
resting_native_profile step=13088 command_ms=578.63775 gpu_ms=578.017625026 host_copy_ms=0.008375 full_state_readback=0
resting_native_profile step=13120 command_ms=579.182 gpu_ms=578.63262482 host_copy_ms=0.006583 full_state_readback=0
resting_native_profile step=13152 command_ms=578.807417 gpu_ms=578.232125379 host_copy_ms=0.009166 full_state_readback=0
resting_native_profile step=13184 command_ms=577.553333 gpu_ms=577.007416636 host_copy_ms=0.011292 full_state_readback=0
resting_native_profile step=13216 command_ms=576.991167 gpu_ms=576.361124404 host_copy_ms=0.008041 full_state_readback=0
resting_native_profile step=13248 command_ms=576.9485 gpu_ms=576.370666735 host_copy_ms=0.007667 full_state_readback=0
resting_native_profile step=13280 command_ms=577.687458 gpu_ms=577.039208263 host_copy_ms=0.007167 full_state_readback=0
resting_native_profile step=13312 command_ms=576.801625 gpu_ms=576.206208207 host_copy_ms=0.0085 full_state_readback=0
resting_native_profile step=13344 command_ms=576.774125 gpu_ms=576.24824997 host_copy_ms=0.00875 full_state_readback=0
resting_native_profile step=13376 command_ms=576.763625 gpu_ms=576.151042245 host_copy_ms=0.008167 full_state_readback=0
resting_native_profile step=13408 command_ms=576.117584 gpu_ms=575.937624089 host_copy_ms=0.0085 full_state_readback=0
resting_native_profile step=13440 command_ms=577.551584 gpu_ms=576.921124943 host_copy_ms=0.007583 full_state_readback=0
resting_native_profile step=13472 command_ms=576.920208 gpu_ms=576.275332831 host_copy_ms=0.006625 full_state_readback=0
resting_native_profile step=13504 command_ms=576.747958 gpu_ms=576.180083677 host_copy_ms=0.008625 full_state_readback=0
resting_native_profile step=13536 command_ms=577.832625 gpu_ms=577.300917357 host_copy_ms=0.007709 full_state_readback=0
resting_native_profile step=13568 command_ms=576.26225 gpu_ms=576.047625393 host_copy_ms=0.007041 full_state_readback=0
resting_native_profile step=13600 command_ms=576.570209 gpu_ms=575.961709023 host_copy_ms=0.00775 full_state_readback=0
resting_native_profile step=13632 command_ms=575.807166 gpu_ms=575.177500024 host_copy_ms=0.007209 full_state_readback=0
resting_native_profile step=13664 command_ms=575.285958 gpu_ms=574.745875783 host_copy_ms=0.00775 full_state_readback=0
resting_native_profile step=13696 command_ms=576.672334 gpu_ms=576.46183297 host_copy_ms=0.012083 full_state_readback=0
resting_native_profile step=13728 command_ms=577.687125 gpu_ms=577.10929215 host_copy_ms=0.007375 full_state_readback=0
resting_native_profile step=13760 command_ms=577.443833 gpu_ms=576.811375096 host_copy_ms=0.008042 full_state_readback=0
resting_native_profile step=13792 command_ms=577.884166 gpu_ms=577.331375331 host_copy_ms=0.007 full_state_readback=0
resting_native_profile step=13824 command_ms=577.35225 gpu_ms=576.780292206 host_copy_ms=0.007833 full_state_readback=0
resting_native_profile step=13856 command_ms=577.47 gpu_ms=576.889375225 host_copy_ms=0.008917 full_state_readback=0
resting_native_profile step=13888 command_ms=577.879833 gpu_ms=577.689833939 host_copy_ms=0.008458 full_state_readback=0
resting_native_profile step=13920 command_ms=577.780083 gpu_ms=577.205833979 host_copy_ms=0.006333 full_state_readback=0
resting_native_profile step=13952 command_ms=579.363583 gpu_ms=578.713750467 host_copy_ms=0.006917 full_state_readback=0
resting_native_profile step=13984 command_ms=578.699416 gpu_ms=578.523124568 host_copy_ms=0.008 full_state_readback=0
resting_native_profile step=14016 command_ms=578.985042 gpu_ms=578.362957574 host_copy_ms=0.008166 full_state_readback=0
resting_native_profile step=14048 command_ms=578.398958 gpu_ms=577.746375464 host_copy_ms=0.00925 full_state_readback=0
resting_native_profile step=14080 command_ms=577.906208 gpu_ms=577.257166617 host_copy_ms=0.008084 full_state_readback=0
resting_native_profile step=14112 command_ms=577.663625 gpu_ms=577.081250027 host_copy_ms=0.006792 full_state_readback=0
resting_native_profile step=14144 command_ms=578.772625 gpu_ms=578.196374699 host_copy_ms=0.008917 full_state_readback=0
resting_native_profile step=14176 command_ms=577.433208 gpu_ms=576.879750006 host_copy_ms=0.008167 full_state_readback=0
resting_native_profile step=14208 command_ms=576.881042 gpu_ms=576.629875228 host_copy_ms=0.023541 full_state_readback=0
resting_native_profile step=14240 command_ms=579.174708 gpu_ms=578.613625839 host_copy_ms=0.008375 full_state_readback=0
resting_native_profile step=14272 command_ms=577.297542 gpu_ms=576.746124774 host_copy_ms=0.007625 full_state_readback=0
resting_native_profile step=14304 command_ms=578.363459 gpu_ms=577.743250877 host_copy_ms=0.007458 full_state_readback=0
resting_native_profile step=14336 command_ms=577.793208 gpu_ms=577.142833732 host_copy_ms=0.017584 full_state_readback=0
resting_native_profile step=14368 command_ms=579.269375 gpu_ms=578.703208826 host_copy_ms=0.016584 full_state_readback=0
resting_native_profile step=14400 command_ms=582.866375 gpu_ms=582.29766693 host_copy_ms=0.01325 full_state_readback=0
resting_native_profile step=14432 command_ms=579.839292 gpu_ms=579.236583784 host_copy_ms=0.008 full_state_readback=0
resting_native_profile step=14464 command_ms=578.037459 gpu_ms=577.421291731 host_copy_ms=0.008958 full_state_readback=0
resting_native_profile step=14496 command_ms=578.799708 gpu_ms=578.224083409 host_copy_ms=0.007917 full_state_readback=0
resting_native_profile step=14528 command_ms=578.362625 gpu_ms=577.814041637 host_copy_ms=0.008083 full_state_readback=0
resting_native_profile step=14560 command_ms=578.603584 gpu_ms=578.043708578 host_copy_ms=0.0085 full_state_readback=0
resting_native_profile step=14592 command_ms=578.500292 gpu_ms=577.870374545 host_copy_ms=0.007167 full_state_readback=0
resting_native_profile step=14624 command_ms=578.3525 gpu_ms=578.165416606 host_copy_ms=0.006917 full_state_readback=0
resting_native_profile step=14656 command_ms=578.124333 gpu_ms=577.574416995 host_copy_ms=0.007542 full_state_readback=0
resting_native_profile step=14688 command_ms=578.654083 gpu_ms=578.002291732 host_copy_ms=0.00925 full_state_readback=0
resting_native_profile step=14720 command_ms=579.750125 gpu_ms=579.099750146 host_copy_ms=0.009834 full_state_readback=0
resting_native_profile step=14752 command_ms=579.575708 gpu_ms=578.964416869 host_copy_ms=0.006875 full_state_readback=0
resting_native_profile step=14784 command_ms=579.179959 gpu_ms=578.559999354 host_copy_ms=0.007625 full_state_readback=0
resting_native_profile step=14816 command_ms=579.491917 gpu_ms=578.865500167 host_copy_ms=0.007333 full_state_readback=0
resting_native_profile step=14848 command_ms=579.008666 gpu_ms=578.411291353 host_copy_ms=0.008875 full_state_readback=0
resting_native_profile step=14880 command_ms=578.658292 gpu_ms=578.037542291 host_copy_ms=0.008333 full_state_readback=0
resting_native_profile step=14912 command_ms=577.205042 gpu_ms=576.630208641 host_copy_ms=0.00825 full_state_readback=0
resting_native_profile step=14944 command_ms=577.363917 gpu_ms=576.739999466 host_copy_ms=0.007458 full_state_readback=0
resting_native_profile step=14976 command_ms=578.075166 gpu_ms=577.881791629 host_copy_ms=0.007709 full_state_readback=0
accepted_geometry_export=/Users/n/numi-human-resting-evidence-20261005/dynamic-release-native-024/accepted-geometry/step-14975.mrvpack receipt=/Users/n/numi-human-resting-evidence-20261005/dynamic-release-native-024/accepted-geometry/step-14975.receipt.json accepted_root=0x610b90d80867b7bb pack_sha256=e0804c49c85dc209bf6ee44e9e86c7f9707c5599483ed8b070b370ebeeb14b3a receipt_sha256=3e2a25cf8ed9f53e03da0e510b9ed34e43af63644c15cf6a2b543f7435541e7e
resting_native_profile step=15008 command_ms=589.667792 gpu_ms=589.213167317 host_copy_ms=0.007833 full_state_readback=0
resting_native_profile step=15040 command_ms=578.8755 gpu_ms=578.272082843 host_copy_ms=0.00725 full_state_readback=0
resting_native_profile step=15072 command_ms=578.373375 gpu_ms=577.768583782 host_copy_ms=0.008042 full_state_readback=0
resting_native_profile step=15104 command_ms=578.880417 gpu_ms=578.244334087 host_copy_ms=0.007208 full_state_readback=0
resting_native_profile step=15136 command_ms=578.103333 gpu_ms=577.52183266 host_copy_ms=0.00675 full_state_readback=0
resting_native_profile step=15168 command_ms=578.414667 gpu_ms=577.872999944 host_copy_ms=0.008916 full_state_readback=0
resting_native_profile step=15200 command_ms=578.585709 gpu_ms=577.983124182 host_copy_ms=0.01075 full_state_readback=0
resting_native_profile step=15232 command_ms=578.874167 gpu_ms=578.318875283 host_copy_ms=0.008417 full_state_readback=0
resting_native_profile step=15264 command_ms=578.150459 gpu_ms=577.600125223 host_copy_ms=0.008125 full_state_readback=0
resting_native_profile step=15296 command_ms=577.978167 gpu_ms=577.704500407 host_copy_ms=0.006333 full_state_readback=0
resting_native_profile step=15328 command_ms=578.554291 gpu_ms=577.998374589 host_copy_ms=0.005834 full_state_readback=0
resting_native_profile step=15360 command_ms=578.948792 gpu_ms=578.35562434 host_copy_ms=0.00575 full_state_readback=0
resting_native_profile step=15392 command_ms=578.367667 gpu_ms=577.747166157 host_copy_ms=0.008958 full_state_readback=0
resting_native_profile step=15424 command_ms=578.579958 gpu_ms=577.961750329 host_copy_ms=0.006834 full_state_readback=0
resting_native_profile step=15456 command_ms=579.654208 gpu_ms=579.118249938 host_copy_ms=0.006625 full_state_readback=0
resting_native_profile step=15488 command_ms=579.174209 gpu_ms=578.634124249 host_copy_ms=0.006833 full_state_readback=0
resting_native_profile step=15520 command_ms=578.860291 gpu_ms=578.333041631 host_copy_ms=0.005959 full_state_readback=0
resting_native_profile step=15552 command_ms=579.084625 gpu_ms=578.466458246 host_copy_ms=0.005334 full_state_readback=0
resting_native_profile step=15584 command_ms=578.653 gpu_ms=578.477582894 host_copy_ms=0.005417 full_state_readback=0
resting_native_profile step=15616 command_ms=578.925375 gpu_ms=578.3727495 host_copy_ms=0.0065 full_state_readback=0
resting_native_profile step=15648 command_ms=579.173666 gpu_ms=578.560458496 host_copy_ms=0.005834 full_state_readback=0
resting_native_profile step=15680 command_ms=578.937125 gpu_ms=578.329167329 host_copy_ms=0.005792 full_state_readback=0
resting_native_profile step=15712 command_ms=578.593041 gpu_ms=578.028875403 host_copy_ms=0.01175 full_state_readback=0
resting_native_profile step=15744 command_ms=579.343 gpu_ms=578.762291931 host_copy_ms=0.006583 full_state_readback=0
resting_native_profile step=15776 command_ms=579.531125 gpu_ms=578.966499306 host_copy_ms=0.005417 full_state_readback=0
resting_native_profile step=15808 command_ms=578.553208 gpu_ms=577.949999832 host_copy_ms=0.006083 full_state_readback=0
resting_native_profile step=15840 command_ms=579.148 gpu_ms=578.64370849 host_copy_ms=0.0055 full_state_readback=0
resting_native_profile step=15872 command_ms=578.636167 gpu_ms=578.467041254 host_copy_ms=0.006916 full_state_readback=0
resting_native_profile step=15904 command_ms=578.914333 gpu_ms=578.373958357 host_copy_ms=0.005792 full_state_readback=0
resting_native_profile step=15936 command_ms=579.663125 gpu_ms=579.038083553 host_copy_ms=0.00525 full_state_readback=0
resting_native_profile step=15968 command_ms=578.838375 gpu_ms=578.224875033 host_copy_ms=0.007166 full_state_readback=0
resting_native_profile step=16000 command_ms=579.108041 gpu_ms=578.522124328 host_copy_ms=0.005834 full_state_readback=0
resting_native_profile step=16032 command_ms=579.127625 gpu_ms=578.593625687 host_copy_ms=0.007875 full_state_readback=0
resting_native_profile step=16064 command_ms=578.707583 gpu_ms=578.169041313 host_copy_ms=0.006708 full_state_readback=0
resting_native_profile step=16096 command_ms=578.869083 gpu_ms=578.314624727 host_copy_ms=0.006042 full_state_readback=0
resting_native_profile step=16128 command_ms=578.638958 gpu_ms=578.120875172 host_copy_ms=0.006083 full_state_readback=0
resting_native_profile step=16160 command_ms=578.402417 gpu_ms=578.233833425 host_copy_ms=0.005542 full_state_readback=0
resting_native_profile step=16192 command_ms=576.353708 gpu_ms=575.800249353 host_copy_ms=0.00725 full_state_readback=0
resting_native_profile step=16224 command_ms=577.07275 gpu_ms=576.478917152 host_copy_ms=0.00825 full_state_readback=0
resting_native_profile step=16256 command_ms=577.923292 gpu_ms=577.396125533 host_copy_ms=0.007 full_state_readback=0
resting_native_profile step=16288 command_ms=578.861833 gpu_ms=578.340541571 host_copy_ms=0.005917 full_state_readback=0
resting_native_profile step=16320 command_ms=578.836125 gpu_ms=578.226874582 host_copy_ms=0.006333 full_state_readback=0
resting_native_profile step=16352 command_ms=578.713708 gpu_ms=578.281791881 host_copy_ms=0.008209 full_state_readback=0
resting_native_profile step=16384 command_ms=578.424125 gpu_ms=577.901207842 host_copy_ms=0.006959 full_state_readback=0
resting_native_profile step=16416 command_ms=578.812208 gpu_ms=578.208750114 host_copy_ms=0.006542 full_state_readback=0
resting_native_profile step=16448 command_ms=578.877667 gpu_ms=578.271583654 host_copy_ms=0.00575 full_state_readback=0
resting_native_profile step=16480 command_ms=578.457375 gpu_ms=577.868625522 host_copy_ms=0.006542 full_state_readback=0
resting_native_profile step=16512 command_ms=578.681542 gpu_ms=578.142999671 host_copy_ms=0.005417 full_state_readback=0
resting_native_profile step=16544 command_ms=578.390542 gpu_ms=577.866625041 host_copy_ms=0.006583 full_state_readback=0
resting_native_profile step=16576 command_ms=578.387833 gpu_ms=577.774499543 host_copy_ms=0.00625 full_state_readback=0
resting_native_profile step=16608 command_ms=578.681042 gpu_ms=578.134957701 host_copy_ms=0.005833 full_state_readback=0
resting_native_profile step=16640 command_ms=579.009833 gpu_ms=578.444416635 host_copy_ms=0.005709 full_state_readback=0
resting_native_profile step=16672 command_ms=578.388167 gpu_ms=577.737124637 host_copy_ms=0.008208 full_state_readback=0
resting_native_profile step=16704 command_ms=578.919583 gpu_ms=578.310583718 host_copy_ms=0.006583 full_state_readback=0
resting_native_profile step=16736 command_ms=579.366625 gpu_ms=578.805750236 host_copy_ms=0.009083 full_state_readback=0
resting_native_profile step=16768 command_ms=578.824417 gpu_ms=578.273042105 host_copy_ms=0.006792 full_state_readback=0
resting_native_profile step=16800 command_ms=578.434625 gpu_ms=577.905042097 host_copy_ms=0.00575 full_state_readback=0
resting_native_profile step=16832 command_ms=578.342708 gpu_ms=578.162416816 host_copy_ms=0.006334 full_state_readback=0
resting_native_profile step=16864 command_ms=578.743792 gpu_ms=578.199250624 host_copy_ms=0.00575 full_state_readback=0
resting_native_profile step=16896 command_ms=578.935666 gpu_ms=578.334749676 host_copy_ms=0.005625 full_state_readback=0
resting_native_profile step=16928 command_ms=579.037 gpu_ms=578.454624861 host_copy_ms=0.007166 full_state_readback=0
resting_native_profile step=16960 command_ms=580.982625 gpu_ms=580.396999605 host_copy_ms=0.0075 full_state_readback=0
resting_native_profile step=16992 command_ms=580.6155 gpu_ms=579.998000525 host_copy_ms=0.006125 full_state_readback=0
resting_native_profile step=17024 command_ms=579.816875 gpu_ms=579.20762524 host_copy_ms=0.006125 full_state_readback=0
resting_native_profile step=17056 command_ms=579.035084 gpu_ms=578.431082889 host_copy_ms=0.007 full_state_readback=0
resting_native_profile step=17088 command_ms=580.343292 gpu_ms=579.750875011 host_copy_ms=0.005583 full_state_readback=0
resting_native_profile step=17120 command_ms=579.5935 gpu_ms=578.978166915 host_copy_ms=0.005625 full_state_readback=0
resting_native_profile step=17152 command_ms=580.067084 gpu_ms=579.492250457 host_copy_ms=0.005875 full_state_readback=0
resting_native_profile step=17184 command_ms=580.365792 gpu_ms=579.840000719 host_copy_ms=0.005791 full_state_readback=0
resting_native_profile step=17216 command_ms=579.993792 gpu_ms=579.441375099 host_copy_ms=0.005917 full_state_readback=0
resting_native_profile step=17248 command_ms=580.08425 gpu_ms=579.537792131 host_copy_ms=0.008291 full_state_readback=0
resting_native_profile step=17280 command_ms=580.19675 gpu_ms=579.567041248 host_copy_ms=0.0055 full_state_readback=0
resting_native_profile step=17312 command_ms=580.828667 gpu_ms=580.326166935 host_copy_ms=0.005792 full_state_readback=0
resting_native_profile step=17344 command_ms=580.371708 gpu_ms=579.825459048 host_copy_ms=0.00625 full_state_readback=0
resting_native_profile step=17376 command_ms=580.504791 gpu_ms=579.962832853 host_copy_ms=0.006625 full_state_readback=0
resting_native_profile step=17408 command_ms=580.657792 gpu_ms=580.139249563 host_copy_ms=0.006042 full_state_readback=0
resting_native_profile step=17440 command_ms=580.717 gpu_ms=580.204124562 host_copy_ms=0.005584 full_state_readback=0
resting_native_profile step=17472 command_ms=578.57 gpu_ms=578.00841704 host_copy_ms=0.00825 full_state_readback=0
resting_native_profile step=17504 command_ms=579.761 gpu_ms=579.241958447 host_copy_ms=0.006125 full_state_readback=0
resting_native_profile step=17536 command_ms=580.653417 gpu_ms=580.042541958 host_copy_ms=0.005833 full_state_readback=0
resting_native_profile step=17568 command_ms=580.5775 gpu_ms=580.053625628 host_copy_ms=0.006625 full_state_readback=0
resting_native_profile step=17600 command_ms=579.898542 gpu_ms=579.367666505 host_copy_ms=0.007083 full_state_readback=0
resting_native_profile step=17632 command_ms=578.46275 gpu_ms=577.849708498 host_copy_ms=0.005375 full_state_readback=0
resting_native_profile step=17664 command_ms=578.50825 gpu_ms=578.31650041 host_copy_ms=0.006125 full_state_readback=0
resting_native_profile step=17696 command_ms=580.220542 gpu_ms=579.660916701 host_copy_ms=0.006833 full_state_readback=0
resting_native_profile step=17728 command_ms=579.87925 gpu_ms=579.366500489 host_copy_ms=0.00625 full_state_readback=0
resting_native_profile step=17760 command_ms=575.903125 gpu_ms=575.300250202 host_copy_ms=0.008875 full_state_readback=0
resting_native_profile step=17792 command_ms=576.707083 gpu_ms=576.036999933 host_copy_ms=0.005917 full_state_readback=0
resting_native_profile step=17824 command_ms=581.088167 gpu_ms=580.56762442 host_copy_ms=0.005833 full_state_readback=0
resting_native_profile step=17856 command_ms=576.342541 gpu_ms=575.826499611 host_copy_ms=0.006125 full_state_readback=0
resting_native_profile step=17888 command_ms=570.906125 gpu_ms=570.358624682 host_copy_ms=0.006167 full_state_readback=0
resting_native_profile step=17920 command_ms=570.612209 gpu_ms=570.068249479 host_copy_ms=0.005875 full_state_readback=0
resting_native_profile step=17952 command_ms=571.310958 gpu_ms=570.701249875 host_copy_ms=0.006209 full_state_readback=0
resting_native_profile step=17984 command_ms=570.045792 gpu_ms=569.524541497 host_copy_ms=0.00925 full_state_readback=0
resting_native_profile step=18016 command_ms=571.006083 gpu_ms=570.351207629 host_copy_ms=0.006958 full_state_readback=0
resting_native_profile step=18048 command_ms=569.680542 gpu_ms=569.111499935 host_copy_ms=0.00775 full_state_readback=0
resting_native_profile step=18080 command_ms=570.139875 gpu_ms=569.608707912 host_copy_ms=0.006958 full_state_readback=0
resting_native_profile step=18112 command_ms=570.641208 gpu_ms=570.063875057 host_copy_ms=0.006084 full_state_readback=0
resting_native_profile step=18144 command_ms=570.070958 gpu_ms=569.464624859 host_copy_ms=0.0065 full_state_readback=0
resting_native_profile step=18176 command_ms=570.038417 gpu_ms=569.507124834 host_copy_ms=0.006083 full_state_readback=0
resting_native_profile step=18208 command_ms=569.750916 gpu_ms=569.163749926 host_copy_ms=0.005792 full_state_readback=0
resting_native_profile step=18240 command_ms=569.258667 gpu_ms=569.088333286 host_copy_ms=0.006083 full_state_readback=0
resting_native_profile step=18272 command_ms=570.143667 gpu_ms=569.609333761 host_copy_ms=0.006708 full_state_readback=0
resting_native_profile step=18304 command_ms=569.399042 gpu_ms=568.782249466 host_copy_ms=0.008833 full_state_readback=0
resting_native_profile step=18336 command_ms=569.13275 gpu_ms=568.950249813 host_copy_ms=0.006833 full_state_readback=0
resting_native_profile step=18368 command_ms=569.110583 gpu_ms=568.580291234 host_copy_ms=0.006292 full_state_readback=0
resting_native_profile step=18400 command_ms=569.710917 gpu_ms=569.089083932 host_copy_ms=0.005875 full_state_readback=0
resting_native_profile step=18432 command_ms=568.815625 gpu_ms=568.270624615 host_copy_ms=0.006458 full_state_readback=0
resting_native_profile step=18464 command_ms=569.344917 gpu_ms=568.817749619 host_copy_ms=0.006792 full_state_readback=0
resting_native_profile step=18496 command_ms=568.889792 gpu_ms=568.313499913 host_copy_ms=0.006917 full_state_readback=0
resting_native_profile step=18528 command_ms=569.555375 gpu_ms=569.013499655 host_copy_ms=0.0065 full_state_readback=0
resting_native_profile step=18560 command_ms=569.0575 gpu_ms=568.430874497 host_copy_ms=0.006 full_state_readback=0
resting_native_profile step=18592 command_ms=569.54975 gpu_ms=569.010416977 host_copy_ms=0.005917 full_state_readback=0
resting_native_profile step=18624 command_ms=568.532666 gpu_ms=567.928625271 host_copy_ms=0.008292 full_state_readback=0
resting_native_profile step=18656 command_ms=568.976458 gpu_ms=568.394291215 host_copy_ms=0.007334 full_state_readback=0
resting_native_profile step=18688 command_ms=568.318084 gpu_ms=567.78241694 host_copy_ms=0.006166 full_state_readback=0
resting_native_profile step=18720 command_ms=568.656 gpu_ms=568.015749566 host_copy_ms=0.006167 full_state_readback=0
resting_native_profile step=18752 command_ms=565.106125 gpu_ms=564.516374841 host_copy_ms=0.008667 full_state_readback=0
resting_native_profile step=18784 command_ms=566.973 gpu_ms=566.747625358 host_copy_ms=0.007375 full_state_readback=0
resting_native_profile step=18816 command_ms=568.206792 gpu_ms=567.585624754 host_copy_ms=0.008875 full_state_readback=0
resting_native_profile step=18848 command_ms=567.428458 gpu_ms=566.879999824 host_copy_ms=0.005667 full_state_readback=0
resting_native_profile step=18880 command_ms=566.856125 gpu_ms=566.230958328 host_copy_ms=0.006125 full_state_readback=0
resting_native_profile step=18912 command_ms=567.311875 gpu_ms=566.663707606 host_copy_ms=0.008958 full_state_readback=0
resting_native_profile step=18944 command_ms=566.7475 gpu_ms=566.511750221 host_copy_ms=0.008458 full_state_readback=0
resting_native_profile step=18976 command_ms=566.965542 gpu_ms=566.429499537 host_copy_ms=0.00775 full_state_readback=0
resting_native_profile step=19008 command_ms=567.654791 gpu_ms=567.113375291 host_copy_ms=0.007 full_state_readback=0
resting_native_profile step=19040 command_ms=567.648917 gpu_ms=567.057083361 host_copy_ms=0.005 full_state_readback=0
resting_native_profile step=19072 command_ms=565.986583 gpu_ms=565.353166312 host_copy_ms=0.006292 full_state_readback=0
resting_native_profile step=19104 command_ms=565.858417 gpu_ms=565.314374864 host_copy_ms=0.005917 full_state_readback=0
resting_native_profile step=19136 command_ms=565.433917 gpu_ms=565.214666538 host_copy_ms=0.005958 full_state_readback=0
resting_native_profile step=19168 command_ms=564.185 gpu_ms=564.006499946 host_copy_ms=0.005125 full_state_readback=0
resting_native_profile step=19200 command_ms=563.67075 gpu_ms=563.494250178 host_copy_ms=0.00625 full_state_readback=0
resting_native_profile step=19232 command_ms=564.460333 gpu_ms=563.84950038 host_copy_ms=0.0075 full_state_readback=0
resting_native_profile step=19264 command_ms=563.72275 gpu_ms=563.512000255 host_copy_ms=0.009584 full_state_readback=0
resting_native_profile step=19296 command_ms=564.07625 gpu_ms=563.477207907 host_copy_ms=0.007042 full_state_readback=0
resting_native_profile step=19328 command_ms=564.356 gpu_ms=563.718709163 host_copy_ms=0.006709 full_state_readback=0
resting_native_profile step=19360 command_ms=563.884791 gpu_ms=563.359333202 host_copy_ms=0.009084 full_state_readback=0
resting_native_profile step=19392 command_ms=564.204458 gpu_ms=563.583708368 host_copy_ms=0.006209 full_state_readback=0
resting_native_profile step=19424 command_ms=562.862875 gpu_ms=562.685624696 host_copy_ms=0.006166 full_state_readback=0
resting_native_profile step=19456 command_ms=563.840333 gpu_ms=563.634499907 host_copy_ms=0.005209 full_state_readback=0
resting_native_profile step=19488 command_ms=563.911625 gpu_ms=563.356624916 host_copy_ms=0.006417 full_state_readback=0
resting_native_profile step=19520 command_ms=564.087583 gpu_ms=563.528083265 host_copy_ms=0.005667 full_state_readback=0
resting_native_profile step=19552 command_ms=563.2635 gpu_ms=562.71112524 host_copy_ms=0.008875 full_state_readback=0
resting_native_profile step=19584 command_ms=563.517542 gpu_ms=562.975875102 host_copy_ms=0.00625 full_state_readback=0
resting_native_profile step=19616 command_ms=563.899667 gpu_ms=563.341666944 host_copy_ms=0.006916 full_state_readback=0
resting_native_profile step=19648 command_ms=563.635875 gpu_ms=563.071041368 host_copy_ms=0.007375 full_state_readback=0
resting_native_profile step=19680 command_ms=562.453959 gpu_ms=561.876500025 host_copy_ms=0.006875 full_state_readback=0
resting_native_profile step=19712 command_ms=563.747584 gpu_ms=563.211999834 host_copy_ms=0.00775 full_state_readback=0
resting_native_profile step=19744 command_ms=563.627042 gpu_ms=563.099792227 host_copy_ms=0.007041 full_state_readback=0
resting_native_profile step=19776 command_ms=563.407458 gpu_ms=562.815666199 host_copy_ms=0.006625 full_state_readback=0
resting_native_profile step=19808 command_ms=563.930625 gpu_ms=563.309541903 host_copy_ms=0.00625 full_state_readback=0
resting_native_profile step=19840 command_ms=563.606833 gpu_ms=563.021125272 host_copy_ms=0.0085 full_state_readback=0
resting_native_profile step=19872 command_ms=564.37575 gpu_ms=563.771332614 host_copy_ms=0.006583 full_state_readback=0
resting_native_profile step=19904 command_ms=564.141417 gpu_ms=563.500500284 host_copy_ms=0.009208 full_state_readback=0
resting_native_profile step=19936 command_ms=563.107209 gpu_ms=562.486374751 host_copy_ms=0.006125 full_state_readback=0
resting_native_profile step=19968 command_ms=564.327916 gpu_ms=563.723624684 host_copy_ms=0.006917 full_state_readback=0
resting_native_profile step=20000 command_ms=563.421459 gpu_ms=562.823249958 host_copy_ms=0.006375 full_state_readback=0
resting_native_profile step=20032 command_ms=561.799459 gpu_ms=561.617749743 host_copy_ms=0.006291 full_state_readback=0
resting_native_profile step=20064 command_ms=562.814458 gpu_ms=562.197750434 host_copy_ms=0.006625 full_state_readback=0
resting_native_profile step=20096 command_ms=562.175042 gpu_ms=561.553999782 host_copy_ms=0.005333 full_state_readback=0
resting_native_profile step=20128 command_ms=561.968 gpu_ms=561.348750256 host_copy_ms=0.005833 full_state_readback=0
resting_native_profile step=20160 command_ms=562.252333 gpu_ms=561.634958722 host_copy_ms=0.006042 full_state_readback=0
resting_native_profile step=20192 command_ms=561.268209 gpu_ms=560.587458313 host_copy_ms=0.009 full_state_readback=0
resting_native_profile step=20224 command_ms=561.809459 gpu_ms=561.269707978 host_copy_ms=0.005833 full_state_readback=0
resting_native_profile step=20256 command_ms=561.635875 gpu_ms=561.095749959 host_copy_ms=0.005833 full_state_readback=0
resting_native_profile step=20288 command_ms=562.106292 gpu_ms=561.564249918 host_copy_ms=0.005583 full_state_readback=0
resting_native_profile step=20320 command_ms=561.686833 gpu_ms=561.106916517 host_copy_ms=0.005209 full_state_readback=0
resting_native_profile step=20352 command_ms=562.10875 gpu_ms=561.563625 host_copy_ms=0.00475 full_state_readback=0
resting_native_profile step=20384 command_ms=562.029417 gpu_ms=561.492124572 host_copy_ms=0.005291 full_state_readback=0
resting_native_profile step=20416 command_ms=562.247916 gpu_ms=561.658291146 host_copy_ms=0.005375 full_state_readback=0
resting_native_profile step=20448 command_ms=562.577041 gpu_ms=561.931708828 host_copy_ms=0.011 full_state_readback=0
resting_native_profile step=20480 command_ms=561.380083 gpu_ms=560.758874752 host_copy_ms=0.007667 full_state_readback=0
resting_native_profile step=20512 command_ms=561.6555 gpu_ms=561.128874309 host_copy_ms=0.009083 full_state_readback=0
resting_native_profile step=20544 command_ms=561.822167 gpu_ms=561.274458654 host_copy_ms=0.008542 full_state_readback=0
resting_native_profile step=20576 command_ms=561.812959 gpu_ms=561.198208481 host_copy_ms=0.007041 full_state_readback=0
resting_native_profile step=20608 command_ms=562.292791 gpu_ms=561.773874797 host_copy_ms=0.006292 full_state_readback=0
resting_native_profile step=20640 command_ms=561.124375 gpu_ms=560.958249494 host_copy_ms=0.005958 full_state_readback=0
resting_native_profile step=20672 command_ms=561.388417 gpu_ms=560.846375301 host_copy_ms=0.008333 full_state_readback=0
resting_native_profile step=20704 command_ms=561.672209 gpu_ms=561.446749605 host_copy_ms=0.008333 full_state_readback=0
resting_native_profile step=20736 command_ms=562.220041 gpu_ms=561.459333636 host_copy_ms=0.011292 full_state_readback=0
resting_native_profile step=20768 command_ms=561.92075 gpu_ms=561.726541258 host_copy_ms=0.0075 full_state_readback=0
resting_native_profile step=20800 command_ms=561.28175 gpu_ms=561.074375175 host_copy_ms=0.0075 full_state_readback=0
resting_native_profile step=20832 command_ms=562.315792 gpu_ms=561.770167202 host_copy_ms=0.006 full_state_readback=0
resting_native_profile step=20864 command_ms=562.4195 gpu_ms=561.887499876 host_copy_ms=0.005541 full_state_readback=0
resting_native_profile step=20896 command_ms=561.639833 gpu_ms=561.048249714 host_copy_ms=0.006375 full_state_readback=0
resting_native_profile step=20928 command_ms=561.848208 gpu_ms=561.259624548 host_copy_ms=0.005917 full_state_readback=0
resting_native_profile step=20960 command_ms=562.693083 gpu_ms=562.066375278 host_copy_ms=0.006083 full_state_readback=0
resting_native_profile step=20992 command_ms=562.096167 gpu_ms=561.539124697 host_copy_ms=0.008708 full_state_readback=0
resting_native_profile step=21024 command_ms=562.248833 gpu_ms=561.704999767 host_copy_ms=0.00625 full_state_readback=0
resting_native_profile step=21056 command_ms=561.902458 gpu_ms=561.335874721 host_copy_ms=0.009209 full_state_readback=0
resting_native_profile step=21088 command_ms=562.203708 gpu_ms=561.665416695 host_copy_ms=0.007375 full_state_readback=0
resting_native_profile step=21120 command_ms=562.249583 gpu_ms=561.722332612 host_copy_ms=0.006125 full_state_readback=0
resting_native_profile step=21152 command_ms=561.989625 gpu_ms=561.395999976 host_copy_ms=0.006125 full_state_readback=0
resting_native_profile step=21184 command_ms=562.123167 gpu_ms=561.558833346 host_copy_ms=0.005916 full_state_readback=0
resting_native_profile step=21216 command_ms=562.134333 gpu_ms=561.583166942 host_copy_ms=0.005625 full_state_readback=0
resting_native_profile step=21248 command_ms=562.311125 gpu_ms=561.677041464 host_copy_ms=0.006208 full_state_readback=0
resting_native_profile step=21280 command_ms=561.732417 gpu_ms=561.125124805 host_copy_ms=0.006208 full_state_readback=0
resting_native_profile step=21312 command_ms=559.756958 gpu_ms=559.12304204 host_copy_ms=0.005958 full_state_readback=0
resting_native_profile step=21344 command_ms=561.238083 gpu_ms=560.678791255 host_copy_ms=0.005625 full_state_readback=0
resting_native_profile step=21376 command_ms=562.140709 gpu_ms=561.609749682 host_copy_ms=0.008375 full_state_readback=0
resting_native_profile step=21408 command_ms=561.403875 gpu_ms=560.784207657 host_copy_ms=0.008125 full_state_readback=0
resting_native_profile step=21440 command_ms=561.534542 gpu_ms=561.017749831 host_copy_ms=0.00625 full_state_readback=0
resting_native_profile step=21472 command_ms=562.138583 gpu_ms=561.590624973 host_copy_ms=0.006209 full_state_readback=0
resting_native_profile step=21504 command_ms=561.596417 gpu_ms=560.99970825 host_copy_ms=0.005958 full_state_readback=0
resting_native_profile step=21536 command_ms=562.013708 gpu_ms=561.434000731 host_copy_ms=0.010417 full_state_readback=0
resting_native_profile step=21568 command_ms=561.671 gpu_ms=561.107916757 host_copy_ms=0.006334 full_state_readback=0
resting_native_profile step=21600 command_ms=561.151459 gpu_ms=560.584125109 host_copy_ms=0.006208 full_state_readback=0
resting_native_profile step=21632 command_ms=561.870708 gpu_ms=561.319749802 host_copy_ms=0.005959 full_state_readback=0
resting_native_profile step=21664 command_ms=561.946375 gpu_ms=561.424500309 host_copy_ms=0.006 full_state_readback=0
resting_native_profile step=21696 command_ms=561.726625 gpu_ms=561.546124518 host_copy_ms=0.005417 full_state_readback=0
resting_native_profile step=21728 command_ms=562.697375 gpu_ms=562.144249678 host_copy_ms=0.006834 full_state_readback=0
resting_native_profile step=21760 command_ms=561.73025 gpu_ms=561.17362529 host_copy_ms=0.006083 full_state_readback=0
resting_native_profile step=21792 command_ms=561.883583 gpu_ms=561.292249709 host_copy_ms=0.006209 full_state_readback=0
resting_native_profile step=21824 command_ms=561.450583 gpu_ms=560.834500007 host_copy_ms=0.007709 full_state_readback=0
resting_native_profile step=21856 command_ms=561.010875 gpu_ms=560.388791375 host_copy_ms=0.007083 full_state_readback=0
resting_native_profile step=21888 command_ms=561.448166 gpu_ms=560.876875184 host_copy_ms=0.006667 full_state_readback=0
resting_native_profile step=21920 command_ms=561.894125 gpu_ms=561.368708499 host_copy_ms=0.006042 full_state_readback=0
resting_native_profile step=21952 command_ms=561.479583 gpu_ms=560.959708877 host_copy_ms=0.005792 full_state_readback=0
resting_native_profile step=21984 command_ms=561.90425 gpu_ms=561.291624792 host_copy_ms=0.007542 full_state_readback=0
resting_native_profile step=22016 command_ms=562.24925 gpu_ms=561.846749857 host_copy_ms=0.00625 full_state_readback=0
resting_native_profile step=22048 command_ms=561.866792 gpu_ms=561.328374781 host_copy_ms=0.008417 full_state_readback=0
resting_native_profile step=22080 command_ms=562.611167 gpu_ms=562.02808395 host_copy_ms=0.00925 full_state_readback=0
resting_native_profile step=22112 command_ms=562.16975 gpu_ms=561.536749825 host_copy_ms=0.005834 full_state_readback=0
resting_native_profile step=22144 command_ms=561.939416 gpu_ms=561.343125068 host_copy_ms=0.005667 full_state_readback=0
resting_native_profile step=22176 command_ms=561.833042 gpu_ms=561.239375733 host_copy_ms=0.005708 full_state_readback=0
resting_native_profile step=22208 command_ms=562.363959 gpu_ms=561.806250364 host_copy_ms=0.0055 full_state_readback=0
resting_native_profile step=22240 command_ms=562.246708 gpu_ms=561.684957705 host_copy_ms=0.005167 full_state_readback=0
resting_native_profile step=22272 command_ms=561.819792 gpu_ms=561.283375137 host_copy_ms=0.006583 full_state_readback=0
resting_native_profile step=22304 command_ms=562.076333 gpu_ms=561.545167118 host_copy_ms=0.005417 full_state_readback=0
resting_native_profile step=22336 command_ms=561.695833 gpu_ms=561.203000136 host_copy_ms=0.006375 full_state_readback=0
resting_native_profile step=22368 command_ms=561.940833 gpu_ms=561.664749868 host_copy_ms=0.009084 full_state_readback=0
resting_native_profile step=22400 command_ms=562.446583 gpu_ms=561.876875348 host_copy_ms=0.007167 full_state_readback=0
resting_native_profile step=22432 command_ms=562.477875 gpu_ms=561.915874481 host_copy_ms=0.006917 full_state_readback=0
resting_native_profile step=22464 command_ms=562.49375 gpu_ms=561.804375611 host_copy_ms=0.005959 full_state_readback=0
resting_native_profile step=22496 command_ms=562.306042 gpu_ms=561.721500009 host_copy_ms=0.006458 full_state_readback=0
resting_native_profile step=22528 command_ms=562.282667 gpu_ms=561.679791659 host_copy_ms=0.00625 full_state_readback=0
resting_native_profile step=22560 command_ms=562.975708 gpu_ms=562.369083054 host_copy_ms=0.00575 full_state_readback=0
resting_native_profile step=22592 command_ms=560.642166 gpu_ms=560.011708178 host_copy_ms=0.006209 full_state_readback=0
resting_native_profile step=22624 command_ms=561.233625 gpu_ms=560.70970837 host_copy_ms=0.008417 full_state_readback=0
resting_native_profile step=22656 command_ms=561.497959 gpu_ms=560.869082808 host_copy_ms=0.005541 full_state_readback=0
resting_native_profile step=22688 command_ms=561.553 gpu_ms=561.299375258 host_copy_ms=0.008166 full_state_readback=0
resting_native_profile step=22720 command_ms=562.389125 gpu_ms=561.842874624 host_copy_ms=0.006542 full_state_readback=0
resting_native_profile step=22752 command_ms=562.025084 gpu_ms=561.424541287 host_copy_ms=0.006291 full_state_readback=0
resting_native_profile step=22784 command_ms=561.244334 gpu_ms=560.592541471 host_copy_ms=0.007708 full_state_readback=0
resting_native_profile step=22816 command_ms=561.59775 gpu_ms=560.989958234 host_copy_ms=0.006333 full_state_readback=0
resting_native_profile step=22848 command_ms=562.624792 gpu_ms=562.079125084 host_copy_ms=0.006291 full_state_readback=0
resting_native_profile step=22880 command_ms=562.3855 gpu_ms=561.868499964 host_copy_ms=0.006042 full_state_readback=0
resting_native_profile step=22912 command_ms=562.016125 gpu_ms=561.49829179 host_copy_ms=0.00775 full_state_readback=0
resting_native_profile step=22944 command_ms=561.860917 gpu_ms=561.663333327 host_copy_ms=0.006291 full_state_readback=0
resting_native_profile step=22976 command_ms=561.912292 gpu_ms=561.363750137 host_copy_ms=0.006708 full_state_readback=0
resting_native_profile step=23008 command_ms=561.811166 gpu_ms=561.210124753 host_copy_ms=0.006875 full_state_readback=0
resting_native_profile step=23040 command_ms=562.234875 gpu_ms=561.644458212 host_copy_ms=0.008959 full_state_readback=0
resting_native_profile step=23072 command_ms=562.631042 gpu_ms=562.024458311 host_copy_ms=0.007208 full_state_readback=0
resting_native_profile step=23104 command_ms=562.500375 gpu_ms=561.873833649 host_copy_ms=0.006542 full_state_readback=0
resting_native_profile step=23136 command_ms=562.796375 gpu_ms=562.283916399 host_copy_ms=0.007417 full_state_readback=0
resting_native_profile step=23168 command_ms=564.225958 gpu_ms=563.671667129 host_copy_ms=0.009 full_state_readback=0
resting_native_profile step=23200 command_ms=563.4895 gpu_ms=563.297457993 host_copy_ms=0.0065 full_state_readback=0
resting_native_profile step=23232 command_ms=563.170292 gpu_ms=562.640374526 host_copy_ms=0.006 full_state_readback=0
resting_native_profile step=23264 command_ms=563.126667 gpu_ms=562.573750503 host_copy_ms=0.006 full_state_readback=0
resting_native_profile step=23296 command_ms=562.83 gpu_ms=562.308374792 host_copy_ms=0.006417 full_state_readback=0
resting_native_profile step=23328 command_ms=561.666958 gpu_ms=561.47566624 host_copy_ms=0.0085 full_state_readback=0
resting_native_profile step=23360 command_ms=562.333458 gpu_ms=561.988541856 host_copy_ms=0.008834 full_state_readback=0
resting_native_profile step=23392 command_ms=562.714417 gpu_ms=562.17783317 host_copy_ms=0.006125 full_state_readback=0
resting_native_profile step=23424 command_ms=562.441 gpu_ms=561.899666674 host_copy_ms=0.00575 full_state_readback=0
resting_native_profile step=23456 command_ms=563.15525 gpu_ms=562.577582896 host_copy_ms=0.006125 full_state_readback=0
resting_native_profile step=23488 command_ms=562.667459 gpu_ms=562.069291249 host_copy_ms=0.0055 full_state_readback=0
resting_native_profile step=23520 command_ms=562.6315 gpu_ms=562.021874823 host_copy_ms=0.007542 full_state_readback=0
resting_native_profile step=23552 command_ms=562.983167 gpu_ms=562.394957989 host_copy_ms=0.006042 full_state_readback=0
resting_native_profile step=23584 command_ms=563.357542 gpu_ms=562.801375054 host_copy_ms=0.006041 full_state_readback=0
resting_native_profile step=23616 command_ms=563.018583 gpu_ms=562.47587502 host_copy_ms=0.005209 full_state_readback=0
resting_native_profile step=23648 command_ms=562.596791 gpu_ms=562.033874914 host_copy_ms=0.006125 full_state_readback=0
resting_native_profile step=23680 command_ms=562.776708 gpu_ms=562.223750167 host_copy_ms=0.008625 full_state_readback=0
resting_native_profile step=23712 command_ms=562.86775 gpu_ms=562.332875095 host_copy_ms=0.010291 full_state_readback=0
resting_native_profile step=23744 command_ms=562.207458 gpu_ms=561.652250588 host_copy_ms=0.007375 full_state_readback=0
resting_native_profile step=23776 command_ms=562.897625 gpu_ms=562.719750218 host_copy_ms=0.006583 full_state_readback=0
resting_native_profile step=23808 command_ms=562.392 gpu_ms=561.826416291 host_copy_ms=0.007458 full_state_readback=0
resting_native_profile step=23840 command_ms=563.094834 gpu_ms=562.537667342 host_copy_ms=0.006541 full_state_readback=0
resting_native_profile step=23872 command_ms=562.15725 gpu_ms=561.607500538 host_copy_ms=0.00625 full_state_readback=0
resting_native_profile step=23904 command_ms=562.137542 gpu_ms=561.499292031 host_copy_ms=0.005875 full_state_readback=0
resting_native_profile step=23936 command_ms=561.930625 gpu_ms=561.30024977 host_copy_ms=0.006833 full_state_readback=0
resting_native_profile step=23968 command_ms=563.493 gpu_ms=562.803499401 host_copy_ms=0.006542 full_state_readback=0
resting_native_profile step=24000 command_ms=562.841459 gpu_ms=562.291875482 host_copy_ms=0.006208 full_state_readback=0
resting_native_profile step=24032 command_ms=562.784209 gpu_ms=562.216125429 host_copy_ms=0.009 full_state_readback=0
resting_native_profile step=24064 command_ms=562.743459 gpu_ms=562.151624821 host_copy_ms=0.006291 full_state_readback=0
resting_native_profile step=24096 command_ms=562.843416 gpu_ms=562.318082899 host_copy_ms=0.005542 full_state_readback=0
resting_native_profile step=24128 command_ms=564.071084 gpu_ms=563.548999839 host_copy_ms=0.0065 full_state_readback=0
resting_native_profile step=24160 command_ms=564.752458 gpu_ms=564.216500148 host_copy_ms=0.006667 full_state_readback=0
resting_native_profile step=24192 command_ms=565.271875 gpu_ms=564.742666669 host_copy_ms=0.005959 full_state_readback=0
resting_native_profile step=24224 command_ms=564.923292 gpu_ms=564.302958548 host_copy_ms=0.006125 full_state_readback=0
resting_native_profile step=24256 command_ms=565.322 gpu_ms=564.765582792 host_copy_ms=0.00925 full_state_readback=0
resting_native_profile step=24288 command_ms=565.234917 gpu_ms=564.697291702 host_copy_ms=0.006791 full_state_readback=0
resting_native_profile step=24320 command_ms=563.920541 gpu_ms=563.354916871 host_copy_ms=0.006917 full_state_readback=0
resting_native_profile step=24352 command_ms=563.589833 gpu_ms=563.063000329 host_copy_ms=0.008959 full_state_readback=0
resting_native_profile step=24384 command_ms=563.456583 gpu_ms=562.888333574 host_copy_ms=0.007083 full_state_readback=0
resting_native_profile step=24416 command_ms=562.17425 gpu_ms=561.637458391 host_copy_ms=0.007709 full_state_readback=0
resting_native_profile step=24448 command_ms=562.742459 gpu_ms=562.195041217 host_copy_ms=0.00625 full_state_readback=0
resting_native_profile step=24480 command_ms=562.208125 gpu_ms=561.616249382 host_copy_ms=0.0065 full_state_readback=0
resting_native_profile step=24512 command_ms=562.173542 gpu_ms=561.978542246 host_copy_ms=0.007167 full_state_readback=0
resting_native_profile step=24544 command_ms=562.103459 gpu_ms=561.889749952 host_copy_ms=0.006916 full_state_readback=0
resting_native_profile step=24576 command_ms=562.474916 gpu_ms=561.911083758 host_copy_ms=0.006709 full_state_readback=0
resting_native_profile step=24608 command_ms=562.49 gpu_ms=561.910875142 host_copy_ms=0.007125 full_state_readback=0
resting_native_profile step=24640 command_ms=562.939625 gpu_ms=562.325208448 host_copy_ms=0.006708 full_state_readback=0
resting_native_profile step=24672 command_ms=562.815625 gpu_ms=562.162499875 host_copy_ms=0.008834 full_state_readback=0
resting_native_profile step=24704 command_ms=563.305625 gpu_ms=562.677375041 host_copy_ms=0.006625 full_state_readback=0
resting_native_profile step=24736 command_ms=562.754583 gpu_ms=562.172374688 host_copy_ms=0.006042 full_state_readback=0
resting_native_profile step=24768 command_ms=563.326 gpu_ms=562.797125429 host_copy_ms=0.006125 full_state_readback=0
resting_native_profile step=24800 command_ms=562.335167 gpu_ms=561.789708212 host_copy_ms=0.00925 full_state_readback=0
resting_native_profile step=24832 command_ms=562.558792 gpu_ms=562.015750445 host_copy_ms=0.006166 full_state_readback=0
resting_native_profile step=24864 command_ms=562.635125 gpu_ms=562.114499509 host_copy_ms=0.005584 full_state_readback=0
resting_native_profile step=24896 command_ms=562.489792 gpu_ms=561.863374896 host_copy_ms=0.006 full_state_readback=0
resting_native_profile step=24928 command_ms=562.615166 gpu_ms=562.309041619 host_copy_ms=0.005542 full_state_readback=0
resting_native_profile step=24960 command_ms=562.787417 gpu_ms=562.228417024 host_copy_ms=0.005292 full_state_readback=0
resting_native_profile step=24992 command_ms=562.775875 gpu_ms=562.200957909 host_copy_ms=0.005625 full_state_readback=0
resting_native_profile step=25024 command_ms=561.787458 gpu_ms=561.149083078 host_copy_ms=0.008583 full_state_readback=0
resting_native_profile step=25056 command_ms=562.679375 gpu_ms=562.066041864 host_copy_ms=0.007542 full_state_readback=0
resting_native_profile step=25088 command_ms=562.866875 gpu_ms=562.22512573 host_copy_ms=0.005416 full_state_readback=0
resting_native_profile step=25120 command_ms=563.423416 gpu_ms=562.824624591 host_copy_ms=0.006334 full_state_readback=0
resting_native_profile step=25152 command_ms=562.179125 gpu_ms=561.603583395 host_copy_ms=0.008041 full_state_readback=0
resting_native_profile step=25184 command_ms=560.466167 gpu_ms=559.85374935 host_copy_ms=0.005917 full_state_readback=0
resting_native_profile step=25216 command_ms=562.109458 gpu_ms=561.571499333 host_copy_ms=0.005959 full_state_readback=0
resting_native_profile step=25248 command_ms=562.945125 gpu_ms=562.419542111 host_copy_ms=0.0065 full_state_readback=0
resting_native_profile step=25280 command_ms=562.312958 gpu_ms=561.791375279 host_copy_ms=0.005292 full_state_readback=0
resting_native_profile step=25312 command_ms=562.342166 gpu_ms=561.712833121 host_copy_ms=0.006084 full_state_readback=0
resting_native_profile step=25344 command_ms=562.324417 gpu_ms=561.787124723 host_copy_ms=0.012208 full_state_readback=0
resting_native_profile step=25376 command_ms=562.2695 gpu_ms=561.711290851 host_copy_ms=0.006625 full_state_readback=0
resting_native_profile step=25408 command_ms=562.444125 gpu_ms=561.840833165 host_copy_ms=0.006292 full_state_readback=0
resting_native_profile step=25440 command_ms=561.684458 gpu_ms=561.056874692 host_copy_ms=0.006167 full_state_readback=0
resting_native_profile step=25472 command_ms=562.536208 gpu_ms=561.8999172 host_copy_ms=0.005917 full_state_readback=0
resting_native_profile step=25504 command_ms=562.612167 gpu_ms=561.980375089 host_copy_ms=0.006375 full_state_readback=0
resting_native_profile step=25536 command_ms=562.532334 gpu_ms=562.003124505 host_copy_ms=0.007416 full_state_readback=0
resting_native_profile step=25568 command_ms=561.372541 gpu_ms=560.805915855 host_copy_ms=0.006459 full_state_readback=0
resting_native_profile step=25600 command_ms=562.0435 gpu_ms=561.502874829 host_copy_ms=0.007125 full_state_readback=0
resting_native_profile step=25632 command_ms=562.300083 gpu_ms=562.12358363 host_copy_ms=0.006542 full_state_readback=0
resting_native_profile step=25664 command_ms=561.798958 gpu_ms=561.555374414 host_copy_ms=0.008584 full_state_readback=0
resting_native_profile step=25696 command_ms=562.15125 gpu_ms=561.578624882 host_copy_ms=0.006709 full_state_readback=0
resting_native_profile step=25728 command_ms=562.033875 gpu_ms=561.49779167 host_copy_ms=0.006417 full_state_readback=0
resting_native_profile step=25760 command_ms=561.915917 gpu_ms=561.281916685 host_copy_ms=0.006917 full_state_readback=0
resting_native_profile step=25792 command_ms=562.144125 gpu_ms=561.562874354 host_copy_ms=0.005834 full_state_readback=0
resting_native_profile step=25824 command_ms=562.509792 gpu_ms=561.897458509 host_copy_ms=0.005958 full_state_readback=0
resting_native_profile step=25856 command_ms=562.281917 gpu_ms=561.722249724 host_copy_ms=0.0055 full_state_readback=0
resting_native_profile step=25888 command_ms=562.586291 gpu_ms=562.027124688 host_copy_ms=0.009334 full_state_readback=0
resting_native_profile step=25920 command_ms=561.859083 gpu_ms=561.314959079 host_copy_ms=0.006042 full_state_readback=0
resting_native_profile step=25952 command_ms=561.862959 gpu_ms=561.329708435 host_copy_ms=0.007375 full_state_readback=0
resting_native_profile step=25984 command_ms=562.05825 gpu_ms=561.4214167 host_copy_ms=0.006083 full_state_readback=0
resting_native_profile step=26016 command_ms=561.694666 gpu_ms=561.479124241 host_copy_ms=0.009125 full_state_readback=0
resting_native_profile step=26048 command_ms=562.871291 gpu_ms=562.303375453 host_copy_ms=0.006667 full_state_readback=0
resting_native_profile step=26080 command_ms=561.653667 gpu_ms=561.0967502 host_copy_ms=0.00775 full_state_readback=0
resting_native_profile step=26112 command_ms=562.967125 gpu_ms=562.335125171 host_copy_ms=0.008 full_state_readback=0
resting_native_profile step=26144 command_ms=561.680083 gpu_ms=561.087500304 host_copy_ms=0.0065 full_state_readback=0
resting_native_profile step=26176 command_ms=562.6925 gpu_ms=562.09641695 host_copy_ms=0.006084 full_state_readback=0
resting_native_profile step=26208 command_ms=561.67925 gpu_ms=561.114249751 host_copy_ms=0.006 full_state_readback=0
resting_native_profile step=26240 command_ms=562.299042 gpu_ms=561.730374582 host_copy_ms=0.005875 full_state_readback=0
resting_native_profile step=26272 command_ms=563.282625 gpu_ms=562.723250128 host_copy_ms=0.00675 full_state_readback=0
resting_native_profile step=26304 command_ms=564.170625 gpu_ms=563.587457873 host_copy_ms=0.006167 full_state_readback=0
resting_native_profile step=26336 command_ms=562.575792 gpu_ms=562.032708898 host_copy_ms=0.008958 full_state_readback=0
resting_native_profile step=26368 command_ms=562.886125 gpu_ms=562.31499929 host_copy_ms=0.006708 full_state_readback=0
resting_native_profile step=26400 command_ms=562.184459 gpu_ms=561.625375412 host_copy_ms=0.006041 full_state_readback=0
resting_native_profile step=26432 command_ms=563.2175 gpu_ms=562.607208267 host_copy_ms=0.008375 full_state_readback=0
resting_native_profile step=26464 command_ms=561.316792 gpu_ms=560.785832815 host_copy_ms=0.00725 full_state_readback=0
resting_native_profile step=26496 command_ms=560.826458 gpu_ms=560.650833882 host_copy_ms=0.005792 full_state_readback=0
resting_native_profile step=26528 command_ms=562.482583 gpu_ms=561.921332963 host_copy_ms=0.006208 full_state_readback=0
resting_native_profile step=26560 command_ms=562.679584 gpu_ms=562.115374953 host_copy_ms=0.005708 full_state_readback=0
resting_native_profile step=26592 command_ms=562.252041 gpu_ms=561.647541821 host_copy_ms=0.006167 full_state_readback=0
resting_native_profile step=26624 command_ms=561.696666 gpu_ms=561.06912531 host_copy_ms=0.00775 full_state_readback=0
resting_native_profile step=26656 command_ms=562.409083 gpu_ms=561.785624363 host_copy_ms=0.008209 full_state_readback=0
resting_native_profile step=26688 command_ms=562.205458 gpu_ms=561.622625217 host_copy_ms=0.007 full_state_readback=0
resting_native_profile step=26720 command_ms=561.99575 gpu_ms=561.463208869 host_copy_ms=0.006625 full_state_readback=0
resting_native_profile step=26752 command_ms=562.541416 gpu_ms=561.982249841 host_copy_ms=0.006375 full_state_readback=0
resting_native_profile step=26784 command_ms=562.20625 gpu_ms=561.677541584 host_copy_ms=0.006166 full_state_readback=0
resting_native_profile step=26816 command_ms=562.47275 gpu_ms=561.85416691 host_copy_ms=0.006 full_state_readback=0
resting_native_profile step=26848 command_ms=561.887333 gpu_ms=561.382583342 host_copy_ms=0.005542 full_state_readback=0
resting_native_profile step=26880 command_ms=562.256292 gpu_ms=562.079083174 host_copy_ms=0.00525 full_state_readback=0
resting_native_profile step=26912 command_ms=561.936917 gpu_ms=561.379125342 host_copy_ms=0.006833 full_state_readback=0
resting_native_profile step=26944 command_ms=562.404334 gpu_ms=561.847832985 host_copy_ms=0.006333 full_state_readback=0
resting_native_profile step=26976 command_ms=562.169542 gpu_ms=561.574166641 host_copy_ms=0.010417 full_state_readback=0
resting_native_profile step=27008 command_ms=562.215458 gpu_ms=561.621375382 host_copy_ms=0.006792 full_state_readback=0
resting_native_profile step=27040 command_ms=562.4185 gpu_ms=561.783208512 host_copy_ms=0.006792 full_state_readback=0
resting_native_profile step=27072 command_ms=561.811333 gpu_ms=561.216083355 host_copy_ms=0.007167 full_state_readback=0
resting_native_profile step=27104 command_ms=561.772875 gpu_ms=561.232624575 host_copy_ms=0.006917 full_state_readback=0
resting_native_profile step=27136 command_ms=561.753083 gpu_ms=561.144833453 host_copy_ms=0.007458 full_state_readback=0
resting_native_profile step=27168 command_ms=561.491875 gpu_ms=560.975374654 host_copy_ms=0.006542 full_state_readback=0
resting_native_profile step=27200 command_ms=562.263333 gpu_ms=562.058791518 host_copy_ms=0.006667 full_state_readback=0
resting_native_profile step=27232 command_ms=561.763625 gpu_ms=561.210500076 host_copy_ms=0.006333 full_state_readback=0
resting_native_profile step=27264 command_ms=562.044833 gpu_ms=561.522874981 host_copy_ms=0.006834 full_state_readback=0
resting_native_profile step=27296 command_ms=562.067291 gpu_ms=561.43300049 host_copy_ms=0.006375 full_state_readback=0
resting_native_profile step=27328 command_ms=561.703375 gpu_ms=561.106583104 host_copy_ms=0.008875 full_state_readback=0
resting_native_profile step=27360 command_ms=561.798458 gpu_ms=561.157875694 host_copy_ms=0.006834 full_state_readback=0
resting_native_profile step=27392 command_ms=561.43275 gpu_ms=560.890000314 host_copy_ms=0.006833 full_state_readback=0
resting_native_profile step=27424 command_ms=562.022375 gpu_ms=561.486625113 host_copy_ms=0.006417 full_state_readback=0
resting_native_profile step=27456 command_ms=562.055958 gpu_ms=561.536207795 host_copy_ms=0.005792 full_state_readback=0
resting_native_profile step=27488 command_ms=561.666458 gpu_ms=561.484749429 host_copy_ms=0.006292 full_state_readback=0
resting_native_profile step=27520 command_ms=561.326875 gpu_ms=560.786999762 host_copy_ms=0.010541 full_state_readback=0
resting_native_profile step=27552 command_ms=561.506292 gpu_ms=560.866208747 host_copy_ms=0.006916 full_state_readback=0
resting_native_profile step=27584 command_ms=561.562333 gpu_ms=560.930291191 host_copy_ms=0.006667 full_state_readback=0
resting_native_profile step=27616 command_ms=561.162792 gpu_ms=560.512792319 host_copy_ms=0.007708 full_state_readback=0
resting_native_profile step=27648 command_ms=561.776958 gpu_ms=561.07208319 host_copy_ms=0.007417 full_state_readback=0
resting_native_profile step=27680 command_ms=564.535292 gpu_ms=563.96666728 host_copy_ms=0.00825 full_state_readback=0
resting_native_profile step=27712 command_ms=561.18125 gpu_ms=560.628416948 host_copy_ms=0.020834 full_state_readback=0
resting_native_profile step=27744 command_ms=560.944292 gpu_ms=560.386500321 host_copy_ms=0.008 full_state_readback=0
resting_native_profile step=27776 command_ms=559.660875 gpu_ms=559.054832906 host_copy_ms=0.010292 full_state_readback=0
resting_native_profile step=27808 command_ms=561.116833 gpu_ms=560.42729225 host_copy_ms=0.009417 full_state_readback=0
resting_native_profile step=27840 command_ms=563.109625 gpu_ms=562.498458661 host_copy_ms=0.009292 full_state_readback=0
resting_native_profile step=27872 command_ms=561.928167 gpu_ms=561.261000112 host_copy_ms=0.009708 full_state_readback=0
resting_native_profile step=27904 command_ms=573.848583 gpu_ms=560.79966668 host_copy_ms=0.009667 full_state_readback=0
resting_native_profile step=27936 command_ms=562.24975 gpu_ms=561.547500081 host_copy_ms=0.0085 full_state_readback=0
resting_native_profile step=27968 command_ms=574.177292 gpu_ms=561.29475031 host_copy_ms=0.010625 full_state_readback=0
resting_native_profile step=28000 command_ms=561.803584 gpu_ms=561.132250354 host_copy_ms=0.019833 full_state_readback=0
resting_native_profile step=28032 command_ms=561.640708 gpu_ms=560.923208483 host_copy_ms=0.019375 full_state_readback=0
resting_native_profile step=28064 command_ms=562.68975 gpu_ms=561.993500218 host_copy_ms=0.011667 full_state_readback=0
resting_native_profile step=28096 command_ms=561.41275 gpu_ms=560.762417503 host_copy_ms=0.008208 full_state_readback=0
resting_native_profile step=28128 command_ms=573.356709 gpu_ms=561.56612467 host_copy_ms=0.009333 full_state_readback=0
resting_native_profile step=28160 command_ms=576.666625 gpu_ms=563.438749872 host_copy_ms=0.01025 full_state_readback=0
resting_native_profile step=28192 command_ms=571.403833 gpu_ms=570.747375488 host_copy_ms=0.009792 full_state_readback=0
resting_native_profile step=28224 command_ms=573.913084 gpu_ms=573.225874454 host_copy_ms=0.009541 full_state_readback=0
resting_native_profile step=28256 command_ms=562.06525 gpu_ms=561.456749216 host_copy_ms=0.00925 full_state_readback=0
resting_native_profile step=28288 command_ms=572.165084 gpu_ms=560.949374922 host_copy_ms=0.008916 full_state_readback=0
resting_native_profile step=28320 command_ms=576.445542 gpu_ms=575.758708641 host_copy_ms=0.010167 full_state_readback=0
resting_native_profile step=28352 command_ms=564.687375 gpu_ms=564.049166627 host_copy_ms=0.010375 full_state_readback=0
resting_native_profile step=28384 command_ms=562.446583 gpu_ms=561.755874194 host_copy_ms=0.009292 full_state_readback=0
resting_native_profile step=28416 command_ms=574.767 gpu_ms=561.957749538 host_copy_ms=0.010542 full_state_readback=0
resting_native_profile step=28448 command_ms=575.156041 gpu_ms=561.956332996 host_copy_ms=0.010542 full_state_readback=0
resting_native_profile step=28480 command_ms=578.757625 gpu_ms=578.057666309 host_copy_ms=0.0095 full_state_readback=0
resting_native_profile step=28512 command_ms=573.318375 gpu_ms=572.702083737 host_copy_ms=0.008833 full_state_readback=0
resting_native_profile step=28544 command_ms=561.60475 gpu_ms=560.928124934 host_copy_ms=0.00875 full_state_readback=0
resting_native_profile step=28576 command_ms=575.803584 gpu_ms=575.138583779 host_copy_ms=0.013375 full_state_readback=0
resting_native_profile step=28608 command_ms=576.741542 gpu_ms=576.048374176 host_copy_ms=0.010458 full_state_readback=0
resting_native_profile step=28640 command_ms=564.332667 gpu_ms=563.67012579 host_copy_ms=0.009833 full_state_readback=0
resting_native_profile step=28672 command_ms=561.750667 gpu_ms=561.139374971 host_copy_ms=0.009791 full_state_readback=0
resting_native_profile step=28704 command_ms=561.078292 gpu_ms=560.81574969 host_copy_ms=0.009625 full_state_readback=0
resting_native_profile step=28736 command_ms=561.907333 gpu_ms=561.303582974 host_copy_ms=0.01 full_state_readback=0
resting_native_profile step=28768 command_ms=563.921041 gpu_ms=563.335250132 host_copy_ms=0.009459 full_state_readback=0
resting_native_profile step=28800 command_ms=561.304167 gpu_ms=560.662625358 host_copy_ms=0.0105 full_state_readback=0
resting_native_profile step=28832 command_ms=561.932042 gpu_ms=561.252166517 host_copy_ms=0.010667 full_state_readback=0
resting_native_profile step=28864 command_ms=561.773166 gpu_ms=561.109541915 host_copy_ms=0.009167 full_state_readback=0
resting_native_profile step=28896 command_ms=561.816459 gpu_ms=561.136166565 host_copy_ms=0.011625 full_state_readback=0
resting_native_profile step=28928 command_ms=561.981291 gpu_ms=561.32891681 host_copy_ms=0.009 full_state_readback=0
resting_native_profile step=28960 command_ms=573.566542 gpu_ms=561.019457877 host_copy_ms=0.010167 full_state_readback=0
resting_native_profile step=28992 command_ms=573.599208 gpu_ms=572.872499935 host_copy_ms=0.008958 full_state_readback=0
resting_native_profile step=29024 command_ms=574.514041 gpu_ms=561.762999743 host_copy_ms=0.009 full_state_readback=0
resting_native_profile step=29056 command_ms=586.349417 gpu_ms=585.729000159 host_copy_ms=0.009625 full_state_readback=0
resting_native_profile step=29088 command_ms=563.451541 gpu_ms=560.113666579 host_copy_ms=0.007625 full_state_readback=0
resting_native_profile step=29120 command_ms=561.721791 gpu_ms=561.038625427 host_copy_ms=0.008375 full_state_readback=0
resting_native_profile step=29152 command_ms=561.405666 gpu_ms=560.797458515 host_copy_ms=0.009709 full_state_readback=0
resting_native_profile step=29184 command_ms=561.234625 gpu_ms=560.577833094 host_copy_ms=0.009292 full_state_readback=0
resting_native_profile step=29216 command_ms=590.915709 gpu_ms=577.891167253 host_copy_ms=0.009125 full_state_readback=0
resting_native_profile step=29248 command_ms=561.400833 gpu_ms=560.776166618 host_copy_ms=0.010209 full_state_readback=0
resting_native_profile step=29280 command_ms=560.882042 gpu_ms=560.266583227 host_copy_ms=0.010166 full_state_readback=0
resting_native_profile step=29312 command_ms=575.681125 gpu_ms=575.039208867 host_copy_ms=0.010333 full_state_readback=0
resting_native_profile step=29344 command_ms=562.178792 gpu_ms=561.454583891 host_copy_ms=0.009333 full_state_readback=0
resting_native_profile step=29376 command_ms=579.763042 gpu_ms=579.153458588 host_copy_ms=0.010375 full_state_readback=0
resting_native_profile step=29408 command_ms=565.222375 gpu_ms=562.212541699 host_copy_ms=0.009209 full_state_readback=0
resting_native_profile step=29440 command_ms=582.551625 gpu_ms=581.942792051 host_copy_ms=0.010542 full_state_readback=0
resting_native_profile step=29472 command_ms=576.704833 gpu_ms=576.107624918 host_copy_ms=0.011167 full_state_readback=0
resting_native_profile step=29504 command_ms=561.57125 gpu_ms=560.834249482 host_copy_ms=0.009084 full_state_readback=0
resting_native_profile step=29536 command_ms=573.876417 gpu_ms=561.07812468 host_copy_ms=0.010208 full_state_readback=0
resting_native_profile step=29568 command_ms=572.411167 gpu_ms=571.788749658 host_copy_ms=0.021167 full_state_readback=0
resting_native_profile step=29600 command_ms=563.701167 gpu_ms=563.08399979 host_copy_ms=0.016875 full_state_readback=0
resting_native_profile step=29632 command_ms=566.790916 gpu_ms=566.550083458 host_copy_ms=0.013042 full_state_readback=0
resting_native_profile step=29664 command_ms=563.767416 gpu_ms=563.19458317 host_copy_ms=0.007834 full_state_readback=0
resting_native_profile step=29696 command_ms=561.162916 gpu_ms=560.587124899 host_copy_ms=0.00775 full_state_readback=0
resting_native_profile step=29728 command_ms=561.33425 gpu_ms=560.76500006 host_copy_ms=0.006958 full_state_readback=0
resting_native_profile step=29760 command_ms=561.125 gpu_ms=560.522541404 host_copy_ms=0.007667 full_state_readback=0
resting_native_profile step=29792 command_ms=561.484083 gpu_ms=560.882874765 host_copy_ms=0.007417 full_state_readback=0
resting_native_profile step=29824 command_ms=561.522459 gpu_ms=560.909333639 host_copy_ms=0.00725 full_state_readback=0
resting_native_profile step=29856 command_ms=561.310125 gpu_ms=560.711083934 host_copy_ms=0.007459 full_state_readback=0
resting_native_profile step=29888 command_ms=560.802917 gpu_ms=560.212208889 host_copy_ms=0.007083 full_state_readback=0
resting_native_profile step=29920 command_ms=560.757833 gpu_ms=560.146499425 host_copy_ms=0.007667 full_state_readback=0
resting_native_profile step=29952 command_ms=561.230042 gpu_ms=560.637624934 host_copy_ms=0.008416 full_state_readback=0
resting_native_profile step=29984 command_ms=561.682292 gpu_ms=561.085874215 host_copy_ms=0.008458 full_state_readback=0
resting_native_profile step=30000 command_ms=281.126 gpu_ms=280.524124391 host_copy_ms=0.099666 full_state_readback=1
accepted_geometry_export=/Users/n/numi-human-resting-evidence-20261005/dynamic-release-native-024/accepted-geometry/step-29999.mrvpack receipt=/Users/n/numi-human-resting-evidence-20261005/dynamic-release-native-024/accepted-geometry/step-29999.receipt.json accepted_root=0x08c3d93e6715870b pack_sha256=5f096d40206f4b6ada71e5b0236def2503f6f5f8b03e1e5ddaeb219759fe2dd1 receipt_sha256=e39d749398569416c6c3ef8e57b6d681a3ed02cd36e8fb849f8c6f93eb43ffc1
stand_terminal_state={"schema":"numi.human.legacy-stand-terminal.v1","step_count":30000,"timestep_seconds":0.002,"root_assistance":false,"initial_q":[-0.05000000074505806,0.20000000298023224,0.10715460777282715,-0.70090925693511963,0,0,0.71325045824050903,0,0,0,0,0,0,0,0,0,0,0,0,0,0,0,0,0,0,0,0,0,0,0,0,0,0,0,0,0,0,0,0,0,0,0,0,0,0,0,0,0,0,0,0,0,0,0,0,0,0,0,0,0,0,0,0,0,0,0,0,0,0,0,0,0,0,0,0,0,0,0,0,0,0,0,0,0,0,0,0,0,0,0,0,0,0,0,0,0,0,0,0,0,0,0,0,0,7.6925396608196195e-11,9.537330214470785e-08,0,-1.4732499664660281e-08,1.0893900004305124e-08,0,0,0,0,0,0.010506000369787216,0,0,0,-7.6925396608196195e-11,9.537330214470785e-08,0,-1.4732499664660281e-08,-1.0893900004305124e-08,0,0,0,0,0,0.010506000369787216],"initial_v":[0,0,0,0,0,0,0,0,0,0,0,0,0,0,0,0,0,0,0,0,0,0,0,0,0,0,0,0,0,0,0,0,0,0,0,0,0,0,0,0,0,0,0,0,0,0,0,0,0,0,0,0,0,0,0,0,0,0,0,0,0,0,0,0,0,0,0,0,0,0,0,0,0,0,0,0,0,0,0,0,0,0,0,0,0,0,0,0,0,0,0,0,0,0,0,0,0,0,0,0,0,0,0,0,0,0,0,0,0,0,0,0,0,0,0,0,0,0,0,0,0,0,0,0,0,0,0,0],"q":[-0.016700355336070061,0.17254070937633514,-0.19298771023750305,-0.79442548751831055,0.015129896812140942,-0.0089973490685224533,0.60710638761520386,-0.24888221919536591,0.044260360300540924,-0.00054571591317653656,0,0,-0.16000637412071228,-0.046043209731578827,0.0080155506730079651,-2.0617148038581945e-05,-0.050771970301866531,0.010857066139578819,-2.0617148038581945e-05,-0.057491794228553772,0.011069515720009804,-1.6977221093839034e-05,-0.06346496194601059,0.008320947177708149,-1.5765732314321212e-05,-1.6271643588083862e-08,6.8919150386648198e-09,-6.8919150386648198e-09,1.6271643588083862e-08,-3.2946716466142334e-09,2.6626326032896941e-08,1.1968399604711522e-08,-1.1968399604711522e-08,-2.6626326032896941e-08,3.2946716466142334e-09,0.001697008847258985,6.7238197232200037e-08,-0.001697008847258985,-0.31267142295837402,2.7859085705017606e-08,-0.28388679027557373,0.19265061616897583,-0.51593017578125,-0.77999997138977051,0.78000056743621826,0.020214775577187538,-1.3090000152587891,1.570799708366394,-0.26179894804954529,-1.5294433524104534e-06,1.0268735195495537e-08,1.5707998275756836,0.26168811321258545,1.5707999467849731,3.2240320706478087e-06,1.5707999467849731,0.26178973913192749,1.5707999467849731,5.269678027275404e-09,-3.5488835692376597e-07,0.18429151177406311,-1.5374237136711599e-06,1.8156084413689655e-09,1.8595443407321e-07,-7.876169405562905e-08,7.876169405562905e-08,-1.8595443407321e-07,3.7651929574167298e-08,-3.0428907393797999e-07,-1.367764070892008e-07,1.367764070892008e-07,3.0428907393797999e-07,-3.7651929574167298e-08,-0.0022555002942681313,-7.6840677820655401e-07,0.0022555002942681313,-0.30190062522888184,-6.9566397087328369e-07,-0.29534444212913513,0.11870991438627243,-0.28088167309761047,-0.77999991178512573,0.77999985218048096,-0.28364458680152893,-1.3090000152587891,1.57080078125,0.26179885864257812,5.0160835485257849e-08,-1.1650176929833833e-06,1.5708019733428955,0.26179888844490051,1.5708023309707642,-8.474772243971529e-07,1.570803165435791,0.26179897785186768,1.5708019733428955,-8.0346586628365912e-07,5.8566115512803663e-07,0.21119435131549835,1.4575107343262061e-07,-1.4792484535064432e-06,-0.34098106622695923,-0.0016204690327867866,-0.69813168048858643,3.4632688539204537e-07,2.7961877435700444e-07,5.8889694628305733e-05,4.6433283387159463e-06,2.1769988961750641e-05,-0.24613398313522339,-0.028607612475752831,-0.52359902858734131,-2.8728838969982462e-06,-8.8457062474844861e-07,0.010507454164326191,-0.33821278810501099,-0.053075741976499557,-0.69813185930252075,-2.3188409525864984e-10,9.545576062919281e-08,2.6354820548135649e-08,-1.2647833003143205e-08,-2.0631979680274526e-08,-0.34008625149726868,0.071848973631858826,-0.52359902858734131,-1.2857119813247664e-09,-3.9581782296238543e-10,0.010506001301109791],"v":[0.00030786645947955549,1.4614686733693816e-05,4.9683538236422464e-05,0.00010283992014592513,-0.00013131904415786266,-0.00026913455803878605,6.41649603494443e-05,0.00051010918105021119,0.00018449375056661665,0,0,4.1251652874052525e-05,1.1870517482748255e-05,9.2380767455324531e-05,6.9701741267635953e-06,1.308965147472918e-05,0.00012512977991718799,6.9701741267635953e-06,1.482210609538015e-05,0.00012757829972542822,5.7396005104237702e-06,1.6362064343411475e-05,9.5900519227143377e-05,5.3300245781429112e-06,1.9977569820639474e-07,-8.4615741968718794e-08,8.4615741968718794e-08,-1.9977569820639474e-07,4.0450448324236277e-08,-3.2690567763893341e-07,-1.4694245464852429e-07,1.4694245464852429e-07,3.2690567763893341e-07,-4.0450448324236277e-08,-3.2273703254759312e-05,-8.2551940749908681e-07,3.2273703254759312e-05,0.0019084926461800933,9.2286950348352548e-07,0.0054886313155293465,0.0095546478405594826,-0.0025986433029174805,-4.0973318391479552e-06,2.3805903765605763e-05,0.0027970185037702322,5.7188035640365342e-08,-6.3707986555527896e-05,5.7439565352979116e-06,-2.7009797122445889e-05,-9.1160126203249092e-07,2.9500453820219263e-05,-0.0080189956352114677,1.0858617315534502e-05,0.0016059719491750002,-2.543837035773322e-05,0.025013789534568787,0.014890237711369991,-1.5460822169188759e-06,-6.8290602939669043e-05,-0.0044210511259734631,-1.3269806913740467e-05,-4.7801677283132449e-08,6.0358929658832494e-06,-2.5565248051862e-06,2.5565248051862e-06,-6.0358929658832494e-06,1.2221436236359295e-06,-9.8769160103984177e-06,-4.4396238081390038e-06,4.4396238081390038e-06,9.8769160103984177e-06,-1.2221436236359295e-06,3.3776956115616485e-05,-2.4941706215031445e-05,-3.3776956115616485e-05,0.00034530635457485914,-2.4387445591855794e-05,-0.00094645289937034249,-0.00097877881489694118,-0.00013429975660983473,-1.658504288570839e-06,2.107090040226467e-06,-0.0012290284503251314,-1.1501383596623782e-06,0.00022636585345026106,-1.1983970580331516e-05,7.0247360781650059e-06,-3.1652041798224673e-05,0.00024768747971393168,-2.8025287974742241e-06,5.0558792281663045e-05,-1.9724211597349495e-05,0.00020826680702157319,4.6715090320503805e-06,6.2008628447074443e-05,-9.3310027295956388e-06,2.8157042834209278e-05,0.001095840591005981,8.6416712292702869e-06,-6.1819196162105072e-07,0.00013230036711320281,0.00014086173905525357,1.8575293836420315e-07,1.8475573426712799e-07,9.83086252404064e-08,3.1423383916262537e-05,2.4854680304997601e-06,1.1610281035245862e-05,0.00032887491397559643,3.9373477193294093e-05,-2.6818318588084367e-07,-1.5329460438806564e-06,-4.7206754061335232e-07,7.7321806202235166e-07,8.9149580162484199e-05,-5.7484918215777725e-05,3.5656137242767727e-06,3.6465545860675519e-11,-1.9404533535549717e-11,-6.2019296365178889e-09,-4.9057263806773221e-10,2.2916066821920822e-09,-0.00056527263950556517,-3.5507295251591131e-05,-1.5009124609832725e-08,3.0255928318290159e-10,9.3145553770046519e-11,-1.5356865779025952e-10]}
resting_integrated_body=completed simulated_s=60.000002849847078 wall_s=590.32602341699999 real_time_factor=0.10163875633086179 physiology_body_clock=matched root_assistance=false presentation_qualification=pending
