accepted_step,time_s,contact_index,body_index,source_geometry_index,point_query_index,slip_pre_step_contact_J_v_before_tangent0_m_s,slip_pre_step_contact_J_v_before_tangent1_m_s,slip_pre_step_contact_J_v_before_speed_m_s,slip_pre_step_contact_J_v_free_tangent0_m_s,slip_pre_step_contact_J_v_free_tangent1_m_s,slip_pre_step_contact_J_v_free_speed_m_s,slip_pre_step_contact_J_v_preprojection_velocity_same_q_tangent0_m_s,slip_pre_step_contact_J_v_preprojection_velocity_same_q_tangent1_m_s,slip_pre_step_contact_J_v_preprojection_velocity_same_q_speed_m_s,slip_pre_step_contact_J_v_accepted_tangent0_m_s,slip_pre_step_contact_J_v_accepted_tangent1_m_s,slip_pre_step_contact_J_v_accepted_speed_m_s
464,0.92800004407763481,0,23,25848,628,2.0553051835118911e-06,3.6195654270378545e-05,3.6253960714081205e-05,-0.00072345525427062085,0.00047192379327463794,0.00086377055494528865,-1.7736686319428793e-05,3.8928637175082489e-05,4.2778836285049019e-05,-1.7736771499260162e-05,3.8928528203994382e-05,4.2778772438513871e-05
464,0.92800004407763481,1,20,17765,629,1.5444603394494634e-05,2.4458049696864373e-05,2.8926319658531098e-05,0.0031591346582786322,0.045325907956885521,0.045435867592742138,1.3690238729609782e-05,2.5249630145554912e-05,2.8722229352211207e-05,1.3690236828019424e-05,2.5249839382881891e-05,2.8722412385950326e-05
464,0.92800004407763481,2,20,37608,630,1.6793724397880911e-06,1.6983652593787633e-05,1.7066480223466968e-05,-0.0062406376437116945,0.014886005416193185,0.016141211709504472,1.4253420306293181e-06,1.7801270290804781e-05,1.7858242463091587e-05,1.4253640888847713e-06,1.7801519131421676e-05,1.7858492270408895e-05
464,0.92800004407763481,3,20,15824,631,9.5802863962643088e-06,2.4897869832523398e-05,2.6677440087679436e-05,0.0051050731408091021,0.0092099742867641221,0.010530213584532216,9.8500329614340368e-06,2.5458363017929176e-05,2.7297461363540765e-05,9.8500509641448718e-06,2.5458587911736014e-05,2.7297677601873797e-05
464,0.92800004407763481,4,128,34319,632,-7.6182905771808479e-05,-1.6644903576026169e-06,7.6201087000034331e-05,-0.00048018143676976282,0.005289068543214771,0.0053108210539465827,-7.4006980856180629e-05,-9.8753063074329959e-07,7.4013569243711939e-05,-7.4006994716409281e-05,-9.8749675542731484e-07,7.4013582650731154e-05
464,0.92800004407763481,5,128,21162,633,6.7062654503901807e-07,-1.0348759197589914e-05,1.0370465606356005e-05,-7.7016393742157174e-05,0.0054455911793170062,0.0054461357692551357,1.9963907383593217e-06,-9.9033806666839807e-06,1.0102599893564871e-05,1.9963977306817041e-06,-9.9033557645640926e-06,1.0102576864275565e-05
464,0.92800004407763481,6,1,33529,634,-6.3555417092527383e-05,1.5507436714944182e-05,6.541996358355086e-05,-0.00027291725901286065,0.0045158462282444758,0.0045240856520867229,-6.3324258165991317e-05,1.5844668274566706e-05,6.5276451994606582e-05,-6.3324269076225242e-05,1.5844703051186515e-05,6.527647101995064e-05
464,0.92800004407763481,7,128,20347,635,1.0401884174875255e-06,-2.7627512870513817e-08,1.0405552476166813e-06,-6.4986769609406115e-05,0.0047199173708087341,0.0047203647388190566,1.2858736872270317e-06,1.2684298065332504e-07,1.2921146548367378e-06,1.2858784499182219e-06,1.2687099587494295e-07,1.29212214498413e-06
464,0.92800004407763481,8,42,7241,636,6.3087575206981435e-07,3.2349811873377891e-05,3.2355962857833345e-05,0.0013040074553688468,-0.0090947522476834443,0.0091877610923663325,5.993764268843012e-07,3.259398004900719e-05,3.2599490602403338e-05,5.9941363848680874e-07,3.2594154565390868e-05,3.2599665773479862e-05
464,0.92800004407763481,9,92,47753,637,-0.00021749389235137823,0.00020489701840084072,0.00029880826855980299,-0.019900701687664342,-0.0056780159897238868,0.020694873598091062,-0.00026041572163212998,0.00022412555734140167,0.00034358203318389182,-0.00026041569322399492,0.00022412582961866485,0.00034358218926421177
464,0.92800004407763481,10,136,18300,638,-0.00012145468469233693,-0.00056491817740820214,0.00057782677992623355,-0.0023837247488769473,0.13765992960364165,0.13768056639249412,-0.00010793158653127336,-0.00055560358399700679,0.00056598990266742099,-0.00010792999896460752,-0.00055560372935278064,0.00056598974261661147
464,0.92800004407763481,11,150,36234,639,-0.00011495634750673696,-0.00055987832476878032,0.00057155813385690311,0.0040006238567252342,0.14114818968295739,0.14120487400234852,-0.00011296092473310834,-0.00055191574485052321,0.0005633570448041515,-0.00011296129673089824,-0.00055191578941684639,0.00056335716305621491
464,0.92800004407763481,12,42,6890,640,-4.7170683254018837e-05,8.0022844770337125e-05,9.2890952432346424e-05,0.015910028957130552,-0.0084249702767588384,0.018003031566405769,-5.0579928783765058e-05,6.6849634693235831e-05,8.3828413168745024e-05,-5.0579876747238698e-05,6.6849817939548188e-05,8.3828527902597678e-05
464,0.92800004407763481,13,62,3413,641,2.4221812004903445e-05,2.0874697632242516e-05,3.1975759225363762e-05,0.0012584326231275436,-0.00046006816547367307,0.0013398937957293411,2.07704985769736e-05,1.976066378998821e-05,2.8668753801953332e-05,2.0770580649213789e-05,1.9760832209388123e-05,2.8668929350659147e-05
464,0.92800004407763481,14,72,5299,642,-3.900892390454755e-05,7.4886169761162011e-05,8.4437163415692482e-05,0.012811686367011278,-0.0082650240854541344,0.015246308756541682,-3.8545038660116142e-05,6.3062118003687592e-05,7.390907070462236e-05,-3.8544982542252775e-05,6.3062281482275965e-05,7.3909180924512866e-05
464,0.92800004407763481,15,54,520,643,2.6527357804982134e-05,1.4960852774175964e-05,3.0455341532219192e-05,0.0011766159049491766,0.00032147349362167751,0.0012197418558370031,2.2891589642026745e-05,1.4719093604129536e-05,2.7215374200368313e-05,2.2891671547415863e-05,1.4719258869186635e-05,2.7215532474910321e-05
464,0.92800004407763481,16,61,754,644,9.8823318454106088e-05,-2.6066280302589771e-05,0.00010220322518930038,-0.0061192124277309468,-0.010408774508124293,0.012074243143844463,8.6350761440001259e-05,-2.032995306378554e-05,8.8711673374160466e-05,8.6350848432384148e-05,-2.0329826676065846e-05,8.8711729087372993e-05
464,0.92800004407763481,17,66,2759,645,0.0001291746193483854,-4.3318321713844103e-05,0.00013624448348430244,-0.0079521653919073908,-0.0070207424782952896,0.010607910226184491,0.00011582479890294916,-3.7180116147449588e-05,0.00012164598257914831,0.00011582487832769166,-3.7180031335475169e-05,0.00012164603228108795
464,0.92800004407763481,18,71,4379,646,0.00021235678654828324,-0.00013730705591925694,0.00025288066829697969,-0.013886761190883794,-0.0016366003089479573,0.013982867979920459,0.00019524412504369113,-0.00012165102003995324,0.00023004182019980106,0.00019524418872242085,-0.00012165104728262178,0.00023004188865255598
464,0.92800004407763481,19,76,6105,647,0.00011905594764076919,-3.2789524004941984e-05,0.00012348875071484139,-0.007696092625061172,-0.0057092713878408976,0.0095825686260803625,0.00010676079735071266,-2.8019869812542617e-05,0.00011037654168921844,0.00010676087659378922,-2.8019776991264281e-05,0.00011037659477314235
464,0.92800004407763481,20,138,20234,648,0.00020265888331244569,0.0016135776263796497,0.0016262544017891024,-0.033859786391126467,0.21376064433442632,0.21642573368414816,0.00020545312349253499,0.0016345925281406066,0.0016474537076974086,0.00020545639888071252,0.0016345924331742578,0.0016474540219476753
464,0.92800004407763481,21,136,18301,649,-0.00011464451392139163,-0.00056668162276015646,0.00057816211061116455,-0.0020458118636060563,0.13683319310124981,0.13684848585375431,-0.00010094280389304818,-0.00055736315194434942,0.00056643016586612892,-0.00010094123090979998,-0.00055736329857595417,0.00056643002983338883
464,0.92800004407763481,22,92,47596,650,0.00011756019269113786,0.00028652736964736574,0.00030970684923426481,-0.016313636670760669,-0.0081914098888477994,0.018254696310612804,0.0001028857402863714,0.00030223206618427674,0.00031926430646768471,0.00010288579933067634,0.00030223240915283682,0.00031926465016697347
464,0.92800004407763481,23,112,51583,651,-0.00012911780509663052,0.00015798959369619118,0.00020403950428595692,-0.001311826792290178,0.0024450951582803211,0.0027747756424648475,-0.00013153447596495516,0.00014999904139125709,0.00019950195684672223,-0.0001315343880260242,0.00014999940088008851,0.00019950216915554125
464,0.92800004407763481,24,122,49892,652,-0.0004117772572985754,-2.878431213995515e-05,0.00041278208082922829,0.0076568024187352998,-0.0019947471129833361,0.0079123725471129131,-0.00041717681083233379,-1.1626226242005262e-05,0.00041733878400271779,-0.00041717672406175283,-1.162592763727619e-05,0.00041733868894738602
464,0.92800004407763481,25,104,54177,653,-0.00024760427907050619,0.00014245512184715635,0.0002856594839218773,0.0059136902392914444,-0.0024154418405597055,0.0063879645843897218,-0.00025155730321149,0.00013404324927729041,0.00028504152237148069,-0.00025155720764591198,0.00013404360537701938,0.00028504160549133625
464,0.92800004407763481,26,111,52655,654,-0.0003606265905082661,2.5374137528322418e-05,0.00036151816639959166,0.0076702873698310378,-0.0062073830206723305,0.0098673660265098453,-0.00036568324625934224,2.8846230284983043e-05,0.00036681922195602702,-0.00036568315215981248,2.8846561496996056e-05,0.000366819154194184
464,0.92800004407763481,27,116,51774,655,-0.00081454815019189983,-0.00050223405358711625,0.00095693664030780648,0.010658015782052686,-0.0084852482598323821,0.01362324258175977,-0.00082377937061762325,-0.00044056186277814045,0.00093418799306655212,-0.00082377929063646321,-0.00044056165368504355,0.0009341878239300782
464,0.92800004407763481,28,121,50655,656,-0.00080714699688035009,-0.0004990076080893472,0.00094894408028293185,0.01211060605141921,-0.0050380868924071341,0.013116748776587748,-0.00081624175351039426,-0.00043415560519671407,0.00092452241167937526,-0.00081624167670088987,-0.00043415540453750964,0.00092452224963632365
464,0.92800004407763481,29,126,47936,657,-0.00058073986769461357,-0.00024119093769005311,0.00062883373188289151,0.0097343401406161951,-0.0013065632394302742,0.0098216335439601024,-0.00058766179248615315,-0.00019917133442850366,0.0006204962552715926,-0.00058766171374710337,-0.00019917108872407558,0.00062049610183120092
464,0.92800004407763481,30,152,34831,658,-0.00018839684152087874,0.0014801196505182281,0.0014920615100408041,0.032343404662572031,0.21821148710470192,0.22059544176979809,-0.00019311987858189312,0.0015039224604107705,0.0015162711018915683,-0.00019312028457398815,0.0015039223727864371,0.0015162710666900973
464,0.92800004407763481,31,150,36891,659,-0.0001390562381864223,-0.00057636673923476805,0.00059290408623543665,0.0034350729652123475,0.14077014631084311,0.14081205139707506,-0.00013619201917348164,-0.00056880160732762034,0.00058487907689114195,-0.00013619239791903752,-0.00056880164776008815,0.00058487920440508808
465,0.93000004417262971,0,23,25848,628,-1.7735896971461318e-05,3.8930954067975693e-05,4.278061741051809e-05,-0.00073809194826731912,0.0004734811826078069,0.00087690601228451748,4.3142116289596104e-05,3.125266956320099e-05,5.3272615411406853e-05,4.3140884223915418e-05,3.1252695957637289e-05,5.3271633129103451e-05
465,0.93000004417262971,1,20,17765,629,1.3690472662740235e-05,2.5252339582886609e-05,2.8724722733886564e-05,0.0031534471107718992,0.04532127173703402,0.045430847455693736,2.1766831283152439e-05,2.5835871074077471e-05,3.3782942119738129e-05,2.1766008676755469e-05,2.5835539836210773e-05,3.3782158787517236e-05
465,0.93000004417262971,2,20,37608,630,1.4261823851094648e-06,1.7803729946018447e-05,1.7860761355170459e-05,-0.0062450677547273735,0.014885910316869167,0.016142837334960899,1.0682413012750011e-06,1.6403534032182684e-05,1.6438280573792539e-05,1.0676954793031105e-06,1.6403611371073222e-05,1.6438322288169403e-05
465,0.93000004417262971,3,20,15824,631,9.8501345507038667e-06,2.5460949470355423e-05,2.7299910230602629e-05,0.0051039955461997374,0.0092081306782872338,0.010528078700505676,8.5778252322582395e-06,2.6811696848200157e-05,2.8150420487000765e-05,8.5772782731596211e-06,2.6811417315829769e-05,2.8149987585410983e-05
465,0.93000004417262971,4,128,34319,632,-7.4003272756401018e-05,-1.0244749999534806e-06,7.4010363650530835e-05,-0.00047865503944487622,0.0052874459517504363,0.0053090672758468651,-7.967113077470979e-05,-2.6408394080772655e-06,7.9714886387049211e-05,-7.9671034214277858e-05,-2.6408182021797382e-06,7.9714789177100611e-05
465,0.93000004417262971,5,128,21162,633,1.9971783373452932e-06,-9.9388177794681787e-06,1.0137495754111766e-05,-7.6214401161072337e-05,0.0054443528381622891,0.0054448862670720783,-1.1279359943290911e-06,-1.1033037207855375e-05,1.1090543252574433e-05,-1.1278147568870455e-06,-1.1033024373397542e-05,1.1090518155155622e-05
465,0.93000004417262971,6,1,33529,634,-6.3321277182611688e-05,1.5814146576131496e-05,6.5266157968494752e-05,-0.0002731200614633044,0.0045137189972330296,0.0045219745414980016,-6.3896985314726632e-05,1.5277611364104764e-05,6.5698022354580921e-05,-6.3896906699761414e-05,1.5277628412542963e-05,6.569794985925934e-05
465,0.93000004417262971,7,128,20347,635,1.2865709304670202e-06,9.5757360800445762e-08,1.2901295404998061e-06,-6.5144223368723988e-05,0.004718300886346183,0.0047187505786949044,8.3607090587547488e-07,-7.6042882611492484e-08,8.3952193517936285e-07,8.3617665263672445e-07,-7.6037395564248997e-08,8.3962675037122979e-07
465,0.93000004417262971,8,42,7241,636,5.9937319909878269e-07,3.2595312312822626e-05,3.2600822581681033e-05,0.0013035160392356367,-0.0090952319306588196,0.0091881661901067248,-2.6583253754868456e-06,3.4376269164391531e-05,3.4478900438741565e-05,-2.6584603238563916e-06,3.4376087096497905e-05,3.4478729317646386e-05
465,0.93000004417262971,9,92,47753,637,-0.00026045226082433229,0.00022411469514359018,0.00034360264368571203,-0.019928848124089151,-0.005672753023347076,0.020720499859243385,-0.00015947302052771929,0.00015595645451832457,0.00022305618122383568,-0.0001594731982754533,0.00015595706644114094,0.0002230567361482914
465,0.93000004417262971,10,136,18300,638,-0.00010804019688140959,-0.00055613128725240824,0.00056652863370106402,-0.0023692324932347341,0.13766962518134812,0.13769001038630174,-0.0001261980290321953,-0.00058286153514865743,0.00059636692705704298,-0.00012619684092747218,-0.00058286150039021055,0.00059636664167037469
465,0.93000004417262971,11,150,36234,639,-0.00011274612939472746,-0.00055251940993995992,0.00056390547794279674,0.0040014689450339862,0.14115285945990441,0.1412095658495755,-0.00014356165987983394,-0.00057289783868392076,0.00059061144905611239,-0.00014356073930657387,-0.00057289776474970296,0.0005906111535735302
465,0.93000004417262971,12,42,6890,640,-5.0578379226676316e-05,6.6851577078280819e-05,8.38290272104526e-05,0.015919834740484303,-0.0084328091945069412,0.018015365915664654,-5.7103093304943448e-05,0.00013714736982840752,0.00014856030531687481,-5.7102903799678811e-05,0.00013714645154127122,0.00014855938473458223
465,0.93000004417262971,13,62,3413,641,2.077105512923805e-05,1.9763835623125704e-05,2.8671343353944523e-05,0.0012364210455991685,-0.00044515876987378725,0.00131411694015262,3.5872560585729182e-05,2.7944256393214296e-05,4.5472212045891379e-05,3.5873292925629316e-05,2.794310202868358e-05,4.5472080404501255e-05
465,0.93000004417262971,14,72,5299,642,-3.8543625252155308e-05,6.306409014094113e-05,7.3910016323116404e-05,0.012821988767093508,-0.0082709834195098409,0.015258196573293937,-5.6089434499973e-05,0.00012641432837841852,0.00013829897715418357,-5.6089102187774313e-05,0.00012641343298149102,0.00013829802392802476
465,0.93000004417262971,15,54,520,643,2.2892188416185855e-05,1.4722368873209879e-05,2.7217649342311197e-05,0.0011533203650046465,0.00033763338926010294,0.0012017254968909145,3.9470477752994473e-05,1.8359258928127289e-05,4.3531379514548504e-05,3.9471214486908271e-05,1.8358088148776157e-05,4.3531553769073681e-05
465,0.93000004417262971,16,61,754,644,8.6349647482845981e-05,-2.0325380935768731e-05,8.8709541372931694e-05,-0.0061591291392326629,-0.010403922480677043,0.012090346344819161,0.00015635686790813863,-4.6338412848729022e-05,0.00016307887247397307,0.00015635781833502546,-4.6339610957346425e-05,0.00016308012416651837
465,0.93000004417262971,17,66,2759,645,0.0001158233417421812,-3.7175440054632784e-05,0.00012164316600443154,-0.0079919512852340314,-0.0070044242347281852,0.01062700542041837,0.00020146601735752977,-6.6945612625865134e-05,0.0002122976005511058,0.00020146699162284389,-6.6946695407556943e-05,0.00021229886655267676
465,0.93000004417262971,18,71,4379,646,0.000195242402266804,-0.00012164593687218621,0.0002300376699595621,-0.013927094913890421,-0.00160494259270419,0.014019265796267237,0.00032694415065640322,-0.00020413639398990881,0.00038544019639840391,0.00032694522532392877,-0.0002041374173270511,0.00038544164994856636
465,0.93000004417262971,19,76,6105,647,0.0001067594896756533,-2.8015238707446007e-05,0.00011037410129029864,-0.0077357857494925984,-0.005689416649298549,0.0096026997751345062,0.00018537719324613597,-5.0564012297183893e-05,0.00019214948117391573,0.00018537814080296275,-5.0565079229794913e-05,0.00019215067609841638
465,0.93000004417262971,20,138,20234,648,0.00020457022183338386,0.0016349128725497673,0.0016476616996488969,-0.033857310023103764,0.21379417786874924,0.21645846699211133,0.00020367315153604966,0.0016814050769422182,0.0016936958952018788,0.00020367445364251563,0.0016814047791016734,0.0016936957561063098
465,0.93000004417262971,21,136,18301,649,-0.00010104931118335224,-0.00055788673452164355,0.00056696434794954503,-0.0020311483684752564,0.13684288799115338,0.13685796124980859,-0.00011977549858130817,-0.00058479260037178765,0.0005969326222531302,-0.00011977430835610216,-0.00058479256142982613,0.00059693234528365073
465,0.93000004417262971,22,92,47596,650,0.00010282176556567322,0.00030220755107895019,0.0003192204871294738,-0.016333484919433237,-0.008186748524128146,0.018270347041330862,9.5696376272885598e-05,0.00022299245368915849,0.00024265908355978186,9.569657921187631e-05,0.00022299311925310443,0.00024265977521436091
465,0.93000004417262971,23,112,51583,651,-0.00013159323063654691,0.00014998425136328092,0.00019952958178267016,-0.001311958242275763,0.0024378938678814529,0.0027684943454031655,-0.00011405881896156889,0.00014708027706149284,0.00018612367416154626,-0.00011405807992304069,0.00014708117350319111,0.00018612392966732287
465,0.93000004417262971,24,122,49892,652,-0.00041720408492987564,-1.1605578884500917e-05,0.00041736547286930583,0.0076579529977688727,-0.0019754038757888409,0.007908632283051149,-0.00033951604711691973,-1.6722480659242612e-05,0.00033992762113323069,-0.0003395151357108825,-1.6721628251519037e-05,0.00033992666889810362
465,0.93000004417262971,25,104,54177,653,-0.00025159124086294288,0.00013405343854938132,0.00028507626499915439,0.0059133338045171541,-0.0024166232837780437,0.0063880814631110871,-0.00020009836474500057,0.00013872688171973643,0.00024348409246869709,-0.00020009747471287032,0.00013872779770596902,0.00024348388292208591
465,0.93000004417262971,26,111,52655,654,-0.00036571095228603653,2.8864959810460572e-05,0.00036684831542044624,0.0076721785734481136,-0.0061978146989325102,0.0098628206465077844,-0.00029142878649823372,3.9337032616698032e-05,0.00029407165748320636,-0.00029142783654156613,3.9337969581657034e-05,0.00029407084140068215
465,0.93000004417262971,27,116,51774,655,-0.00082379175902997281,-0.00044051682689210449,0.00093417767957749086,0.010669878000718303,-0.0084195320427331889,0.01359171866869026,-0.00066698007693802687,-0.00041486719585799218,0.0007854789705850373,-0.00066697896729371836,-0.00041486621506844733,0.00078547751031930518
465,0.93000004417262971,28,121,50655,656,-0.00081625675153231653,-0.00043411295999256456,0.00092451562802128764,0.012120767936241453,-0.0049720254954756819,0.013100918017142122,-0.00066429022007347301,-0.0004164380424004397,0.00078402942524089848,-0.0006642891466814647,-0.00041643710278911616,0.00078402801670487607
465,0.93000004417262971,29,126,47936,657,-0.00058768669401653112,-0.00019914412235296896,0.00062051110529289812,0.0097381791556640125,-0.001266608365570035,0.0098202051923338678,-0.00048207753997480068,-0.00020132986894514187,0.00052242939300696273,-0.00048207659683416007,-0.0002013290157223815,0.00052242819390510337
465,0.93000004417262971,30,152,34831,658,-0.00019189258162249272,0.0015043918645981302,0.0015165809062330912,0.032337746547608841,0.21823937037800495,0.22062219433856925,-0.00019970064608287099,0.0015114433806913334,0.0015245791029269563,-0.00019969909158897695,0.0015114434592794247,0.0015245789772196181
465,0.93000004417262971,31,150,36891,659,-0.00013598950664578304,-0.00056939580951365315,0.0005854098853021461,0.0034367685416262653,0.14077448445755256,0.1408164296248787,-0.00016855983981648625,-0.00058900754221552845,0.00061265186230496113,-0.00016855891869921506,-0.00058900746642311422,0.00061265153600984683
466,0.93200004426762462,0,23,25848,628,4.314147051942997e-05,3.1255623520547197e-05,5.3273825470272252e-05,-0.00069181326480870318,0.0004657688999932727,0.00083399416159000777,4.1910307549335551e-05,3.1613871059256155e-05,5.2496768683712013e-05,4.1910661785772067e-05,3.1614064113844638e-05,5.2497167743752179e-05
466,0.93200004426762462,1,20,17765,629,2.1766328874577078e-05,2.5838449772676354e-05,3.3784590560362969e-05,0.0031589403655170579,0.04531776644304266,0.045427732274669577,2.0758951518850169e-05,2.4387669247025777e-05,3.2026434073500886e-05,2.0759430561457343e-05,2.4387277408699035e-05,3.2026446206921104e-05
466,0.93200004426762462,2,20,37608,630,1.0685172762879148e-06,1.6406455234512723e-05,1.6441213535861509e-05,-0.0062427483158490806,0.014890461392669219,0.016146137216734194,1.2855985624049687e-06,1.5937512437837464e-05,1.5989279732679693e-05,1.2860099763779485e-06,1.5936957502127801e-05,1.598875967934884e-05
466,0.93200004426762462,3,20,15824,631,8.5776929512608247e-06,2.6814271703997762e-05,2.8152832599614637e-05,0.0051005011559425543,0.0092065746844543789,0.010525023964923195,8.8004727732113204e-06,2.5412929297663513e-05,2.6893592108903532e-05,8.8008681648761946e-06,2.5412505250033275e-05,2.6893320797895153e-05
466,0.93200004426762462,4,128,34319,632,-7.9665788209097956e-05,-2.6775964602738443e-06,7.971077300955576e-05,-0.00048360925332833614,0.0052836900771577721,0.0053057759791910073,-8.0669460290616612e-05,-2.9624494102230649e-06,8.072383743410308e-05,-8.0669407887664138e-05,-2.9625226338760458e-06,8.0723787753688553e-05
466,0.93200004426762462,5,128,21162,633,-1.1254879871782714e-06,-1.1068296849046417e-05,1.1125372728492896e-05,-7.8421904854586916e-05,0.0054413385485731075,0.0054419036370877347,-1.7054228592954191e-06,-1.1145483647346172e-05,1.1275206111742184e-05,-1.705362638996667e-06,-1.1145566229775824e-05,1.1275278635705859e-05
466,0.93200004426762462,6,1,33529,634,-6.3892541393486253e-05,1.524740087092173e-05,6.5686681138849893e-05,-0.00027300016705910832,0.0045110694357688545,0.0045193225759556305,-6.4052976005384764e-05,1.5057996245889759e-05,6.5799141226064844e-05,-6.4052928312582e-05,1.5057920712256478e-05,6.5799077513240033e-05
466,0.93200004426762462,7,128,20347,635,8.3827149387630981e-07,-1.0702168216934216e-07,8.4507558117601282e-07,-6.4651526364633346e-05,0.0047161772662434511,0.0047166203818510589,7.4139348247023116e-07,-1.0490935338656015e-07,7.4877918525912773e-07,7.4145074175163676e-07,-1.0499393334452748e-07,7.4884773384394199e-07
466,0.93200004426762462,8,42,7241,636,-2.6579251856631016e-06,3.4377641488347494e-05,3.4480237826818035e-05,0.0012997677614795602,-0.009095533170891042,0.0091879333855095415,-9.7461649144732906e-07,3.3404456413066684e-05,3.3418671211732412e-05,-9.7439650501392063e-07,3.3404112462466058e-05,3.3418320992444597e-05
466,0.93200004426762462,9,92,47753,637,-0.0001594957666331589,0.00015594962154667899,0.00022306766694088923,-0.01988098750317914,-0.0057136323320641728,0.020685725960854606,-0.00016208864578365996,0.00016169952986713258,0.00022895298000076889,-0.00016208837550105374,0.00016169892275979704,0.00022895235987918842
466,0.93200004426762462,10,136,18300,638,-0.00012630132132139641,-0.00058339566227334121,0.00059691081622540647,-0.002384724428335234,0.13763330248522818,0.1376539605808326,-0.00012104956943619667,-0.00058503747794118733,0.00059742936725312875,-0.0001210493288148484,-0.00058503756710010771,0.00059742940580870165
466,0.93200004426762462,11,150,36234,639,-0.00014333860070678888,-0.00057350456738355861,0.00059114587308242532,0.003969913707146098,0.14112333264589241,0.14117916004823583,-0.00015045669189807216,-0.00057493572968276944,0.00059429648274474079,-0.00015045624424616326,-0.00057493561678546531,0.00059429626019447959
466,0.93200004426762462,12,42,6890,640,-5.7096104705175448e-05,0.00013714648518578249,0.00014855680250772232,0.015939311000249954,-0.0083751468248753069,0.018005685754808345,-4.8451480642238948e-05,0.0001248772316363849,0.00013394726185179219,-4.8451324920229598e-05,0.00012487699890571341,0.0001339469885522747
466,0.93200004426762462,13,62,3413,641,3.5879247661953594e-05,2.794513750752248e-05,4.5478029015142489e-05,0.0012460980221127519,-0.00039234437610230233,0.0013064051401354853,3.4019389082671796e-05,2.6265030194879325e-05,4.2978723162701468e-05,3.4019365252424281e-05,2.6264875357058013e-05,4.2978609676205741e-05
466,0.93200004426762462,14,72,5299,642,-5.6082270962540345e-05,0.00012641371901972315,0.0001382955150130087,0.01283875779106443,-0.0082165225436094304,0.015242865358168706,-4.7792860421112145e-05,0.00011534563478902872,0.00012485500779750846,-4.7792767567816143e-05,0.00011534543673566864,0.00012485478928552735
466,0.93200004426762462,15,54,520,643,3.9477209736564354e-05,1.8360077657568317e-05,4.3537828840867007e-05,0.0011631687671780613,0.00038911381034064508,0.0012265280829790841,3.72694371635623e-05,1.7797004461077452e-05,4.1300657552590239e-05,3.7269410196492799e-05,1.7796859600053692e-05,4.1300570795310622e-05
466,0.93200004426762462,16,61,754,644,0.00015636112450183358,-4.6333878144784562e-05,0.0001630816651846971,-0.0061350140960334575,-0.010401577558579088,0.012076059525592995,0.00014205969821228293,-3.8540981331226234e-05,0.00014719499005787809,0.00014205957243421916,-3.8541040978366028e-05,0.00014719488428572934
466,0.93200004426762462,17,66,2759,645,0.00020146969606186816,-6.6939861875411444e-05,0.00021229927823513837,-0.0079605860386054196,-0.0070019907495711235,0.010601830244590748,0.00018317612607414771,-5.5233839256883029e-05,0.00019132242462029182,0.0001831759561182961,-5.5233838915190595e-05,0.00019132226180233487
466,0.93200004426762462,18,71,4379,646,0.00032694715331244787,-0.00020412882992808628,0.00038543873737200167,-0.01386921974004513,-0.0016572209867776286,0.013967878779423657,0.00029718222691501656,-0.00017337291915046267,0.00034405732820116079,0.000297181936612668,-0.00017337270288565943,0.00034405696847286058
466,0.93200004426762462,19,76,6105,647,0.00018538088727893025,-5.0558633372229046e-05,0.00019215162964906363,-0.0077088773482442211,-0.005675437219150598,0.0095727413836785916,0.00016871298362862477,-4.08992594713817e-05,0.00017359959755189531,0.000168712827876068,-4.0899278898466329e-05,0.00017359945076052022
466,0.93200004426762462,20,138,20234,648,0.00020277641358988697,0.0016817314803244205,0.0016939123489196671,-0.033855326819741564,0.21382536231520294,0.21648895750892083,0.0002117420521418328,0.0017093374642291521,0.0017224021781403385,0.00021174213924340514,0.0017093373726415667,0.0017224020979552212
466,0.93200004426762462,21,136,18301,649,-0.00011987650391710902,-0.00058532241525322958,0.00059747192903873128,-0.0020472102088917739,0.13680647925449393,0.13682179590858201,-0.00011478352249106208,-0.00058702590751731035,0.00059814268626472232,-0.00011478327935224582,-0.0005870259964505948,0.00059814272688687726
466,0.93200004426762462,22,92,47596,650,9.5655219955717612e-05,0.00022297384708685482,0.00024262575623682007,-0.016324085758520422,-0.0082450554334656707,0.018288157779077996,0.00010264033930503742,0.00023026981134716487,0.00025210955013745933,0.00010264052812073788,0.00023026906429448934,0.0002521089446726626
466,0.93200004426762462,23,112,51583,651,-0.00011408814895187553,0.00014707742565166736,0.00018613939633400307,-0.0012767462127360745,0.002423853591554774,0.0027395523585120409,-0.00011419885126373002,0.00014709397032105362,0.00018622033652307293,-0.00011419884070579592,0.00014709314753832362,0.00018621968013955665
466,0.93200004426762462,24,122,49892,652,-0.00033951695925879468,-1.6693654589578367e-05,0.0003399271153172312,0.0077277412663942831,-0.0019903852722133897,0.0079799510407130379,-0.00034808821070344935,-2.0200743665009848e-05,0.00034867387696147872,-0.00034808830127490729,-2.0201432604530329e-05,0.00034867400729582068
466,0.93200004426762462,25,104,54177,653,-0.00020010408879125285,0.00013874794587051794,0.00024350079842634146,0.005971842964349495,-0.0024263830741080156,0.0064459478134071503,-0.00020505352390230711,0.00013777161256434318,0.00024703838748934041,-0.00020505356667933818,0.00013777079254312727,0.00024703796567709832
466,0.93200004426762462,26,111,52655,654,-0.00029142817699701041,3.9367180768064828e-05,0.00029407508780824384,0.007742718166801792,-0.0062011821154435778,0.009919896382494112,-0.00029958700096386395,3.5659994183876918e-05,0.00030170185006346306,-0.00029958708323637838,3.5659220442517917e-05,0.00030170184030703026
466,0.93200004426762462,27,116,51774,655,-0.00066696501043767486,-0.00041481316876576096,0.00078543764241957451,0.010779027585913526,-0.0084121682726633774,0.01367303955766563,-0.00068667734093178672,-0.00042993445270840536,0.00081016628180567067,-0.00068667757007851251,-0.00042993498662447925,0.00081016675936051682
466,0.93200004426762462,28,121,50655,656,-0.00066427839374410982,-0.00041638744527195819,0.00078399253119871149,0.012226387649078482,-0.00496861683650627,0.01319741293638842,-0.00068327274276990652,-0.00043080725084072895,0.0008077478123704561,-0.00068327296455907439,-0.00043080775865509015,0.00080774827082128039
466,0.93200004426762462,29,126,47936,657,-0.00048207671561133794,-0.00020129579025937074,0.00052241550025890248,0.0098199877485336592,-0.0012765079116393821,0.0099026073248326425,-0.00049451923939602515,-0.00020914313825224666,0.00053692655960645261,-0.00049451938045043343,-0.00020914371937603182,0.00053692691587917335
466,0.93200004426762462,30,152,34831,658,-0.00019847924039371315,0.001511915007915363,0.0015248872089525106,0.032329664494263652,0.218238784221679,0.22062043002602505,-0.00019904360187447472,0.0015267849752839901,0.0015397047496842045,-0.0001990428457269084,0.0015267850492176206,0.0015397047252475125
466,0.93200004426762462,31,150,36891,659,-0.00016834929686447694,-0.00058960484102067593,0.00061316829199639829,0.0034035085678363968,0.14074579791162581,0.14078694364305075,-0.00017566761348802084,-0.00059093024224403173,0.00061648816827832693,-0.00017566716534861998,-0.00059093012837716191,0.00061648793143537564
467,0.93400004436261952,0,23,25848,628,4.1911217396096966e-05,3.1617102928781457e-05,5.2499441342094889e-05,-0.00068927026451777495,0.00046679943143191027,0.00083246333657018077,4.1896493003417245e-05,3.1669308464442429e-05,5.2519151027043414e-05,4.1897365634923735e-05,3.1669527814352003e-05,5.2519979428123385e-05
467,0.93400004436261952,1,20,17765,629,2.0759774092394428e-05,2.439020022538313e-05,3.2028894570395813e-05,0.0031550606002598018,0.045322335827792902,0.045432021001475947,2.0358114509888554e-05,2.4440583331873704e-05,3.1808724274953208e-05,2.0358691402551074e-05,2.4440266201433841e-05,3.1808849831788265e-05
467,0.93400004436261952,2,20,37608,630,1.2869130732963897e-06,1.593978740046537e-05,1.5991653061214644e-05,-0.0062438690785186724,0.01488620024863989,0.016142641014167659,1.441896673406528e-06,1.6230543880478017e-05,1.6294465952368713e-05,1.4422862756965726e-06,1.6229964718883015e-05,1.6293923544599382e-05
467,0.93400004436261952,3,20,15824,631,8.8013309722754543e-06,2.5415356583216723e-05,2.6896166588114239e-05,0.0050998166547421963,0.0092085579017748623,0.010526427149908278,8.9050378010234218e-06,2.5464055588523682e-05,2.697624557370948e-05,8.905442948016201e-06,2.5463691167025451e-05,2.6976035326749214e-05
467,0.93400004436261952,4,128,34319,632,-8.0664011002176545e-05,-2.9993076686521126e-06,8.0719752957070511e-05,-0.00048420579898961875,0.0052848880571272454,0.0053070233683432527,-8.0488342330744514e-05,-2.9710739214538495e-06,8.0543159432678463e-05,-8.048833181185625e-05,-2.9711541667516003e-06,8.0543151881075999e-05
467,0.93400004436261952,5,128,21162,633,-1.7029039952859562e-06,-1.118096942339936e-05,1.1309905360530313e-05,-7.8584022735663685e-05,0.0054427559771928844,0.0054433232566051216,-1.6218717984234545e-06,-1.121709822833729e-05,1.1333744341332607e-05,-1.6218679298034452e-06,-1.121717219096544e-05,1.1333816989147712e-05
467,0.93400004436261952,6,1,33529,634,-6.4048423698381671e-05,1.5027532735561067e-05,6.5787744438958989e-05,-0.00027279903112256975,0.0045126590183951175,0.0045208971153615296,-6.3926135460558363e-05,1.5183593951559482e-05,6.5704583707740596e-05,-6.3926126754354934e-05,1.5183511933299333e-05,6.5704556283734971e-05
467,0.93400004436261952,7,128,20347,635,7.4373617779065805e-07,-1.3601772524500449e-07,7.5607163928789378e-07,-6.4376712769539796e-05,0.0047179045535216549,0.0047183437493772511,7.8092310893503033e-07,-1.0233163219490177e-07,7.8759930486029886e-07,7.8092751065426991e-07,-1.0240702451329399e-07,7.8761346837540884e-07
467,0.93400004436261952,8,42,7241,636,-9.7377218134288919e-07,3.3405810295745672e-05,3.3419999906889654e-05,0.0013019144144469929,-0.0090944875534645538,0.009187202240217995,-5.27199543685111e-07,3.3536054780784569e-05,3.3540198413525302e-05,-5.2705705451252086e-07,3.3535757965079871e-05,3.3539899395065712e-05
467,0.93400004436261952,9,92,47753,637,-0.00016211183016977683,0.00016169078839435431,0.00022896322091677174,-0.019882488527102841,-0.0057114562370051353,0.020686567679960854,-0.00016285284997316892,0.00016419659594766117,0.00023126083296828056,-0.00016285271295766473,0.00016419578755181631,0.000231260162517094
467,0.93400004436261952,10,136,18300,638,-0.00012115411972979743,-0.00058557387072139509,0.00059797581790498793,-0.0023772413960252243,0.13762029748636317,0.1376408280885075,-0.00011494291362361292,-0.00058720993606270412,0.00059835389394826397,-0.00011494380178856474,-0.00058720993363080406,0.0005983540621774888
467,0.93400004436261952,11,150,36234,639,-0.00015023383335189232,-0.00057554384749483568,0.00059482848374364425,0.0039621742837657797,0.14111113830633382,0.14116675309421906,-0.00015346560396526591,-0.00057717952025184533,0.0005972335307051791,-0.00015346536129944992,-0.00057717946479146989,0.0005972334147515009
467,0.93400004436261952,12,42,6890,640,-4.8445667786954932e-05,0.00012487772525621052,0.000133945619534532,0.015954696411701878,-0.008384793196448961,0.018023792457104847,-4.4064464628628124e-05,0.00011869869780231015,0.00012661381402900621,-4.406453188649341e-05,0.00011869870820666673,0.00012661384719021536
467,0.93400004436261952,13,62,3413,641,3.4024650630846412e-05,2.6266785240407283e-05,4.2983960466862928e-05,0.0012231074890451548,-0.00037721269109659687,0.0012799536491930792,3.2132953050496523e-05,2.4734921971581566e-05,4.0550499832747345e-05,3.213254313852911e-05,2.4735080491916371e-05,4.0550271706747118e-05
467,0.93400004436261952,14,72,5299,642,-4.7787106313069705e-05,0.00011534625187969895,0.0001248533754148104,0.012852149361318453,-0.0082246792553115483,0.01525854160981286,-4.423491702623599e-05,0.00010979775623409018,0.00011837345630823943,-4.4235072475687533e-05,0.00010979779727517464,0.00011837355246595277
467,0.93400004436261952,15,54,520,643,3.7274814493582893e-05,1.7798764407794513e-05,4.1306268410196413e-05,0.0011391951696293804,0.00040616051112843545,0.0012094345766956659,3.5152032990616835e-05,1.679085822423014e-05,3.8956364605537966e-05,3.5151620517898094e-05,1.6791031986196893e-05,3.8956067309159966e-05
467,0.93400004436261952,16,61,754,644,0.00014206278912652726,-3.8536526385135639e-05,0.00014719680675965904,-0.0061803775557973282,-0.010392084563878471,0.012091008573109381,0.00013340863312480473,-3.5561285072672784e-05,0.00013806689823505361,0.00013340808931645219,-3.556101240263022e-05,0.00013806630254398249
467,0.93400004436261952,17,66,2759,645,0.00018317849520806887,-5.5228487222017337e-05,0.00019132314786121684,-0.008007058872959532,-0.0069805647279056957,0.010622677426878833,0.00017115033024962277,-4.9771569689098204e-05,0.00017824041262820198,0.00017114977597839357,-4.9771264658108764e-05,0.00017823979522856788
467,0.93400004436261952,18,71,4379,646,0.00029718394113173192,-0.00017336602260050721,0.00034405533371669779,-0.01391856494560462,-0.0016154073175676873,0.014011994538489692,0.0002762234157852235,-0.00015772184298013035,0.00031808105127640874,0.00027622280914301004,-0.00015772132294297495,0.00031808026660221778
467,0.93400004436261952,19,76,6105,647,0.00016871552431772994,-4.0894149416078236e-05,0.00017360086290762225,-0.0077547256500659495,-0.005651996185615322,0.0095958757177237834,0.00015763859617031739,-3.6444766882731118e-05,0.00016179662553862184,0.00015763805808044734,-3.6444487434193057e-05,0.00016179603833133723
467,0.93400004436261952,20,138,20234,648,0.00021083990221442558,0.0017096687013774803,0.0017226202520682116,-0.033844224178056,0.21383971080461273,0.21650139359185408,0.00021545180548627891,0.0017385860957109549,0.0017518850112626567,0.00021544967732987195,0.0017385861131251445,0.0017518847668191947
467,0.93400004436261952,21,136,18301,649,-0.00011488569894762372,-0.00058755804950901718,0.00059868454578811765,-0.0020399005724065127,0.1367934513448737,0.13680866027115252,-0.00010872280719762688,-0.00058924620590593269,0.0005991925733680861,-0.00010872368388017479,-0.00058924620302396437,0.00059919272960762401
467,0.93400004436261952,22,92,47596,650,0.0001025975755762019,0.00023024896357493955,0.00025207309999571219,-0.016325452741621838,-0.0082392973886626034,0.018286782895789798,0.00010569567918584062,0.00023354230513187655,0.00025634661083163686,0.00010569557132365246,0.00023354133071751179,0.00025634567862700458
467,0.93400004436261952,23,112,51583,651,-0.00011423054111118958,0.00014708943069829665,0.00018623618645608104,-0.0012786439171660424,0.0024324618030436883,0.0027480539823977754,-0.0001144691208293197,0.0001480616656637026,0.00018715083879733866,-0.00011446956607304666,0.00014806054619688196,0.00018715022547961466
467,0.93400004436261952,24,122,49892,652,-0.00034809022942424182,-2.0172820758238645e-05,0.00034867427567568751,0.0077241772977583913,-0.0019854489302322956,0.0079752694237728849,-0.00035201292939496286,-2.1132196656098216e-05,0.00035264666763877849,-0.0003520134778457,-2.1133160439654227e-05,0.00035264727285943002
467,0.93400004436261952,25,104,54177,653,-0.00020506081170753505,0.00013779136661078633,0.00024705545371560061,0.0059700848606909496,-0.002418215993564809,0.0064412484686886522,-0.00020708467324927974,0.00013846031258359488,0.00024910905253624918,-0.00020708521335346125,0.00013845919066844822,0.00024910887794338092
467,0.93400004436261952,26,111,52655,654,-0.00029958737491313247,3.5688669673165311e-05,0.00030170561206312039,0.0077399792330368486,-0.006195575666971322,0.0099142542015528742,-0.00030305316077932243,3.5031827522173551e-05,0.00030507121660012631,-0.00030305373622358249,3.5030749407058871e-05,0.00030507166443819865
467,0.93400004436261952,27,116,51774,655,-0.00068666345007918899,-0.0004298803283846888,0.0008101257867805362,0.010771173962499154,-0.0084177576176933441,0.013670290115453074,-0.00069566925269103921,-0.00043632420296344106,0.00082117873768832513,-0.00069566991705631554,-0.00043632503612690317,0.00082117974320381544
467,0.93400004436261952,28,121,50655,656,-0.00068326190934442084,-0.0004307567256871882,0.00080771170196161646,0.01221885063622485,-0.0049741671735304164,0.013192522501045811,-0.0006920775261149341,-0.00043703100745600467,0.00081851536554384716,-0.00069207816701102431,-0.00043703180123039675,0.00081851633126042407
467,0.93400004436261952,29,126,47936,657,-0.00049451998353189591,-0.00020910932556285531,0.00053691407520173914,0.0098148576863666438,-0.0012760510517094751,0.0098974611739677584,-0.00050042348202663286,-0.00021234420098761926,0.00054361173741626493,-0.00050042404545822081,-0.00021234504941688247,0.00054361258749649065
467,0.93400004436261952,30,152,34831,658,-0.00019782221735176525,0.0015272619730963442,0.0015400203778340427,0.032328458384415788,0.21824509984358911,0.22062650073654136,-0.00020124919538088142,0.0015513273800691577,0.0015643266534818387,-0.00020124899869576108,0.0015513273978065411,0.0015643266457684791
467,0.93400004436261952,31,150,36891,659,-0.00017545729453121681,-0.00059152898150090585,0.00061700226754827505,0.0033955986475059934,0.14073378352452226,0.14077474175185703,-0.00017864114587708057,-0.00059329336895919723,0.00061960445499627465,-0.00017864089706324076,-0.00059329331691458447,0.00061960433342502451
468,0.93600004445761442,0,23,25848,628,4.1898134171349904e-05,3.1672307701055219e-05,5.2522268821431928e-05,-0.00068796576226790062,0.0004675288062692445,0.00083179328847039779,-3.493895629840863e-06,3.7164574411373371e-05,3.7328446228723872e-05,-3.4930328773860132e-06,3.7164548548479798e-05,3.7328339736650642e-05
468,0.93600004445761442,1,20,17765,629,2.035913300598691e-05,2.444301530360243e-05,3.1811244771112122e-05,0.0031509560286375306,0.045322039309384783,0.045431440336575576,1.5059332521518529e-05,2.4205996439873775e-05,2.8508134973036161e-05,1.5059864957446958e-05,2.4206229738124824e-05,2.8508614323944568e-05
468,0.93600004445761442,2,20,37608,630,1.4432237139262591e-06,1.6232589616879565e-05,1.6296621133181731e-05,-0.0062446683680396761,0.01488847892601732,0.016145051494413303,1.4973855610302862e-06,1.7201579577258585e-05,1.7266629765855919e-05,1.4977421854326226e-06,1.720153330176647e-05,1.7266614595392039e-05
468,0.93600004445761442,3,20,15824,631,8.9059372192402162e-06,2.5466358810435577e-05,2.6978716589469151e-05,0.0050992153509185475,0.0092082946106242757,0.010525905511218283,9.558134219356521e-06,2.4766966516621406e-05,2.6547326799334804e-05,9.5584815417935215e-06,2.4767166511426668e-05,2.6547638433381267e-05
468,0.93600004445761442,4,128,34319,632,-8.0482942967171272e-05,-3.0084687747141556e-06,8.0539151926410142e-05,-0.00048463039515840296,0.0052838136330730558,0.0053059921908122027,-7.588974191565408e-05,-1.9119910146489893e-06,7.5913823758684966e-05,-7.5889728593978205e-05,-1.9119880805526348e-06,7.5913810367335982e-05
468,0.93600004445761442,5,128,21162,633,-1.6194176677784999e-06,-1.1253004243977325e-05,1.1368932144123513e-05,-7.894293741909789e-05,0.0054410557700844469,0.0054416284217628829,9.0621966302617498e-07,-1.0550611315105384e-05,1.0589458588619393e-05,9.0622975381799363e-07,-1.055058680353439e-05,1.0589435030520706e-05
468,0.93600004445761442,6,1,33529,634,-6.3921662552573894e-05,1.5152740129223032e-05,6.5693108290816116e-05,-0.00027351158683358318,0.0045117836433555252,0.0045200663969219169,-6.3670907759961158e-05,1.55794503891454e-05,6.5549246901892966e-05,-6.3670901057352611e-05,1.5579453598460318e-05,6.5549241154125984e-05
468,0.93600004445761442,7,128,20347,635,7.8316039192731851e-07,-1.338986266072895e-07,7.9452441226879205e-07,-6.4970845087402045e-05,0.0047162909656736441,0.0047167384582575923,9.5428816125863161e-07,-4.1895822210607334e-08,9.5520738828648252e-07,9.5429238607005156e-07,-4.1869284494511037e-08,9.5521044544925004e-07
468,0.93600004445761442,8,42,7241,636,-5.2647023921178915e-07,3.3537138232892886e-05,3.3541270276555439e-05,0.0013022863017740551,-0.0090945856832282106,0.0091873520865028285,6.7551586483145589e-07,3.2535250482334851e-05,3.254226245410588e-05,6.7558886472085276e-07,3.2535387280200814e-05,3.2542400737910962e-05
468,0.93600004445761442,9,92,47753,637,-0.00016287668861562918,0.00016418718469536414,0.00023127093918731391,-0.019887692018274429,-0.0057089756797169136,0.020690884396886849,-0.00023169818800770361,0.00020771596267160587,0.00031117514597834629,-0.00023169804726533888,0.00020771553456951417,0.00031117475541577957
468,0.93600004445761442,10,136,18300,638,-0.00011504791708981797,-0.00058775002040084925,0.00059890409057536441,-0.0023686098421872759,0.13761034908628697,0.13763073235376708,-8.9241259804915572e-05,-0.00056971141024837616,0.00057665855878393239,-8.9240430129293016e-05,-0.00056971151222599565,0.00057665853113648816
468,0.93600004445761442,11,150,36234,639,-0.00015324147608618754,-0.0005777907906148749,0.0005977668004434805,0.00395707650422044,0.1410966161190127,0.14115209362491329,-0.00013611627528697755,-0.0005629563611438816,0.00057917830151893695,-0.00013611597073516531,-0.00056295630737590986,0.00057917817768239187
468,0.93600004445761442,12,42,6890,640,-4.406009376017687e-05,0.00011869971542538675,0.00012661324695395571,0.015972353335154236,-0.0083853166218846014,0.018039667566567486,-2.8918111545980602e-05,7.5502848211910306e-05,8.0851328149242821e-05,-2.8918261820691128e-05,7.550345838018598e-05,8.0851951702469858e-05
468,0.93600004445761442,13,62,3413,641,3.2136443350377317e-05,2.4737346860146302e-05,4.0554744739564084e-05,0.0012037469299253664,-0.00035363970152873999,0.001254618551513599,2.3137927551383031e-05,1.8202961016722363e-05,2.9439964014063672e-05,2.3137414847241675e-05,1.8203726959325763e-05,2.9440034664093776e-05
468,0.93600004445761442,14,72,5299,642,-4.4230586303175919e-05,0.0001097990579899129,0.00011837304549683154,0.012867473207707746,-0.0082237238430098048,0.01527093646758982,-2.8763066136985163e-05,7.1063598542144566e-05,7.6663870312942544e-05,-2.8763308329835712e-05,7.1064192060007339e-05,7.6664511341420591e-05
468,0.93600004445761442,15,54,520,643,3.5155568764949029e-05,1.679306978559151e-05,3.8960508313044461e-05,0.0011188730034033722,0.00043114863811342285,0.0011990687828026972,2.4781584017662947e-05,1.307106150222569e-05,2.8017486597113849e-05,2.4781068750912493e-05,1.3071838273418962e-05,2.8017393245694227e-05
468,0.93600004445761442,16,61,754,644,0.00013341009665105561,-3.5556479536343376e-05,0.00013806707473348743,-0.0062198730952721555,-0.010375851029076295,0.012097318128365231,8.3420557260527136e-05,-2.0991660317252716e-05,8.6021155401051248e-05,8.3419905691678591e-05,-2.0990867198112311e-05,8.6020329988540135e-05
468,0.93600004445761442,17,66,2759,645,0.00017115123585895775,-4.97661577267306e-05,0.00017823977106956352,-0.0080487271268874332,-0.0069561618853660476,0.010638148172427048,0.00010135486091500548,-3.0288149044994712e-05,0.0001057836462014423,0.00010135420136898662,-3.0287435183770974e-05,0.00010578280987550018
468,0.93600004445761442,18,71,4379,646,0.00027622397337957109,-0.00015771515379255668,0.0003180782186906356,-0.013964762291196014,-0.0015807661972468332,0.01405394633617079,0.0001537979575277134,-0.00010057515366230358,0.00018376390634151286,0.00015379725005676997,-0.00010057448515388486,0.00018376294835737057
468,0.93600004445761442,19,76,6105,647,0.00015763972725244013,-3.6439512023542395e-05,0.00016179654398267476,-0.0077954860289688047,-0.0056249565518581646,0.0096129984207915017,9.3555250645288969e-05,-2.1620307128556978e-05,9.6020948774920843e-05,9.3554607730247967e-05,-2.1619603478141249e-05,9.6020163935043511e-05
468,0.93600004445761442,20,138,20234,648,0.00021454567866430641,0.001738920317162575,0.0017521055098578733,-0.033838074594888398,0.21385626994694842,0.21651678800479032,0.00022212414111988523,0.0017522740486784988,0.0017662965424130753,0.00022212552630300838,0.0017522738638202182,0.0017662965332193869
468,0.93600004445761442,21,136,18301,649,-0.00010882554746968862,-0.00058978196946898366,0.00059973808557802182,-0.0020313214907996782,0.13678353652455505,0.13679861889347886,-8.2595789235727531e-05,-0.0005716881536848745,0.00057762393428864545,-8.2594963517729702e-05,-0.00057168825467223349,0.00057762391616750046
468,0.93600004445761442,22,92,47596,650,0.00010565114383505882,0.00023352022314261238,0.00025630813254797782,-0.016329016585289492,-0.0082354264249754981,0.01828822110113075,0.00010541855518000363,0.00028388698418800839,0.00030282815517649941,0.0001054184328926707,0.00028388651875057463,0.00030282767628119275
468,0.93600004445761442,23,112,51583,651,-0.0001145022808293713,0.0001480566720272617,0.00018716717246065439,-0.0012775849961095551,0.0024420482909852746,0.002756052118119023,-0.00012587380715105756,0.00014905639132367453,0.00019509490798362222,-0.00012587428648676448,0.00014905576945846113,0.00019509474213162684
468,0.93600004445761442,24,122,49892,652,-0.00035201549386042403,-2.1104224387926036e-05,0.00035264755238738598,0.0077270490367857651,-0.0019786877735602022,0.0079763708616217479,-0.00039902187227400525,-1.6443330802133229e-05,0.00039936053595832543,-0.00039902245688399701,-1.6443926241164342e-05,0.00039936114458966347
468,0.93600004445761442,25,104,54177,653,-0.00020709276283654198,0.00013848055950484067,0.00024912703141177984,0.0059739618799635099,-0.0024091402882574597,0.0064414421888085273,-0.00023959245657411113,0.0001344496612961661,0.00027473852418230521,-0.00023959303581334515,0.00013444902615225191,0.00027473871850094918
468,0.93600004445761442,26,111,52655,654,-0.00030305430760251088,3.5061052560930091e-05,0.00030507571316497415,0.0077438938792385326,-0.0061881661303871119,0.009912683414201132,-0.00034890737721626319,2.8625619617702539e-05,0.00035007968232165257,-0.00034890799210805443,2.8624969196536143e-05,0.00035008024197086127
468,0.93600004445761442,27,116,51774,655,-0.00069565543153443437,-0.00043626963756750078,0.00082113803716953612,0.010772796042797484,-0.008417248642060348,0.013671254853962013,-0.00078876834148990365,-0.00044617679936124197,0.00090621698992292971,-0.00078876904231640096,-0.00044617748516935908,0.00090621793757836527
468,0.93600004445761442,28,121,50655,656,-0.00069206685872993034,-0.00043697943179857079,0.00081847880899099353,0.012220705049013937,-0.0049732796725544762,0.013193905509607013,-0.00078193225150338067,-0.00044159998595786059,0.00089801369340290619,-0.00078193292715770689,-0.00044160064462220956,0.00089801460561851143
468,0.93600004445761442,29,126,47936,657,-0.00050042463693449437,-0.00021231027779006485,0.00054359955050231135,0.0098170903046108666,-0.0012715785717647872,0.0098990996617397513,-0.00056304219812771208,-0.00020692493970184372,0.00059986202375471103,-0.00056304279517506038,-0.00020692553831092175,0.00059986279064783621
468,0.93600004445761442,30,152,34831,658,-0.00020002534262983433,0.0015518051277176111,0.001564643503199644,0.032323106824452032,0.21825219011740407,0.22063273040468956,-0.00020305068545986644,0.0015946895824994986,0.0016075647562067746,-0.00020305043266357264,0.0015946897154176186,0.0016075648561297892
468,0.93600004445761442,31,150,36891,659,-0.00017842952333140503,-0.00059389505957769422,0.00062011969537103509,0.0033905840689416517,0.14071927084427602,0.14076011241567432,-0.00015968195479314852,-0.00057998587994168417,0.00060156624541133524,-0.00015968164239671553,-0.00057998583158702058,0.00060156611586774096
469,0.93800004455260932,0,23,25848,628,-3.4922576597538147e-06,3.7167411292724933e-05,3.7331117392393792e-05,-0.00072530167396148842,0.00047390252044883719,0.00086639835938158254,4.292072143403308e-05,3.1767524720836554e-05,5.3398164343981233e-05,4.2922135357623249e-05,3.1767596101805791e-05,5.3399343308186839e-05
469,0.93800004455260932,1,20,17765,629,1.5060114402724127e-05,2.420912404662005e-05,2.8511203638706238e-05,0.0031458058226067954,0.045330448861058401,0.04543947279864257,2.0746745582373666e-05,2.5627514181564666e-05,3.297266952168173e-05,2.0747624332972894e-05,2.5627642256776713e-05,3.2973321990716924e-05
469,0.93800004455260932,2,20,37608,630,1.4985381742480287e-06,1.7204144434103261e-05,1.7269284940875951e-05,-0.0062453167263702781,0.014885614791682829,0.016142661141802087,1.4962793332720696e-06,1.6686786980287628e-05,1.6753737241841709e-05,1.4968735333523357e-06,1.6686475996964018e-05,1.6753480580825796e-05
469,0.93800004455260932,3,20,15824,631,9.5586424384714486e-06,2.4769846866481939e-05,2.6550196968299735e-05,0.0051009709785678169,0.0092115458631476313,0.010529600282682308,8.7569758880729583e-06,2.6558989795692015e-05,2.7965417316249076e-05,8.7575606197801836e-06,2.6559066239552398e-05,2.7965673021153213e-05
469,0.93800004455260932,4,128,34319,632,-7.5885575438946299e-05,-1.9493798162761522e-06,7.591060954417449e-05,-0.00047990648167507591,0.0052837497308092264,0.0053054991705757835,-7.9741152730405642e-05,-3.0332480619061662e-06,7.9798822250575459e-05,-7.9741219972780775e-05,-3.0332666735618636e-06,7.9798890151808205e-05
469,0.93800004455260932,5,128,21162,633,9.075066169365717e-07,-1.0586447271409988e-05,1.062527336543054e-05,-7.6054867219613274e-05,0.0054416437680692197,0.0054421752306770101,-1.1150125332946804e-06,-1.1278351108073557e-05,1.1333333872536724e-05,-1.1151051416724995e-06,-1.1278363954752784e-05,1.1333355768387901e-05
469,0.93800004455260932,6,1,33529,634,-6.3667532966319961e-05,1.5548645980753932e-05,6.5538653830028078e-05,-0.00027268469805643311,0.0045111733623482472,0.004519407267520213,-6.3748168377723006e-05,1.5296949924564526e-05,6.5557803871920225e-05,-6.3748227701539332e-05,1.5296928030215074e-05,6.5557856449466721e-05
469,0.93800004455260932,7,128,20347,635,9.5542168395912037e-07,-7.3424823622055653e-08,9.5823890492048561e-07,-6.4169914588236811e-05,0.0047163704073971699,0.0047168069281782153,9.1189561720326397e-07,-6.9260094093148223e-08,9.1452204856324465e-07,9.1180930655143272e-07,-6.9271150952392477e-08,9.1443682333339666e-07
469,0.93800004455260932,8,42,7241,636,6.7567567398122097e-07,3.2536929560581457e-05,3.2543944488132496e-05,0.0013048042071478981,-0.0090942633160630143,0.009187390232317353,-1.583398386119412e-06,3.4451284181486258e-05,3.4487651880096029e-05,-1.5832556867783688e-06,3.4451315737514624e-05,3.4487676851531166e-05
469,0.93800004455260932,9,92,47753,637,-0.00023173040116858214,0.00020770546899755014,0.00031119212823791715,-0.019917281810291988,-0.0056830749489635837,0.020712205473732766,-0.00015842858827761481,0.00015777184219782118,0.00022358795086974649,-0.00015842837241387964,0.00015777093865060787,0.00022358716033888174
469,0.93800004455260932,10,136,18300,638,-8.9348617605248518e-05,-0.00057025029365957746,0.00057720756482118574,-0.0023412828669341071,0.13761910492956689,0.13763901934799644,-0.00010504357986108469,-0.00059000831469418536,0.0005992862129886728,-0.00010504292446933347,-0.00059000838482917281,0.00059928616716039705
469,0.93800004455260932,11,150,36234,639,-0.00013589855822380008,-0.00056357043145324217,0.00057972411484748601,0.0039708845352986787,0.14109904867198939,0.14115491298616958,-0.00015930683650509933,-0.00057984446370868304,0.0006013304168681913,-0.00015930728449905108,-0.00057984440135617783,0.00060133047542808423
469,0.93800004455260932,12,42,6890,640,-2.8916861106543881e-05,7.5505681675074382e-05,8.0853526957534838e-05,0.015996797291568381,-0.0084206596505928995,0.018077749653611558,-4.7807624172599794e-05,0.00012083739153258433,0.00012995092966742343,-4.7807867007091654e-05,0.00012083817201854897,0.00012995174475378233
469,0.93800004455260932,13,62,3413,641,2.313824988988538e-05,1.8206757992798711e-05,2.9442565183338231e-05,0.0011731913200347852,-0.00034866760995002521,0.0012239064407189074,3.0459310402909713e-05,2.3970284333205014e-05,3.8760084123173645e-05,3.045847221152843e-05,2.3971324447438823e-05,3.8760068694789848e-05
469,0.93800004455260932,14,72,5299,642,-2.8761948787064927e-05,7.1066487077385343e-05,7.6666128658945098e-05,0.01288631674870833,-0.0082554133565842826,0.015303888690006569,-4.7834749756762842e-05,0.00011176129493928884,0.00012156788363214534,-4.7835145489739456e-05,0.00011176206962750343,0.00012156875154186402
469,0.93800004455260932,15,54,520,643,2.4781962235296608e-05,1.3074959847189559e-05,2.8019640026904102e-05,0.0010865872888243613,0.00043932679993686862,0.0011720409435584771,3.3542125916487067e-05,1.583920468899475e-05,3.7093862244006709e-05,3.3541283311089137e-05,1.5840264923467232e-05,3.7093553065194132e-05
469,0.93800004455260932,16,61,754,644,8.3420185306757919e-05,-2.0986832292288794e-05,8.6019616636430588e-05,-0.0062935695636571745,-0.010361605539776919,0.012123196245814373,0.00013425370550872908,-3.7428047464263702e-05,0.00013937329794408873,0.00013425263501280207,-3.7426922340104239e-05,0.00013937196462607837
469,0.93800004455260932,17,66,2759,645,0.00010135440726128804,-3.0283226455625927e-05,0.00010578180219607604,-0.008134270095678766,-0.0069330707642145592,0.010688022277814567,0.00017263524225473066,-5.1125427367727249e-05,0.00018004648341992768,0.00017263415443703072,-5.1124384065227118e-05,0.00018004514412845859
469,0.93800004455260932,18,71,4379,646,0.00015379743662115227,-0.00010056984695418309,0.00018376056602988888,-0.014081868724267518,-0.0015204265487190189,0.014163711507142233,0.00027965589385289233,-0.00015994229458025653,0.00032216293480513512,0.0002796547170139918,-0.00015994120878030273,0.00032216137418113959
469,0.93800004455260932,19,76,6105,647,9.3554836651555564e-05,-2.1615471004110702e-05,9.6019456609735065e-05,-0.0078767050351295689,-0.0056025276629084776,0.0096659608122571152,0.00015880318564342452,-3.7554775709246694e-05,0.00016318337215866013,0.00015880212585886084,-3.7553756471972653e-05,0.00016318210625693524
469,0.93800004455260932,20,138,20234,648,0.00022122508285115489,0.0017526103444729713,0.0017665173525431804,-0.033829829617132115,0.21385919260065694,0.21651838635951698,0.00021851355117551881,0.0017927965035814263,0.001806064083940856,0.00021851580062465258,0.0017927965942384399,0.0018060644460914405
469,0.93800004455260932,21,136,18301,649,-8.2701033420040532e-05,-0.0005722227838536589,0.00057816812026431717,-0.0020035951074240214,0.13679238461004689,0.1368070571303158,-9.8797548904178183e-05,-0.00059211932851861325,0.0006003051348062974,-9.8796909761728443e-05,-0.00059211940146900312,0.00060030510157292312
469,0.93800004455260932,22,92,47596,650,0.00010536056360368393,0.00028386291306060403,0.00030278540548404567,-0.016337727506859134,-0.0081983675024068798,0.018279348177462532,9.8775584663222393e-05,0.00022489244420087072,0.00024562823043006106,9.8775374127888394e-05,0.0002248914160440886,0.00024562720440622957
469,0.93800004455260932,23,112,51583,651,-0.00012592404787053883,0.00014904483475002556,0.00019511849886098495,-0.0012937143566409297,0.0024573240923465634,0.0027770737353202775,-0.00011257818054959573,0.00014644004806978626,0.00018471203104979028,-0.00011257897829180777,0.00014643876168167654,0.00018471149741174799
469,0.93800004455260932,24,122,49892,652,-0.00039904034742576852,-1.6418969351792141e-05,0.00039937799316969522,0.0076936080086924645,-0.0019607836493264448,0.0079395388223046526,-0.00033994261680946627,-1.7579454187263739e-05,0.000340396856526011,-0.00033994359313228878,-1.7580637650605326e-05,0.00034039789266664529
469,0.93800004455260932,25,104,54177,653,-0.00023961707332876837,0.00013446335138805809,0.00027476669138953641,0.0059469781465050628,-0.0023962449235307316,0.0064115940926228005,-0.0002000166368568305,0.00013780483217262654,0.00024289262399184331,-0.00020001759964601452,0.00013780352847293166,0.00024289267718015589
469,0.93800004455260932,26,111,52655,654,-0.00034892535618166699,2.8648951097229329e-05,0.00035009950954760646,0.0077106724013176762,-0.0061787554175834654,0.0098808647086557726,-0.00029204327265953907,3.7980168370722447e-05,0.0002945025743438626,-0.00029204429648143845,3.7978865971013716e-05,0.00029450342165717282
469,0.93800004455260932,27,116,51774,655,-0.00078877071320685062,-0.00044612659425448636,0.0009061943368361727,0.01071875269867124,-0.008410088213057762,0.013624288721496073,-0.00066976938086636358,-0.00041780501477998365,0.00078939980613211092,-0.00066977055716445962,-0.00041780624893591052,0.00078940145736772411
469,0.93800004455260932,28,121,50655,656,-0.0007819377838820075,-0.00044155317537417722,0.00089799549249721961,0.012168258934887944,-0.0049636045949765992,0.01314168543535239,-0.0006667905881048451,-0.00041906794924520102,0.00078754532216868871,-0.00066679172343961151,-0.00041906913243601457,0.00078754691302057762
469,0.93800004455260932,29,126,47936,657,-0.00056305832302840498,-0.00020689440960541626,0.00059986662839128953,0.0097770197174445184,-0.0012550320203603116,0.0098572420041017853,-0.00048311370252249934,-0.00020271508519012645,0.00052392008486852094,-0.0004831147039445218,-0.00020271622007928455,0.00052392144740470009
469,0.93800004455260932,30,152,34831,658,-0.00020181766809008138,0.0015951742109112047,0.0016078902743376187,0.032316815012788665,0.21827708131895437,0.22065643149859063,-0.00020947557101397643,0.0015957655232996329,0.0016094556906617163,-0.00020947650753793065,0.0015957655125188707,0.0016094558018643764
469,0.93800004455260932,31,150,36891,659,-0.00015947655839509029,-0.00058059042365869978,0.00060209468750498964,0.0034060131752405129,0.1407208733599403,0.14076208695857798,-0.00018418824710864288,-0.00059630871260633975,0.00062410687474437007,-0.00018418869052933654,-0.00059630865383185469,0.00062410694945151061
470,0.94000004464760423,0,23,25848,628,4.2922690950553554e-05,3.1770658116231835e-05,5.3401611544739171e-05,-0.0006877554535367603,0.00047034828784259404,0.00083320770264443339,4.1981666762922561e-05,3.1481531706475776e-05,5.2474252569988232e-05,4.1980225774534947e-05,3.1481333357724758e-05,5.2472980723998534e-05
470,0.94000004464760423,1,20,17765,629,2.0747913831449337e-05,2.563065852338957e-05,3.2975848506139294e-05,0.0031480389150244205,0.045327446809464968,0.045436632613733423,1.9956953024876247e-05,2.4510739048184369e-05,3.1607851915707701e-05,1.9955891294803419e-05,2.4510889025888257e-05,3.1607297863142623e-05
470,0.94000004464760423,2,20,37608,630,1.4976610848664714e-06,1.6689322855722617e-05,1.6756386427498883e-05,-0.006246148094793286,0.014893539493049788,0.016150290543922842,1.6882441363940408e-06,1.6349442912721241e-05,1.6436375872448271e-05,1.6875223682457772e-06,1.6350112263957453e-05,1.643696756665723e-05
470,0.94000004464760423,3,20,15824,631,8.7579283607810152e-06,2.656204646340894e-05,2.7968618512484092e-05,0.0050971662006795782,0.0092119150391860478,0.010528080640198971,8.9173760859674996e-06,2.5498813160089308e-05,2.7013127712868215e-05,8.9166505870472417e-06,2.5499046871269243e-05,2.7013108836908714e-05
470,0.94000004464760423,4,128,34319,632,-7.9735930228105572e-05,-3.0706058256859956e-06,7.9795032360906128e-05,-0.00048423909170263623,0.005282104013280161,0.0053042539819510319,-7.9666777251058632e-05,-3.4007711654405266e-06,7.9739329330572406e-05,-7.9666724854868286e-05,-3.4006723499194245e-06,7.97392727677698e-05
470,0.94000004464760423,5,128,21162,633,-1.112737283078817e-06,-1.1314291184223386e-05,1.1368877220840616e-05,-7.8388549470098757e-05,0.0054404401934057241,0.0054410048945679633,-1.1017618774854823e-06,-1.1411089980414802e-05,1.1464155170609101e-05,-1.1017050451748343e-06,-1.1411020403093921e-05,1.1464080453590224e-05
470,0.94000004464760423,6,1,33529,634,-6.374384354814723e-05,1.526616912300885e-05,6.5546422556711517e-05,-0.00027330860017245372,0.0045106604012964185,0.0045189329323139767,-6.385361527081234e-05,1.5139388858849765e-05,6.5623816394449227e-05,-6.3853568781435579e-05,1.5139486528873882e-05,6.5623793691644178e-05
470,0.94000004464760423,7,128,20347,635,9.1395396863447685e-07,-1.0075781753283966e-07,9.1949116068437081e-07,-6.4542600161222728e-05,0.0047160500864584197,0.0047164917221617217,8.2895329858657817e-07,-9.6811451165299963e-08,8.3458734013541076e-07,8.2900500845457323e-07,-9.674217210181722e-08,8.3463066796382734e-07
470,0.94000004464760423,8,42,7241,636,-1.5827660719773417e-06,3.4452963757723537e-05,3.4489300661648886e-05,0.001300608065058554,-0.0090920858539712528,0.0091846397052295706,-6.2641238641566891e-07,3.3727536384292042e-05,3.3733352976417847e-05,-6.2661392263901654e-07,3.3727768966344814e-05,3.3733589261375335e-05
470,0.94000004464760423,9,92,47753,637,-0.00015845096783008067,0.00015776343534104658,0.00022359787730856891,-0.019890864305941759,-0.0057161791337041086,0.020695921982989359,-0.00015981272636768175,0.00016181750670684464,0.00022743133685992182,-0.00015981297597082581,0.00016181876225895581,0.00022743240557948687
470,0.94000004464760423,10,136,18300,638,-0.00010514594955012986,-0.00059055398437213107,0.00059984137833647125,-0.0023540234924095127,0.13757913777366526,0.13759927535110053,-9.7737186552163599e-05,-0.00059314356113252139,0.00060114211443559797,-9.7737006438046795e-05,-0.00059314365175512597,0.0006011421745684434
470,0.94000004464760423,11,150,36234,639,-0.00015908375617216719,-0.00058045981699525223,0.00060186480261268586,0.003945870767306946,0.14106649649715453,0.14112167207801216,-0.00015794325410312075,-0.00058452537237275027,0.00060548821827033545,-0.00015794426469117342,-0.00058452533532124074,0.00060548844611705383
470,0.94000004464760423,12,42,6890,640,-4.7803247399269043e-05,0.00012083926044673841,0.00012995105743021255,0.015999830370121697,-0.0083833055010104872,0.018063066821443728,-3.9623949549465522e-05,0.00011108714547878779,0.00011794240657424263,-3.9623762914474667e-05,0.00011108661966858374,0.00011794184862420579
470,0.94000004464760423,13,62,3413,641,3.0462741958850672e-05,2.3973631400975163e-05,3.8764850705263181e-05,0.001172994894178821,-0.00030883885134833187,0.0012129709221047882,2.9101212323133242e-05,2.2560226656114945e-05,3.6821792262889122e-05,2.9102069878087776e-05,2.2559410321467662e-05,3.682196987182307e-05
470,0.94000004464760423,14,72,5299,642,-4.7830529296695897e-05,0.00011176325078201295,0.00012156802111643178,0.012893597885380633,-0.0082199255210413397,0.015290913707210524,-4.0763462359744386e-05,0.00010295460244082537,0.00011073079981334327,-4.0763091413044624e-05,0.00010295405773036005,0.0001107301567988348
470,0.94000004464760423,15,54,520,643,3.3545548433951619e-05,1.5842521940735649e-05,3.7098373565121209e-05,0.0010866497377366442,0.0004783819605787873,0.0011872897509581737,3.1840137031793282e-05,1.5243085336475238e-05,3.5300792863311725e-05,3.1841000857031943e-05,1.5242243613249938e-05,3.5301208562075711e-05
470,0.94000004464760423,16,61,754,644,0.00013425503076467941,-3.7422214143287984e-05,0.00013937300813647929,-0.0062828321778570194,-0.010349761983837811,0.012107499878059464,0.0001222751612394398,-3.2279360139166129e-05,0.0001264641140684779,0.00012227630313335969,-3.2280321133986132e-05,0.00012646546342964368
470,0.94000004464760423,17,66,2759,645,0.00017263598104204914,-5.1118974971302572e-05,0.00018004535970823411,-0.0081116315198422745,-0.0069233124266681019,0.01066446533450954,0.00015588041804265272,-4.3341039616590868e-05,0.00016179354265297201,0.00015588160751446871,-4.3341968278672164e-05,0.00016179493742254203
470,0.94000004464760423,18,71,4379,646,0.00027965621655769786,-0.00015993478598334157,0.00032215948725267005,-0.014025543416691806,-0.0015502203490741374,0.014110955008935094,0.000250044065534024,-0.00013875035007977285,0.00028596100146006416,0.00025004542257758339,-0.00013875146978700734,0.00028596273134808502
470,0.94000004464760423,19,76,6105,647,0.00015880416682632458,-3.7548537675763511e-05,0.00016318289151437217,-0.0078577481810911485,-0.0055854537263685293,0.0096406171901411656,0.00014351333467996992,-3.1234390205411974e-05,0.00014687295313456795,0.0001435144884709495,-3.1235282974219891e-05,0.0001468742703932785
470,0.94000004464760423,20,138,20234,648,0.00021760850941392727,0.001793137802669811,0.0018062936202990004,-0.033828805515327347,0.21386307376393698,0.216522059851538,0.00022380119511044563,0.0018072864541780265,0.0018210906903249624,0.00022380124209183311,0.0018072863451498184,0.0018210905878969436
470,0.94000004464760423,21,136,18301,649,-9.8897406689319345e-05,-0.00059266054618641549,0.00060085540694567526,-0.0020167570886012497,0.13675241875802102,0.13676728901796498,-9.1521517084897625e-05,-0.00059527902612592379,0.00060227344872155,-9.1521334846503721e-05,-0.00059527911621642081,0.00060227351007286455
470,0.94000004464760423,22,92,47596,650,9.8734246404813634e-05,0.00022487237318727688,0.00024559323206473825,-0.016337577780930864,-0.0082450833324429294,0.018300214395107345,0.00010437341699278279,0.000230115046310892,0.00025267913390981315,0.00010437361250342005,0.0002301165147618803,0.00025268055198841236
470,0.94000004464760423,23,112,51583,651,-0.00011260910095759586,0.00014643566654732115,0.00018472740472284086,-0.0012675736944712044,0.0024441006486832896,0.0027532473648056864,-0.00011237826014045125,0.00014653044750368252,0.00018466197604765413,-0.00011237740374136427,0.00014653220473385652,0.0001846628492572733
470,0.94000004464760423,24,122,49892,652,-0.00033994527055785913,-1.7552416454284172e-05,0.00034039811147836978,0.0077482610665123366,-0.0019710902295509455,0.0079950451060555056,-0.00034607337310084792,-2.0201211153734239e-05,0.00034666247056968318,-0.00034607228176226131,-2.0199642167510978e-05,0.00034666128965870052
470,0.94000004464760423,25,104,54177,653,-0.00020002417468003962,0.00013782455369410859,0.00024291002049609074,0.0059920027763907821,-0.0024046004396508407,0.0064564851542184979,-0.00020329078023718865,0.00013722274380676211,0.00024526969390306093,-0.00020328973564184589,0.00013722451490456853,0.00024526981899150526
470,0.94000004464760423,26,111,52655,654,-0.00029204439983773712,3.8008465283835013e-05,0.00029450734270950965,0.0077660648000129539,-0.0061806077861195968,0.0099253047854382,-0.00029774276460809411,3.533436494762429e-05,0.00029983207170468411,-0.00029774163615287942,3.5336102229320097e-05,0.00029983115585234733
470,0.94000004464760423,27,116,51774,655,-0.00066975682476283212,-0.00041775257000055047,0.00078936139635686251,0.010808510042080523,-0.008393373578308749,0.013684758286312803,-0.00068435976728369659,-0.00042916627769905481,0.00080779451903974795,-0.0006843583945557361,-0.0004291647717822007,0.00080779255600542204
470,0.94000004464760423,28,121,50655,656,-0.00066678090884588761,-0.00041901906033139122,0.00078751111314212573,0.012254439737069238,-0.004951340168018791,0.01321692334580548,-0.00068089697134021058,-0.00042995466868161694,0.00080528361631253275,-0.00068089564108749694,-0.00042995322766486472,0.00080528172215156384
470,0.94000004464760423,29,126,47936,657,-0.00048311479158822236,-0.00020268218237715549,0.00052390835926190192,0.0098421885837576238,-0.0012592204338959061,0.0099224146365383212,-0.00049228031551733925,-0.00020867818773420715,0.0005346835466721265,-0.00049227916499739453,-0.00020867673909001622,0.00053468192201324208
470,0.94000004464760423,30,152,34831,658,-0.00020824949592390964,0.0015962509977041305,0.0016097779661257618,0.032308769081332275,0.21825419593416928,0.22063261454830654,-0.0002090974938575679,0.0016080473160218095,0.0016215850062523583,-0.00020909996281006521,0.0016080472865063523,0.0016215852953476155
470,0.94000004464760423,31,150,36891,659,-0.00018397789255884722,-0.00059691459061722606,0.00062462380153347125,0.0033797489054254492,0.14068900528204686,0.14072959500373591,-0.00018282576163147036,-0.00060109200237814337,0.00062828087225308166,-0.0001828267533747396,-0.00060109197960141322,0.00062828113905376282
471,0.94200004474259913,0,23,25848,628,4.1980634687648474e-05,3.1484557091280711e-05,5.2475242010036592e-05,-0.00068562731018237887,0.00046697743079429985,0.0008295497148086841,2.450081002168581e-05,3.3968820259423627e-05,4.1882817975104889e-05,2.4502002769273086e-05,3.3968821952387478e-05,4.1883517098477622e-05
471,0.94200004474259913,1,20,17765,629,1.9956084464194987e-05,2.4513998064772478e-05,3.1609830879992909e-05,0.0031396866091510009,0.045327546643909727,0.045436154291043321,1.7363069567151071e-05,2.4532245395860836e-05,3.0055070270363082e-05,1.736382261477417e-05,2.4532511531271451e-05,3.0055722547117538e-05
471,0.94200004474259913,2,20,37608,630,1.6882034990920395e-06,1.6353076638218443e-05,1.6439986210146055e-05,-0.0062458886604487424,0.014888019341911888,0.016145099723565186,2.0519897222727906e-06,1.6885305110135096e-05,1.7009532341680282e-05,2.0524707633990717e-06,1.6885170527880592e-05,1.7009456781161922e-05
471,0.94200004474259913,3,20,15824,631,8.9169048170287637e-06,2.5501989077122147e-05,2.7015970062272573e-05,0.0050949484116068191,0.0092101573685139972,0.010525469018990437,9.2736633434233957e-06,2.5234660521017563e-05,2.688473402171123e-05,9.2741434874411684e-06,2.523487495640729e-05,2.6885100920233854e-05
471,0.94200004474259913,4,128,34319,632,-7.9661659464281152e-05,-3.4380706389765491e-06,7.9735815781376988e-05,-0.00048523389032140493,0.0052778412349653459,0.0053001000018694901,-7.8195502619147195e-05,-2.9415109874711844e-06,7.8250809048536165e-05,-7.8195525878829042e-05,-2.9415287494696901e-06,7.8250832959468101e-05
471,0.94200004474259913,5,128,21162,633,-1.0994910141569853e-06,-1.1447039766344776e-05,1.149972173152423e-05,-7.9371161158999377e-05,0.0054361539217755387,0.0054367333245671796,-2.8593066072333462e-07,-1.113138787440106e-05,1.1135059602584291e-05,-2.8595592799880372e-07,-1.1131371756385586e-05,1.1135044138736783e-05
471,0.94200004474259913,6,1,33529,634,-6.3849364809643531e-05,1.5108591808811812e-05,6.5612582124469391e-05,-0.00027457809036553004,0.0045064000874883584,0.0045147574548610988,-6.3625515956762302e-05,1.5308717477333387e-05,6.544129515500917e-05,-6.362553953960634e-05,1.5308701849275474e-05,6.544131442763066e-05
471,0.94200004474259913,7,128,20347,635,8.3101941448217867e-07,-1.2830681473443868e-07,8.4086616411507519e-07,-6.5708726574758327e-05,0.0047118724901407455,0.0047123306335711658,9.848086109890848e-07,-5.8963456263737449e-08,9.8657219170865363e-07,9.8478165427382375e-07,-5.8944555468502039e-08,9.8654415370710519e-07
471,0.94200004474259913,8,42,7241,636,-6.2622279620878593e-07,3.3729450419206329e-05,3.373526316144858e-05,0.001301809851404819,-0.0090940515946124172,0.0091867558634529563,4.4259470370905076e-07,3.3324536525408731e-05,3.3327475522533237e-05,4.4267669961577599e-07,3.3324668590103408e-05,3.3327608664598298e-05
471,0.94200004474259913,9,92,47753,637,-0.00015983706529340216,0.00016181087339269367,0.00022744372092830712,-0.019888285385381073,-0.0057145040984635884,0.02069298075826002,-0.00018102411914057307,0.00017797742209238075,0.00025386156559288343,-0.00018102398805983576,0.00017797673890890449,0.00025386099315518311
471,0.94200004474259913,10,136,18300,638,-9.7839988754452591e-05,-0.00059369088218582788,0.00060169886736644105,-0.0023440901901828261,0.13755888365021765,0.13757885458860974,-8.9394298887471635e-05,-0.00058630599123762027,0.00059308182912201168,-8.939374184902339e-05,-0.00058630599890300823,0.00059308175273854453
471,0.94200004474259913,11,150,36234,639,-0.00015772105877480036,-0.00058514291009634407,0.00060602653210652601,0.0039444434109302453,0.14105009049276845,0.14110523258136179,-0.00015348877964284916,-0.00057895896631902184,0.00059895933931899026,-0.00015348857012857233,-0.00057895904563285544,0.00059895936229448861
471,0.94200004474259913,12,42,6890,640,-3.9619881472922961e-05,0.00011108818146085543,0.00011794201570351596,0.016010306493278451,-0.0083879503287237981,0.018074502060246411,-3.6339607113776778e-05,8.7798458432587534e-05,9.502176776045822e-05,-3.6339858572603928e-05,8.7799309031998644e-05,9.5022649866088527e-05
471,0.94200004474259913,13,62,3413,641,2.9105715005118982e-05,2.2561877771015974e-05,3.6826362493646763e-05,0.0011509100553280943,-0.00029048771513941006,0.0011870033985217701,2.3411876208433879e-05,1.9094409752800033e-05,3.0211130919031437e-05,2.3411087272930768e-05,1.9095494529135089e-05,3.0211205183060957e-05
471,0.94200004474259913,14,72,5299,642,-4.0759174969687834e-05,0.0001029558394048655,0.00011073037167719651,0.012902678300131969,-0.0082231964289940524,0.015300328977721914,-3.4928716368347931e-05,8.1991424077918122e-05,8.912131534860506e-05,-3.4929107493941554e-05,8.1992257318108468e-05,8.9122235219064351e-05
471,0.94200004474259913,15,54,520,643,3.1844714146190428e-05,1.5244507135357832e-05,3.5305535215494985e-05,0.0010633401860113837,0.00049826039940283886,0.0011742894774287133,2.5587292225334213e-05,1.3211862088189112e-05,2.8796923850681991e-05,2.5586499127432445e-05,1.3212963701727624e-05,2.8796724594670018e-05
471,0.94200004474259913,16,61,754,644,0.00012227867256292045,-3.2276246500280109e-05,0.00012646671440302683,-0.0063253263189236297,-0.010331876708531083,0.012114348078256421,9.7763563409641104e-05,-2.5114107509845421e-05,0.00010093776660183735,9.7762561751502103e-05,-2.5112969274369964e-05,0.00010093651324467133
471,0.94200004474259913,17,66,2759,645,0.00015588338923468086,-4.3337274468893639e-05,0.00016179539671351358,-0.0081561775139115597,-0.0069001836627669367,0.010683434195910614,0.00012435577536361203,-3.4649105293668187e-05,0.00012909267742183071,0.00012435475420570594,-3.4648069066612012e-05,0.00012909141560772449
471,0.94200004474259913,18,71,4379,646,0.0002500470271873099,-0.00013874580225917737,0.00028596138454300789,-0.014074969060905855,-0.0015137031425167138,0.014156131225342679,0.00019902256216053766,-0.00011279361229780471,0.00022876271379779651,0.00019902145140278876,-0.00011279260549022826,0.00022876125102767487
471,0.94200004474259913,19,76,6105,647,0.00014351637299258709,-3.1230777207812313e-05,0.00014687515365762648,-0.007901062784551818,-0.0055609718831129079,0.0096618425473717004,0.00011449124310028728,-2.48395433251526e-05,0.00011715480211775877,0.00011449024780035432,-2.4838524623681054e-05,0.00011715361346056614
471,0.94200004474259913,20,138,20234,648,0.00022289212101595697,0.0018076290451228864,0.0018213192093597624,-0.0338196872680709,0.21384621838915666,0.21650398695232614,0.00022726179831165884,0.001815292129043314,0.0018294626092758652,0.00022726287837321953,0.0018152920756243072,0.0018294626904397056
471,0.94200004474259913,21,136,18301,649,-9.1622073118787973e-05,-0.00059582203308620476,0.00060282543028107485,-0.0020068849481619973,0.13673224651648447,0.1367469737311939,-8.306600549025008e-05,-0.00058842506212442795,0.00059425921532967681,-8.3065452760864667e-05,-0.00058842506944441729,0.00059425914531712073
471,0.94200004474259913,22,92,47596,650,0.0001043298955448099,0.00023009631195545355,0.00025264409725915294,-0.016334860362619157,-0.0082409697882514388,0.018295935234831244,0.00010855119287169126,0.00025057865089258381,0.00027308061402636126,0.00010855094350104266,0.00025057789340175626,0.00027307981982678341
471,0.94200004474259913,23,112,51583,651,-0.00011240974302931577,0.00014652841870687526,0.0001846795273349327,-0.0012671027327850752,0.0024506475685534836,0.0027588444756253489,-0.00011674797213960609,0.00014897711770040531,0.00018927300546308937,-0.00011674875157003487,0.00014897612869363416,0.00018927270778879867
471,0.94200004474259913,24,122,49892,652,-0.00034607548013537199,-2.0170571414128679e-05,0.0003466627899012248,0.0077462476189298236,-0.0019679868492056235,0.0079923290981053965,-0.00036684069079066567,-2.292035226203647e-05,0.00036755602969831499,-0.00036684163600316882,-2.2921282706415308e-05,0.00036755703109366417
471,0.94200004474259913,25,104,54177,653,-0.00020329771466200683,0.00013724547963429997,0.00024528816210091307,0.0059923996797098984,-0.0023987566860534685,0.0064546795087187334,-0.00021783619084583049,0.00013720144812190093,0.00025744289349090169,-0.00021783711950144625,0.00013720044088161957,0.00025744314248159374
471,0.94200004474259913,26,111,52655,654,-0.00029774298547718573,3.5366404343553587e-05,0.00029983606847252273,0.0077651565119343513,-0.0061769259604433253,0.0099223016470794297,-0.00031838748277343424,3.0802717928869329e-05,0.00031987403242309209,-0.00031838846857891115,3.0801696564314623e-05,0.00031987491529543921
471,0.94200004474259913,27,116,51774,655,-0.00068434609957081357,-0.00042910954497511224,0.00080775279980111099,0.010800069318093124,-0.0084008661313093366,0.013682691585788111,-0.00072609122326999581,-0.00045159038370674268,0.00085506861664203415,-0.0007260923566488242,-0.00045159141664120352,0.00085507012459087373
471,0.94200004474259913,28,121,50655,656,-0.00068088618062355324,-0.00042990110857184097,0.00080524589667717512,0.012246629440467767,-0.004957945961840432,0.013212159581713418,-0.00072094488846914564,-0.00045058996168195016,0.00085017224477062895,-0.00072094598539634391,-0.00045059095224449366,0.00085017369996001689
471,0.94200004474259913,29,126,47936,657,-0.00049228084825024044,-0.00020864207347351865,0.00053466994340181997,0.0098379003733340895,-0.0012596338547056355,0.0099182136094947866,-0.00051981919792067283,-0.00021792974576342338,0.00056365359274593643,-0.0005198201700434646,-0.00021793066347709433,0.0005636548440912958
471,0.94200004474259913,30,152,34831,658,-0.00020786923585371043,0.0016085363740523781,0.0016219121079343287,0.032305939987170497,0.21824383911528042,0.22062195509565921,-0.00020905069858315266,0.0016211446620550023,0.0016345678969952675,-0.00020905035548931907,0.0016211446591963392,0.0016345678502806254
471,0.94200004474259913,31,150,36891,659,-0.00018261587882470288,-0.00060169996579486902,0.00062880156491254471,0.0033783783339289939,0.14067262459876989,0.14071318613290512,-0.00017788650605527964,-0.00059577892488741669,0.00062176855531343909,-0.00017788629550280309,-0.00059577900518689773,0.00062176857201791738
472,0.94400004483759403,0,23,25848,628,2.4502440441106096e-05,3.3971816854681522e-05,4.1886202119289531e-05,-0.00069993434686192778,0.00047196346114884209,0.00084419049898505009,3.9361992381486772e-05,3.1715037218236926e-05,5.0549085352698277e-05,3.9362993703308109e-05,3.171504209137691e-05,5.0549868131820906e-05
472,0.94400004483759403,1,20,17765,629,1.7363968028644558e-05,2.4535439233818348e-05,3.0058196288137168e-05,0.0031437136189007486,0.045332083154777547,0.045440958379740722,1.9296152577179714e-05,2.5025984697059696e-05,3.1601288175314399e-05,1.9296707827283043e-05,2.5026242306844708e-05,3.1601831228149271e-05
472,0.94400004483759403,2,20,37608,630,2.0531228791667604e-06,1.688800773198586e-05,1.7012351945353475e-05,-0.0062470868067419603,0.014888567207552255,0.016146068470831214,1.8693709949269169e-06,1.6804555576131535e-05,1.6908212088448838e-05,1.8696775130933766e-06,1.680447852458533e-05,1.6908169400801988e-05
472,0.94400004483759403,3,20,15824,631,9.2743116258740241e-06,2.5237781680721337e-05,2.6887887241238861e-05,0.0050976285571531065,0.0092126282124139168,0.010528928506114366,8.9773976833302742e-06,2.5914135094675965e-05,2.7425099213490189e-05,8.9777211460298705e-06,2.5914343029934047e-05,2.7425401576803998e-05
472,0.94400004483759403,4,128,34319,632,-7.8190726406898034e-05,-2.9790081563609831e-06,7.8247454818888821e-05,-0.00048314425510441206,0.0052780865498534644,0.005300153393910826,-7.9172027143158117e-05,-3.1420505336950295e-06,7.9234350906114313e-05,-7.917203664223797e-05,-3.1420715902338548e-06,7.9234361232725462e-05
472,0.94400004483759403,5,128,21162,633,-2.8403260643734335e-07,-1.1167448553548563e-05,1.1171060008686439e-05,-7.7734847192460483e-05,0.005435905728175254,0.0054364615138963847,-8.392592445101182e-07,-1.1341273105260639e-05,1.1372283487831456e-05,-8.3925698356994833e-07,-1.1341271389162466e-05,1.1372281609558659e-05
472,0.94400004483759403,6,1,33529,634,-6.3621631196008607e-05,1.5277749053595273e-05,6.5430280239240656e-05,-0.00027374887220579661,0.00450659595526255,0.0045149026068147611,-6.3653614903941305e-05,1.5305423404888441e-05,6.5467844595206925e-05,-6.3653626274928559e-05,1.530540582785307e-05,6.5467851541833522e-05
472,0.94400004483759403,7,128,20347,635,9.8649233478585127e-07,-9.0663680349757229e-08,9.9064980165838771e-07,-6.4789608508654156e-05,0.0047114951377998527,0.0047119405903387999,9.1901772042345138e-07,-7.9384016879549149e-08,9.2243991272507809e-07,9.1901548111820858e-07,-7.9378029694934984e-08,9.2243716649600712e-07
472,0.94400004483759403,8,42,7241,636,4.4291673184833521e-07,3.3326348007455399e-05,3.3329291122755337e-05,0.0013023736801888591,-0.0090930322191501312,0.0091858266988524787,-4.5988501554277976e-07,3.3996475044369955e-05,3.3999585433795948e-05,-4.5988092255556909e-07,3.3996606735830995e-05,3.3999717057847409e-05
472,0.94400004483759403,9,92,47753,637,-0.00018105025097202773,0.00017796763169429281,0.00025387333713470123,-0.019901715186629081,-0.0057008516456049062,0.020702124935737847,-0.00016259904062788079,0.00016425623573085977,0.00023112455297864611,-0.00016259903422079179,0.00016425568386177478,0.0002311241562676509
472,0.94400004483759403,10,136,18300,638,-8.9498943880370974e-05,-0.00058685253435381826,0.0005936379014459919,-0.0023327970069604684,0.13755403063293031,0.13757381031737406,-9.2951288808218915e-05,-0.00059302680129317306,0.00060026721478281776,-9.2951167993361191e-05,-0.00059302683370384183,0.00060026722809439974
472,0.94400004483759403,11,150,36234,639,-0.00015326646518477006,-0.00057957655269492373,0.00059949944936085308,0.0039458912179486791,0.14103938224678558,0.14109456900270392,-0.00015932611595307443,-0.0005817699838837067,0.00060319244472451807,-0.00015932633657743197,-0.0005817699654441839,0.00060319248521521892
472,0.94400004483759403,12,42,6890,640,-3.6337716294066691e-05,8.7801395974291762e-05,9.5023758926399333e-05,0.016032494490947347,-0.008409041327711423,0.018103945858663401,-3.684432299248662e-05,0.00010294123096658965,0.00010933618417381976,-3.6844614606748106e-05,0.00010294194606179333,0.00010933695571264532
472,0.94400004483759403,13,62,3413,641,2.3412896131539026e-05,1.9098281735860616e-05,3.0214368610456553e-05,0.0011312727720360636,-0.00027981419791843151,0.0011653643507963055,2.5891529642286846e-05,2.0288706741384545e-05,3.2893812920598321e-05,2.5890787914230592e-05,2.0289615219916137e-05,3.2893789453207143e-05
472,0.94400004483759403,14,72,5299,642,-3.4926961791606316e-05,8.1994353346014016e-05,8.9123322652509576e-05,0.012922536415893578,-0.0082419199571842731,0.015327139067703667,-3.8368226188870926e-05,9.563657584841476e-05,0.00010304598692278099,-3.8368629706254157e-05,9.5637274397084352e-05,0.000103046785489111
472,0.94400004483759403,15,54,520,643,2.5588363577035492e-05,1.3215831169109014e-05,2.879969694356088e-05,0.0010427282827817842,0.00051111387456690598,0.0011612577941559072,2.8356096915239601e-05,1.3535604484066086e-05,3.1421025142657754e-05,2.8355352247041565e-05,1.3536526856930464e-05,3.1420750474840747e-05
472,0.94400004483759403,16,61,754,644,9.776328534378478e-05,-2.5108891739403532e-05,0.00010093619967876427,-0.006372772692230618,-0.010315500219891437,0.01212525367047719,0.00011127973692697885,-2.9875219588627088e-05,0.00011522026122174133,0.00011127882705431315,-2.9874269418738803e-05,0.00011521913610111442
472,0.94400004483759403,17,66,2759,645,0.00012435537514273679,-3.4643601566661834e-05,0.00012909081476387239,-0.0082071037567261161,-0.0068810937036726857,0.010710088824673294,0.00014078099809982931,-3.8610754256353594e-05,0.00014597972383255378,0.00014078008354007822,-3.8609892852719997e-05,0.00014597861400783994
472,0.94400004483759403,18,71,4379,646,0.00019902175559215096,-0.00011278779707287308,0.00022875914488285155,-0.014135815071779308,-0.0014796934616964331,0.014213048951021389,0.00022417693758471151,-0.00012378678012867658,0.00025608292852020601,0.00022417597604514088,-0.00012378595186338928,0.00025608168640985811
472,0.94400004483759403,19,76,6105,647,0.00011449083913885833,-2.4834304126314081e-05,0.0001171532966166902,-0.0079499783948965876,-0.0055416175290258348,0.0096908039561910912,0.00012951902686180841,-2.7552887668640154e-05,0.00013241729470922804,0.00012951813218098999,-2.7552040374024057e-05,0.0001324162433103441
472,0.94400004483759403,20,138,20234,648,0.00022635483350787007,0.0018156380930419473,0.0018296934703816851,-0.033813706367560904,0.21383446998102948,0.21649144853868807,0.00022568257242074405,0.001826617482626348,0.001840506465984475,0.00022568221349344859,0.0018266174762284506,0.0018405064156232916
472,0.94400004483759403,21,136,18301,649,-8.3168444374385624e-05,-0.0005889672739023842,0.00059481042346924402,-0.001995498903325833,0.13672750918328219,0.13674207027589458,-8.6725042562054406e-05,-0.0005951788602384829,0.00060146413748632572,-8.6724915990110996e-05,-0.00059517889260785831,0.00060146415126706291
472,0.94400004483759403,22,92,47596,650,0.00010850304635379374,0.00025055593986950868,0.00027304063813276289,-0.016340140658218694,-0.0082203523920126934,0.018291374748204151,0.00010513696313722907,0.00023321421212942726,0.00025581761033374652,0.00010513663855172979,0.00023321360242346587,0.00025581692110039845
472,0.94400004483759403,23,112,51583,651,-0.00011678459068073481,0.00014897135447996252,0.0001892910591551049,-0.001274073230284295,0.0024689408885459042,0.0027782965477538388,-0.00011296821550175338,0.00014728110544520614,0.00018561665263335756,-0.00011296898168865439,0.00014728030247735971,0.00018561648181558151
472,0.94400004483759403,24,122,49892,652,-0.00036684580886130452,-2.289187834805815e-05,0.00036755936333251945,0.0077341070922173514,-0.001955942621897514,0.0079776013972899188,-0.00034907429578348099,-2.0264446537151986e-05,0.00034966199646256993,-0.00034907518631145673,-2.0265204916491371e-05,0.00034966292944589594
472,0.94400004483759403,25,104,54177,653,-0.00021784699895962306,0.00013722147445161532,0.00025746271187569925,0.0059830651342245413,-0.0023828694863139311,0.0064401192061311523,-0.00020522142224294328,0.00013769880454007265,0.0002471371945280223,-0.00020522231195576707,0.00013769798601954861,0.00024713747728402098
472,0.94400004483759403,26,111,52655,654,-0.00031839123466117131,3.0832601914286411e-05,0.00031988064594449899,0.0077531110217970659,-0.0061658661527927107,0.0099059899015931738,-0.00030059835972933335,3.5129750907791583e-05,0.0003026441363562314,-0.00030059929088286887,3.5128918657719394e-05,0.00030264496461257089
472,0.94400004483759403,27,116,51774,655,-0.00072607951364454988,-0.00045153418128048885,0.00085502899190550703,0.010778464832204151,-0.0084070845135217776,0.013669468685964329,-0.00069058802247474365,-0.00043217761342617726,0.00081467128728851328,-0.00069058904681948993,-0.00043217846458152486,0.00081467260714663528
472,0.94400004483759403,28,121,50655,656,-0.00072093660128514053,-0.00045053764513877876,0.00085013749050360425,0.012225693183905366,-0.0049632444621967257,0.01319474779669989,-0.00068693238399126274,-0.00043275400264855996,0.00081188184299457614,-0.00068693337641359477,-0.00043275481886881578,0.00081188311774858519
472,0.94400004483759403,29,126,47936,657,-0.00051982269754731491,-0.00021789519672265378,0.00056364346322845902,0.0098227685562883981,-0.0012543225378695811,0.0099025303402421171,-0.00049642862541681484,-0.00020979933835439744,0.00053894075973818427,-0.00049642952564099877,-0.00020980009002949065,0.00053894188156472815
472,0.94400004483759403,30,152,34831,658,-0.00020781869281009789,0.0016216354711318715,0.0016348976146274069,0.032302065343597322,0.21823169274975007,0.22060937229837571,-0.00021392690910638194,0.0016455616812884521,0.0016594089216840698,-0.00021392750814553901,0.0016455617938339433,0.0016594091105171579
472,0.94400004483759403,31,150,36891,659,-0.00017767699826251216,-0.00059638694633399377,0.00062229133488195276,0.003380354827087542,0.14066180387257712,0.14070241599718311,-0.00018412431898047428,-0.00059861016291617368,0.00062628738769557823,-0.00018412453308903727,-0.00059861015042819569,0.00062628743870600111
473,0.94600004493258893,0,23,25848,628,3.936342637106274e-05,3.1718424477374593e-05,5.0552327216429841e-05,-0.00068600413646614604,0.00047294708164888479,0.0008332350312420017,4.2316651204893713e-05,3.1871574125809584e-05,5.2976374040260694e-05,4.2317952193557964e-05,3.1871656493774809e-05,5.2977462807437615e-05
473,0.94600004493258893,1,20,17765,629,1.9296897491303453e-05,2.5029563294041915e-05,3.1604577065360704e-05,0.0031412198997105346,0.045333244663236079,0.045441944656398232,1.9361868232931507e-05,2.4754455215535691e-05,3.1427137866617193e-05,1.9362663155157255e-05,2.4754585605980026e-05,3.1427730318683176e-05
473,0.94600004493258893,2,20,37608,630,1.8703373864401857e-06,1.6807680586952332e-05,1.6911424796631716e-05,-0.0062516994904925297,0.014896099112093629,0.016154798521700639,1.8429653371569801e-06,1.6560984064846758e-05,1.666321440869289e-05,1.843479007519847e-06,1.6560673235826226e-05,1.6662962307914442e-05
473,0.94600004493258893,3,20,15824,631,8.9779407399412083e-06,2.5917550841257864e-05,2.7428504544343688e-05,0.0050959234093455943,0.0092146525529675297,0.010529874503802382,8.9309272505639536e-06,2.5655766564699915e-05,2.7165783986059372e-05,8.9314302772405406e-06,2.5655841768714205e-05,2.7166020386845577e-05
473,0.94600004493258893,4,128,34319,632,-7.916701522940645e-05,-3.1794518652349453e-06,7.9230834998101707e-05,-0.00048464062151828811,0.0052790211066465285,0.0053012206496659969,-8.0205638192952337e-05,-3.2987071319967519e-06,8.0273444342954787e-05,-8.020568695355152e-05,-3.2987707506862632e-06,8.0273495676696976e-05
473,0.94600004493258893,5,128,21162,633,-8.3711822686078309e-07,-1.1377148940253783e-05,1.1407904493572004e-05,-7.8639591024148652e-05,0.0054370220031504553,0.0054375906841190825,-1.3892963155463319e-06,-1.1399866728920353e-05,1.1484211147899357e-05,-1.3893499354001002e-06,-1.1399902867316311e-05,1.1484253507618288e-05
473,0.94600004493258893,6,1,33529,634,-6.3649484596692337e-05,1.527472722787798e-05,6.5456658800389829e-05,-0.0002742946739064272,0.0045081956694012224,0.0045165324931568211,-6.3794037629124527e-05,1.5188465478773821e-05,6.5577196651168764e-05,-6.3794079880673276e-05,1.5188407345728989e-05,6.5577224289546719e-05
473,0.94600004493258893,7,128,20347,635,9.2094663911439533e-07,-1.1086580220325009e-07,9.2759578383812764e-07,-6.5206296473507228e-05,0.0047131063659131278,0.0047135574121368925,8.6245653444665771e-07,-9.2445720386740192e-08,8.6739695931422437e-07,8.6240750429912863e-07,-9.2476701201975908e-08,8.6735151105918476e-07
473,0.94600004493258893,8,42,7241,636,-4.595468510541565e-07,3.399861910782813e-05,3.4001724729011763e-05,0.0013015474582314588,-0.0090906801039440394,0.0091833812149051501,-9.5654067640355924e-08,3.3844738879235048e-05,3.3844874050648505e-05,-9.5578378992456122e-08,3.3844769312060931e-05,3.3844904269522648e-05
473,0.94600004493258893,9,92,47753,637,-0.00016262260476882304,0.00016424782680103889,0.0002311351556787952,-0.019905112329392533,-0.0057139108834597472,0.020708990183730697,-0.00016044748700907974,0.00016329760803516596,0.00022893122302896019,-0.00016044734450359642,0.00016329674288369936,0.00022893050603770736
473,0.94600004493258893,10,136,18300,638,-9.3054729137769361e-05,-0.00059357530147950905,0.00060082511693619611,-0.0023334926973392579,0.13752738447923199,0.13754717979612319,-9.6198922403626248e-05,-0.00059413582991620572,0.00060187342279073716,-9.6199750417492013e-05,-0.00059413579407779644,0.00060187351975713431
473,0.94600004493258893,11,150,36234,639,-0.00015910345271968589,-0.00058239100991387628,0.00060373271991488926,0.0039371833656180804,0.14101606697609687,0.14107101955490906,-0.00016415052052752181,-0.00058456596768813643,0.00060717605681435082,-0.00016415086452175858,-0.00058456602986174341,0.00060717620967192171
473,0.94600004493258893,12,42,6890,640,-3.6841470618780689e-05,0.00010294400959037866,0.00010933783914042957,0.016045599682019882,-0.0083928945408386149,0.018108063063985481,-3.394150487840693e-05,0.00010201835223141394,0.00010751637059268586,-3.3941806112250545e-05,0.00010201910339205986,0.00010751717843712886
473,0.94600004493258893,13,62,3413,641,2.5893693300625325e-05,2.0292468452122198e-05,3.289783623017209e-05,0.0011217467092925022,-0.000250174133097794,0.0011493053452759151,2.5291369407676502e-05,1.9548518870704903e-05,3.196557455378928e-05,2.5290485234874779e-05,1.954952302315686e-05,3.1965489106978473e-05
473,0.94600004493258893,14,72,5299,642,-3.8365471687460259e-05,9.5639499157604624e-05,0.00010304767448573874,0.012934329745854595,-0.0082258531786025008,0.015328455450254075,-3.657904555458812e-05,9.4842991912130785e-05,0.00010165244556098559,-3.6579497014817177e-05,9.4843738043542445e-05,0.00010165330416631384
473,0.94600004493258893,15,54,520,643,2.8358299515884834e-05,1.3539370670103661e-05,3.1424635392874447e-05,0.0010326760311165251,0.00054122069654037391,0.0011659072122627194,2.7677392732533366e-05,1.2988627163267932e-05,3.0573558904014961e-05,2.7676504181759253e-05,1.2989651082094567e-05,3.0573189545049077e-05
473,0.94600004493258893,16,61,754,644,0.00011128070422367344,-2.9869974783512926e-05,0.00011521983564510232,-0.006391217082931392,-0.010295013810331139,0.01211754781942547,0.00010859305766792513,-2.852549862785801e-05,0.00011227714035206474,0.00010859194523534811,-2.8524409747656354e-05,0.00011227578777924043
473,0.94600004493258893,17,66,2759,645,0.00014078158170662434,-3.860521959601375e-05,0.00014597882287467381,-0.0082242726318031648,-0.0068596976632191043,0.010709533713145506,0.00013682270190040779,-3.5256592075652967e-05,0.00014129217614615767,0.00013682157124130737,-3.5255581267108665e-05,0.00014129082902800821
473,0.94600004493258893,18,71,4379,646,0.00022417725447801301,-0.00012378049601324573,0.00025608016834301119,-0.014147817988385986,-0.0014687033339257445,0.014223847697285805,0.00021693919057680502,-0.0001144731067239049,0.00024528902252473884,0.00021693796976699265,-0.00011447204967517231,0.0002452874495025372
473,0.94600004493258893,19,76,6105,647,0.00012951971602004456,-2.7547469119368411e-05,0.00013241684142432767,-0.0079675511209371941,-0.0055169617691516798,0.0096911680424512699,0.00012586946525160764,-2.4667238974838663e-05,0.00012826377103986714,0.00012586836219896145,-2.466625198950165e-05,0.00012826249876662525
473,0.94600004493258893,20,138,20234,648,0.00022477285281449774,0.0018269660463971599,0.0018407410926174375,-0.033811507122315662,0.21381051925613648,0.21646744826523251,0.00022702882811632803,0.0018273816184792141,0.0018414303322014617,0.00022702719698324374,0.0018273817963875363,0.0018414303076518014
473,0.94600004493258893,21,136,18301,649,-8.6826223766551727e-05,-0.00059572290525081737,0.00060201708694524077,-0.0019963310236269247,0.13670093044889112,0.13671550652046921,-9.007239663710127e-05,-0.00059629641383185774,0.00060306090056037084,-9.0073218014160113e-05,-0.00059629637946087587,0.00060306098925529518
473,0.94600004493258893,22,92,47596,650,0.00010509280835999884,0.00023319323258230818,0.00025578033953214214,-0.016348451188221935,-0.0082390735657250566,0.01830721686863147,0.00010577112467777905,0.00023204309571560471,0.00025501280180587716,0.00010577085002336785,0.00023204211025100379,0.00025501179118700526
473,0.94600004493258893,23,112,51583,651,-0.00011300118971563316,0.00014727671222179218,0.00018563323743341089,-0.0012679241331068677,0.0024625002239968812,0.00276975431410432,-0.00011261985656581096,0.00014766442339339978,0.00018570948825789453,-0.00011262070658228075,0.00014766318726236767,0.00018570902084598162
473,0.94600004493258893,24,122,49892,652,-0.00034907767336309433,-2.0234998430185767e-05,0.00034966366297066215,0.0077506908390379981,-0.0019586819285615687,0.0079943507165761256,-0.00034807971553483256,-2.0182905767941493e-05,0.00034866436303707262,-0.00034808074178177214,-2.018403886383315e-05,0.00034866545315560799
473,0.94600004493258893,25,104,54177,653,-0.00020522992097707181,0.00013772010833554597,0.00024715612212569134,0.0059977287872690988,-0.0023878663856706423,0.0064555911024051262,-0.00020424588861708468,0.0001383275043125707,0.00024667971433891118,-0.00020424690018142947,0.00013832625144221953,0.00024667984934278472
473,0.94600004493258893,26,111,52655,654,-0.00030060003987530368,3.5159811805577574e-05,0.00030264929595034214,0.0077710066099783833,-0.0061676619681245697,0.0099211187819407722,-0.00029941793639081911,3.570058102180791e-05,0.00030153877382159541,-0.00029941900834424098,3.5699330480484265e-05,0.00030153969018124877
473,0.94600004493258893,27,116,51774,655,-0.00069057519785916928,-0.00043212175777401573,0.00081463078596376163,0.010806181217731437,-0.0083964586840839569,0.013684811688290803,-0.00068895424023849184,-0.00043217154876072682,0.00081328358688765061,-0.00068895546465473688,-0.00043217272750731018,0.00081328525049869933
473,0.94600004493258893,28,121,50655,656,-0.00068692265513762283,-0.00043270171026997051,0.00081184573917209111,0.012252375493908325,-0.0049530639389278259,0.013215655399064873,-0.00068544789956972269,-0.00043294512232586771,0.00081072825408413224,-0.00068544908408878994,-0.00043294625098123837,0.00081072985828626698
473,0.94600004493258893,29,126,47936,657,-0.00049643025605688844,-0.00020976414415032523,0.00053892856233440272,0.009842388523806235,-0.001251922498059636,0.0099216894627225938,-0.0004953808416382475,-0.00021002909216509454,0.00053806542150366087,-0.00049538189385396061,-0.00021003017560619256,0.00053806681315939271
473,0.94600004493258893,30,152,34831,658,-0.00021269711383163303,0.0016460572332191283,0.0016597422924253386,0.032294404326759091,0.21821937012978479,0.22059606082308042,-0.00021100518016708752,0.0016198295723370388,0.0016335149309005227,-0.00021100584327967534,0.0016198296149086708,0.0016335150587715253
473,0.94600004493258893,31,150,36891,659,-0.00018391403606700388,-0.00059922155660074351,0.00062681005620321157,0.0033713321642641694,0.14063863116516623,0.14067903346474012,-0.000189213091669608,-0.00060108566411095417,0.00063016312940291763,-0.00018921343323916159,-0.00060108572985154607,0.00063016329466997396
474,0.94800004502758384,0,23,25848,628,4.2318596200599927e-05,3.1875037087706294e-05,5.2980011077123062e-05,-0.00068340039329189528,0.00047286219972887661,0.00083104437756593313,4.2274593034083187e-05,3.2635648212628507e-05,5.3406242616905722e-05,4.2274424402318162e-05,3.2635603818522013e-05,5.3406082005206502e-05
474,0.94800004502758384,1,20,17765,629,1.9363049562835492e-05,2.4757979210850321e-05,3.1430641466214465e-05,0.0031394597984607015,0.045333579413489436,0.04544215697197157,1.9026477242703866e-05,2.4761523086607143e-05,3.1227229493435802e-05,1.9026405642042228e-05,2.4761551008052555e-05,3.1227208008080464e-05
474,0.94800004502758384,2,20,37608,630,1.8443382749869092e-06,1.6563881840456835e-05,1.6666246286947684e-05,-0.0062489803411400688,0.014894359539013739,0.016152142315537115,1.8930750218714347e-06,1.6585921576987335e-05,1.6693607387152951e-05,1.8930417782367388e-06,1.6586006819579207e-05,1.6693688310055319e-05
474,0.94800004502758384,3,20,15824,631,8.9318693449404833e-06,2.565908855096613e-05,2.716923103919963e-05,0.0050956228749164875,0.0092148332199596568,0.010529887167251329,8.9365334168887984e-06,2.5606919120334982e-05,2.7121503209566894e-05,8.9364968777426543e-06,2.5606962421820873e-05,2.7121532053305002e-05
474,0.94800004502758384,4,128,34319,632,-8.0200291793775663e-05,-3.3359360382138353e-06,8.0269641042288289e-05,-0.00048571349791516985,0.0052766954401664108,0.0052990029600227606,-8.1483607458465235e-05,-3.0563993095710857e-06,8.1540909126553141e-05,-8.148363153493526e-05,-3.0563861270801177e-06,8.1540932691985462e-05
474,0.94800004502758384,5,128,21162,633,-1.3868630277573292e-06,-1.1435748704424623e-05,1.1519537208087384e-05,-7.902891377123636e-05,0.0054347214790406769,0.0054352960474989718,-2.1279471236906736e-06,-1.1304852328718999e-05,1.1503384073191975e-05,-2.1280041240149661e-06,-1.1304849144471125e-05,1.1503391488212258e-05
474,0.94800004502758384,6,1,33529,634,-6.3789617036186057e-05,1.5157777520021151e-05,6.5565794900769231e-05,-0.00027450179454586841,0.0045059756211357953,0.0045143291343763383,-6.3785767899054226e-05,1.5180626657858777e-05,6.5567336473257084e-05,-6.3785784657246377e-05,1.5180639588343085e-05,6.5567355769862928e-05
474,0.94800004502758384,7,128,20347,635,8.6467975648770167e-07,-1.2387530504449912e-07,8.7350796932798437e-07,-6.5140554646385166e-05,0.0047109414492244959,0.0047113917932900713,8.5906017883020423e-07,-9.2923921637507526e-08,8.6407132001026176e-07,8.5901490102930893e-07,-9.2920226579922974e-08,8.6402590742295316e-07
474,0.94800004502758384,8,42,7241,636,-9.5058105489358912e-08,3.3846720915255865e-05,3.3846854399761255e-05,0.0013023030326745444,-0.0090906090142941435,0.0091834179606331365,6.0725737795954175e-07,3.3744161927568529e-05,3.3749625564101474e-05,6.0726578546542403e-07,3.3744194977901562e-05,3.3749658760361322e-05
474,0.94800004502758384,9,92,47753,637,-0.00016047159932932947,0.00016328910219792387,0.00022894205617997947,-0.019896655487946235,-0.0057139666860562622,0.020700877152801563,-0.00016124106735595649,0.00016426664135187058,0.00023017865075439161,-0.00016124106421138793,0.00016426673158553796,0.00023017871294673647
474,0.94800004502758384,10,136,18300,638,-9.6302717508896414e-05,-0.00059468422893485485,0.00060243136168649223,-0.0023330336965254874,0.13750858526537166,0.13752837550088748,-0.00010354128577218896,-0.00059197076906141463,0.00060095772670173801,-0.00010354313729107522,-0.00059197069912414609,0.00060095797681835358
474,0.94800004502758384,11,150,36234,639,-0.0001639265140472207,-0.0005851838129180666,0.0006077104548294364,0.0039296281807435825,0.14099754465125747,0.1410522937612935,-0.00017164352722530017,-0.00058015672702853792,0.00060501514721104943,-0.00017164347451669067,-0.0005801567495821783,0.00060501515388452891
474,0.94800004502758384,12,42,6890,640,-3.3938685730000824e-05,0.00010202139988015638,0.00010751837248854975,0.016060672297514834,-0.0083945570009835192,0.0181221903171477,-3.1157962818923398e-05,9.8544670341630129e-05,0.00010335313589710749,-3.1157927842102608e-05,9.8544643838858337e-05,0.00010335310008287664
474,0.94800004502758384,13,62,3413,641,2.529348868137571e-05,1.9552389610588917e-05,3.1969618533212853e-05,0.0011067074782208062,-0.00023250526191698196,0.001130866985621625,2.3949074042387842e-05,1.8357784521923428e-05,3.0175592786905556e-05,2.3949166544721228e-05,1.8357732248001482e-05,3.0175634400557482e-05
474,0.94800004502758384,14,72,5299,642,-3.6576355836909949e-05,9.4846068835727259e-05,0.00010165434855381136,0.012947925441696513,-0.0082265483451781189,0.015340302178225977,-3.4625610751703085e-05,9.177202617636861e-05,9.8086888565417055e-05,-3.4625564364699418e-05,9.1771994759896593e-05,9.8086842796495539e-05
474,0.94800004502758384,15,54,520,643,2.7679540927781189e-05,1.2992503175011635e-05,3.0577150369604445e-05,0.0010166122407127721,0.00055982244226468589,0.0011605609052653121,2.6185102384269002e-05,1.2101511511466936e-05,2.8846250497019833e-05,2.618519495233413e-05,1.2101456727633335e-05,2.8846311542769675e-05
474,0.94800004502758384,16,61,754,644,0.00010859418210106078,-2.8520270064959102e-05,0.00011227689963111981,-0.0064225894838898677,-0.010278298313636334,0.012119945210382439,0.00010318943941537537,-2.6963807580007068e-05,0.00010665414818970274,0.00010318954791877038,-2.696387817019589e-05,0.00010665427101460763
474,0.94800004502758384,17,66,2759,645,0.00013682353896369011,-3.5251051623612847e-05,0.00014129160433344596,-0.0082568657242380761,-0.0068400631077052444,0.010722047141543815,0.00012905958302274681,-3.1820339870258629e-05,0.00013292445222555573,0.00012905968543595699,-3.1820414870934526e-05,0.00013292456961520153
474,0.94800004502758384,18,71,4379,646,0.0002169397290525977,-0.00011446683490675681,0.00024528657186031452,-0.014182554964983676,-0.0014453623915973855,0.01425601409152738,0.0002030643044847046,-0.00010427179148082065,0.0002282711507275428,0.00020306439684096456,-0.00010427190009469892,0.0002282712824990117
474,0.94800004502758384,19,76,6105,647,0.00012587035944972713,-2.4661793405569918e-05,0.00012826360139175309,-0.0079991038941137921,-0.0054957856666927197,0.0097051184023200648,0.00011869675442919031,-2.1850268781016875e-05,0.0001206911502879403,0.0001186968552910929,-2.1850339642581918e-05,0.00012069126231211121
474,0.94800004502758384,20,138,20234,648,0.00022611560025999084,0.0018277291852932032,0.0018416629006019242,-0.033806568600596588,0.2137786635640424,0.21643521219010292,0.00022727430301991536,0.0018236035593914679,0.0018377114982059668,0.00022727139685211549,0.0018236037767521052,0.0018377113544873289
474,0.94800004502758384,21,136,18301,649,-9.0174106656055794e-05,-0.00059684047395680638,0.00060361404959146118,-0.0019959957013448108,0.13668223901712359,0.1366968121851197,-9.7540228720347029e-05,-0.00059413022980684066,0.00060208373685821052,-9.7542073608923856e-05,-0.00059413016136687711,0.00060208396820523311
474,0.94800004502758384,22,92,47596,650,0.00010572658237859046,0.00023202212154368554,0.00025497524410634392,-0.016344577922617974,-0.0082388316883471573,0.018303649227884699,0.00010610827902247205,0.00023313892448355411,0.00025614980965532483,0.00010610833504414075,0.00023313903597406012,0.00025614993433681322
474,0.94800004502758384,23,112,51583,651,-0.00011265362134864335,0.00014765954899879628,0.00018572609082595647,-0.0012619979683542771,0.0024654382927741694,0.0027696615041566965,-0.00011285224402979459,0.00014782899431310296,0.0001859812908391157,-0.0001128521302791614,0.0001478291274497434,0.00018598132764096855
474,0.94800004502758384,24,122,49892,652,-0.00034808373573204051,-2.0154638493705451e-05,0.00034866674136485251,0.0077581572103824622,-0.0019543886695587665,0.0080005398800774112,-0.00034908059879564895,-2.0277949598993371e-05,0.00034966907168845822,-0.00034908047724771946,-2.0277841346146451e-05,0.00034966894406732077
474,0.94800004502758384,25,104,54177,653,-0.00020425512406057261,0.00013834732921046838,0.00024669847831851257,0.0060045751171114835,-0.002382624316832299,0.0064600171030884251,-0.00020502885485127975,0.00013838291078272684,0.00024735937685547169,-0.00020502872590569181,0.0001383830444078714,0.00024735934473171258
474,0.94800004502758384,26,111,52655,654,-0.00029942045114050647,3.5729980832485458e-05,0.00030154475304915222,0.0077786155138958512,-0.0061616550485937916,0.0099233488425471868,-0.00030048038862400591,3.5503959621841444e-05,0.00030257064480293354,-0.000300480258003937,3.5504086454614786e-05,0.00030257052996795526
474,0.94800004502758384,27,116,51774,655,-0.00068894216173491041,-0.00043211718053108925,0.00081324446504486554,0.010815850089180831,-0.0083920832462672373,0.01368976531442056,-0.00069090477579521854,-0.0004333852985386807,0.00081558091334097728,-0.00069090465059287222,-0.00043338521013898222,0.00081558076030401104
474,0.94800004502758384,28,121,50655,656,-0.00068543919428374744,-0.00043289433120157145,0.00081069377143703819,0.012261628274034262,-0.004949178913796615,0.013222779581138207,-0.00068728917960861932,-0.00043405956266107131,0.00081288013897782587,-0.0006872890593410851,-0.00043405948073719369,0.00081287999354627734
474,0.94800004502758384,29,126,47936,657,-0.0004953834036841258,-0.00020999515974935636,0.00053805453604985733,0.0098499772662916946,-0.0012479815932568373,0.0099287214787993263,-0.00049663723623915668,-0.00021049924861002583,0.00053940567116471199,-0.00049663712081967899,-0.00021049915858050843,0.00053940552976324083
474,0.94800004502758384,30,152,34831,658,-0.00020977818452583432,0.0016203238334538182,0.0016338470589260892,0.032294424348010504,0.21816935299035553,0.22054658561900187,-0.00020946194469262738,0.0016106065424188786,0.0016241698620393474,-0.00020946179894399192,0.0016106064685936317,0.0016241697700340634
474,0.94800004502758384,31,150,36891,659,-0.00018900168381122827,-0.00060169404061102729,0.0006306800734051331,0.0033635775821488664,0.14062055150397595,0.1406607733500477,-0.00019705723625516636,-0.00059636755925477204,0.00062808106172055408,-0.00019705718497174554,-0.00059636758017198065,0.00062808106549168679
475,0.95000004512257874,0,23,25848,628,4.2275174610292057e-05,3.2638632629586529e-05,5.3408526737402076e-05,-0.00068226186683380144,0.00047128198039172927,0.00082920923775455738,4.2271360976510994e-05,3.2172228562313718e-05,5.3121749307343517e-05,4.2272091669884904e-05,3.2172240880527536e-05,5.312233821493403e-05
475,0.95000004512257874,1,20,17765,629,1.9026973903098914e-05,2.4764561778500345e-05,3.1229941658452828e-05,0.0031334801915035193,0.045327839873640828,0.045436018374423702,1.8815028244128775e-05,2.4780379567149484e-05,3.1113863458583271e-05,1.8815336701968897e-05,2.4780519810510323e-05,3.1114161683830604e-05
475,0.95000004512257874,2,20,37608,630,1.8940962154616695e-06,1.6588908511490432e-05,1.6696690872026885e-05,-0.0062472063256576015,0.014895371410232318,0.016152389183155001,1.9991354783595784e-06,1.6739289386118333e-05,1.6858242844764392e-05,1.9993000929685432e-06,1.6739239929925964e-05,1.6858213259220914e-05
475,0.95000004512257874,3,20,15824,631,8.937137303489839e-06,2.5609870888450603e-05,2.7124489121539955e-05,0.0050924260679684344,0.0092124988780023873,0.010526297489379621,8.9884553833145389e-06,2.562722322785641e-05,2.7157814723357607e-05,8.9886276302774764e-06,2.5627338825029276e-05,2.7157980814645269e-05
475,0.95000004512257874,4,128,34319,632,-8.1477911199331638e-05,-3.0939358761547523e-06,8.153663258077273e-05,-0.00048719652948406278,0.0052751898110808305,0.0052976398519786454,-8.0859186420006486e-05,-3.0485735397903806e-06,8.0916635058144088e-05,-8.0859231372842509e-05,-3.0486033448308768e-06,8.0916681101989054e-05
475,0.95000004512257874,5,128,21162,633,-2.1251281922638042e-06,-1.1340960188601307e-05,1.1538351174799381e-05,-7.9882224220423971e-05,0.0054332168388148538,0.0054338040438837755,-1.8119258658059661e-06,-1.1310947572640626e-05,1.1455156495404222e-05,-1.8119840426629285e-06,-1.1310954647993921e-05,1.1455172683981695e-05
475,0.95000004512257874,6,1,33529,634,-6.3780944596602816e-05,1.5149706182961551e-05,6.5555491692649071e-05,-0.00027468839214640561,0.0045043873554035949,0.0045127551629021235,-6.3695906111524103e-05,1.5242337277830148e-05,6.5494253954520505e-05,-6.3695948892956498e-05,1.5242312383408101e-05,6.5494289767639455e-05
475,0.95000004512257874,7,128,20347,635,8.6167395444881365e-07,-1.2458708535368554e-07,8.706342203315826e-07,-6.5258916831850868e-05,0.0047094817237836057,0.0047099338459131107,8.8093519196878342e-07,-9.4986190180777546e-08,8.8604130195727118e-07,8.80878882304249e-07,-9.4989411917579317e-08,8.8598566222373512e-07
475,0.95000004512257874,8,42,7241,636,6.0807289066132941e-07,3.3745863234018653e-05,3.3751341277784044e-05,0.001302706041730905,-0.0090908183105419087,0.0091836822999517061,6.3957248767607642e-07,3.3745020050928192e-05,3.3751080444995205e-05,6.3956050575904631e-07,3.3745106659284672e-05,3.3751166810749305e-05
475,0.95000004512257874,9,92,47753,637,-0.00016126480989406137,0.00016425855527185242,0.00023018951298911066,-0.019892653140597835,-0.0057099997128537841,0.020695935487262399,-0.00016085478427249145,0.00016497012894600225,0.00023041138224447674,-0.0001608547547636045,0.00016496979277465522,0.00023041112095159824
475,0.95000004512257874,10,136,18300,638,-0.00010364589591573887,-0.00059251847239422172,0.00060151526320498163,-0.0023371805730253172,0.13749296625549196,0.13751282915700913,-0.00010198115871918912,-0.00059273792333960809,0.00060144692409111174,-0.00010198124073292495,-0.00059273791895104002,0.00060144693367232029
475,0.95000004512257874,11,150,36234,639,-0.00017141887186492865,-0.00058077322756470203,0.00060554270822739333,0.003920110753438592,0.1409868847002195,0.14104137309949946,-0.00016691630417614182,-0.0005822344419115494,0.00060568803682083377,-0.00016691631814654928,-0.00058223453021764122,0.00060568812555749957
475,0.95000004512257874,12,42,6890,640,-3.1155012740958207e-05,9.8546674024279127e-05,0.00010335415705300294,0.016066906813208034,-0.0083913238719849521,0.018126218879536221,-2.8930058212725363e-05,9.4747134747379724e-05,9.9065472345463579e-05,-2.8930245439860797e-05,9.4747531803075324e-05,9.9065906769106783e-05
475,0.95000004512257874,13,62,3413,641,2.3952126702589827e-05,1.8360251111699594e-05,3.0179516140282678e-05,0.0010870623169849539,-0.00020986535874400808,0.0011071350187802061,2.2825138076137606e-05,1.7417620578393848e-05,2.8711677673163502e-05,2.2824692679877873e-05,1.7418127842717385e-05,2.8711631327323027e-05
475,0.95000004512257874,14,72,5299,642,-3.4622570407610476e-05,9.1774167925636483e-05,9.8087819223759221e-05,0.012953304412689121,-0.0082221304070345426,0.015342474495272054,-3.2684770302709383e-05,8.8327518657323127e-05,9.4180915061920262e-05,-3.2685011815847267e-05,8.8327906957851062e-05,9.4181363044696205e-05
475,0.95000004512257874,15,54,520,643,2.6188174377791026e-05,1.2103921389007452e-05,2.8850050090647372e-05,0.00099621955810804698,0.00058362457608771685,0.0011545869624114762,2.493360633284918e-05,1.1464629119274826e-05,2.7443076460266278e-05,2.4933160316830615e-05,1.1465144440533445e-05,2.7442886517767621e-05
475,0.95000004512257874,16,61,754,644,0.0001031916897131026,-2.6960304532831088e-05,0.00010665543983476997,-0.0064582466367757536,-0.010255642721238077,0.012119701202880742,9.8211738422907441e-05,-2.5343447822513743e-05,0.00010142896978468267,9.8211215528135011e-05,-2.5342915018577718e-05,0.00010142833034785025
475,0.95000004512257874,17,66,2759,645,0.00012906147440815231,-3.1816549713684005e-05,0.00013292538136898264,-0.0082943612926997447,-0.0068142411895209705,0.010734538287360101,0.00012228553814192073,-2.8916834816578908e-05,0.00012565801277462756,0.00012228503551773667,-2.891635089078473e-05,0.00012565741227803915
475,0.95000004512257874,18,71,4379,646,0.0002030660843322395,-0.00010426748089993593,0.00022827076505598941,-0.014223177017642238,-0.0014147640705755053,0.014293366358229882,0.00019148441049000065,-9.5775057479891693e-05,0.00021410077322601997,0.0001914839360671258,-9.5774587735060769e-05,0.00021410013878458831
475,0.95000004512257874,19,76,6105,647,0.00011869870363704313,-2.1846459493668138e-05,0.0001206923777109519,-0.0080354712584513929,-0.0054686817257564354,0.0097198394103514274,0.00011245733377404291,-1.9517319945279085e-05,0.00011413841464385634,0.00011245683914450212,-1.9516844404091192e-05,0.00011413784598399397
475,0.95000004512257874,20,138,20234,648,0.00022635918567875338,0.0018239526591768409,0.0018379449893452789,-0.033802641212011007,0.21374435472386014,0.21640071101830349,0.00022488863573692764,0.0018080976877154792,0.0018220296778059569,0.00022488873759720065,0.0018080977558118962,0.0018220297579540456
475,0.95000004512257874,21,136,18301,649,-9.7642434467609579e-05,-0.0005946735630597762,0.00060263645061593393,-0.0020002917894350481,0.13666672868980728,0.13668136631602815,-9.592948418308094e-05,-0.00059486182073892563,0.00060254713650341224,-9.5929568554063932e-05,-0.00059486181729269643,0.00060254714653356235
475,0.95000004512257874,22,92,47596,650,0.0001060645797571114,0.00023311859887921509,0.00025611320977735812,-0.016341316612727114,-0.0082353670379908175,0.018299177546759221,0.00010765667133689473,0.00023412768572057496,0.00025769309673371633,0.00010765648352253298,0.00023412731061487431,0.00025769267746715514
475,0.95000004512257874,23,112,51583,651,-0.00011288413024150494,0.00014782577240499468,0.00018599808022534624,-0.0012568847663914579,0.0024735190783851013,0.0027745370689760103,-0.00011256507549123851,0.00014827753389543425,0.0001861642373778054,-0.00011256551567151866,0.00014827704636748021,0.00018616411522594462
475,0.95000004512257874,24,122,49892,652,-0.00034908268961669455,-2.0248471074486273e-05,0.00034966945072579592,0.0077649387918187294,-0.0019482428667664186,0.0080056183214413587,-0.00035009044398002273,-2.0568553119751597e-05,0.00035069414643470955,-0.00035009092754947636,-2.0569012668157565e-05,0.00035069465612494802
475,0.95000004512257874,25,104,54177,653,-0.00020503580240062503,0.00013840500006245899,0.00024737749353641173,0.0060118156625325074,-0.0023763801740128232,0.0064644497284542619,-0.00020524029144234463,0.0001387886341429835,0.00024776170446340871,-0.00020524080029233143,0.00013878813786983565,0.00024776184798716122
475,0.95000004512257874,26,111,52655,654,-0.00030048082951153194,3.5535036089062536e-05,0.00030257473075884792,0.0077864113499657231,-0.0061567465238782431,0.0099264157413520553,-0.00030122139034135533,3.5427474689263969e-05,0.00030329759636706251,-0.00030122191050129861,3.5426971633082066e-05,0.00030329805420599643
475,0.95000004512257874,27,116,51774,655,-0.00069088990516345816,-0.0004333288118652311,0.00081553830090885684,0.010822062806092114,-0.0083870480315823698,0.013691589318376154,-0.00069381475253107669,-0.00043564203957778053,0.00081924532191355703,-0.00069381526662043577,-0.00043564254826967481,0.00081924602779536403
475,0.95000004512257874,28,121,50655,656,-0.0006872779337665216,-0.00043400686444171007,0.0008128424918918205,0.012267683568207377,-0.0049440932524232846,0.013226493043067868,-0.00069017948774295493,-0.00043630025776685808,0.00081652044691394871,-0.00069017998060800308,-0.00043630074617767052,0.00081652112449541415
475,0.95000004512257874,29,126,47936,657,-0.00049663760618628777,-0.00021046381611317569,0.00053939218549341889,0.0098565645297161546,-0.0012421539662799998,0.0099345261992912267,-0.00049846804692567576,-0.00021166928179754344,0.00054154803910879919,-0.00049846851076369313,-0.00021166973529290257,0.0005415486433017273
475,0.95000004512257874,30,152,34831,658,-0.00020823643371006235,0.0016111012715600177,0.0016245029146008299,0.032293311934985504,0.21813862068634607,0.22051602170969767,-0.00020827832495121264,0.0016036463987304376,0.0016171152193970547,-0.00020827841218248907,0.001603646441275512,0.0016171152728228352
475,0.95000004512257874,31,150,36891,659,-0.00019684517273580872,-0.00059697450754346722,0.00062859095180105447,0.0033537713974514834,0.14061033409231363,0.1406503246926164,-0.00019224296045368169,-0.00059850617436565663,0.00062862309581959328,-0.00019224297211908368,-0.0005985062654635195,0.0006286231861204832
476,0.95200004521757364,0,23,25848,628,4.2272875097766154e-05,3.2175536270870249e-05,5.312495744327166e-05,-0.00068400241597693634,0.00047380336519608005,0.00083207507710146913,4.2382023735220774e-05,3.3058992840407836e-05,5.3750655284516799e-05,4.2383609997608629e-05,3.30589183683449e-05,5.3751860247941946e-05
476,0.95200004521757364,1,20,17765,629,1.8815896131098213e-05,2.47838033636403e-05,3.1117115168084989e-05,0.0031369662120826185,0.045334722797708553,0.045443125422453323,1.8596366657235416e-05,2.4874345476711752e-05,3.1057332721036226e-05,1.8597510447602479e-05,2.4874843727470122e-05,3.1058416658206241e-05
476,0.95200004521757364,2,20,37608,630,2.0003396526954699e-06,1.6742437423946687e-05,1.6861511486842345e-05,-0.0062463043714153076,0.014895015024242873,0.016151711701017413,1.9765927999951295e-06,1.6683090851151932e-05,1.6799774981968715e-05,1.977375923068984e-06,1.6683053606206892e-05,1.6799830152971955e-05
476,0.95200004521757364,3,20,15824,631,8.9892366440045068e-06,2.5630550630319603e-05,2.7161213173481223e-05,0.0050958197196342651,0.0092158446187611785,0.010530867516599134,8.9383248009884983e-06,2.5646371426918408e-05,2.7159344940838007e-05,8.939106699183643e-06,2.5646808700573929e-05,2.7160015189672197e-05
476,0.95200004521757364,4,128,34319,632,-8.0853589450932326e-05,-3.0857398347972022e-06,8.0912450941916038e-05,-0.00048574579816869568,0.0052748674831782066,0.0052971856627391616,-8.2462372198212854e-05,-2.7660547864379361e-06,8.2508750370116279e-05,-8.2462404969743433e-05,-2.7660730031231489e-06,8.2508783733930852e-05
476,0.95200004521757364,5,128,21162,633,-1.8092746386096516e-06,-1.134668880120098e-05,1.149003139548434e-05,-7.8520467058068436e-05,0.0054321514011336797,0.0054327188689076867,-2.6906925799248153e-06,-1.1172048632844785e-05,1.1491496735165158e-05,-2.6907310179584302e-06,-1.1172034684158603e-05,1.1491492174432634e-05
476,0.95200004521757364,6,1,33529,634,-6.3691233794580779e-05,1.5211765851430508e-05,6.5482601373148701e-05,-0.00027396046048971479,0.0045043328378777184,0.004512656495712395,-6.3775806344363491e-05,1.518767064146565e-05,6.5559277103911025e-05,-6.3775832680100115e-05,1.5187658036523343e-05,6.5559299803113338e-05
476,0.95200004521757364,7,128,20347,635,8.8334820701973485e-07,-1.2634976112860321e-07,8.9233867840760743e-07,-6.4356549488167023e-05,0.0047085180308521499,0.0047089578265601222,8.6886099219870695e-07,-9.2655084078742822e-08,8.7378738167254423e-07,8.6882574544088812e-07,-9.2632840964863934e-08,8.7374997520236688e-07
476,0.95200004521757364,8,42,7241,636,6.4027296648908637e-07,3.3747028583909498e-05,3.3753101897674848e-05,0.0013043539745998401,-0.0090893173536908279,0.0091824304651415486,1.2126031310994799e-06,3.3652525008426147e-05,3.367436481652326e-05,1.2128230720464351e-06,3.3652813192709014e-05,3.3674660734556156e-05
476,0.95200004521757364,9,92,47753,637,-0.00016087809764558998,0.00016496198237629138,0.00023042182607465781,-0.019894267561223415,-0.005710432634145347,0.020697606689341123,-0.00016183159346446529,0.00016531063351996579,0.00023133756763228145,-0.00016183131201312034,0.00016530982330551649,0.00023133679177594945
476,0.95200004521757364,10,136,18300,638,-0.00010208446273826649,-0.0005932842671444162,0.00060200287306095765,-0.0023321728395577202,0.1374790024700738,0.13749878235940902,-0.00011195423095286217,-0.00058943461778507658,0.00059997243142638317,-0.00011195365402514303,-0.00058943473863541673,0.00059997244250030641
476,0.95200004521757364,11,150,36234,639,-0.00016669118193838133,-0.00058285054352758534,0.00060621836513455795,0.0039218411065147672,0.14096725874693478,0.14102180284016372,-0.0001757737688876883,-0.00057628016016037192,0.00060249086368462589,-0.00017577466303184551,-0.00057628027108681454,0.00060249123064809104
476,0.95200004521757364,12,42,6890,640,-2.8927427935526295e-05,9.4750069917326878e-05,9.9067511507574461e-05,0.016087790619193874,-0.0083937183867510978,0.018145840166911696,-2.7515299028812769e-05,9.3031840445752242e-05,9.7015540081828589e-05,-2.7515503080012165e-05,9.3033118264114039e-05,9.7016823302408691e-05
476,0.95200004521757364,13,62,3413,641,2.282733931359604e-05,1.7421129822344621e-05,2.871555648816565e-05,0.001076067052746283,-0.0001898991130445705,0.0010926948225104694,2.1710442219041483e-05,1.6494128469495796e-05,2.7265354854000538e-05,2.1709512816031307e-05,1.6495719919663909e-05,2.726557760945886e-05
476,0.95200004521757364,14,72,5299,642,-3.2682222751986049e-05,8.8330553034058221e-05,9.4182876805250571e-05,0.012972322914095466,-0.0082234588492250838,0.015359245985153848,-3.1966263222893892e-05,8.6850484528110271e-05,9.2546467502562505e-05,-3.1966664844258923e-05,8.6851725264906697e-05,9.2547770598518542e-05
476,0.95200004521757364,15,54,520,643,2.4935826740717614e-05,1.1468132511963128e-05,2.7446557499166143e-05,0.00098454486426714761,0.00060477230805174704,0.0011554558123706216,2.3727989323267614e-05,1.0699873113754224e-05,2.6028921644500419e-05,2.3727053323848075e-05,1.0701485832881047e-05,2.6028731403279798e-05
476,0.95200004521757364,16,61,754,644,9.8213251443763234e-05,-2.5339066525871975e-05,0.00010142934019088574,-0.006486901375628169,-0.010235014418641402,0.012117566158553623,9.4890315148741272e-05,-2.4686791402046639e-05,9.8049016204934973e-05,9.4889081532516882e-05,-2.468515319095094e-05,9.8047409869640877e-05
476,0.95200004521757364,17,66,2759,645,0.00012228678834277253,-2.8912132109032803e-05,0.00012565814731357538,-0.0083239461021492826,-0.0067926156556652982,0.010743728689662429,0.00011740736728421823,-2.6853533262167776e-05,0.00012043920516706207,0.00011740608619950949,-2.6852063293605877e-05,0.00012043762858762401
476,0.95200004521757364,18,71,4379,646,0.00019148539204861948,-9.5770139748267509e-05,0.00021409945127303853,-0.014254704112877424,-0.0013914233787426197,0.01432245259599752,0.00018266923455646176,-8.9331852110023793e-05,0.00020334263953940111,0.00018266778181341917,-8.9330495588255723e-05,0.00020334073855152166
476,0.95200004521757364,19,76,6105,647,0.00011245866805824659,-1.9512852408387774e-05,0.00011413896543488737,-0.008064193857536853,-0.0054460609784187011,0.0097309199335206716,0.00010791571970441257,-1.7812836250287182e-05,0.00010937595574257116,0.00010791447661661229,-1.7811385356520026e-05,0.00010937449296685135
476,0.95200004521757364,20,138,20234,648,0.00022397947190810747,0.0018084465505692339,0.0018222639024307087,-0.033801733975429571,0.21370583989156258,0.21636252730892172,0.00022407597522158316,0.0017950238909087432,0.0018089557240586812,0.00022407743501194228,0.0017950239322160376,0.0018089559458731594
476,0.95200004521757364,21,136,18301,649,-9.603057553929038e-05,-0.00059540383196016199,0.00060309832909008476,-0.0019952511292325821,0.13665287934836098,0.13666744477477585,-0.00010603584489455911,-0.00059154182734285276,0.00060097032697016279,-0.00010603527630858233,-0.0005915419505138496,0.00060097034788712084
476,0.95200004521757364,22,92,47596,650,0.00010761306918209555,0.00023410704892861067,0.00025765613328010146,-0.016343295350569935,-0.0082348461215527389,0.018300710192820743,0.00010686045926613473,0.00023444818694556,0.00025765308093758454,0.0001068602538113321,0.00023444731609526556,0.00025765220330689137
476,0.95200004521757364,23,112,51583,651,-0.0001125970784614322,0.00014827340974609169,0.00018618030539179571,-0.0012553311429751878,0.0024766203870023704,0.002776599506561788,-0.00011304069594885676,0.00014852670555853798,0.00018665042513928148,-0.00011304161645549982,0.00014852552273806542,0.00018665004140232038
476,0.95200004521757364,24,122,49892,652,-0.00035009260462602528,-2.0539613007276258e-05,0.00035069460719595207,0.0077673526144185785,-0.0019450691202086607,0.0080071880531872378,-0.00035033969507917555,-2.0218235274305252e-05,0.00035092261110646154,-0.000350340864801826,-2.0219376435800463e-05,0.00035092384463519138
476,0.95200004521757364,25,104,54177,653,-0.00020524760197718301,0.00013880930341790399,0.00024777933899489655,0.0060145806787710102,-0.0023724007507537567,0.0064655599961351016,-0.00020570121603047812,0.00013904667160461075,0.0002482880729329097,-0.00020570233967281959,0.00013904546136377097,0.00024828832609032585
476,0.95200004521757364,26,111,52655,654,-0.00030122151216581096,3.5457588609808053e-05,0.00030330123636655389,0.0077894708521662063,-0.0061531814048526841,0.0099266055405547258,-0.00030158294437650527,3.5727497767774019e-05,0.00030369182806843612,-0.00030158415654713369,3.5726251837816053e-05,0.00030369288524860949
476,0.95200004521757364,27,116,51774,655,-0.00069380079282588248,-0.00043558668802197285,0.00081920406670607689,0.010825919491307434,-0.008385057322774692,0.013693418825789552,-0.00069369929350248576,-0.00043514698922459977,0.00081888437037049488,-0.00069370075952105662,-0.00043514833034762729,0.00081888632493430896
476,0.95200004521757364,28,121,50655,656,-0.00069016863265188998,-0.00043624860223625476,0.00081648367065708391,0.012270858521005351,-0.0049426641650469469,0.013228903880933176,-0.00069003795420073363,-0.00043579428590820822,0.00081613052746958242,-0.00069003937377871733,-0.00043579557382553206,0.00081613241543933854
476,0.95200004521757364,29,126,47936,657,-0.00049846869094955382,-0.00021163483483029079,0.00054153516891390012,0.0098588257836094654,-0.0012400594282044302,0.0099365080997824116,-0.00049851416523242868,-0.0002112389905422878,0.00054142246357415753,-0.00049851539457383448,-0.00021124014837960826,0.00054142404722596574
476,0.95200004521757364,30,152,34831,658,-0.00020705322918503796,0.0016041408272674058,0.0016174482475251285,0.032291325634131028,0.21810339584645994,0.22048088577236596,-0.00020650879901754285,0.0015876826105953802,0.0016010565124500227,-0.00020651072743247222,0.001587682596505524,0.0016010567472114195
476,0.95200004521757364,31,150,36891,659,-0.00019203039789011139,-0.00059911283375616844,0.00062913580512094589,0.0033556511148534109,0.14059077461653435,0.14063081561905902,-0.00020150822625259005,-0.00059216026034431359,0.00062550726548818783,-0.00020150910952584133,-0.00059216038165961808,0.00062550766488442169
477,0.95400004531256855,0,23,25848,628,4.2384613496716264e-05,3.3061646831351055e-05,5.3754329616013331e-05,-0.0006824287268761051,0.00047381263490125049,0.00083078720516014651,5.0426385120690126e-06,3.6349159336327783e-05,3.669726948454267e-05,5.0431360551983583e-06,3.6349019621893188e-05,3.6697199467316543e-05
477,0.95400004531256855,1,20,17765,629,1.8598319762273026e-05,2.4877583449563649e-05,3.1061095542008149e-05,0.0031346984042233293,0.045334699871153517,0.045442946058689981,1.3763437945160626e-05,2.4774929327948567e-05,2.8341301086490956e-05,1.376373182937362e-05,2.4775391777411185e-05,2.8341848062452215e-05
477,0.95400004531256855,2,20,37608,630,1.9786532067098586e-06,1.6685585938625754e-05,1.6802495250042141e-05,-0.0062456520876882533,0.01489330433076916,0.016149881853727354,2.5289628496059679e-06,1.7759341298544768e-05,1.7938502068257676e-05,2.5291420602632567e-06,1.7759630154890349e-05,1.7938813305218474e-05
477,0.95400004531256855,3,20,15824,631,8.9399488420512265e-06,2.5649369224262514e-05,2.7162710227461436e-05,0.0050939392772513083,0.0092162374428352949,0.010530301513396605,9.64576446077748e-06,2.509739729633573e-05,2.6887173951215437e-05,9.6459366612786748e-06,2.5097851773368198e-05,2.6887659952315695e-05
477,0.95400004531256855,4,128,34319,632,-8.2456326346642836e-05,-2.8037684142860389e-06,8.2503980945800506e-05,-0.00048856315955694558,0.0052740073274030871,0.0052965882651361262,-7.6706844888863658e-05,-2.0698498228630882e-06,7.6734766117408568e-05,-7.6706822909860351e-05,-2.069799808763193e-06,7.6734742797334194e-05
477,0.95400004531256855,5,128,21162,633,-2.6875436532005837e-06,-1.1208287867921951e-05,1.1525997042254745e-05,-8.0462499089156779e-05,0.0054317996172228364,0.0054323955393014069,4.7806103267028853e-07,-1.0652388747304971e-05,1.066311063314394e-05,4.7807845333801496e-07,-1.0652307961092673e-05,1.0663030709207603e-05
477,0.95400004531256855,6,1,33529,634,-6.37706990209023e-05,1.5156507003827766e-05,6.5547095726443822e-05,-0.00027510412134264668,0.0045033382879315544,0.0045117333712366044,-6.3328064584268354e-05,1.555692719591781e-05,6.5210902062219254e-05,-6.332804804585408e-05,1.5556978748659185e-05,6.5210898299933239e-05
477,0.95400004531256855,7,128,20347,635,8.7174322573415283e-07,-1.2448104397945261e-07,8.8058604458826202e-07,-6.5314158473722607e-05,0.0047081953639948066,0.0047086483755786352,1.1491326772447273e-06,-3.1794401157271849e-08,1.1495724395863813e-06,1.1491454630793695e-06,-3.171140795615906e-08,1.1495829281571908e-06
477,0.95400004531256855,8,42,7241,636,1.2138113305357095e-06,3.3654162305367747e-05,3.3676044578040519e-05,0.0013033955621560348,-0.0090891144489780237,0.0091820935226161315,2.050206234869555e-06,3.279324491609299e-05,3.2857271002509578e-05,2.0502043775193565e-06,3.2793586196046683e-05,3.2857611501555359e-05
477,0.95400004531256855,9,92,47753,637,-0.00016185464944869218,0.0001653011297814309,0.00023134690630128706,-0.019891435131722916,-0.0057044311397340631,0.020693228994710041,-0.0002097696241508469,0.00019827929326362128,0.00028864852910331744,-0.00020976959942373092,0.00019827922262939259,0.00028864846261310447
477,0.95400004531256855,10,136,18300,638,-0.00011205673742670328,-0.00058997932494341074,0.0006005266990429316,-0.0023397118048222245,0.1374647301923895,0.13748464022644882,-8.8093763818414752e-05,-0.00057650732476676836,0.00058319911413978569,-8.8093385603688274e-05,-0.00057650729663254934,0.00058319902919817205
477,0.95400004531256855,11,150,36234,639,-0.00017554798409326629,-0.00057689406388043046,0.00060301231799996251,0.0039099740154082893,0.14096123136527552,0.14101544824882095,-0.00014485181708638614,-0.00057130720893966078,0.00058938440418766856,-0.0001448519940383395,-0.00057130723483478428,0.0005893844727777026
477,0.95400004531256855,12,42,6890,640,-2.7512653413946536e-05,9.3034918317171604e-05,9.7017741285595471e-05,0.016100660530315877,-0.0083962483253864385,0.018158421061700989,-2.268876575581748e-05,5.3873896783749186e-05,5.8456623629734358e-05,-2.2688944231272849e-05,5.3874655901394212e-05,5.8457392507906473e-05
477,0.95400004531256855,13,62,3413,641,2.1712446779425127e-05,1.6497863224308171e-05,2.726921040509513e-05,0.001061563728861781,-0.00017055559338761175,0.0010751775485336034,1.4580593280983254e-05,1.2363279061273421e-05,1.9116599320286437e-05,1.4580164905587321e-05,1.2364146245724332e-05,1.9116833447508489e-05
477,0.95400004531256855,14,72,5299,642,-3.1963733881866727e-05,8.6853591754322467e-05,9.254850989776825e-05,0.012983811766783534,-0.0082250908417824068,0.01536982392061924,-2.2421820712589283e-05,5.1518206329242453e-05,5.6185973582824878e-05,-2.2422064752240621e-05,5.1518928222288688e-05,5.6186732890665616e-05
477,0.95400004531256855,15,54,520,643,2.3730049783173868e-05,1.0703629825064839e-05,2.6032344384321744e-05,0.00096922435610623183,0.00062556996803081097,0.0011535742877559335,1.5610419233308643e-05,8.5900003037431747e-06,1.781778027302953e-05,1.5609988856294251e-05,8.5908721901946731e-06,1.7817823578705985e-05
477,0.95400004531256855,16,61,754,644,9.4891554947631383e-05,-2.4682224461477463e-05,9.8049066312464711e-05,-0.0065203814113201138,-0.010216090292016181,0.01211956577620321,5.6710190205536242e-05,-1.6178143602730086e-05,5.8972688624300104e-05,5.6709661785236293e-05,-1.617730689721694e-05,5.8971950944857101e-05
477,0.95400004531256855,17,66,2759,645,0.00011740836654235006,-2.6848870321756389e-05,0.00012043913970008801,-0.0083591960719441652,-0.0067732372582561635,0.010758852258760514,6.5970616188206288e-05,-2.0989489772754198e-05,6.9229190961415826e-05,6.5970077255776016e-05,-2.0988767693759826e-05,6.9228458472189543e-05
477,0.95400004531256855,18,71,4379,646,0.00018267011902873924,-8.9326867822929341e-05,0.00020334124446611624,-0.014294568160443982,-0.0013701026327404594,0.014360078694694578,9.5303253928578324e-05,-6.8903005603254257e-05,0.00011760244211128087,9.5302669873507226e-05,-6.8902458631830524e-05,0.00011760164833253749
477,0.95400004531256855,19,76,6105,647,0.00010791677781991228,-1.780821849086146e-05,0.0001093762477910564,-0.0080980899743161583,-0.005425546148511492,0.0097475952030102158,6.069819160169851e-05,-1.4743966432088157e-05,6.2463229262239132e-05,6.0697664900484278e-05,-1.4743242539851969e-05,6.2462546577612271e-05
477,0.95400004531256855,20,138,20234,648,0.00022316724424735718,0.0017953713978584645,0.0018091882365174764,-0.033799186690010898,0.21366537302238339,0.21632215940513458,0.00022197314884584348,0.0017572715410234187,0.0017712355426931111,0.00022197363659712754,0.0017572714616126629,0.0017712355250339969
477,0.95400004531256855,21,136,18301,649,-0.00010613606296421896,-0.00059208216744795791,0.00060151987238279698,-0.0020029571938561812,0.13663873302105872,0.13665341268742828,-8.1629741151780438e-05,-0.00057846715420314617,0.0005841983080533469,-8.1629363106980465e-05,-0.00057846712471291474,0.00058419822602852713
477,0.95400004531256855,22,92,47596,650,0.00010681672538461818,0.00023442641139431326,0.00025761512995379126,-0.016341696372102938,-0.0082276599179046724,0.018296049520120386,0.00011105005031802309,0.00027406572701460958,0.00029570954735970559,0.00011104990131895475,0.00027406570241425533,0.00029570946860519828
477,0.95400004531256855,23,112,51583,651,-0.00011307304258707355,0.00014852174708422972,0.00018666607168109058,-0.0012531440884638507,0.0024877662441764484,0.0027855611628746705,-0.00012063951495159239,0.00015003839894420942,0.00019252380041308458,-0.00012063990954475654,0.00015003826426172938,0.00019252394271269114
477,0.95400004531256855,24,122,49892,652,-0.00035034211764198352,-2.0190178154327521e-05,0.00035092341427692299,0.0077706109601252482,-0.0019348824689866724,0.0080078814216002596,-0.00038775806607107139,-2.0874573214688494e-05,0.00038831954059778239,-0.00038775853945388747,-2.087476232316917e-05,0.00038832002346191318
477,0.95400004531256855,25,104,54177,653,-0.00020570852828787601,0.00013906671081314969,0.00024830535368121261,0.0060185966885226028,-0.0023617717379819767,0.006465405775465732,-0.00023156476061398279,0.00013609279039756162,0.00026859539451823405,-0.00023156522467434156,0.00013609264098970176,0.0002685957188974354
477,0.95400004531256855,26,111,52655,654,-0.000301583740569048,3.5756731880974358e-05,0.0003036960593264699,0.0077935032019483966,-0.0061428019485128566,0.0099233415711358665,-0.00033855816464274419,2.8135762004749851e-05,0.00033972525951105168,-0.00033855865604759443,2.8135569596796271e-05,0.00033972573329273944
477,0.95400004531256855,27,116,51774,655,-0.00069368537491682814,-0.00043509278564562033,0.00081884377722149548,0.010828006512286154,-0.0083756592782866721,0.013689316760746717,-0.00076935221148090934,-0.00045808440069980243,0.00089540166599971381,-0.00076935277522905559,-0.0004580847726718913,0.00089540234068630176
477,0.95400004531256855,28,121,50655,656,-0.00069002699510041304,-0.00043574305260422278,0.00081609390505024107,0.012273067944473193,-0.0049332459719468166,0.013227437869420704,-0.00076273447445753863,-0.00045472362620328007,0.0008879963146057972,-0.00076273502145158634,-0.00045472398705263204,0.00088799696922331559
477,0.95400004531256855,29,126,47936,657,-0.00049851471915057061,-0.00021120490007581769,0.00054140967393075687,0.009861265902427474,-0.0012302109873838665,0.0099377051813715391,-0.00054846462628253367,-0.00021650154657064022,0.00058964935847562693,-0.00054846511377133463,-0.00021650180381359765,0.00058964990636711258
477,0.95400004531256855,30,152,34831,658,-0.00020528898182953738,0.0015881767514016019,0.0016013896964053296,0.032290342799477338,0.21807138788432814,0.22044907904526356,-0.00020331127798737671,0.0015876885435133342,0.0016006531126263282,-0.00020331206529737209,0.0015876886211967493,0.0016006532896830337
477,0.95400004531256855,31,150,36891,659,-0.0002012950413949531,-0.00059276465103404717,0.00062601088265757136,0.0033434302364802495,0.14058525276961653,0.14062500425615349,-0.00016892508382162577,-0.00058809071416682202,0.0006118712054292031,-0.00016892524760344865,-0.00058809075032664401,0.00061187128540048487
478,0.95600004540756345,0,23,25848,628,5.0439007689285102e-06,3.6351973812693676e-05,3.6700230721966371e-05,-0.00071206878101372825,0.00048005746513263189,0.00085877652432046888,4.3025044779435079e-05,3.2265271264532501e-05,5.3779198655672256e-05,4.3024708593025544e-05,3.2265396555812917e-05,5.3779004866384708e-05
478,0.95600004540756345,1,20,17765,629,1.3764051772604015e-05,2.4778302359633911e-05,2.83445477830281e-05,0.0031333746407875901,0.045338777909546969,0.045446923096847322,1.9082388635094834e-05,2.5781702896719391e-05,3.207543858274592e-05,1.9082005347674602e-05,2.5781275905690343e-05,3.2074867348346294e-05
478,0.95600004540756345,2,20,37608,630,2.5298876417429162e-06,1.7762314346307543e-05,1.7941575806402467e-05,-0.0062503126286373688,0.014897115557573845,0.016155199159756977,2.0503901230922306e-06,1.7064839283103774e-05,1.7187578055532894e-05,2.0500893070542384e-06,1.7064543801438922e-05,1.7187248800146162e-05
478,0.95600004540756345,3,20,15824,631,9.646157715989986e-06,2.5100668179054858e-05,2.6890368196005987e-05,0.0050965571942372711,0.0092185210226862248,0.010533566588759933,8.8391751282903921e-06,2.650497116145941e-05,2.7940016342485958e-05,8.83887999224121e-06,2.6504549474944351e-05,2.7939522944871747e-05
478,0.95600004540756345,4,128,34319,632,-7.6702385529790247e-05,-2.1070544186803205e-06,7.6731321012242824e-05,-0.00048196915459616796,0.0052742039326056983,0.0052961798863610703,-8.1227672834160877e-05,-2.6293820485312687e-06,8.127021892434286e-05,-8.1227710475774174e-05,-2.629441464245788e-06,8.1270258468581783e-05
478,0.95600004540756345,5,128,21162,633,4.7956285581784638e-07,-1.0688118483497241e-05,1.0698871774629114e-05,-7.6293059428352982e-05,0.0054320264391868097,0.0054325621825195404,-1.9528237238422755e-06,-1.1069688838987383e-05,1.12406197110481e-05,-1.9528741190712314e-06,-1.106976950332084e-05,1.1240707903935158e-05
478,0.95600004540756345,6,1,33529,634,-6.332443123544547e-05,1.5526255146361291e-05,6.5200062807964937e-05,-0.00027358015637672135,0.0045034480823082481,0.0045117502958396255,-6.3623415068590701e-05,1.5262521103463911e-05,6.5428460897562423e-05,-6.3623449641441753e-05,1.5262462154358329e-05,6.5428480765567952e-05
478,0.95600004540756345,7,128,20347,635,1.1504940202183735e-06,-6.3175319468912557e-08,1.1522272395444548e-06,-6.3939118867528856e-05,0.0047081592056310607,0.0047085933479639177,9.9493280999280912e-07,-6.9099985900168914e-08,9.9732948640436314e-07,9.9488589048578912e-07,-6.9182185253238843e-08,9.9728837847641384e-07
478,0.95600004540756345,8,42,7241,636,2.0503550535566749e-06,3.2795160467458942e-05,3.285919210711102e-05,0.0013044512709207221,-0.0090882710845135075,0.0091814086296064072,8.789181743939514e-08,3.4180627283519339e-05,3.4180740285523943e-05,8.7767145697423044e-08,3.4180301729311852e-05,3.4180414412038114e-05
478,0.95600004540756345,9,92,47753,637,-0.00020980074096246359,0.00019826909534179926,0.00028866413888125112,-0.019919141240017837,-0.0056874276802204131,0.020715188180596301,-0.00015623948845269292,0.00015844948604776528,0.00022252419504575257,-0.00015623964402354813,0.00015844947258243923,0.00022252429468769966
478,0.95600004540756345,10,136,18300,638,-8.8200723334692981e-05,-0.00057704659095362957,0.0005837483496575974,-0.0023139231109720339,0.13746537246040902,0.13748484594980812,-0.00011274029946903328,-0.00058849583931476056,0.00059919757010117437,-0.00011274052717798532,-0.00058849578859833439,0.00059919756313451871
478,0.95600004540756345,11,150,36234,639,-0.00014463152681204274,-0.00057191921365595778,0.00058992360988252687,0.0039372709886279899,0.14094889811829789,0.14100387932110311,-0.00016734542745552215,-0.00057723025560787978,0.000600998552476967,-0.00016734530565574752,-0.00057723031115985285,0.00060099857191736833
478,0.95600004540756345,12,42,6890,640,-2.2688613004314397e-05,5.3877426539952135e-05,5.8459817401592041e-05,0.016118251345234026,-0.008427082089904607,0.018188285762493657,-3.2483342412150439e-05,9.6961397848631679e-05,0.00010225791024182749,-3.2483384407250748e-05,9.6960751429820853e-05,0.00010225731064517943
478,0.95600004540756345,13,62,3413,641,1.4580227653608937e-05,1.2367410978381586e-05,1.9118992984444974e-05,0.001039946969886803,-0.00016564630341625944,0.0010530566926866827,2.1411201423426829e-05,1.6862976777239274e-05,2.725434886736915e-05,2.1411345943543447e-05,1.6862250126078041e-05,2.7254012813318213e-05
478,0.95600004540756345,14,72,5299,642,-2.2421788084363041e-05,5.1521665520953773e-05,5.6189132391888034e-05,0.012999482311662539,-0.0082528184025591825,0.015397907388890438,-3.6072961414822966e-05,9.0353181941440586e-05,9.7288005592561984e-05,-3.6072942699483338e-05,9.0352569347629106e-05,9.7287429726138495e-05
478,0.95600004540756345,15,54,520,643,1.5610061598351028e-05,8.594162306249608e-06,1.7819473865703079e-05,0.00094639149053519134,0.00063289291969953942,0.0011385123192847887,2.3587901524523175e-05,1.0719213263087813e-05,2.5909276935301773e-05,2.3588048805922369e-05,1.0718483741415639e-05,2.5909109212506072e-05
478,0.95600004540756345,16,61,754,644,5.6709490524898581e-05,-1.6173552848586601e-05,5.8970756543727546e-05,-0.0065737944597205325,-0.010198904624924067,0.012133937083525276,9.9353612851940849e-05,-2.7104174244808015e-05,0.00010298435147257209,9.9353854509814547e-05,-2.7104866818016183e-05,0.00010298476688899087
478,0.95600004540756345,17,66,2759,645,6.5969899712489181e-05,-2.0984906623675461e-05,6.9227118776388918e-05,-0.0084189600422911182,-0.0067596613121811144,0.010796847190226069,0.00012417477008765636,-3.0380242877196003e-05,0.00012783713343000042,0.00012417504688426291,-3.0380836120270826e-05,0.00012783754328082045
478,0.95600004540756345,18,71,4379,646,9.5302519599896261e-05,-6.8898348998675327e-05,0.00011759911877574542,-0.014371251082229076,-0.0013433280976904553,0.014433897188442041,0.00019556900796668724,-9.8569914006550293e-05,0.00021900517077076719,0.00019556938398799441,-9.8570343483948857e-05,0.00021900569985273732
478,0.95600004540756345,19,76,6105,647,6.0697510160653202e-05,-1.4739401421445144e-05,6.246148968736734e-05,-0.0081546943697507011,-0.0054126743451355167,0.0097875473858639369,0.0001140161860187186,-2.0713435639784188e-05,0.00011588242787523278,0.00011401644964216622,-2.0714032274745097e-05,0.00011588279390006011
478,0.95600004540756345,20,138,20234,648,0.00022107314818113925,0.0017576171366425716,0.00177146587205804,-0.033800207411459227,0.21361422747379791,0.21627180167623597,0.00021551628840023825,0.0017514521159824972,0.001764661946420725,0.0002155163331661512,0.0017514523283145027,0.0017646621626304781
478,0.95600004540756345,21,136,18301,649,-8.1734601815945887e-05,-0.00057900217884536171,0.00058474273680114014,-0.0019766507414832857,0.13663957313408315,0.13665386966499801,-0.00010667089879832585,-0.00059050307275844492,0.00060006046327650009,-0.00010667113024222177,-0.00059050302444305341,0.00060006045687376064
478,0.95600004540756345,22,92,47596,650,0.0001109943913576484,0.00027404149035675286,0.00029566618567195853,-0.016351962313575566,-0.0082017351770713939,0.018293581700132042,0.00010078299506827546,0.00022523411293544414,0.00024675416455401203,0.0001007829350677871,0.00022523404768183593,0.00024675408048504757
478,0.95600004540756345,23,112,51583,651,-0.00012068515449693974,0.00015002959805880965,0.00019254554476704516,-0.0012664015135689709,0.0024987662239643171,0.00280135778428866,-0.00011059320778394121,0.00014589536355406088,0.0001830746151559893,-0.00011059308422325432,0.00014589538047155384,0.00018307455399631942
478,0.95600004540756345,24,122,49892,652,-0.00038777043955917845,-2.084602950409468e-05,0.00038833036288964589,0.0077447447272622986,-0.0019271177307152354,0.0079809055650655464,-0.00033790114167560461,-1.7412193857996566e-05,0.00033834947323828579,-0.00033790092616543853,-1.7412119617782492e-05,0.00033834925419312678
478,0.95600004540756345,25,104,54177,653,-0.00023158351453093207,0.00013611144937721495,0.00026862101714881614,0.005996996660021652,-0.0023528764247632535,0.0064420490847646884,-0.0001982670354149691,0.00013731273056805267,0.00024117338847454798,-0.00019826685746990487,0.0001373127597435738,0.00024117325879829214
478,0.95600004540756345,26,111,52655,654,-0.00033856943879977011,2.8164450983891802e-05,0.00033973887205972664,0.0077670802458880773,-0.0061385477701420086,0.0098999648621790684,-0.00029026732622821581,3.769205862755741e-05,0.00029270430806406094,-0.00029026711307841515,3.7692127358626992e-05,0.00029270410553953015
478,0.95600004540756345,27,116,51774,655,-0.00076934761183868104,-0.00045802744206950466,0.00089536857524184711,0.010786479351520389,-0.0083866619193343536,0.013663243939489212,-0.0006676188982413869,-0.00041706534891810274,0.00078718390389871543,-0.00066761856036868725,-0.00041706511049197559,0.00078718349102254565
478,0.95600004540756345,28,121,50655,656,-0.00076273312175920561,-0.00045467053967204426,0.00088796796939653801,0.012233222266819034,-0.0049424592357564271,0.013193923992751778,-0.00066452166579828744,-0.0004181880388106879,0.00078515621383241961,-0.00066452133695402464,-0.00041818780693330033,0.00078515581201112408
478,0.95600004540756345,29,126,47936,657,-0.00054847490577443047,-0.00021646647244242962,0.00058964604294096598,0.009831587272530664,-0.0012284437484963097,0.0099080362504689393,-0.00048084382667599914,-0.00020210120127003994,0.00052158957160511896,-0.00048084357057180508,-0.00020210106101042904,0.00052158928116074587
478,0.95600004540756345,30,152,34831,658,-0.00020208334465340522,0.0015881836832280132,0.0016009887850506651,0.032289489162232406,0.21804444850975693,0.2204223052149713,-0.00020512532462188708,0.0015617324836492202,0.0015751459453924885,-0.00020512492778958038,0.0015617323871272956,0.0015751457980145843
478,0.95600004540756345,31,150,36891,659,-0.00016871726669096746,-0.00058869332129672213,0.00061239312750800592,0.0033724160050477734,0.14057216398429168,0.1406126113723008,-0.00019283662445301051,-0.00059317979250860214,0.00062373730846485345,-0.00019283650783906873,-0.00059317984380776996,0.00062373732119809662
479,0.95800004550255835,0,23,25848,628,4.3025508812377833e-05,3.2268326341793388e-05,5.3781402858836621e-05,-0.00068229378352002267,0.00047546371436055706,0.00083161923420734137,4.2239905884893493e-05,3.2202533569946724e-05,5.3115090299162681e-05,4.2239086541603968e-05,3.2202566208262853e-05,5.3114458504880405e-05
479,0.95800004550255835,1,20,17765,629,1.9082627240172167e-05,2.5784164188397767e-05,3.2077558904655051e-05,0.0031318425982283841,0.045334605486456521,0.045442654991458539,1.8478999604387289e-05,2.4893273562738262e-05,3.1002394988908022e-05,1.8478345823991915e-05,2.4893038232454543e-05,3.1001816347328471e-05
479,0.95800004550255835,2,20,37608,630,2.051180716946973e-06,1.7067408709703516e-05,1.7190223453976351e-05,-0.0062503476532804053,0.014901833216200816,0.016159563081665725,2.159368108845238e-06,1.6747094551328332e-05,1.6885735001492502e-05,2.158917788050013e-06,1.6747155984463153e-05,1.6885738348781161e-05
479,0.95800004550255835,3,20,15824,631,8.8395588111056155e-06,2.6507381046567118e-05,2.7942423837650531e-05,0.0050922438967739439,0.0092168780704177562,0.010530042225422424,8.9467387827150869e-06,2.5644565703724242e-05,2.7160410250560795e-05,8.9462839966807224e-06,2.5644368829137642e-05,2.7160074557963052e-05
479,0.95800004550255835,4,128,34319,632,-8.1221867617647987e-05,-2.6665713059255648e-06,8.1265628538935948e-05,-0.00048657324509068404,0.0052706178600465756,0.0052930299592464074,-8.1775237635455783e-05,-2.6767462739598736e-06,8.1819034832674611e-05,-8.1775197746361612e-05,-2.6767399322475726e-06,8.1818994757461023e-05
479,0.95800004550255835,5,128,21162,633,-1.9499944195115416e-06,-1.1105468082126588e-05,1.1275366936790065e-05,-7.8623893640790445e-05,0.0054280113403048546,0.0054285807378291187,-2.3072168507327306e-06,-1.1043740155263421e-05,1.1282173824812433e-05,-2.3071697376298371e-06,-1.1043745442649891e-05,1.1282169365874862e-05
479,0.95800004550255835,6,1,33529,634,-6.3618556300183381e-05,1.5231837567719142e-05,6.541658491093052e-05,-0.00027418985715952341,0.0045001297265921392,0.00450847508964255,-6.3736050244529336e-05,1.5123831877353705e-05,6.5505834789182161e-05,-6.3736019699706318e-05,1.5123837480443151e-05,6.5505806363224081e-05
479,0.95800004550255835,7,128,20347,635,9.975110215697108e-07,-1.0050942653764507e-07,1.0025619097970829e-06,-6.4134522071984743e-05,0.0047045126854688354,0.0047049498238194414,9.1428251460582694e-07,-8.9346292061687158e-08,9.1863772860640035e-07,9.1432163674946831e-07,-8.9354639846342241e-08,9.1867747718679609e-07
479,0.95800004550255835,8,42,7241,636,8.8582157629592568e-08,3.4181841737818915e-05,3.4181956517846513e-05,0.0013019131797510927,-0.0090881725659348045,0.0091809508503106364,1.0237839272484609e-06,3.3470476436950957e-05,3.3486130359391804e-05,1.0236434877000144e-06,3.347036224198063e-05,3.3486011924373934e-05
479,0.95800004550255835,9,92,47753,637,-0.00015626234913676537,0.00015844205556095201,0.00022253495619367346,-0.019900141087051109,-0.0057159948498368661,0.020704787185766998,-0.00015770213080245206,0.00016162865614189362,0.00022581803414667347,-0.00015770229168876211,0.00016162913030527516,0.00022581848588440901
479,0.95800004550255835,10,136,18300,638,-0.00011284476078836703,-0.00058903558632222852,0.00059974733179177654,-0.0023351489244983624,0.1374359977743477,0.1374558343786472,-0.00011583717919933,-0.00058783551932097195,0.00059914009201539374,-0.00011583648754698367,-0.00058783557695253337,0.00059914001483654905
479,0.95800004550255835,11,150,36234,639,-0.00016711826196524012,-0.00057784089341330052,0.00060152191280365172,0.0039121723441094209,0.14092798629412795,0.14098227694773527,-0.00016614307242989644,-0.00057697729022325754,0.00060042178004284538,-0.00016614275573360505,-0.00057697724872227618,0.00060042165252919026
479,0.95800004550255835,12,42,6890,640,-3.2480350667091285e-05,9.6962718475389166e-05,0.00010225821215723847,0.016119014331996355,-0.0083877912885092377,0.018170791554984481,-2.6757185072970615e-05,9.0469917398987944e-05,9.4343801636402713e-05,-2.6757103237155507e-05,9.0469274335541606e-05,9.4343161768319404e-05
479,0.95800004550255835,13,62,3413,641,2.1414470253322954e-05,1.6864694511708136e-05,2.7257979697763592e-05,0.0010388030756044656,-0.00013081744899628693,0.0010470076574921473,2.0724457118493015e-05,1.5969321400240243e-05,2.6163378008973281e-05,2.0724936774563123e-05,1.5968507719640233e-05,2.6163261323884082e-05
479,0.95800004550255835,14,72,5299,642,-3.6069830080434547e-05,9.0354670142501681e-05,9.7288226721385488e-05,0.013002617479265658,-0.0082152506214902259,0.01538045526263772,-3.1136379734437215e-05,8.4492198693216424e-05,9.0046686685191454e-05,-3.1136185337782618e-05,8.4491573242873527e-05,9.0046032596914627e-05
479,0.95800004550255835,15,54,520,643,2.3591201416559431e-05,1.0720877773454795e-05,2.591296981262535e-05,0.00094526318429369262,0.00066640439281894013,0.0011565540637382377,2.2671071712380192e-05,1.0366113021683408e-05,2.4928573801286741e-05,2.2671555439817276e-05,1.0365287384581351e-05,2.4928670414317518e-05
479,0.95800004550255835,16,61,754,644,9.9356415779167689e-05,-2.7101408862377027e-05,0.00010298632782466113,-0.0065641116316110509,-0.010177506459630283,0.012110705976451894,9.1566459085741384e-05,-2.3671004158510078e-05,9.4576597884323116e-05,9.1567113424922028e-05,-2.3671849001118832e-05,9.4577442850313453e-05
479,0.95800004550255835,17,66,2759,645,0.00012417735545946926,-3.0377136998057217e-05,0.00012783890667987627,-0.0084012620555218038,-0.0067369282385726309,0.010768816379585445,0.0001131857020476902,-2.5261434725633093e-05,0.00011597044120130751,0.00011318639225498267,-2.526219423914367e-05,0.00011597128027867514
479,0.95800004550255835,18,71,4379,646,0.00019557155004039112,-9.8566276360147756e-05,0.0002190058036233429,-0.014330686792883872,-0.0013440478421306934,0.014393576642296813,0.00017596366707597596,-8.4675755320031047e-05,0.00019527722772981666,0.00017596447498848894,-8.4676468995844331e-05,0.00019527826520014647
479,0.95800004550255835,19,76,6105,647,0.00011401873829937966,-2.0710421878177253e-05,0.00011588440040727876,-0.0081395359888273497,-0.0053860160468270244,0.0097601851913830927,0.00010400713494332664,-1.6561267872262064e-05,0.00010531742359484577,0.00010400780288556185,-1.6562015940046986e-05,0.00010531820086328981
479,0.95800004550255835,20,138,20234,648,0.00021461199175061403,0.0017517977577061847,0.0017648948101537333,-0.033801620132529367,0.21357886281302074,0.21623709247972919,0.00021466826610342919,0.0017246157713266574,0.001737924631041431,0.00021466923899336285,0.0017246155681881988,0.001737924549630131
479,0.95800004550255835,21,136,18301,649,-0.00010677297060347892,-0.00059103836929479624,0.00060060537895538643,-0.0019983017835230555,0.1366102772106032,0.13662489176418727,-0.00010981547267380569,-0.00058979773525523395,0.00059993400182917992,-0.00010981478219071071,-0.00058979779107377179,0.00059993393031490874
479,0.95800004550255835,22,92,47596,650,0.00010074141758503787,0.00022521503918265258,0.00024671977442249478,-0.016352371543752076,-0.0082432981783479298,0.018312619145334372,0.00010469316525118198,0.00022935543634977854,0.00025212015991092146,0.00010469325842126743,0.00022935595177814232,0.00025212066748864486
479,0.95800004550255835,23,112,51583,651,-0.00011062412909080742,0.00014589223394764802,0.00018309080223576194,-0.0012449174731992614,0.0024813470798689141,0.0027761309129525611,-0.00011052423675201094,0.00014642006831788073,0.00018345147400832578,-0.00011052375214054818,0.00014642075420403174,0.00018345172947918157
479,0.95800004550255835,24,122,49892,652,-0.00033790403506746687,-1.7384151682288019e-05,0.00033835092085671744,0.0077881660799011777,-0.0019365169525942842,0.0080253117569231112,-0.00034245863952579828,-1.9020344614563042e-05,0.00034298643310649678,-0.00034245800649736224,-1.9019689778000335e-05,0.00034298576473871151
479,0.95800004550255835,25,104,54177,653,-0.00019827472292096088,0.00013733314492074626,0.00024119133160875931,0.0060337366892461303,-0.0023662459927973989,0.006481134046876719,-0.00020067801726217431,0.00013737446162348361,0.0002431941802729241,-0.00020067742054043162,0.00013737516188032343,0.0002431940834321557
479,0.95800004550255835,26,111,52655,654,-0.00029026880324439764,3.7720954335548939e-05,0.00029270949511916999,0.0078119573148721696,-0.0061443385847674888,0.0099387913618129309,-0.00029445952475044845,3.6180536355211061e-05,0.00029667396739048522,-0.00029445887420971817,3.618125247373779e-05,0.00029667340904001319
479,0.95800004550255835,27,116,51774,655,-0.00066760695241204772,-0.0004170121740323355,0.00078714560038157936,0.010855849574931646,-0.0083650871716494136,0.013704895234288994,-0.00067840482232499875,-0.00042529328868988806,0.00080069187853910049,-0.00067840400721138835,-0.00042529253802556477,0.00080069078919436552
479,0.95800004550255835,28,121,50655,656,-0.00066451261597166964,-0.00041813835811177399,0.00078512209452410758,0.01230014076108308,-0.0049227688120972342,0.013248664669309683,-0.00067497624508262106,-0.00042610402661868172,0.00079822150617888559,-0.00067497545413276944,-0.00042610330594446653,0.00079822045264359262
479,0.95800004550255835,29,126,47936,657,-0.0004808454742357192,-0.00020206774226032455,0.00052157812699073051,0.009882089755786189,-0.0012267533091314712,0.0099579426400677445,-0.0004876761539364655,-0.00020630763768250329,0.00052951947318715135,-0.00048767547738363406,-0.00020630698118354702,0.00052951859431602942
479,0.95800004550255835,30,152,34831,658,-0.00020390507461078049,0.0015622264141310134,0.0015754772764025107,0.032285240162392218,0.21799524952964364,0.22037301456810662,-0.00020056373720447762,0.00153718373409166,0.0015502127741176066,-0.00020056331891671241,0.0015371838016658699,0.0015502127870066172
479,0.95800004550255835,31,150,36891,659,-0.00019262216659600803,-0.00059378101603544016,0.00062424289669023867,0.0033459886427557209,0.14055222296896705,0.14059204465941763,-0.000191828424140297,-0.00059269454963873638,0.00062296466471190341,-0.00019182810421282785,-0.00059269450977925955,0.0006229645282745755
480,0.96000004559755325,0,23,25848,628,4.2240313749392666e-05,3.2205507045008262e-05,5.3117217450401218e-05,-0.000679417638035798,0.00047489092966620985,0.00082893288145264189,4.2270287096720692e-05,3.2042378828711716e-05,5.3042353004385696e-05,4.2270636608934581e-05,3.2042430318010814e-05,5.3042662640644082e-05
480,0.96000004559755325,1,20,17765,629,1.8479256449822218e-05,2.4895999289827631e-05,3.1004736728077439e-05,0.0031285474879991196,0.045333491233656167,0.045441316407171195,1.8240424836814059e-05,2.4948524314924213e-05,3.0905371114416795e-05,1.824044427288445e-05,2.4948521079049937e-05,3.0905379973460963e-05
480,0.96000004559755325,2,20,37608,630,2.1602241594910086e-06,1.6749859703863981e-05,1.6888586930775915e-05,-0.0062520812517333048,0.014899017556997475,0.016157637331676748,2.2501312950762452e-06,1.6884934818935683e-05,1.7034204257457644e-05,2.2500548145831733e-06,1.6884804584057365e-05,1.7034065061236367e-05
480,0.96000004559755325,3,20,15824,631,8.9471963365346014e-06,2.5647243657544736e-05,2.716308946924055e-05,0.0050908325471943914,0.0092166490853597387,0.0105291593390088,8.9885282425995623e-06,2.567991214059779e-05,2.7207563792387436e-05,8.9884564268928758e-06,2.5679887650831608e-05,2.7207516952075682e-05
480,0.96000004559755325,4,128,34319,632,-8.1769293203681965e-05,-2.7137265021844839e-06,8.1814311844312227e-05,-0.00048738750333581648,0.0052703526081455919,0.0052928407488413032,-8.1762485288828593e-05,-2.5111249408453798e-06,8.1801037579449127e-05,-8.1762498256090149e-05,-2.5111175697458236e-06,8.1801050314321948e-05
480,0.96000004559755325,5,128,21162,633,-2.3042486844195933e-06,-1.1079186153911117e-05,1.1316268282108958e-05,-7.9199389084798653e-05,0.005427525135098683,0.0054281029499595327,-2.3281852963161339e-06,-1.0986894659055098e-05,1.1230863770127214e-05,-2.3281801532660911e-06,-1.0986860294124466e-05,1.1230829085542656e-05
480,0.96000004559755325,6,1,33529,634,-6.3731024477500895e-05,1.5093332746812787e-05,6.549390944475547e-05,-0.00027472004290296005,0.0044998747099510902,0.0045082528220176396,-6.3695116776517891e-05,1.5191691114276875e-05,6.548171790725905e-05,-6.3695132316434941e-05,1.5191694656202237e-05,6.5481733844908511e-05
480,0.96000004559755325,7,128,20347,635,9.1703631245938893e-07,-1.2041700561161621e-07,9.2490856499957984e-07,-6.4583452500334242e-05,0.0047040849873758511,0.0047045283069391472,9.224404949149402e-07,-9.3433828552868383e-08,9.2716036745374666e-07,9.2243920954767158e-07,-9.3404485979425407e-08,9.2715613211153052e-07
480,0.96000004559755325,8,42,7241,636,1.0245944130906798e-06,3.3472021121948687e-05,3.3487699110263095e-05,0.0013015961342326945,-0.0090878946414436612,0.0091806307795613863,1.2554307256728483e-06,3.3431100231735874e-05,3.3454664383480728e-05,1.2552796456413677e-06,3.3431068864637841e-05,3.3454627369332918e-05
480,0.96000004559755325,9,92,47753,637,-0.00015772426183237353,0.00016162110475723731,0.000225828085661454,-0.019902701990100784,-0.0057153826016449983,0.020707079581388298,-0.00015767832743587257,0.00016249673706006347,0.00022642359527695353,-0.00015767848719937374,0.0001624964779172094,0.0002264235205560173
480,0.96000004559755325,10,136,18300,638,-0.00011594163867370795,-0.00058837178859406122,0.00059968643905937988,-0.0023345721181587094,0.13742652503185951,0.13744635320483112,-0.00011854297005685471,-0.00058685920100822798,0.00059871208235504655,-0.00011854262303269684,-0.00058685902858234354,0.00059871184463319578
480,0.96000004559755325,11,150,36234,639,-0.00016591728042307242,-0.00057758488227472313,0.00060094329197961285,0.0039112219026312513,0.14091748091446457,0.14097174924093875,-0.00016361697894911247,-0.00057630297057376426,0.00059907898451921958,-0.00016361742702827739,-0.00057630290542937828,0.0005990790442284696
480,0.96000004559755325,12,42,6890,640,-2.6754790261905284e-05,9.0471788205897613e-05,9.4344916466820487e-05,0.016130801159297319,-0.0083950782625514756,0.01818461121594718,-2.4531239012449124e-05,8.6816095184262955e-05,9.0215387105132525e-05,-2.4531529894687885e-05,8.6816250877627094e-05,9.0215616028606994e-05
480,0.96000004559755325,13,62,3413,641,2.0727024208036397e-05,1.5971300959218257e-05,2.6166619706229783e-05,0.0010219301910799562,-0.00011784488238611419,0.0010287024505391796,1.948553041875208e-05,1.4892976287315047e-05,2.4525224533011741e-05,1.9485076761012749e-05,1.4893202206766769e-05,2.4525001291624871e-05
480,0.96000004559755325,14,72,5299,642,-3.1133900716596335e-05,8.4494160240634612e-05,9.0047670089796978e-05,0.013012593976361512,-0.0082215870335092586,0.015392273884751645,-2.9332952788205751e-05,8.1196880836959198e-05,8.6332818655054119e-05,-2.9333273641402335e-05,8.1197039382944052e-05,8.6333076784490646e-05
480,0.96000004559755325,15,54,520,643,2.2673672647585727e-05,1.0368209302528042e-05,2.4931810914390198e-05,0.00092752459208801121,0.00068073947597477823,0.0011505251423060893,2.1301355677757705e-05,9.5849444435117153e-06,2.3358486973593698e-05,2.1300902086328077e-05,9.585176325592235e-06,2.3358168483081669e-05
480,0.96000004559755325,16,61,754,644,9.156870480825809e-05,-2.3668245000308365e-05,9.4578081613323767e-05,-0.0065994434230480462,-0.010158997291327911,0.012114366655307242,8.6530203019544982e-05,-2.2186681333357769e-05,8.9329305735529136e-05,8.6529708590136475e-05,-2.2186423682060942e-05,8.932876280624205e-05
480,0.96000004559755325,17,66,2759,645,0.00011318786648560736,-2.5258447880415695e-05,0.00011597190310110183,-0.0084390728668224287,-0.0067184716329675223,0.010786835121319312,0.00010623056433223084,-2.231485645485581e-05,0.00010854900099468928,0.00010623009253187212,-2.2314610641846516e-05,0.00010854848873856937
480,0.96000004559755325,18,71,4379,646,0.00017596576205798815,-8.4672284848370347e-05,0.00019527761069332059,-0.014373625431548763,-0.0013213819416355316,0.014434235632070922,0.00016393838552742867,-7.5865214360231788e-05,0.00018064142658666022,0.0001639379551584257,-7.5864931900979077e-05,0.00018064091738547551
480,0.96000004559755325,19,76,6105,647,0.00010400929739831602,-1.6558302595144416e-05,0.00010531909290401106,-0.008175608898554447,-0.0053673424080162247,0.0097800278827318322,9.7587343938846627e-05,-1.4187184004824815e-05,9.8613213551863841e-05,9.7586875721409542e-05,-1.4186946290783272e-05,9.8612716006220009e-05
480,0.96000004559755325,20,138,20234,648,0.00021376458545741938,0.0017249601618758504,0.0017381550155422107,-0.033799755981374802,0.21353752007848559,0.21619596662673918,0.00021156063296979736,0.0016983684205413715,0.001711494432744312,0.0002115606808684527,0.0016983683369419429,0.0017114943557068672
480,0.96000004559755325,21,136,18301,649,-0.00010991756269549567,-0.00059032981244851266,0.00060047577640935223,-0.0019977830250076339,0.13660090397231869,0.13661551194161534,-0.00011251977289741858,-0.00058877164002708502,0.00059942701256539147,-0.00011251942147515287,-0.00058877146439307193,0.00059942677408726533
480,0.96000004559755325,22,92,47596,650,0.00010465179926594324,0.00022933600529381561,0.0002520853078101227,-0.016355311089778894,-0.00824005449350706,0.018313784395897269,0.00010607851650353456,0.00023050267664913705,0.00025374029164877872,0.00010607820457622404,0.00023050237413779198,0.00025373988643741816
480,0.96000004559755325,23,112,51583,651,-0.00011055305565181443,0.00014641696793201664,0.00018346636370833311,-0.0012459029535816868,0.0024874469361414239,0.0027820255983478886,-0.00011054219161954864,0.00014668828506413803,0.00018367642500634324,-0.00011054266430883936,0.00014668791418187907,0.00018367641329122001
480,0.96000004559755325,24,122,49892,652,-0.00034245796444537529,-1.8991414740667548e-05,0.00034298415596922544,0.0077875428906714573,-0.0019325733312551879,0.0080237562247819031,-0.00034393192937868134,-1.9472822430547878e-05,0.00034448274682421164,-0.00034393241752161822,-1.9473152599584422e-05,0.00034448325285045631
480,0.96000004559755325,25,104,54177,653,-0.00020068250002413154,0.00013739571176539883,0.00024320988349048667,0.0060333457348063467,-0.0023598278088393242,0.0064784294426255308,-0.00020137133068850956,0.0001375528993730528,0.00024386720351288375,-0.00020137184580691655,0.00013755252475595572,0.00024386741756623082
480,0.96000004559755325,26,111,52655,654,-0.00029445715138704307,3.6210916621855594e-05,0.00029667531829521477,0.0078114816143845592,-0.0061389820001505856,0.0099351066934402314,-0.00029573048266275971,3.5848715686410037e-05,0.00029789536550996204,-0.00029573099958320426,3.5848347082984803e-05,0.0002978958343163988
480,0.96000004559755325,27,116,51774,655,-0.00067838749889236678,-0.00042523871023097487,0.0008006482119709904,0.010855513739597462,-0.0083673928946454059,0.013706036713942937,-0.00068192688493491161,-0.00042787006763346215,0.00080504476345958276,-0.00068192737252835065,-0.00042787039059838622,0.00080504534813526844
480,0.96000004559755325,28,121,50655,656,-0.00067496230499319106,-0.00042605281858376182,0.00079818238353454617,0.012300037276850865,-0.0049252149839846809,0.013249477712362403,-0.00067843206638064867,-0.00042861805071145052,0.00080248582672169384,-0.00067843253933431037,-0.0004286183584679049,0.00080248639093963585
480,0.96000004559755325,29,126,47936,657,-0.00048767354678093996,-0.00020627307883050523,0.00052950360837308505,0.0098816165633085901,-0.0012255074171420841,0.0099573196360127417,-0.00048996427344586346,-0.00020764699356144549,0.00053214872281011805,-0.00048996473830493516,-0.00020764729899982692,0.00053214927000245626
480,0.96000004559755325,30,152,34831,658,-0.00019934713277985731,0.0015376780386781349,0.0015505460425219838,0.032287594058107362,0.21795744899499156,0.22033596688345158,-0.00019747051553969269,0.0015169526290185029,0.0015297515756467321,-0.00019747152042771463,0.0015169527204692715,0.0015297517960503125
480,0.96000004559755325,31,150,36891,659,-0.00019161527434521811,-0.00059329284553189833,0.00062346837443588926,0.0033448948552406333,0.14054203808432425,0.1405818366307976,-0.00018937513847999018,-0.00059188795903199784,0.00062144533075836957,-0.00018937558004597109,-0.00059188789969185122,0.00062144540880062745
481,0.96200004569254816,0,23,25848,628,4.2271523757661335e-05,3.2045477940962783e-05,5.3045210691062949e-05,-0.0006789749549116317,0.00047560576238702405,0.00082897999409695924,4.2357816034408437e-05,3.1972732959450571e-05,5.3070144451481618e-05,4.2358307272470668e-05,3.1972830461740335e-05,5.3070595273882431e-05
481,0.96200004569254816,1,20,17765,629,1.8241133578270194e-05,2.4951506691572894e-05,3.0908196977499405e-05,0.0031272714410269437,0.045334340576247162,0.045442075900524535,1.8079969944118022e-05,2.4996497105753461e-05,3.0849800335466549e-05,1.8080237577064565e-05,2.4996341671149041e-05,3.0849831244010387e-05
481,0.96200004569254816,2,20,37608,630,2.2511833495559672e-06,1.6887579339570291e-05,1.7036964589491856e-05,-0.0062536180128992406,0.014899149744992984,0.016158353919102725,2.2913849382380531e-06,1.69221062843777e-05,1.7076537296388852e-05,2.2915539597179008e-06,1.6921807647194155e-05,1.707626404102892e-05
481,0.96200004569254816,3,20,15824,631,8.9891898083872454e-06,2.5682670660804563e-05,2.7210385989224126e-05,0.0050911705391112581,0.0092168214642792089,0.010529473650791495,8.9940791993989403e-06,2.5699577627160478e-05,2.7227958991806713e-05,8.9942499026374467e-06,2.5699400977649961e-05,2.7227848646581125e-05
481,0.96200004569254816,4,128,34319,632,-8.1756571962910947e-05,-2.5478871427736011e-06,8.1796263900125332e-05,-0.00048799971344135799,0.0052675356348088429,0.0052900921905293724,-8.1927537472700437e-05,-2.3683903715850939e-06,8.1961763458901686e-05,-8.1927540734495256e-05,-2.3684522831897867e-06,8.1961768508373011e-05
481,0.96200004569254816,5,128,21162,633,-2.3252651596342612e-06,-1.1022150854642875e-05,1.1264753327308753e-05,-7.9656774762591916e-05,0.0054251323257418285,0.0054257170911847698,-2.4283249015643125e-06,-1.0915067271021813e-05,1.1181925386912975e-05,-2.4283124871957186e-06,-1.0915115719903489e-05,1.1181969983609996e-05
481,0.96200004569254816,6,1,33529,634,-6.3690171684926904e-05,1.516135403445548e-05,6.5469875709470873e-05,-0.00027513236223675679,0.0044969931842245509,0.0045054018151228252,-6.370041316632158e-05,1.5205145613086138e-05,6.548999229405382e-05,-6.3700417936950716e-05,1.5205086540945997e-05,6.5489983219266809e-05
481,0.96200004569254816,7,128,20347,635,9.2512221873800537e-07,-1.2440703924831514e-07,9.3344964032199492e-07,-6.488486567037208e-05,0.0047016941296393108,0.0047021418241560749,9.2353818930249343e-07,-9.4079248232193851e-08,9.2831766763757271e-07,9.2354673013006935e-07,-9.4126730048404114e-08,9.2833097763865892e-07
481,0.96200004569254816,8,42,7241,636,1.2561423770675763e-06,3.3432641846861739e-05,3.3456231624795935e-05,0.0013028771642386971,-0.0090882292441650005,0.0091811437032425659,1.4034101273141524e-06,3.3364977646633016e-05,3.3394479983161417e-05,1.4034434903787014e-06,3.3364827840874391e-05,3.3394331711862018e-05
481,0.96200004569254816,9,92,47753,637,-0.00015770122950163487,0.00016248843369918404,0.00022643358600777719,-0.019906682054289786,-0.0057127800893613688,0.020710187028609536,-0.00015778567278530337,0.00016288450963179509,0.0002267767228229149,-0.00015778562640292589,0.00016288404823037946,0.00022677635914548122
481,0.96200004569254816,10,136,18300,638,-0.00011864714505246383,-0.0005873930969261807,0.00059925603488461413,-0.0023350122615688603,0.13741265231186309,0.1374324899637733,-0.0001219223362716722,-0.00058548212967230611,0.00059804212246928039,-0.00012192194577794179,-0.00058548217407731985,0.00059804208633221158
481,0.96200004569254816,11,150,36234,639,-0.00016339059522637835,-0.00057690776661226313,0.00059959908087486239,0.0039106935249509124,0.14090512751464293,0.1409593859370985,-0.00016241389911220426,-0.00057499814641570471,0.00059749572634984211,-0.00016241381892358013,-0.00057499821483555555,0.00059749577039625739
481,0.96200004569254816,12,42,6890,640,-2.4529030094276909e-05,8.6818474330968093e-05,9.021707600295471e-05,0.016144614845440271,-0.0083955949935205429,0.018197104269713837,-2.3143795227240705e-05,8.4390691659765347e-05,8.750670886471527e-05,-2.3143899373252764e-05,8.4390735938559859e-05,8.7506779111397927e-05
481,0.96200004569254816,13,62,3413,641,1.9487798835642127e-05,1.4895605493261514e-05,2.4528623411625392e-05,0.0010110645403186541,-0.00010071651164676904,0.0010160685608796608,1.8511238091064672e-05,1.408276106019831e-05,2.325919376811504e-05,1.8510938355520257e-05,1.4082890256829271e-05,2.3259033444831017e-05
481,0.96200004569254816,14,72,5299,642,-2.9330710130822966e-05,8.1199257595367013e-05,8.6334292090785848e-05,0.01302541927175321,-0.0082211484639388589,0.015402883797233691,-2.8272047095196354e-05,7.901441317232029e-05,8.3920117587615083e-05,-2.8272198709219739e-05,7.9014471487362498e-05,8.3920223571442104e-05
481,0.96200004569254816,15,54,520,643,2.1303645476015423e-05,9.5876043685229684e-06,2.3361666637786635e-05,0.00091584587241302614,0.00069873670968994975,0.0011519577472651999,2.0237805397505062e-05,8.9700506013410381e-06,2.2136634231470324e-05,2.0237504510717518e-05,8.9701881368751454e-06,2.2136414886612678e-05
481,0.96200004569254816,16,61,754,644,8.6532095127150329e-05,-2.2183399374100259e-05,8.9330323490318923e-05,-0.006624837765083152,-0.010137714763988817,0.012110397848529535,8.3027418993343618e-05,-2.1269472329954024e-05,8.570847541457564e-05,8.3027048220958927e-05,-2.1269284600000961e-05,8.5708069653220393e-05
481,0.96200004569254816,17,66,2759,645,0.00010623234591716715,-2.2311313210036846e-05,0.00010855001619631857,-0.0084650449881901371,-0.0066974173234542415,0.010794090302410294,0.00010138771070922283,-2.0330009582448862e-05,0.00010340588557949456,0.00010138734068835806,-2.0329811538732443e-05,0.00010340548384422155
481,0.96200004569254816,18,71,4379,646,0.00016394009362382208,-7.5861398781432041e-05,0.00018064137433728466,-0.014401590406251828,-0.0012985347323590383,0.014460013785629233,0.00015557975806124817,-6.9802264651608591e-05,0.0001705210170884801,0.00015557937425950217,-6.9801963298902198e-05,0.00017052054355812832
481,0.96200004569254816,19,76,6105,647,9.758912819723129e-05,-1.4183719912527279e-05,9.8614480949060757e-05,-0.0082008935580191577,-0.0053458613446546602,0.009789427392152876,9.310449139263239e-05,-1.2589440186010312e-05,9.3951797862935492e-05,9.310412962980935e-05,-1.2589255560748608e-05,9.3951414623187992e-05
481,0.96200004569254816,20,138,20234,648,0.00021065885212627849,0.0016987113998869535,0.0017117235676606941,-0.033800245162459143,0.21349155145430415,0.21615063986814412,0.00020845292199888718,0.0016720085531363503,0.0016849525875973442,0.00020845324845435672,0.0016720084736232892,0.0016849525490823935
481,0.96200004569254816,21,136,18301,649,-0.00011262166710407423,-0.00058930115001643274,0.00059996623681003172,-0.0019982591491114251,0.13658718982775342,0.13660180622769874,-0.00011590578316011491,-0.00058734461258237876,0.00059867173350635499,-0.00011590539083169782,-0.00058734465643886817,0.00059867170057648523
481,0.96200004569254816,22,92,47596,650,0.00010603586705260248,0.00023048227406779649,0.00025370392933705233,-0.016359487837011761,-0.0082359042500465014,0.018315647984859008,0.00010659305563716848,0.00023105399251000658,0.00025445633606747281,0.00010659295457612904,0.00023105344207266352,0.00025445579391889347
481,0.96200004569254816,23,112,51583,651,-0.00011057407596700518,0.00014668427901808726,0.00018369241679234641,-0.0012469723055274597,0.0024983070068193497,0.0027922173681637192,-0.00011060817193760132,0.00014709154268296401,0.00018403828305065282,-0.00011060846541618222,0.00014709090698512476,0.00018403795135631511
481,0.96200004569254816,24,122,49892,652,-0.00034393439782695839,-1.9444267973610484e-05,0.00034448359839856245,0.0077892170772150826,-0.0019244095784312764,0.0080234191528011992,-0.00034459224550541044,-1.9484961510532918e-05,0.00034514269424040838,-0.00034459258984088952,-1.9485518256567741e-05,0.00034514306945812855
481,0.96200004569254816,25,104,54177,653,-0.00020137878223562507,0.00013757345264452374,0.00024388494994000414,0.0060356313793737569,-0.0023503384188884799,0.0064771086783366825,-0.00020162682026868739,0.00013796451491629279,0.00024431042144728405,-0.00020162716737906269,0.00013796387694398892,0.00024431034764561382
481,0.96200004569254816,26,111,52655,654,-0.00029573152076325146,3.5878274108629076e-05,0.00029789995455850501,0.0078141324562857814,-0.0061309792367261109,0.0099322491131437866,-0.00029623579548722367,3.6001933552135359e-05,0.00029841545829169198,-0.00029623615916385914,3.6001316165573393e-05,0.00029841574482893638
481,0.96200004569254816,27,116,51774,655,-0.0006819130174862075,-0.00042781532849429899,0.00080500392465616575,0.010857351528107574,-0.0083610237396353898,0.013703605371567238,-0.00068349484740452533,-0.00042892228594942775,0.00080693217423313715,-0.00068349524450368618,-0.0004289227845184066,0.00080693277560040725
481,0.96200004569254816,28,121,50655,656,-0.00067842148933599784,-0.00042856732559263253,0.00080244979267147609,0.012301149046399886,-0.0049191054874967088,0.013248240134405214,-0.00068000486237828294,-0.0004296843385705717,0.0008043850096010847,-0.00068000524519480556,-0.00042968481564805089,0.00080438558806765492
481,0.96200004569254816,29,126,47936,657,-0.00048996502869526456,-0.00020761290585159673,0.00053213611794398563,0.0098828277551801652,-0.0012187176829837132,0.0099576883476726972,-0.00049103940680099694,-0.00020815620991942717,0.00053333732923872444,-0.00049103975229104714,-0.00020815670972141231,0.00053333784239644692
481,0.96200004569254816,30,152,34831,658,-0.00019625553405045823,0.0015174452166552134,0.0015300837297988689,0.032287524009673774,0.21792013457217013,0.22029904506971426,-0.000194666122053329,0.0014954723572868432,0.0015080890127855018,-0.00019466592072427293,0.0014954723501248075,0.0015080889796955763
481,0.96200004569254816,31,150,36891,659,-0.00018916135465443708,-0.00059248354611726663,0.00062194756251181889,0.0033443554769362021,0.14052989952703113,0.1405696886765905,-0.00018825939048508061,-0.00059041891198495793,0.00061970645448899075,-0.00018825931198006548,-0.00059041897975993963,0.00061970649521202832
482,0.96400004578754306,0,23,25848,628,4.235916327315657e-05,3.197572996062846e-05,5.3073025349201347e-05,-0.00067953477481802254,0.00047709079630703296,0.00083029099604166453,4.2453258603435861e-05,3.2158913145122301e-05,5.325856607838518e-05,4.245166167986661e-05,3.2158919075806962e-05,5.3257296734871512e-05
482,0.96400004578754306,1,20,17765,629,1.8080935328650678e-05,2.4999223785247846e-05,3.0852575455280062e-05,0.0031267824806303908,0.045337795638988855,0.045445489128008013,1.7885355109377053e-05,2.5060736015813238e-05,3.0788413681818663e-05,1.7884280595370513e-05,2.5060393434113465e-05,3.078751064127309e-05
482,0.96400004578754306,2,20,37608,630,2.2927121695687116e-06,1.692462312638439e-05,1.7079209497591912e-05,-0.0062523366998355452,0.014901430370501127,0.016159961054872742,2.3016915018263441e-06,1.6933628899103017e-05,1.7089340872664356e-05,2.3009744397809498e-06,1.6933816845092562e-05,1.7089430543925854e-05
482,0.96400004578754306,3,20,15824,631,8.9949951102849136e-06,2.570215592150306e-05,2.7230695107677738e-05,0.0050909648052429486,0.0092190178546132113,0.010531296826692313,8.97500913916829e-06,2.5721637518771328e-05,2.7242493015420214e-05,8.9742929318532371e-06,2.5721359040143987e-05,2.7241994135868755e-05
482,0.96400004578754306,4,128,34319,632,-8.1921552321410183e-05,-2.4051047437708229e-06,8.1956850010100161e-05,-0.00048790691351153755,0.0052696974296369894,0.0052922362150772378,-8.2495234412430942e-05,-2.1922636910549748e-06,8.2524358348629698e-05,-8.2495244958858755e-05,-2.1922736560526663e-06,8.2524369156056768e-05
482,0.96400004578754306,5,128,21162,633,-2.4253442944789847e-06,-1.0950234722081378e-05,1.121561123681801e-05,-7.9331833258081881e-05,0.0054274765569173608,0.0054280563110247499,-2.7450110067174042e-06,-1.0824000915421747e-05,1.1166650403950618e-05,-2.7450157905636728e-06,-1.0824039159207788e-05,1.1166688650200091e-05
482,0.96400004578754306,6,1,33529,634,-6.3695366893591645e-05,1.5174920986042432e-05,6.5478072594127892e-05,-0.00027486738544738173,0.0044994715321755585,0.0045078593754065742,-6.3732563128717003e-05,1.5190665066491857e-05,6.5517905248246714e-05,-6.3732567283988805e-05,1.519065888292974e-05,6.551790785659821e-05
482,0.96400004578754306,7,128,20347,635,9.2628600337191583e-07,-1.2496202318212032e-07,9.3467709251938212e-07,-6.4463565570516821e-05,0.0047041963719271929,0.004704638036761067,9.2028400344197078e-07,-9.4486821098079762e-08,9.2512183324814131e-07,9.2028459787080729e-07,-9.4526335428254544e-08,9.2512646117583748e-07
482,0.96400004578754306,8,42,7241,636,1.4043390306008773e-06,3.3366365406834882e-05,3.3395905566031539e-05,0.0013031358194604105,-0.0090866166548480322,0.0091795841515900055,1.6653139973055936e-06,3.3290952273571637e-05,3.3332578267977507e-05,1.6651396601314538e-06,3.3290782101589249e-05,3.3332399598937339e-05
482,0.96400004578754306,9,92,47753,637,-0.00015780899834961641,0.00016287624437704733,0.00022678701669734289,-0.019905763730342547,-0.0057128382930618079,0.020709320390850449,-0.0001583233388866989,0.00016345033569081056,0.00022755722768936864,-0.00015832357746275064,0.00016345124396470925,0.00022755804607663184
482,0.96400004578754306,10,136,18300,638,-0.00012202699790532935,-0.00058601264330682731,0.0005985828316392328,-0.0023353305366148741,0.13740417764657653,0.13742402193010947,-0.00012730606858525346,-0.00058351528656893563,0.00059724109433147707,-0.00012730680784070347,-0.00058351525639053223,0.0005972412224244894
482,0.96400004578754306,11,150,36234,639,-0.00016218678644481035,-0.00057560092754876556,0.00059801419840359456,0.0039096427572988205,0.14089215997532059,0.14094639423909017,-0.00016373000011672275,-0.00057235687351594533,0.00059531496167925251,-0.00016373055720998714,-0.00057235695434357703,0.00059531519260787248
482,0.96400004578754306,12,42,6890,640,-2.3141815872958153e-05,8.4393116176443062e-05,8.7508523584097305e-05,0.016155280752562631,-0.0083944911621129208,0.018206058828448085,-2.169830044876131e-05,8.2026833846610009e-05,8.4848203948369354e-05,-2.169803680126526e-05,8.2025752082159572e-05,8.4847090731933572e-05
482,0.96400004578754306,13,62,3413,641,1.8513004544443418e-05,1.4085524588648001e-05,2.3262272894108825e-05,0.0009978655963221231,-8.1549412269663152e-05,0.0010011923166728927,1.7437471188584812e-05,1.3165395587558311e-05,2.1849325903323087e-05,1.7438450214790888e-05,1.316400662561323e-05,2.1849270384452872e-05
482,0.96400004578754306,14,72,5299,642,-2.827014337568887e-05,7.9016887726037811e-05,8.3921806179271843e-05,0.013035037709352347,-0.0082191009910546915,0.015409926319920997,-2.7273106894944913e-05,7.6904769863828646e-05,8.1597585672074503e-05,-2.727265365763994e-05,7.6903712137154617e-05,8.1596437287444871e-05
482,0.96400004578754306,15,54,520,643,2.02395763606191e-05,8.9728088901190434e-06,2.2139371053305258e-05,0.00090209983587156734,0.00071887527440027031,0.0011535015275341307,1.9069771615241581e-05,8.246861686205845e-06,2.0776595417172742e-05,1.90707565794365e-05,8.2454503866197294e-06,2.0776939346071354e-05
482,0.96400004578754306,16,61,754,644,8.302868468954301e-05,-2.126615886036914e-05,8.570887931801471e-05,-0.0066532378576380641,-0.010116664102254572,0.012108363495871547,7.9396457210102809e-05,-2.0414064193904026e-05,8.1978847481704205e-05,7.9397725973208333e-05,-2.0415523798922029e-05,8.1980439750595582e-05
482,0.96400004578754306,17,66,2759,645,0.0001013888224121884,-2.0326422860329653e-05,0.00010340627048891769,-0.0084950774424837287,-0.0066751236192519091,0.010803870421570716,9.6283939314151701e-05,-1.8244982481407191e-05,9.7997328308470244e-05,9.6285242740072269e-05,-1.8246306252285434e-05,9.799885540845275e-05
482,0.96400004578754306,18,71,4379,646,0.00015558083034448574,-6.9798298062045109e-05,0.0001705203717537519,-0.014435101350042966,-0.0012749126982960846,0.014491292329336568,0.00014665674409075884,-6.3330030316254517e-05,0.00015974634057517575,0.0001466581875663739,-6.3331314136038397e-05,0.00015974817473276897
482,0.96400004578754306,19,76,6105,647,9.3105668756515128e-05,-1.2585974706608742e-05,9.3952500306874825e-05,-0.0082295965972710421,-0.0053230500120706424,0.0098010775726355918,8.8371610966350196e-05,-1.0903073077229552e-05,8.904166792752342e-05,8.8372878753318728e-05,-1.0904373629195046e-05,8.9043085432805261e-05
482,0.96400004578754306,20,138,20234,648,0.00020755330806478321,0.0016723507689613082,0.0016851811386714823,-0.033800935784397655,0.21345510411937821,0.21611474899810879,0.00020567742968578473,0.0016492057315592222,0.0016619815733304446,0.00020567626781293455,0.001649205832443388,0.0016619815296527055
482,0.96400004578754306,21,136,18301,649,-0.00011600828554301564,-0.00058787091844613695,0.00059920792640729846,-0.0019985952395773104,0.13657879035740969,0.13659341257331895,-0.00012132921605700179,-0.00058533671263008243,0.00059777909450029973,-0.00012132995265502824,-0.00058533668326319612,0.00059777921524993712
482,0.96400004578754306,22,92,47596,650,0.00010655050393276278,0.00023103336014272893,0.00025441977790094383,-0.016357690667053847,-0.0082361890750208781,0.018314170864074459,0.00010689769779803148,0.00023181921323977398,0.0002552787993971044,0.00010689795394061181,0.0002318202176320225,0.00025527981874728646
482,0.96400004578754306,23,112,51583,651,-0.00011063936209452295,0.00014708723999804613,0.00018405359169254424,-0.0012439400021012931,0.0024981146882678113,0.0027906923378558141,-0.0001109079082183326,0.00014761510239734785,0.0001846368938244618,-0.00011090694784954039,0.00014761641334218317,0.00018463736504107435
482,0.96400004578754306,24,122,49892,652,-0.00034459438273764717,-1.9456722895692865e-05,0.00034514323502015775,0.0077916810459221948,-0.0019242337410353705,0.0080257690604403874,-0.00034556225455917706,-1.9440481641840679e-05,0.00034610865938674261,-0.00034556106339356035,-1.9439248076522227e-05,0.0003461074008158
482,0.96400004578754306,25,104,54177,653,-0.00020163377718902212,0.00013798466044645451,0.00024432753963079065,0.0060385824627643457,-0.0023495568989105233,0.0064795752778112822,-0.00020217723801204752,0.00013848379200777694,0.00024505794461521409,-0.00020217607867343342,0.00013848512717003225,0.00024505774265480031
482,0.96400004578754306,26,111,52655,654,-0.00029623614237960644,3.6031473440494424e-05,0.00029841936788727958,0.0078170799932819578,-0.0061299307942297493,0.009933921238031598,-0.00029706179884935282,3.621911881531177e-05,0.0002992616529115801,-0.00029706055885923822,3.6220472917575626e-05,0.00029926058592493561
482,0.96400004578754306,27,116,51774,655,-0.00068348127265459627,-0.00042886805072372177,0.000806891848391785,0.010859074031080456,-0.0083612516391682341,0.013705109185481866,-0.00068545932211730518,-0.00043010143852278038,0.00080922291718467821,-0.00068545786340215792,-0.00043010006816128385,0.00080922095322117835
482,0.96400004578754306,28,121,50655,656,-0.00067999433405287733,-0.00042963328812573259,0.00080434884012457243,0.012302761386884357,-0.0049197038486833832,0.013249959384894837,-0.00068196102085383962,-0.00043086984001974762,0.00080667196121016497,-0.00068195960942783328,-0.00043086852588087563,0.00080667006606525429
482,0.96400004578754306,29,126,47936,657,-0.00049104032656736006,-0.00020812244187128065,0.00053332499765700481,0.0098844663478382389,-0.0012191297378331347,0.009959365055023121,-0.00049244326778282474,-0.00020868325613661692,0.00053483555732244243,-0.00049244203120763299,-0.0002086820390938155,0.00053483394389310416
482,0.96400004578754306,30,152,34831,658,-0.00019345305395503597,0.0014959658832605757,0.0015084223572872832,0.032287281181889692,0.21788246190370444,0.22026174368541085,-0.00019189100911023264,0.0014739652573565023,0.0014864036259614557,-0.00019189173012693439,0.0014739652088742118,0.0014864036709665068
482,0.96400004578754306,31,150,36891,659,-0.00018804492819550009,-0.00059101239167045759,0.00062020685430595258,0.0033432781584527209,0.14051718237958058,0.14055694949998418,-0.00018975328549812663,-0.00058754242699892995,0.00061742401385200959,-0.00018975384960101364,-0.00058754250457431563,0.00061742426103924988
483,0.96600004588253796,0,23,25848,628,4.2452789367394609e-05,3.2161553343051852e-05,5.3259786316791985e-05,-0.00067819342143802348,0.0004779379243204057,0.00082968124986979811,1.9153962361826277e-05,3.4141954459757172e-05,3.9147762752044851e-05,1.9154469073371518e-05,3.4142008389541163e-05,3.9148057708579172e-05
483,0.96600004588253796,1,20,17765,629,1.7885154579781866e-05,2.5062998995334069e-05,3.0790139216684433e-05,0.0031233234313938199,0.045339212150627126,0.045446664428719828,1.4804667941462642e-05,2.5016587587508169e-05,2.9069018686230869e-05,1.4805123398332322e-05,2.5016550423364696e-05,2.9069218667253435e-05
483,0.96600004588253796,2,20,37608,630,2.3022880345525772e-06,1.6936301156692529e-05,1.7092069127645975e-05,-0.0062513889515734729,0.014901409776043028,0.016159575400901027,2.7865484391551103e-06,1.7644650764220078e-05,1.7863329835029357e-05,2.7869061309462277e-06,1.7644434129370178e-05,1.7863171653667464e-05
483,0.96600004588253796,3,20,15824,631,8.9752069857275906e-06,2.5723932811191541e-05,2.7244725355770245e-05,0.0050899883492299116,0.0092203920166953682,0.010532027835931499,9.4504846524516746e-06,2.5369426591563693e-05,2.7072485400327833e-05,9.4508305710646102e-06,2.536936481739129e-05,2.7072548267956982e-05
483,0.96600004588253796,4,128,34319,632,-8.2489085892107787e-05,-2.2290015366310385e-06,8.2519196185892646e-05,-0.00048928505409296524,0.0052703782828441136,0.0052930413854827951,-7.8862846915499378e-05,-1.7496296356291561e-06,7.8882252931057712e-05,-7.8862823059473838e-05,-1.7496806849897434e-06,7.8882230213206484e-05
483,0.96600004588253796,5,128,21162,633,-2.7419264558435918e-06,-1.0859351100342658e-05,1.1200163704596834e-05,-8.0357548890994752e-05,0.0054278512084119657,0.005428446009340334,-7.2349626562906261e-07,-1.0477643179119007e-05,1.0502592700629604e-05,-7.2348192841694871e-07,-1.0477688772792576e-05,1.0502637198354016e-05
483,0.96600004588253796,6,1,33529,634,-6.3727381342155385e-05,1.516028813481117e-05,6.5505827748826978e-05,-0.00027586205766011901,0.0045001464919336327,0.0045085938299783733,-6.3426944301485868e-05,1.5396063319181441e-05,6.5268798281813305e-05,-6.3426923978605648e-05,1.5396015981556359e-05,6.5268767366115921e-05
483,0.96600004588253796,7,128,20347,635,9.2314055177481654e-07,-1.2549468221316641e-07,9.3163157610446858e-07,-6.5306519542254136e-05,0.0047046288519835746,0.0047050821009214077,1.1363165036678212e-06,-5.3581783002153148e-08,1.137579097899373e-06,1.1363291903722869e-06,-5.3624215178802531e-08,1.1375937699133551e-06
483,0.96600004588253796,8,42,7241,636,1.666133870298987e-06,3.3292094473499437e-05,3.3333760011528389e-05,0.0013031036447693695,-0.0090855504970603664,0.009178524224713094,2.2677259869886013e-06,3.2712271322713592e-05,3.2790780354283941e-05,2.267875851564534e-06,3.2712209324889834e-05,3.2790728869506989e-05
483,0.96600004588253796,9,92,47753,637,-0.00015834693743404564,0.00016344268638224021,0.00022756815314666702,-0.019903998610461996,-0.0057106643346328013,0.020707024118113163,-0.00018371907865985361,0.0001823465968920712,0.00025884934085630777,-0.00018371887426982367,0.00018234621953036164,0.00025884892995719746
483,0.96600004588253796,10,136,18300,638,-0.00012741224003497069,-0.00058404363369922267,0.00059777993022124855,-0.0023376821833690333,0.13739642837574456,0.13741631376369237,-0.00011302841312829507,-0.00057508350631044983,0.00058608571165369807,-0.0001130277342359284,-0.00057508371202273168,0.00058608578257824328
483,0.96600004588253796,11,150,36234,639,-0.00016350242796988175,-0.00057295720461597143,0.00059582967555618985,0.0039055738325765375,0.14088272990656478,0.14093685498437869,-0.00014332646884535053,-0.00056911810021460557,0.00058688831021205313,-0.00014332627144603515,-0.00056911812076788676,0.00058688828193532159
483,0.96600004588253796,12,42,6890,640,-2.1695853339561009e-05,8.2027894638195319e-05,8.4848603706287433e-05,0.016163837208895342,-0.0083958979366461784,0.018214300301637971,-2.0731218494225264e-05,5.5031568361375679e-05,5.8806946329222638e-05,-2.0731173551627339e-05,5.5031751232721858e-05,5.8807101616793499e-05
483,0.96600004588253796,13,62,3413,641,1.7440747548627996e-05,1.3166330909983109e-05,2.185250431154631e-05,0.00098559121391950978,-6.689542576910212e-05,0.00098785881528898768,1.1768635028086571e-05,9.8668829155310663e-06,1.5357608827324163e-05,1.1768457866764346e-05,9.8671612739061548e-06,1.5357651909295279e-05
483,0.96600004588253796,14,72,5299,642,-2.7270432658258177e-05,7.690591122728583e-05,8.1597767610810051e-05,0.013043189710203504,-0.0082197730076312234,0.015417180874379771,-2.1744442923630489e-05,5.2498598689199396e-05,5.6823618877968622e-05,-2.1744463420233923e-05,5.2498786219760382e-05,5.6823799978371681e-05
483,0.96600004588253796,15,54,520,643,1.9073109915351809e-05,8.2477040683434598e-06,2.077999384605445e-05,0.00088905325535653789,0.000734447253552814,0.0011531818846614479,1.2839678213769086e-05,6.4846376553452545e-06,1.4384292202060486e-05,1.2839498501008398e-05,6.4849242588664504e-06,1.4384260995985559e-05
483,0.96600004588253796,16,61,754,644,7.9399879207940003e-05,-2.0412815132686999e-05,8.1981850673650431e-05,-0.0066786476755785126,-0.010097863412585294,0.012106658509834122,5.3713098664813148e-05,-1.2983546504432939e-05,5.5260016721031897e-05,5.3712818974942296e-05,-1.2983223065077419e-05,5.5259668867922827e-05
483,0.96600004588253796,17,66,2759,645,9.6287272978481136e-05,-1.8243408977053806e-05,9.8000310758367441e-05,-0.0085209665223451147,-0.0066581637430064245,0.010813788184702506,6.428141706066388e-05,-1.1202303473963392e-05,6.525022745132603e-05,6.4281111378195231e-05,-1.1201994109816872e-05,6.5249873195679945e-05
483,0.96600004588253796,18,71,4379,646,0.00014666019605271991,-6.3328210959829223e-05,0.00015974878844484197,-0.014461572295800055,-0.0012554246542392168,0.014515962397620191,9.6481646262786639e-05,-4.185297881688155e-05,0.00010516834077527241,9.6481260511182518e-05,-4.1852614328535489e-05,0.0001051678418337079
483,0.96600004588253796,19,76,6105,647,8.8374899048665652e-05,-1.0901480627145428e-05,8.9044736294324959e-05,-0.0082546958818410007,-0.0053054369925964549,0.0098126278735155194,5.896249491443819e-05,-6.146687101908921e-06,5.9282017246918336e-05,5.8962202558206904e-05,-6.1463891159661247e-06,5.9281695570217015e-05
483,0.96600004588253796,20,138,20234,648,0.00020477734551780551,0.0016495461519664921,0.0016622082507028956,-0.033800957336470344,0.21342174948442458,0.21608180828069348,0.00020312871460144877,0.0016166827502289032,0.0016293938718380302,0.0002031301881169753,0.0016166825885338624,0.0016293938951011777
483,0.96600004588253796,21,136,18301,649,-0.00012143300445301479,-0.00058586090614211176,0.00059831344286765125,-0.002001006172324678,0.13657113539674232,0.13658579373147489,-0.00010670575928233526,-0.00057679522641842498,0.00058658234910633118,-0.00010670508743091821,-0.00057679543280614906,0.00058658242983375549
483,0.96600004588253796,22,92,47596,650,0.00010685433555781045,0.00023179948479494982,0.00025524272796439339,-0.016357126428184567,-0.0082334313841735222,0.018312426855703959,0.00011144161717150836,0.00025568908245529495,0.00027891959580608825,0.00011144168514004179,0.00025568864398199659,0.00027891922100888711
483,0.96600004588253796,23,112,51583,651,-0.00011093951779145261,0.00014761216515216731,0.00018465353478531286,-0.0012406650429103499,0.0025036802748806563,0.0027942198674274399,-0.00011539466504196486,0.00014951096724995523,0.00018886359640800143,-0.00011539481714894786,0.00014951043550081377,0.00018886326839404771
483,0.96600004588253796,24,122,49892,652,-0.00034556402217529901,-1.9410902842268254e-05,0.00034610876407730926,0.0077957584326859087,-0.0019189027666518248,0.008028451741690765,-0.00036897278854816455,-2.2732466112712838e-05,0.0003696724005177749,-0.00036897303084633279,-2.2732939693735898e-05,0.00036967267147984838
483,0.96600004588253796,25,104,54177,653,-0.0002021842027994361,0.00013850569397397299,0.00024507606803777344,0.0060428473528541214,-0.0023437153063690583,0.0064814354557616843,-0.00021870276103742254,0.00013736095864061166,0.00025826136111323304,-0.00021870297637710333,0.00013736042196878747,0.00025826125803079169
483,0.96600004588253796,26,111,52655,654,-0.00029706196783096933,3.624996749105099e-05,0.00029926555577732315,0.0078215718733308411,-0.0061244640986218447,0.0099340851146438244,-0.00032058615772022277,3.0236442289386308e-05,0.00032200889267865716,-0.00032058640636502505,3.0235914971603391e-05,0.0003220090907105124
483,0.96600004588253796,27,116,51774,655,-0.00068544500050887183,-0.00043004551553429813,0.00080918106388729071,0.010864145017097841,-0.0083582725664216387,0.013707310722644628,-0.00073284976195692598,-0.00045489898768622157,0.00086255542581231974,-0.00073285011799287085,-0.00045489944719884874,0.0008625559706500112
483,0.96600004588253796,28,121,50655,656,-0.000681949666925138,-0.00043081732265610621,0.00080663431226292513,0.012307731269177929,-0.0049163231990040244,0.013253319689472721,-0.00072729621481658162,-0.00045342584672589115,0.00085706171456063679,-0.00072729655810328418,-0.00045342628518778961,0.00085706223783811792
483,0.96600004588253796,29,126,47936,657,-0.00049244328075933588,-0.00020864770980770709,0.00053482170073120559,0.0098892470346670768,-0.0012141918308965626,0.0099635068482381,-0.00052339778147579476,-0.00021870043702500931,0.00056725225324251807,-0.00052339805465171513,-0.00021870087449736184,0.00056725267396382591
483,0.96600004588253796,30,152,34831,658,-0.00019068243815250138,0.0014744558843688652,0.0014867346593019734,0.032287316904748141,0.21784723730456543,0.22022690488253083,-0.00018867417560279801,0.0014639604399111243,0.0014760684652698763,-0.00018867405187915787,0.0014639605249494624,0.0014760685337960446
483,0.96600004588253796,31,150,36891,659,-0.00018953824939006123,-0.00058813359716156186,0.00061792060662519365,0.0033390872668056966,0.1405080815980313,0.14054775166517025,-0.00016832309323428087,-0.00058481191402661001,0.0006085537268831927,-0.00016832288941120811,-0.00058481193939975023,0.00060855369488997018
484,0.96800004597753286,0,23,25848,628,1.9155366826049742e-05,3.414457787068692e-05,3.915073787565095e-05,-0.00069620348430817142,0.00048059867251851613,0.00084597539892682354,2.017052988131135e-05,3.3750528234121951e-05,3.9318550733402383e-05,2.016947244482904e-05,3.3750708157085483e-05,3.9318162721666869e-05
484,0.96800004597753286,1,20,17765,629,1.4805664792594769e-05,2.5019233286657311e-05,2.9071803249933802e-05,0.0031193000732347401,0.045343035232161814,0.045450202166898553,1.5213413475799585e-05,2.5596894818719227e-05,2.977665148982027e-05,1.5212709879954008e-05,2.5596251631354303e-05,2.9775739108664593e-05
484,0.96800004597753286,2,20,37608,630,2.7878447109011444e-06,1.7646793801141149e-05,1.7865648871286291e-05,-0.0062540388827590143,0.014900951888850121,0.016160178512036542,2.7804203353636341e-06,1.7815028701564842e-05,1.8030695629367235e-05,2.779942839410686e-06,1.7814695233473394e-05,1.803029252263896e-05
484,0.96800004597753286,3,20,15824,631,9.4512993390965498e-06,2.5371843600934579e-05,2.7075034753578654e-05,0.0050904721836771867,0.0092216776608806828,0.010533387201369605,9.3600024396321028e-06,2.591928554998635e-05,2.7557558111916414e-05,9.3595200146319288e-06,2.5918668235340246e-05,2.755681364014953e-05
484,0.96800004597753286,4,128,34319,632,-7.8857711839209045e-05,-1.7862463264239117e-06,7.8877939833989032e-05,-0.00048416832027392575,0.0052684266052304453,0.0052906273594968741,-7.8403377291435278e-05,-1.6698208519022371e-06,7.8421157045663366e-05,-7.8403365006513026e-05,-1.6698851673144679e-06,7.8421146133020317e-05
484,0.96800004597753286,5,128,21162,633,-7.2142153182432977e-07,-1.0512695775641348e-05,1.0537420058902805e-05,-7.6707325254027524e-05,0.0054257028462391969,0.0054262450543111074,-4.0977472225977465e-07,-1.0415732037157374e-05,1.0423789579268643e-05,-4.0978328324224735e-07,-1.0415825170152178e-05,1.0423882976818208e-05
484,0.96800004597753286,6,1,33529,634,-6.3422695084117437e-05,1.536580323424528e-05,6.5257537195074071e-05,-0.00027391871771206957,0.0044979890650402431,0.0045063219029641711,-6.3386682051736344e-05,1.5420812603838522e-05,6.5235518875001065e-05,-6.3386671503370791e-05,1.5420748191942007e-05,6.5235493399494731e-05
484,0.96800004597753286,7,128,20347,635,1.1382042857096532e-06,-8.4406831903789216e-08,1.1413297110300147e-06,-6.3407545761984689e-05,0.0047022024774136893,0.0047026299722022569,1.206646246806116e-06,-3.3927328066596101e-08,1.2071231206969009e-06,1.206639887586745e-06,-3.402533273689927e-08,1.2071195224927851e-06
484,0.96800004597753286,8,42,7241,636,2.2683286288919181e-06,3.2713449844972677e-05,3.2791997736158034e-05,0.0013035943738848922,-0.0090859338977215005,0.0091789734221964583,1.5547404657306513e-06,3.3063733962186321e-05,3.3100267694355789e-05,1.5545962565908761e-06,3.3063276078852371e-05,3.3099803543033574e-05
484,0.96800004597753286,9,92,47753,637,-0.00018374564291267492,0.00018233627332660824,0.00025886092377959993,-0.019919367638536738,-0.0056994289057672575,0.020718704036958489,-0.00018024429175092702,0.00017792279442509261,0.00025326769530444873,-0.00018024446893688165,0.00017792301146106964,0.00025326797387296014
484,0.96800004597753286,10,136,18300,638,-0.00011313519588194077,-0.00057560711426950034,0.00058662008365287558,-0.0023218277618045433,0.13739441072207645,0.13741402760206878,-0.0001134604179459564,-0.00057443847276292855,0.00058553635705281093,-0.00011346066866512143,-0.00057443845231197241,0.0005855363855718197
484,0.96800004597753286,11,150,36234,639,-0.00014310146610311782,-0.0005697161129825471,0.00058741337999130064,0.0039230103943068504,0.14087149380211469,0.14092610750529186,-0.00013994935934117772,-0.00056908324722190577,0.00058603887707952857,-0.00013994918568784894,-0.00056908333138771898,0.00058603891734085062
484,0.96800004597753286,12,42,6890,640,-2.0730436985812939e-05,5.5034317061167741e-05,5.8809243083140421e-05,0.016173117801180362,-0.0084160411181131208,0.018231826225384769,-2.4182733670581597e-05,5.8682309167007328e-05,6.3469819733118148e-05,-2.4182607354883488e-05,5.8681156791455669e-05,6.3468706154008432e-05
484,0.96800004597753286,13,62,3413,641,1.1769105043887107e-05,9.8699808911120139e-06,1.5359959515733276e-05,0.00096679527590443385,-6.1075311131132096e-05,0.00096872250884393876,1.1776834425625874e-05,1.0240979643758306e-05,1.5606777154572262e-05,1.1777403467729527e-05,1.0239635017279513e-05,1.5606324286288052e-05
484,0.96800004597753286,14,72,5299,642,-2.1743728104757772e-05,5.2501318147361792e-05,5.6825857838699922e-05,0.013052601870989807,-0.0082377413312676347,0.015434727009035231,-2.4782575971090396e-05,5.577741914542293e-05,6.1035207530466052e-05,-2.4782333873953215e-05,5.5776317724995208e-05,6.1034102690214952e-05
484,0.96800004597753286,15,54,520,643,1.2840101551798938e-05,6.4877090310131426e-06,1.4386054925920412e-05,0.00086955423050586204,0.00074184358230523209,0.0011430032635115707,1.297585120243341e-05,6.5617100378460657e-06,1.454058984527321e-05,1.2976423752383352e-05,6.560355483490213e-06,1.4540489588427858e-05
484,0.96800004597753286,16,61,754,644,5.3713278889779596e-05,-1.2980209746490905e-05,5.5259408014872364e-05,-0.0067197405127831147,-0.010079615626261106,0.012114188529666597,5.7694955623162586e-05,-1.4928927489836071e-05,5.9595140576690338e-05,5.7695701248743646e-05,-1.4930246398704191e-05,5.9596192832347092e-05
484,0.96800004597753286,17,66,2759,645,6.4281552676156688e-05,-1.1198990153160748e-05,6.5249792297815773e-05,-0.0085656774408954823,-0.0066399104134601782,0.010837861427433121,7.0037901057048697e-05,-1.391472480697775e-05,7.1406772444431796e-05,7.0038664456523273e-05,-1.3915874958555056e-05,7.1407745341213488e-05
484,0.96800004597753286,18,71,4379,646,9.6481659763022765e-05,-4.1849564843320918e-05,0.00010516699457625955,-0.014515940469503441,-0.001225398175440879,0.014567571122275037,0.00010702117730317731,-4.9065200966980286e-05,0.00011773243536633512,0.00010702201861206651,-4.9066123339973211e-05,0.00011773358453480883
484,0.96800004597753286,19,76,6105,647,5.8962666197812989e-05,-6.1434104314730837e-06,5.9281847954363318e-05,-0.008297019175417128,-0.0052886501670650846,0.0098392249586457294,6.4171540838798543e-05,-8.3422088856623623e-06,6.4711506725756391e-05,6.4172282690374671e-05,-8.3433571602863226e-06,6.4712390424071504e-05
484,0.96800004597753286,20,138,20234,648,0.00020223820874919047,0.0016170205160747873,0.0016296182505374849,-0.033802003501296432,0.21338107208672916,0.21604179541371979,0.00019920278553679281,0.0015980134597786983,0.0016103815595688814,0.00019920281543059137,0.0015980135358644556,0.0016103816387681193
484,0.96800004597753286,21,136,18301,649,-0.00010681028114222758,-0.00057731469273291822,0.0005871121618592017,-0.0019848291319756366,0.13656927270043531,0.13658369519312694,-0.00010707407625382198,-0.00057610619423976062,0.00058597201711944413,-0.00010707433084838397,-0.00057610617480442251,0.00058597204453319531
484,0.96800004597753286,22,92,47596,650,0.0001113927640703893,0.00025566531999235973,0.00027887829555925847,-0.016361858476641573,-0.0082151195217491698,0.018308429795213788,0.00010752887230174191,0.00024981591098310505,0.00027197508665097062,0.00010752900541986939,0.00024981608235460218,0.00027197529668995248
484,0.96800004597753286,23,112,51583,651,-0.000115431217572787,0.00014950468143194783,0.00018888095658484022,-0.0012498441607833779,0.0025167708662699666,0.0028100259820061425,-0.00011421679644085689,0.00014799473577718314,0.00018694362360607646,-0.00011421622747173666,0.00014799509784601246,0.00018694356261804334
484,0.96800004597753286,24,122,49892,652,-0.0003689771996054494,-2.2702534335200202e-05,0.00036967496384516033,0.0077788188108497882,-0.0019129822630273054,0.0080105881950508218,-0.00036160822313605122,-2.1048559421639365e-05,0.0003622203043637097,-0.00036160751558640388,-2.1048142816112871e-05,0.00036221957380100101
484,0.96800004597753286,25,104,54177,653,-0.00021871270157926926,0.00013738194668486297,0.00025828094220639862,0.0060296141325297398,-0.0023339698782386563,0.0064655751468626309,-0.00021435973681733388,0.00013643892550754098,0.00025409777087186136,-0.00021435904483227424,0.00013643931034475261,0.00025409739374648589
484,0.96800004597753286,26,111,52655,654,-0.00032058876481324205,3.0267218268563647e-05,0.00032201437953327034,0.0078045593078637336,-0.0061200713077394038,0.0099179846139111107,-0.00031384920240838042,3.1534752816838957e-05,0.00031542948893151332,-0.00031384846242938903,3.1535195191571065e-05,0.0003154287968861786
484,0.96800004597753286,27,116,51774,655,-0.00073283624344256987,-0.00045484094457830341,0.00086251333008128097,0.010834167096720321,-0.0083704735182393054,0.013691019085488221,-0.00071708909579266023,-0.00044399710069102877,0.00084341579112960326,-0.00071708822982113223,-0.00044399642925690053,0.00084341470140191584
484,0.96800004597753286,28,121,50655,656,-0.00072728663297466536,-0.00045337150760269473,0.00085702483651850243,0.012279008563216218,-0.0049281463323513448,0.013231049753084796,-0.00071191549864700241,-0.00044286028940045688,0.00083842048707177146,-0.00071191466247234078,-0.0004428596420500424,0.00083841943512766835
484,0.96800004597753286,29,126,47936,657,-0.00052340032106686757,-0.00021866453064638049,0.00056724075405043136,0.0098679141892491183,-0.0012155806324658199,0.0099425030410058256,-0.00051286341370909434,-0.00021326454488853307,0.00055543734770706473,-0.00051286268209799657,-0.0002132640454251686,0.00055543648040064773
484,0.96800004597753286,30,152,34831,658,-0.00018745971113249716,0.0014644529270655298,0.0014764022212421239,0.032287363575447953,0.2178179579740305,0.22019794881567287,-0.00018783611571358288,0.0014471122716454043,0.0014592519772517317,-0.00018783587445667023,0.0014471121532406421,0.0014592518287772228
484,0.96800004597753286,31,150,36891,659,-0.00016811082219865241,-0.00058540070965561067,0.00060906094884305255,0.0033575893159888889,0.14049645405347105,0.14053656822198962,-0.00016484627735855495,-0.00058476562107805466,0.00060755668604153856,-0.00016484610257060499,-0.00058476570512260224,0.00060755671950876537
485,0.97000004607252777,0,23,25848,628,2.0170119010767853e-05,3.3753492306790122e-05,3.9320884321351149e-05,-0.00069638382003094437,0.00047953712914803882,0.00084552130844375156,4.2882870716084053e-05,3.1996829491818308e-05,5.3504557734653534e-05,4.2883840445929196e-05,3.1996972692679145e-05,5.3505420593505922e-05
485,0.97000004607252777,1,20,17765,629,1.5213072807099035e-05,2.559899617785084e-05,2.9778283858337404e-05,0.0031219695415630982,0.045342115227201198,0.045449467621692101,1.8119792813080394e-05,2.566936007110357e-05,3.1420422308570682e-05,1.8120261316687492e-05,2.5669232536104844e-05,3.1420588300947915e-05
485,0.97000004607252777,2,20,37608,630,2.7807306864041402e-06,1.7817305297710617e-05,1.8032992852605926e-05,-0.0062538440695672961,0.014902230488044062,0.016161282101530561,2.359734261749734e-06,1.7062644738915492e-05,1.7225045465034805e-05,2.3599898053702331e-06,1.7062194545520634e-05,1.7224634527055878e-05
485,0.97000004607252777,3,20,15824,631,9.3598634488652733e-06,2.5921354966308057e-05,2.7559457307261105e-05,0.0050910043251890949,0.0092211398421406156,0.010533173549667124,8.8597297923165029e-06,2.6243791910188327e-05,2.7698942684119314e-05,8.8599844981796237e-06,2.6243616301241797e-05,2.7698857772023513e-05
485,0.97000004607252777,4,128,34319,632,-7.8398315577344913e-05,-1.7061331954051817e-06,7.8416878131212455e-05,-0.00048483325039240348,0.0052672462586675255,0.0052895128726691944,-8.2706796343755563e-05,-1.889801500725629e-06,8.2728383951093858e-05,-8.2706823814717267e-05,-1.8898419616766914e-06,8.272841233916433e-05
485,0.97000004607252777,5,128,21162,633,-4.0783835874722658e-07,-1.0450585031967308e-05,1.045854003373534e-05,-7.7370795252959594e-05,0.0054246659291146762,0.0054252176622192469,-2.7885725058146915e-06,-1.0613210930678519e-05,1.0973439883612596e-05,-2.7886028490154303e-06,-1.0613255194051735e-05,1.0973490404771088e-05
485,0.97000004607252777,6,1,33529,634,-6.3382471662915739e-05,1.539085027492319e-05,6.5224351175656925e-05,-0.00027502075262567202,0.0044967892476640015,0.0045051914445760647,-6.3747027431610502e-05,1.5133253501117337e-05,6.5518690981242769e-05,-6.3747056961126298e-05,1.5133209324888486e-05,6.5518709508627935e-05
485,0.97000004607252777,7,128,20347,635,1.2083838936722963e-06,-6.4523036204955953e-08,1.2101053080983181e-06,-6.4336959806318993e-05,0.004701156988343373,0.0047015972045090009,1.0000970247581326e-06,-7.8280253157598277e-08,1.0031559484768489e-06,1.0000634672518501e-06,-7.8325156990057549e-08,1.0031259984415266e-06
485,0.97000004607252777,8,42,7241,636,1.5549701825611242e-06,3.3064732206984565e-05,3.3101275627810127e-05,0.0013024355049401275,-0.0090863454462047685,0.0091792162961929803,1.1916849674315728e-06,3.3461186171160238e-05,3.3482399750356117e-05,1.1916532594402982e-06,3.3461024599697839e-05,3.3482237152739939e-05
485,0.97000004607252777,9,92,47753,637,-0.00018027000833636641,0.00017791406040599134,0.00025327986259420692,-0.019918637507549641,-0.0056999581943863514,0.020718147686869005,-0.0001537828160129663,0.00015735449321931702,0.0002200217967320191,-0.00015378281284895347,0.00015735366300543928,0.00022002120077157475
485,0.97000004607252777,10,136,18300,638,-0.00011356938103840241,-0.00057496106069934738,0.00058607015418801571,-0.0023195624968997408,0.13738799304701677,0.13740757258486211,-0.0001347450053633287,-0.0005796541190094287,0.0005951093295815151,-0.00013474459898831417,-0.00057965427988903608,0.00059510939427150588
485,0.97000004607252777,11,150,36234,639,-0.00013972448978568145,-0.00056967955848574346,0.00058656434634435514,0.0039237867014515621,0.14086195783230562,0.14091659684518618,-0.00016077322900634073,-0.00056847747760540494,0.00059077463868189954,-0.00016077298826603357,-0.00056847736411996992,0.00059077446396470039
485,0.97000004607252777,12,42,6890,640,-2.418179568380244e-05,5.86837155112693e-05,6.3470762628951892e-05,0.016183807224776376,-0.0084133780901375094,0.018240080788645918,-2.4811213086502379e-05,8.4250776144526132e-05,8.7828182127258451e-05,-2.4811541974701189e-05,8.4251088025988574e-05,8.7828574215486588e-05
485,0.97000004607252777,13,62,3413,641,1.1778175417795383e-05,1.0242441722856676e-05,1.5608748464193875e-05,0.00095902758603247124,-4.3240420765581468e-05,0.0009600018983102344,1.6694432225931237e-05,1.3063674495415224e-05,2.1198199420431295e-05,1.6693682630148098e-05,1.3064169678592466e-05,2.1197914264077094e-05
485,0.97000004607252777,14,72,5299,642,-2.4781504630235804e-05,5.57789416821478e-05,6.1036163926960903e-05,0.013062864230824978,-0.0082345962924314474,0.015441729113421605,-3.0076336536672168e-05,7.891197314975623e-05,8.4449307432654587e-05,-3.0076765784221071e-05,7.891229983298535e-05,8.4449765570840233e-05
485,0.97000004607252777,15,54,520,643,1.2977226222279617e-05,6.5631540248428632e-06,1.4542468537976377e-05,0.00086137741537802882,0.00076036895142633874,0.0011489699708941584,1.8406332424515655e-05,7.9500230890504013e-06,2.0049836419238209e-05,1.8405580537360074e-05,7.9505345217940329e-06,2.004934896946748e-05
485,0.97000004607252777,16,61,754,644,5.7696277575153913e-05,-1.4927096379918089e-05,5.9595961711885917e-05,-0.0067381087110474349,-0.010061795834897445,0.012109576558453763,8.1265517078547909e-05,-2.1946104279941219e-05,8.4176693681266767e-05,8.1264618050281269e-05,-2.1945512952815908e-05,8.4175671578077179e-05
485,0.97000004607252777,17,66,2759,645,7.0039158561870974e-05,-1.391264160189221e-05,7.1407599934443991e-05,-0.0085833964275211557,-0.0066252218271369324,0.010842889766605329,9.9195365370757197e-05,-2.0029671087137654e-05,0.00010119737266795485,9.919447191898097e-05,-2.0029093660467976e-05,0.00010119638260405014
485,0.97000004607252777,18,71,4379,646,0.00010702249645904149,-4.9062791196158379e-05,0.00011773263026146737,-0.014531711396668829,-0.00121834215824382,0.014582695009175393,0.00015243545351221883,-6.7577176272900241e-05,0.00016674304255498776,0.00015243453995412588,-6.7576463418788117e-05,0.00016674191848247642
485,0.97000004607252777,19,76,6105,647,6.4172771944323535e-05,-8.3402537836322383e-06,6.4712475552968532e-05,-0.0083140512844486515,-0.0052727786236499395,0.0098450821822096551,9.0929732621364287e-05,-1.2368585464110998e-05,9.1767086588688318e-05,9.0928856332117217e-05,-1.2368031535431231e-05,9.1766143636573476e-05
485,0.97000004607252777,20,138,20234,648,0.00019831270509669256,0.0015983534064514782,0.0016106090589953269,-0.033804130222263071,0.21335606396217507,0.21601742811522284,0.00019711558906528051,0.0015931862761885743,0.0016053339422338795,0.000197116276488673,0.0015931861036909542,0.0016053338554489914
485,0.97000004607252777,21,136,18301,649,-0.00010718088637864988,-0.00057662457717078824,0.00058650118960007524,-0.0019825167119542678,0.13656295920562661,0.13657734877903735,-0.00012874154352696728,-0.00058135889475056175,0.00059544315390749165,-0.00012874113912328774,-0.00058135905536657031,0.00059544322328789053
485,0.97000004607252777,22,92,47596,650,0.00010748247371859596,0.00024979448400833278,0.00027193706330262869,-0.016363974679587397,-0.008217262753854742,0.018311282709850388,0.00010092526740954424,0.00022347754772511234,0.00024521036670360795,0.00010092494714922018,0.00022347657315154265,0.00024520934669100542
485,0.97000004607252777,23,112,51583,651,-0.00011425148117626797,0.00014799009021314541,0.0001869611396848715,-0.0012447503606584905,0.0025202718614721949,0.0028109026514783406,-0.00010876962899769476,0.00014485741287067208,0.00018114773599435494,-0.00010877036385763637,0.00014485625547058743,0.00018114725171164674
485,0.97000004607252777,24,122,49892,652,-0.00036161212029143256,-2.1019137179694314e-05,0.00036222248642159738,0.0077891808498568235,-0.0019076027851635581,0.0080193694700855401,-0.00033411288136156063,-1.6926000174767187e-05,0.00033454133821344184,-0.00033411372075918072,-1.6927031685237644e-05,0.0003345422287263849
485,0.97000004607252777,25,104,54177,653,-0.00021436878591739851,0.00013646006248745049,0.00025411675472069591,0.0060386862792195699,-0.0023303271317471784,0.0064727240416838196,-0.00019560600774472787,0.00013649890727414566,0.000238523923229655,-0.00019560685754029761,0.00013649774163502395,0.00023852395307023578
485,0.97000004607252777,26,111,52655,654,-0.00031385128688337212,3.1565515081695646e-05,0.00031543463985542474,0.0078154704191078783,-0.0061147978195268448,0.0099233225406433565,-0.00028684609977848007,3.7730768478383514e-05,0.00028931694704613337,-0.00028684698304013237,3.7729627532424649e-05,0.00028931767397267919
485,0.97000004607252777,27,116,51774,655,-0.00071707641061480927,-0.00044393985062249987,0.00084337486898232038,0.010849780375876939,-0.0083587071698605457,0.013696193622910068,-0.00066115618794956041,-0.00041323520312201592,0.00077967354576341009,-0.00066115713280089224,-0.00041323618215767158,0.00077967486588817589
485,0.97000004607252777,28,121,50655,656,-0.00071190598320178614,-0.00044280694281433394,0.00083838423024474803,0.01229423768708428,-0.0049161505672409055,0.013240725686544016,-0.00065810078139754975,-0.00041436544968796588,0.00077768590341549581,-0.00065810169504515838,-0.0004143663871274952,0.00077768717605628793
485,0.97000004607252777,29,126,47936,657,-0.00051286559788295933,-0.00021322885960282334,0.00055542566384653657,0.0098799614201647203,-0.0012073153506177536,0.0099534540748315373,-0.00047592623031565549,-0.00020010256265489654,0.00051628171794430909,-0.00047592706783779513,-0.00020010351150620258,0.00051628285776093147
485,0.97000004607252777,30,152,34831,658,-0.00018662429809632815,0.0014476032976620439,0.0014595834803264839,0.032285328679303858,0.21779011946806118,0.22017011283515081,-0.0001861990052665589,0.0014175640475276008,0.0014297405003723892,-0.00018619864247160705,0.0014175640695635264,0.0014297404749729146
485,0.97000004607252777,31,150,36891,659,-0.00016463381328677529,-0.00058535288854886765,0.00060806438525031858,0.0033585186041763643,0.14048701016726153,0.14052714923797055,-0.00018690544414563901,-0.00058329639022524575,0.00061250985616647898,-0.00018690520169004738,-0.00058329627664838114,0.00061250967402210236
486,0.97200004616752267,0,23,25848,628,4.2885139973193606e-05,3.1999583772243764e-05,5.3508023623726324e-05,-0.00067815039772073859,0.00047900657341877787,0.00083026216299864888,4.2297113222579416e-05,3.1324012486190189e-05,5.2633065132088798e-05,4.2295425980769045e-05,3.1324038368176068e-05,5.2631724640046513e-05
486,0.97200004616752267,1,20,17765,629,1.8121294009680871e-05,2.5671806263695993e-05,3.1423286483530597e-05,0.0031254228463227511,0.045342527482581101,0.045450116242721966,1.7697615101759647e-05,2.5103810777288941e-05,3.0714929526729497e-05,1.7696582647713386e-05,2.5103389503689125e-05,3.0713990329836334e-05
486,0.97200004616752267,2,20,37608,630,2.3614106588514132e-06,1.7064579087270721e-05,1.7227191289512469e-05,-0.0062534569952757621,0.014903832026112599,0.016162609116548692,2.5153933513915895e-06,1.7034042243139867e-05,1.721876298847564e-05,2.5147223919653375e-06,1.7034186338830437e-05,1.7218807535211298e-05
486,0.97200004616752267,3,20,15824,631,8.861017795569477e-06,2.6246096385070033e-05,2.7701538076933295e-05,0.0050906830284758063,0.0092217061000194021,0.010533513995412292,8.9944340254283826e-06,2.5732517748469294e-05,2.7259169340115099e-05,8.9937769597915956e-06,2.5732164430287644e-05,2.7258619008853675e-05
486,0.97200004616752267,4,128,34319,632,-8.270060657939723e-05,-1.9262476281427584e-06,8.2723036444059319e-05,-0.00048949038382512541,0.0052663050577710802,0.0052890046130971121,-8.2034311271234856e-05,-1.9771959442560017e-06,8.2058135060137898e-05,-8.2034251299485637e-05,-1.9771732035486887e-06,8.2058074557864148e-05
486,0.97200004616752267,5,128,21162,633,-2.7854550496514994e-06,-1.0648105214308496e-05,1.1006402885984724e-05,-7.9966384283374978e-05,0.0054243167560690956,0.0054249061644223223,-2.4825463427031162e-06,-1.0653263148030016e-05,1.0938695171035851e-05,-2.4824873498149805e-06,-1.0653278634966933e-05,1.0938696865542728e-05
486,0.97200004616752267,6,1,33529,634,-6.374183314162539e-05,1.5103116890976081e-05,6.5506682346744597e-05,-0.00027572155246457001,0.0044959155598643021,0.0045043622296528744,-6.3717120339358527e-05,1.5143941596768233e-05,6.5492063575876296e-05,-6.3717070341251229e-05,1.5143960533715631e-05,6.5492019311658828e-05
486,0.97200004616752267,7,128,20347,635,1.0029848784983044e-06,-1.0891675196957224e-07,1.0088813237223987e-06,-6.472460491772252e-05,0.0047010566991717009,0.0047015022453795428,9.6459544525847395e-07,-9.4540488526225579e-08,9.6921735280801228e-07,9.6464983409364032e-07,-9.4561957661578259e-08,9.6927357657870673e-07
486,0.97200004616752267,8,42,7241,636,1.192755200436883e-06,3.34623033538619e-05,3.3483554332150086e-05,0.0013026565321821049,-0.0090856807641581435,0.0091785897058878282,1.6188649806153361e-06,3.3073565870861975e-05,3.3113161782585917e-05,1.6187503777703383e-06,3.3073339409567529e-05,3.3112929989446479e-05
486,0.97200004616752267,9,92,47753,637,-0.00015380430623919869,0.00015734582837721863,0.0002200306213358367,-0.019908021037323767,-0.0057142599644732107,0.020711882303743111,-0.00015400864260430998,0.00015975955955635374,0.00022190488698192796,-0.00015400884185021567,0.00015976045158277004,0.00022190566747601413
486,0.97200004616752267,10,136,18300,638,-0.00013485048177912774,-0.00058017567711959937,0.00059564122486380048,-0.002337318900801676,0.13737309773733222,0.13739298032139297,-0.00013155157855371726,-0.00058096654763160709,0.00059567436346292699,-0.00013155122043602551,-0.00058096651923498198,0.0005956742566791169
486,0.97200004616752267,11,150,36234,639,-0.00016054455782095535,-0.0005690703585227722,0.00059128303543663633,0.0039011561232428246,0.1408529006687555,0.14090691482642084,-0.00015330341486348857,-0.00057180564794021254,0.00059199969258871507,-0.00015330201300653223,-0.0005718055588197074,0.00059199924348682473
486,0.97200004616752267,12,42,6890,640,-2.4809361060042527e-05,8.4253273569622381e-05,8.7830054670398462e-05,0.016196504490374838,-0.0083934712055973495,0.01824217960074739,-2.0460006496892438e-05,7.8644763191900886e-05,8.1262602981710158e-05,-2.0459632697189838e-05,7.8643555717907129e-05,8.1261340292044672e-05
486,0.97200004616752267,13,62,3413,641,1.6695824829318249e-05,1.3066598560902042e-05,2.1201098195212601e-05,0.00095846981198138218,-1.8262640155393493e-05,0.00095864378394952912,1.6153164332705412e-05,1.2325257846938957e-05,2.031838327606103e-05,1.615428472424298e-05,1.2323728732455892e-05,2.0318346508096299e-05
486,0.97200004616752267,14,72,5299,642,-3.0074600808257166e-05,7.891455887961412e-05,8.445110548086453e-05,0.013074168663182166,-0.0082155134242715769,0.015441131663764837,-2.6079166921489582e-05,7.3808689198290298e-05,7.8280556643963199e-05,-2.6078601616238621e-05,7.3807511223027215e-05,7.8279257630586732e-05
486,0.97200004616752267,15,54,520,643,1.8407724861295023e-05,7.9529231071684069e-06,2.0052264722910277e-05,0.00086045197347781694,0.00078525202736832382,0.0011649027191778429,1.7684453808292006e-05,7.6614047876377232e-06,1.9272701674068737e-05,1.768557971116061e-05,7.6598528388308694e-06,1.9273117942677597e-05
486,0.97200004616752267,16,61,754,644,8.1266479102573563e-05,-2.1942623940643771e-05,8.4176715136250946e-05,-0.0067406617702324232,-0.010045519620702536,0.012097478479029939,7.4943281352821971e-05,-1.9140922769710655e-05,7.7349016441091619e-05,7.4944692074368889e-05,-1.9142516965725437e-05,7.7350777797673473e-05
486,0.97200004616752267,17,66,2759,645,9.9196200797280838e-05,-2.0026123045327827e-05,0.00010119748938012776,-0.0085840460641954386,-0.0066101730558374202,0.010834215922730551,9.0473808920818648e-05,-1.6019766994333822e-05,9.1881135360821222e-05,9.0475241017015702e-05,-1.6021208794582563e-05,9.1882796911754318e-05
486,0.97200004616752267,18,71,4379,646,0.00015243616275461411,-6.7573179928525663e-05,0.00016674207135874289,-0.014525160431270041,-0.0012194850675795322,0.014576262531396116,0.00013716475087951233,-5.665567061354046e-05,0.00014840496587550117,0.000137166293622804,-5.6657045327334296e-05,0.00014840691658895449
486,0.97200004616752267,19,76,6105,647,9.0930642064528333e-05,-1.236503851413308e-05,9.1767509739141146e-05,-0.008315140897684821,-0.0052549720139387635,0.0098364779782008534,8.2993975896871367e-05,-9.146959080952279e-06,8.3496508283874247e-05,8.2995372975276559e-05,-9.1483782020088641e-06,8.3498052426582124e-05
486,0.97200004616752267,20,138,20234,648,0.00019622176258823456,0.001593523939729849,0.0016055595680650944,-0.033802080082692129,0.21333787297819662,0.21599914042601623,0.0001953827920568696,0.0015731890834816539,0.0015852754737955747,0.00019538350113708957,0.0015731890207544171,0.0015852754989397991
486,0.97200004616752267,21,136,18301,649,-0.00012884478612824218,-0.00058187621841855977,0.00059597056342869479,-0.0020006812061486973,0.13654810003765874,0.13656275608372545,-0.00012550170486484602,-0.00058262954267835991,0.00059599317271725333,-0.00012550134966391659,-0.00058262951339684965,0.00059599306929570455
486,0.97200004616752267,22,92,47596,650,0.00010088499240198273,0.0002234573138942614,0.00024517535117704343,-0.016365420297576011,-0.0082385066077160871,0.018322117034930613,0.00010482093600778223,0.00022666214584488495,0.00024972616399679762,0.0001048212737652644,0.00022666312329552721,0.00024972719294433248
486,0.97200004616752267,23,112,51583,651,-0.0001087991252170217,0.00014485286916327811,0.00018116181538288618,-0.0012328970819776679,0.0025111057371538935,0.0027974429820670603,-0.00010831752342007447,0.00014530960063685675,0.00018123897460839151,-0.00010831644910201866,0.00014531089759284844,0.00018123937239272677
486,0.97200004616752267,24,122,49892,652,-0.00033411494019467693,-1.6899937024018258e-05,0.00033454207677466872,0.0078134649114030928,-0.0019082810019395659,0.0080431194386314329,-0.00033758891466653484,-1.8321133559069962e-05,0.00033808569807168451,-0.0003375876173076389,-1.831990460826525e-05,0.00033808433602328401
486,0.97200004616752267,25,104,54177,653,-0.00019561300602862673,0.00013651740709115642,0.00023854024936359919,0.0060585009867614777,-0.0023358637701331917,0.0064932036591509009,-0.0001971192696993165,0.0001366106116656088,0.00023983007673443222,-0.00019711798896449568,0.00013661193486426082,0.00023982977780243238
486,0.97200004616752267,26,111,52655,654,-0.00028684663426837453,3.7757852952986593e-05,0.00028932101038589293,0.0078404168224520728,-0.0061142238964102215,0.0099426289182098747,-0.00028989224519457979,3.6513124965497674e-05,0.00029218268620625077,-0.00028989088827119499,3.6514473657537755e-05,0.00029218150846545624
486,0.97200004616752267,27,116,51774,655,-0.00066114339545754388,-0.00041318456584086595,0.00077963586039011515,0.010891965108671483,-0.0083342632506360481,0.01371476751022122,-0.00067002714817253545,-0.00042019152663296813,0.00079088387159074439,-0.00067002560124175504,-0.00042019013361846642,0.0007908818209503111
486,0.97200004616752267,28,121,50655,656,-0.00065809084119913645,-0.00041431805985246646,0.00077765224232307013,0.01233448251547813,-0.0048934192005803453,0.013269702724524166,-0.0006667426798397418,-0.00042109904538194427,0.00078858747589691356,-0.00066674118417529762,-0.00042109770972476301,0.00078858549809828415
486,0.97200004616752267,29,126,47936,657,-0.00047592688738001988,-0.0002000712058294421,0.00051627017106674019,0.0099092498851486802,-0.001199011470607332,0.0099815260252612212,-0.00048146306399356832,-0.00020373583023806582,0.00052279534285690503,-0.00048146173553469899,-0.00020373460691083348,0.00052279364269011176
486,0.97200004616752267,30,152,34831,658,-0.00018499338371727244,0.0014180554407761392,0.0014300712517682384,0.032284968032539947,0.21775231291020875,0.22013266213492172,-0.00018261622427005741,0.001400936620690226,0.0014127887671402267,-0.00018261332610930209,0.0014009366523907796,0.0014127884239632581
486,0.97200004616752267,31,150,36891,659,-0.00018668939747436161,-0.00058388024683604341,0.0006130000601750861,0.0033347221677083923,0.14047888307222228,0.140518457724083,-0.00017935268195626186,-0.0005866438736203491,0.00061344797577397891,-0.00017935129352032484,-0.00058664377147489533,0.00061344747215854017
487,0.97400004626251757,0,23,25848,628,4.2296417630462517e-05,3.132674150101693e-05,5.2634130347541955e-05,-0.00067735806741564064,0.00048105257361440829,0.00083079812835254831,4.23729641918575e-05,3.0394725189868704e-05,5.2146978951537332e-05,4.2372884542618053e-05,3.0394532454360568e-05,5.2146801892169933e-05
487,0.97400004626251757,1,20,17765,629,1.7697347521972771e-05,2.5106034995652172e-05,3.071659327654008e-05,0.003122908706793845,0.045349929781533856,0.045457328231881602,1.7593766156152856e-05,2.5107769053532911e-05,3.0658451924435689e-05,1.7593812945225286e-05,2.5108182781434578e-05,3.0658817598490399e-05
487,0.97400004626251757,2,20,37608,630,2.5158928546921839e-06,1.703667409487938e-05,1.7221439576046637e-05,-0.006255794744657938,0.01490592176648824,0.01616544065579277,2.5919503892293865e-06,1.7167273554611553e-05,1.7361839998084638e-05,2.5920168726414552e-06,1.7167746520183794e-05,1.7362317588655634e-05
487,0.97400004626251757,3,20,15824,631,8.9945650384367571e-06,2.573470603368469e-05,2.7261278305883529e-05,0.0050910668410954511,0.0092249943025160559,0.010536578261558887,9.0463257966132248e-06,2.5761308284313157e-05,2.7303498217955358e-05,9.0464025029589e-06,2.5761740332615615e-05,2.7303931277577138e-05
487,0.97400004626251757,4,128,34319,632,-8.2028286883378403e-05,-2.0134098606203727e-06,8.2052993048935597e-05,-0.0004887614638362526,0.005267204590439431,0.0052898328864036497,-8.0790937289948282e-05,-2.0523976667534822e-06,8.0817002446087111e-05,-8.079088138403759e-05,-2.0523241100715533e-06,8.0816944690222065e-05
487,0.97400004626251757,5,128,21162,633,-2.4796325170415881e-06,-1.0687965992154244e-05,1.097183642190384e-05,-7.9533200011534637e-05,0.0054243783598959053,0.0054249613935226362,-1.7959831785136725e-06,-1.0695612200071077e-05,1.0845352733397533e-05,-1.7959242712428258e-06,-1.069554649997806e-05,1.0845278185516129e-05
487,0.97400004626251757,6,1,33529,634,-6.371203343725572e-05,1.5114099416419097e-05,6.5480219959002811e-05,-0.00027588151204406959,0.004497183076591112,0.0045056371617192194,-6.3678781747628947e-05,1.5223652147062917e-05,6.547325277971864e-05,-6.3678732075079752e-05,1.5223725798308354e-05,6.547322159380788e-05
487,0.97400004626251757,7,128,20347,635,9.6729482854137827e-07,-1.2504075303983518e-07,9.7534326021337926e-07,-6.4842255368193131e-05,0.0047013100646090284,0.0047017572078612672,9.729781316902406e-07,-9.7552453408954139e-08,9.7785629103336922e-07,9.7303232728107951e-07,-9.7482695415440933e-08,9.7790325995953889e-07
487,0.97400004626251757,8,42,7241,636,1.6196212807284799e-06,3.3074665761288603e-05,3.3114297339879418e-05,0.0013034943253756803,-0.0090843391337994215,0.0091773806150865413,1.3283796714958763e-06,3.309500864737134e-05,3.3121657415069482e-05,1.3284759974299428e-06,3.3095349450467655e-05,3.3122001807323136e-05
487,0.97400004626251757,9,92,47753,637,-0.00015403136775527849,0.00015975250533727648,0.00022191558127832844,-0.019913368442632882,-0.0057132365315806207,0.020716739955838479,-0.0001537995759382785,0.00016071081614322372,0.00022244611928333422,-0.00015379949422679868,0.00016071121129581398,0.00022244634827433524
487,0.97400004626251757,10,136,18300,638,-0.00013165856461045043,-0.00058148618512232912,0.00059620479797080112,-0.0023313633448540675,0.13736163305684959,0.13738141610527357,-0.00012548597974127156,-0.00058268704158737322,0.00059604607166348475,-0.0001254854741963836,-0.00058268725236759083,0.00059604617128707722
487,0.97400004626251757,11,150,36234,639,-0.00015307375285225595,-0.0005723969939491583,0.00059251151254157612,0.0039063749891687849,0.14083801044761787,0.14089217491542719,-0.00014363488012639051,-0.00057611086463899691,0.00059374633232047434,-0.00014363512658020842,-0.00057611083220135612,0.00059374636046669927
487,0.97400004626251757,12,42,6890,640,-2.0457730028705565e-05,7.8645775510481587e-05,8.1263009565068827e-05,0.016208218951702727,-0.0083959238044976712,0.018253709160531349,-1.9083266776852582e-05,7.5624352767216337e-05,7.7994960108566678e-05,-1.9083112222617863e-05,7.5624749506712844e-05,7.7995306974548741e-05
487,0.97400004626251757,13,62,3413,641,1.615627625326768e-05,1.2326148276382705e-05,2.0321397434804367e-05,0.00094737713403347031,-6.2370366278851585e-06,0.00094739766450808267,1.5345242938472148e-05,1.1651923845901315e-05,1.9267688240975174e-05,1.5345452018090072e-05,1.1652298116903316e-05,1.9268081093993072e-05
487,0.97400004626251757,14,72,5299,642,-2.6076677475698932e-05,7.3809707332674716e-05,7.828068730348961e-05,0.013084658059796261,-0.0082172179919316624,0.015450920622044392,-2.4692079783281673e-05,7.1031317839086733e-05,7.5200710887473059e-05,-2.4691916071307076e-05,7.1031678613400572e-05,7.5200997905013869e-05
487,0.97400004626251757,15,54,520,643,1.7687587310717731e-05,7.6622805786388026e-06,1.9275925102055369e-05,0.00084843972221784183,0.00079803037299887238,0.0011647757030715433,1.6790231802764002e-05,7.2137445901756537e-06,1.8274298755433442e-05,1.6790440764418745e-05,7.2141130811819812e-06,1.8274636210101028e-05
487,0.97400004626251757,16,61,754,644,7.4946514923832926e-05,-1.9139732881443085e-05,7.7351855013317591e-05,-0.0067647596924924067,-0.010025842372550223,0.012094605780115094,7.1350807158029189e-05,-1.7981829484932648e-05,7.3581817548409761e-05,7.1351028112615997e-05,-1.7981533008415771e-05,7.3581959351868751e-05
487,0.97400004626251757,17,66,2759,645,9.0476962957619574e-05,-1.6018284080618128e-05,9.188398255910465e-05,-0.0086093767314532367,-0.0065917088247491708,0.010843061972264315,8.5761897927437599e-05,-1.4126380870730587e-05,8.6917534322029447e-05,8.5762109277295827e-05,-1.4126162190567043e-05,8.6917707320919576e-05
487,0.97400004626251757,18,71,4379,646,0.00013716798578113649,-5.6653963124472456e-05,0.00014840730393401514,-0.014553479471348793,-0.0011982981576859971,0.014602728621654392,0.0001293805082601321,-5.1037025493726961e-05,0.00013908304673430707,0.00012938070084236422,-5.1037015316521942e-05,0.00013908322214731812
487,0.97400004626251757,19,76,6105,647,8.2997066860382511e-05,-9.145445140278609e-06,8.3499414813761717e-05,-0.0083393942245344101,-0.0052367993673918777,0.0098473125088276679,7.8657984283143667e-05,-7.660014393014156e-06,7.9030084853734411e-05,7.8658194746950396e-05,-7.6597809095858097e-06,7.9030271696559599e-05
487,0.97400004626251757,20,138,20234,648,0.00019449051590486935,0.0015735270137980603,0.0015855011270665131,-0.033801811699038474,0.21330909752682628,0.21597067755101929,0.00019317373206462508,0.0015554495039558519,0.0015673988803480373,0.00019317439686041164,0.0015554493025935752,0.0015673987624536467
487,0.97400004626251757,21,136,18301,649,-0.00012560625600134475,-0.00058314505864339697,0.00059651914551578833,-0.0019946901385471949,0.13653669486689105,0.13655126449038593,-0.00011932645336739421,-0.00058430558611843484,0.00059636550909861359,-0.00011932594810687665,-0.00058430579666191083,0.00059636561428733905
487,0.97400004626251757,22,92,47596,650,0.00010477976174072739,0.00022664340947032395,0.00024969187717420151,-0.016368652441910301,-0.0082361916220826895,0.018323963414057592,0.00010699091449630573,0.00022814942954946663,0.00025199051170332354,0.00010699105177083745,0.00022814993844611243,0.00025199103073719688
487,0.97400004626251757,23,112,51583,651,-0.00010834710238204056,0.00014530680958078969,0.00018125441651207358,-0.0012339817920175018,0.00251590188163086,0.0028022264970955554,-0.0001083414741827398,0.00014608257756277402,0.00018187356733586428,-0.0001083412817662985,0.00014608310736198988,0.0001818738782544078
487,0.97400004626251757,24,122,49892,652,-0.00033758956111646363,-1.8292469295856089e-05,0.00033808479144697761,0.0078123127233358921,-0.0019061169751679976,0.0080414869278149954,-0.00033982199858027855,-1.8924514061234441e-05,0.0003403485389296518,-0.00033982180348307161,-1.8924096916820378e-05,0.00034034832093989323
487,0.97400004626251757,25,104,54177,653,-0.00019712436805648277,0.00013663171528500436,0.00023984628849200518,0.0060585096677797561,-0.0023313712833032216,0.0064915969880447507,-0.00019791871650059014,0.00013733156743142962,0.00024089785751312584,-0.00019791851010745264,0.00013733209099741972,0.00024089798641930863
487,0.97400004626251757,26,111,52655,654,-0.00028989148528421697,3.6542753490379428e-05,0.0002921856363220958,0.0078401033067569247,-0.0061112058750372534,0.0099405259975370881,-0.00029160185411102101,3.6374371854770562e-05,0.0002938617638428217,-0.00029160164823400375,3.6374849146237558e-05,0.00029386161862890366
487,0.97400004626251757,27,116,51774,655,-0.0006700115658629126,-0.00042013772303318693,0.00079084208582091975,0.010888230018905007,-0.0083392243407225796,0.013714817372079151,-0.0006755397192453825,-0.00042426103542487879,0.00079771632705988944,-0.00067553952848611995,-0.00042426078504967146,0.00079771603235625945
487,0.97400004626251757,28,121,50655,656,-0.00066673050469619232,-0.00042104845500377748,0.00078855016793702307,0.012331286828686328,-0.0048975849221609248,0.013268269401889266,-0.00067225088842580547,-0.00042517444525507804,0.00079542099914903437,-0.00067225070280520867,-0.00042517421036760903,0.0007954207167177737
487,0.97400004626251757,29,126,47936,657,-0.00048146187841184693,-0.00020370168057408876,0.0005227809436394676,0.009907487579950346,-0.0011990730232235432,0.0099797838785162483,-0.00048515911366979074,-0.00020593701600408315,0.00052705732149124242,-0.00048515892860128427,-0.00020593669711755692,0.000527057026536251
487,0.97400004626251757,30,152,34831,658,-0.00018140898359790314,0.0014014278819558829,0.0014131204222051906,0.032285766342238585,0.21772381378738287,0.22010458831752824,-0.00018069150637926637,0.0013895163602082531,0.0014012155921784486,-0.00018069240221633731,0.0013895163523461145,0.0014012156999034667
487,0.97400004626251757,31,150,36891,659,-0.00017913572098006409,-0.0005872261752210943,0.00061394151789550991,0.0033400722405953517,0.1404640785286268,0.1405037844311271,-0.00016943552640374569,-0.00059110969894910761,0.00061491387510725351,-0.0001694357601483621,-0.00059110967514921099,0.00061491391663553942
488,0.97600004635751247,0,23,25848,628,4.2373479858170339e-05,3.03973461154571e-05,5.2148925647166138e-05,-0.00067805535293393381,0.00047829260262535522,0.00082977278538675725,4.2587187838514624e-05,3.0922185957635778e-05,5.2629365874875746e-05,4.2587404318725761e-05,3.0922219167819072e-05,5.2629560561240289e-05
488,0.97600004635751247,1,20,17765,629,1.7594260900177986e-05,2.5111083615564807e-05,3.0661450340312008e-05,0.0031274155656694177,0.045346562038899932,0.04545427831203782,1.743830492761176e-05,2.5193742311751487e-05,3.064015552211355e-05,1.7438673721819677e-05,2.519371407155382e-05,3.0640342196119373e-05
488,0.97600004635751247,2,20,37608,630,2.5928851262511722e-06,1.7170491855090057e-05,1.7365161785127386e-05,-0.0062536572808930945,0.0149023588933197,0.016161328224257188,2.564289349277593e-06,1.7078762900304936e-05,1.7270197511078174e-05,2.5645944504937812e-06,1.7078634832245188e-05,1.7270116167202874e-05
488,0.97600004635751247,3,20,15824,631,9.0468755819784111e-06,2.5764477145093804e-05,2.7306670253911555e-05,0.0050928453914901089,0.0092231857941660732,0.010535854515668337,8.9939963479484509e-06,2.5783439807979468e-05,2.7307100516873086e-05,8.9943059589833826e-06,2.5783392989273228e-05,2.7307158287216702e-05
488,0.97600004635751247,4,128,34319,632,-8.0785237923475063e-05,-2.0880230055038737e-06,8.0812217556654059e-05,-0.00048739766546775337,0.0052643180186682428,0.0052868327650852122,-8.1832228048386393e-05,-1.8548728880153719e-06,8.1853247344218489e-05,-8.183222143356453e-05,-1.8548871118225541e-06,8.1853241053421599e-05
488,0.97600004635751247,5,128,21162,633,-1.7934069300464886e-06,-1.072975607353907e-05,1.0878601647931931e-05,-7.8505805691586955e-05,0.0054214818924230423,0.0054220502645584371,-2.3544631310576231e-06,-1.0601737161232945e-05,1.0860033493105685e-05,-2.3544696432379953e-06,-1.0601759424835406e-05,1.0860056639033501e-05
488,0.97600004635751247,6,1,33529,634,-6.367404864470037e-05,1.5194237406719509e-05,6.5461815749178726e-05,-0.00027567325402479218,0.0044942812393659872,0.0045027280177134497,-6.3771435973843395e-05,1.5186176150260073e-05,6.5554679407596347e-05,-6.37714263874614e-05,1.5186160415229863e-05,6.555466643686399e-05
488,0.97600004635751247,7,128,20347,635,9.7530800742091157e-07,-1.2756780007577619e-07,9.8361539890117714e-07,-6.4487485385035721e-05,0.0046983592182513302,0.0046988017599701457,9.5201736951291642e-07,-9.9570848598861138e-08,9.5721023069385865e-07,9.5201681462480915e-07,-9.9592696186352019e-08,9.5721195169201445e-07
488,0.97600004635751247,8,42,7241,636,1.3290665687515823e-06,3.3096912428166296e-05,3.3123587218504604e-05,0.001303762943068142,-0.0090853543239549882,0.009178423666595768,1.6252742242168646e-06,3.3023832617133367e-05,3.3063802519195295e-05,1.6254531547333764e-06,3.3023780155333448e-05,3.3063758916766072e-05
488,0.97600004635751247,9,92,47753,637,-0.00015382201391180817,0.00016070355289396647,0.00022245638645952242,-0.019908846216438299,-0.0057137134982518639,0.020712524703905489,-0.00015466966204067604,0.0001609559436775084,0.00022322526774739055,-0.00015466947000564285,0.00016095568218251337,0.00022322494613878776
488,0.97600004635751247,10,136,18300,638,-0.00012559235924494087,-0.00058320517344351112,0.00059657498693122077,-0.0023229053659376254,0.13735109717092966,0.13737073845399997,-0.00013112934376419751,-0.00058044930031926861,0.00059507671357326487,-0.00013112998890749076,-0.00058044933087662213,0.0005950768855416895
488,0.97600004635751247,11,150,36234,639,-0.00014340623297414581,-0.00057670105536425864,0.0005942637923633617,0.0039127840348757202,0.1408240985888729,0.14087844626582227,-0.00014872920505456667,-0.00057223038762405033,0.00059124275298436785,-0.00014872872719297702,-0.00057223030581393425,0.00059124255359738079
488,0.97600004635751247,12,42,6890,640,-1.9081694511939752e-05,7.562721056603237e-05,7.7997346387207239e-05,0.016221792856519358,-0.0084010599625000473,0.018268124478811276,-1.8058028047506407e-05,7.3948360995151229e-05,7.6121301032192905e-05,-1.805786979354628e-05,7.3948459973602383e-05,7.6121359643323137e-05
488,0.97600004635751247,13,62,3413,641,1.5346980540356621e-05,1.1654906624094588e-05,1.9270875956283064e-05,0.00093853883836914932,7.2132182147980592e-06,0.00093856655685376216,1.42061781841872e-05,1.0679988093772583e-05,1.7772946978033792e-05,1.4206214726395558e-05,1.0680140862242222e-05,1.7773067987542107e-05
488,0.97600004635751247,14,72,5299,642,-2.4690474146827763e-05,7.1034278614692011e-05,7.5202980339244939e-05,0.013097165160455363,-0.008221422621119091,0.015463748741986675,-2.4222932332297468e-05,6.9565561249924373e-05,7.366218679072758e-05,-2.4222820356681813e-05,6.9565664010667647e-05,7.3662247014852719e-05
488,0.97600004635751247,15,54,520,643,1.6791982726625447e-05,7.2166874159816795e-06,1.8277069271392385e-05,0.00083917169728723034,0.00081255366355336323,0.0011680978527854261,1.5571376595916226e-05,6.3828600004088595e-06,1.6828804796439556e-05,1.5571410613654911e-05,6.3830173864346845e-06,1.6828895966597818e-05
488,0.97600004635751247,16,61,754,644,7.1352446885659517e-05,-1.7978652736617141e-05,7.3582631311979691e-05,-0.0067886574890160438,-0.010009375511246062,0.012094356891885817,6.8275352044056375e-05,-1.7544441028174169e-05,7.049348273231303e-05,6.8275312435466732e-05,-1.7544261847435749e-05,7.0493399775666853e-05
488,0.97600004635751247,17,66,2759,645,8.5763430229181327e-05,-1.4123159396757529e-05,8.6918522744130179e-05,-0.0086345980073852645,-0.0065763746593365154,0.010853800551378539,8.1326305081282611e-05,-1.2423763321025206e-05,8.226978663659402e-05,8.1326226996328974e-05,-1.2423589822113251e-05,8.2269683246786264e-05
488,0.97600004635751247,18,71,4379,646,0.00012938201065576299,-5.1033891531969157e-05,0.00013908329434631883,-0.014582067881606983,-0.0011823730075431445,0.014629925141051152,0.00012150334726775586,-4.5412164399955629e-05,0.00012971248233210815,0.00012150316710097926,-4.5411955784644446e-05,0.00012971224053170537
488,0.97600004635751247,19,76,6105,647,7.8659530529079429e-05,-7.656837477447399e-06,7.9031315965326178e-05,-0.0083635467351770316,-0.0052213326572540597,0.0098595754832141794,7.4517260140870601e-05,-6.2773193130798694e-06,7.4781192800466538e-05,7.4517192951255266e-05,-6.2771523549252509e-06,7.4781111833280146e-05
488,0.97600004635751247,20,138,20234,648,0.00019228465184242306,0.0015557887480285217,0.0015676262360098201,-0.033801720398995282,0.21328042360454574,0.21594234275580676,0.00019266038100979453,0.0015453792794044379,0.0015573423321875697,0.0001926594818859531,0.0015453793381878377,0.0015573422792881605
488,0.97600004635751247,21,136,18301,649,-0.00011943065821588174,-0.00058481946988661127,0.00059688985121237887,-0.0019861465011556194,0.13652629717517245,0.13654074336361127,-0.00012505676167173679,-0.00058205191491959938,0.00059533488500288151,-0.00012505740571694369,-0.00058205194647924815,0.00059533505114761534
488,0.97600004635751247,22,92,47596,650,0.00010694972177762088,0.00022813037954031909,0.00025195577599555156,-0.016366133144899913,-0.0082354500080957429,0.018321379613785521,0.00010644621016650051,0.00022846447226448159,0.00025204525535288077,0.00010644636064019847,0.00022846416754864228,0.00025204504269522399
488,0.97600004635751247,23,112,51583,651,-0.00010837100196470296,0.0001460798405607724,0.00018188896031671173,-0.0012312524275838767,0.0025181307821194091,0.0028030278586358174,-0.00010890435468673849,0.00014643410093210407,0.00018249138167466587,-0.00010890432322382088,0.00014643374158014591,0.000182491074548865
488,0.97600004635751247,24,122,49892,652,-0.00033982245840746128,-1.8895530513691507e-05,0.00034034738769599012,0.0078147590332845896,-0.0019044020764653047,0.0080434573422843766,-0.00034043607084944264,-1.8722182749748539e-05,0.00034095049268526023,-0.0003404361181627244,-1.8722507788219674e-05,0.00034095055777573442
488,0.97600004635751247,25,104,54177,653,-0.00019792461598206929,0.00013735307067635195,0.00024091496349515638,0.0060611657103013961,-0.0023280039982508461,0.0064928678088811689,-0.00019848740664625488,0.0001377137880920522,0.00024158298372985298,-0.00019848741202882665,0.00013771342618139535,0.00024158278184614033
488,0.97600004635751247,26,111,52655,654,-0.00029160065541788624,3.6404582248426725e-05,0.00029386431537160699,0.0078428323598696489,-0.0061080360946596515,0.0099407305746953851,-0.00029219556386431822,3.666790156056832e-05,0.00029448732153836843,-0.00029219560062473346,3.6667545876650434e-05,0.00029448731372516712
488,0.97600004635751247,27,116,51774,655,-0.0006755244640721718,-0.00042420657413304053,0.00079767444430524771,0.010891126519312818,-0.0083391178860373564,0.013717052306414344,-0.00067625440727714749,-0.00042441000035249766,0.00079840082149317275,-0.00067625456566305594,-0.00042441031358986291,0.00079840112215701087
488,0.97600004635751247,28,121,50655,656,-0.00067223863115521091,-0.0004251235997379002,0.00079538346240762509,0.012333957460879157,-0.0048983850765598842,0.013271046793868268,-0.00067296864606216278,-0.00042534361216131687,0.00079611807352250033,-0.00067296880054733895,-0.00042534391359551701,0.00079611836515864568
488,0.97600004635751247,29,126,47936,657,-0.00048515837683210536,-0.00020590268191100864,0.00052704322880434509,0.0099096343151362665,-0.001199158360855664,0.0099819253169985342,-0.00048582438950357863,-0.00020592527173655375,0.00052766519212119577,-0.0004858244804252889,-0.00020592557473586418,0.00052766539408113347
488,0.97600004635751247,30,152,34831,658,-0.00017948867803579903,0.0013900074453091738,0.0014015480311277151,0.032284737142188429,0.21769915315306931,0.22008004347487695,-0.00017871444880392372,0.0013722329959719012,0.0013838216104127405,-0.00017871339673196634,0.0013722330463820927,0.0013838215245307306
488,0.97600004635751247,31,150,36891,659,-0.00016921942281930888,-0.00059169095810645753,0.0006154131969370154,0.0033467787344036519,0.14045007602993026,0.14048994549329943,-0.00017478715788636116,-0.0005869373634124535,0.00061241000900667374,-0.00017478668593809676,-0.00058693727627908961,0.00061240979079954234
489,0.97800004645250738,0,23,25848,628,4.2588261196074311e-05,3.0924875607985705e-05,5.263181474236318e-05,-0.00067487307863719386,0.00048101842119451676,0.00082875351812086424,3.9410573471498672e-05,3.0649963552926254e-05,4.9926081031341748e-05,3.9410386395088279e-05,3.0649874458850184e-05,4.9925878661806604e-05
489,0.97800004645250738,1,20,17765,629,1.7439296547625432e-05,2.5196303082237612e-05,3.0642825474945955e-05,0.0031224846260274725,0.045348503487160588,0.045455876174206496,1.6940701886374593e-05,2.518663102904279e-05,3.0353809694932148e-05,1.6940564022544398e-05,2.5186789311827018e-05,3.0353864090759339e-05
489,0.97800004645250738,2,20,37608,630,2.5656316721313284e-06,1.7081069390189932e-05,1.7272677771252693e-05,-0.0062580095762843398,0.014907121511038807,0.01616740410832062,2.6866037538516486e-06,1.7273246773998583e-05,1.7480929433118317e-05,2.6864990913469191e-06,1.7273475929756687e-05,1.7481139781595808e-05
489,0.97800004645250738,3,20,15824,631,8.9949625073302064e-06,2.5785879213783295e-05,2.7309722029638043e-05,0.0050907046057164836,0.0092247341742256201,0.010536175490555815,9.0880890189903874e-06,2.5750383844276695e-05,2.7307061909782237e-05,9.087992088808211e-06,2.575055267413092e-05,2.7307188856223037e-05
489,0.97800004645250738,4,128,34319,632,-8.1826374544150318e-05,-1.8908494196637534e-06,8.1848218566853452e-05,-0.00048752269732940906,0.005265642158787413,0.0052881627929566152,-8.0641323441934507e-05,-1.827616536461138e-06,8.0662030898502935e-05,-8.0641367087457981e-05,-1.8275664822012028e-06,8.0662073398723251e-05
489,0.97800004645250738,5,128,21162,633,-2.3517918450720792e-06,-1.0636257947889205e-05,1.0893158771292367e-05,-7.8076479467981678e-05,0.0054223089934424488,0.005422871080618917,-1.707802111866939e-06,-1.0571312021598828e-05,1.0708371767514288e-05,-1.707843925378474e-06,-1.0571265775443216e-05,1.0708332781927782e-05
489,0.97800004645250738,6,1,33529,634,-6.3766521423889403e-05,1.5156476157105749e-05,6.5543024220768612e-05,-0.0002749210876857711,0.0044956750965163186,0.0045040732873579377,-6.3682378105344673e-05,1.5252805155817905e-05,6.548353492499797e-05,-6.3682416175431104e-05,1.5252852464020477e-05,6.5483582967259694e-05
489,0.97800004645250738,7,128,20347,635,9.5450786640608589e-07,-1.2983347223008016e-07,9.6329746057093774e-07,-6.3592512825250456e-05,0.0046992804360434636,0.0046997106958054638,9.9043556190400736e-07,-9.4903396670489344e-08,9.9497198803971508e-07,9.9039929520167024e-07,-9.4858017055237093e-08,9.9493155912133812e-07
489,0.97800004645250738,8,42,7241,636,1.6262204201243685e-06,3.3025068602677328e-05,3.3065083533334271e-05,0.0013030009027900854,-0.0090841041420730764,0.0091770779345443608,1.5785745438022642e-06,3.2951113655220093e-05,3.2988904024074102e-05,1.5785411460870085e-06,3.2951248073848712e-05,3.2989036690606898e-05
489,0.97800004645250738,9,92,47753,637,-0.00015469178293988915,0.00016094739523506626,0.0002232344322502118,-0.019918624529820551,-0.0057159808636318777,0.020722549080491395,-0.00015763464099021634,0.0001637777815350099,0.00022731441169587956,-0.00015763468800737395,0.00016377803659361421,0.00022731462806788603
489,0.97800004645250738,10,136,18300,638,-0.00013123734534651059,-0.00058096524454828876,0.00059560377448993073,-0.0023260643572424649,0.13734301885892186,0.13736271475431824,-0.00012601005607008461,-0.00058025190957126981,0.00059377673648593795,-0.0001260109498859857,-0.00058025184824790827,0.00059377686624377849
489,0.97800004645250738,11,150,36234,639,-0.00014849990234315461,-0.00057281793089262632,0.00059175383644555787,0.0039056602347724706,0.14081864267508146,0.14087279477145953,-0.00014079011555733151,-0.00057392564383708562,0.00059094204562923098,-0.0001407891373708598,-0.00057392557250184994,0.00059094174329895417
489,0.97800004645250738,12,42,6890,640,-1.805624535650636e-05,7.3950745052030225e-05,7.6123194166592421e-05,0.016225824101384765,-0.0083964122340938665,0.018269567761004087,-1.7095453375499159e-05,6.8503980076066193e-05,7.0604885187754114e-05,-1.7095423028714412e-05,6.8504046211165083e-05,7.0604942007143815e-05
489,0.97800004645250738,13,62,3413,641,1.4208027597873246e-05,1.0682363578222539e-05,1.7775852717640952e-05,0.00092677362230189229,2.4134598024718914e-05,0.00092708781990509688,1.3009804290972439e-05,9.8545015996010231e-06,1.6320729440375635e-05,1.3009923399440909e-05,9.8545287006215525e-06,1.6320840749504727e-05
489,0.97800004645250738,14,72,5299,642,-2.4221193049875372e-05,6.9567962299375309e-05,7.366388240682563e-05,0.013101204792462868,-0.0082161929671747697,0.015464391158008911,-2.2622013360963335e-05,6.4614489767673495e-05,6.8460118145095153e-05,-2.2621958174079561e-05,6.4614541566744942e-05,6.8460148798482872e-05
489,0.97800004645250738,15,54,520,643,1.557322487694362e-05,6.3852948645536179e-06,1.6831438547407362e-05,0.00082694498987010681,0.00083007091087201087,0.0011716892648425013,1.4248657623817914e-05,5.8983254201927078e-06,1.5421234932497329e-05,1.4248777610232522e-05,5.8983478848325508e-06,1.5421354387873078e-05
489,0.97800004645250738,16,61,754,644,6.8277106265306542e-05,-1.7541782793902517e-05,7.0494520237763275e-05,-0.0068102225109599821,-0.0099878879439959066,0.012088715243176375,6.272931196121084e-05,-1.5847456475653144e-05,6.4700142626385529e-05,6.2729469632015299e-05,-1.5847470976081566e-05,6.4700299046076111e-05
489,0.97800004645250738,17,66,2759,645,8.1327918026935966e-05,-1.2420909643423458e-05,8.2270950200943383e-05,-0.0086570060987531654,-0.006555880005356984,0.0108592503073872,7.427943905057843e-05,-1.037473979211913e-05,7.5000468608021222e-05,7.4279604028568955e-05,-1.0374777219882543e-05,7.5000637177314634e-05
489,0.97800004645250738,18,71,4379,646,0.0001215049123371475,-4.5409108013772085e-05,0.00012971287836087948,-0.014605027928947625,-0.0011610334226771189,0.014651103692688598,0.0001102182128749641,-3.927057953315986e-05,0.00011700526854044281,0.00011021840248325985,-3.9270707706602971e-05,0.00011700549016921945
489,0.97800004645250738,19,76,6105,647,7.4518921099823388e-05,-6.2744437132602611e-06,7.4782606572601991e-05,-0.0083849426671783623,-0.0052005744911948881,0.0098667744765113165,6.8042161048174169e-05,-4.7748311298275785e-06,6.8209491219507274e-05,6.8042321141547555e-05,-4.7748597594321961e-06,6.8209652924287292e-05
489,0.97800004645250738,20,138,20234,648,0.00019177008449252977,0.001545717994112273,0.0015575685803934096,-0.033799634465315968,0.21326091457292173,0.21592274770034767,0.00019055255653177723,0.0015311533827645531,0.0015429649893474999,0.00019055100995445367,0.0015311533836344009,0.0015429647992127808
489,0.97800004645250738,21,136,18301,649,-0.00012516251920705013,-0.00058256387379383495,0.00059585763674214532,-0.0019894077877590207,0.13651825848041846,0.13653275300041504,-0.0001198316340197014,-0.00058181339087676361,0.00059402562429187295,-0.00011983252303791159,-0.00058181332852872542,0.00059402574256618387
489,0.97800004645250738,22,92,47596,650,0.00010640457103618683,0.00022844384901207171,0.00025200897779413566,-0.016373153497851744,-0.0082377724274587706,0.01832869471704995,0.00010809698603800512,0.00023212440471868039,0.00025605994934097443,0.00010809699801656036,0.00023212471914406247,0.00025606023943186128
489,0.97800004645250738,23,112,51583,651,-0.00010893478387297136,0.00014642956038854509,0.00018250589933762018,-0.0012330058247307693,0.0025191592252224769,0.0028047221904929399,-0.00010927250200516849,0.00014690759882281693,0.00018309102186168298,-0.00010927240147532988,0.00014690795005030616,0.00018309124367967171
489,0.97800004645250738,24,122,49892,652,-0.00034043730814502433,-1.8694419235874631e-05,0.00034095020470384949,0.0078144209295549338,-0.0019042611933673085,0.0080430954959412777,-0.00034412917829404314,-1.9395335109690665e-05,0.000344675311528619,-0.00034412904536151173,-1.9395041850452875e-05,0.00034467516230475071
489,0.97800004645250738,25,104,54177,653,-0.00019849373393446938,0.00013773362496542158,0.00024159949059831092,0.0060611356423301869,-0.0023274360647447955,0.0064926361295085762,-0.00020072778208249489,0.00013777703578017999,0.00024346283923451349,-0.00020072765646633633,0.00013777738638088668,0.00024346293407501618
489,0.97800004645250738,26,111,52655,654,-0.00029219509544655688,3.6696853923271499e-05,0.00029449046315778785,0.007843209954055911,-0.006108045362221079,0.0099410341781100506,-0.00029570312137583107,3.5790858902065581e-05,0.00029786124550259478,-0.00029570298408764705,3.5791190275695756e-05,0.00029786114902700939
489,0.97800004645250738,27,116,51774,655,-0.00067623988188687833,-0.00042435645210287209,0.00079836005429612794,0.010890596842821638,-0.0083406997843207282,0.013717593538410608,-0.00068435559931197471,-0.00042913829222668168,0.00080777612007590632,-0.00068435542702157011,-0.00042913806206735968,0.00080777585183564667
489,0.97800004645250738,28,121,50655,656,-0.00067295719166177441,-0.00042529368712176398,0.00079608171823935701,0.01233303659867116,-0.0048996661542877913,0.013270663893250993,-0.00068079825662773527,-0.00042977438921289044,0.00080510390127652264,-0.00068079808985075491,-0.00042977417114534037,0.00080510364384227002
489,0.97800004645250738,29,126,47936,657,-0.00048582387288386103,-0.00020589171903517115,0.00052765162316734311,0.0099087344731287417,-0.0011993290979415063,0.0099810525068320874,-0.0004910701738193668,-0.00020804198356834974,0.00053332108765924175,-0.00049107003193534502,-0.00020804173626799062,0.00053332086054680157
489,0.97800004645250738,30,152,34831,658,-0.00017751131574622584,0.0013727252900715052,0.0013841549729780456,0.032283806692670912,0.21767539657718177,0.22005640742683022,-0.00017739923314931326,0.0013658715043475813,0.0013773436224525416,-0.00017739663689220938,0.0013658715149664495,0.0013773432985924063
489,0.97800004645250738,31,150,36891,659,-0.00017457048761807743,-0.00058751597720507797,0.00061290282967078153,0.0033394597063338832,0.14044498831870653,0.14048468505489073,-0.00016657677866806022,-0.00058879610298921291,0.00061190577222862647,-0.00016657582484937568,-0.00058879601241351883,0.00061190542541990139
490,0.98000004654750228,0,23,25848,628,3.9410942120211384e-05,3.0652500860370611e-05,4.9927929736748274e-05,-0.00067660020786280159,0.00048004089906592169,0.00082959454316913436,-2.3913882598535241e-06,3.471278824796455e-05,3.479506295090427e-05,-2.3908575711941152e-06,3.4712918745468845e-05,3.4795156670939976e-05
490,0.98000004654750228,1,20,17765,629,1.6940958916012123e-05,2.518936026423492e-05,3.035621780649605e-05,0.0031213770603068921,0.045345970706716462,0.045453273304427673,1.1633743386043104e-05,2.5247892338869457e-05,2.7799281514590349e-05,1.1633973760337931e-05,2.5247672965925133e-05,2.7799178686618391e-05
490,0.98000004654750228,2,20,37608,630,2.6873020377614256e-06,1.7275938319311518e-05,1.7483696321282086e-05,-0.0062594448834363122,0.014908061811858653,0.016168826711761598,3.1984635700952384e-06,1.8265307028739081e-05,1.8543236234900628e-05,3.1986001338532105e-06,1.8264922253798029e-05,1.8542880783566836e-05
490,0.98000004654750228,3,20,15824,631,9.0884047322383262e-06,2.5753043008229443e-05,2.7309674563434244e-05,0.0050897323199224033,0.0092238698982411386,0.010534949026366558,9.7142867311645604e-06,2.525857222831237e-05,2.7062203120000277e-05,9.7144114453479887e-06,2.5258327758903274e-05,2.7062019712240469e-05
490,0.98000004654750228,4,128,34319,632,-8.0635859945077363e-05,-1.8634629744064299e-06,8.0657389018856269e-05,-0.00048707173210068612,0.0052641723353146234,0.0052866576632219515,-7.6119727220496137e-05,-4.5156541175284404e-07,7.6121066620508099e-05,-7.6119708512446813e-05,-4.516341070978232e-07,7.61210483203336e-05
490,0.98000004654750228,5,128,21162,633,-1.7054390908142953e-06,-1.060556031861047e-05,1.0741807676744287e-05,-7.8119322852756684e-05,0.0054207799779901139,0.005421342840881904,7.405522883692767e-07,-9.800175113945252e-06,9.8281152799405446e-06,7.4058440639026982e-07,-9.8002132583387897e-06,9.8281557360426394e-06
490,0.98000004654750228,6,1,33529,634,-6.3677801545125189e-05,1.5223243722040222e-05,6.5472204476716564e-05,-0.00027564486363183051,0.0044942520724917988,0.0045026971674701202,-6.3345981663828917e-05,1.5654580571677149e-05,6.5251661172948547e-05,-6.3345970883477506e-05,1.5654514549652319e-05,6.525163486806791e-05
490,0.98000004654750228,7,128,20347,635,9.9256371260046092e-07,-1.2503414840520366e-07,1.0004080476678627e-06,-6.4321046486206861e-05,0.0046977498591472232,0.0046981901766679083,1.19677953948217e-06,-4.9709686691348489e-08,1.1978114705888015e-06,1.1968031652525802e-06,-4.974923993729263e-08,1.1978367181018176e-06
490,0.98000004654750228,8,42,7241,636,1.5790735014996986e-06,3.2952508549611546e-05,3.2990321199336037e-05,0.0013019371635276183,-0.0090843966617989227,0.0091772165217280204,2.7111335157657007e-06,3.189739317892616e-05,3.2012402855007828e-05,2.7111201636924928e-06,3.1897196226683926e-05,3.2012205479559811e-05
490,0.98000004654750228,9,92,47753,637,-0.00015765856014002448,0.0001637696499177998,0.00022732514119565487,-0.019919603054388241,-0.0057146243751378095,0.020723115537807354,-0.00020841665531745384,0.00019823561743435801,0.00028763668443593129,-0.00020841662255409782,0.00019823510133432307,0.00028763630500666394
490,0.98000004654750228,10,136,18300,638,-0.00012611912546944216,-0.00058076613371088029,0.00059430239430332177,-0.0023184807438105587,0.13733367629201076,0.13735324530872295,-0.00010645718752046412,-0.00056196193470319292,0.00057195659698103219,-0.00010645667116215444,-0.00056196185462907707,0.00057195642219759978
490,0.98000004654750228,11,150,36234,639,-0.00014056153455614074,-0.00057451293741011156,0.00059145807987411243,0.0039111201743376638,0.14080590879365162,0.14086021728019679,-0.00012010757731628804,-0.00055046403913376022,0.00056341502332493936,-0.00012010720700248123,-0.00055046413696496288,0.00056341503996478316
490,0.98000004654750228,12,42,6890,640,-1.7094308827828981e-05,6.8506386529821223e-05,7.0606942928259271e-05,0.016235241868191454,-0.008401550826869976,0.018280293619500652,-1.1830704586256905e-05,3.0988622447057183e-05,3.3170171723606386e-05,-1.1830863888160364e-05,3.098861835075368e-05,3.3170224714777631e-05
490,0.98000004654750228,13,62,3413,641,1.3011150480315405e-05,9.8569933690383162e-06,1.6323307112796632e-05,0.00091636753158565263,3.4837154142474188e-05,0.00091702948712303069,6.9505433119132361e-06,5.9599503272023736e-06,9.1559303314027844e-06,6.950179024841003e-06,5.9600365661043845e-06,9.1557099313292569e-06
490,0.98000004654750228,14,72,5299,642,-2.2620798469466293e-05,6.4616937433923746e-05,6.846202689619863e-05,0.013109738677476487,-0.0082204702429539683,0.015473893472782298,-1.4201741593534499e-05,3.0827146480855001e-05,3.3941161212333602e-05,-1.4201946483652001e-05,3.0827162772536269e-05,3.3941261740379681e-05
490,0.98000004654750228,15,54,520,643,1.4250024964365606e-05,5.9008152312753562e-06,1.5423450712427949e-05,0.00081583131347595466,0.00084170543118210802,0.0011721982617839697,7.0942006916839815e-06,3.5342518540022144e-06,7.9258198075282775e-06,7.0938356451726645e-06,3.5343474269235087e-06,7.9255356850450871e-06
490,0.98000004654750228,16,61,754,644,6.2730542477938212e-05,-1.5844772811068922e-05,6.4700678396835995e-05,-0.0068342020192718464,-0.0099730675526336909,0.012090012144312112,2.6356450370606761e-05,-1.2558875894714981e-05,2.9195681870391558e-05,2.6356019468411078e-05,-1.2558717950131055e-05,2.9195224930974719e-05
490,0.98000004654750228,17,66,2759,645,7.4280661950054463e-05,-1.0372049970324011e-05,7.5001307724100171e-05,-0.008682179785964932,-0.0065412689935356611,0.01087053107633703,2.1157262596729735e-05,-1.3019210828275335e-05,2.4842093534524436e-05,2.1156842143991178e-05,-1.301902959167118e-05,2.4841640465447751e-05
490,0.98000004654750228,18,71,4379,646,0.0001102193380065325,-3.9267875225216359e-05,0.00011700542079451456,-0.014633405047629939,-0.0011454287935124734,0.014678165771274312,1.3496174368755872e-05,-3.9015679397074933e-05,4.1284015810083209e-05,1.3495762651542966e-05,-3.9015359778465339e-05,4.1283579159150831e-05
490,0.98000004654750228,19,76,6105,647,6.8043333701482475e-05,-4.7721413772694336e-06,6.8210472762882593e-05,-0.0084089488157792994,-0.005186081599061523,0.0098795679327853513,1.9251749915525713e-05,-9.1504090516561003e-06,2.1315718627871174e-05,1.9251336700047989e-05,-9.1502437463953045e-06,2.1315274461218203e-05
490,0.98000004654750228,20,138,20234,648,0.00018966160647475609,0.001531492261350121,0.0015431915213433142,-0.033799126454224671,0.21323512305106301,0.21589719463594392,0.00019153665952278241,0.0015103751961976206,0.0015224715186925985,0.00019153693035218393,0.0015103751153103522,0.0015224714725200919
490,0.98000004654750228,21,136,18301,649,-0.0001199384343188693,-0.00058232339441798584,0.00059454668758083824,-0.0019817409722449582,0.13650903305936402,0.13652341705393845,-9.9821928028767675e-05,-0.00056340326855565609,0.00057217799707309368,-9.9821407384714401e-05,-0.00056340318642018872,0.00057217782536610683
490,0.98000004654750228,22,92,47596,650,0.00010805301406485982,0.00023210423653556263,0.00025602310533671995,-0.016371089929615237,-0.0082359649019869332,0.018326038943271675,0.00011207062983513591,0.00027485253293848351,0.00029682274329024085,0.00011207049303945398,0.00027485191045558479,0.000296822115232661
490,0.98000004654750228,23,112,51583,651,-0.0001093055867366547,0.00014690348973156537,0.00018310747277802859,-0.0012318401311891014,0.0025217853052162853,0.002806569299770233,-0.00011890976859901647,0.00015042291003037887,0.00019174614710673875,-0.00011891010916997121,0.00015042219920881461,0.00019174580067795691
490,0.98000004654750228,24,122,49892,652,-0.00034413289230084398,-1.9367009940642838e-05,0.00034467742693333606,0.0078137971268760487,-0.0019041518888137745,0.0080424635501598288,-0.00038610814146848317,-2.2097776683356923e-05,0.00038673997549076009,-0.00038610852376812693,-2.2098389591541872e-05,0.00038674039218698352
490,0.98000004654750228,25,104,54177,653,-0.00020073645870368229,0.00013779737796587097,0.00024348150489752655,0.0060627824575950496,-0.0023263450080660466,0.0064937825821839833,-0.00023054622928046767,0.00013627938578930204,0.0002678126860821783,-0.00023054662531137582,0.00013627867366896183,0.00026781266463600132
490,0.98000004654750228,26,111,52655,654,-0.0002957054800213843,3.582018480735275e-05,0.00029786711224019045,0.0078435289072387657,-0.0061085729605688845,0.009941609997041901,-0.00033752882164418707,2.7343332172824053e-05,0.0003386345570889463,-0.00033752922984013292,2.7342648396922247e-05,0.00033863490874071293
490,0.98000004654750228,27,116,51774,655,-0.00068434359220801236,-0.00042908443707432209,0.00080773733746531383,0.010885564828422999,-0.0083460454697900973,0.013716850827270945,-0.00076756584180321069,-0.00046335570884752043,0.00089658007697285996,-0.00076756626007922412,-0.00046335623565491458,0.00089658070731658053
490,0.98000004654750228,28,121,50655,656,-0.00068078926501987974,-0.00042972392767445209,0.00080506936184546597,0.012328066406529755,-0.0049044827912440303,0.013267824718973954,-0.00076065484204668828,-0.00045997524715969267,0.00088891676591719914,-0.00076065524409795382,-0.00045997574981480405,0.00088891737005832494
490,0.98000004654750228,29,126,47936,657,-0.00049107219201431314,-0.00020800835811776356,0.00053330983003934047,0.0099063518515385626,-0.0012008901384374419,0.0099788748930467012,-0.00054630394609983264,-0.00021957521336848413,0.00058877947981401675,-0.00054630431897974827,-0.00021957575278214997,0.00058878002695894355
490,0.98000004654750228,30,152,34831,658,-0.00017619512481935982,0.0013663630641685678,0.0013776765749384822,0.032282143182833775,0.21765483911646313,0.22003582835368071,-0.00018321185393277434,0.0014386281755428081,0.0014502474309189839,-0.00018321135933001674,0.0014386281982178954,0.0014502473909286031
490,0.98000004654750228,31,150,36891,659,-0.00016636078835015618,-0.00058937441584604687,0.00061240355481851543,0.0033452443681591423,0.14043217426092977,0.14047201225701456,-0.00014447489835054907,-0.00056645088350931066,0.00058458498071869763,-0.00014447452372529451,-0.00056645098455088518,0.00058458498604079619
491,0.98200004664249718,0,23,25848,628,-2.3901399302881843e-06,3.4715199667126524e-05,3.4797382901804833e-05,-0.00071082365949358905,0.0004846933874911162,0.00086034757788551431,3.8156380439325562e-05,3.0032022929713927e-05,4.8557509918460703e-05,3.8155753540194655e-05,3.0032037029889229e-05,4.8557026024919554e-05
491,0.98200004664249718,1,20,17765,629,1.163423785444563e-05,2.524993149772427e-05,2.7801340454977775e-05,0.0031151443874937066,0.045351518186963209,0.045458380156109701,1.7497033929516598e-05,2.6253173747173059e-05,3.1549569381053549e-05,1.7496926875772487e-05,2.6252982195109948e-05,3.1549350615074306e-05
491,0.98200004664249718,2,20,37608,630,3.1992965815043554e-06,1.8266974017743259e-05,1.8545021929923209e-05,-0.0062577729656684237,0.014905653037628993,0.016165958523020805,2.6784411446360102e-06,1.7647657635982162e-05,1.7849758177693013e-05,2.6784770037405465e-06,1.7647641432089818e-05,1.7849747538135662e-05
491,0.98200004664249718,3,20,15824,631,9.7145631659008088e-06,2.5260470600662641e-05,2.7064074203105829e-05,0.0050904833113298558,0.0092266289156823656,0.010537727529720708,8.9678753989657819e-06,2.6749253368837332e-05,2.8212503344468228e-05,8.9679010352443349e-06,2.674908224784894e-05,2.8212349247805006e-05
491,0.98200004664249718,4,128,34319,632,-7.6115237776430028e-05,-4.8808899493285181e-07,7.6116802695787579e-05,-0.00048326217069941644,0.0052646273499005643,0.0052867611501703146,-7.8958720959482326e-05,-1.7574136211018079e-06,7.8978276242223894e-05,-7.8958646840727369e-05,-1.7574657336633505e-06,7.8978203301440761e-05
491,0.98200004664249718,5,128,21162,633,7.4185475876277714e-07,-9.8350036211471391e-06,9.8629430045537789e-06,-7.62143652254166e-05,0.0054210982918637502,0.0054216340082593904,-6.3821480508045808e-07,-1.0469785626778477e-05,1.0489219666310792e-05,-6.3815534189827895e-07,-1.0469836835450418e-05,1.0489267162263899e-05
491,0.98200004664249718,6,1,33529,634,-6.334237745231668e-05,1.562434489871578e-05,6.524091457686489e-05,-0.00027581621497109655,0.0044939525256551312,0.0045024086761735783,-6.3569094955946291e-05,1.5290312277653271e-05,6.5382134280445994e-05,-6.3569022856373994e-05,1.5290267841415592e-05,6.5382053788302078e-05
491,0.98200004664249718,7,128,20347,635,1.1978998224479862e-06,-8.0380776859581282e-08,1.2005936256325312e-06,-6.4567211137903595e-05,0.0046974990193684703,0.0046979427371693101,1.1595115091934623e-06,-5.6567714974087799e-08,1.1608905402015688e-06,1.1595734340796066e-06,-5.6616523785248505e-08,1.1609547707764921e-06
491,0.98200004664249718,8,42,7241,636,2.7112052941594839e-06,3.1898144998034296e-05,3.2013158052005721e-05,0.001302931642973714,-0.0090836173554762652,0.0091765862458199447,5.8285899012956369e-08,3.3598004671213617e-05,3.3598055228434218e-05,5.8446447884720487e-08,3.3597881753687586e-05,3.3597932589997906e-05
491,0.98200004664249718,9,92,47753,637,-0.00020844691699660532,0.00019822426895173858,0.00028765079177162171,-0.019937038845451796,-0.0056885295373147798,0.020732700890669229,-0.00015476423916930328,0.00015758698625490948,0.00022087468837003106,-0.00015476407625088378,0.00015758725408778905,0.00022087476530540729
491,0.98200004664249718,10,136,18300,638,-0.00010656823073061166,-0.00056247350074712754,0.00057247989208685901,-0.0022975900857026754,0.13734343054302092,0.13736264715535854,-0.00011978870370281061,-0.00057929485273762753,0.00059155038664775574,-0.00011978905369811414,-0.00057929487904679255,0.00059155048328585419
491,0.98200004664249718,11,150,36234,639,-0.00011988341122012775,-0.00055105791693633793,0.00056394756857707103,0.0039268298824679708,0.14081129240183832,0.14086603586671223,-0.00013162695082683955,-0.00057491423149331848,0.00058978981659361007,-0.00013162778664217102,-0.00057491437439182477,0.00058979014242242149
491,0.98200004664249718,12,42,6890,640,-1.1830991419223358e-05,3.0990900320959752e-05,3.3172402093689264e-05,0.016243220385775956,-0.0084303049354112446,0.018300607908069796,-2.5308657776220271e-05,7.4550083558188088e-05,7.872892173125871e-05,-2.5308286071474725e-05,7.454962660563719e-05,7.8728369543103904e-05
491,0.98200004664249718,13,62,3413,641,6.9501410115493004e-06,5.9626144793708437e-06,9.1573594179775635e-06,0.00089617723206293631,3.5125468519534082e-05,0.00089686533538023579,1.331397610888798e-05,1.1043719787192844e-05,1.7298141708463214e-05,1.3314595559488624e-05,1.1043155809008669e-05,1.7298258442247765e-05
491,0.98200004664249718,14,72,5299,642,-1.4202111694235879e-05,3.0829494485709262e-05,3.3943448658318874e-05,0.013115445867567908,-0.0082466393183885222,0.015492642781420336,-2.8981411708032306e-05,7.0015146654600789e-05,7.5776269277760884e-05,-2.8980994634419898e-05,7.0014703090425748e-05,7.5775699923133326e-05
491,0.98200004664249718,15,54,520,643,7.0938251397114183e-06,3.5369461953177512e-06,7.926685530622142e-06,0.00079479965240539414,0.00084393356194667024,0.0011592800974931511,1.4826542175434255e-05,6.5046242956436028e-06,1.6190629700768521e-05,1.4827161496703796e-05,6.5040531307642543e-06,1.6190967394727834e-05
491,0.98200004664249718,16,61,754,644,2.6356209464015241e-05,-1.255601610311476e-05,2.9194234322768663e-05,-0.0068813580045912421,-0.0099660729793511049,0.0121109743050303,7.0845039056396304e-05,-1.9626260963242723e-05,7.3513329936138942e-05,7.0845720198815682e-05,-1.9626839558607109e-05,7.3514140827110161e-05
491,0.98200004664249718,17,66,2759,645,2.1156996562161212e-05,-1.3016290355648815e-05,2.4840336514505144e-05,-0.0087383287691936238,-0.0065397560167691007,0.010914522364143316,8.6532764930354698e-05,-1.6937973834031129e-05,8.8174907791810852e-05,8.6533410985961009e-05,-1.6938493331456459e-05,8.81756416092621e-05
491,0.98200004664249718,18,71,4379,646,1.3495986560829101e-05,-3.9012656876532665e-05,4.1281097972512203e-05,-0.014712302604305567,-0.0011427474264356649,0.014756616129766394,0.00013333560971042592,-5.7232571341389981e-05,0.00014509980027277197,0.00013333619119405217,-5.7233048149030308e-05,0.00014510052268191888
491,0.98200004664249718,19,76,6105,647,1.9251511937061112e-05,-9.1475663993572413e-06,2.1314283541640711e-05,-0.0084622496931624006,-0.0051849581096936942,0.0099243871583441137,7.9180576130705938e-05,-1.0213537697726037e-05,7.9836583022405147e-05,7.9181216808166905e-05,-1.0214050924375249e-05,7.983728409401001e-05
491,0.98200004664249718,20,138,20234,648,0.00019065611269851571,0.0015107118296058498,0.0015226949745173403,-0.033797543972730444,0.21321147791322034,0.21587359331916511,0.00018543688072237901,0.0015154373271252894,0.0015267406882560925,0.00018543634625717742,0.0015154374231810283,0.0015267407186849923
491,0.98200004664249718,21,136,18301,649,-9.9930675648242121e-05,-0.00056391083595723208,0.00057269675295526035,-0.0019604193306983183,0.13651894018859245,0.13653301532658194,-0.00011342426124720307,-0.00058079651800616689,0.00059176824717752595,-0.00011342461016530103,-0.00058079654579858391,0.00059176834133190762
491,0.98200004664249718,22,92,47596,650,0.00011201651363869777,0.00027482729319614076,0.00029677894199772005,-0.016373550958124958,-0.0081978510602422616,0.018311142317841068,0.00010051099937628595,0.00022363092364798874,0.00024518003794614341,0.00010051139194736036,0.00022363121204084502,0.00024518046192560547
491,0.98200004664249718,23,112,51583,651,-0.00011895258218307007,0.00015041453214619712,0.0001917661291489699,-0.0012448276385315399,0.002544777233697493,0.0028329290529056804,-0.00010758310645531755,0.00014405841124316918,0.00017979697062098191,-0.0001075824707082745,0.0001440588069667303,0.00017979690728256258
491,0.98200004664249718,24,122,49892,652,-0.00038611812199215679,-2.2069337003522458e-05,0.00038674831579015977,0.0077860417584566036,-0.0018885468684550909,0.0080118072579650548,-0.00033250502394245444,-1.6119340286531726e-05,0.00033289551525703256,-0.00033250436527938987,-1.6118956843902672e-05,0.00033289483879986114
491,0.98200004664249718,25,104,54177,653,-0.00023056228560817981,0.00013629842876657086,0.00026783619850405556,0.0060397875733954609,-0.0023070547337414437,0.0064654106966395434,-0.00019420515979543459,0.00013573586209481939,0.00023693853285144254,-0.00019420445937576024,0.00013573626730597457,0.00023693819089287883
491,0.98200004664249718,26,111,52655,654,-0.00033753756859618994,2.7372540517854011e-05,0.000338645635123545,0.0078147247247573881,-0.0060962654261876642,0.0099113255758382542,-0.00028529971922807237,3.7771740652192546e-05,0.00028778921832395569,-0.00028529901635517652,3.7772158928228247e-05,0.00028778857642952166
491,0.98200004664249718,27,116,51774,655,-0.00076755867591327804,-0.00046329824090984704,0.00089654424374924376,0.010838501359426055,-0.0083562865239349086,0.013685782264393096,-0.00065905685774799046,-0.00040939005450764778,0.00077585833660174695,-0.0006590562010324654,-0.00040938959951036992,0.00077585753866712319
491,0.98200004664249718,28,121,50655,656,-0.00076065072004093722,-0.00045992159517614179,0.0008888854772174889,0.012283291534927339,-0.004913200601249155,0.013229466772328077,-0.00065601611926067787,-0.00041038026472241457,0.00077380172551079192,-0.00065601548494720286,-0.00041037982768385867,0.00077380095597016885
491,0.98200004664249718,29,126,47936,657,-0.00054631207489515287,-0.00021954001083393932,0.00058877389508470341,0.0098734825634550997,-0.001194720740299501,0.0099455022788270311,-0.00047412622663886708,-0.0001977155132400257,0.00051369942861811436,-0.00047412560410397305,-0.00019771512230570129,0.00051369870357566196
491,0.98200004664249718,30,152,34831,658,-0.00018200419972913215,0.0014391224140218473,0.0014505856924908335,0.03227126359338655,0.21769479629874172,0.2200737576119981,-0.0001774096880031908,0.0013435038106875507,0.001355166663820122,-0.00017741189002506579,0.0013435038457684321,0.0013551669868753567
491,0.98200004664249718,31,150,36891,659,-0.00014426320694450152,-0.00056703566671768596,0.00058509941053455411,0.0033624217751950045,0.14043663311088397,0.14047687994725444,-0.0001569510652021027,-0.00058995951057551766,0.00061048002505125344,-0.00015695188068964673,-0.00058995967063058625,0.00061048038938410379
492,0.98400004673749208,0,23,25848,628,3.8156152393318944e-05,3.0034671576648419e-05,4.8558968915940866e-05,-0.00068088744751481777,0.00047951504729373687,0.0008327919288539955,1.2545057057806904e-05,3.2950900054069721e-05,3.5258194380270282e-05,1.2546170821302861e-05,3.2951004253370073e-05,3.5258688058164101e-05
492,0.98400004673749208,1,20,17765,629,1.7497111367740298e-05,2.625559037497626e-05,3.1551623288725621e-05,0.0031192036543972548,0.045350571768636917,0.045457714319792772,1.3583853470793825e-05,2.5302344400689729e-05,2.8718107655051234e-05,1.3584714407016801e-05,2.5302330591541961e-05,2.8718502727055428e-05
492,0.98400004673749208,2,20,37608,630,2.6790480028620986e-06,1.765003663243361e-05,1.7852201302021209e-05,-0.0062557497370343751,0.014907223746912791,0.016166623785222635,3.0448831753015521e-06,1.8022579201316958e-05,1.8277983330197482e-05,3.0454901919179393e-06,1.802217186615131e-05,1.8277682820373162e-05
492,0.98400004673749208,3,20,15824,631,8.968088716374502e-06,2.6751594190668936e-05,2.8214790571028446e-05,0.0050892130021984935,0.0092256166604802441,0.010536227586184575,9.5559087829041621e-06,2.5500005811303343e-05,2.7231703748456304e-05,9.5565165365924832e-06,2.5499933925767275e-05,2.7231849708249025e-05
492,0.98400004673749208,4,128,34319,632,-7.8953572384285071e-05,-1.7931321030925419e-06,7.8973931869824514e-05,-0.00048541066080944907,0.0052611944938131868,0.0052835396290136461,-7.7324892653836828e-05,-1.0888909561415687e-06,7.7332559167803027e-05,-7.7324862152483933e-05,-1.0889434129733948e-06,7.7332529408117128e-05
492,0.98400004673749208,5,128,21162,633,-6.3625988627544889e-07,-1.0504066321150149e-05,1.052331867435383e-05,-7.6739045864459242e-05,0.0054183723116863307,0.0054189157023531252,2.2552063275938906e-07,-1.0004720799574178e-05,1.0007262254644493e-05,2.2555093960611462e-07,-1.0004716643544711e-05,1.000725878270257e-05
492,0.98400004673749208,6,1,33529,634,-6.3564851238335628e-05,1.5260799137236524e-05,6.5371112146412336e-05,-0.00027533501341308291,0.0044914339022776089,0.0044998653166666951,-6.3398054635934305e-05,1.5348270319838145e-05,6.5229462158074975e-05,-6.339802628181027e-05,1.5348217827260972e-05,6.5229422248722676e-05
492,0.98400004673749208,7,128,20347,635,1.1612918686608843e-06,-8.6666729087708489e-08,1.1645213291943822e-06,-6.3713721378253808e-05,0.0046954053275464645,0.004695837585377457,1.2956431219810073e-06,-1.749411721671222e-08,1.2957612217047873e-06,1.2956716514729954e-06,-1.7493267519699975e-08,1.295789737125308e-06
492,0.98400004673749208,8,42,7241,636,5.8724376582406075e-08,3.3599139178331452e-05,3.3599190497351158e-05,0.0013009298610349685,-0.009084427202791923,0.0091771039062526882,2.2958952071892742e-06,3.227858268162616e-05,3.2360130326328588e-05,2.2961051655016213e-06,3.2278488644162512e-05,3.2360051422739915e-05
492,0.98400004673749208,9,92,47753,637,-0.00015478572898979982,0.00015757967623045006,0.00022088453150865322,-0.019913327852026496,-0.0057137704882272867,0.020716848199821111,-0.00019407066469884058,0.00018441636399239066,0.00026771779583140105,-0.0001940704189738073,0.0001844154901106669,0.00026771701573382776
492,0.98400004673749208,10,136,18300,638,-0.00011989765295813012,-0.00057980769925114581,0.00059207467037171533,-0.0023076479265567696,0.1373143988668056,0.13733378817721853,-0.0001111377226702877,-0.00056811590906470318,0.0005788845131222219,-0.00011113775673833168,-0.00056811574923246308,0.00057888436280382582
492,0.98400004673749208,11,150,36234,639,-0.00013140082399035817,-0.00057549894995752033,0.00059030942559606275,0.003914715658257897,0.14077919196925553,0.14083361065527472,-0.00012280590544402366,-0.00056186137578930211,0.00057512563498402143,-0.00012280629553420905,-0.00056186146581522134,0.00057512580622926716
492,0.98400004673749208,12,42,6890,640,-2.5307275675399656e-05,7.4551994434204129e-05,7.8730286905537685e-05,0.016247280955406822,-0.0083947291195595984,0.018287854314673085,-1.9183913561077453e-05,4.1667669060185915e-05,4.5871747126396505e-05,-1.9183994973872765e-05,4.1668187895785094e-05,4.587225245915037e-05
492,0.98400004673749208,13,62,3413,641,1.3315530358747707e-05,1.1045730036017334e-05,1.730062139818415e-05,0.00090403459661548701,6.5288799398981691e-05,0.00090638908819815729,7.5263189356431936e-06,7.112624328457239e-06,1.0355428603335696e-05,7.5257297720239234e-06,7.1133641747786971e-06,1.0355508605788141e-05
492,0.98400004673749208,14,72,5299,642,-2.8980015057603043e-05,7.001706146019642e-05,7.5777504368115879e-05,0.013123429083993643,-0.0082129181927146615,0.01548148623882196,-1.8880323337023228e-05,4.0335529094650883e-05,4.4535620761991987e-05,-1.8880546394422907e-05,4.0336053591151415e-05,4.4536190356385387e-05
492,0.98400004673749208,15,54,520,643,1.4828089321814513e-05,6.5065295151637754e-06,1.6192811962948466e-05,0.00080304582328854569,0.00087298212219230219,0.0011861620378213736,8.2747961906703909e-06,4.5756695920070421e-06,9.4556334643613968e-06,8.2742020491880214e-06,4.576427724549489e-06,9.4554804356422041e-06
492,0.98400004673749208,16,61,754,644,7.0846404566782953e-05,-1.9623908512079737e-05,7.3514017883195306e-05,-0.0068606852685065304,-0.0099432209488143578,0.012080424048453069,3.8765290495986409e-05,-9.2053741231804089e-06,3.9843276220536052e-05,3.8764481878156406e-05,-9.2045415918204754e-06,3.9842297137558091e-05
492,0.98400004673749208,17,66,2759,645,8.6533965998900099e-05,-1.6935564081035031e-05,8.8175623628311482e-05,-0.0087065920679879026,-0.0065177191058320835,0.010875909515110837,4.5316521793296503e-05,-5.7522867046320179e-06,4.5680148311652872e-05,4.531567225040215e-05,-5.7514992379011605e-06,4.5679206374338917e-05
492,0.98400004673749208,18,71,4379,646,0.00013333680647921583,-5.72298637306161e-05,0.00014509983206296531,-0.014651849544782176,-0.0011364902469826572,0.014695860136937218,6.6359929672539194e-05,-2.4660290729951826e-05,7.0793857113665563e-05,6.6358941435303077e-05,-2.4659407869157592e-05,7.0792623237675372e-05
492,0.98400004673749208,19,76,6105,647,7.9181853941245081e-05,-1.0211059061753705e-05,7.9837533283132512e-05,-0.0084331200253809253,-0.0051601305234360018,0.0098865798121178742,4.1423232326655269e-05,-2.1197057326539859e-06,4.1477431559597617e-05,4.1422410543613656e-05,-2.1189424175258277e-06,4.1476571847399173e-05
492,0.98400004673749208,20,138,20234,648,0.00018455190370408715,0.0015157761581710014,0.0015269697989287291,-0.0337997113787116,0.21319662938663089,0.2158592672810335,0.00018873864240882184,0.0015029098665876764,0.001514714607516846,0.000188738157042519,0.0015029097638205064,0.0015147144450723433
492,0.98400004673749208,21,136,18301,649,-0.00011353096624757785,-0.00058130523652097257,0.00059228798595262135,-0.001970773200363065,0.13648991668005583,0.1365041439016994,-0.00010462943033858087,-0.00056955733877931943,0.00057908797246217811,-0.00010462945937356025,-0.00056955717558959749,0.00057908781720426741
492,0.98400004673749208,22,92,47596,650,0.00010047128606910079,0.0002236123889153343,0.00024514685354048868,-0.016372118117045111,-0.0082362875858608478,0.018327102466988127,0.00010316261638680512,0.00025377339797450388,0.0002739406193672217,0.00010316253081965635,0.00025377238915886126,0.00027393965259617502
492,0.98400004673749208,23,112,51583,651,-0.00010761216481784125,0.00014405474145051046,0.00017981141941254911,-0.0012219572816693418,0.0025272135492027167,0.0028071316181288186,-0.00011226967141078896,0.00014226881980254231,0.00018123160929234939,-0.00011227025787506339,0.00014226759218052731,0.0001812310089034933
492,0.98400004673749208,24,122,49892,652,-0.00033250641792808948,-1.6092532543264774e-05,0.00033289561061543803,0.0078307795757530749,-0.0018922768180063547,0.008056166602050616,-0.0003592584319416966,-1.365242429562611e-05,0.00035951774589073411,-0.00035925920226603699,-1.3653534410682646e-05,0.0003595185578168851
492,0.98400004673749208,25,104,54177,653,-0.00019421129141182258,0.00013575521600502915,0.00023695464626046056,0.006076507479716671,-0.0023186285764679503,0.0065038436041056861,-0.00021208873448011741,0.00013084659336415604,0.00024920365625002885,-0.00021208946393023797,0.00013084535319686703,0.00024920362590345388
492,0.98400004673749208,26,111,52655,654,-0.00028529951595275712,3.7799474032263978e-05,0.00028779265807173278,0.0078603155141913784,-0.0060968436588693681,0.0099476661877715474,-0.00031144741956677565,3.2289481594055903e-05,0.00031311676061242081,-0.00031144821519419686,3.2288255875526774e-05,0.00031311742560121791
492,0.98400004673749208,27,116,51774,655,-0.00065904285069425612,-0.0004093390345368701,0.00077581951783052517,0.010914212882119426,-0.0083170690671947097,0.013722014455053919,-0.00071433283053764975,-0.00041263396975700786,0.00082494738364416789,-0.00071433382389296627,-0.00041263507350011269,0.00082494879588977568
492,0.98400004673749208,28,121,50655,656,-0.00065600547566114977,-0.00041033216634123377,0.00077376719420747049,0.012355719587012617,-0.0048766006049862833,0.013283261646652895,-0.00070923062890198543,-0.00041009063975520947,0.00081925723541970792,-0.00070923159069721884,-0.00041009169693149224,0.00081925859722987234
492,0.98400004673749208,29,126,47936,657,-0.00047412612717583638,-0.00019768343099083852,0.0005136869896727646,0.0099270252406618818,-0.001183062165169238,0.0099972729389265456,-0.00051045566896590106,-0.00019291912710104071,0.00054569476777852023,-0.000510456489515649,-0.00019292016868049859,0.00054569590356933406
492,0.98400004673749208,30,152,34831,658,-0.00017620972953909879,0.0013439978590582429,0.0013554999498109114,0.03227571895519675,0.21759878996399898,0.21997944319383889,-0.00017605697566554665,0.0013623831176804468,0.0013737116939231437,-0.00017605818848778968,0.0013623831710239686,0.0013737119022644182
492,0.98400004673749208,31,150,36891,659,-0.00015673770623246812,-0.00059053536572037791,0.00061098177282265626,0.0033494094813880004,0.14040549049696888,0.14044543533190543,-0.00014759945611350495,-0.00057722472658648552,0.0005957969322074808,-0.00014759983078829181,-0.00057722482925459716,0.00059579712449518523
493,0.98600004683248699,0,23,25848,628,1.2546633538445326e-05,3.2953248640134883e-05,3.5260950201130321e-05,-0.00069881637178214131,0.00048192257403571189,0.00084887789983952467,-1.7840284538731212e-05,3.6843645241273056e-05,4.0935680611022884e-05,-1.7838007063357997e-05,3.684355915107629e-05,4.0934610623667439e-05
493,0.98600004683248699,1,20,17765,629,1.3584866441722649e-05,2.5304611193001138e-05,2.8720583975058736e-05,0.0031127996444105764,0.045352839117176462,0.045459537366923722,1.0012042495145147e-05,2.5915050354316967e-05,2.7781843527587874e-05,1.0013111982435812e-05,2.5915755909824378e-05,2.7782887106101785e-05
493,0.98600004683248699,2,20,37608,630,3.0461219672746446e-06,1.80242977363596e-05,1.8279884242753043e-05,-0.0062555066043880935,0.014904320874331427,0.016163852993719491,3.5392661939422435e-06,1.9248645977784409e-05,1.9571325381017461e-05,3.5398215514097047e-06,1.9248613712122584e-05,1.957139408561225e-05
493,0.98600004683248699,3,20,15824,631,9.5566256723618085e-06,2.5502048063480158e-05,2.7233867695824932e-05,0.005089164438453705,0.0092268165222061521,0.010537254757102451,1.0111505394640968e-05,2.5684085273113813e-05,2.7602803800745227e-05,1.0112061006905529e-05,2.5684701527425093e-05,2.7603580752509125e-05
493,0.98600004683248699,4,128,34319,632,-7.7320129240856053e-05,-1.1250260453748324e-06,7.732831350433976e-05,-0.00048394607095680669,0.0052626797312629123,0.0052848842705815243,-7.4311788865274943e-05,-5.9849943380930239e-08,7.4311812966532608e-05,-7.4311919613566138e-05,-5.9825309894165054e-08,7.4311943694945973e-05
493,0.98600004683248699,5,128,21162,633,2.2707985170376628e-07,-1.0039263743630949e-05,1.0041831594546519e-05,-7.5986162892880717e-05,0.0054192547279840022,0.0054197874223744372,1.9386273227646604e-06,-9.3707073831705468e-06,9.5691396038294199e-06,1.938478386956503e-06,-9.3706419290823355e-06,9.5690453348164988e-06
493,0.98600004683248699,6,1,33529,634,-6.3394192523961058e-05,1.5318398977951495e-05,6.5218685919088751e-05,-0.00027547136174889593,0.0044925699297137644,0.0045010075588152627,-6.2885386678219899e-05,1.5678053157751338e-05,6.4810286286102095e-05,-6.2885509729688978e-05,1.5678077671814982e-05,6.4810411612998349e-05
493,0.98600004683248699,7,128,20347,635,1.297048775372642e-06,-4.7880454448093189e-08,1.2979322261250109e-06,-6.3844482034844597e-05,0.0046960219197313188,0.0046964558965759831,1.6828805228839535e-06,9.2915385244781671e-08,1.6854435983198474e-06,1.682736335279084e-06,9.2986997089482929e-08,1.6853035796841474e-06
493,0.98600004683248699,8,42,7241,636,2.2962450607223748e-06,3.2279482060119762e-05,3.2361052261143876e-05,0.0013030011107822204,-0.009083727031286834,0.0091767046739900486,3.3154667370763026e-06,3.198930484148831e-05,3.2160658325449849e-05,3.3153549860281956e-06,3.1989717628289985e-05,3.2161057392770982e-05
493,0.98600004683248699,9,92,47753,637,-0.00019409682918735007,0.00018440685871276194,0.0002677302161521779,-0.01992624063303514,-0.0056948312054800887,0.020724048065581455,-0.00022906025630029764,0.0002068498334403299,0.00030863482404072662,-0.00022906029439269816,0.00020684874826106938,0.00030863412501607915
493,0.98600004683248699,10,136,18300,638,-0.00011124854645738302,-0.00056862651313697706,0.00057940689548123027,-0.0022964867033921509,0.13731796708164021,0.13733716880223387,-0.0001006340492292561,-0.00055356881979207054,0.00056264167114626542,-0.00010063503031613697,-0.0005535686655028947,0.00056264169482307788
493,0.98600004683248699,11,150,36234,639,-0.00012258165476604569,-0.0005624472482190756,0.00057565021420511299,0.003920291810485396,0.14077890096605727,0.14083347487401679,-0.00011145735498729199,-0.00054755227694975044,0.00055878102864504928,-0.00011145687871032871,-0.00054755220389027476,0.00055878086205322561
493,0.98600004683248699,12,42,6890,640,-1.9183750192980066e-05,4.167036410133365e-05,4.5874126866942971e-05,0.01625036485944167,-0.0084180334183104732,0.018301301721374046,-1.9501124175950123e-05,1.2879663676693051e-05,2.3370485244225306e-05,-1.9501938154218202e-05,1.2881439948106235e-05,2.3372143395666962e-05
493,0.98600004683248699,13,62,3413,641,7.5259428767811096e-06,7.1156641751117411e-06,1.0357243496101701e-05,0.00088207811677692624,6.2430606014889946e-05,0.00088428467399594526,1.1106730773196669e-06,3.5173060403217985e-06,3.6885005715015074e-06,1.1088635410851411e-06,3.5195131817544635e-06,3.690061163353706e-06
493,0.98600004683248699,14,72,5299,642,-1.8880290263109676e-05,4.0338283898472045e-05,4.4538101758977146e-05,0.013126012199535884,-0.0082340517820442254,0.015494896095545479,-1.4098175889585853e-05,1.440784412299454e-05,2.015798937608134e-05,-1.4099224909133357e-05,1.4409569657694792e-05,2.0159956367965803e-05
493,0.98600004683248699,15,54,520,643,8.2744620885420747e-06,4.578703596846245e-06,9.4568096883934818e-06,0.00078034311698592504,0.00087151434896429755,0.001169817353554807,1.256749297253004e-06,2.6338104768296984e-06,2.9182831295136189e-06,1.2549346005921819e-06,2.6360468262329456e-06,2.9195211459854581e-06
493,0.98600004683248699,16,61,754,644,3.8764639641626805e-05,-9.2020997759127831e-06,3.9841886587246821e-05,-0.006903097098973493,-0.0099274573660336311,0.012091615248273147,1.0914490062471912e-05,-1.0072177873969098e-06,1.0960865887102481e-05,1.0912331939128019e-05,-1.0049462131871065e-06,1.0958508349274211e-05
493,0.98600004683248699,17,66,2759,645,4.5315830261087429e-05,-5.7490477818141282e-06,4.5679054528845815e-05,-0.0087532849550697733,-0.006501819438539622,0.010903836642027544,1.0641173016713231e-05,2.3775572561202895e-06,1.0903547206196522e-05,1.063903360712892e-05,2.37959817660292e-06,1.0901904584782906e-05
493,0.98600004683248699,18,71,4379,646,6.6359062786665061e-05,-2.4656958252197029e-05,7.0791883745067435e-05,-0.014710410798624276,-0.0011014898701847539,0.014751591975051416,1.2099885225513794e-05,-3.0358924183944124e-07,1.2103693192508131e-05,1.2097711600533454e-05,-3.0170336361618754e-07,1.2101473087574876e-05
493,0.98600004683248699,19,76,6105,647,4.1422557084293542e-05,-2.1165829774330674e-06,4.1476597725728621e-05,-0.0084770628786290467,-0.0051468176090445341,0.0099171733144581813,9.5272425504967133e-06,3.5193667526155556e-06,1.0156490188810841e-05,9.525142876375769e-06,3.521381447414272e-06,1.0155219057881789e-05
493,0.98600004683248699,20,138,20234,648,0.00018785495439206407,0.001503247816077903,0.0015149400913675199,-0.033794845864175194,0.21317884388951028,0.21584093932581824,0.00018877632950855511,0.0014958871614344622,0.001507751604982457,0.00018877461337002223,0.0014958874518314741,0.0015077516782281697
493,0.98600004683248699,21,136,18301,649,-0.00010473790427762045,-0.00057006388136552179,0.00057960577760232147,-0.001959481492170765,0.13649357425633263,0.1365076385444681,-9.3846339113510163e-05,-0.00055493959522358435,0.00056281887824763269,-9.3847314725183453e-05,-0.00055493944247976394,0.00056281889031986024
493,0.98600004683248699,22,92,47596,650,0.00010311514545851788,0.00025375204983809447,0.00027390296825694692,-0.016372783203499941,-0.0082110282154442445,0.018316359195637961,0.00010202604257644251,0.0002804490996180439,0.00029843091468609881,0.00010202523061073,0.00028044793181431979,0.00029842953965735695
493,0.98600004683248699,23,112,51583,651,-0.00011231009388909,0.00014225940361994795,0.00018124926236451135,-0.0012283418442011287,0.0025378219259312978,0.0028194616177478053,-0.00011719004128318036,0.00014289873597051939,0.00018480680322413928,-0.00011719183453040337,0.00014289714068095087,0.00018480670684635042
493,0.98600004683248699,24,122,49892,652,-0.00035927060295043353,-1.3630838914926567e-05,0.000359529089106699,0.0078133117582990328,-0.0018783650383093723,0.0080359253262780438,-0.00038142974690253816,-1.2822542092756292e-05,0.00038164521405076578,-0.00038143178056109476,-1.2824079613179808e-05,0.00038164729822171196
493,0.98600004683248699,25,104,54177,653,-0.00021210641558399757,0.00013085982524640996,0.0002492256515598112,0.006062815909389169,-0.0023091322548090287,0.0064876674175963923,-0.00022891794115637948,0.00012822983145768641,0.00026238581032316189,-0.00022892000555659742,0.0001282281987042964,0.00026238681347769957
493,0.98600004683248699,26,111,52655,654,-0.00031145913038572586,3.2310797204479473e-05,0.00031313060776075785,0.0078429479645996392,-0.0060883869067095246,0.0099287606427594776,-0.00033451695786554218,2.7522892509140854e-05,0.00033564729212625364,-0.000334519098371464,2.7521210982361396e-05,0.00033564928754459294
493,0.98600004683248699,27,116,51774,655,-0.00071433109999914787,-0.00041258916131800652,0.00082492347309498265,0.010883645887045882,-0.0083073959095789594,0.013691843359938791,-0.00075764043810818229,-0.00042301308330629494,0.00086773216034964206,-0.00075764270988994359,-0.00042301489456435959,0.00086773502687898538
493,0.98600004683248699,28,121,50655,656,-0.00070923093468276796,-0.00041004861128955705,0.00081923646301387658,0.012326404858942847,-0.0048647665856564942,0.013251649356947601,-0.00075032028370751165,-0.00041759638531073184,0.00085870091951011085,-0.00075032248104671591,-0.0004175981235057759,0.00085870368481778662
493,0.98600004683248699,29,126,47936,657,-0.00051046602148678696,-0.00019289172842902204,0.00054569476631985794,0.009905674028935902,-0.0011681087713456041,0.0099743098041533557,-0.00053864703062172874,-0.00019321107888105042,0.00057225094547758073,-0.00053864905377832694,-0.00019321263891699492,0.00057225337655059409
493,0.98600004683248699,30,152,34831,658,-0.00017485500478914271,0.0013628764157089463,0.0013740474508529448,0.032273925121675193,0.21759882270437708,0.21997921239310417,-0.00017609263447926858,0.0013723229291248825,0.0013835746592503588,-0.00017609148866123565,0.0013723230141731463,0.0013835745977749806
493,0.98600004683248699,31,150,36891,659,-0.00014738747965996408,-0.00057780161967467547,0.00059630343019237669,0.0033555690288275745,0.14040499721817121,0.14044508922472829,-0.00013529075578780155,-0.00056336296539360303,0.00057938020278458643,-0.00013529028678099824,-0.00056336288667037534,0.00057938001672034126
494,0.98800004692748189,0,23,25848,628,-1.7837089923972242e-05,3.6845442192691362e-05,4.0935905844757277e-05,-0.00072517264962256012,0.00048713681251931127,0.00087360039255490209,1.5290444864567589e-05,3.1447195233304735e-05,3.4967467626323263e-05,1.5289405588257711e-05,3.1447111162291644e-05,3.4966937579601878e-05
494,0.98800004692748189,1,20,17765,629,1.0013469405482028e-05,2.5917702107779572e-05,2.7784831330820173e-05,0.0031086640483213709,0.04535733413287938,0.045463738867442378,1.5729575257473856e-05,2.6407396606717774e-05,3.0737113288743025e-05,1.5729044916891341e-05,2.6407367543082676e-05,3.0736816922919033e-05
494,0.98800004692748189,2,20,37608,630,3.5405710364196188e-06,1.9250250550849816e-05,1.957313949100724e-05,-0.0062560177803851194,0.014906114939062983,0.016165705089635014,2.475366307317567e-06,1.8305395468966309e-05,1.8472004266745264e-05,2.4750582999865984e-06,1.830570201771921e-05,1.8472266778873178e-05
494,0.98800004692748189,3,20,15824,631,1.0112259110681081e-05,2.5686487551056515e-05,2.7605315195304939e-05,0.0050902512997133146,0.0092288351665814755,0.010539547278045866,9.1308393358179983e-06,2.6823623856453771e-05,2.8335119970966015e-05,9.1305321432199638e-06,2.6823644976853413e-05,2.8335040975136182e-05
494,0.98800004692748189,4,128,34319,632,-7.4307804741813137e-05,-9.6212180031942849e-08,7.4307867028538868e-05,-0.00048128938384638087,0.005262127626839092,0.0052840918455441749,-7.6668182181374226e-05,-5.5804242954532686e-07,7.6670213057937703e-05,-7.6668175681119112e-05,-5.5797443904474824e-07,7.6670206063017543e-05
494,0.98800004692748189,5,128,21162,633,1.9394351363414119e-06,-9.4055071473397726e-06,9.6033834322459075e-06,-7.4438365824835073e-05,0.0054186568946321218,0.0054191681660611807,5.5933076437414185e-07,-9.8666858446587365e-06,9.882527028101893e-06,5.5935393722715738e-07,-9.8666460422884321e-06,9.8824886011013198e-06
494,0.98800004692748189,6,1,33529,634,-6.2882193172606246e-05,1.5647876964972111e-05,6.4799894071733424e-05,-0.00027509165702740279,0.0044913348266390147,0.0044997515425572766,-6.3459933302224434e-05,1.5554380845876842e-05,6.5338364673607762e-05,-6.3459922280415142e-05,1.5554443583752745e-05,6.5338368904009815e-05
494,0.98800004692748189,7,128,20347,635,1.683571942566694e-06,6.2301550003363085e-08,1.6847243005698626e-06,-6.3498907541767886e-05,0.0046949680178202044,0.0046953974059299368,1.1967747762296858e-06,-2.0053064546885295e-08,1.1969427682296828e-06,1.1968003032986859e-06,-2.0016849720691801e-08,1.1969676855490158e-06
494,0.98800004692748189,8,42,7241,636,3.3153965064338904e-06,3.1990329644522193e-05,3.2161670428633981e-05,0.0013038840837378055,-0.0090834844297471521,0.009176589948847215,-5.7183784742402344e-08,3.3184657468025287e-05,3.3184706737522996e-05,-5.719157808352595e-08,3.3184699059852315e-05,3.318474834271863e-05
494,0.98800004692748189,9,92,47753,637,-0.00022909043545767636,0.00020683849102384562,0.00030864962171888246,-0.019942289029385937,-0.0056791455181096255,0.020735177490135728,-0.00019134733025418633,0.00017295255151837977,0.00025792709410242743,-0.00019134738911140257,0.00017295324955535305,0.00025792760583447972
494,0.98800004692748189,10,136,18300,638,-0.0001007486586592754,-0.00055407761475218475,0.00056316276101240357,-0.0022841744733281435,0.1373235494084471,0.13734254502942203,-0.00010874954356325545,-0.00056708820227194907,0.00057742141662848578,-0.00010874926923492278,-0.00056708826723320441,0.00057742142876125409
494,0.98800004692748189,11,150,36234,639,-0.00011123463499769826,-0.0005481374994355234,0.00055931016646445782,0.0039280276808095916,0.14078410829327309,0.14083889572626324,-0.0001198620180345459,-0.00055272737724951226,0.00056557444861701312,-0.00011986212770118333,-0.00055272732667823289,0.00056557442243609349
494,0.98800004692748189,12,42,6890,640,-1.9501916540349091e-05,1.2883741233334855e-05,2.337339378255272e-05,0.016259074079717918,-0.0084416000244461886,0.018319882666176793,-1.5720684856073658e-05,6.5470928848204577e-05,6.7331882912856741e-05,-1.5720412405366823e-05,6.547048737606184e-05,6.7331390030608189e-05
494,0.98800004692748189,13,62,3413,641,1.1087440621184351e-06,3.5218562696673165e-06,3.6922601451520009e-06,0.0008672000957079736,6.2901448490680642e-05,0.00086947834833200096,1.272085174003263e-05,9.6916388061010519e-06,1.5992120926875679e-05,1.2721548546080953e-05,9.6910155602667753e-06,1.5992297520982632e-05
494,0.98800004692748189,14,72,5299,642,-1.4099252736431935e-05,1.4411853670635405e-05,2.016160841673081e-05,0.013134498289406148,-0.0082553852158378498,0.015513427421955703,-2.2778222886104072e-05,6.1955463224994806e-05,6.6010051213983453e-05,-2.2777850562046741e-05,6.1955019769554116e-05,6.6009506518930841e-05
494,0.98800004692748189,15,54,520,643,1.2547900535540735e-06,2.6384411018735285e-06,2.9216210443097911e-06,0.00076434051676163605,0.00087380595776503651,0.001160927765792996,1.3661222646598229e-05,5.7560982206617366e-06,1.4824360725705292e-05,1.3661921618466603e-05,5.7554599788840014e-06,1.482475705965061e-05
494,0.98800004692748189,16,61,754,644,1.0912140339217642e-05,-1.0025784636499149e-06,1.0958100672952204e-05,-0.0069400748700470345,-0.0099154718587951187,0.012102942674590188,5.6917172903573611e-05,-1.6751622501171842e-05,5.9331116859174835e-05,5.6918017451488449e-05,-1.6752318726769625e-05,5.9332123620608928e-05
494,0.98800004692748189,17,66,2759,645,1.0638853182190873e-05,2.3820082780324684e-06,1.0902254834153716e-05,-0.0087941499243613542,-0.0064883495606382277,0.010928666566108561,6.2394052607971188e-05,-1.2441148606166631e-05,6.3622322965190434e-05,6.2394888529889231e-05,-1.2441802141630909e-05,6.36232705477233e-05
494,0.98800004692748189,18,71,4379,646,1.2097488821127538e-05,-2.9929698227226164e-07,1.2101190621624925e-05,-0.014763269980332352,-0.0010714592626024789,0.014802100035589513,8.363081848168649e-05,-4.3580528179624867e-05,9.430469890907807e-05,8.3631667356869052e-05,-4.358124886466715e-05,9.4305784750958131e-05
494,0.98800004692748189,19,76,6105,647,9.5249675090500682e-06,3.5237667936598685e-06,1.015588196389459e-05,-0.0085153738852915273,-0.0051351463105862097,0.0099439086901193987,5.7115322533735835e-05,-6.7502956481027509e-06,5.7512838214345387e-05,5.7116141652500114e-05,-6.7509298199107805e-06,5.751372610692007e-05
494,0.98800004692748189,20,138,20234,648,0.00018789601463127447,0.0014962252447312478,0.001507977087122148,-0.033793008169189315,0.21316440130652892,0.215826387139047,0.00018443702090435582,0.0015001197064939931,0.0015114152799583899,0.00018443774400926964,0.0015001195424895241,0.0015114152054198106
494,0.98800004692748189,21,136,18301,649,-9.3958650600008746e-05,-0.00055544428704627519,0.00056333523237493276,-0.0019469107738676642,0.13649929539794547,0.13651317923811232,-0.00010213513648464751,-0.00056849770656969257,0.00057759953988878649,-0.00010213486647412302,-0.00056849777037808506,0.00057759955494662634
494,0.98800004692748189,22,92,47596,650,0.00010197169174247259,0.00028042543748376259,0.00029839010021242575,-0.016376605468112745,-0.0081893670016644129,0.018310077513385089,8.4353730043873197e-05,0.00023934813781533712,0.00025377762479774344,8.4354002061051307e-05,0.00023934894199469212,0.00025377847366885617
494,0.98800004692748189,23,112,51583,651,-0.00011723820357168829,0.00014288652256156802,0.00018482790564861712,-0.0012349276925869429,0.0025480898893991896,0.0028315735007900618,-0.00011088592543390241,0.00013706995002381442,0.00017630615320760631,-0.00011088523541113626,0.00013707093668510344,0.00017630648631265596
494,0.98800004692748189,24,122,49892,652,-0.00038144866203419244,-1.2802962802298561e-05,0.00038166346121182814,0.0077982815395605653,-0.001869477426890292,0.0080192356755431158,-0.00033595247328268896,-9.428128392375511e-06,0.00033608474215551494,-0.00033595168178940696,-9.4272334098504021e-06,0.00033608392586807057
494,0.98800004692748189,25,104,54177,653,-0.00022894307458178013,0.00012824020560345148,0.00026241280786610632,0.0060504325108552363,-0.0023009772946837306,0.0064731931903090961,-0.00020279478088533004,0.00012632242461478005,0.00023892065234065851,-0.00020279397557200748,0.00012632342220644292,0.00023892049624560721
494,0.98800004692748189,26,111,52655,654,-0.0003345357064708103,2.7541765112966316e-05,0.00033566752558068818,0.0078270063057944983,-0.0060827920007239002,0.0099127385840148893,-0.0002932003939465295,3.4217707037201601e-05,0.00029519031570375722,-0.00029319955661993489,3.4218695372710026e-05,0.00029518959858900303
494,0.98800004692748189,27,116,51774,655,-0.00075764463793524339,-0.00042297031739926149,0.00086771498015930214,0.010858101335665291,-0.0083073921891704209,0.013671544521386971,-0.00065884145572223194,-0.00038191385777763993,0.00076153152169873377,-0.00065884056427772454,-0.00038191295777209968,0.00076153029910307841
494,0.98800004692748189,28,121,50655,656,-0.00075032751872836968,-0.00041755656540762558,0.00085868787733150433,0.012301904566066557,-0.0048638076827368648,0.013228510162798355,-0.0006538364166044175,-0.0003798477816153935,0.00075616558826505792,-0.00065383555690938446,-0.00037984691975780392,0.00075616441196904821
494,0.98800004692748189,29,126,47936,657,-0.00053866381229482427,-0.00019318581115755244,0.00057225821121989603,0.0098877427033033944,-0.0011619040829506295,0.009955776055371417,-0.00047287683877992573,-0.00017722908364869642,0.00050499767598024897,-0.0004728760524855844,-0.00017722824011667243,0.00050499664366132385
494,0.98800004692748189,30,152,34831,658,-0.00017488427609853774,0.0013728169823150108,0.0013839114772842237,0.032269684532464135,0.21759704184023007,0.21997682868303103,-0.00018254733748592969,0.0013954678618163167,0.0014073571273082767,-0.00018254705153166362,0.0013954677459263951,0.0014073569753064777
494,0.98800004692748189,31,150,36891,659,-0.00013508037435617468,-0.000563939304126271,0.00057989158148280366,0.0033643004531462555,0.14040984057902289,0.14045014008168757,-0.00014446823015879659,-0.0005684416441709575,0.00058651255089128016,-0.0001444683532695792,-0.00056844158308744957,0.00058651252201414228
495,0.99000004702247679,0,23,25848,628,1.5289802991210253e-05,3.1449625599978291e-05,3.4969372683661801e-05,-0.00069874326986262242,0.00048424743633787093,0.00085013983366156293,4.2557749389262883e-05,2.897014156733388e-05,5.148233809289038e-05,4.255754630495389e-05,2.8970211735877379e-05,5.1482209699272445e-05
495,0.99000004702247679,1,20,17765,629,1.5729140532272391e-05,2.6409827259757462e-05,3.0738979127066056e-05,0.0031122164717011236,0.045349299358998035,0.04545596598598195,1.8242910315188913e-05,2.5773674245601668e-05,3.1576669566096053e-05,1.8242725593817986e-05,2.5773465139833228e-05,3.1576392168921717e-05
495,0.99000004702247679,2,20,37608,630,2.4755772258581434e-06,1.8308043957643587e-05,1.8474657132304171e-05,-0.006258636578582528,0.014910787140555952,0.016171026713654887,2.817970731223054e-06,1.7203395219837002e-05,1.7432663770403546e-05,2.8178182167287278e-06,1.7203233641647476e-05,1.7432479663881434e-05
495,0.99000004702247679,3,20,15824,631,9.130608256274801e-06,2.6826083122948253e-05,2.8337373605344632e-05,0.005087409168596603,0.0092284222981738606,0.010537813348230897,8.8612536747979157e-06,2.6367276689799297e-05,2.7816453705056526e-05,8.8611039796978144e-06,2.6367063863103099e-05,2.7816204279160264e-05
495,0.99000004702247679,4,128,34319,632,-7.6663586306053086e-05,-5.9390006962723444e-07,7.6665886694137655e-05,-0.00048447132532715865,0.0052652737504555718,0.0052875154971215674,-7.9457342441317119e-05,-1.9702023087971932e-06,7.9481764984015824e-05,-7.9457340659072018e-05,-1.970217123171324e-06,7.9481763569540001e-05
495,0.99000004702247679,5,128,21162,633,5.6070292500009498e-07,-9.9009835364675861e-06,9.91684742040059e-06,-7.6498746302512693e-05,0.0054220936433055983,0.0054226332657631229,-8.7132482323517433e-07,-1.0495100383745696e-05,1.0531207861042572e-05,-8.7131903493128354e-07,-1.0495120809477501e-05,1.0531227737835757e-05
495,0.99000004702247679,6,1,33529,634,-6.3456221886454669e-05,1.5524785589765951e-05,6.532772048457816e-05,-0.00027652403157519677,0.0044954908027857428,0.0045039874664534541,-6.3759029713353086e-05,1.5006067608762198e-05,6.550111399867169e-05,-6.375903091332165e-05,1.5006050191361612e-05,6.5501111176464555e-05
495,0.99000004702247679,7,128,20347,635,1.1979664204478638e-06,-5.0252963947703936e-08,1.1990199768586832e-06,-6.4669341728762665e-05,0.0046991358448753131,0.0046995808124078104,1.100189515575664e-06,-7.9268022475288126e-08,1.1030414269508453e-06,1.1001938366767748e-06,-7.9291726698369816e-08,1.103047440586474e-06
495,0.99000004702247679,8,42,7241,636,-5.7109288683077602e-08,3.3185898497975248e-05,3.3185947637347494e-05,0.0013000238529957773,-0.0090803614643406184,0.0091729507979406537,-2.1576654299106622e-07,3.3255839246160156e-05,3.3256539194082125e-05,-2.1583952348660372e-07,3.3255670430083688e-05,3.3256370855134533e-05
495,0.99000004702247679,9,92,47753,637,-0.00019137098835681564,0.00017294624458980516,0.00025794041696171072,-0.019936423933391709,-0.0057040003846325314,0.020736359845445435,-0.00014114969462078111,0.0001452934593448371,0.00020256708918264487,-0.00014114978477227882,0.00014529344748536452,0.00020256714349430662
495,0.99000004702247679,10,136,18300,638,-0.00010886102104414196,-0.0005675979841584574,0.00057794307117874295,-0.0022896504252848059,0.13729509298269002,0.13731418374004742,-0.00011819579907934476,-0.00058095295557156006,0.00059285460570643789,-0.00011819634492484423,-0.00058095295995622164,0.00059285471882703942
495,0.99000004702247679,11,150,36234,639,-0.00011963798253209783,-0.00055331569997728997,0.00056610203206286839,0.0039165909871624067,0.14076107852212857,0.14081555635537421,-0.00012806100753238905,-0.00057736568297192276,0.00059139728907380484,-0.00012806004380447772,-0.0005773656326048339,0.00059139703121708753
495,0.99000004702247679,12,42,6890,640,-1.5719943691845252e-05,6.5472747388296311e-05,6.73334781534895e-05,0.016272914996405326,-0.0083947389871589072,0.018310636393712783,-2.4242738936862741e-05,8.3061865376347292e-05,8.6527359089246002e-05,-2.4242765073327177e-05,8.3061540115235668e-05,8.6527054177958906e-05
495,0.99000004702247679,13,62,3413,641,1.2722068151548552e-05,9.6935086748753098e-06,1.5994221721688396e-05,0.0008782749498841355,9.9901192331205464e-05,0.00088393842309471824,1.6310169539043528e-05,1.3214639971582114e-05,2.0991625472337277e-05,1.6310226499272444e-05,1.3214278090343675e-05,2.0991441920613885e-05
495,0.99000004702247679,14,72,5299,642,-2.2777386650212619e-05,6.1957294566782143e-05,6.601148152138608e-05,0.013143854098780069,-0.0082110463493421122,0.015497812191437282,-2.9849178660948186e-05,7.7685126932174528e-05,8.322230718504068e-05,-2.984917940280261e-05,7.7684819032592693e-05,8.3222020037652117e-05
495,0.99000004702247679,15,54,520,643,1.3662476064556632e-05,5.7579569705744401e-06,1.4826237576997399e-05,0.00077546359280373654,0.00090937211721101344,0.0011951156560454392,1.7936227202593899e-05,8.0378325604503749e-06,1.9654897571162908e-05,1.7936285213785477e-05,8.0374696364674911e-06,1.9654802095859331e-05
495,0.99000004702247679,16,61,754,644,5.6918509047444374e-05,-1.6749607156186271e-05,5.9331829670679914e-05,-0.0069199721991058723,-0.0098970139400897661,0.012076294968521153,7.9482336386051158e-05,-2.3173368456630508e-05,8.2791586547258233e-05,7.9482433614315294e-05,-2.3173710688605974e-05,8.2791775680518217e-05
495,0.99000004702247679,17,66,2759,645,6.2395363966585903e-05,-1.2439025859068346e-05,6.3623193953504865e-05,-0.0087741589918930128,-0.0064734381962687658,0.010903727257040521,9.5620957547197345e-05,-2.2764215857271914e-05,9.8293321471193499e-05,9.5621066512105541e-05,-2.2764508199515687e-05,9.8293495178868926e-05
495,0.99000004702247679,18,71,4379,646,8.3632107116845438e-05,-4.3578351709946345e-05,9.4304835923505502e-05,-0.014738303703254555,-0.0010911051444982066,0.014778636827722555,0.0001445684439435983,-7.4007636788229932e-05,0.00016241048392037964,0.00014456858775798684,-7.4007842882249102e-05,0.00016241070584916011
495,0.99000004702247679,19,76,6105,647,5.7116589286583695e-05,-6.7481680708284317e-06,5.7513846541893161e-05,-0.0084971541568078027,-0.0051157272041695186,0.0099182807780399222,8.7612607474770994e-05,-1.4867057024589762e-05,8.8865057098393312e-05,8.761271112429873e-05,-1.4867351674408751e-05,8.8865208582213795e-05
495,0.99000004702247679,20,138,20234,648,0.00018355833308719482,0.0015004599567551727,0.0015116460377586692,-0.033794075459841963,0.21314768879822157,0.21581004790372715,0.00018408147708969235,0.0015012088568314612,0.0015124529817606713,0.00018408010730724316,0.0015012087273049309,0.0015124526864807163
495,0.99000004702247679,21,136,18301,649,-0.00010224437461206264,-0.00056900353901509037,0.00057811671793117105,-0.0019525814174675066,0.13647084860428327,0.13648481634586701,-0.00011187461315340565,-0.00058241416909673169,0.00059306171131920209,-0.00011187515117184924,-0.00058241417144861416,0.00059306181512039694
495,0.99000004702247679,22,92,47596,650,8.4312508450004622e-05,0.00023933190232602444,0.00025374861290680152,-0.016389216712480524,-0.0082239309166394353,0.018336833537181626,9.355498017651018e-05,0.00020701818437457393,0.00022717628172318584,9.355493673792481e-05,0.00020701814515489649,0.00022717622809486669
495,0.99000004702247679,23,112,51583,651,-0.00011091936274301744,0.00013706477574397798,0.00017632316291702588,-0.0012214935200129098,0.002535267364219598,0.002814183190112278,-0.00010153442898857,0.00013802764270361704,0.00017135013983172681,-0.00010153439084222342,0.00013802764157395505,0.00017135011631793422
495,0.99000004702247679,24,122,49892,652,-0.00033596237992511712,-9.4064046530898186e-06,0.00033609403620630699,0.0078371848122161785,-0.001874701279363556,0.0080582858392886075,-0.00031000816341482694,-1.3470154221679623e-05,0.00031030067102503963,-0.00031000808893495387,-1.3470123284858379e-05,0.00031030059527240928
495,0.99000004702247679,25,104,54177,653,-0.00020280910582947491,0.00012633690807213943,0.00023894046904737458,0.0060784810488225564,-0.0023108533398645734,0.0065029204992263449,-0.00018040665155156285,0.00013105010577973885,0.00022298136726849567,-0.00018040658940018511,0.00013105011057819418,0.00022298131980406769
495,0.99000004702247679,26,111,52655,654,-0.00029320980683889876,3.423956270695534e-05,0.00029520219931577043,0.0078651435044773971,-0.006084672102287721,0.0099440292104549591,-0.00026504963457599245,3.8939701576044182e-05,0.00026789477252775668,-0.00026504955881510482,3.8939726979247025e-05,0.00026789470126394814
495,0.99000004702247679,27,116,51774,655,-0.00065883918503293953,-0.00038187177352330567,0.00076150845244731381,0.010930087553696441,-0.0082805288164055635,0.013712547954730833,-0.00061377903238315286,-0.00038261957801467416,0.00072327203877471072,-0.00061377891110477555,-0.00038261946277206579,0.0007232718748914188
495,0.99000004702247679,28,121,50655,656,-0.00065383629667821648,-0.00037980799700586173,0.00075614550018067916,0.01237195695001223,-0.004838575363677604,0.013284469516053089,-0.00061149013111593572,-0.0003842975111126223,0.00072222209707232046,-0.00061149001440363011,-0.00038429739812970143,0.0007222219381357852
495,0.99000004702247679,29,126,47936,657,-0.00047288544267784038,-0.00017720266095859908,0.00050499646033158021,0.0099384110264560226,-0.0011554053671415936,0.010005347334960554,-0.00044259330989429292,-0.00018497924866363804,0.00047969381943000855,-0.00044259322164007638,-0.00018497918226865724,0.00047969371239836247
495,0.99000004702247679,30,152,34831,658,-0.0001813452116574037,0.001395966153692243,0.0014076958435846089,0.032260548660717606,0.21759183483261027,0.21997033796790075,-0.00016919150208635428,0.0012762249820785477,0.0012873911485091181,-0.00016918939309460684,0.0012762249886067074,0.00128739087781447
495,0.99000004702247679,31,150,36891,659,-0.00014425679110921852,-0.00056902098059202809,0.00058702205932574796,0.0033521851657293544,0.14038704787952733,0.14042706419246268,-0.00015354285703282766,-0.00059196480186096624,0.00061155354269932605,-0.00015354190520063229,-0.00059196474084155515,0.00061155324465842669
496,0.99200004711747169,0,23,25848,628,4.2557950559256469e-05,2.897285581293431e-05,5.1484031793957234e-05,-0.00067526384362329129,0.00048211068383436988,0.00082970595392111324,4.1917985050176551e-05,2.8725342833408645e-05,5.0815969847713092e-05,4.1917561925876543e-05,2.8725202440483881e-05,5.0815541451966007e-05
496,0.99200004711747169,1,20,17765,629,1.8242926333987472e-05,2.5776107538009027e-05,3.1578664966054207e-05,0.0031134859014494672,0.045348588681361136,0.045455343908607705,1.7897114554457118e-05,2.5066029361715377e-05,3.0799554174334054e-05,1.7896781197798584e-05,2.5066288963561236e-05,3.079957174453289e-05
496,0.99200004711747169,2,20,37608,630,2.8183653596583189e-06,1.7205722544618919e-05,1.7435024278243195e-05,-0.0062581443258912768,0.014911819396508236,0.016171788030943407,2.7827202912832301e-06,1.7077570489883909e-05,1.7302801682284669e-05,2.7824867353575228e-06,1.7078000929190991e-05,1.7303188959549881e-05
496,0.99200004711747169,3,20,15824,631,8.8613309402353601e-06,2.6369575750703743e-05,2.781865761147499e-05,0.0050861308358555977,0.0092272563490344763,0.010536175141399189,8.9641603793642394e-06,2.5748979830273441e-05,2.7264741583348852e-05,8.9639310653651383e-06,2.57492688235979e-05,2.7264939117748439e-05
496,0.99200004711747169,4,128,34319,632,-7.9452149216006438e-05,-2.0055111765612775e-06,7.9477456490012713e-05,-0.00048756831922048101,0.005260561231216712,0.0052831077344010101,-7.9795463428045441e-05,-1.8033297411065614e-06,7.9815837913610208e-05,-7.9795504770493217e-05,-1.8032643475555881e-06,7.9815877768054213e-05
496,0.99200004711747169,5,128,21162,633,-8.6933696969976265e-07,-1.0529085333920926e-05,1.0564912907159978e-05,-7.803772041491697e-05,0.0054186902578098033,0.0054192521620506301,-1.1931767316118564e-06,-1.0482464483983691e-05,1.0550153191818564e-05,-1.1932147594718693e-06,-1.0482404485678644e-05,1.0550097879337294e-05
496,0.99200004711747169,6,1,33529,634,-6.375474093196815e-05,1.4976944697198874e-05,6.5490273046959647e-05,-0.00027698651332700304,0.0044915353370247359,0.0045000679119661024,-6.3793163692283338e-05,1.5074100604958417e-05,6.5549952272437722e-05,-6.3793198443187478e-05,1.5074166074202736e-05,6.555000114755561e-05
496,0.99200004711747169,7,128,20347,635,1.1019923734812525e-06,-1.090717364566499e-07,1.1073770066714015e-06,-6.4756396677626661e-05,0.0046962702701829366,0.0046967167086715781,9.7162953800610175e-07,-1.0363702831840694e-07,9.7714103013056452e-07,9.7159545474650535e-07,-1.0357554930494039e-07,9.771006202525351e-07
496,0.99200004711747169,8,42,7241,636,-2.1554706797525682e-07,3.3256995022514593e-05,3.3257693522944026e-05,0.0012998497913205768,-0.0090811297619457151,0.0091736866762110632,5.5555012038926736e-07,3.2774080986237249e-05,3.2778789184908927e-05,5.5549053810644959e-07,3.2774328251975042e-05,3.2779035405364437e-05
496,0.99200004711747169,9,92,47753,637,-0.00014116900920508105,0.00014528718518493791,0.00020257604828534569,-0.01991407716462584,-0.0057259452514024593,0.020720929475791638,-0.00014457515852565558,0.00015058723543299251,0.00020875462135739643,-0.00014457523512815539,0.00015058781220220739,0.00020875509046777447
496,0.99200004711747169,10,136,18300,638,-0.00011830543667040125,-0.00058146326681357996,0.00059337653054303957,-0.0022958646893654704,0.13726921838615405,0.13728841652163351,-0.00011790825542909406,-0.0005810764073561508,0.00059291833154681919,-0.0001179080731227041,-0.00058107640930791377,0.00059291829720602065
496,0.99200004711747169,11,150,36234,639,-0.00012783099838757598,-0.00057794256935633228,0.0005919107851889197,0.0039074809641763998,0.1407315972372436,0.14078583333713357,-0.00012718670053062827,-0.00057509325439241473,0.00058898956530614905,-0.00012718694276216589,-0.00057509322648195411,0.00058898959036184214
496,0.99200004711747169,12,42,6890,640,-2.4241205401669537e-05,8.3063686023292766e-05,8.6528677183359825e-05,0.01627250667719277,-0.00838427585263808,0.018305478828274699,-1.600612854381139e-05,7.6299766470336279e-05,7.7960570254384789e-05,-1.6006052363077411e-05,7.6299815671317472e-05,7.7960602766567933e-05
496,0.99200004711747169,13,62,3413,641,1.6311840105941468e-05,1.3216702592162689e-05,2.0994221944417959e-05,0.00087605453293531439,0.00011462526291938076,0.00088352164409019943,1.4645626083482953e-05,1.092902499842346e-05,1.8273969212882053e-05,1.4645921474938909e-05,1.0928979737348029e-05,1.8274178885778713e-05
496,0.99200004711747169,14,72,5299,642,-2.9847614413944907e-05,7.7687022921121778e-05,8.3223516006898152e-05,0.013146500728464528,-0.0082013790709333893,0.015494937885279263,-2.3493601871454822e-05,7.159950051510731e-05,7.5355409911347961e-05,-2.3493462852642302e-05,7.1599526881377791e-05,7.5355391621606115e-05
496,0.99200004711747169,15,54,520,643,1.7937903902404228e-05,8.039904821469171e-06,1.9657275140521693e-05,0.0007733557015100718,0.00092386297761278696,0.0012048244031649176,1.5998506015487387e-05,6.6364371661147425e-06,1.7320349101198138e-05,1.5998803736374721e-05,6.6363817956015431e-06,1.7320602885928345e-05
496,0.99200004711747169,16,61,754,644,7.9483796501068752e-05,-2.3170695159509956e-05,8.2792240097718375e-05,-0.0069177835354412055,-0.0098900666987449658,0.012069347469886083,6.8765592601526007e-05,-1.6756137109128189e-05,7.0777643763118812e-05,6.8765985893479468e-05,-1.6756261683111395e-05,7.077805536672453e-05
496,0.99200004711747169,17,66,2759,645,9.5622312746201522e-05,-2.2761400572785023e-05,9.8293987867860731e-05,-0.0087644403676040757,-0.0064722440242557583,0.010895198835579011,8.1364409687530322e-05,-1.0368392101925211e-05,8.202237937648202e-05,8.1364824552466984e-05,-1.0368545056993197e-05,8.2022810248446335e-05
496,0.99200004711747169,18,71,4379,646,0.0001445699221102086,-7.4004463648309272e-05,0.00016241035379194798,-0.014708631535697913,-0.0011125923647875037,0.014750650949131383,0.00012053296515185181,-4.0707027076386802e-05,0.00012722129437203197,0.0001205334492607619,-4.0707336044026415e-05,0.00012722185189069509
496,0.99200004711747169,19,76,6105,647,8.7614006949469664e-05,-1.4864230457526836e-05,8.8865964017930895e-05,-0.0084890364348848106,-0.0051118673348577986,0.0099093353582360901,7.4577790401351765e-05,-4.3480515308395427e-06,7.4704433424414585e-05,7.4578192709492505e-05,-4.3481869828077371e-06,7.4704842934388531e-05
496,0.99200004711747169,20,138,20234,648,0.00018319598304686698,0.0015015516253445368,0.0015126857081956345,-0.033790138305443161,0.21312801201104611,0.21578999733648824,0.00018554386841761327,0.0014951463653408445,0.0015066151402728272,0.00018554467544646105,0.0014951463774772254,0.0015066152517048943
496,0.99200004711747169,21,136,18301,649,-0.00011198199671434883,-0.00058292033999937101,0.00059357905149450376,-0.0019591210458945992,0.13644499633213583,0.13645906045165718,-0.00011164658243769385,-0.00058252776538213061,0.00059313030339978022,-0.00011164640667331219,-0.00058252776783472994,0.0005931302727239402
496,0.99200004711747169,22,92,47596,650,9.351984850646867e-05,0.00020700177773089396,0.00022714686449172764,-0.016380954935450852,-0.0082521530977314635,0.018342129520469281,9.9245440823730494e-05,0.00021420750148613677,0.0002360815774626006,9.9245502127269888e-05,0.0002142081965101349,0.00023608223386061583
496,0.99200004711747169,23,112,51583,651,-0.00010156051254616855,0.00013802444770477865,0.00017136302364527081,-0.001208801496051456,0.0025270805411808312,0.002801309893330447,-0.00010306885092050616,0.00014021082183447164,0.00017401799501652544,-0.00010306857354549774,0.00014021161104755506,0.00017401846662137483
496,0.99200004711747169,24,122,49892,652,-0.00031001007251660876,-1.344626714693777e-05,0.00031030154231318256,0.0078580735554004081,-0.0018859329320534252,0.0080812166798253128,-0.00031974383214469011,-1.5747208615865143e-05,0.00032013136799408358,-0.00031974347071171455,-1.5746527989381872e-05,0.00032013097351942291
496,0.99200004711747169,25,104,54177,653,-0.00018041291796621521,0.00013106726622799138,0.00022299652294500798,0.0060996763620153596,-0.0023161415075095789,0.0065246121113931108,-0.00018582288679122881,0.00013262475497958468,0.00022829689198239364,-0.00018582254737978647,0.00013262554529623881,0.00022829707483854823
496,0.99200004711747169,26,111,52655,654,-0.00026505033947261903,3.8964208915103365e-05,0.0002678990332773346,0.0078889128129611043,-0.0060890271384094795,0.0099655003317841006,-0.00027369276361109381,3.7484597436523378e-05,0.0002762477581774308,-0.00027369239352947167,3.74853556350864e-05,0.00027624749440127071
496,0.99200004711747169,27,116,51774,655,-0.00061376774291501833,-0.00038257426987404146,0.00072323849054973003,0.01095958422837417,-0.0082881805803899523,0.013740684982633906,-0.00063492051693933148,-0.00039739744596971528,0.00074903190378899128,-0.000634920051410946,-0.00039739686422081779,0.00074903120053587712
496,0.99200004711747169,28,121,50655,656,-0.00061148166379781216,-0.00038425521934657754,0.00072219242501983289,0.01239937782176496,-0.0048494107681081172,0.013313953401027048,-0.00063224154003861015,-0.00039874578141426234,0.0007474808112226455,-0.00063224108762622395,-0.00039874522585831056,0.00074748013219589032
496,0.99200004711747169,29,126,47936,657,-0.00044259385864046295,-0.00018495078474163395,0.00047968335022470845,0.0099595752435449117,-0.0011689193860787335,0.01002793655559225,-0.00045683199545425363,-0.00019252485243599824,0.00049574317027692688,-0.00045683160803927197,-0.000192524254038323,0.00049574258087918955
496,0.99200004711747169,30,152,34831,658,-0.00016799388899766746,0.0012767186362789326,0.0012877237370501867,0.032273189765310212,0.21747909859085585,0.21986067656931951,-0.00016716954514427011,0.0012816177582598055,0.0012924742686454657,-0.0001671696253453955,0.0012816177867684428,0.0012924743072879096
496,0.99200004711747169,31,150,36891,659,-0.0001533253927737794,-0.00059253294332084396,0.00061204898904392957,0.0033422217811403341,0.14035870002990075,0.14039848688827808,-0.00015283533678269422,-0.0005896489062345051,0.00060913419932969435,-0.00015283558830030773,-0.00058964887262182171,0.00060913422989952422
497,0.9940000472124666,0,23,25848,628,4.1917771533470743e-05,2.8727833450202382e-05,5.0817201665133206e-05,-0.0006753095612899412,0.00048089084970393795,0.00082903498894714225,1.6866946371763958e-05,3.095809151050715e-05,3.5254748756456859e-05,1.6867442507732998e-05,3.0957983360302626e-05,3.5254891156950864e-05
497,0.9940000472124666,1,20,17765,629,1.7896890874519353e-05,2.5068876783743761e-05,3.0801741609411975e-05,0.0031151775395865992,0.04534772019855577,0.045454593368653602,1.3951833451642273e-05,2.5210118098394939e-05,2.8813255824314342e-05,1.3952207789749545e-05,2.5210499406383534e-05,2.8813770709985398e-05
497,0.9940000472124666,2,20,37608,630,2.7829866351868764e-06,1.7080508829841111e-05,1.7305744609750514e-05,-0.0062579175518433922,0.014909109631159266,0.016169201652511962,3.205692359011119e-06,1.8114804329445319e-05,1.8396265909002108e-05,3.205947865497631e-06,1.8115021859462593e-05,1.8396524636058204e-05
497,0.9940000472124666,3,20,15824,631,8.9640835985790862e-06,2.5751771489476671e-05,2.7267352816299168e-05,0.0050874583627317097,0.0092260530249367347,0.010535762289054982,9.5195147837368154e-06,2.5519548743979964e-05,2.7237263625668296e-05,9.5197720687045465e-06,2.551991769933282e-05,2.7237699235082389e-05
497,0.9940000472124666,4,128,34319,632,-7.9790276252062438e-05,-1.8385450570479596e-06,7.9811455520540625e-05,-0.00048698344330792083,0.0052583204040939115,0.0052808225065955772,-7.7643238491316338e-05,-6.0700885801151999e-07,7.7645611229309875e-05,-7.7643221259094544e-05,-6.0696269158312982e-07,7.7645593636713767e-05
497,0.9940000472124666,5,128,21162,633,-1.1912054591065478e-06,-1.0516305614017289e-05,1.0583555839755218e-05,-7.7306897038812691e-05,0.005415897588325223,0.0054164493022234349,-3.5500968793973815e-08,-9.8759353686588427e-06,9.8759991760181904e-06,-3.5489166029774519e-08,-9.8758694873988531e-06,9.8759332527635677e-06
497,0.9940000472124666,6,1,33529,634,-6.3788915652402499e-05,1.5044989360631305e-05,6.5539129266193572e-05,-0.00027609878072438858,0.0044891047512958214,0.0044975873537735998,-6.3374392605686588e-05,1.5394998036674536e-05,6.5217479272729613e-05,-6.3374376732677233e-05,1.5395043617482961e-05,6.5217474607956908e-05
497,0.9940000472124666,7,128,20347,635,9.7340256012516885e-07,-1.3336005683367036e-07,9.8249552101620932e-07,-6.3857947992745158e-05,0.0046934516203193527,0.0046938860179812853,1.2459607284230466e-06,-4.0542102294564389e-08,1.2466201501784543e-06,1.2459718341971229e-06,-4.0474608407098008e-08,1.2466290569123803e-06
497,0.9940000472124666,8,42,7241,636,5.5579571232022848e-07,3.2775671395635516e-05,3.2780383529002734e-05,0.0013016024834588043,-0.0090823059282034903,0.0091750994544160872,2.4416861239637164e-06,3.2112050793696669e-05,3.2204745571187354e-05,2.4417633865896895e-06,3.2112324144447462e-05,3.2205023993069054e-05
497,0.9940000472124666,9,92,47753,637,-0.00014459509315102121,0.00015058092025669651,0.00020876387261378846,-0.019912987703620509,-0.0057199736448719958,0.020718232979252158,-0.00018608694495902311,0.0001781481564073619,0.00025761427894339315,-0.00018608685860333445,0.0001781480888935975,0.00025761416987677229
497,0.9940000472124666,10,136,18300,638,-0.00011801760127568954,-0.00058158627541875479,0.00059343976102577362,-0.0022924949523743603,0.13725557629923663,0.13727472002645727,-0.00010929595448497084,-0.0005685314387310356,0.00057894179542710691,-0.00010929602148468223,-0.00056853147968285447,0.00057894184829113539
497,0.9940000472124666,11,150,36234,639,-0.00012695813296621881,-0.00057567057424677006,0.0005895040098081387,0.0039056155484714743,0.1407261728136979,0.14078035923950197,-0.00011950174057178084,-0.00055256763004878984,0.00056534206616651252,-0.00011950220916420772,-0.00055256755623244,0.00056534209306915832
497,0.9940000472124666,12,42,6890,640,-1.6004951353745136e-05,7.630204417237446e-05,7.7962557761522498e-05,0.016287018597977255,-0.0083869864860001801,0.018319621096715036,-1.4929769819577647e-05,4.330674362527462e-05,4.5807991336565236e-05,-1.4929828580536205e-05,4.3307393139770979e-05,4.5808624537382455e-05
497,0.9940000472124666,13,62,3413,641,1.4647168977377413e-05,1.0931292754171527e-05,1.8276562048953578e-05,0.00086728785481521601,0.00012514330457862421,0.00087626997540189494,7.7571905391465796e-06,6.6172681838704488e-06,1.0196187683535907e-05,7.7568975845692518e-06,6.6180191441427716e-06,1.0196452203082036e-05
497,0.9940000472124666,14,72,5299,642,-2.3492298650564089e-05,7.1601878388835715e-05,7.535726298570639e-05,0.013158561416069829,-0.0082030716059946877,0.015506067274249712,-1.6759866794654922e-05,4.1755072207126037e-05,4.4993101582319102e-05,-1.6759990467325554e-05,4.1755691494434388e-05,4.4993722369273069e-05
497,0.9940000472124666,15,54,520,643,1.6000064069735536e-05,6.6386156476546031e-06,1.7322623010183147e-05,0.00076406025738234482,0.0009353478228995005,0.0012077514755586144,8.4343166988072742e-06,4.1431508739520256e-06,9.3969887378941061e-06,8.4340214922290518e-06,4.1439067240923635e-06,9.3970570642813194e-06
497,0.9940000472124666,16,61,754,644,6.876729439577165e-05,-1.6753801736304597e-05,7.0778744345559926e-05,-0.0069411868784466429,-0.0098692142850757576,0.012065714478896939,3.7959398210941909e-05,-8.5660026987516317e-06,3.8913909014282796e-05,3.7959004899965464e-05,-8.5652716151505932e-06,3.8913364424538091e-05
497,0.9940000472124666,17,66,2759,645,8.1366070294943809e-05,-1.0366019860886963e-05,8.2023726829485375e-05,-0.0087909492680506816,-0.0064467622702545288,0.010901446362873971,4.2902951739159376e-05,-2.9147557203538886e-06,4.3001849597918158e-05,4.290254047184873e-05,-2.9141214533621955e-06,4.3001396288766766e-05
497,0.9940000472124666,18,71,4379,646,0.00012053463730502133,-4.0704665374493243e-05,0.00012722212297199928,-0.014743213739336852,-0.0010676539441353326,0.014781821143154137,6.0121050984062955e-05,-1.6751699381576496e-05,6.2411218571655915e-05,6.0120577979216334e-05,-1.6751203840115393e-05,6.2410629917091274e-05
497,0.9940000472124666,19,76,6105,647,7.4579455030445891e-05,-4.3455854117480615e-06,7.4705951738861465e-05,-0.0085136951773056909,-0.005087986599730936,0.0099181960663781866,3.9221033415348162e-05,4.2851869220168817e-07,3.9223374286736519e-05,3.9220634802509143e-05,4.2915310014442179e-07,3.9222982633848169e-05
497,0.9940000472124666,20,138,20234,648,0.00018466001621084138,0.0014954888606201844,0.0015068464599374567,-0.033785631604772638,0.21310248260632239,0.2157640771674269,0.00018659826155500346,0.0014857547525779237,0.0014974264910249306,0.00018659799753399539,0.0014857546299191281,0.0014974263364218696
497,0.9940000472124666,21,136,18301,649,-0.00011175363390912498,-0.00058303352288945965,0.00059364717088923179,-0.001955827030985095,0.13643146777599624,0.1364454860333893,-0.00010284341731698837,-0.00056991876387959444,0.00057912361884789433,-0.00010284348225951787,-0.00056991880354377816,0.00057912366941443119
497,0.9940000472124666,22,92,47596,650,9.920832573705555e-05,0.00021419083516377251,0.00023605085418973616,-0.016379675975737529,-0.0082429798727158814,0.01833686184307861,9.8605174946301351e-05,0.00024845545087953875,0.00026730711101268065,9.8605106962541209e-05,0.00024845541929005034,0.00026730705657293996
497,0.9940000472124666,23,112,51583,651,-0.00010309541225960258,0.00014020875938012715,0.00017403206668856118,-0.001212111704423769,0.0025383794428328324,0.0028129317410483701,-0.00011078983075178155,0.00014115243850702739,0.00017943911918667164,-0.00011079012981447634,0.00014115230719660869,0.0001794392005422291
497,0.9940000472124666,24,122,49892,652,-0.00031974387561403797,-1.5721298856400148e-05,0.00032013013796020149,0.0078524923946367425,-0.0018800067755222532,0.0080744078596413169,-0.00034879441095518306,-1.8044186301112255e-05,0.00034926083916299918,-0.00034879479362075053,-1.8044355553174829e-05,0.00034926123006178534
497,0.9940000472124666,25,104,54177,653,-0.00018582745084545681,0.00013264387283478884,0.0002283117134277878,0.0060959378567624675,-0.0023053756689195696,0.0065173012304447107,-0.00020979646436877246,0.000129080336073742,0.0002463255764685182,-0.0002097968292107848,0.00012908019213430806,0.00024632581177848394
497,0.9940000472124666,26,111,52655,654,-0.00027369116158760382,3.7511851355138507e-05,0.00027624987044931235,0.0078840627634583615,-0.0060808148777217576,0.0099566437736454631,-0.0003051753860349478,2.9279109386009618e-05,0.00030657671550203764,-0.00030517578087462053,2.9278930934549906e-05,0.00030657709149430024
497,0.9940000472124666,27,116,51774,655,-0.00063490580663439161,-0.00039734894729136569,0.00074899370438717575,0.010949393995275218,-0.0082940589096207121,0.013736107238225381,-0.00068904618146967795,-0.00042156166645261541,0.00080777402707703509,-0.00068904666506989923,-0.00042156198565250806,0.00080777460618122634
497,0.9940000472124666,28,121,50655,656,-0.00063222987674376721,-0.00039870032898616783,0.00074744670002690995,0.012389017068573951,-0.0048551639832594114,0.013306403016208253,-0.00068303919910433337,-0.00041933978404700252,0.00080149136114974812,-0.00068303966805343167,-0.00041934009150170376,0.00080149192165311276
497,0.9940000472124666,29,126,47936,657,-0.00045683052254480682,-0.0001924939492682814,0.00049572981233073012,0.0099523513178091938,-0.0011679073958617303,0.010020643913362401,-0.00049193278494166564,-0.00019985751251116348,0.00053098106388798174,-0.00049193318975790444,-0.00019985773394263866,0.00053098152227932843
497,0.9940000472124666,30,152,34831,658,-0.00016597381411619024,0.00128211212705575,0.0012928104320880519,0.03227200505509973,0.21747436690899505,0.21985582223981376,-0.00017530071099219828,0.0013647199372059371,0.0013759327186609624,-0.00017530200608800481,0.0013647200658861069,0.0013759330112947574
497,0.9940000472124666,31,150,36891,659,-0.00015261933842568659,-0.00059021748096219886,0.00060963049242541815,0.0033402497945211663,0.14035340866160365,0.1403931500879616,-0.00014456774612884568,-0.00056788089155199346,0.00058599363495746382,-0.0001445682013567392,-0.00056788082844571545,0.00058599368610908668
498,0.9960000473074615,0,23,25848,628,1.6867914772645778e-05,3.0960477652120434e-05,3.5257307401795314e-05,-0.00069347061840841287,0.0004851880257264204,0.00084635035233882202,4.2975544737318168e-05,2.8851009764746885e-05,5.1761744656790265e-05,4.297529708696204e-05,2.8850872097787022e-05,5.1761462310443991e-05
498,0.9960000473074615,1,20,17765,629,1.395237489124548e-05,2.5213006698300356e-05,2.8816045389234031e-05,0.0031100267890149312,0.045356322888101312,0.045462823191681503,1.7531103914607176e-05,2.5901853179793915e-05,3.1276918048496324e-05,1.7531003112978231e-05,2.5902135155633417e-05,3.1277095066005617e-05
498,0.9960000473074615,2,20,37608,630,3.2065279782694994e-06,1.8117312878001485e-05,1.8398881694136293e-05,-0.0062600275841402349,0.014910113882468979,0.016170944355305625,2.9396515668925219e-06,1.7485232473875206e-05,1.7730620575721363e-05,2.9396217698834997e-06,1.7485614564797997e-05,1.7730992438627028e-05
498,0.9960000473074615,3,20,15824,631,9.519918638160878e-06,2.5522261349589387e-05,2.7239946315548185e-05,0.005088441360673315,0.0092302265128538612,0.010539891695819328,8.9667938055634926e-06,2.6428475168596082e-05,2.790820114032059e-05,8.9667571133608632e-06,2.6428781701625405e-05,2.7908479631864174e-05
498,0.9960000473074615,4,128,34319,632,-7.7638442410358759e-05,-6.4270919363511822e-07,7.7641102613333464e-05,-0.00048490858748264775,0.0052611207216172896,0.0052834200652271861,-7.9713995922413414e-05,-1.6084953759749508e-06,7.9730222646704523e-05,-7.9713949807983797e-05,-1.6084187236817912e-06,7.9730174995295541e-05
498,0.9960000473074615,5,128,21162,633,-3.3957155177133149e-08,-9.9100944481685769e-06,9.9101526254649262e-06,-7.6148464070457968e-05,0.0054178933913363652,0.0054184284980487241,-1.0571155864347352e-06,-1.0423764881043583e-05,1.047723091557883e-05,-1.0570825824837407e-06,-1.0423687459076878e-05,1.04771505587496e-05
498,0.9960000473074615,6,1,33529,634,-6.3370454128493868e-05,1.5365577929263995e-05,6.520671316323059e-05,-0.00027591627317088085,0.00449145999955865,0.0044999269680113581,-6.3707907837362094e-05,1.5201987851069834e-05,6.5496549188777094e-05,-6.3707870487280163e-05,1.5202061118295061e-05,6.5496529864325184e-05
498,0.9960000473074615,7,128,20347,635,1.2473365736268449e-06,-7.0554439078539451e-08,1.2493304033684783e-06,-6.3743512046375938e-05,0.0046951315442797662,0.0046955642316359502,1.0994104809369994e-06,-8.630101197566877e-08,1.1027924873983088e-06,1.0994401840210798e-06,-8.6224161936513329e-08,1.1028160881769725e-06
498,0.9960000473074615,8,42,7241,636,2.4419195471620791e-06,3.2113544426476349e-05,3.2206252602655938e-05,0.0013028991543392557,-0.0090808557733629454,0.009173848035747981,5.2908148503391267e-07,3.3219938461826596e-05,3.3224151435745527e-05,5.2912180624451772e-07,3.3220191885679435e-05,3.3224405469582225e-05
498,0.9960000473074615,9,92,47753,637,-0.00018611212890509926,0.00017813978798575909,0.00025762668454412771,-0.019937053519759645,-0.0057022863863617212,0.020736493750917649,-0.00014477328835408652,0.00015116525074360194,0.00020930895359069456,-0.00014477324297111066,0.00015116569269802051,0.00020930924138519208
498,0.9960000473074615,10,136,18300,638,-0.00010940744331108323,-0.00056903972718210926,0.00057946199164686995,-0.0022815078780918721,0.13726005115283896,0.13727901121685632,-0.00011842526854809783,-0.00058026739001404242,0.0005922286620422874,-0.000118425192241407,-0.00058026739341413957,0.00059222865011501595
498,0.9960000473074615,11,150,36234,639,-0.00011927652851131027,-0.00055315212878088136,0.00056586585674391965,0.0039094836330479171,0.14072683245255124,0.14078112598784503,-0.00012698698822073264,-0.00057638305452420891,0.00059020599854629546,-0.00012698602615516638,-0.000576383006461054,0.00059020574461433699
498,0.9960000473074615,12,42,6890,640,-1.4929673084835086e-05,4.3309930413752785e-05,4.5810972603342065e-05,0.016290645503637791,-0.0084128729891400477,0.018334709238397983,-1.9508854019423305e-05,7.1022883714502534e-05,7.3653549787331486e-05,-1.9508731922350195e-05,7.1023062994582736e-05,7.3653690324046849e-05
498,0.9960000473074615,13,62,3413,641,7.7570349014702455e-06,6.6205847091629506e-06,1.0198222019245795e-05,0.0008495086356843937,0.00012223386378794674,0.00085825756015248144,1.1852746696660628e-05,9.4206241332248401e-06,1.5140533785659531e-05,1.1852988373468257e-05,9.4207512713732565e-06,1.5140802089012805e-05
498,0.9960000473074615,14,72,5299,642,-1.6759821755652318e-05,4.1758105690298184e-05,4.499589999236986e-05,0.0131631606505868,-0.0082267995287970894,0.015522532937641741,-2.5138716413897602e-05,6.681497491377692e-05,7.1387645539455942e-05,-2.5138566478819262e-05,6.6815129307523771e-05,7.1387737245209962e-05
498,0.9960000473074615,15,54,520,643,8.4341462751279703e-06,4.1465338658050323e-06,9.3983278560881801e-06,0.0007457045136822117,0.0009340898280242667,0.0011952401551756984,1.3161635946467829e-05,5.3005215383411835e-06,1.4188875549731658e-05,1.316187820248448e-05,5.3006418457716747e-06,1.4189145210130942e-05
498,0.9960000473074615,16,61,754,644,3.7959084864484675e-05,-8.5626316522463316e-06,3.8912861428597104e-05,-0.006979777395020606,-0.0098567037314228074,0.012077744033265687,6.4021563476476351e-05,-1.7240472547613172e-05,6.6302296216929732e-05,6.4021846271585444e-05,-1.7240412036204138e-05,6.630255354962289e-05
498,0.9960000473074615,17,66,2759,645,4.2902631051606996e-05,-2.9113648536959003e-06,4.3001299939207054e-05,-0.0088327672212065705,-0.0064358918754254917,0.010928791379479668,7.6422890995583325e-05,-1.1266661365614823e-05,7.7248921846523192e-05,7.6423170674988746e-05,-1.126664476779288e-05,7.7249196114536332e-05
498,0.9960000473074615,18,71,4379,646,6.0120626487962812e-05,-1.6748542686851786e-05,6.2409962437406035e-05,-0.014795152677082932,-0.0010420359860277978,0.014831803050687101,0.00011476281969771325,-4.0784705367607003e-05,0.00012179448664406921,0.00011476310139282538,-4.0784842102692714e-05,0.00012179479786362592
498,0.9960000473074615,19,76,6105,647,3.9220700081457616e-05,4.3178662959218221e-07,3.9223076811656984e-05,-0.0085531054006449739,-0.0050792888779420519,0.0099476020979997002,6.9862541726279737e-05,-5.4624348543740125e-06,7.0075765646865809e-05,6.9862816766358136e-05,-5.462404505695055e-06,7.0076037484389546e-05
498,0.9960000473074615,20,138,20234,648,0.00018571710402538012,0.0014860976263801988,0.0014976571696688247,-0.033782805097727929,0.21308449512831296,0.21574586898561718,0.00018275846062174256,0.0014841939950116898,0.0014954037815110637,0.00018275855901262643,0.0014841938883145517,0.0014954036876384383
498,0.9960000473074615,21,136,18301,649,-0.00010295255211160265,-0.00057042292860221618,0.00057963915107713459,-0.0019446704792221755,0.13643604894242403,0.13644990727110182,-0.00011216770673772387,-0.00058168840614242819,0.00059240441952716609,-0.00011216763036423195,-0.00058168840817427597,0.00059240440706146845
498,0.9960000473074615,22,92,47596,650,9.8560090663549224e-05,0.00024843549320933538,0.00026727193222965401,-0.016387746607768972,-0.0082166165618430508,0.018332240086928738,9.9833862733116532e-05,0.00021514374310839372,0.0002371784778324232,9.9834001281179623e-05,0.00021514428657082746,0.0002371790291233205
498,0.9960000473074615,23,112,51583,651,-0.00011082567413114869,0.00014114653420998474,0.00017945660803133986,-0.0012242917328967482,0.002549264706880266,0.0028280100411746511,-0.00010382554600931055,0.00014150715777611159,0.00017551073957454796,-0.00010382529027902008,0.0001415077530477851,0.00017551106823831855
498,0.9960000473074615,24,122,49892,652,-0.00034880372217408617,-1.8018728194415702e-05,0.000349268823641964,0.0078298100911500679,-0.00187456558286589,0.0080510820507519835,-0.00032156348215549291,-1.5499453128897667e-05,0.00032193680451799995,-0.00032156319863709166,-1.5498951439434436e-05,0.00032193649717520318
498,0.9960000473074615,25,104,54177,653,-0.00020981047942019256,0.00012909778092800323,0.00024634665476735371,0.0060748779577346184,-0.0022992061758779635,0.0064954207901078507,-0.00018669657647578516,0.00013403955812088427,0.00022983083955165941,-0.00018669628829509429,0.00013404015144626621,0.00022983095149022671
498,0.9960000473074615,26,111,52655,654,-0.00030518329722370241,2.9304992775336009e-05,0.00030658706350055473,0.0078587456020476534,-0.0060803327265548076,0.0099363136274634948,-0.00027504394407009032,3.8320571892511997e-05,0.00027770062549407437,-0.00027504364722735644,3.8321132323790659e-05,0.0002777004088270379
498,0.9960000473074615,27,116,51774,655,-0.00068904174819698434,-0.00042151217962775616,0.00080774442018060276,0.010912388826829038,-0.0083095388956561343,0.01371600038518246,-0.0006385288458248395,-0.00039939604872612572,0.00075315090831017627,-0.00063852853547745531,-0.00039939565808698208,0.00075315043803858821
498,0.9960000473074615,28,121,50655,656,-0.00068303706687156238,-0.00041929324181860464,0.0008014651941009429,0.012354939426633604,-0.004867967225239982,0.013279368702682976,-0.0006359420078302664,-0.00040086705706710761,0.00075174239920655953,-0.00063594170652690426,-0.00040086668433074999,0.00075174194555490943
498,0.9960000473074615,29,126,47936,657,-0.00049194076973752237,-0.00019982666203866931,0.00053097685052313018,0.0099272826423585335,-0.0011684123170808091,0.0099958055205160521,-0.00045959865503488438,-0.00019348037270387067,0.00049866379288204127,-0.00045959837373371566,-0.00019347994714187701,0.00049866336850093538
498,0.9960000473074615,30,152,34831,658,-0.00017410452140569714,0.0013652181961402083,0.0013762750842205315,0.032259788435939289,0.21751787145681642,0.21989706308415233,-0.0001635077358274498,0.0012387932327247138,0.0012495372956098454,-0.0001635061154629404,0.0012387932393275037,0.0012495370901247031
498,0.9960000473074615,31,150,36891,659,-0.00014435499968717762,-0.00056845650333434096,0.00058649907256345317,0.0033447898543825186,0.14035348483459625,0.14039333433032075,-0.000152629556357063,-0.00059065413570461283,0.0006100558085115796,-0.00015262859318755344,-0.00059065408566059345,0.00061005551908491359
499,0.9980000474024564,0,23,25848,628,4.2975681718251227e-05,2.8853516256158347e-05,5.1763255495504018e-05,-0.00067357279151833037,0.00048382121876118983,0.0008293270025733874,3.8323531020933096e-05,2.9400152429705437e-05,4.8301780430977239e-05,3.8325068572760422e-05,2.9400185914101022e-05,4.8303020742915166e-05
499,0.9980000474024564,1,20,17765,629,1.7531214611919922e-05,2.5904767777817124e-05,3.1279393846298026e-05,0.0031148580595010021,0.04535647390426141,0.045463304606669155,1.6503299474580013e-05,2.5296004040748326e-05,3.0203422222940708e-05,1.6504200125572143e-05,2.5296246483425863e-05,3.0204117400367305e-05
499,0.9980000474024564,2,20,37608,630,2.9401937545052766e-06,1.7488048877864747e-05,1.7733487893491746e-05,-0.0062600355510340697,0.01491244585631434,0.016173097616650842,3.0523633152910323e-06,1.7376947247482077e-05,1.7642993437914934e-05,3.0529302948668417e-06,1.7376684396486208e-05,1.7642832652394653e-05
499,0.9980000474024564,3,20,15824,631,8.9669789987856765e-06,2.6431323150055216e-05,2.7910957630065437e-05,0.0050879802262113437,0.0092306571478343973,0.010540046212573448,9.1008110534376597e-06,2.5777948903920138e-05,2.7337289761852593e-05,9.1013706437344895e-06,2.5778129427064589e-05,2.7337646284073637e-05
499,0.9980000474024564,4,128,34319,632,-7.9708598285134084e-05,-1.643482938054878e-06,7.972553967674699e-05,-0.00048761068169437275,0.0052582285711216389,0.0052807889451352208,-7.9669163206333809e-05,-1.5415047474836123e-06,7.9684074964097855e-05,-7.9669216766008408e-05,-1.5415468540781095e-06,7.968412932832079e-05
499,0.9980000474024564,5,128,21162,633,-1.0550219688799882e-06,-1.0457378956503915e-05,1.0510463643186741e-05,-7.7634848167209801e-05,0.0054156548529784619,0.0054162112824592719,-1.1026129529260347e-06,-1.0359126341213965e-05,1.041764147382666e-05,-1.1026864673017722e-06,-1.0359134950380657e-05,1.0417657815716953e-05
499,0.9980000474024564,6,1,33529,634,-6.3703502664360314e-05,1.5173062077888125e-05,6.5485556151930228e-05,-0.00027683696128610918,0.0044893187710909194,0.0044978463437075535,-6.3716980692924761e-05,1.5167367610670471e-05,6.54973485635851e-05,-6.3717028237660799e-05,1.5167328745472253e-05,6.5497385815863619e-05
499,0.9980000474024564,7,128,20347,635,1.1013170374467349e-06,-1.1587869203643001e-07,1.1073965361326207e-06,-6.4302357699746933e-05,0.0046933919215780932,0.0046938323918457349,1.0517727032429663e-06,-9.5036386292200031e-08,1.0560576376346592e-06,1.0517047655310164e-06,-9.5040603635992994e-08,1.0559903551548869e-06
499,0.9980000474024564,8,42,7241,636,5.2943129208737015e-07,3.3221501992607956e-05,3.3225720340391355e-05,0.0013015499277917761,-0.0090800966505352569,0.0091729050686026603,1.3626454293400486e-06,3.265598383737993e-05,3.2684401217604104e-05,1.362722464829365e-06,3.2656080671077349e-05,3.2684501178877771e-05
499,0.9980000474024564,9,92,47753,637,-0.00014479407280459594,0.00015115870150490129,0.00020931860060680339,-0.01991943542982216,-0.0057232260770339804,0.020725328093221976,-0.00015149069317937759,0.00015773519440038131,0.0002187003010343022,-0.00015149055745957798,0.00015773428897643781,0.00021869955399660991
499,0.9980000474024564,10,136,18300,638,-0.00011853501375815247,-0.00058077538828376957,0.00059274834552515518,-0.0022876855150651739,0.13723656833795472,0.13725563447157263,-0.00011733709801971548,-0.0005785316296431361,0.00059031080040029013,-0.00011733793142210488,-0.0005785316227878782,0.00059031095933922354
499,0.9980000474024564,11,150,36234,639,-0.00012675577482125494,-0.00057695611763569545,0.00059071599616718619,0.0039011948324542741,0.14070012773544818,0.14075420159232266,-0.00012529224661324989,-0.00057525621311526492,0.00058874260741780069,-0.00012529262164057129,-0.00057525630326374702,0.00058874277531213866
499,0.9980000474024564,12,42,6890,640,-1.9507608834638105e-05,7.1025408424663303e-05,7.3655654530629781e-05,0.016297494224107673,-0.0083919491113733976,0.01833120639436215,-1.5131361297562255e-05,6.1310557217476256e-05,6.3150158519474785e-05,-1.5131731898892947e-05,6.1311520627756316e-05,6.3151182664679869e-05
499,0.9980000474024564,13,62,3413,641,1.1854302138915904e-05,9.4231288713580712e-06,1.5143309972622505e-05,0.00085197296337939687,0.00014300390750317455,0.00086389122457092228,1.0113088307482681e-05,7.7879520930788185e-06,1.2764276435389263e-05,1.0112041277626849e-05,7.7892086542066576e-06,1.2764213656124577e-05
499,0.9980000474024564,14,72,5299,642,-2.5137439040638578e-05,6.6817525379751308e-05,7.1389582849289235e-05,0.013169545105808571,-0.0082069543184497742,0.015517442362678454,-2.067621827881237e-05,5.8053144715079494e-05,6.1625267655589594e-05,-2.0676759827631288e-05,5.8054093021323503e-05,6.1626342691239029e-05
499,0.9980000474024564,15,54,520,643,1.3163213889880931e-05,5.302981199604967e-06,1.4191258207576875e-05,0.00074804069538561666,0.00095441221962775161,0.0012126283713189991,1.1143009945047551e-05,4.3402424470516528e-06,1.1958443675270522e-05,1.1141958195019835e-05,4.3415209296405838e-06,1.1957927763708764e-05
499,0.9980000474024564,16,61,754,644,6.4023137237974138e-05,-1.7237884914443356e-05,6.6303143048546836e-05,-0.0069735072413876897,-0.0098449947439081809,0.012064564838951559,5.3419786762981016e-05,-1.3668545000178296e-05,5.5140753896045537e-05,5.3418481382190337e-05,-1.3667207903536263e-05,5.5139157819628509e-05
499,0.9980000474024564,17,66,2759,645,7.6424396353950825e-05,-1.1264020530158437e-05,7.7250025997209885e-05,-0.0088231814567000834,-0.0064266174125130844,0.010915582549029282,6.2098420051820855e-05,-6.2086277531884542e-06,6.2408018967998399e-05,6.2097101251657461e-05,-6.2074026948419981e-06,6.2406584845467477e-05
499,0.9980000474024564,18,71,4379,646,0.00011476427990196226,-4.078197986418699e-05,0.00012179494990786314,-0.014774429600304921,-0.0010531549287337006,0.01481191767862225,9.0305474012903239e-05,-2.6067206208610469e-05,9.3992435207400409e-05,9.0304069197191754e-05,-2.6065979185643042e-05,9.3990745206523239e-05
499,0.9980000474024564,19,76,6105,647,6.9864030013083077e-05,-5.4597938628091492e-06,7.0077043592701172e-05,-0.0085446832692640771,-0.0050676099285415985,0.009934398953127201,5.674299953038557e-05,-1.5498385676448962e-06,5.6764161187241167e-05,5.6741711600313774e-05,-1.5486379466912849e-06,5.6762840968569525e-05
499,0.9980000474024564,20,138,20234,648,0.00018187452774859342,0.0014845379557852057,0.0014956374179628869,-0.033783420457622677,0.21306332762941321,0.21572505899485853,0.000183402797239493,0.0014733544067400471,0.0014847254944586848,0.00018340140240243174,0.0014733545050442797,0.0014847254197114877
499,0.9980000474024564,21,136,18301,649,-0.00011227524204583509,-0.00058219248212956981,0.00059291973843399778,-0.0019510685306962413,0.13641260240848826,0.13642655446894411,-0.00011109069769843853,-0.00057992776818942813,0.00059047214958226181,-0.00011109152720672768,-0.00057992776222629309,0.00059047229978883772
499,0.9980000474024564,22,92,47596,650,9.9795705069820998e-05,0.00021512651068916777,0.00023714678650928271,-0.016383210380777297,-0.0082461687044835946,0.018341452523821924,0.00010384565204549983,0.00022364008695176474,0.00024657414288718093,0.00010384529326963073,0.00022363907260504042,0.00024657307178582613
499,0.9980000474024564,23,112,51583,651,-0.00010385298546887565,0.00014150485063349708,0.00017552511314227037,-0.0012101898837968497,0.0025374119473847464,0.0028112308595302313,-0.00010526056145586655,0.00014296216476813921,0.00017753300074407812,-0.00010526158802290732,0.00014296086169805517,0.00017753256008562127
499,0.9980000474024564,24,122,49892,652,-0.00032156444491484719,-1.5473209685960529e-05,0.00032193650375715317,0.007854269849944041,-0.0018817825635606251,0.0080765500365106869,-0.00033092720883657673,-1.7342159665713662e-05,0.00033138130310902931,-0.00033092843043759212,-1.7343369344094717e-05,0.0003313825863440835
499,0.9980000474024564,25,104,54177,653,-0.00018670196857840493,0.00013405950645519897,0.00022984685410521336,0.0060985641717034543,-0.0023063056152891476,0.0065200866978514394,-0.0001925669784881778,0.00013457234088097084,0.00023492925772293784,-0.0001925681916808797,0.00013457101641866222,0.00023492949348090776
499,0.9980000474024564,26,111,52655,654,-0.00027504336369195046,3.8348246610655263e-05,0.00027770387092925831,0.0078865165445110852,-0.0060828798579090721,0.0099598479191503209,-0.0002839369409849205,3.6327959644346477e-05,0.00028625147529365768,-0.00028393822004450434,3.6326626237343223e-05,0.00028625257479336148
499,0.9980000474024564,27,116,51774,655,-0.00063851537932998516,-0.00039934663585088737,0.00075311328842766817,0.010950773920888234,-0.0082981270216875742,0.013739663807184926,-0.00065841181560777947,-0.00041196706057860453,0.0007766743062144571,-0.00065841325156721839,-0.00041196836640899751,0.00077667621616798284
499,0.9980000474024564,28,121,50655,656,-0.00063593128926469462,-0.0004008207408520264,0.00075170863435444454,0.01239016087561275,-0.0048595085827836497,0.013309053692494927,-0.00065519051124807832,-0.00041280673847239596,0.000774392671296504,-0.00065519189996042146,-0.00041280798895884055,0.00077439451284341441
499,0.9980000474024564,29,126,47936,657,-0.0004595981790588059,-0.0001934491598588915,0.00049865124450289018,0.0099532244845329156,-0.0011711260813147902,0.010021886745410829,-0.00047268811082486309,-0.00019935878375954995,0.00051300874727168639,-0.00047268935407991154,-0.00019935995952506644,0.00051301034972242045
499,0.9980000474024564,30,152,34831,658,-0.00016231406993007444,0.0012392878174548134,0.0012498720541676176,0.03227026987464722,0.21740335901117244,0.21978532896242936,-0.00016029377359390095,0.0012300327653683705,0.0012404332701652007,-0.00016029469716896625,0.0012300327402156089,0.0012404333645717573
499,0.9980000474024564,31,150,36891,659,-0.00015241098203090412,-0.00059121860027020097,0.00061054773830477845,0.003335940691591609,0.14032779931592765,0.14036744551764516,-0.00015092441370381186,-0.00058945539441630931,0.00060847008197472297,-0.00015092478068921849,-0.00058945549155311626,0.00060847026710285086
500,1.0000000474974513,0,23,25848,628,3.8325416625033026e-05,2.9402796077966477e-05,4.8304885639910574e-05,-0.00067546981254605382,0.00048171002748920719,0.0008296408971625337,1.5005114163919696e-05,3.2582629315237834e-05,3.587173238312389e-05,1.5006456714809026e-05,3.2582637740326654e-05,3.5872301644176608e-05
500,1.0000000474974513,1,20,17765,629,1.6504391547802569e-05,2.5298781012478812e-05,3.0206344715647661e-05,0.0031096245844597263,0.045354165957454111,0.045460643800462899,1.3335593278301009e-05,2.5486767151848993e-05,2.8764793549351885e-05,1.3336478310428818e-05,2.5487086146955585e-05,2.8765486507043012e-05
500,1.0000000474974513,2,20,37608,630,3.053529213016225e-06,1.7379179548803059e-05,1.7645393802470886e-05,-0.0062586955080513734,0.014910174493350685,0.016170484621206248,3.4541330632849312e-06,1.8113953164910936e-05,1.8440345291763521e-05,3.4547101419852094e-06,1.8113804881540558e-05,1.8440307737444569e-05
500,1.0000000474974513,3,20,15824,631,9.1015820730265374e-06,2.578055174288646e-05,2.7340000811991285e-05,0.0050870007529031274,0.0092281585214334088,0.010537385176443965,9.5279226741734238e-06,2.5595526155222183e-05,2.7311394502069843e-05,9.5284926817603022e-06,2.5595790807889399e-05,2.7311841385516194e-05
500,1.0000000474974513,4,128,34319,632,-7.9663959992078086e-05,-1.5766284709906874e-06,7.9679559982187133e-05,-0.00048836416554940202,0.0052548488029552348,0.0052774932970220652,-7.7669905948393552e-05,-8.1624075481846966e-07,7.767419480755579e-05,-7.7669938954435218e-05,-8.1624458971228322e-07,7.7674227852074124e-05
500,1.0000000474974513,5,128,21162,633,-1.1006726182207676e-06,-1.0392906012640173e-05,1.0451027490159673e-05,-7.8410814368308848e-05,0.0054118104640740877,0.005412378474836335,1.4869255583814891e-08,-9.931231967437819e-06,9.9312430987173244e-06,1.4816465402478062e-08,-9.9312206197154712e-06,9.9312316721093956e-06
500,1.0000000474974513,6,1,33529,634,-6.3712685729586072e-05,1.5138440550822115e-05,6.5486477269645344e-05,-0.00027778119854291307,0.0044856211098025529,0.0044942139618592064,-6.3446381801533994e-05,1.5404874843882548e-05,6.5289765910605843e-05,-6.3446409581865943e-05,1.5404870889035834e-05,6.5289791973460558e-05
500,1.0000000474974513,7,128,20347,635,1.0535083909053553e-06,-1.2463486950504811e-07,1.0608552118006167e-06,-6.5202482818338034e-05,0.004689407341038984,0.0046898606134890605,1.2574541260638843e-06,-5.3035570713926532e-08,1.2585720682249542e-06,1.2574055637000985e-06,-5.3020517125190606e-08,1.2585229147139855e-06
500,1.0000000474974513,8,42,7241,636,1.3630595836736652e-06,3.2657383362904304e-05,3.2685816794755851e-05,0.0013027859510239732,-0.0090823861655978059,0.0091753468433203034,2.4685237123254802e-06,3.2182525770890337e-05,3.2277059567320162e-05,2.4686254638067389e-06,3.2182695164918378e-05,3.2277236247216325e-05
500,1.0000000474974513,9,92,47753,637,-0.00015151206718451373,0.0001577267947559757,0.00021870904939329393,-0.019917811168358213,-0.0057148815196600674,0.020721464053539446,-0.00017916304541438623,0.00017785098677772592,0.00025244874794692142,-0.00017916289243496931,0.00017785018756994294,0.00025244807633319026
500,1.0000000474974513,10,136,18300,638,-0.00011744744876913671,-0.0005790385424823875,0.0005908295328624888,-0.0022836910868231364,0.13722988696142241,0.13724888750159256,-0.00011017059274300661,-0.00056762506339870283,0.00057821775491913665,-0.00011017060891339044,-0.00056762514634257184,0.00057821783942453152
500,1.0000000474974513,11,150,36234,639,-0.00012506325462757295,-0.00057582794955403404,0.00058925261573084626,0.0039007271564989762,0.1406942584933073,0.14074832164303425,-0.00011789401811958153,-0.00056611927252210527,0.00057826467143457579,-0.00011789481450122471,-0.00056611926687130491,0.00057826482826571946
500,1.0000000474974513,12,42,6890,640,-1.5131074196644508e-05,6.1313877959577612e-05,6.3153313743511026e-05,0.016301410652898932,-0.0083963397824133364,0.018336698476448358,-1.4214636648406262e-05,3.4665520732340516e-05,3.7466708191280226e-05,-1.4214941946020435e-05,3.4666545428762224e-05,3.7467772104745786e-05
500,1.0000000474974513,13,62,3413,641,1.0112851755744549e-05,7.7916103636851163e-06,1.2766321423697233e-05,0.00084041746586786586,0.00014965142130962675,0.00085363754886705681,4.0767231664813864e-06,3.8143603428862381e-06,5.5829218695508568e-06,4.0757820970975102e-06,3.8156624273339994e-06,5.5831245250655992e-06
500,1.0000000474974513,14,72,5299,642,-2.0676071795205479e-05,5.8056519068149182e-05,6.1628397279102275e-05,0.0131728443194055,-0.0082104058363925789,0.015522067886127901,-1.5642851886091983e-05,3.403770628344554e-05,3.7460169035501156e-05,-1.5643326875411008e-05,3.4038710139391446e-05,3.7461279525457569e-05
500,1.0000000474974513,15,54,520,643,1.1142777402044591e-05,4.3439968226345615e-06,1.1959590152951513e-05,0.00073602776094288823,0.00096173155294653563,0.0012110592243204114,4.5307949877241306e-06,1.8756526329484408e-06,4.9036900412110594e-06,4.5298485111447593e-06,1.8769746077736556e-06,4.9033214469528166e-06
500,1.0000000474974513,16,61,754,644,5.3419296059588823e-05,-1.3664675675869596e-05,5.5139319481008328e-05,-0.0069959392521937456,-0.0098303547823189018,0.012065613998742265,2.7537054198155943e-05,-6.8557664439781096e-06,2.8377647672887794e-05,2.7535852866983562e-05,-6.8544017332960332e-06,2.837615224503806e-05
500,1.0000000474974513,17,66,2759,645,6.2097835332513161e-05,-6.2048160715574644e-06,6.2407058058089695e-05,-0.0088477463197090597,-0.0064111528867933122,0.010926367020916122,2.9391954290052057e-05,9.5909493191809688e-07,2.9407598339152765e-05,2.9390719529343948e-05,9.6033814808147741e-07,2.9406404809347575e-05
500,1.0000000474974513,18,71,4379,646,9.0304871117860498e-05,-2.6063353503817284e-05,9.3990787545792699e-05,-0.014805284548336293,-0.0010291260383287297,0.014841009095070712,3.8328373539317116e-05,-3.2756660289051846e-06,3.8468093351534177e-05,3.832700786373765e-05,-3.2744594840387663e-06,3.8466629910867147e-05
500,1.0000000474974513,19,76,6105,647,5.6742465026943039e-05,-1.5460078969760892e-06,5.6763522421986522e-05,-0.0085680562540223146,-0.0050529634863259905,0.0099470612728702248,2.6639832978406232e-05,3.3135131038623315e-06,2.6845112594415536e-05,2.6638630354628881e-05,3.3147356939735276e-06,2.684407010666336e-05
500,1.0000000474974513,20,138,20234,648,0.00018251798725787475,0.0014736995202078221,0.0014849589528109627,-0.033779536775645186,0.21303992251245099,0.21570133446246523,0.00018341188181213386,0.0014587044254290873,0.0014701899602283619,0.00018341227883806823,0.0014587044647538716,0.0014701900487765018
500,1.0000000474974513,21,136,18301,649,-0.00011119888474815877,-0.00058043060050402687,0.0005909863568397324,-0.0019471015438966626,0.13640600593382604,0.13641990199102635,-0.00010374152906781249,-0.00056895476148866616,0.00057833539185662226,-0.00010374155002110682,-0.00056895484605250799,0.00057833547880742613
500,1.0000000474974513,22,92,47596,650,0.00010380579794067903,0.00022362030933789333,0.0002465394216641148,-0.016379385968636941,-0.008234647123598067,0.018332858423054561,0.00010767905753960014,0.00024903632097198131,0.00027131875828234988,0.0001076787732416409,0.0002490354352359767,0.00027131783245853389
500,1.0000000474974513,23,112,51583,651,-0.0001052907481761253,0.00014295704521775292,0.00017754677814277252,-0.0012126097445716523,0.0025481291392991027,0.0028219469348616947,-0.00011101233162972994,0.0001457438168354166,0.00018320752691858652,-0.00011101324332943188,0.0001457426572426879,0.00018320715688716765
500,1.0000000474974513,24,122,49892,652,-0.00033092993873809641,-1.7316575403229263e-05,0.00033138269136588286,0.0078477093275019574,-0.0018758590844342108,0.0080687910490739312,-0.00035644649191487045,-2.0340986704750676e-05,0.00035702640986142836,-0.00035644761233726425,-2.03420778226585e-05,0.00035702759063002362
500,1.0000000474974513,25,104,54177,653,-0.00019257449294279982,0.00013459011822314728,0.00023494560063022508,0.0060944867812285685,-0.0022977267049222568,0.006513241676544994,-0.00021082363446563268,0.00013426968947338747,0.00024994990370187902,-0.00021082472367380724,0.00013426850828325421,0.00024995018789500335
500,1.0000000474974513,26,111,52655,654,-0.00028393839070506614,3.6354421218149185e-05,0.00028625627269684311,0.007880086189493922,-0.0060770167456953156,0.009951175351751879,-0.00030951627720191981,3.0767412462263602e-05,0.00031104173276677637,-0.00030951743966129645,3.0766214172511889e-05,0.00031104277099619786
500,1.0000000474974513,27,116,51774,655,-0.00065839935246237108,-0.00041191724502033012,0.00077663731823033602,0.010935572419827436,-0.0083043367379909069,0.013731305575481013,-0.00070904346216604406,-0.00043811289734886009,0.00083347797935147817,-0.00070904482615564664,-0.0004381141112038735,0.00083347977775951546
500,1.0000000474974513,28,121,50655,656,-0.00065518101889232066,-0.00041276027264355972,0.00077435987124176652,0.012375959920927923,-0.0048645847180146572,0.013297690342429998,-0.00070370153216365954,-0.00043667757796231555,0.00082818062852527293,-0.00070370285433669422,-0.00043667874177176323,0.00082818236561579893
500,1.0000000474974513,29,126,47936,657,-0.00047268922669658413,-0.00019932791090189811,0.00051299777884463566,0.0099440745668658154,-0.001168909149209556,0.010012540516297219,-0.00050615735482543696,-0.00020978923321880914,0.00054791129776490203,-0.00050615851853083203,-0.000209790310076258,0.00054791278510655237
500,1.0000000474974513,30,152,34831,658,-0.00015910222380963358,0.0012305292493180278,0.0012407722397959908,0.032270614226007216,0.21738726544826492,0.21976946039338172,-0.00015880113306531674,0.0012299888000098086,0.0012401976648955591,-0.00015880301341223967,0.0012299887795476304,0.0012401978853722809
500,1.0000000474974513,31,150,36891,659,-0.00015070812143156033,-0.00059001846182743175,0.00060896200469539848,0.0033355371401245868,0.14032210244579715,0.14036174066611579,-0.00014285516284171161,-0.00058055926141586099,0.00059787678794736795,-0.00014285594540766969,-0.00058055926682347024,0.00059787698018315145
501,1.0020000475924462,0,23,25848,628,1.5007102680606051e-05,3.2584805443505164e-05,3.5874540786710249e-05,-0.0006946191220462937,0.0004856272995109554,0.00084754327248976922,9.7417040121129078e-06,3.1932021123174531e-05,3.3384948256219915e-05,9.7400280743307493e-06,3.1931862927129766e-05,3.3384307943789335e-05
501,1.0020000475924462,1,20,17765,629,1.3336777853443097e-05,2.5489362797243378e-05,2.8767642574976228e-05,0.0031042405709125519,0.045354335699944751,0.045460445183757081,1.307400861065777e-05,2.5986499191532967e-05,2.9089995554882733e-05,1.3073056159361709e-05,2.5986511906846968e-05,2.9089578863065797e-05
501,1.0020000475924462,2,20,37608,630,3.4553649671633466e-06,1.8115911253090704e-05,1.8442499493999131e-05,-0.0062575819972828326,0.014911251635309741,0.016171046898214279,3.3372228728028584e-06,1.8543105363429948e-05,1.8841014118725752e-05,3.3366332230595946e-06,1.8543681628260378e-05,1.8841476842209223e-05
501,1.0020000475924462,3,20,15824,631,9.5287147832088257e-06,2.5597974682653088e-05,2.731396553548186e-05,0.0050860048090931474,0.0092292535462789593,0.010537863442824705,9.5419652343014821e-06,2.6081410039016653e-05,2.7772091209628718e-05,9.5413870235086686e-06,2.6081501629906887e-05,2.7771978568391831e-05
501,1.0020000475924462,4,128,34319,632,-7.7665060713994361e-05,-8.5147885243922593e-07,7.7669728156757321e-05,-0.00048681470218732274,0.0052559009175677605,0.0052783977691677761,-7.6709352160019841e-05,-1.3663108234103294e-07,7.6709473840345189e-05,-7.6709245683829604e-05,-1.3654154621195917e-07,7.6709367204898596e-05
501,1.0020000475924462,5,128,21162,633,1.6429380143842291e-08,-9.9650708567185997e-06,9.9650844002423919e-06,-7.7501242279816898e-05,0.0054141564257259274,0.0054147110952279124,4.9122339183624439e-07,-9.6530862074167652e-06,9.6655767416386947e-06,4.913226843980341e-07,-9.6530258117577644e-06,9.6655214708087913e-06
501,1.0020000475924462,6,1,33529,634,-6.3442409769190605e-05,1.5375695637133808e-05,6.5279027058065637e-05,-0.00027740565748479772,0.004486511669604498,0.0044950796278043744,-6.3252417763374157e-05,1.5581032592348568e-05,6.5143203249120614e-05,-6.3252322528327949e-05,1.5581119371695842e-05,6.5143131534357932e-05
501,1.0020000475924462,7,128,20347,635,1.2588432927572615e-06,-8.2898352467026781e-08,1.2615698841370984e-06,-6.4828460892870876e-05,0.0046915851612800968,0.0046920330406855972,1.3252204035449906e-06,-3.2532728125886543e-08,1.3256196650515036e-06,1.3253140951487712e-06,-3.2475136806006968e-08,1.3257119164096606e-06
501,1.0020000475924462,8,42,7241,636,2.4688140564006832e-06,3.2183686983817394e-05,3.2278239585166639e-05,0.0013034824676807077,-0.0090812550662795217,0.0091743261399613689,2.1369008121716222e-06,3.230967190774892e-05,3.2380260095734858e-05,2.136861549077166e-06,3.2309788984863342e-05,3.2380374326531819e-05
501,1.0020000475924462,9,92,47753,637,-0.00017918834075743951,0.00017784077498097972,0.00025245950706844004,-0.019924626780027873,-0.0057005535896846524,0.020724069666749109,-0.00018912750800874635,0.00018125184350799208,0.00026195695268620774,-0.00018912764187281532,0.00018125305895693732,0.00026195789032136232
501,1.0020000475924462,10,136,18300,638,-0.00011028252148180819,-0.0005681296597840642,0.00057873443380426401,-0.0022743598793441185,0.1372282019836038,0.13724704780982916,-0.00010723308108334473,-0.00056362875748184888,0.00057373888654958707,-0.00010723259658996567,-0.0005636288393741103,0.00057373887644609979
501,1.0020000475924462,11,150,36234,639,-0.00011766645166579178,-0.00056668926393104758,0.00057877639525323653,0.0039049618631806999,0.14069409738245192,0.14074827801936249,-0.00011585392252259982,-0.00055057145774903965,0.00056262870656568456,-0.00011585418741201652,-0.00055057139964398622,0.00056262870425071332
501,1.0020000475924462,12,42,6890,640,-1.4214866119556888e-05,3.4668948986320692e-05,3.7469967208592971e-05,0.016303430297457813,-0.0084161935690077964,0.018347592584725483,-1.4689060386764639e-05,3.4824617748707132e-05,3.7795799983458295e-05,-1.4688630296339177e-05,3.4823852685149114e-05,3.7794927911288575e-05
501,1.0020000475924462,13,62,3413,641,4.0757593868922627e-06,3.8181357274747429e-06,5.5847985651462378e-06,0.00082415048806278111,0.00014964253376828515,0.00083762576063938757,4.2825272222166456e-06,4.0891071174907165e-06,5.9212191673117335e-06,4.2836934121900009e-06,4.0880214296795824e-06,5.9213130688352828e-06
501,1.0020000475924462,14,72,5299,642,-1.5643277139701737e-05,3.4041061859406874e-05,3.7463395630741753e-05,0.013175229908972796,-0.0082283127431725493,0.015533570541049056,-1.6274694766499859e-05,3.4152497180424923e-05,3.7831980564089823e-05,-1.6274080389946846e-05,3.415172415217844e-05,3.7831018425426255e-05
501,1.0020000475924462,15,54,520,643,4.5298266637093614e-06,1.8794372402608812e-06,4.9042444824184408e-06,0.000719097473420164,0.00096317517980183871,0.0012020014988616144,4.6971651934603674e-06,2.0504971287379163e-06,5.125221881013349e-06,4.698336331958822e-06,2.0493849568205253e-06,5.1258504649908145e-06
501,1.0020000475924462,16,61,754,644,2.7535803005727172e-05,-6.8518325937570418e-06,2.8375483380254245e-05,-0.0070301700446390811,-0.009817715725378956,0.012075215646972682,2.7478323348747287e-05,-7.8129873800116509e-06,2.8567481965663891e-05,2.7479767550630305e-05,-7.8142069020664636e-06,2.8569204646699171e-05
501,1.0020000475924462,17,66,2759,645,2.9390675165767968e-05,9.6288401644635181e-07,2.9406443721212154e-05,-0.0088846379179894283,-0.0063993942922014411,0.010949385290546492,2.8299391763133708e-05,-1.0083050848481569e-06,2.831734898092423e-05,2.8300846441997588e-05,-1.0094585914737558e-06,2.8318843832003942e-05
501,1.0020000475924462,18,71,4379,646,3.8326935433585347e-05,-3.2719198060958998e-06,3.8466341637173433e-05,-0.014850598183298059,-0.0010041099216939484,0.014884505471684972,3.4872887919275886e-05,-8.2957919271340441e-06,3.5846038491424412e-05,3.4874426353128934e-05,-8.2970821424071581e-06,3.5847833763529779e-05
501,1.0020000475924462,19,76,6105,647,2.6638578720868189e-05,3.3171564394596562e-06,2.6844317892465439e-05,-0.0086031871056845791,-0.0050430525355717772,0.0099723220591773076,2.5633680457428065e-05,1.5910638649590515e-06,2.5683011077673661e-05,2.5635102121817941e-05,1.589945278217809e-06,2.5684360743140207e-05
501,1.0020000475924462,20,138,20234,648,0.00018253321621908262,0.0014590483626241426,0.0014704218780674729,-0.033777516187267383,0.21301098989362333,0.21567244241034228,0.00018108529705602677,0.0014504689827532758,0.001461729166001415,0.0001810861317287441,0.0014504688124673121,0.0014617291004303137
501,1.0020000475924462,21,136,18301,649,-0.00010385101722852609,-0.00056945532618510927,0.000578847477579361,-0.0019376176415307788,0.13640445332839221,0.13641821450943528,-0.00010070068901331817,-0.00056491886313241426,0.00057382397186818228,-0.00010070020697518739,-0.00056491894390134562,0.00057382396679073742
501,1.0020000475924462,22,92,47596,650,0.00010763276457269474,0.00024901347374921013,0.00027127941705593826,-0.016377403383800417,-0.0082139648034935536,0.018321805571197079,0.00010276540416238221,0.00025090371257850035,0.00027113354878792201,0.00010276581417019919,0.00025090511858816565,0.00027113500529405159
501,1.0020000475924462,23,112,51583,651,-0.00011104784795014324,0.00014573706328675304,0.00018322367791801691,-0.0012190986581711379,0.0025603569961888447,0.0028357766989464865,-0.00011127384895489497,0.00014270250486374399,0.00018095821162805422,-0.00011127271134071813,0.00014270422589475471,0.00018095886929724104
501,1.0020000475924462,24,122,49892,652,-0.00035645240181837138,-2.0314172938736139e-05,0.00035703078352471309,0.0078316441323655166,-0.0018705449043759665,0.0080519307035829685,-0.00035569280044762123,-1.5137597084062368e-05,0.00035601476814277057,-0.00035569145537414019,-1.5136045566349276e-05,0.00035601335831898296
501,1.0020000475924462,25,104,54177,653,-0.00021083463593953036,0.00013428788912063009,0.00024996895982547305,0.0060819150202877821,-0.0022889076611932783,0.0064983681486563546,-0.00021026147556458586,0.00013138929025811714,0.00024793756008545517,-0.00021026013501614077,0.00013139102957823959,0.0002479373449697233
501,1.0020000475924462,26,111,52655,654,-0.00030952086698047236,3.0794810656506817e-05,0.00031104901134662588,0.0078636832708615257,-0.0060735579219754572,0.0099360767114600249,-0.00030859340895440508,3.2052152189679408e-05,0.00031025349717624632,-0.00030859199889286153,3.2053870935771391e-05,0.00031025227222803532
501,1.0020000475924462,27,116,51774,655,-0.00070903342220181179,-0.00043805982194868807,0.00083344154048435159,0.010905895526761626,-0.008318237720558657,0.013716108632420645,-0.00070708861714693569,-0.00041694669408950724,0.00082086470152573554,-0.00070708704687876521,-0.00041694515043660935,0.00082086256482820559
501,1.0020000475924462,28,121,50655,656,-0.00070369452277250816,-0.00043662788244969701,0.00082814847045233043,0.012347574581924866,-0.0048776940594816012,0.01327608742793219,-0.00070193612654303897,-0.00041477199787026074,0.00081532210565121602,-0.00070193460827109666,-0.00041477052165678701,0.00081532004754215459
501,1.0020000475924462,29,126,47936,657,-0.0005061615132188913,-0.0002097566329739636,0.00054790265790613936,0.0099242928862915587,-0.0011711596812170207,0.0099931578738557715,-0.0005051666720497219,-0.00019623121294096705,0.00054194100738186844,-0.00050516530794259798,-0.00019622976005795963,0.00054193920976539816
501,1.0020000475924462,30,152,34831,658,-0.00015760787157899893,0.0012304854736140531,0.0012405380856543111,0.032269006036227704,0.21737900585071526,0.21976105418206249,-0.00016998855084909579,0.0013195004042895785,0.00133040498508542,-0.00016998971346792547,0.0013195004197537254,0.0013304051489734865
501,1.0020000475924462,31,150,36891,659,-0.00014263997454348298,-0.00058112070305818867,0.00059837064923056599,0.0033404692533911214,0.14032175830360197,0.14036151391406171,-0.00014061498927787474,-0.00056568868044852008,0.00058290330106905788,-0.00014061523617568572,-0.00056568863456866721,0.00058290331610388619
502,1.0040000476874411,0,23,25848,628,9.740489077949575e-06,3.1934088234218146e-05,3.3386570935459739e-05,-0.00069842478573335079,0.00048715001853927965,0.0008515352734264726,4.3062270738768226e-05,2.7978581424714485e-05,5.1353287915364802e-05,4.3062302710146319e-05,2.7978528506194821e-05,5.1353285893623507e-05
502,1.0040000476874411,1,20,17765,629,1.3073198397196268e-05,2.5988656083644812e-05,2.9091558249197028e-05,0.0031032866558517208,0.045356809365467828,0.045462847951748223,1.7675299230268431e-05,2.6093540299236848e-05,3.1516488513592772e-05,1.7675362666296462e-05,2.609366840962967e-05,3.1516630157058548e-05
502,1.0040000476874411,2,20,37608,630,3.3371826124377234e-06,1.8545645708652298e-05,1.8843507171957405e-05,-0.0062615963275113179,0.014914756557165834,0.016175832334944143,2.7715911292216522e-06,1.7558985680306646e-05,1.7776380270144821e-05,2.7716447741939043e-06,1.755909682995625e-05,1.7776498424551896e-05
502,1.0040000476874411,3,20,15824,631,9.5414662427423721e-06,2.6083553041399403e-05,2.7773932334563075e-05,0.0050860108568055486,0.009231348611824286,0.010539701306421073,8.8597840740017084e-06,2.6661729798337174e-05,2.8095259558820144e-05,8.8598362745951299e-06,2.6661856038151925e-05,2.8095395818741723e-05
502,1.0040000476874411,4,128,34319,632,-7.6704642589024095e-05,-1.722550977640092e-07,7.6704836004835023e-05,-0.00048566863120488618,0.005255894806766183,0.0052782861081157924,-7.9586624834050934e-05,-1.2580737283883698e-06,7.9596567777650025e-05,-7.95865790819421e-05,-1.2580360288453557e-06,7.9596521435400041e-05
502,1.0040000476874411,5,128,21162,633,4.9264081513396577e-07,-9.6873109505984683e-06,9.6998292988238124e-06,-7.6732207939978614e-05,0.0054134088741409122,0.0054139526660622848,-1.0068568173311255e-06,-1.0241450798802131e-05,1.0290824802458301e-05,-1.0068180250564445e-06,-1.0241414965163093e-05,1.0290785345358493e-05
502,1.0040000476874411,6,1,33529,634,-6.3248596711337163e-05,1.5551544135014482e-05,6.5132445915508754e-05,-0.00027708849576018983,0.004486181242616882,0.0044947302673342031,-6.3738051264164658e-05,1.5222549987594497e-05,6.5530643267696493e-05,-6.3738018390131965e-05,1.5222583823330964e-05,6.553061915287493e-05
502,1.0040000476874411,7,128,20347,635,1.3264709302819448e-06,-6.2520922670053079e-08,1.3279435208827832e-06,-6.4535012758034664e-05,0.0046907279218874453,0.0046911718370835865,1.0666898502069457e-06,-7.7778192562380569e-08,1.0695217079483647e-06,1.0667208635048654e-06,-7.7743670077352708e-08,1.0695501292009001e-06
502,1.0040000476874411,8,42,7241,636,2.1369514365455952e-06,3.231066177119149e-05,3.2381251142204025e-05,0.001302413536170611,-0.0090800201660446115,0.0091729519368073248,1.9175125305384993e-07,3.3218837788427438e-05,3.3219391212918134e-05,1.9178048172211119e-07,3.3218931164860949e-05,3.3219484756524135e-05
502,1.0040000476874411,9,92,47753,637,-0.00018915320811270262,0.00018124425170371275,0.00026197025578291551,-0.019938423520285589,-0.0057024311998044438,0.020737850758040976,-0.00015055125739883097,0.00015132691761805239,0.00021346080928392891,-0.00015055121188104254,0.00015132700347950839,0.00021346083804983459
502,1.0040000476874411,10,136,18300,638,-0.00010734553635062247,-0.00056413268327059002,0.00057425495079143957,-0.0022694029105052495,0.13721784036409748,0.13723660555317285,-0.00011815298310316192,-0.00057810126052320612,0.00059005185775039802,-0.00011815215547728611,-0.00057810118812479116,0.00059005162109363276
502,1.0040000476874411,11,150,36234,639,-0.0001156290291377821,-0.00055115069491509078,0.00056314932378964428,0.0039034712994319922,0.14069230131355301,0.1407464412945815,-0.00012651003490489024,-0.00057033115091954117,0.00058419381256638191,-0.00012650828399924611,-0.00057033097425852333,0.00058419326093263888
502,1.0040000476874411,12,42,6890,640,-1.468861367863866e-05,3.4826086512049628e-05,3.7796979688131904e-05,0.016311868607576586,-0.008415977233239131,0.018354991971157107,-1.5658339935822738e-05,7.435253601396063e-05,7.5983440441013814e-05,-1.5658303671400849e-05,7.4352671332590046e-05,7.5983565381982192e-05
502,1.0040000476874411,13,62,3413,641,4.2836885455413773e-06,4.0903282413818872e-06,5.9229023862839954e-06,0.00082024175461037558,0.00015782562373437697,0.00083528765315515874,1.286332614675872e-05,9.6413259952222342e-06,1.6075457272004256e-05,1.2863346295466869e-05,9.6414670181659231e-06,1.6075557974125892e-05
502,1.0040000476874411,14,72,5299,642,-1.6274075308957486e-05,3.4154050038305976e-05,3.7833115932747704e-05,0.013182548288097763,-0.0082277611425056688,0.015539486245888422,-2.424145647693225e-05,6.9851313196223709e-05,7.3938178009469086e-05,-2.4241426452020632e-05,6.9851437795994816e-05,7.3938285878132564e-05
502,1.0040000476874411,15,54,520,643,4.6983471794350655e-06,2.051678472598727e-06,5.1267778158830406e-06,0.0007146584121886148,0.000971454447787597,0.0012060101119966851,1.4049540213946431e-05,5.2283319777057528e-06,1.499083171449798e-05,1.4049560015911128e-05,5.2284723990681586e-06,1.4990899248160741e-05
502,1.0040000476874411,16,61,754,644,2.7479743721163873e-05,-7.811847663615439e-06,2.8568536520101609e-05,-0.0070412416587176648,-0.0098074334341980273,0.012073310840970112,6.492085106133231e-05,-1.98026831342404e-05,6.7873876873527869e-05,6.4920861117205328e-05,-1.9802559731314789e-05,6.7873850488326892e-05
502,1.0040000476874411,17,66,2759,645,2.8300839336830798e-05,-1.0071537651937691e-06,2.8318754666754918e-05,-0.0088977787827539557,-0.0063910158400650053,0.010955160917795241,7.3750743040768539e-05,-1.4152871203067135e-05,7.5096443739740943e-05,7.3750747665079212e-05,-1.4152773972986556e-05,7.5096429957013488e-05
502,1.0040000476874411,18,71,4379,646,3.4874412204864987e-05,-8.2947886695817177e-06,3.5847289237930635e-05,-0.014868171093130749,-0.00099951673990180214,0.014901729609946382,0.00010406038287182546,-4.7323184171503231e-05,0.00011431555906157708,0.00010406037323200081,-4.7323143651905157e-05,0.00011431553351265157
502,1.0040000476874411,19,76,6105,647,2.563508894529652e-05,1.5923586675055813e-06,2.5684497101544424e-05,-0.0086152404835020645,-0.0050343636343581841,0.0099783358227472484,6.7406864744720137e-05,-7.8572227668751313e-06,6.7863254890413976e-05,6.7406870828778999e-05,-7.8571225907791158e-06,6.7863249335219935e-05
502,1.0040000476874411,20,138,20234,648,0.00018020825970226548,0.0014508120106693047,0.0014619611852464585,-0.033776912053372445,0.21298338238558231,0.2156450810017804,0.00017736741732106851,0.0014455152832937186,0.0014563562870955945,0.00017736884532988198,0.0014455153088621588,0.0014563564863894134
502,1.0040000476874411,21,136,18301,649,-0.00010081104973834155,-0.00056541859020580322,0.00057433531138148248,-0.0019325899547543615,0.13639423974741796,0.13640793063531662,-0.00011188216945633969,-0.00057942910208622761,0.00059013193794837872,-0.00011188134621300517,-0.00057942902948561416,0.00059013171058762382
502,1.0040000476874411,22,92,47596,650,0.00010271917702093894,0.00025088454932243914,0.00027109829659476356,-0.016384939616921029,-0.0082173502783219003,0.018330059788412727,9.2493745517533432e-05,0.00021511047524597093,0.00023415296180148931,9.2493785531769335e-05,0.00021511059001767807,0.00023415308304558052
502,1.0040000476874411,23,112,51583,651,-0.00011131092059308488,0.00014269693310076155,0.00018097661661011145,-0.001218018535270992,0.002553460631182326,0.0028290864863523943,-0.00010441530634229125,0.00013975845395696693,0.00017445624566347911,-0.00010441528204094906,0.00013975856290961559,0.00017445631840163291
502,1.0040000476874411,24,122,49892,652,-0.00035570078009093079,-1.5112436653815821e-05,0.00035602167167029635,0.0078331801148197201,-0.0018693844917292194,0.0080531552256941363,-0.00031674796623729225,-1.3485942861953481e-05,0.00031703492673574104,-0.00031674795257426999,-1.348586036792245e-05,0.00031703490957598831
502,1.0040000476874411,25,104,54177,653,-0.00021027520385761913,0.00013140685461859836,0.00024795851023531483,0.006083190211858212,-0.0022940000718378152,0.0065013567417301034,-0.00018645508936671434,0.00013203234043011175,0.00022846890219503036,-0.00018645506976951477,0.00013203244678962743,0.00022846894766687752
502,1.0040000476874411,26,111,52655,654,-0.00030860032163120346,3.2078044860396356e-05,0.00031026304883589959,0.007865887698624386,-0.0060749225243907383,0.0099386554907955425,-0.00027244459299738464,3.8394414721007602e-05,0.0002751366702845684,-0.00027244457766907744,3.839450809276373e-05,0.00027513666813597796
502,1.0040000476874411,27,116,51774,655,-0.00070708166307731368,-0.00041689760227058567,0.00082083377674115185,0.01091024871740893,-0.0083022777160387511,0.013709899428878274,-0.00062500256120158048,-0.00038932682315424041,0.00073634474041437174,-0.00062500256270420088,-0.00038932679032853,0.00073634472433387727
502,1.0040000476874411,28,121,50655,656,-0.00070193188347676216,-0.00041472620620953857,0.00081529515830660465,0.012351578569289076,-0.0048613970534130465,0.013273834203584668,-0.0006220130002280586,-0.00039044255627000105,0.00073440149931720843,-0.00062201300131334097,-0.00039044252520523359,0.00073440148372090706
502,1.0040000476874411,29,126,47936,657,-0.0005051729863270088,-0.0001962007234616112,0.00054193585413903728,0.0099262253215153529,-0.0011629334831032162,0.0099941164401669419,-0.00045025408523894918,-0.00018728563457744653,0.00048765218157354709,-0.00045025407771228916,-0.00018728557733112367,0.00048765215263832932
502,1.0040000476874411,30,152,34831,658,-0.00016879400768090729,0.0013199999736272425,0.001330748416269921,0.032253971939242058,0.21743353615320743,0.21981278704830975,-0.00016440091715434508,0.0012442771665705703,0.0012550909643567977,-0.00016439760513653695,0.001244277359676724,0.0012550907219714073
502,1.0040000476874411,31,150,36891,659,-0.00014040269431798432,-0.0005662591311307554,0.00058340579373255066,0.0033392724585187055,0.1403194553512791,0.14035918313609491,-0.00015214915353677921,-0.00058462272204689854,0.00060409692273300278,-0.00015214740972496581,-0.0005846225366387466,0.00060409630410385661
503,1.006000047782436,0,23,25848,628,4.3062668166592972e-05,2.7981162040229849e-05,5.1355027200340374e-05,-0.0006712491781317451,0.0004823364885194851,0.000826573618802252,3.7391020436678481e-05,2.9007352592214166e-05,4.7323513327997338e-05,3.7390291995460369e-05,2.9007432086514994e-05,4.7322986505075598e-05
503,1.006000047782436,1,20,17765,629,1.7675531667076497e-05,2.6096242622314938e-05,3.1518856240614929e-05,0.0031072172915530528,0.045349185327910366,0.045455510218257229,1.6172065904746938e-05,2.5410051529409072e-05,3.0119867767882095e-05,1.6171506766715795e-05,2.540967914281494e-05,3.0119253397897155e-05
503,1.006000047782436,2,20,37608,630,2.7722015968451146e-06,1.7561480849905985e-05,1.7778940107193262e-05,-0.0062625810768819233,0.014916218632099638,0.016177561621737557,2.8359144547758851e-06,1.7646557130103763e-05,1.787297930790563e-05,2.8355355851242665e-06,1.764644726447117e-05,1.7872810722219044e-05
503,1.006000047782436,3,20,15824,631,8.8600343152021469e-06,2.666432495965803e-05,2.8097801223953482e-05,0.0050843793952072515,0.0092285316681583688,0.010536446772257237,9.1382851796679049e-06,2.5913650415633059e-05,2.7477727960815418e-05,9.1379041701751926e-06,2.5913308479157278e-05,2.7477278776459465e-05
503,1.006000047782436,4,128,34319,632,-7.9581283806298906e-05,-1.2930409728797396e-06,7.9591787812664677e-05,-0.00048834400309053232,0.0052531800342848203,0.005275829824583347,-7.9722605670636874e-05,-1.2428227314854703e-06,7.9732292474616318e-05,-7.9722615556705699e-05,-1.2428373723368074e-06,7.9732302587698863e-05
503,1.006000047782436,5,128,21162,633,-1.0048242339361451e-06,-1.0275008865275153e-05,1.0324024356935058e-05,-7.7886119040398571e-05,0.0054108969753073792,0.0054114575046774341,-1.0701435396117482e-06,-1.015489131729785e-05,1.0211122605350698e-05,-1.0701336716398137e-06,-1.0154908471329654e-05,1.0211138630743394e-05
503,1.006000047782436,6,1,33529,634,-6.3733681790628357e-05,1.5193665996774219e-05,6.551968926216459e-05,-0.00027754399979757784,0.0044842599141543486,0.0044928407104542671,-6.3719071857231392e-05,1.5184791554583316e-05,6.5503419856547654e-05,-6.3719077713958808e-05,1.5184774751919146e-05,6.5503421658597672e-05
503,1.006000047782436,7,128,20347,635,1.0684989911138371e-06,-1.073312624583813e-07,1.0738762004589716e-06,-6.4566514896772034e-05,0.0046887430865282728,0.0046891876232789606,1.1237247150858922e-06,-5.4036408331380993e-08,1.1250231858589517e-06,1.1237353883395742e-06,-5.4059355256603726e-08,1.1250349491893367e-06
503,1.006000047782436,8,42,7241,636,1.9207680952332652e-07,3.3220216098550353e-05,3.3220771380796394e-05,0.0013002573489576154,-0.0090798165833042791,0.0091724445138668276,1.7306675015222057e-06,3.2622106261651293e-05,3.2667981678507375e-05,1.7305636110848465e-06,3.2621866373756873e-05,3.2667736623758624e-05
503,1.006000047782436,9,92,47753,637,-0.0001505713497904213,0.00015132042658901949,0.0002134703793990919,-0.019925099994635962,-0.005723931675896605,0.020730967262204011,-0.00017131304087825459,0.00016472322808685702,0.00023765920947084977,-0.0001713131705106933,0.00016472353107507847,0.00023765951291767855
503,1.006000047782436,10,136,18300,638,-0.00011826302913219137,-0.0005786044636185249,0.00059056690508256765,-0.002276845474360883,0.13719406871876674,0.13721296045535863,-0.00011782902549895887,-0.00057565621509569757,0.00058759148838996838,-0.00011782948014102516,-0.00057565603755685489,0.00058759140562636154
503,1.006000047782436,11,150,36234,639,-0.0001262786745871498,-0.00057090332705220616,0.000584702413621464,0.0038910670594119539,0.14066131783485139,0.14071512618726503,-0.00012567917284737485,-0.00057203498162951771,0.00058567847381945238,-0.00012567983130903261,-0.00057203500422722787,0.00058567863718861346
503,1.006000047782436,12,42,6890,640,-1.5657286913536325e-05,7.4354941254653185e-05,7.598557706878143e-05,0.016317677129126403,-0.0083814150684519972,0.018344337149106507,-1.4238357147332546e-05,5.9207235683139262e-05,6.0895217969014568e-05,-1.4238267007361633e-05,5.9206459686883599e-05,6.0894442406737706e-05
503,1.006000047782436,13,62,3413,641,1.286459706661274e-05,9.6438600746559727e-06,1.6077994116986256e-05,0.00082783050835823528,0.00018514661574032564,0.00084828215818131528,1.0100174805629471e-05,7.783356000922963e-06,1.2751241576465243e-05,1.0100617960312487e-05,7.7824251584710251e-06,1.2751024450113407e-05
503,1.006000047782436,14,72,5299,642,-2.4240357301589874e-05,6.9853700424204906e-05,7.3940072931146799e-05,0.013187113350073403,-0.0081951382009872627,0.015526115053063496,-1.9455949903728676e-05,5.6126939598034615e-05,5.940342864934503e-05,-1.9455761001719945e-05,5.6126191275384628e-05,5.9402659732011234e-05
503,1.006000047782436,15,54,520,643,1.4050803415244203e-05,5.2308488344801939e-06,1.499289352136608e-05,0.00072256555968973617,0.00099765112205064,0.0012318314614340074,1.1082290787110999e-05,4.483110059335567e-06,1.1954724793745822e-05,1.1082737435257725e-05,4.4821699244209345e-06,1.1954786333943679e-05
503,1.006000047782436,16,61,754,644,6.4922202295646054e-05,-1.9799994226297568e-05,6.7874384875873516e-05,-0.0070230916162511304,-0.0097959784792929459,0.01205342317422845,5.1588211812603814e-05,-1.2638779846799555e-05,5.3113862164579433e-05,5.1588808197285308e-05,-1.2639714388823778e-05,5.3114663804333082e-05
503,1.006000047782436,17,66,2759,645,7.3751990608829509e-05,-1.4150063117370156e-05,7.5097139792341198e-05,-0.0088763153205291892,-0.006383176545988847,0.010933156748474948,5.9784294816374386e-05,-5.1921656568524251e-06,6.0009336697712023e-05,5.9784920313799726e-05,-5.192994914318177e-06,6.0010031603953663e-05
503,1.006000047782436,18,71,4379,646,0.00010406174710689205,-4.7320262261116836e-05,0.00011431559137492852,-0.014834097421041151,-0.0010223274023694925,0.014869283762662387,8.6544013830237022e-05,-2.3601642549049202e-05,8.9704536456420891e-05,8.6544737366140738e-05,-2.3602360643402666e-05,8.9705423435350445e-05
503,1.006000047782436,19,76,6105,647,6.7408146424786076e-05,-7.8543444153917191e-06,6.7864194761457205e-05,-0.0085957741599940497,-0.0050227100579412626,0.0099556491368351131,5.4659829406767712e-05,-7.5705854475731245e-07,5.4665071923643696e-05,5.4660435492884384e-05,-7.5788194556528694e-07,5.466568936101683e-05
503,1.006000047782436,20,138,20234,648,0.00017648769797253233,0.0014458612705956638,0.0014565928467983602,-0.033777200073914278,0.21296314789022669,0.21562514140087607,0.00017816503911190196,0.0014315837262713577,0.001442627722763822,0.00017816384675448913,0.0014315837742996369,0.0014426276231683458
503,1.006000047782436,21,136,18301,649,-0.00011198990507509041,-0.00057992839336789041,0.00059064259943978844,-0.0019403127213454311,0.13637048181933045,0.13638428474385511,-0.00011160220426683926,-0.0005769571787526982,0.00058765180005807037,-0.00011160265187122802,-0.00057695699947561425,0.00058765170904932665
503,1.006000047782436,22,92,47596,650,9.2457082878996227e-05,0.0002150938014792357,0.00023412316333349512,-0.016389591467906691,-0.0082472810348313292,0.018347652518847426,9.1013009028277614e-05,0.00022975161430084388,0.0002471217758236313,9.1013108600045817e-05,0.00022975191919762138,0.00024712209596074988
503,1.006000047782436,23,112,51583,651,-0.00010444199097742342,0.00013975574260159719,0.00017447004633876868,-0.0012048185264964238,0.0025422642113041827,0.0028133067735081952,-0.00010691699254417663,0.00013708934779276186,0.00017385261738879959,-0.00010691654471336642,0.00013708980558924794,0.00017385270296990803
503,1.006000047782436,24,122,49892,652,-0.00031674982223104525,-1.3461140346298971e-05,0.00031703572698171025,0.0078658670632490591,-0.0018758321723544055,0.0080864461288965642,-0.00032708877096952494,-1.1666408646862437e-05,0.00032729676012003227,-0.00032708819446543682,-1.1665943157343663e-05,0.00032729616739034662
503,1.006000047782436,25,104,54177,653,-0.00018646113037550687,0.00013205039388816344,0.00022848426568788252,0.0061079624330916222,-0.0023021559004092248,0.0065274134903380784,-0.00019522020611876902,0.00012767915585833832,0.00023326571912253311,-0.00019521965876233443,0.00012767962903440929,0.0002332655200359596
503,1.006000047782436,26,111,52655,654,-0.00027244509857723558,3.8420210818709117e-05,0.00027514077185708714,0.0078981044881232549,-0.0060775340803875914,0.0099657651489278715,-0.00028392451005702956,3.4978005525019871e-05,0.00028607094973385989,-0.00028392391631127815,3.497850864971034e-05,0.00028607042196090727
503,1.006000047782436,27,116,51774,655,-0.00062499097009828368,-0.00038927999833484413,0.00073631014512090618,0.010968762805385267,-0.0082875578972354084,0.013747631555320074,-0.00064434167767246197,-0.00038564016059854691,0.00075092911186891399,-0.00064434094469565967,-0.00038563955097725754,0.00075092816985996463
503,1.006000047782436,28,121,50655,656,-0.00062200438037521419,-0.00039039859400322337,0.0007343708269026267,0.0124082728800662,-0.0048482406085056879,0.013321811921212142,-0.00064002482238491375,-0.00038472786128588643,0.00074675785936168936,-0.00064002411128736029,-0.00038472727463491194,0.00074675694765913108
503,1.006000047782436,29,126,47936,657,-0.00045025465739448632,-0.00018725589987915949,0.00048764129085320499,0.0099677566157049795,-0.0011621093951002216,0.010035271306552233,-0.0004625607418334878,-0.00018177197608831036,0.00049699445789324031,-0.00046256012967831658,-0.00018177147689998405,0.00049699370557626022
503,1.006000047782436,30,152,34831,658,-0.00016320772076097159,0.0012447781390753773,0.0012554319478314826,0.032257632786745476,0.21734922252658775,0.21972992378353176,-0.00015783303500275757,0.0012062097250753884,0.0012164921569022243,-0.00015783408891122152,0.0012062096691059338,0.0012164922381450206
503,1.006000047782436,31,150,36891,659,-0.00015193031859687053,-0.00058518623057032847,0.00060458725272540795,0.003326050177249941,0.14028937230432362,0.14032879459085618,-0.00015135208354146628,-0.0005860224190630686,0.00060525178961889393,-0.00015135274452308099,-0.00058602244113494981,0.00060525197627800831
504,1.0080000478774309,0,23,25848,628,3.7390724756294821e-05,2.9010035927409876e-05,4.7324924535709623e-05,-0.00067290625445001143,0.00048724662635282073,0.00083079004698548764,1.2641590839841487e-05,3.2284858496175161e-05,3.4671629714797336e-05,1.2640774466779847e-05,3.228473167575816e-05,3.4671213974934533e-05
504,1.0080000478774309,1,20,17765,629,1.617173957055379e-05,2.5412247836688014e-05,3.0121545459206935e-05,0.0031056370402296595,0.045356740568356965,0.045462939812674727,1.4138096014748236e-05,2.5379286590516041e-05,2.9051573912023896e-05,1.4137677068637554e-05,2.5379423390583889e-05,2.9051489540737785e-05
504,1.0080000478774309,2,20,37608,630,2.8361866170507306e-06,1.7648910324987999e-05,1.7875345875988126e-05,-0.0062649333615024966,0.01491885591578614,0.016180903925926204,2.9798892188801097e-06,1.7806620784437542e-05,1.8054237273215419e-05,2.9796545899425295e-06,1.7807034272703854e-05,1.8054606366925181e-05
504,1.0080000478774309,3,20,15824,631,9.1381302993720809e-06,2.5915756072031055e-05,2.7479662264178514e-05,0.0050856606463001545,0.0092327304294554224,0.010540742639506868,9.3052749584228478e-06,2.5614139512233084e-05,2.7252014329293007e-05,9.3050380740551322e-06,2.5614324227190041e-05,2.7252107059367545e-05
504,1.0080000478774309,4,128,34319,632,-7.971738604047229e-05,-1.2776455027079867e-06,7.9727623915154246e-05,-0.00048934802056977106,0.005257070235353923,0.0052797962976501005,-7.7501618943627703e-05,-3.968460470907354e-07,7.7502634959518399e-05,-7.7501599051971144e-05,-3.9677906055037317e-07,7.7502614725152242e-05
504,1.0080000478774309,5,128,21162,633,-1.068171468496272e-06,-1.018834476088552e-05,1.0244186607670367e-05,-7.8669892535274477e-05,0.0054150463377060937,0.0054156177663767678,1.8882922354821505e-08,-9.7822123055520133e-06,9.7822305306944134e-06,1.8913140234788907e-08,-9.782164963283309e-06,9.7821832468913147e-06
504,1.0080000478774309,6,1,33529,634,-6.3714749810185085e-05,1.5156072282777595e-05,6.5492563474147661e-05,-0.000278313790221257,0.0044885923521089111,0.0044972124554259084,-6.377955525197641e-05,1.5542127541675546e-05,6.5645939681457997e-05,-6.3779536228478843e-05,1.5542193398711415e-05,6.5645936790960599e-05
504,1.0080000478774309,7,128,20347,635,1.125508708396251e-06,-8.3432441363641369e-08,1.1285968389764764e-06,-6.5188157701187924e-05,0.0046931821559099748,0.0046936348648415624,9.7194883624389899e-07,-8.5761608305036607e-08,9.7572516301207291e-07,9.7197818883183193e-07,-8.5714010317164399e-08,9.7575021964099979e-07
504,1.0080000478774309,8,42,7241,636,1.7309010815311784e-06,3.2623175192490746e-05,3.2669061483213582e-05,0.001302356028971491,-0.0090773872688143607,0.0091703375539961135,1.3452298959665287e-06,3.2039022447670705e-05,3.2067251252256552e-05,1.3452308971463434e-06,3.203919748947367e-05,3.206742618197059e-05
504,1.0080000478774309,9,92,47753,637,-0.00017133528435428911,0.0001647166944300963,0.00023767071567347718,-0.019941669205921008,-0.0057164456897032317,0.020744828802419769,-0.00018231630241977333,0.00017703247190122703,0.000254125422253416,-0.00018231633156275408,0.00017703315610443255,0.00025412591980118136
504,1.0080000478774309,10,136,18300,638,-0.00011793982133902324,-0.00057615763322706138,0.00058810493943112717,-0.0022737772977109477,0.13718167030111761,0.13720051286275908,-0.00010881228503153237,-0.000564684751462641,0.00057507302310942047,-0.00010881176631667758,-0.00056468476024014078,0.00057507293358009858
504,1.0080000478774309,11,150,36234,639,-0.00012544933394640845,-0.00057260314834138972,0.00058618418682020851,0.0038898362526415741,0.14065247568687861,0.14070625338953613,-0.00011582880112310136,-0.00056251133704343138,0.00057431290728313241,-0.00011582838548032124,-0.00056251127429914668,0.0005743127620004868
504,1.0080000478774309,12,42,6890,640,-1.4237689935121039e-05,5.9208850469838095e-05,6.0896631997576798e-05,0.01632305165529933,-0.008392887356647,0.018354361158126296,-4.2047457306536124e-06,4.1500995691382431e-05,4.1713457421263856e-05,-4.2045144512758483e-06,4.1500799439704613e-05,4.1713238856573753e-05
504,1.0080000478774309,13,62,3413,641,1.010126707598888e-05,7.7849023623620766e-06,1.2753050667662524e-05,0.00081748634126407296,0.00018667202800534444,0.00083852869014300791,5.0387994789469938e-06,2.8514976533466436e-06,5.7896924837229398e-06,5.0393765315478085e-06,2.8511522975973763e-06,5.7900246330054256e-06
504,1.0080000478774309,14,72,5299,642,-1.9455188957498549e-05,5.6128569395588759e-05,5.9404719339185476e-05,0.013193517983440933,-0.0082054936606432722,0.015537021689958351,-1.2146936191075224e-05,4.0364976619292302e-05,4.2153047295611588e-05,-1.2146622535054973e-05,4.0364765474747779e-05,4.2152754724222895e-05
504,1.0080000478774309,15,54,520,643,1.1083372919578165e-05,4.4846597506070485e-06,1.1956309144261597e-05,0.00071185553386141792,0.0010000259194212374,0.0012275138046488176,5.2880859786589256e-06,9.5281454254862846e-07,5.3732400718915655e-06,5.2886649049127437e-06,9.5245555075906201e-07,5.3737461842393958e-06
504,1.0080000478774309,16,61,754,644,5.1589415270037843e-05,-1.2637085474942821e-05,5.3114627902353084e-05,-0.0070450267484382569,-0.0097827184853113026,0.012055454485379719,2.6432730636586697e-05,-5.37114114903224e-06,2.6972919866955012e-05,2.6433430063161419e-05,-5.3715709481870821e-06,2.6973690873802446e-05
504,1.0080000478774309,17,66,2759,645,5.9785489601234545e-05,-5.190416965604579e-06,6.0010375729003401e-05,-0.008898105788210901,-0.0063679041587064679,0.010941960061737727,2.3121968279594469e-05,8.7677538341363361e-06,2.4728504289960303e-05,2.3122662998205368e-05,8.7673285314102123e-06,2.472900308759444e-05
504,1.0080000478774309,18,71,4379,646,8.6545306892061601e-05,-2.3599709649687052e-05,8.9705275433447381e-05,-0.01485775708049614,-0.0009919030736709872,0.014890829969165289,2.0040302716523351e-05,1.7674062930937083e-05,2.6720520830564242e-05,2.0041013582150446e-05,1.7673510080375919e-05,2.6720688313759581e-05
504,1.0080000478774309,19,76,6105,647,5.466099971820108e-05,-7.5533024800698847e-07,5.4666218215427459e-05,-0.0086161752110205485,-0.0050092392302437654,0.0099664915056813328,2.0903573002861864e-05,1.050882790729177e-05,2.3396470423357658e-05,2.0904253676333349e-05,1.0508422882097751e-05,2.3396896658178663e-05
504,1.0080000478774309,20,138,20234,648,0.00017728363212746648,0.0014319293931744927,0.0014428621809644115,-0.033773525961087097,0.21293024954348969,0.21559207366342811,0.0001780490239931577,0.0014105819559984579,0.0014217745635414045,0.00017805013194171116,0.0014105819553028355,0.001421774701600233
504,1.0080000478774309,21,136,18301,649,-0.00011171069818312648,-0.00057745448958565265,0.00058816066481123016,-0.0019373084283144304,0.13635818790604601,0.13637194936264191,-0.00010234085493844926,-0.00056590229377577093,0.00057508178261027505,-0.00010234034143850315,-0.00056590230293068386,0.00057508170023745403
504,1.0080000478774309,22,92,47596,650,9.0973725597719371e-05,0.00022973487659536343,0.00024709174869553212,-0.016399887116395336,-0.0082363940187081194,0.01835196130831581,0.0001038679842401221,0.0002482045045664647,0.0002690613949216618,0.00010386822162187624,0.0002482053110326464,0.00026906223051127769
504,1.0080000478774309,23,112,51583,651,-0.00010694766868515287,0.00013708435194261721,0.00017386754551875565,-0.0012109468452530846,0.0025456526625438525,0.002818996229217947,-0.00011252714969471648,0.00014620011946268516,0.00018449074326187898,-0.00011252657172212579,0.0001462010732928346,0.00018449114660468537
504,1.0080000478774309,24,122,49892,652,-0.00032709609456300399,-1.1644133856354831e-05,0.00032730328585523605,0.0078582049548001857,-0.0018688282494076264,0.0080773698774681702,-0.00035617977350540538,-1.9107787548278634e-05,0.00035669193795115703,-0.00035617910995873822,-1.9106945104735364e-05,0.00035669123022893945
504,1.0080000478774309,25,104,54177,653,-0.00019523179600157209,0.00012769431732991438,0.00023328371749514008,0.0060987343811469879,-0.0022990153549681505,0.0065176707997691673,-0.00021127574040542783,0.00013498371214552899,0.00025071505943690092,-0.000211275068209433,0.0001349846721915555,0.0002507150098688993
504,1.0080000478774309,26,111,52655,654,-0.00028393096117014223,3.5000602657501787e-05,0.00028608011622164366,0.0078889393634509562,-0.0060738344223352104,0.0099562457216638683,-0.0003093083224371583,3.205874106590776e-05,0.00031096527331459379,-0.00030930762287149054,3.2059677172936939e-05,0.00031096467398539847
504,1.0080000478774309,27,116,51774,655,-0.0006443368872689531,-0.00038559680797079323,0.00075090273845066532,0.010962371687532464,-0.0082762491533344296,0.013735715964727948,-0.00070651250696565778,-0.00043445273988182008,0.0008294028609124272,-0.00070651175722062295,-0.0004344519542389791,0.0008294018107244766
504,1.0080000478774309,28,121,50655,656,-0.00064002212047131074,-0.00038468694411784399,0.00074673446396113132,0.012402574313220805,-0.0048365093895367667,0.013312237703333042,-0.00070133340793561243,-0.00043317654314297191,0.00082432424847014851,-0.00070133268378183501,-0.00043317579247493772,0.00082432323789089054
504,1.0080000478774309,29,126,47936,657,-0.00046256651395621496,-0.00018174465353228126,0.00049698983784497459,0.0099615992092055312,-0.0011529396736588932,0.01002809696283103,-0.00050513341584152761,-0.00020767217725590136,0.00054615702962237532,-0.00050513275396234421,-0.00020767141013246159,0.00054615612576623836
504,1.0080000478774309,30,152,34831,658,-0.00015664369073213968,0.0012067098277553287,0.0012168343577691589,0.032261928285808192,0.21730850402167978,0.21969027729250798,-0.00015552243981260176,0.0012073087236695165,0.0012172845121555525,-0.00015552130663513638,0.0012073087434927021,0.0012172843870400323
504,1.0080000478774309,31,150,36891,659,-0.00015113469993725936,-0.00058658202832944674,0.00060573936101611663,0.0033248106826558629,0.14028087666122943,0.1403202719599651,-0.00014063651149531643,-0.00057682762253336256,0.00059372446006802156,-0.00014063610717931162,-0.00057682755065709243,0.000593724294466389
505,1.0100000479724258,0,23,25848,628,1.264123495057941e-05,3.2287219508536962e-05,3.4673698456729422e-05,-0.00069390960134235486,0.00049016180010115495,0.00084956996481367578,4.3046573493109875e-05,2.8274459990274238e-05,5.1501966731760142e-05,4.3047167237521672e-05,2.8274279143382705e-05,5.1502363715203262e-05
505,1.0100000479724258,1,20,17765,629,1.413784308947396e-05,2.5381841257805069e-05,2.9053682604086564e-05,0.0031047721710415273,0.045356459322653281,0.045462600151350507,1.7296352278042493e-05,2.6108528717431268e-05,3.1318031130884953e-05,1.7296601274452389e-05,2.6109121679199858e-05,3.1318662974441487e-05
505,1.0100000479724258,2,20,37608,630,2.9802298085616286e-06,1.780922910957754e-05,1.8056866040076371e-05,-0.0062649411958236711,0.014917069721094429,0.016179260095910468,3.0407987952358361e-06,1.7644369973408418e-05,1.7904475671508069e-05,3.0409090099299324e-06,1.7644781928874909e-05,1.7904900360633776e-05
505,1.0100000479724258,3,20,15824,631,9.3051488492732542e-06,2.5616651807535802e-05,2.7254332590171028e-05,0.0050862943779313137,0.0092323706516479892,0.010540733292726213,8.9440932795317998e-06,2.6584753071873468e-05,2.8048991077852544e-05,8.9442048163648344e-06,2.6585335168785809e-05,2.8049578353939002e-05
505,1.0100000479724258,4,128,34319,632,-7.7496756938602704e-05,-4.3163830404785128e-07,7.7497958990068813e-05,-0.00048608719917369767,0.0052549811645204959,0.0052774148789597464,-7.9625674456422011e-05,-1.2894329165090419e-06,7.9636114105889635e-05,-7.9625658275465114e-05,-1.2893734810323445e-06,7.9636096964722826e-05
505,1.0100000479724258,5,128,21162,633,2.0397452889128555e-08,-9.8156163703430216e-06,9.8156375638992649e-06,-7.6408380934103384e-05,0.005412207457212324,0.0054127467888847028,-1.032572773056379e-06,-1.0215674750046318e-05,1.0267726969996389e-05,-1.0325157819319688e-06,-1.0215586221253963e-05,1.0267633158805998e-05
505,1.0100000479724258,6,1,33529,634,-6.3775597579270645e-05,1.5513418035244216e-05,6.5635302892036015e-05,-0.00027732894802668599,0.0044859951895683666,0.0044945593984554383,-6.3625008109233908e-05,1.5195998906827052e-05,6.5414524684326566e-05,-6.3625002664068349e-05,1.5196061073989676e-05,6.5414533829777686e-05
505,1.0100000479724258,7,128,20347,635,9.7330170439438923e-07,-1.1507800147143692e-07,9.8008119775847293e-07,-6.4211839135377611e-05,0.0046899242761282104,0.0046903638319539635,1.1348554716049627e-06,-8.2845204244829802e-08,1.1378753311756477e-06,1.1348991095411373e-06,-8.2751747799237202e-08,1.1379120531047622e-06
505,1.0100000479724258,8,42,7241,636,1.3453595805793193e-06,3.2040352085681138e-05,3.2068585160176125e-05,0.0013019294355017018,-0.0090780512164047276,0.0091709342022878535,5.7128045847857011e-07,3.3102190578564895e-05,3.3107119815258321e-05,5.7121972512611591e-07,3.3102630392415408e-05,3.3107558515711144e-05
505,1.0100000479724258,9,92,47753,637,-0.00018234190707528566,0.00017702432396311175,0.00025413811668155732,-0.019943940002113879,-0.0057066053031715443,0.020744302516452647,-0.00014304435912066641,0.00014979355165662826,0.00020712266122795242,-0.00014304440045217695,0.00014979361467758805,0.0002071227353500829
505,1.0100000479724258,10,136,18300,638,-0.00010892519349040744,-0.00056518404472501573,0.00057558466118256776,-0.0022623854982311378,0.1371842723743627,0.13720292626262001,-0.00012002096703004613,-0.00057724711070662098,0.0005895924519072215,-0.00012002044787720882,-0.00057724717484928807,0.00058959240902519284
505,1.0100000479724258,11,150,36234,639,-0.00011560074344128769,-0.00056307839108978995,0.00057482241292110801,0.0038971456120607999,0.14064946439220644,0.14070344550769234,-0.00012640114221890665,-0.0005749825881706794,0.00058871234525334818,-0.00012639973472023544,-0.00057498261932511054,0.00058871207348185994
505,1.0100000479724258,12,42,6890,640,-4.2042715690952355e-06,4.1503207480423317e-05,4.1715610154830154e-05,0.016333877886984215,-0.0084049296203212564,0.018369496692872821,-1.8223097422823255e-05,6.7511771775795207e-05,6.9927967280543528e-05,-1.8223350006392831e-05,6.7512654448636207e-05,6.9928885277519299e-05
505,1.0100000479724258,13,62,3413,641,5.0396351188368996e-06,2.8536442158999722e-06,5.7914771381706731e-06,0.00080483004146516082,0.00019097208085067148,0.00082717696492905788,1.0241344919927932e-05,8.1964478257423796e-06,1.3117427443254665e-05,1.0240828389196925e-05,8.197442543132539e-06,1.3117645762290615e-05
505,1.0100000479724258,14,72,5299,642,-1.2146394898515264e-05,4.0367256992902966e-05,4.2155074975164632e-05,0.013200329570205081,-0.0082158904892060021,0.015548297568951279,-2.4083781717486627e-05,6.3623939219097214e-05,6.8029656647457216e-05,-2.4084094883167873e-05,6.3624774283558601e-05,6.8030548498268137e-05
505,1.0100000479724258,15,54,520,643,5.2889350389394329e-06,9.5487623614648073e-07,5.374441596340826e-06,0.00069832520510689465,0.0010060336994057223,0.0012246476621573853,1.1434976803429013e-05,4.3427240134539653e-06,1.2231841494721444e-05,1.1434459091630183e-05,4.3437228007612981e-06,1.2231712165024883e-05
505,1.0100000479724258,16,61,754,644,2.6433687378812404e-05,-5.3690568191178893e-06,2.6973442486410638e-05,-0.0070787679965920993,-0.0097664848168143182,0.01206205546441572,5.9055128540771251e-05,-1.6120292864903127e-05,6.1215782679120112e-05,5.9054523153398959e-05,-1.6119345681123211e-05,6.1214949236790842e-05
505,1.0100000479724258,17,66,2759,645,2.3122900789098084e-05,8.7698969683467318e-06,2.47301361447504e-05,-0.0089392314207983638,-0.0063472646260229566,0.010963467819415127,6.9782011598781523e-05,-8.7527826635710296e-06,7.0328801689835361e-05,6.9781415114574823e-05,-8.7519748782335964e-06,7.0328109313857169e-05
505,1.0100000479724258,18,71,4379,646,2.0041236860517172e-05,1.7676009291219051e-05,2.6722508852325493e-05,-0.014917760036695553,-0.00094877162184839152,0.014947900591817425,0.00010369024145114047,-3.283058512821927e-05,0.00010876356693331211,0.00010368964543547129,-3.2830006740196572e-05,0.00010876282413166324
505,1.0100000479724258,19,76,6105,647,2.0904491373031462e-05,1.0510859321525574e-05,2.3398203419109934e-05,-0.0086547188786831389,-0.0049907801947788027,0.0099905978710801216,6.3693109593420156e-05,-3.4717328284209676e-06,6.378765663129009e-05,6.369252302122751e-05,-3.4709203504450142e-06,6.378702671302943e-05
505,1.0100000479724258,20,138,20234,648,0.000177173677640441,0.0014109262567911305,0.0014220068263377887,-0.033771604554780239,0.21290096465896216,0.21556284936630687,0.0001727295394940035,0.0014088450326440543,0.0014193941735189831,0.00017272911422486101,0.0014088447623937636,0.0014193938535252452
505,1.0100000479724258,21,136,18301,649,-0.0001024515141748151,-0.00056639759702941685,0.0005755888729617782,-0.0019256982913782878,0.13636092815896925,0.13637452490214214,-0.00011379117385268836,-0.00057850128931164261,0.00058958644233225515,-0.00011379064254487971,-0.00057850135004242997,0.00058958639937814938
505,1.0100000479724258,22,92,47596,650,0.0001038224576542487,0.00024818421491186254,0.00026902510523143716,-0.016394075874450072,-0.0082192279761426814,0.01833906846873724,9.9147133800829443e-05,0.00021327966591286573,0.00023519857574573702,9.9146882723857662e-05,0.00021327980837653867,0.00023519859909232335
505,1.0100000479724258,23,112,51583,651,-0.00011256173680686493,0.00014619600484978731,0.00018450858090348255,-0.0012215753882000497,0.0025647168435117386,0.0028407778717191032,-0.00010299020256396407,0.00014113552486759985,0.00017471753834065787,-0.00010299071306022433,0.00014113555556479661,0.00017471786405870822
505,1.0100000479724258,24,122,49892,652,-0.00035618425020365039,-1.9078849750966846e-05,0.00035669485922978564,0.007833885421605449,-0.0018672392107880232,0.0080533435956220492,-0.00031877370509158831,-1.4758196464425271e-05,0.00031911515072259025,-0.00031877427434970666,-1.4758245310450296e-05,0.00031911572163061076
505,1.0100000479724258,25,104,54177,653,-0.00021128543399618534,0.00013500472355201473,0.00025073454089995722,0.0060839963921080513,-0.0022838645508704274,0.0064985420969557754,-0.00018473007138807181,0.00013400186937729175,0.00022821415440688788,-0.00018473065318853804,0.00013400188322296088,0.00022821463348077388
505,1.0100000479724258,26,111,52655,654,-0.00030931125915365144,3.2088589765348227e-05,0.00031097127300177765,0.0078675322703949079,-0.0060684777353328251,0.0099360196280973336,-0.00027236032141451477,3.8993166199668466e-05,0.00027513744145661595,-0.00027236092118964803,3.8993124731207456e-05,0.00027513802930088959
505,1.0100000479724258,27,116,51774,655,-0.00070650049919874049,-0.00043439787320207515,0.00082936389336078266,0.010912675446442383,-0.0083144156897398229,0.013719183418162256,-0.00063328366781542904,-0.00039575627965639064,0.00074677388599845272,-0.00063328429205803934,-0.00039575655843700913,0.00074677456311349937
505,1.0100000479724258,28,121,50655,656,-0.0007013246349527331,-0.0004331252810082866,0.0008242898474687721,0.01235413296668173,-0.0048740871289196207,0.013280863175966847,-0.00063085325782232752,-0.00039736412474644835,0.00074556963493731081,-0.00063085386189102525,-0.00039736439424117913,0.00074557028969338634
505,1.0100000479724258,29,126,47936,657,-0.00050513632958973321,-0.0002076376617110112,0.00054614660122736635,0.00992743264268885,-0.0011680679012977687,0.0099959142401866517,-0.0004559566426505816,-0.00019161051221733755,0.00049458169028925914,-0.00045595720478608018,-0.00019161065337563204,0.0004945822632114622
505,1.0100000479724258,30,152,34831,658,-0.00015433016189833707,0.00120780730258516,0.0012176273153348717,0.032261025629497508,0.21729406702892171,0.21967586426514091,-0.00015627994325503105,0.0011876169214334797,0.0011978553221232236,-0.00015627692449133058,0.0011876169373796473,0.0011978549440894261
505,1.0100000479724258,31,150,36891,659,-0.00014042091713072023,-0.00057738618525622653,0.00059421615670778429,0.0033330307596941828,0.14027763951908104,0.1403172307419524,-0.00015207811051104288,-0.00058884554289687302,0.00060816677407280492,-0.00015207671795309158,-0.00058884556103847951,0.00060816644341668991
506,1.0120000480674207,0,23,25848,628,4.3047561580536363e-05,2.8276847766798194e-05,5.1504103503087503e-05,-0.00067165201768432667,0.00048561023820179562,0.0008288146573908015,4.2600214980365411e-05,2.8255496448865737e-05,5.1118992516922843e-05,4.2600208656457325e-05,2.825545360194748e-05,5.1118963563686503e-05
506,1.0120000480674207,1,20,17765,629,1.7296837846421743e-05,2.6111736212519378e-05,3.1320973284966793e-05,0.0031102462858868659,0.045356291421961112,0.04546280681516196,1.6793377770542943e-05,2.5394017512288658e-05,3.0444599888298563e-05,1.6793502896170823e-05,2.5394129136209295e-05,3.0444762014346109e-05
506,1.0120000480674207,2,20,37608,630,3.0414804758286617e-06,1.7647244980939874e-05,1.7907424686485617e-05,-0.0062611835115758798,0.014918038432868265,0.016178698638956233,3.100493925992807e-06,1.7335133716102775e-05,1.7610222132053913e-05,3.1006027399196837e-06,1.7335251713861339e-05,1.7610357444803041e-05
506,1.0120000480674207,3,20,15824,631,8.9444653568961361e-06,2.6587800250649202e-05,2.805199783775011e-05,0.0050872878719757627,0.0092319905170258395,0.010540879792446488,9.0257212041614115e-06,2.588482199969516e-05,2.7413275127411379e-05,9.0258460330753576e-06,2.5884932944363546e-05,2.7413420985841578e-05
506,1.0120000480674207,4,128,34319,632,-7.9620317398853077e-05,-1.3240169679794852e-06,7.9631325266038384e-05,-0.00048944405179173053,0.0052510915560723117,0.0052738522931618246,-8.0089328455500128e-05,-1.3234386165162668e-06,8.0100262310585913e-05,-8.0089290783326276e-05,-1.3234082988859538e-06,8.010022414264365e-05
506,1.0120000480674207,5,128,21162,633,-1.0304905879554965e-06,-1.0248880597409825e-05,1.0300556506899443e-05,-7.8517165278502819e-05,0.0054092304870168627,0.005409800311186732,-1.3284906616980087e-06,-1.0224005965953172e-05,1.0309955646367489e-05,-1.3284308470617759e-06,-1.0223984582012556e-05,1.0309926733428115e-05
506,1.0120000480674207,6,1,33529,634,-6.3620600514727711e-05,1.5167462700518939e-05,6.5403614079240335e-05,-0.00027838221317301909,0.0044825679540375597,0.0044912038607900643,-6.3775334635378183e-05,1.5141292173904673e-05,6.5548089495804637e-05,-6.3775303689075588e-05,1.5141319763132869e-05,6.5548065759435322e-05
506,1.0120000480674207,7,128,20347,635,1.1367054953839852e-06,-1.1200854948357951e-07,1.1422107066533594e-06,-6.5055634238402418e-05,0.0046873738503046183,0.00468782527917431,1.0259264475648199e-06,-1.0373685588161212e-07,1.0311578012511826e-06,1.0259796524884668e-06,-1.0371512149280298e-07,1.0312085500744367e-06
506,1.0120000480674207,8,42,7241,636,5.7155216063707355e-07,3.3103917970602098e-05,3.3108851639352906e-05,0.0013021470633374089,-0.009078307265037229,0.0091712185544226329,1.277644670063006e-06,3.2547972463985306e-05,3.2573039272061888e-05,1.2777405453557156e-06,3.2548057741486208e-05,3.2573128244679946e-05
506,1.0120000480674207,9,92,47753,637,-0.00014306483530642167,0.00014978659582741359,0.00020713177301133332,-0.019921269648710948,-0.0057241673172097624,0.020727350913516768,-0.00014538915660498983,0.00015335160169650052,0.00021131663588367197,-0.00014538907814384949,0.00015335165942751645,0.00021131662379635769
506,1.0120000480674207,10,136,18300,638,-0.00012013141331426703,-0.0005777464150893911,0.0005901037846121022,-0.0022704766551004552,0.13715980923303672,0.13717860012802427,-0.00012033603158076491,-0.00057730797425509619,0.00058971625179837946,-0.00012033538437847353,-0.00057730800218151529,0.00058971614707105271
506,1.0120000480674207,11,150,36234,639,-0.00012616858524500054,-0.00057554876772412142,0.00058921549193099098,0.0038847257939186529,0.14062751627586759,0.14068116230829675,-0.00012726272683060992,-0.00057546078224701453,0.00058936483908077545,-0.0001272617796385108,-0.00057546074055319762,0.00058936459384221205
506,1.0120000480674207,12,42,6890,640,-1.8222465957323862e-05,6.7514956469064396e-05,6.9930877390359452e-05,0.016336059464224825,-0.0083881814539027832,0.018363780300425292,-1.3313866680259417e-05,6.15663885233063e-05,6.2989516919741687e-05,-1.3313734106610754e-05,6.1566491618947117e-05,6.2989589664701076e-05
506,1.0120000480674207,13,62,3413,641,1.024189979234003e-05,8.1998293548360438e-06,1.3119973811131089e-05,0.00081238606210195141,0.00020701111312169886,0.00083834641697415303,9.299295367953964e-06,6.955302442030264e-06,1.1612627885218841e-05,9.299427505915195e-06,6.9554046092687894e-06,1.1612794892548891e-05
506,1.0120000480674207,14,72,5299,642,-2.4083151698761994e-05,6.3627113496426564e-05,6.8032402336186328e-05,0.013205702030958055,-0.0082004397029595971,0.015544702552713121,-1.997724222273635e-05,5.8258867055736274e-05,6.1588844748410674e-05,-1.997711730682879e-05,5.8258960857676319e-05,6.1588892960557921e-05
506,1.0120000480674207,15,54,520,643,1.1435568278466401e-05,4.3461076852792808e-06,1.2233596113306611e-05,0.00070613579652419219,0.0010212036218097463,0.0012415653830266848,1.0280436255942014e-05,3.5818802352659878e-06,1.0886562158563932e-05,1.0280567577880691e-05,3.5819814227433285e-06,1.0886719461630761e-05
506,1.0120000480674207,16,61,754,644,5.9055562239883458e-05,-1.6116763460278479e-05,6.1215271753895824e-05,-0.0070606145582382705,-0.0097627306457863938,0.012048368669748739,5.176792872438467e-05,-1.3414469517916644e-05,5.347771906934781e-05,5.1768046413404515e-05,-1.3414384698920115e-05,5.3477811719544265e-05
506,1.0120000480674207,17,66,2759,645,6.9782400734332725e-05,-8.7493940147732303e-06,7.0328766147805769e-05,-0.0089129869720494821,-0.0063515575608865237,0.010944570353064507,5.9441774874724765e-05,-4.2337383816484495e-06,5.9592358075022535e-05,5.9441875016947926e-05,-4.2336746496060822e-06,5.9592453436397257e-05
506,1.0120000480674207,18,71,4379,646,0.00010369058872508381,-3.2827328110861068e-05,0.00010876291491612666,-0.014869857725238175,-0.00098621314991197574,0.014902526133038142,8.5219673742485642e-05,-1.9892089916532189e-05,8.7510502421269973e-05,8.5219731741656429e-05,-1.9892076819653413e-05,8.7510555925093266e-05
506,1.0120000480674207,19,76,6105,647,6.3693498508463894e-05,-3.468253028591792e-06,6.3787855672675094e-05,-0.0086306992659088456,-0.004991824840527047,0.009970320208351504,5.4239510152150206e-05,1.6312021951329468e-07,5.4239755435945868e-05,5.4239612894292528e-05,1.6318707365792074e-07,5.4239858378721022e-05
506,1.0120000480674207,20,138,20234,648,0.0001718502708715507,0.0014091899342156494,0.0014196298060738693,-0.03377388282444737,0.2128776349725538,0.21554016477804633,0.00017308761037602172,0.0013928315468266065,0.0014035451680302557,0.00017308827155304837,0.0013928314919670174,0.0014035451951270716
506,1.0120000480674207,21,136,18301,649,-0.00011389914558732669,-0.0005789967396476512,0.00059009341623859272,-0.0019340432927228714,0.13633650261748601,0.13635021990970858,-0.00011416014026788881,-0.00057853619047979637,0.0005896920054747726,-0.00011415949139476859,-0.00057853621795043899,0.00058969190680889462
506,1.0120000480674207,22,92,47596,650,9.9108750523544463e-05,0.00021326197527401093,0.00023516635500877038,-0.016385784685233801,-0.0082471367999062215,0.0183441872304883,0.00010297461176004379,0.00021808437435173815,0.00024117330906118283,0.00010297471507649711,0.00021808445379597498,0.00024117342501315213
506,1.0120000480674207,23,112,51583,651,-0.00010301909394646055,0.00014113213704101856,0.00017473183402950509,-0.0012007992265170675,0.0025508018219671715,0.0028193099718468399,-0.00010363334265145498,0.00014262923470571072,0.00017630362532248335,-0.00010363323752528677,0.00014262931189305239,0.00017630362597251969
506,1.0120000480674207,24,122,49892,652,-0.00031877661447444501,-1.4732865926693204e-05,0.00031911688653877727,0.0078694281343172738,-0.0018718223734878012,0.0080889812806727249,-0.00032467243708657827,-1.614409357778978e-05,0.00032507356576809898,-0.00032467235313933697,-1.6144041895318232e-05,0.00032507347935774788
506,1.0120000480674207,25,104,54177,653,-0.00018473752428687279,0.0001340202573510816,0.0002282309844435962,0.0061151448096349219,-0.0022941791708903634,0.0065313286635226156,-0.00018790011789034011,0.00013509704134265834,0.00023142529006732097,-0.00018790001429585404,0.00013509711663279222,0.00023142524990777565
506,1.0120000480674207,26,111,52655,654,-0.00027236162336672422,3.9019427294400553e-05,0.00027514245326619511,0.0079040824664969971,-0.0060709782424206429,0.0099665087396304478,-0.00027759369164738593,3.8125920612390247e-05,0.00028019964929486664,-0.00027759359754236533,3.8125984497242205e-05,0.00028019956475768595
506,1.0120000480674207,27,116,51774,655,-0.0006332721115496205,-0.00039570801687951128,0.00074673850971356133,0.010968146902117228,-0.0082865917269302099,0.013746557711487337,-0.0006464690711523402,-0.00040524850057598765,0.00076298663630214119,-0.00064646902246197336,-0.00040524849125752742,0.00076298659009804465
506,1.0120000480674207,28,121,50655,656,-0.00063084474834572424,-0.00039731915608289068,0.00074553846869615016,0.01240674695722121,-0.0048486567632233229,0.013320542123655067,-0.00064377335976255128,-0.0004066376816944684,0.00076144490471327935,-0.00064377331331082308,-0.00040663767506572338,0.00076144486190009319
506,1.0120000480674207,29,126,47936,657,-0.00045595801590198412,-0.00019158019060488466,0.00049457120993591812,0.0099678663580713943,-0.0011614239645722916,0.010035300960003856,-0.00046470741102369974,-0.00019640666699310893,0.00050450823253906545,-0.00046470734639105144,-0.00019640663852038478,0.00050450816192078578
506,1.0120000480674207,30,152,34831,658,-0.00015508819488189597,0.001188118043587344,0.0011981973266910349,0.032258327592152795,0.21726287673340469,0.21964461592653994,-0.00015411083017573377,0.0011797603246465329,0.0011897834137302246,-0.00015410879912976786,0.0011797602557326924,0.0011897830823203392
506,1.0120000480674207,31,150,36891,659,-0.00015185834831402714,-0.00058940318936075847,0.00060865185252432976,0.0033198086722984487,0.14025621864819784,0.14029550241939956,-0.00015306964445729133,-0.00058919439518948739,0.0006087531120059983,-0.00015306870792441401,-0.00058919434299345799,0.00060875282599848538
507,1.0140000481624156,0,23,25848,628,4.2600504673831709e-05,2.8258073002888053e-05,5.1120658136429617e-05,-0.00066872455054681819,0.00048641233769228926,0.00082691564670365363,4.529092704186061e-05,2.7643278564469851e-05,5.3060521313911144e-05,4.5291883625366525e-05,2.7643320434980673e-05,5.3061359641501501e-05
507,1.0140000481624156,1,20,17765,629,1.6793662522070716e-05,2.5396663509987346e-05,3.0446964025083444e-05,0.0031076356915009902,0.045356755652029998,0.045463091435460547,1.6494457989888667e-05,2.5653853737830373e-05,3.0498973031598876e-05,1.6495100862633635e-05,2.5653944106846839e-05,3.0499396726913772e-05
507,1.0140000481624156,2,20,37608,630,3.1011543991750617e-06,1.7337658396158031e-05,1.761282365974837e-05,-0.0062643051245882585,0.014918710161127387,0.016180526306819203,1.0698488945463007e-06,1.4167100480206012e-05,1.4207438638734829e-05,1.0702825719757251e-06,1.4166884409229204e-05,1.4207255845107332e-05
507,1.0140000481624156,3,20,15824,631,9.0260467473744342e-06,2.5887378658031039e-05,2.7415796425967084e-05,0.0050866452284098083,0.009232248429652902,0.010540795546187809,6.8149153488820416e-06,2.5672038110617216e-05,2.6561186192740163e-05,6.8153511024714508e-06,2.5672090798492322e-05,2.6561348923124987e-05
507,1.0140000481624156,4,128,34319,632,-8.0083863931348036e-05,-1.3579705706784056e-06,8.0095376559733425e-05,-0.00048928348970823899,0.0052509282973996199,0.0052736748399700509,-7.3581435249390226e-05,-4.3228275709539355e-06,7.370830653032538e-05,-7.3581384238777554e-05,-4.3228447232244172e-06,7.3708256613460414e-05
507,1.0140000481624156,5,128,21162,633,-1.3264136556873088e-06,-1.0257166910409734e-05,1.0342574448076172e-05,-7.8130480689052052e-05,0.0054085287485842468,0.0054090930474780131,-3.4835154726619481e-08,-1.0300603174083188e-05,1.0300662077650032e-05,-3.4811278193300511e-08,-1.0300596256133495e-05,1.0300655079020986e-05
507,1.0140000481624156,6,1,33529,634,-6.3770863329803095e-05,1.5112744126362244e-05,6.553715011241579e-05,-0.00027807875457316233,0.0044825379635851405,0.0044911551285528959,-6.0329331742052602e-05,1.2506728077379743e-05,6.1612064692267499e-05,-6.0329291944042981e-05,1.250670974573679e-05,6.1612022001665198e-05
507,1.0140000481624156,7,128,20347,635,1.0277831160991815e-06,-1.3282612187765553e-07,1.0363305034551484e-06,-6.4630836141330012e-05,0.0046867732370437934,0.0046872188470830209,1.0927281429183241e-06,-2.9300779232374901e-08,1.0931209127948077e-06,1.0927456409531669e-06,-2.9294090020154768e-08,1.0931382252635101e-06
507,1.0140000481624156,8,42,7241,636,1.278066558994287e-06,3.2549309599330354e-05,3.2574391928665049e-05,0.0013021651540159386,-0.0090782353647647796,0.0091711499511456726,-3.9903597492436358e-06,3.2099273505867794e-05,3.2346349570436689e-05,-3.990242220423767e-06,3.2099289915865341e-05,3.23463513565352e-05
507,1.0140000481624156,9,92,47753,637,-0.0001454099171820648,0.00015334440311410685,0.00021132569645293173,-0.019926988638297418,-0.0057243852638184899,0.02073290772755854,-0.00015041509814175589,0.0001422437738206965,0.00020702172093707346,-0.00015041495225593827,0.00014224311652215424,0.00020702116331450593
507,1.0140000481624156,10,136,18300,638,-0.00012044654547615817,-0.00057780561319902815,0.00059022597110042956,-0.0022682490927522642,0.13714892815285104,0.13716768368468815,-0.00011940308442652666,-0.00058182351816844096,0.00059394924266680427,-0.00011940215470603696,-0.00058182348464546501,0.00059394902292489384
507,1.0140000481624156,11,150,36234,639,-0.00012702964264279769,-0.00057602593062062264,0.00058986642797951411,0.0038813909466666303,0.14061354259481953,0.14066710189929268,0.00037331365900081004,-0.00062335351859471914,0.00072658977225184627,0.00037331363150241862,-0.00062335347026498482,0.00072658971666059451
507,1.0140000481624156,12,42,6890,640,-1.3313073103723297e-05,6.1568912983904858e-05,6.2991816623151364e-05,0.016342460596294441,-0.0083898258428635672,0.018370225801960568,-2.4230380224169875e-05,6.2662666404232961e-05,6.7184232426187833e-05,-2.4230529549936728e-05,6.2663200734501442e-05,6.7184784650713733e-05
507,1.0140000481624156,13,62,3413,641,9.3002474867717436e-06,6.9577254630547904e-06,1.1614841666352801e-05,0.00080505468961711215,0.00021572502343233642,0.00083345686091686048,-4.1863608010639778e-07,-9.0072241776362002e-07,9.9325577845225331e-07,-4.1920753873001558e-07,-9.0000586640473834e-07,9.9284717861865389e-07
507,1.0140000481624156,14,72,5299,642,-1.9976469634744298e-05,5.8261306764644425e-05,6.1590901966052287e-05,0.013211155588485009,-0.0082014703301136905,0.015549879342261595,-3.2586966472710099e-05,5.9259651938320335e-05,6.7628520106123897e-05,-3.2587227986860285e-05,5.9260181306546475e-05,6.7629109977526474e-05
507,1.0140000481624156,15,54,520,643,1.0281393831174773e-05,3.584371531776889e-06,1.0888286292595879e-05,0.00069871927047507137,0.0010307148077002232,0.001245223527622942,5.6418593986298158e-07,-4.6680485873136828e-06,4.7020190757014533e-06,5.6361094435122728e-07,-4.6673178491286076e-06,4.7012246491086734e-06
507,1.0140000481624156,16,61,754,644,5.1768922060588204e-05,-1.3412004550204427e-05,5.347806239356434e-05,-0.0070781395257583949,-0.0097492781685459984,0.012047758461796572,4.6175489162162569e-05,-2.2603916472959704e-05,5.141121316679399e-05,4.6174745970598046e-05,-2.2603140752627961e-05,5.1410204603097733e-05
507,1.0140000481624156,17,66,2759,645,5.9442680438276176e-05,-4.2311790830017566e-06,5.9593079582443571e-05,-0.0089319938160054724,-0.0063384499304715153,0.010952463697737343,5.1963939823233252e-05,-8.9748240465622531e-06,5.2733277051775942e-05,5.1963175538729918e-05,-8.9741074395968166e-06,5.2732401959386284e-05
507,1.0140000481624156,18,71,4379,646,8.5220600557117925e-05,-1.9889491102998012e-05,8.7510814278305544e-05,-0.014893403417507672,-0.00096719902749390371,0.014924776022286377,7.4352757467615916e-05,-1.9834502571997965e-05,7.6952842931997698e-05,7.4351908946049456e-05,-1.9833758733442198e-05,7.6951831358441523e-05
507,1.0140000481624156,19,76,6105,647,5.4240444666172619e-05,1.6561110498822719e-07,5.4240697493876582e-05,-0.0086487749823165039,-0.0049790220588386046,0.0099795776141651041,4.640325331800686e-05,-4.3330650836711717e-06,4.6605121730497019e-05,4.6402510188142019e-05,-4.332365335612888e-06,4.6604316765315248e-05
507,1.0140000481624156,20,138,20234,648,0.00017220977282728962,0.0013931784438574674,0.0014037814581644614,-0.033770408776274158,0.21284861129068552,0.21551095526049249,0.00018311601963756004,0.0014542149354612589,0.0014656986576941716,0.00018311784644825139,0.0014542149558742215,0.0014656989061796113
507,1.0140000481624156,21,136,18301,649,-0.00011426860689923753,-0.00057902986450052922,0.00059019733861327575,-0.0019318928163825047,0.13632569666682134,0.13633938455761113,-0.0001130357694413529,-0.00058314165352153704,0.00059399602123670072,-0.00011303484716120597,-0.00058314162033282614,0.00059399581314782939
507,1.0140000481624156,22,92,47596,650,0.00010293621444400971,0.00021806625602136296,0.00024114053217830835,-0.016390562609489161,-0.0082451501798289258,0.018347562348811276,8.5788195311850852e-05,0.00020547998301448321,0.00022266934650844191,8.578805157224177e-05,0.00020547923646411801,0.00022266860221063621
507,1.0140000481624156,23,112,51583,651,-0.00010366095601642909,0.00014262591362047917,0.00017631717170575427,-0.0012043426252192698,0.0025528094206995803,0.0028226365506973388,-0.00011017720891422556,0.00014269878613578412,0.00018028300232899151,-0.00011017776759161012,0.00014269785569070878,0.00018028260728699592
507,1.0140000481624156,24,122,49892,652,-0.00032467338485983713,-1.6117894277985528e-05,0.00032507321229578457,0.0078641573149358848,-0.0018715871139406944,0.0080837991439129935,-0.00031873925933861695,-1.2443065266138605e-05,0.00031898204544605251,-0.00031873995510957103,-1.2443924359499441e-05,0.0003189827742006084
507,1.0140000481624156,25,104,54177,653,-0.00018790562735542213,0.00013511603370336691,0.00023144085066289431,0.0061100254402676902,-0.0022913504838445904,0.0065255419637401165,-0.00018659924152208967,0.00013697381971323284,0.0002314759257967281,-0.00018659991779958388,0.00013697287683782139,0.00023147591302777153
507,1.0140000481624156,26,111,52655,654,-0.00027759336228472427,3.8153138872826039e-05,0.00028020302780374685,0.0078987954823583634,-0.0060695754431752758,0.0099614615460042414,-0.00027165012986568002,4.3380128431190346e-05,0.00027509203659638603,-0.00027165085414039059,4.3379185827355401e-05,0.00027509260316891109
507,1.0140000481624156,27,116,51774,655,-0.0006464559074315084,-0.00040519853313686723,0.00076294894423504112,0.010961666944766409,-0.0082940339750714968,0.013745877265115706,-0.00062459361707836237,-0.0003866774158565478,0.00073459962593819055,-0.00062459447222747394,-0.00038667831321220438,0.00073460082537780502
507,1.0140000481624156,28,121,50655,656,-0.00064376271850328539,-0.00040659103897675171,0.00076141099986205515,0.012400671259262433,-0.0048559512883964359,0.013317541462130926,-0.00062323354808529194,-0.00038949283524909484,0.00073493178198344401,-0.00062323437536354446,-0.00038949369667292191,0.00073493294005829238
507,1.0140000481624156,29,126,47936,657,-0.00046470684825368843,-0.0001963755013339084,0.00050449558207978442,0.0099625443015829845,-0.0011642833244727418,0.010030346186480748,-0.00045371755328864056,-0.00018788712179327585,0.00049108165176271008,-0.00045371827658187587,-0.00018788794779328664,0.00049108263605059425
507,1.0140000481624156,30,152,34831,658,-0.00018772514092113289,0.00096095210271534832,0.00097911678172060181,0.032084368189253011,0.21670251254119779,0.2190647977740183,-0.00010029342089610068,0.00083850324574243627,0.00084447999585285784,-0.00010029446844744442,0.00083850335502915309,0.00084448022877762
507,1.0140000481624156,31,150,36891,659,-0.0001528490455702377,-0.00058975105819538104,0.00060923652334237506,0.0033164044469364573,0.14024244950683004,0.14028165661315606,0.00033533175002096479,-0.00064595212391267741,0.00072780596930735713,0.00033533174975907819,-0.00064595209489694337,0.00072780594343426104
508,1.0160000482574105,0,23,25848,628,4.5292346876020487e-05,2.764588619798762e-05,5.3063091779596154e-05,-0.00066653983930317889,0.00048403731497696399,0.00082375207415120728,2.6960767799037225e-05,2.937783882437061e-05,3.9874056908023539e-05,2.6960457692483149e-05,2.9377790008261557e-05,3.9873811264509017e-05
508,1.0160000482574105,1,20,17765,629,1.649534007470608e-05,2.5656553322056373e-05,3.0501720812893922e-05,0.0031048504107654817,0.045355957318678877,0.04546210466275237,1.4064955193502602e-05,2.557739326866408e-05,2.9189484596599825e-05,1.4064748428982856e-05,2.5577463211099935e-05,2.9189446255209199e-05
508,1.0160000482574105,2,20,37608,630,1.0708479972355043e-06,1.4169344281758693e-05,1.4209751328161624e-05,-0.0062652334704819028,0.014915586643471956,0.016178005914159067,1.2674397356994768e-06,1.4432366286458458e-05,1.4487912206737473e-05,1.2672830485924431e-06,1.4432539505068942e-05,1.4488071054858389e-05
508,1.0160000482574105,3,20,15824,631,6.8155958410737961e-06,2.5674627818501795e-05,2.6563863805693793e-05,0.0050822945994571369,0.0092305624808196544,0.010537219847188663,6.9440556361197549e-06,2.5339671054911074e-05,2.6273919346923189e-05,6.9439122146984051e-06,2.5339752858786583e-05,2.6273960336991845e-05
508,1.0160000482574105,4,128,34319,632,-7.357635880970279e-05,-4.3597109359844068e-06,7.3705411301609809e-05,-0.00048198203137398755,0.0052443052962938604,0.0052664071926981897,-7.1469443721126156e-05,-4.7495688375829922e-06,7.1627088381073805e-05,-7.1469446347802268e-05,-4.7495085156521109e-06,7.1627087002066749e-05
508,1.0160000482574105,5,128,21162,633,-3.2733927772357822e-08,-1.0335086417613605e-05,1.0335138255948424e-05,-7.6699725345419977e-05,0.0054057403389315807,0.005406284441260947,1.0163020071599186e-06,-9.9407209565324243e-06,9.9925373607207603e-06,1.0162965324456291e-06,-9.9406832010748234e-06,9.9924992442327569e-06
508,1.0160000482574105,6,1,33529,634,-6.0325153489886561e-05,1.2476292349941883e-05,6.1601802038411117e-05,-0.00027359828245632629,0.0044760485420360548,0.0044844025879515036,-5.980218995984574e-05,1.1956667578253565e-05,6.0985767385270596e-05,-5.9802195202887262e-05,1.195672129847697e-05,6.0985783058789076e-05
508,1.0160000482574105,7,128,20347,635,1.0946262997721337e-06,-5.9599201215101182e-08,1.0962476001972872e-06,-6.4177991632900297e-05,0.0046840921384547858,0.0046845317776853601,1.4851420352176982e-06,1.492440294893256e-07,1.4926220704213031e-06,1.4851363220719017e-06,1.4927925023991748e-07,1.4926199079770601e-06
508,1.0160000482574105,8,42,7241,636,-3.9899344292845133e-06,3.210057068875322e-05,3.2347584381119288e-05,0.0012961281231656868,-0.0090803111417665696,0.0091723496740448735,-3.4242678096606082e-06,3.1689145062384984e-05,3.1873618006388236e-05,-3.4243098431393206e-06,3.168921614282664e-05,3.187369319122912e-05
508,1.0160000482574105,9,92,47753,637,-0.00015043554599459207,0.00014223642674933196,0.0002070315304322245,-0.019931752371879472,-0.0057326244140556539,0.020739762180086586,-0.00016803033904631877,0.00015288793222106701,0.00022717595528324387,-0.00016803042231841597,0.00015288820943415896,0.0002271762034379668
508,1.0160000482574105,10,136,18300,638,-0.00011951306454497859,-0.00058232815480102878,0.00059446568653783805,-0.0022638757172400185,0.13712992673385294,0.13714861260433875,-0.00012164386809459712,-0.00058025213422157229,0.00059286572671533757,-0.00012164400919099389,-0.00058025202177497208,0.00059286564561121372
508,1.0160000482574105,11,150,36234,639,0.000373523166758931,-0.00062397457278847367,0.00072723024111499824,0.0043431824402899426,0.14057233376855449,0.14063941216759807,0.00077497755665693121,-0.00065369556753894188,0.0010138580316503916,0.00077497884648366155,-0.00065369542807674889,0.0010138589276549232
508,1.0160000482574105,12,42,6890,640,-2.4230020355763028e-05,6.2665761184479269e-05,6.7186989151701685e-05,0.016332260809115484,-0.0083884052180847532,0.018360503403767586,-2.6100961593401054e-05,4.4440743906317041e-05,5.1538722481713223e-05,-2.6100916286240768e-05,4.4440672723917413e-05,5.1538638157557925e-05
508,1.0160000482574105,13,62,3413,641,-4.1859598818980151e-07,-8.9736109016132247e-07,9.901916619847461e-07,0.0007874784442942497,0.00021565937943167528,0.00081647490357324951,-4.743679955799535e-06,-2.3919396723420635e-06,5.3126146970374329e-06,-4.7435016212209378e-06,-2.3920686183701316e-06,5.3125135205020283e-06
508,1.0160000482574105,14,72,5299,642,-3.2586692388067402e-05,5.9262749129312005e-05,6.7631101980954745e-05,0.013199283717660222,-0.0081998994671384738,0.015538965278629979,-3.0392484405838842e-05,4.2796352903401829e-05,5.2490293675989919e-05,-3.0392403724720477e-05,4.2796275285354945e-05,5.2490183677200877e-05
508,1.0160000482574105,15,54,520,643,5.6422319189811844e-07,-4.6647697931832791e-06,4.6987684592530069e-06,0.00068076245928489279,0.0010305268842055511,0.0012350802342528265,-4.0873076219520119e-06,-5.1511308418826203e-06,6.5757305713252399e-06,-4.0871281714220571e-06,-5.1512651248410472e-06,6.575724224451285e-06
508,1.0160000482574105,16,61,754,644,4.6175352565840046e-05,-2.2600458708417188e-05,5.1409570299804114e-05,-0.0070964755784632214,-0.0097481626349646151,0.012057638259354323,2.9120082290253471e-05,-1.7328499292007835e-05,3.3885927467080639e-05,2.9120314833896301e-05,-1.7328662109181098e-05,3.3886210565942741e-05
508,1.0160000482574105,17,66,2759,645,5.1963790352918817e-05,-8.9713712582635246e-06,5.27325422305401e-05,-0.0089516065627254799,-0.0063347193091482104,0.010966308803764604,3.1789590616244771e-05,-4.9950516689613251e-06,3.2179630400674754e-05,3.1789829815046677e-05,-4.9952142900054684e-06,3.2179891943148373e-05
508,1.0160000482574105,18,71,4379,646,7.4352468445076074e-05,-1.9831084812332813e-05,7.6951682819220859e-05,-0.014913731910982558,-0.00096042398432296088,0.014944624911396146,4.4642512908182584e-05,-8.4626686854763172e-06,4.5437547469437547e-05,4.4642778692005527e-05,-8.4628842551122726e-06,4.5437848752541196e-05
508,1.0160000482574105,19,76,6105,647,4.640307980161197e-05,-4.3296370943573345e-06,4.6604630375571095e-05,-0.0086682273404769528,-0.0049750660049024589,0.0099944708203750458,2.7825841101600351e-05,-1.7659556527744577e-06,2.7881822615802532e-05,2.7826073622306003e-05,-1.7661102159256645e-06,2.7882064459591061e-05
508,1.0160000482574105,20,138,20234,648,0.00018224168330552493,0.0014545659782764394,0.0014659379987889414,-0.033755927410396354,0.21287611393778849,0.21553584973407616,0.00019033529262695004,0.0015128722151799459,0.0015247983024265417,0.0001903350934268919,0.0015128723554188918,0.0015247984167031815
508,1.0160000482574105,21,136,18301,649,-0.0001131433872825469,-0.00058364237657164495,0.00059450807380216988,-0.0019273937792514265,0.13630671077744705,0.13632033688979386,-0.00011514247219447497,-0.00058165116771681242,0.0005929383355875946,-0.00011514261307277552,-0.00058165105575187315,0.00059293825311114445
508,1.0160000482574105,22,92,47596,650,8.5750340844844574e-05,0.00020546196808006272,0.00022263813977470198,-0.016400081092612886,-0.008255240721106288,0.018360600731122338,8.4753494242666792e-05,0.00021841967835673542,0.00023428681285937009,8.4753503390858938e-05,0.00021842000570112066,0.00023428712134366652
508,1.0160000482574105,23,112,51583,651,-0.00011020626917458226,0.0001426943650476909,0.00018029726448769029,-0.0012073646375014391,0.0025511311474751583,0.0028224102287773296,-0.00011261782604869732,0.00014161732186628351,0.00018093711779652399,-0.0001126176851561688,0.00014161770675907856,0.00018093733135435131
508,1.0160000482574105,24,122,49892,652,-0.00031874308307972953,-1.2419400446622274e-05,0.00031898494403125819,0.0078683756330724611,-0.0018704038905858339,0.0080876291839479808,-0.00032969116030970373,-1.3769960321022432e-05,0.00032997859475063121,-0.00032969097612048912,-1.3769620272914804e-05,0.0003299783965318657
508,1.0160000482574105,25,104,54177,653,-0.00018660727318603221,0.00013699045400832331,0.00023149224370447706,0.0061126810748795219,-0.0022924279449012272,0.0065284068351899099,-0.0001957128959133496,0.00013392833921038245,0.00023715045365851797,-0.00019571271787529725,0.00013392872638774532,0.00023715052538415184
508,1.0160000482574105,26,111,52655,654,-0.00027165274108606219,4.3404668130182493e-05,0.00027509848591924754,0.0079037352985014617,-0.0060680730185920352,0.0099644639508476643,-0.00028373572393466413,3.8990467707335674e-05,0.00028640219553761231,-0.00028373553074389059,3.8990844812139364e-05,0.00028640205548438651
508,1.0160000482574105,27,116,51774,655,-0.00062458346441326637,-0.00038663150181103692,0.00073456682623920322,0.010974321571350221,-0.0082795592002403093,0.013747248251984348,-0.00064540787775048695,-0.00039481865431087438,0.00075659308644358966,-0.00064540764324983292,-0.0003948183392820119,0.00075659272201013771
508,1.0160000482574105,28,121,50655,656,-0.00062322641330866328,-0.00038944977946037254,0.00073490291397388925,0.01241197568712029,-0.0048424983710562359,0.01332317270515351,-0.00064264793278787568,-0.00039602477645821589,0.00075487216738021924,-0.00064264770708712051,-0.00039602447513126444,0.00075487181714998933
508,1.0160000482574105,29,126,47936,657,-0.00045372012631023491,-0.00018785838245840799,0.00049107303415975203,0.0099684238003009684,-0.0011585522552842763,0.010035522726327267,-0.00046690813769070946,-0.00019009084233620899,0.00050412075674573838,-0.00046690794481569483,-0.0001900905330645521,0.00050412046148989181
508,1.0160000482574105,30,152,34831,658,-9.9285672430555189e-05,0.00083898033176885351,0.00084483468314514823,0.032144534176835972,0.21662250992854273,0.21899448140349878,-9.3462290493013386e-05,0.0007875643611987643,0.00079309067752345822,-9.3459414738390685e-05,0.00078756435090823035,0.00079309032841457894
508,1.0160000482574105,31,150,36891,659,0.0003355279518214383,-0.00064656407036966861,0.00072843949889231244,0.0037678219490744147,0.14019258086149167,0.14024320379557009,0.00072570482087544496,-0.0006847215809649155,0.0009977430182571839,0.0007257060934771208,-0.0006847214252012683,0.00099774383698396233
509,1.0180000483524054,0,23,25848,628,2.6960867140004285e-05,2.9380353152044869e-05,3.9875976580891858e-05,-0.00068200466289802743,0.00048687308452549107,0.00083795928340822028,2.9664115904475388e-05,2.902940727113532e-05,4.150501486456298e-05,2.9664209689483377e-05,2.9029466988779182e-05,4.150512366147413e-05
509,1.0180000483524054,1,20,17765,629,1.4064949128699657e-05,2.5580020124592201e-05,2.919178349411785e-05,0.0031038850814463026,0.045361101703157734,0.045467171127342464,1.5014744742952895e-05,2.5965763478814644e-05,2.9994390021031867e-05,1.501490086183968e-05,2.5965609112385662e-05,2.999433453951061e-05
509,1.0180000483524054,2,20,37608,630,1.2678434729623519e-06,1.4434930439912399e-05,1.4490501850420599e-05,-0.0062647009420818888,0.014911853874877467,0.016174358221562296,3.2447225888950913e-06,1.7428906265649517e-05,1.772836705101976e-05,3.2448582833259057e-06,1.7428715687323349e-05,1.7728204528051332e-05
509,1.0180000483524054,3,20,15824,631,6.9440981488621031e-06,2.53421444870614e-05,2.6276316071780813e-05,0.0050846792229988728,0.0092332155822872804,0.010540694132256617,8.8532114550598504e-06,2.6160981588024513e-05,2.7618405289171939e-05,8.8533467336724912e-06,2.6160820195856355e-05,2.7618295778460971e-05
509,1.0180000483524054,4,128,34319,632,-7.1464595090956471e-05,-4.7901973663476057e-06,7.1624956141856883e-05,-0.00047776470823396517,0.0052443112095208093,0.005266028786356897,-7.8841329836202499e-05,-2.0123466569947255e-06,7.8867007229948779e-05,-7.884130797218222e-05,-2.0123675284206835e-06,7.8866985905598833e-05
509,1.0180000483524054,5,128,21162,633,1.018603670573839e-06,-9.9773561883432629e-06,1.00292168162214e-05,-7.4329364782113789e-05,0.0054063031793899815,0.0054068141194192291,-7.8799974174209692e-07,-1.0077109736753284e-05,1.0107872389358378e-05,-7.8794283443517637e-07,-1.0077127341697762e-05,1.0107885504452965e-05
509,1.0180000483524054,6,1,33529,634,-5.9798164842391018e-05,1.1923169403276763e-05,6.0975261271576393e-05,-0.00027107992459037748,0.0044761558526840335,0.0044843567591164564,-6.3496260656762603e-05,1.4675294084627055e-05,6.5170080357951278e-05,-6.3496238300561687e-05,1.4675271212292424e-05,6.5170053425450371e-05
509,1.0180000483524054,7,128,20347,635,1.4872164274389307e-06,1.1704381685832848e-07,1.4918149875601138e-06,-6.2457963762733765e-05,0.0046846777582682225,0.0046850940968192261,1.2533960940134294e-06,-4.4925884796892863e-08,1.25420098214477e-06,1.2534490680225042e-06,-4.4945805295570729e-08,1.2542546358455893e-06
509,1.0180000483524054,8,42,7241,636,-3.4240531705797323e-06,3.1690398169061636e-05,3.1874840803188683e-05,0.0012982928717019109,-0.0090788950341546982,0.0091712539721627399,8.8906813105186891e-07,3.2657094285947813e-05,3.2669194194882392e-05,8.8914944136836169e-07,3.2656960417764462e-05,3.2669062589191637e-05
509,1.0180000483524054,9,92,47753,637,-0.00016805159806277696,0.00015288120988737674,0.00022718715621284862,-0.01994324309350182,-0.0057247378117093479,0.0207486281016197,-0.00015405385493366658,0.00015436110084290016,0.00021808241486501195,-0.00015405377086612844,0.00015436088963338072,0.00021808220598316212
509,1.0180000483524054,10,136,18300,638,-0.00012175480108046389,-0.00058076461105081661,0.00059339006145633217,-0.0022619540869190024,0.13710803429974106,0.13712669144200301,-0.00013499595016639606,-0.00058464959568052825,0.00060003254602624117,-0.00013499573486703293,-0.00058464963166169747,0.00060003253264672969
509,1.0180000483524054,11,150,36234,639,0.00077516574470423206,-0.00065440627236913837,0.0010144602018211152,0.0047072189123030734,0.14053884778874201,0.14061765766672243,0.00057739171387942694,-0.000645405985192406,0.00086598503276835118,0.00057739120684304249,-0.00064540593983582824,0.00086598466090054608
509,1.0180000483524054,12,42,6890,640,-2.6100631973749036e-05,4.4443167481775269e-05,5.1540645370835404e-05,0.016335650248034482,-0.0084034350526780086,0.018370388937381986,-1.7547350714498726e-05,4.6707275232498663e-05,4.9894679844067564e-05,-1.7547288757316987e-05,4.6707157608280571e-05,4.9894547944413977e-05
509,1.0180000483524054,13,62,3413,641,-4.743154179046096e-06,-2.3895581946171111e-06,5.31107333141468e-06,0.00077729713970590834,0.00021555757497923695,0.00080663245132210973,2.8514866044402825e-06,2.6559814142066695e-06,3.8968209001586964e-06,2.8514971173703984e-06,2.655884895534542e-06,3.8967628088838326e-06
509,1.0180000483524054,14,72,5299,642,-3.0392104233813881e-05,4.2798814581966711e-05,5.2492080634897432e-05,0.013203464075095902,-0.0082136514960248486,0.015549776026698884,-2.1605926421921355e-05,4.4799663889718864e-05,4.973757072054545e-05,-2.1605884291341067e-05,4.4799558390898592e-05,4.9737457394104405e-05
509,1.0180000483524054,15,54,520,643,-4.0867622713715896e-06,-5.1486406205286448e-06,6.5734409636098401e-06,0.0006701835126112053,0.0010313804916141057,0.0012299966093685169,3.5472923596390095e-06,5.4977451433295432e-09,3.5472966199565205e-06,3.5473017795417967e-06,5.4043415562371789e-09,3.5473058963173804e-06
509,1.0180000483524054,16,61,754,644,2.9120677266929461e-05,-1.7326084971062138e-05,3.3885204218200122e-05,-0.0071194200782365132,-0.009739169044010532,0.012063894724267542,3.5911851000976199e-05,-1.2248652761255366e-05,3.7943254167007393e-05,3.5911828929704055e-05,-1.2248717400532043e-05,3.7943254143976967e-05
509,1.0180000483524054,17,66,2759,645,3.1790181121166349e-05,-4.9926529444905329e-06,3.2179841502727937e-05,-0.0089757608463981974,-0.0063279030623548775,0.010982105441958528,4.0052467608355122e-05,-2.1312302179156319e-06,4.0109129930230263e-05,4.0052428687818718e-05,-2.1312719763879333e-06,4.0109093283570252e-05
509,1.0180000483524054,18,71,4379,646,4.4643127881175517e-05,-8.4602244219375446e-06,4.5437696511647016e-05,-0.014942918904719814,-0.00094721244932227276,0.014972910098480653,5.6033119891740562e-05,-8.8186165395692092e-06,5.6722821883913137e-05,5.6033036432373832e-05,-8.8185828247939766e-06,5.6722734197757817e-05
509,1.0180000483524054,19,76,6105,647,2.7826416914034191e-05,-1.7635463285672385e-06,2.7882244779189697e-05,-0.0086911470586674561,-0.0049692829555712551,0.010011483920374389,3.6098437936450347e-05,1.1026237000969895e-06,3.6115273783757657e-05,3.6098403698200715e-05,1.1025754462967543e-06,3.6115238088278573e-05
509,1.0180000483524054,20,138,20234,648,0.0001894600491932549,0.001513225302172748,0.001525039647148924,-0.033743280371528045,0.21288815537550504,0.21554576235550707,0.00018262127189800622,0.0014865563209147633,0.0014977316929948709,0.00018262089680554721,0.0014865561436976015,0.0014977314713643254
509,1.0180000483524054,21,136,18301,649,-0.0001152510212463568,-0.00058215935352837309,0.000593457926730195,-0.0019253931455076442,0.13628490157776088,0.1362985015942022,-0.00012880318935066872,-0.00058603653579306601,0.00060002423523657924,-0.00012880296671843896,-0.00058603656954760793,0.00060002422041330935
509,1.0180000483524054,22,92,47596,650,8.4715028621642238e-05,0.00021840232842777356,0.00023425672484912515,-0.016406537628627961,-0.0082428530947141598,0.018360803470998322,9.563685633854992e-05,0.00021854710798628884,0.00023855659014055978,9.5636923244646685e-05,0.00021854684756507844,0.00023855637838535374
509,1.0180000483524054,23,112,51583,651,-0.00011264603453437007,0.00014161419014885595,0.00018095222559514108,-0.0012111437477958862,0.0025588899800391062,0.0028310399339764886,-0.00010382324217006412,0.00013873004232023358,0.00017327807206013568,-0.00010382322567089703,0.00013872975945265393,0.0001732778357046891
509,1.0180000483524054,24,122,49892,652,-0.00032969400016151561,-1.3744933370643523e-05,0.00032998038871403384,0.00786191957606403,-0.0018636923755772708,0.0080797975649940425,-0.00032163576010434532,-1.5002134654518831e-05,0.00032198544411524615,-0.00032163577750137081,-1.5002372559362534e-05,0.00032198547257806712
509,1.0180000483524054,25,104,54177,653,-0.00019572015402126311,0.00013394680631849401,0.00023716687292501688,0.0061058397705345043,-0.0022862694472596738,0.0065198395140458713,-0.00018840352166001718,0.00013054171031230851,0.00022920956591110947,-0.00018840352069115343,0.0001305414285998513,0.00022920940467116953
509,1.0180000483524054,26,111,52655,654,-0.00028373692133168812,3.9016619651241052e-05,0.00028640694323950002,0.0078962813860378837,-0.0060638317407880711,0.0099559688181551295,-0.00027657427674904677,3.6105296305476778e-05,0.00027892099774051536,-0.00027657428932923388,3.6105030875631791e-05,0.00027892097585606771
509,1.0180000483524054,27,116,51774,655,-0.00064539664378035835,-0.000394770779012752,0.00075655852104466168,0.010965296921269392,-0.0082795673569279037,0.013740049934025207,-0.00063761503962411563,-0.00039459590598472813,0.00074983922795141293,-0.00063761510505916071,-0.00039459608816341037,0.00074983937946300906
509,1.0180000483524054,28,121,50655,656,-0.00064263922979828898,-0.00039598000359298652,0.00075484127001723992,0.012403792774234687,-0.0048412921476197373,0.01331511114654178,-0.00063437412282364768,-0.00039520735211454934,0.00074740844179984071,-0.00063437418670347293,-0.00039520752609856783,0.00074740858801638273
509,1.0180000483524054,29,126,47936,657,-0.00046690953113898772,-0.00019006069532435778,0.00050411068048158601,0.0099626948253389355,-0.00115325881837654,0.010029222007962454,-0.00045821682156108143,-0.00018982426393544796,0.00049597974428415375,-0.0004582168580274817,-0.00018982446474838391,0.00049597985483040309
509,1.0180000483524054,30,152,34831,658,5.5679471202778407e-06,0.0011784616542677047,0.0011784748077979901,0.032355259278194097,0.21729236814694947,0.21968804259191849,-0.00015533101523106723,0.0012117860108288049,0.0012217008882427411,-0.00015533186959754117,0.0012117860138863056,0.0012217009999026477
509,1.0180000483524054,31,150,36891,659,0.0007258780172856356,-0.00068542162294664942,0.00099834948649325426,0.0041223672245192773,0.14015094302255557,0.14021155709015362,0.0005299336045893261,-0.00067508237555939784,0.00085823414000140786,0.00052993309672444086,-0.00067508233054852022,0.00085823379100497855
510,1.0200000484474003,0,23,25848,628,2.9664781327383536e-05,2.9031984873757032e-05,4.1507293297823454e-05,-0.00068105937100873938,0.00048737426470338925,0.00083748166590916424,2.4615208522053605e-05,2.9936868384856782e-05,3.8757251957232701e-05,2.4615714263333955e-05,2.993698842916173e-05,3.8757665885626629e-05
510,1.0200000484474003,1,20,17765,629,1.501526967683887e-05,2.596813065171385e-05,2.9996702035601804e-05,0.0031030600553316945,0.045360874446659226,0.045466888086524868,1.4319371940159506e-05,2.5834195538081065e-05,2.9537265815583458e-05,1.4319547125278361e-05,2.5834053031409766e-05,2.9537226103728156e-05
510,1.0200000484474003,2,20,37608,630,3.2455400252702483e-06,1.7431050775715815e-05,1.7730624952358962e-05,-0.0062625564714176877,0.014918015077707925,0.016179208491654235,3.4600377368089558e-06,1.7890061326644477e-05,1.822158487649311e-05,3.460117498275449e-06,1.7889764432716557e-05,1.8221308530398204e-05
510,1.0200000484474003,3,20,15824,631,8.8536897773174189e-06,2.6163239548227324e-05,2.7620697426583949e-05,0.0050851545111645436,0.0092338915784801016,0.010541515549746291,9.2105417827672919e-06,2.6015374145906515e-05,2.7597713164021456e-05,9.2106148568669874e-06,2.6015211252549925e-05,2.7597583998537609e-05
510,1.0200000484474003,4,128,34319,632,-7.8835646531124522e-05,-2.0523103174114796e-06,7.8862355668717885e-05,-0.00048481660187965603,0.0052457636305014233,0.0052681195131232175,-7.8716817775733886e-05,-1.4831124304467381e-06,7.8730788280185796e-05,-7.8716859691416494e-05,-1.483177012520007e-06,7.8730831405038646e-05
510,1.0200000484474003,5,128,21162,633,-7.84945394029825e-07,-1.0113380823251878e-05,1.0143796673224848e-05,-7.5665982546860159e-05,0.0054056452203719435,0.0054061747649742902,-7.5461322684862501e-07,-9.9867742710594229e-06,1.0015243455015428e-05,-7.546718169876853e-07,-9.9868465567655777e-06,1.0015319949943485e-05
510,1.0200000484474003,6,1,33529,634,-6.3491522089715799e-05,1.4642297949548173e-05,6.5158040689635636e-05,-0.00027421700694622647,0.0044777455506581944,0.0044861342137009009,-6.3367071976247558e-05,1.5137905848119755e-05,6.5150149687544665e-05,-6.3367114198619912e-05,1.5137845131697458e-05,6.5150176646669146e-05
510,1.0200000484474003,7,128,20347,635,1.2561352224118312e-06,-7.6744540094995052e-08,1.258477421894415e-06,-6.2045321810145907e-05,0.0046841147289952458,0.0046845256340795841,1.2572195046949281e-06,-5.4018992550060211e-08,1.2583794874923397e-06,1.2571631635601534e-06,-5.4087420915846825e-08,1.2583261377377095e-06
510,1.0200000484474003,8,42,7241,636,8.8956465692128569e-07,3.2658145101414944e-05,3.2670258137087264e-05,0.0013020617022228619,-0.0090777356211456939,0.0091706405819775155,1.8547269523328022e-06,3.2529103523676976e-05,3.2581936531179415e-05,1.854673893670429e-06,3.2528976216140156e-05,3.2581806409744609e-05
510,1.0200000484474003,9,92,47753,637,-0.00015407380037690572,0.0001543539124610523,0.00021809141719613084,-0.019932572512073084,-0.0057201317335443813,0.020737100906302042,-0.00016400966741102923,0.00016290600442257362,0.0002311656057487878,-0.0001640096958944438,0.00016290556652538238,0.00023116531736474597
510,1.0200000484474003,10,136,18300,638,-0.00013510386125828065,-0.0005851594869750817,0.00060055364333574523,-0.0022717130387330249,0.13708697323544736,0.13710579459303174,-0.00013506442162683379,-0.0005817883603524011,0.00059726049110160172,-0.00013506506077980062,-0.00058178841924726101,0.00059726069300907283
510,1.0200000484474003,11,150,36234,639,0.00057758982842463346,-0.00064610080164354846,0.00086663501878474398,0.004509601067754011,0.14053651533809236,0.14060884981097085,0.00050352232177424891,-0.00063780286961815594,0.0008126052110453665,0.00050352358876471198,-0.00063780286654720555,0.00081260599371302158
510,1.0200000484474003,12,42,6890,640,-1.7546912921652189e-05,4.6709704571205147e-05,4.9896800039775169e-05,0.016349150232128264,-0.0084015117885206103,0.018381515542668141,-1.4496426952099212e-05,4.0226258391493156e-05,4.2758604497302318e-05,-1.4496639563795534e-05,4.0226327427353552e-05,4.2758741526561074e-05
510,1.0200000484474003,13,62,3413,641,2.851935853693444e-06,2.6585059078897335e-06,3.8988705769577385e-06,0.00078217304394027974,0.00022988764788970715,0.00081525640219446598,3.1138632915360366e-06,2.8123727377468074e-06,4.1959009776682188e-06,3.1134490525451582e-06,2.812529887383552e-06,4.195698913199096e-06
510,1.0200000484474003,14,72,5299,642,-2.1605525719349717e-05,4.4802071075957039e-05,4.9739564878520884e-05,0.01321762523108112,-0.0082114323893909495,0.015560631048734848,-1.7753582029994863e-05,3.8975405717015477e-05,4.2828400923939702e-05,-1.7753837641091276e-05,3.8975489505437099e-05,4.2828583132934325e-05
510,1.0200000484474003,15,54,520,643,3.5477055677334025e-06,7.9596569754169529e-09,3.5477144968931408e-06,0.000674807736796936,0.0010463210518163908,0.0012450514949652329,3.6477943933013366e-06,6.052796561231992e-07,3.697670536691619e-06,3.6473796057659859e-06,6.0544542451127839e-07,3.6972884862584472e-06
510,1.0200000484474003,16,61,754,644,3.5912287642515388e-05,-1.2246064642993894e-05,3.794283203661989e-05,-0.007122709725350871,-0.0097245523643649818,0.012054041335539067,3.0355236559486904e-05,-9.0471102686981133e-06,3.1674762679401291e-05,3.0354760363961574e-05,-9.0468924596630146e-06,3.1674244109847992e-05
510,1.0200000484474003,17,66,2759,645,4.0052867618569541e-05,-2.1286212124061757e-06,4.0109390829786508e-05,-0.008978773426422457,-0.0063154852364348457,0.010977418914055187,3.266745729720663e-05,8.6841452337291999e-07,3.2678997996407779e-05,3.2666995630673462e-05,8.6864332665364757e-07,3.2678542574040521e-05
510,1.0200000484474003,18,71,4379,646,5.6033470185846594e-05,-8.8159235408821679e-06,5.6722749307018251e-05,-0.014945264478619607,-0.00094041944312952327,0.014974822839182608,4.3379326173426578e-05,-1.8072089472878002e-06,4.3416954562010557e-05,4.3378883323575218e-05,-1.8068727285859335e-06,4.3416498102192209e-05
510,1.0200000484474003,19,76,6105,647,3.6098831600592071e-05,1.1052627296333431e-06,3.6115747931192304e-05,-0.0086934703346187286,-0.0049568641993080328,0.010007343760922651,2.946867274123647e-05,3.4467011747267269e-06,2.9669553790341303e-05,2.946821755532281e-05,3.4469160858375045e-06,2.9669126653655323e-05
510,1.0200000484474003,20,138,20234,648,0.00018174449469665426,0.0014869110384749631,0.0014979771352364613,-0.03374694092417304,0.21283451278540333,0.21549335454797588,0.00018022343274286707,0.0014448230086598264,0.0014560199215884566,0.00018022240304052544,0.0014448231449222546,0.001456019929348749
510,1.0200000484474003,21,136,18301,649,-0.00012890889772052404,-0.00058654245551248776,0.00060054105274339007,-0.0019354923861716823,0.13626394239785775,0.13627768756690739,-0.00012889616170837971,-0.00058309940083870534,0.00059717596381770916,-0.00012889679830905862,-0.00058309946198990001,0.00059717616093346939
510,1.0200000484474003,22,92,47596,650,9.560005178730515e-05,0.00021852941651359745,0.0002385256291963377,-0.016392929010047668,-0.0082398723047933092,0.01834730544597114,9.863251454082294e-05,0.00022833430004558553,0.00024872660794927659,9.8632314491973005e-05,0.00022833377431258025,0.00024872604599010496
510,1.0200000484474003,23,112,51583,651,-0.00010385026987277784,0.00013872616414290119,0.00017329116299007272,-0.0011979248032199224,0.0025552760545040163,0.0028221374078685646,-0.00010512579991949568,0.0001393882574660365,0.00017458671234699369,-0.00010512619978323574,0.0001393876457786758,0.00017458646475768501
510,1.0200000484474003,24,122,49892,652,-0.00032163655061280137,-1.4977912480547155e-05,0.00032198510610333527,0.0078710827665157031,-0.0018643188078024571,0.0080888582961049869,-0.000330879602681061,-1.444475865220473e-05,0.00033119475014392548,-0.00033088003844891737,-1.4445288682491631e-05,0.00033119520861431186
510,1.0200000484474003,25,104,54177,653,-0.00018840902124088587,0.00013055866536080082,0.00022922374306720968,0.0061154231652686859,-0.002288825802421375,0.0065297108698727799,-0.00019392892060643359,0.00013036533212510025,0.00023367401667208129,-0.00019392937461335796,0.00013036471798341063,0.00023367405083325429
510,1.0200000484474003,26,111,52655,654,-0.00027657389000407679,3.6130066543473979e-05,0.00027892382175142915,0.0079051987710574111,-0.0060651568252801814,0.0099638494029752559,-0.00028515397457254377,3.4978926633559166e-05,0.00028729134084227954,-0.00028515443824495007,3.4978333871538383e-05,0.00028729172889455388
510,1.0200000484474003,27,116,51774,655,-0.00063760211701935083,-0.00039454936304983662,0.00074980374733031954,0.010971956744708357,-0.008278448766957644,0.013744691658778445,-0.00065754117848265887,-0.00039876205231050471,0.00076900687627826157,-0.00065754164108933341,-0.00039876252172117715,0.00076900751524018672
510,1.0200000484474003,28,121,50655,656,-0.00063436365464553514,-0.00039516385017199983,0.00074737655490254612,0.012410915539296451,-0.004839881335078889,0.013321234021711169,-0.00065375223175331734,-0.00039843998623596393,0.00076560198742829698,-0.00065375267787124423,-0.00039844043342535129,0.00076560260110060017
510,1.0200000484474003,29,126,47936,657,-0.00045821606399781394,-0.00018979514076047289,0.00049596789892283996,0.0099711744089762272,-0.0011526817928669913,0.010037579111012251,-0.00047139637786775511,-0.00019012470313980334,0.0005082931711235532,-0.00047139679970598872,-0.00019012517406891252,0.00050829373848964774
510,1.0200000484474003,30,152,34831,658,-0.00015442352719511332,0.0012122014886057526,0.0012219979847484948,0.032194734413479052,0.21731675021920849,0.21968857696701552,-0.00016737974431264038,0.0012700338662570358,0.0012810160031186024,-0.00016737703459429005,0.0012700339065196678,0.0012810156889824522
510,1.0200000484474003,31,150,36891,659,0.00053011717760389262,-0.00067576692812295182,0.00085888600124547833,0.0039265505574507878,0.14014999025601685,0.14020498410556537,0.00045808190895391614,-0.00066637498002394867,0.00080863752653013944,0.00045808316245080549,-0.00066637496529700527,0.00080863822448330746
511,1.0220000485423952,0,23,25848,628,2.4616355769000288e-05,2.9939607181479766e-05,3.8760096098014368e-05,-0.00068429279021405345,0.00049032605868807656,0.00084182911957684007,2.6969142028394107e-05,2.9784598878594046e-05,4.0180305525299821e-05,2.6969581044963526e-05,2.978468849258849e-05,4.0180666623904947e-05
511,1.0220000485423952,1,20,17765,629,1.4319923533716883e-05,2.5836648168980082e-05,2.9539678377043317e-05,0.0031033615338599829,0.045364092600703648,0.045470119312522782,1.4665593403401603e-05,2.5929821302082911e-05,2.9789851671867205e-05,1.4665812419545574e-05,2.5929716879099416e-05,2.978986860252241e-05
511,1.0220000485423952,2,20,37608,630,3.4608656832089007e-06,1.7892143723621726e-05,1.8223786607177701e-05,-0.0062627462059177911,0.014921446276532684,0.016182445705862535,3.4811187928922886e-06,1.7930792470599426e-05,1.8265582571435627e-05,3.4812353241228291e-06,1.7930538023929207e-05,1.8265354998178703e-05
511,1.0220000485423952,3,20,15824,631,9.2109715956399681e-06,2.6017625196420569e-05,2.759997859776534e-05,0.0050866739568022068,0.0092361397819432766,0.010544217847446297,9.1936996089125128e-06,2.6137245400851377e-05,2.7707033577112591e-05,9.1938191226228001e-06,2.6137114909794059e-05,2.7706950136514187e-05
511,1.0220000485423952,4,128,34319,632,-7.8711230817844261e-05,-1.5226742132344638e-06,7.8725957559242215e-05,-0.00048646324904133814,0.0052459641033283811,0.0052684709229602663,-7.8872847368977232e-05,-1.4943153014194776e-06,7.8887001656229995e-05,-7.8872859806739654e-05,-1.4943448199062095e-06,7.8887014650919508e-05
511,1.0220000485423952,5,128,21162,633,-7.5180415371115285e-07,-1.002260822864712e-05,1.0050765403215931e-05,-7.7169452218366844e-05,0.0054054014582483375,0.0054059522795885774,-8.3356877065316453e-07,-1.0007914868178733e-05,1.0042569238203996e-05,-8.3357764727822212e-07,-1.000793398762671e-05,1.004258902846949e-05
511,1.0220000485423952,6,1,33529,634,-6.336246606610389e-05,1.5105336634060161e-05,6.5138109435310191e-05,-0.00027595018570370389,0.0044782221101174798,0.0044867161457501368,-6.3331925751869742e-05,1.5204048805125977e-05,6.5131374309997437e-05,-6.3331940627609393e-05,1.520401804903155e-05,6.5131381595159778e-05
511,1.0220000485423952,7,128,20347,635,1.2597436002552436e-06,-8.548871417344875e-08,1.2626409856467801e-06,-6.3655451024078301e-05,0.0046839856249436098,0.0046844181443508491,1.2419971571823354e-06,-6.1483991832116264e-08,1.2435180817746939e-06,1.2419845785744043e-06,-6.1504699996637019e-08,1.2435065426198274e-06
511,1.0220000485423952,8,42,7241,636,1.8550931053960598e-06,3.2530176456712328e-05,3.2583028569096046e-05,0.0013036115138252106,-0.0090760062360625733,0.0091691489341172976,1.7142685423787051e-06,3.2640997860745774e-05,3.2685982591633976e-05,1.7142552600753397e-06,3.2640883819533787e-05,3.2685868010762669e-05
511,1.0220000485423952,9,92,47753,637,-0.00016403206382085202,0.00016289822070490062,0.00023117601145047594,-0.019937044004334908,-0.0057153686102449112,0.020740085872092223,-0.00015910972763199827,0.00016080240407525872,0.000226215204138695,-0.00015910972436779843,0.00016080197726403496,0.00022621489844928429
511,1.0220000485423952,10,136,18300,638,-0.00013517322469711759,-0.00058229319389116701,0.0005977768516152107,-0.0022690155087764681,0.13707306596950541,0.13709184456290407,-0.00013731668092981038,-0.00058162228568630725,0.00059761221044130595,-0.00013731588154144563,-0.00058162233838431803,0.00059761207804992229
511,1.0220000485423952,11,150,36234,639,0.00050372611320232774,-0.00063848580987066385,0.00081326756146309054,0.0044338160087344525,0.14052514478815592,0.14059507474350408,0.00043401368243916721,-0.00063344330748211076,0.00076786606927138157,0.00043401396433673592,-0.0006334433293749117,0.00076786624666595575
511,1.0220000485423952,12,42,6890,640,-1.4496314057447984e-05,4.0228882960532246e-05,4.2761035365205623e-05,0.016355504679936135,-0.0084048194781125886,0.018388679229218,-1.4420318339032172e-05,4.2748257343383641e-05,4.511495413823648e-05,-1.4420458287244451e-05,4.2748337438978376e-05,4.5115074764549794e-05
511,1.0220000485423952,13,62,3413,641,3.1137920573315757e-06,2.8152083452579625e-06,4.197749278305135e-06,0.00077743712802097822,0.00023602305658205583,0.00081247484346522582,3.646634370309964e-06,3.1717395815234841e-06,4.8329984692454341e-06,3.6463036683916425e-06,3.1719020876446828e-06,4.8328556046845689e-06
511,1.0220000485423952,14,72,5299,642,-1.7753491039923323e-05,3.8978135072871763e-05,4.2830847036495477e-05,0.013223789908547339,-0.0082140191795501104,0.015567232593734041,-1.8139583101977158e-05,4.1262308543453074e-05,4.5073524173827987e-05,-1.8139768660064293e-05,4.1262399698131816e-05,4.5073682297866894e-05
511,1.0220000485423952,15,54,520,643,3.6477205374674145e-06,6.081215546486556e-07,3.6980639454571172e-06,0.00066961932873808188,0.0010530287591159874,0.0012479020846785198,4.2285734307743796e-06,8.3180071542088027e-07,4.3096085309022786e-06,4.2282416778132218e-06,8.3197105633372619e-07,4.309315899835358e-06
511,1.0220000485423952,16,61,754,644,3.0355111467487516e-05,-9.0442120198100492e-06,3.1673815104323454e-05,-0.0071353627527479075,-0.009713264573160971,0.012052423419442506,3.263237404150153e-05,-9.5876078567028197e-06,3.4011675348303156e-05,3.2631975470206841e-05,-9.5873933278482526e-06,3.4011232466804992e-05
511,1.0220000485423952,17,66,2759,645,3.2667336687562193e-05,8.7128721412601004e-07,3.2678953894946607e-05,-0.0089927362570899894,-0.0063056094467060135,0.010983169664717421,3.5468048371856765e-05,4.4362146621440042e-07,3.5470822591443486e-05,3.5467652041196424e-05,4.4384006806970861e-07,3.5470429026463848e-05
511,1.0220000485423952,18,71,4379,646,4.3379187541746346e-05,-1.8042564922331051e-06,4.341669325584074e-05,-0.014962765156729859,-0.00092672442205366163,0.014991436198372718,4.770215503297713e-05,-3.3138417241280791e-06,4.7817121847333696e-05,4.7701748922077758e-05,-3.3135369421192153e-06,4.781669559151631e-05
511,1.0220000485423952,19,76,6105,647,2.9468584412367366e-05,3.4495286231478127e-06,2.9669794657036927e-05,-0.0087064973233606947,-0.0049473650695314921,0.010013966086067362,3.2044940578021265e-05,3.2122708279375065e-06,3.2205541456726549e-05,3.2044552056623234e-05,3.212477261127443e-06,3.2205175463935876e-05
511,1.0220000485423952,20,138,20234,648,0.00017934756923536815,0.0014451737924981959,0.001456259881035749,-0.033746806127338408,0.21276982808771833,0.21542944707786207,0.00017499331212415792,0.00140296321456013,0.0014138346581892369,0.0001749948360701082,0.0014029630496070189,0.0014138346831273558
511,1.0220000485423952,21,136,18301,649,-0.00012900264251547496,-0.00058360020143088617,0.00059768794273110982,-0.0019328420192118198,0.13625019731939575,0.13626390625490489,-0.00013116287582930975,-0.00058286043755295159,0.0005974361804077763,-0.00013116208231964927,-0.00058286048912731714,0.00059743605651497284
511,1.0220000485423952,22,92,47596,650,9.8591641205777458e-05,0.00022831542445054073,0.00024869307340108878,-0.016393180316606904,-0.0082338633755331802,0.018344832160031736,0.0001002809224476423,0.00022686775931402323,0.00024804282618756711,0.00010028078039486729,0.00022686725216938342,0.00024804230490682474
511,1.0220000485423952,23,112,51583,651,-0.00010515839998765984,0.00013938245146573634,0.00017460170922577764,-0.0012009019369120049,0.0025596017850814039,0.0028273179446731693,-0.00010504819478172643,0.00014127452124042416,0.00017605003146438399,-0.0001050485240502096,0.00014127393045184413,0.00017604975384941598
511,1.0220000485423952,24,122,49892,652,-0.00033088630046070109,-1.4421165647602314e-05,0.00033120041342245472,0.0078653989383870981,-0.0018623238052076856,0.008082867709880209,-0.00033052514664383111,-1.6166742013396691e-05,0.00033092028664204583,-0.00033052552359840592,-1.6167263434319548e-05,0.00033092068862033253
511,1.0220000485423952,25,104,54177,653,-0.00019394033091275537,0.00013038099605774272,0.00023369222513288323,0.0061120051350791226,-0.0022868133394631073,0.006525804319835217,-0.00019358144813124339,0.00013237200244115881,0.00023451252437955511,-0.00019358182945524355,0.00013237140874962334,0.00023451250403677595
511,1.0220000485423952,26,111,52655,654,-0.00028515961642910595,3.5002945007055567e-05,0.00028729986599572541,0.0079000196349471568,-0.0060650869268144966,0.0099596982716529479,-0.00028472561038434127,3.527539373313454e-05,0.00028690246881434006,-0.00028472600701915843,3.5274816796527659e-05,0.00028690279150454855
511,1.0220000485423952,27,116,51774,655,-0.00065753361316022102,-0.00039871606550206148,0.00076897656227285587,0.010959790688356424,-0.0082821389156447871,0.013737206300795732,-0.00065694145618830184,-0.00040689410315404573,0.00077274503430325699,-0.00065694188147574425,-0.00040689458005754181,0.00077274564697388888
511,1.0220000485423952,28,121,50655,656,-0.00065374765777931755,-0.00039839670885665434,0.00076557555974557964,0.012399502424525196,-0.0048423948962357218,0.01331151564273941,-0.00065321113011212117,-0.00040705217622949994,0.00076965983049365801,-0.00065321154131313267,-0.00040705263298044197,0.00076966042104358522
511,1.0220000485423952,29,126,47936,657,-0.00047140147307397369,-0.00019009611128166059,0.00050828720261356358,0.0099632655465623481,-0.0011517356284460635,0.01002961391625562,-0.00047102156528569343,-0.00019546046615874404,0.00050996677224617124,-0.00047102194171877752,-0.00019546093877524821,0.00050996730107667569
511,1.0220000485423952,30,152,34831,658,-0.00016644193584555817,0.0012704635305975228,0.0012813198275943207,0.032179406840299053,0.21734807961661667,0.21971732279823689,-0.00017477111740511774,0.0013252679255930785,0.0013367423155136577,-0.00017477054810170704,0.0013252679043634877,0.0013367422200333771
511,1.0220000485423952,31,150,36891,659,0.0004582709681072866,-0.00066704784820987813,0.00080929914865358551,0.0038527617131829993,0.14013983994796708,0.14019279051884373,0.00039043783721966809,-0.00066090659384078856,0.00076761919629136758,0.00039043811703034939,-0.00066090661367380606,0.00076761935568873095
512,1.0240000486373901,0,23,25848,628,2.6970195171416945e-05,2.9787513742463194e-05,4.0183173126841982e-05,-0.00068129424126313657,0.00049010872712723836,0.00083926658910300647,4.3132156019360849e-05,2.9400331370633928e-05,5.2199256389162938e-05,4.3133749511925203e-05,2.9400397545246485e-05,5.2200610367849567e-05
512,1.0240000486373901,1,20,17765,629,1.4666191451051278e-05,2.5932565497760691e-05,2.9792534718860995e-05,0.0031012846752343668,0.045361287333828423,0.045467178879044015,1.6656734608029088e-05,2.5944389535271668e-05,3.0831123173835691e-05,1.6657534686470135e-05,2.5944620269613494e-05,3.0831749589755613e-05
512,1.0240000486373901,2,20,37608,630,3.4819461196244989e-06,1.793315977623395e-05,1.8268064165091587e-05,-0.006264540322345055,0.014920578184300801,0.0161823397197105,3.0883341910938421e-06,1.7335901028293324e-05,1.760884074942643e-05,3.0887950714014822e-06,1.7335628320769792e-05,1.7608653107747617e-05
512,1.0240000486373901,3,20,15824,631,9.1941532580987069e-06,2.613981855306303e-05,2.770961147545135e-05,0.0050847556572977352,0.0092356503868276738,0.01054286385011831,8.8387336371109551e-06,2.6307031805673666e-05,2.7752173513664159e-05,8.8391889100964294e-06,2.6307202612746917e-05,2.7752480427819236e-05
512,1.0240000486373901,4,128,34319,632,-7.8867247857085187e-05,-1.5330785287941792e-06,7.8882146993640819e-05,-0.00048622651932205989,0.0052450076524770406,0.0052674967017203493,-8.2967370529934446e-05,-1.5519655835073201e-06,8.2981884588287261e-05,-8.2967432495161138e-05,-1.5520142476871373e-06,8.2981947452829432e-05
512,1.0240000486373901,5,128,21162,633,-8.3079547353335043e-07,-1.0043066490468498e-05,1.0077370969197012e-05,-7.6591119604227224e-05,0.0054046752464853194,0.0054052179160116549,-3.0788774160964581e-06,-1.0098355754877084e-05,1.0557285403710933e-05,-3.0789713859015123e-06,-1.0098393246659895e-05,1.055734867092048e-05
512,1.0240000486373901,6,1,33529,634,-6.3327243387748254e-05,1.5172107119727166e-05,6.5119371845431533e-05,-0.00027543175439653637,0.0044774830335150293,0.0044859466076565052,-6.3616575722736705e-05,1.5016316353823451e-05,6.5364810590445372e-05,-6.3616632578166181e-05,1.5016272145348854e-05,6.5364855769201968e-05
512,1.0240000486373901,7,128,20347,635,1.2445158078771362e-06,-9.2315598095157562e-08,1.2479350005940806e-06,-6.2997281872327908e-05,0.004683360597573228,0.004683784276034152,1.0723894531624642e-06,-8.83329704195153e-08,1.0760213069067097e-06,1.0723020764729254e-06,-8.8362830949042105e-08,1.0759366770872144e-06
512,1.0240000486373901,8,42,7241,636,1.7146543676308397e-06,3.2642384231561482e-05,3.2687387291145328e-05,0.0013023023629464266,-0.009075637611937826,0.0091685980121148491,1.8580781401979079e-06,3.2875019391359062e-05,3.2927486304868701e-05,1.8580673860415071e-06,3.2875123901316412e-05,3.2927590041452727e-05
512,1.0240000486373901,9,92,47753,637,-0.00015913142558923854,0.00016079467301730946,0.00022622497094884736,-0.019936418982962743,-0.0057163775728079928,0.020739763123506002,-0.00014348494835555252,0.00014907515396365807,0.000206908994328144,-0.00014348489797905546,0.00014907417377440921,0.0002069082531814106
512,1.0240000486373901,10,136,18300,638,-0.00013742527082153574,-0.00058212212398806723,0.00059812362626529905,-0.0022684604296784351,0.13706371743549561,0.13708248812287588,-0.00015803247720242223,-0.00058299010272033118,0.00060402957189246661,-0.00015803413761510221,-0.00058299013835574453,0.00060403004070310872
512,1.0240000486373901,11,150,36234,639,0.00043422155734100819,-0.00063411664906175399,0.00076853905917458618,0.0043619258074632759,0.14051457652486898,0.14058226279553576,0.0003455974085149454,-0.00062481181369884807,0.00071402196836644325,0.00034559702411007207,-0.00062481181802660388,0.00071402178609580793
512,1.0240000486373901,12,42,6890,640,-1.4420012052681045e-05,4.2751183527408227e-05,4.5117628933639755e-05,0.016358836993532421,-0.0084021971531730612,0.018390444931587556,-1.3877648859689172e-05,6.0824050955170299e-05,6.2387132587337144e-05,-1.3878144716542371e-05,6.0825030983082109e-05,6.2388198362079596e-05
512,1.0240000486373901,13,62,3413,641,3.6467177530921369e-06,3.1747253837444333e-06,4.8350213684024811e-06,0.00077453885570898757,0.00024385279693759019,0.0008120188578951067,7.0804550984700734e-06,5.255333576860495e-06,8.8176740360215271e-06,7.0792746538261972e-06,5.2566120125542803e-06,8.8174882747206407e-06
512,1.0240000486373901,14,72,5299,642,-1.8139391168891454e-05,4.126522317336269e-05,4.5076115133466041e-05,0.013226976806098556,-0.0082113483612196274,0.015568530994874675,-2.1327874086885047e-05,5.7683533327401498e-05,6.1500148212825155e-05,-2.1328534755765178e-05,5.7684500959055487e-05,6.1501284911155777e-05
512,1.0240000486373901,15,54,520,643,4.2286840539064713e-06,8.348353770556086e-07,4.3103038100053279e-06,0.00066664477412327707,0.0010610536055306187,0.0012530961689652558,7.9961578353689432e-06,1.9410905539094164e-06,8.2283882180296107e-06,7.994973497914054e-06,1.9423914926973934e-06,8.2275443446542003e-06
512,1.0240000486373901,16,61,754,644,3.2632411467069064e-05,-9.5844882251034323e-06,3.4010831990606273e-05,-0.0071419010120155786,-0.009705298263030215,0.012049878191907438,4.8613261717435501e-05,-1.4051737462093943e-05,5.0603364912933349e-05,4.8611835215298357e-05,-1.4050372342347534e-05,5.0601615448105272e-05
512,1.0240000486373901,17,66,2759,645,3.546807456426067e-05,4.4678812638670143e-07,3.5470888527436622e-05,-0.0089987626098162517,-0.0062981413074379563,0.010983820484525559,5.4861282644658846e-05,-2.9651044415568404e-06,5.4941352165436245e-05,5.4859861686035097e-05,-2.9638467146087606e-06,5.4939865412636379e-05
512,1.0240000486373901,18,71,4379,646,4.770221022918972e-05,-3.3105960097783923e-06,4.7816952084901577e-05,-0.014967380059856124,-0.0009229521799718587,0.014995809634117577,7.7253097796247528e-05,-1.4259799058653865e-05,7.855815036207109e-05,7.7251635638633765e-05,-1.4258524573055089e-05,7.8556481157474511e-05
512,1.0240000486373901,19,76,6105,647,3.2044978711293622e-05,3.215419179768787e-06,3.2205893577245869e-05,-0.0087125226537138369,-0.0049396083970010846,0.010015377282319445,4.9844953257993076e-05,1.184952652061098e-06,4.9859036072502859e-05,4.9843560749118096e-05,1.1861847029307333e-06,4.9857673253978602e-05
512,1.0240000486373901,20,138,20234,648,0.00017412164910332852,0.0014033137197246015,0.001414074872364883,-0.033749191712208124,0.21271708859467831,0.21537773264992738,0.00017092193738556282,0.0013737949559226486,0.0013843868280210361,0.00017091884907864004,0.0013737952469551858,0.0013843867355356402
512,1.0240000486373901,21,136,18301,649,-0.0001312692680733088,-0.00058335634822338593,0.00059794334995300893,-0.0019323264461478477,0.13624096988309023,0.13625467243430436,-0.00015224356454888514,-0.00058421749481241364,0.00060372856830817861,-0.00015224521373033436,-0.00058421753379836407,0.0006037290219140023
512,1.0240000486373901,22,92,47596,650,0.00010024092377330355,0.00022684915259619159,0.00024800963858796993,-0.016393511189552502,-0.0082337097877384358,0.018345058898534036,9.7113649189861946e-05,0.00021205305795137726,0.00023323284555461251,9.7113177728538704e-05,0.00021205194994995086,0.00023323164186300112
512,1.0240000486373901,23,112,51583,651,-0.00010507741782913616,0.00014127064045116401,0.00017606435639027257,-0.0012002488580857831,0.0025643124355344015,0.002831306339549396,-0.00010287948782435027,0.00014074115436283274,0.00017433376479151521,-0.00010288063396898881,0.00014073974901793478,0.00017433330662696767
512,1.0240000486373901,24,122,49892,652,-0.00033052760977125693,-1.6141201518422338e-05,0.00033092150006845824,0.007867030014693183,-0.0018614232827583589,0.0080842475153645767,-0.00031648821844113657,-1.386080508781331e-05,0.00031679159447454871,-0.00031648953910643249,-1.3862108408084913e-05,0.00031679297090263789
512,1.0240000486373901,25,104,54177,653,-0.00019358860249637656,0.00013239071459631842,0.00023452899251014559,0.0061139060392111826,-0.0022819938429302997,0.0065258978658476385,-0.00018374871455352612,0.0001338278717326377,0.00022731803569571983,-0.00018375004811068869,0.000133826445196997,0.00022731827382492867
512,1.0240000486373901,26,111,52655,654,-0.00028472673812212832,3.5302230341393178e-05,0.00028690688884853185,0.0079019640314480794,-0.006061446557246066,0.0099590245466435814,-0.00027052168186706999,3.9574128869046786e-05,0.00027340097299741298,-0.00027052307183577859,3.9572696595105004e-05,0.00027340214101442963
512,1.0240000486373901,27,116,51774,655,-0.0006569288394326345,-0.0004068447089131386,0.00077270830023296923,0.010961765256415516,-0.0082874930054677044,0.013742009964064005,-0.00062796275569982295,-0.00039186334511302176,0.00074019869210184552,-0.00062796425519703067,-0.00039186473350225125,0.00074020069924848886
512,1.0240000486373901,28,121,50655,656,-0.00065320205564713802,-0.00040700592345409823,0.00076962766792025485,0.01240127967827938,-0.0048483466304619447,0.013315337123333259,-0.00062556376612880632,-0.00039351209309253373,0.00073904113072502452,-0.00062556521530025562,-0.00039351342460917552,0.00073904306636440105
512,1.0240000486373901,29,126,47936,657,-0.00047102237491799376,-0.00019542979661626335,0.00050995576580607576,0.0099649616069308194,-0.001154359317553964,0.010031600334025918,-0.00045236276925308467,-0.00018940616441590925,0.00049041489590454521,-0.00045236409081305756,-0.00018940742658969916,0.00049041660239479705
512,1.0240000486373901,30,152,34831,658,-0.00017380908468991681,0.0013257136750259961,0.001337058841663926,0.032169186954933753,0.21737624151560928,0.2197436846983184,-0.00018116184255659212,0.0013643630106790279,0.0013763379084031802,-0.00018116299318342841,0.0013643630197772948,0.0013763380688751575
512,1.0240000486373901,31,150,36891,659,0.00039063115826956554,-0.00066157014986767523,0.00076828885518856818,0.0037827079737638605,0.14013049517804105,0.14018154143273559,0.00030278713294268372,-0.00065045807753704083,0.0007174787512594595,0.00030278676239110488,-0.00065045809245327217,0.00071747860840392795
