-0.0016947444359353212 -0.011178015637932047 0.00404576672498109 -6.2948960139915933 0.95386337424324474 -0.0019320993391616645
2.5528735314699673e-06 1.6786181206648646e-05 7.2072126044818393e-11 -6.294817952564622 0.95732757431209348 0
-0.033136618745050452 0.0050428675357825628 -0.39449630783113954 -6.2945972881796273 0.95729430495616086 0.0019316424513376839
0.0026557600060357579 0.017492510746641838 -0.0035079149719045907 0.00012944897604397288 0.00083754444627154323 0.0016042975263051117
0.00053972640128352402 -0.25382726420931168 -0.00037633006037499886 0.0005655958927357626 -0.011508932059019556 -2.2176429654125238e-05
0.11561509372245683 -0.017582637649342724 -0.012865113871336717 -0.0024273643594403885 0.00036911875600249068 0.0015470400310823604
-0.0064812289678081395 -0.042557794861512496 -0.0076247148089282598 -7.7653649601446144 1.1771837661608389 -0.0010953936324928732
6.9273039505033927e-05 0.00045554542629887333 2.4127118081198599e-09 -7.7649788574728937 1.1807904461246115 0
0.029277907709268691 -0.0044473593048034417 -0.45478233130984419 -7.7649327779938337 1.1807828549509469 0.003581725406143588
-0.0069196928430123854 -0.045475707456609255 -0.0034676510603497573 1.5661977939975891e-05 7.9501131525156106e-05 0.0028279480319164346
0.012272285364887038 0.18827824049386827 0.00011426339455380413 -0.001206026294328274 0.00086379513452512974 1.2223368093550486e-05
-0.027244011220686145 0.0041370469285382551 -0.029422807838138481 -0.00075325493171921195 0.00011422825214087684 -0.0015935461297702559
-0.004968509248707358 -0.032664337405201985 0.0021219713986131228 -10.663393078344237 1.6244936819881823 0.00065003842900156011
0.00014064864912694664 0.00092417197370445073 6.722180589947314e-09 -10.663522773787218 1.6228690284295952 0
0.012874707397771563 -0.0019529588856264518 -0.44209297974712841 -10.663656824129545 1.6228923324359588 0.0042525704750681669
0.0098512425653946977 0.064671628844177584 0.0071567274999170642 0.0003035305022427695 0.0019862355220229776 0.00099991080884503794
0.016331629116432135 -0.58282644853549559 -0.00073995762124673739 -0.00038733328972902106 -0.0028527057800154946 6.879950559022366e-07
-0.05747984840800005 0.0087544603846367152 0.017024250873946104 -0.0020692361236245766 0.00031472646421991406 -0.00047814028564762659
-0.00077431758829349525 -0.0051035562603323403 0.0030041815490597572 -14.755010589947767 2.2484181034445738 0.0091828413143484507
0.00023990815501915349 0.0015736448142058023 1.5836931765990766e-08 -14.752920133907875 2.2491389534156232 0
0.0053174394534035658 -0.00080825162184808817 -0.11987063995484459 -14.753569414818568 2.2492388769681591 0.018363698027637335
0.0031524145783052059 0.020646567166748918 0.0038283821019398667 1.3983806801207643e-05 3.2027059525956223e-05 0.0073117945011224525
0.019538972513360901 0.54454896082941695 0.00028583472264301195 0.0010704239842385741 -0.002455899149482721 -1.2014548161571265e-05
0.041948986447122971 -0.0063714347995737957 0.042977521992133616 -0.00098825854104992415 0.00015420849186542483 0.0063962021254145998
0.00080328482382622363 0.0052625596521450766 -0.00046908331611974168 -19.442325763050551 2.9645029660892397 -0.047827187479683508
0.00036825814391154132 0.0024108015625634517 3.1976258973996798e-08 -19.441948086861057 2.9698237414775011 0
-0.019565390534865005 0.0029992346335978434 -0.3981049744602973 -19.441707205208946 2.9697811223686745 -0.0056538347089977866
0.0013617777190898172 0.0089092281724604157 0.0006912389459723476 0.00041157949644855026 0.0024817563305072426 0.025940052079008583
-0.07491647475370844 -0.36918328040375092 0.0004296232911363002 0.00080653456173563406 0.00080636735863514827 -6.9335757740675225e-06
0.0050754972110194025 -0.00079381501627596507 -0.026617586499802681 0.00071791978135385783 -0.00011525502057025037 -0.0080351407625642596
0.0025466758234883387 0.016605481855918161 0.0035963242856891934 -24.690615665101163 3.7791772400140813 0.015556087295215825
0.00052662826089932809 0.0034399741561767084 5.7946178300130678e-08 -24.688809736746983 3.7796286672653623 0
0.052448134174634092 -0.0080330086902098974 0.1094482322017383 -24.689906950515613 3.7797949745577957 0.0011107821218708999
-0.0043013192053328797 -0.028149400868415025 0.0064210522595857739 0.00013265433537355638 0.00089958841980000367 -0.0040189643282063552
0.063834359157822942 -0.3062019509059426 -0.00078989736931435732 0.0011756340590531578 0.0028427948026365341 -9.3069018472894678e-06
-0.1288297300707115 0.01972404333834521 0.0018819069851080223 -0.0036171093704451662 0.00055423132083208407 0.0005948049790674031
-0.0069475308128422748 -0.045224035940389977 -0.0065418104430961226 -30.400653675024518 4.662532675254127 0.01928870033096846
0.00071840314384570537 0.0046819211305787357 9.7127619280710162e-08 -30.40208526989052 4.6649554804984055 0
-0.013465826920975416 0.0020634199148848644 0.067318749713464146 -30.401399614046877 4.6648276290517163 0.0085793341795913913
-0.010928100324503618 -0.071175651202399409 -0.0053779507258743253 0.00030406162874354388 0.0019563249147025895 0.0030582205663954574
-0.023717565237195731 -0.25494115827738728 9.3323233506978687e-05 -0.00059906716519960834 0.0050458401619921014 8.308534191130594e-06
0.03441922535322324 -0.0053258534296530173 -0.047401760286395901 0.0018659021167145948 -0.00028483131138490753 0.0015663129179217599
-0.010666046028329511 -0.069366537929769947 0.0020623931443739625 -36.590077545368189 5.6268458414990015 0.023409758578741155
0.00094171043503438006 0.0061228941038475627 1.5289499399883215e-07 -36.591000631749964 5.6277516055055408 0
-0.0088805336092545317 0.0013600866066771503 0.11521951040237463 -36.590101303049131 5.6276175905000345 0.01682034176045618
-0.0089912002073253006 -0.058464258953109798 0.0005445389711473224 -1.0404513466322284e-05 -0.00020240156828119129 0.016196932126458355
-0.020866282272615989 -0.21346591576973656 0.00010892004038388963 0.0009551972147398217 0.011707617731234096 -4.1549425241419427e-06
0.0023052664457184203 -0.00039507891190672108 -0.03863496897688589 0.0005252593015271299 -0.00010795321594801089 -0.025898974640884941
0.001702371418053579 0.011044503524329612 -0.00024922329268511857 -43.211094716270409 6.6602871495801059 0.027922675125884037
0.0011947027549698427 0.0077494584532475097 2.2855552606061384e-07 -43.212593623825128 6.6619112758958678 0
-0.041527234150948542 0.006381725909675384 0.34565967257109914 -43.21276523421853 6.661968043415917 -0.0041521377841370272
0.0084882051637157774 0.055035969075092027 0.0027059556670811016 8.5471242932568439e-05 0.00078732794790437868 -0.027784451192945755
0.034405309356131432 -0.17604705277653313 -0.00039566902334360203 5.9312751676397142e-05 -0.013198624488564308 -5.1561965684524733e-06
-0.032301760360507623 0.0050285501009393069 0.042303301147567619 -0.0023590712562318659 0.00037669015154345514 0.011285155944295827
-0.0057435892575262559 -0.037154984297777811 -0.0013803428849331065 -50.287493350822892 7.7691564984052492 0.032862194122476727
0.0014817561372474314 0.0095883867166056593 3.2913562986181957e-07 -50.288741549594306 7.7714482767482913 0
-0.053849346233322937 0.008335825148975887 -0.20617936156110875 -50.28789447944466 7.7712970249599769 0.0057261701374056008
0.0065560737591800061 0.042407287011758041 0.002003375807097656 0.00017994523009162228 0.0012519607078799308 -0.010350439472525784
-0.058310290068450302 0.85905735258440985 0.00080568642220056402 -0.0013847050910084267 0.0045555572916804749 1.4857933100998957e-05
0.070424301190720753 -0.010947130478788543 -0.051271341781117002 0.0028336165132287327 -0.00042614641752985517 0.0093869467181757343
0.008790634187336074 0.056829720452064872 -0.009427959520623164 -57.885460542242008 8.9657335786088144 -0.021777045665119912
0.0017992983215557286 0.011615622524350409 4.5900371747899227e-07 -57.885162125614094 8.9666029381772887 0
0.051467046504222694 -0.0080022732652380666 0.37804427776859972 -57.8861950616757 8.966741217856935 -0.013553659649489565
0.010326162094586989 0.066718527175199535 -0.0066083752214859664 0.0001046755807573221 0.00061365476385547902 0.0072833738469684495
-0.034758025303475312 0.89469310785737621 0.00052107350190521871 -0.0001303286808435159 -0.0036615908557557043 5.8224216127780241e-07
0.05439554181636614 -0.008442662155739758 -0.012421623839338631 -0.00091871367348368108 0.0001282833849912969 -0.010410938407731067
0.0032963274924339542 0.021272776235498319 -0.0049753219769854817 -65.980717399801208 10.250181862105455 -0.015974999379779253
0.0021582402212291141 0.01390018918829697 6.2618131835281106e-07 -65.981910769313743 10.244811186870656 0
-0.018037132406255759 0.0027831968220968749 0.19292480482747434 -65.981152323057927 10.244722061922008 -0.0019505984293955081
0.0090186408080431147 0.058143691284462007 -0.0068746982401752671 -9.1038547880694648e-05 -0.00054204264060745029 -0.0051534532591209223
-0.0078043801028112609 -0.068369305606982608 7.0189577422547631e-05 -5.0661966883991323e-05 -0.00044830784972263096 4.5508123362367279e-07
-0.059970196941430853 0.0092901293878239269 -0.014691590868789104 -0.00034291527426650708 5.6110252390127681e-05 0.0019901961021902511
0.00043427037563902748 0.0027697463403214026 0.0023922221365956734 -74.615263589200381 11.616818814738025 0.050199228064061081
0.0025622531814314784 0.01646386574610309 8.3874330947255967e-07 -74.609663596504703 11.611419265911177 0
0.015123251035111591 -0.0023772839704256665 0.23233594975903893 -74.611484898403717 11.611683943018157 0.01039104561226511
0.0063024588344125273 0.040517740707500104 -0.0024211786827034905 -0.0002951810472909486 -0.0017662919053399503 -0.015083718257533825
0.02145333394348533 -0.031363775997232377 -0.00022021224163178534 -4.5659995495144107e-05 0.0020319828266881193 5.7651909395298864e-07
-0.041498395688090689 0.0064922601054248647 0.022227625204530532 -0.0016216029440770051 0.00024754245646814704 -0.0031513589042427466
-0.00087036746219340468 -0.0055924981764508466 0.0014822442115982348 -83.795174964102713 13.072078226288296 -0.0032891189996988486
0.003023800041641221 0.019384554624850173 1.1092344873731277e-06 -83.794904852301585 13.071181757092866 0
-0.046050776626538122 0.0071872432958631667 -0.033008293043420671 -83.794925049387757 13.071180226434151 -0.0065789045654034489
0.0076460398350342781 0.04896873548165085 0.0054723424362555177 0.00037959214791130923 0.002328533006313525 0.012089903287264401
-0.029829737494076414 0.0031004914753568046 0.00030714483154592156 -0.00024019660901374414 0.0025610445821041992 2.4598694838940106e-06
0.070588348073040014 -0.010952149356862227 0.036470651076152723 0.00073242333451007053 -0.0001564834894524678 -0.026208292092245292
-0.0027023619029873367 -0.017294492261049 0.0012336186901361179 -93.550347923667829 14.628377745389541 -0.056412135362229991
0.0035396512070448864 0.022638889439881738 1.4464143882620116e-06 -93.549130103243499 14.626657909491286 0
0.007042057571225337 -0.0011275692051471737 0.20757628183658675 -93.549080991994416 14.626655772301918 -0.022826871856986605
0.0027761319000256151 0.017702707396644191 0.0060816264655701585 -0.00039192596462736258 -0.0026524998931124325 0.016771333597390019
0.047185166535696273 0.034656970712993999 -0.00049326499022649855 -0.00011984421798612752 -0.010651956719451523 1.8534102837443271e-06
-0.075310418113445257 0.011778836445168023 0.0023918657339290373 -0.00017629487568483889 1.6852516973177416e-05 -0.0063576479794987843
0.0062256519664954484 0.039716364757647019 0.0010413561818384707 -103.86849243084245 16.279991327952221 0.010795584459845724
0.0041236934496592147 0.026312974246693318 1.8667828927121504e-06 -103.86700386049549 16.277737341269162 0
-0.033355203027277118 0.0052126888722787649 0.10321915319456483 -103.86748450988986 16.277820513922453 0.021588771331068901
0.0032382096498271042 0.020689959413565547 -0.0031252435816833709 0.00027918951959528607 0.0017992474589630272 -0.0020417731149601813
0.036484070826090356 0.064433352946014044 -0.00039054513852905819 7.0613062446084771e-05 0.0045834575469362072 -1.2114660244575193e-06
-0.037485310721798476 0.0059431058219077786 0.039171472499141116 -0.0011956559546092936 0.00021525611241881182 0.015917767154321569
0.0084183012410465764 0.053590550082627184 0.00029486316529735114 -114.74989326476064 18.027001098363115 0.018328358853187517
0.0047826008706870872 0.030447216090061045 2.3866992475696007e-06 -114.75081475384384 18.024877707388647 0
0.047780616723768855 -0.007431717784915865 -0.46930424498751433 -114.75143499339345 18.024948862952634 0.0066577303610947198
0.0090306204012441989 0.057483725146613318 0.00087122383479884601 -0.00046933399330041658 -0.0028770855027510879 -0.012750632662090393
0.043707524737317836 0.091114356332848978 -0.00047755295224685565 -0.00073926097770535119 -0.026517929535931163 1.1562845177469962e-05
0.062479050819776644 -0.0099007435306500118 -0.047959376731529328 0.00053200771727997199 -6.3426830855902754e-05 0.011125791014003572
-0.0026834766869563149 -0.017040240971962016 -0.00052390534465568146 -126.18242896027037 19.863674559115996 -0.033893310744695496
0.0055093331237381204 0.034993892110949915 3.0166473052872039e-06 -126.17989989602476 19.865383931660613 0
-0.0036690176214155311 0.00062720633332516201 -0.28749528021716469 -126.180672362927 19.865506447559106 0.0028510326855828525
-0.0023013089672854346 -0.014603408766263547 -0.0016079088588307905 3.0370615993360218e-05 5.884136589026063e-05 0.015465226247006615
-0.030774526759506642 0.11446047564726701 0.00031127058308608662 0.0011286661553822407 -0.010458782359850363 -1.0356796246016267e-05
0.042825947610947643 -0.0068200275977490562 -0.041790214358573767 -0.0024456867829117379 0.00039545938479492083 0.0056027134260070608
0.00048706218325703744 0.0031113982171800639 -0.0028545758154990323 -138.17788075787138 21.802097434554678 -0.025902086822268522
0.0063229201424961322 0.040071495643304443 3.7832277477446766e-06 -138.17757178467355 21.803172999970169 0
0.035195257351858029 -0.0054947415236414011 -0.31115241549178468 -138.17784595700431 21.803217918344831 0.0081956056567834192
-0.010531172554209054 -0.066756534600988238 0.0017584896007951836 -4.6278217444713358e-05 -0.00047012172599421808 0.020486937763983158
-0.0022329126349596765 0.13516197196283872 -1.8620321159628338e-06 0.0014733807056366683 0.00056655893430608225 -1.6099101107547037e-05
-0.04612350434964952 0.0071956474229716355 -0.043085675374829616 0.00078620711833076601 -0.00011177132480664263 0.0064462090404389652
-0.0024989882582705028 -0.015745544509292369 -0.006688806041073388 -150.71855507250842 23.836010218971772 -0.017669440092604169
0.0072137683616940226 0.045618030626544792 4.6983330399542305e-06 -150.72036628608646 23.834036560640904 0
0.011368756034519945 -0.0018455770579917008 0.23199830262452939 -150.71877766962669 23.833791978675499 -0.0053386617439845213
-0.0047146647636817779 -0.02973998785254529 -0.0086620806697495847 -0.00025681640785142173 -0.0016343834281556137 0.001204186586080443
0.017621918641356753 -0.84664034514419251 -1.3402378296030509e-05 -0.0010910074674044181 0.0026226295060293781 1.1399279216922653e-05
-0.061032839073711036 0.0097391939843788217 0.045234867452329526 0.0025095816225449152 -0.00038687088103857623 0.0051268631479790194
-0.0048473590524451679 -0.031338953453548923 0.0016917307775080872 -41.998542702129612 6.600897880292476 -0.027342202193531732
0.0025854722970718716 0.016699462842695922 4.791219199162782e-07 -42.028849453208892 6.5070611529642077 0
-0.03632949453618927 0.0056204897741697173 0.07239291273956712 -42.028322817017191 6.5069541374689814 -0.0049645875400723335
-0.005112237446904859 -0.033057711602910198 0.0021392206694513518 -0.00239303031927743 -0.015563503917238907 0.0060492363191952444
-0.03146794219914157 0.14839930716677457 0.00080352474013737588 0.017203094767224765 -0.018340978558410017 -0.00023817562561406349
-0.099144972017039118 0.015416340098061311 -0.041555572881907914 -0.0076741586361521123 0.0011943720303457923 -0.0039059369956370047
-0.0043110233083723274 -0.027921278708561672 4.5356515408479822e-05 19.992642088332019 -0.16180480456517732 -0.11099209304906026
-0.0012551331889485782 -0.0081288846517261603 1.0790134052918097e-07 19.447092469917887 -3.0027109786042732 0
0.015351729434761307 -0.0023616766796061631 0.32826720861152803 19.445635158953955 -3.002512635562002 -0.0039921834336046017
-0.0011051278352110035 -0.0071588892335138973 6.2270177309000041e-05 0.00010435580316163487 0.00055650897594808325 0.0046896662763345693
0.045447936480400943 -0.35623507409944638 -0.0036130259329389966 0.024698187996803969 -0.010654954954363834 -0.00037056464528448707
-0.017671559127828008 0.0029226530106378503 -0.027772019990558363 -0.00046340806243940858 8.1483429523761101e-05 -0.0014228697874692474
-0.0010202246560439541 -0.0065405765735016205 -0.00071233396152207344 61.838747942167196 -6.479869203175058 -0.0072537985699187785
-0.0038056639523638539 -0.024485459143862926 1.0250762756402842e-06 61.31584098033678 -9.5300432945415547 0
0.0023908419303540151 -0.00035131415663531326 0.24224468203627314 61.31487698239507 -9.5298740076677522 0.0087666361100535699
-0.0017438774291404855 -0.011198188314673816 -0.00066185899763296699 -0.00025980096657077467 -0.0018913971906956832 0.006664386404850931
-0.032033842924456359 -0.13739380972456164 -0.0015711112792769336 0.026921558025323897 0.010127139632309136 -0.00019365339040777272
0.0075312184789540874 -0.00094565353076546735 -0.018154898555294917 -0.032072559839970323 0.0051507799976331821 -0.013198788484385294
0.0053216615298800011 0.033928876684641632 -0.00015685283739921556 98.160715622202844 -13.313017081284229 -0.10989923162784108
-0.0055107015826250608 -0.035127741866646474 2.3500484878091301e-06 97.939800957346407 -15.364409650541459 0
-0.022838190613364815 0.0035908189146381534 0.060174129327903843 97.939242601992675 -15.364332361569215 -0.00097097222434952438
0.0040966009997434362 0.026144079338099927 -0.00075796710020319678 0.0035606019721016397 0.022028159720773911 0.016566030374654879
0.028021837753055341 0.0061688332215810932 -0.00027114534301198717 -0.017399561268001146 0.0067228689625865702 0.00037721675265143156
0.029743874671124233 -0.0039551789976718576 -0.0406116524379702 0.0063273674458493709 -0.00072151417959748026 -0.015454588912256085
0.013044049712032567 0.083041114516488435 -0.0089124522082664175 135.56817050634336 -21.383619094118448 0.26961454401805951
-0.0064725119206083615 -0.040994057241632929 3.8022211525935171e-06 135.74191196580225 -21.432158767455256 0
0.018023695718041386 -0.002813997738703969 0.17111619719842913 135.74155726648468 -21.432070815577386 0.014215268801898962
0.0042863578389374822 0.027395915379865708 -0.0051887025361678019 -7.2865619778761693e-05 -0.00046850387790456165 0.0001465279636887229
0.079206214739569597 0.46984309387563689 0.010307356528378457 -0.054556282747657142 0.00012328408001803664 0.00085823904709169253
0.0019570185781168231 0.0011666070130023373 -0.06677590636776165 0.21596875507979921 -0.034194173804097693 0.0026636694365494784
-0.0004341016467622708 -0.0030217265519907853 0.0051703774403899063 171.79415731818153 -24.323692828894892 0.32861449118723957
-0.0064800270520432275 -0.040827437507151572 4.7733810260022433e-06 171.06468343296839 -27.150951516383415 0
-0.04978397063632363 0.0078859560435831071 -0.066840347807024747 171.06669864664781 -27.151268475966393 0.017309730738951763
0.0016983190975687966 0.010271299892743996 0.0077344963452346876 -0.0019716340697249171 -0.011575380556363972 -0.015271622695083939
0.0092006452294284644 0.03289612864493105 0.00079473454249306388 -0.23409601209126443 -0.015889243895611988 0.0035775906064834744
-0.10001799852220697 0.016123827867398542 -0.0086115962855432601 0.049720810947374586 -0.0081871988784881101 0.010825695865017221
0.0016864341177975954 0.010466104908945038 0.0013520597274795014 202.73310293048988 -30.69712484224797 0.023834335249254535
-0.0056963176335771094 -0.035640584382559397 4.9344669603710423e-06 202.50332224797111 -32.365441402345198 0
0.024327253225432745 -0.0038868359085433199 0.0046758753404621415 202.50181151947524 -32.365080556777144 -0.0012534781623264248
0.0048707670105093076 0.030698536308863194 -0.0035373026023125648 0.00077954811318179491 0.0052273989709496821 -0.0055386182039691935
-0.0022942130340640895 0.81024870205048238 0.027705164269503195 0.10424698727436529 0.012719196293655517 -0.0015208906884225366
0.090845952317752415 -0.015902611121828721 0.04349477141663867 -0.17005965948192239 0.02701614990553183 0.0069904502121101442
-0.0013117611646687056 -0.0081173727970764911 2.1240238700566935e-05 233.60641386707226 -29.154979758211162 -0.039687116542205927
-0.004630164350019483 -0.02864724707882137 4.5519092534139696e-06 232.27497917232699 -37.541873570124359 0
0.016722452482207516 -0.002811167184994029 -0.34103839078891035 232.2720687041699 -37.541284003897296 0.017573510707745384
-0.0033047998480796401 -0.020168666221777039 -0.003938268620234284 -0.00067436992751579591 -0.003992823836478995 -0.00254162358556619
-0.038688605323822498 0.49106093030645748 0.020640791663276099 -0.05017724779426401 0.0012112603128424091 0.00105702084332464
0.047162813135272104 -0.0074502308299826099 -0.0051802326016549176 0.18259321585914218 -0.029414160610791825 -0.0047249572396168829
-0.0086603115764184654 -0.053526540782194494 0.0083143270279591366 266.03206711202546 -33.993504794292001 -0.3845185286651206
-0.003754226189348901 -0.022924034560037315 4.150812187298494e-06 264.5080953001019 -43.317995184038899 0
-0.011973140180686582 0.0019690141425902684 0.022616143054187243 264.50623539981012 -43.317807445100144 0.0016430718805236807
-0.0074426196691852802 -0.045654534349031023 0.0026960424193229545 0.0018398761291744542 0.011497394011845293 -0.0033837557446898883
0.03052820480413574 -0.017508718982468734 -0.0014384242679753069 -0.10169699146539116 -0.013100901093847966 0.0014918749501843204
-0.022227369919131133 0.0028526192728901448 0.018680268927802907 0.038881878540741974 -0.0057465363097493789 -0.015006078772286326
0.012323278828717634 0.074002197422435662 0.002757319455319708 301.56560917812351 -43.114333038915824 -0.028662728466180006
-0.0033226378744078411 -0.020016156810035057 4.1168646935936024e-06 300.24235833076477 -49.839569142023649 0
0.021990951948294351 -0.0037357921306439548 -0.20749454406361939 300.2450451578793 -49.839861280250176 -0.0077219741823760938
0.0059421700079459981 0.035754919383787019 0.00048299266090595883 0.0018310475388783141 0.0093530089797522163 0.019789773406958588
-0.048728911018057944 -0.280853674717293 -0.013584187436275368 0.053288346511911701 -0.0057732718045189063 -0.0013880711594795986
-0.023534612115641101 0.001008827375516791 0.060074280053278466 -0.22063213290504813 0.03631728194377954 0.0094539369915280988
-0.0059654855701456941 -0.035684590330550686 0.0014348482592579049 336.73856421874933 -53.082800202976522 0.58357255847762801
-0.0032324656620071586 -0.019264809462344552 4.4369969387509825e-06 336.01412719720213 -56.380216489412156 0
-0.026474477171484555 0.004255992855046983 -0.40416072400645886 336.01626953122616 -56.380296116311939 0.012220036018179314
0.0028192774773267691 0.016879156771205273 -0.00083715639731868677 -0.0052456385534297182 -0.029858394338435831 -0.015202850013990245
-0.017774803238723557 0.78425287477580585 0.046487061494433074 0.079348889947951029 -0.0076667131595082611 -0.0020722685534657489
0.10778614808683258 -0.019792875787012318 0.02915824674128379 0.066558156560990608 -0.012039803857678057 0.014712014412665704
0.011489555582062994 0.067458078257585735 0.0027474189977734964 373.28305149001915 -56.93445236080715 -0.13427337248110263
-0.0041253029611332754 -0.02432027036960014 6.2091195414106018e-06 372.24904806199305 -63.142394262553211 0
-0.021666796055364632 0.0036335282332846156 -0.081663868032874884 372.23407453336966 -63.140131753810962 -0.00036962525884992592
0.010868066006041243 0.064024580314185925 0.00044210146749243363 -0.0076478450948993639 -0.049557368099593331 0.044773877352717255
0.011652438119438866 0.57972994030234715 0.037902085268456807 0.037663564766286538 -0.0015339005706713122 -0.00087127991750396015
0.061092945493910686 -0.014878776278818626 0.071446219259413954 0.0035885866345681801 5.1254729999442908e-05 -0.010654773892716933
-0.00035489483453776579 -0.0023287696862777157 0.0024294730415896611 413.0511218667325 -60.268028351842126 -0.27413559601876464
-0.0065827782410446591 -0.038365925229990598 1.082340933544706e-05 411.06350049673489 -70.52976959466956 0
-0.015143556317308515 0.002430802379255758 -0.29687813475039121 411.0780339249078 -70.532155082329709 0.05464382853194516
-0.005505394976908334 -0.032418621960515953 0.0031095977751264682 -0.0046919599031096564 -0.02687112706244326 -0.0044162971677518936
-0.0030270494483995505 0.12391866847931907 0.0090581376550281714 0.10699573661344298 0.012687182593818661 -0.0012349862407761165
-0.068130396382166197 0.011028395705921316 0.01082850452491302 -0.014242579954405999 0.0047806511817052944 -0.033545237752236355
0.0055795551733965219 0.031707048117951074 0.0043111579462177998 491.97117867762307 120.06413680442823 52.307956317093229
-0.011189028871455352 0.03542797674427231 -1.0200291005484655e-05 456.87747919749302 -79.167649517699658 0
0.033831615783252 -0.0056876005894977051 0.27862073150713673 456.92749679101803 -79.177578172051057 0.086915407319109753
-0.013434679000729742 -0.07452518149730597 -0.02627610527994978 0.030687050527833052 0.16959385418462511 0.065556161729632023
0.0084210517457398437 -0.058168089798553375 -0.0047349919471071028 0.71323614523161005 -0.12825150789301698 -0.024021622569320434
0.026524807924873512 -0.0028824043817146923 -0.023328121317520267 0.12658315302269246 -0.032165591287120703 0.13363480436165276
0.0012114332002088309 0.0067040001990573504 0.001620091850933804 496.89046212600681 -82.021341225003709 -0.23501768733911724
-0.017775465442185605 -0.0012619984187408253 1.4501949713673863e-06 496.38231950712088 -87.13463001543586 0
0.012431957107032465 -0.0021308270441848087 0.075438513147513889 496.4034082922355 -87.138301976927437 -0.10720856437660696
0.0026314747742618213 0.01474352759513878 0.0020281718111813348 0.0032194455567297439 0.020533937058102251 -0.018069304722444147
-0.049546365928432798 0.26696724460334287 0.023750439546380873 0.13483916606751251 0.0047716542676965778 -0.0021508596536588213
0.039392085262990373 -0.007329379429764778 0.0042051606889603136 0.069928570161385969 -0.0078974814457714402 -0.054836538324783246
-0.013800806812379742 -0.077654818453196925 -0.00030236471538341446 545.41487157699464 -89.622748682379324 -0.61829969697387444
-0.027588797110436283 0.044674116935839121 -1.4400710395349101e-05 543.09743825346459 -96.464315800565458 0
0.039685049351209256 -0.0071929822316188106 -0.19303319167094987 543.1016379976561 -96.464738376849127 0.062567171599399798
-0.0083353001098758709 -0.04681972261680882 -0.0008193063593405906 -0.017231214629897913 -0.081743884932394359 -0.11906638741959984
-0.030533311046721332 -0.87084848995392117 -0.079226105058696206 -0.077641172549339957 -0.00033035204708804159 0.0013766684167186461
-0.016063468149803979 0.012588493284237081 -0.10981507469656575 -0.042373957140730396 -0.0026382189466605558 0.11601277078385483
0.0041816417794726607 0.02317108541003091 0.000724692148439345 591.04033873722335 -101.38169086045247 -0.26687203785785962
-0.04064130035683796 -0.026167447003658837 1.3211065152145283e-05 592.06134561237855 -106.39083252826653 0
0.023181175844979817 -0.0037755798128646005 0.47855706782479007 592.07843329688433 -106.3942634611595 -0.17107882535913851
-0.0066266557316563461 -0.036912959059451023 0.00028935191577094175 0.029743919193180132 0.19964802186932085 -0.25340256221443475
0.0068326769977839442 -0.4290719011875882 -0.04224656293914289 -0.14149250097841223 0.019789297656860712 0.0044800617440147834
-0.12023430340597981 0.025199039646793379 -0.034930862415497858 -0.0021939398285320899 -0.0017269867104393116 0.022403132082167144
-0.0062444593137927487 -0.034156154177471754 -0.0017946594105271031 645.86373157178411 -111.64228618681295 -0.031750170530920808
0.042124342537074512 -0.018952489759227951 4.8677055843919915e-06 645.6527557332854 -117.15719091141752 0
-0.049107123955190055 0.0087518403663192981 -0.17872605422897603 645.65015807234761 -117.15689013678244 -0.009339607853457426
-0.00022147819551937187 -0.0011849771743263418 -0.00025088467138786207 0.011421156013873042 0.065010400914025199 -0.014672640535578818
0.051655252024387165 -0.55200216150443504 -0.05885054043362084 -0.0047399825625399263 0.022191973734179655 0.0024130675641150785
-0.12437008373720335 0.024327739579080094 -0.014094508721416191 0.021244374626544611 0.0096943331018856261 -0.13377533859710231
0.0047697568582003788 0.026172679872937827 -0.0008031890692362484 704.31504513391599 -121.69695331924531 -0.48539195855663364
0.020720529219442264 -0.033095411584812384 1.3719738766475573e-05 702.31681449665257 -128.56129131966605 0
0.020119153689846844 -0.0036689887147413327 0.014344306162171529 702.31861126313424 -128.5615601825194 -0.042512258489767925
-0.0047019703649700479 -0.025599122554496135 -0.00057120997198354577 -0.0047446667192099163 -0.054199478204795884 0.19121597141714106
0.01392454603288067 -0.31787673102951469 -0.035771716184043283 -0.23556270319815653 0.01582311430751273 0.0058260081472431488
0.044721109188599312 -0.0081957305423797904 -0.0011325144494262172 0.060022437933988745 0.0086621570473747519 -0.18261212970676433
-0.010446876823227536 -0.056413216069753108 -0.00128019025314794 765.39954474259685 -133.50297226939668 -0.022988068575717845
-0.005152996367175389 0.030118755521611983 -1.4828064759343835e-05 762.55284672853986 -140.70425637502959 0
0.04541242840479754 -0.0088425299521249483 -0.4405363303294314 762.5645444154793 -140.70617584462292 -0.023558365006767959
-0.015855051923044015 -0.08558175886636149 -0.0021741879771122121 -0.024896835069640074 -0.13147828860426028 -0.022286727727123624
-0.061675250422490682 -0.58450493223882682 -0.068202694934227689 0.19925027534670503 0.0061766898600540193 -0.0025418409064726141
0.081190261670012365 -0.021503591214380072 0.054229642465827642 -0.1829806700890135 0.035576007425179496 -0.010479261670163031
0.0096094165286925975 0.051263968127862714 0.0023979428182130417 829.15360366625157 -145.60470035623757 -0.40415003406984351
-0.03452500604349501 -0.023121323614905709 1.6246387252453791e-05 824.85310201363097 -153.45055513347504 0
0.046642277333867478 -0.0083109561559041555 0.32171798073715496 824.85648577585584 -153.45101703409804 -0.019458608674760808
-0.0018081913561990529 -0.010237464918538976 0.0032485982014649043 -0.041221602485746786 -0.24639279290789548 0.15546478021219259
0.018839390870235135 -0.20565764913066945 -0.025972521712948587 0.022195243899821176 -0.018825445307802047 -0.00269262743112371
-0.082085983315608638 0.075592579860531917 -0.49214857852930355 0.12779399190842164 -0.0064335310386717023 -0.14600806046040385
0.00036506052246560524 0.0020683304600273103 -0.00075692795013042465 886.75125562122867 -157.54726363438428 0.41447208266932561
0.035186839154795403 0.022204903397837025 -1.7042190051867243e-05 887.25902379325964 -166.59009006571515 0
0.0055772789016735871 -0.0015847986547363837 -0.43897982180739742 887.23376465728472 -166.5855012897924 -0.052186562658545231
0.014930226093462211 0.079472156028063609 0.00020861252105675604 0.022619197604606091 0.15844620363071996 -0.2313484387657665
-0.085333073354545638 -0.10605175817298178 -0.012691622711464689 0.10307016046615715 0.0099821372422953178 -0.00014700334138594562
0.081534428861646885 -0.045272830799442505 0.23096754089792354 0.010220329920145745 -0.0094500302345064489 0.058369756600620999
-0.0022858815375512418 -0.011954441723714401 -0.00063614760904074177 952.4812268482649 -175.83979082745566 1.701110240298471
0.0023832799141266618 -0.042894343717225947 2.6924144810854668e-05 951.54575129619377 -180.30719172780857 0
-0.024641796677548834 0.0043075838420617678 -0.27525888739455595 951.51507368594298 -180.30182353111724 -0.23318125742936985
-0.01146116817057897 -0.060231829513593411 -0.0014445486969840503 -0.0013678629541932876 -0.024146678111546541 0.1006455899571914
-0.070335872292820831 -0.54188225513038923 -0.073383010729629217 0.0062498514006044314 -0.0015614452155771673 -0.00029323983498205961
-0.0076899016258788816 0.0084079347490831381 -0.051389094350814506 -0.19153377197043131 0.053784180276791063 -0.12378511671657176
0.0058998034630044901 0.031246312927875473 -0.0021835673013534201 1020.0007120853852 -190.09643406155604 2.3147699863636002
-0.034740399404571673 -0.028464677491243776 2.385112092109965e-05 1019.1905971555946 -194.75139353278436 0
0.046891978528030398 -0.0095273291868797679 -0.40255853768681987 1019.1836643977549 -194.75014513964237 -0.25501496287527647
-0.0045495365240955949 -0.02359754312575266 -0.0012026726586846926 0.0074231650607086159 0.044659249499451444 -0.033756517530138419
0.0019336518545596249 0.31037274730164205 0.044361622075695419 -0.17843295167878986 0.02648612241679946 0.0057733559714970382
-0.048521363561821226 -0.038910451977016772 0.34376183470119592 -0.12589271013805381 0.028761422491956144 -0.029235915712549417
0.033880361064670364 0.17550733184743811 0.0022486119470632184 1091.7582753745432 -204.89801312840927 3.4929714276481989
0.023885117858886695 -0.033847139398639974 2.1244472066052327e-05 1089.5492116632997 -209.81368508950513 0
0.01396335945956099 -0.0031637695061298809 -0.3151852327462194 1089.527809942176 -209.80948248646621 0.089858983553431221
0.0072214719082211573 0.037575461629044758 -0.00046461478495018744 -0.0082529154142063198 -0.026123153615730563 -0.094685430506717669
-0.053720926614889287 -0.051446759622516373 -0.007146116977877006 -0.019712698316283292 -0.028511202462094074 -0.0040567289890167972
0.068387923568956357 -0.0075036598369893877 -0.040881571365438713 0.21561455744823171 -0.042773138622739321 0.0011281584517617367
0.12345928967465167 0.63820151828457528 -0.013294404758407307 1161.794234683226 -218.40239954862346 3.0041290316185361
-0.022419278919557414 0.039229789184141189 -2.7016444246815251e-05 1161.9190808224964 -225.57311647922984 0
0.14193410979936369 -0.027247939972289262 0.19092566440581404 1161.9453443979355 -225.57839217978542 -0.022762506767535159
-0.0089987802702854568 -0.044806161757405115 -0.0085006565059670726 0.047372149471215187 0.24132382453861809 0.014587207851101977
-0.0094043393500406643 0.43326492147601176 0.06716285535469671 0.13375935593271571 -0.023852218134255487 -0.0047804832059554249
0.047840466413870714 0.054440902479686658 -0.41762769214381329 -0.17035479013987345 0.012904906832543637 0.13765136880211309
-0.00018610174742315864 -0.001580337980904078 0.0034112955648426596 1239.1322741075803 -231.40588753114093 2.4431849894407907
0.026392398635119156 -0.0081825441235452694 2.4852646033225842e-06 1236.4029415295734 -242.07827428846409 0
-0.093132976061927955 0.017711330073991775 -0.3057714388043713 1236.4266624972593 -242.08303866962675 -0.0095096023298631063
-0.021452180661354736 -0.10915170333743973 -0.0021046078329363437 0.0081633156430078718 0.014034474950522241 0.14970263739329809
0.0021870162953067786 0.59428653460233494 0.09563248249060094 -0.25731340344176484 -0.015180151893131559 -0.00068726288964407337
-0.048551531267617243 0.021278966497675959 -0.07200960336141396 0.033766276366483793 0.011641841144379862 -0.11562041319145376
0.02861968783672891 0.14387228301454397 0.0043320343291347665 1315.9176233708981 -244.23002942955497 2.7241614124722635
-0.028395652308373039 0.033693852310295418 -2.4566488111318984e-05 1312.3820262283386 -259.52876273179129 0
-0.027697041945138764 0.0061037334101204281 0.34457186864105932 1312.3987226513786 -259.53227874332276 -0.046768215642443003
0.04691800714303658 0.23698995992145766 0.0010878381687236805 0.00024613060186802547 0.011766529059643384 -0.055934799200218391
0.015760686542852117 0.58430172406494474 0.097685562114214849 -0.1051324730978646 -0.013593151978915495 -0.0016523686715125825
0.042441378155893821 -0.025556638411490418 0.10171944917691909 0.25052258464944493 -0.045426142271413193 -0.034170367057306708
0.017879033310299275 0.090307172030547278 -0.0049164548432398475 1392.3644725221247 -261.22292279573696 3.1027549621625203
0.012091515456617975 -0.03946599117423423 3.429844166013084e-05 1388.6897167064851 -277.74664522051762 0
0.020994942588413917 -0.0047901549388326102 -0.30692692081412326 1388.6785722486616 -277.74464715874723 -0.076435411761990993
0.036977395140568324 0.18632039009727006 -0.0077974568931099509 0.020658136750167897 0.11048416088067853 -0.037827078759817168
0.051330892759047099 0.34531695804739143 0.059828366350555495 -0.0056348482177214438 0.026865172653698845 0.0047066772955499719
0.092862396212030449 -0.11007961872138106 0.52553792840296343 -0.31846200497131277 0.044953295318291737 0.12063425360660952
0.08258880957669272 0.4069366794195251 0.0060701807899157826 1470.8102676633912 -276.90167110976665 3.2966017633162035
0.046393966755125395 -0.036437383769776371 2.6475193845345855e-05 1468.0450887834518 -296.99879962665875 0
-0.065951980283235248 0.012709867548595726 -0.31058851263819776 1468.0383909309587 -296.99779255128794 -0.046504460173790133
-0.0151094322202433 -0.07580322116608669 0.0058876285852042225 0.045703034988267242 0.18617798789767681 0.20483423572802512
0.018401509480939979 -0.12374105559870047 -0.022499062653214622 0.081600584718691568 0.013470524822282942 0.0020250856490072662
-0.061408727806124323 -0.041373670724319585 0.3012883987222359 -0.20773579988014504 0.069533539761146179 -0.14460108960317652
0.06161527927065151 0.30269508589585686 -0.0077371449039722326 1551.3125084239339 -298.10339846743943 5.1633188046051535
-0.024778548502144945 0.045137109152778028 -4.1409530108686476e-05 1550.1663473486337 -317.03900143663839 0
0.045624311804120514 -0.0089746823213450073 0.16549624265594273 1550.1502753948425 -317.03585254446301 -0.11277177498626363
0.041436923271714825 0.20306490612959813 -0.0026531820583591912 0.073498862704043266 0.39202107809953407 -0.16683406033051978
0.012231336748993724 0.05112772469097674 0.009566986322835154 0.078220597208791043 -0.021762716371212621 -0.0044776537187612648
0.088606873334092201 0.028180089140397938 -0.25086068856291571 -0.24301055190258908 0.0061922055508959002 0.24219540179277319
0.011950688802256471 0.058241716203680911 -0.0021296476921847324 1639.4578019145947 -319.23320399654426 5.9026263258935918
-0.0025264488738694509 4.0975891795560196e-05 5.2422505484306633e-07 1634.5946729517218 -337.75289137192971 0
-0.014071278690538164 0.0036991215250400857 0.34833455667594715 1634.611105958383 -337.75615996171865 0.19277067012962526
-0.042110363652610165 -0.20503834297801679 0.0065668964810637696 0.015974452704606006 0.053108294981399608 0.12141539229597136
0.070666621611927771 -0.10837632630801441 -0.021539061884731224 -0.032437660174743345 -0.0014816404743375048 -0.00013476975180961177
-0.1679540673685862 0.065200799905932361 -0.14974432616425046 0.038016309486029305 0.02807573921007727 -0.18621864389844206
-0.18049042677089513 -0.86661068197618774 0.006710946376058232 1726.7578876776442 -347.49578966822975 9.651595324640061
0.012460346271768752 0.023285349115589511 -2.9703776775511196e-05 1721.381960697307 -358.95127871356942 0
-0.084841517317647511 0.017880388657885684 0.078808827706928306 1721.3540464531793 -358.94694673430303 -0.097305234666665172
0.013833964120736796 0.065871830428586714 0.0022113061963604857 -0.027307809398891918 -0.087907634417658101 -0.21278001312649394
-0.01164749202054691 0.50630299072031382 0.10278838417182865 0.035147087802752851 -0.016676375591852505 -0.0035523443545635151
0.1668029259696098 -0.08035423439791535 0.21865961532545819 0.038157520162226316 -0.031401146055913126 0.1145158092184556
0.13312368107242123 0.63441858896625836 -0.0075071158034409197 1813.785360523085 -366.53065271555209 10.830411273669972
0.019807229574390097 0.013965853314425149 -2.1871964358909725e-05 1809.5234609655865 -380.48649687299212 0
0.03450886719730889 -0.0079043228578661983 -0.25728263466284074 1809.4953846584317 -380.48038016022309 -0.023604113193737113
0.13843572347143507 0.6590589898259902 -0.0045181903014434536 0.026729376365052519 0.15016379879336611 -0.11252019152780793
0.022792749255787861 -0.10869793970024247 -0.022968118703869642 -0.5394286615038637 0.013610587627960304 0.0055344519717328115
0.020006056839370713 -0.047248607754031842 0.20489669811664402 -1.3704028105327233 0.3055615508153493 -0.023559435239207043
0.10229540261497964 0.48348552384093163 -0.0037502383702983861 1898.2579912579554 -396.28032877825217 14.775789594837558
0.019715453051054543 -0.027478794571015028 2.9478070837790364e-05 1897.5430411514867 -401.97528784102167 0
0.020180639171471653 -0.0035826397396331237 0.26191930826976556 1897.557795078608 -401.97780822211081 -0.16646325838963327
0.092898956234980928 0.43863330465513262 -0.0012899714274277048 -0.039531833637527027 -0.19534235222754223 0.04221575720275967
0.018579654871415604 -0.62593977678343327 -0.13620261172717038 -1.4706276248417816 0.024935281789609125 0.013044457994024735
-0.029255769003930968 0.053089668614264882 -0.21549390558445655 1.1427743067070122 -0.22999735993186057 -0.10681640052180834
0.1261370133495805 0.59136599199611084 -0.0003964199184164873 1989.2578210141376 -426.03783451563447 18.120289999084175
0.010369143674628142 -0.0098580242418432138 1.0125567723016537e-05 1986.208870538175 -423.54101859316171 0
0.037981974896673064 -0.0091986980583766663 -0.39707913895535518 1986.2323820747956 -423.54557449432156 -0.13573779854197279
0.090915851988928112 0.42598473783086604 0.00091511474672542332 -0.075597706970489231 -0.32685090398938232 -0.1298675096618028
-0.013084771115159172 -0.67229021449636561 -0.15075205625487356 0.55117600763875996 -0.0079507170870555394 -0.0047617730460651885
-0.01067801757510563 -0.11941493141712094 0.54586102013729543 -0.24405761101157325 0.05465837374076473 -0.00059169551291009715
0.10973685220886661 0.51125020507900987 -2.0876729059242855e-05 2073.6941432318104 -452.11850543320031 21.132376630498737
-0.009056920394009951 -0.035243845080303302 5.1412656532712163e-05 2073.8119293078248 -444.94199961117556 0
0.050913456359430308 -0.011436949135331109 -0.17746997152735103 2073.7983295204203 -444.93938097236611 0.17954020319773537
0.090933853777920834 0.42299100414057933 0.0030399013526795065 0.012851779655674845 0.061934960548827148 -0.0095685154846497193
0.048318843053627228 0.035438319755545213 0.0079081552166810672 -1.6334322104761692 0.053597465165562894 0.021588737666988905
-0.056497455804477154 0.000383357635736875 0.05376557979351846 1.1851639817546091 -0.27244336495826182 0.023850241597486239
-0.17054750964151094 -0.79185236521334201 0.0081449964548843765 2157.220878077334 -478.00218179641303 25.449644200752481
-0.039744337788103032 -0.0092430338226262513 2.5676373167989493e-05 2161.4886252282463 -466.37603506247854 0
0.011493482502596379 -0.0038578299704563911 -0.45685119709349237 2161.4607857647093 -466.36944263088105 -0.062979781320797151
-0.16743018731768602 -0.77730056044487017 0.0076393389422260089 -0.027096121192100406 -0.12102431654907493 -0.020563772474330434
-0.079197809727384647 0.63207049101808843 0.15045277096364443 -1.071232367182352 0.042807618274438602 0.016537172762775318
-0.010863744184786679 0.081110529311839333 -0.3333345431002035 1.7239616227086494 -0.33891678686385207 -0.22225381581962794
0.05391014745695652 0.24696742891375575 0.006084076047055598 2250.6420438958826 -485.95759493838807 21.326203923282961
0.018415283392251323 -0.027762856079409998 3.5672543067135505e-05 2251.4030083539392 -488.5413214291587 0
-0.04361578852173198 0.010972255572487129 0.47972480290624642 2251.4173889390972 -488.54381612737996 0.1019347840873332
-0.029830208243370595 -0.13908762300456823 0.0075834228702197489 -0.015057430061459411 -0.082492255090618374 0.059124867908995217
0.056118334855290115 -0.30216568591804277 -0.073969073241679825 0.024349314002923773 -0.0029639659103315773 -0.00087684680140216644
-0.056565750455620949 -0.093255813309726668 0.43853692678146317 -0.36314252506421218 0.060194005323684775 0.094505984189279052
-0.039563918789884404 -0.18180908567872145 0.0028318504085784314 2343.5610703496945 -501.26151179834852 22.548401121379843
-0.036718545233460624 0.0012670259081425722 1.0530039290408914e-05 2340.912619327873 -510.94166308709958 0
0.01597242012643418 -0.003308992770989666 0.054204830353322186 2340.9161314451021 -510.94275480603642 -0.0027829894332705176
-0.041510009158777519 -0.19117965902580963 0.0048689272319429582 0.074245600980836948 0.30771536740187216 0.14320213942623977
-0.054082968993363977 -0.79502451490774539 -0.19831530550439247 -0.1793771354101821 -0.042989120105657461 -0.0095497495281103243
-0.060956635531749924 -0.14584485112537571 0.64381468744614856 -2.1611576116244606 0.42970084824780735 0.27646506145239674
0.019481315793538661 0.089263647495577705 -0.0025234879498911484 2437.7947402725281 -504.46919297010214 19.656267641698594
-0.0038307268242678632 -0.016307817098614872 2.7752614990898364e-05 2427.5053921907856 -532.94118397799252 0
0.040768715247195893 -0.0078872061530575171 0.31340539815974588 2427.4787885196747 -532.9357995417372 0.095208568725912573
-0.019254412996329989 -0.087421712842939134 -0.0010164358143573307 -0.055112359706495126 -0.19485352897883151 -0.24522163434291944
0.057174439145583449 0.55652851761407907 0.14204701922690058 0.70170149984085284 -0.0095803097910169138 -0.007296250170308302
0.064679644701516922 -0.23946184435186815 0.88238560330890925 -0.42942627544909273 0.10188325624828588 -0.0081420950247170134
-0.058970483020894165 -0.2678331203451213 0.0032642720985439407 2513.546198832491 -531.45651800800476 27.522444627072609
0.019251218782517641 0.024160567062051372 -4.7511309318681095e-05 2508.615480623967 -553.59023442057924 0
-0.055876722951950189 0.013600003430238835 0.36188083802664384 2508.6143498633314 -553.59009396980275 -0.068232838388168321
-0.024611824296825648 -0.11283276486282416 0.0058886467829002377 0.050557587137732188 0.25284379058040229 -0.10286064022823126
0.0094191335175191314 0.077268068519739094 0.020158146813368836 2.7762482417460923 -0.06669482021678752 -0.036748922330662299
0.020111504660159076 -0.23261976416573951 0.8762209291595513 -1.1947332949166667 0.22964458854708147 0.19252288127765774
-0.078447929427261337 -0.355082170369868 0.0059749354934503091 2592.0987479998053 -560.8542111512885 34.606514391631592
0.032207385565912454 0.02104269747553119 -4.8614318323479418e-05 2587.4780264620622 -573.59037188404307 0
-0.060649899145301445 0.012179235634970637 -0.34965847999417338 2587.48219524878 -573.59118165618179 0.10078897370749672
-0.11688113552157635 -0.52723452520074343 0.0012305931216564159 -0.0070784495192120975 -0.074140970291631914 0.17903454905180557
-0.050260425443863277 -0.27531292511016514 -0.073313628684429463 0.24758270188827264 0.039410101697330328 0.0088782254979207012
-0.11342303722017186 0.099914571954124468 -0.27517406997691785 0.228983065118149 -0.0004527712010869002 -0.20126636008771698
-0.028685411585194838 -0.13178161939162317 0.012380939487299418 2666.8660724210504 -581.12055399805581 42.070638515687122
0.039939248423812523 -0.0039975575660974368 -8.6737409315496109e-06 2659.8612152610881 -591.98750515497113 0
-0.13038167945215973 0.029220585660132997 0.05436123332287103 2659.8715750663555 -591.9914725018026 -0.086265857017144246
0.077897054296361373 0.3512149378121463 -0.0059445349839386021 -0.075368353245319875 -0.31211626826362587 -0.10958521413732288
-0.061283661211912643 0.73516298402513891 0.20172237851560906 -0.093558488598107517 -0.0097117768494799517 -0.0021545715920485925
0.20366591056846226 -0.091285828475814845 0.15756035005601773 0.37678970428115022 -0.081201803215110377 -0.030084809822266703
-0.037924937799273119 -0.16926430508773793 -0.0020770763646095463 2720.1211694946196 -625.07248056085689 26.46942928062067
0.045997521626155197 -0.040691164296520033 5.5238415717177495e-05 2723.5370892602214 -607.99827353285696 0
-0.099461583080663538 0.022065514505727205 -0.036224198042852977 2723.5584784402427 -608.00235610923028 -0.085471491287152895
-0.048751408914343958 -0.2209322683676691 0.010985540220952637 0.013370129229109283 0.026417708492998501 0.13637410876151623
0.023839885174534298 -0.049910398862201215 -0.01409290660845834 1.2731525167624247 -0.062204537122016332 -0.021826089052326077
-0.23145483524227548 -0.092673621296007716 0.52847647920508167 -0.36573983245885205 0.10433158958709647 -0.060819581575696696
-0.12053951108511581 -0.54001025113496548 0.0056653304622826806 2782.8951702838622 -632.4111048085415 24.575501008693031
0.050075281603923306 0.0043885304293337108 -2.8925886342568895e-05 2783.4868368253419 -622.52936951230492 0
-0.0933500336972828 0.022822201211059458 0.49895472977664074 2783.4605507917172 -622.52379729650943 -0.26426536381280619
-0.058574192368873193 -0.26193938009548318 0.00088067374670926072 -0.036236937784217119 -0.1400918050993471 -0.086976284367660833
0.038157114689346155 -0.043794550650313978 -0.012641635025868899 0.38949464858638749 -0.048635830288267783 -0.014463760370728882
0.1354850004337545 -0.12393828148031263 0.31824164609530065 -0.33914527861353932 0.026148063390517555 0.19222359389769061
-0.052784360256303522 -0.23684897253603693 0.0055864318461759065 2850.9237418769117 -637.18030143840303 54.066835207607902
0.044021749392347521 0.0074870290677304394 -3.2930522328559506e-05 2846.889934174334 -637.8879252074272 0
-0.085545613874151188 0.02027045294821125 0.27660735117392016 2846.8711006930043 -637.88453759290576 -0.10762991558147664
0.032450051545211564 0.14517746607282714 -0.0017613889219520241 -0.067004273344837606 -0.29634295172448716 -0.0097122817031888055
0.068857059998682482 0.092500931083872431 0.027327573586610539 0.28641593650512015 -0.028971952841277893 -0.0082260894939262443
-0.019129243708157138 -0.2381676019087309 0.8233053318804221 -0.13332575157961329 0.084398129794196503 -0.17715943452495056
0.099019260684584179 0.44261944527973074 -0.0073801811100987474 2914.9123405149312 -631.81863970554957 56.364966050540623
0.028044206698606543 -0.026809019545998673 3.9792767118389293e-05 2909.938445582804 -653.38153137454628 0
0.0028936112073543003 0.00054794342793916897 0.29386594573062103 2909.9098594864486 -653.37626661427055 -0.056493949351670458
0.084150640642395858 0.37699646823495758 -0.0094733424634337107 -0.00029444453883892025 -0.013852297760814035 0.047784260899359922
0.047688405136547596 0.18883733612848552 0.057094727451076716 1.2062305544582252 -0.067603987889986769 -0.016468253857579485
0.17582681064682079 -0.32087235864920038 0.92032756066480259 -0.14002135767699139 0.0018148620869590307 0.10632489702999628
-0.064539687229022355 -0.28753146301701665 0.0026483732949741548 2967.5651397597071 -684.78399614455236 81.404601588311948
0.0060926158310869241 0.0064169028785066029 -1.5414011081693385e-05 2969.2233443543951 -667.65253610247657 0
-0.057544229991194247 0.01494949742230053 0.48332122006707595 2969.2212831081661 -667.65406508123647 -0.12550103306093091
-0.086675852908421933 -0.38849164315054924 0.012269544234636337 0.13670370999451559 0.61083699629559352 -0.012333951316019451
0.0790186050870791 -0.32020598221739022 -0.098262321644320222 -1.9816755823887289 0.02650568848372558 -0.002467155208198471
-0.17015043399726237 0.24327669402173924 -0.65202600968749092 -0.84964515402717034 0.1830906260647566 0.077525992645955236
0.052721560782156549 0.23364328483021382 0.0021979750309112822 3020.7425586085637 -689.66138394808104 89.624789043885926
-0.019013141422682192 0.0084378250689212397 -8.3795014168598105e-06 3020.1816611512254 -679.24276104400246 0
0.045223775584627715 -0.010069051590062675 0.024068452648641419 3020.199845246319 -679.24602012769537 0.049229519966913271
-0.071531757661636983 -0.32184072918455553 0.014574039847440759 0.037579711649329127 0.19371050595365605 -0.097044172372185294
0.0013621563481761338 -0.53864721516331893 -0.16956008308144183 -1.0234159812001984 -0.045660443982596589 -0.022052719892628081
-0.041454800130406762 -0.12124478068958069 0.41494292200912208 0.53583942569570797 -0.19742149231924302 0.20938452902387858
-0.12739139414585871 -0.56716920839232454 0.003801490179106574 3069.2252528644203 -726.51533361744464 103.2001590392999
0.043610298392150013 0.050347418439142928 -0.00012316368542803752 3071.2060467130091 -690.61267065003437 0
-0.069591402779657419 0.017529009038507504 0.43705841782262828 3071.2508152013461 -690.62036390873595 0.057955675254168476
-0.11115153372294451 -0.4945286593016941 0.0021205121696962607 -0.045122630869913458 -0.12872956059058557 -0.25423805651271691
0.046055148398980922 0.33313548930869502 0.10737569482536348 0.65046454358717909 -0.078552532295671107 -0.018733494402714258
0.034458752210920068 -0.15965210723096532 0.46751909945097253 0.20785428689200899 -0.062699811010278647 0.036038472693311459
0.014725242069355189 0.067787169781539786 -0.0079729868404578765 3117.3717844802286 -762.07892415148274 114.04674777928444
-0.0108839808031255 0.0048994443462596245 -5.1107748850958279e-06 3124.1562260917285 -701.99361541155895 0
0.072143215980249115 -0.016674969390839747 -0.10612926805495593 3124.1366243524167 -701.99231192061279 0.076646365918929385
-0.055736218123308243 -0.24853867881609606 0.0023604257792255779 0.043202493658147378 0.16279099257851187 0.10146012465239565
0.038457255098033327 0.18071863287451248 0.059382148477926798 1.264326331791422 0.038222163817402913 0.028925158790187651
-0.0092745276974862002 -0.058073036748742236 0.1834417310375096 -0.67300190179414265 0.12597376228786897 0.12084195538582361
-0.075358689219049216 -0.33680182391347857 0.0044304466240636274 3169.3672299682967 -788.99954824061047 135.13672764828775
0.021347075038211958 -0.0085747571717801983 8.0114905273476294e-06 3176.2502172658023 -712.90176126968538 0
-0.014230421590722141 0.0040481979481468656 0.19202779989611155 3176.2715833154043 -712.90565884780199 0.15088748583320558
0.028325093442155263 0.12757014545182352 -0.0049665673212023042 -0.054381080438179769 -0.18335507920644267 -0.19863605732771603
0.031603506396627859 0.52886144878918517 0.17519171133450315 0.68852268935038896 -0.11661263602010667 -0.027439920374469101
0.12046347689291789 -0.052363869380688696 0.067699852124016774 0.066595285710387239 -0.036633890717598504 0.06041890407798705
0.022811620396128642 0.10088594512612517 0.0027065213453321799 3214.6950510136562 -812.41922362884384 150.16444521710332
0.037582365077012091 -0.0035684505186513019 -1.0441289743150207e-05 3226.3520298258104 -723.07790060688762 0
-0.10852095096596405 0.02361379254545198 -0.15660207868685111 3226.3590335133622 -723.07879892199844 0.14160935597408117
0.16047534241796044 0.71611873827593442 -0.0021433897239996878 0.015542859517837883 0.0073870267822325267 0.20473538736534802
0.047287239874399645 -0.046394136976389118 -0.014615509099612322 -0.23057450108488503 -0.027297994873070972 -0.013522827365857916
-0.001014657608654549 0.27552510991538925 -0.81163701647861874 1.3249124280846132 -0.31654282574079817 -0.03273775558228096
-0.0046516667682261559 -0.004442827032311544 -0.052856029683474769 3261.8107153544493 -821.28619804123264 127.59326610918609
0.043009747147797935 0.032353859215014255 -9.1620661913087038e-05 3274.3855958038002 -732.19760814570634 0
-0.011904791315565891 0.00090186481493116264 -0.38397539808188119 3274.3836879072646 -732.19960918550862 -0.23049552381301477
0.071293698168976655 0.31944880670522224 -0.0029091034941298144 0.033437006435321381 0.095454536028209247 0.17448837895208413
0.022981337457207429 0.63418770562608295 0.21508303186982183 2.1419825873215572 -0.006621417822631202 0.044827665761445985
0.12212803388072307 -0.091829715032688136 0.17915284793050618 -0.61443503930345467 0.12216884587192246 0.087153260127573032
0.0045758216362763162 0.021790892898880511 -0.0043531459432617318 3404.5332485522677 -924.30475483895179 1048.6307531263176
-0.035662739819916391 -0.0092689667718452995 3.8763596510257708e-05 3368.5916808123975 -754.90218293040778 0
-0.053981810360446553 0.013245023440619183 0.24329813673815506 3368.5900912168663 -754.90349248112432 0.11986323909967969
0.028283487819662029 0.15523737096201831 -0.092609552965311051 0.021511018611963882 -0.035718726914716177 0.42133491853556165
-0.06694564353384963 -0.17041077366302179 -0.059951853285662819 1.4223167886451356 -0.27200581043838967 -0.057637855578115085
-0.091974537138924894 -0.20648514819024222 0.65858728310447334 -1.2165938390937461 0.31086327967013522 -0.024980381106659517
0.020710492062678471 0.072729208368174481 0.062727657046938071 3349.4997054769251 -841.85440891210123 125.51804319137277
0.016849053421077342 0.018808483461410275 -5.0541311151665959e-05 3360.5795451637214 -748.07541963332517 0
0.014852684312908608 -0.0041504189029996493 -0.17950011100688426 3360.6332592764898 -748.08692213670236 -0.00079393041173382215
0.049105264872647325 0.21056973275355784 0.030458529515602076 0.034758289371488268 0.18997392196786589 -0.1053956041040008
0.003465920675953635 -1.0226613423140407 -0.35350395399729184 -0.79130812640372394 -0.001540111998845299 -0.022350751790073318
-0.11186609909520923 -0.027679063967413309 0.15722195262101324 -0.23995399268683829 0.054007276421272551 0.015696459093168868
0.12740355948161358 0.60368009336390938 -0.099478070385549719 3511.8013803621157 -860.68048443996872 1069.4119789294953
0.0030769313590907573 0.022582590127798147 -5.3550287090381925e-05 3452.0090636646296 -770.21659006053699 0
0.027077140826596905 -0.0077092986202984461 -0.34517908852789642 3452.0429453368815 -770.21661073771463 0.25900271214646586
0.029100076920262757 0.1727495086949177 -0.12982958323923086 -0.14641991147365382 -0.65649789203932152 -0.00022929941067017246
-0.093473059234238876 0.48778879869081115 0.16750840478371287 0.61627576490352087 -0.12746083919165158 -0.025825813572351641
0.058481394101217408 0.13531753056729515 -0.42009856532365947 2.2038693782611847 -0.50969509203558983 -0.10890994605200478
0.036341446959856687 0.21967728638914297 -0.17009812668655191 3495.1525052864044 -1313.9347774281916 1572.5704392163677
-0.04567982318437494 0.017043530893016967 -1.6022007853322532e-05 3499.9846457175518 -779.75690381305412 0
-0.067223755246216974 0.015576371694056354 0.12231132823354102 3499.7802527671925 -779.74133043842903 0.01996454141706289
0.0065444928085959782 0.077151140320278866 -0.1440904912860661 -0.04485319971754341 -0.26889096245592214 0.20318214921783417
-0.034830201923766076 0.34791892057948909 0.12158055814080054 0.60673338551322042 -0.39730186117931948 -0.12010182960748575
0.033257085571081257 -0.12167576405632632 0.3141093113361933 1.635523611573487 -0.48839450941520557 0.22421068349867684
-0.15970827491862113 -0.72852139821595963 0.012643989032882634 3471.8335489799942 -908.13039549972336 132.3644310079822
0.046571113694734073 -0.047675336488312431 8.7118814746324445e-05 3492.5944334957094 -769.42043335214407 0
-0.12598869785711012 0.028837908053338714 0.22169881496341776 3492.594420598874 -769.42065971134059 0.012460576697972126
0.033273757672929991 0.16599511706026424 -0.04423547823438316 -0.0069373475408855655 -0.065789183775538163 0.10047850857601393
0.056865940937559256 0.20590922686409147 0.07538035692319589 1.4335906852586981 -0.17581310234852146 -0.01144677350261452
-0.054680903825742595 -0.18875332004312567 0.55416690575588712 -1.1383361407538568 0.2894577871357864 -0.019462737277924726
-0.14843320662405796 -0.68512679684272759 0.035799631527981039 3619.9500730211771 -1021.7493753023175 996.11147415792482
-0.00017569975680590749 -0.02076328353485157 4.9868285379504327e-05 3595.9039996954434 -793.54836364855953 0
-0.097028695419224223 0.023874982699818515 0.48978857736334763 3595.8972010630173 -793.54268245749995 -0.033663998691846664
-0.12125595706079258 -0.54540873328762218 -0.012251549733220197 0.065284310915891014 0.28520139772348074 0.031150864523207054
-0.035211718275118285 -0.40658839374030042 -0.14764219049258143 -1.9190610586435808 -0.15927106764486693 -0.13147685705601964
-0.14256441068092646 0.1751808704311909 -0.37827930751491534 -0.856648208249434 0.088553049091807154 0.33691787783630384
0.0241017998968572 0.1446550449637114 -0.1006798848221071 3631.3035064445644 -1423.2648878509804 1508.059127189302
0.041130259376567377 -0.0058361882138838958 -7.8579838163969719e-06 3655.6940409302988 -805.30168762212384 0
-0.20457401062080707 0.045363041904338923 0.058003682066742314 3655.5387307204951 -805.29559730535209 0.14559202829895035
0.061936524585543065 0.31744899320380238 -0.10315871301621522 -0.028724121260699252 -0.23645238737993171 0.30355793072925641
0.00049372577450199182 -0.51490175501646274 -0.18718461615257148 -2.2731124332311583 -0.1431999203465221 -0.14667500033565409
-0.092851885383895522 0.13408044249119866 -0.29679938724204474 2.0408227116520239 -0.4963036804185415 -0.030482058491905273
-0.044950457809699695 -0.15180728430556012 -0.15017331510916332 3639.8506339012711 -1729.8894724461954 1783.7833343060727
0.01336580560517008 -0.026454762529351826 5.8093253817400319e-05 3704.6618531416266 -812.99636723438198 0
-0.16094037026543506 0.035197153686418452 -0.023810962297416811 3704.4640461930412 -812.99097805767565 0.2404879893149684
-0.040700401249971624 -0.19577186580884479 0.028290159382665582 -0.092194374828568237 -0.6347794951592044 0.60296954775623079
0.59896865489061035 -2.1015607519772881 -0.74903275455630713 2.2633837846427336 0.092062719224744058 0.13318303896911549
-0.34325477357283868 -0.14907690596461276 0.61725186793972753 0.0024398352987568595 0.079723778724674413 -0.21150012326078907
-0.0017542813096038954 -0.014397177037359691 0.016987435001293086 3649.1260956979027 -994.54671944143263 156.6816517444262
-0.042717734511998999 0.0078360860929068115 3.3821035935133401e-06 3678.7206312995381 -793.57977804307677 0
-0.023853342470612673 0.0048083171296988605 -0.065722668239382498 3678.6959613483491 -793.57521019757417 0.002310225403697976
0.0089933574797014023 0.038063911577539855 0.0096841190831270536 -0.085174257838749518 -0.2997659156663513 -0.25613335749295552
-0.025415979741485347 -0.35891977072649484 -0.13627196815164402 1.7366324906217603 -0.059755293752082952 0.054692993121620605
-0.054687509177116074 0.075503222342164972 -0.16000470759576838 0.16506051853971979 -0.13201460681692223 0.23551926790980282
-0.17829781715836804 -0.83563935323488658 0.013593107927143099 3689.1011485100835 -997.52409727995098 163.61340455490927
0.009414340757832089 0.035627125646173458 -9.3324138912501744e-05 3718.4925035360816 -797.35496885822147 0
-0.13519446450096237 0.027999591491760061 -0.19090446372865885 3718.4759933981568 -797.34993616668112 -0.12363191002400935
-0.16793626475678122 -0.78706844748563287 0.012779946326811524 -0.057225518410043918 -0.24363028225273206 -0.060605874834572651
0.012026720432237048 -0.28158244530706217 -0.10745370704101953 -1.834612981831371 0.069219254569100622 -0.057167992620233234
-0.13606966581567984 0.095181635148424995 -0.15604054714197829 1.2685183955058201 -0.19701307323977146 -0.29378027182202454
0.015143245349640155 0.056386488349383576 0.037588901542819346 3739.0869189011023 -995.09224246307622 148.55952540886565
0.031849341799023032 0.032898767406667577 -9.9703561400912659e-05 3767.929739196637 -803.6146568272369 0
-0.050223765220279791 0.011211649096292305 0.095198851626995484 3767.8901842897135 -803.60728635138798 0.11159807985196681
-0.027785069255304974 -0.13125995219371689 0.0029768852892618405 -0.025374741763407579 -0.10719130427328266 -0.03010062526809772
0.046086875958687809 -0.33850162574443943 -0.13026409673930445 -0.57629680405650152 -0.14984514152653558 -0.085416115708287096
-0.014049747123428297 0.17819213544355883 -0.43395502308091322 1.5928598785001051 -0.33636569308124514 -0.14085968759056333
0.0632158633928534 0.26662033912248762 0.078255773157545908 3796.8126332299503 -987.81212868891851 144.71733643573009
0.035869794386211094 0.045280862639568986 -0.0001347361469566884 3820.9741797106649 -810.89203659079112 0
0.045788796310612438 -0.007579173385067705 0.40160626737482241 3820.9595079129526 -810.89195944944152 -0.26187373015282378
-0.078322019996627107 -0.38184568281601372 0.03368200757134307 -0.050173836204348364 -0.13785438596558028 -0.24916544627875872
-0.056583058975024823 -0.25617698169984077 -0.10459876876150224 -1.9030147711604215 -0.039334527763497586 -0.1057046149593092
-0.15270796310275109 0.025021583996253195 0.030938284617941032 1.3616561156860687 -0.31340913824165029 -0.05537763776542759
-0.084134408005275413 -0.42405695441032726 0.066203159170879891 3856.7802471304331 -986.51770503269347 143.22269839071532
0.0087526134038950088 0.038909404470556325 -0.00010545572022982261 3880.8768459230714 -820.37426099664333 0
-0.0069754376679129829 0.0035031509978523975 0.37526716429509643 3880.9262971893349 -820.3813129627348 0.1685141802167624
-0.0026277518628223129 -0.011200117907314087 -0.0030198824102280748 0.017957972726140001 0.061157534390221369 0.058921641423005058
-0.075934009491544843 0.35609695335627217 0.13839316103493721 -2.4350172532938936 0.12463160307392504 -0.070093810079495569
0.049565261628649486 -0.093117788771605939 0.19668691233608457 2.0847270255620698 -0.42481970683370818 -0.21740510735305496
0.071391147150868375 0.31569995285450919 0.055542617575357292 3922.267067965573 -994.98924863171396 144.23545279703853
-0.044327521058334103 0.014330175815542461 -1.3138520888980739e-05 3947.2487045877233 -831.47095574617049 0
0.069939939325899189 -0.012910829824606607 0.33143411430412673 3947.2266546258998 -831.46809033964394 0.021920546000785815
-0.072865232128170213 -0.35513866029276797 0.023774464789931383 0.053514295642968925 0.17227828258753414 0.19896404876772367
-0.033106418093865463 0.56166508484581501 0.22309316974240775 0.75957675589084817 -0.12626762361204347 -0.011687335772213049
-0.073250469375215482 0.0026933717857595069 0.037228353630913952 -0.72834184209265784 0.18440222859930167 -0.011643729683539775
0.04721169517915768 0.24625686502431621 -0.052173452194447155 3992.8564133249929 -1000.8460223198221 146.20789456031974
-0.011178151149740287 0.022867643922388683 -5.4912015801612221e-05 4013.8797938950347 -842.73766815164151 0
0.055909723023212898 -0.0093955759166161838 0.41929624478441668 4013.8744533507825 -842.73343355922907 -0.082077503236996627
0.044383221249983507 0.23868315421699121 -0.066286727525102784 0.0080055588230208714 0.11900283865208448 -0.19432115244850484
-0.035841900933048218 0.36734187967743426 0.14553031912984371 1.1995494545532157 -0.11774911849050716 0.01640600557137669
-0.052293401426486773 -0.30738070499404113 0.77279275282149451 -2.1479569146355035 0.43148435129724372 0.23676925622905387
-0.1556902653210461 -0.73979492753050158 -0.0063129926296369345 4065.3153751495797 -1020.8203021065794 148.15685593914674
-0.0090627880549231446 -0.0067413821740254483 2.3541784186517199e-05 4087.6608465087352 -855.81348751485234 0
-0.048378297073295627 0.011213486127152734 0.19066770392597981 4087.6385538677682 -855.80969594289775 0.12459233587206234
-0.031273287197417753 -0.13786510459547763 -0.02661991605847706 -0.016133276632397758 -0.01380766963098423 -0.14906772389617967
-0.053730946933796472 -0.1301035884774836 -0.055325787234139709 0.092157679947739685 0.072392996523991324 0.034209234253240357
-0.0033852902034727031 0.078930909548462269 -0.187688528382284 1.6934333754473618 -0.42472588238494197 0.016945442570269316
0.18890384142412087 0.88516198618964437 0.042130950120910532 4142.7103931565316 -1020.2802548161122 145.7632603645902
-0.019442615622206408 -0.0047839794512159846 2.4526216830526196e-05 4160.1020134135151 -868.57292522846683 0
0.056755002197135689 -0.0108131656754967 0.17906267855359886 4160.0649620343402 -868.56601941410941 0.11075752030472855
0.17431150422834635 0.83513711477729347 -0.003754738733614627 -0.019505657688314061 0.015441188714240037 -0.25254274281697631
0.005321734783304782 0.43784125787825046 0.17711601522523535 -0.85333735467182392 0.078614822122452022 -0.016947763223636701
0.095880265052102842 -0.19439323139587852 0.40854712583631331 0.42761751742629056 -0.082842225377696602 -0.054250661608606768
-0.17018565369979557 -0.80742088552631841 -0.020405444459872701 4206.8742585742266 -1059.2246002495399 164.62161418574954
-0.02611455856164711 -0.017692419753437987 6.519118227142806e-05 4228.1464994301014 -879.9774892711863 0
-0.028808983737800119 0.0060916660143915903 0.016289850060812808 4228.1092237274579 -879.97340605253453 -0.11093333602040702
-0.17133640029294683 -0.85081387740259495 0.066079130896372129 -0.016079642345886835 -0.082870212951592678 0.013103911067647665
-0.0056168249258759647 0.050728344309488867 0.02022439263222477 1.1396799364268553 0.049276921037030186 0.087335057302124902
0.029415287905737841 0.035608304460160417 -0.10211155407822672 -0.81900121701012107 0.11754686006560058 0.2014676043068761
-0.1533513380854177 -0.72690071815315238 -0.02433170531105357 4270.0078610873888 -1144.8247965424173 236.29834969035267
0.035091124508255314 0.020954763182125306 -8.0962590260457104e-05 4300.788042329672 -892.57254209738574 0
-0.11574159524862593 0.026880623990453809 0.47813655362216972 4300.7683016959927 -892.56915319539962 0.0053831245765209763
-0.019319553720288193 -0.09209109083598771 -0.0019092280931846531 0.066703011783171576 0.23931918405843272 0.18330595606417174
0.018949335764850764 -0.75347255306933614 -0.30506735126839984 -2.2481981615633506 0.25434604329178934 -0.032770904859337702
0.032776274461793611 0.28014849109072387 -0.68408092503058016 -0.14899511631637005 0.028557042140182794 0.019512459812996721
0.07016709664100293 0.36938300284352632 -0.067464856888109687 4340.9416769639447 -1162.1288044734963 249.93398932477197
0.0070528186914540405 0.042243962163611481 -0.00012727558722439093 4368.4993997539414 -903.15875878695942 0
-0.0073435049189644027 -0.0011092620602349181 -0.43259950800276248 4368.506089455188 -903.1620872714135 -0.11601678317305676
0.083360947684419331 0.4118675491784477 -0.020583626084993041 -0.037458066677372115 -0.16964844058700482 -0.024812559785093405
-0.0037024884935011608 0.0010834139501069739 0.00021355402747455732 -2.1490522677671526 0.16036963978758767 -0.066919280502313952
-0.024305889024846448 0.30503555636380814 -0.7075961155881445 1.2023535799356588 -0.24182046239090782 -0.12970271748176659
0.05228488582717257 0.25023416224383832 0.0071356190512496002 4406.4472379239196 -1114.3429668197914 184.66821398047389
-0.01137472759217764 -0.033892571480217834 0.00010705008570211454 4431.5776772856225 -912.27174572634578 0
0.036811935936402293 -0.0087095110228494563 -0.18371052538954105 4431.5633858213168 -912.26940589384685 -0.1947967917662056
0.048757966301195145 0.24156879455469174 -0.01115908663158772 0.012668124873680743 0.04555292821493731 0.034422952087084666
0.012753473717318612 0.18581043347684484 0.076696900645456853 -0.41530675336012352 0.17050817323119516 0.043723964696894567
-0.036940599385755876 0.11241406206484866 -0.2437191458629871 -0.080832082841832242 0.031119506654537988 -0.026401440185377028
-0.077452307132638482 -0.37223345012840364 -0.010742543259985375 4473.8230422169936 -1084.3020680240288 149.58519926530832
-0.029846527491834699 0.046473833132261312 -0.00012088883266798344 4493.0378095952565 -920.58590444754236 0
0.014466099241192652 -0.0017594676238484651 0.19295916034135788 4493.0551124664898 -920.58961659814622 -0.24171970871209575
-0.026339248775263689 -0.14076701265553945 0.026529077336241689 -0.080766940695447431 -0.2760584259574429 -0.24979604179805884
0.02910610681565692 0.26497664151651878 0.11037024599051395 1.0934825983196248 -0.13118129983840501 0.015482108305646895
0.032685048091379038 -0.074374056278637551 0.15599498729385888 -0.47085473906910807 0.058019932586468904 0.13630501544775855
0.008605269553447193 0.065424964765497112 -0.048619856433054748 4527.3866082302093 -1132.7303915763493 202.33032772476346
-0.030742203735345707 -0.020201319481910753 8.0235698646334016e-05 4546.88113572986 -927.0634052543096 0
-0.016575192677632328 0.002551549359367372 -0.13111838716338389 4546.8731660053818 -927.06119792695972 -0.055777423146489841
0.073824646889379494 0.39312296409952863 -0.066226338288467024 0.01565356608549744 0.091894058155024425 -0.031856818833311498
-0.038242210659015285 -0.44577043541115696 -0.18553264889931004 -0.64286165379188109 0.16095277130367824 0.024884946751455174
-0.11020593362130301 0.029839376764357207 -0.0063889821801106526 0.48601963757427186 -0.10120013386881947 -0.043092318933528891
-0.015529634513251038 -0.088357175775967869 0.024368203638534501 4570.0287230647991 -1148.8839798768963 208.65227070938386
-0.017060961203625064 0.024500592015212767 -6.4459690292360003e-05 4595.24057909761 -931.77972721761205 0
-0.034479302544076627 0.0096278045711285648 0.41329589212490575 4595.2168053662645 -931.77552176081963 0.082678514968866954
-0.055234280881286825 -0.25769137358268129 -0.028954882229607157 -0.010814177102832737 0.018398654683013139 -0.14639972683814359
0.030953962963512691 -0.43378942856223007 -0.17667995858311597 0.30479573171560997 -0.11947455962709547 -0.029410074319263832
-0.10063127898680704 0.38527748991686789 -0.84261713890478074 2.0132229078240651 -0.56641849369590824 0.16769353923580924
0.0830508907769201 0.45114852974997688 -0.080744196559244988 4621.3830831613022 -1143.8643762585141 203.45663087470081
-0.024974040874632845 -0.038305522143236098 0.00013420455038159915 4644.4411478786169 -936.89626306595869 0
0.14975768326045447 -0.030685848873112102 -0.073884260554389361 4644.4448580756007 -936.89478313701727 0.041503401588835281
-0.019430176029090314 -0.060190126234886322 -0.072008049042088781 0.045245551811542578 0.17502099568551685 0.097818036908648376
-0.026643245626610138 -0.37205122973022686 -0.15555452087611846 0.84760542801626504 0.16282979862390287 0.12314770859479909
-0.0048226992351391882 -0.18857487721424648 0.44175803809112513 -0.92663265575197296 0.11100889784912008 0.27109651384390465
-0.082030759709880177 -0.42022773346811876 0.023817563247389824 4670.4699450953822 -1147.94337354048 207.36840184863922
-0.027616720758325358 -0.034269433029916446 0.00012450161455056897 4691.2156321003349 -940.95810091075077 0
-0.047701609645067491 0.010681563331900391 0.1711482981072035 4691.1986201160307 -940.95748520724783 -0.04068657337693344
0.031362126637607249 0.11581994008623991 0.078959027092616735 0.0014902479693153095 -0.060926894590987435 0.13421369795155333
0.026616636300838194 -0.55321965526350803 -0.22832348666931954 -0.79475747239315353 0.076655374098939341 -0.021306252476270292
0.047999693033327448 0.33155023546795026 -0.79408400434767223 1.6273295323100527 -0.33862834099819089 -0.1399035275130992
-0.13149835402700108 -0.60890786094569771 -0.088122576755089443 4959.4799448167169 -998.40336821896756 1754.3471794619231
-0.038356143374422391 0.017039031545911319 -2.9749578563748847e-05 4785.2756550146059 -962.35802252075212 0
0.023893744112072821 -0.0046457067000863807 0.024018259713921554 4785.3674095876568 -962.36111457371669 0.10432230617046079
-0.15302791853254633 -0.81835382875394536 0.11096663235605823 -0.090939043134544331 -0.36298052481062132 -0.17400328848236665
0.02840486693902022 -0.22440436803782815 -0.092054252280389368 0.30030151160536345 -0.97351984436347594 -0.3872817336607825
-0.098210215490728503 0.070450203592833938 -0.1062616196313844 1.3056155960130937 -0.39865804950002037 0.17781626550614144
0.12552485423878754 0.63096554531063109 0.0029622670400517434 4761.1091937920137 -1091.4584240342729 138.95758524227693
0.0051413921543103265 -0.037555140583736248 0.00011626530570989067 4773.1238157214329 -944.94038542445526 0
0.06545252152150409 -0.014185577940828279 -0.18565314080092693 4773.1187925505837 -944.94094826366086 -0.01798961255774836
0.027933433293434104 0.12923880931592088 0.021686408582956385 0.029208187965143077 0.012251377901490309 0.25396478449355531
0.0060617625384624821 0.16397821523138137 0.069837193698230327 1.1866608295208394 0.17291402593461705 0.15562218513892634
-0.12660756778490823 0.13058168985220281 -0.22614360443255568 -1.3418077708976643 0.40422375450665116 -0.1718046300080906
0.025062198307134589 0.13824284915778359 -0.020583605166690798 4788.8668410150731 -1144.8064885937381 202.90651315483515
0.022208534844555317 -0.046796278026469504 0.000135970107111052 4807.2302207210969 -945.87110296463652 0
0.049954932069075565 -0.010861482688618267 -0.1550600713321692 4807.2583259321154 -945.87331743763946 0.04889254586514738
-0.017235108077602309 -0.11681646995288406 0.054239958695859083 -0.0071389062778548194 -0.16176315595895568 0.23143901900148378
0.015098148244727778 0.31039951419024064 0.1336159686863011 1.5205662311988317 -0.10115636172573388 0.064247537559251833
0.10918293855478568 0.030036515471205696 -0.12774705280202875 0.84056307930042595 -0.17237247043736478 -0.075101422331028914
-0.0010584674655778142 0.027292886818107997 -0.05896351447364942 4822.4696386515598 -1112.2169828213177 176.79012340460156
-0.03576870988300531 -0.012403547457210094 6.2505895133614704e-05 4834.5602594322309 -944.75434656403775 0
0.057832520472077278 -0.011994196199771054 -0.10351125194648664 4834.5873144417919 -944.76018440462212 0.092808034027296427
-0.091609466160900266 -0.45687844172440145 -0.019393159508618106 0.026162720081354968 0.14482581271117476 -0.020332979409403519
0.05518887779878013 -0.24943485903283982 -0.10347418635654551 1.521003038671418 -0.22192835151651547 0.013521688223603142
-0.027902216125056525 0.13742189335696156 -0.29134702386954509 -1.4829352277147942 0.26760438709312101 0.21218570632253994
-0.14302372988983883 -0.71869484962937968 -0.02848943767431766 4841.4048956130309 -1124.2698580051665 194.51383020644727
0.004985068755467106 0.013881974395403389 -4.8090349822385559e-05 4857.6456117636608 -943.09716191142672 0
-0.069807975861061744 0.015165367241971778 0.23989311092152055 4857.6217634530831 -943.09451590009826 -0.10904244276093687
-0.11694971667980585 -0.57745450643760221 -0.041338391788356882 0.024711129432714755 0.05662818359149243 0.1241888030170949
-0.022375824098221166 0.17837956374537875 0.075860200678163486 -1.6712737807006794 -0.00059744191777022124 -0.12170792888905502
-0.052155170062498389 0.16873277422654587 -0.34497561415770539 1.4045787446332632 -0.23500751998831076 -0.239693149009095
0.021134562352082626 0.082989345266199083 0.045471167810884318 4863.0870812863159 -1096.9008375188823 184.69341318157043
-0.036059990813627402 3.0650906360068859e-05 2.2499020001216086e-05 4873.9501472682196 -940.03743578548779 0
0.1195846420946059 -0.020158892629221863 0.43102008922018975 4873.9840742813576 -940.04123707954545 -0.11020884087160102
0.038800334688124952 0.19323388350282816 0.012824129065556441 0.10711726854177619 0.33771808006373444 0.37375869194934064
0.049648104951634998 -0.15128338179826192 -0.062611946148246334 -1.5242721094090144 -0.067685796166490814 -0.14168459387592527
0.097402722177210868 0.29163158809398176 -0.69180857202339274 0.054515763307587839 -0.010483450157123092 -0.0062265113160005882
0.037102957803149886 0.13882443135386602 0.091808084291678374 4874.6846501105556 -1121.044640371259 242.65689106643669
0.042661089720238188 -0.0081046661485689973 -2.3440673354162275e-07 4882.0852802389209 -935.73032589098796 0
-0.07061095459496107 0.015291245783600069 0.26042541549147596 4882.113208399498 -935.73518504962124 -0.097021984657267343
0.11157122004149919 0.57736975074116381 0.005512345782711368 -0.043550940714567554 -0.33390862646900743 0.18148267397211904
0.0089680359182698656 -0.041135353854452529 -0.017499852239336987 1.6087449744801503 -0.0011932126977249186 0.11888854279036815
-0.0520969491580211 -0.18408126928115109 0.42809152772158748 0.14243557114598127 0.064996029546588244 -0.21708439802220184
-0.0012105924920468168 0.018463486460185578 -0.041101222843684844 4884.8648463352638 -1107.5472525441544 237.97091183586539
0.017160992053296679 0.039605481402703813 -0.00013972815506713243 4888.5099454312303 -931.13963705839535 0
-0.044277715216803223 0.0095071098709840155 0.15889777209480127 4888.4847714786292 -931.13549923982896 0.1798053312439378
-0.0048964063656456083 -0.025499030345309863 -0.00023163904098164013 -0.11028715986140268 -0.36533733864632473 -0.35156946155104657
-0.038282466803877188 0.09296939741739875 0.038522976395842588 1.7525964694468872 -0.082024595528154054 0.094856878999675792
-0.088872479535899371 -0.27587953656744052 0.64200121593776693 -0.99221370419746935 0.17804488152969419 0.13903594494108409
0.010713721571701326 0.024710880310320409 0.051516738138731206 4889.4785020586041 -1075.9614434862212 233.09676547081332
-0.0033717155092283513 -0.023665817372033535 7.9287671176241648e-05 4893.4749937425031 -926.16737734446031 0
-0.055053405234030434 0.0081153452841503521 -0.34096085271087501 4893.5015283648645 -926.17172497145714 0.080014411877268737
-0.0095777606056635795 -0.05026821857696228 -0.00032489294580260189 0.036773767935444041 0.16578165509069825 0.045428013667753543
-0.014351025304364141 -0.35444675173623108 -0.16018625041106987 -1.2757873687021279 0.002516531728396932 -0.095499686375248541
-0.037833086076494792 0.085796448844589673 -0.1637831502181944 0.59921498222381453 -0.19135057868136757 0.09603327665837498
0.11817180788770316 0.60432506197261637 0.035272189156013947 4893.2003087901876 -1064.0479742070916 224.82600061112112
-0.022735783692207457 0.0098545258626740514 -1.8208611648346134e-05 4896.4998733843368 -921.01173604599342 0
0.035040279480826109 -0.0088330263420655537 -0.33168334125920207 4896.5277629908787 -921.01434453765819 0.082428412359231332
-0.018420097330060354 -0.12119794294545573 0.037424384473765879 0.076761774927441739 0.16572134821518117 0.38353685550456901
0.042447305026506975 -0.42189922229341831 -0.18769821932961792 -0.12735848510885892 -0.034831026714298184 -0.025507220052090905
-0.10750724008396495 0.37683998282789566 -0.74380685675897396 0.19744085504794193 -0.017985324530110359 -0.064281948553208096
-0.087425988220379849 -0.46309513406080577 -0.0050576376894236382 4898.4861674424701 -1056.5989093145042 228.61489166570706
-0.047359073067631603 -0.0052396793949625164 4.6031595981068174e-05 4899.3659964695362 -915.89460182266259 0
0.0094295269846974891 0.00033685427334407885 0.31055530110515672 4899.3472460112544 -915.89177815232074 0.1306432410395045
-0.051472357818422028 -0.31672550747355649 0.065701396026782377 0.014281190323480216 0.0032327486943347487 0.11366090988873014
0.0019891963507700982 -0.19943226927667776 -0.09085764774023164 0.15263349253879241 0.13030769655129554 0.07127842091572538
0.05240713772469742 0.17641465946543863 -0.39815330193069842 1.9569862210572844 -0.4950313309309719 0.034174211392069602
-0.080037869591543839 -0.44279480687708672 0.020168481649521178 4905.9598228490795 -1039.7420953134658 236.63008992154005
0.043788796485229667 0.031220912374252008 -0.00012852543772140764 4898.5528848539179 -910.04505080638262 0
-0.070050122959737504 0.012534884257088619 -0.070878580961691362 4898.5606920015525 -910.04687100212698 0.057530812631584424
-0.060842580310392559 -0.32209868138458281 -0.0068099261775403314 0.022026899268991439 0.20740441842473226 -0.13616141771731785
0.010078125940780922 -0.53686096723070109 -0.24625052116056753 -1.6139919126484501 -0.12115087654292296 -0.18232101540588511
-0.069149527751674808 -0.10173809184657968 0.24755377154298014 -0.2408306562085907 -0.0051433085629372533 0.13372278631548479
0.016270163789756324 0.10802386203888466 -0.030188875377239827 4909.0153142633471 -1083.1460904454132 357.39026451811566
0.028512750210147302 0.047125641924552077 -0.00017103248663298778 4896.7105903634274 -904.39183241090177 0
-0.020536230275672886 0.0032530200520701977 -0.079963075955762131 4896.7479952743752 -904.39813936998212 0.13691123851896372
0.053903685374028613 0.2900444233450703 0.0015251964854406713 -0.028283975974388115 -0.11156719323554189 -0.061601703644708614
0.0045182428571538822 -0.50248559265492709 -0.23281308234402892 -1.443758841130335 -0.074122313219761995 -0.14929640821450657
-0.044285653496707753 0.093567941979142893 -0.17106593466703607 1.2710957496924673 -0.25725865006708853 -0.1120748299551166
-0.060421052546120659 -0.31162987248525137 -0.024672681038511578 4901.0527991816462 -1027.6825866018837 244.0063987597664
0.029647068816061127 0.012229823132785499 -5.7658745380956748e-05 4895.3500428545331 -897.84221070761407 0
-0.06365845584306952 0.014991790121073743 0.49154834236677442 4895.3688266661829 -897.84518051795123 -0.08239179903501366
0.021465346946878978 0.10118695442632004 0.022732563375700763 0.065218762469217026 0.16199053826283955 0.28238523674620469
-0.033403351830178563 0.60375913678364646 0.27983275878275254 -1.3041395747764177 0.28692989067858288 0.028714907672798395
0.065657872204594458 0.06793272722691876 -0.17225793593947628 -0.65420448954013144 0.14379046264852663 0.033993789766711885
-0.0018337698850535789 -0.021722866214609997 0.016793701233280493 4907.8813916921526 -1012.2589116482867 260.99301643374037
0.02465174527783565 0.041106766607792208 -0.00014880043864670412 4894.9766090052826 -891.73349911902687 0
-0.021133334672718138 0.00093387733810189094 -0.43243640063347533 4894.967612659646 -891.73584788933579 -0.012019370306264959
0.11383178704089641 0.62707973964022989 -0.0059133875826987842 0.013785636954774496 0.12008757976037368 -0.064149079200267925
0.00085578513152103361 -0.20311399483866133 -0.095780415719330519 -0.35236057841908369 -0.020045520490462487 -0.038506777530464227
0.023648608984051498 -0.45584594986159255 0.91448104876332292 -2.2412197656349022 0.46658594670855735 0.16906561699477185
0.044958287995246191 0.28751994041887002 -0.055739761466174396 4909.6001328022921 -1020.689074965301 295.59159250748991
0.045066026228375244 0.0028743298518943798 -3.595325970713246e-05 4892.5306701527497 -884.6320062886424 0
0.056579899003825235 -0.0094372462938131108 0.11773273271576834 4892.5384579285555 -884.63475595810132 5.713647249988138e-05
0.064488052087639691 0.40821297518060451 -0.074038227929818429 -0.10912308174934698 -0.43531293222714967 -0.23403097613571697
-0.0084295915719825726 -0.4452417536853116 -0.21260022106571738 -0.11189754837202344 -0.077651542907169649 -0.046350599179952934
0.042198283337237699 -0.29546466137549116 0.57423205625499296 1.5148727723574131 -0.21528068349395016 -0.31506996204639737
0.11293288284942028 0.61740867945283895 0.013975518361587903 4910.8770305757089 -994.97030990949236 290.27724170597185
-0.045604054878434469 0.033178718259915689 -8.1566350356229839e-05 4894.4422011959623 -878.04586930811774 0
0.17239352730329621 -0.030163373010870572 0.11334862493309671 4894.3884497200979 -878.03833521779768 0.08326477557766733
0.03832257994815598 0.18377344035646434 0.040182131657356346 0.0074970623595929644 0.11553447505557897 -0.10172132349282874
-0.0093066995698816019 0.16885387493073598 0.080241608382272844 0.031533995554659931 0.25374120847836079 0.12447790744033703
0.079059211833074627 0.0093874551983666073 -0.057472874404721985 0.023362409616533613 -0.019564669605302287 0.027609940364665346
0.022574845149625013 0.16123783911904277 -0.046766381863364251 4914.2016845834287 -997.88886666192718 302.97756628967164
-0.026831230728348119 0.0064738785673826354 -5.5558654823913178e-06 4898.0412477291002 -871.20679854769048 0
0.0089430697612239637 -0.0032839625822571415 -0.25132276297813227 4898.0545252166648 -871.20829939206601 -0.1034585832326038
0.10205312172443499 0.57875781728871101 -0.0091770602785638741 -0.016240227076425955 -0.021785474967556985 -0.093251784900807128
-0.046925988989218688 0.38024719752009334 0.17992923817061821 -1.0802708718564702 0.21305263099264968 0.0087365225074001653
0.14522975916239941 -0.17389896318597992 0.27356501861174215 0.33778351634860165 -0.17437212069028729 0.18101360465617136
0.078230994655420674 0.45937384485106103 -0.023530551825720739 4908.633488655727 -1043.516199033681 333.30959477302611
0.025373807271290693 0.011230521449766873 -5.125115144671672e-05 4893.1800612905581 -864.01463464404242 0
-0.038891525194840577 0.003411097880495294 -0.51372048188033459 4893.1847279309168 -864.01623672682229 0.081433001430777641
0.11407802555908733 0.72856545117487559 -0.11225278564079853 0.002735541015853766 -0.0046030739813529859 0.026618488474654062
-0.009777958893208755 0.16066497611105662 0.077229779539816509 -1.0664570386965266 0.1379875161289455 -0.027167083532580447
0.10033324267010718 0.027541295808589904 -0.10263653549465179 0.65743111961827083 -0.1643794472976837 0.0066990073913930238
-0.032017596150495937 -0.17460093930049347 -0.011431845359666286 4952.5918974117794 -1120.6699455570754 592.4595518624343
0.01433935414109953 -0.02018654312043433 5.8008389555194123e-05 4918.2313696053043 -855.68697033473131 0
0.057666808555051421 -0.011470650408407484 -0.21278396161242219 4918.1959133582677 -855.68176821309487 -0.036406313332869665
-0.019881885483468597 -0.10076687225707104 -0.016912249338309107 -0.015603126722857841 0.067486494983914264 -0.20117604745280479
0.036781186995241168 0.17128653568095237 0.08774350403499627 0.070911660153617648 -0.10502019386406464 -0.045249071290404883
0.11426426421954536 0.093216460313165606 -0.23526629911805508 -0.96870646056415111 0.073944276873167444 0.31641741956562602
0.082655566386854826 0.55010736731567778 -0.086093120852125282 4957.0504258006531 -1024.5050922416428 422.25407526522986
-0.046347726312294099 0.041147385400956589 -0.00010910316898003434 4928.4917608035576 -844.50124922243174 0
0.09653585882408823 -0.013654585962366631 0.42678912389605672 4928.4472060236085 -844.49415252639915 0.17699489545876174
0.076923133575304503 0.47778436275852476 -0.037663361913578296 0.0043970249369426435 0.076580049573123823 -0.063371587753687855
-0.021612138517380954 0.46055812774354199 0.22712916680607184 0.33260372198181021 -0.0810443601449755 -0.0090925672526087162
0.13911757757763851 -0.0690266022674699 0.067427308557510113 0.76528913701731627 -0.17485581441525325 -0.02268828660491835
0.056357756452290159 0.32031427834378673 0.01466608063183792 4955.6621278262191 -1010.4279754896088 361.85319939572088
0.035962406682998563 0.011998997674199331 -5.9495876901534742e-05 4937.5896670901893 -834.1265681693618 0
-0.048910665945049274 0.0085462622454861858 0.041879509279512686 4937.5994686801087 -834.12848054563301 0.030891971434560767
0.044056344870040995 0.22876458936769054 0.037601393340530108 0.023756546276701752 0.0049486467213687218 0.1633307261956484
-0.012399390032520295 -0.017666492745847154 -0.010044926454069902 1.601603280802727 -0.11227749949594767 0.09631946377391544
0.048775920869305184 -0.13215813237852 0.22919522295354083 -0.29515614070530227 0.0081037335471327455 0.12130375811686303
-0.0011813843966562911 0.0082093954057720943 -0.01793550219239878 4958.1051927939016 -973.4148578811504 307.47432335073756
0.023659039199416948 -0.045947137409546202 0.00013838746516549379 4940.5038464273284 -820.9111103181574 0
-0.026192407567104815 0.0070635850919439159 0.40055213138625145 4940.4742802087057 -820.90855735427397 -0.0026045344402271667
0.10513594679474358 0.65759679090997292 -0.031887924298622292 -0.0052574630332662487 -0.002165089094447706 -0.034432033227115737
0.017378312086025808 0.69349127386422282 0.35263877889691053 -0.69737366846914928 0.074278075958626497 -0.028409706105179653
0.21417539071770697 -0.23833015792632573 0.35252836745629851 -0.58306528641204791 0.010966161593367356 0.24599431280642045
-0.083369331076854541 -0.46976882884318144 -0.040918703834458066 5307.7582868240243 -576.27990405265996 1823.4721214923261
0.023565167272096836 0.0045440617121657659 -2.8125067239587869e-05 5005.1038380905347 -825.11027186384206 0
-0.21709370296967975 0.033815948045969116 -0.28842417109680774 5005.3676988432244 -825.25658348649836 -0.1080800924160828
-0.095011040595108467 -0.67672789817177126 0.11594411625225384 0.0070774560001468142 0.080932659490349459 -0.043740404295615952
0.067741149833803208 -0.059244439706606589 -0.023902784133614661 1.1470878307610939 -0.15787059820774152 0.027286902662244365
-0.021646313035694628 0.19357306804621111 -0.35282104221450883 -0.36836202124782547 0.039283523975842956 0.093090298342266092
-0.010198603569127076 -0.069527457478921625 0.0065523805413472899 4935.113706653844 -986.10012543141318 319.83525239972334
-0.026952782936227913 0.0057423049896017245 -4.7068933432743242e-06 4920.8430675111731 -786.43672540912348 0
-0.057045958054933316 0.010208923293668463 0.16228312263865438 4920.828723988715 -786.43520676683488 0.016630474676336736
0.060784686462723551 0.34554377051821061 0.036607985336521598 0.0029385609477478132 -0.059304396492742974 0.085302025998635206
-0.030724337292912438 0.045438271560322742 0.020639862849561489 -0.63592739496951112 0.04207152554707836 -0.03690087689424297
0.022191508206079361 0.30190746267198731 -0.5703613571931162 0.36695594564563488 -0.13990211119754284 0.09685795688449296
0.012579216343571252 0.13242430865639582 -0.056129886573846904 4930.5997457254753 -914.59939216305031 233.61363102336881
0.022281473247255996 -0.0042927681146979722 2.6153616657080142e-06 4918.878854057597 -771.60977404906362 0
0.044382568519024272 -0.0096646778989240012 -0.40216157008094722 4918.8675099544635 -771.6074043297433 -0.016040565434915183
-0.11033739786781072 -0.71655433016542269 0.017221453727440678 0.025904804242889632 0.0010286318711143041 0.17447812704039367
-0.025480013553974071 -0.57614505249889802 -0.30308063490733966 -0.9383282058841671 0.031670729755458607 -0.069026113184163448
-0.064821571566469768 0.21745389666203055 -0.37161112963011034 0.85079089898508409 -0.20247097563235378 0.00036480029482059489
0.038376707560222455 0.25811771764710106 -0.010271524449577837 4924.4542382438367 -884.58833144318191 247.55257507259276
0.022163263134580356 0.039468001313158016 -0.00014034951561479894 4909.5761363763977 -755.8432666167181 0
0.002100068107966997 -0.0034871991074502278 -0.47212639882173035 4909.5675461066376 -755.84103311221099 -0.0029862252730550255
0.01949199443322212 0.0672305658782162 0.060969301310394214 0.041266387204915947 -0.017994601993368775 0.29521887959549503
-0.074757478773740699 0.20778845393095904 0.10293220290104367 0.86526436068604973 0.2396088146397054 0.20428223295669939
-0.091280286323778645 -0.20659802643762717 0.41563750014284956 0.7289627216667296 -0.010077847498487438 -0.29570614769602277
0.035522999069416999 0.15307284232032384 0.081633769827675631 4896.8704078398277 -795.49170216056814 97.17195314844102
-0.008567057312829307 0.0037485558145200072 -8.0088388180927326e-06 4891.5647436109148 -738.07497584664236 0
0.083499716914910718 -0.013226680882030271 -0.094086357154723632 4891.5474869288082 -738.07325210772115 0.0012557081074794181
-0.022654547150986505 -0.25004950365979806 0.10111610373154839 -0.090693656315850649 -0.33951520374634842 -0.2599655945161401
-0.0096936160780225576 -0.2231513225239535 -0.11995091807361534 -0.59829234914209062 0.19701271744244031 0.05274094764845344
-0.10417649822810926 0.1922744502884213 -0.30264891135999711 1.0221057373022768 -0.2180751413948957 -0.04034417672993975
0.032475566629112558 0.15907192349539995 0.057968154180408571 4875.448148431793 -742.42722589595303 29.81672665102101
0.049491493613753705 0.0447840224812329 -0.00016932766377944242 4874.8184107048446 -720.85455890733817 0
-0.066055927537881851 0.0087575752307929126 -0.15211322712850489 4874.809050720437 -720.85429818569537 -0.016541397403485068
-0.0071762845590972613 -0.033718342497934456 -0.01420661363069547 -0.012821944646774629 -0.16437395402092791 0.076169157704781512
0.020739025998461114 0.03693614158094443 0.021688983157513279 1.4310508013635117 -0.2058475957240341 0.0094251345204687514
-0.012650017424178591 -0.10319554998082346 0.18969528265135971 -0.59434512867675138 0.1018633057940752 0.0663954770255923
0.07912031157608887 0.49192177114931829 0.048465060646513965 4878.6220518103455 -785.73496037102223 137.34290720015409
-0.040216246324923675 -0.041438844448822815 0.00015342035472321635 4868.531422899775 -705.75953191180031 0
0.020710022141972342 -0.0021894983085816435 0.12261714221855224 4868.5372654844605 -705.75885117530527 0.023287353450027869
0.02851596231688093 0.15716110204738737 0.036530469132404472 -0.039370018708423944 -0.085367684551868772 -0.17504982693889054
0.028104318570775888 -0.056154103564493324 -0.028350755132924139 -1.473728794641475 -0.0031978367422619025 -0.12212625923420864
-0.035146981718087507 0.065506055437277805 -0.10151626289706878 -0.3763262050208413 0.069767957064817268 0.031440439322486614
0.064326463011318988 0.39908098762223154 0.048303116139682939 4845.6887433659313 -701.93318816739725 16.354594493907893
0.015182902942698926 0.027631042540887048 -9.6227221647788406e-05 4846.6811656940381 -686.37976313021954 0
0.030869424551643078 -0.0040138710271227724 0.054278615817440971 4846.6997445728093 -686.38123356994038 -0.019032348210208237
0.0098538821171983357 0.10416207473159922 -0.032031332966155422 -0.053696426556960448 -0.31101171246549247 -0.060591868356071645
0.0056281252135913472 0.16025294312282082 0.08893584339141615 0.94588136134016687 -0.2110759500232362 -0.044013297899280539
-0.049667580112557445 0.017136237961850043 -0.0099403144260326853 0.86964362513625137 -0.11483630470815305 -0.15088090193486264
0.020003232800487197 0.097301833639157814 0.040792273750729448 4845.7260067900488 -683.04515789355969 9.5490884199522021
-0.024708339905980543 -0.017691882546085707 6.820873270744945e-05 4842.2650447261576 -673.61081331132004 0
-0.034483818269532909 0.0039866444947517527 -0.12313667611862944 4842.2956907276684 -673.61382605963149 0.00073979737714498965
0.0046771055469740979 0.0048241510598488052 0.025539346376286194 -0.061825641904576206 -0.12776498088078544 -0.28047658137460513
0.0095891588226648134 0.58773956169971153 0.32874461007941924 0.18827831840080861 -0.166934337736414 -0.079181680536293736
0.049006085899263412 0.2485778389973573 -0.45174570189097529 1.3894533334056249 -0.36329242201443651 0.075947606175084045
-0.042400409803903541 -0.35727792310284401 0.043491673966820583 5224.7954344414384 50.99447297392264 1424.4167890184692
0.014234925436963542 0.03031475295803257 -0.00010543299830034131 4900.3605737551215 -674.07327572863483 0
-0.39561882340865917 0.05392096848476928 -0.07689272360122551 4901.3136216806333 -674.37059975952775 -0.30259385239280567
-0.074350143619507397 -0.58396794077368475 0.039094355608734428 0.051992925432973562 0.030092713833087655 0.30327627400201707
0.069120380430989545 0.030174074988447906 0.022113062564890689 -1.0697808769662394 -0.005252274760434301 -0.081975612533883135
0.043871877543893718 0.34876349908190585 -0.61803062310297796 0.015890887066247202 -0.053996093100281937 0.086719290385813622
0.0281018241727744 0.29652875176067089 -0.073623752845465462 4821.7959431985164 -799.67411127834634 278.57212251068341
-0.028389791515160454 -0.0044278025984778443 2.6297057111580651e-05 4796.2009204683172 -641.38504691295282 0
0.051864097560920586 -0.0070371330281672889 -0.015585688503859971 4796.161414095538 -641.38094417569891 -0.0093025225567307229
-0.040775923192120887 -0.2418852388214815 -0.051759531298366163 -0.093563946866365738 -0.15471828429541751 -0.45576772203896898
0.011136115113800233 0.041342719275003957 0.024345696404122211 -0.58289332714383069 -0.012391986324473846 -0.048115602023751904
-0.057382405880300434 0.29392354778135465 -0.47928749276760441 1.6650944727452013 -0.3372495342020177 -0.072248086250857116
0.02513486778962222 0.26759066256941633 -0.063151097403965628 4797.2161004963564 -698.88741305335441 97.273234148411134
-0.036499019268424006 -0.025584401276554734 9.7073283524146391e-05 4794.3714559785603 -628.73114032330136 0
0.018058206719135609 -0.001842811378075586 0.080787219951104633 4794.3987648378406 -628.73233269033585 0.013692822647614898
0.020134220507429901 0.19589089974433868 -0.035448748349597728 0.098911716492629975 0.2449466891687021 0.41409495680623043
-0.050146669556593339 0.5549291617186608 0.31670414769536687 0.53567287228278015 0.02373422082401061 0.049396452091359545
-0.039374724289281224 -0.48292291299019924 0.83102764296634857 -2.5636088664743051 0.43312733238738615 0.25181746795591375
0.0052927723334304745 0.029938088326074058 0.0086869473658917132 4806.8495860535249 -628.26020372969992 114.74208366813299
-0.0012907581784563386 -0.005175617267831425 1.7060977666902418e-05 4790.4294995504933 -618.13844682816921 0
-0.015084082984971369 0.0019569919616445838 0.0016329213576294402 4790.4692705691614 -618.1423328040421 0.031529645189687053
0.0042513777586296216 -0.0094008253151024197 0.03377517149534353 0.023573483363998927 0.020093002836347205 0.12942066117521236
0.029978685061742318 -0.040263112893756302 -0.021624370739583579 -1.7325370657596852 0.013747624075920416 -0.10065791551751663
0.15162668364045995 -0.17032368165053438 0.22735078813082604 1.1093544488309186 -0.27112060021021889 0.032901633077930523
0.044321732942420221 0.40135768047506082 -0.041672202830223715 4782.5671047975511 -662.09178418836893 79.155369297109814
0.037561338627303223 0.010621130874957781 -4.8988178772817797e-05 4778.7776300608493 -605.03355829938721 0
0.0094885586989566055 -0.0020490858017292455 -0.1309488033700642 4778.7414195675201 -605.03033449242639 -0.0013158483786055381
-0.042414344439137254 -0.22485162202990044 -0.084402664767442487 0.0052018511197281158 -0.063640150397801479 0.081545962064240016
-0.02446999020167278 0.14980162684605855 0.087328018769084373 1.6898101181137339 0.034078246159385102 0.11452892210530156
0.012256779865955717 -0.40340858168021504 0.66253926821384856 0.11231434802142196 -0.10210853059146509 0.12687099653314232
-0.034200802386660144 -0.35724107861971877 0.063885461121175588 4776.276933663763 -666.53752335973695 127.01423503120486
-0.019423629887209012 0.0018573067197549464 1.7739326213889547e-06 4765.4595513427703 -592.66912367166788 0
0.015981897161607698 -0.00075945719590882145 0.1903463149864475 4765.4552252723252 -592.66959425350558 -0.095338658242049262
-0.025793494871827877 -0.23233107858240926 0.019935379794465569 -0.022807621960403174 -0.22800733477528104 0.034815415396687172
-0.026112057830434025 -0.084321929705621454 -0.051888831354040883 -2.4680467670839956 0.23284807532817917 0.016551972776319989
0.083634385843945405 0.062050138304255632 -0.13239082964000412 1.7864978990211999 -0.3050384635313913 -0.16015926254958948
-0.016821134346012449 -0.16832525810914806 0.02379676668240362 4785.1768075764676 -605.60062830054414 162.61613100030752
0.031318648009421864 -0.041822010925080019 0.00012050762160862429 4758.9536056423613 -583.31048280474033 0
-0.078393199500373809 0.0077685544594159233 -0.2857209669244844 4758.9156746412509 -583.30810084885684 0.068057087287539036
-0.052021978448345531 -0.41440133951691577 -0.0055654543389132682 -0.098275166169061762 -0.28666603104568827 -0.3804667244541366
0.059190457294107351 0.12629902094768253 0.079128298432211919 1.082195933175089 -0.067674712569709028 0.0066689800772674005
-0.039113455294227786 -0.060358818866685621 0.11232022835177287 0.41287165533117515 -0.085635851286728765 -0.011896982453155533
