840
-1.036 -6.7169999999999996 0.17100000000000001 -1.036 -6.7169999999999996 0.17100000000000001 -0.88028300000000004 -6.7964700000000002 0.166238 -1.04244 -6.7718100000000003 0.16644800000000001 -1.036 -6.7169999999999996 0.17100000000000001 0.98891084688426789 -0.14851039328828219 0 9.8623835676959389e-05 0.00063127722836317296 -0.00093180833707965207 0.99999936174760773 9.96731360562051e-05 0.00063111922830388651 -0.00093180733707614498 0.99999936174423232 0 0 0 0 0 0 10000 3000000 0 -0 0 0 0 1
-4.4314999999999998 -7.2204999999999995 -24.9345 -4.4314999999999998 -7.2204999999999995 -24.9345 -4.4314999999999998 -7.2205000000000004 -24.934899999999999 -4.4314999999999998 -7.2205000000000004 -24.9345 -4.4314999999999998 -7.2204999999999995 -24.9345 0 0 1 2.0985690889333098e-06 -3.1715386231174321e-07 -0.00093180959546688817 0.99999956586309247 0 0 0 1 0 0 0 0 0 0 10000 3000000 0 0 0 0 0 0
-1.036 -6.7169999999999996 0.17100000000000001 -4.4314999999999998 -7.2204999999999995 -24.9345 -1.04244 -6.7718100000000003 0.16644800000000001 -4.4314999999999998 -7.2205000000000004 -24.934899999999999 -4.2826653117216313 -6.2294297161484868 0.17100000000000001 0.14851039328828219 0.98891084688426789 -0 9.96731360562051e-05 0.00063111922830388651 -0.00093180733707614498 0.99999936174423232 2.0985690889333098e-06 -3.1715386231174321e-07 -0.00093180959546688817 0.99999956586309247 0 0 0 0 0 0 10000 3000000 0 0 0 0 0 0
-1.036 -6.7169999999999996 0.17100000000000001 -1.036 -6.7169999999999996 0.17100000000000001 -0.88028300000000004 -6.7964700000000002 0.166238 -1.0105299999999999 -6.7766599999999997 0.166406 -1.036 -6.7169999999999996 0.17100000000000001 0.98891084688426789 -0.14851039328828219 0 9.8623835676959389e-05 0.00063127722836317296 -0.00093180833707965207 0.99999936174760773 0.00064728413314598331 0.00054835911279716213 -0.00093216219174524029 0.99999920569927592 0 0 0 0 0 0 10000 3000000 0 0 0 0 0 0
3.8855000000000004 46.343499999999999 3.6414999999999997 3.8855000000000004 46.343499999999999 3.6414999999999997 4.0185500000000003 46.277799999999999 3.7000999999999999 4.0177399999999999 46.277900000000002 3.6143700000000001 3.8855000000000004 46.343499999999999 3.6414999999999997 0.0073455076744927848 0 0.99997302139457944 0.00072342781917735454 0.0010521997369999675 -0.00093243276693602984 0.99999875004773842 0.0007160216731645952 0.0010528395194206496 -0.0018143191718354859 0.99999754354090931 0 0 0 0 0 0 10000 3000000 0 0 0 0 0 0
-1.036 -6.7169999999999996 0.17100000000000001 3.8855000000000004 46.343499999999999 3.6414999999999997 -1.0105299999999999 -6.7766599999999997 0.166406 4.0185500000000003 46.277799999999999 3.7000999999999999 -4.0410460610016319 -6.2657150598308844 0.17100000000000001 0.14851030491779924 0.9889102584370405 -0.00109091301582676 0.00064728413314598331 0.00054835911279716213 -0.00093216219174524029 0.99999920569927592 0.00072342781917735454 0.0010521997369999675 -0.00093243276693602984 0.99999875004773842 0 0 0 0 0 0 10000 3000000 0 0 0 0 0 0
-1.036 -6.7169999999999996 0.17100000000000001 -1.036 -6.7169999999999996 0.17100000000000001 -0.90654100000000004 -6.7767900000000001 0.15798200000000001 -1.04013 -6.7564799999999998 0.15815000000000001 -1.036 -6.7169999999999996 0.17100000000000001 0.98891084688426789 -0.14851039328828219 0 9.7194236744400022e-05 0.00061687423321005793 -0.00092407634934819351 0.99999937805098726 9.8488637233212889e-05 0.00061667923313297676 -0.00092407534934277889 0.99999937804553685 0 0 0 0 0 0 10000 3000000 0 -0 0 0 0 1
-4.4314999999999998 -7.2204999999999995 -24.9345 -4.4314999999999998 -7.2204999999999995 -24.9345 -4.4314999999999998 -7.2205000000000004 -24.943300000000001 -4.4314999999999998 -7.2205000000000004 -24.9345 -4.4314999999999998 -7.2204999999999995 -24.9345 0 0 1 2.5886888947245592e-06 -3.9120483296985009e-07 -0.00092407760545267349 0.99999957303677123 0 0 0 1 0 0 0 0 0 0 10000 3000000 0 0 0 0 0 0
-1.036 -6.7169999999999996 0.17100000000000001 -4.4314999999999998 -7.2204999999999995 -24.9345 -1.04013 -6.7564799999999998 0.15815000000000001 -4.4314999999999998 -7.2205000000000004 -24.943300000000001 -4.2826653117216313 -6.2294297161484868 0.17100000000000001 0.14851039328828219 0.98891084688426789 -0 9.8488637233212889e-05 0.00061667923313297676 -0.00092407534934277889 0.99999937804553685 2.5886888947245592e-06 -3.9120483296985009e-07 -0.00092407760545267349 0.99999957303677123 0 0 0 0 0 0 10000 3000000 0 0 0 0 0 0
-1.036 -6.7169999999999996 0.17100000000000001 -1.036 -6.7169999999999996 0.17100000000000001 -0.90654100000000004 -6.7767900000000001 0.15798200000000001 -1.01922 -6.7596600000000002 0.15812399999999999 -1.036 -6.7169999999999996 0.17100000000000001 0.98891084688426789 -0.14851039328828219 0 9.7194236744400022e-05 0.00061687423321005793 -0.00092407634934819351 0.99999937805098726 0.00053569814877195833 0.00055060715291242756 -0.00092435225670743062 0.9999992777158202 0 0 0 0 0 0 10000 3000000 0 0 0 0 0 0
3.8855000000000004 46.343499999999999 3.6414999999999997 3.8855000000000004 46.343499999999999 3.6414999999999997 4.0078899999999997 46.2926 3.6799599999999999 4.0072700000000001 46.292700000000004 3.61293 3.8855000000000004 46.343499999999999 3.6414999999999997 0.0073455076744927848 0 0.99997302139457944 0.00059780495906839313 0.00096158493416043838 -0.0009246199366914256 0.99999893153023822 0.00059133294750395612 0.00096205591459273549 -0.0017036198487598187 0.99999791122440518 0 0 0 0 0 0 10000 3000000 0 0 0 0 0 0
-1.036 -6.7169999999999996 0.17100000000000001 3.8855000000000004 46.343499999999999 3.6414999999999997 -1.01922 -6.7596600000000002 0.15812399999999999 4.0078899999999997 46.2926 3.6799599999999999 -4.0410460610016319 -6.2657150598308844 0.17100000000000001 0.14851030491779924 0.9889102584370405 -0.00109091301582676 0.00053569814877195833 0.00055060715291242756 -0.00092435225670743062 0.9999992777158202 0.00059780495906839313 0.00096158493416043838 -0.0009246199366914256 0.99999893153023822 0 0 0 0 0 0 10000 3000000 0 0 0 0 0 0
-1.036 -6.7169999999999996 0.17100000000000001 -1.036 -6.7169999999999996 0.17100000000000001 -0.91943699999999995 -6.76084 0.15385499999999999 -1.03793 -6.7428100000000004 0.154003 -1.036 -6.7169999999999996 0.17100000000000001 0.98891084688426789 -0.14851039328828219 0 9.7491831745033354e-05 0.0006087841982307065 -0.00098419632047141233 0.99999932561714533 9.9269332322809775e-05 0.00060851519813693254 -0.00098419532046108691 0.99999932560698479 0 0 0 0 0 0 10000 3000000 0 -0 0 0 0 1
-4.4314999999999998 -7.2204999999999995 -24.9345 -4.4314999999999998 -7.2204999999999995 -24.9345 -4.4314999999999998 -7.2205000000000004 -24.947500000000002 -4.4314999999999998 -7.2205000000000004 -24.9345 -4.4314999999999998 -7.2204999999999995 -24.9345 0 0 1 3.5550382781876631e-06 -5.3745773969299508e-07 -0.00098419852332295001 0.99999951567005241 0 0 0 1 0 0 0 0 0 0 10000 3000000 0 0 0 0 0 0
-1.036 -6.7169999999999996 0.17100000000000001 -4.4314999999999998 -7.2204999999999995 -24.9345 -1.03793 -6.7428100000000004 0.154003 -4.4314999999999998 -7.2205000000000004 -24.947500000000002 -4.2826653117216313 -6.2294297161484868 0.17100000000000001 0.14851039328828219 0.98891084688426789 -0 9.9269332322809775e-05 0.00060851519813693254 -0.00098419532046108691 0.99999932560698479 3.5550382781876631e-06 -5.3745773969299508e-07 -0.00098419852332295001 0.99999951567005241 0 0 0 0 0 0 10000 3000000 0 0 0 0 0 0
-1.036 -6.7169999999999996 0.17100000000000001 -1.036 -6.7169999999999996 0.17100000000000001 -0.91943699999999995 -6.76084 0.15385499999999999 -1.0263 -6.7445700000000004 0.15398899999999999 -1.036 -6.7169999999999996 0.17100000000000001 0.98891084688426789 -0.14851039328828219 0 9.7491831745033354e-05 0.0006087841982307065 -0.00098419632047141233 0.99999932561714533 0.0004396331159194015 0.00055705914688148044 -0.00098440925956218501 0.99999926367284886 0 0 0 0 0 0 10000 3000000 0 0 0 0 0 0
3.8855000000000004 46.343499999999999 3.6414999999999997 3.8855000000000004 46.343499999999999 3.6414999999999997 4.00685 46.306699999999999 3.6655700000000002 4.0063199999999997 46.306699999999999 3.6079300000000001 3.8855000000000004 46.343499999999999 3.6414999999999997 0.0073455076744927848 0 0.99997302139457944 0.00049741297531855414 0.0009392519533946692 -0.00098469495113980465 0.99999895038042586 0.00049108895592787699 0.00093963591567362858 -0.0017479698431307788 0.99999791025652196 0 0 0 0 0 0 10000 3000000 0 0 0 0 0 0
-1.036 -6.7169999999999996 0.17100000000000001 3.8855000000000004 46.343499999999999 3.6414999999999997 -1.0263 -6.7445700000000004 0.15398899999999999 4.00685 46.306699999999999 3.6655700000000002 -4.0410460610016319 -6.2657150598308844 0.17100000000000001 0.14851030491779924 0.9889102584370405 -0.00109091301582676 0.0004396331159194015 0.00055705914688148044 -0.00098440925956218501 0.99999926367284886 0.00049741297531855414 0.0009392519533946692 -0.00098469495113980465 0.99999895038042586 0 0 0 0 0 0 10000 3000000 0 0 0 0 0 0
-1.036 -6.7169999999999996 0.17100000000000001 -1.036 -6.7169999999999996 0.17100000000000001 -0.92683000000000004 -6.7474800000000004 0.15084600000000001 -1.0358499999999999 -6.7308599999999998 0.15098200000000001 -1.036 -6.7169999999999996 0.17100000000000001 0.98891084688426789 -0.14851039328828219 0 9.9426418956916475e-05 0.00060721111577255352 -0.0011135902123201949 0.999999190662616 0.00010188601942365362 0.0006068391156884217 -0.0011135902122959625 0.99999919064085541 0 0 0 0 0 0 10000 3000000 0 -0 0 0 0 1
-4.4314999999999998 -7.2204999999999995 -24.9345 -4.4314999999999998 -7.2204999999999995 -24.9345 -4.4314999999999998 -7.2205000000000004 -24.950500000000002 -4.4314999999999998 -7.2205000000000004 -24.9345 -4.4314999999999998 -7.2204999999999995 -24.9345 0 0 1 4.9184718687530026e-06 -7.4423628276949122e-07 -0.0011135904231040661 0.99999937994561994 0 0 0 1 0 0 0 0 0 0 10000 3000000 0 0 0 0 0 0
-1.036 -6.7169999999999996 0.17100000000000001 -4.4314999999999998 -7.2204999999999995 -24.9345 -1.0358499999999999 -6.7308599999999998 0.15098200000000001 -4.4314999999999998 -7.2205000000000004 -24.950500000000002 -4.2826653117216313 -6.2294297161484868 0.17100000000000001 0.14851039328828219 0.98891084688426789 -0 0.00010188601942365362 0.0006068391156884217 -0.0011135902122959625 0.99999919064085541 4.9184718687530026e-06 -7.4423628276949122e-07 -0.0011135904231040661 0.99999937994561994 0 0 0 0 0 0 10000 3000000 0 0 0 0 0 0
-1.036 -6.7169999999999996 0.17100000000000001 -1.036 -6.7169999999999996 0.17100000000000001 -0.92683000000000004 -6.7474800000000004 0.15084600000000001 -1.03498 -6.7309900000000003 0.150981 -1.036 -6.7169999999999996 0.17100000000000001 0.98891084688426789 -0.14851039328828219 0 9.9426418956916475e-05 0.00060721111577255352 -0.0011135902123201949 0.999999190662616 0.00036047205539087838 0.00056771108723565483 -0.0011137501711411448 0.99999915366192937 0 0 0 0 0 0 10000 3000000 0 0 0 0 0 0
3.8855000000000004 46.343499999999999 3.6414999999999997 3.8855000000000004 46.343499999999999 3.6414999999999997 4.0119699999999998 46.319200000000002 3.6540499999999998 4.0114799999999997 46.319299999999998 3.6009099999999998 3.8855000000000004 46.343499999999999 3.6414999999999997 0.0073455076744927848 0 0.99997302139457944 0.00041928593047053535 0.00095640084140169348 -0.0011140698152557187 0.99999883417191326 0.00041266484733414483 0.00095674064605265059 -0.0019116092927978496 0.99999763004967757 0 0 0 0 0 0 10000 3000000 0 0 0 0 0 0
-1.036 -6.7169999999999996 0.17100000000000001 3.8855000000000004 46.343499999999999 3.6414999999999997 -1.03498 -6.7309900000000003 0.150981 4.0119699999999998 46.319200000000002 3.6540499999999998 -4.0410460610016319 -6.2657150598308844 0.17100000000000001 0.14851030491779924 0.9889102584370405 -0.00109091301582676 0.00036047205539087838 0.00056771108723565483 -0.0011137501711411448 0.99999915366192937 0.00041928593047053535 0.00095640084140169348 -0.0011140698152557187 0.99999883417191326 0 0 0 0 0 0 10000 3000000 0 0 0 0 0 0
-1.036 -6.7169999999999996 0.17100000000000001 -1.036 -6.7169999999999996 0.17100000000000001 -0.931647 -6.7356600000000002 0.148261 -1.0339 -6.72004 0.14838899999999999 -1.036 -6.7169999999999996 0.17100000000000001 0.98891084688426789 -0.14851039328828219 0 0.00010241400152265982 0.00061049500907665161 -0.0012597900187301698 0.99999901486767717 0.00010565500156814595 0.00061000500905377764 -0.001259780018697827 0.99999901484212173 0 0 0 0 0 0 10000 3000000 0 -0 0 0 0 1
-4.4314999999999998 -7.2204999999999995 -24.9345 -4.4314999999999998 -7.2204999999999995 -24.9345 -4.4314999999999998 -7.2205000000000004 -24.953099999999999 -4.4314999999999998 -7.2205000000000004 -24.9345 -4.4314999999999998 -7.2204999999999995 -24.9345 0 0 1 6.4818913381385647e-06 -9.8177620268044161e-07 -0.0012597902600743891 0.999999206442446 0 0 0 1 0 0 0 0 0 0 10000 3000000 0 0 0 0 0 0
-1.036 -6.7169999999999996 0.17100000000000001 -4.4314999999999998 -7.2204999999999995 -24.9345 -1.0339 -6.72004 0.14838899999999999 -4.4314999999999998 -7.2205000000000004 -24.953099999999999 -4.2826653117216313 -6.2294297161484868 0.17100000000000001 0.14851039328828219 0.98891084688426789 -0 0.00010565500156814595 0.00061000500905377764 -0.001259780018697827 0.99999901484212173 6.4818913381385647e-06 -9.8177620268044161e-07 -0.0012597902600743891 0.999999206442446 0 0 0 0 0 0 10000 3000000 0 0 0 0 0 0
-1.036 -6.7169999999999996 0.17100000000000001 -1.036 -6.7169999999999996 0.17100000000000001 -0.931647 -6.7356600000000002 0.148261 -1.04339 -6.7185899999999998 0.14840100000000001 -1.036 -6.7169999999999996 0.17100000000000001 0.98891084688426789 -0.14851039328828219 0 0.00010241400152265982 0.00061049500907665161 -0.0012597900187301698 0.99999901486767717 0.00029194299838582302 0.00058178899678324044 -0.0012598999930339087 0.99999899447092278 0 0 0 0 0 0 10000 3000000 0 0 0 0 0 0
3.8855000000000004 46.343499999999999 3.6414999999999997 3.8855000000000004 46.343499999999999 3.6414999999999997 4.0193300000000001 46.330800000000004 3.6440399999999999 4.0188499999999996 46.330800000000004 3.5933700000000002 3.8855000000000004 46.343499999999999 3.6414999999999997 0.0073455076744927848 0 0.99997302139457944 0.00035379287726568855 0.00099013565651197115 -0.001260269562799799 0.99999865309039837 0.00034672907913705216 0.00099044322605763976 -0.0021076804810546048 0.99999722823823445 0 0 0 0 0 0 10000 3000000 0 0 0 0 0 0
-1.036 -6.7169999999999996 0.17100000000000001 3.8855000000000004 46.343499999999999 3.6414999999999997 -1.04339 -6.7185899999999998 0.14840100000000001 4.0193300000000001 46.330800000000004 3.6440399999999999 -4.0410460610016319 -6.2657150598308844 0.17100000000000001 0.14851030491779924 0.9889102584370405 -0.00109091301582676 0.00029194299838582302 0.00058178899678324044 -0.0012598999930339087 0.99999899447092278 0.00035379287726568855 0.00099013565651197115 -0.001260269562799799 0.99999865309039837 0 0 0 0 0 0 10000 3000000 0 0 0 0 0 0
-1.036 -6.7169999999999996 0.17100000000000001 -1.036 -6.7169999999999996 0.17100000000000001 -0.93550699999999998 -6.7248200000000002 0.145895 -1.0320400000000001 -6.7100400000000002 0.14601700000000001 -1.036 -6.7169999999999996 0.17100000000000001 0.98891084688426789 -0.14851039328828219 0 0.00010571497791356868 0.00061387687174618366 -0.0014247197023413856 0.99999879107591894 0.00010983097704696639 0.00061325287183931017 -0.0014247197022548639 0.99999879101519007 0 0 0 0 0 0 10000 3000000 0 -0 0 0 0 1
-4.4314999999999998 -7.2204999999999995 -24.9345 -4.4314999999999998 -7.2204999999999995 -24.9345 -4.4314999999999998 -7.2205000000000004 -24.955400000000001 -4.4314999999999998 -7.2205000000000004 -24.9345 -4.4314999999999998 -7.2204999999999995 -24.9345 0 0 1 8.2313898768341807e-06 -1.2481499813240029e-06 -0.0014247299786818463 0.99999898503707207 0 0 0 1 0 0 0 0 0 0 10000 3000000 0 0 0 0 0 0
-1.036 -6.7169999999999996 0.17100000000000001 -4.4314999999999998 -7.2204999999999995 -24.9345 -1.0320400000000001 -6.7100400000000002 0.14601700000000001 -4.4314999999999998 -7.2205000000000004 -24.955400000000001 -4.2826653117216313 -6.2294297161484868 0.17100000000000001 0.14851039328828219 0.98891084688426789 -0 0.00010983097704696639 0.00061325287183931017 -0.0014247197022548639 0.99999879101519007 8.2313898768341807e-06 -1.2481499813240029e-06 -0.0014247299786818463 0.99999898503707207 0 0 0 0 0 0 10000 3000000 0 0 0 0 0 0
-1.036 -6.7169999999999996 0.17100000000000001 -1.036 -6.7169999999999996 0.17100000000000001 -0.93550699999999998 -6.7248200000000002 0.145895 -1.0524500000000001 -6.7069200000000002 0.14604300000000001 -1.036 -6.7169999999999996 0.17100000000000001 0.98891084688426789 -0.14851039328828219 0 0.00010571497791356868 0.00061387687174618366 -0.0014247197023413856 0.99999879107591894 0.00023059094959464182 0.00059494186995041182 -0.0014247996885500547 0.99999878140817389 0 0 0 0 0 0 10000 3000000 0 0 0 0 0 0
3.8855000000000004 46.343499999999999 3.6414999999999997 3.8855000000000004 46.343499999999999 3.6414999999999997 4.0281099999999999 46.3416 3.63503 4.0276500000000004 46.3416 3.5854699999999999 3.8855000000000004 46.343499999999999 3.6414999999999997 0.0073455076744927848 0 0.99997302139457944 0.00029697712086308953 0.0010327604203105435 -0.0014252205800331084 0.99999840697713216 0.00028938091483718588 0.0010330396959835183 -0.0023318793137439469 0.99999670570784316 0 0 0 0 0 0 10000 3000000 0 0 0 0 0 0
-1.036 -6.7169999999999996 0.17100000000000001 3.8855000000000004 46.343499999999999 3.6414999999999997 -1.0524500000000001 -6.7069200000000002 0.14604300000000001 4.0281099999999999 46.3416 3.63503 -4.0410460610016319 -6.2657150598308844 0.17100000000000001 0.14851030491779924 0.9889102584370405 -0.00109091301582676 0.00023059094959464182 0.00059494186995041182 -0.0014247996885500547 0.99999878140817389 0.00029697712086308953 0.0010327604203105435 -0.0014252205800331084 0.99999840697713216 0 0 0 0 0 0 10000 3000000 0 0 0 0 0 0
-1.036 -6.7169999999999996 0.17100000000000001 -1.036 -6.7169999999999996 0.17100000000000001 -0.93908999999999998 -6.7145700000000001 0.143682 -1.03023 -6.70059 0.14379700000000001 -1.036 -6.7169999999999996 0.17100000000000001 0.98891084688426789 -0.14851039328828219 0 0.00010933294857829381 0.00061773870946380904 -0.0015959592493850327 0.99999852967855296 0.00011440094618415498 0.00061696970976860422 -0.0015959592492378911 0.9999985295863566 0 0 0 0 0 0 10000 3000000 0 -0 0 0 0 1
-4.4314999999999998 -7.2204999999999995 -24.9345 -4.4314999999999998 -7.2204999999999995 -24.9345 -4.4314999999999998 -7.2205000000000004 -24.957599999999999 -4.4314999999999998 -7.2205000000000004 -24.9345 -4.4314999999999998 -7.2204999999999995 -24.9345 0 0 1 1.0136497226521152e-05 -1.5388095789614773e-06 -0.0015959695633217543 0.99999872638720722 0 0 0 1 0 0 0 0 0 0 10000 3000000 0 0 0 0 0 0
-1.036 -6.7169999999999996 0.17100000000000001 -4.4314999999999998 -7.2204999999999995 -24.9345 -1.03023 -6.70059 0.14379700000000001 -4.4314999999999998 -7.2205000000000004 -24.957599999999999 -4.2826653117216313 -6.2294297161484868 0.17100000000000001 0.14851039328828219 0.98891084688426789 -0 0.00011440094618415498 0.00061696970976860422 -0.0015959592492378911 0.9999985295863566 1.0136497226521152e-05 -1.5388095789614773e-06 -0.0015959695633217543 0.99999872638720722 0 0 0 0 0 0 10000 3000000 0 0 0 0 0 0
-1.036 -6.7169999999999996 0.17100000000000001 -1.036 -6.7169999999999996 0.17100000000000001 -0.93908999999999998 -6.7145700000000001 0.143682 -1.06166 -6.6957700000000004 0.14383699999999999 -1.036 -6.7169999999999996 0.17100000000000001 0.98891084688426789 -0.14851039328828219 0 0.00010933294857829381 0.00061773870946380904 -0.0015959592493850327 0.99999852967855296 0.0001739979176065526 0.00060792271212961233 -0.0015959992442445196 0.99999852646947085 0 0 0 0 0 0 10000 3000000 0 0 0 0 0 0
3.8855000000000004 46.343499999999999 3.6414999999999997 3.8855000000000004 46.343499999999999 3.6414999999999997 4.03749 46.351900000000001 3.6266699999999998 4.0370200000000001 46.351900000000001 3.5774699999999999 3.8855000000000004 46.343499999999999 3.6414999999999997 0.0073455076744927848 0 0.99997302139457944 0.00024563302762683928 0.0010798001214472853 -0.0015964801795593279 0.99999811247179349 0.00023748702455308354 0.0010800501116631977 -0.002563260265007924 0.99999610338664979 0 0 0 0 0 0 10000 3000000 0 0 0 0 0 0
-1.036 -6.7169999999999996 0.17100000000000001 3.8855000000000004 46.343499999999999 3.6414999999999997 -1.06166 -6.6957700000000004 0.14383699999999999 4.03749 46.351900000000001 3.6266699999999998 -4.0410460610016319 -6.2657150598308844 0.17100000000000001 0.14851030491779924 0.9889102584370405 -0.00109091301582676 0.0001739979176065526 0.00060792271212961233 -0.0015959992442445196 0.99999852646947085 0.00024563302762683928 0.0010798001214472853 -0.0015964801795593279 0.99999811247179349 0 0 0 0 0 0 10000 3000000 0 0 0 0 0 0
-1.036 -6.7169999999999996 0.17100000000000001 -1.036 -6.7169999999999996 0.17100000000000001 -0.94266399999999995 -6.70472 0.141653 -1.02847 -6.6915300000000002 0.141763 -1.036 -6.7169999999999996 0.17100000000000001 0.98891084688426789 -0.14851039328828219 0 0.00011331902604811557 0.00062239014306591698 -0.0017720204073260596 0.99999822986492537 0.00011941902743437288 0.00062146314276997525 -0.001772020407089805 0.99999822973160057 0 0 0 0 0 0 10000 3000000 0 -0 0 0 0 1
-4.4314999999999998 -7.2204999999999995 -24.9345 -4.4314999999999998 -7.2204999999999995 -24.9345 -4.4314999999999998 -7.2205000000000004 -24.959599999999998 -4.4314999999999998 -7.2205000000000004 -24.9345 -4.4314999999999998 -7.2204999999999995 -24.9345 0 0 1 1.2200305244628044e-05 -1.8543007971208727e-06 -0.0017720307617548939 0.9999984298761142 0 0 0 1 0 0 0 0 0 0 10000 3000000 0 0 0 0 0 0
-1.036 -6.7169999999999996 0.17100000000000001 -4.4314999999999998 -7.2204999999999995 -24.9345 -1.02847 -6.6915300000000002 0.141763 -4.4314999999999998 -7.2205000000000004 -24.959599999999998 -4.2826653117216313 -6.2294297161484868 0.17100000000000001 0.14851039328828219 0.98891084688426789 -0 0.00011941902743437288 0.00062146314276997525 -0.001772020407089805 0.99999822973160057 1.2200305244628044e-05 -1.8543007971208727e-06 -0.0017720307617548939 0.9999984298761142 0 0 0 0 0 0 10000 3000000 0 0 0 0 0 0
-1.036 -6.7169999999999996 0.17100000000000001 -1.036 -6.7169999999999996 0.17100000000000001 -0.94266399999999995 -6.70472 0.141653 -1.0707899999999999 -6.6850199999999997 0.141817 -1.036 -6.7169999999999996 0.17100000000000001 0.98891084688426789 -0.14851039328828219 0 0.00011331902604811557 0.00062239014306591698 -0.0017720204073260596 0.99999822986492537 0.00012176002796473334 0.00062110714265022689 -0.0017720204069814945 0.99999822967047813 0 0 0 0 0 0 10000 3000000 0 0 0 0 0 0
3.8855000000000004 46.343499999999999 3.6414999999999997 3.8855000000000004 46.343499999999999 3.6414999999999997 4.0475500000000002 46.362099999999998 3.61896 4.0470699999999997 46.362099999999998 3.5692400000000002 3.8855000000000004 46.343499999999999 3.6414999999999997 0.0073455076744927848 0 0.99997302139457944 0.00019963595341515844 0.0011334897355013522 -0.0017725795863704017 0.99999776665156392 0.0001909660826631639 0.0011337104907473349 -0.0027950812099020571 0.99999543286632486 0 0 0 0 0 0 10000 3000000 0 0 0 0 0 0
-1.036 -6.7169999999999996 0.17100000000000001 3.8855000000000004 46.343499999999999 3.6414999999999997 -1.0707899999999999 -6.6850199999999997 0.141817 4.0475500000000002 46.362099999999998 3.61896 -4.0410460610016319 -6.2657150598308844 0.17100000000000001 0.14851030491779924 0.9889102584370405 -0.00109091301582676 0.00012176002796473334 0.00062110714265022689 -0.0017720204069814945 0.99999822967047813 0.00019963595341515844 0.0011334897355013522 -0.0017725795863704017 0.99999776665156392 0 0 0 0 0 0 10000 3000000 0 0 0 0 0 0
-1.036 -6.7169999999999996 0.17100000000000001 -1.036 -6.7169999999999996 0.17100000000000001 -0.94625999999999999 -6.6952400000000001 0.13980000000000001 -1.0267500000000001 -6.68283 0.139904 -1.036 -6.7169999999999996 0.17100000000000001 0.98891084688426789 -0.14851039328828219 0 0.0001176909875254428 0.00062809393342571208 -0.0019502897932806742 0.99999789400606476 0.00012489498673862995 0.00062699793342525724 -0.0019502897929179117 0.99999789382006055 0 0 0 0 0 0 10000 3000000 0 -0 0 0 0 1
-4.4314999999999998 -7.2204999999999995 -24.9345 -4.4314999999999998 -7.2204999999999995 -24.9345 -4.4314999999999998 -7.2205000000000004 -24.961400000000001 -4.4314999999999998 -7.2205000000000004 -24.9345 -4.4314999999999998 -7.2204999999999995 -24.9345 0 0 1 1.4408501412569864e-05 -2.1925402149506146e-06 -0.0019503101912030491 0.99999809803706419 0 0 0 1 0 0 0 0 0 0 10000 3000000 0 0 0 0 0 0
-1.036 -6.7169999999999996 0.17100000000000001 -4.4314999999999998 -7.2204999999999995 -24.9345 -1.0267500000000001 -6.68283 0.139904 -4.4314999999999998 -7.2205000000000004 -24.961400000000001 -4.2826653117216313 -6.2294297161484868 0.17100000000000001 0.14851039328828219 0.98891084688426789 -0 0.00012489498673862995 0.00062699793342525724 -0.0019502897929179117 0.99999789382006055 1.4408501412569864e-05 -2.1925402149506146e-06 -0.0019503101912030491 0.99999809803706419 0 0 0 0 0 0 10000 3000000 0 0 0 0 0 0
-1.036 -6.7169999999999996 0.17100000000000001 -1.036 -6.7169999999999996 0.17100000000000001 -0.94625999999999999 -6.6952400000000001 0.13980000000000001 -1.0799099999999999 -6.6746299999999996 0.13997299999999999 -1.036 -6.7169999999999996 0.17100000000000001 0.98891084688426789 -0.14851039328828219 0 0.0001176909875254428 0.00062809393342571208 -0.0019502897932806742 0.99999789400606476 7.239489232590346e-05 0.00063498693268929812 -0.0019502697932649918 0.9999978939969365 0 0 0 0 0 0 10000 3000000 0 0 0 0 0 0
3.8855000000000004 46.343499999999999 3.6414999999999997 3.8855000000000004 46.343499999999999 3.6414999999999997 4.0578900000000004 46.372 3.6117300000000001 4.0574000000000003 46.372 3.5609899999999999 3.8855000000000004 46.343499999999999 3.6414999999999997 0.0073455076744927848 0 0.99997302139457944 0.00015682605910034969 0.0011898404483947818 -0.001950890735198763 0.99999737685187651 0.00014763595540741219 0.0011900196405614392 -0.0030275590855432604 0.99999469795737583 0 0 0 0 0 0 10000 3000000 0 0 0 0 0 0
-1.036 -6.7169999999999996 0.17100000000000001 3.8855000000000004 46.343499999999999 3.6414999999999997 -1.0799099999999999 -6.6746299999999996 0.13997299999999999 4.0578900000000004 46.372 3.6117300000000001 -4.0410460610016319 -6.2657150598308844 0.17100000000000001 0.14851030491779924 0.9889102584370405 -0.00109091301582676 7.239489232590346e-05 0.00063498693268929812 -0.0019502697932649918 0.9999978939969365 0.00015682605910034969 0.0011898404483947818 -0.001950890735198763 0.99999737685187651 0 0 0 0 0 0 10000 3000000 0 0 0 0 0 0
-1.036 -6.7169999999999996 0.17100000000000001 -1.036 -6.7169999999999996 0.17100000000000001 -0.94996199999999997 -6.6859200000000003 0.13811999999999999 -1.02505 -6.6743199999999998 0.13821800000000001 -1.036 -6.7169999999999996 0.17100000000000001 0.98891084688426789 -0.14851039328828219 0 0.00012242494137362496 0.00063462569609293936 -0.0021307289796448753 0.99999752112511497 0.00013080893732577196 0.00063334869654488866 -0.0021307289791080287 0.99999752087316107 0 0 0 0 0 0 10000 3000000 0 -0 0 0 0 1
-4.4314999999999998 -7.2204999999999995 -24.9345 -4.4314999999999998 -7.2204999999999995 -24.9345 -4.4314999999999998 -7.2205000000000004 -24.963100000000001 -4.4314999999999998 -7.2205000000000004 -24.9345 -4.4314999999999998 -7.2204999999999995 -24.9345 0 0 1 1.6768395469286898e-05 -2.5547593097203903e-06 -0.0021307494242851464 0.99999772980701551 0 0 0 1 0 0 0 0 0 0 10000 3000000 0 0 0 0 0 0
-1.036 -6.7169999999999996 0.17100000000000001 -4.4314999999999998 -7.2204999999999995 -24.9345 -1.02505 -6.6743199999999998 0.13821800000000001 -4.4314999999999998 -7.2205000000000004 -24.963100000000001 -4.2826653117216313 -6.2294297161484868 0.17100000000000001 0.14851039328828219 0.98891084688426789 -0 0.00013080893732577196 0.00063334869654488866 -0.0021307289791080287 0.99999752087316107 1.6768395469286898e-05 -2.5547593097203903e-06 -0.0021307494242851464 0.99999772980701551 0 0 0 0 0 0 10000 3000000 0 0 0 0 0 0
-1.036 -6.7169999999999996 0.17100000000000001 -1.036 -6.7169999999999996 0.17100000000000001 -0.94996199999999997 -6.6859200000000003 0.13811999999999999 -1.0890599999999999 -6.6644199999999998 0.13830200000000001 -1.036 -6.7169999999999996 0.17100000000000001 0.98891084688426789 -0.14851039328828219 0 0.00012242494137362496 0.00063462569609293936 -0.0021307289796448753 0.99999752112511497 2.5299487829048718e-05 0.000649423687578495 -0.0021306689749884078 0.99999751892618671 0 0 0 0 0 0 10000 3000000 0 0 0 0 0 0
3.8855000000000004 46.343499999999999 3.6414999999999997 3.8855000000000004 46.343499999999999 3.6414999999999997 4.0684800000000001 46.381799999999998 3.6048900000000001 4.0679600000000002 46.381900000000002 3.5526499999999999 3.8855000000000004 46.343499999999999 3.6414999999999997 0.0073455076744927848 0 0.99997302139457944 0.00011657999328411381 0.0012485499280741146 -0.0021313698772170327 0.99999694239263992 0.00010688098945789758 0.0012486998768357024 -0.0032598396784688844 0.9999939013665744 0 0 0 0 0 0 10000 3000000 0 0 0 0 0 0
-1.036 -6.7169999999999996 0.17100000000000001 3.8855000000000004 46.343499999999999 3.6414999999999997 -1.0890599999999999 -6.6644199999999998 0.13830200000000001 4.0684800000000001 46.381799999999998 3.6048900000000001 -4.0410460610016319 -6.2657150598308844 0.17100000000000001 0.14851030491779924 0.9889102584370405 -0.00109091301582676 2.5299487829048718e-05 0.000649423687578495 -0.0021306689749884078 0.99999751892618671 0.00011657999328411381 0.0012485499280741146 -0.0021313698772170327 0.99999694239263992 0 0 0 0 0 0 10000 3000000 0 0 0 0 0 0
-1.036 -6.7169999999999996 0.17100000000000001 -1.036 -6.7169999999999996 0.17100000000000001 -0.95378099999999999 -6.6768700000000001 0.13653100000000001 -1.0234000000000001 -6.66608 0.13662199999999999 -1.036 -6.7169999999999996 0.17100000000000001 0.98891084688426789 -0.14851039328828219 0 0.00012735201515577484 0.00064065907624288236 -0.0023098302748858551 0.99999711900660671 0.00013700301626176059 0.00063918707586918522 -0.0023098202741672806 0.99999711869602737 0 0 0 0 0 0 10000 3000000 0 -0 0 0 0 1
-4.4314999999999998 -7.2204999999999995 -24.9345 -4.4314999999999998 -7.2204999999999995 -24.9345 -4.4314999999999998 -7.2205000000000004 -24.964600000000001 -4.4314999999999998 -7.2205000000000004 -24.9345 -4.4314999999999998 -7.2204999999999995 -24.9345 0 0 1 1.9301906410190676e-05 -2.9442909778032376e-06 -0.0023098507671047378 0.99999733210054187 0 0 0 1 0 0 0 0 0 0 10000 3000000 0 0 0 0 0 0
-1.036 -6.7169999999999996 0.17100000000000001 -4.4314999999999998 -7.2204999999999995 -24.9345 -1.0234000000000001 -6.66608 0.13662199999999999 -4.4314999999999998 -7.2205000000000004 -24.964600000000001 -4.2826653117216313 -6.2294297161484868 0.17100000000000001 0.14851039328828219 0.98891084688426789 -0 0.00013700301626176059 0.00063918707586918522 -0.0023098202741672806 0.99999711869602737 1.9301906410190676e-05 -2.9442909778032376e-06 -0.0023098507671047378 0.99999733210054187 0 0 0 0 0 0 10000 3000000 0 0 0 0 0 0
-1.036 -6.7169999999999996 0.17100000000000001 -1.036 -6.7169999999999996 0.17100000000000001 -0.95378099999999999 -6.6768700000000001 0.13653100000000001 -1.09815 -6.6544999999999996 0.13672100000000001 -1.036 -6.7169999999999996 0.17100000000000001 0.98891084688426789 -0.14851039328828219 0 0.00012735201515577484 0.00064065907624288236 -0.0023098302748858551 0.99999711900660671 -2.0465102301055117e-05 0.00066320707456967516 -0.0023097302597014442 0.99999711243767264 0 0 0 0 0 0 10000 3000000 0 0 0 0 0 0
3.8855000000000004 46.343499999999999 3.6414999999999997 3.8855000000000004 46.343499999999999 3.6414999999999997 4.0789900000000001 46.391399999999997 3.5983000000000001 4.0784500000000001 46.391500000000001 3.5444300000000002 3.8855000000000004 46.343499999999999 3.6414999999999997 0.0073455076744927848 0 0.99997302139457944 7.77480368138827e-05 0.0013070706189010864 -0.0023105210940373034 0.99999647350073895 6.7554603941362724e-05 0.0013071800762652808 -0.0034885502035337484 0.99999305834295726 0 0 0 0 0 0 10000 3000000 0 0 0 0 0 0
-1.036 -6.7169999999999996 0.17100000000000001 3.8855000000000004 46.343499999999999 3.6414999999999997 -1.09815 -6.6544999999999996 0.13672100000000001 4.0789900000000001 46.391399999999997 3.5983000000000001 -4.0410460610016319 -6.2657150598308844 0.17100000000000001 0.14851030491779924 0.9889102584370405 -0.00109091301582676 -2.0465102301055117e-05 0.00066320707456967516 -0.0023097302597014442 0.99999711243767264 7.77480368138827e-05 0.0013070706189010864 -0.0023105210940373034 0.99999647350073895 0 0 0 0 0 0 10000 3000000 0 0 0 0 0 0
-1.036 -6.7169999999999996 0.17100000000000001 -1.036 -6.7169999999999996 0.17100000000000001 -0.95770100000000002 -6.6680599999999997 0.135018 -1.0217700000000001 -6.6581099999999998 0.135103 -1.036 -6.7169999999999996 0.17100000000000001 0.98891084688426789 -0.14851039328828219 0 0.00013254195858502721 0.00064672879791866772 -0.0024877892226482538 0.99999668753415116 0.00014354295508901615 0.00064504779818075212 -0.0024877792216363923 0.99999668712616363 0 0 0 0 0 0 10000 3000000 0 -0 0 0 0 1
-4.4314999999999998 -7.2204999999999995 -24.9345 -4.4314999999999998 -7.2204999999999995 -24.9345 -4.4314999999999998 -7.2205000000000004 -24.966100000000001 -4.4314999999999998 -7.2205000000000004 -24.9345 -4.4314999999999998 -7.2204999999999995 -24.9345 0 0 1 2.2002397913039731e-05 -3.3602096812790981e-06 -0.0024878097640275319 0.99999690514880157 0 0 0 1 0 0 0 0 0 0 10000 3000000 0 0 0 0 0 0
-1.036 -6.7169999999999996 0.17100000000000001 -4.4314999999999998 -7.2204999999999995 -24.9345 -1.0217700000000001 -6.6581099999999998 0.135103 -4.4314999999999998 -7.2205000000000004 -24.966100000000001 -4.2826653117216313 -6.2294297161484868 0.17100000000000001 0.14851039328828219 0.98891084688426789 -0 0.00014354295508901615 0.00064504779818075212 -0.0024877792216363923 0.99999668712616363 2.2002397913039731e-05 -3.3602096812790981e-06 -0.0024878097640275319 0.99999690514880157 0 0 0 0 0 0 10000 3000000 0 0 0 0 0 0
-1.036 -6.7169999999999996 0.17100000000000001 -1.036 -6.7169999999999996 0.17100000000000001 -0.95770100000000002 -6.6680599999999997 0.135018 -1.10734 -6.6448200000000002 0.135217 -1.036 -6.7169999999999996 0.17100000000000001 0.98891084688426789 -0.14851039328828219 0 0.00013254195858502721 0.00064672879791866772 -0.0024877892226482538 0.99999668753415116 -6.4944078865325559e-05 0.00067688877972088839 -0.0024876591904440248 0.99999667457227015 0 0 0 0 0 0 10000 3000000 0 0 0 0 0 0
3.8855000000000004 46.343499999999999 3.6414999999999997 3.8855000000000004 46.343499999999999 3.6414999999999997 4.0892600000000003 46.400799999999997 3.59192 4.0887000000000002 46.400799999999997 3.5364 3.8855000000000004 46.343499999999999 3.6414999999999997 0.0073455076744927848 0 0.99997302139457944 3.9898098938277462e-05 0.0013633899637190269 -0.0024885299337780902 0.99999597338925184 2.9204104793596215e-05 0.0013634602237999696 -0.0037164206100176633 0.99999216413989356 0 0 0 0 0 0 10000 3000000 0 0 0 0 0 0
-1.036 -6.7169999999999996 0.17100000000000001 3.8855000000000004 46.343499999999999 3.6414999999999997 -1.10734 -6.6448200000000002 0.135217 4.0892600000000003 46.400799999999997 3.59192 -4.0410460610016319 -6.2657150598308844 0.17100000000000001 0.14851030491779924 0.9889102584370405 -0.00109091301582676 -6.4944078865325559e-05 0.00067688877972088839 -0.0024876591904440248 0.99999667457227015 3.9898098938277462e-05 0.0013633899637190269 -0.0024885299337780902 0.99999597338925184 0 0 0 0 0 0 10000 3000000 0 0 0 0 0 0
-1.036 -6.7169999999999996 0.17100000000000001 -1.036 -6.7169999999999996 0.17100000000000001 -0.96167499999999995 -6.6596500000000001 0.133492 -1.0202100000000001 -6.6505400000000003 0.133571 -1.036 -6.7169999999999996 0.17100000000000001 0.98891084688426789 -0.14851039328828219 0 0.00013779503162441686 0.00065142014950308525 -0.0026641406114291085 0.99999622950245204 0.00015023603439645922 0.00064951714870660167 -0.0026641406099535592 0.99999622894859852 0 0 0 0 0 0 10000 3000000 0 -0 0 0 0 1
-4.4314999999999998 -7.2204999999999995 -24.9345 -4.4314999999999998 -7.2204999999999995 -24.9345 -4.4314999999999998 -7.2205000000000004 -24.967600000000001 -4.4314999999999998 -7.2205000000000004 -24.9345 -4.4314999999999998 -7.2204999999999995 -24.9345 0 0 1 2.4880111215318736e-05 -3.8042017148369795e-06 -0.0026641712009403385 0.99999645077286159 0 0 0 1 0 0 0 0 0 0 10000 3000000 0 0 0 0 0 0
-1.036 -6.7169999999999996 0.17100000000000001 -4.4314999999999998 -7.2204999999999995 -24.9345 -1.0202100000000001 -6.6505400000000003 0.133571 -4.4314999999999998 -7.2205000000000004 -24.967600000000001 -4.2826653117216313 -6.2294297161484868 0.17100000000000001 0.14851039328828219 0.98891084688426789 -0 0.00015023603439645922 0.00064951714870660167 -0.0026641406099535592 0.99999622894859852 2.4880111215318736e-05 -3.8042017148369795e-06 -0.0026641712009403385 0.99999645077286159 0 0 0 0 0 0 10000 3000000 0 0 0 0 0 0
-1.036 -6.7169999999999996 0.17100000000000001 -1.036 -6.7169999999999996 0.17100000000000001 -0.96167499999999995 -6.6596500000000001 0.133492 -1.1164400000000001 -6.6355599999999999 0.13370000000000001 -1.036 -6.7169999999999996 0.17100000000000001 0.98891084688426789 -0.14851039328828219 0 0.00013779503162441686 0.00065142014950308525 -0.0026641406114291085 0.99999622950245204 -0.00010760302243396563 0.00068894114363613195 -0.0026639805554086386 0.99999620848745752 0 0 0 0 0 0 10000 3000000 0 0 0 0 0 0
3.8855000000000004 46.343499999999999 3.6414999999999997 3.8855000000000004 46.343499999999999 3.6414999999999997 4.09945 46.409700000000001 3.5857399999999999 4.0988699999999998 46.409700000000001 3.5285799999999998 3.8855000000000004 46.343499999999999 3.6414999999999997 0.0073455076744927848 0 0.99997302139457944 4.0761918006555958e-06 0.0014193506269973969 -0.0026649411772363711 0.99999544174746324 -7.1059916208457657e-06 0.0014193803237544751 -0.003940690898854445 0.99999122809364738 0 0 0 0 0 0 10000 3000000 0 0 0 0 0 0
-1.036 -6.7169999999999996 0.17100000000000001 3.8855000000000004 46.343499999999999 3.6414999999999997 -1.1164400000000001 -6.6355599999999999 0.13370000000000001 4.09945 46.409700000000001 3.5857399999999999 -4.0410460610016319 -6.2657150598308844 0.17100000000000001 0.14851030491779924 0.9889102584370405 -0.00109091301582676 -0.00010760302243396563 0.00068894114363613195 -0.0026639805554086386 0.99999620848745752 4.0761918006555958e-06 0.0014193506269973969 -0.0026649411772363711 0.99999544174746324 0 0 0 0 0 0 10000 3000000 0 0 0 0 0 0
-1.036 -6.7169999999999996 0.17100000000000001 -1.036 -6.7169999999999996 0.17100000000000001 -0.96563600000000005 -6.6517999999999997 0.131908 -1.0187200000000001 -6.6435199999999996 0.13197999999999999 -1.036 -6.7169999999999996 0.17100000000000001 0.98891084688426789 -0.14851039328828219 0 0.0001431009629432987 0.00065457183049539072 -0.0028405892644153769 0.99999574104616273 0.00015707295921982178 0.00065243283061166451 -0.0028405792625125987 0.99999574037539807 0 0 0 0 0 0 10000 3000000 0 -0 0 0 0 1
-4.4314999999999998 -7.2204999999999995 -24.9345 -4.4314999999999998 -7.2204999999999995 -24.9345 -4.4314999999999998 -7.2205000000000004 -24.969200000000001 -4.4314999999999998 -7.2205000000000004 -24.9345 -4.4314999999999998 -7.2204999999999995 -24.9345 0 0 1 2.7943899022841757e-05 -4.2776998504149452e-06 -0.0028406199006675787 0.99999596503156929 0 0 0 1 0 0 0 0 0 0 10000 3000000 0 0 0 0 0 0
-1.036 -6.7169999999999996 0.17100000000000001 -4.4314999999999998 -7.2204999999999995 -24.9345 -1.0187200000000001 -6.6435199999999996 0.13197999999999999 -4.4314999999999998 -7.2205000000000004 -24.969200000000001 -4.2826653117216313 -6.2294297161484868 0.17100000000000001 0.14851039328828219 0.98891084688426789 -0 0.00015707295921982178 0.00065243283061166451 -0.0028405792625125987 0.99999574037539807 2.7943899022841757e-05 -4.2776998504149452e-06 -0.0028406199006675787 0.99999596503156929 0 0 0 0 0 0 10000 3000000 0 0 0 0 0 0
-1.036 -6.7169999999999996 0.17100000000000001 -1.036 -6.7169999999999996 0.17100000000000001 -0.96563600000000005 -6.6517999999999997 0.131908 -1.1255500000000001 -6.6268500000000001 0.13212499999999999 -1.036 -6.7169999999999996 0.17100000000000001 0.98891084688426789 -0.14851039328828219 0 0.0001431009629432987 0.00065457183049539072 -0.0028405892644153769 0.99999574104616273 -0.0001465889576499098 0.0006989187980797829 -0.002840389179401096 0.99999571109755303 0 0 0 0 0 0 10000 3000000 0 0 0 0 0 0
3.8855000000000004 46.343499999999999 3.6414999999999997 3.8855000000000004 46.343499999999999 3.6414999999999997 4.1096500000000002 46.417999999999999 3.5799099999999999 4.1090400000000002 46.417999999999999 3.5209600000000001 3.8855000000000004 46.343499999999999 3.6414999999999997 0.0073455076744927848 0 0.99997302139457944 -2.7695296510448527e-05 0.0014755898140786611 -0.0028414496419830793 0.99999487400266374 -3.935330965033747e-05 0.0014755803618462736 -0.0041630010208636853 0.99999024522062863 0 0 0 0 0 0 10000 3000000 0 0 0 0 0 0
-1.036 -6.7169999999999996 0.17100000000000001 3.8855000000000004 46.343499999999999 3.6414999999999997 -1.1255500000000001 -6.6268500000000001 0.13212499999999999 4.1096500000000002 46.417999999999999 3.5799099999999999 -4.0410460610016319 -6.2657150598308844 0.17100000000000001 0.14851030491779924 0.9889102584370405 -0.00109091301582676 -0.0001465889576499098 0.0006989187980797829 -0.002840389179401096 0.99999571109755303 -2.7695296510448527e-05 0.0014755898140786611 -0.0028414496419830793 0.99999487400266374 0 0 0 0 0 0 10000 3000000 0 0 0 0 0 0
-1.036 -6.7169999999999996 0.17100000000000001 -1.036 -6.7169999999999996 0.17100000000000001 -0.96958599999999995 -6.6444400000000003 0.13028100000000001 -1.0173099999999999 -6.6369800000000003 0.13034599999999999 -1.036 -6.7169999999999996 0.17100000000000001 0.98891084688426789 -0.14851039328828219 0 0.00014853203274863271 0.00065662814477465605 -0.0030175806653220797 0.9999952204808995 0.0001641310360548007 0.00065423714371681547 -0.0030175606628700512 0.99999521966977856 0 0 0 0 0 0 10000 3000000 0 -0 0 0 0 1
-4.4314999999999998 -7.2204999999999995 -24.9345 -4.4314999999999998 -7.2204999999999995 -24.9345 -4.4314999999999998 -7.2205000000000004 -24.970800000000001 -4.4314999999999998 -7.2205000000000004 -24.9345 -4.4314999999999998 -7.2204999999999995 -24.9345 0 0 1 3.1197613929873999e-05 -4.7814321349308091e-06 -0.0030176113473769479 0.99999544650243433 0 0 0 1 0 0 0 0 0 0 10000 3000000 0 0 0 0 0 0
-1.036 -6.7169999999999996 0.17100000000000001 -4.4314999999999998 -7.2204999999999995 -24.9345 -1.0173099999999999 -6.6369800000000003 0.13034599999999999 -4.4314999999999998 -7.2205000000000004 -24.970800000000001 -4.2826653117216313 -6.2294297161484868 0.17100000000000001 0.14851039328828219 0.98891084688426789 -0 0.0001641310360548007 0.00065423714371681547 -0.0030175606628700512 0.99999521966977856 3.1197613929873999e-05 -4.7814321349308091e-06 -0.0030176113473769479 0.99999544650243433 0 0 0 0 0 0 10000 3000000 0 0 0 0 0 0
-1.036 -6.7169999999999996 0.17100000000000001 -1.036 -6.7169999999999996 0.17100000000000001 -0.96958599999999995 -6.6444400000000003 0.13028100000000001 -1.1346499999999999 -6.6186299999999996 0.13050600000000001 -1.036 -6.7169999999999996 0.17100000000000001 0.98891084688426789 -0.14851039328828219 0 0.00014853203274863271 0.00065662814477465605 -0.0030175806653220797 0.9999952204808995 -0.00018177603293122952 0.00070725112812827329 -0.0030173505466345686 0.99999518116288655 0 0 0 0 0 0 10000 3000000 0 0 0 0 0 0
3.8855000000000004 46.343499999999999 3.6414999999999997 3.8855000000000004 46.343499999999999 3.6414999999999997 4.1199199999999996 46.425899999999999 3.5744500000000001 4.1192900000000003 46.425899999999999 3.51349 3.8855000000000004 46.343499999999999 3.6414999999999997 0.0073455076744927848 0 0.99997302139457944 -5.5226314789759407e-05 0.0015329604105310257 -0.003018500808362841 0.9999942678012228 -6.7340514670765006e-05 0.0015329103339589457 -0.00438290095485623 0.99998921785706418 0 0 0 0 0 0 10000 3000000 0 0 0 0 0 0
-1.036 -6.7169999999999996 0.17100000000000001 3.8855000000000004 46.343499999999999 3.6414999999999997 -1.1346499999999999 -6.6186299999999996 0.13050600000000001 4.1199199999999996 46.425899999999999 3.5744500000000001 -4.0410460610016319 -6.2657150598308844 0.17100000000000001 0.14851030491779924 0.9889102584370405 -0.00109091301582676 -0.00018177603293122952 0.00070725112812827329 -0.0030173505466345686 0.99999518116288655 -5.5226314789759407e-05 0.0015329604105310257 -0.003018500808362841 0.9999942678012228 0 0 0 0 0 0 10000 3000000 0 0 0 0 0 0
-1.036 -6.7169999999999996 0.17100000000000001 -1.036 -6.7169999999999996 0.17100000000000001 -0.97348900000000005 -6.6375900000000003 0.12859599999999999 -1.01596 -6.6309300000000002 0.12865399999999999 -1.036 -6.7169999999999996 0.17100000000000001 0.98891084688426789 -0.14851039328828219 0 0.00015408794859844168 0.00065760078063368881 -0.0031954589340401356 0.9999946664159356 0.00017140794264204932 0.00065494278083760209 -0.0031954489307123145 0.99999466537347204 0 0 0 0 0 0 10000 3000000 0 -0 0 0 0 1
-4.4314999999999998 -7.2204999999999995 -24.9345 -4.4314999999999998 -7.2204999999999995 -24.9345 -4.4314999999999998 -7.2205000000000004 -24.9725 -4.4314999999999998 -7.2205000000000004 -24.9345 -4.4314999999999998 -7.2204999999999995 -24.9345 0 0 1 3.4639496321121373e-05 -5.3152494354953265e-06 -0.0031954896606238583 0.99999489379580442 0 0 0 1 0 0 0 0 0 0 10000 3000000 0 0 0 0 0 0
-1.036 -6.7169999999999996 0.17100000000000001 -4.4314999999999998 -7.2204999999999995 -24.9345 -1.01596 -6.6309300000000002 0.12865399999999999 -4.4314999999999998 -7.2205000000000004 -24.9725 -4.2826653117216313 -6.2294297161484868 0.17100000000000001 0.14851039328828219 0.98891084688426789 -0 0.00017140794264204932 0.00065494278083760209 -0.0031954489307123145 0.99999466537347204 3.4639496321121373e-05 -5.3152494354953265e-06 -0.0031954896606238583 0.99999489379580442 0 0 0 0 0 0 10000 3000000 0 0 0 0 0 0
-1.036 -6.7169999999999996 0.17100000000000001 -1.036 -6.7169999999999996 0.17100000000000001 -0.97348900000000005 -6.6375900000000003 0.12859599999999999 -1.14391 -6.6108799999999999 0.128828 -1.036 -6.7169999999999996 0.17100000000000001 0.98891084688426789 -0.14851039328828219 0 0.00015408794859844168 0.00065760078063368881 -0.0031954589340401356 0.9999946664159356 -0.00021388391818651518 0.00071406472686060647 -0.003195208777789527 0.99999461748856511 0 0 0 0 0 0 10000 3000000 0 0 0 0 0 0
3.8855000000000004 46.343499999999999 3.6414999999999997 3.8855000000000004 46.343499999999999 3.6414999999999997 4.1301199999999998 46.433199999999999 3.56928 4.1294599999999999 46.433199999999999 3.5062199999999999 3.8855000000000004 46.343499999999999 3.6414999999999997 0.0073455076744927848 0 0.99997302139457944 -7.9647770202030197e-05 0.0015888894055617825 -0.0031964488041387133 0.99999362588055141 -9.2238511761283599e-05 0.0015888102025883443 -0.0046056505872640588 0.99998812750795452 0 0 0 0 0 0 10000 3000000 0 0 0 0 0 0
-1.036 -6.7169999999999996 0.17100000000000001 3.8855000000000004 46.343499999999999 3.6414999999999997 -1.14391 -6.6108799999999999 0.128828 4.1301199999999998 46.433199999999999 3.56928 -4.0410460610016319 -6.2657150598308844 0.17100000000000001 0.14851030491779924 0.9889102584370405 -0.00109091301582676 -0.00021388391818651518 0.00071406472686060647 -0.003195208777789527 0.99999461748856511 -7.9647770202030197e-05 0.0015888894055617825 -0.0031964488041387133 0.99999362588055141 0 0 0 0 0 0 10000 3000000 0 0 0 0 0 0
-1.036 -6.7169999999999996 0.17100000000000001 -1.036 -6.7169999999999996 0.17100000000000001 -0.97736500000000004 -6.6312499999999996 0.126864 -1.0146999999999999 -6.6253799999999998 0.126915 -1.036 -6.7169999999999996 0.17100000000000001 0.98891084688426789 -0.14851039328828219 0 0.00015979801391210373 0.00065768805725868707 -0.0033716102935342626 0.99999408706003989 0.00017893301534936481 0.00065474805616608407 -0.0033716002892251202 0.99999408578223536 0 0 0 0 0 0 10000 3000000 0 -0 0 0 0 1
-4.4314999999999998 -7.2204999999999995 -24.9345 -4.4314999999999998 -7.2204999999999995 -24.9345 -4.4314999999999998 -7.2205000000000004 -24.974299999999999 -4.4314999999999998 -7.2205000000000004 -24.9345 -4.4314999999999998 -7.2204999999999995 -24.9345 0 0 1 3.8270312063590631e-05 -5.8792918532738904e-06 -0.003371651062813862 0.99999431521880544 0 0 0 1 0 0 0 0 0 0 10000 3000000 0 0 0 0 0 0
-1.036 -6.7169999999999996 0.17100000000000001 -4.4314999999999998 -7.2204999999999995 -24.9345 -1.0146999999999999 -6.6253799999999998 0.126915 -4.4314999999999998 -7.2205000000000004 -24.974299999999999 -4.2826653117216313 -6.2294297161484868 0.17100000000000001 0.14851039328828219 0.98891084688426789 -0 0.00017893301534936481 0.00065474805616608407 -0.0033716002892251202 0.99999408578223536 3.8270312063590631e-05 -5.8792918532738904e-06 -0.003371651062813862 0.99999431521880544 0 0 0 0 0 0 10000 3000000 0 0 0 0 0 0
-1.036 -6.7169999999999996 0.17100000000000001 -1.036 -6.7169999999999996 0.17100000000000001 -0.97736500000000004 -6.6312499999999996 0.126864 -1.1531 -6.6036400000000004 0.12710399999999999 -1.036 -6.7169999999999996 0.17100000000000001 0.98891084688426789 -0.14851039328828219 0 0.00015979801391210373 0.00065768805725868707 -0.0033716102935342626 0.99999408706003989 -0.00024218700699669434 0.00071944202078441774 -0.0033713400973967864 0.99999402888946298 0 0 0 0 0 0 10000 3000000 0 0 0 0 0 0
3.8855000000000004 46.343499999999999 3.6414999999999997 3.8855000000000004 46.343499999999999 3.6414999999999997 4.1402000000000001 46.439900000000002 3.56447 4.1395099999999996 46.439900000000002 3.49918 3.8855000000000004 46.343499999999999 3.6414999999999997 0.0073455076744927848 0 0.99997302139457944 -0.00010009699554775572 0.0016443599268600219 -0.0033726798499855615 0.99999295552101353 -0.00011314800051221776 0.0016442400074434275 -0.0048243600218397398 0.99998700452691258 0 0 0 0 0 0 10000 3000000 0 0 0 0 0 0
-1.036 -6.7169999999999996 0.17100000000000001 3.8855000000000004 46.343499999999999 3.6414999999999997 -1.1531 -6.6036400000000004 0.12710399999999999 4.1402000000000001 46.439900000000002 3.56447 -4.0410460610016319 -6.2657150598308844 0.17100000000000001 0.14851030491779924 0.9889102584370405 -0.00109091301582676 -0.00024218700699669434 0.00071944202078441774 -0.0033713400973967864 0.99999402888946298 -0.00010009699554775572 0.0016443599268600219 -0.0033726798499855615 0.99999295552101353 0 0 0 0 0 0 10000 3000000 0 0 0 0 0 0
-1.036 -6.7169999999999996 0.17100000000000001 -1.036 -6.7169999999999996 0.17100000000000001 -0.98122200000000004 -6.6253900000000003 0.12506500000000001 -1.0135000000000001 -6.6203099999999999 0.125109 -1.036 -6.7169999999999996 0.17100000000000001 0.98891084688426789 -0.14851039328828219 0 0.00016559807969680179 0.00065654931597516582 -0.0035466817068989537 0.99999348126332388 0.00018664008954074243 0.00065331331342762032 -0.0035466617015139819 0.99999347974772645 0 0 0 0 0 0 10000 3000000 0 -0 0 0 0 1
-4.4314999999999998 -7.2204999999999995 -24.9345 -4.4314999999999998 -7.2204999999999995 -24.9345 -4.4314999999999998 -7.2205000000000004 -24.976099999999999 -4.4314999999999998 -7.2205000000000004 -24.9345 -4.4314999999999998 -7.2204999999999995 -24.9345 0 0 1 4.2083187773328126e-05 -6.4725781194844542e-06 -0.0035467189695512305 0.9999937094660456 0 0 0 1 0 0 0 0 0 0 10000 3000000 0 0 0 0 0 0
-1.036 -6.7169999999999996 0.17100000000000001 -4.4314999999999998 -7.2204999999999995 -24.9345 -1.0135000000000001 -6.6203099999999999 0.125109 -4.4314999999999998 -7.2205000000000004 -24.976099999999999 -4.2826653117216313 -6.2294297161484868 0.17100000000000001 0.14851039328828219 0.98891084688426789 -0 0.00018664008954074243 0.00065331331342762032 -0.0035466617015139819 0.99999347974772645 4.2083187773328126e-05 -6.4725781194844542e-06 -0.0035467189695512305 0.9999937094660456 0 0 0 0 0 0 10000 3000000 0 0 0 0 0 0
-1.036 -6.7169999999999996 0.17100000000000001 -1.036 -6.7169999999999996 0.17100000000000001 -0.98122200000000004 -6.6253900000000003 0.12506500000000001 -1.16232 -6.5968799999999996 0.12531200000000001 -1.036 -6.7169999999999996 0.17100000000000001 0.98891084688426789 -0.14851039328828219 0 0.00016559807969680179 0.00065654931597516582 -0.0035466817068989537 0.99999348126332388 -0.00026671111058088927 0.00072304029977918497 -0.0035463814703625054 0.99999341460650382 0 0 0 0 0 0 10000 3000000 0 0 0 0 0 0
3.8855000000000004 46.343499999999999 3.6414999999999997 3.8855000000000004 46.343499999999999 3.6414999999999997 4.1501299999999999 46.446199999999997 3.5600200000000002 4.1494 46.446199999999997 3.4923600000000001 3.8855000000000004 46.343499999999999 3.6414999999999997 0.0073455076744927848 0 0.99997302139457944 -0.00011667202999386539 0.0016985704366658664 -0.0035478209120683247 0.99999225707646611 -0.00013017897941147515 0.0016984297313839538 -0.005041279202693841 0.99998584184671413 0 0 0 0 0 0 10000 3000000 0 0 0 0 0 0
-1.036 -6.7169999999999996 0.17100000000000001 3.8855000000000004 46.343499999999999 3.6414999999999997 -1.16232 -6.5968799999999996 0.12531200000000001 4.1501299999999999 46.446199999999997 3.5600200000000002 -4.0410460610016319 -6.2657150598308844 0.17100000000000001 0.14851030491779924 0.9889102584370405 -0.00109091301582676 -0.00026671111058088927 0.00072304029977918497 -0.0035463814703625054 0.99999341460650382 -0.00011667202999386539 0.0016985704366658664 -0.0035478209120683247 0.99999225707646611 0 0 0 0 0 0 10000 3000000 0 0 0 0 0 0
-1.036 -6.7169999999999996 0.17100000000000001 -1.036 -6.7169999999999996 0.17100000000000001 -0.98500399999999999 -6.6200000000000001 0.123195 -1.0123800000000001 -6.6156800000000002 0.12323199999999999 -1.036 -6.7169999999999996 0.17100000000000001 0.98891084688426789 -0.14851039328828219 0 0.00017149997502913036 0.00065418390474901824 -0.0037193794584480869 0.99999285439828078 0.00019454297131833801 0.00065063590407610737 -0.0037193594516511702 0.99999285257006809 0 0 0 0 0 0 10000 3000000 0 -0 0 0 0 1
-4.4314999999999998 -7.2204999999999995 -24.9345 -4.4314999999999998 -7.2204999999999995 -24.9345 -4.4314999999999998 -7.2205000000000004 -24.978000000000002 -4.4314999999999998 -7.2205000000000004 -24.9345 -4.4314999999999998 -7.2204999999999995 -24.9345 0 0 1 4.6085903771937703e-05 -7.0963605808073157e-06 -0.0037194203044189338 0.99999308184523472 0 0 0 1 0 0 0 0 0 0 10000 3000000 0 0 0 0 0 0
-1.036 -6.7169999999999996 0.17100000000000001 -4.4314999999999998 -7.2204999999999995 -24.9345 -1.0123800000000001 -6.6156800000000002 0.12323199999999999 -4.4314999999999998 -7.2205000000000004 -24.978000000000002 -4.2826653117216313 -6.2294297161484868 0.17100000000000001 0.14851039328828219 0.98891084688426789 -0 0.00019454297131833801 0.00065063590407610737 -0.0037193594516511702 0.99999285257006809 4.6085903771937703e-05 -7.0963605808073157e-06 -0.0037194203044189338 0.99999308184523472 0 0 0 0 0 0 10000 3000000 0 0 0 0 0 0
-1.036 -6.7169999999999996 0.17100000000000001 -1.036 -6.7169999999999996 0.17100000000000001 -0.98500399999999999 -6.6200000000000001 0.123195 -1.17137 -6.5906000000000002 0.123449 -1.036 -6.7169999999999996 0.17100000000000001 0.98891084688426789 -0.14851039328828219 0 0.00017149997502913036 0.00065418390474901824 -0.0037193794584480869 0.99999285439828078 -0.00028864193643396077 0.00072503684032909155 -0.0037190591809718831 0.99999277977704482 0 0 0 0 0 0 10000 3000000 0 0 0 0 0 0
3.8855000000000004 46.343499999999999 3.6414999999999997 3.8855000000000004 46.343499999999999 3.6414999999999997 4.1599700000000004 46.451999999999998 3.55579 4.1592099999999999 46.451999999999998 3.4857800000000001 3.8855000000000004 46.343499999999999 3.6414999999999997 0.0073455076744927848 0 0.99997302139457944 -0.00013038193921981113 0.0017528291828830785 -0.0037205982655675578 0.99999153383363781 -0.00014432395044598853 0.0017526693982163101 -0.0052529781963759929 0.99998465665261393 0 0 0 0 0 0 10000 3000000 0 0 0 0 0 0
-1.036 -6.7169999999999996 0.17100000000000001 3.8855000000000004 46.343499999999999 3.6414999999999997 -1.17137 -6.5906000000000002 0.123449 4.1599700000000004 46.451999999999998 3.55579 -4.0410460610016319 -6.2657150598308844 0.17100000000000001 0.14851030491779924 0.9889102584370405 -0.00109091301582676 -0.00028864193643396077 0.00072503684032909155 -0.0037190591809718831 0.99999277977704482 -0.00013038193921981113 0.0017528291828830785 -0.0037205982655675578 0.99999153383363781 0 0 0 0 0 0 10000 3000000 0 0 0 0 0 0
-1.036 -6.7169999999999996 0.17100000000000001 -1.036 -6.7169999999999996 0.17100000000000001 -0.98874399999999996 -6.6150500000000001 0.12127300000000001 -1.0113300000000001 -6.6114800000000002 0.12130299999999999 -1.036 -6.7169999999999996 0.17100000000000001 0.98891084688426789 -0.14851039328828219 0 0.00017757503882333945 0.00065115714236288458 -0.003886790849771463 0.99999221862891097 0.00020271004387554324 0.00064728214010088001 -0.0038867708412714972 0.99999221644315639 0 0 0 0 0 0 10000 3000000 0 -0 0 0 0 1
-4.4314999999999998 -7.2204999999999995 -24.9345 -4.4314999999999998 -7.2204999999999995 -24.9345 -4.4314999999999998 -7.2205000000000004 -24.979900000000001 -4.4314999999999998 -7.2205000000000004 -24.9345 -4.4314999999999998 -7.2204999999999995 -24.9345 0 0 1 5.0270622365998782e-05 -7.7493434477752209e-06 -0.0038868417293021909 0.9999924449085521 0 0 0 1 0 0 0 0 0 0 10000 3000000 0 0 0 0 0 0
-1.036 -6.7169999999999996 0.17100000000000001 -4.4314999999999998 -7.2204999999999995 -24.9345 -1.0113300000000001 -6.6114800000000002 0.12130299999999999 -4.4314999999999998 -7.2205000000000004 -24.979900000000001 -4.2826653117216313 -6.2294297161484868 0.17100000000000001 0.14851039328828219 0.98891084688426789 -0 0.00020271004387554324 0.00064728214010088001 -0.0038867708412714972 0.99999221644315639 5.0270622365998782e-05 -7.7493434477752209e-06 -0.0038868417293021909 0.9999924449085521 0 0 0 0 0 0 10000 3000000 0 0 0 0 0 0
-1.036 -6.7169999999999996 0.17100000000000001 -1.036 -6.7169999999999996 0.17100000000000001 -0.98874399999999996 -6.6150500000000001 0.12127300000000001 -1.1801200000000001 -6.5847899999999999 0.121532 -1.036 -6.7169999999999996 0.17100000000000001 0.98891084688426789 -0.14851039328828219 0 0.00017757503882333945 0.00065115714236288458 -0.003886790849771463 0.99999221862891097 -0.00030817504210666223 0.00072603609919997603 -0.0038864605310160085 0.99999213663121722 0 0 0 0 0 0 10000 3000000 0 0 0 0 0 0
3.8855000000000004 46.343499999999999 3.6414999999999997 3.8855000000000004 46.343499999999999 3.6414999999999997 4.1695399999999996 46.457299999999996 3.5517799999999999 4.1687500000000002 46.4572 3.47953 3.8855000000000004 46.343499999999999 3.6414999999999997 0.0073455076744927848 0 0.99997302139457944 -0.0001417129717478301 0.0018058896399743773 -0.0038880992248610797 0.99999080063991563 -0.00015606407371282372 0.0018057108528807598 -0.0054562025770959902 0.99998347231629703 0 0 0 0 0 0 10000 3000000 0 0 0 0 0 0
-1.036 -6.7169999999999996 0.17100000000000001 3.8855000000000004 46.343499999999999 3.6414999999999997 -1.1801200000000001 -6.5847899999999999 0.121532 4.1695399999999996 46.457299999999996 3.5517799999999999 -4.0410460610016319 -6.2657150598308844 0.17100000000000001 0.14851030491779924 0.9889102584370405 -0.00109091301582676 -0.00030817504210666223 0.00072603609919997603 -0.0038864605310160085 0.99999213663121722 -0.0001417129717478301 0.0018058896399743773 -0.0038880992248610797 0.99999080063991563 0 0 0 0 0 0 10000 3000000 0 0 0 0 0 0
-1.036 -6.7169999999999996 0.17100000000000001 -1.036 -6.7169999999999996 0.17100000000000001 -0.99589499999999997 -6.7387699999999997 0.102437 -1.03383 -6.7328999999999999 0.10254099999999999 -1.036 -6.7169999999999996 0.17100000000000001 0.98891084688426789 -0.14851039328828219 0 0.005075061785922731 0.0005941162090704877 -0.0022774408014352271 0.99998435189616597 0.00023191388561091464 0.001332689342664996 -0.002270818879942467 0.99999650676223861 0 0 0 0 0 0 10000 3000000 0 -0.0098125000000001406 0 0 0 1
-4.4314999999999998 -7.2204999999999995 -24.9345 -4.4314999999999998 -7.2204999999999995 -24.9345 -4.4314999999999998 -7.2205000000000004 -24.9941 -4.4314999999999998 -7.2205000000000004 -24.9345 -4.4314999999999998 -7.2204999999999995 -24.9345 0 0 1 1.401450590700958e-05 -2.1372009008142192e-06 -0.0022708609571509349 0.99999742149144533 0 0 0 1 0 0 0 0 0 0 10000 3000000 0 0 0 0 0 0
-1.036 -6.7169999999999996 0.17100000000000001 -4.4314999999999998 -7.2204999999999995 -24.9345 -1.03383 -6.7328999999999999 0.10254099999999999 -4.4314999999999998 -7.2205000000000004 -24.9941 -4.2826653117216313 -6.2294297161484868 0.17100000000000001 0.14851039328828219 0.98891084688426789 -0 0.00023191388561091464 0.001332689342664996 -0.002270818879942467 0.99999650676223861 1.401450590700958e-05 -2.1372009008142192e-06 -0.0022708609571509349 0.99999742149144533 0 0 0 0 0 0 10000 3000000 0 0 0 0 0 0
-1.036 -6.7169999999999996 0.17100000000000001 -1.036 -6.7169999999999996 0.17100000000000001 -0.99589499999999997 -6.7387699999999997 0.102437 -1.0718099999999999 -6.7270200000000004 0.102645 -1.036 -6.7169999999999996 0.17100000000000001 0.98891084688426789 -0.14851039328828219 0 0.005075061785922731 0.0005941162090704877 -0.0022774408014352271 0.99998435189616597 0.0015188094205521583 0.0011364495664279931 -0.0022725991329704408 0.99999561848715524 0 0 0 0 0 0 10000 3000000 0 0 0 0 0 0
3.8855000000000004 46.343499999999999 3.6414999999999997 3.8855000000000004 46.343499999999999 3.6414999999999997 4.12141 46.426499999999997 3.7229700000000001 4.1188500000000001 46.427300000000002 3.47783 3.8855000000000004 46.343499999999999 3.6414999999999997 0.0073455076744927848 0 0.99997302139457944 0.001581219957474468 0.0015457199584292096 -0.0022724999388830957 0.99999497310600716 0.0015643698299839094 0.0015487398316825815 -0.0041678995470316718 0.99998889132096602 0 0 0 0 0 0 10000 3000000 0 0 0 0 0 0
-1.036 -6.7169999999999996 0.17100000000000001 3.8855000000000004 46.343499999999999 3.6414999999999997 -1.0718099999999999 -6.7270200000000004 0.102645 4.12141 46.426499999999997 3.7229700000000001 -4.0410460610016319 -6.2657150598308844 0.17100000000000001 0.14851030491779924 0.9889102584370405 -0.00109091301582676 0.0015188094205521583 0.0011364495664279931 -0.0022725991329704408 0.99999561848715524 0.001581219957474468 0.0015457199584292096 -0.0022724999388830957 0.99999497310600716 0 0 0 0 0 0 10000 3000000 0 0 0 0 0 0
-1.036 -6.7169999999999996 0.17100000000000001 -1.036 -6.7169999999999996 0.17100000000000001 -1.04688 -6.9032099999999996 0.095459799999999997 -1.0602400000000001 -6.9011500000000003 0.095512299999999994 -1.036 -6.7169999999999996 0.17100000000000001 0.98891084688426789 -0.14851039328828219 0 0.01095309769567517 0.00029591893774424596 -0.0020878095607643108 0.99993778963197977 0.00027928899430061785 0.0019210599607973997 -0.0020669599578200543 0.99999597959332687 0 0 0 0 0 0 10000 3000000 0 -0.021587499999999888 0 0 0 1
-4.4314999999999998 -7.2204999999999995 -24.9345 -4.4314999999999998 -7.2204999999999995 -24.9345 -4.4314999999999998 -7.2205000000000004 -24.997199999999999 -4.4314999999999998 -7.2205000000000004 -24.9345 -4.4314999999999998 -7.2204999999999995 -24.9345 0 0 1 -6.4844191171853468e-06 9.8750286555742559e-07 -0.0020669397185985919 0.99999786385630685 0 0 0 1 0 0 0 0 0 0 10000 3000000 0 0 0 0 0 0
-1.036 -6.7169999999999996 0.17100000000000001 -4.4314999999999998 -7.2204999999999995 -24.9345 -1.0602400000000001 -6.9011500000000003 0.095512299999999994 -4.4314999999999998 -7.2205000000000004 -24.997199999999999 -4.2826653117216313 -6.2294297161484868 0.17100000000000001 0.14851039328828219 0.98891084688426789 -0 0.00027928899430061785 0.0019210599607973997 -0.0020669599578200543 0.99999597959332687 -6.4844191171853468e-06 9.8750286555742559e-07 -0.0020669397185985919 0.99999786385630685 0 0 0 0 0 0 10000 3000000 0 0 0 0 0 0
-1.036 -6.7169999999999996 0.17100000000000001 -1.036 -6.7169999999999996 0.17100000000000001 -1.04688 -6.9032099999999996 0.095459799999999997 -1.0234399999999999 -6.9068300000000002 0.0953677 -1.036 -6.7169999999999996 0.17100000000000001 0.98891084688426789 -0.14851039328828219 0 0.01095309769567517 0.00029591893774424596 -0.0020878095607643108 0.99993778963197977 0.0042366200148828657 0.0013188700046330719 -0.0020747200072883049 0.99998800351286798 0 0 0 0 0 0 10000 3000000 0 0 0 0 0 0
3.8855000000000004 46.343499999999999 3.6414999999999997 3.8855000000000004 46.343499999999999 3.6414999999999997 4.1743600000000001 46.372700000000002 4.0038 4.1678600000000001 46.377699999999997 3.4254799999999999 3.8855000000000004 46.343499999999999 3.6414999999999997 0.0073455076744927848 0 0.99997302139457944 0.0043341780031700416 0.0019594590972436703 -0.0020728390450075883 0.99998653928909287 0.00431359819011969 0.001969069173826729 -0.0042841982024552066 0.99997958043302304 0 0 0 0 0 0 10000 3000000 0 0 0 0 0 0
-1.036 -6.7169999999999996 0.17100000000000001 3.8855000000000004 46.343499999999999 3.6414999999999997 -1.0234399999999999 -6.9068300000000002 0.0953677 4.1743600000000001 46.372700000000002 4.0038 -4.0410460610016319 -6.2657150598308844 0.17100000000000001 0.14851030491779924 0.9889102584370405 -0.00109091301582676 0.0042366200148828657 0.0013188700046330719 -0.0020747200072883049 0.99998800351286798 0.0043341780031700416 0.0019594590972436703 -0.0020728390450075883 0.99998653928909287 0 0 0 0 0 0 10000 3000000 0 0 0 0 0 0
-1.036 -6.7169999999999996 0.17100000000000001 -1.036 -6.7169999999999996 0.17100000000000001 -1.1045 -7.0784599999999998 0.0945212 -1.0873900000000001 -7.0811200000000003 0.094433400000000001 -1.036 -6.7169999999999996 0.17100000000000001 0.98891084688426789 -0.14851039328828219 0 0.017228902898234831 -7.0324911830010883e-05 -0.0026077804386791283 0.99984816819380806 0.00034166182999208146 0.002509888751101455 -0.0025649287237140494 0.99999350241203744 0 0 0 0 0 0 10000 3000000 0 -0.0341474999999999 0 0 0 1
-4.4314999999999998 -7.2204999999999995 -24.9345 -4.4314999999999998 -7.2204999999999995 -24.9345 -4.4314999999999998 -7.2205000000000004 -24.994399999999999 -4.4314999999999998 -7.2205000000000004 -24.9345 -4.4314999999999998 -7.2204999999999995 -24.9345 0 0 1 -2.0446694082832303e-05 3.1242490958584429e-06 -0.0025648292577516558 0.99999671060611517 0 0 0 1 0 0 0 0 0 0 10000 3000000 0 0 0 0 0 0
-1.036 -6.7169999999999996 0.17100000000000001 -4.4314999999999998 -7.2204999999999995 -24.9345 -1.0873900000000001 -7.0811200000000003 0.094433400000000001 -4.4314999999999998 -7.2205000000000004 -24.994399999999999 -4.2826653117216313 -6.2294297161484868 0.17100000000000001 0.14851039328828219 0.98891084688426789 -0 0.00034166182999208146 0.002509888751101455 -0.0025649287237140494 0.99999350241203744 -2.0446694082832303e-05 3.1242490958584429e-06 -0.0025648292577516558 0.99999671060611517 0 0 0 0 0 0 10000 3000000 0 0 0 0 0 0
-1.036 -6.7169999999999996 0.17100000000000001 -1.036 -6.7169999999999996 0.17100000000000001 -1.1045 -7.0784599999999998 0.0945212 -1.00684 -7.0936399999999997 0.094020400000000004 -1.036 -6.7169999999999996 0.17100000000000001 0.98891084688426789 -0.14851039328828219 0 0.017228902898234831 -7.0324911830010883e-05 -0.0026077804386791283 0.99984816819380806 0.0069843011060102449 0.0014953602368001776 -0.0025818404088514945 0.99997115835204264 0 0 0 0 0 0 10000 3000000 0 0 0 0 0 0
3.8855000000000004 46.343499999999999 3.6414999999999997 3.8855000000000004 46.343499999999999 3.6414999999999997 4.2739500000000001 46.309899999999999 4.2951699999999997 4.2621000000000002 46.323399999999999 3.35494 3.8855000000000004 46.343499999999999 3.6414999999999997 0.0073455076744927848 0 0.99997302139457944 0.0071599268043557335 0.0026447388195906642 -0.0025753388505655077 0.99996755369088719 0.0071327901488005413 0.0026642200555795671 -0.0052897701103524208 0.99995702086058091 0 0 0 0 0 0 10000 3000000 0 0 0 0 0 0
-1.036 -6.7169999999999996 0.17100000000000001 3.8855000000000004 46.343499999999999 3.6414999999999997 -1.00684 -7.0936399999999997 0.094020400000000004 4.2739500000000001 46.309899999999999 4.2951699999999997 -4.0410460610016319 -6.2657150598308844 0.17100000000000001 0.14851030491779924 0.9889102584370405 -0.00109091301582676 0.0069843011060102449 0.0014953602368001776 -0.0025818404088514945 0.99997115835204264 0.0071599268043557335 0.0026447388195906642 -0.0025753388505655077 0.99996755369088719 0 0 0 0 0 0 10000 3000000 0 0 0 0 0 0
-1.036 -6.7169999999999996 0.17100000000000001 -1.036 -6.7169999999999996 0.17100000000000001 -1.16537 -7.2450099999999997 0.0969912 -1.1134599999999999 -7.2531499999999998 0.096662499999999998 -1.036 -6.7169999999999996 0.17100000000000001 0.98891084688426789 -0.14851039328828219 0 0.023661707421787782 -0.00046924114718330132 -0.0033458410494645115 0.99971431357278429 0.00040922989797531861 0.003101109226865675 -0.0032732491839496409 0.99998975069359253 0 0 0 0 0 0 10000 3000000 0 -0.047021499999999876 0 0 0 1
-4.4314999999999998 -7.2204999999999995 -24.9345 -4.4314999999999998 -7.2204999999999995 -24.9345 -4.4314999999999998 -7.2205000000000004 -24.988299999999999 -4.4314999999999998 -7.2205000000000004 -24.9345 -4.4314999999999998 -7.2204999999999995 -24.9345 0 0 1 -3.2663188338610274e-05 5.0145882096950601e-06 -0.0032730588314547177 0.99999464298257912 0 0 0 1 0 0 0 0 0 0 10000 3000000 0 0 0 0 0 0
-1.036 -6.7169999999999996 0.17100000000000001 -4.4314999999999998 -7.2204999999999995 -24.9345 -1.1134599999999999 -7.2531499999999998 0.096662499999999998 -4.4314999999999998 -7.2205000000000004 -24.988299999999999 -4.2826653117216313 -6.2294297161484868 0.17100000000000001 0.14851039328828219 0.98891084688426789 -0 0.00040922989797531861 0.003101109226865675 -0.0032732491839496409 0.99998975069359253 -3.2663188338610274e-05 5.0145882096950601e-06 -0.0032730588314547177 0.99999464298257912 0 0 0 0 0 0 10000 3000000 0 0 0 0 0 0
-1.036 -6.7169999999999996 0.17100000000000001 -1.036 -6.7169999999999996 0.17100000000000001 -1.16537 -7.2450099999999997 0.0969912 -1.0030600000000001 -7.2704700000000004 0.095963400000000004 -1.036 -6.7169999999999996 0.17100000000000001 0.98891084688426789 -0.14851039328828219 0 0.023661707421787782 -0.00046924114718330132 -0.0033458410494645115 0.99971431357278429 0.0095996104004472445 0.001690380070514116 -0.0033021001377469342 0.99994704171273852 0 0 0 0 0 0 10000 3000000 0 0 0 0 0 0
3.8855000000000004 46.343499999999999 3.6414999999999997 3.8855000000000004 46.343499999999999 3.6414999999999997 4.3834299999999997 46.249000000000002 4.5767800000000003 4.3652100000000003 46.274700000000003 3.2782100000000001 3.8855000000000004 46.343499999999999 3.6414999999999997 0.0073455076744927848 0 0.99997302139457944 0.0098582030188165762 0.0033745410333648426 -0.0032882110069285325 0.99994030620553931 0.009822883131418535 0.0034070310861210652 -0.0065772220967403256 0.99992431876400267 0 0 0 0 0 0 10000 3000000 0 0 0 0 0 0
-1.036 -6.7169999999999996 0.17100000000000001 3.8855000000000004 46.343499999999999 3.6414999999999997 -1.0030600000000001 -7.2704700000000004 0.095963400000000004 4.3834299999999997 46.249000000000002 4.5767800000000003 -4.0410460610016319 -6.2657150598308844 0.17100000000000001 0.14851030491779924 0.9889102584370405 -0.00109091301582676 0.0095996104004472445 0.001690380070514116 -0.0033021001377469342 0.99994704171273852 0.0098582030188165762 0.0033745410333648426 -0.0032882110069285325 0.99994030620553931 0 0 0 0 0 0 10000 3000000 0 0 0 0 0 0
-1.036 -6.7169999999999996 0.17100000000000001 -1.036 -6.7169999999999996 0.17100000000000001 -1.2270799999999999 -7.40381 0.101898 -1.1389899999999999 -7.4177099999999996 0.101232 -1.036 -6.7169999999999996 0.17100000000000001 0.98891084688426789 -0.14851039328828219 0 0.030155609452551139 -0.00087364927385334224 -0.0038775312154475656 0.99953731331409779 0.00047712797438197266 0.0036994298013696561 -0.0037674597977169788 0.99998594630860349 0 0 0 0 0 0 10000 3000000 0 -0.06002109999999998 0 0 0 1
-4.4314999999999998 -7.2204999999999995 -24.9345 -4.4314999999999998 -7.2204999999999995 -24.9345 -4.4314999999999998 -7.2205000000000004 -24.979800000000001 -4.4314999999999998 -7.2205000000000004 -24.9345 -4.4314999999999998 -7.2204999999999995 -24.9345 0 0 1 -4.5273895619951464e-05 6.9735493253400426e-06 -0.0037671396355459536 0.99999290325512324 0 0 0 1 0 0 0 0 0 0 10000 3000000 0 0 0 0 0 0
-1.036 -6.7169999999999996 0.17100000000000001 -4.4314999999999998 -7.2204999999999995 -24.9345 -1.1389899999999999 -7.4177099999999996 0.101232 -4.4314999999999998 -7.2205000000000004 -24.979800000000001 -4.2826653117216313 -6.2294297161484868 0.17100000000000001 0.14851039328828219 0.98891084688426789 -0 0.00047712797438197266 0.0036994298013696561 -0.0037674597977169788 0.99998594630860349 -4.5273895619951464e-05 6.9735493253400426e-06 -0.0037671396355459536 0.99999290325512324 0 0 0 0 0 0 10000 3000000 0 0 0 0 0 0
-1.036 -6.7169999999999996 0.17100000000000001 -1.036 -6.7169999999999996 0.17100000000000001 -1.2270799999999999 -7.40381 0.101898 -0.96561399999999997 -7.4450900000000004 0.099923300000000007 -1.036 -6.7169999999999996 0.17100000000000001 0.98891084688426789 -0.14851039328828219 0 0.030155609452551139 -0.00087364927385334224 -0.0038775312154475656 0.99953731331409779 0.011893601504119326 0.0019407002454298427 -0.0038100704818389655 0.99992012645447947 0 0 0 0 0 0 10000 3000000 0 0 0 0 0 0
3.8855000000000004 46.343499999999999 3.6414999999999997 3.8855000000000004 46.343499999999999 3.6414999999999997 4.50345 46.184100000000001 4.8265099999999999 4.4781700000000004 46.223799999999997 3.21332 3.8855000000000004 46.343499999999999 3.6414999999999997 0.0073455076744927848 0 0.99997302139457944 0.012243100294944109 0.0042088601013941292 -0.0037862300912127021 0.9999090240884474 0.012201302083336966 0.0042531207262080364 -0.0073949612626682017 0.99988917072817785 0 0 0 0 0 0 10000 3000000 0 0 0 0 0 0
-1.036 -6.7169999999999996 0.17100000000000001 3.8855000000000004 46.343499999999999 3.6414999999999997 -0.96561399999999997 -7.4450900000000004 0.099923300000000007 4.50345 46.184100000000001 4.8265099999999999 -4.0410460610016319 -6.2657150598308844 0.17100000000000001 0.14851030491779924 0.9889102584370405 -0.00109091301582676 0.011893601504119326 0.0019407002454298427 -0.0038100704818389655 0.99992012645447947 0.012243100294944109 0.0042088601013941292 -0.0037862300912127021 0.9999090240884474 0 0 0 0 0 0 10000 3000000 0 0 0 0 0 0
-1.036 -6.7169999999999996 0.17100000000000001 -1.036 -6.7169999999999996 0.17100000000000001 -1.2896000000000001 -7.5537999999999998 0.107862 -1.16353 -7.5738099999999999 0.106753 -1.036 -6.7169999999999996 0.17100000000000001 0.98891084688426789 -0.14851039328828219 0 0.036676400628711116 -0.0012699900217703164 -0.0043275900741840513 0.99931701713040832 0.00054913791762981458 0.0043120993531890412 -0.004171799374233909 0.99998185000363715 0 0 0 0 0 0 10000 3000000 0 -0.07307094000000014 0 0 0 1
-4.4314999999999998 -7.2204999999999995 -24.9345 -4.4314999999999998 -7.2204999999999995 -24.9345 -4.4314999999999998 -7.2205000000000004 -24.970300000000002 -4.4314999999999998 -7.2205000000000004 -24.9345 -4.4314999999999998 -7.2204999999999995 -24.9345 0 0 1 -5.7058817020409913e-05 8.8123826286974128e-06 -0.0041713312442909151 0.99999129829328204 0 0 0 1 0 0 0 0 0 0 10000 3000000 0 0 0 0 0 0
-1.036 -6.7169999999999996 0.17100000000000001 -4.4314999999999998 -7.2204999999999995 -24.9345 -1.16353 -7.5738099999999999 0.106753 -4.4314999999999998 -7.2205000000000004 -24.970300000000002 -4.2826653117216313 -6.2294297161484868 0.17100000000000001 0.14851039328828219 0.98891084688426789 -0 0.00054913791762981458 0.0043120993531890412 -0.004171799374233909 0.99998185000363715 -5.7058817020409913e-05 8.8123826286974128e-06 -0.0041713312442909151 0.99999129829328204 0 0 0 0 0 0 10000 3000000 0 0 0 0 0 0
-1.036 -6.7169999999999996 0.17100000000000001 -1.036 -6.7169999999999996 0.17100000000000001 -1.2896000000000001 -7.5537999999999998 0.107862 -0.91818200000000005 -7.6127500000000001 0.10459400000000001 -1.036 -6.7169999999999996 0.17100000000000001 0.98891084688426789 -0.14851039328828219 0 0.036676400628711116 -0.0012699900217703164 -0.0043275900741840513 0.99931701713040832 0.014005706601237676 0.0022338910528883833 -0.0042302919938417734 0.99989047127323438 0 0 0 0 0 0 10000 3000000 0 0 0 0 0 0
3.8855000000000004 46.343499999999999 3.6414999999999997 3.8855000000000004 46.343499999999999 3.6414999999999997 4.6226399999999996 46.118200000000002 5.0578000000000003 4.5897899999999998 46.173400000000001 3.1533799999999998 3.8855000000000004 46.343499999999999 3.6414999999999997 0.0073455076744927848 0 0.99997302139457944 0.014434406799416764 0.005008892359469783 -0.0041953719762559656 0.99987447099706517 0.014386402189607446 0.0050648407708677205 -0.008065501227567622 0.99985115217713905 0 0 0 0 0 0 10000 3000000 0 0 0 0 0 0
-1.036 -6.7169999999999996 0.17100000000000001 3.8855000000000004 46.343499999999999 3.6414999999999997 -0.91818200000000005 -7.6127500000000001 0.10459400000000001 4.6226399999999996 46.118200000000002 5.0578000000000003 -4.0410460610016319 -6.2657150598308844 0.17100000000000001 0.14851030491779924 0.9889102584370405 -0.00109091301582676 0.014005706601237676 0.0022338910528883833 -0.0042302919938417734 0.99989047127323438 0.014434406799416764 0.005008892359469783 -0.0041953719762559656 0.99987447099706517 0 0 0 0 0 0 10000 3000000 0 0 0 0 0 0
-1.036 -6.7169999999999996 0.17100000000000001 -1.036 -6.7169999999999996 0.17100000000000001 -1.3531299999999999 -7.6953899999999997 0.11367099999999999 -1.1870700000000001 -7.7219300000000004 0.111994 -1.036 -6.7169999999999996 0.17100000000000001 0.98891084688426789 -0.14851039328828219 0 0.043210321485726996 -0.0016563308235872972 -0.0049227424477647158 0.99905249676485763 0.00062860328660444334 0.0049481422560485877 -0.0047125721486431047 0.99997645592777129 0 0 0 0 0 0 10000 3000000 0 -0.086140876000000172 0 0 0 1
-4.4314999999999998 -7.2204999999999995 -24.9345 -4.4314999999999998 -7.2204999999999995 -24.9345 -4.4314999999999998 -7.2205000000000004 -24.960899999999999 -4.4314999999999998 -7.2205000000000004 -24.9345 -4.4314999999999998 -7.2204999999999995 -24.9345 0 0 1 -6.755119299944751e-05 1.0470298914928459e-05 -0.0047119495116851621 0.99998889636785904 0 0 0 1 0 0 0 0 0 0 10000 3000000 0 0 0 0 0 0
-1.036 -6.7169999999999996 0.17100000000000001 -4.4314999999999998 -7.2204999999999995 -24.9345 -1.1870700000000001 -7.7219300000000004 0.111994 -4.4314999999999998 -7.2205000000000004 -24.960899999999999 -4.2826653117216313 -6.2294297161484868 0.17100000000000001 0.14851039328828219 0.98891084688426789 -0 0.00062860328660444334 0.0049481422560485877 -0.0047125721486431047 0.99997645592777129 -6.755119299944751e-05 1.0470298914928459e-05 -0.0047119495116851621 0.99998889636785904 0 0 0 0 0 0 10000 3000000 0 0 0 0 0 0
-1.036 -6.7169999999999996 0.17100000000000001 -1.036 -6.7169999999999996 0.17100000000000001 -1.3531299999999999 -7.6953899999999997 0.11367099999999999 -0.88898699999999997 -7.7695699999999999 0.108983 -1.036 -6.7169999999999996 0.17100000000000001 0.98891084688426789 -0.14851039328828219 0 0.043210321485726996 -0.0016563308235872972 -0.0049227424477647158 0.99905249676485763 0.016489007689742388 0.0024894511609696883 -0.0047916622346188984 0.99984946628547744 0 0 0 0 0 0 10000 3000000 0 0 0 0 0 0
3.8855000000000004 46.343499999999999 3.6414999999999997 3.8855000000000004 46.343499999999999 3.6414999999999997 4.7398999999999996 46.0623 5.3302199999999997 4.6974799999999997 46.139600000000002 3.0684100000000001 3.8855000000000004 46.343499999999999 3.6414999999999997 0.0073455076744927848 0 0.99997302139457944 0.016999092415195854 0.0057796974211639131 -0.0047421978840845565 0.99982755388817302 0.016943400623159008 0.0058517802152218213 -0.0089757403301175213 0.99979903677147153 0 0 0 0 0 0 10000 3000000 0 0 0 0 0 0
-1.036 -6.7169999999999996 0.17100000000000001 3.8855000000000004 46.343499999999999 3.6414999999999997 -0.88898699999999997 -7.7695699999999999 0.108983 4.7398999999999996 46.0623 5.3302199999999997 -4.0410460610016319 -6.2657150598308844 0.17100000000000001 0.14851030491779924 0.9889102584370405 -0.00109091301582676 0.016489007689742388 0.0024894511609696883 -0.0047916622346188984 0.99984946628547744 0.016999092415195854 0.0057796974211639131 -0.0047421978840845565 0.99982755388817302 0 0 0 0 0 0 10000 3000000 0 0 0 0 0 0
-1.036 -6.7169999999999996 0.17100000000000001 -1.036 -6.7169999999999996 0.17100000000000001 -1.41909 -7.8309600000000001 0.11813 -1.2101599999999999 -7.8647299999999998 0.115745 -1.036 -6.7169999999999996 0.17100000000000001 0.98891084688426789 -0.14851039328828219 0 0.049747175693734762 -0.002060118993434341 -0.0058625171355982638 0.99874251201852038 0.0007126743546692117 0.0055897827818088865 -0.0055901827820079505 0.99996849764389084 0 0 0 0 0 0 10000 3000000 0 -0.099218850400000155 0 0 0 1
-4.4314999999999998 -7.2204999999999995 -24.9345 -4.4314999999999998 -7.2204999999999995 -24.9345 -4.4314999999999998 -7.2205000000000004 -24.952999999999999 -4.4314999999999998 -7.2205000000000004 -24.9345 -4.4314999999999998 -7.2204999999999995 -24.9345 0 0 1 -7.7493729154075997e-05 1.2081004545019685e-05 -0.0055893821027929906 0.99998437620618863 0 0 0 1 0 0 0 0 0 0 10000 3000000 0 0 0 0 0 0
-1.036 -6.7169999999999996 0.17100000000000001 -4.4314999999999998 -7.2204999999999995 -24.9345 -1.2101599999999999 -7.8647299999999998 0.115745 -4.4314999999999998 -7.2205000000000004 -24.952999999999999 -4.2826653117216313 -6.2294297161484868 0.17100000000000001 0.14851039328828219 0.98891084688426789 -0 0.0007126743546692117 0.0055897827818088865 -0.0055901827820079505 0.99996849764389084 -7.7493729154075997e-05 1.2081004545019685e-05 -0.0055893821027929906 0.99998437620618863 0 0 0 0 0 0 10000 3000000 0 0 0 0 0 0
-1.036 -6.7169999999999996 0.17100000000000001 -1.036 -6.7169999999999996 0.17100000000000001 -1.41909 -7.8309600000000001 0.11813 -0.90910800000000003 -7.9133899999999997 0.11230800000000001 -1.036 -6.7169999999999996 0.17100000000000001 0.98891084688426789 -0.14851039328828219 0 0.049747175693734762 -0.002060118993434341 -0.0058625171355982638 0.99874251201852038 0.019537007461469139 0.002655531014186167 -0.0056960921754209831 0.99978938183420019 0 0 0 0 0 0 10000 3000000 0 0 0 0 0 0
3.8855000000000004 46.343499999999999 3.6414999999999997 3.8855000000000004 46.343499999999999 3.6414999999999997 4.84701 46.021700000000003 5.6649599999999998 4.7923999999999998 46.131700000000002 2.94679 3.8855000000000004 46.343499999999999 3.6414999999999997 0.0073455076744927848 0 0.99997302139457944 0.020133109892841894 0.0064772131827197212 -0.0056270527649748903 0.9997604912540845 0.020064401974529755 0.0065770406472439339 -0.01057770104094732 0.99972109838215251 0 0 0 0 0 0 10000 3000000 0 0 0 0 0 0
-1.036 -6.7169999999999996 0.17100000000000001 3.8855000000000004 46.343499999999999 3.6414999999999997 -0.90910800000000003 -7.9133899999999997 0.11230800000000001 4.84701 46.021700000000003 5.6649599999999998 -4.0410460610016319 -6.2657150598308844 0.17100000000000001 0.14851030491779924 0.9889102584370405 -0.00109091301582676 0.019537007461469139 0.002655531014186167 -0.0056960921754209831 0.99978938183420019 0.020133109892841894 0.0064772131827197212 -0.0056270527649748903 0.9997604912540845 0 0 0 0 0 0 10000 3000000 0 0 0 0 0 0
-1.036 -6.7169999999999996 0.17100000000000001 -1.036 -6.7169999999999996 0.17100000000000001 -1.4875799999999999 -7.9636800000000001 0.120272 -1.2334799999999999 -8.0053000000000001 0.117038 -1.036 -6.7169999999999996 0.17100000000000001 0.98891084688426789 -0.14851039328828219 0 0.05628087243331073 -0.0024860987822947719 -0.0069757165832546094 0.9983875109841569 0.00079723620921296097 0.0062313716352540138 -0.0066338417408713466 0.99995826241185048 0 0 0 0 0 0 10000 3000000 0 -0.1123000433000001 0 0 0 1
-4.4314999999999998 -7.2204999999999995 -24.9345 -4.4314999999999998 -7.2204999999999995 -24.9345 -4.4314999999999998 -7.2205000000000004 -24.947500000000002 -4.4314999999999998 -7.2205000000000004 -24.9345 -4.4314999999999998 -7.2204999999999995 -24.9345 0 0 1 -8.8263199860303469e-05 1.3854199978072586e-05 -0.0066328499895020104 0.99997799841730806 0 0 0 1 0 0 0 0 0 0 10000 3000000 0 0 0 0 0 0
-1.036 -6.7169999999999996 0.17100000000000001 -4.4314999999999998 -7.2204999999999995 -24.9345 -1.2334799999999999 -8.0053000000000001 0.117038 -4.4314999999999998 -7.2205000000000004 -24.947500000000002 -4.2826653117216313 -6.2294297161484868 0.17100000000000001 0.14851039328828219 0.98891084688426789 -0 0.00079723620921296097 0.0062313716352540138 -0.0066338417408713466 0.99995826241185048 -8.8263199860303469e-05 1.3854199978072586e-05 -0.0066328499895020104 0.99997799841730806 0 0 0 0 0 0 10000 3000000 0 0 0 0 0 0
-1.036 -6.7169999999999996 0.17100000000000001 -1.036 -6.7169999999999996 0.17100000000000001 -1.4875799999999999 -7.9636800000000001 0.120272 -0.98184499999999997 -8.0465099999999996 0.113834 -1.036 -6.7169999999999996 0.17100000000000001 0.98891084688426789 -0.14851039328828219 0 0.05628087243331073 -0.0024860987822947719 -0.0069757165832546094 0.9983875109841569 0.022366497157709702 0.0028458196383588591 -0.0067689291398178491 0.99972287295719109 0 0 0 0 0 0 10000 3000000 0 0 0 0 0 0
3.8855000000000004 46.343499999999999 3.6414999999999997 3.8855000000000004 46.343499999999999 3.6414999999999997 4.9152199999999997 45.976399999999998 5.97485 4.8505900000000004 46.121200000000002 2.84057 3.8855000000000004 46.343499999999999 3.6414999999999997 0.0073455076744927848 0 0.99997302139457944 0.022984610481618029 0.0067813830924982324 -0.0066867730493534363 0.99969045588649474 0.022896801008062951 0.006923670304824046 -0.012867600566513697 0.9996310440101227 0 0 0 0 0 0 10000 3000000 0 0 0 0 0 0
-1.036 -6.7169999999999996 0.17100000000000001 3.8855000000000004 46.343499999999999 3.6414999999999997 -0.98184499999999997 -8.0465099999999996 0.113834 4.9152199999999997 45.976399999999998 5.97485 -4.0410460610016319 -6.2657150598308844 0.17100000000000001 0.14851030491779924 0.9889102584370405 -0.00109091301582676 0.022366497157709702 0.0028458196383588591 -0.0067689291398178491 0.99972287295719109 0.022984610481618029 0.0067813830924982324 -0.0066867730493534363 0.99969045588649474 0 0 0 0 0 0 10000 3000000 0 0 0 0 0 0
-1.036 -6.7169999999999996 0.17100000000000001 -1.036 -6.7169999999999996 0.17100000000000001 -1.5566199999999999 -8.0953800000000005 0.12003999999999999 -1.2573000000000001 -8.1450600000000009 0.115829 -1.036 -6.7169999999999996 0.17100000000000001 0.98891084688426789 -0.14851039328828219 0 0.062811696866020506 -0.0029174798544328129 -0.0081381995939458426 0.99798795020555198 0.00088290210440582022 0.0068847408141412382 -0.0077189009127831693 0.99994611824662571 0 0 0 0 0 0 10000 3000000 0 -0.12538252359999991 0 0 0 1
-4.4314999999999998 -7.2204999999999995 -24.9345 -4.4314999999999998 -7.2204999999999995 -24.9345 -4.4314999999999998 -7.2205000000000004 -24.944500000000001 -4.4314999999999998 -7.2205000000000004 -24.9345 -4.4314999999999998 -7.2204999999999995 -24.9345 0 0 1 -0.00010020602135507082 1.5840303375753234e-05 -0.0077176816447278914 0.99997021310530487 0 0 0 1 0 0 0 0 0 0 10000 3000000 0 0 0 0 0 0
-1.036 -6.7169999999999996 0.17100000000000001 -4.4314999999999998 -7.2204999999999995 -24.9345 -1.2573000000000001 -8.1450600000000009 0.115829 -4.4314999999999998 -7.2205000000000004 -24.944500000000001 -4.2826653117216313 -6.2294297161484868 0.17100000000000001 0.14851039328828219 0.98891084688426789 -0 0.00088290210440582022 0.0068847408141412382 -0.0077189009127831693 0.99994611824662571 -0.00010020602135507082 1.5840303375753234e-05 -0.0077176816447278914 0.99997021310530487 0 0 0 0 0 0 10000 3000000 0 0 0 0 0 0
-1.036 -6.7169999999999996 0.17100000000000001 -1.036 -6.7169999999999996 0.17100000000000001 -1.5566199999999999 -8.0953800000000005 0.12003999999999999 -1.091 -8.1726700000000001 0.11348900000000001 -1.036 -6.7169999999999996 0.17100000000000001 0.98891084688426789 -0.14851039328828219 0 0.062811696866020506 -0.0029174798544328129 -0.0081381995939458426 0.99798795020555198 0.025233196817985543 0.0030345296173327867 -0.0078869590054206073 0.99964587394036342 0 0 0 0 0 0 10000 3000000 0 0 0 0 0 0
3.8855000000000004 46.343499999999999 3.6414999999999997 3.8855000000000004 46.343499999999999 3.6414999999999997 4.9481900000000003 45.924399999999999 6.2876300000000001 4.8757799999999998 46.108400000000003 2.7425700000000002 3.8855000000000004 46.343499999999999 3.6414999999999997 0.0073455076744927848 0 0.99997302139457944 0.025817489757365069 0.0067284273306148093 -0.0077993169057582077 0.99961360342088601 0.025708589279945827 0.0069271071115115379 -0.01548199354426617 0.99952558321445473 0 0 0 0 0 0 10000 3000000 0 0 0 0 0 0
-1.036 -6.7169999999999996 0.17100000000000001 3.8855000000000004 46.343499999999999 3.6414999999999997 -1.091 -8.1726700000000001 0.11348900000000001 4.9481900000000003 45.924399999999999 6.2876300000000001 -4.0410460610016319 -6.2657150598308844 0.17100000000000001 0.14851030491779924 0.9889102584370405 -0.00109091301582676 0.025233196817985543 0.0030345296173327867 -0.0078869590054206073 0.99964587394036342 0.025817489757365069 0.0067284273306148093 -0.0077993169057582077 0.99961360342088601 0 0 0 0 0 0 10000 3000000 0 0 0 0 0 0
-1.036 -6.7169999999999996 0.17100000000000001 -1.036 -6.7169999999999996 0.17100000000000001 -1.6221699999999999 -8.22715 0.118036 -1.28142 -8.2843300000000006 0.112757 -1.036 -6.7169999999999996 0.17100000000000001 0.98891084688426789 -0.14851039328828219 0 0.069346177539280227 -0.003307848928611923 -0.0090988070529629365 0.99754567690225049 0.00097489389668131883 0.0075792491967556323 -0.0085913990894885828 0.99993389402759458 0 0 0 0 0 0 10000 3000000 0 -0.13846550630000012 0 0 0 1
-4.4314999999999998 -7.2204999999999995 -24.9345 -4.4314999999999998 -7.2204999999999995 -24.9345 -4.4314999999999998 -7.2205000000000004 -24.943100000000001 -4.4314999999999998 -7.2205000000000004 -24.9345 -4.4314999999999998 -7.2204999999999995 -24.9345 0 0 1 -0.0001121620111701562 1.783060177574033e-05 -0.0085899108554647417 0.99996309958580376 0 0 0 1 0 0 0 0 0 0 10000 3000000 0 0 0 0 0 0
-1.036 -6.7169999999999996 0.17100000000000001 -4.4314999999999998 -7.2204999999999995 -24.9345 -1.28142 -8.2843300000000006 0.112757 -4.4314999999999998 -7.2205000000000004 -24.943100000000001 -4.2826653117216313 -6.2294297161484868 0.17100000000000001 0.14851039328828219 0.98891084688426789 -0 0.00097489389668131883 0.0075792491967556323 -0.0085913990894885828 0.99993389402759458 -0.0001121620111701562 1.783060177574033e-05 -0.0085899108554647417 0.99996309958580376 0 0 0 0 0 0 10000 3000000 0 0 0 0 0 0
-1.036 -6.7169999999999996 0.17100000000000001 -1.036 -6.7169999999999996 0.17100000000000001 -1.6221699999999999 -8.22715 0.118036 -1.1673800000000001 -8.3034599999999994 0.11099000000000001 -1.036 -6.7169999999999996 0.17100000000000001 0.98891084688426789 -0.14851039328828219 0 0.069346177539280227 -0.003307848928611923 -0.0090988070529629365 0.99754567690225049 0.028668705155285499 0.0031742305707988814 -0.0088013215826778807 0.99954517974096646 0 0 0 0 0 0 10000 3000000 0 0 0 0 0 0
3.8855000000000004 46.343499999999999 3.6414999999999997 3.8855000000000004 46.343499999999999 3.6414999999999997 4.99247 45.856400000000001 6.6614899999999997 4.90998 46.093899999999998 2.6245699999999998 3.8855000000000004 46.343499999999999 3.6414999999999997 0.0073455076744927848 0 0.99997302139457944 0.029243012420529211 0.0067831128810250619 -0.0087033236966056939 0.99951142452742781 0.029120307347581365 0.0070352517751215409 -0.017310404367728783 0.99940125216705067 0 0 0 0 0 0 10000 3000000 0 0 0 0 0 0
-1.036 -6.7169999999999996 0.17100000000000001 3.8855000000000004 46.343499999999999 3.6414999999999997 -1.1673800000000001 -8.3034599999999994 0.11099000000000001 4.99247 45.856400000000001 6.6614899999999997 -4.0410460610016319 -6.2657150598308844 0.17100000000000001 0.14851030491779924 0.9889102584370405 -0.00109091301582676 0.028668705155285499 0.0031742305707988814 -0.0088013215826778807 0.99954517974096646 0.029243012420529211 0.0067831128810250619 -0.0087033236966056939 0.99951142452742781 0 0 0 0 0 0 10000 3000000 0 0 0 0 0 0
-1.036 -6.7169999999999996 0.17100000000000001 -1.036 -6.7169999999999996 0.17100000000000001 -1.6878 -8.3583700000000007 0.113436 -1.30599 -8.4231300000000005 0.10696700000000001 -1.036 -6.7169999999999996 0.17100000000000001 0.98891084688426789 -0.14851039328828219 0 0.075878712309256954 -0.0036985405999876023 -0.010088101636520066 0.99705916174572629 0.0010698601395986392 0.0082856410811359138 -0.009483471237432475 0.99992013047265182 0 0 0 0 0 0 10000 3000000 0 -0.15154870880000004 0 0 0 1
-4.4314999999999998 -7.2204999999999995 -24.9345 -4.4314999999999998 -7.2204999999999995 -24.9345 -4.4314999999999998 -7.2205000000000004 -24.944299999999998 -4.4314999999999998 -7.2205000000000004 -24.9345 -4.4314999999999998 -7.2204999999999995 -24.9345 0 0 1 -0.00012427700494004339 1.987000078983772e-05 -0.0094817003769000641 0.99995503974847377 0 0 0 1 0 0 0 0 0 0 10000 3000000 0 0 0 0 0 0
-1.036 -6.7169999999999996 0.17100000000000001 -4.4314999999999998 -7.2204999999999995 -24.9345 -1.30599 -8.4231300000000005 0.10696700000000001 -4.4314999999999998 -7.2205000000000004 -24.944299999999998 -4.2826653117216313 -6.2294297161484868 0.17100000000000001 0.14851039328828219 0.98891084688426789 -0 0.0010698601395986392 0.0082856410811359138 -0.009483471237432475 0.99992013047265182 -0.00012427700494004339 1.987000078983772e-05 -0.0094817003769000641 0.99995503974847377 0 0 0 0 0 0 10000 3000000 0 0 0 0 0 0
-1.036 -6.7169999999999996 0.17100000000000001 -1.036 -6.7169999999999996 0.17100000000000001 -1.6878 -8.3583700000000007 0.113436 -1.24427 -8.4336000000000002 0.105921 -1.036 -6.7169999999999996 0.17100000000000001 0.98891084688426789 -0.14851039328828219 0 0.075878712309256954 -0.0036985405999876023 -0.010088101636520066 0.99705916174572629 0.032136884349009728 0.0033152983854158914 -0.0097405652562454273 0.99943051326715204 0 0 0 0 0 0 10000 3000000 0 0 0 0 0 0
3.8855000000000004 46.343499999999999 3.6414999999999997 3.8855000000000004 46.343499999999999 3.6414999999999997 5.0377599999999996 45.775300000000001 7.0368899999999996 4.9450700000000003 46.073500000000003 2.5051700000000001 3.8855000000000004 46.343499999999999 3.6414999999999997 0.0073455076744927848 0 0.99997302139457944 0.032702807388418166 0.0068503315476687813 -0.0096323421761976297 0.99939522578947904 0.03256778493377098 0.0071585266883838509 -0.019038791192437898 0.99926253772974505 0 0 0 0 0 0 10000 3000000 0 0 0 0 0 0
-1.036 -6.7169999999999996 0.17100000000000001 3.8855000000000004 46.343499999999999 3.6414999999999997 -1.24427 -8.4336000000000002 0.105921 5.0377599999999996 45.775300000000001 7.0368899999999996 -4.0410460610016319 -6.2657150598308844 0.17100000000000001 0.14851030491779924 0.9889102584370405 -0.00109091301582676 0.032136884349009728 0.0033152983854158914 -0.0097405652562454273 0.99943051326715204 0.032702807388418166 0.0068503315476687813 -0.0096323421761976297 0.99939522578947904 0 0 0 0 0 0 10000 3000000 0 0 0 0 0 0
-1.036 -6.7169999999999996 0.17100000000000001 -1.036 -6.7169999999999996 0.17100000000000001 -1.7548699999999999 -8.4889899999999994 0.106048 -1.3311200000000001 -8.5617000000000001 0.098253300000000002 -1.036 -6.7169999999999996 0.17100000000000001 0.98891084688426789 -0.14851039328828219 0 0.08240561005623688 -0.0041064505011241224 -0.011142501359757339 0.99652812160971616 0.001164730548567573 0.0089913742347788924 -0.010433004913761548 0.99990447093739365 0 0 0 0 0 0 10000 3000000 0 -0.16463197409999997 0 0 0 1
-4.4314999999999998 -7.2204999999999995 -24.9345 -4.4314999999999998 -7.2204999999999995 -24.9345 -4.4314999999999998 -7.2205000000000004 -24.948499999999999 -4.4314999999999998 -7.2205000000000004 -24.9345 -4.4314999999999998 -7.2204999999999995 -24.9345 0 0 1 -0.0001372589433176722 2.2079390882114917e-05 -0.010430895692466845 0.9999455870633841 0 0 0 1 0 0 0 0 0 0 10000 3000000 0 0 0 0 0 0
-1.036 -6.7169999999999996 0.17100000000000001 -4.4314999999999998 -7.2204999999999995 -24.9345 -1.3311200000000001 -8.5617000000000001 0.098253300000000002 -4.4314999999999998 -7.2205000000000004 -24.948499999999999 -4.2826653117216313 -6.2294297161484868 0.17100000000000001 0.14851039328828219 0.98891084688426789 -0 0.001164730548567573 0.0089913742347788924 -0.010433004913761548 0.99990447093739365 -0.0001372589433176722 2.2079390882114917e-05 -0.010430895692466845 0.9999455870633841 0 0 0 0 0 0 10000 3000000 0 0 0 0 0 0
-1.036 -6.7169999999999996 0.17100000000000001 -1.036 -6.7169999999999996 0.17100000000000001 -1.7548699999999999 -8.4889899999999994 0.106048 -1.33988 -8.5602 0.098414500000000002 -1.036 -6.7169999999999996 0.17100000000000001 0.98891084688426789 -0.14851039328828219 0 0.08240561005623688 -0.0041064505011241224 -0.011142501359757339 0.99652812160971616 0.035546311596399247 0.0034569211277636347 -0.010741203504140897 0.9993043260065928 0 0 0 0 0 0 10000 3000000 0 0 0 0 0 0
3.8855000000000004 46.343499999999999 3.6414999999999997 3.8855000000000004 46.343499999999999 3.6414999999999997 5.0680100000000001 45.681600000000003 7.4035900000000003 4.9670399999999999 46.045400000000001 2.3931 3.8855000000000004 46.343499999999999 3.6414999999999997 0.0073455076744927848 0 0.99997302139457944 0.036079182550898328 0.0067643467285352539 -0.010628694859607006 0.99926951671977693 0.035932411094875417 0.0071354522032185093 -0.020893506451302432 0.9991103084959807 0 0 0 0 0 0 10000 3000000 0 0 0 0 0 0
-1.036 -6.7169999999999996 0.17100000000000001 3.8855000000000004 46.343499999999999 3.6414999999999997 -1.33988 -8.5602 0.098414500000000002 5.0680100000000001 45.681600000000003 7.4035900000000003 -4.0410460610016319 -6.2657150598308844 0.17100000000000001 0.14851030491779924 0.9889102584370405 -0.00109091301582676 0.035546311596399247 0.0034569211277636347 -0.010741203504140897 0.9993043260065928 0.036079182550898328 0.0067643467285352539 -0.010628694859607006 0.99926951671977693 0 0 0 0 0 0 10000 3000000 0 0 0 0 0 0
-1.036 -6.7169999999999996 0.17100000000000001 -1.036 -6.7169999999999996 0.17100000000000001 -1.8213999999999999 -8.6225500000000004 0.095921999999999993 -1.35703 -8.7030100000000008 0.086707900000000004 -1.036 -6.7169999999999996 0.17100000000000001 0.98891084688426789 -0.14851039328828219 0 0.088924891290198246 -0.0045169095575885868 -0.012074498817355979 0.99595490245060037 0.0012498001274616722 0.0096652009857117593 -0.01126080114844007 0.99988910197433523 0 0 0 0 0 0 10000 3000000 0 -0.17771528649999993 0 0 0 1
-4.4314999999999998 -7.2204999999999995 -24.9345 -4.4314999999999998 -7.2204999999999995 -24.9345 -4.4314999999999998 -7.22051 -24.9557 -4.4314999999999998 -7.2205000000000004 -24.9345 -4.4314999999999998 -7.2204999999999995 -24.9345 0 0 1 -0.00015257994070917813 2.4672990412357789e-05 -0.011258295625154936 0.99993661143605606 0 0 0 1 0 0 0 0 0 0 10000 3000000 0 0 0 0 0 0
-1.036 -6.7169999999999996 0.17100000000000001 -4.4314999999999998 -7.2204999999999995 -24.9345 -1.35703 -8.7030100000000008 0.086707900000000004 -4.4314999999999998 -7.22051 -24.9557 -4.2826653117216313 -6.2294297161484868 0.17100000000000001 0.14851039328828219 0.98891084688426789 -0 0.0012498001274616722 0.0096652009857117593 -0.01126080114844007 0.99988910197433523 -0.00015257994070917813 2.4672990412357789e-05 -0.011258295625154936 0.99993661143605606 0 0 0 0 0 0 10000 3000000 0 0 0 0 0 0
-1.036 -6.7169999999999996 0.17100000000000001 -1.036 -6.7169999999999996 0.17100000000000001 -1.8213999999999999 -8.6225500000000004 0.095921999999999993 -1.43991 -8.6886600000000005 0.088349399999999995 -1.036 -6.7169999999999996 0.17100000000000001 0.98891084688426789 -0.14851039328828219 0 0.088924891290198246 -0.0045169095575885868 -0.012074498817355979 0.99595490245060037 0.038569190890203726 0.0036577591360606805 -0.011612097257296878 0.9991817639996563 0 0 0 0 0 0 10000 3000000 0 0 0 0 0 0
3.8855000000000004 46.343499999999999 3.6414999999999997 3.8855000000000004 46.343499999999999 3.6414999999999997 5.0766600000000004 45.576799999999999 7.7249499999999998 4.9707800000000004 46.002299999999998 2.3094199999999998 3.8855000000000004 46.343499999999999 3.6414999999999997 0.0073455076744927848 0 0.99997302139457944 0.039034112286905502 0.0065271420545715761 -0.011505803621722476 0.99915031450607616 0.038876918864753744 0.0069639433792049576 -0.022672511001677845 0.99896248473957883 0 0 0 0 0 0 10000 3000000 0 0 0 0 0 0
-1.036 -6.7169999999999996 0.17100000000000001 3.8855000000000004 46.343499999999999 3.6414999999999997 -1.43991 -8.6886600000000005 0.088349399999999995 5.0766600000000004 45.576799999999999 7.7249499999999998 -4.0410460610016319 -6.2657150598308844 0.17100000000000001 0.14851030491779924 0.9889102584370405 -0.00109091301582676 0.038569190890203726 0.0036577591360606805 -0.011612097257296878 0.9991817639996563 0.039034112286905502 0.0065271420545715761 -0.011505803621722476 0.99915031450607616 0 0 0 0 0 0 10000 3000000 0 0 0 0 0 0
-1.036 -6.7169999999999996 0.17100000000000001 -1.036 -6.7169999999999996 0.17100000000000001 -1.8907799999999999 -8.7484400000000004 0.083350900000000006 -1.38283 -8.8376099999999997 0.072520100000000004 -1.036 -6.7169999999999996 0.17100000000000001 0.98891084688426789 -0.14851039328828219 0 0.095443271700392421 -0.0049524285315697848 -0.013299296056664313 0.99533370487649098 0.0013556306677958037 0.010415805130918858 -0.01235600608667922 0.99986849254417109 0 0 0 0 0 0 10000 3000000 0 -0.19079861460000014 0 0 0 1
-4.4314999999999998 -7.2204999999999995 -24.9345 -4.4314999999999998 -7.2204999999999995 -24.9345 -4.4314999999999998 -7.22051 -24.9651 -4.4314999999999998 -7.2205000000000004 -24.9345 -4.4314999999999998 -7.2204999999999995 -24.9345 0 0 1 -0.00016580694731094353 2.6998691420530925e-05 -0.012353196074481461 0.99992368225073669 0 0 0 1 0 0 0 0 0 0 10000 3000000 0 0 0 0 0 0
-1.036 -6.7169999999999996 0.17100000000000001 -4.4314999999999998 -7.2204999999999995 -24.9345 -1.38283 -8.8376099999999997 0.072520100000000004 -4.4314999999999998 -7.22051 -24.9651 -4.2826653117216313 -6.2294297161484868 0.17100000000000001 0.14851039328828219 0.98891084688426789 -0 0.0013556306677958037 0.010415805130918858 -0.01235600608667922 0.99986849254417109 -0.00016580694731094353 2.6998691420530925e-05 -0.012353196074481461 0.99992368225073669 0 0 0 0 0 0 10000 3000000 0 0 0 0 0 0
-1.036 -6.7169999999999996 0.17100000000000001 -1.036 -6.7169999999999996 0.17100000000000001 -1.8907799999999999 -8.7484400000000004 0.083350900000000006 -1.5562800000000001 -8.8071599999999997 0.076218599999999997 -1.036 -6.7169999999999996 0.17100000000000001 0.98891084688426789 -0.14851039328828219 0 0.095443271700392421 -0.0049524285315697848 -0.013299296056664313 0.99533370487649098 0.04201670156442127 0.0037866501409895541 -0.012776500475711524 0.99902803719713007 0 0 0 0 0 0 10000 3000000 0 0 0 0 0 0
3.8855000000000004 46.343499999999999 3.6414999999999997 3.8855000000000004 46.343499999999999 3.6414999999999997 5.0999699999999999 45.460900000000002 8.0909700000000004 4.9881099999999998 45.964599999999997 2.1960799999999998 3.8855000000000004 46.343499999999999 3.6414999999999997 0.0073455076744927848 0 0.99997302139457944 0.042430899891244211 0.0063242899837900411 -0.012673799967515441 0.99899899743943865 0.042264099748598988 0.0068336399593512225 -0.024648899853380094 0.99877899405892823 0 0 0 0 0 0 10000 3000000 0 0 0 0 0 0
-1.036 -6.7169999999999996 0.17100000000000001 3.8855000000000004 46.343499999999999 3.6414999999999997 -1.5562800000000001 -8.8071599999999997 0.076218599999999997 5.0999699999999999 45.460900000000002 8.0909700000000004 -4.0410460610016319 -6.2657150598308844 0.17100000000000001 0.14851030491779924 0.9889102584370405 -0.00109091301582676 0.04201670156442127 0.0037866501409895541 -0.012776500475711524 0.99902803719713007 0.042430899891244211 0.0063242899837900411 -0.012673799967515441 0.99899899743943865 0 0 0 0 0 0 10000 3000000 0 0 0 0 0 0
-1.036 -6.7169999999999996 0.17100000000000001 -1.036 -6.7169999999999996 0.17100000000000001 -1.9615899999999999 -8.8767399999999999 0.068373500000000004 -1.4094800000000001 -8.9748199999999994 0.0558028 -1.036 -6.7169999999999996 0.17100000000000001 0.98891084688426789 -0.14851039328828219 0 0.10195099767962784 -0.0054096098768790053 -0.014434899671466292 0.99466997736162888 0.0014491597611700022 0.01111739816778781 -0.013364497797452659 0.99984783521923348 0 0 0 0 0 0 10000 3000000 0 -0.20388194270000001 0 0 0 1
-4.4314999999999998 -7.2204999999999995 -24.9345 -4.4314999999999998 -7.2204999999999995 -24.9345 -4.4314999999999998 -7.2205199999999996 -24.977399999999999 -4.4314999999999998 -7.2205000000000004 -24.9345 -4.4314999999999998 -7.2204999999999995 -24.9345 0 0 1 -0.00018144594888730504 2.9733091624291136e-05 -0.013361196236197326 0.999910718328616 0 0 0 1 0 0 0 0 0 0 10000 3000000 0 0 0 0 0 0
-1.036 -6.7169999999999996 0.17100000000000001 -4.4314999999999998 -7.2204999999999995 -24.9345 -1.4094800000000001 -8.9748199999999994 0.0558028 -4.4314999999999998 -7.2205199999999996 -24.977399999999999 -4.2826653117216313 -6.2294297161484868 0.17100000000000001 0.14851039328828219 0.98891084688426789 -0 0.0014491597611700022 0.01111739816778781 -0.013364497797452659 0.99984783521923348 -0.00018144594888730504 2.9733091624291136e-05 -0.013361196236197326 0.999910718328616 0 0 0 0 0 0 10000 3000000 0 0 0 0 0 0
-1.036 -6.7169999999999996 0.17100000000000001 -1.036 -6.7169999999999996 0.17100000000000001 -1.9615899999999999 -8.8767399999999999 0.068373500000000004 -1.67839 -8.9270499999999995 0.061925399999999999 -1.036 -6.7169999999999996 0.17100000000000001 0.98891084688426789 -0.14851039328828219 0 0.10195099767962784 -0.0054096098768790053 -0.014434899671466292 0.99466997736162888 0.045144786402292275 0.0039470688111343001 -0.013845895829586102 0.99887669913616861 0 0 0 0 0 0 10000 3000000 0 0 0 0 0 0
3.8855000000000004 46.343499999999999 3.6414999999999997 3.8855000000000004 46.343499999999999 3.6414999999999997 5.1043200000000004 45.3352 8.4192400000000003 4.9899300000000002 45.913400000000003 2.1068199999999999 3.8855000000000004 46.343499999999999 3.6414999999999997 0.0073455076744927848 0 0.99997302139457944 0.04547928330833885 0.0059827978042126789 -0.013757094950914995 0.99885263340430008 0.045304777375217167 0.0065665767207128941 -0.026559186736590114 0.99859850130923189 0 0 0 0 0 0 10000 3000000 0 0 0 0 0 0
-1.036 -6.7169999999999996 0.17100000000000001 3.8855000000000004 46.343499999999999 3.6414999999999997 -1.67839 -8.9270499999999995 0.061925399999999999 5.1043200000000004 45.3352 8.4192400000000003 -4.0410460610016319 -6.2657150598308844 0.17100000000000001 0.14851030491779924 0.9889102584370405 -0.00109091301582676 0.045144786402292275 0.0039470688111343001 -0.013845895829586102 0.99887669913616861 0.04547928330833885 0.0059827978042126789 -0.013757094950914995 0.99885263340430008 0 0 0 0 0 0 10000 3000000 0 0 0 0 0 0
-1.036 -6.7169999999999996 0.17100000000000001 -1.036 -6.7169999999999996 0.17100000000000001 -2.0329299999999999 -9.0042000000000009 0.051361799999999999 -1.4365699999999999 -9.1113700000000009 0.036923699999999997 -1.036 -6.7169999999999996 0.17100000000000001 0.98891084688426789 -0.14851039328828219 0 0.10845103848971765 -0.0058823120876566473 -0.015576005527988143 0.99396235276130918 0.0015423095314830992 0.011817596410095681 -0.01437159563425155 0.99982569627676732 0 0 0 0 0 0 10000 3000000 0 -0.21696528650000013 0 0 0 1
-4.4314999999999998 -7.2204999999999995 -24.9345 -4.4314999999999998 -7.2204999999999995 -24.9345 -4.4314999999999998 -7.2205199999999996 -24.991800000000001 -4.4314999999999998 -7.2205000000000004 -24.9345 -4.4314999999999998 -7.2204999999999995 -24.9345 0 0 1 -0.00019784295178908 3.2624392049997526e-05 -0.014367896498791074 0.99989675634238118 0 0 0 1 0 0 0 0 0 0 10000 3000000 0 0 0 0 0 0
-1.036 -6.7169999999999996 0.17100000000000001 -4.4314999999999998 -7.2204999999999995 -24.9345 -1.4365699999999999 -9.1113700000000009 0.036923699999999997 -4.4314999999999998 -7.2205199999999996 -24.991800000000001 -4.2826653117216313 -6.2294297161484868 0.17100000000000001 0.14851039328828219 0.98891084688426789 -0 0.0015423095314830992 0.011817596410095681 -0.01437159563425155 0.99982569627676732 -0.00019784295178908 3.2624392049997526e-05 -0.014367896498791074 0.99989675634238118 0 0 0 0 0 0 10000 3000000 0 0 0 0 0 0
-1.036 -6.7169999999999996 0.17100000000000001 -1.036 -6.7169999999999996 0.17100000000000001 -2.0329299999999999 -9.0042000000000009 0.051361799999999999 -1.7817700000000001 -9.0493400000000008 0.045281099999999998 -1.036 -6.7169999999999996 0.17100000000000001 0.98891084688426789 -0.14851039328828219 0 0.10845103848971765 -0.0058823120876566473 -0.015576005527988143 0.99396235276130918 0.048399913840659149 0.0040778611661236967 -0.014919104266334804 0.99870828559515656 0 0 0 0 0 0 10000 3000000 0 0 0 0 0 0
3.8855000000000004 46.343499999999999 3.6414999999999997 3.8855000000000004 46.343499999999999 3.6414999999999997 5.1264900000000004 45.180700000000002 8.7576000000000001 5.0057299999999998 45.841799999999999 2.02325 3.8855000000000004 46.343499999999999 3.6414999999999997 0.0073455076744927848 0 0.99997302139457944 0.048714786296325793 0.0059812783174412604 -0.01482989582828795 0.99868471906578948 0.048538675920368632 0.0066113667201562381 -0.027726586245072345 0.99841450469491055 0 0 0 0 0 0 10000 3000000 0 0 0 0 0 0
-1.036 -6.7169999999999996 0.17100000000000001 3.8855000000000004 46.343499999999999 3.6414999999999997 -1.7817700000000001 -9.0493400000000008 0.045281099999999998 5.1264900000000004 45.180700000000002 8.7576000000000001 -4.0410460610016319 -6.2657150598308844 0.17100000000000001 0.14851030491779924 0.9889102584370405 -0.00109091301582676 0.048399913840659149 0.0040778611661236967 -0.014919104266334804 0.99870828559515656 0.048714786296325793 0.0059812783174412604 -0.01482989582828795 0.99868471906578948 0 0 0 0 0 0 10000 3000000 0 0 0 0 0 0
-1.036 -6.7169999999999996 0.17100000000000001 -1.036 -6.7169999999999996 0.17100000000000001 -2.1004 -9.1322399999999995 0.032131 -1.46374 -9.2477800000000006 0.015795699999999999 -1.036 -6.7169999999999996 0.17100000000000001 0.98891084688426789 -0.14851039328828219 0 0.114945039495381 -0.0063483621813119045 -0.016570905693801461 0.99321334127039751 0.0016321706255068176 0.012520304798233644 -0.015224105834427995 0.99980438316120146 0 0 0 0 0 0 10000 3000000 0 -0.23004861460000001 0 0 0 1
-4.4314999999999998 -7.2204999999999995 -24.9345 -4.4314999999999998 -7.2204999999999995 -24.9345 -4.4315100000000003 -7.2205300000000001 -25.008600000000001 -4.4314999999999998 -7.2205000000000004 -24.9345 -4.4314999999999998 -7.2204999999999995 -24.9345 0 0 1 -0.00021578703197837527 3.5772305301246295e-05 -0.015219802255485623 0.99988414817697902 0 0 0 1 0 0 0 0 0 0 10000 3000000 0 0 0 0 0 0
-1.036 -6.7169999999999996 0.17100000000000001 -4.4314999999999998 -7.2204999999999995 -24.9345 -1.46374 -9.2477800000000006 0.015795699999999999 -4.4315100000000003 -7.2205300000000001 -25.008600000000001 -4.2826653117216313 -6.2294297161484868 0.17100000000000001 0.14851039328828219 0.98891084688426789 -0 0.0016321706255068176 0.012520304798233644 -0.015224105834427995 0.99980438316120146 -0.00021578703197837527 3.5772305301246295e-05 -0.015219802255485623 0.99988414817697902 0 0 0 0 0 0 10000 3000000 0 0 0 0 0 0
-1.036 -6.7169999999999996 0.17100000000000001 -1.036 -6.7169999999999996 0.17100000000000001 -2.1004 -9.1322399999999995 0.032131 -1.88158 -9.1719500000000007 0.026516600000000001 -1.036 -6.7169999999999996 0.17100000000000001 0.98891084688426789 -0.14851039328828219 0 0.114945039495381 -0.0063483621813119045 -0.016570905693801461 0.99321334127039751 0.051763294438178703 0.0041940295493632478 -0.015843298297681885 0.99852489271129141 0 0 0 0 0 0 10000 3000000 0 0 0 0 0 0
3.8855000000000004 46.343499999999999 3.6414999999999997 3.8855000000000004 46.343499999999999 3.6414999999999997 5.1325599999999998 45.005400000000002 9.1041799999999995 5.0060200000000004 45.756100000000004 1.95122 3.8855000000000004 46.343499999999999 3.6414999999999997 0.0073455076744927848 0 0.99997302139457944 0.052056206119032999 0.0059545006999316506 -0.015754901851936041 0.99850211737058592 0.05188360537025518 0.0066152206847138488 -0.028407402940331568 0.99822710332231601 0 0 0 0 0 0 10000 3000000 0 0 0 0 0 0
-1.036 -6.7169999999999996 0.17100000000000001 3.8855000000000004 46.343499999999999 3.6414999999999997 -1.88158 -9.1719500000000007 0.026516600000000001 5.1325599999999998 45.005400000000002 9.1041799999999995 -4.0410460610016319 -6.2657150598308844 0.17100000000000001 0.14851030491779924 0.9889102584370405 -0.00109091301582676 0.051763294438178703 0.0041940295493632478 -0.015843298297681885 0.99852489271129141 0.052056206119032999 0.0059545006999316506 -0.015754901851936041 0.99850211737058592 0 0 0 0 0 0 10000 3000000 0 0 0 0 0 0
-1.036 -6.7169999999999996 0.17100000000000001 -1.036 -6.7169999999999996 0.17100000000000001 -2.1671200000000002 -9.2601899999999997 0.0114041 -1.49109 -9.3839500000000005 -0.0069016399999999997 -1.036 -6.7169999999999996 0.17100000000000001 0.98891084688426789 -0.14851039328828219 0 0.12143004142945796 -0.0068292123299882124 -0.017493105968291619 0.9924223385942974 0.0017179404864875781 0.013210303740902972 -0.015997604530212744 0.9997832831193233 0 0 0 0 0 0 10000 3000000 0 -0.24313194269999988 0 0 0 1
-4.4314999999999998 -7.2204999999999995 -24.9345 -4.4314999999999998 -7.2204999999999995 -24.9345 -4.4315100000000003 -7.2205399999999997 -25.027000000000001 -4.4314999999999998 -7.2205000000000004 -24.9345 -4.4314999999999998 -7.2204999999999995 -24.9345 0 0 1 -0.00023476101884201833 3.9104303138527853e-05 -0.015992701283580945 0.99987208025015462 0 0 0 1 0 0 0 0 0 0 10000 3000000 0 0 0 0 0 0
-1.036 -6.7169999999999996 0.17100000000000001 -4.4314999999999998 -7.2204999999999995 -24.9345 -1.49109 -9.3839500000000005 -0.0069016399999999997 -4.4315100000000003 -7.2205399999999997 -25.027000000000001 -4.2826653117216313 -6.2294297161484868 0.17100000000000001 0.14851039328828219 0.98891084688426789 -0 0.0017179404864875781 0.013210303740902972 -0.015997604530212744 0.9997832831193233 -0.00023476101884201833 3.9104303138527853e-05 -0.015992701283580945 0.99987208025015462 0 0 0 0 0 0 10000 3000000 0 0 0 0 0 0
-1.036 -6.7169999999999996 0.17100000000000001 -1.036 -6.7169999999999996 0.17100000000000001 -2.1671200000000002 -9.2601899999999997 0.0114041 -1.9880800000000001 -9.2929700000000004 0.0065559499999999996 -1.036 -6.7169999999999996 0.17100000000000001 0.98891084688426789 -0.14851039328828219 0 0.12143004142945796 -0.0068292123299882124 -0.017493105968291619 0.9924223385942974 0.055158990182590378 0.004289779236488561 -0.016692697028969458 0.99832882231358921 0 0 0 0 0 0 10000 3000000 0 0 0 0 0 0
3.8855000000000004 46.343499999999999 3.6414999999999997 3.8855000000000004 46.343499999999999 3.6414999999999997 5.1201800000000004 44.814700000000002 9.4516399999999994 4.9899399999999998 45.6599 1.8899900000000001 3.8855000000000004 46.343499999999999 3.6414999999999997 0.0073455076744927848 0 0.99997302139457944 0.05541451689097622 0.0058173917732073045 -0.016610805063162669 0.99830830429574735 0.055248919777328806 0.0064983423261966641 -0.028857410330020837 0.99803435726406464 0 0 0 0 0 0 10000 3000000 0 0 0 0 0 0
-1.036 -6.7169999999999996 0.17100000000000001 3.8855000000000004 46.343499999999999 3.6414999999999997 -1.9880800000000001 -9.2929700000000004 0.0065559499999999996 5.1201800000000004 44.814700000000002 9.4516399999999994 -4.0410460610016319 -6.2657150598308844 0.17100000000000001 0.14851030491779924 0.9889102584370405 -0.00109091301582676 0.055158990182590378 0.004289779236488561 -0.016692697028969458 0.99832882231358921 0.05541451689097622 0.0058173917732073045 -0.016610805063162669 0.99830830429574735 0 0 0 0 0 0 10000 3000000 0 0 0 0 0 0
-1.036 -6.7169999999999996 0.17100000000000001 -1.036 -6.7169999999999996 0.17100000000000001 -2.2338900000000002 -9.3889899999999997 -0.0101815 -1.5187900000000001 -9.5209600000000005 -0.030521300000000001 -1.036 -6.7169999999999996 0.17100000000000001 0.98891084688426789 -0.14851039328828219 0 0.12790295819757455 -0.0073392176013291561 -0.018354394001247526 0.99158967591950897 0.0017969592225946184 0.013873693997924805 -0.016706292772478228 0.99976256748000147 0 0 0 0 0 0 10000 3000000 0 -0.25621527080000012 0 0 0 1
-4.4314999999999998 -7.2204999999999995 -24.9345 -4.4314999999999998 -7.2204999999999995 -24.9345 -4.4315100000000003 -7.2205599999999999 -25.046600000000002 -4.4314999999999998 -7.2205000000000004 -24.9345 -4.4314999999999998 -7.2204999999999995 -24.9345 0 0 1 -0.0002549321274928864 4.2649821329398066e-05 -0.016700708352111342 0.99986050003545035 0 0 0 1 0 0 0 0 0 0 10000 3000000 0 0 0 0 0 0
-1.036 -6.7169999999999996 0.17100000000000001 -4.4314999999999998 -7.2204999999999995 -24.9345 -1.5187900000000001 -9.5209600000000005 -0.030521300000000001 -4.4315100000000003 -7.2205599999999999 -25.046600000000002 -4.2826653117216313 -6.2294297161484868 0.17100000000000001 0.14851039328828219 0.98891084688426789 -0 0.0017969592225946184 0.013873693997924805 -0.016706292772478228 0.99976256748000147 -0.0002549321274928864 4.2649821329398066e-05 -0.016700708352111342 0.99986050003545035 0 0 0 0 0 0 10000 3000000 0 0 0 0 0 0
-1.036 -6.7169999999999996 0.17100000000000001 -1.036 -6.7169999999999996 0.17100000000000001 -2.2338900000000002 -9.3889899999999997 -0.0101815 -2.1071900000000001 -9.4123800000000006 -0.013785499999999999 -1.036 -6.7169999999999996 0.17100000000000001 0.98891084688426789 -0.14851039328828219 0 0.12790295819757455 -0.0073392176013291561 -0.018354394001247526 0.99158967591950897 0.058488071855471953 0.0043669478986196027 -0.017479191588992724 0.99812551970084162 0 0 0 0 0 0 10000 3000000 0 0 0 0 0 0
3.8855000000000004 46.343499999999999 3.6414999999999997 3.8855000000000004 46.343499999999999 3.6414999999999997 5.0845599999999997 44.612299999999998 9.7899399999999996 4.9540300000000004 45.553100000000001 1.8447 3.8855000000000004 46.343499999999999 3.6414999999999997 0.0073455076744927848 0 0.99997302139457944 0.058681477339236177 0.0055179978691394264 -0.017413593275470516 0.99810961456447134 0.058525777123240079 0.0062117975719108952 -0.029193488588747339 0.99783960996097232 0 0 0 0 0 0 10000 3000000 0 0 0 0 0 0
-1.036 -6.7169999999999996 0.17100000000000001 3.8855000000000004 46.343499999999999 3.6414999999999997 -2.1071900000000001 -9.4123800000000006 -0.013785499999999999 5.0845599999999997 44.612299999999998 9.7899399999999996 -4.0410460610016319 -6.2657150598308844 0.17100000000000001 0.14851030491779924 0.9889102584370405 -0.00109091301582676 0.058488071855471953 0.0043669478986196027 -0.017479191588992724 0.99812551970084162 0.058681477339236177 0.0055179978691394264 -0.017413593275470516 0.99810961456447134 0 0 0 0 0 0 10000 3000000 0 0 0 0 0 0
-1.036 -6.7169999999999996 0.17100000000000001 -1.036 -6.7169999999999996 0.17100000000000001 -2.3042199999999999 -9.5178700000000003 -0.031269499999999999 -1.5471200000000001 -9.6587300000000003 -0.053777999999999999 -1.036 -6.7169999999999996 0.17100000000000001 0.98891084688426789 -0.14851039328828219 0 0.13436199669452883 -0.0079002498056440894 -0.019242099526620572 0.99071397562721175 0.0018694500620418959 0.014498900481178552 -0.017440000578785562 0.99974103317864993 0 0 0 0 0 0 10000 3000000 0 -0.26929861459999987 0 0 0 1
-4.4314999999999998 -7.2204999999999995 -24.9345 -4.4314999999999998 -7.2204999999999995 -24.9345 -4.4315100000000003 -7.2205700000000004 -25.065999999999999 -4.4314999999999998 -7.2205000000000004 -24.9345 -4.4314999999999998 -7.2204999999999995 -24.9345 0 0 1 -0.00027580099514395653 4.6348999183930592e-05 -0.01743369969304388 0.999847982395621 0 0 0 1 0 0 0 0 0 0 10000 3000000 0 0 0 0 0 0
-1.036 -6.7169999999999996 0.17100000000000001 -4.4314999999999998 -7.2204999999999995 -24.9345 -1.5471200000000001 -9.6587300000000003 -0.053777999999999999 -4.4315100000000003 -7.2205700000000004 -25.065999999999999 -4.2826653117216313 -6.2294297161484868 0.17100000000000001 0.14851039328828219 0.98891084688426789 -0 0.0018694500620418959 0.014498900481178552 -0.017440000578785562 0.99974103317864993 -0.00027580099514395653 4.6348999183930592e-05 -0.01743369969304388 0.999847982395621 0 0 0 0 0 0 10000 3000000 0 0 0 0 0 0
-1.036 -6.7169999999999996 0.17100000000000001 -1.036 -6.7169999999999996 0.17100000000000001 -2.3042199999999999 -9.5178700000000003 -0.031269499999999999 -2.2401599999999999 -9.5297900000000002 -0.0331737 -1.036 -6.7169999999999996 0.17100000000000001 0.98891084688426789 -0.14851039328828219 0 0.13436199669452883 -0.0079002498056440894 -0.019242099526620572 0.99071397562721175 0.061740392133565671 0.0044112294379587587 -0.018291297669478814 0.99791487285419578 0 0 0 0 0 0 10000 3000000 0 0 0 0 0 0
3.8855000000000004 46.343499999999999 3.6414999999999997 3.8855000000000004 46.343499999999999 3.6414999999999997 5.0347600000000003 44.400100000000002 10.119400000000001 4.9068399999999999 45.4377 1.81044 3.8855000000000004 46.343499999999999 3.6414999999999997 0.0073455076744927848 0 0.99997302139457944 0.061858002320455505 0.0051071701915833155 -0.018249400684582764 0.9979050374340287 0.061713630183909823 0.0058068128400908291 -0.029515514435929688 0.99764048794229787 0 0 0 0 0 0 10000 3000000 0 0 0 0 0 0
-1.036 -6.7169999999999996 0.17100000000000001 3.8855000000000004 46.343499999999999 3.6414999999999997 -2.2401599999999999 -9.5297900000000002 -0.0331737 5.0347600000000003 44.400100000000002 10.119400000000001 -4.0410460610016319 -6.2657150598308844 0.17100000000000001 0.14851030491779924 0.9889102584370405 -0.00109091301582676 0.061740392133565671 0.0044112294379587587 -0.018291297669478814 0.99791487285419578 0.061858002320455505 0.0051071701915833155 -0.018249400684582764 0.9979050374340287 0 0 0 0 0 0 10000 3000000 0 0 0 0 0 0
-1.036 -6.7169999999999996 0.17100000000000001 -1.036 -6.7169999999999996 0.17100000000000001 -2.3846699999999998 -9.6463900000000002 -0.048858400000000003 -1.57657 -9.7981400000000001 -0.073780499999999999 -1.036 -6.7169999999999996 0.17100000000000001 0.98891084688426789 -0.14851039328828219 0 0.14079795556898766 -0.0085712772951984581 -0.020222393618505207 0.98979468765469769 0.0019296301426515636 0.015037201111653577 -0.018273801350925382 0.99971807390605238 0 0 0 0 0 0 10000 3000000 0 -0.28238194270000011 0 0 0 1
-4.4314999999999998 -7.2204999999999995 -24.9345 -4.4314999999999998 -7.2204999999999995 -24.9345 -4.4315199999999999 -7.2205899999999996 -25.082899999999999 -4.4314999999999998 -7.2205000000000004 -24.9345 -4.4314999999999998 -7.2204999999999995 -24.9345 0 0 1 -0.00029671803049895727 5.0118305151544187e-05 -0.018266801877602143 0.99983310277052262 0 0 0 1 0 0 0 0 0 0 10000 3000000 0 0 0 0 0 0
-1.036 -6.7169999999999996 0.17100000000000001 -4.4314999999999998 -7.2204999999999995 -24.9345 -1.57657 -9.7981400000000001 -0.073780499999999999 -4.4315199999999999 -7.2205899999999996 -25.082899999999999 -4.2826653117216313 -6.2294297161484868 0.17100000000000001 0.14851039328828219 0.98891084688426789 -0 0.0019296301426515636 0.015037201111653577 -0.018273801350925382 0.99971807390605238 -0.00029671803049895727 5.0118305151544187e-05 -0.018266801877602143 0.99983310277052262 0 0 0 0 0 0 10000 3000000 0 0 0 0 0 0
-1.036 -6.7169999999999996 0.17100000000000001 -1.036 -6.7169999999999996 0.17100000000000001 -2.3846699999999998 -9.6463900000000002 -0.048858400000000003 -2.3930400000000001 -9.6448099999999997 -0.048600200000000003 -1.036 -6.7169999999999996 0.17100000000000001 0.98891084688426789 -0.14851039328828219 0 0.14079795556898766 -0.0085712772951984581 -0.020222393618505207 0.98979468765469769 0.064844802058406315 0.0043801901390429273 -0.019199400609457757 0.99770103167060498 0 0 0 0 0 0 10000 3000000 0 0 0 0 0 0
3.8855000000000004 46.343499999999999 3.6414999999999997 3.8855000000000004 46.343499999999999 3.6414999999999997 4.9720899999999997 44.179499999999997 10.4358 4.8500300000000003 45.312399999999997 1.7897700000000001 3.8855000000000004 46.343499999999999 3.6414999999999997 0.0073455076744927848 0 0.99997302139457944 0.064879308077140277 0.0045832805705948668 -0.0191865023886209 0.99769812420828685 0.064747796027823656 0.0052806596760397615 -0.029889898166301346 0.99743993880861481 0 0 0 0 0 0 10000 3000000 0 0 0 0 0 0
-1.036 -6.7169999999999996 0.17100000000000001 3.8855000000000004 46.343499999999999 3.6414999999999997 -2.3930400000000001 -9.6448099999999997 -0.048600200000000003 4.9720899999999997 44.179499999999997 10.4358 -4.0410460610016319 -6.2657150598308844 0.17100000000000001 0.14851030491779924 0.9889102584370405 -0.00109091301582676 0.064844802058406315 0.0043801901390429273 -0.019199400609457757 0.99770103167060498 0.064879308077140277 0.0045832805705948668 -0.0191865023886209 0.99769812420828685 0 0 0 0 0 0 10000 3000000 0 0 0 0 0 0
-1.036 -6.7169999999999996 0.17100000000000001 -1.036 -6.7169999999999996 0.17100000000000001 -2.46733 -9.7757500000000004 -0.065279000000000004 -1.6067400000000001 -9.9388500000000004 -0.092713199999999996 -1.036 -6.7169999999999996 0.17100000000000001 0.98891084688426789 -0.14851039328828219 0 0.14722095354419573 -0.0092889170688675582 -0.021204293308951776 0.98883268797228452 0.0019835892605740996 0.01554109420672021 -0.019109992876335857 0.99969462734215475 0 0 0 0 0 0 10000 3000000 0 -0.29546527079999996 0 0 0 1
-4.4314999999999998 -7.2204999999999995 -24.9345 -4.4314999999999998 -7.2204999999999995 -24.9345 -4.4315199999999999 -7.2206000000000001 -25.0989 -4.4314999999999998 -7.2205000000000004 -24.9345 -4.4314999999999998 -7.2204999999999995 -24.9345 0 0 1 -0.0003182721534755055 5.403252605527741e-05 -0.019102309211413974 0.99981748212666988 0 0 0 1 0 0 0 0 0 0 10000 3000000 0 0 0 0 0 0
-1.036 -6.7169999999999996 0.17100000000000001 -4.4314999999999998 -7.2204999999999995 -24.9345 -1.6067400000000001 -9.9388500000000004 -0.092713199999999996 -4.4315199999999999 -7.2206000000000001 -25.0989 -4.2826653117216313 -6.2294297161484868 0.17100000000000001 0.14851039328828219 0.98891084688426789 -0 0.0019835892605740996 0.01554109420672021 -0.019109992876335857 0.99969462734215475 -0.0003182721534755055 5.403252605527741e-05 -0.019102309211413974 0.99981748212666988 0 0 0 0 0 0 10000 3000000 0 0 0 0 0 0
-1.036 -6.7169999999999996 0.17100000000000001 -1.036 -6.7169999999999996 0.17100000000000001 -2.46733 -9.7757500000000004 -0.065279000000000004 -2.5548999999999999 -9.7591599999999996 -0.062487599999999997 -1.036 -6.7169999999999996 0.17100000000000001 0.98891084688426789 -0.14851039328828219 0 0.14722095354419573 -0.0092889170688675582 -0.021204293308951776 0.98883268797228452 0.067897021572498689 0.0043159713712867601 -0.02010930638920494 0.99748031692322181 0 0 0 0 0 0 10000 3000000 0 0 0 0 0 0
3.8855000000000004 46.343499999999999 3.6414999999999997 3.8855000000000004 46.343499999999999 3.6414999999999997 4.8977700000000004 43.949100000000001 10.7464 4.7841100000000001 45.178100000000001 1.77962 3.8855000000000004 46.343499999999999 3.6414999999999997 0.0073455076744927848 0 0.99997302139457944 0.06784030745434734 0.0039844004378091118 -0.020131402212054603 0.99748510960446291 0.067722873342594109 0.0046693381620324641 -0.030182088119580078 0.99723660746288956 0 0 0 0 0 0 10000 3000000 0 0 0 0 0 0
-1.036 -6.7169999999999996 0.17100000000000001 3.8855000000000004 46.343499999999999 3.6414999999999997 -2.5548999999999999 -9.7591599999999996 -0.062487599999999997 4.8977700000000004 43.949100000000001 10.7464 -4.0410460610016319 -6.2657150598308844 0.17100000000000001 0.14851030491779924 0.9889102584370405 -0.00109091301582676 0.067897021572498689 0.0043159713712867601 -0.02010930638920494 0.99748031692322181 0.06784030745434734 0.0039844004378091118 -0.020131402212054603 0.99748510960446291 0 0 0 0 0 0 10000 3000000 0 0 0 0 0 0
-1.036 -6.7169999999999996 0.17100000000000001 -1.036 -6.7169999999999996 0.17100000000000001 -2.5463800000000001 -9.9054099999999998 -0.082102499999999995 -1.63703 -10.0792 -0.11205900000000001 -1.036 -6.7169999999999996 0.17100000000000001 0.98891084688426789 -0.14851039328828219 0 0.15363700188652316 -0.0099948501227277026 -0.022127300271703197 0.98782901212964513 0.0020371106840037516 0.016057405391619421 -0.019880406675274374 0.99967133566116417 0 0 0 0 0 0 10000 3000000 0 -0.3085486146000001 0 0 0 1
-4.4314999999999998 -7.2204999999999995 -24.9345 -4.4314999999999998 -7.2204999999999995 -24.9345 -4.4315199999999999 -7.2206200000000003 -25.115300000000001 -4.4314999999999998 -7.2205000000000004 -24.9345 -4.4314999999999998 -7.2204999999999995 -24.9345 0 0 1 -0.00034095316174065718 5.8153227586608071e-05 -0.01987190942679538 0.99980247428423419 0 0 0 1 0 0 0 0 0 0 10000 3000000 0 0 0 0 0 0
-1.036 -6.7169999999999996 0.17100000000000001 -4.4314999999999998 -7.2204999999999995 -24.9345 -1.63703 -10.0792 -0.11205900000000001 -4.4315199999999999 -7.2206200000000003 -25.115300000000001 -4.2826653117216313 -6.2294297161484868 0.17100000000000001 0.14851039328828219 0.98891084688426789 -0 0.0020371106840037516 0.016057405391619421 -0.019880406675274374 0.99967133566116417 -0.00034095316174065718 5.8153227586608071e-05 -0.01987190942679538 0.99980247428423419 0 0 0 0 0 0 10000 3000000 0 0 0 0 0 0
-1.036 -6.7169999999999996 0.17100000000000001 -1.036 -6.7169999999999996 0.17100000000000001 -2.5463800000000001 -9.9054099999999998 -0.082102499999999995 -2.7185899999999998 -9.8725000000000005 -0.0764296 -1.036 -6.7169999999999996 0.17100000000000001 0.98891084688426789 -0.14851039328828219 0 0.15363700188652316 -0.0099948501227277026 -0.022127300271703197 0.98782901212964513 0.070909033460664794 0.0042709120153645924 -0.020956709889084796 0.99725347058551572 0 0 0 0 0 0 10000 3000000 0 0 0 0 0 0
3.8855000000000004 46.343499999999999 3.6414999999999997 3.8855000000000004 46.343499999999999 3.6414999999999997 4.8126600000000002 43.711100000000002 11.0505 4.7094699999999996 45.036999999999999 1.7786599999999999 3.8855000000000004 46.343499999999999 3.6414999999999997 0.0073455076744927848 0 0.99997302139457944 0.070748305951937124 0.0033353302805957802 -0.021021801768529164 0.99726708389841845 0.070645488477137808 0.0039980393478867872 -0.030343795050676609 0.99703183737587919 0 0 0 0 0 0 10000 3000000 0 0 0 0 0 0
-1.036 -6.7169999999999996 0.17100000000000001 3.8855000000000004 46.343499999999999 3.6414999999999997 -2.7185899999999998 -9.8725000000000005 -0.0764296 4.8126600000000002 43.711100000000002 11.0505 -4.0410460610016319 -6.2657150598308844 0.17100000000000001 0.14851030491779924 0.9889102584370405 -0.00109091301582676 0.070909033460664794 0.0042709120153645924 -0.020956709889084796 0.99725347058551572 0.070748305951937124 0.0033353302805957802 -0.021021801768529164 0.99726708389841845 0 0 0 0 0 0 10000 3000000 0 0 0 0 0 0
-1.036 -6.7169999999999996 0.17100000000000001 -1.036 -6.7169999999999996 0.17100000000000001 -2.6227299999999998 -10.034599999999999 -0.099135000000000001 -1.6673199999999999 -10.2186 -0.13164000000000001 -1.036 -6.7169999999999996 0.17100000000000001 0.98891084688426789 -0.14851039328828219 0 0.16004592771171847 -0.010695095169323821 -0.02300288961023636 0.98678355429739195 0.0020900003228705795 0.016581502561568665 -0.020597403181959077 0.99964815442915267 0 0 0 0 0 0 10000 3000000 0 -0.32163194269999995 0 0 0 1
-4.4314999999999998 -7.2204999999999995 -24.9345 -4.4314999999999998 -7.2204999999999995 -24.9345 -4.4315300000000004 -7.2206400000000004 -25.131900000000002 -4.4314999999999998 -7.2205000000000004 -24.9345 -4.4314999999999998 -7.2204999999999995 -24.9345 0 0 1 -0.00036454599209597105 6.2445898646057825e-05 -0.020587899553616392 0.99978797832275401 0 0 0 1 0 0 0 0 0 0 10000 3000000 0 0 0 0 0 0
-1.036 -6.7169999999999996 0.17100000000000001 -4.4314999999999998 -7.2204999999999995 -24.9345 -1.6673199999999999 -10.2186 -0.13164000000000001 -4.4315300000000004 -7.2206400000000004 -25.131900000000002 -4.2826653117216313 -6.2294297161484868 0.17100000000000001 0.14851039328828219 0.98891084688426789 -0 0.0020900003228705795 0.016581502561568665 -0.020597403181959077 0.99964815442915267 -0.00036454599209597105 6.2445898646057825e-05 -0.020587899553616392 0.99978797832275401 0 0 0 0 0 0 10000 3000000 0 0 0 0 0 0
-1.036 -6.7169999999999996 0.17100000000000001 -1.036 -6.7169999999999996 0.17100000000000001 -2.6227299999999998 -10.034599999999999 -0.099135000000000001 -2.8799700000000001 -9.9850499999999993 -0.090383099999999994 -1.036 -6.7169999999999996 0.17100000000000001 0.98891084688426789 -0.14851039328828219 0 0.16004592771171847 -0.010695095169323821 -0.02300288961023636 0.98678355429739195 0.073910370955967836 0.0042342483360975833 -0.021753691451606775 0.99701860820869714 0 0 0 0 0 0 10000 3000000 0 0 0 0 0 0
3.8855000000000004 46.343499999999999 3.6414999999999997 3.8855000000000004 46.343499999999999 3.6414999999999997 4.72248 43.464199999999998 11.351100000000001 4.6307600000000004 44.888800000000003 1.7844599999999999 3.8855000000000004 46.343499999999999 3.6414999999999997 0.0073455076744927848 0 0.99997302139457944 0.073643917333318543 0.002690050633148075 -0.021865805146480247 0.99704123467020689 0.073556372621291874 0.0033156087658841593 -0.030317088715556606 0.99682462896796575 0 0 0 0 0 0 10000 3000000 0 0 0 0 0 0
-1.036 -6.7169999999999996 0.17100000000000001 3.8855000000000004 46.343499999999999 3.6414999999999997 -2.8799700000000001 -9.9850499999999993 -0.090383099999999994 4.72248 43.464199999999998 11.351100000000001 -4.0410460610016319 -6.2657150598308844 0.17100000000000001 0.14851030491779924 0.9889102584370405 -0.00109091301582676 0.073910370955967836 0.0042342483360975833 -0.021753691451606775 0.99701860820869714 0.073643917333318543 0.002690050633148075 -0.021865805146480247 0.99704123467020689 0 0 0 0 0 0 10000 3000000 0 0 0 0 0 0
-1.036 -6.7169999999999996 0.17100000000000001 -1.036 -6.7169999999999996 0.17100000000000001 -2.6969799999999999 -10.1633 -0.11654200000000001 -1.69808 -10.357200000000001 -0.15159900000000001 -1.036 -6.7169999999999996 0.17100000000000001 0.98891084688426789 -0.14851039328828219 0 0.16644393209502986 -0.011415795342640419 -0.023921890240465829 0.98569459786120528 0.002142150860451498 0.017101206869151626 -0.021354508577602647 0.99962340152515361 0 0 0 0 0 0 10000 3000000 0 -0.33471527080000019 0 0 0 1
-4.4314999999999998 -7.2204999999999995 -24.9345 -4.4314999999999998 -7.2204999999999995 -24.9345 -4.4315300000000004 -7.2206700000000001 -25.148900000000001 -4.4314999999999998 -7.2205000000000004 -24.9345 -4.4314999999999998 -7.2204999999999995 -24.9345 0 0 1 -0.00038882304311100831 6.690720741838023e-05 -0.021344102366541263 0.99977211085038442 0 0 0 1 0 0 0 0 0 0 10000 3000000 0 0 0 0 0 0
-1.036 -6.7169999999999996 0.17100000000000001 -4.4314999999999998 -7.2204999999999995 -24.9345 -1.69808 -10.357200000000001 -0.15159900000000001 -4.4315300000000004 -7.2206700000000001 -25.148900000000001 -4.2826653117216313 -6.2294297161484868 0.17100000000000001 0.14851039328828219 0.98891084688426789 -0 0.002142150860451498 0.017101206869151626 -0.021354508577602647 0.99962340152515361 -0.00038882304311100831 6.690720741838023e-05 -0.021344102366541263 0.99977211085038442 0 0 0 0 0 0 10000 3000000 0 0 0 0 0 0
-1.036 -6.7169999999999996 0.17100000000000001 -1.036 -6.7169999999999996 0.17100000000000001 -2.6969799999999999 -10.1633 -0.11654200000000001 -3.0415299999999998 -10.096399999999999 -0.104451 -1.036 -6.7169999999999996 0.17100000000000001 0.98891084688426789 -0.14851039328828219 0 0.16644393209502986 -0.011415795342640419 -0.023921890240465829 0.98569459786120528 0.076901988243890787 0.0041872293598926797 -0.022593096546163288 0.99677384762185639 0 0 0 0 0 0 10000 3000000 0 0 0 0 0 0
3.8855000000000004 46.343499999999999 3.6414999999999997 3.8855000000000004 46.343499999999999 3.6414999999999997 4.6349400000000003 43.207500000000003 11.648199999999999 4.5548400000000004 44.733400000000003 1.79375 3.8855000000000004 46.343499999999999 3.6414999999999997 0.0073455076744927848 0 0.99997302139457944 0.076538983226018389 0.0020952595408111848 -0.022751295013915939 0.99680478154419672 0.076466508269774497 0.0026684602885912452 -0.030200203266121026 0.99661110778246975 0 0 0 0 0 0 10000 3000000 0 0 0 0 0 0
-1.036 -6.7169999999999996 0.17100000000000001 3.8855000000000004 46.343499999999999 3.6414999999999997 -3.0415299999999998 -10.096399999999999 -0.104451 4.6349400000000003 43.207500000000003 11.648199999999999 -4.0410460610016319 -6.2657150598308844 0.17100000000000001 0.14851030491779924 0.9889102584370405 -0.00109091301582676 0.076901988243890787 0.0041872293598926797 -0.022593096546163288 0.99677384762185639 0.076538983226018389 0.0020952595408111848 -0.022751295013915939 0.99680478154419672 0 0 0 0 0 0 10000 3000000 0 0 0 0 0 0
-1.036 -6.7169999999999996 0.17100000000000001 -1.036 -6.7169999999999996 0.17100000000000001 -2.7660200000000001 -10.2927 -0.13403300000000001 -1.7294499999999999 -10.495699999999999 -0.17152600000000001 -1.036 -6.7169999999999996 0.17100000000000001 0.98891084688426789 -0.14851039328828219 0 0.17283295470927704 -0.012152696815396546 -0.024884893478935671 0.98456174199646618 0.0021944797656664843 0.017621698118299136 -0.022151997634539372 0.99959689325987044 0 0 0 0 0 0 10000 3000000 0 -0.34779861459999994 0 0 0 1
-4.4314999999999998 -7.2204999999999995 -24.9345 -4.4314999999999998 -7.2204999999999995 -24.9345 -4.43154 -7.2206900000000003 -25.166 -4.4314999999999998 -7.2205000000000004 -24.9345 -4.4314999999999998 -7.2204999999999995 -24.9345 0 0 1 -0.00041381990843004777 7.1548084167860182e-05 -0.022140595100735381 0.99975477877454544 0 0 0 1 0 0 0 0 0 0 10000 3000000 0 0 0 0 0 0
-1.036 -6.7169999999999996 0.17100000000000001 -4.4314999999999998 -7.2204999999999995 -24.9345 -1.7294499999999999 -10.495699999999999 -0.17152600000000001 -4.43154 -7.2206900000000003 -25.166 -4.2826653117216313 -6.2294297161484868 0.17100000000000001 0.14851039328828219 0.98891084688426789 -0 0.0021944797656664843 0.017621698118299136 -0.022151997634539372 0.99959689325987044 -0.00041381990843004777 7.1548084167860182e-05 -0.022140595100735381 0.99975477877454544 0 0 0 0 0 0 10000 3000000 0 0 0 0 0 0
-1.036 -6.7169999999999996 0.17100000000000001 -1.036 -6.7169999999999996 0.17100000000000001 -2.7660200000000001 -10.2927 -0.13403300000000001 -3.20011 -10.207700000000001 -0.11833200000000001 -1.036 -6.7169999999999996 0.17100000000000001 0.98891084688426789 -0.14851039328828219 0 0.17283295470927704 -0.012152696815396546 -0.024884893478935671 0.98456174199646618 0.07995662601085575 0.004122011340940054 -0.023476407637158834 0.99651332417781524 0 0 0 0 0 0 10000 3000000 0 0 0 0 0 0
3.8855000000000004 46.343499999999999 3.6414999999999997 3.8855000000000004 46.343499999999999 3.6414999999999997 4.5533400000000004 42.937199999999997 11.9498 4.4840999999999998 44.570300000000003 1.8032300000000001 3.8855000000000004 46.343499999999999 3.6414999999999997 0.0073455076744927848 0 0.99997302139457944 0.079514618210204585 0.0015880103636814746 -0.023676005422209299 0.99655122822723852 0.079456787067819307 0.002090389659773598 -0.02995849512403299 0.99638583783082391 0 0 0 0 0 0 10000 3000000 0 0 0 0 0 0
-1.036 -6.7169999999999996 0.17100000000000001 3.8855000000000004 46.343499999999999 3.6414999999999997 -3.20011 -10.207700000000001 -0.11833200000000001 4.5533400000000004 42.937199999999997 11.9498 -4.0410460610016319 -6.2657150598308844 0.17100000000000001 0.14851030491779924 0.9889102584370405 -0.00109091301582676 0.07995662601085575 0.004122011340940054 -0.023476407637158834 0.99651332417781524 0.079514618210204585 0.0015880103636814746 -0.023676005422209299 0.99655122822723852 0 0 0 0 0 0 10000 3000000 0 0 0 0 0 0
-1.036 -6.7169999999999996 0.17100000000000001 -1.036 -6.7169999999999996 0.17100000000000001 -2.82559 -10.424899999999999 -0.150841 -1.76234 -10.635199999999999 -0.19040399999999999 -1.036 -6.7169999999999996 0.17100000000000001 0.98891084688426789 -0.14851039328828219 0 0.17920695443089854 -0.01294539670821873 -0.025993293390373564 0.98338274994347485 0.0022459009660614261 0.018122807795421886 -0.02309700993504642 0.99956642995776979 0 0 0 0 0 0 10000 3000000 0 -0.36088194270000018 0 0 0 1
-4.4314999999999998 -7.2204999999999995 -24.9345 -4.4314999999999998 -7.2204999999999995 -24.9345 -4.43154 -7.22072 -25.182099999999998 -4.4314999999999998 -7.2205000000000004 -24.9345 -4.4314999999999998 -7.2204999999999995 -24.9345 0 0 1 -0.00043934118256787412 7.6387931742943432e-05 -0.023084609592790902 0.99973341543841454 0 0 0 1 0 0 0 0 0 0 10000 3000000 0 0 0 0 0 0
-1.036 -6.7169999999999996 0.17100000000000001 -4.4314999999999998 -7.2204999999999995 -24.9345 -1.76234 -10.635199999999999 -0.19040399999999999 -4.43154 -7.22072 -25.182099999999998 -4.2826653117216313 -6.2294297161484868 0.17100000000000001 0.14851039328828219 0.98891084688426789 -0 0.0022459009660614261 0.018122807795421886 -0.02309700993504642 0.99956642995776979 -0.00043934118256787412 7.6387931742943432e-05 -0.023084609592790902 0.99973341543841454 0 0 0 0 0 0 10000 3000000 0 0 0 0 0 0
-1.036 -6.7169999999999996 0.17100000000000001 -1.036 -6.7169999999999996 0.17100000000000001 -2.82559 -10.424899999999999 -0.150841 -3.3477000000000001 -10.3216 -0.131413 -1.036 -6.7169999999999996 0.17100000000000001 0.98891084688426789 -0.14851039328828219 0 0.17920695443089854 -0.01294539670821873 -0.025993293390373564 0.98338274994347485 0.08309530961841384 0.0040051104635978867 -0.024509202836979091 0.99623211531544698 0 0 0 0 0 0 10000 3000000 0 0 0 0 0 0
3.8855000000000004 46.343499999999999 3.6414999999999997 3.8855000000000004 46.343499999999999 3.6414999999999997 4.4975300000000002 42.6479 12.258599999999999 4.4356600000000004 44.396999999999998 1.8067800000000001 3.8855000000000004 46.343499999999999 3.6414999999999997 0.0073455076744927848 0 0.99997302139457944 0.082620427638890548 0.001299060434572783 -0.024731008273227943 0.99627333328185774 0.082576795307415726 0.0017082599029248648 -0.029654398314832117 0.99614194339232931 0 0 0 0 0 0 10000 3000000 0 0 0 0 0 0
-1.036 -6.7169999999999996 0.17100000000000001 3.8855000000000004 46.343499999999999 3.6414999999999997 -3.3477000000000001 -10.3216 -0.131413 4.4975300000000002 42.6479 12.258599999999999 -4.0410460610016319 -6.2657150598308844 0.17100000000000001 0.14851030491779924 0.9889102584370405 -0.00109091301582676 0.08309530961841384 0.0040051104635978867 -0.024509202836979091 0.99623211531544698 0.082620427638890548 0.001299060434572783 -0.024731008273227943 0.99627333328185774 0 0 0 0 0 0 10000 3000000 0 0 0 0 0 0
-1.036 -6.7169999999999996 0.17100000000000001 -1.036 -6.7169999999999996 0.17100000000000001 -2.8788399999999998 -10.558199999999999 -0.167437 -1.7966200000000001 -10.774699999999999 -0.208789 -1.036 -6.7169999999999996 0.17100000000000001 0.98891084688426789 -0.14851039328828219 0 0.18556606092671624 -0.01379670452985798 -0.027237508942863635 0.98215732247071563 0.0022970596437230867 0.018603597114558095 -0.024180996249496295 0.99953184497132164 0 0 0 0 0 0 10000 3000000 0 -0.37396527080000003 0 0 0 1
-4.4314999999999998 -7.2204999999999995 -24.9345 -4.4314999999999998 -7.2204999999999995 -24.9345 -4.4315499999999997 -7.2207400000000002 -25.198 -4.4314999999999998 -7.2205000000000004 -24.9345 -4.4314999999999998 -7.2204999999999995 -24.9345 0 0 1 -0.00046499891141804184 8.1368084499438423e-05 -0.024167595396090459 0.99970780955638128 0 0 0 1 0 0 0 0 0 0 10000 3000000 0 0 0 0 0 0
-1.036 -6.7169999999999996 0.17100000000000001 -4.4314999999999998 -7.2204999999999995 -24.9345 -1.7966200000000001 -10.774699999999999 -0.208789 -4.4315499999999997 -7.2207400000000002 -25.198 -4.2826653117216313 -6.2294297161484868 0.17100000000000001 0.14851039328828219 0.98891084688426789 -0 0.0022970596437230867 0.018603597114558095 -0.024180996249496295 0.99953184497132164 -0.00046499891141804184 8.1368084499438423e-05 -0.024167595396090459 0.99970780955638128 0 0 0 0 0 0 10000 3000000 0 0 0 0 0 0
-1.036 -6.7169999999999996 0.17100000000000001 -1.036 -6.7169999999999996 0.17100000000000001 -2.8788399999999998 -10.558199999999999 -0.167437 -3.4850599999999998 -10.4369 -0.14427400000000001 -1.036 -6.7169999999999996 0.17100000000000001 0.98891084688426789 -0.14851039328828219 0 0.18556606092671624 -0.01379670452985798 -0.027237508942863635 0.98215732247071563 0.086328423289825068 0.0038321710338494511 -0.02568270692872323 0.99592826868317852 0 0 0 0 0 0 10000 3000000 0 0 0 0 0 0
3.8855000000000004 46.343499999999999 3.6414999999999997 3.8855000000000004 46.343499999999999 3.6414999999999997 4.4653600000000004 42.339700000000001 12.5748 4.40707 44.214399999999998 1.80464 3.8855000000000004 46.343499999999999 3.6414999999999997 0.0073455076744927848 0 0.99997302139457944 0.085867994491768837 0.0012276999212459192 -0.025904798338267726 0.99596893611092041 0.085838865994640037 0.0015162193993445061 -0.029243688415012951 0.99587860547928886 0 0 0 0 0 0 10000 3000000 0 0 0 0 0 0
-1.036 -6.7169999999999996 0.17100000000000001 3.8855000000000004 46.343499999999999 3.6414999999999997 -3.4850599999999998 -10.4369 -0.14427400000000001 4.4653600000000004 42.339700000000001 12.5748 -4.0410460610016319 -6.2657150598308844 0.17100000000000001 0.14851030491779924 0.9889102584370405 -0.00109091301582676 0.086328423289825068 0.0038321710338494511 -0.02568270692872323 0.99592826868317852 0.085867994491768837 0.0012276999212459192 -0.025904798338267726 0.99596893611092041 0 0 0 0 0 0 10000 3000000 0 0 0 0 0 0
-1.036 -6.7169999999999996 0.17100000000000001 -1.036 -6.7169999999999996 0.17100000000000001 -2.9322900000000001 -10.6913 -0.18418000000000001 -1.83161 -10.914 -0.22731000000000001 -1.036 -6.7169999999999996 0.17100000000000001 0.98891084688426789 -0.14851039328828219 0 0.19191108802764231 -0.01467870673297181 -0.028504713074818722 0.98088844992344371 0.0023453588328633088 0.019071890509126846 -0.025288387415569678 0.9994955026143304 0 0 0 0 0 0 10000 3000000 0 -0.38704861460000017 0 0 0 1
-4.4314999999999998 -7.2204999999999995 -24.9345 -4.4314999999999998 -7.2204999999999995 -24.9345 -4.4315600000000002 -7.2207699999999999 -25.214099999999998 -4.4314999999999998 -7.2205000000000004 -24.9345 -4.4314999999999998 -7.2204999999999995 -24.9345 0 0 1 -0.00049169421593154639 8.6600238031204587e-05 -0.025273911099245285 0.99968043901786141 0 0 0 1 0 0 0 0 0 0 10000 3000000 0 0 0 0 0 0
-1.036 -6.7169999999999996 0.17100000000000001 -4.4314999999999998 -7.2204999999999995 -24.9345 -1.83161 -10.914 -0.22731000000000001 -4.4315600000000002 -7.2207699999999999 -25.214099999999998 -4.2826653117216313 -6.2294297161484868 0.17100000000000001 0.14851039328828219 0.98891084688426789 -0 0.0023453588328633088 0.019071890509126846 -0.025288387415569678 0.9994955026143304 -0.00049169421593154639 8.6600238031204587e-05 -0.025273911099245285 0.99968043901786141 0 0 0 0 0 0 10000 3000000 0 0 0 0 0 0
-1.036 -6.7169999999999996 0.17100000000000001 -1.036 -6.7169999999999996 0.17100000000000001 -2.9322900000000001 -10.6913 -0.18418000000000001 -3.6172200000000001 -10.5527 -0.15734000000000001 -1.036 -6.7169999999999996 0.17100000000000001 0.98891084688426789 -0.14851039328828219 0 0.19191108802764231 -0.01467870673297181 -0.028504713074818722 0.98088844992344371 0.089666338184462971 0.0036182515408345515 -0.026882511447933348 0.99560242397787913 0 0 0 0 0 0 10000 3000000 0 0 0 0 0 0
3.8855000000000004 46.343499999999999 3.6414999999999997 3.8855000000000004 46.343499999999999 3.6414999999999997 4.4385199999999996 42.014800000000001 12.8987 4.3822200000000002 44.024099999999997 1.8017700000000001 3.8855000000000004 46.343499999999999 3.6414999999999997 0.0073455076744927848 0 0.99997302139457944 0.089245132623123211 0.0012521504577174963 -0.027092509903534935 0.99564036395148192 0.089231988697758793 0.0013885998241181176 -0.028611296376055518 0.99559887389613544 0 0 0 0 0 0 10000 3000000 0 0 0 0 0 0
-1.036 -6.7169999999999996 0.17100000000000001 3.8855000000000004 46.343499999999999 3.6414999999999997 -3.6172200000000001 -10.5527 -0.15734000000000001 4.4385199999999996 42.014800000000001 12.8987 -4.0410460610016319 -6.2657150598308844 0.17100000000000001 0.14851030491779924 0.9889102584370405 -0.00109091301582676 0.089666338184462971 0.0036182515408345515 -0.026882511447933348 0.99560242397787913 0.089245132623123211 0.0012521504577174963 -0.027092509903534935 0.99564036395148192 0 0 0 0 0 0 10000 3000000 0 0 0 0 0 0
-1.036 -6.7169999999999996 0.17100000000000001 -1.036 -6.7169999999999996 0.17100000000000001 -2.9853299999999998 -10.8238 -0.20083500000000001 -1.8668 -11.0526 -0.24576700000000001 -1.036 -6.7169999999999996 0.17100000000000001 0.98891084688426789 -0.14851039328828219 0 0.19824594245809068 -0.015562095483021364 -0.029729891370745387 0.97957771567250562 0.0023927695512463384 0.019545296334363547 -0.026350295058115238 0.99945881255578861 0 0 0 0 0 0 10000 3000000 0 -0.40013194270000002 0 0 0 1
-4.4314999999999998 -7.2204999999999995 -24.9345 -4.4314999999999998 -7.2204999999999995 -24.9345 -4.4315600000000002 -7.2208100000000002 -25.2301 -4.4314999999999998 -7.2205000000000004 -24.9345 -4.4314999999999998 -7.2204999999999995 -24.9345 0 0 1 -0.0005193260220705564 9.2035303911358734e-05 -0.026334701119184255 0.99965304248371534 0 0 0 1 0 0 0 0 0 0 10000 3000000 0 0 0 0 0 0
-1.036 -6.7169999999999996 0.17100000000000001 -4.4314999999999998 -7.2204999999999995 -24.9345 -1.8668 -11.0526 -0.24576700000000001 -4.4315600000000002 -7.2208100000000002 -25.2301 -4.2826653117216313 -6.2294297161484868 0.17100000000000001 0.14851039328828219 0.98891084688426789 -0 0.0023927695512463384 0.019545296334363547 -0.026350295058115238 0.99945881255578861 -0.0005193260220705564 9.2035303911358734e-05 -0.026334701119184255 0.99965304248371534 0 0 0 0 0 0 10000 3000000 0 0 0 0 0 0
-1.036 -6.7169999999999996 0.17100000000000001 -1.036 -6.7169999999999996 0.17100000000000001 -2.9853299999999998 -10.8238 -0.20083500000000001 -3.7418900000000002 -10.669 -0.17044400000000001 -1.036 -6.7169999999999996 0.17100000000000001 0.98891084688426789 -0.14851039328828219 0 0.19824594245809068 -0.015562095483021364 -0.029729891370745387 0.97957771567250562 0.093076820134576771 0.0033917007336999559 -0.028040806065847131 0.99525821529638536 0 0 0 0 0 0 10000 3000000 0 0 0 0 0 0
3.8855000000000004 46.343499999999999 3.6414999999999997 3.8855000000000004 46.343499999999999 3.6414999999999997 4.4120200000000001 41.675199999999997 13.2265 4.3564999999999996 43.826300000000003 1.8016399999999999 3.8855000000000004 46.343499999999999 3.6414999999999997 0.0073455076744927848 0 0.99997302139457944 0.092709899599947757 0.0013444299941986536 -0.028229599878186528 0.99529199570521809 0.092714569402992095 0.0012944295728214872 -0.027694090860591571 0.99530667153591623 0 0 0 0 0 0 10000 3000000 0 0 0 0 0 0
-1.036 -6.7169999999999996 0.17100000000000001 3.8855000000000004 46.343499999999999 3.6414999999999997 -3.7418900000000002 -10.669 -0.17044400000000001 4.4120200000000001 41.675199999999997 13.2265 -4.0410460610016319 -6.2657150598308844 0.17100000000000001 0.14851030491779924 0.9889102584370405 -0.00109091301582676 0.093076820134576771 0.0033917007336999559 -0.028040806065847131 0.99525821529638536 0.092709899599947757 0.0013444299941986536 -0.028229599878186528 0.99529199570521809 0 0 0 0 0 0 10000 3000000 0 0 0 0 0 0
-1.036 -6.7169999999999996 0.17100000000000001 -1.036 -6.7169999999999996 0.17100000000000001 -3.0384000000000002 -10.954700000000001 -0.21778600000000001 -1.9019200000000001 -11.1896 -0.26456099999999999 -1.036 -6.7169999999999996 0.17100000000000001 0.98891084688426789 -0.14851039328828219 0 0.20457106546125398 -0.016448005263242128 -0.030909209890722492 0.97822531302498961 0.0024388002328355738 0.020020101911346344 -0.027362802612363964 0.99942209541618621 0 0 0 0 0 0 10000 3000000 0 -0.41321527079999987 0 0 0 1
-4.4314999999999998 -7.2204999999999995 -24.9345 -4.4314999999999998 -7.2204999999999995 -24.9345 -4.4315699999999998 -7.2208399999999999 -25.246500000000001 -4.4314999999999998 -7.2205000000000004 -24.9345 -4.4314999999999998 -7.2204999999999995 -24.9345 0 0 1 -0.00054773993216899856 9.7642387908164857e-05 -0.027345896613539665 0.99962587620836041 0 0 0 1 0 0 0 0 0 0 10000 3000000 0 0 0 0 0 0
-1.036 -6.7169999999999996 0.17100000000000001 -4.4314999999999998 -7.2204999999999995 -24.9345 -1.9019200000000001 -11.1896 -0.26456099999999999 -4.4315699999999998 -7.2208399999999999 -25.246500000000001 -4.2826653117216313 -6.2294297161484868 0.17100000000000001 0.14851039328828219 0.98891084688426789 -0 0.0024388002328355738 0.020020101911346344 -0.027362802612363964 0.99942209541618621 -0.00054773993216899856 9.7642387908164857e-05 -0.027345896613539665 0.99962587620836041 0 0 0 0 0 0 10000 3000000 0 0 0 0 0 0
-1.036 -6.7169999999999996 0.17100000000000001 -1.036 -6.7169999999999996 0.17100000000000001 -3.0384000000000002 -10.954700000000001 -0.21778600000000001 -3.85758 -10.785399999999999 -0.18407000000000001 -1.036 -6.7169999999999996 0.17100000000000001 0.98891084688426789 -0.14851039328828219 0 0.20457106546125398 -0.016448005263242128 -0.030909209890722492 0.97822531302498961 0.09652317078707906 0.0031567990445887741 -0.02915289117682212 0.99489869889201932 0 0 0 0 0 0 10000 3000000 0 0 0 0 0 0
3.8855000000000004 46.343499999999999 3.6414999999999997 3.8855000000000004 46.343499999999999 3.6414999999999997 4.3870500000000003 41.323300000000003 13.553800000000001 4.3308900000000001 43.621600000000001 1.8052999999999999 3.8855000000000004 46.343499999999999 3.6414999999999997 0.0073455076744927848 0 0.99997302139457944 0.096225773664318337 0.0015075595874015049 -0.029310991977981316 0.99492672770212609 0.096250388375792445 0.0012339298509776748 -0.026488096801019299 0.99500387983288363 0 0 0 0 0 0 10000 3000000 0 0 0 0 0 0
-1.036 -6.7169999999999996 0.17100000000000001 3.8855000000000004 46.343499999999999 3.6414999999999997 -3.85758 -10.785399999999999 -0.18407000000000001 4.3870500000000003 41.323300000000003 13.553800000000001 -4.0410460610016319 -6.2657150598308844 0.17100000000000001 0.14851030491779924 0.9889102584370405 -0.00109091301582676 0.09652317078707906 0.0031567990445887741 -0.02915289117682212 0.99489869889201932 0.096225773664318337 0.0015075595874015049 -0.029310991977981316 0.99492672770212609 0 0 0 0 0 0 10000 3000000 0 0 0 0 0 0
-1.036 -6.7169999999999996 0.17100000000000001 -1.036 -6.7169999999999996 0.17100000000000001 -3.09009 -11.0847 -0.23539099999999999 -1.9366300000000001 -11.3254 -0.28401900000000002 -1.036 -6.7169999999999996 0.17100000000000001 0.98891084688426789 -0.14851039328828219 0 0.2108870566631644 -0.017318904653410017 -0.031991908595893959 0.97683326246496405 0.0024835496148667992 0.020503196820493626 -0.028273395615540237 0.99938684502139497 0 0 0 0 0 0 10000 3000000 0 -0.42629861460000001 0 0 0 1
-4.4314999999999998 -7.2204999999999995 -24.9345 -4.4314999999999998 -7.2204999999999995 -24.9345 -4.4315800000000003 -7.2208800000000002 -25.2636 -4.4314999999999998 -7.2205000000000004 -24.9345 -4.4314999999999998 -7.2204999999999995 -24.9345 0 0 1 -0.00057694575054738448 0.00010338995529753926 -0.028255287783330699 0.99960056780516038 0 0 0 1 0 0 0 0 0 0 10000 3000000 0 0 0 0 0 0
-1.036 -6.7169999999999996 0.17100000000000001 -4.4314999999999998 -7.2204999999999995 -24.9345 -1.9366300000000001 -11.3254 -0.28401900000000002 -4.4315800000000003 -7.2208800000000002 -25.2636 -4.2826653117216313 -6.2294297161484868 0.17100000000000001 0.14851039328828219 0.98891084688426789 -0 0.0024835496148667992 0.020503196820493626 -0.028273395615540237 0.99938684502139497 -0.00057694575054738448 0.00010338995529753926 -0.028255287783330699 0.99960056780516038 0 0 0 0 0 0 10000 3000000 0 0 0 0 0 0
-1.036 -6.7169999999999996 0.17100000000000001 -1.036 -6.7169999999999996 0.17100000000000001 -3.09009 -11.0847 -0.23539099999999999 -3.9611100000000001 -10.903 -0.19867000000000001 -1.036 -6.7169999999999996 0.17100000000000001 0.98891084688426789 -0.14851039328828219 0 0.2108870566631644 -0.017318904653410017 -0.031991908595893959 0.97683326246496405 0.09992245116428175 0.0029398885631700595 -0.030165385257084485 0.99453351393547784 0 0 0 0 0 0 10000 3000000 0 0 0 0 0 0
3.8855000000000004 46.343499999999999 3.6414999999999997 3.8855000000000004 46.343499999999999 3.6414999999999997 4.3617699999999999 40.963799999999999 13.8714 4.3039500000000004 43.409700000000001 1.81738 3.8855000000000004 46.343499999999999 3.6414999999999997 0.0073455076744927848 0 0.99997302139457944 0.09970000059777484 0.0017133300102726739 -0.030287200181594042 0.99455500596308877 0.099746629642279108 0.0011811603510122088 -0.024990307426513262 0.99469829560020839 0 0 0 0 0 0 10000 3000000 0 0 0 0 0 0
-1.036 -6.7169999999999996 0.17100000000000001 3.8855000000000004 46.343499999999999 3.6414999999999997 -3.9611100000000001 -10.903 -0.19867000000000001 4.3617699999999999 40.963799999999999 13.8714 -4.0410460610016319 -6.2657150598308844 0.17100000000000001 0.14851030491779924 0.9889102584370405 -0.00109091301582676 0.09992245116428175 0.0029398885631700595 -0.030165385257084485 0.99453351393547784 0.09970000059777484 0.0017133300102726739 -0.030287200181594042 0.99455500596308877 0 0 0 0 0 0 10000 3000000 0 0 0 0 0 0
-1.036 -6.7169999999999996 0.17100000000000001 -1.036 -6.7169999999999996 0.17100000000000001 -3.14222 -11.2133 -0.253689 -1.97098 -11.4596 -0.30424699999999999 -1.036 -6.7169999999999996 0.17100000000000001 0.98891084688426789 -0.14851039328828219 0 0.2171930175490836 -0.018182001469096324 -0.033005202666803318 0.97540107881190319 0.0025270591388852565 0.020988692847942265 -0.029109290080786606 0.99935265946293239 0 0 0 0 0 0 10000 3000000 0 -0.43938194269999986 0 0 0 1
-4.4314999999999998 -7.2204999999999995 -24.9345 -4.4314999999999998 -7.2204999999999995 -24.9345 -4.4315899999999999 -7.2209199999999996 -25.281500000000001 -4.4314999999999998 -7.2205000000000004 -24.9345 -4.4314999999999998 -7.2204999999999995 -24.9345 0 0 1 -0.0006066087648486148 0.00010922895765748504 -0.029089788723367496 0.99957661251495422 0 0 0 1 0 0 0 0 0 0 10000 3000000 0 0 0 0 0 0
-1.036 -6.7169999999999996 0.17100000000000001 -4.4314999999999998 -7.2204999999999995 -24.9345 -1.97098 -11.4596 -0.30424699999999999 -4.4315899999999999 -7.2209199999999996 -25.281500000000001 -4.2826653117216313 -6.2294297161484868 0.17100000000000001 0.14851039328828219 0.98891084688426789 -0 0.0025270591388852565 0.020988692847942265 -0.029109290080786606 0.99935265946293239 -0.0006066087648486148 0.00010922895765748504 -0.029089788723367496 0.99957661251495422 0 0 0 0 0 0 10000 3000000 0 0 0 0 0 0
-1.036 -6.7169999999999996 0.17100000000000001 -1.036 -6.7169999999999996 0.17100000000000001 -3.14222 -11.2133 -0.253689 -4.0518200000000002 -11.0219 -0.214425 -1.036 -6.7169999999999996 0.17100000000000001 0.98891084688426789 -0.14851039328828219 0 0.2171930175490836 -0.018182001469096324 -0.033005202666803318 0.97540107881190319 0.10333196354207082 0.002725759038288574 -0.031106789024798596 0.99415664923832403 0 0 0 0 0 0 10000 3000000 0 0 0 0 0 0
3.8855000000000004 46.343499999999999 3.6414999999999997 3.8855000000000004 46.343499999999999 3.6414999999999997 4.3400499999999997 40.595399999999998 14.1852 4.2788500000000003 43.192700000000002 1.8325400000000001 3.8855000000000004 46.343499999999999 3.6414999999999997 0.0073455076744927848 0 0.99997302139457944 0.10319700395307659 0.0019881900761598431 -0.031182701194488224 0.99417003808279447 0.10326800478511386 0.0011588400536969956 -0.023210401075496833 0.99438204607652991 0 0 0 0 0 0 10000 3000000 0 0 0 0 0 0
-1.036 -6.7169999999999996 0.17100000000000001 3.8855000000000004 46.343499999999999 3.6414999999999997 -4.0518200000000002 -11.0219 -0.214425 4.3400499999999997 40.595399999999998 14.1852 -4.0410460610016319 -6.2657150598308844 0.17100000000000001 0.14851030491779924 0.9889102584370405 -0.00109091301582676 0.10333196354207082 0.002725759038288574 -0.031106789024798596 0.99415664923832403 0.10319700395307659 0.0019881900761598431 -0.031182701194488224 0.99417003808279447 0 0 0 0 0 0 10000 3000000 0 0 0 0 0 0
-1.036 -6.7169999999999996 0.17100000000000001 -1.036 -6.7169999999999996 0.17100000000000001 -3.19502 -11.339600000000001 -0.272897 -2.0047199999999998 -11.591799999999999 -0.32549499999999998 -1.036 -6.7169999999999996 0.17100000000000001 0.98891084688426789 -0.14851039328828219 0 0.22349099055977092 -0.019030199196166973 -0.033941298566324163 0.97392895886137321 0.0025713595183242638 0.021483695975601624 -0.029862194406113044 0.99931981280404281 0 0 0 0 0 0 10000 3000000 0 -0.4524652708000001 0 0 0 1
-4.4314999999999998 -7.2204999999999995 -24.9345 -4.4314999999999998 -7.2204999999999995 -24.9345 -4.4316000000000004 -7.2209599999999998 -25.3003 -4.4314999999999998 -7.2205000000000004 -24.9345 -4.4314999999999998 -7.2204999999999995 -24.9345 0 0 1 -0.00063623127990056877 0.00011505705061765261 -0.029841313128245627 0.99955443973923486 0 0 0 1 0 0 0 0 0 0 10000 3000000 0 0 0 0 0 0
-1.036 -6.7169999999999996 0.17100000000000001 -4.4314999999999998 -7.2204999999999995 -24.9345 -2.0047199999999998 -11.591799999999999 -0.32549499999999998 -4.4316000000000004 -7.2209599999999998 -25.3003 -4.2826653117216313 -6.2294297161484868 0.17100000000000001 0.14851039328828219 0.98891084688426789 -0 0.0025713595183242638 0.021483695975601624 -0.029862194406113044 0.99931981280404281 -0.00063623127990056877 0.00011505705061765261 -0.029841313128245627 0.99955443973923486 0 0 0 0 0 0 10000 3000000 0 0 0 0 0 0
-1.036 -6.7169999999999996 0.17100000000000001 -1.036 -6.7169999999999996 0.17100000000000001 -3.19502 -11.339600000000001 -0.272897 -4.1314700000000002 -11.1411 -0.231516 -1.036 -6.7169999999999996 0.17100000000000001 0.98891084688426789 -0.14851039328828219 0 0.22349099055977092 -0.019030199196166973 -0.033941298566324163 0.97392895886137321 0.10664301464734909 0.0025397503488330678 -0.031966504390578708 0.99378013649505903 0 0 0 0 0 0 10000 3000000 0 0 0 0 0 0
3.8855000000000004 46.343499999999999 3.6414999999999997 3.8855000000000004 46.343499999999999 3.6414999999999997 4.3198699999999999 40.225999999999999 14.4842 4.25441 42.972200000000001 1.85439 3.8855000000000004 46.343499999999999 3.6414999999999997 0.0073455076744927848 0 0.99997302139457944 0.10659797028062476 0.0022917493610632635 -0.031992891080423642 0.99378472293411391 0.1066950328439686 0.0011355903495691671 -0.021237606537579713 0.99406430600315665 0 0 0 0 0 0 10000 3000000 0 0 0 0 0 0
-1.036 -6.7169999999999996 0.17100000000000001 3.8855000000000004 46.343499999999999 3.6414999999999997 -4.1314700000000002 -11.1411 -0.231516 4.3198699999999999 40.225999999999999 14.4842 -4.0410460610016319 -6.2657150598308844 0.17100000000000001 0.14851030491779924 0.9889102584370405 -0.00109091301582676 0.10664301464734909 0.0025397503488330678 -0.031966504390578708 0.99378013649505903 0.10659797028062476 0.0022917493610632635 -0.031992891080423642 0.99378472293411391 0 0 0 0 0 0 10000 3000000 0 0 0 0 0 0
-1.036 -6.7169999999999996 0.17100000000000001 -1.036 -6.7169999999999996 0.17100000000000001 -3.24939 -11.463699999999999 -0.29311300000000001 -2.03782 -11.722099999999999 -0.347887 -1.036 -6.7169999999999996 0.17100000000000001 0.98891084688426789 -0.14851039328828219 0 0.229780045984294 -0.019870603976566769 -0.034800706964425186 0.97241719460313869 0.0026140291138527353 0.021977992549532876 -0.030533689649179727 0.9992886612444335 0 0 0 0 0 0 10000 3000000 0 -0.46554861459999985 0 0 0 1
-4.4314999999999998 -7.2204999999999995 -24.9345 -4.4314999999999998 -7.2204999999999995 -24.9345 -4.43161 -7.2210099999999997 -25.320399999999999 -4.4314999999999998 -7.2205000000000004 -24.9345 -4.4314999999999998 -7.2204999999999995 -24.9345 0 0 1 -0.00066606912826767592 0.00012091402328491156 -0.030511305875687865 0.99953419248441699 0 0 0 1 0 0 0 0 0 0 10000 3000000 0 0 0 0 0 0
-1.036 -6.7169999999999996 0.17100000000000001 -4.4314999999999998 -7.2204999999999995 -24.9345 -2.03782 -11.722099999999999 -0.347887 -4.43161 -7.2210099999999997 -25.320399999999999 -4.2826653117216313 -6.2294297161484868 0.17100000000000001 0.14851039328828219 0.98891084688426789 -0 0.0026140291138527353 0.021977992549532876 -0.030533689649179727 0.9992886612444335 -0.00066606912826767592 0.00012091402328491156 -0.030511305875687865 0.99953419248441699 0 0 0 0 0 0 10000 3000000 0 0 0 0 0 0
-1.036 -6.7169999999999996 0.17100000000000001 -1.036 -6.7169999999999996 0.17100000000000001 -3.24939 -11.463699999999999 -0.29311300000000001 -4.2035799999999997 -11.2601 -0.249974 -1.036 -6.7169999999999996 0.17100000000000001 0.98891084688426789 -0.14851039328828219 0 0.229780045984294 -0.019870603976566769 -0.034800706964425186 0.97241719460313869 0.10981803549875466 0.0023813807697829537 -0.032745210584911595 0.99340932112023872 0 0 0 0 0 0 10000 3000000 0 0 0 0 0 0
3.8855000000000004 46.343499999999999 3.6414999999999997 3.8855000000000004 46.343499999999999 3.6414999999999997 4.2981600000000002 39.859999999999999 14.765000000000001 4.2285599999999999 42.749699999999997 1.8838900000000001 3.8855000000000004 46.343499999999999 3.6414999999999997 0.0073455076744927848 0 0.99997302139457944 0.10985505008507367 0.0025829911776363793 -0.03272311491911041 0.99340545291304549 0.10997997546855454 0.0010784697594432807 -0.019146995729190888 0.99374877834061293 0 0 0 0 0 0 10000 3000000 0 0 0 0 0 0
-1.036 -6.7169999999999996 0.17100000000000001 3.8855000000000004 46.343499999999999 3.6414999999999997 -4.2035799999999997 -11.2601 -0.249974 4.2981600000000002 39.859999999999999 14.765000000000001 -4.0410460610016319 -6.2657150598308844 0.17100000000000001 0.14851030491779924 0.9889102584370405 -0.00109091301582676 0.10981803549875466 0.0023813807697829537 -0.032745210584911595 0.99340932112023872 0.10985505008507367 0.0025829911776363793 -0.03272311491911041 0.99340545291304549 0 0 0 0 0 0 10000 3000000 0 0 0 0 0 0
-1.036 -6.7169999999999996 0.17100000000000001 -1.036 -6.7169999999999996 0.17100000000000001 -3.3052999999999999 -11.5852 -0.31485000000000002 -2.0704600000000002 -11.850199999999999 -0.37193100000000001 -1.036 -6.7169999999999996 0.17100000000000001 0.98891084688426789 -0.14851039328828219 0 0.23605799220635545 -0.02071189931617998 -0.035620998823944067 0.97086496794611199 0.0026566805289040835 0.022469804473391218 -0.031162506203973948 0.9992581989368825 0 0 0 0 0 0 10000 3000000 0 -0.47863194270000009 0 0 0 1
-4.4314999999999998 -7.2204999999999995 -24.9345 -4.4314999999999998 -7.2204999999999995 -24.9345 -4.4316199999999997 -7.2210599999999996 -25.342099999999999 -4.4314999999999998 -7.2205000000000004 -24.9345 -4.4314999999999998 -7.2204999999999995 -24.9345 0 0 1 -0.00069555388131771576 0.00012671697837829556 -0.031138494686841985 0.99951482945289172 0 0 0 1 0 0 0 0 0 0 10000 3000000 0 0 0 0 0 0
-1.036 -6.7169999999999996 0.17100000000000001 -4.4314999999999998 -7.2204999999999995 -24.9345 -2.0704600000000002 -11.850199999999999 -0.37193100000000001 -4.4316199999999997 -7.2210599999999996 -25.342099999999999 -4.2826653117216313 -6.2294297161484868 0.17100000000000001 0.14851039328828219 0.98891084688426789 -0 0.0026566805289040835 0.022469804473391218 -0.031162506203973948 0.9992581989368825 -0.00069555388131771576 0.00012671697837829556 -0.031138494686841985 0.99951482945289172 0 0 0 0 0 0 10000 3000000 0 0 0 0 0 0
-1.036 -6.7169999999999996 0.17100000000000001 -1.036 -6.7169999999999996 0.17100000000000001 -3.3052999999999999 -11.5852 -0.31485000000000002 -4.2708700000000004 -11.3779 -0.27021499999999998 -1.036 -6.7169999999999996 0.17100000000000001 0.98891084688426789 -0.14851039328828219 0 0.23605799220635545 -0.02071189931617998 -0.035620998823944067 0.97086496794611199 0.11279999294746072 0.0022567098589048235 -0.033479897906752577 0.99305093791195764 0 0 0 0 0 0 10000 3000000 0 0 0 0 0 0
3.8855000000000004 46.343499999999999 3.6414999999999997 3.8855000000000004 46.343499999999999 3.6414999999999997 4.2766500000000001 39.500999999999998 15.021599999999999 4.20275 42.524799999999999 1.9228099999999999 3.8855000000000004 46.343499999999999 3.6414999999999997 0.0073455076744927848 0 0.99997302139457944 0.11291495729760606 0.0028767189120769542 -0.033409987364947248 0.99303862445075874 0.11306704747933978 0.001006770422765041 -0.016999407138424905 0.99344141716789858 0 0 0 0 0 0 10000 3000000 0 0 0 0 0 0
-1.036 -6.7169999999999996 0.17100000000000001 3.8855000000000004 46.343499999999999 3.6414999999999997 -4.2708700000000004 -11.3779 -0.27021499999999998 4.2766500000000001 39.500999999999998 15.021599999999999 -4.0410460610016319 -6.2657150598308844 0.17100000000000001 0.14851030491779924 0.9889102584370405 -0.00109091301582676 0.11279999294746072 0.0022567098589048235 -0.033479897906752577 0.99305093791195764 0.11291495729760606 0.0028767189120769542 -0.033409987364947248 0.99303862445075874 0 0 0 0 0 0 10000 3000000 0 0 0 0 0 0
-1.036 -6.7169999999999996 0.17100000000000001 -1.036 -6.7169999999999996 0.17100000000000001 -3.3624299999999998 -11.7051 -0.337976 -2.10276 -11.9771 -0.397478 -1.036 -6.7169999999999996 0.17100000000000001 0.98891084688426789 -0.14851039328828219 0 0.24232490534641776 -0.021552591581426611 -0.036396585783272171 0.96927262139621739 0.002698289152756478 0.022958992791040245 -0.031743290032833653 0.99922868624932937 0 0 0 0 0 0 10000 3000000 0 -0.49171527079999994 0 0 0 1
-4.4314999999999998 -7.2204999999999995 -24.9345 -4.4314999999999998 -7.2204999999999995 -24.9345 -4.4316300000000002 -7.22112 -25.365400000000001 -4.4314999999999998 -7.2205000000000004 -24.9345 -4.4314999999999998 -7.2204999999999995 -24.9345 0 0 1 -0.00072506470448951163 0.00013252794598634054 -0.031717787072962328 0.99949659264087143 0 0 0 1 0 0 0 0 0 0 10000 3000000 0 0 0 0 0 0
-1.036 -6.7169999999999996 0.17100000000000001 -4.4314999999999998 -7.2204999999999995 -24.9345 -2.10276 -11.9771 -0.397478 -4.4316300000000002 -7.22112 -25.365400000000001 -4.2826653117216313 -6.2294297161484868 0.17100000000000001 0.14851039328828219 0.98891084688426789 -0 0.002698289152756478 0.022958992791040245 -0.031743290032833653 0.99922868624932937 -0.00072506470448951163 0.00013252794598634054 -0.031717787072962328 0.99949659264087143 0 0 0 0 0 0 10000 3000000 0 0 0 0 0 0
-1.036 -6.7169999999999996 0.17100000000000001 -1.036 -6.7169999999999996 0.17100000000000001 -3.3624299999999998 -11.7051 -0.337976 -4.33101 -11.4961 -0.29222399999999998 -1.036 -6.7169999999999996 0.17100000000000001 0.98891084688426789 -0.14851039328828219 0 0.24232490534641776 -0.021552591581426611 -0.036396585783272171 0.96927262139621739 0.11573598471630855 0.0021388297175535891 -0.034167695487933018 0.99268986890882982 0 0 0 0 0 0 10000 3000000 0 0 0 0 0 0
3.8855000000000004 46.343499999999999 3.6414999999999997 3.8855000000000004 46.343499999999999 3.6414999999999997 4.2567399999999997 39.140500000000003 15.2691 4.1775000000000002 42.297499999999999 1.9647300000000001 3.8855000000000004 46.343499999999999 3.6414999999999997 0.0073455076744927848 0 0.99997302139457944 0.11593401505590273 0.0032033904160119397 -0.034044504421228285 0.9926681289139756 0.11611603130078679 0.00094060025355265466 -0.014710503965433051 0.99312626771181556 0 0 0 0 0 0 10000 3000000 0 0 0 0 0 0
-1.036 -6.7169999999999996 0.17100000000000001 3.8855000000000004 46.343499999999999 3.6414999999999997 -4.33101 -11.4961 -0.29222399999999998 4.2567399999999997 39.140500000000003 15.2691 -4.0410460610016319 -6.2657150598308844 0.17100000000000001 0.14851030491779924 0.9889102584370405 -0.00109091301582676 0.11573598471630855 0.0021388297175535891 -0.034167695487933018 0.99268986890882982 0.11593401505590273 0.0032033904160119397 -0.034044504421228285 0.9926681289139756 0 0 0 0 0 0 10000 3000000 0 0 0 0 0 0
-1.036 -6.7169999999999996 0.17100000000000001 -1.036 -6.7169999999999996 0.17100000000000001 -3.4210500000000001 -11.8245 -0.36171799999999998 -2.1353499999999999 -12.1036 -0.42372799999999999 -1.036 -6.7169999999999996 0.17100000000000001 0.98891084688426789 -0.14851039328828219 0 0.24857812308694582 -0.022410711096978078 -0.037181318410851559 0.96763847913977141 0.0027370589629601774 0.023437391119844966 -0.032331287750050924 0.99919862141525806 0 0 0 0 0 0 10000 3000000 0 -0.50479861460000008 0 0 0 1
-4.4314999999999998 -7.2204999999999995 -24.9345 -4.4314999999999998 -7.2204999999999995 -24.9345 -4.4316500000000003 -7.2211800000000004 -25.389399999999998 -4.4314999999999998 -7.2205000000000004 -24.9345 -4.4314999999999998 -7.2204999999999995 -24.9345 0 0 1 -0.00075533684248120004 0.00013851897111309702 -0.032304093263267837 0.99947779156777017 0 0 0 1 0 0 0 0 0 0 10000 3000000 0 0 0 0 0 0
-1.036 -6.7169999999999996 0.17100000000000001 -4.4314999999999998 -7.2204999999999995 -24.9345 -2.1353499999999999 -12.1036 -0.42372799999999999 -4.4316500000000003 -7.2211800000000004 -25.389399999999998 -4.2826653117216313 -6.2294297161484868 0.17100000000000001 0.14851039328828219 0.98891084688426789 -0 0.0027370589629601774 0.023437391119844966 -0.032331287750050924 0.99919862141525806 -0.00075533684248120004 0.00013851897111309702 -0.032304093263267837 0.99947779156777017 0 0 0 0 0 0 10000 3000000 0 0 0 0 0 0
-1.036 -6.7169999999999996 0.17100000000000001 -1.036 -6.7169999999999996 0.17100000000000001 -3.4210500000000001 -11.8245 -0.36171799999999998 -4.3870300000000002 -11.614800000000001 -0.31512699999999999 -1.036 -6.7169999999999996 0.17100000000000001 0.98891084688426789 -0.14851039328828219 0 0.24857812308694582 -0.022410711096978078 -0.037181318410851559 0.96763847913977141 0.11860096240576022 0.0020212993592867105 -0.034863888948813114 0.99232768545107741 0 0 0 0 0 0 10000 3000000 0 0 0 0 0 0
3.8855000000000004 46.343499999999999 3.6414999999999997 3.8855000000000004 46.343499999999999 3.6414999999999997 4.2414800000000001 38.779699999999998 15.5062 4.1556899999999999 42.067799999999998 2.0089999999999999 3.8855000000000004 46.343499999999999 3.6414999999999997 0.0073455076744927848 0 0.99997302139457944 0.11889002152144454 0.0035746406470806335 -0.034679406277658205 0.99229517962504687 0.11910401208730263 0.00089810709114463924 -0.012387301257128593 0.9928041007549907 0 0 0 0 0 0 10000 3000000 0 0 0 0 0 0
-1.036 -6.7169999999999996 0.17100000000000001 3.8855000000000004 46.343499999999999 3.6414999999999997 -4.3870300000000002 -11.614800000000001 -0.31512699999999999 4.2414800000000001 38.779699999999998 15.5062 -4.0410460610016319 -6.2657150598308844 0.17100000000000001 0.14851030491779924 0.9889102584370405 -0.00109091301582676 0.11860096240576022 0.0020212993592867105 -0.034863888948813114 0.99232768545107741 0.11889002152144454 0.0035746406470806335 -0.034679406277658205 0.99229517962504687 0 0 0 0 0 0 10000 3000000 0 0 0 0 0 0
-1.036 -6.7169999999999996 0.17100000000000001 -1.036 -6.7169999999999996 0.17100000000000001 -3.4827300000000001 -11.941599999999999 -0.38667899999999999 -2.1681300000000001 -12.2287 -0.45137100000000002 -1.036 -6.7169999999999996 0.17100000000000001 0.98891084688426789 -0.14851039328828219 0 0.25481798541148598 -0.023289698666647901 -0.037985597825297042 0.9659619446979798 0.0027758513016248464 0.023908711211037329 -0.032939915445860647 0.99916746851976612 0 0 0 0 0 0 10000 3000000 0 -0.51788194269999999 0 0 0 1
-4.4314999999999998 -7.2204999999999995 -24.9345 -4.4314999999999998 -7.2204999999999995 -24.9345 -4.4316599999999999 -7.2212500000000004 -25.414999999999999 -4.4314999999999998 -7.2205000000000004 -24.9345 -4.4314999999999998 -7.2204999999999995 -24.9345 0 0 1 -0.00078548697166389665 0.00014454099478574604 -0.032911098812746321 0.99945796394498543 0 0 0 1 0 0 0 0 0 0 10000 3000000 0 0 0 0 0 0
-1.036 -6.7169999999999996 0.17100000000000001 -4.4314999999999998 -7.2204999999999995 -24.9345 -2.1681300000000001 -12.2287 -0.45137100000000002 -4.4316599999999999 -7.2212500000000004 -25.414999999999999 -4.2826653117216313 -6.2294297161484868 0.17100000000000001 0.14851039328828219 0.98891084688426789 -0 0.0027758513016248464 0.023908711211037329 -0.032939915445860647 0.99916746851976612 -0.00078548697166389665 0.00014454099478574604 -0.032911098812746321 0.99945796394498543 0 0 0 0 0 0 10000 3000000 0 0 0 0 0 0
-1.036 -6.7169999999999996 0.17100000000000001 -1.036 -6.7169999999999996 0.17100000000000001 -3.4827300000000001 -11.941599999999999 -0.38667899999999999 -4.4494899999999999 -11.730499999999999 -0.33910400000000002 -1.036 -6.7169999999999996 0.17100000000000001 0.98891084688426789 -0.14851039328828219 0 0.25481798541148598 -0.023289698666647901 -0.037985597825297042 0.9659619446979798 0.12144099277919079 0.0018939398873874609 -0.035580297884416655 0.9919589410187114 0 0 0 0 0 0 10000 3000000 0 0 0 0 0 0
3.8855000000000004 46.343499999999999 3.6414999999999997 3.8855000000000004 46.343499999999999 3.6414999999999997 4.2203400000000002 38.418799999999997 15.7371 4.1293199999999999 41.838099999999997 2.0539800000000001 3.8855000000000004 46.343499999999999 3.6414999999999997 0.0073455076744927848 0 0.99997302139457944 0.12181499422923521 0.0038990298152905222 -0.035336198326011585 0.99191595300977775 0.1220600039010126 0.00079306802534629078 -0.010098400322742796 0.99247103171916984 0 0 0 0 0 0 10000 3000000 0 0 0 0 0 0
-1.036 -6.7169999999999996 0.17100000000000001 3.8855000000000004 46.343499999999999 3.6414999999999997 -4.4494899999999999 -11.730499999999999 -0.33910400000000002 4.2203400000000002 38.418799999999997 15.7371 -4.0410460610016319 -6.2657150598308844 0.17100000000000001 0.14851030491779924 0.9889102584370405 -0.00109091301582676 0.12144099277919079 0.0018939398873874609 -0.035580297884416655 0.9919589410187114 0.12181499422923521 0.0038990298152905222 -0.035336198326011585 0.99191595300977775 0 0 0 0 0 0 10000 3000000 0 0 0 0 0 0
-1.036 -6.7169999999999996 0.17100000000000001 -1.036 -6.7169999999999996 0.17100000000000001 -3.5459200000000002 -12.0555 -0.41316399999999998 -2.2006399999999999 -12.351000000000001 -0.48069699999999999 -1.036 -6.7169999999999996 0.17100000000000001 0.98891084688426789 -0.14851039328828219 0 0.26104798677634566 -0.024173498775466554 -0.038795898034753876 0.96424295115528136 0.0028176488609682388 0.024382090143564208 -0.033550486437249082 0.99913559610042479 0 0 0 0 0 0 10000 3000000 0 -0.53096527080000022 0 0 0 1
-4.4314999999999998 -7.2204999999999995 -24.9345 -4.4314999999999998 -7.2204999999999995 -24.9345 -4.4316800000000001 -7.2213200000000004 -25.4422 -4.4314999999999998 -7.2205000000000004 -24.9345 -4.4314999999999998 -7.2204999999999995 -24.9345 0 0 1 -0.00081466875863121443 0.00015042395543262576 -0.033519990068749776 0.99943770388816044 0 0 0 1 0 0 0 0 0 0 10000 3000000 0 0 0 0 0 0
-1.036 -6.7169999999999996 0.17100000000000001 -4.4314999999999998 -7.2204999999999995 -24.9345 -2.2006399999999999 -12.351000000000001 -0.48069699999999999 -4.4316800000000001 -7.2213200000000004 -25.4422 -4.2826653117216313 -6.2294297161484868 0.17100000000000001 0.14851039328828219 0.98891084688426789 -0 0.0028176488609682388 0.024382090143564208 -0.033550486437249082 0.99913559610042479 -0.00081466875863121443 0.00015042395543262576 -0.033519990068749776 0.99943770388816044 0 0 0 0 0 0 10000 3000000 0 0 0 0 0 0
-1.036 -6.7169999999999996 0.17100000000000001 -1.036 -6.7169999999999996 0.17100000000000001 -3.5459200000000002 -12.0555 -0.41316399999999998 -4.5151700000000003 -11.842599999999999 -0.364508 -1.036 -6.7169999999999996 0.17100000000000001 0.98891084688426789 -0.14851039328828219 0 0.26104798677634566 -0.024173498775466554 -0.038795898034753876 0.96424295115528136 0.12416903471262802 0.0017875504997266485 -0.036299610147899335 0.99159527720983809 0 0 0 0 0 0 10000 3000000 0 0 0 0 0 0
3.8855000000000004 46.343499999999999 3.6414999999999997 3.8855000000000004 46.343499999999999 3.6414999999999997 4.1958900000000003 38.063899999999997 15.952999999999999 4.1002799999999997 41.608899999999998 2.1027 3.8855000000000004 46.343499999999999 3.6414999999999997 0.0073455076744927848 0 0.99997302139457944 0.12462201521884182 0.0042025605132167349 -0.035998804396174373 0.99154212108713446 0.12489804646440636 0.00065623924413325721 -0.0078424429175352594 0.99213836909400632 0 0 0 0 0 0 10000 3000000 0 0 0 0 0 0
-1.036 -6.7169999999999996 0.17100000000000001 3.8855000000000004 46.343499999999999 3.6414999999999997 -4.5151700000000003 -11.842599999999999 -0.364508 4.1958900000000003 38.063899999999997 15.952999999999999 -4.0410460610016319 -6.2657150598308844 0.17100000000000001 0.14851030491779924 0.9889102584370405 -0.00109091301582676 0.12416903471262802 0.0017875504997266485 -0.036299610147899335 0.99159527720983809 0.12462201521884182 0.0042025605132167349 -0.035998804396174373 0.99154212108713446 0 0 0 0 0 0 10000 3000000 0 0 0 0 0 0
-1.036 -6.7169999999999996 0.17100000000000001 -1.036 -6.7169999999999996 0.17100000000000001 -3.6086399999999998 -12.1655 -0.44147599999999998 -2.2319599999999999 -12.4695 -0.51201600000000003 -1.036 -6.7169999999999996 0.17100000000000001 0.98891084688426789 -0.14851039328828219 0 0.26727294364308296 -0.025023294723612029 -0.039546791661201369 0.96248379705158793 0.0028673293064585296 0.024883793981178574 -0.034091891753950034 0.99910475833937828 0 0 0 0 0 0 10000 3000000 0 -0.54404861459999998 0 0 0 1
-4.4314999999999998 -7.2204999999999995 -24.9345 -4.4314999999999998 -7.2204999999999995 -24.9345 -4.4317000000000002 -7.2214 -25.4712 -4.4314999999999998 -7.2205000000000004 -24.9345 -4.4314999999999998 -7.2204999999999995 -24.9345 0 0 1 -0.00084200536171405947 0.00015594206699059252 -0.034059814631633448 0.99941942933700334 0 0 0 1 0 0 0 0 0 0 10000 3000000 0 0 0 0 0 0
-1.036 -6.7169999999999996 0.17100000000000001 -4.4314999999999998 -7.2204999999999995 -24.9345 -2.2319599999999999 -12.4695 -0.51201600000000003 -4.4317000000000002 -7.2214 -25.4712 -4.2826653117216313 -6.2294297161484868 0.17100000000000001 0.14851039328828219 0.98891084688426789 -0 0.0028673293064585296 0.024883793981178574 -0.034091891753950034 0.99910475833937828 -0.00084200536171405947 0.00015594206699059252 -0.034059814631633448 0.99941942933700334 0 0 0 0 0 0 10000 3000000 0 0 0 0 0 0
-1.036 -6.7169999999999996 0.17100000000000001 -1.036 -6.7169999999999996 0.17100000000000001 -3.6086399999999998 -12.1655 -0.44147599999999998 -4.5883099999999999 -11.949199999999999 -0.39127800000000001 -1.036 -6.7169999999999996 0.17100000000000001 0.98891084688426789 -0.14851039328828219 0 0.26727294364308296 -0.025023294723612029 -0.039546791661201369 0.96248379705158793 0.12680003779224377 0.0017299405156018467 -0.036951311013190352 0.99123829543460662 0 0 0 0 0 0 10000 3000000 0 0 0 0 0 0
3.8855000000000004 46.343499999999999 3.6414999999999997 3.8855000000000004 46.343499999999999 3.6414999999999997 4.1561899999999996 37.717399999999998 16.155000000000001 4.0589199999999996 41.381 2.1575600000000001 3.8855000000000004 46.343499999999999 3.6414999999999997 0.0073455076744927848 0 0.99997302139457944 0.12730203952815747 0.00439805136562515 -0.036611611368156743 0.99117830776767102 0.12760601606517849 0.00040482905096664843 -0.0055857507032276744 0.99180912486551276 0 0 0 0 0 0 10000 3000000 0 0 0 0 0 0
-1.036 -6.7169999999999996 0.17100000000000001 3.8855000000000004 46.343499999999999 3.6414999999999997 -4.5883099999999999 -11.949199999999999 -0.39127800000000001 4.1561899999999996 37.717399999999998 16.155000000000001 -4.0410460610016319 -6.2657150598308844 0.17100000000000001 0.14851030491779924 0.9889102584370405 -0.00109091301582676 0.12680003779224377 0.0017299405156018467 -0.036951311013190352 0.99123829543460662 0.12730203952815747 0.00439805136562515 -0.036611611368156743 0.99117830776767102 0 0 0 0 0 0 10000 3000000 0 0 0 0 0 0
-1.036 -6.7169999999999996 0.17100000000000001 -1.036 -6.7169999999999996 0.17100000000000001 -3.6711999999999998 -12.273400000000001 -0.470885 -2.2625000000000002 -12.585900000000001 -0.54458499999999999 -1.036 -6.7169999999999996 0.17100000000000001 0.98891084688426789 -0.14851039328828219 0 0.27349208015777132 -0.025845607575087002 -0.040246711795905457 0.96068428156687724 0.0029211399972217333 0.025404799975837753 -0.034571799967119114 0.99907499904978991 0 0 0 0 0 0 10000 3000000 0 -0.55713194270000022 0 0 0 1
-4.4314999999999998 -7.2204999999999995 -24.9345 -4.4314999999999998 -7.2204999999999995 -24.9345 -4.4317200000000003 -7.2214799999999997 -25.5014 -4.4314999999999998 -7.2205000000000004 -24.9345 -4.4314999999999998 -7.2204999999999995 -24.9345 0 0 1 -0.0008685819955253065 0.00016129399916905805 -0.034537999822069808 0.99940299485135309 0 0 0 1 0 0 0 0 0 0 10000 3000000 0 0 0 0 0 0
-1.036 -6.7169999999999996 0.17100000000000001 -4.4314999999999998 -7.2204999999999995 -24.9345 -2.2625000000000002 -12.585900000000001 -0.54458499999999999 -4.4317200000000003 -7.2214799999999997 -25.5014 -4.2826653117216313 -6.2294297161484868 0.17100000000000001 0.14851039328828219 0.98891084688426789 -0 0.0029211399972217333 0.025404799975837753 -0.034571799967119114 0.99907499904978991 -0.0008685819955253065 0.00016129399916905805 -0.034537999822069808 0.99940299485135309 0 0 0 0 0 0 10000 3000000 0 0 0 0 0 0
-1.036 -6.7169999999999996 0.17100000000000001 -1.036 -6.7169999999999996 0.17100000000000001 -3.6711999999999998 -12.273400000000001 -0.470885 -4.6727600000000002 -12.051299999999999 -0.41848600000000002 -1.036 -6.7169999999999996 0.17100000000000001 0.98891084688426789 -0.14851039328828219 0 0.27349208015777132 -0.025845607575087002 -0.040246711795905457 0.96068428156687724 0.12945594843013952 0.0016915793261452188 -0.037546985042844275 0.99087260527760512 0 0 0 0 0 0 10000 3000000 0 0 0 0 0 0
3.8855000000000004 46.343499999999999 3.6414999999999997 3.8855000000000004 46.343499999999999 3.6414999999999997 4.0975200000000003 37.371699999999997 16.356200000000001 4.0024199999999999 41.155099999999997 2.2135699999999998 3.8855000000000004 46.343499999999999 3.6414999999999997 0.0073455076744927848 0 0.99997302139457944 0.12997901445830431 0.0044597804960867246 -0.037187004136521762 0.99080911021332707 0.13030405983061469 1.0327304741901299e-05 -0.0033397815334992808 0.99146845524419724 0 0 0 0 0 0 10000 3000000 0 0 0 0 0 0
-1.036 -6.7169999999999996 0.17100000000000001 3.8855000000000004 46.343499999999999 3.6414999999999997 -4.6727600000000002 -12.051299999999999 -0.41848600000000002 4.0975200000000003 37.371699999999997 16.356200000000001 -4.0410460610016319 -6.2657150598308844 0.17100000000000001 0.14851030491779924 0.9889102584370405 -0.00109091301582676 0.12945594843013952 0.0016915793261452188 -0.037546985042844275 0.99087260527760512 0.12997901445830431 0.0044597804960867246 -0.037187004136521762 0.99080911021332707 0 0 0 0 0 0 10000 3000000 0 0 0 0 0 0
-1.036 -6.7169999999999996 0.17100000000000001 -1.036 -6.7169999999999996 0.17100000000000001 -3.73326 -12.377700000000001 -0.50137799999999999 -2.2919100000000001 -12.698700000000001 -0.57845999999999997 -1.036 -6.7169999999999996 0.17100000000000001 0.98891084688426789 -0.14851039328828219 0 0.27971006091064149 -0.026620605796996256 -0.040906308907900944 0.95884320880105178 0.0029855791414534062 0.025963992533677292 -0.034994589936798 0.99904571270991227 0 0 0 0 0 0 10000 3000000 0 -0.57021527080000001 0 0 0 1
-4.4314999999999998 -7.2204999999999995 -24.9345 -4.4314999999999998 -7.2204999999999995 -24.9345 -4.4317399999999996 -7.2215600000000002 -25.532499999999999 -4.4314999999999998 -7.2205000000000004 -24.9345 -4.4314999999999998 -7.2204999999999995 -24.9345 0 0 1 -0.0008929772923414697 0.00016621305441456242 -0.03495921144489042 0.99938832717814319 0 0 0 1 0 0 0 0 0 0 10000 3000000 0 0 0 0 0 0
-1.036 -6.7169999999999996 0.17100000000000001 -4.4314999999999998 -7.2204999999999995 -24.9345 -2.2919100000000001 -12.698700000000001 -0.57845999999999997 -4.4317399999999996 -7.2215600000000002 -25.532499999999999 -4.2826653117216313 -6.2294297161484868 0.17100000000000001 0.14851039328828219 0.98891084688426789 -0 0.0029855791414534062 0.025963992533677292 -0.034994589936798 0.99904571270991227 -0.0008929772923414697 0.00016621305441456242 -0.03495921144489042 0.99938832717814319 0 0 0 0 0 0 10000 3000000 0 0 0 0 0 0
-1.036 -6.7169999999999996 0.17100000000000001 -1.036 -6.7169999999999996 0.17100000000000001 -3.73326 -12.377700000000001 -0.50137799999999999 -4.7901300000000004 -12.142300000000001 -0.444857 -1.036 -6.7169999999999996 0.17100000000000001 0.98891084688426789 -0.14851039328828219 0 0.27971006091064149 -0.026620605796996256 -0.040906308907900944 0.95884320880105178 0.13250799885006428 0.0016237499859087141 -0.038102099669340979 0.99044799140465845 0 0 0 0 0 0 10000 3000000 0 0 0 0 0 0
3.8855000000000004 46.343499999999999 3.6414999999999997 3.8855000000000004 46.343499999999999 3.6414999999999997 3.9927000000000001 37.005400000000002 16.5916 3.9151500000000001 40.934100000000001 2.2504599999999999 3.8855000000000004 46.343499999999999 3.6414999999999997 0.0073455076744927848 0 0.99997302139457944 0.13295997438746665 0.0040075892280044189 -0.037784492721444303 0.99039280921725537 0.13327895931870429 -0.00077163476447068466 -0.0022550893116696316 0.99107569748980828 0 0 0 0 0 0 10000 3000000 0 0 0 0 0 0
-1.036 -6.7169999999999996 0.17100000000000001 3.8855000000000004 46.343499999999999 3.6414999999999997 -4.7901300000000004 -12.142300000000001 -0.444857 3.9927000000000001 37.005400000000002 16.5916 -4.0410460610016319 -6.2657150598308844 0.17100000000000001 0.14851030491779924 0.9889102584370405 -0.00109091301582676 0.13250799885006428 0.0016237499859087141 -0.038102099669340979 0.99044799140465845 0.13295997438746665 0.0040075892280044189 -0.037784492721444303 0.99039280921725537 0 0 0 0 0 0 10000 3000000 0 0 0 0 0 0
-1.036 -6.7169999999999996 0.17100000000000001 -1.036 -6.7169999999999996 0.17100000000000001 -3.7961999999999998 -12.476800000000001 -0.53290499999999996 -2.3194599999999999 -12.806699999999999 -0.61378200000000005 -1.036 -6.7169999999999996 0.17100000000000001 0.98891084688426789 -0.14851039328828219 0 0.28593115343380615 -0.02731651465834263 -0.041495122266739633 0.95696151351608805 0.0030659291190699399 0.026587692360587434 -0.035317189852350467 0.99901771295333319 0 0 0 0 0 0 10000 3000000 0 -0.58329861460000021 0 0 0 1
-4.4314999999999998 -7.2204999999999995 -24.9345 -4.4314999999999998 -7.2204999999999995 -24.9345 -4.4317599999999997 -7.2216399999999998 -25.564599999999999 -4.4314999999999998 -7.2205000000000004 -24.9345 -4.4314999999999998 -7.2204999999999995 -24.9345 0 0 1 -0.00091443102473577338 0.00017051100461239993 -0.035280200954345413 0.99937702703360121 0 0 0 1 0 0 0 0 0 0 10000 3000000 0 0 0 0 0 0
-1.036 -6.7169999999999996 0.17100000000000001 -4.4314999999999998 -7.2204999999999995 -24.9345 -2.3194599999999999 -12.806699999999999 -0.61378200000000005 -4.4317599999999997 -7.2216399999999998 -25.564599999999999 -4.2826653117216313 -6.2294297161484868 0.17100000000000001 0.14851039328828219 0.98891084688426789 -0 0.0030659291190699399 0.026587692360587434 -0.035317189852350467 0.99901771295333319 -0.00091443102473577338 0.00017051100461239993 -0.035280200954345413 0.99937702703360121 0 0 0 0 0 0 10000 3000000 0 0 0 0 0 0
-1.036 -6.7169999999999996 0.17100000000000001 -1.036 -6.7169999999999996 0.17100000000000001 -3.7961999999999998 -12.476800000000001 -0.53290499999999996 -4.9279799999999998 -12.224 -0.47092000000000001 -1.036 -6.7169999999999996 0.17100000000000001 0.98891084688426789 -0.14851039328828219 0 0.28593115343380615 -0.02731651465834263 -0.041495122266739633 0.95696151351608805 0.13579602634685453 0.0015833103071904789 -0.038577607484744876 0.98998419207461508 0 0 0 0 0 0 10000 3000000 0 0 0 0 0 0
3.8855000000000004 46.343499999999999 3.6414999999999997 3.8855000000000004 46.343499999999999 3.6414999999999997 3.8541099999999999 36.629800000000003 16.844999999999999 3.8041800000000001 40.7196 2.2763800000000001 3.8855000000000004 46.343499999999999 3.6414999999999997 0.0073455076744927848 0 0.99997302139457944 0.13611095895321645 0.0032405790227433063 -0.038351188434487989 0.98994570146351735 0.13640696351635409 -0.0018039295175178447 -0.0017287595376229393 0.99064973503908293 0 0 0 0 0 0 10000 3000000 0 0 0 0 0 0
-1.036 -6.7169999999999996 0.17100000000000001 3.8855000000000004 46.343499999999999 3.6414999999999997 -4.9279799999999998 -12.224 -0.47092000000000001 3.8541099999999999 36.629800000000003 16.844999999999999 -4.0410460610016319 -6.2657150598308844 0.17100000000000001 0.14851030491779924 0.9889102584370405 -0.00109091301582676 0.13579602634685453 0.0015833103071904789 -0.038577607484744876 0.98998419207461508 0.13611095895321645 0.0032405790227433063 -0.038351188434487989 0.98994570146351735 0 0 0 0 0 0 10000 3000000 0 0 0 0 0 0
-1.036 -6.7169999999999996 0.17100000000000001 -1.036 -6.7169999999999996 0.17100000000000001 -3.8584399999999999 -12.573600000000001 -0.56489299999999998 -2.3453300000000001 -12.9123 -0.64985099999999996 -1.036 -6.7169999999999996 0.17100000000000001 0.98891084688426789 -0.14851039328828219 0 0.29215306277948999 -0.027936906003239174 -0.041981109021136352 0.95504120522461489 0.0031533585572429759 0.027251187531756534 -0.035515183750728027 0.99899254293066198 0 0 0 0 0 0 10000 3000000 0 -0.5963819427 0 0 0 1
-4.4314999999999998 -7.2204999999999995 -24.9345 -4.4314999999999998 -7.2204999999999995 -24.9345 -4.4317799999999998 -7.22173 -25.597100000000001 -4.4314999999999998 -7.2205000000000004 -24.9345 -4.4314999999999998 -7.2204999999999995 -24.9345 0 0 1 -0.00093460705141500513 0.00017446300959763413 -0.035476601951654085 0.99937005497777531 0 0 0 1 0 0 0 0 0 0 10000 3000000 0 0 0 0 0 0
-1.036 -6.7169999999999996 0.17100000000000001 -4.4314999999999998 -7.2204999999999995 -24.9345 -2.3453300000000001 -12.9123 -0.64985099999999996 -4.4317799999999998 -7.22173 -25.597100000000001 -4.2826653117216313 -6.2294297161484868 0.17100000000000001 0.14851039328828219 0.98891084688426789 -0 0.0031533585572429759 0.027251187531756534 -0.035515183750728027 0.99899254293066198 -0.00093460705141500513 0.00017446300959763413 -0.035476601951654085 0.99937005497777531 0 0 0 0 0 0 10000 3000000 0 0 0 0 0 0
-1.036 -6.7169999999999996 0.17100000000000001 -1.036 -6.7169999999999996 0.17100000000000001 -3.8584399999999999 -12.573600000000001 -0.56489299999999998 -5.0725600000000002 -12.3019 -0.49672300000000003 -1.036 -6.7169999999999996 0.17100000000000001 0.98891084688426789 -0.14851039328828219 0 0.29215306277948999 -0.027936906003239174 -0.041981109021136352 0.95504120522461489 0.13914498468273587 0.0015928998246514784 -0.038938495713598843 0.98950489107399164 0 0 0 0 0 0 10000 3000000 0 0 0 0 0 0
3.8855000000000004 46.343499999999999 3.6414999999999997 3.8855000000000004 46.343499999999999 3.6414999999999997 3.6958899999999999 36.253399999999999 17.1004 3.6777899999999999 40.509300000000003 2.3019799999999999 3.8855000000000004 46.343499999999999 3.6414999999999997 0.0073455076744927848 0 0.99997302139457944 0.13929100551376056 0.0023597500934094558 -0.038831001537104594 0.98948703916831959 0.13955700376716607 -0.002965480080049411 -0.0010639600287202652 0.99020902672944933 0 0 0 0 0 0 10000 3000000 0 0 0 0 0 0
-1.036 -6.7169999999999996 0.17100000000000001 3.8855000000000004 46.343499999999999 3.6414999999999997 -5.0725600000000002 -12.3019 -0.49672300000000003 3.6958899999999999 36.253399999999999 17.1004 -4.0410460610016319 -6.2657150598308844 0.17100000000000001 0.14851030491779924 0.9889102584370405 -0.00109091301582676 0.13914498468273587 0.0015928998246514784 -0.038938495713598843 0.98950489107399164 0.13929100551376056 0.0023597500934094558 -0.038831001537104594 0.98948703916831959 0 0 0 0 0 0 10000 3000000 0 0 0 0 0 0
-1.036 -6.7169999999999996 0.17100000000000001 -1.036 -6.7169999999999996 0.17100000000000001 -3.92136 -12.671900000000001 -0.59665299999999999 -2.3716400000000002 -13.019399999999999 -0.68582399999999999 -1.036 -6.7169999999999996 0.17100000000000001 0.98891084688426789 -0.14851039328828219 0 0.29836102068290582 -0.0285544019794409 -0.042470402944122333 0.95308006606917095 0.0032396090696932564 0.027919791982374972 -0.035714089744114851 0.99896671313036545 0 0 0 0 0 0 10000 3000000 0 -0.6094652707999999 0 0 0 1
-4.4314999999999998 -7.2204999999999995 -24.9345 -4.4314999999999998 -7.2204999999999995 -24.9345 -4.4318 -7.2218200000000001 -25.6296 -4.4314999999999998 -7.2205000000000004 -24.9345 -4.4314999999999998 -7.2204999999999995 -24.9345 0 0 1 -0.00095594501702340226 0.00017864100318122652 -0.035673700635274773 0.99936301779658687 0 0 0 1 0 0 0 0 0 0 10000 3000000 0 0 0 0 0 0
-1.036 -6.7169999999999996 0.17100000000000001 -4.4314999999999998 -7.2204999999999995 -24.9345 -2.3716400000000002 -13.019399999999999 -0.68582399999999999 -4.4318 -7.2218200000000001 -25.6296 -4.2826653117216313 -6.2294297161484868 0.17100000000000001 0.14851039328828219 0.98891084688426789 -0 0.0032396090696932564 0.027919791982374972 -0.035714089744114851 0.99896671313036545 -0.00095594501702340226 0.00017864100318122652 -0.035673700635274773 0.99936301779658687 0 0 0 0 0 0 10000 3000000 0 0 0 0 0 0
-1.036 -6.7169999999999996 0.17100000000000001 -1.036 -6.7169999999999996 0.17100000000000001 -3.92136 -12.671900000000001 -0.59665299999999999 -5.2209199999999996 -12.3805 -0.52187600000000001 -1.036 -6.7169999999999996 0.17100000000000001 0.98891084688426789 -0.14851039328828219 0 0.29836102068290582 -0.0285544019794409 -0.042470402944122333 0.95308006606917095 0.14256606225613305 0.0015925106954218708 -0.0393013171622053 0.98900343188068929 0 0 0 0 0 0 10000 3000000 0 0 0 0 0 0
3.8855000000000004 46.343499999999999 3.6414999999999997 3.8855000000000004 46.343499999999999 3.6414999999999997 3.5325099999999998 35.869100000000003 17.3598 3.5487799999999998 40.299300000000002 2.3231000000000002 3.8855000000000004 46.343499999999999 3.6414999999999997 0.0073455076744927848 0 0.99997302139457944 0.14253699772922712 0.0014406199770493218 -0.039323199373537711 0.98900698424401889 0.14276902122806717 -0.0041699606200238919 -0.000450208066940622 0.98974714716371059 0 0 0 0 0 0 10000 3000000 0 0 0 0 0 0
-1.036 -6.7169999999999996 0.17100000000000001 3.8855000000000004 46.343499999999999 3.6414999999999997 -5.2209199999999996 -12.3805 -0.52187600000000001 3.5325099999999998 35.869100000000003 17.3598 -4.0410460610016319 -6.2657150598308844 0.17100000000000001 0.14851030491779924 0.9889102584370405 -0.00109091301582676 0.14256606225613305 0.0015925106954218708 -0.0393013171622053 0.98900343188068929 0.14253699772922712 0.0014406199770493218 -0.039323199373537711 0.98900698424401889 0 0 0 0 0 0 10000 3000000 0 0 0 0 0 0
-1.036 -6.7169999999999996 0.17100000000000001 -1.036 -6.7169999999999996 0.17100000000000001 -3.9861499999999999 -12.770300000000001 -0.62888999999999995 -2.39846 -13.127000000000001 -0.72252499999999997 -1.036 -6.7169999999999996 0.17100000000000001 0.98891084688426789 -0.14851039328828219 0 0.30455695693832335 -0.029165995876184552 -0.043001193920009159 0.95107586552623258 0.0033305296732967023 0.028606597193878886 -0.035939396474578972 0.99893890201059132 0 0 0 0 0 0 10000 3000000 0 -0.62254861459999999 0 0 0 1
-4.4314999999999998 -7.2204999999999995 -24.9345 -4.4314999999999998 -7.2204999999999995 -24.9345 -4.4318200000000001 -7.2219100000000003 -25.662700000000001 -4.4314999999999998 -7.2205000000000004 -24.9345 -4.4314999999999998 -7.2204999999999995 -24.9345 0 0 1 -0.00097717299350757298 0.00018283399878523413 -0.035897199761495711 0.99935499336019373 0 0 0 1 0 0 0 0 0 0 10000 3000000 0 0 0 0 0 0
-1.036 -6.7169999999999996 0.17100000000000001 -4.4314999999999998 -7.2204999999999995 -24.9345 -2.39846 -13.127000000000001 -0.72252499999999997 -4.4318200000000001 -7.2219100000000003 -25.662700000000001 -4.2826653117216313 -6.2294297161484868 0.17100000000000001 0.14851039328828219 0.98891084688426789 -0 0.0033305296732967023 0.028606597193878886 -0.035939396474578972 0.99893890201059132 -0.00097717299350757298 0.00018283399878523413 -0.035897199761495711 0.99935499336019373 0 0 0 0 0 0 10000 3000000 0 0 0 0 0 0
-1.036 -6.7169999999999996 0.17100000000000001 -1.036 -6.7169999999999996 0.17100000000000001 -3.9861499999999999 -12.770300000000001 -0.62888999999999995 -5.3665099999999999 -12.460100000000001 -0.54748300000000005 -1.036 -6.7169999999999996 0.17100000000000001 0.98891084688426789 -0.14851039328828219 0 0.30455695693832335 -0.029165995876184552 -0.043001193920009159 0.95107586552623258 0.14590407912857345 0.0016216908794962188 -0.039699621530408451 0.98850053609630206 0 0 0 0 0 0 10000 3000000 0 0 0 0 0 0
3.8855000000000004 46.343499999999999 3.6414999999999997 3.8855000000000004 46.343499999999999 3.6414999999999997 3.37677 35.487200000000001 17.607700000000001 3.4263300000000001 40.089500000000001 2.3445499999999999 3.8855000000000004 46.343499999999999 3.6414999999999997 0.0073455076744927848 0 0.99997302139457944 0.14570793495614501 0.00059788673310404823 -0.03985018221092438 0.98852455872377099 0.14590700617471342 -0.0053101402247225458 0.00018019200762563794 0.98928404186601859 0 0 0 0 0 0 10000 3000000 0 0 0 0 0 0
-1.036 -6.7169999999999996 0.17100000000000001 3.8855000000000004 46.343499999999999 3.6414999999999997 -5.3665099999999999 -12.460100000000001 -0.54748300000000005 3.37677 35.487200000000001 17.607700000000001 -4.0410460610016319 -6.2657150598308844 0.17100000000000001 0.14851030491779924 0.9889102584370405 -0.00109091301582676 0.14590407912857345 0.0016216908794962188 -0.039699621530408451 0.98850053609630206 0.14570793495614501 0.00059788673310404823 -0.03985018221092438 0.98852455872377099 0 0 0 0 0 0 10000 3000000 0 0 0 0 0 0
-1.036 -6.7169999999999996 0.17100000000000001 -1.036 -6.7169999999999996 0.17100000000000001 -4.0477400000000001 -12.868600000000001 -0.66254199999999996 -2.4244500000000002 -13.2339 -0.76068899999999995 -1.036 -6.7169999999999996 0.17100000000000001 0.98891084688426789 -0.14851039328828219 0 0.31074793304027726 -0.029735693592575885 -0.043475990631827374 0.94903179550336725 0.0034288001454551059 0.029327901244135788 -0.036095001531206851 0.99891204237542308 0 0 0 0 0 0 10000 3000000 0 -0.6356319426999999 0 0 0 1
-4.4314999999999998 -7.2204999999999995 -24.9345 -4.4314999999999998 -7.2204999999999995 -24.9345 -4.4318400000000002 -7.22201 -25.696999999999999 -4.4314999999999998 -7.2205000000000004 -24.9345 -4.4314999999999998 -7.2204999999999995 -24.9345 0 0 1 -0.00099712143498509038 0.00018672508145710601 -0.03605101572692531 0.9993494359570354 0 0 0 1 0 0 0 0 0 0 10000 3000000 0 0 0 0 0 0
-1.036 -6.7169999999999996 0.17100000000000001 -4.4314999999999998 -7.2204999999999995 -24.9345 -2.4244500000000002 -13.2339 -0.76068899999999995 -4.4318400000000002 -7.22201 -25.696999999999999 -4.2826653117216313 -6.2294297161484868 0.17100000000000001 0.14851039328828219 0.98891084688426789 -0 0.0034288001454551059 0.029327901244135788 -0.036095001531206851 0.99891204237542308 -0.00099712143498509038 0.00018672508145710601 -0.03605101572692531 0.9993494359570354 0 0 0 0 0 0 10000 3000000 0 0 0 0 0 0
-1.036 -6.7169999999999996 0.17100000000000001 -1.036 -6.7169999999999996 0.17100000000000001 -4.0477400000000001 -12.868600000000001 -0.66254199999999996 -5.5064700000000002 -12.5404 -0.57434399999999997 -1.036 -6.7169999999999996 0.17100000000000001 0.98891084688426789 -0.14851039328828219 0 0.31074793304027726 -0.029735693592575885 -0.043475990631827374 0.94903179550336725 0.1491310555000121 0.0017063406350248482 -0.040030114897446095 0.98800536769209257 0 0 0 0 0 0 10000 3000000 0 0 0 0 0 0
3.8855000000000004 46.343499999999999 3.6414999999999997 3.8855000000000004 46.343499999999999 3.6414999999999997 3.2214900000000002 35.112699999999997 17.841000000000001 3.3045399999999998 39.881100000000004 2.3689499999999999 3.8855000000000004 46.343499999999999 3.6414999999999997 0.0073455076744927848 0 0.99997302139457944 0.14875900841021938 -0.00023010501300918621 -0.040321402279605401 0.98805105586032216 0.1489219499763052 -0.0064338178388455153 0.00083791571853954248 0.98882766784739606 0 0 0 0 0 0 10000 3000000 0 0 0 0 0 0
-1.036 -6.7169999999999996 0.17100000000000001 3.8855000000000004 46.343499999999999 3.6414999999999997 -5.5064700000000002 -12.5404 -0.57434399999999997 3.2214900000000002 35.112699999999997 17.841000000000001 -4.0410460610016319 -6.2657150598308844 0.17100000000000001 0.14851030491779924 0.9889102584370405 -0.00109091301582676 0.1491310555000121 0.0017063406350248482 -0.040030114897446095 0.98800536769209257 0.14875900841021938 -0.00023010501300918621 -0.040321402279605401 0.98805105586032216 0 0 0 0 0 0 10000 3000000 0 0 0 0 0 0
-1.036 -6.7169999999999996 0.17100000000000001 -1.036 -6.7169999999999996 0.17100000000000001 -4.0980699999999999 -12.968 -0.699129 -2.4486699999999999 -13.3392 -0.80141300000000004 -1.036 -6.7169999999999996 0.17100000000000001 0.98891084688426789 -0.14851039328828219 0 0.31693790857984239 -0.030237091278166556 -0.043843987353282377 0.94694972685409051 0.0035336989382575203 0.030073690963996716 -0.036117189148154774 0.99888869987183881 0 0 0 0 0 0 10000 3000000 0 -0.64871527080000013 0 0 0 1
-4.4314999999999998 -7.2204999999999995 -24.9345 -4.4314999999999998 -7.2204999999999995 -24.9345 -4.4318600000000004 -7.2221099999999998 -25.733699999999999 -4.4314999999999998 -7.2205000000000004 -24.9345 -4.4314999999999998 -7.2204999999999995 -24.9345 0 0 1 -0.0010142396782508304 0.00018995293974086999 -0.03607138855700525 0.9993486829747289 0 0 0 1 0 0 0 0 0 0 10000 3000000 0 0 0 0 0 0
-1.036 -6.7169999999999996 0.17100000000000001 -4.4314999999999998 -7.2204999999999995 -24.9345 -2.4486699999999999 -13.3392 -0.80141300000000004 -4.4318600000000004 -7.2221099999999998 -25.733699999999999 -4.2826653117216313 -6.2294297161484868 0.17100000000000001 0.14851039328828219 0.98891084688426789 -0 0.0035336989382575203 0.030073690963996716 -0.036117189148154774 0.99888869987183881 -0.0010142396782508304 0.00018995293974086999 -0.03607138855700525 0.9993486829747289 0 0 0 0 0 0 10000 3000000 0 0 0 0 0 0
-1.036 -6.7169999999999996 0.17100000000000001 -1.036 -6.7169999999999996 0.17100000000000001 -4.0980699999999999 -12.968 -0.699129 -5.6382099999999999 -12.6214 -0.60361900000000002 -1.036 -6.7169999999999996 0.17100000000000001 0.98891084688426789 -0.14851039328828219 0 0.31693790857984239 -0.030237091278166556 -0.043843987353282377 0.94694972685409051 0.15233495086545387 0.0018464394044442095 -0.04023968702097748 0.98750768148647805 0 0 0 0 0 0 10000 3000000 0 0 0 0 0 0
3.8855000000000004 46.343499999999999 3.6414999999999997 3.8855000000000004 46.343499999999999 3.6414999999999997 3.0631599999999999 34.740200000000002 18.067 3.1807599999999998 39.674500000000002 2.3927999999999998 3.8855000000000004 46.343499999999999 3.6414999999999997 0.0073455076744927848 0 0.99997302139457944 0.15177299022859825 -0.0010768399306712243 -0.04068899738037355 0.98757693641812705 0.15189800174713058 -0.0075700700870709346 0.0015227200175143233 0.98836601136818436 0 0 0 0 0 0 10000 3000000 0 0 0 0 0 0
-1.036 -6.7169999999999996 0.17100000000000001 3.8855000000000004 46.343499999999999 3.6414999999999997 -5.6382099999999999 -12.6214 -0.60361900000000002 3.0631599999999999 34.740200000000002 18.067 -4.0410460610016319 -6.2657150598308844 0.17100000000000001 0.14851030491779924 0.9889102584370405 -0.00109091301582676 0.15233495086545387 0.0018464394044442095 -0.04023968702097748 0.98750768148647805 0.15177299022859825 -0.0010768399306712243 -0.04068899738037355 0.98757693641812705 0 0 0 0 0 0 10000 3000000 0 0 0 0 0 0
-1.036 -6.7169999999999996 0.17100000000000001 -1.036 -6.7169999999999996 0.17100000000000001 -4.1409200000000004 -13.0715 -0.73787499999999995 -2.4729999999999999 -13.446899999999999 -0.84385299999999996 -1.036 -6.7169999999999996 0.17100000000000001 0.98891084688426789 -0.14851039328828219 0 0.32311290044533608 -0.030739690528760827 -0.04417958638778003 0.94482870888780845 0.0036362212251448449 0.030812910381733116 -0.036102412163914514 0.99886633654606449 0 0 0 0 0 0 10000 3000000 0 -0.66179861459999989 0 0 0 1
-4.4314999999999998 -7.2204999999999995 -24.9345 -4.4314999999999998 -7.2204999999999995 -24.9345 -4.4318900000000001 -7.2222200000000001 -25.772099999999998 -4.4314999999999998 -7.2205000000000004 -24.9345 -4.4314999999999998 -7.2204999999999995 -24.9345 0 0 1 -0.0010313702715429541 0.00019314405085167529 -0.036054809492642705 0.99934926311234551 0 0 0 1 0 0 0 0 0 0 10000 3000000 0 0 0 0 0 0
-1.036 -6.7169999999999996 0.17100000000000001 -4.4314999999999998 -7.2204999999999995 -24.9345 -2.4729999999999999 -13.446899999999999 -0.84385299999999996 -4.4318900000000001 -7.2222200000000001 -25.772099999999998 -4.2826653117216313 -6.2294297161484868 0.17100000000000001 0.14851039328828219 0.98891084688426789 -0 0.0036362212251448449 0.030812910381733116 -0.036102412163914514 0.99886633654606449 -0.0010313702715429541 0.00019314405085167529 -0.036054809492642705 0.99934926311234551 0 0 0 0 0 0 10000 3000000 0 0 0 0 0 0
-1.036 -6.7169999999999996 0.17100000000000001 -1.036 -6.7169999999999996 0.17100000000000001 -4.1409200000000004 -13.0715 -0.73787499999999995 -5.7742300000000002 -12.704000000000001 -0.63409700000000002 -1.036 -6.7169999999999996 0.17100000000000001 0.98891084688426789 -0.14851039328828219 0 0.32311290044533608 -0.030739690528760827 -0.04417958638778003 0.94482870888780845 0.15535594498771249 0.00201412928678713 -0.040409685690735893 0.98702965048805236 0 0 0 0 0 0 10000 3000000 0 0 0 0 0 0
3.8855000000000004 46.343499999999999 3.6414999999999997 3.8855000000000004 46.343499999999999 3.6414999999999997 2.89703 34.377299999999998 18.272500000000001 3.0548600000000001 39.463999999999999 2.4233199999999999 3.8855000000000004 46.343499999999999 3.6414999999999997 0.0073455076744927848 0 0.99997302139457944 0.15456697741978626 -0.0020826496957521193 -0.04105219400281139 0.98712685579367743 0.15464607354592891 -0.008780444175766693 0.0016906708040421066 0.98792946983534002 0 0 0 0 0 0 10000 3000000 0 0 0 0 0 0
-1.036 -6.7169999999999996 0.17100000000000001 3.8855000000000004 46.343499999999999 3.6414999999999997 -5.7742300000000002 -12.704000000000001 -0.63409700000000002 2.89703 34.377299999999998 18.272500000000001 -4.0410460610016319 -6.2657150598308844 0.17100000000000001 0.14851030491779924 0.9889102584370405 -0.00109091301582676 0.15535594498771249 0.00201412928678713 -0.040409685690735893 0.98702965048805236 0.15456697741978626 -0.0020826496957521193 -0.04105219400281139 0.98712685579367743 0 0 0 0 0 0 10000 3000000 0 0 0 0 0 0
-1.036 -6.7169999999999996 0.17100000000000001 -1.036 -6.7169999999999996 0.17100000000000001 -4.1779799999999998 -13.1784 -0.77909600000000001 -2.4969999999999999 -13.5564 -0.88836499999999996 -1.036 -6.7169999999999996 0.17100000000000001 0.98891084688426789 -0.14851039328828219 0 0.32926909081398681 -0.031250208618956693 -0.044454312260711504 0.94267125999323298 0.0037301485056571641 0.031523787371187571 -0.036025085567912792 0.99884659984991009 0 0 0 0 0 0 10000 3000000 0 -0.67488194270000013 0 0 0 1
-4.4314999999999998 -7.2204999999999995 -24.9345 -4.4314999999999998 -7.2204999999999995 -24.9345 -4.4319100000000002 -7.2223300000000004 -25.812899999999999 -4.4314999999999998 -7.2205000000000004 -24.9345 -4.4314999999999998 -7.2204999999999995 -24.9345 0 0 1 -0.0010491301033713151 0.00019638201934961882 -0.035975603544694257 0.9993520984666634 0 0 0 1 0 0 0 0 0 0 10000 3000000 0 0 0 0 0 0
-1.036 -6.7169999999999996 0.17100000000000001 -4.4314999999999998 -7.2204999999999995 -24.9345 -2.4969999999999999 -13.5564 -0.88836499999999996 -4.4319100000000002 -7.2223300000000004 -25.812899999999999 -4.2826653117216313 -6.2294297161484868 0.17100000000000001 0.14851039328828219 0.98891084688426789 -0 0.0037301485056571641 0.031523787371187571 -0.036025085567912792 0.99884659984991009 -0.0010491301033713151 0.00019638201934961882 -0.035975603544694257 0.9993520984666634 0 0 0 0 0 0 10000 3000000 0 0 0 0 0 0
-1.036 -6.7169999999999996 0.17100000000000001 -1.036 -6.7169999999999996 0.17100000000000001 -4.1779799999999998 -13.1784 -0.77909600000000001 -5.9239699999999997 -12.7858 -0.66560200000000003 -1.036 -6.7169999999999996 0.17100000000000001 0.98891084688426789 -0.14851039328828219 0 0.32926909081398681 -0.031250208618956693 -0.044454312260711504 0.94267125999323298 0.15789195454222515 0.0022549693507845957 -0.040505088338410336 0.98662271594706386 0 0 0 0 0 0 10000 3000000 0 0 0 0 0 0
3.8855000000000004 46.343499999999999 3.6414999999999997 3.8855000000000004 46.343499999999999 3.6414999999999997 2.7124700000000002 34.049100000000003 18.432099999999998 2.9203600000000001 39.248100000000001 2.47533 3.8855000000000004 46.343499999999999 3.6414999999999997 0.0073455076744927848 0 0.99997302139457944 0.15680001376119398 -0.0034058602989075269 -0.041407503634034698 0.98675608660038738 0.15682092242508838 -0.010141994983039557 0.00096047552487969854 0.98757451147458986 0 0 0 0 0 0 10000 3000000 0 0 0 0 0 0
-1.036 -6.7169999999999996 0.17100000000000001 3.8855000000000004 46.343499999999999 3.6414999999999997 -5.9239699999999997 -12.7858 -0.66560200000000003 2.7124700000000002 34.049100000000003 18.432099999999998 -4.0410460610016319 -6.2657150598308844 0.17100000000000001 0.14851030491779924 0.9889102584370405 -0.00109091301582676 0.15789195454222515 0.0022549693507845957 -0.040505088338410336 0.98662271594706386 0.15680001376119398 -0.0034058602989075269 -0.041407503634034698 0.98675608660038738 0 0 0 0 0 0 10000 3000000 0 0 0 0 0 0
-1.036 -6.7169999999999996 0.17100000000000001 -1.036 -6.7169999999999996 0.17100000000000001 -4.2108299999999996 -13.286799999999999 -0.82264400000000004 -2.5205899999999999 -13.666499999999999 -0.93492799999999998 -1.036 -6.7169999999999996 0.17100000000000001 0.98891084688426789 -0.14851039328828219 0 0.33540981341604031 -0.031762982330680929 -0.044690575139235238 0.94047547682616484 0.0038198415532888709 0.032216613100466571 -0.035907014601120335 0.99882840616057655 0 0 0 0 0 0 10000 3000000 0 -0.68796527079999992 0 0 0 1
-4.4314999999999998 -7.2204999999999995 -24.9345 -4.4314999999999998 -7.2204999999999995 -24.9345 -4.43194 -7.2224500000000003 -25.855799999999999 -4.4314999999999998 -7.2205000000000004 -24.9345 -4.4314999999999998 -7.2204999999999995 -24.9345 0 0 1 -0.0010665904179918435 0.00019951907819060237 -0.035855614051649033 0.99935639164313994 0 0 0 1 0 0 0 0 0 0 10000 3000000 0 0 0 0 0 0
-1.036 -6.7169999999999996 0.17100000000000001 -4.4314999999999998 -7.2204999999999995 -24.9345 -2.5205899999999999 -13.666499999999999 -0.93492799999999998 -4.43194 -7.2224500000000003 -25.855799999999999 -4.2826653117216313 -6.2294297161484868 0.17100000000000001 0.14851039328828219 0.98891084688426789 -0 0.0038198415532888709 0.032216613100466571 -0.035907014601120335 0.99882840616057655 -0.0010665904179918435 0.00019951907819060237 -0.035855614051649033 0.99935639164313994 0 0 0 0 0 0 10000 3000000 0 0 0 0 0 0
-1.036 -6.7169999999999996 0.17100000000000001 -1.036 -6.7169999999999996 0.17100000000000001 -4.2108299999999996 -13.286799999999999 -0.82264400000000004 -6.0676699999999997 -12.8697 -0.69929300000000005 -1.036 -6.7169999999999996 0.17100000000000001 0.98891084688426789 -0.14851039328828219 0 0.33540981341604031 -0.031762982330680929 -0.044690575139235238 0.94047547682616484 0.16025207237618971 0.0025188111375949781 -0.040554718316118746 0.98623944542483699 0 0 0 0 0 0 10000 3000000 0 0 0 0 0 0
3.8855000000000004 46.343499999999999 3.6414999999999997 3.8855000000000004 46.343499999999999 3.6414999999999997 2.5311499999999998 33.730699999999999 18.572399999999998 2.78918 39.028100000000002 2.5344600000000002 3.8855000000000004 46.343499999999999 3.6414999999999997 0.0073455076744927848 0 0.99997302139457944 0.15885197457703054 -0.004733309242472266 -0.041728193321741283 0.9864088421332694 0.15881592114775764 -0.011475594302357492 0.00012323393881424267 0.98724150983373538 0 0 0 0 0 0 10000 3000000 0 0 0 0 0 0
-1.036 -6.7169999999999996 0.17100000000000001 3.8855000000000004 46.343499999999999 3.6414999999999997 -6.0676699999999997 -12.8697 -0.69929300000000005 2.5311499999999998 33.730699999999999 18.572399999999998 -4.0410460610016319 -6.2657150598308844 0.17100000000000001 0.14851030491779924 0.9889102584370405 -0.00109091301582676 0.16025207237618971 0.0025188111375949781 -0.040554718316118746 0.98623944542483699 0.15885197457703054 -0.004733309242472266 -0.041728193321741283 0.9864088421332694 0 0 0 0 0 0 10000 3000000 0 0 0 0 0 0
-1.036 -6.7169999999999996 0.17100000000000001 -1.036 -6.7169999999999996 0.17100000000000001 -4.2399899999999997 -13.397500000000001 -0.86928099999999997 -2.5439500000000002 -13.777900000000001 -0.98431299999999999 -1.036 -6.7169999999999996 0.17100000000000001 0.98891084688426789 -0.14851039328828219 0 0.34153416734576347 -0.032278515815907717 -0.044894021997284914 0.93824145972189132 0.0039064684828206157 0.032892987225146608 -0.035751286115051351 0.99881161208534153 0 0 0 0 0 0 10000 3000000 0 -0.70104861460000012 0 0 0 1
-4.4314999999999998 -7.2204999999999995 -24.9345 -4.4314999999999998 -7.2204999999999995 -24.9345 -4.4319699999999997 -7.2225799999999998 -25.901700000000002 -4.4314999999999998 -7.2205000000000004 -24.9345 -4.4314999999999998 -7.2204999999999995 -24.9345 0 0 1 -0.0010833700168263007 0.00020248100314482236 -0.0356980005544415 0.99936201552153514 0 0 0 1 0 0 0 0 0 0 10000 3000000 0 0 0 0 0 0
-1.036 -6.7169999999999996 0.17100000000000001 -4.4314999999999998 -7.2204999999999995 -24.9345 -2.5439500000000002 -13.777900000000001 -0.98431299999999999 -4.4319699999999997 -7.2225799999999998 -25.901700000000002 -4.2826653117216313 -6.2294297161484868 0.17100000000000001 0.14851039328828219 0.98891084688426789 -0 0.0039064684828206157 0.032892987225146608 -0.035751286115051351 0.99881161208534153 -0.0010833700168263007 0.00020248100314482236 -0.0356980005544415 0.99936201552153514 0 0 0 0 0 0 10000 3000000 0 0 0 0 0 0
-1.036 -6.7169999999999996 0.17100000000000001 -1.036 -6.7169999999999996 0.17100000000000001 -4.2399899999999997 -13.397500000000001 -0.86928099999999997 -6.2035999999999998 -12.957000000000001 -0.73609999999999998 -1.036 -6.7169999999999996 0.17100000000000001 0.98891084688426789 -0.14851039328828219 0 0.34153416734576347 -0.032278515815907717 -0.044894021997284914 0.93824145972189132 0.16245204982874833 0.002803060859779943 -0.040564112442188029 0.98587830239742669 0 0 0 0 0 0 10000 3000000 0 0 0 0 0 0
3.8855000000000004 46.343499999999999 3.6414999999999997 3.8855000000000004 46.343499999999999 3.6414999999999997 2.3557100000000002 33.420699999999997 18.694299999999998 2.6623299999999999 38.802999999999997 2.6012300000000002 3.8855000000000004 46.343499999999999 3.6414999999999997 0.0073455076744927848 0 0.99997302139457944 0.16074695420422624 -0.0060233482839867998 -0.042011988031054714 0.98608271907137313 0.16065692708097842 -0.012763394206946227 -0.00067420169399310228 0.98692755205298166 0 0 0 0 0 0 10000 3000000 0 0 0 0 0 0
-1.036 -6.7169999999999996 0.17100000000000001 3.8855000000000004 46.343499999999999 3.6414999999999997 -6.2035999999999998 -12.957000000000001 -0.73609999999999998 2.3557100000000002 33.420699999999997 18.694299999999998 -4.0410460610016319 -6.2657150598308844 0.17100000000000001 0.14851030491779924 0.9889102584370405 -0.00109091301582676 0.16245204982874833 0.002803060859779943 -0.040564112442188029 0.98587830239742669 0.16074695420422624 -0.0060233482839867998 -0.042011988031054714 0.98608271907137313 0 0 0 0 0 0 10000 3000000 0 0 0 0 0 0
-1.036 -6.7169999999999996 0.17100000000000001 -1.036 -6.7169999999999996 0.17100000000000001 -4.2650399999999999 -13.5092 -0.91847900000000005 -2.5662600000000002 -13.8894 -1.03603 -1.036 -6.7169999999999996 0.17100000000000001 0.98891084688426789 -0.14851039328828219 0 0.34764517456879412 -0.032777216458963247 -0.045030722612018001 0.93597046999425915 0.0039893185958738715 0.033557088188864041 -0.035514287499985822 0.99879764845177399 0 0 0 0 0 0 10000 3000000 0 -0.71413194269999991 0 0 0 1
-4.4314999999999998 -7.2204999999999995 -24.9345 -4.4314999999999998 -7.2204999999999995 -24.9345 -4.4320000000000004 -7.2227199999999998 -25.949999999999999 -4.4314999999999998 -7.2205000000000004 -24.9345 -4.4314999999999998 -7.2204999999999995 -24.9345 0 0 1 -0.0010994305482739976 0.00020521010233603507 -0.035459217683124288 0.99937049837514436 0 0 0 1 0 0 0 0 0 0 10000 3000000 0 0 0 0 0 0
-1.036 -6.7169999999999996 0.17100000000000001 -4.4314999999999998 -7.2204999999999995 -24.9345 -2.5662600000000002 -13.8894 -1.03603 -4.4320000000000004 -7.2227199999999998 -25.949999999999999 -4.2826653117216313 -6.2294297161484868 0.17100000000000001 0.14851039328828219 0.98891084688426789 -0 0.0039893185958738715 0.033557088188864041 -0.035514287499985822 0.99879764845177399 -0.0010994305482739976 0.00020521010233603507 -0.035459217683124288 0.99937049837514436 0 0 0 0 0 0 10000 3000000 0 0 0 0 0 0
-1.036 -6.7169999999999996 0.17100000000000001 -1.036 -6.7169999999999996 0.17100000000000001 -4.2650399999999999 -13.5092 -0.91847900000000005 -6.3327400000000003 -13.0464 -0.77540600000000004 -1.036 -6.7169999999999996 0.17100000000000001 0.98891084688426789 -0.14851039328828219 0 0.34764517456879412 -0.032777216458963247 -0.045030722612018001 0.93597046999425915 0.16454093861626945 0.0031107188395135665 -0.040497684891912016 0.98553363233629621 0 0 0 0 0 0 10000 3000000 0 0 0 0 0 0
3.8855000000000004 46.343499999999999 3.6414999999999997 3.8855000000000004 46.343499999999999 3.6414999999999997 2.1810800000000001 33.117100000000001 18.802800000000001 2.5354999999999999 38.574399999999997 2.6739000000000002 3.8855000000000004 46.343499999999999 3.6414999999999997 0.0073455076744927848 0 0.99997302139457944 0.16252699730194131 -0.0073055198787234012 -0.04222829929898151 0.98577298363549803 0.16238591612943626 -0.014035292750923582 -0.0014118092708158302 0.986626490418123 0 0 0 0 0 0 10000 3000000 0 0 0 0 0 0
-1.036 -6.7169999999999996 0.17100000000000001 3.8855000000000004 46.343499999999999 3.6414999999999997 -6.3327400000000003 -13.0464 -0.77540600000000004 2.1810800000000001 33.117100000000001 18.802800000000001 -4.0410460610016319 -6.2657150598308844 0.17100000000000001 0.14851030491779924 0.9889102584370405 -0.00109091301582676 0.16454093861626945 0.0031107188395135665 -0.040497684891912016 0.98553363233629621 0.16252699730194131 -0.0073055198787234012 -0.04222829929898151 0.98577298363549803 0 0 0 0 0 0 10000 3000000 0 0 0 0 0 0
-1.036 -6.7169999999999996 0.17100000000000001 -1.036 -6.7169999999999996 0.17100000000000001 -4.30823 -13.6333 -0.96229699999999996 -2.5977999999999999 -14.016400000000001 -1.0821000000000001 -1.036 -6.7169999999999996 0.17100000000000001 0.98891084688426789 -0.14851039328828219 0 0.35367705950746298 -0.033621005656857557 -0.045376307634730252 0.93366115709191533 0.0040111692737545661 0.033982693847236414 -0.03574839352754626 0.99877481916603306 0 0 0 0 0 0 10000 3000000 0 -0.72721527080000015 0 0 0 1
-4.4314999999999998 -7.2204999999999995 -24.9345 -4.4314999999999998 -7.2204999999999995 -24.9345 -4.4320300000000001 -7.22288 -25.994700000000002 -4.4314999999999998 -7.2205000000000004 -24.9345 -4.4314999999999998 -7.2204999999999995 -24.9345 0 0 1 -0.0011311302504013394 0.00021139804679775302 -0.035690707900947798 0.99936222123149709 0 0 0 1 0 0 0 0 0 0 10000 3000000 0 0 0 0 0 0
-1.036 -6.7169999999999996 0.17100000000000001 -4.4314999999999998 -7.2204999999999995 -24.9345 -2.5977999999999999 -14.016400000000001 -1.0821000000000001 -4.4320300000000001 -7.22288 -25.994700000000002 -4.2826653117216313 -6.2294297161484868 0.17100000000000001 0.14851039328828219 0.98891084688426789 -0 0.0040111692737545661 0.033982693847236414 -0.03574839352754626 0.99877481916603306 -0.0011311302504013394 0.00021139804679775302 -0.035690707900947798 0.99936222123149709 0 0 0 0 0 0 10000 3000000 0 0 0 0 0 0
-1.036 -6.7169999999999996 0.17100000000000001 -1.036 -6.7169999999999996 0.17100000000000001 -4.30823 -13.6333 -0.96229699999999996 -6.4708500000000004 -13.148899999999999 -0.81083099999999997 -1.036 -6.7169999999999996 0.17100000000000001 0.98891084688426789 -0.14851039328828219 0 0.35367705950746298 -0.033621005656857557 -0.045376307634730252 0.93366115709191533 0.16646793933424059 0.0031385088562360781 -0.040697685168579689 0.98520164096386387 0 0 0 0 0 0 10000 3000000 0 0 0 0 0 0
3.8855000000000004 46.343499999999999 3.6414999999999997 3.8855000000000004 46.343499999999999 3.6414999999999997 2.0200300000000002 32.804200000000002 18.9025 2.4218700000000002 38.326999999999998 2.7553800000000002 3.8855000000000004 46.343499999999999 3.6414999999999997 0.0073455076744927848 0 0.99997302139457944 0.16420405072854305 -0.0085485026409402361 -0.042662813180078973 0.9854663044460209 0.16401401601406138 -0.015260701490030039 -0.0023761302320014859 0.98633709630434763 0 0 0 0 0 0 10000 3000000 0 0 0 0 0 0
-1.036 -6.7169999999999996 0.17100000000000001 3.8855000000000004 46.343499999999999 3.6414999999999997 -6.4708500000000004 -13.148899999999999 -0.81083099999999997 2.0200300000000002 32.804200000000002 18.9025 -4.0410460610016319 -6.2657150598308844 0.17100000000000001 0.14851030491779924 0.9889102584370405 -0.00109091301582676 0.16646793933424059 0.0031385088562360781 -0.040697685168579689 0.98520164096386387 0.16420405072854305 -0.0085485026409402361 -0.042662813180078973 0.9854663044460209 0 0 0 0 0 0 10000 3000000 0 0 0 0 0 0
-1.036 -6.7169999999999996 0.17100000000000001 -1.036 -6.7169999999999996 0.17100000000000001 -4.3070700000000004 -13.7347 -1.0247900000000001 -2.6105399999999999 -14.1127 -1.1466400000000001 -1.036 -6.7169999999999996 0.17100000000000001 0.98891084688426789 -0.14851039328828219 0 0.3598178600783396 -0.033815586850199544 -0.045297182385374175 0.93130863784384987 0.0041511906180284417 0.034833805186050053 -0.035036605216242883 0.99877014869670311 0 0 0 0 0 0 10000 3000000 0 -0.7402986145999999 0 0 0 1
-4.4314999999999998 -7.2204999999999995 -24.9345 -4.4314999999999998 -7.2204999999999995 -24.9345 -4.4320599999999999 -7.2230100000000004 -26.053999999999998 -4.4314999999999998 -7.2205000000000004 -24.9345 -4.4314999999999998 -7.2204999999999995 -24.9345 0 0 1 -0.0011282304855482796 0.00021002409038652743 -0.034977815053145733 0.99938743009903863 0 0 0 1 0 0 0 0 0 0 10000 3000000 0 0 0 0 0 0
-1.036 -6.7169999999999996 0.17100000000000001 -4.4314999999999998 -7.2204999999999995 -24.9345 -2.6105399999999999 -14.1127 -1.1466400000000001 -4.4320599999999999 -7.2230100000000004 -26.053999999999998 -4.2826653117216313 -6.2294297161484868 0.17100000000000001 0.14851039328828219 0.98891084688426789 -0 0.0041511906180284417 0.034833805186050053 -0.035036605216242883 0.99877014869670311 -0.0011282304855482796 0.00021002409038652743 -0.034977815053145733 0.99938743009903863 0 0 0 0 0 0 10000 3000000 0 0 0 0 0 0
-1.036 -6.7169999999999996 0.17100000000000001 -1.036 -6.7169999999999996 0.17100000000000001 -4.3070700000000004 -13.7347 -1.0247900000000001 -6.5743499999999999 -13.2295 -0.86193500000000001 -1.036 -6.7169999999999996 0.17100000000000001 0.98891084688426789 -0.14851039328828219 0 0.3598178600783396 -0.033815586850199544 -0.045297182385374175 0.93130863784384987 0.16850203030375754 0.0037183606687177595 -0.0403474072561621 0.9848681771207527 0 0 0 0 0 0 10000 3000000 0 0 0 0 0 0
3.8855000000000004 46.343499999999999 3.6414999999999997 3.8855000000000004 46.343499999999999 3.6414999999999997 1.8490800000000001 32.517699999999998 18.989100000000001 2.2947099999999998 38.105899999999998 2.8268800000000001 3.8855000000000004 46.343499999999999 3.6414999999999997 0.0073455076744927848 0 0.99997302139457944 0.16589497488826044 -0.0097549585233791571 -0.042639793545558621 0.9851728508730957 0.16565797997112908 -0.016453798010654261 -0.0028487796555684182 0.98604188078264887 0 0 0 0 0 0 10000 3000000 0 0 0 0 0 0
-1.036 -6.7169999999999996 0.17100000000000001 3.8855000000000004 46.343499999999999 3.6414999999999997 -6.5743499999999999 -13.2295 -0.86193500000000001 1.8490800000000001 32.517699999999998 18.989100000000001 -4.0410460610016319 -6.2657150598308844 0.17100000000000001 0.14851030491779924 0.9889102584370405 -0.00109091301582676 0.16850203030375754 0.0037183606687177595 -0.0403474072561621 0.9848681771207527 0.16589497488826044 -0.0097549585233791571 -0.042639793545558621 0.9851728508730957 0 0 0 0 0 0 10000 3000000 0 0 0 0 0 0
-1.036 -6.7169999999999996 0.17100000000000001 -1.036 -6.7169999999999996 0.17100000000000001 -4.3465999999999996 -13.860099999999999 -1.07222 -2.6423299999999998 -14.2401 -1.19594 -1.036 -6.7169999999999996 0.17100000000000001 0.98891084688426789 -0.14851039328828219 0 0.36581311610819245 -0.034702111014365551 -0.045646614488124314 0.92892029483704008 0.0041651416255826428 0.035203413739282714 -0.035284913771090762 0.99874838979419955 0 0 0 0 0 0 10000 3000000 0 -0.75338194270000014 0 0 0 1
-4.4314999999999998 -7.2204999999999995 -24.9345 -4.4314999999999998 -7.2204999999999995 -24.9345 -4.4321000000000002 -7.2231899999999998 -26.102399999999999 -4.4314999999999998 -7.2205000000000004 -24.9345 -4.4314999999999998 -7.2204999999999995 -24.9345 0 0 1 -0.0011589997232331417 0.00021604894840793529 -0.035223591588675482 0.99937876135031389 0 0 0 1 0 0 0 0 0 0 10000 3000000 0 0 0 0 0 0
-1.036 -6.7169999999999996 0.17100000000000001 -4.4314999999999998 -7.2204999999999995 -24.9345 -2.6423299999999998 -14.2401 -1.19594 -4.4321000000000002 -7.2231899999999998 -26.102399999999999 -4.2826653117216313 -6.2294297161484868 0.17100000000000001 0.14851039328828219 0.98891084688426789 -0 0.0041651416255826428 0.035203413739282714 -0.035284913771090762 0.99874838979419955 -0.0011589997232331417 0.00021604894840793529 -0.035223591588675482 0.99937876135031389 0 0 0 0 0 0 10000 3000000 0 0 0 0 0 0
-1.036 -6.7169999999999996 0.17100000000000001 -1.036 -6.7169999999999996 0.17100000000000001 -4.3465999999999996 -13.860099999999999 -1.07222 -6.7011599999999998 -13.335000000000001 -0.90131799999999995 -1.036 -6.7169999999999996 0.17100000000000001 0.98891084688426789 -0.14851039328828219 0 0.36581311610819245 -0.034702111014365551 -0.045646614488124314 0.92892029483704008 0.17029700161338329 0.0037269400353088004 -0.040550600384173886 0.98455100932757544 0 0 0 0 0 0 10000 3000000 0 0 0 0 0 0
3.8855000000000004 46.343499999999999 3.6414999999999997 3.8855000000000004 46.343499999999999 3.6414999999999997 1.7004999999999999 32.208300000000001 19.070900000000002 2.1903999999999999 37.850999999999999 2.91275 3.8855000000000004 46.343499999999999 3.6414999999999997 0.0073455076744927848 0 0.99997302139457944 0.16745904934926809 -0.010917803217417034 -0.043069612692379848 0.98487729023796344 0.16717905109631148 -0.017601505379693183 -0.0037466311451137611 0.98576230128665809 0 0 0 0 0 0 10000 3000000 0 0 0 0 0 0
-1.036 -6.7169999999999996 0.17100000000000001 3.8855000000000004 46.343499999999999 3.6414999999999997 -6.7011599999999998 -13.335000000000001 -0.90131799999999995 1.7004999999999999 32.208300000000001 19.070900000000002 -4.0410460610016319 -6.2657150598308844 0.17100000000000001 0.14851030491779924 0.9889102584370405 -0.00109091301582676 0.17029700161338329 0.0037269400353088004 -0.040550600384173886 0.98455100932757544 0.16745904934926809 -0.010917803217417034 -0.043069612692379848 0.98487729023796344 0 0 0 0 0 0 10000 3000000 0 0 0 0 0 0
-1.036 -6.7169999999999996 0.17100000000000001 -1.036 -6.7169999999999996 0.17100000000000001 -4.3630000000000004 -13.9763 -1.12676 -2.66594 -14.353899999999999 -1.2518899999999999 -1.036 -6.7169999999999996 0.17100000000000001 0.98891084688426789 -0.14851039328828219 0 0.37184818264041924 -0.035301617339071403 -0.045765222478473228 0.9264924550646696 0.0042429807722697312 0.035828206521132402 -0.035133506394689248 0.99873118178019238 0 0 0 0 0 0 10000 3000000 0 -0.76646527080000004 0 0 0 1
-4.4314999999999998 -7.2204999999999995 -24.9345 -4.4314999999999998 -7.2204999999999995 -24.9345 -4.4321299999999999 -7.2233499999999999 -26.155200000000001 -4.4314999999999998 -7.2205000000000004 -24.9345 -4.4314999999999998 -7.2204999999999995 -24.9345 0 0 1 -0.0011750601562496453 0.00021884402910004371 -0.035070304663355006 0.99938413288972106 0 0 0 1 0 0 0 0 0 0 10000 3000000 0 0 0 0 0 0
-1.036 -6.7169999999999996 0.17100000000000001 -4.4314999999999998 -7.2204999999999995 -24.9345 -2.66594 -14.353899999999999 -1.2518899999999999 -4.4321299999999999 -7.2233499999999999 -26.155200000000001 -4.2826653117216313 -6.2294297161484868 0.17100000000000001 0.14851039328828219 0.98891084688426789 -0 0.0042429807722697312 0.035828206521132402 -0.035133506394689248 0.99873118178019238 -0.0011750601562496453 0.00021884402910004371 -0.035070304663355006 0.99938413288972106 0 0 0 0 0 0 10000 3000000 0 0 0 0 0 0
-1.036 -6.7169999999999996 0.17100000000000001 -1.036 -6.7169999999999996 0.17100000000000001 -4.3630000000000004 -13.9763 -1.12676 -6.81088 -13.4316 -0.94630800000000004 -1.036 -6.7169999999999996 0.17100000000000001 0.98891084688426789 -0.14851039328828219 0 0.37184818264041924 -0.035301617339071403 -0.045765222478473228 0.9264924550646696 0.17217497760649494 0.0039618494847120196 -0.040466594736814215 0.98422687198900938 0 0 0 0 0 0 10000 3000000 0 0 0 0 0 0
3.8855000000000004 46.343499999999999 3.6414999999999997 3.8855000000000004 46.343499999999999 3.6414999999999997 1.5440199999999999 31.906600000000001 19.150500000000001 2.07796 37.606400000000001 2.9928400000000002 3.8855000000000004 46.343499999999999 3.6414999999999997 0.0073455076744927848 0 0.99997302139457944 0.16905991109434931 -0.012105693633827425 -0.043260877249861211 0.9845814822258171 0.16873706464317995 -0.018766407189411759 -0.0044517517054663549 0.9854723775345291 0 0 0 0 0 0 10000 3000000 0 0 0 0 0 0
-1.036 -6.7169999999999996 0.17100000000000001 3.8855000000000004 46.343499999999999 3.6414999999999997 -6.81088 -13.4316 -0.94630800000000004 1.5440199999999999 31.906600000000001 19.150500000000001 -4.0410460610016319 -6.2657150598308844 0.17100000000000001 0.14851030491779924 0.9889102584370405 -0.00109091301582676 0.17217497760649494 0.0039618494847120196 -0.040466594736814215 0.98422687198900938 0.16905991109434931 -0.012105693633827425 -0.043260877249861211 0.9845814822258171 0 0 0 0 0 0 10000 3000000 0 0 0 0 0 0
-1.036 -6.7169999999999996 0.17100000000000001 -1.036 -6.7169999999999996 0.17100000000000001 -4.3437000000000001 -14.080299999999999 -1.1872400000000001 -2.6712600000000002 -14.449199999999999 -1.3132600000000001 -1.036 -6.7169999999999996 0.17100000000000001 0.98891084688426789 -0.14851039328828219 0 0.37793707427033224 -0.035402506957126288 -0.045325808907204702 0.92404318158841448 0.0043413612479748743 0.036560810509830968 -0.033945709758089797 0.99874528710096977 0 0 0 0 0 0 10000 3000000 0 -0.77954861460000013 0 0 0 1
-4.4314999999999998 -7.2204999999999995 -24.9345 -4.4314999999999998 -7.2204999999999995 -24.9345 -4.4321599999999997 -7.2234699999999998 -26.2121 -4.4314999999999998 -7.2205000000000004 -24.9345 -4.4314999999999998 -7.2204999999999995 -24.9345 0 0 1 -0.00117222018714512 0.00021688203462524774 -0.033881105409123306 0.99942515955836919 0 0 0 1 0 0 0 0 0 0 10000 3000000 0 0 0 0 0 0
-1.036 -6.7169999999999996 0.17100000000000001 -4.4314999999999998 -7.2204999999999995 -24.9345 -2.6712600000000002 -14.449199999999999 -1.3132600000000001 -4.4321599999999997 -7.2234699999999998 -26.2121 -4.2826653117216313 -6.2294297161484868 0.17100000000000001 0.14851039328828219 0.98891084688426789 -0 0.0043413612479748743 0.036560810509830968 -0.033945709758089797 0.99874528710096977 -0.00117222018714512 0.00021688203462524774 -0.033881105409123306 0.99942515955836919 0 0 0 0 0 0 10000 3000000 0 0 0 0 0 0
-1.036 -6.7169999999999996 0.17100000000000001 -1.036 -6.7169999999999996 0.17100000000000001 -4.3437000000000001 -14.080299999999999 -1.1872400000000001 -6.8874899999999997 -13.519299999999999 -0.99556699999999998 -1.036 -6.7169999999999996 0.17100000000000001 0.98891084688426789 -0.14851039328828219 0 0.37793707427033224 -0.035402506957126288 -0.045325808907204702 0.92404318158841448 0.17408295969813492 0.0045662089428790903 -0.039725590803146943 0.9839187722134225 0 0 0 0 0 0 10000 3000000 0 0 0 0 0 0
3.8855000000000004 46.343499999999999 3.6414999999999997 3.8855000000000004 46.343499999999999 3.6414999999999997 1.3638600000000001 31.625699999999998 19.225000000000001 1.94049 37.379100000000001 3.0740599999999998 3.8855000000000004 46.343499999999999 3.6414999999999997 0.0073455076744927848 0 0.99997302139457944 0.1706170772991277 -0.013359106052426059 -0.042876419425428414 0.98431344594932679 0.17024895018419181 -0.020012294144289258 -0.0044694186922227472 0.98518771172848918 0 0 0 0 0 0 10000 3000000 0 0 0 0 0 0
-1.036 -6.7169999999999996 0.17100000000000001 3.8855000000000004 46.343499999999999 3.6414999999999997 -6.8874899999999997 -13.519299999999999 -0.99556699999999998 1.3638600000000001 31.625699999999998 19.225000000000001 -4.0410460610016319 -6.2657150598308844 0.17100000000000001 0.14851030491779924 0.9889102584370405 -0.00109091301582676 0.17408295969813492 0.0045662089428790903 -0.039725590803146943 0.9839187722134225 0.1706170772991277 -0.013359106052426059 -0.042876419425428414 0.98431344594932679 0 0 0 0 0 0 10000 3000000 0 0 0 0 0 0
-1.036 -6.7169999999999996 0.17100000000000001 -1.036 -6.7169999999999996 0.17100000000000001 -4.38164 -14.2088 -1.23159 -2.7025800000000002 -14.5793 -1.3590199999999999 -1.036 -6.7169999999999996 0.17100000000000001 0.98891084688426789 -0.14851039328828219 0 0.38386311882591206 -0.036360911255622727 -0.045600814115860734 0.92154628526725402 0.0043288484948165633 0.036844687188737846 -0.034129288132908955 0.99872865273216938 0 0 0 0 0 0 10000 3000000 0 -0.79263194270000004 0 0 0 1
-4.4314999999999998 -7.2204999999999995 -24.9345 -4.4314999999999998 -7.2204999999999995 -24.9345 -4.4321999999999999 -7.2236700000000003 -26.2577 -4.4314999999999998 -7.2205000000000004 -24.9345 -4.4314999999999998 -7.2204999999999995 -24.9345 0 0 1 -0.0012069499654276377 0.00022353499359697334 -0.034061899024317201 0.99941897137223923 0 0 0 1 0 0 0 0 0 0 10000 3000000 0 0 0 0 0 0
-1.036 -6.7169999999999996 0.17100000000000001 -4.4314999999999998 -7.2204999999999995 -24.9345 -2.7025800000000002 -14.5793 -1.3590199999999999 -4.4321999999999999 -7.2236700000000003 -26.2577 -4.2826653117216313 -6.2294297161484868 0.17100000000000001 0.14851039328828219 0.98891084688426789 -0 0.0043288484948165633 0.036844687188737846 -0.034129288132908955 0.99872865273216938 -0.0012069499654276377 0.00022353499359697334 -0.034061899024317201 0.99941897137223923 0 0 0 0 0 0 10000 3000000 0 0 0 0 0 0
-1.036 -6.7169999999999996 0.17100000000000001 -1.036 -6.7169999999999996 0.17100000000000001 -4.38164 -14.2088 -1.23159 -7.0113500000000002 -13.6287 -1.0320100000000001 -1.036 -6.7169999999999996 0.17100000000000001 0.98891084688426789 -0.14851039328828219 0 0.38386311882591206 -0.036360911255622727 -0.045600814115860734 0.92154628526725402 0.17591202049639434 0.0044725605211205239 -0.039867004645105238 0.9835881146027986 0 0 0 0 0 0 10000 3000000 0 0 0 0 0 0
3.8855000000000004 46.343499999999999 3.6414999999999997 3.8855000000000004 46.343499999999999 3.6414999999999997 1.20869 31.306100000000001 19.308800000000002 1.833 37.1173 3.15645 3.8855000000000004 46.343499999999999 3.6414999999999997 0.0073455076744927848 0 0.99997302139457944 0.17221606487500507 -0.014614705505462539 -0.043258616295825558 0.98400037067987289 0.1718059783935198 -0.021214397332057596 -0.0055223493055041976 0.98488687613970727 0 0 0 0 0 0 10000 3000000 0 0 0 0 0 0
-1.036 -6.7169999999999996 0.17100000000000001 3.8855000000000004 46.343499999999999 3.6414999999999997 -7.0113500000000002 -13.6287 -1.0320100000000001 1.20869 31.306100000000001 19.308800000000002 -4.0410460610016319 -6.2657150598308844 0.17100000000000001 0.14851030491779924 0.9889102584370405 -0.00109091301582676 0.17591202049639434 0.0044725605211205239 -0.039867004645105238 0.9835881146027986 0.17221606487500507 -0.014614705505462539 -0.043258616295825558 0.98400037067987289 0 0 0 0 0 0 10000 3000000 0 0 0 0 0 0
-1.036 -6.7169999999999996 0.17100000000000001 -1.036 -6.7169999999999996 0.17100000000000001 -4.3998100000000004 -14.324 -1.27999 -2.7252000000000001 -14.692500000000001 -1.40859 -1.036 -6.7169999999999996 0.17100000000000001 0.98891084688426789 -0.14851039328828219 0 0.38982697386496945 -0.037045197516392056 -0.045663496938598488 0.91900893838721198 0.0043737498559585277 0.037347298770034849 -0.033947998881984583 0.99871596710911159 0 0 0 0 0 0 10000 3000000 0 -0.80571527079999994 0 0 0 1
-4.4314999999999998 -7.2204999999999995 -24.9345 -4.4314999999999998 -7.2204999999999995 -24.9345 -4.4322400000000002 -7.22384 -26.305199999999999 -4.4314999999999998 -7.2205000000000004 -24.9345 -4.4314999999999998 -7.2204999999999995 -24.9345 0 0 1 -0.0012269602289542542 0.00022699704235829108 -0.03387830632178792 0.99942518649557066 0 0 0 1 0 0 0 0 0 0 10000 3000000 0 0 0 0 0 0
-1.036 -6.7169999999999996 0.17100000000000001 -4.4314999999999998 -7.2204999999999995 -24.9345 -2.7252000000000001 -14.692500000000001 -1.40859 -4.4322400000000002 -7.22384 -26.305199999999999 -4.2826653117216313 -6.2294297161484868 0.17100000000000001 0.14851039328828219 0.98891084688426789 -0 0.0043737498559585277 0.037347298770034849 -0.033947998881984583 0.99871596710911159 -0.0012269602289542542 0.00022699704235829108 -0.03387830632178792 0.99942518649557066 0 0 0 0 0 0 10000 3000000 0 0 0 0 0 0
-1.036 -6.7169999999999996 0.17100000000000001 -1.036 -6.7169999999999996 0.17100000000000001 -4.3998100000000004 -14.324 -1.27999 -7.11937 -13.7255 -1.07117 -1.036 -6.7169999999999996 0.17100000000000001 0.98891084688426789 -0.14851039328828219 0 0.38982697386496945 -0.037045197516392056 -0.045663496938598488 0.91900893838721198 0.17788302700225653 0.0045798806952159253 -0.039741606032689336 0.98323814925341191 0 0 0 0 0 0 10000 3000000 0 0 0 0 0 0
3.8855000000000004 46.343499999999999 3.6414999999999997 3.8855000000000004 46.343499999999999 3.6414999999999997 1.0456099999999999 30.9925 19.398099999999999 1.71871 36.872100000000003 3.2262900000000001 3.8855000000000004 46.343499999999999 3.6414999999999997 0.0073455076744927848 0 0.99997302139457944 0.17391599694265245 -0.015908699720333812 -0.043423899236631744 0.98367398270755257 0.1734669634579156 -0.022435295273840982 -0.0064790086351494509 0.98456279259464763 0 0 0 0 0 0 10000 3000000 0 0 0 0 0 0
-1.036 -6.7169999999999996 0.17100000000000001 3.8855000000000004 46.343499999999999 3.6414999999999997 -7.11937 -13.7255 -1.07117 1.0456099999999999 30.9925 19.398099999999999 -4.0410460610016319 -6.2657150598308844 0.17100000000000001 0.14851030491779924 0.9889102584370405 -0.00109091301582676 0.17788302700225653 0.0045798806952159253 -0.039741606032689336 0.98323814925341191 0.17391599694265245 -0.015908699720333812 -0.043423899236631744 0.98367398270755257 0 0 0 0 0 0 10000 3000000 0 0 0 0 0 0
-1.036 -6.7169999999999996 0.17100000000000001 -1.036 -6.7169999999999996 0.17100000000000001 -4.4109999999999996 -14.4377 -1.3289 -2.7441 -14.803000000000001 -1.4585999999999999 -1.036 -6.7169999999999996 0.17100000000000001 0.98891084688426789 -0.14851039328828219 0 0.39579299132016871 -0.037603899175337852 -0.045595499000080225 0.91643597990234837 0.0044261220486999922 0.037894217539932766 -0.033553615530817066 0.99870846226787147 0 0 0 0 0 0 10000 3000000 0 -0.81879861460000003 0 0 0 1
-4.4314999999999998 -7.2204999999999995 -24.9345 -4.4314999999999998 -7.2204999999999995 -24.9345 -4.4322699999999999 -7.2240000000000002 -26.352699999999999 -4.4314999999999998 -7.2205000000000004 -24.9345 -4.4314999999999998 -7.2204999999999995 -24.9345 0 0 1 -0.0012432694173127746 0.00022950089243905109 -0.033481684308027317 0.99943853158980911 0 0 0 1 0 0 0 0 0 0 10000 3000000 0 0 0 0 0 0
-1.036 -6.7169999999999996 0.17100000000000001 -4.4314999999999998 -7.2204999999999995 -24.9345 -2.7441 -14.803000000000001 -1.4585999999999999 -4.4322699999999999 -7.2240000000000002 -26.352699999999999 -4.2826653117216313 -6.2294297161484868 0.17100000000000001 0.14851039328828219 0.98891084688426789 -0 0.0044261220486999922 0.037894217539932766 -0.033553615530817066 0.99870846226787147 -0.0012432694173127746 0.00022950089243905109 -0.033481684308027317 0.99943853158980911 0 0 0 0 0 0 10000 3000000 0 0 0 0 0 0
-1.036 -6.7169999999999996 0.17100000000000001 -1.036 -6.7169999999999996 0.17100000000000001 -4.4109999999999996 -14.4377 -1.3289 -7.1769100000000003 -13.8316 -1.11371 -1.036 -6.7169999999999996 0.17100000000000001 0.98891084688426789 -0.14851039328828219 0 0.39579299132016871 -0.037603899175337852 -0.045595499000080225 0.91643597990234837 0.18042502750223466 0.0046702907118936479 -0.039475906017322801 0.98278514980620035 0 0 0 0 0 0 10000 3000000 0 0 0 0 0 0
3.8855000000000004 46.343499999999999 3.6414999999999997 3.8855000000000004 46.343499999999999 3.6414999999999997 0.92095300000000002 30.643699999999999 19.533799999999999 1.63466 36.6492 3.2541799999999999 3.8855000000000004 46.343499999999999 3.6414999999999997 0.0073455076744927848 0 0.99997302139457944 0.17626296910147438 -0.016836597048580152 -0.043398192392388672 0.98324182763978751 0.1757850043663943 -0.023383500580832162 -0.0068442601700073264 0.98412702444512634 0 0 0 0 0 0 10000 3000000 0 0 0 0 0 0
-1.036 -6.7169999999999996 0.17100000000000001 3.8855000000000004 46.343499999999999 3.6414999999999997 -7.1769100000000003 -13.8316 -1.11371 0.92095300000000002 30.643699999999999 19.533799999999999 -4.0410460610016319 -6.2657150598308844 0.17100000000000001 0.14851030491779924 0.9889102584370405 -0.00109091301582676 0.18042502750223466 0.0046702907118936479 -0.039475906017322801 0.98278514980620035 0.17626296910147438 -0.016836597048580152 -0.043398192392388672 0.98324182763978751 0 0 0 0 0 0 10000 3000000 0 0 0 0 0 0
-1.036 -6.7169999999999996 0.17100000000000001 -1.036 -6.7169999999999996 0.17100000000000001 -4.3717800000000002 -14.5337 -1.3789800000000001 -2.7368700000000001 -14.886799999999999 -1.5094000000000001 -1.036 -6.7169999999999996 0.17100000000000001 0.98891084688426789 -0.14851039328828219 0 0.40186881615988762 -0.037292582940023307 -0.044748779529089282 0.91384258195083523 0.0045332722302832817 0.038749319063924273 -0.031770315630387992 0.99873349135778655 0 0 0 0 0 0 10000 3000000 0 -0.83188194269999993 0 0 0 1
-4.4314999999999998 -7.2204999999999995 -24.9345 -4.4314999999999998 -7.2204999999999995 -24.9345 -4.4322699999999999 -7.2240900000000003 -26.398 -4.4314999999999998 -7.2205000000000004 -24.9345 -4.4314999999999998 -7.2204999999999995 -24.9345 0 0 1 -0.0012340096829941232 0.00022552594206443435 -0.031696791857382126 0.9994967432383669 0 0 0 1 0 0 0 0 0 0 10000 3000000 0 0 0 0 0 0
-1.036 -6.7169999999999996 0.17100000000000001 -4.4314999999999998 -7.2204999999999995 -24.9345 -2.7368700000000001 -14.886799999999999 -1.5094000000000001 -4.4322699999999999 -7.2240900000000003 -26.398 -4.2826653117216313 -6.2294297161484868 0.17100000000000001 0.14851039328828219 0.98891084688426789 -0 0.0045332722302832817 0.038749319063924273 -0.031770315630387992 0.99873349135778655 -0.0012340096829941232 0.00022552594206443435 -0.031696791857382126 0.9994967432383669 0 0 0 0 0 0 10000 3000000 0 0 0 0 0 0
-1.036 -6.7169999999999996 0.17100000000000001 -1.036 -6.7169999999999996 0.17100000000000001 -4.3717800000000002 -14.5337 -1.3789800000000001 -7.1253299999999999 -13.939 -1.1593199999999999 -1.036 -6.7169999999999996 0.17100000000000001 0.98891084688426789 -0.14851039328828219 0 0.40186881615988762 -0.037292582940023307 -0.044748779529089282 0.91384258195083523 0.18385399646484332 0.0052740298985906086 -0.038273699264070808 0.98219398111431 0 0 0 0 0 0 10000 3000000 0 0 0 0 0 0
3.8855000000000004 46.343499999999999 3.6414999999999997 3.8855000000000004 46.343499999999999 3.6414999999999997 0.82870500000000002 30.264199999999999 19.738600000000002 1.5628 36.482599999999998 3.2232500000000002 3.8855000000000004 46.343499999999999 3.6414999999999997 0.0073455076744927848 0 0.99997302139457944 0.17954597387170243 -0.017116597509119567 -0.042435093824663768 0.98268485699549923 0.17904506734483161 -0.023892308986695636 -0.0053132319984840661 0.983536369940888 0 0 0 0 0 0 10000 3000000 0 0 0 0 0 0
-1.036 -6.7169999999999996 0.17100000000000001 3.8855000000000004 46.343499999999999 3.6414999999999997 -7.1253299999999999 -13.939 -1.1593199999999999 0.82870500000000002 30.264199999999999 19.738600000000002 -4.0410460610016319 -6.2657150598308844 0.17100000000000001 0.14851030491779924 0.9889102584370405 -0.00109091301582676 0.18385399646484332 0.0052740298985906086 -0.038273699264070808 0.98219398111431 0.17954597387170243 -0.017116597509119567 -0.042435093824663768 0.98268485699549923 0 0 0 0 0 0 10000 3000000 0 0 0 0 0 0
-1.036 -6.7169999999999996 0.17100000000000001 -1.036 -6.7169999999999996 0.17100000000000001 -4.3708400000000003 -14.6463 -1.4212 -2.75122 -14.9941 -1.55271 -1.036 -6.7169999999999996 0.17100000000000001 0.98891084688426789 -0.14851039328828219 0 0.40783783909848115 -0.037582285172913871 -0.044622082395550038 0.91118864051487591 0.0046091608899490721 0.039447407616610627 -0.031155206015530235 0.99872519283652261 0 0 0 0 0 0 10000 3000000 0 -0.84496527080000017 0 0 0 1
-4.4314999999999998 -7.2204999999999995 -24.9345 -4.4314999999999998 -7.2204999999999995 -24.9345 -4.4322999999999997 -7.2242300000000004 -26.4377 -4.4314999999999998 -7.2205000000000004 -24.9345 -4.4314999999999998 -7.2204999999999995 -24.9345 0 0 1 -0.0012471601470761021 0.00022713402678564373 -0.031079303665145053 0.99951611787173844 0 0 0 1 0 0 0 0 0 0 10000 3000000 0 0 0 0 0 0
-1.036 -6.7169999999999996 0.17100000000000001 -4.4314999999999998 -7.2204999999999995 -24.9345 -2.75122 -14.9941 -1.55271 -4.4322999999999997 -7.2242300000000004 -26.4377 -4.2826653117216313 -6.2294297161484868 0.17100000000000001 0.14851039328828219 0.98891084688426789 -0 0.0046091608899490721 0.039447407616610627 -0.031155206015530235 0.99872519283652261 -0.0012471601470761021 0.00022713402678564373 -0.031079303665145053 0.99951611787173844 0 0 0 0 0 0 10000 3000000 0 0 0 0 0 0
-1.036 -6.7169999999999996 0.17100000000000001 -1.036 -6.7169999999999996 0.17100000000000001 -4.3708400000000003 -14.6463 -1.4212 -7.1338400000000002 -14.0532 -1.19685 -1.036 -6.7169999999999996 0.17100000000000001 0.98891084688426789 -0.14851039328828219 0 0.40783783909848115 -0.037582285172913871 -0.044622082395550038 0.91118864051487591 0.18700196407125921 0.0054917789448629423 -0.037899792718301996 0.98161281140245005 0 0 0 0 0 0 10000 3000000 0 0 0 0 0 0
3.8855000000000004 46.343499999999999 3.6414999999999997 3.8855000000000004 46.343499999999999 3.6414999999999997 0.74659799999999998 29.869499999999999 19.923999999999999 1.50946 36.281599999999997 3.2063899999999999 3.8855000000000004 46.343499999999999 3.6414999999999997 0.0073455076744927848 0 0.99997302139457944 0.18257708454231847 -0.017540108121947014 -0.042256119566696039 0.98212645477365212 0.18205698607751347 -0.024426898131996101 -0.005171209604540877 0.98297092482903425 0 0 0 0 0 0 10000 3000000 0 0 0 0 0 0
-1.036 -6.7169999999999996 0.17100000000000001 3.8855000000000004 46.343499999999999 3.6414999999999997 -7.1338400000000002 -14.0532 -1.19685 0.74659799999999998 29.869499999999999 19.923999999999999 -4.0410460610016319 -6.2657150598308844 0.17100000000000001 0.14851030491779924 0.9889102584370405 -0.00109091301582676 0.18700196407125921 0.0054917789448629423 -0.037899792718301996 0.98161281140245005 0.18257708454231847 -0.017540108121947014 -0.042256119566696039 0.98212645477365212 0 0 0 0 0 0 10000 3000000 0 0 0 0 0 0
-1.036 -6.7169999999999996 0.17100000000000001 -1.036 -6.7169999999999996 0.17100000000000001 -4.3734000000000002 -14.762600000000001 -1.4634400000000001 -2.7671999999999999 -15.105600000000001 -1.59598 -1.036 -6.7169999999999996 0.17100000000000001 0.98891084688426789 -0.14851039328828219 0 0.41377403212217928 -0.037941102945450458 -0.04454880345842064 0.90849707052860629 0.0046710202162492517 0.040095001856235636 -0.030607701417012183 0.99871604623649401 0 0 0 0 0 0 10000 3000000 0 -0.85804861459999993 0 0 0 1
-4.4314999999999998 -7.2204999999999995 -24.9345 -4.4314999999999998 -7.2204999999999995 -24.9345 -4.4323300000000003 -7.22438 -26.477799999999998 -4.4314999999999998 -7.2205000000000004 -24.9345 -4.4314999999999998 -7.2204999999999995 -24.9345 0 0 1 -0.0012635700674299818 0.00022940301224201281 -0.030529101629175 0.99953305333973741 0 0 0 1 0 0 0 0 0 0 10000 3000000 0 0 0 0 0 0
-1.036 -6.7169999999999996 0.17100000000000001 -4.4314999999999998 -7.2204999999999995 -24.9345 -2.7671999999999999 -15.105600000000001 -1.59598 -4.4323300000000003 -7.22438 -26.477799999999998 -4.2826653117216313 -6.2294297161484868 0.17100000000000001 0.14851039328828219 0.98891084688426789 -0 0.0046710202162492517 0.040095001856235636 -0.030607701417012183 0.99871604623649401 -0.0012635700674299818 0.00022940301224201281 -0.030529101629175 0.99953305333973741 0 0 0 0 0 0 10000 3000000 0 0 0 0 0 0
-1.036 -6.7169999999999996 0.17100000000000001 -1.036 -6.7169999999999996 0.17100000000000001 -4.3734000000000002 -14.762600000000001 -1.4634400000000001 -7.1301800000000002 -14.1739 -1.2359500000000001 -1.036 -6.7169999999999996 0.17100000000000001 0.98891084688426789 -0.14851039328828219 0 0.41377403212217928 -0.037941102945450458 -0.04454880345842064 0.90849707052860629 0.19032400890444032 0.005614640262684825 -0.037597701759034464 0.98098504589606339 0 0 0 0 0 0 10000 3000000 0 0 0 0 0 0
3.8855000000000004 46.343499999999999 3.6414999999999997 3.8855000000000004 46.343499999999999 3.6414999999999997 0.68239799999999995 29.454899999999999 20.1204 1.4705299999999999 36.083300000000001 3.1747100000000001 3.8855000000000004 46.343499999999999 3.6414999999999997 0.0073455076744927848 0 0.99997302139457944 0.18583094362543592 -0.017798494600563528 -0.042107887225949887 0.98151770224209434 0.18529804492848326 -0.024818206017572148 -0.0049912412102064941 0.98235623818802753 0 0 0 0 0 0 10000 3000000 0 0 0 0 0 0
-1.036 -6.7169999999999996 0.17100000000000001 3.8855000000000004 46.343499999999999 3.6414999999999997 -7.1301800000000002 -14.1739 -1.2359500000000001 0.68239799999999995 29.454899999999999 20.1204 -4.0410460610016319 -6.2657150598308844 0.17100000000000001 0.14851030491779924 0.9889102584370405 -0.00109091301582676 0.19032400890444032 0.005614640262684825 -0.037597701759034464 0.98098504589606339 0.18583094362543592 -0.017798494600563528 -0.042107887225949887 0.98151770224209434 0 0 0 0 0 0 10000 3000000 0 0 0 0 0 0
-1.036 -6.7169999999999996 0.17100000000000001 -1.036 -6.7169999999999996 0.17100000000000001 -4.3773799999999996 -14.879799999999999 -1.50631 -2.7838799999999999 -15.218400000000001 -1.6398299999999999 -1.036 -6.7169999999999996 0.17100000000000001 0.98891084688426789 -0.14851039328828219 0 0.41968575270061032 -0.038334077411685083 -0.044513773770305479 0.90576646627805946 0.0047271890907544184 0.040718892167972962 -0.030105394209413643 0.99870580790511543 0 0 0 0 0 0 10000 3000000 0 -0.87113194270000016 0 0 0 1
-4.4314999999999998 -7.2204999999999995 -24.9345 -4.4314999999999998 -7.2204999999999995 -24.9345 -4.4323600000000001 -7.2245400000000002 -26.518699999999999 -4.4314999999999998 -7.2205000000000004 -24.9345 -4.4314999999999998 -7.2204999999999995 -24.9345 0 0 1 -0.0012812004150084759 0.0002319350751287784 -0.030024209725489765 0.99954832377528269 0 0 0 1 0 0 0 0 0 0 10000 3000000 0 0 0 0 0 0
-1.036 -6.7169999999999996 0.17100000000000001 -4.4314999999999998 -7.2204999999999995 -24.9345 -2.7838799999999999 -15.218400000000001 -1.6398299999999999 -4.4323600000000001 -7.2245400000000002 -26.518699999999999 -4.2826653117216313 -6.2294297161484868 0.17100000000000001 0.14851039328828219 0.98891084688426789 -0 0.0047271890907544184 0.040718892167972962 -0.030105394209413643 0.99870580790511543 -0.0012812004150084759 0.0002319350751287784 -0.030024209725489765 0.99954832377528269 0 0 0 0 0 0 10000 3000000 0 0 0 0 0 0
-1.036 -6.7169999999999996 0.17100000000000001 -1.036 -6.7169999999999996 0.17100000000000001 -4.3773799999999996 -14.879799999999999 -1.50631 -7.1276099999999998 -14.295400000000001 -1.2758499999999999 -1.036 -6.7169999999999996 0.17100000000000001 0.98891084688426789 -0.14851039328828219 0 0.41968575270061032 -0.038334077411685083 -0.044513773770305479 0.90576646627805946 0.19325005649492449 0.0057830716906292524 -0.037324410911457488 0.98042228661768094 0 0 0 0 0 0 10000 3000000 0 0 0 0 0 0
3.8855000000000004 46.343499999999999 3.6414999999999997 3.8855000000000004 46.343499999999999 3.6414999999999997 0.62291099999999999 29.0624 20.2803 1.4328099999999999 35.871499999999997 3.16567 3.8855000000000004 46.343499999999999 3.6414999999999997 0.0073455076744927848 0 0.99997302139457944 0.18868205952822839 -0.018043005692476362 -0.041987313246783391 0.98097430949239639 0.18813700562591834 -0.025173300752764898 -0.0048749901457783192 0.98180802935930533 0 0 0 0 0 0 10000 3000000 0 0 0 0 0 0
-1.036 -6.7169999999999996 0.17100000000000001 3.8855000000000004 46.343499999999999 3.6414999999999997 -7.1276099999999998 -14.295400000000001 -1.2758499999999999 0.62291099999999999 29.0624 20.2803 -4.0410460610016319 -6.2657150598308844 0.17100000000000001 0.14851030491779924 0.9889102584370405 -0.00109091301582676 0.19325005649492449 0.0057830716906292524 -0.037324410911457488 0.98042228661768094 0.18868205952822839 -0.018043005692476362 -0.041987313246783391 0.98097430949239639 0 0 0 0 0 0 10000 3000000 0 0 0 0 0 0
-1.036 -6.7169999999999996 0.17100000000000001 -1.036 -6.7169999999999996 0.17100000000000001 -4.3835699999999997 -14.997400000000001 -1.5496000000000001 -2.8021699999999998 -15.3322 -1.68411 -1.036 -6.7169999999999996 0.17100000000000001 0.98891084688426789 -0.14851039328828219 0 0.4255702672143184 -0.038773224345593466 -0.04458022799179396 0.90299456698763114 0.0047813899479002006 0.041337499549571263 -0.029709599676273176 0.99869198911788148 0 0 0 0 0 0 10000 3000000 0 -0.88421527079999995 0 0 0 1
-4.4314999999999998 -7.2204999999999995 -24.9345 -4.4314999999999998 -7.2204999999999995 -24.9345 -4.4323899999999998 -7.22471 -26.560199999999998 -4.4314999999999998 -7.2205000000000004 -24.9345 -4.4314999999999998 -7.2204999999999995 -24.9345 0 0 1 -0.0013011602562153389 0.00023501404627731536 -0.029625405833626842 0.99956019682637354 0 0 0 1 0 0 0 0 0 0 10000 3000000 0 0 0 0 0 0
-1.036 -6.7169999999999996 0.17100000000000001 -4.4314999999999998 -7.2204999999999995 -24.9345 -2.8021699999999998 -15.3322 -1.68411 -4.4323899999999998 -7.22471 -26.560199999999998 -4.2826653117216313 -6.2294297161484868 0.17100000000000001 0.14851039328828219 0.98891084688426789 -0 0.0047813899479002006 0.041337499549571263 -0.029709599676273176 0.99869198911788148 -0.0013011602562153389 0.00023501404627731536 -0.029625405833626842 0.99956019682637354 0 0 0 0 0 0 10000 3000000 0 0 0 0 0 0
-1.036 -6.7169999999999996 0.17100000000000001 -1.036 -6.7169999999999996 0.17100000000000001 -4.3835699999999997 -14.997400000000001 -1.5496000000000001 -7.1924900000000003 -14.402799999999999 -1.31067 -1.036 -6.7169999999999996 0.17100000000000001 0.98891084688426789 -0.14851039328828219 0 0.4255702672143184 -0.038773224345593466 -0.04458022799179396 0.90299456698763114 0.19408196482031032 0.0063221988540254417 -0.03708179327847911 0.98026382231539588 0 0 0 0 0 0 10000 3000000 0 0 0 0 0 0
3.8855000000000004 46.343499999999999 3.6414999999999997 3.8855000000000004 46.343499999999999 3.6414999999999997 0.51185800000000004 28.815300000000001 20.269100000000002 1.3472900000000001 35.590800000000002 3.2936800000000002 3.8855000000000004 46.343499999999999 3.6414999999999997 0.0073455076744927848 0 0.99997302139457944 0.18924995646165396 -0.018894695653136132 -0.042036290329241867 0.98084677434897705 0.18868397617572411 -0.02592639672639065 -0.0055497792992543621 0.98167987604770324 0 0 0 0 0 0 10000 3000000 0 0 0 0 0 0
-1.036 -6.7169999999999996 0.17100000000000001 3.8855000000000004 46.343499999999999 3.6414999999999997 -7.1924900000000003 -14.402799999999999 -1.31067 0.51185800000000004 28.815300000000001 20.269100000000002 -4.0410460610016319 -6.2657150598308844 0.17100000000000001 0.14851030491779924 0.9889102584370405 -0.00109091301582676 0.19408196482031032 0.0063221988540254417 -0.03708179327847911 0.98026382231539588 0.18924995646165396 -0.018894695653136132 -0.042036290329241867 0.98084677434897705 0 0 0 0 0 0 10000 3000000 0 0 0 0 0 0
-1.036 -6.7169999999999996 0.17100000000000001 -1.036 -6.7169999999999996 0.17100000000000001 -4.3912899999999997 -15.117800000000001 -1.5932500000000001 -2.82158 -15.4489 -1.72872 -1.036 -6.7169999999999996 0.17100000000000001 0.98891084688426789 -0.14851039328828219 0 0.43143006091407843 -0.039237105539929505 -0.044688806309661051 0.90018412709797369 0.0048309586513727619 0.041947588289765199 -0.029357591804432454 0.99867672120592932 0 0 0 0 0 0 10000 3000000 0 -0.89729861460000016 0 0 0 1
-4.4314999999999998 -7.2204999999999995 -24.9345 -4.4314999999999998 -7.2204999999999995 -24.9345 -4.4324199999999996 -7.2248900000000003 -26.6022 -4.4314999999999998 -7.2205000000000004 -24.9345 -4.4314999999999998 -7.2204999999999995 -24.9345 0 0 1 -0.0013232995048381557 0.00023852591074663792 -0.029270389047392695 0.99957062597338486 0 0 0 1 0 0 0 0 0 0 10000 3000000 0 0 0 0 0 0
-1.036 -6.7169999999999996 0.17100000000000001 -4.4314999999999998 -7.2204999999999995 -24.9345 -2.82158 -15.4489 -1.72872 -4.4324199999999996 -7.2248900000000003 -26.6022 -4.2826653117216313 -6.2294297161484868 0.17100000000000001 0.14851039328828219 0.98891084688426789 -0 0.0048309586513727619 0.041947588289765199 -0.029357591804432454 0.99867672120592932 -0.0013232995048381557 0.00023852591074663792 -0.029270389047392695 0.99957062597338486 0 0 0 0 0 0 10000 3000000 0 0 0 0 0 0
-1.036 -6.7169999999999996 0.17100000000000001 -1.036 -6.7169999999999996 0.17100000000000001 -4.3912899999999997 -15.117800000000001 -1.5932500000000001 -7.2594200000000004 -14.5128 -1.34571 -1.036 -6.7169999999999996 0.17100000000000001 0.98891084688426789 -0.14851039328828219 0 0.43143006091407843 -0.039237105539929505 -0.044688806309661051 0.90018412709797369 0.19483394577282134 0.0068576980913304499 -0.036877989735929588 0.98011872720835103 0 0 0 0 0 0 10000 3000000 0 0 0 0 0 0
3.8855000000000004 46.343499999999999 3.6414999999999997 3.8855000000000004 46.343499999999999 3.6414999999999997 0.40214 28.567799999999998 20.249700000000001 1.26254 35.300899999999999 3.4261200000000001 3.8855000000000004 46.343499999999999 3.6414999999999997 0.0073455076744927848 0 0.99997302139457944 0.18973406949524896 -0.019759507237455443 -0.042125815429722442 0.98073235921982616 0.18915007169237621 -0.026678510111789896 -0.0063188523949953557 0.98156537203662308 0 0 0 0 0 0 10000 3000000 0 0 0 0 0 0
-1.036 -6.7169999999999996 0.17100000000000001 3.8855000000000004 46.343499999999999 3.6414999999999997 -7.2594200000000004 -14.5128 -1.34571 0.40214 28.567799999999998 20.249700000000001 -4.0410460610016319 -6.2657150598308844 0.17100000000000001 0.14851030491779924 0.9889102584370405 -0.00109091301582676 0.19483394577282134 0.0068576980913304499 -0.036877989735929588 0.98011872720835103 0.18973406949524896 -0.019759507237455443 -0.042125815429722442 0.98073235921982616 0 0 0 0 0 0 10000 3000000 0 0 0 0 0 0
-1.036 -6.7169999999999996 0.17100000000000001 -1.036 -6.7169999999999996 0.17100000000000001 -4.3987100000000003 -15.239800000000001 -1.6379999999999999 -2.8415499999999998 -15.5672 -1.77437 -1.036 -6.7169999999999996 0.17100000000000001 0.98891084688426789 -0.14851039328828219 0 0.43727177634370967 -0.039700379694002384 -0.044830677069951766 0.8973335410307689 0.0048825592613948015 0.04256679356074277 -0.029029895608526049 0.99865984892853998 0 0 0 0 0 0 10000 3000000 0 -0.91038194269999995 0 0 0 1
-4.4314999999999998 -7.2204999999999995 -24.9345 -4.4314999999999998 -7.2204999999999995 -24.9345 -4.4324599999999998 -7.2250800000000002 -26.645199999999999 -4.4314999999999998 -7.2205000000000004 -24.9345 -4.4314999999999998 -7.2204999999999995 -24.9345 0 0 1 -0.0013455303055030627 0.00024207505496321444 -0.028939606570746425 0.99958022695499282 0 0 0 1 0 0 0 0 0 0 10000 3000000 0 0 0 0 0 0
-1.036 -6.7169999999999996 0.17100000000000001 -4.4314999999999998 -7.2204999999999995 -24.9345 -2.8415499999999998 -15.5672 -1.77437 -4.4324599999999998 -7.2250800000000002 -26.645199999999999 -4.2826653117216313 -6.2294297161484868 0.17100000000000001 0.14851039328828219 0.98891084688426789 -0 0.0048825592613948015 0.04256679356074277 -0.029029895608526049 0.99865984892853998 -0.0013455303055030627 0.00024207505496321444 -0.028939606570746425 0.99958022695499282 0 0 0 0 0 0 10000 3000000 0 0 0 0 0 0
-1.036 -6.7169999999999996 0.17100000000000001 -1.036 -6.7169999999999996 0.17100000000000001 -4.3987100000000003 -15.239800000000001 -1.6379999999999999 -7.3243400000000003 -14.624599999999999 -1.3817999999999999 -1.036 -6.7169999999999996 0.17100000000000001 0.98891084688426789 -0.14851039328828219 0 0.43727177634370967 -0.039700379694002384 -0.044830677069951766 0.8973335410307689 0.19560804932818035 0.0073944218647155708 -0.036701609255363504 0.97996724712685024 0 0 0 0 0 0 10000 3000000 0 0 0 0 0 0
3.8855000000000004 46.343499999999999 3.6414999999999997 3.8855000000000004 46.343499999999999 3.6414999999999997 0.29626400000000003 28.313400000000001 20.229399999999998 1.1811799999999999 35.005299999999998 3.5560200000000002 3.8855000000000004 46.343499999999999 3.6414999999999997 0.0073455076744927848 0 0.99997302139457944 0.19024107094010098 -0.020618007688368977 -0.042244315752728946 0.98061136566588369 0.18964108793226314 -0.027409412709121832 -0.0071946833360111732 0.98144445507349176 0 0 0 0 0 0 10000 3000000 0 0 0 0 0 0
-1.036 -6.7169999999999996 0.17100000000000001 3.8855000000000004 46.343499999999999 3.6414999999999997 -7.3243400000000003 -14.624599999999999 -1.3817999999999999 0.29626400000000003 28.313400000000001 20.229399999999998 -4.0410460610016319 -6.2657150598308844 0.17100000000000001 0.14851030491779924 0.9889102584370405 -0.00109091301582676 0.19560804932818035 0.0073944218647155708 -0.036701609255363504 0.97996724712685024 0.19024107094010098 -0.020618007688368977 -0.042244315752728946 0.98061136566588369 0 0 0 0 0 0 10000 3000000 0 0 0 0 0 0
-1.036 -6.7169999999999996 0.17100000000000001 -1.036 -6.7169999999999996 0.17100000000000001 -4.4087100000000001 -15.363099999999999 -1.68306 -2.86253 -15.6874 -1.82037 -1.036 -6.7169999999999996 0.17100000000000001 0.98891084688426789 -0.14851039328828219 0 0.44308613979652384 -0.040198312682825914 -0.0450156142027155 0.89444528220323316 0.0049282687355200428 0.04317128892324415 -0.02875099262315919 0.99864174377158865 0 0 0 0 0 0 10000 3000000 0 -0.92346527080000018 0 0 0 1
-4.4314999999999998 -7.2204999999999995 -24.9345 -4.4314999999999998 -7.2204999999999995 -24.9345 -4.4325000000000001 -7.2252799999999997 -26.688800000000001 -4.4314999999999998 -7.2205000000000004 -24.9345 -4.4314999999999998 -7.2204999999999995 -24.9345 0 0 1 -0.0013701704463181784 0.00024610708016671503 -0.028657309334808038 0.99958832560506738 0 0 0 1 0 0 0 0 0 0 10000 3000000 0 0 0 0 0 0
-1.036 -6.7169999999999996 0.17100000000000001 -4.4314999999999998 -7.2204999999999995 -24.9345 -2.86253 -15.6874 -1.82037 -4.4325000000000001 -7.2252799999999997 -26.688800000000001 -4.2826653117216313 -6.2294297161484868 0.17100000000000001 0.14851039328828219 0.98891084688426789 -0 0.0049282687355200428 0.04317128892324415 -0.02875099262315919 0.99864174377158865 -0.0013701704463181784 0.00024610708016671503 -0.028657309334808038 0.99958832560506738 0 0 0 0 0 0 10000 3000000 0 0 0 0 0 0
-1.036 -6.7169999999999996 0.17100000000000001 -1.036 -6.7169999999999996 0.17100000000000001 -4.4087100000000001 -15.363099999999999 -1.68306 -7.3893300000000002 -14.738099999999999 -1.4183699999999999 -1.036 -6.7169999999999996 0.17100000000000001 0.98891084688426789 -0.14851039328828219 0 0.44308613979652384 -0.040198312682825914 -0.0450156142027155 0.89444528220323316 0.19639206839305387 0.0079022027519226341 -0.036571112735799889 0.97981134121688507 0 0 0 0 0 0 10000 3000000 0 0 0 0 0 0
3.8855000000000004 46.343499999999999 3.6414999999999997 3.8855000000000004 46.343499999999999 3.6414999999999997 0.19359899999999999 28.053599999999999 20.208300000000001 1.10253 34.705399999999997 3.6832199999999999 3.8855000000000004 46.343499999999999 3.6414999999999997 0.0073455076744927848 0 0.99997302139457944 0.19076605928060408 -0.02146600667056733 -0.042403413176872025 0.98048430468576075 0.19015199291645885 -0.028122198952391979 -0.0081496096964107784 0.98131796344394795 0 0 0 0 0 0 10000 3000000 0 0 0 0 0 0
-1.036 -6.7169999999999996 0.17100000000000001 3.8855000000000004 46.343499999999999 3.6414999999999997 -7.3893300000000002 -14.738099999999999 -1.4183699999999999 0.19359899999999999 28.053599999999999 20.208300000000001 -4.0410460610016319 -6.2657150598308844 0.17100000000000001 0.14851030491779924 0.9889102584370405 -0.00109091301582676 0.19639206839305387 0.0079022027519226341 -0.036571112735799889 0.97981134121688507 0.19076605928060408 -0.02146600667056733 -0.042403413176872025 0.98048430468576075 0 0 0 0 0 0 10000 3000000 0 0 0 0 0 0
-1.036 -6.7169999999999996 0.17100000000000001 -1.036 -6.7169999999999996 0.17100000000000001 -4.4178699999999997 -15.486599999999999 -1.7296899999999999 -2.8834300000000002 -15.807399999999999 -1.86782 -1.036 -6.7169999999999996 0.17100000000000001 0.98891084688426789 -0.14851039328828219 0 0.44888079111223012 -0.040702981058768593 -0.04520967896156574 0.8915185851296541 0.0049730423847442699 0.043766020987307107 -0.028477213655799982 0.99862347887418512 0 0 0 0 0 0 10000 3000000 0 -0.93654861459999994 0 0 0 1
-4.4314999999999998 -7.2204999999999995 -24.9345 -4.4314999999999998 -7.2204999999999995 -24.9345 -4.4325400000000004 -7.2254899999999997 -26.733899999999998 -4.4314999999999998 -7.2205000000000004 -24.9345 -4.4314999999999998 -7.2204999999999995 -24.9345 0 0 1 -0.0013943602748742055 0.00025005304929366857 -0.02838020559467062 0.99959619705324043 0 0 0 1 0 0 0 0 0 0 10000 3000000 0 0 0 0 0 0
-1.036 -6.7169999999999996 0.17100000000000001 -4.4314999999999998 -7.2204999999999995 -24.9345 -2.8834300000000002 -15.807399999999999 -1.86782 -4.4325400000000004 -7.2254899999999997 -26.733899999999998 -4.2826653117216313 -6.2294297161484868 0.17100000000000001 0.14851039328828219 0.98891084688426789 -0 0.0049730423847442699 0.043766020987307107 -0.028477213655799982 0.99862347887418512 -0.0013943602748742055 0.00025005304929366857 -0.02838020559467062 0.99959619705324043 0 0 0 0 0 0 10000 3000000 0 0 0 0 0 0
-1.036 -6.7169999999999996 0.17100000000000001 -1.036 -6.7169999999999996 0.17100000000000001 -4.4178699999999997 -15.486599999999999 -1.7296899999999999 -7.4562799999999996 -14.851100000000001 -1.4561599999999999 -1.036 -6.7169999999999996 0.17100000000000001 0.98891084688426789 -0.14851039328828219 0 0.44888079111223012 -0.040702981058768593 -0.04520967896156574 0.8915185851296541 0.19723702066966178 0.0083913608793815212 -0.036448503819659438 0.9796421026626283 0 0 0 0 0 0 10000 3000000 0 0 0 0 0 0
3.8855000000000004 46.343499999999999 3.6414999999999997 3.8855000000000004 46.343499999999999 3.6414999999999997 0.087865299999999993 27.7867 20.1891 1.0227900000000001 34.402999999999999 3.80525 3.8855000000000004 46.343499999999999 3.6414999999999997 0.0073455076744927848 0 0.99997302139457944 0.19134299998751106 -0.022367699998540061 -0.042581499997220704 0.98034399993601296 0.19071793361630424 -0.028857789955392697 -0.0092877667671824489 0.9811766584792444 0 0 0 0 0 0 10000 3000000 0 0 0 0 0 0
-1.036 -6.7169999999999996 0.17100000000000001 3.8855000000000004 46.343499999999999 3.6414999999999997 -7.4562799999999996 -14.851100000000001 -1.4561599999999999 0.087865299999999993 27.7867 20.1891 -4.0410460610016319 -6.2657150598308844 0.17100000000000001 0.14851030491779924 0.9889102584370405 -0.00109091301582676 0.19723702066966178 0.0083913608793815212 -0.036448503819659438 0.9796421026626283 0.19134299998751106 -0.022367699998540061 -0.042581499997220704 0.98034399993601296 0 0 0 0 0 0 10000 3000000 0 0 0 0 0 0
-1.036 -6.7169999999999996 0.17100000000000001 -1.036 -6.7169999999999996 0.17100000000000001 -4.4239100000000002 -15.6089 -1.7775700000000001 -2.9032300000000002 -15.926 -1.9164000000000001 -1.036 -6.7169999999999996 0.17100000000000001 0.98891084688426789 -0.14851039328828219 0 0.45466281748554888 -0.04116478347529736 -0.045382881782033979 0.88855364330955988 0.0050243175049481791 0.044391777955257353 -0.028163286014248109 0.99860450409782353 0 0 0 0 0 0 10000 3000000 0 -0.94963194270000018 0 0 0 1
-4.4314999999999998 -7.2204999999999995 -24.9345 -4.4314999999999998 -7.2204999999999995 -24.9345 -4.4325799999999997 -7.2256999999999998 -26.779900000000001 -4.4314999999999998 -7.2205000000000004 -24.9345 -4.4314999999999998 -7.2204999999999995 -24.9345 0 0 1 -0.0014170601697667008 0.00025365903038886964 -0.028063003362005089 0.99960511975473376 0 0 0 1 0 0 0 0 0 0 10000 3000000 0 0 0 0 0 0
-1.036 -6.7169999999999996 0.17100000000000001 -4.4314999999999998 -7.2204999999999995 -24.9345 -2.9032300000000002 -15.926 -1.9164000000000001 -4.4325799999999997 -7.2256999999999998 -26.779900000000001 -4.2826653117216313 -6.2294297161484868 0.17100000000000001 0.14851039328828219 0.98891084688426789 -0 0.0050243175049481791 0.044391777955257353 -0.028163286014248109 0.99860450409782353 -0.0014170601697667008 0.00025365903038886964 -0.028063003362005089 0.99960511975473376 0 0 0 0 0 0 10000 3000000 0 0 0 0 0 0
-1.036 -6.7169999999999996 0.17100000000000001 -1.036 -6.7169999999999996 0.17100000000000001 -4.4239100000000002 -15.6089 -1.7775700000000001 -7.5183099999999996 -14.963900000000001 -1.4950699999999999 -1.036 -6.7169999999999996 0.17100000000000001 0.98891084688426789 -0.14851039328828219 0 0.45466281748554888 -0.04116478347529736 -0.045382881782033979 0.88855364330955988 0.19812504501093547 0.0089060020233054458 -0.036290308244594831 0.97946422251907084 0 0 0 0 0 0 10000 3000000 0 0 0 0 0 0
3.8855000000000004 46.343499999999999 3.6414999999999997 3.8855000000000004 46.343499999999999 3.6414999999999997 -0.016443099999999999 27.515599999999999 20.170500000000001 0.94396500000000005 34.099600000000002 3.9227599999999998 3.8855000000000004 46.343499999999999 3.6414999999999997 0.0073455076744927848 0 0.99997302139457944 0.19195999226654634 -0.023264799062735708 -0.042731598278480679 0.98019596051104207 0.19132794108525716 -0.029577790892245357 -0.010455396780517216 0.981024697917526 0 0 0 0 0 0 10000 3000000 0 0 0 0 0 0
-1.036 -6.7169999999999996 0.17100000000000001 3.8855000000000004 46.343499999999999 3.6414999999999997 -7.5183099999999996 -14.963900000000001 -1.4950699999999999 -0.016443099999999999 27.515599999999999 20.170500000000001 -4.0410460610016319 -6.2657150598308844 0.17100000000000001 0.14851030491779924 0.9889102584370405 -0.00109091301582676 0.19812504501093547 0.0089060020233054458 -0.036290308244594831 0.97946422251907084 0.19195999226654634 -0.023264799062735708 -0.042731598278480679 0.98019596051104207 0 0 0 0 0 0 10000 3000000 0 0 0 0 0 0
-1.036 -6.7169999999999996 0.17100000000000001 -1.036 -6.7169999999999996 0.17100000000000001 -4.4310200000000002 -15.7323 -1.82708 -2.9237099999999998 -16.0457 -1.96651 -1.036 -6.7169999999999996 0.17100000000000001 0.98891084688426789 -0.14851039328828219 0 0.46041803171594098 -0.04166340286998757 -0.045573503139335204 0.88555206100133999 0.0050697401976198264 0.044995801753948371 -0.027885401086980382 0.99858503892511141 0 0 0 0 0 0 10000 3000000 0 -0.96271527080000008 0 0 0 1
-4.4314999999999998 -7.2204999999999995 -24.9345 -4.4314999999999998 -7.2204999999999995 -24.9345 -4.4326299999999996 -7.22593 -26.8276 -4.4314999999999998 -7.2205000000000004 -24.9345 -4.4314999999999998 -7.2204999999999995 -24.9345 0 0 1 -0.0014413099201582335 0.00025758198573117382 -0.027781598461030576 0.99961294462616113 0 0 0 1 0 0 0 0 0 0 10000 3000000 0 0 0 0 0 0
-1.036 -6.7169999999999996 0.17100000000000001 -4.4314999999999998 -7.2204999999999995 -24.9345 -2.9237099999999998 -16.0457 -1.96651 -4.4326299999999996 -7.22593 -26.8276 -4.2826653117216313 -6.2294297161484868 0.17100000000000001 0.14851039328828219 0.98891084688426789 -0 0.0050697401976198264 0.044995801753948371 -0.027885401086980382 0.99858503892511141 -0.0014413099201582335 0.00025758198573117382 -0.027781598461030576 0.99961294462616113 0 0 0 0 0 0 10000 3000000 0 0 0 0 0 0
-1.036 -6.7169999999999996 0.17100000000000001 -1.036 -6.7169999999999996 0.17100000000000001 -4.4310200000000002 -15.7323 -1.82708 -7.5604300000000002 -15.081799999999999 -1.5376099999999999 -1.036 -6.7169999999999996 0.17100000000000001 0.98891084688426789 -0.14851039328828219 0 0.46041803171594098 -0.04166340286998757 -0.045573503139335204 0.88555206100133999 0.19885803426082074 0.009414791622054091 -0.036148106227879062 0.97931616872426519 0 0 0 0 0 0 10000 3000000 0 0 0 0 0 0
3.8855000000000004 46.343499999999999 3.6414999999999997 3.8855000000000004 46.343499999999999 3.6414999999999997 -0.095630800000000002 27.252800000000001 20.1374 0.87887400000000004 33.792999999999999 4.0443600000000002 3.8855000000000004 46.343499999999999 3.6414999999999997 0.0073455076744927848 0 0.99997302139457944 0.19247599579225827 -0.023891699477700576 -0.042839399063482553 0.98007497857445869 0.1918340832676152 -0.03011951307369359 -0.011087404812605466 0.98090242577108488 0 0 0 0 0 0 10000 3000000 0 0 0 0 0 0
-1.036 -6.7169999999999996 0.17100000000000001 3.8855000000000004 46.343499999999999 3.6414999999999997 -7.5604300000000002 -15.081799999999999 -1.5376099999999999 -0.095630800000000002 27.252800000000001 20.1374 -4.0410460610016319 -6.2657150598308844 0.17100000000000001 0.14851030491779924 0.9889102584370405 -0.00109091301582676 0.19885803426082074 0.009414791622054091 -0.036148106227879062 0.97931616872426519 0.19247599579225827 -0.023891699477700576 -0.042839399063482553 0.98007497857445869 0 0 0 0 0 0 10000 3000000 0 0 0 0 0 0
-1.036 -6.7169999999999996 0.17100000000000001 -1.036 -6.7169999999999996 0.17100000000000001 -4.4334300000000004 -15.8551 -1.87801 -2.9420600000000001 -16.163900000000002 -2.0178600000000002 -1.036 -6.7169999999999996 0.17100000000000001 0.98891084688426789 -0.14851039328828219 0 0.46616306627072512 -0.042091805983859955 -0.045706606497747625 0.88251412546007024 0.0051172697254656683 0.045619497552578048 -0.027508698524196972 0.99856694642828614 0 0 0 0 0 0 10000 3000000 0 -0.97579861460000017 0 0 0 1
-4.4314999999999998 -7.2204999999999995 -24.9345 -4.4314999999999998 -7.2204999999999995 -24.9345 -4.4326699999999999 -7.2261600000000001 -26.8765 -4.4314999999999998 -7.2205000000000004 -24.9345 -4.4314999999999998 -7.2204999999999995 -24.9345 0 0 1 -0.0014638705929352703 0.00026103910573290666 -0.027401411098838365 0.99962340489369539 0 0 0 1 0 0 0 0 0 0 10000 3000000 0 0 0 0 0 0
-1.036 -6.7169999999999996 0.17100000000000001 -4.4314999999999998 -7.2204999999999995 -24.9345 -2.9420600000000001 -16.163900000000002 -2.0178600000000002 -4.4326699999999999 -7.2261600000000001 -26.8765 -4.2826653117216313 -6.2294297161484868 0.17100000000000001 0.14851039328828219 0.98891084688426789 -0 0.0051172697254656683 0.045619497552578048 -0.027508698524196972 0.99856694642828614 -0.0014638705929352703 0.00026103910573290666 -0.027401411098838365 0.99962340489369539 0 0 0 0 0 0 10000 3000000 0 0 0 0 0 0
-1.036 -6.7169999999999996 0.17100000000000001 -1.036 -6.7169999999999996 0.17100000000000001 -4.4334300000000004 -15.8551 -1.87801 -7.5836399999999999 -15.2027 -1.5826199999999999 -1.036 -6.7169999999999996 0.17100000000000001 0.98891084688426789 -0.14851039328828219 0 0.46616306627072512 -0.042091805983859955 -0.045706606497747625 0.88251412546007024 0.19949101282046666 0.0099911806420920745 -0.035921202308507885 0.97919006292851685 0 0 0 0 0 0 10000 3000000 0 0 0 0 0 0
3.8855000000000004 46.343499999999999 3.6414999999999997 3.8855000000000004 46.343499999999999 3.6414999999999997 -0.159968 26.996600000000001 20.094100000000001 0.82011199999999995 33.484999999999999 4.16892 3.8855000000000004 46.343499999999999 3.6414999999999997 0.0073455076744927848 0 0.99997302139457944 0.19291904883250827 -0.024329906158491611 -0.042835610842736023 0.97997724805610098 0.19226602659249575 -0.030544704224666895 -0.01122520155256823 0.98080313565580812 0 0 0 0 0 0 10000 3000000 0 0 0 0 0 0
-1.036 -6.7169999999999996 0.17100000000000001 3.8855000000000004 46.343499999999999 3.6414999999999997 -7.5836399999999999 -15.2027 -1.5826199999999999 -0.159968 26.996600000000001 20.094100000000001 -4.0410460610016319 -6.2657150598308844 0.17100000000000001 0.14851030491779924 0.9889102584370405 -0.00109091301582676 0.19949101282046666 0.0099911806420920745 -0.035921202308507885 0.97919006292851685 0.19291904883250827 -0.024329906158491611 -0.042835610842736023 0.97997724805610098 0 0 0 0 0 0 10000 3000000 0 0 0 0 0 0
-1.036 -6.7169999999999996 0.17100000000000001 -1.036 -6.7169999999999996 0.17100000000000001 -4.4328099999999999 -15.9765 -1.9298599999999999 -2.9590999999999998 -16.2804 -2.0700099999999999 -1.036 -6.7169999999999996 0.17100000000000001 0.98891084688426789 -0.14851039328828219 0 0.47189320261142703 -0.042475518237231044 -0.045834219679318548 0.87943837759447208 0.0051691177853593019 0.046263580178976034 -0.027087088394892347 0.99854857218496484 0 0 0 0 0 0 10000 3000000 0 -0.98888194270000007 0 0 0 1
-4.4314999999999998 -7.2204999999999995 -24.9345 -4.4314999999999998 -7.2204999999999995 -24.9345 -4.4327100000000002 -7.2263799999999998 -26.925899999999999 -4.4314999999999998 -7.2205000000000004 -24.9345 -4.4314999999999998 -7.2204999999999995 -24.9345 0 0 1 -0.0014848599045523955 0.00026413098302151641 -0.026976298265948839 0.99963493574292128 0 0 0 1 0 0 0 0 0 0 10000 3000000 0 0 0 0 0 0
-1.036 -6.7169999999999996 0.17100000000000001 -4.4314999999999998 -7.2204999999999995 -24.9345 -2.9590999999999998 -16.2804 -2.0700099999999999 -4.4327100000000002 -7.2263799999999998 -26.925899999999999 -4.2826653117216313 -6.2294297161484868 0.17100000000000001 0.14851039328828219 0.98891084688426789 -0 0.0051691177853593019 0.046263580178976034 -0.027087088394892347 0.99854857218496484 -0.0014848599045523955 0.00026413098302151641 -0.026976298265948839 0.99963493574292128 0 0 0 0 0 0 10000 3000000 0 0 0 0 0 0
-1.036 -6.7169999999999996 0.17100000000000001 -1.036 -6.7169999999999996 0.17100000000000001 -4.4328099999999999 -15.9765 -1.9298599999999999 -7.6014499999999998 -15.323 -1.62852 -1.036 -6.7169999999999996 0.17100000000000001 0.98891084688426789 -0.14851039328828219 0 0.47189320261142703 -0.042475518237231044 -0.045834219679318548 0.87943837759447208 0.20013199654703265 0.010604099817042696 -0.035670299384564286 0.97906198310780324 0 0 0 0 0 0 10000 3000000 0 0 0 0 0 0
3.8855000000000004 46.343499999999999 3.6414999999999997 3.8855000000000004 46.343499999999999 3.6414999999999997 -0.220303 26.739699999999999 20.049399999999999 0.76348400000000005 33.177100000000003 4.2902399999999998 3.8855000000000004 46.343499999999999 3.6414999999999997 0.0073455076744927848 0 0.99997302139457944 0.19337207267430492 -0.024722609291406052 -0.042807216088076375 0.97987936826440858 0.19270793427526184 -0.030941789447030205 -0.011250696162850989 0.98070366552237787 0 0 0 0 0 0 10000 3000000 0 0 0 0 0 0
-1.036 -6.7169999999999996 0.17100000000000001 3.8855000000000004 46.343499999999999 3.6414999999999997 -7.6014499999999998 -15.323 -1.62852 -0.220303 26.739699999999999 20.049399999999999 -4.0410460610016319 -6.2657150598308844 0.17100000000000001 0.14851030491779924 0.9889102584370405 -0.00109091301582676 0.20013199654703265 0.010604099817042696 -0.035670299384564286 0.97906198310780324 0.19337207267430492 -0.024722609291406052 -0.042807216088076375 0.97987936826440858 0 0 0 0 0 0 10000 3000000 0 0 0 0 0 0
-1.036 -6.7169999999999996 0.17100000000000001 -1.036 -6.7169999999999996 0.17100000000000001 -4.4298999999999999 -16.097300000000001 -1.98275 -2.9750800000000002 -16.396000000000001 -2.1230799999999999 -1.036 -6.7169999999999996 0.17100000000000001 0.98891084688426789 -0.14851039328828219 0 0.47760775861778276 -0.042825478356069951 -0.04593827678286648 0.87632555710642868 0.0052224793936489983 0.046922994552050359 -0.026627596908428197 0.9985298840666379 0 0 0 0 0 0 10000 3000000 0 -1.0019652708 0 0 0 1
-4.4314999999999998 -7.2204999999999995 -24.9345 -4.4314999999999998 -7.2204999999999995 -24.9345 -4.4327500000000004 -7.2266199999999996 -26.976099999999999 -4.4314999999999998 -7.2205000000000004 -24.9345 -4.4314999999999998 -7.2204999999999995 -24.9345 0 0 1 -0.0015052904428604348 0.00026704607856566353 -0.026513207800255949 0.9996472940988812 0 0 0 1 0 0 0 0 0 0 10000 3000000 0 0 0 0 0 0
-1.036 -6.7169999999999996 0.17100000000000001 -4.4314999999999998 -7.2204999999999995 -24.9345 -2.9750800000000002 -16.396000000000001 -2.1230799999999999 -4.4327500000000004 -7.2266199999999996 -26.976099999999999 -4.2826653117216313 -6.2294297161484868 0.17100000000000001 0.14851039328828219 0.98891084688426789 -0 0.0052224793936489983 0.046922994552050359 -0.026627596908428197 0.9985298840666379 -0.0015052904428604348 0.00026704607856566353 -0.026513207800255949 0.9996472940988812 0 0 0 0 0 0 10000 3000000 0 0 0 0 0 0
-1.036 -6.7169999999999996 0.17100000000000001 -1.036 -6.7169999999999996 0.17100000000000001 -4.4298999999999999 -16.097300000000001 -1.98275 -7.6166700000000001 -15.443099999999999 -1.67536 -1.036 -6.7169999999999996 0.17100000000000001 0.98891084688426789 -0.14851039328828219 0 0.47760775861778276 -0.042825478356069951 -0.04593827678286648 0.87632555710642868 0.20078802136067414 0.01123540119526923 -0.035381203764001258 0.97893110414280793 0 0 0 0 0 0 10000 3000000 0 0 0 0 0 0
3.8855000000000004 46.343499999999999 3.6414999999999997 3.8855000000000004 46.343499999999999 3.6414999999999997 -0.28140300000000001 26.481400000000001 20.004100000000001 0.70569000000000004 32.868899999999996 4.4087699999999996 3.8855000000000004 46.343499999999999 3.6414999999999997 0.0073455076744927848 0 0.99997302139457944 0.19383897461406063 -0.025113296711060669 -0.042745494401876444 0.97977987168404879 0.19316204081314528 -0.03135100662414407 -0.011173702360887966 0.9806022071911239 0 0 0 0 0 0 10000 3000000 0 0 0 0 0 0
-1.036 -6.7169999999999996 0.17100000000000001 3.8855000000000004 46.343499999999999 3.6414999999999997 -7.6166700000000001 -15.443099999999999 -1.67536 -0.28140300000000001 26.481400000000001 20.004100000000001 -4.0410460610016319 -6.2657150598308844 0.17100000000000001 0.14851030491779924 0.9889102584370405 -0.00109091301582676 0.20078802136067414 0.01123540119526923 -0.035381203764001258 0.97893110414280793 0.19383897461406063 -0.025113296711060669 -0.042745494401876444 0.97977987168404879 0 0 0 0 0 0 10000 3000000 0 0 0 0 0 0
-1.036 -6.7169999999999996 0.17100000000000001 -1.036 -6.7169999999999996 0.17100000000000001 -4.4234400000000003 -16.2165 -2.03661 -2.9901 -16.5093 -2.1769400000000001 -1.036 -6.7169999999999996 0.17100000000000001 0.98891084688426789 -0.14851039328828219 0 0.48331295049960005 -0.043120795583613834 -0.046043495284274032 0.87317191057065868 0.0052893417684821802 0.047636915927319626 -0.026150608743410349 0.99850833384951709 0 0 0 0 0 0 10000 3000000 0 -1.0150486146 0 0 0 1
-4.4314999999999998 -7.2204999999999995 -24.9345 -4.4314999999999998 -7.2204999999999995 -24.9345 -4.4327899999999998 -7.2268400000000002 -27.026700000000002 -4.4314999999999998 -7.2205000000000004 -24.9345 -4.4314999999999998 -7.2204999999999995 -24.9345 0 0 1 -0.0015231598442657663 0.00026946097244918304 -0.026032597338318357 0.99965989779059061 0 0 0 1 0 0 0 0 0 0 10000 3000000 0 0 0 0 0 0
-1.036 -6.7169999999999996 0.17100000000000001 -4.4314999999999998 -7.2204999999999995 -24.9345 -2.9901 -16.5093 -2.1769400000000001 -4.4327899999999998 -7.2268400000000002 -27.026700000000002 -4.2826653117216313 -6.2294297161484868 0.17100000000000001 0.14851039328828219 0.98891084688426789 -0 0.0052893417684821802 0.047636915927319626 -0.026150608743410349 0.99850833384951709 -0.0015231598442657663 0.00026946097244918304 -0.026032597338318357 0.99965989779059061 0 0 0 0 0 0 10000 3000000 0 0 0 0 0 0
-1.036 -6.7169999999999996 0.17100000000000001 -1.036 -6.7169999999999996 0.17100000000000001 -4.4234400000000003 -16.2165 -2.03661 -7.6290899999999997 -15.5616 -1.72278 -1.036 -6.7169999999999996 0.17100000000000001 0.98891084688426789 -0.14851039328828219 0 0.48331295049960005 -0.043120795583613834 -0.046043495284274032 0.87317191057065868 0.20146292081506995 0.011912895317640693 -0.035070186215675668 0.97879561528472825 0 0 0 0 0 0 10000 3000000 0 0 0 0 0 0
3.8855000000000004 46.343499999999999 3.6414999999999997 3.8855000000000004 46.343499999999999 3.6414999999999997 -0.34109600000000001 26.222100000000001 19.958200000000001 0.64852200000000004 32.561 4.5239200000000004 3.8855000000000004 46.343499999999999 3.6414999999999997 0.0073455076744927848 0 0.99997302139457944 0.19432101933816812 -0.025485402536220735 -0.042669204246294341 0.97967809749423829 0.19362991340069707 -0.031748985800540884 -0.011046695059461242 0.98049856148050452 0 0 0 0 0 0 10000 3000000 0 0 0 0 0 0
-1.036 -6.7169999999999996 0.17100000000000001 3.8855000000000004 46.343499999999999 3.6414999999999997 -7.6290899999999997 -15.5616 -1.72278 -0.34109600000000001 26.222100000000001 19.958200000000001 -4.0410460610016319 -6.2657150598308844 0.17100000000000001 0.14851030491779924 0.9889102584370405 -0.00109091301582676 0.20146292081506995 0.011912895317640693 -0.035070186215675668 0.97879561528472825 0.19432101933816812 -0.025485402536220735 -0.042669204246294341 0.97967809749423829 0 0 0 0 0 0 10000 3000000 0 0 0 0 0 0
-1.036 -6.7169999999999996 0.17100000000000001 -1.036 -6.7169999999999996 0.17100000000000001 -4.4140300000000003 -16.3339 -2.0918999999999999 -3.00346 -16.6205 -2.23211 -1.036 -6.7169999999999996 0.17100000000000001 0.98891084688426789 -0.14851039328828219 0 0.48900316845690411 -0.043364814938763069 -0.046129515891176039 0.86998129970021842 0.0053606618792198706 0.048373916957836181 -0.025617108980267981 0.99848635002681241 0 0 0 0 0 0 10000 3000000 0 -1.0281319427 0 0 0 1
-4.4314999999999998 -7.2204999999999995 -24.9345 -4.4314999999999998 -7.2204999999999995 -24.9345 -4.43283 -7.2270700000000003 -27.078299999999999 -4.4314999999999998 -7.2205000000000004 -24.9345 -4.4314999999999998 -7.2204999999999995 -24.9345 0 0 1 -0.0015391695617059749 0.00027143992270474985 -0.025495492739901818 0.99967371533284721 0 0 0 1 0 0 0 0 0 0 10000 3000000 0 0 0 0 0 0
-1.036 -6.7169999999999996 0.17100000000000001 -4.4314999999999998 -7.2204999999999995 -24.9345 -3.00346 -16.6205 -2.23211 -4.43283 -7.2270700000000003 -27.078299999999999 -4.2826653117216313 -6.2294297161484868 0.17100000000000001 0.14851039328828219 0.98891084688426789 -0 0.0053606618792198706 0.048373916957836181 -0.025617108980267981 0.99848635002681241 -0.0015391695617059749 0.00027143992270474985 -0.025495492739901818 0.99967371533284721 0 0 0 0 0 0 10000 3000000 0 0 0 0 0 0
-1.036 -6.7169999999999996 0.17100000000000001 -1.036 -6.7169999999999996 0.17100000000000001 -4.4140300000000003 -16.3339 -2.0918999999999999 -7.6394799999999998 -15.678599999999999 -1.77129 -1.036 -6.7169999999999996 0.17100000000000001 0.98891084688426789 -0.14851039328828219 0 0.48900316845690411 -0.043364814938763069 -0.046129515891176039 0.86998129970021842 0.20218410739213799 0.012620106703297594 -0.034720018441889725 0.97865051982014328 0 0 0 0 0 0 10000 3000000 0 0 0 0 0 0
3.8855000000000004 46.343499999999999 3.6414999999999997 3.8855000000000004 46.343499999999999 3.6414999999999997 -0.40220400000000001 25.960899999999999 19.913799999999998 0.59067800000000004 32.255200000000002 4.6336899999999996 3.8855000000000004 46.343499999999999 3.6414999999999997 0.0073455076744927848 0 0.99997302139457944 0.19484196675507862 -0.02587669558478738 -0.042566492737089817 0.97956883286101359 0.19413799092624195 -0.032158998496930095 -0.010937099488814146 0.98038595417803132 0 0 0 0 0 0 10000 3000000 0 0 0 0 0 0
-1.036 -6.7169999999999996 0.17100000000000001 3.8855000000000004 46.343499999999999 3.6414999999999997 -7.6394799999999998 -15.678599999999999 -1.77129 -0.40220400000000001 25.960899999999999 19.913799999999998 -4.0410460610016319 -6.2657150598308844 0.17100000000000001 0.14851030491779924 0.9889102584370405 -0.00109091301582676 0.20218410739213799 0.012620106703297594 -0.034720018441889725 0.97865051982014328 0.19484196675507862 -0.02587669558478738 -0.042566492737089817 0.97956883286101359 0 0 0 0 0 0 10000 3000000 0 0 0 0 0 0
-1.036 -6.7169999999999996 0.17100000000000001 -1.036 -6.7169999999999996 0.17100000000000001 -4.4052600000000002 -16.452000000000002 -2.1490100000000001 -3.0173800000000002 -16.732500000000002 -2.2890100000000002 -1.036 -6.7169999999999996 0.17100000000000001 0.98891084688426789 -0.14851039328828219 0 0.49466790748425593 -0.043637891838581057 -0.04624839135034986 0.8667528378947118 0.0054286883011468584 0.049090584637597648 -0.025117892139609493 0.99846368754087944 0 0 0 0 0 0 10000 3000000 0 -1.0412152708000002 0 0 0 1
-4.4314999999999998 -7.2204999999999995 -24.9345 -4.4314999999999998 -7.2204999999999995 -24.9345 -4.4328700000000003 -7.2272999999999996 -27.131900000000002 -4.4314999999999998 -7.2205000000000004 -24.9345 -4.4314999999999998 -7.2204999999999995 -24.9345 0 0 1 -0.0015554706004558001 0.00027350910558227769 -0.024992709647895281 0.99968638590731862 0 0 0 1 0 0 0 0 0 0 10000 3000000 0 0 0 0 0 0
-1.036 -6.7169999999999996 0.17100000000000001 -4.4314999999999998 -7.2204999999999995 -24.9345 -3.0173800000000002 -16.732500000000002 -2.2890100000000002 -4.4328700000000003 -7.2272999999999996 -27.131900000000002 -4.2826653117216313 -6.2294297161484868 0.17100000000000001 0.14851039328828219 0.98891084688426789 -0 0.0054286883011468584 0.049090584637597648 -0.025117892139609493 0.99846368754087944 -0.0015554706004558001 0.00027350910558227769 -0.024992709647895281 0.99968638590731862 0 0 0 0 0 0 10000 3000000 0 0 0 0 0 0
-1.036 -6.7169999999999996 0.17100000000000001 -1.036 -6.7169999999999996 0.17100000000000001 -4.4052600000000002 -16.452000000000002 -2.1490100000000001 -7.6485799999999999 -15.7964 -1.8218700000000001 -1.036 -6.7169999999999996 0.17100000000000001 0.98891084688426789 -0.14851039328828219 0 0.49466790748425593 -0.043637891838581057 -0.04624839135034986 0.8667528378947118 0.20299593286082976 0.013286895605472811 -0.034407088620149441 0.97848467637455416 0 0 0 0 0 0 10000 3000000 0 0 0 0 0 0
3.8855000000000004 46.343499999999999 3.6414999999999997 3.8855000000000004 46.343499999999999 3.6414999999999997 -0.45961600000000002 25.692499999999999 19.874400000000001 0.53776299999999999 31.9512 4.73407 3.8855000000000004 46.343499999999999 3.6414999999999997 0.0073455076744927848 0 0.99997302139457944 0.1954579024446495 -0.026272086887290755 -0.042499278788107379 0.97943851115065672 0.19474497258187184 -0.032543395418218123 -0.011027698447411272 0.98025186199042358 0 0 0 0 0 0 10000 3000000 0 0 0 0 0 0
-1.036 -6.7169999999999996 0.17100000000000001 3.8855000000000004 46.343499999999999 3.6414999999999997 -7.6485799999999999 -15.7964 -1.8218700000000001 -0.45961600000000002 25.692499999999999 19.874400000000001 -4.0410460610016319 -6.2657150598308844 0.17100000000000001 0.14851030491779924 0.9889102584370405 -0.00109091301582676 0.20299593286082976 0.013286895605472811 -0.034407088620149441 0.97848467637455416 0.1954579024446495 -0.026272086887290755 -0.042499278788107379 0.97943851115065672 0 0 0 0 0 0 10000 3000000 0 0 0 0 0 0
-1.036 -6.7169999999999996 0.17100000000000001 -1.036 -6.7169999999999996 0.17100000000000001 -4.3955700000000002 -16.57 -2.2074199999999999 -3.03016 -16.8445 -2.3471700000000002 -1.036 -6.7169999999999996 0.17100000000000001 0.98891084688426789 -0.14851039328828219 0 0.5003152310137744 -0.043876320259295991 -0.046339221396507195 0.86348839870406069 0.0054971893918650018 0.049817694488841227 -0.024571697281718343 0.99844088954594712 0 0 0 0 0 0 10000 3000000 0 -1.0542986146 0 0 0 1
-4.4314999999999998 -7.2204999999999995 -24.9345 -4.4314999999999998 -7.2204999999999995 -24.9345 -4.4329099999999997 -7.2275400000000003 -27.186599999999999 -4.4314999999999998 -7.2205000000000004 -24.9345 -4.4314999999999998 -7.2204999999999995 -24.9345 0 0 1 -0.0015709399300748283 0.00027533698774428875 -0.024442898912005562 0.99969995550167789 0 0 0 1 0 0 0 0 0 0 10000 3000000 0 0 0 0 0 0
-1.036 -6.7169999999999996 0.17100000000000001 -4.4314999999999998 -7.2204999999999995 -24.9345 -3.03016 -16.8445 -2.3471700000000002 -4.4329099999999997 -7.2275400000000003 -27.186599999999999 -4.2826653117216313 -6.2294297161484868 0.17100000000000001 0.14851039328828219 0.98891084688426789 -0 0.0054971893918650018 0.049817694488841227 -0.024571697281718343 0.99844088954594712 -0.0015709399300748283 0.00027533698774428875 -0.024442898912005562 0.99969995550167789 0 0 0 0 0 0 10000 3000000 0 0 0 0 0 0
-1.036 -6.7169999999999996 0.17100000000000001 -1.036 -6.7169999999999996 0.17100000000000001 -4.3955700000000002 -16.57 -2.2074199999999999 -7.6302300000000001 -15.9198 -1.8763399999999999 -1.036 -6.7169999999999996 0.17100000000000001 0.98891084688426789 -0.14851039328828219 0 0.5003152310137744 -0.043876320259295991 -0.046339221396507195 0.86348839870406069 0.20426191936513124 0.013888194517466861 -0.034070386550301902 0.97822461383397552 0 0 0 0 0 0 10000 3000000 0 0 0 0 0 0
3.8855000000000004 46.343499999999999 3.6414999999999997 3.8855000000000004 46.343499999999999 3.6414999999999997 -0.49136999999999997 25.404699999999998 19.872699999999998 0.51814000000000004 31.678599999999999 4.7887899999999997 3.8855000000000004 46.343499999999999 3.6414999999999997 0.0073455076744927848 0 0.99997302139457944 0.19653505523800296 -0.026710507507236265 -0.042425511924084239 0.97921427521726845 0.19584592343444288 -0.03271838720881446 -0.012451195132231118 0.98000961686727528 0 0 0 0 0 0 10000 3000000 0 0 0 0 0 0
-1.036 -6.7169999999999996 0.17100000000000001 3.8855000000000004 46.343499999999999 3.6414999999999997 -7.6302300000000001 -15.9198 -1.8763399999999999 -0.49136999999999997 25.404699999999998 19.872699999999998 -4.0410460610016319 -6.2657150598308844 0.17100000000000001 0.14851030491779924 0.9889102584370405 -0.00109091301582676 0.20426191936513124 0.013888194517466861 -0.034070386550301902 0.97822461383397552 0.19653505523800296 -0.026710507507236265 -0.042425511924084239 0.97921427521726845 0 0 0 0 0 0 10000 3000000 0 0 0 0 0 0
-1.036 -6.7169999999999996 0.17100000000000001 -1.036 -6.7169999999999996 0.17100000000000001 -4.4163699999999997 -16.697800000000001 -2.2685200000000001 -3.0605000000000002 -16.970400000000001 -2.40862 -1.036 -6.7169999999999996 0.17100000000000001 0.98891084688426789 -0.14851039328828219 0 0.50588490851008516 -0.044608591932480665 -0.046776591540395242 0.86017584443612871 0.0055219322532265042 0.050256720507273443 -0.024828110131119546 0.99841240740255299 0 0 0 0 0 0 10000 3000000 0 -1.0673819427000002 0 0 0 1
-4.4314999999999998 -7.2204999999999995 -24.9345 -4.4314999999999998 -7.2204999999999995 -24.9345 -4.4329799999999997 -7.2278799999999999 -27.247299999999999 -4.4314999999999998 -7.2205000000000004 -24.9345 -4.4314999999999998 -7.2204999999999995 -24.9345 0 0 1 -0.0016025295123610383 0.00028129691440323921 -0.024695492485327587 0.99969369579992617 0 0 0 1 0 0 0 0 0 0 10000 3000000 0 0 0 0 0 0
-1.036 -6.7169999999999996 0.17100000000000001 -4.4314999999999998 -7.2204999999999995 -24.9345 -3.0605000000000002 -16.970400000000001 -2.40862 -4.4329799999999997 -7.2278799999999999 -27.247299999999999 -4.2826653117216313 -6.2294297161484868 0.17100000000000001 0.14851039328828219 0.98891084688426789 -0 0.0055219322532265042 0.050256720507273443 -0.024828110131119546 0.99841240740255299 -0.0016025295123610383 0.00028129691440323921 -0.024695492485327587 0.99969369579992617 0 0 0 0 0 0 10000 3000000 0 0 0 0 0 0
-1.036 -6.7169999999999996 0.17100000000000001 -1.036 -6.7169999999999996 0.17100000000000001 -4.4163699999999997 -16.697800000000001 -2.2685200000000001 -7.6336300000000001 -16.051200000000001 -1.9360999999999999 -1.036 -6.7169999999999996 0.17100000000000001 0.98891084688426789 -0.14851039328828219 0 0.50588490851008516 -0.044608591932480665 -0.046776591540395242 0.86017584443612871 0.20562895730653893 0.01410219707204856 -0.034222392894617482 0.97792979695852056 0 0 0 0 0 0 10000 3000000 0 0 0 0 0 0
3.8855000000000004 46.343499999999999 3.6414999999999997 3.8855000000000004 46.343499999999999 3.6414999999999997 -0.50770099999999996 25.097999999999999 19.876799999999999 0.51810599999999996 31.400400000000001 4.82965 3.8855000000000004 46.343499999999999 3.6414999999999997 0.0073455076744927848 0 0.99997302139457944 0.19776704845359533 -0.027146106650887885 -0.042769710478723633 0.97893923984342257 0.1971160286207399 -0.032796604761982581 -0.014768102144290411 0.97972014225284243 0 0 0 0 0 0 10000 3000000 0 0 0 0 0 0
-1.036 -6.7169999999999996 0.17100000000000001 3.8855000000000004 46.343499999999999 3.6414999999999997 -7.6336300000000001 -16.051200000000001 -1.9360999999999999 -0.50770099999999996 25.097999999999999 19.876799999999999 -4.0410460610016319 -6.2657150598308844 0.17100000000000001 0.14851030491779924 0.9889102584370405 -0.00109091301582676 0.20562895730653893 0.01410219707204856 -0.034222392894617482 0.97792979695852056 0.19776704845359533 -0.027146106650887885 -0.042769710478723633 0.97893923984342257 0 0 0 0 0 0 10000 3000000 0 0 0 0 0 0
-1.036 -6.7169999999999996 0.17100000000000001 -1.036 -6.7169999999999996 0.17100000000000001 -4.36951 -16.803599999999999 -2.3277999999999999 -3.0514399999999999 -17.065100000000001 -2.4667699999999999 -1.036 -6.7169999999999996 0.17100000000000001 0.98891084688426789 -0.14851039328828219 0 0.5115601198390699 -0.044220410359159447 -0.04646001088381263 0.8568502007273967 0.0056404691580621193 0.051320892339466434 -0.023325296518294816 0.99839385097239619 0 0 0 0 0 0 10000 3000000 0 -1.0804652708 0 0 0 1
-4.4314999999999998 -7.2204999999999995 -24.9345 -4.4314999999999998 -7.2204999999999995 -24.9345 -4.4329900000000002 -7.2280199999999999 -27.2989 -4.4314999999999998 -7.2205000000000004 -24.9345 -4.4314999999999998 -7.2204999999999995 -24.9345 0 0 1 -0.0015979196501421681 0.00027800093913285577 -0.023189094922844544 0.99972978111334099 0 0 0 1 0 0 0 0 0 0 10000 3000000 0 0 0 0 0 0
-1.036 -6.7169999999999996 0.17100000000000001 -4.4314999999999998 -7.2204999999999995 -24.9345 -3.0514399999999999 -17.065100000000001 -2.4667699999999999 -4.4329900000000002 -7.2280199999999999 -27.2989 -4.2826653117216313 -6.2294297161484868 0.17100000000000001 0.14851039328828219 0.98891084688426789 -0 0.0056404691580621193 0.051320892339466434 -0.023325296518294816 0.99839385097239619 -0.0015979196501421681 0.00027800093913285577 -0.023189094922844544 0.99972978111334099 0 0 0 0 0 0 10000 3000000 0 0 0 0 0 0
-1.036 -6.7169999999999996 0.17100000000000001 -1.036 -6.7169999999999996 0.17100000000000001 -4.36951 -16.803599999999999 -2.3277999999999999 -7.54915 -16.172599999999999 -1.99255 -1.036 -6.7169999999999996 0.17100000000000001 0.98891084688426789 -0.14851039328828219 0 0.5115601198390699 -0.044220410359159447 -0.04646001088381263 0.8568502007273967 0.20774598404758116 0.015005798847733259 -0.033321597441297937 0.97749992493964077 0 0 0 0 0 0 10000 3000000 0 0 0 0 0 0
3.8855000000000004 46.343499999999999 3.6414999999999997 3.8855000000000004 46.343499999999999 3.6414999999999997 -0.51720999999999995 24.787099999999999 19.944199999999999 0.53395000000000004 31.1936 4.8105000000000002 3.8855000000000004 46.343499999999999 3.6414999999999997 0.0073455076744927848 0 0.99997302139457944 0.19963107948199121 -0.02772791103971179 -0.042266016827976823 0.97856638961070286 0.19905496520596647 -0.032722494280235298 -0.017759996895621633 0.9792808288255207 0 0 0 0 0 0 10000 3000000 0 0 0 0 0 0
-1.036 -6.7169999999999996 0.17100000000000001 3.8855000000000004 46.343499999999999 3.6414999999999997 -7.54915 -16.172599999999999 -1.99255 -0.51720999999999995 24.787099999999999 19.944199999999999 -4.0410460610016319 -6.2657150598308844 0.17100000000000001 0.14851030491779924 0.9889102584370405 -0.00109091301582676 0.20774598404758116 0.015005798847733259 -0.033321597441297937 0.97749992493964077 0.19963107948199121 -0.02772791103971179 -0.042266016827976823 0.97856638961070286 0 0 0 0 0 0 10000 3000000 0 0 0 0 0 0
-1.036 -6.7169999999999996 0.17100000000000001 -1.036 -6.7169999999999996 0.17100000000000001 -4.3539599999999998 -16.9177 -2.3908499999999999 -3.0619499999999999 -17.172499999999999 -2.5291000000000001 -1.036 -6.7169999999999996 0.17100000000000001 0.98891084688426789 -0.14851039328828219 0 0.51715209251548455 -0.044391807941434797 -0.046565708330332863 0.85347215268117615 0.005721827646162355 0.052096478568621769 -0.022745790642867698 0.99836658929331557 0 0 0 0 0 0 10000 3000000 0 -1.0935486146000002 0 0 0 1
-4.4314999999999998 -7.2204999999999995 -24.9345 -4.4314999999999998 -7.2204999999999995 -24.9345 -4.4330299999999996 -7.2282599999999997 -27.357299999999999 -4.4314999999999998 -7.2205000000000004 -24.9345 -4.4314999999999998 -7.2204999999999995 -24.9345 0 0 1 -0.0016091301895414312 0.00027898603286210919 -0.022606002662788959 0.99974311776097591 0 0 0 1 0 0 0 0 0 0 10000 3000000 0 0 0 0 0 0
-1.036 -6.7169999999999996 0.17100000000000001 -4.4314999999999998 -7.2204999999999995 -24.9345 -3.0619499999999999 -17.172499999999999 -2.5291000000000001 -4.4330299999999996 -7.2282599999999997 -27.357299999999999 -4.2826653117216313 -6.2294297161484868 0.17100000000000001 0.14851039328828219 0.98891084688426789 -0 0.005721827646162355 0.052096478568621769 -0.022745790642867698 0.99836658929331557 -0.0016091301895414312 0.00027898603286210919 -0.022606002662788959 0.99974311776097591 0 0 0 0 0 0 10000 3000000 0 0 0 0 0 0
-1.036 -6.7169999999999996 0.17100000000000001 -1.036 -6.7169999999999996 0.17100000000000001 -4.3539599999999998 -16.9177 -2.3908499999999999 -7.5144000000000002 -16.2944 -2.05267 -1.036 -6.7169999999999996 0.17100000000000001 0.98891084688426789 -0.14851039328828219 0 0.51715209251548455 -0.044391807941434797 -0.046565708330332863 0.85347215268117615 0.20947798270090986 0.015574098713861314 -0.032979997276449118 0.97713291930650548 0 0 0 0 0 0 10000 3000000 0 0 0 0 0 0
3.8855000000000004 46.343499999999999 3.6414999999999997 3.8855000000000004 46.343499999999999 3.6414999999999997 -0.53338799999999997 24.4771 19.973199999999999 0.53707199999999999 30.946300000000001 4.8239099999999997 3.8855000000000004 46.343499999999999 3.6414999999999997 0.0073455076744927848 0 0.99997302139457944 0.20117495381031639 -0.028198593525614952 -0.042218190306721505 0.97823877539679427 0.20064998911611084 -0.032738598224155029 -0.020125598908323952 0.97890894690088692 0 0 0 0 0 0 10000 3000000 0 0 0 0 0 0
-1.036 -6.7169999999999996 0.17100000000000001 3.8855000000000004 46.343499999999999 3.6414999999999997 -7.5144000000000002 -16.2944 -2.05267 -0.53338799999999997 24.4771 19.973199999999999 -4.0410460610016319 -6.2657150598308844 0.17100000000000001 0.14851030491779924 0.9889102584370405 -0.00109091301582676 0.20947798270090986 0.015574098713861314 -0.032979997276449118 0.97713291930650548 0.20117495381031639 -0.028198593525614952 -0.042218190306721505 0.97823877539679427 0 0 0 0 0 0 10000 3000000 0 0 0 0 0 0
-1.036 -6.7169999999999996 0.17100000000000001 -1.036 -6.7169999999999996 0.17100000000000001 -4.3348599999999999 -17.029399999999999 -2.4555799999999999 -3.07043 -17.277100000000001 -2.59294 -1.036 -6.7169999999999996 0.17100000000000001 0.98891084688426789 -0.14851039328828219 0 0.52272887659198597 -0.044509589491990423 -0.046656788985070606 0.8500567993150443 0.0058062996901568414 0.052887497177750015 -0.022103098820506293 0.99833894672536561 0 0 0 0 0 0 10000 3000000 0 -1.1066319427 0 0 0 1
-4.4314999999999998 -7.2204999999999995 -24.9345 -4.4314999999999998 -7.2204999999999995 -24.9345 -4.4330600000000002 -7.2285000000000004 -27.417000000000002 -4.4314999999999998 -7.2205000000000004 -24.9345 -4.4314999999999998 -7.2204999999999995 -24.9345 0 0 1 -0.0016180492010395549 0.00027945386201125289 -0.021959789156693811 0.9997575063396702 0 0 0 1 0 0 0 0 0 0 10000 3000000 0 0 0 0 0 0
-1.036 -6.7169999999999996 0.17100000000000001 -4.4314999999999998 -7.2204999999999995 -24.9345 -3.07043 -17.277100000000001 -2.59294 -4.4330600000000002 -7.2285000000000004 -27.417000000000002 -4.2826653117216313 -6.2294297161484868 0.17100000000000001 0.14851039328828219 0.98891084688426789 -0 0.0058062996901568414 0.052887497177750015 -0.022103098820506293 0.99833894672536561 -0.0016180492010395549 0.00027945386201125289 -0.021959789156693811 0.9997575063396702 0 0 0 0 0 0 10000 3000000 0 0 0 0 0 0
-1.036 -6.7169999999999996 0.17100000000000001 -1.036 -6.7169999999999996 0.17100000000000001 -4.3348599999999999 -17.029399999999999 -2.4555799999999999 -7.4764900000000001 -16.414000000000001 -2.1143100000000001 -1.036 -6.7169999999999996 0.17100000000000001 0.98891084688426789 -0.14851039328828219 0 0.52272887659198597 -0.044509589491990423 -0.046656788985070606 0.8500567993150443 0.21119098375817003 0.016187298755101429 -0.032599297492922098 0.97676692488087313 0 0 0 0 0 0 10000 3000000 0 0 0 0 0 0
3.8855000000000004 46.343499999999999 3.6414999999999997 3.8855000000000004 46.343499999999999 3.6414999999999997 -0.54873300000000003 24.1692 19.997 0.53861300000000001 30.697800000000001 4.8390300000000002 3.8855000000000004 46.343499999999999 3.6414999999999997 0.0073455076744927848 0 0.99997302139457944 0.20270201300587137 -0.028616601836113201 -0.042132102703301755 0.97791506274549189 0.20222500217727166 -0.032737000352465538 -0.022242800239478888 0.97853901053551862 0 0 0 0 0 0 10000 3000000 0 0 0 0 0 0
-1.036 -6.7169999999999996 0.17100000000000001 3.8855000000000004 46.343499999999999 3.6414999999999997 -7.4764900000000001 -16.414000000000001 -2.1143100000000001 -0.54873300000000003 24.1692 19.997 -4.0410460610016319 -6.2657150598308844 0.17100000000000001 0.14851030491779924 0.9889102584370405 -0.00109091301582676 0.21119098375817003 0.016187298755101429 -0.032599297492922098 0.97676692488087313 0.20270201300587137 -0.028616601836113201 -0.042132102703301755 0.97791506274549189 0 0 0 0 0 0 10000 3000000 0 0 0 0 0 0
-1.036 -6.7169999999999996 0.17100000000000001 -1.036 -6.7169999999999996 0.17100000000000001 -4.3166799999999999 -17.138300000000001 -2.5221900000000002 -3.0788500000000001 -17.379300000000001 -2.6586400000000001 -1.036 -6.7169999999999996 0.17100000000000001 0.98891084688426789 -0.14851039328828219 0 0.52828082728067205 -0.044649585401994575 -0.046775184707038293 0.84660372320625976 0.0058934689794386411 0.053672390705649227 -0.021494896277767708 0.99830982712449379 0 0 0 0 0 0 10000 3000000 0 -1.1197152708000002 0 0 0 1
-4.4314999999999998 -7.2204999999999995 -24.9345 -4.4314999999999998 -7.2204999999999995 -24.9345 -4.4330999999999996 -7.2287400000000002 -27.4785 -4.4314999999999998 -7.2205000000000004 -24.9345 -4.4314999999999998 -7.2204999999999995 -24.9345 0 0 1 -0.0016255595748785156 0.00027972692684492887 -0.021348294416926483 0.99977073853679244 0 0 0 1 0 0 0 0 0 0 10000 3000000 0 0 0 0 0 0
-1.036 -6.7169999999999996 0.17100000000000001 -4.4314999999999998 -7.2204999999999995 -24.9345 -3.0788500000000001 -17.379300000000001 -2.6586400000000001 -4.4330999999999996 -7.2287400000000002 -27.4785 -4.2826653117216313 -6.2294297161484868 0.17100000000000001 0.14851039328828219 0.98891084688426789 -0 0.0058934689794386411 0.053672390705649227 -0.021494896277767708 0.99830982712449379 -0.0016255595748785156 0.00027972692684492887 -0.021348294416926483 0.99977073853679244 0 0 0 0 0 0 10000 3000000 0 0 0 0 0 0
-1.036 -6.7169999999999996 0.17100000000000001 -1.036 -6.7169999999999996 0.17100000000000001 -4.3166799999999999 -17.138300000000001 -2.5221900000000002 -7.4366700000000003 -16.531099999999999 -2.17828 -1.036 -6.7169999999999996 0.17100000000000001 0.98891084688426789 -0.14851039328828219 0 0.52828082728067205 -0.044649585401994575 -0.046775184707038293 0.84660372320625976 0.21288304584308623 0.016786603614894337 -0.032244306943617976 0.97640121026214044 0 0 0 0 0 0 10000 3000000 0 0 0 0 0 0
3.8855000000000004 46.343499999999999 3.6414999999999997 3.8855000000000004 46.343499999999999 3.6414999999999997 -0.55950299999999997 23.863299999999999 20.015699999999999 0.54230100000000003 30.4496 4.8535500000000003 3.8855000000000004 46.343499999999999 3.6414999999999997 0.0073455076744927848 0 0.99997302139457944 0.20422501310219296 -0.028966501858365395 -0.04205710269820169 0.97759106271801166 0.20379391375796976 -0.032686086167818366 -0.024245289739816208 0.97816758605653631 0 0 0 0 0 0 10000 3000000 0 0 0 0 0 0
-1.036 -6.7169999999999996 0.17100000000000001 3.8855000000000004 46.343499999999999 3.6414999999999997 -7.4366700000000003 -16.531099999999999 -2.17828 -0.55950299999999997 23.863299999999999 20.015699999999999 -4.0410460610016319 -6.2657150598308844 0.17100000000000001 0.14851030491779924 0.9889102584370405 -0.00109091301582676 0.21288304584308623 0.016786603614894337 -0.032244306943617976 0.97640121026214044 0.20422501310219296 -0.028966501858365395 -0.04205710269820169 0.97759106271801166 0 0 0 0 0 0 10000 3000000 0 0 0 0 0 0
-1.036 -6.7169999999999996 0.17100000000000001 -1.036 -6.7169999999999996 0.17100000000000001 -4.2980799999999997 -17.2441 -2.5901700000000001 -3.0863700000000001 -17.478400000000001 -2.7257199999999999 -1.036 -6.7169999999999996 0.17100000000000001 0.98891084688426789 -0.14851039328828219 0 0.53381427990903407 -0.044770323475614035 -0.046915124600254633 0.84311144209103861 0.0059861705995950237 0.054469605455859271 -0.020882202091631746 0.9982790999909994 0 0 0 0 0 0 10000 3000000 0 -1.1327986146 0 0 0 1
-4.4314999999999998 -7.2204999999999995 -24.9345 -4.4314999999999998 -7.2204999999999995 -24.9345 -4.4331300000000002 -7.2289700000000003 -27.5412 -4.4314999999999998 -7.2205000000000004 -24.9345 -4.4314999999999998 -7.2204999999999995 -24.9345 0 0 1 -0.00163079949710365 0.00027959591377985782 -0.020732393606666493 0.99978369169258985 0 0 0 1 0 0 0 0 0 0 10000 3000000 0 0 0 0 0 0
-1.036 -6.7169999999999996 0.17100000000000001 -4.4314999999999998 -7.2204999999999995 -24.9345 -3.0863700000000001 -17.478400000000001 -2.7257199999999999 -4.4331300000000002 -7.2289700000000003 -27.5412 -4.2826653117216313 -6.2294297161484868 0.17100000000000001 0.14851039328828219 0.98891084688426789 -0 0.0059861705995950237 0.054469605455859271 -0.020882202091631746 0.9982790999909994 -0.00163079949710365 0.00027959591377985782 -0.020732393606666493 0.99978369169258985 0 0 0 0 0 0 10000 3000000 0 0 0 0 0 0
-1.036 -6.7169999999999996 0.17100000000000001 -1.036 -6.7169999999999996 0.17100000000000001 -4.2980799999999997 -17.2441 -2.5901700000000001 -7.3956600000000003 -16.645099999999999 -2.2436400000000001 -1.036 -6.7169999999999996 0.17100000000000001 0.98891084688426789 -0.14851039328828219 0 0.53381427990903407 -0.044770323475614035 -0.046915124600254633 0.84311144209103861 0.21453501761317012 0.017414201429693372 -0.031894102618482807 0.97604008013218613 0 0 0 0 0 0 10000 3000000 0 0 0 0 0 0
3.8855000000000004 46.343499999999999 3.6414999999999997 3.8855000000000004 46.343499999999999 3.6414999999999997 -0.56760600000000005 23.561800000000002 20.028099999999998 0.54662500000000003 30.2013 4.8691800000000001 3.8855000000000004 46.343499999999999 3.6414999999999997 0.0073455076744927848 0 0.99997302139457944 0.20570994328833961 -0.029271191930298219 -0.041984188425483973 0.9772737305778465 0.205322955574396 -0.032617792942507821 -0.02608199435665462 0.97780278843340063 0 0 0 0 0 0 10000 3000000 0 0 0 0 0 0
-1.036 -6.7169999999999996 0.17100000000000001 3.8855000000000004 46.343499999999999 3.6414999999999997 -7.3956600000000003 -16.645099999999999 -2.2436400000000001 -0.56760600000000005 23.561800000000002 20.028099999999998 -4.0410460610016319 -6.2657150598308844 0.17100000000000001 0.14851030491779924 0.9889102584370405 -0.00109091301582676 0.21453501761317012 0.017414201429693372 -0.031894102618482807 0.97604008013218613 0.20570994328833961 -0.029271191930298219 -0.041984188425483973 0.9772737305778465 0 0 0 0 0 0 10000 3000000 0 0 0 0 0 0
-1.036 -6.7169999999999996 0.17100000000000001 -1.036 -6.7169999999999996 0.17100000000000001 -4.2795399999999999 -17.3476 -2.6593 -3.0939700000000001 -17.575399999999998 -2.7939400000000001 -1.036 -6.7169999999999996 0.17100000000000001 0.98891084688426789 -0.14851039328828219 0 0.53933026555115182 -0.044877222096290123 -0.047102723192064669 0.83957741338445746 0.0060917570521258034 0.055303473237986941 -0.020305190174075283 0.99824451693752259 0 0 0 0 0 0 10000 3000000 0 -1.1458819427000002 0 0 0 1
-4.4314999999999998 -7.2204999999999995 -24.9345 -4.4314999999999998 -7.2204999999999995 -24.9345 -4.4331699999999996 -7.22919 -27.604700000000001 -4.4314999999999998 -7.2205000000000004 -24.9345 -4.4314999999999998 -7.2204999999999995 -24.9345 0 0 1 -0.0016333192597423119 0.00027905187352730122 -0.020152390866475012 0.99979554686976502 0 0 0 1 0 0 0 0 0 0 10000 3000000 0 0 0 0 0 0
-1.036 -6.7169999999999996 0.17100000000000001 -4.4314999999999998 -7.2204999999999995 -24.9345 -3.0939700000000001 -17.575399999999998 -2.7939400000000001 -4.4331699999999996 -7.22919 -27.604700000000001 -4.2826653117216313 -6.2294297161484868 0.17100000000000001 0.14851039328828219 0.98891084688426789 -0 0.0060917570521258034 0.055303473237986941 -0.020305190174075283 0.99824451693752259 -0.0016333192597423119 0.00027905187352730122 -0.020152390866475012 0.99979554686976502 0 0 0 0 0 0 10000 3000000 0 0 0 0 0 0
-1.036 -6.7169999999999996 0.17100000000000001 -1.036 -6.7169999999999996 0.17100000000000001 -4.2795399999999999 -17.3476 -2.6593 -7.3527699999999996 -16.757000000000001 -2.31026 -1.036 -6.7169999999999996 0.17100000000000001 0.98891084688426789 -0.14851039328828219 0 0.53933026555115182 -0.044877222096290123 -0.047102723192064669 0.83957741338445746 0.21617894265064169 0.01806829520672493 -0.031576091623288699 0.97567574116638289 0 0 0 0 0 0 10000 3000000 0 0 0 0 0 0
3.8855000000000004 46.343499999999999 3.6414999999999997 3.8855000000000004 46.343499999999999 3.6414999999999997 -0.57004900000000003 23.261099999999999 20.036999999999999 0.55479000000000001 29.952999999999999 4.8833700000000002 3.8855000000000004 46.343499999999999 3.6414999999999997 0.0073455076744927848 0 0.99997302139457944 0.20719201446288366 -0.029518502060516968 -0.041939502927555647 0.97695506819561817 0.20684900219511784 -0.032506100344960431 -0.027851200295561814 0.9774360103727221 0 0 0 0 0 0 10000 3000000 0 0 0 0 0 0
-1.036 -6.7169999999999996 0.17100000000000001 3.8855000000000004 46.343499999999999 3.6414999999999997 -7.3527699999999996 -16.757000000000001 -2.31026 -0.57004900000000003 23.261099999999999 20.036999999999999 -4.0410460610016319 -6.2657150598308844 0.17100000000000001 0.14851030491779924 0.9889102584370405 -0.00109091301582676 0.21617894265064169 0.01806829520672493 -0.031576091623288699 0.97567574116638289 0.20719201446288366 -0.029518502060516968 -0.041939502927555647 0.97695506819561817 0 0 0 0 0 0 10000 3000000 0 0 0 0 0 0
-1.036 -6.7169999999999996 0.17100000000000001 -1.036 -6.7169999999999996 0.17100000000000001 -4.2626999999999997 -17.4497 -2.7303000000000002 -3.1012900000000001 -17.671500000000002 -2.86415 -1.036 -6.7169999999999996 0.17100000000000001 0.98891084688426789 -0.14851039328828219 0 0.54481890280950862 -0.045003691971770961 -0.047306491560973496 0.83600785086417995 0.0061941202202856378 0.056115301995665993 -0.01973400070181346 0.99821003550001075 0 0 0 0 0 0 10000 3000000 0 -1.1589652708 0 0 0 1
-4.4314999999999998 -7.2204999999999995 -24.9345 -4.4314999999999998 -7.2204999999999995 -24.9345 -4.4332000000000003 -7.2294200000000002 -27.670300000000001 -4.4314999999999998 -7.2205000000000004 -24.9345 -4.4314999999999998 -7.2204999999999995 -24.9345 0 0 1 -0.0016352699224973688 0.00027841798680454751 -0.019578199072103068 0.99980695261475272 0 0 0 1 0 0 0 0 0 0 10000 3000000 0 0 0 0 0 0
-1.036 -6.7169999999999996 0.17100000000000001 -4.4314999999999998 -7.2204999999999995 -24.9345 -3.1012900000000001 -17.671500000000002 -2.86415 -4.4332000000000003 -7.2294200000000002 -27.670300000000001 -4.2826653117216313 -6.2294297161484868 0.17100000000000001 0.14851039328828219 0.98891084688426789 -0 0.0061941202202856378 0.056115301995665993 -0.01973400070181346 0.99821003550001075 -0.0016352699224973688 0.00027841798680454751 -0.019578199072103068 0.99980695261475272 0 0 0 0 0 0 10000 3000000 0 0 0 0 0 0
-1.036 -6.7169999999999996 0.17100000000000001 -1.036 -6.7169999999999996 0.17100000000000001 -4.2626999999999997 -17.4497 -2.7303000000000002 -7.3128299999999999 -16.8672 -2.37879 -1.036 -6.7169999999999996 0.17100000000000001 0.98891084688426789 -0.14851039328828219 0 0.54481890280950862 -0.045003691971770961 -0.047306491560973496 0.83600785086417995 0.21782199782690645 0.018704299813397208 -0.031273799687998032 0.97530799026987391 0 0 0 0 0 0 10000 3000000 0 0 0 0 0 0
3.8855000000000004 46.343499999999999 3.6414999999999997 3.8855000000000004 46.343499999999999 3.6414999999999997 -0.57444700000000004 22.9605 20.042400000000001 0.56083499999999997 29.703499999999998 4.8974099999999998 3.8855000000000004 46.343499999999999 3.6414999999999997 0.0073455076744927848 0 0.99997302139457944 0.20867599890396582 -0.029764599843666646 -0.041909299779878735 0.97663299487040611 0.20837393113266675 -0.032407289289429923 -0.029542090236374764 0.9770656770809707 0 0 0 0 0 0 10000 3000000 0 0 0 0 0 0
-1.036 -6.7169999999999996 0.17100000000000001 3.8855000000000004 46.343499999999999 3.6414999999999997 -7.3128299999999999 -16.8672 -2.37879 -0.57444700000000004 22.9605 20.042400000000001 -4.0410460610016319 -6.2657150598308844 0.17100000000000001 0.14851030491779924 0.9889102584370405 -0.00109091301582676 0.21782199782690645 0.018704299813397208 -0.031273799687998032 0.97530799026987391 0.20867599890396582 -0.029764599843666646 -0.041909299779878735 0.97663299487040611 0 0 0 0 0 0 10000 3000000 0 0 0 0 0 0
-1.036 -6.7169999999999996 0.17100000000000001 -1.036 -6.7169999999999996 0.17100000000000001 -4.2463300000000004 -17.551300000000001 -2.8022999999999998 -3.1081400000000001 -17.767299999999999 -2.9353899999999999 -1.036 -6.7169999999999996 0.17100000000000001 0.98891084688426789 -0.14851039328828219 0 0.55028384732920177 -0.045113787483626905 -0.047519086816300446 0.83240276905810384 0.0062972219426834196 0.056934617564243173 -0.019153205908734976 0.99817430793526019 0 0 0 0 0 0 10000 3000000 0 -1.1720486146000002 0 0 0 1
-4.4314999999999998 -7.2204999999999995 -24.9345 -4.4314999999999998 -7.2204999999999995 -24.9345 -4.43323 -7.2296399999999998 -27.736899999999999 -4.4314999999999998 -7.2205000000000004 -24.9345 -4.4314999999999998 -7.2204999999999995 -24.9345 0 0 1 -0.0016367303435924976 0.00027768405829314488 -0.018994503987443068 0.9998182098879862 0 0 0 1 0 0 0 0 0 0 10000 3000000 0 0 0 0 0 0
-1.036 -6.7169999999999996 0.17100000000000001 -4.4314999999999998 -7.2204999999999995 -24.9345 -3.1081400000000001 -17.767299999999999 -2.9353899999999999 -4.43323 -7.2296399999999998 -27.736899999999999 -4.2826653117216313 -6.2294297161484868 0.17100000000000001 0.14851039328828219 0.98891084688426789 -0 0.0062972219426834196 0.056934617564243173 -0.019153205908734976 0.99817430793526019 -0.0016367303435924976 0.00027768405829314488 -0.018994503987443068 0.9998182098879862 0 0 0 0 0 0 10000 3000000 0 0 0 0 0 0
-1.036 -6.7169999999999996 0.17100000000000001 -1.036 -6.7169999999999996 0.17100000000000001 -4.2463300000000004 -17.551300000000001 -2.8022999999999998 -7.2751700000000001 -16.976500000000001 -2.4481199999999999 -1.036 -6.7169999999999996 0.17100000000000001 0.98891084688426789 -0.14851039328828219 0 0.55028384732920177 -0.045113787483626905 -0.047519086816300446 0.83240276905810384 0.21947107848324479 0.01935280692059789 -0.030967411074000823 0.97493534863860032 0 0 0 0 0 0 10000 3000000 0 0 0 0 0 0
3.8855000000000004 46.343499999999999 3.6414999999999997 3.8855000000000004 46.343499999999999 3.6414999999999997 -0.58148299999999997 22.658899999999999 20.0457 0.56482699999999997 29.452300000000001 4.9110399999999998 3.8855000000000004 46.343499999999999 3.6414999999999997 0.0073455076744927848 0 0.99997302139457944 0.21016108240130577 -0.030030411774516548 -0.041885416422702847 0.97630738279686358 0.2098980679031138 -0.032330710459152541 -0.031201810093947419 0.97669031596438372 0 0 0 0 0 0 10000 3000000 0 0 0 0 0 0
-1.036 -6.7169999999999996 0.17100000000000001 3.8855000000000004 46.343499999999999 3.6414999999999997 -7.2751700000000001 -16.976500000000001 -2.4481199999999999 -0.58148299999999997 22.658899999999999 20.0457 -4.0410460610016319 -6.2657150598308844 0.17100000000000001 0.14851030491779924 0.9889102584370405 -0.00109091301582676 0.21947107848324479 0.01935280692059789 -0.030967411074000823 0.97493534863860032 0.21016108240130577 -0.030030411774516548 -0.041885416422702847 0.97630738279686358 0 0 0 0 0 0 10000 3000000 0 0 0 0 0 0
-1.036 -6.7169999999999996 0.17100000000000001 -1.036 -6.7169999999999996 0.17100000000000001 -4.2312900000000004 -17.651399999999999 -2.8754400000000002 -3.1149499999999999 -17.861899999999999 -3.0078800000000001 -1.036 -6.7169999999999996 0.17100000000000001 0.98891084688426789 -0.14851039328828219 0 0.55572495534395616 -0.045226996365722451 -0.047762596161970837 0.82875993340385468 0.0064033777039367084 0.05776337928774767 -0.018591193333743761 0.99813664209749764 0 0 0 0 0 0 10000 3000000 0 -1.1851319427 0 0 0 1
-4.4314999999999998 -7.2204999999999995 -24.9345 -4.4314999999999998 -7.2204999999999995 -24.9345 -4.4332599999999998 -7.22987 -27.804600000000001 -4.4314999999999998 -7.2205000000000004 -24.9345 -4.4314999999999998 -7.2204999999999995 -24.9345 0 0 1 -0.0016375496416834898 0.00027687193941692846 -0.018429595967372019 0.99982878122485541 0 0 0 1 0 0 0 0 0 0 10000 3000000 0 0 0 0 0 0
-1.036 -6.7169999999999996 0.17100000000000001 -4.4314999999999998 -7.2204999999999995 -24.9345 -3.1149499999999999 -17.861899999999999 -3.0078800000000001 -4.4332599999999998 -7.22987 -27.804600000000001 -4.2826653117216313 -6.2294297161484868 0.17100000000000001 0.14851039328828219 0.98891084688426789 -0 0.0064033777039367084 0.05776337928774767 -0.018591193333743761 0.99813664209749764 -0.0016375496416834898 0.00027687193941692846 -0.018429595967372019 0.99982878122485541 0 0 0 0 0 0 10000 3000000 0 0 0 0 0 0
-1.036 -6.7169999999999996 0.17100000000000001 -1.036 -6.7169999999999996 0.17100000000000001 -4.2312900000000004 -17.651399999999999 -2.8754400000000002 -7.2379499999999997 -17.084299999999999 -2.5187200000000001 -1.036 -6.7169999999999996 0.17100000000000001 0.98891084688426789 -0.14851039328828219 0 0.55572495534395616 -0.045226996365722451 -0.047762596161970837 0.82875993340385468 0.22114708996701996 0.019999608136237034 -0.03068561248351543 0.97455239646723313 0 0 0 0 0 0 10000 3000000 0 0 0 0 0 0
3.8855000000000004 46.343499999999999 3.6414999999999997 3.8855000000000004 46.343499999999999 3.6414999999999997 -0.58682699999999999 22.355499999999999 20.048100000000002 0.57037099999999996 29.2014 4.9217899999999997 3.8855000000000004 46.343499999999999 3.6414999999999997 0.0073455076744927848 0 0.99997302139457944 0.21167490178884502 -0.030279185951315912 -0.041886680565767401 0.97597254717639981 0.21145294277689045 -0.032231091277665644 -0.032890391099246817 0.97630273579427329 0 0 0 0 0 0 10000 3000000 0 0 0 0 0 0
-1.036 -6.7169999999999996 0.17100000000000001 3.8855000000000004 46.343499999999999 3.6414999999999997 -7.2379499999999997 -17.084299999999999 -2.5187200000000001 -0.58682699999999999 22.355499999999999 20.048100000000002 -4.0410460610016319 -6.2657150598308844 0.17100000000000001 0.14851030491779924 0.9889102584370405 -0.00109091301582676 0.22114708996701996 0.019999608136237034 -0.03068561248351543 0.97455239646723313 0.21167490178884502 -0.030279185951315912 -0.041886680565767401 0.97597254717639981 0 0 0 0 0 0 10000 3000000 0 0 0 0 0 0
-1.036 -6.7169999999999996 0.17100000000000001 -1.036 -6.7169999999999996 0.17100000000000001 -4.2179399999999996 -17.7499 -2.9499200000000001 -3.1215000000000002 -17.955500000000001 -3.0818400000000001 -1.036 -6.7169999999999996 0.17100000000000001 0.98891084688426789 -0.14851039328828219 0 0.56113912548475098 -0.045354610142425825 -0.048012810736866002 0.82508218450902404 0.0065065782680808005 0.058576884408021154 -0.01803689519894424 0.99809873432635565 0 0 0 0 0 0 10000 3000000 0 -1.1982152708 0 0 0 1
-4.4314999999999998 -7.2204999999999995 -24.9345 -4.4314999999999998 -7.2204999999999995 -24.9345 -4.4332900000000004 -7.2301000000000002 -27.873799999999999 -4.4314999999999998 -7.2205000000000004 -24.9345 -4.4314999999999998 -7.2204999999999995 -24.9345 0 0 1 -0.0016383198288730709 0.00027606197116458183 -0.017872398133179767 0.99983889556412819 0 0 0 1 0 0 0 0 0 0 10000 3000000 0 0 0 0 0 0
-1.036 -6.7169999999999996 0.17100000000000001 -4.4314999999999998 -7.2204999999999995 -24.9345 -3.1215000000000002 -17.955500000000001 -3.0818400000000001 -4.4332900000000004 -7.2301000000000002 -27.873799999999999 -4.2826653117216313 -6.2294297161484868 0.17100000000000001 0.14851039328828219 0.98891084688426789 -0 0.0065065782680808005 0.058576884408021154 -0.01803689519894424 0.99809873432635565 -0.0016383198288730709 0.00027606197116458183 -0.017872398133179767 0.99983889556412819 0 0 0 0 0 0 10000 3000000 0 0 0 0 0 0
-1.036 -6.7169999999999996 0.17100000000000001 -1.036 -6.7169999999999996 0.17100000000000001 -4.2179399999999996 -17.7499 -2.9499200000000001 -7.2062900000000001 -17.189699999999998 -2.5903700000000001 -1.036 -6.7169999999999996 0.17100000000000001 0.98891084688426789 -0.14851039328828219 0 0.56113912548475098 -0.045354610142425825 -0.048012810736866002 0.82508218450902404 0.22284502537646084 0.020626002348784499 -0.030410403462982457 0.97416111093252489 0 0 0 0 0 0 10000 3000000 0 0 0 0 0 0
3.8855000000000004 46.343499999999999 3.6414999999999997 3.8855000000000004 46.343499999999999 3.6414999999999997 -0.59815799999999997 22.051100000000002 20.049600000000002 0.57184599999999997 28.950500000000002 4.931 3.8855000000000004 46.343499999999999 3.6414999999999997 0.0073455076744927848 0 0.99997302139457944 0.21320504901873535 -0.030579707030689813 -0.041905909634737566 0.97562922431040433 0.2130239435360983 -0.032176391471359631 -0.034602990828167764 0.97590374132798408 0 0 0 0 0 0 10000 3000000 0 0 0 0 0 0
-1.036 -6.7169999999999996 0.17100000000000001 3.8855000000000004 46.343499999999999 3.6414999999999997 -7.2062900000000001 -17.189699999999998 -2.5903700000000001 -0.59815799999999997 22.051100000000002 20.049600000000002 -4.0410460610016319 -6.2657150598308844 0.17100000000000001 0.14851030491779924 0.9889102584370405 -0.00109091301582676 0.22284502537646084 0.020626002348784499 -0.030410403462982457 0.97416111093252489 0.21320504901873535 -0.030579707030689813 -0.041905909634737566 0.97562922431040433 0 0 0 0 0 0 10000 3000000 0 0 0 0 0 0
-1.036 -6.7169999999999996 0.17100000000000001 -1.036 -6.7169999999999996 0.17100000000000001 -4.2054099999999996 -17.8461 -3.0249299999999999 -3.12737 -18.047000000000001 -3.1564800000000002 -1.036 -6.7169999999999996 0.17100000000000001 0.98891084688426789 -0.14851039328828219 0 0.56653200269114035 -0.045461600215951692 -0.048280200229340611 0.82136700390165751 0.0066139392303463072 0.059407493086843594 -0.017477697966147811 0.99805888385745956 0 0 0 0 0 0 10000 3000000 0 -1.2112986146 0 0 0 1
-4.4314999999999998 -7.2204999999999995 -24.9345 -4.4314999999999998 -7.2204999999999995 -24.9345 -4.4333299999999998 -7.2303300000000004 -27.9436 -4.4314999999999998 -7.2205000000000004 -24.9345 -4.4314999999999998 -7.2204999999999995 -24.9345 0 0 1 -0.0016378596470573016 0.0002750379407320199 -0.017310396269779295 0.99984878454238824 0 0 0 1 0 0 0 0 0 0 10000 3000000 0 0 0 0 0 0
-1.036 -6.7169999999999996 0.17100000000000001 -4.4314999999999998 -7.2204999999999995 -24.9345 -3.12737 -18.047000000000001 -3.1564800000000002 -4.4333299999999998 -7.2303300000000004 -27.9436 -4.2826653117216313 -6.2294297161484868 0.17100000000000001 0.14851039328828219 0.98891084688426789 -0 0.0066139392303463072 0.059407493086843594 -0.017477697966147811 0.99805888385745956 -0.0016378596470573016 0.0002750379407320199 -0.017310396269779295 0.99984878454238824 0 0 0 0 0 0 10000 3000000 0 0 0 0 0 0
-1.036 -6.7169999999999996 0.17100000000000001 -1.036 -6.7169999999999996 0.17100000000000001 -4.2054099999999996 -17.8461 -3.0249299999999999 -7.1822800000000004 -17.291499999999999 -2.66167 -1.036 -6.7169999999999996 0.17100000000000001 0.98891084688426789 -0.14851039328828219 0 0.56653200269114035 -0.045461600215951692 -0.048280200229340611 0.82136700390165751 0.2245710675006182 0.021268706392857488 -0.030138309058845004 0.97375929268843475 0 0 0 0 0 0 10000 3000000 0 0 0 0 0 0
3.8855000000000004 46.343499999999999 3.6414999999999997 3.8855000000000004 46.343499999999999 3.6414999999999997 -0.61750499999999997 21.745799999999999 20.050899999999999 0.56758299999999995 28.6995 4.9392100000000001 3.8855000000000004 46.343499999999999 3.6414999999999997 0.0073455076744927848 0 0.99997302139457944 0.21474693404374812 -0.0309406904970379 -0.041950387115577172 0.97527770045830009 0.21460600539572725 -0.032178000809034747 -0.036335200913557075 0.97549402452633927 0 0 0 0 0 0 10000 3000000 0 0 0 0 0 0
-1.036 -6.7169999999999996 0.17100000000000001 3.8855000000000004 46.343499999999999 3.6414999999999997 -7.1822800000000004 -17.291499999999999 -2.66167 -0.61750499999999997 21.745799999999999 20.050899999999999 -4.0410460610016319 -6.2657150598308844 0.17100000000000001 0.14851030491779924 0.9889102584370405 -0.00109091301582676 0.2245710675006182 0.021268706392857488 -0.030138309058845004 0.97375929268843475 0.21474693404374812 -0.0309406904970379 -0.041950387115577172 0.97527770045830009 0 0 0 0 0 0 10000 3000000 0 0 0 0 0 0
-1.036 -6.7169999999999996 0.17100000000000001 -1.036 -6.7169999999999996 0.17100000000000001 -4.1941899999999999 -17.940899999999999 -3.1012900000000001 -3.1336300000000001 -18.1373 -3.2325200000000001 -1.036 -6.7169999999999996 0.17100000000000001 0.98891084688426789 -0.14851039328828219 0 0.57189911353953127 -0.045580809049189916 -0.048572009643035062 0.81761516232171028 0.0067242900384271182 0.060243900344274189 -0.016956200096899139 0.99801700570334084 0 0 0 0 0 0 10000 3000000 0 -1.2243819427 0 0 0 1
-4.4314999999999998 -7.2204999999999995 -24.9345 -4.4314999999999998 -7.2204999999999995 -24.9345 -4.4333600000000004 -7.2305599999999997 -28.014700000000001 -4.4314999999999998 -7.2205000000000004 -24.9345 -4.4314999999999998 -7.2204999999999995 -24.9345 0 0 1 -0.0016370695511123167 0.00027402292486237626 -0.016786095397219706 0.99985772583704968 0 0 0 1 0 0 0 0 0 0 10000 3000000 0 0 0 0 0 0
-1.036 -6.7169999999999996 0.17100000000000001 -4.4314999999999998 -7.2204999999999995 -24.9345 -3.1336300000000001 -18.1373 -3.2325200000000001 -4.4333600000000004 -7.2305599999999997 -28.014700000000001 -4.2826653117216313 -6.2294297161484868 0.17100000000000001 0.14851039328828219 0.98891084688426789 -0 0.0067242900384271182 0.060243900344274189 -0.016956200096899139 0.99801700570334084 -0.0016370695511123167 0.00027402292486237626 -0.016786095397219706 0.99985772583704968 0 0 0 0 0 0 10000 3000000 0 0 0 0 0 0
-1.036 -6.7169999999999996 0.17100000000000001 -1.036 -6.7169999999999996 0.17100000000000001 -4.1941899999999999 -17.940899999999999 -3.1012900000000001 -7.1654799999999996 -17.390599999999999 -2.7336399999999998 -1.036 -6.7169999999999996 0.17100000000000001 0.98891084688426789 -0.14851039328828219 0 0.57189911353953127 -0.045580809049189916 -0.048572009643035062 0.81761516232171028 0.22633110504512241 0.021898110163382809 -0.02988871387199345 0.9733454517505099 0 0 0 0 0 0 10000 3000000 0 0 0 0 0 0
3.8855000000000004 46.343499999999999 3.6414999999999997 3.8855000000000004 46.343499999999999 3.6414999999999997 -0.64321899999999999 21.437999999999999 20.0517 0.55898199999999998 28.447700000000001 4.9457100000000001 3.8855000000000004 46.343499999999999 3.6414999999999997 0.0073455076744927848 0 0.99997302139457944 0.21631607269269426 -0.031349710535023563 -0.042031014124459733 0.9749143276185086 0.21621709566007727 -0.032216214253292672 -0.038129216869359113 0.97506843139568233 0 0 0 0 0 0 10000 3000000 0 0 0 0 0 0
-1.036 -6.7169999999999996 0.17100000000000001 3.8855000000000004 46.343499999999999 3.6414999999999997 -7.1654799999999996 -17.390599999999999 -2.7336399999999998 -0.64321899999999999 21.437999999999999 20.0517 -4.0410460610016319 -6.2657150598308844 0.17100000000000001 0.14851030491779924 0.9889102584370405 -0.00109091301582676 0.22633110504512241 0.021898110163382809 -0.02988871387199345 0.9733454517505099 0.21631607269269426 -0.031349710535023563 -0.042031014124459733 0.9749143276185086 0 0 0 0 0 0 10000 3000000 0 0 0 0 0 0
-1.036 -6.7169999999999996 0.17100000000000001 -1.036 -6.7169999999999996 0.17100000000000001 -4.1826400000000001 -18.034700000000001 -3.17869 -3.1374599999999999 -18.227 -3.30979 -1.036 -6.7169999999999996 0.17100000000000001 0.98891084688426789 -0.14851039328828219 0 0.57723834708902866 -0.045666627458995836 -0.048824929358058745 0.81383448935248981 0.0068244095241378018 0.061062095742174763 -0.016336898860837328 0.99797693041163571 0 0 0 0 0 0 10000 3000000 0 -1.2374652708000002 0 0 0 1
-4.4314999999999998 -7.2204999999999995 -24.9345 -4.4314999999999998 -7.2204999999999995 -24.9345 -4.4333900000000002 -7.2307899999999998 -28.0871 -4.4314999999999998 -7.2205000000000004 -24.9345 -4.4314999999999998 -7.2204999999999995 -24.9345 0 0 1 -0.0016364099661420627 0.00027286599435430003 -0.01616389966556284 0.99986797931235571 0 0 0 1 0 0 0 0 0 0 10000 3000000 0 0 0 0 0 0
-1.036 -6.7169999999999996 0.17100000000000001 -4.4314999999999998 -7.2204999999999995 -24.9345 -3.1374599999999999 -18.227 -3.30979 -4.4333900000000002 -7.2307899999999998 -28.0871 -4.2826653117216313 -6.2294297161484868 0.17100000000000001 0.14851039328828219 0.98891084688426789 -0 0.0068244095241378018 0.061062095742174763 -0.016336898860837328 0.99797693041163571 -0.0016364099661420627 0.00027286599435430003 -0.01616389966556284 0.99986797931235571 0 0 0 0 0 0 10000 3000000 0 0 0 0 0 0
-1.036 -6.7169999999999996 0.17100000000000001 -1.036 -6.7169999999999996 0.17100000000000001 -4.1826400000000001 -18.034700000000001 -3.17869 -7.1544800000000004 -17.488 -2.80593 -1.036 -6.7169999999999996 0.17100000000000001 0.98891084688426789 -0.14851039328828219 0 0.57723834708902866 -0.045666627458995836 -0.048824929358058745 0.81383448935248981 0.22812105739719402 0.022532805669445134 -0.029586507444216367 0.97292224479549361 0 0 0 0 0 0 10000 3000000 0 0 0 0 0 0
3.8855000000000004 46.343499999999999 3.6414999999999997 3.8855000000000004 46.343499999999999 3.6414999999999997 -0.68000099999999997 21.129200000000001 20.052600000000002 0.542265 28.195900000000002 4.9517499999999997 3.8855000000000004 46.343499999999999 3.6414999999999997 0.0073455076744927848 0 0.99997302139457944 0.21789807100316025 -0.031850610378678354 -0.042086713714163067 0.97454331755974266 0.21784205601712686 -0.032336908315293789 -0.039913510263583661 0.97463125062214073 0 0 0 0 0 0 10000 3000000 0 0 0 0 0 0
-1.036 -6.7169999999999996 0.17100000000000001 3.8855000000000004 46.343499999999999 3.6414999999999997 -7.1544800000000004 -17.488 -2.80593 -0.68000099999999997 21.129200000000001 20.052600000000002 -4.0410460610016319 -6.2657150598308844 0.17100000000000001 0.14851030491779924 0.9889102584370405 -0.00109091301582676 0.22812105739719402 0.022532805669445134 -0.029586507444216367 0.97292224479549361 0.21789807100316025 -0.031850610378678354 -0.042086713714163067 0.97454331755974266 0 0 0 0 0 0 10000 3000000 0 0 0 0 0 0
-1.036 -6.7169999999999996 0.17100000000000001 -1.036 -6.7169999999999996 0.17100000000000001 -4.1725700000000003 -18.127600000000001 -3.2564500000000001 -3.1415299999999999 -18.315999999999999 -3.3875600000000001 -1.036 -6.7169999999999996 0.17100000000000001 0.98891084688426789 -0.14851039328828219 0 0.58255519306603509 -0.045738015158146975 -0.049103216273416468 0.81001626844946384 0.0069284489293163403 0.061904590433611607 -0.015743497567088139 0.99793384578489752 0 0 0 0 0 0 10000 3000000 0 -1.2505486146 0 0 0 1
-4.4314999999999998 -7.2204999999999995 -24.9345 -4.4314999999999998 -7.2204999999999995 -24.9345 -4.4334199999999999 -7.2310299999999996 -28.16 -4.4314999999999998 -7.2205000000000004 -24.9345 -4.4314999999999998 -7.2204999999999995 -24.9345 0 0 1 -0.001636090728271725 0.00027180812098972617 -0.01556740692950709 0.99987744507462772 0 0 0 1 0 0 0 0 0 0 10000 3000000 0 0 0 0 0 0
-1.036 -6.7169999999999996 0.17100000000000001 -4.4314999999999998 -7.2204999999999995 -24.9345 -3.1415299999999999 -18.315999999999999 -3.3875600000000001 -4.4334199999999999 -7.2310299999999996 -28.16 -4.2826653117216313 -6.2294297161484868 0.17100000000000001 0.14851039328828219 0.98891084688426789 -0 0.0069284489293163403 0.061904590433611607 -0.015743497567088139 0.99793384578489752 -0.001636090728271725 0.00027180812098972617 -0.01556740692950709 0.99987744507462772 0 0 0 0 0 0 10000 3000000 0 0 0 0 0 0
-1.036 -6.7169999999999996 0.17100000000000001 -1.036 -6.7169999999999996 0.17100000000000001 -4.1725700000000003 -18.127600000000001 -3.2564500000000001 -7.1515399999999998 -17.583200000000001 -2.8776299999999999 -1.036 -6.7169999999999996 0.17100000000000001 0.98891084688426789 -0.14851039328828219 0 0.58255519306603509 -0.045738015158146975 -0.049103216273416468 0.81001626844946384 0.22992996206878608 0.023182496175617073 -0.02929669516696649 0.9724898395697551 0 0 0 0 0 0 10000 3000000 0 0 0 0 0 0
3.8855000000000004 46.343499999999999 3.6414999999999997 3.8855000000000004 46.343499999999999 3.6414999999999997 -0.72408600000000001 20.819500000000001 20.0534 0.52038499999999999 27.9435 4.95716 3.8855000000000004 46.343499999999999 3.6414999999999997 0.0073455076744927848 0 0.99997302139457944 0.21948499141637892 -0.032405898732669816 -0.042176098350576757 0.97416496190234758 0.21947298684469299 -0.032509198051384428 -0.041718197499392956 0.97418394160698774 0 0 0 0 0 0 10000 3000000 0 0 0 0 0 0
-1.036 -6.7169999999999996 0.17100000000000001 3.8855000000000004 46.343499999999999 3.6414999999999997 -7.1515399999999998 -17.583200000000001 -2.8776299999999999 -0.72408600000000001 20.819500000000001 20.0534 -4.0410460610016319 -6.2657150598308844 0.17100000000000001 0.14851030491779924 0.9889102584370405 -0.00109091301582676 0.22992996206878608 0.023182496175617073 -0.02929669516696649 0.9724898395697551 0.21948499141637892 -0.032405898732669816 -0.042176098350576757 0.97416496190234758 0 0 0 0 0 0 10000 3000000 0 0 0 0 0 0
-1.036 -6.7169999999999996 0.17100000000000001 -1.036 -6.7169999999999996 0.17100000000000001 -4.16127 -18.219100000000001 -3.33487 -3.1438000000000001 -18.403600000000001 -3.4660600000000001 -1.036 -6.7169999999999996 0.17100000000000001 0.98891084688426789 -0.14851039328828219 0 0.58785104549565181 -0.045755203541139926 -0.049350803819414805 0.80616506239166408 0.0070325618171488283 0.062768816218880655 -0.015088003898600441 0.99788925784534044 0 0 0 0 0 0 10000 3000000 0 -1.2636319427000002 0 0 0 1
-4.4314999999999998 -7.2204999999999995 -24.9345 -4.4314999999999998 -7.2204999999999995 -24.9345 -4.4334499999999997 -7.2312599999999998 -28.2333 -4.4314999999999998 -7.2205000000000004 -24.9345 -4.4314999999999998 -7.2204999999999995 -24.9345 0 0 1 -0.0016350607940569086 0.00027053113138172886 -0.014908707240319154 0.99988748558901819 0 0 0 1 0 0 0 0 0 0 10000 3000000 0 0 0 0 0 0
-1.036 -6.7169999999999996 0.17100000000000001 -4.4314999999999998 -7.2204999999999995 -24.9345 -3.1438000000000001 -18.403600000000001 -3.4660600000000001 -4.4334499999999997 -7.2312599999999998 -28.2333 -4.2826653117216313 -6.2294297161484868 0.17100000000000001 0.14851039328828219 0.98891084688426789 -0 0.0070325618171488283 0.062768816218880655 -0.015088003898600441 0.99788925784534044 -0.0016350607940569086 0.00027053113138172886 -0.014908707240319154 0.99988748558901819 0 0 0 0 0 0 10000 3000000 0 0 0 0 0 0
-1.036 -6.7169999999999996 0.17100000000000001 -1.036 -6.7169999999999996 0.17100000000000001 -4.16127 -18.219100000000001 -3.33487 -7.1495499999999996 -17.677099999999999 -2.9495900000000002 -1.036 -6.7169999999999996 0.17100000000000001 0.98891084688426789 -0.14851039328828219 0 0.58785104549565181 -0.045755203541139926 -0.049350803819414805 0.80616506239166408 0.23175793327119709 0.023861893129574718 -0.028951891664039088 0.97204972012300384 0 0 0 0 0 0 10000 3000000 0 0 0 0 0 0
3.8855000000000004 46.343499999999999 3.6414999999999997 3.8855000000000004 46.343499999999999 3.6414999999999997 -0.77298 20.511099999999999 20.054400000000001 0.494365 27.693899999999999 4.9613300000000002 3.8855000000000004 46.343499999999999 3.6414999999999997 0.0073455076744927848 0 0.99997302139457944 0.22108604799054568 -0.032983307159596562 -0.042228109166340524 0.97378121137603268 0.2211179851872094 -0.032707797808890313 -0.043440197089922181 0.9737299347694055 0 0 0 0 0 0 10000 3000000 0 0 0 0 0 0
-1.036 -6.7169999999999996 0.17100000000000001 3.8855000000000004 46.343499999999999 3.6414999999999997 -7.1495499999999996 -17.677099999999999 -2.9495900000000002 -0.77298 20.511099999999999 20.054400000000001 -4.0410460610016319 -6.2657150598308844 0.17100000000000001 0.14851030491779924 0.9889102584370405 -0.00109091301582676 0.23175793327119709 0.023861893129574718 -0.028951891664039088 0.97204972012300384 0.22108604799054568 -0.032983307159596562 -0.042228109166340524 0.97378121137603268 0 0 0 0 0 0 10000 3000000 0 0 0 0 0 0
-1.036 -6.7169999999999996 0.17100000000000001 -1.036 -6.7169999999999996 0.17100000000000001 -4.1509200000000002 -18.3108 -3.41405 -3.1453199999999999 -18.491700000000002 -3.5454699999999999 -1.036 -6.7169999999999996 0.17100000000000001 0.98891084688426789 -0.14851039328828219 0 0.59311723597398724 -0.045760918206158366 -0.049591919730337143 0.80228331919152274 0.0071293634602927923 0.063624130880473792 -0.014405806991972057 0.99784448431169137 0 0 0 0 0 0 10000 3000000 0 -1.2767152708 0 0 0 1
-4.4314999999999998 -7.2204999999999995 -24.9345 -4.4314999999999998 -7.2204999999999995 -24.9345 -4.4334699999999998 -7.2315100000000001 -28.307700000000001 -4.4314999999999998 -7.2205000000000004 -24.9345 -4.4314999999999998 -7.2204999999999995 -24.9345 0 0 1 -0.0016354807754347272 0.00026944812775413728 -0.014223006743590949 0.99989747408397389 0 0 0 1 0 0 0 0 0 0 10000 3000000 0 0 0 0 0 0
-1.036 -6.7169999999999996 0.17100000000000001 -4.4314999999999998 -7.2204999999999995 -24.9345 -3.1453199999999999 -18.491700000000002 -3.5454699999999999 -4.4334699999999998 -7.2315100000000001 -28.307700000000001 -4.2826653117216313 -6.2294297161484868 0.17100000000000001 0.14851039328828219 0.98891084688426789 -0 0.0071293634602927923 0.063624130880473792 -0.014405806991972057 0.99784448431169137 -0.0016354807754347272 0.00026944812775413728 -0.014223006743590949 0.99989747408397389 0 0 0 0 0 0 10000 3000000 0 0 0 0 0 0
-1.036 -6.7169999999999996 0.17100000000000001 -1.036 -6.7169999999999996 0.17100000000000001 -4.1509200000000002 -18.3108 -3.41405 -7.1537699999999997 -17.770399999999999 -3.0215999999999998 -1.036 -6.7169999999999996 0.17100000000000001 0.98891084688426789 -0.14851039328828219 0 0.59311723597398724 -0.045760918206158366 -0.049591919730337143 0.80228331919152274 0.23360199463738479 0.024540399436645568 -0.028591499343647686 0.97160197769570611 0 0 0 0 0 0 10000 3000000 0 0 0 0 0 0
3.8855000000000004 46.343499999999999 3.6414999999999997 3.8855000000000004 46.343499999999999 3.6414999999999997 -0.82962499999999995 20.201899999999998 20.0549 0.46209099999999997 27.4437 4.9657099999999996 3.8855000000000004 46.343499999999999 3.6414999999999997 0.0073455076744927848 0 0.99997302139457944 0.22269404398995582 -0.033605306638237499 -0.042280408351877144 0.97339119227921311 0.22276999240977088 -0.032956998877087668 -0.045109698463020348 0.97326896683873654 0 0 0 0 0 0 10000 3000000 0 0 0 0 0 0
-1.036 -6.7169999999999996 0.17100000000000001 3.8855000000000004 46.343499999999999 3.6414999999999997 -7.1537699999999997 -17.770399999999999 -3.0215999999999998 -0.82962499999999995 20.201899999999998 20.0549 -4.0410460610016319 -6.2657150598308844 0.17100000000000001 0.14851030491779924 0.9889102584370405 -0.00109091301582676 0.23360199463738479 0.024540399436645568 -0.028591499343647686 0.97160197769570611 0.22269404398995582 -0.033605306638237499 -0.042280408351877144 0.97339119227921311 0 0 0 0 0 0 10000 3000000 0 0 0 0 0 0
-1.036 -6.7169999999999996 0.17100000000000001 -1.036 -6.7169999999999996 0.17100000000000001 -4.1396100000000002 -18.402000000000001 -3.4937 -3.1453000000000002 -18.5794 -3.6254200000000001 -1.036 -6.7169999999999996 0.17100000000000001 0.98891084688426789 -0.14851039328828219 0 0.59835990523812621 -0.045720692759243259 -0.04980549211233621 0.79836987356267597 0.0072228517191118202 0.064495515350585481 -0.013668803253313532 0.99779823748608032 0 0 0 0 0 0 10000 3000000 0 -1.2897986146000002 0 0 0 1
-4.4314999999999998 -7.2204999999999995 -24.9345 -4.4314999999999998 -7.2204999999999995 -24.9345 -4.4335000000000004 -7.2317600000000004 -28.3826 -4.4314999999999998 -7.2205000000000004 -24.9345 -4.4314999999999998 -7.2204999999999995 -24.9345 0 0 1 -0.0016364495656330527 0.00026836392876748364 -0.013482296421359959 0.99990773459196092 0 0 0 1 0 0 0 0 0 0 10000 3000000 0 0 0 0 0 0
-1.036 -6.7169999999999996 0.17100000000000001 -4.4314999999999998 -7.2204999999999995 -24.9345 -3.1453000000000002 -18.5794 -3.6254200000000001 -4.4335000000000004 -7.2317600000000004 -28.3826 -4.2826653117216313 -6.2294297161484868 0.17100000000000001 0.14851039328828219 0.98891084688426789 -0 0.0072228517191118202 0.064495515350585481 -0.013668803253313532 0.99779823748608032 -0.0016364495656330527 0.00026836392876748364 -0.013482296421359959 0.99990773459196092 0 0 0 0 0 0 10000 3000000 0 0 0 0 0 0
-1.036 -6.7169999999999996 0.17100000000000001 -1.036 -6.7169999999999996 0.17100000000000001 -4.1396100000000002 -18.402000000000001 -3.4937 -7.1634000000000002 -17.862400000000001 -3.09314 -1.036 -6.7169999999999996 0.17100000000000001 0.98891084688426789 -0.14851039328828219 0 0.59835990523812621 -0.045720692759243259 -0.04980549211233621 0.79836987356267597 0.23545702260476997 0.025242202423347467 -0.02818160270554108 0.97114809323391171 0 0 0 0 0 0 10000 3000000 0 0 0 0 0 0
3.8855000000000004 46.343499999999999 3.6414999999999997 3.8855000000000004 46.343499999999999 3.6414999999999997 -0.89555200000000001 19.893599999999999 20.055499999999999 0.42231200000000002 27.194400000000002 4.9704100000000002 3.8855000000000004 46.343499999999999 3.6414999999999997 0.0073455076744927848 0 0.99997302139457944 0.22430104824252212 -0.034285607374125913 -0.042308009099578804 0.9729972092716006 0.22442094809336621 -0.033270992304705836 -0.046702189198185584 0.97280377499885939 0 0 0 0 0 0 10000 3000000 0 0 0 0 0 0
-1.036 -6.7169999999999996 0.17100000000000001 3.8855000000000004 46.343499999999999 3.6414999999999997 -7.1634000000000002 -17.862400000000001 -3.09314 -0.89555200000000001 19.893599999999999 20.055499999999999 -4.0410460610016319 -6.2657150598308844 0.17100000000000001 0.14851030491779924 0.9889102584370405 -0.00109091301582676 0.23545702260476997 0.025242202423347467 -0.02818160270554108 0.97114809323391171 0.22430104824252212 -0.034285607374125913 -0.042308009099578804 0.9729972092716006 0 0 0 0 0 0 10000 3000000 0 0 0 0 0 0
-1.036 -6.7169999999999996 0.17100000000000001 -1.036 -6.7169999999999996 0.17100000000000001 -4.1264200000000004 -18.447399999999998 -3.5335899999999998 -3.1393200000000001 -18.622199999999999 -3.66527 -1.036 -6.7169999999999996 0.17100000000000001 0.98891084688426789 -0.14851039328828219 0 0.60098899078825718 -0.045523199302236798 -0.049725199237830052 0.7964089877929299 0.0072626486657370939 0.064965488064817001 -0.013044497603520413 0.99777581669287307 0 0 0 0 0 0 10000 3000000 0 -1.2963402708 0 0 0 1
-4.4314999999999998 -7.2204999999999995 -24.9345 -4.4314999999999998 -7.2204999999999995 -24.9345 -4.4335100000000001 -7.2318699999999998 -28.419599999999999 -4.4314999999999998 -7.2205000000000004 -24.9345 -4.4314999999999998 -7.2204999999999995 -24.9345 0 0 1 -0.0016346299841525328 0.00026701299741135323 -0.012855699875366116 0.99991599030598 0 0 0 1 0 0 0 0 0 0 10000 3000000 0 0 0 0 0 0
-1.036 -6.7169999999999996 0.17100000000000001 -4.4314999999999998 -7.2204999999999995 -24.9345 -3.1393200000000001 -18.622199999999999 -3.66527 -4.4335100000000001 -7.2318699999999998 -28.419599999999999 -4.2826653117216313 -6.2294297161484868 0.17100000000000001 0.14851039328828219 0.98891084688426789 -0 0.0072626486657370939 0.064965488064817001 -0.013044497603520413 0.99777581669287307 -0.0016346299841525328 0.00026701299741135323 -0.012855699875366116 0.99991599030598 0 0 0 0 0 0 10000 3000000 0 0 0 0 0 0
-1.036 -6.7169999999999996 0.17100000000000001 -1.036 -6.7169999999999996 0.17100000000000001 -4.1264200000000004 -18.447399999999998 -3.5335899999999998 -7.1627099999999997 -17.909500000000001 -3.1285599999999998 -1.036 -6.7169999999999996 0.17100000000000001 0.98891084688426789 -0.14851039328828219 0 0.60098899078825718 -0.045523199302236798 -0.049725199237830052 0.7964089877929299 0.23642606339693631 0.025672106883898083 -0.027733707436710057 0.97091426034773254 0 0 0 0 0 0 10000 3000000 0 0 0 0 0 0
3.8855000000000004 46.343499999999999 3.6414999999999997 3.8855000000000004 46.343499999999999 3.6414999999999997 -0.94214100000000001 19.740400000000001 20.059699999999999 0.39094000000000001 27.0732 4.9737299999999998 3.8855000000000004 46.343499999999999 3.6414999999999997 0.0073455076744927848 0 0.99997302139457944 0.22512694896875915 -0.034725492128508111 -0.042125190451162114 0.97279877948828852 0.22527000404225286 -0.033526800601606094 -0.047296300848686482 0.97257001745183058 0 0 0 0 0 0 10000 3000000 0 0 0 0 0 0
-1.036 -6.7169999999999996 0.17100000000000001 3.8855000000000004 46.343499999999999 3.6414999999999997 -7.1627099999999997 -17.909500000000001 -3.1285599999999998 -0.94214100000000001 19.740400000000001 20.059699999999999 -4.0410460610016319 -6.2657150598308844 0.17100000000000001 0.14851030491779924 0.9889102584370405 -0.00109091301582676 0.23642606339693631 0.025672106883898083 -0.027733707436710057 0.97091426034773254 0.22512694896875915 -0.034725492128508111 -0.042125190451162114 0.97279877948828852 0 0 0 0 0 0 10000 3000000 0 0 0 0 0 0
-1.036 -6.7169999999999996 0.17100000000000001 -1.036 -6.7169999999999996 0.17100000000000001 -4.1107300000000002 -18.590299999999999 -3.66364 -3.1364299999999998 -18.760300000000001 -3.79623 -1.036 -6.7169999999999996 0.17100000000000001 0.98891084688426789 -0.14851039328828219 0 0.60929273018334995 -0.045438079878390325 -0.049971777870706419 0.79006365013151014 0.0073803780270261512 0.066299982276228839 -0.011793996847146953 0.99770273328718473 0 0 0 0 0 0 10000 3000000 0 -1.3172736145999999 0 0 0 1
-4.4314999999999998 -7.2204999999999995 -24.9345 -4.4314999999999998 -7.2204999999999995 -24.9345 -4.4335599999999999 -7.2323300000000001 -28.543099999999999 -4.4314999999999998 -7.2205000000000004 -24.9345 -4.4314999999999998 -7.2204999999999995 -24.9345 0 0 1 -0.0016426105833629594 0.00026619609453789174 -0.011598104118994732 0.999931355119418 0 0 0 1 0 0 0 0 0 0 10000 3000000 0 0 0 0 0 0
-1.036 -6.7169999999999996 0.17100000000000001 -4.4314999999999998 -7.2204999999999995 -24.9345 -3.1364299999999998 -18.760300000000001 -3.79623 -4.4335599999999999 -7.2323300000000001 -28.543099999999999 -4.2826653117216313 -6.2294297161484868 0.17100000000000001 0.14851039328828219 0.98891084688426789 -0 0.0073803780270261512 0.066299982276228839 -0.011793996847146953 0.99770273328718473 -0.0016426105833629594 0.00026619609453789174 -0.011598104118994732 0.999931355119418 0 0 0 0 0 0 10000 3000000 0 0 0 0 0 0
-1.036 -6.7169999999999996 0.17100000000000001 -1.036 -6.7169999999999996 0.17100000000000001 -4.1107300000000002 -18.590299999999999 -3.66364 -7.1927700000000003 -18.052600000000002 -3.2442199999999999 -1.036 -6.7169999999999996 0.17100000000000001 0.98891084688426789 -0.14851039328828219 0 0.60929273018334995 -0.045438079878390325 -0.049971777870706419 0.79006365013151014 0.23942091532693124 0.026748190540294387 -0.026966190463197016 0.97017265689089449 0 0 0 0 0 0 10000 3000000 0 0 0 0 0 0
3.8855000000000004 46.343499999999999 3.6414999999999997 3.8855000000000004 46.343499999999999 3.6414999999999997 -1.0722499999999999 19.251200000000001 20.059100000000001 0.30692999999999998 26.679200000000002 4.9805999999999999 3.8855000000000004 46.343499999999999 3.6414999999999997 0.0073455076744927848 0 0.99997302139457944 0.22771493568945259 -0.03595418984592897 -0.042098488110675271 0.97215272544763598 0.22793203248683577 -0.034180804871742604 -0.049655407077316152 0.9718091385106058 0 0 0 0 0 0 10000 3000000 0 0 0 0 0 0
-1.036 -6.7169999999999996 0.17100000000000001 3.8855000000000004 46.343499999999999 3.6414999999999997 -7.1927700000000003 -18.052600000000002 -3.2442199999999999 -1.0722499999999999 19.251200000000001 20.059100000000001 -4.0410460610016319 -6.2657150598308844 0.17100000000000001 0.14851030491779924 0.9889102584370405 -0.00109091301582676 0.23942091532693124 0.026748190540294387 -0.026966190463197016 0.97017265689089449 0.22771493568945259 -0.03595418984592897 -0.042098488110675271 0.97215272544763598 0 0 0 0 0 0 10000 3000000 0 0 0 0 0 0
-1.036 -6.7169999999999996 0.17100000000000001 -1.036 -6.7169999999999996 0.17100000000000001 -4.0905899999999997 -18.6953 -3.7633000000000001 -3.1257799999999998 -18.8611 -3.8967900000000002 -1.036 -6.7169999999999996 0.17100000000000001 0.98891084688426789 -0.14851039328828219 0 0.61569579524442508 -0.045143184987198444 -0.050054583353865541 0.78509573890883999 0.0074664123011938047 0.06740442077445355 -0.010522503243099671 0.99764230747944327 0 0 0 0 0 0 10000 3000000 0 -1.3334969427000001 0 0 0 1
-4.4314999999999998 -7.2204999999999995 -24.9345 -4.4314999999999998 -7.2204999999999995 -24.9345 -4.4335800000000001 -7.2326699999999997 -28.6372 -4.4314999999999998 -7.2205000000000004 -24.9345 -4.4314999999999998 -7.2204999999999995 -24.9345 0 0 1 -0.0016456505827070927 0.00026453109366760241 -0.010320403654343438 0.99994535406984697 0 0 0 1 0 0 0 0 0 0 10000 3000000 0 0 0 0 0 0
-1.036 -6.7169999999999996 0.17100000000000001 -4.4314999999999998 -7.2204999999999995 -24.9345 -3.1257799999999998 -18.8611 -3.8967900000000002 -4.4335800000000001 -7.2326699999999997 -28.6372 -4.2826653117216313 -6.2294297161484868 0.17100000000000001 0.14851039328828219 0.98891084688426789 -0 0.0074664123011938047 0.06740442077445355 -0.010522503243099671 0.99764230747944327 -0.0016456505827070927 0.00026453109366760241 -0.010320403654343438 0.99994535406984697 0 0 0 0 0 0 10000 3000000 0 0 0 0 0 0
-1.036 -6.7169999999999996 0.17100000000000001 -1.036 -6.7169999999999996 0.17100000000000001 -4.0905899999999997 -18.6953 -3.7633000000000001 -7.21469 -18.158200000000001 -3.33108 -1.036 -6.7169999999999996 0.17100000000000001 0.98891084688426789 -0.14851039328828219 0 0.61569579524442508 -0.045143184987198444 -0.050054583353865541 0.78509573890883999 0.24169892309464761 0.027742691172648128 -0.026163591675096388 0.96960169148575914 0 0 0 0 0 0 10000 3000000 0 0 0 0 0 0
3.8855000000000004 46.343499999999999 3.6414999999999997 3.8855000000000004 46.343499999999999 3.6414999999999997 -1.1855199999999999 18.881499999999999 20.055399999999999 0.22920099999999999 26.377800000000001 4.9896099999999999 3.8855000000000004 46.343499999999999 3.6414999999999997 0.0073455076744927848 0 0.99997302139457944 0.22965289097298419 -0.036957282454641867 -0.041926680095435355 0.9716665387042478 0.22992690967044341 -0.034762786343020574 -0.051192879888260372 0.97123861843720749 0 0 0 0 0 0 10000 3000000 0 0 0 0 0 0
-1.036 -6.7169999999999996 0.17100000000000001 3.8855000000000004 46.343499999999999 3.6414999999999997 -7.21469 -18.158200000000001 -3.33108 -1.1855199999999999 18.881499999999999 20.055399999999999 -4.0410460610016319 -6.2657150598308844 0.17100000000000001 0.14851030491779924 0.9889102584370405 -0.00109091301582676 0.24169892309464761 0.027742691172648128 -0.026163591675096388 0.96960169148575914 0.22965289097298419 -0.036957282454641867 -0.041926680095435355 0.9716665387042478 0 0 0 0 0 0 10000 3000000 0 0 0 0 0 0
-1.036 -6.7169999999999996 0.17100000000000001 -1.036 -6.7169999999999996 0.17100000000000001 -4.0714800000000002 -18.785499999999999 -3.8532999999999999 -3.1144699999999998 -18.947700000000001 -3.9875799999999999 -1.036 -6.7169999999999996 0.17100000000000001 0.98891084688426789 -0.14851039328828219 0 0.62132104492562013 -0.044852303243118119 -0.05008930362178788 0.78066605644731812 0.0075361125793156928 0.068375523402259275 -0.0093536632013919672 0.99758734143501138 0 0 0 0 0 0 10000 3000000 0 -1.3478362708000002 0 0 0 1
-4.4314999999999998 -7.2204999999999995 -24.9345 -4.4314999999999998 -7.2204999999999995 -24.9345 -4.4336099999999998 -7.2329699999999999 -28.7224 -4.4314999999999998 -7.2205000000000004 -24.9345 -4.4314999999999998 -7.2204999999999995 -24.9345 0 0 1 -0.0016483396404562293 0.00026297794263798618 -0.0091459380050440096 0.9999567818846169 0 0 0 1 0 0 0 0 0 0 10000 3000000 0 0 0 0 0 0
-1.036 -6.7169999999999996 0.17100000000000001 -4.4314999999999998 -7.2204999999999995 -24.9345 -3.1144699999999998 -18.947700000000001 -3.9875799999999999 -4.4336099999999998 -7.2329699999999999 -28.7224 -4.2826653117216313 -6.2294297161484868 0.17100000000000001 0.14851039328828219 0.98891084688426789 -0 0.0075361125793156928 0.068375523402259275 -0.0093536632013919672 0.99758734143501138 -0.0016483396404562293 0.00026297794263798618 -0.0091459380050440096 0.9999567818846169 0 0 0 0 0 0 10000 3000000 0 0 0 0 0 0
-1.036 -6.7169999999999996 0.17100000000000001 -1.036 -6.7169999999999996 0.17100000000000001 -4.0714800000000002 -18.785499999999999 -3.8532999999999999 -7.2143199999999998 -18.252700000000001 -3.4123100000000002 -1.036 -6.7169999999999996 0.17100000000000001 0.98891084688426789 -0.14851039328828219 0 0.62132104492562013 -0.044852303243118119 -0.05008930362178788 0.78066605644731812 0.24354097026873939 0.028652196502165855 -0.025385596900949371 0.96913488168889317 0 0 0 0 0 0 10000 3000000 0 0 0 0 0 0
3.8855000000000004 46.343499999999999 3.6414999999999997 3.8855000000000004 46.343499999999999 3.6414999999999997 -1.26694 18.568000000000001 20.036200000000001 0.16559399999999999 26.108599999999999 5.0058699999999998 3.8855000000000004 46.343499999999999 3.6414999999999997 0.0073455076744927848 0 0.99997302139457944 0.23125301822079025 -0.037542202958009419 -0.041634903280479738 0.97127707652845363 0.2315619356012939 -0.035093290240354152 -0.051898685566677059 0.97080073001473366 0 0 0 0 0 0 10000 3000000 0 0 0 0 0 0
-1.036 -6.7169999999999996 0.17100000000000001 3.8855000000000004 46.343499999999999 3.6414999999999997 -7.2143199999999998 -18.252700000000001 -3.4123100000000002 -1.26694 18.568000000000001 20.036200000000001 -4.0410460610016319 -6.2657150598308844 0.17100000000000001 0.14851030491779924 0.9889102584370405 -0.00109091301582676 0.24354097026873939 0.028652196502165855 -0.025385596900949371 0.96913488168889317 0.23125301822079025 -0.037542202958009419 -0.041634903280479738 0.97127707652845363 0 0 0 0 0 0 10000 3000000 0 0 0 0 0 0
-1.036 -6.7169999999999996 0.17100000000000001 -1.036 -6.7169999999999996 0.17100000000000001 -4.04556 -18.869499999999999 -3.9398499999999999 -3.0975700000000002 -19.0276 -4.0746599999999997 -1.036 -6.7169999999999996 0.17100000000000001 0.98891084688426789 -0.14851039328828219 0 0.62663413848280747 -0.044407109813734774 -0.049967711042598034 0.77644117158936399 0.0075902595326152482 0.069312795731931998 -0.0080103495067474044 0.99753393857493933 0 0 0 0 0 0 10000 3000000 0 -1.3614220146 0 0 0 1
-4.4314999999999998 -7.2204999999999995 -24.9345 -4.4314999999999998 -7.2204999999999995 -24.9345 -4.4336200000000003 -7.2332400000000003 -28.803899999999999 -4.4314999999999998 -7.2205000000000004 -24.9345 -4.4314999999999998 -7.2204999999999995 -24.9345 0 0 1 -0.0016489203481279847 0.00026078905505903804 -0.0077967816460939934 0.9999682111180922 0 0 0 1 0 0 0 0 0 0 10000 3000000 0 0 0 0 0 0
-1.036 -6.7169999999999996 0.17100000000000001 -4.4314999999999998 -7.2204999999999995 -24.9345 -3.0975700000000002 -19.0276 -4.0746599999999997 -4.4336200000000003 -7.2332400000000003 -28.803899999999999 -4.2826653117216313 -6.2294297161484868 0.17100000000000001 0.14851039328828219 0.98891084688426789 -0 0.0075902595326152482 0.069312795731931998 -0.0080103495067474044 0.99753393857493933 -0.0016489203481279847 0.00026078905505903804 -0.0077967816460939934 0.9999682111180922 0 0 0 0 0 0 10000 3000000 0 0 0 0 0 0
-1.036 -6.7169999999999996 0.17100000000000001 -1.036 -6.7169999999999996 0.17100000000000001 -4.04556 -18.869499999999999 -3.9398499999999999 -7.1061699999999997 -18.359000000000002 -3.5046200000000001 -1.036 -6.7169999999999996 0.17100000000000001 0.98891084688426789 -0.14851039328828219 0 0.62663413848280747 -0.044407109813734774 -0.049967711042598034 0.77644117158936399 0.2452961271194892 0.029591115334964765 -0.02442871265965962 0.96868850200216783 0 0 0 0 0 0 10000 3000000 0 0 0 0 0 0
3.8855000000000004 46.343499999999999 3.6414999999999997 3.8855000000000004 46.343499999999999 3.6414999999999997 -1.23746 18.290800000000001 20.021699999999999 0.18482299999999999 25.896599999999999 4.9943900000000001 3.8855000000000004 46.343499999999999 3.6414999999999997 0.0073455076744927848 0 0.99997302139457944 0.23294193601795785 -0.037267789763675285 -0.04095888874984302 0.97091273331989725 0.23327299735050164 -0.034581899607221203 -0.0521294994079168 0.97039698897829896 0 0 0 0 0 0 10000 3000000 0 0 0 0 0 0
-1.036 -6.7169999999999996 0.17100000000000001 3.8855000000000004 46.343499999999999 3.6414999999999997 -7.1061699999999997 -18.359000000000002 -3.5046200000000001 -1.23746 18.290800000000001 20.021699999999999 -4.0410460610016319 -6.2657150598308844 0.17100000000000001 0.14851030491779924 0.9889102584370405 -0.00109091301582676 0.2452961271194892 0.029591115334964765 -0.02442871265965962 0.96868850200216783 0.23294193601795785 -0.037267789763675285 -0.04095888874984302 0.97091273331989725 0 0 0 0 0 0 10000 3000000 0 0 0 0 0 0
-1.036 -6.7169999999999996 0.17100000000000001 -1.036 -6.7169999999999996 0.17100000000000001 -4.0472999999999999 -18.964500000000001 -4.02982 -3.0989599999999999 -19.120999999999999 -4.1658600000000003 -1.036 -6.7169999999999996 0.17100000000000001 0.98891084688426789 -0.14851039328828219 0 0.6317606088460519 -0.044469672466646841 -0.050007669037801808 0.77226952185009912 0.0075894526649105017 0.069862924531207918 -0.0073907525951402656 0.9975003502557136 0 0 0 0 0 0 10000 3000000 0 -1.3747063027000002 0 0 0 1
-4.4314999999999998 -7.2204999999999995 -24.9345 -4.4314999999999998 -7.2204999999999995 -24.9345 -4.4336799999999998 -7.2337100000000003 -28.8933 -4.4314999999999998 -7.2205000000000004 -24.9345 -4.4314999999999998 -7.2204999999999995 -24.9345 0 0 1 -0.0016702997620321699 0.00026306596252095719 -0.0071711289783282974 0.99997285753373355 0 0 0 1 0 0 0 0 0 0 10000 3000000 0 0 0 0 0 0
-1.036 -6.7169999999999996 0.17100000000000001 -4.4314999999999998 -7.2204999999999995 -24.9345 -3.0989599999999999 -19.120999999999999 -4.1658600000000003 -4.4336799999999998 -7.2337100000000003 -28.8933 -4.2826653117216313 -6.2294297161484868 0.17100000000000001 0.14851039328828219 0.98891084688426789 -0 0.0075894526649105017 0.069862924531207918 -0.0073907525951402656 0.9975003502557136 -0.0016702997620321699 0.00026306596252095719 -0.0071711289783282974 0.99997285753373355 0 0 0 0 0 0 10000 3000000 0 0 0 0 0 0
-1.036 -6.7169999999999996 0.17100000000000001 -1.036 -6.7169999999999996 0.17100000000000001 -4.0472999999999999 -18.964500000000001 -4.02982 -6.9990899999999998 -18.477599999999999 -3.6063900000000002 -1.036 -6.7169999999999996 0.17100000000000001 0.98891084688426789 -0.14851039328828219 0 0.6317606088460519 -0.044469672466646841 -0.050007669037801808 0.77226952185009912 0.24719405176915737 0.030078406299236325 -0.02385530499594966 0.96820520276850175 0 0 0 0 0 0 10000 3000000 0 0 0 0 0 0
3.8855000000000004 46.343499999999999 3.6414999999999997 3.8855000000000004 46.343499999999999 3.6414999999999997 -1.18232 18.0032 20.017600000000002 0.235069 25.699200000000001 4.9595000000000002 3.8855000000000004 46.343499999999999 3.6414999999999997 0.0073455076744927848 0 0.99997302139457944 0.23483691103942581 -0.036977485992243 -0.040568584631868278 0.97048363236281388 0.2352040636611637 -0.033930009183616286 -0.053134014381440255 0.9698992625163646 0 0 0 0 0 0 10000 3000000 0 0 0 0 0 0
-1.036 -6.7169999999999996 0.17100000000000001 3.8855000000000004 46.343499999999999 3.6414999999999997 -6.9990899999999998 -18.477599999999999 -3.6063900000000002 -1.18232 18.0032 20.017600000000002 -4.0410460610016319 -6.2657150598308844 0.17100000000000001 0.14851030491779924 0.9889102584370405 -0.00109091301582676 0.24719405176915737 0.030078406299236325 -0.02385530499594966 0.96820520276850175 0.23483691103942581 -0.036977485992243 -0.040568584631868278 0.97048363236281388 0 0 0 0 0 0 10000 3000000 0 0 0 0 0 0
-1.036 -6.7169999999999996 0.17100000000000001 -1.036 -6.7169999999999996 0.17100000000000001 -3.97729 -19.025200000000002 -4.1114100000000002 -3.0511499999999998 -19.1738 -4.2466200000000001 -1.036 -6.7169999999999996 0.17100000000000001 0.98891084688426789 -0.14851039328828219 0 0.63692397978419246 -0.043162098630045803 -0.04945529843030122 0.76812697561984222 0.0076849103100018268 0.071217002872824814 -0.0049334401990101919 0.99741904023491657 0 0 0 0 0 0 10000 3000000 0 -1.3878700147999998 0 0 0 1
-4.4314999999999998 -7.2204999999999995 -24.9345 -4.4314999999999998 -7.2204999999999995 -24.9345 -4.4336099999999998 -7.2337199999999999 -28.964099999999998 -4.4314999999999998 -7.2205000000000004 -24.9345 -4.4314999999999998 -7.2204999999999995 -24.9345 0 0 1 -0.0016414992425539117 0.00025442088260116283 -0.0047078078276501555 0.99998753857021083 0 0 0 1 0 0 0 0 0 0 10000 3000000 0 0 0 0 0 0
-1.036 -6.7169999999999996 0.17100000000000001 -4.4314999999999998 -7.2204999999999995 -24.9345 -3.0511499999999998 -19.1738 -4.2466200000000001 -4.4336099999999998 -7.2337199999999999 -28.964099999999998 -4.2826653117216313 -6.2294297161484868 0.17100000000000001 0.14851039328828219 0.98891084688426789 -0 0.0076849103100018268 0.071217002872824814 -0.0049334401990101919 0.99741904023491657 -0.0016414992425539117 0.00025442088260116283 -0.0047078078276501555 0.99998753857021083 0 0 0 0 0 0 10000 3000000 0 0 0 0 0 0
-1.036 -6.7169999999999996 0.17100000000000001 -1.036 -6.7169999999999996 0.17100000000000001 -3.97729 -19.025200000000002 -4.1114100000000002 -6.7724500000000001 -18.576699999999999 -3.7033299999999998 -1.036 -6.7169999999999996 0.17100000000000001 0.98891084688426789 -0.14851039328828219 0 0.63692397978419246 -0.043162098630045803 -0.04945529843030122 0.76812697561984222 0.24927408345922805 0.031511310550273085 -0.02216650742154809 0.96766632398347752 0 0 0 0 0 0 10000 3000000 0 0 0 0 0 0
3.8855000000000004 46.343499999999999 3.6414999999999997 3.8855000000000004 46.343499999999999 3.6414999999999997 -1.07172 17.756499999999999 20.037600000000001 0.32403300000000002 25.576499999999999 4.8997400000000004 3.8855000000000004 46.343499999999999 3.6414999999999997 0.0073455076744927848 0 0.99997302139457944 0.23689196026634696 -0.036274993915631326 -0.039200193424990516 0.97006683729165366 0.23729095740248743 -0.03281869410852082 -0.0533204904281213 0.96941882597385476 0 0 0 0 0 0 10000 3000000 0 0 0 0 0 0
-1.036 -6.7169999999999996 0.17100000000000001 3.8855000000000004 46.343499999999999 3.6414999999999997 -6.7724500000000001 -18.576699999999999 -3.7033299999999998 -1.07172 17.756499999999999 20.037600000000001 -4.0410460610016319 -6.2657150598308844 0.17100000000000001 0.14851030491779924 0.9889102584370405 -0.00109091301582676 0.24927408345922805 0.031511310550273085 -0.02216650742154809 0.96766632398347752 0.23689196026634696 -0.036274993915631326 -0.039200193424990516 0.97006683729165366 0 0 0 0 0 0 10000 3000000 0 0 0 0 0 0
-1.036 -6.7169999999999996 0.17100000000000001 -1.036 -6.7169999999999996 0.17100000000000001 -3.94781 -19.1036 -4.2029699999999997 -3.0297999999999998 -19.248200000000001 -4.3384200000000002 -1.036 -6.7169999999999996 0.17100000000000001 0.98891084688426789 -0.14851039328828219 0 0.6419603617818711 -0.04272262407667482 -0.049209227732251941 0.76396343053767146 0.0077021370097529853 0.071988072051637444 -0.0035000086411705769 0.99736961278519154 0 0 0 0 0 0 10000 3000000 0 -1.4009855122000001 0 0 0 1
-4.4314999999999998 -7.2204999999999995 -24.9345 -4.4314999999999998 -7.2204999999999995 -24.9345 -4.4336200000000003 -7.234 -29.051400000000001 -4.4314999999999998 -7.2205000000000004 -24.9345 -4.4314999999999998 -7.2204999999999995 -24.9345 0 0 1 -0.0016404604611286622 0.00025184307079235442 -0.0032685209187717193 0.99999328109520147 0 0 0 1 0 0 0 0 0 0 10000 3000000 0 0 0 0 0 0
-1.036 -6.7169999999999996 0.17100000000000001 -4.4314999999999998 -7.2204999999999995 -24.9345 -3.0297999999999998 -19.248200000000001 -4.3384200000000002 -4.4336200000000003 -7.234 -29.051400000000001 -4.2826653117216313 -6.2294297161484868 0.17100000000000001 0.14851039328828219 0.98891084688426789 -0 0.0077021370097529853 0.071988072051637444 -0.0035000086411705769 0.99736961278519154 -0.0016404604611286622 0.00025184307079235442 -0.0032685209187717193 0.99999328109520147 0 0 0 0 0 0 10000 3000000 0 0 0 0 0 0
-1.036 -6.7169999999999996 0.17100000000000001 -1.036 -6.7169999999999996 0.17100000000000001 -3.94781 -19.1036 -4.2029699999999997 -6.6214300000000001 -18.682500000000001 -3.8085 -1.036 -6.7169999999999996 0.17100000000000001 0.98891084688426789 -0.14851039328828219 0 0.6419603617818711 -0.04272262407667482 -0.049209227732251941 0.76396343053767146 0.25131207302549241 0.032272509377646932 -0.021123606138032772 0.96713728102778895 0 0 0 0 0 0 10000 3000000 0 0 0 0 0 0
3.8855000000000004 46.343499999999999 3.6414999999999997 3.8855000000000004 46.343499999999999 3.6414999999999997 -1.00146 17.485900000000001 20.0427 0.38373800000000002 25.4161 4.8510900000000001 3.8855000000000004 46.343499999999999 3.6414999999999997 0.0073455076744927848 0 0.99997302139457944 0.23893400393840417 -0.035855500591014465 -0.038387300632746708 0.96961401598237096 0.23936292120254718 -0.032022689458240446 -0.053903582255125579 0.96890368104023084 0 0 0 0 0 0 10000 3000000 0 0 0 0 0 0
-1.036 -6.7169999999999996 0.17100000000000001 3.8855000000000004 46.343499999999999 3.6414999999999997 -6.6214300000000001 -18.682500000000001 -3.8085 -1.00146 17.485900000000001 20.0427 -4.0410460610016319 -6.2657150598308844 0.17100000000000001 0.14851030491779924 0.9889102584370405 -0.00109091301582676 0.25131207302549241 0.032272509377646932 -0.021123606138032772 0.96713728102778895 0.23893400393840417 -0.035855500591014465 -0.038387300632746708 0.96961401598237096 0 0 0 0 0 0 10000 3000000 0 0 0 0 0 0
-1.036 -6.7169999999999996 0.17100000000000001 -1.036 -6.7169999999999996 0.17100000000000001 -3.9166799999999999 -19.177900000000001 -4.2938200000000002 -3.0078100000000001 -19.3184 -4.42943 -1.036 -6.7169999999999996 0.17100000000000001 0.98891084688426789 -0.14851039328828219 0 0.64696817678255159 -0.042229611539143272 -0.049016613393675766 0.75976720760462479 0.0077327090815267939 0.072820891350503819 -0.0020830997525742548 0.99731288154149467 0 0 0 0 0 0 10000 3000000 0 -1.4140816986 0 0 0 1
-4.4314999999999998 -7.2204999999999995 -24.9345 -4.4314999999999998 -7.2204999999999995 -24.9345 -4.4336200000000003 -7.2342599999999999 -29.1373 -4.4314999999999998 -7.2205000000000004 -24.9345 -4.4314999999999998 -7.2204999999999995 -24.9345 0 0 1 -0.0016369898783302117 0.00024892698149842372 -0.0018457898628110869 0.99999692567491349 0 0 0 1 0 0 0 0 0 0 10000 3000000 0 0 0 0 0 0
-1.036 -6.7169999999999996 0.17100000000000001 -4.4314999999999998 -7.2204999999999995 -24.9345 -3.0078100000000001 -19.3184 -4.42943 -4.4336200000000003 -7.2342599999999999 -29.1373 -4.2826653117216313 -6.2294297161484868 0.17100000000000001 0.14851039328828219 0.98891084688426789 -0 0.0077327090815267939 0.072820891350503819 -0.0020830997525742548 0.99731288154149467 -0.0016369898783302117 0.00024892698149842372 -0.0018457898628110869 0.99999692567491349 0 0 0 0 0 0 10000 3000000 0 0 0 0 0 0
-1.036 -6.7169999999999996 0.17100000000000001 -1.036 -6.7169999999999996 0.17100000000000001 -3.9166799999999999 -19.177900000000001 -4.2938200000000002 -6.46746 -18.7835 -3.9132199999999999 -1.036 -6.7169999999999996 0.17100000000000001 0.98891084688426789 -0.14851039328828219 0 0.64696817678255159 -0.042229611539143272 -0.049016613393675766 0.75976720760462479 0.25343889771466666 0.033078386649903244 -0.020104791885912701 0.96657660989961813 0 0 0 0 0 0 10000 3000000 0 0 0 0 0 0
3.8855000000000004 46.343499999999999 3.6414999999999997 3.8855000000000004 46.343499999999999 3.6414999999999997 -0.92339000000000004 17.2165 20.054500000000001 0.44923999999999997 25.269500000000001 4.7949400000000004 3.8855000000000004 46.343499999999999 3.6414999999999997 0.0073455076744927848 0 0.99997302139457944 0.24107411394943362 -0.035334316701608103 -0.037592017768764398 0.96913445808453169 0.2415290044426302 -0.031127700572555927 -0.05446040100173237 0.96836401781186998 0 0 0 0 0 0 10000 3000000 0 0 0 0 0 0
-1.036 -6.7169999999999996 0.17100000000000001 3.8855000000000004 46.343499999999999 3.6414999999999997 -6.46746 -18.7835 -3.9132199999999999 -0.92339000000000004 17.2165 20.054500000000001 -4.0410460610016319 -6.2657150598308844 0.17100000000000001 0.14851030491779924 0.9889102584370405 -0.00109091301582676 0.25343889771466666 0.033078386649903244 -0.020104791885912701 0.96657660989961813 0.24107411394943362 -0.035334316701608103 -0.037592017768764398 0.96913445808453169 0 0 0 0 0 0 10000 3000000 0 0 0 0 0 0
-1.036 -6.7169999999999996 0.17100000000000001 -1.036 -6.7169999999999996 0.17100000000000001 -3.8827699999999998 -19.247900000000001 -4.38605 -2.98298 -19.3843 -4.5217900000000002 -1.036 -6.7169999999999996 0.17100000000000001 0.98891084688426789 -0.14851039328828219 0 0.6519457101240026 -0.041697081460138646 -0.04880487829978393 0.75554366406102558 0.0077596323545729212 0.073643022346144546 -0.00059101617933719384 0.99725430260557058 0 0 0 0 0 0 10000 3000000 0 -1.4271701763 0 0 0 1
-4.4314999999999998 -7.2204999999999995 -24.9345 -4.4314999999999998 -7.2204999999999995 -24.9345 -4.4336099999999998 -7.2344900000000001 -29.224399999999999 -4.4314999999999998 -7.2205000000000004 -24.9345 -4.4314999999999998 -7.2204999999999995 -24.9345 0 0 1 -0.0016306093149484593 0.00024545789687823507 -0.00034799485380041152 0.99999857988062402 0 0 0 1 0 0 0 0 0 0 10000 3000000 0 0 0 0 0 0
-1.036 -6.7169999999999996 0.17100000000000001 -4.4314999999999998 -7.2204999999999995 -24.9345 -2.98298 -19.3843 -4.5217900000000002 -4.4336099999999998 -7.2344900000000001 -29.224399999999999 -4.2826653117216313 -6.2294297161484868 0.17100000000000001 0.14851039328828219 0.98891084688426789 -0 0.0077596323545729212 0.073643022346144546 -0.00059101617933719384 0.99725430260557058 -0.0016306093149484593 0.00024545789687823507 -0.00034799485380041152 0.99999857988062402 0 0 0 0 0 0 10000 3000000 0 0 0 0 0 0
-1.036 -6.7169999999999996 0.17100000000000001 -1.036 -6.7169999999999996 0.17100000000000001 -3.8827699999999998 -19.247900000000001 -4.38605 -6.2634100000000004 -18.887 -4.0268800000000002 -1.036 -6.7169999999999996 0.17100000000000001 0.98891084688426789 -0.14851039328828219 0 0.6519457101240026 -0.041697081460138646 -0.04880487829978393 0.75554366406102558 0.25556092715604817 0.033899790337354296 -0.019044594571613331 0.96601072465259263 0 0 0 0 0 0 10000 3000000 0 0 0 0 0 0
3.8855000000000004 46.343499999999999 3.6414999999999997 3.8855000000000004 46.343499999999999 3.6414999999999997 -0.79033299999999995 16.960799999999999 20.065300000000001 0.55333299999999996 25.147500000000001 4.7264900000000001 3.8855000000000004 46.343499999999999 3.6414999999999997 0.0073455076744927848 0 0.99997302139457944 0.24329910620986364 -0.03434321499219721 -0.036639415994581481 0.96865042285494163 0.2437619307306147 -0.029821091525794558 -0.054598184484933032 0.96783772497131071 0 0 0 0 0 0 10000 3000000 0 0 0 0 0 0
-1.036 -6.7169999999999996 0.17100000000000001 3.8855000000000004 46.343499999999999 3.6414999999999997 -6.2634100000000004 -18.887 -4.0268800000000002 -0.79033299999999995 16.960799999999999 20.065300000000001 -4.0410460610016319 -6.2657150598308844 0.17100000000000001 0.14851030491779924 0.9889102584370405 -0.00109091301582676 0.25556092715604817 0.033899790337354296 -0.019044594571613331 0.96601072465259263 0.24329910620986364 -0.03434321499219721 -0.036639415994581481 0.96865042285494163 0 0 0 0 0 0 10000 3000000 0 0 0 0 0 0
-1.036 -6.7169999999999996 0.17100000000000001 -1.036 -6.7169999999999996 0.17100000000000001 -3.84918 -19.317599999999999 -4.48123 -2.9582199999999998 -19.449999999999999 -4.617 -1.036 -6.7169999999999996 0.17100000000000001 0.98891084688426789 -0.14851039328828219 0 0.65688819026936696 -0.041210311936673669 -0.04857591407013942 0.75129221761373821 0.0077761623024120803 0.074406422030693073 0.00087749325981338914 0.99719729525606715 0 0 0 0 0 0 10000 3000000 0 -1.4402555768 0 0 0 1
-4.4314999999999998 -7.2204999999999995 -24.9345 -4.4314999999999998 -7.2204999999999995 -24.9345 -4.4336099999999998 -7.2347400000000004 -29.314800000000002 -4.4314999999999998 -7.2205000000000004 -24.9345 -4.4314999999999998 -7.2204999999999995 -24.9345 0 0 1 -0.0016246700272476054 0.00024211500406055015 0.0011261800188873486 0.99999801677112954 0 0 0 1 0 0 0 0 0 0 10000 3000000 0 0 0 0 0 0
-1.036 -6.7169999999999996 0.17100000000000001 -4.4314999999999998 -7.2204999999999995 -24.9345 -2.9582199999999998 -19.449999999999999 -4.617 -4.4336099999999998 -7.2347400000000004 -29.314800000000002 -4.2826653117216313 -6.2294297161484868 0.17100000000000001 0.14851039328828219 0.98891084688426789 -0 0.0077761623024120803 0.074406422030693073 0.00087749325981338914 0.99719729525606715 -0.0016246700272476054 0.00024211500406055015 0.0011261800188873486 0.99999801677112954 0 0 0 0 0 0 10000 3000000 0 0 0 0 0 0
-1.036 -6.7169999999999996 0.17100000000000001 -1.036 -6.7169999999999996 0.17100000000000001 -3.84918 -19.317599999999999 -4.48123 -6.0177899999999998 -18.9953 -4.1507500000000004 -1.036 -6.7169999999999996 0.17100000000000001 0.98891084688426789 -0.14851039328828219 0 0.65688819026936696 -0.041210311936673669 -0.04857591407013942 0.75129221761373821 0.25764410836516954 0.034666314580659656 -0.01797980756231108 0.96545040606865651 0 0 0 0 0 0 10000 3000000 0 0 0 0 0 0
3.8855000000000004 46.343499999999999 3.6414999999999997 3.8855000000000004 46.343499999999999 3.6414999999999997 -0.60996600000000001 16.716799999999999 20.0717 0.68927700000000003 25.042999999999999 4.6499300000000003 3.8855000000000004 46.343499999999999 3.6414999999999997 0.0073455076744927848 0 0.99997302139457944 0.24557290360123513 -0.032937987070311002 -0.035557986041839774 0.96816561995004902 0.24602706057348123 -0.028175706937044451 -0.054287113365844533 0.96733123816331612 0 0 0 0 0 0 10000 3000000 0 0 0 0 0 0
-1.036 -6.7169999999999996 0.17100000000000001 3.8855000000000004 46.343499999999999 3.6414999999999997 -6.0177899999999998 -18.9953 -4.1507500000000004 -0.60996600000000001 16.716799999999999 20.0717 -4.0410460610016319 -6.2657150598308844 0.17100000000000001 0.14851030491779924 0.9889102584370405 -0.00109091301582676 0.25764410836516954 0.034666314580659656 -0.01797980756231108 0.96545040606865651 0.24557290360123513 -0.032937987070311002 -0.035557986041839774 0.96816561995004902 0 0 0 0 0 0 10000 3000000 0 0 0 0 0 0
-1.036 -6.7169999999999996 0.17100000000000001 -1.036 -6.7169999999999996 0.17100000000000001 -3.8174299999999999 -19.387499999999999 -4.57721 -2.9343300000000001 -19.516100000000002 -4.7130799999999997 -1.036 -6.7169999999999996 0.17100000000000001 0.98891084688426789 -0.14851039328828219 0 0.66179700668841168 -0.040748400411821262 -0.048361600488763611 0.74701100754962191 0.0077852470373911391 0.075157771399355935 0.0022958091263495656 0.99713862054746649 0 0 0 0 0 0 10000 3000000 0 -1.4533397212999999 0 0 0 1
-4.4314999999999998 -7.2204999999999995 -24.9345 -4.4314999999999998 -7.2204999999999995 -24.9345 -4.4336000000000002 -7.2350099999999999 -29.406300000000002 -4.4314999999999998 -7.2205000000000004 -24.9345 -4.4314999999999998 -7.2204999999999995 -24.9345 0 0 1 -0.0016222406529807002 0.00023939209635957427 0.0025506810266944548 0.99999540251592567 0 0 0 1 0 0 0 0 0 0 10000 3000000 0 0 0 0 0 0
-1.036 -6.7169999999999996 0.17100000000000001 -4.4314999999999998 -7.2204999999999995 -24.9345 -2.9343300000000001 -19.516100000000002 -4.7130799999999997 -4.4336000000000002 -7.2350099999999999 -29.406300000000002 -4.2826653117216313 -6.2294297161484868 0.17100000000000001 0.14851039328828219 0.98891084688426789 -0 0.0077852470373911391 0.075157771399355935 0.0022958091263495656 0.99713862054746649 -0.0016222406529807002 0.00023939209635957427 0.0025506810266944548 0.99999540251592567 0 0 0 0 0 0 10000 3000000 0 0 0 0 0 0
-1.036 -6.7169999999999996 0.17100000000000001 -1.036 -6.7169999999999996 0.17100000000000001 -3.8174299999999999 -19.387499999999999 -4.57721 -5.8134699999999997 -19.096699999999998 -4.2700899999999997 -1.036 -6.7169999999999996 0.17100000000000001 0.98891084688426789 -0.14851039328828219 0 0.66179700668841168 -0.040748400411821262 -0.048361600488763611 0.74701100754962191 0.25966796825141092 0.035414495670007824 -0.016928597930206395 0.96489988202545696 0 0 0 0 0 0 10000 3000000 0 0 0 0 0 0
3.8855000000000004 46.343499999999999 3.6414999999999997 3.8855000000000004 46.343499999999999 3.6414999999999997 -0.47437299999999999 16.473700000000001 20.072900000000001 0.79069199999999995 24.925899999999999 4.58575 3.8855000000000004 46.343499999999999 3.6414999999999997 0.0073455076744927848 0 0.99997302139457944 0.24772390275483552 -0.031882887484224964 -0.034569986429391839 0.96768862012935386 0.24816992282630831 -0.026909991631768371 -0.053948783223483669 0.96683869934103683 0 0 0 0 0 0 10000 3000000 0 0 0 0 0 0
-1.036 -6.7169999999999996 0.17100000000000001 3.8855000000000004 46.343499999999999 3.6414999999999997 -5.8134699999999997 -19.096699999999998 -4.2700899999999997 -0.47437299999999999 16.473700000000001 20.072900000000001 -4.0410460610016319 -6.2657150598308844 0.17100000000000001 0.14851030491779924 0.9889102584370405 -0.00109091301582676 0.25966796825141092 0.035414495670007824 -0.016928597930206395 0.96489988202545696 0.24772390275483552 -0.031882887484224964 -0.034569986429391839 0.96768862012935386 0 0 0 0 0 0 10000 3000000 0 0 0 0 0 0
-1.036 -6.7169999999999996 0.17100000000000001 -1.036 -6.7169999999999996 0.17100000000000001 -3.77827 -19.453600000000002 -4.6744500000000002 -2.9042699999999999 -19.577999999999999 -4.8102400000000003 -1.036 -6.7169999999999996 0.17100000000000001 0.98891084688426789 -0.14851039328828219 0 0.66668508475908694 -0.0401423051034967 -0.048049306108754207 0.74270509442389987 0.0077869225033689584 0.075912724404706436 0.0039285012629492726 0.99707632054382311 0 0 0 0 0 0 10000 3000000 0 -1.4664233948000001 0 0 0 1
-4.4314999999999998 -7.2204999999999995 -24.9345 -4.4314999999999998 -7.2204999999999995 -24.9345 -4.4335899999999997 -7.2352499999999997 -29.4986 -4.4314999999999998 -7.2205000000000004 -24.9345 -4.4314999999999998 -7.2204999999999995 -24.9345 0 0 1 -0.0016145898268486337 0.0002355599747381466 0.0041895095507098511 0.99998989275937866 0 0 0 1 0 0 0 0 0 0 10000 3000000 0 0 0 0 0 0
-1.036 -6.7169999999999996 0.17100000000000001 -4.4314999999999998 -7.2204999999999995 -24.9345 -2.9042699999999999 -19.577999999999999 -4.8102400000000003 -4.4335899999999997 -7.2352499999999997 -29.4986 -4.2826653117216313 -6.2294297161484868 0.17100000000000001 0.14851039328828219 0.98891084688426789 -0 0.0077869225033689584 0.075912724404706436 0.0039285012629492726 0.99707632054382311 -0.0016145898268486337 0.0002355599747381466 0.0041895095507098511 0.99998989275937866 0 0 0 0 0 0 10000 3000000 0 0 0 0 0 0
-1.036 -6.7169999999999996 0.17100000000000001 -1.036 -6.7169999999999996 0.17100000000000001 -3.77827 -19.453600000000002 -4.6744500000000002 -5.4919099999999998 -19.209599999999998 -4.4081999999999999 -1.036 -6.7169999999999996 0.17100000000000001 0.98891084688426789 -0.14851039328828219 0 0.66668508475908694 -0.0401423051034967 -0.048049306108754207 0.74270509442389987 0.26172689963632612 0.036228986107373171 -0.015720693971629951 0.96433363020971063 0 0 0 0 0 0 10000 3000000 0 0 0 0 0 0
3.8855000000000004 46.343499999999999 3.6414999999999997 3.8855000000000004 46.343499999999999 3.6414999999999997 -0.216895 16.251899999999999 20.077400000000001 0.97864700000000004 24.859200000000001 4.4923400000000004 3.8855000000000004 46.343499999999999 3.6414999999999997 0.0073455076744927848 0 0.99997302139457944 0.25009202603963188 -0.029839003106842985 -0.033183103455031386 0.9671931007043395 0.25050305353363927 -0.02474040528713688 -0.052855911295548098 0.96635520651449291 0 0 0 0 0 0 10000 3000000 0 0 0 0 0 0
-1.036 -6.7169999999999996 0.17100000000000001 3.8855000000000004 46.343499999999999 3.6414999999999997 -5.4919099999999998 -19.209599999999998 -4.4081999999999999 -0.216895 16.251899999999999 20.077400000000001 -4.0410460610016319 -6.2657150598308844 0.17100000000000001 0.14851030491779924 0.9889102584370405 -0.00109091301582676 0.26172689963632612 0.036228986107373171 -0.015720693971629951 0.96433363020971063 0.25009202603963188 -0.029839003106842985 -0.033183103455031386 0.9671931007043395 0 0 0 0 0 0 10000 3000000 0 0 0 0 0 0
-1.036 -6.7169999999999996 0.17100000000000001 -1.036 -6.7169999999999996 0.17100000000000001 -3.75414 -19.520700000000001 -4.7732900000000003 -2.8840400000000002 -19.642399999999999 -4.9096399999999996 -1.036 -6.7169999999999996 0.17100000000000001 0.98891084688426789 -0.14851039328828219 0 0.67151810060998529 -0.039854505971188656 -0.047982907189023774 0.73835811062426848 0.0077937122495794582 0.076584922105495057 0.0051524314871993814 0.99701928777994842 0 0 0 0 0 0 10000 3000000 0 -1.4795068642000002 0 0 0 1
-4.4314999999999998 -7.2204999999999995 -24.9345 -4.4314999999999998 -7.2204999999999995 -24.9345 -4.4335899999999997 -7.2355400000000003 -29.594000000000001 -4.4314999999999998 -7.2205000000000004 -24.9345 -4.4314999999999998 -7.2204999999999995 -24.9345 0 0 1 -0.0016128499810707706 0.00023328099726209529 0.005419179936397742 0.99998398826367818 0 0 0 1 0 0 0 0 0 0 10000 3000000 0 0 0 0 0 0
-1.036 -6.7169999999999996 0.17100000000000001 -4.4314999999999998 -7.2204999999999995 -24.9345 -2.8840400000000002 -19.642399999999999 -4.9096399999999996 -4.4335899999999997 -7.2355400000000003 -29.594000000000001 -4.2826653117216313 -6.2294297161484868 0.17100000000000001 0.14851039328828219 0.98891084688426789 -0 0.0077937122495794582 0.076584922105495057 0.0051524314871993814 0.99701928777994842 -0.0016128499810707706 0.00023328099726209529 0.005419179936397742 0.99998398826367818 0 0 0 0 0 0 10000 3000000 0 0 0 0 0 0
-1.036 -6.7169999999999996 0.17100000000000001 -1.036 -6.7169999999999996 0.17100000000000001 -3.75414 -19.520700000000001 -4.7732900000000003 -5.3083200000000001 -19.3033 -4.5297299999999998 -1.036 -6.7169999999999996 0.17100000000000001 0.98891084688426789 -0.14851039328828219 0 0.67151810060998529 -0.039854505971188656 -0.047982907189023774 0.73835811062426848 0.26373400002769604 0.036867100003871597 -0.014866600001561217 0.96377600010121089 0 0 0 0 0 0 10000 3000000 0 0 0 0 0 0
3.8855000000000004 46.343499999999999 3.6414999999999997 3.8855000000000004 46.343499999999999 3.6414999999999997 -0.088037299999999999 16.012799999999999 20.0732 1.0743799999999999 24.745000000000001 4.42774 3.8855000000000004 46.343499999999999 3.6414999999999997 0.0073455076744927848 0 0.99997302139457944 0.25222297605577665 -0.028825697263496989 -0.032369796927045821 0.96669790822869917 0.25262000487931879 -0.023573500455318749 -0.052454801013156888 0.96585501865534984 0 0 0 0 0 0 10000 3000000 0 0 0 0 0 0
-1.036 -6.7169999999999996 0.17100000000000001 3.8855000000000004 46.343499999999999 3.6414999999999997 -5.3083200000000001 -19.3033 -4.5297299999999998 -0.088037299999999999 16.012799999999999 20.0732 -4.0410460610016319 -6.2657150598308844 0.17100000000000001 0.14851030491779924 0.9889102584370405 -0.00109091301582676 0.26373400002769604 0.036867100003871597 -0.014866600001561217 0.96377600010121089 0.25222297605577665 -0.028825697263496989 -0.032369796927045821 0.96669790822869917 0 0 0 0 0 0 10000 3000000 0 0 0 0 0 0
-1.036 -6.7169999999999996 0.17100000000000001 -1.036 -6.7169999999999996 0.17100000000000001 -3.7515299999999998 -19.601199999999999 -4.87216 -2.8771200000000001 -19.721800000000002 -5.0101000000000004 -1.036 -6.7169999999999996 0.17100000000000001 0.98891084688426789 -0.14851039328828219 0 0.67630618910334583 -0.039832911137761107 -0.048011913424708536 0.73397420522801682 0.0077549031225577752 0.076988630999929281 0.0058919823724416761 0.99698440144168721 0 0 0 0 0 0 10000 3000000 0 -1.4925902394000001 0 0 0 1
-4.4314999999999998 -7.2204999999999995 -24.9345 -4.4314999999999998 -7.2204999999999995 -24.9345 -4.4336399999999996 -7.2360499999999996 -29.6934 -4.4314999999999998 -7.2205000000000004 -24.9345 -4.4314999999999998 -7.2204999999999995 -24.9345 0 0 1 -0.0016320394041126703 0.00023475791428560715 0.0061653177489301297 0.99997963488921116 0 0 0 1 0 0 0 0 0 0 10000 3000000 0 0 0 0 0 0
-1.036 -6.7169999999999996 0.17100000000000001 -4.4314999999999998 -7.2204999999999995 -24.9345 -2.8771200000000001 -19.721800000000002 -5.0101000000000004 -4.4336399999999996 -7.2360499999999996 -29.6934 -4.2826653117216313 -6.2294297161484868 0.17100000000000001 0.14851039328828219 0.98891084688426789 -0 0.0077549031225577752 0.076988630999929281 0.0058919823724416761 0.99698440144168721 -0.0016320394041126703 0.00023475791428560715 0.0061653177489301297 0.99997963488921116 0 0 0 0 0 0 10000 3000000 0 0 0 0 0 0
-1.036 -6.7169999999999996 0.17100000000000001 -1.036 -6.7169999999999996 0.17100000000000001 -3.7515299999999998 -19.601199999999999 -4.87216 -5.2235300000000002 -19.398299999999999 -4.6399400000000002 -1.036 -6.7169999999999996 0.17100000000000001 0.98891084688426789 -0.14851039328828219 0 0.67630618910334583 -0.039832911137761107 -0.048011913424708536 0.73397420522801682 0.26575496331151333 0.037299594850648619 -0.014215698037468645 0.96321386702465051 0 0 0 0 0 0 10000 3000000 0 0 0 0 0 0
3.8855000000000004 46.343499999999999 3.6414999999999997 3.8855000000000004 46.343499999999999 3.6414999999999997 -0.056358900000000003 15.7484 20.068899999999999 1.10226 24.5901 4.38253 3.8855000000000004 46.343499999999999 3.6414999999999997 0.0073455076744927848 0 0.99997302139457944 0.25424198970425477 -0.028617298841118181 -0.031922098707287509 0.9661899608733171 0.25464489609186319 -0.023149890553661075 -0.052652878514933589 0.96532260609902276 0 0 0 0 0 0 10000 3000000 0 0 0 0 0 0
-1.036 -6.7169999999999996 0.17100000000000001 3.8855000000000004 46.343499999999999 3.6414999999999997 -5.2235300000000002 -19.398299999999999 -4.6399400000000002 -0.056358900000000003 15.7484 20.068899999999999 -4.0410460610016319 -6.2657150598308844 0.17100000000000001 0.14851030491779924 0.9889102584370405 -0.00109091301582676 0.26575496331151333 0.037299594850648619 -0.014215698037468645 0.96321386702465051 0.25424198970425477 -0.028617298841118181 -0.031922098707287509 0.9661899608733171 0 0 0 0 0 0 10000 3000000 0 0 0 0 0 0
-1.036 -6.7169999999999996 0.17100000000000001 -1.036 -6.7169999999999996 0.17100000000000001 -3.6963900000000001 -19.6448 -4.9704100000000002 -2.8368600000000002 -19.760300000000001 -5.1076499999999996 -1.036 -6.7169999999999996 0.17100000000000001 0.98891084688426789 -0.14851039328828219 0 0.6811271119631731 -0.039002106411137528 -0.047819707860568363 0.72956011992455516 0.0078357125854681894 0.07808752576572478 0.0077833725681981016 0.99688532893183346 0 0 0 0 0 0 10000 3000000 0 -1.5056735989000001 0 0 0 1
-4.4314999999999998 -7.2204999999999995 -24.9345 -4.4314999999999998 -7.2204999999999995 -24.9345 -4.4335699999999996 -7.2359999999999998 -29.7822 -4.4314999999999998 -7.2205000000000004 -24.9345 -4.4314999999999998 -7.2204999999999995 -24.9345 0 0 1 -0.0015969603311449146 0.00022667604700343444 0.008061171671560622 0.99996620735250463 0 0 0 1 0 0 0 0 0 0 10000 3000000 0 0 0 0 0 0
-1.036 -6.7169999999999996 0.17100000000000001 -4.4314999999999998 -7.2204999999999995 -24.9345 -2.8368600000000002 -19.760300000000001 -5.1076499999999996 -4.4335699999999996 -7.2359999999999998 -29.7822 -4.2826653117216313 -6.2294297161484868 0.17100000000000001 0.14851039328828219 0.98891084688426789 -0 0.0078357125854681894 0.07808752576572478 0.0077833725681981016 0.99688532893183346 -0.0015969603311449146 0.00022667604700343444 0.008061171671560622 0.99996620735250463 0 0 0 0 0 0 10000 3000000 0 0 0 0 0 0
-1.036 -6.7169999999999996 0.17100000000000001 -1.036 -6.7169999999999996 0.17100000000000001 -3.6963900000000001 -19.6448 -4.9704100000000002 -4.9792100000000001 -19.4724 -4.7656000000000001 -1.036 -6.7169999999999996 0.17100000000000001 0.98891084688426789 -0.14851039328828219 0 0.6811271119631731 -0.039002106411137528 -0.047819707860568363 0.72956011992455516 0.26785707427149891 0.038329610628047218 -0.012990503602011171 0.96260826691234125 0 0 0 0 0 0 10000 3000000 0 0 0 0 0 0
3.8855000000000004 46.343499999999999 3.6414999999999997 3.8855000000000004 46.343499999999999 3.6414999999999997 0.118086 15.537599999999999 20.071300000000001 1.2289600000000001 24.526499999999999 4.2986500000000003 3.8855000000000004 46.343499999999999 3.6414999999999997 0.0073455076744927848 0 0.99997302139457944 0.25648702455226263 -0.027248202608338681 -0.030748802943434222 0.96567409243931146 0.25686489534004858 -0.02165169117798894 -0.051773978904621779 0.96481660688415949 0 0 0 0 0 0 10000 3000000 0 0 0 0 0 0
-1.036 -6.7169999999999996 0.17100000000000001 3.8855000000000004 46.343499999999999 3.6414999999999997 -4.9792100000000001 -19.4724 -4.7656000000000001 0.118086 15.537599999999999 20.071300000000001 -4.0410460610016319 -6.2657150598308844 0.17100000000000001 0.14851030491779924 0.9889102584370405 -0.00109091301582676 0.26785707427149891 0.038329610628047218 -0.012990503602011171 0.96260826691234125 0.25648702455226263 -0.027248202608338681 -0.030748802943434222 0.96567409243931146 0 0 0 0 0 0 10000 3000000 0 0 0 0 0 0
-1.036 -6.7169999999999996 0.17100000000000001 -1.036 -6.7169999999999996 0.17100000000000001 -3.6760100000000002 -19.710599999999999 -5.0719900000000004 -2.8144800000000001 -19.824200000000001 -5.2105699999999997 -1.036 -6.7169999999999996 0.17100000000000001 0.98891084688426789 -0.14851039328828219 0 0.68586004369065445 -0.038735102467503384 -0.04774000304113353 0.72513204619235949 0.0078199670233518523 0.07867437005282539 0.0090494665553463617 0.99682862056002808 0 0 0 0 0 0 10000 3000000 0 -1.5187569426999998 0 0 0 1
-4.4314999999999998 -7.2204999999999995 -24.9345 -4.4314999999999998 -7.2204999999999995 -24.9345 -4.4335699999999996 -7.2363099999999996 -29.881699999999999 -4.4314999999999998 -7.2205000000000004 -24.9345 -4.4314999999999998 -7.2204999999999995 -24.9345 0 0 1 -0.0015961002307837415 0.00022448403245865385 0.0093333213495260386 0.9999551445857755 0 0 0 1 0 0 0 0 0 0 10000 3000000 0 0 0 0 0 0
-1.036 -6.7169999999999996 0.17100000000000001 -4.4314999999999998 -7.2204999999999995 -24.9345 -2.8144800000000001 -19.824200000000001 -5.2105699999999997 -4.4335699999999996 -7.2363099999999996 -29.881699999999999 -4.2826653117216313 -6.2294297161484868 0.17100000000000001 0.14851039328828219 0.98891084688426789 -0 0.0078199670233518523 0.07867437005282539 0.0090494665553463617 0.99682862056002808 -0.0015961002307837415 0.00022448403245865385 0.0093333213495260386 0.9999551445857755 0 0 0 0 0 0 10000 3000000 0 0 0 0 0 0
-1.036 -6.7169999999999996 0.17100000000000001 -1.036 -6.7169999999999996 0.17100000000000001 -3.6760100000000002 -19.710599999999999 -5.0719900000000004 -4.7335599999999998 -19.571100000000001 -4.9018899999999999 -1.036 -6.7169999999999996 0.17100000000000001 0.98891084688426789 -0.14851039328828219 0 0.68586004369065445 -0.038735102467503384 -0.04774000304113353 0.72513204619235949 0.27006508978575205 0.038877412925172078 -0.012135004034399502 0.96198031981966481 0 0 0 0 0 0 10000 3000000 0 0 0 0 0 0
3.8855000000000004 46.343499999999999 3.6414999999999997 3.8855000000000004 46.343499999999999 3.6414999999999997 0.31733099999999997 15.2996 20.076799999999999 1.37544 24.4543 4.2035999999999998 3.8855000000000004 46.343499999999999 3.6414999999999997 0.0073455076744927848 0 0.99997302139457944 0.25893392356668649 -0.025674492421284542 -0.029769691212444816 0.96509471511887701 0.25928104056984108 -0.019951903121884801 -0.051054407988510131 0.96424515087594709 0 0 0 0 0 0 10000 3000000 0 0 0 0 0 0
-1.036 -6.7169999999999996 0.17100000000000001 3.8855000000000004 46.343499999999999 3.6414999999999997 -4.7335599999999998 -19.571100000000001 -4.9018899999999999 0.31733099999999997 15.2996 20.076799999999999 -4.0410460610016319 -6.2657150598308844 0.17100000000000001 0.14851030491779924 0.9889102584370405 -0.00109091301582676 0.27006508978575205 0.038877412925172078 -0.012135004034399502 0.96198031981966481 0.25893392356668649 -0.025674492421284542 -0.029769691212444816 0.96509471511887701 0 0 0 0 0 0 10000 3000000 0 0 0 0 0 0
-1.036 -6.7169999999999996 0.17100000000000001 -1.036 -6.7169999999999996 0.17100000000000001 -3.66208 -19.774799999999999 -5.1743499999999996 -2.7975500000000002 -19.887 -5.3144 -1.036 -6.7169999999999996 0.17100000000000001 0.98891084688426789 -0.14851039328828219 0 0.69055919852058856 -0.038617611101714237 -0.047807313743551717 0.72066020717396673 0.0078203485679538467 0.079241585489443753 0.010078198154501072 0.99677381747282756 0 0 0 0 0 0 10000 3000000 0 -1.5318402708000001 0 0 0 1
-4.4314999999999998 -7.2204999999999995 -24.9345 -4.4314999999999998 -7.2204999999999995 -24.9345 -4.4335800000000001 -7.2366200000000003 -29.982199999999999 -4.4314999999999998 -7.2205000000000004 -24.9345 -4.4314999999999998 -7.2204999999999995 -24.9345 0 0 1 -0.0015945899392478256 0.00022258999151955895 0.010367299605016951 0.9999449619031644 0 0 0 1 0 0 0 0 0 0 10000 3000000 0 0 0 0 0 0
-1.036 -6.7169999999999996 0.17100000000000001 -4.4314999999999998 -7.2204999999999995 -24.9345 -2.7975500000000002 -19.887 -5.3144 -4.4335800000000001 -7.2366200000000003 -29.982199999999999 -4.2826653117216313 -6.2294297161484868 0.17100000000000001 0.14851039328828219 0.98891084688426789 -0 0.0078203485679538467 0.079241585489443753 0.010078198154501072 0.99677381747282756 -0.0015945899392478256 0.00022258999151955895 0.010367299605016951 0.9999449619031644 0 0 0 0 0 0 10000 3000000 0 0 0 0 0 0
-1.036 -6.7169999999999996 0.17100000000000001 -1.036 -6.7169999999999996 0.17100000000000001 -3.66208 -19.774799999999999 -5.1743499999999996 -4.4911500000000002 -19.667200000000001 -5.0400400000000003 -1.036 -6.7169999999999996 0.17100000000000001 0.98891084688426789 -0.14851039328828219 0 0.69055919852058856 -0.038617611101714237 -0.047807313743551717 0.72066020717396673 0.27231892290135246 0.03934628886032001 -0.011477696750446548 0.96133372782820437 0 0 0 0 0 0 10000 3000000 0 0 0 0 0 0
3.8855000000000004 46.343499999999999 3.6414999999999997 3.8855000000000004 46.343499999999999 3.6414999999999997 0.52806200000000003 15.0558 20.0807 1.5303899999999999 24.383600000000001 4.1025200000000002 3.8855000000000004 46.343499999999999 3.6414999999999997 0.0073455076744927848 0 0.99997302139457944 0.26144685915462917 -0.023997487072191358 -0.028938184410563096 0.96448548041710802 0.26175802267150461 -0.018166301573427954 -0.050407104365882999 0.96364508346366518 0 0 0 0 0 0 10000 3000000 0 0 0 0 0 0
-1.036 -6.7169999999999996 0.17100000000000001 3.8855000000000004 46.343499999999999 3.6414999999999997 -4.4911500000000002 -19.667200000000001 -5.0400400000000003 0.52806200000000003 15.0558 20.0807 -4.0410460610016319 -6.2657150598308844 0.17100000000000001 0.14851030491779924 0.9889102584370405 -0.00109091301582676 0.27231892290135246 0.03934628886032001 -0.011477696750446548 0.96133372782820437 0.26144685915462917 -0.023997487072191358 -0.028938184410563096 0.96448548041710802 0 0 0 0 0 0 10000 3000000 0 0 0 0 0 0
-1.036 -6.7169999999999996 0.17100000000000001 -1.036 -6.7169999999999996 0.17100000000000001 -3.6448200000000002 -19.837499999999999 -5.2760999999999996 -2.7761900000000002 -19.9481 -5.4178600000000001 -1.036 -6.7169999999999996 0.17100000000000001 0.98891084688426789 -0.14851039328828219 0 0.69523621055726481 -0.038370111620663068 -0.047797414475789245 0.71616321689515861 0.0078181522040134763 0.079853422511459854 0.011266603176165492 0.9967122809829283 0 0 0 0 0 0 10000 3000000 0 -1.5449236145999998 0 0 0 1
-4.4314999999999998 -7.2204999999999995 -24.9345 -4.4314999999999998 -7.2204999999999995 -24.9345 -4.4335800000000001 -7.2369000000000003 -30.081900000000001 -4.4314999999999998 -7.2205000000000004 -24.9345 -4.4314999999999998 -7.2204999999999995 -24.9345 0 0 1 -0.0015904898040709316 0.00022008097288869137 0.01156129857578813 0.99993187682051121 0 0 0 1 0 0 0 0 0 0 10000 3000000 0 0 0 0 0 0
-1.036 -6.7169999999999996 0.17100000000000001 -4.4314999999999998 -7.2204999999999995 -24.9345 -2.7761900000000002 -19.9481 -5.4178600000000001 -4.4335800000000001 -7.2369000000000003 -30.081900000000001 -4.2826653117216313 -6.2294297161484868 0.17100000000000001 0.14851039328828219 0.98891084688426789 -0 0.0078181522040134763 0.079853422511459854 0.011266603176165492 0.9967122809829283 -0.0015904898040709316 0.00022008097288869137 0.01156129857578813 0.99993187682051121 0 0 0 0 0 0 10000 3000000 0 0 0 0 0 0
-1.036 -6.7169999999999996 0.17100000000000001 -1.036 -6.7169999999999996 0.17100000000000001 -3.6448200000000002 -19.837499999999999 -5.2760999999999996 -4.1136999999999997 -19.777799999999999 -5.1995899999999997 -1.036 -6.7169999999999996 0.17100000000000001 0.98891084688426789 -0.14851039328828219 0 0.69523621055726481 -0.038370111620663068 -0.047797414475789245 0.71616321689515861 0.27476790629889813 0.039853286409268461 -0.010702896350108007 0.96062467240864657 0 0 0 0 0 0 10000 3000000 0 0 0 0 0 0
3.8855000000000004 46.343499999999999 3.6414999999999997 3.8855000000000004 46.343499999999999 3.6414999999999997 0.88188599999999995 14.8165 20.094799999999999 1.7827 24.3687 3.9615 3.8855000000000004 46.343499999999999 3.6414999999999997 0.0073455076744927848 0 0.99997302139457944 0.26437003914087942 -0.021108803125229777 -0.027670904096771042 0.96379314269283822 0.26461500076639649 -0.015290500044285418 -0.048843900141465127 0.96299500278909356 0 0 0 0 0 0 10000 3000000 0 0 0 0 0 0
-1.036 -6.7169999999999996 0.17100000000000001 3.8855000000000004 46.343499999999999 3.6414999999999997 -4.1136999999999997 -19.777799999999999 -5.1995899999999997 0.88188599999999995 14.8165 20.094799999999999 -4.0410460610016319 -6.2657150598308844 0.17100000000000001 0.14851030491779924 0.9889102584370405 -0.00109091301582676 0.27476790629889813 0.039853286409268461 -0.010702896350108007 0.96062467240864657 0.26437003914087942 -0.021108803125229777 -0.027670904096771042 0.96379314269283822 0 0 0 0 0 0 10000 3000000 0 0 0 0 0 0
-1.036 -6.7169999999999996 0.17100000000000001 -1.036 -6.7169999999999996 0.17100000000000001 -3.6295199999999999 -19.895700000000001 -5.3744199999999998 -2.75624 -20.004999999999999 -5.5179 -1.036 -6.7169999999999996 0.17100000000000001 0.98891084688426789 -0.14851039328828219 0 0.69969009228746393 -0.038159005033082269 -0.047807406305683524 0.71182309388777809 0.0078160607034047577 0.080415507236976866 0.012364501112740709 0.99665408969367775 0 0 0 0 0 0 10000 3000000 0 -1.5574618072999999 0 0 0 1
-4.4314999999999998 -7.2204999999999995 -24.9345 -4.4314999999999998 -7.2204999999999995 -24.9345 -4.4335699999999996 -7.2371600000000003 -30.1784 -4.4314999999999998 -7.2205000000000004 -24.9345 -4.4314999999999998 -7.2204999999999995 -24.9345 0 0 1 -0.0015858592440350066 0.0002176578962444172 0.012664293963043733 0.99991852334773546 0 0 0 1 0 0 0 0 0 0 10000 3000000 0 0 0 0 0 0
-1.036 -6.7169999999999996 0.17100000000000001 -4.4314999999999998 -7.2204999999999995 -24.9345 -2.75624 -20.004999999999999 -5.5179 -4.4335699999999996 -7.2371600000000003 -30.1784 -4.2826653117216313 -6.2294297161484868 0.17100000000000001 0.14851039328828219 0.98891084688426789 -0 0.0078160607034047577 0.080415507236976866 0.012364501112740709 0.99665408969367775 -0.0015858592440350066 0.0002176578962444172 0.012664293963043733 0.99991852334773546 0 0 0 0 0 0 10000 3000000 0 0 0 0 0 0
-1.036 -6.7169999999999996 0.17100000000000001 -1.036 -6.7169999999999996 0.17100000000000001 -3.6295199999999999 -19.895700000000001 -5.3744199999999998 -3.7855599999999998 -19.876200000000001 -5.3487799999999996 -1.036 -6.7169999999999996 0.17100000000000001 0.98891084688426789 -0.14851039328828219 0 0.69969009228746393 -0.038159005033082269 -0.047807406305683524 0.71182309388777809 0.27711211396584423 0.040317816581209448 -0.0099854041066231008 0.95993939478715651 0 0 0 0 0 0 10000 3000000 0 0 0 0 0 0
3.8855000000000004 46.343499999999999 3.6414999999999997 3.8855000000000004 46.343499999999999 3.6414999999999997 1.18391 14.58 20.102699999999999 1.9955499999999999 24.339300000000001 3.8348900000000001 3.8855000000000004 46.343499999999999 3.6414999999999997 0.0073455076744927848 0 0.99997302139457944 0.26711492247823898 -0.018634594591891103 -0.026546192295797043 0.96311872048488112 0.26730193435113947 -0.012835996847502923 -0.047419388353885955 0.96235976364622255 0 0 0 0 0 0 10000 3000000 0 0 0 0 0 0
-1.036 -6.7169999999999996 0.17100000000000001 3.8855000000000004 46.343499999999999 3.6414999999999997 -3.7855599999999998 -19.876200000000001 -5.3487799999999996 1.18391 14.58 20.102699999999999 -4.0410460610016319 -6.2657150598308844 0.17100000000000001 0.14851030491779924 0.9889102584370405 -0.00109091301582676 0.27711211396584423 0.040317816581209448 -0.0099854041066231008 0.95993939478715651 0.26711492247823898 -0.018634594591891103 -0.026546192295797043 0.96311872048488112 0 0 0 0 0 0 10000 3000000 0 0 0 0 0 0
-1.036 -6.7169999999999996 0.17100000000000001 -1.036 -6.7169999999999996 0.17100000000000001 -3.6218499999999998 -19.951499999999999 -5.4722299999999997 -2.7413099999999999 -20.060099999999998 -5.6178600000000003 -1.036 -6.7169999999999996 0.17100000000000001 0.98891084688426789 -0.14851039328828219 0 0.70410389033061371 -0.038109494064164563 -0.047973392527789455 0.70744888980960541 0.007821717727260204 0.080947076479381042 0.01324419615166224 0.99659971042015294 0 0 0 0 0 0 10000 3000000 0 -1.5700000000000001 0 0 0 1
-4.4314999999999998 -7.2204999999999995 -24.9345 -4.4314999999999998 -7.2204999999999995 -24.9345 -4.4335800000000001 -7.2374400000000003 -30.275200000000002 -4.4314999999999998 -7.2205000000000004 -24.9345 -4.4314999999999998 -7.2204999999999995 -24.9345 0 0 1 -0.0015835398948154536 0.00021591198565833146 0.013548799100038911 0.99990693358250238 0 0 0 1 0 0 0 0 0 0 10000 3000000 0 0 0 0 0 0
-1.036 -6.7169999999999996 0.17100000000000001 -4.4314999999999998 -7.2204999999999995 -24.9345 -2.7413099999999999 -20.060099999999998 -5.6178600000000003 -4.4335800000000001 -7.2374400000000003 -30.275200000000002 -4.2826653117216313 -6.2294297161484868 0.17100000000000001 0.14851039328828219 0.98891084688426789 -0 0.007821717727260204 0.080947076479381042 0.01324419615166224 0.99659971042015294 -0.0015835398948154536 0.00021591198565833146 0.013548799100038911 0.99990693358250238 0 0 0 0 0 0 10000 3000000 0 0 0 0 0 0
-1.036 -6.7169999999999996 0.17100000000000001 -1.036 -6.7169999999999996 0.17100000000000001 -3.6218499999999998 -19.951499999999999 -5.4722299999999997 -3.5346099999999998 -19.962299999999999 -5.4866599999999996 -1.036 -6.7169999999999996 0.17100000000000001 0.98891084688426789 -0.14851039328828219 0 0.70410389033061371 -0.038109494064164563 -0.047973392527789455 0.70744888980960541 0.27880496300417079 0.040812394584427897 -0.0094225787496775154 0.95943387268859448 0 0 0 0 0 0 10000 3000000 0 0 0 0 0 0
3.8855000000000004 46.343499999999999 3.6414999999999997 3.8855000000000004 46.343499999999999 3.6414999999999997 1.4154800000000001 14.369999999999999 20.062000000000001 2.1326700000000001 24.234200000000001 3.7810100000000002 3.8855000000000004 46.343499999999999 3.6414999999999997 0.0073455076744927848 0 0.99997302139457944 0.26918007686052187 -0.016219804631333282 -0.025549207295210812 0.96261427486074158 0.26930796893450881 -0.010941198737899534 -0.044399194878418181 0.96196788903408581 0 0 0 0 0 0 10000 3000000 0 0 0 0 0 0
-1.036 -6.7169999999999996 0.17100000000000001 3.8855000000000004 46.343499999999999 3.6414999999999997 -3.5346099999999998 -19.962299999999999 -5.4866599999999996 1.4154800000000001 14.369999999999999 20.062000000000001 -4.0410460610016319 -6.2657150598308844 0.17100000000000001 0.14851030491779924 0.9889102584370405 -0.00109091301582676 0.27880496300417079 0.040812394584427897 -0.0094225787496775154 0.95943387268859448 0.26918007686052187 -0.016219804631333282 -0.025549207295210812 0.96261427486074158 0 0 0 0 0 0 10000 3000000 0 0 0 0 0 0
