-0.0016947444356207875 -0.011178015637929029 0.0040457667249807526 -6.2949186922036136 0.95386681066411805 -0.0019321062998035258 0.0016947444356207875 0.011178015637929029 -0.0040457667249807526 6.2949186922036136 -0.95386681066411805 0.0019321062998035258 -1.6947444356207875e-07 -1.1178015637929029e-06 4.0457667249807526e-07 -2.0983062307345379e-06 3.17955603554706e-07 -6.4403543326784194e-10 -6.2949186922036136 0.95386681066411805 -0.0019321062998035258 
2.5528735314699669e-06 1.6786181206648639e-05 7.2073423618146393e-11 -6.294817952564622 0.95732757431209348 0 -2.5528735314699669e-06 -1.6786181206648639e-05 -7.2073423618146393e-11 6.294817952564622 -0.95732757431209348 -0 2.5528735314699669e-10 1.678618120664864e-09 7.2073423618146393e-15 -2.0982726508548739e-06 3.1910919143736449e-07 0 -6.294817952564622 0.95732757431209348 0 
-0.033136618740620821 0.0050428675350128183 -0.39449630786666667 -6.4893495337455551 -0.32328046626973694 0.0019206460501927421 0.033136618740620821 -0.0050428675350128183 0.39449630786666667 6.8120229248455093 -0.18481971984863954 -0.035519406817841215 -3.3136618740620821e-06 5.0428675350128183e-07 -3.9449630786666669e-05 -2.0981990960598774e-06 3.1909810165205373e-07 6.4388080876628829e-10 -6.2945972881796317 0.95729430495616119 0.0019316424262988648 
0.0026557600066312581 0.017492510746598688 -0.0035079149719052403 0.00012944897595441141 0.00083754444616278561 0.0016042974596329508 -0.0026557600066312581 -0.017492510746598688 0.0035079149719052403 -0.00012944897595441141 -0.00083754444616278561 -0.0016042974596329508 2.6557600066312581e-07 1.7492510746598688e-06 -3.5079149719052403e-07 4.3149658651470471e-11 2.7918148205426189e-10 5.3476581987765026e-10 0.00012944897595441141 0.00083754444616278561 0.0016042974596329508 
0.00053972640128019389 -0.25382726420931145 -0.00037633006058634955 0.00056559589265405116 -0.011508932057990957 -2.2176429650319783e-05 -0.00053972640128019389 0.25382726420931145 0.00037633006058634955 -0.00056559589265405116 0.011508932057990957 2.2176429650319783e-05 5.3972640128019389e-08 -2.5382726420931147e-05 -3.7633006058634955e-08 1.8853196421801706e-10 -3.8363106859969855e-09 -7.392143216773261e-12 0.00056559589265405116 -0.011508932057990957 -2.2176429650319783e-05 
0.11561509371427409 -0.01758263764806145 -0.012865113866895114 -0.0082369546999804515 -0.037831281007352731 0.0015460649126617107 -0.11561509371427409 0.01758263764806145 0.012865113866895114 -0.61207618388309148 0.51106305284871678 -6.2228842703420622 1.1561509371427409e-05 -1.758263764806145e-06 -1.2865113866895114e-06 -8.0912145324300692e-10 1.2303958534917872e-10 5.1567999919975158e-10 -0.0024273643597290209 0.00036911875604753614 0.0015470399975992548 
-0.0064812289674032186 -0.042557794861508569 -0.0076247148089286483 -7.7653206372606123 1.1771770470718583 -0.0010953873808429392 0.0064812289674032186 0.042557794861508569 0.0076247148089286483 7.7653206372606123 -1.1771770470718583 0.0010953873808429392 -6.4812289674032186e-07 -4.2557794861508569e-06 -7.6247148089286483e-07 -2.588440212420204e-06 3.923923490239528e-07 -3.6512912694764637e-10 -7.7653206372606123 1.1771770470718583 -0.0010953873808429392 
6.9273039505033927e-05 0.00045554542629887333 2.4127227993275824e-09 -7.7649788574728955 1.1807904461246115 0 -6.9273039505033927e-05 -0.00045554542629887333 -2.4127227993275824e-09 7.7649788574728955 -1.1807904461246115 -0 6.9273039505033922e-09 4.5554542629887336e-08 2.4127227993275824e-13 -2.5883262858242984e-06 3.9359681537487049e-07 0 -7.7649788574728955 1.1807904461246115 0 
0.029277907709190226 -0.0044473593048544036 -0.45478233130984419 -7.9893811710674401 -0.2952096368425432 0.0035660906168323184 -0.029277907709190226 0.0044473593048544036 0.45478233130984419 8.10381585867664 -1.984330806153412 0.026092809243357148 2.9277907709190226e-06 -4.4473593048544036e-07 -4.5478233130984421e-05 -2.5883109259979416e-06 3.9359428498364882e-07 1.1939084464913172e-09 -7.7649327779938249 1.1807828549509465 0.0035817253394739516 
-0.0069196928427495141 -0.045475707456631154 -0.003467651060350325 1.566197784732059e-05 7.9501131411583272e-05 0.002827947965246819 0.0069196928427495141 0.045475707456631154 0.003467651060350325 -1.566197784732059e-05 -7.9501131411583272e-05 -0.002827947965246819 -6.9196928427495141e-07 -4.5475707456631154e-06 -3.467651060350325e-07 5.2206592824401965e-12 2.6500377137194425e-11 9.4264932174893973e-10 1.566197784732059e-05 7.9501131411583272e-05 0.002827947965246819 
0.012272285364885822 0.18827824049386849 0.00011426339444065015 -0.0012060262938013671 0.00086379513712732869 1.2223368091619229e-05 -0.012272285364885822 -0.18827824049386849 -0.00011426339444065015 0.0012060262938013671 -0.00086379513712732869 -1.2223368091619229e-05 1.2272285364885822e-06 1.8827824049386847e-05 1.1426339444065015e-08 -4.0200876460045571e-10 2.8793171237577622e-10 4.074456030539743e-12 -0.0012060262938013671 0.00086379513712732869 1.2223368091619229e-05 
-0.027244011231246888 0.0041370469301520163 -0.029422807833683815 -0.014210400122857011 -0.088381301766596129 -0.0015759932864413309 0.027244011231246888 -0.0041370469301520163 0.029422807833683815 -1.5611548523968382 0.14032103304275592 1.4675865107942501 -2.7244011231246888e-06 4.1370469301520163e-07 -2.9422807833683814e-06 -2.5108497718568121e-10 3.807608403915252e-11 -5.3118204325675194e-10 -0.0007532549315570436 0.00011422825211745756 -0.0015935461297702559 
-0.0049685092487483651 -0.032664337405174937 0.0021219713986132425 -10.663411439640109 1.6244964792034586 0.00065003954933471057 0.0049685092487483651 0.032664337405174937 -0.0021219713986132425 10.663411439640109 -1.6244964792034586 -0.00065003954933471057 -4.9685092487483651e-07 -3.2664337405174937e-06 2.1219713986132425e-07 -3.5544704798800365e-06 5.414988264011529e-07 2.1667984977823686e-10 -10.663411439640109 1.6244964792034586 0.00065003954933471057 
0.00014064864912694669 0.00092417197370445094 6.7221228583491666e-09 -10.663522773787218 1.6228690284295952 0 -0.00014064864912694669 -0.00092417197370445094 -6.7221228583491666e-09 10.663522773787218 -1.6228690284295952 -0 1.4064864912694669e-08 9.2417197370445094e-08 6.7221228583491666e-13 -3.5545075912624059e-06 5.4095634280986505e-07 0 -10.663522773787218 1.6228690284295952 0 
0.012874707397926219 -0.0019529588856856406 -0.4420929797471283 -10.882025006846307 0.18804466787173135 0.0042316971915543483 -0.012874707397926219 0.0019529588856856406 0.4420929797471283 11.052562746095358 -2.0127674703642433 0.00879549927618988 1.2874707397926219e-06 -1.9529588856856406e-07 -4.4209297974712832e-05 -3.5545522747098502e-06 5.4096411081198625e-07 1.4175235137612238e-09 -10.66365682412955 1.6228923324359588 0.0042525705412836713 
0.0098512425653063396 0.064671628844208129 0.0071567274999173747 0.0003035305022427695 0.0019862355218176362 0.00099991085047840137 -0.0098512425653063396 -0.064671628844208129 -0.0071567274999173747 -0.0003035305022427695 -0.0019862355218176362 -0.00099991085047840137 9.8512425653063396e-07 6.4671628844208129e-06 7.1567274999173743e-07 1.0117683408092316e-10 6.6207850727254536e-10 3.3330361682613381e-10 0.0003035305022427695 0.0019862355218176362 0.00099991085047840137 
0.016331629116430678 -0.58282644853549548 -0.00073995762156497946 -0.00038733328988589856 -0.0028527057804852694 6.879950559022366e-07 -0.016331629116430678 0.58282644853549548 0.00073995762156497946 0.00038733328988589856 0.0028527057804852694 -6.879950559022366e-07 1.633162911643068e-06 -5.8282644853549548e-05 -7.3995762156497946e-08 -1.2911109662863286e-10 -9.5090192682842307e-10 2.2933168530074552e-13 -0.00038733328988589856 -0.0028527057804852694 6.879950559022366e-07 
-0.057479848407436356 0.0087544603845270824 0.01702425087844282 0.0056814291269534712 0.051242753759003001 -0.00049813150895936355 0.057479848407436356 -0.0087544603845270824 -0.01702425087844282 0.86666582172590678 -0.33876311590782432 3.0937016876503778 -5.7479848407436356e-06 8.7544603845270824e-07 1.702425087844282e-06 -6.8974537448267814e-10 1.0490882138561923e-10 -1.5938013116547043e-10 -0.0020692361234480343 0.00031472646415685768 -0.00047814039349641129 
-0.00077431758796486783 -0.0051035562603427009 0.0030041815490594505 -14.755105335712219 2.248432541122289 0.0091829002799129495 0.00077431758796486783 0.0051035562603427009 -0.0030041815490594505 14.755105335712219 -2.248432541122289 -0.0091829002799129495 -7.7431758796486783e-08 -5.1035562603427009e-07 3.0041815490594505e-07 -4.9183684452374064e-06 7.4947751370742968e-07 3.060966759970983e-09 -14.755105335712219 2.248432541122289 0.0091829002799129495 
0.00023990815501915346 0.0015736448142058021 1.5836984501582663e-08 -14.752920133907875 2.2491389534156232 0 -0.00023990815501915346 -0.0015736448142058021 -1.5836984501582663e-08 14.752920133907875 -2.2491389534156232 -0 2.3990815501915345e-08 1.5736448142058021e-07 1.5836984501582663e-12 -4.9176400446359584e-06 7.4971298447187441e-07 0 -14.752920133907875 2.2491389534156232 0 
0.005317439449145818 -0.00080825162121316019 -0.11987063999037172 -14.812878090328095 1.8602119371464094 0.018355867620063613 -0.005317439449145818 0.00080825162121316019 0.11987063999037172 14.852008446914544 -2.400836848197665 -0.012974781286920326 5.317439449145818e-07 -8.0825162121316019e-08 -1.1987063999037172e-05 -4.9178564716061996e-06 7.4974629232272124e-07 6.1212326760376286e-09 -14.7535694148186 2.2492388769681639 0.018363698028112885 
0.0031524145785444269 0.020646567166736352 0.0038283821019393272 1.3983806752186836e-05 3.2027059204411058e-05 0.0073117945171815805 -0.0031524145785444269 -0.020646567166736352 -0.0038283821019393272 -1.3983806752186836e-05 -3.2027059204411058e-05 -0.0073117945171815805 3.1524145785444269e-07 2.0646567166736352e-06 3.8283821019393272e-07 4.6612689173956121e-12 1.0675686401470352e-11 2.4372648390605267e-09 1.3983806752186836e-05 3.2027059204411058e-05 0.0073117945171815805 
0.019538972513362309 0.54454896082941695 0.00028583472262699861 0.0010704239842385741 -0.0024558991546867791 -1.2014548166342456e-05 -0.019538972513362309 -0.54454896082941695 -0.00028583472262699861 -0.0010704239842385741 0.0024558991546867791 1.2014548166342456e-05 1.9538972513362309e-06 5.4454896082941692e-05 2.8583472262699861e-08 3.5680799474619141e-10 -8.1863305156225977e-10 -4.0048493887808188e-12 0.0010704239842385741 -0.0024558991546867791 -1.2014548166342456e-05 
0.041948986440349528 -0.0063714347985511371 0.042977521987652777 0.01871824802529435 0.12941688255910389 0.0063245535450756861 -0.041948986440349528 0.0063714347985511371 -0.042977521987652777 2.283407120602392 -0.19934762520566968 -2.2637228527677937 4.1948986440349528e-06 -6.3714347985511371e-07 4.2977521987652775e-06 -3.2941951371248727e-10 5.140283061958629e-11 2.132067364273514e-09 -0.00098825854113746177 0.00015420849185875888 0.0063962020928205422 
0.0008032848244909907 0.0052625596520979034 -0.0004690833161203993 -19.442313978762694 2.9645011692591781 -0.047827158490782999 -0.0008032848244909907 -0.0052625596520979034 0.0004690833161203993 19.442313978762694 -2.9645011692591781 0.047827158490782999 8.032848244909907e-08 5.2625596520979034e-07 -4.690833161203993e-08 -6.4807713262542312e-06 9.8816705641972606e-07 -1.5942386163594334e-08 -19.442313978762694 2.9645011692591781 -0.047827158490782999 
0.00036825814391154137 0.0024108015625634517 3.1976227221619524e-08 -19.441948086861061 2.9698237414775011 0 -0.00036825814391154137 -0.0024108015625634517 -3.1976227221619524e-08 19.441948086861061 -2.9698237414775011 -0 3.6825814391154139e-08 2.4108015625634517e-07 3.1976227221619524e-12 -6.48064936228702e-06 9.8994124715916708e-07 0 -19.441948086861061 2.9698237414775011 0 
-0.019565390534780763 0.0029992346335921266 -0.39810497446028859 -19.639079325200203 1.6776821416628092 -0.005688110580211383 0.019565390534780763 -0.0029992346335921266 0.39810497446028859 19.911274454405287 -2.5388079064909812 -0.014176806287594851 -1.9565390534780763e-06 2.9992346335921266e-07 -3.9810497446028861e-05 -6.4805690684029745e-06 9.8992704078955677e-07 -1.884611561442788e-09 -19.441707205208925 2.9697811223686701 -0.0056538346843283639 
0.0013617777197549863 0.0089092281724267863 0.00069123894597193343 0.00041157949657898027 0.0024817563316891752 0.025940052003090804 -0.0013617777197549863 -0.0089092281724267863 -0.00069123894597193343 -0.00041157949657898027 -0.0024817563316891752 -0.025940052003090804 1.3617777197549863e-07 8.9092281724267863e-07 6.9123894597193343e-08 1.3719316552632676e-10 8.2725211056305843e-10 8.6466840010302681e-09 0.00041157949657898027 0.0024817563316891752 0.025940052003090804 
-0.074916474753709938 -0.36918328040375092 0.00042962329090123763 0.00080653456165304333 0.0008063673581314532 -6.9335757727969731e-06 0.074916474753709938 0.36918328040375092 -0.00042962329090123763 -0.00080653456165304333 -0.0008063673581314532 6.9335757727969731e-06 -7.4916474753709936e-06 -3.6918328040375091e-05 4.2962329090123763e-08 2.6884485388434779e-10 2.6878911937715106e-10 -2.3111919242656578e-12 0.00080653456165304333 0.0008063673581314532 -6.9335757727969731e-06 
0.0050754972109390891 -0.00079381501624613271 -0.026617586499797986 -0.011492693965936496 -0.080052655980570459 -0.0079795168735839299 -0.0050754972109390891 0.00079381501624613271 0.026617586499797986 -1.3976743012008377 0.23253614902034925 -0.265270908752955 5.0754972109390891e-07 -7.9381501624613271e-08 -2.6617586499797985e-06 2.3930659369835717e-10 -3.8418340180488192e-11 -2.6783802485333882e-09 0.00071791978109507157 -0.00011525502054146457 -0.0080351407456001646 
0.0025466758236947218 0.016605481855860166 0.003596324285689065 -24.690630833943629 3.7791795617764214 0.015556096850709585 -0.0025466758236947218 -0.016605481855860166 -0.003596324285689065 24.690630833943629 -3.7791795617764214 -0.015556096850709585 2.5466758236947218e-07 1.6605481855860166e-06 3.5963242856890652e-07 -8.2302102779812092e-06 1.2597265205921405e-06 5.1853656169031948e-09 -24.690630833943629 3.7791795617764214 0.015556096850709585 
0.00052662826089932798 0.0034399741561767071 5.7946217268955991e-08 -24.688809736746975 3.7796286672653623 0 -0.00052662826089932798 -0.0034399741561767071 -5.7946217268955991e-08 24.688809736746975 -3.7796286672653623 -0 5.2662826089932801e-08 3.4399741561767072e-07 5.7946217268955991e-12 -8.2296032455823256e-06 1.2598762224217874e-06 0 -24.688809736746975 3.7796286672653623 0 
0.052448134165781861 -0.0080330086888596997 0.10944823220172964 -24.635498137533954 4.1351974568477585 0.0011227558837047498 -0.052448134165781861 0.0080330086888596997 -0.10944823220172964 24.37985530928589 -5.0799406950155568 0.052042641094164725 5.2448134165781861e-06 -8.0330086888596997e-07 1.0944823220172964e-05 -8.229968983505205e-06 1.2599316581859321e-06 3.7026071292753708e-10 -24.689906950515613 3.7797949745577961 0.0011107821387826113 
-0.0043013192049801141 -0.028149400868489327 0.0064210522595856004 0.00013265433538475632 0.00089958841991783422 -0.0040189643112945872 0.0043013192049801141 0.028149400868489327 -0.0064210522595856004 -0.00013265433538475632 -0.00089958841991783422 0.0040189643112945872 -4.3013192049801141e-07 -2.8149400868489327e-06 6.4210522595856004e-07 4.4218111794918771e-11 2.9986280663927807e-10 -1.3396547704315289e-09 0.00013265433538475632 0.00089958841991783422 -0.0040189643112945872 
0.063834359157824164 -0.30620195090594271 -0.00078989736924939269 0.0011756340589502783 0.0028427947963976029 -9.3069018501676265e-06 -0.063834359157824164 0.30620195090594271 0.00078989736924939269 -0.0011756340589502783 -0.0028427947963976029 9.3069018501676265e-06 6.3834359157824167e-06 -3.0620195090594268e-05 -7.8989736924939269e-08 3.9187801965009274e-10 9.4759826546586765e-10 -3.1023006167225419e-12 0.0011756340589502783 0.0028427947963976029 -9.3069018501676265e-06 
-0.12882973007302093 0.01972404333867861 0.0018819069806079419 -0.0028263783017271702 0.0057193826201059885 0.00059055505025847749 0.12882973007302093 -0.01972404333867861 -0.0018819069806079419 0.033833587118669073 -0.46476498683235812 6.9332727381829731 -1.2882973007302093e-05 1.972404333867861e-06 1.8819069806079419e-07 -1.2057031234720366e-09 1.8474377359881846e-10 1.9826832071850137e-10 -0.0036171093704161095 0.00055423132079645534 0.00059480496215550413 
-0.006947530813150582 -0.045224035940313184 -0.0065418104430960055 -30.40057723375466 4.6625209514957273 0.019288651828625811 0.006947530813150582 0.045224035940313184 0.0065418104430960055 30.40057723375466 -4.6625209514957273 -0.019288651828625811 -6.947530813150582e-07 -4.5224035940313184e-06 -6.5418104430960057e-07 -1.0133525744584887e-05 1.5541736504985757e-06 6.4295506095419372e-09 -30.40057723375466 4.6625209514957273 0.019288651828625811 
0.00071840314384570537 0.0046819211305787357 9.7127653142514703e-08 -30.402085269890524 4.6649554804984055 0 -0.00071840314384570537 -0.0046819211305787357 -9.7127653142514703e-08 30.402085269890524 -4.6649554804984055 -0 7.1840314384570535e-08 4.6819211305787358e-07 9.7127653142514703e-12 -1.0134028423296841e-05 1.554985160166135e-06 0 -30.402085269890524 4.6649554804984055 0 
-0.013465826910943196 0.0020634199134408893 0.067318749713455778 -30.367888058838929 4.8832275753815031 0.008588395700198358 0.013465826910943196 -0.0020634199134408893 -0.067318749713455778 30.386551808193893 -4.3165340185850702 -0.022225071299444704 -1.3465826910943196e-06 2.0634199134408893e-07 6.7318749713455774e-06 -1.0133799871348944e-05 1.5549425430172354e-06 2.8597780927569138e-09 -30.401399614046831 4.6648276290517066 0.0085793342782707407 
-0.010928100324936185 -0.071175651202293189 -0.0053779507258743687 0.00030406162869999642 0.0019563249144937062 0.0030582205757586807 0.010928100324936185 0.071175651202293189 0.0053779507258743687 -0.00030406162869999642 -0.0019563249144937062 -0.0030582205757586807 -1.0928100324936185e-06 -7.1175651202293189e-06 -5.3779507258743691e-07 1.0135387623333215e-10 6.5210830483123544e-10 1.0194068585862269e-09 0.00030406162869999642 0.0019563249144937062 0.0030582205757586807 
-0.023717565237196814 -0.25494115827738728 9.3323233377184955e-05 -0.00059906716552486161 0.0050458401656133852 8.308534195019961e-06 0.023717565237196814 0.25494115827738728 -9.3323233377184955e-05 0.00059906716552486161 -0.0050458401656133852 -8.308534195019961e-06 -2.3717565237196814e-06 -2.5494115827738731e-05 9.3323233377184955e-09 -1.9968905517495386e-10 1.6819467218711283e-09 2.769511398339987e-12 -0.00059906716552486161 0.0050458401656133852 8.308534195019961e-06 
0.034419225342653119 -0.0053258534280387765 -0.047401760286326783 -0.019960040387852686 -0.14252899765333951 0.0017000536958888721 -0.034419225342653119 0.0053258534280387765 0.047401760286326783 -2.4758126014051554 0.50407877803854695 -1.8545452132143172 3.4419225342653117e-06 -5.3258534280387765e-07 -4.7401760286326784e-06 6.2196737229502971e-10 -9.4943770472748637e-11 5.2210431127206891e-10 0.0018659021168850891 -0.00028483131141824594 0.0015663129338162067 
-0.010666046028201537 -0.06936653792978878 0.0020623931443738489 -36.590087641697139 5.6268473941190464 0.023409765037758851 0.010666046028201537 0.06936653792978878 -0.0020623931443738489 36.590087641697139 -5.6268473941190464 -0.023409765037758851 -1.0666046028201537e-06 -6.936653792978878e-06 2.0623931443738486e-07 -1.2196695880565714e-05 1.8756157980396822e-06 7.8032550125862833e-09 -36.590087641697139 5.6268473941190464 0.023409765037758851 
0.00094171043503437995 0.0061228941038475627 1.5289505772564382e-07 -36.591000631749964 5.6277516055055408 0 -0.00094171043503437995 -0.0061228941038475627 -1.5289505772564382e-07 36.591000631749964 -5.6277516055055408 -0 9.417104350343799e-08 6.1228941038475631e-07 1.5289505772564382e-11 -1.2197000210583321e-05 1.8759172018351801e-06 0 -36.591000631749964 5.6277516055055408 0 
-0.0088805336124174461 0.0013600866072271955 0.11521951036684792 -36.53260400126873 6.0014581631625319 0.016839011963426832 0.0088805336124174461 -0.0013600866072271955 -0.11521951036684792 36.5101884142816 -5.387124736823143 -0.025818472437815307 -8.8805336124174461e-07 1.3600866072271955e-07 1.1521951036684792e-05 -1.2196700434349706e-05 1.8758725301666768e-06 5.6067806061358179e-09 -36.590101303049117 5.6276175905000301 0.016820341818407452 
-0.0089912002071423913 -0.05846425895312396 0.00054453897114728088 -1.0404513416878094e-05 -0.00020240156742005477 0.016196932059509568 0.0089912002071423913 0.05846425895312396 -0.00054453897114728088 1.0404513416878094e-05 0.00020240156742005477 -0.016196932059509568 -8.9912002071423913e-07 -5.846425895312396e-06 5.4453897114728088e-08 -3.4681711389593647e-12 -6.7467189140018258e-11 5.3989773531698557e-09 -1.0404513416878094e-05 -0.00020240156742005477 0.016196932059509568 
-0.020866282272616547 -0.21346591576973661 0.0001089200405562929 0.00095519721465851023 0.011707617735436845 -4.1549425209727012e-06 0.020866282272616547 0.21346591576973661 -0.0001089200405562929 -0.00095519721465851023 -0.011707617735436845 4.1549425209727012e-06 -2.0866282272616549e-06 -2.1346591576973662e-05 1.089200405562929e-08 3.1839907155283675e-10 3.9025392451456151e-09 -1.3849808403242338e-12 0.00095519721465851023 0.011707617735436845 -4.1549425209727012e-06 
0.002305266443722526 -0.00039507891158238606 -0.038634968967925565 -0.017319936373250897 -0.11613634222806213 -0.025777260064233497 -0.002305266443722526 0.00039507891158238606 0.038634968967925565 -2.0305558751034347 0.32186451081560852 -0.098518899045467734 2.305266443722526e-07 -3.9507891158238606e-08 -3.8634968967925561e-06 1.7508643379277126e-10 -3.5984405316003626e-11 -8.6329915468003596e-09 0.00052525930137831372 -0.00010795321594801089 -0.025898974640401078 
0.0017023714175834481 0.011044503524394039 -0.00024922329268473411 -43.211079277060641 6.6602847698768377 0.027922665149168573 -0.0017023714175834481 -0.011044503524394039 0.00024922329268473411 43.211079277060641 -6.6602847698768377 -0.027922665149168573 1.7023714175834481e-07 1.1044503524394039e-06 -2.4922329268473411e-08 -1.4403693092353547e-05 2.2200949232922793e-06 9.3075550497228574e-09 -43.211079277060641 6.6602847698768377 0.027922665149168573 
0.0011947027549698427 0.0077494584532475097 2.285554384640065e-07 -43.212593623825128 6.661911275895867 0 -0.0011947027549698427 -0.0077494584532475097 -2.285554384640065e-07 43.212593623825128 -6.661911275895867 -0 1.1947027549698426e-07 7.7494584532475101e-07 2.285554384640065e-11 -1.4404197874608376e-05 2.2206370919652889e-06 0 -43.212593623825128 6.661911275895867 0 
-0.041527234137571714 0.0063817259080001243 0.34565967260662628 -43.039882692075146 7.7833683462545542 -0.0040859906080244436 0.041527234137571714 -0.0063817259080001243 -0.34565967260662628 43.030862086347916 -5.5666613922740282 -0.037923587469903354 -4.1527234137571714e-06 6.3817259080001243e-07 3.456596726066263e-05 -1.4404255078072831e-05 2.2206560144719723e-06 -1.3840459558012515e-09 -43.212765234218494 6.661968043415917 -0.004152137867403754 
0.0084882051631929301 0.055035969075169222 0.0027059556670814221 8.5471242798074881e-05 0.00078732794757911803 -0.027784451224978118 -0.0084882051631929301 -0.055035969075169222 -0.0027059556670814221 -8.5471242798074881e-05 -0.00078732794757911803 0.027784451224978118 8.4882051631929301e-07 5.5035969075169222e-06 2.7059556670814221e-07 2.8490414266024959e-11 2.6244264919303934e-10 -9.261483741659373e-09 8.5471242798074881e-05 0.00078732794757911803 -0.027784451224978118 
0.034405309356131362 -0.17604705277653313 -0.00039566902344800869 5.9312751676397142e-05 -0.01319862449018375 -5.1561965684524733e-06 -0.034405309356131362 0.17604705277653313 0.00039566902344800869 -5.9312751676397142e-05 0.01319862449018375 5.1561965684524733e-06 3.4405309356131362e-06 -1.7604705277653312e-05 -3.9566902344800869e-08 1.9770917225465714e-11 -4.3995414967279166e-09 -1.7187321894841578e-12 5.9312751676397142e-05 -0.01319862449018375 -5.1561965684524733e-06 
-0.032301760356169724 0.0050285501002576838 0.04230330114756406 0.017207945260117451 0.12729914703010414 0.011138905987758659 0.032301760356169724 -0.0050285501002576838 -0.04230330114756406 2.2090921412590725 -0.4567445290626661 1.7279699221361298 -3.2301760356169724e-06 5.0285501002576838e-07 4.2303301147564061e-06 -7.8635708525953092e-10 1.2556338379064136e-10 3.7617186396406511e-09 -0.0023590712557785927 0.00037669015137192406 0.011285155918921954 
-0.0057435892573953762 -0.037154984297779747 -0.001380342884933273 -50.287525563675366 7.7691614751230418 0.032862215174309692 0.0057435892573953762 0.037154984297779747 0.001380342884933273 50.287525563675366 -7.7691614751230418 -0.032862215174309692 -5.7435892573953762e-07 -3.7154984297779747e-06 -1.380342884933273e-07 -1.6762508521225122e-05 2.5897204917076806e-06 1.0954071724769897e-08 -50.287525563675366 7.7691614751230418 0.032862215174309692 
0.0014817561372474316 0.0095883867166056628 3.291354688794712e-07 -50.288741549594306 7.7714482767482913 0 -0.0014817561372474316 -0.0095883867166056628 -3.291354688794712e-07 50.288741549594306 -7.7714482767482913 -0 1.4817561372474316e-07 9.5883867166056629e-07 3.291354688794712e-11 -1.6762913849864769e-05 2.590482758916097e-06 0 -50.288741549594306 7.7714482767482913 0 
-0.053849346237679063 0.0083358251495163627 -0.20617936145452731 -50.391308324050527 7.1021083135413914 0.0056802288236508245 0.053849346237679063 -0.0083358251495163627 0.20617936145452731 50.701201895366729 -6.4509107626283591 -0.060289464282534323 -5.3849346237679063e-06 8.3358251495163627e-07 -2.0617936145452731e-05 -1.6762631493148229e-05 2.5904323416533251e-06 1.9087234045687355e-09 -50.287894479444688 7.7712970249599751 0.0057261702137062064 
0.0065560737594339002 0.042407287011748951 0.0020033758070978308 0.00017994523017293744 0.0012519607080950339 -0.01035043949844772 -0.0065560737594339002 -0.042407287011748951 -0.0020033758070978308 -0.00017994523017293744 -0.0012519607080950339 0.01035043949844772 6.5560737594339002e-07 4.2407287011748951e-06 2.0033758070978308e-07 5.9981743390979144e-11 4.1732023603167794e-10 -3.4501464994825735e-09 0.00017994523017293744 0.0012519607080950339 -0.01035043949844772 
-0.058310290068450815 0.85905735258440985 0.00080568642209233321 -0.001384705091098283 0.0045555572822353315 1.4857933099661682e-05 0.058310290068450815 -0.85905735258440985 -0.00080568642209233321 0.001384705091098283 -0.0045555572822353315 -1.4857933099661682e-05 -5.8310290068450815e-06 8.590573525844099e-05 8.0568642209233321e-08 -4.6156836369942764e-10 1.5185190940784437e-09 4.9526443665538941e-12 -0.001384705091098283 0.0045555572822353315 1.4857933099661682e-05 
0.070424301205618531 -0.010947130481067657 -0.051271341785642542 -0.020917739679957591 -0.15412234683524101 0.0095792509775425722 -0.070424301205618531 0.010947130481067657 0.051271341785642542 -2.6604729849459856 0.66262559594826298 -3.8012046051931478 7.0424301205618527e-06 -1.0947130481067657e-06 -5.1271341785642541e-06 9.445388375959827e-10 -1.42048805842683e-10 3.1289822364770123e-09 0.0028336165127879481 -0.000426146417528049 0.0093869467094310367 
0.0087906341875165772 0.056829720452063887 -0.0094279595206230877 -57.88547806346876 8.9657362924274313 -0.021777052258453652 -0.0087906341875165772 -0.056829720452063887 0.0094279595206230877 57.88547806346876 -8.9657362924274313 0.021777052258453652 8.7906341875165772e-07 5.6829720452063887e-06 -9.4279595206230883e-07 -1.9295159354489586e-05 2.988578764142477e-06 -7.2590174194845508e-09 -57.88547806346876 8.9657362924274313 -0.021777052258453652 
0.0017992983215557282 0.011615622524350404 4.5900387657393793e-07 -57.885162125614094 8.9666029381772887 0 -0.0017992983215557282 -0.011615622524350404 -4.5900387657393793e-07 57.885162125614094 -8.9666029381772887 -0 1.7992983215557282e-07 1.1615622524350405e-06 4.5900387657393793e-11 -1.9295054041871365e-05 2.9888676460590963e-06 0 -57.885162125614094 8.9666029381772887 0 
0.051467046496885688 -0.008002273264168247 0.37804427769753757 -57.696169754579223 10.193479342672756 -0.013456707015377685 -0.051467046496885688 0.008002273264168247 -0.37804427769753757 57.311255416179691 -10.200909547952527 0.065701766083488336 5.1467046496885688e-06 -8.002273264168247e-07 3.7804427769753755e-05 -1.9295398353891889e-05 2.9889137392856426e-06 -4.5178865444495624e-09 -57.886195061675672 8.9667412178569279 -0.013553659633348687 
0.010326162094842495 0.066718527175248232 -0.0066083752214854078 0.00010467558082496019 0.00061365476450216659 0.0072833738209852816 -0.010326162094842495 -0.066718527175248232 0.0066083752214854078 -0.00010467558082496019 -0.00061365476450216659 -0.0072833738209852816 1.0326162094842495e-06 6.6718527175248232e-06 -6.6083752214854082e-07 3.489186027498673e-11 2.0455158816738886e-10 2.4277912736617607e-09 0.00010467558082496019 0.00061365476450216659 0.0072833738209852816 
-0.034758025303474778 0.89469310785737621 0.00052107350191621382 -0.00013032868077030545 -0.0036615908531536191 5.8224216087288922e-07 0.034758025303474778 -0.89469310785737621 -0.00052107350191621382 0.00013032868077030545 0.0036615908531536191 -5.8224216087288922e-07 -3.4758025303474778e-06 8.946931078573762e-05 5.2107350191621382e-08 -4.3442893590101812e-11 -1.2205302843845396e-09 1.9408072029096307e-13 -0.00013032868077030545 -0.0036615908531536191 5.8224216087288922e-07 
0.054395541805622116 -0.0084426621540546753 -0.012421623834812944 -0.0066632975003827607 -0.036957221141100033 -0.010360974285867772 -0.054395541805622116 0.0084426621540546753 0.012421623834812944 -0.62291267207933088 0.28954300722197984 -2.918291745653256 5.439554180562212e-06 -8.4426621540546753e-07 -1.2421623834812945e-06 -3.062378913028826e-10 4.2761128330432302e-11 -3.4703128109108422e-09 -0.00091871367390864778 0.0001282833849912969 -0.010410938432732527 
0.0032963274926300912 0.021272776235467528 -0.0049753219769854097 -65.980707676663741 10.250180351604497 -0.015974997025911684 -0.0032963274926300912 -0.021272776235467528 0.0049753219769854097 65.980707676663741 -10.250180351604497 0.015974997025911684 3.2963274926300912e-07 2.1272776235467528e-06 -4.9753219769854099e-07 -2.1993569225554582e-05 3.4167267838681657e-06 -5.3249990086372283e-09 -65.980707676663741 10.250180351604497 -0.015974997025911684 
0.0021582402212291141 0.013900189188296974 6.2618119023305496e-07 -65.981910769313743 10.244811186870654 0 -0.0021582402212291141 -0.013900189188296974 -6.2618119023305496e-07 65.981910769313743 -10.244811186870654 -0 2.158240221229114e-07 1.3900189188296974e-06 6.2618119023305496e-11 -2.1993970256437915e-05 3.4149370622902181e-06 0 -65.981910769313743 10.244811186870654 0 
-0.018037132397414474 0.0027831968206493141 0.19292480482747432 -65.883984762727266 10.870529933552778 -0.0018942154177243741 0.018037132397414474 -0.0027831968206493141 -0.19292480482747432 65.8601822442632 -9.7622582172147254 -0.016319448177261414 -1.8037132397414474e-06 2.7831968206493141e-07 1.9292480482747432e-05 -2.1993717441019321e-05 3.4149073539740036e-06 -6.5019945959544795e-10 -65.98115232305797 10.24472206192201 -0.0019505983787863439 
0.0090186408086001535 0.058143691284325005 -0.0068746982401752896 -9.103854783504151e-05 -0.00054204264006644143 -0.005153453243038582 -0.0090186408086001535 -0.058143691284325005 0.0068746982401752896 9.103854783504151e-05 0.00054204264006644143 0.005153453243038582 9.0186408086001535e-07 5.8143691284325005e-06 -6.8746982401752892e-07 -3.0346182611680505e-11 -1.8068088002214715e-10 -1.7178177476795273e-09 -9.103854783504151e-05 -0.00054204264006644143 -0.005153453243038582 
-0.0078043801028106988 -0.068369305606982608 7.0189577344725862e-05 -5.0661966883991323e-05 -0.00044830785232458418 4.5508123330603543e-07 0.0078043801028106988 0.068369305606982608 -7.0189577344725862e-05 5.0661966883991323e-05 0.00044830785232458418 -4.5508123330603543e-07 -7.8043801028106988e-07 -6.8369305606982605e-06 7.0189577344725862e-09 -1.6887322294663775e-11 -1.4943595077486139e-10 1.5169374443534514e-13 -5.0661966883991323e-05 -0.00044830785232458418 4.5508123330603543e-07 
-0.059970196945625942 0.0092901293884985192 -0.014691590864144443 -0.0072298108334931136 -0.044299527158302654 0.0020541014869735696 0.059970196945625942 -0.0092901293884985192 0.014691590864144443 -0.80405272407871931 -0.086678348925826501 3.2267297940099806 -5.9970196945625942e-06 9.2901293884985192e-07 -1.4691590864144442e-06 -1.1430509145155851e-10 1.8703417433147737e-11 6.6339868701662305e-10 -0.00034291527435467554 5.6110252299443209e-05 0.0019901960610498692 
0.00043427037563215087 0.0027697463403364431 0.0023922221365956439 -74.615316475045162 11.616827048512681 0.05019926364465651 -0.00043427037563215087 -0.0027697463403364431 -0.0023922221365956439 74.615316475045162 -11.616827048512681 -0.05019926364465651 4.3427037563215087e-08 2.7697463403364431e-07 2.3922221365956441e-07 -2.4871772158348386e-05 3.8722756828375604e-06 1.673308788155217e-08 -74.615316475045162 11.616827048512681 0.05019926364465651 
0.0025622531814314779 0.016463865746103094 8.3874324152688473e-07 -74.609663596504703 11.611419265911174 0 -0.0025622531814314779 -0.016463865746103094 -8.3874324152688473e-07 74.609663596504703 -11.611419265911174 -0 2.562253181431478e-07 1.6463865746103093e-06 8.3874324152688473e-11 -2.4869887865501567e-05 3.870473088637058e-06 0 -74.609663596504703 11.611419265911174 0 
0.015123251035174118 -0.0023772839702340676 0.23233594975903027 -74.494176978819198 12.36545207134883 0.010467847252472885 -0.015123251035174118 0.0023772839702340676 -0.23233594975903027 74.3220182683486 -11.955600572397305 0.0049319770049586521 1.5123251035174118e-06 -2.3772839702340676e-07 2.3233594975903028e-05 -2.4870494966134577e-05 3.8705613143393857e-06 3.463681884467755e-09 -74.611484898403731 11.611683943018157 0.010391045653403265 
0.0063024588345395038 0.040517740707499139 -0.0024211786827033543 -0.00029518104722432844 -0.0017662919050185587 -0.015083718258029068 -0.0063024588345395038 -0.040517740707499139 0.0024211786827033543 0.00029518104722432844 0.0017662919050185587 0.015083718258029068 6.3024588345395038e-07 4.0517740707499139e-06 -2.4211786827033543e-07 -9.8393682408109487e-11 -5.8876396833951955e-10 -5.0279060860096894e-09 -0.00029518104722432844 -0.0017662919050185587 -0.015083718258029068 
0.021453333943484247 -0.03136377599723237 -0.00022021224170554188 -4.5659995504281343e-05 0.0020319828249921483 5.7651909399224427e-07 -0.021453333943484247 0.03136377599723237 0.00022021224170554188 4.5659995504281343e-05 -0.0020319828249921483 -5.7651909399224427e-07 2.1453333943484247e-06 -3.1363775997232373e-06 -2.2021224170554188e-08 -1.5219998501427115e-11 6.7732760833071611e-10 1.9217303133074809e-13 -4.5659995504281343e-05 0.0020319828249921483 5.7651909399224427e-07 
-0.041498395681716614 0.0064922601044313522 0.022227625204424176 0.0087389075864368615 0.066820468425175014 -0.003253222525597556 0.041498395681716614 -0.0064922601044313522 -0.022227625204424176 1.1476572237948812 -0.32597135637859237 2.2379075654407248 -4.1498395681716614e-06 6.4922601044313522e-07 2.2227625204424177e-06 -5.4053431480075523e-10 8.2514152172721374e-11 -1.0504529766171575e-09 -0.0016216029444022658 0.0002475424565181641 -0.0031513589298514722 
-0.00087036746240776175 -0.0055924981764293724 0.0014822442115985045 -83.795204362473257 13.072082812444899 -0.0032891201527527184 0.00087036746240776175 0.0055924981764293724 -0.0014822442115985045 83.795204362473257 -13.072082812444899 0.0032891201527527184 -8.7036746240776175e-08 -5.5924981764293724e-07 1.4822442115985045e-07 -2.7931734787491087e-05 4.3573609374816332e-06 -1.0963733842509062e-09 -83.795204362473257 13.072082812444899 -0.0032891201527527184 
0.0030238000416412218 0.019384554624850177 1.1092343710217278e-06 -83.794904852301585 13.071181757092866 0 -0.0030238000416412218 -0.019384554624850177 -1.1092343710217278e-06 83.794904852301585 -13.071181757092866 -0 3.0238000416412216e-07 1.9384554624850176e-06 1.1092343710217278e-10 -2.7931634950767197e-05 4.3570605856976221e-06 0 -83.794904852301585 13.071181757092866 0 
-0.046050776631115925 0.0071872432962083455 -0.033008293007884923 -83.811659016181295 12.963904406675136 -0.0065911817146197278 0.046050776631115925 -0.0071872432962083455 0.033008293007884923 84.008003599368294 -11.920141177338788 -0.040064980414976553 -4.6050776631115925e-06 7.1872432962083455e-07 -3.3008293007884926e-06 -2.7931641683129278e-05 4.357060075478053e-06 -2.1929681711905466e-09 -83.794925049387828 13.071180226434159 -0.0065789045135716401 
0.0076460398343303204 0.048968735481720593 0.0054723424362562896 0.00037959214797760244 0.0023285330059843777 0.012089903338101147 -0.0076460398343303204 -0.048968735481720593 -0.0054723424362562896 -0.00037959214797760244 -0.0023285330059843777 -0.012089903338101147 7.6460398343303204e-07 4.8968735481720593e-06 5.4723424362562896e-07 1.2653071599253415e-10 7.7617766866145929e-10 4.0299677793670492e-09 0.00037959214797760244 0.0023285330059843777 0.012089903338101147 
-0.029829737494079356 0.0031004914753568055 0.00030714483144345106 -0.00024019660900397467 0.002561044580389471 2.4598694838013731e-06 0.029829737494079356 -0.0031004914753568055 -0.00030714483144345106 0.00024019660900397467 -0.002561044580389471 -2.4598694838013731e-06 -2.9829737494079358e-06 3.1004914753568055e-07 3.0714483144345106e-08 -8.0065536334658221e-11 8.5368152679649036e-10 8.1995649460045776e-13 -0.00024019660900397467 0.002561044580389471 2.4598694838013731e-06 
0.070588348073030369 -0.010952149356868723 0.036470651076152702 0.017857931904113371 0.10963100056767691 -0.02638521336308584 -0.070588348073030369 0.010952149356868723 -0.036470651076152702 1.9540083402309931 -0.057113156786049259 -3.7743585466676226 7.0588348073030369e-06 -1.0952149356868723e-06 3.6470651076152703e-06 2.4414111139493663e-10 -5.2161163084910752e-11 -8.7360973364920232e-09 0.00073242333418480987 -0.00015648348925473225 -0.02620829200947607 
-0.0027023619028621049 -0.017294492261057601 0.0012336186901359405 -93.550361803010574 14.628379915689163 -0.056412143731139848 0.0027023619028621049 0.017294492261057601 -0.0012336186901359405 93.550361803010574 -14.628379915689163 0.056412143731139848 -2.7023619028621049e-07 -1.7294492261057601e-06 1.2336186901359405e-07 -3.1183453934336859e-05 4.8761266385630542e-06 -1.880404791037995e-08 -93.550361803010574 14.628379915689163 -0.056412143731139848 
0.0035396512070448864 0.022638889439881738 1.4464145159376329e-06 -93.549130103243513 14.626657909491287 0 -0.0035396512070448864 -0.022638889439881738 -1.4464145159376329e-06 93.549130103243513 -14.626657909491287 -0 3.5396512070448865e-07 2.2638889439881739e-06 1.4464145159376329e-10 -3.1183043367747838e-05 4.8755526364970958e-06 0 -93.549130103243513 14.626657909491287 0 
0.0070420575712035194 -0.0011275692052281627 0.20757628183658675 -93.443802752464947 15.299993866380317 -0.022740831822304755 -0.0070420575712035194 0.0011275692052281627 -0.20757628183658675 93.315565257929677 -14.771365844743082 0.029962853935135723 7.0420575712035194e-07 -1.1275692052281627e-07 2.0757628183658674e-05 -3.118302699733147e-05 4.8755519241006394e-06 -7.6089572942373389e-09 -93.549080991994416 14.626655772301918 -0.022826871882712017 
0.0027761319004726559 0.017702707396614892 0.0060816264655698064 -0.00039192596470867774 -0.0026524998930108437 0.01677133357216443 -0.0027761319004726559 -0.017702707396614892 -0.0060816264655698064 0.00039192596470867774 0.0026524998930108437 -0.01677133357216443 2.7761319004726559e-07 1.7702707396614892e-06 6.0816264655698068e-07 -1.3064198823622591e-10 -8.8416663100361456e-10 5.5904445240548094e-09 -0.00039192596470867774 -0.0026524998930108437 0.01677133357216443 
0.047185166535697709 0.034656970712994006 -0.00049326499003410351 -0.00011984421798752182 -0.010651956720319889 1.8534102838392608e-06 -0.047185166535697709 -0.034656970712994006 0.00049326499003410351 0.00011984421798752182 0.010651956720319889 -1.8534102838392608e-06 4.7185166535697711e-06 3.4656970712994005e-06 -4.9326499003410351e-08 -3.9948072662507274e-11 -3.5506522401066298e-09 6.1780342794642028e-13 -0.00011984421798752182 -0.010651956720319889 1.8534102838392608e-06 
-0.075310418109018201 0.011778836444473195 0.002391865725047522 0.00089840204144780013 0.0068905003287135147 -0.0063692286225754298 0.075310418109018201 -0.011778836444473195 -0.002391865725047522 0.085376698030047812 -0.27882003981350495 4.0619595266947073 -7.5310418109018201e-06 1.1778836444473195e-06 2.3918657250475219e-07 -5.8764958451891229e-11 5.6175056138727109e-12 -2.1192160120136499e-09 -0.00017629487535567368 1.6852516841618132e-05 -0.0063576480360409493 
0.0062256519664516397 0.03971636475765504 0.0010413561818384915 -103.86848925888894 16.279990830790631 0.010795584129433027 -0.0062256519664516397 -0.03971636475765504 -0.0010413561818384915 103.86848925888894 -16.279990830790631 -0.010795584129433027 6.2256519664516397e-07 3.971636475765504e-06 1.0413561818384915e-07 -3.4622829752962982e-05 5.4266636102635441e-06 3.5985280431443426e-09 -103.86848925888894 16.279990830790631 0.010795584129433027 
0.0041236934496592138 0.026312974246693318 1.8667828394214325e-06 -103.86700386049549 16.277737341269159 0 -0.0041236934496592138 -0.026312974246693318 -1.8667828394214325e-06 103.86700386049549 -16.277737341269159 -0 4.1236934496592142e-07 2.6312974246693319e-06 1.8667828394214325e-10 -3.4622334620165162e-05 5.4259124470897194e-06 0 -103.86700386049549 16.277737341269159 0 
-0.033355203035954906 0.0052126888734627119 0.10321915323009212 -103.81504037761924 16.612462308658301 0.021636254099224789 0.033355203035954906 -0.0052126888734627119 -0.10321915323009212 103.89633431009395 -15.424431190097023 -0.055363143545860811 -3.3355203035954906e-06 5.2126888734627119e-07 1.0321915323009212e-05 -3.4622494836629973e-05 5.4259401713074841e-06 7.196257146539181e-09 -103.86748450988992 16.277820513922453 0.021588771439617543 
0.0032382096495919832 0.02068995941358065 -0.0031252435816832877 0.00027918951942295414 0.0017992474584134915 -0.0020417731972227657 -0.0032382096495919832 -0.02068995941358065 0.0031252435816832877 -0.00027918951942295414 -0.0017992474584134915 0.0020417731972227657 3.2382096495919832e-07 2.068995941358065e-06 -3.1252435816832877e-07 9.3063173140984705e-11 5.997491528044972e-10 -6.8059106574092192e-10 0.00027918951942295414 0.0017992474584134915 -0.0020417731972227657 
0.036484070826091342 0.064433352946014058 -0.00039054513845115935 7.0613062463099874e-05 0.0045834575469360624 -1.2114660247751567e-06 -0.036484070826091342 -0.064433352946014058 0.00039054513845115935 -7.0613062463099874e-05 -0.0045834575469360624 1.2114660247751567e-06 3.6484070826091342e-06 6.4433352946014054e-06 -3.9054513845115935e-08 2.3537687487699957e-11 1.5278191823120208e-09 -4.0382200825838553e-13 7.0613062463099874e-05 0.0045834575469360624 -1.2114660247751567e-06 
-0.037485310689176071 0.0059431058167802586 0.039171472503465594 0.01720941701075894 0.11765844770104375 0.015712070646879725 0.037485310689176071 -0.0059431058167802586 -0.039171472503465594 2.0395464005438151 -0.45312153286056822 2.0034058840976785 -3.7485310689176071e-06 5.9431058167802586e-07 3.9171472503465595e-06 -3.985519849645099e-10 7.1752037510361252e-11 5.3059223984842839e-09 -0.0011956559548935298 0.00021525611253108375 0.015917767195452851 
0.0084183012408894919 0.053590550082634886 0.00029486316529753263 -114.74989524179725 18.027001408952227 0.018328359167274398 -0.0084183012408894919 -0.053590550082634886 -0.00029486316529753263 114.74989524179725 -18.027001408952227 -0.018328359167274398 8.4183012408894919e-07 5.3590550082634886e-06 2.9486316529753263e-08 -3.824996508059908e-05 6.0090004696507427e-06 6.1094530557581324e-09 -114.74989524179725 18.027001408952227 0.018328359167274398 
0.004782600870687089 0.030447216090061052 2.3866990328524906e-06 -114.75081475384384 18.024877707388647 0 -0.004782600870687089 -0.030447216090061052 -2.3866990328524906e-06 114.75081475384384 -18.024877707388647 -0 4.7826008706870887e-07 3.0447216090061052e-06 2.3866990328524906e-10 -3.8250271584614614e-05 6.0082925691295488e-06 0 -114.75081475384384 18.024877707388647 0 
0.047780616723586133 -0.0074317177851945804 -0.4693042449875231 -114.99048969519868 16.503065572512728 0.0064191346791468255 -0.047780616723586133 0.0074317177851945804 0.4693042449875231 115.02858799442896 -19.297350805506788 0.041708918151255457 4.7780616723586133e-06 -7.4317177851945804e-07 -4.6930424498752311e-05 -3.8250478331131148e-05 6.0083162876508805e-06 2.2192434536982399e-09 -114.75143499339345 18.024948862952641 0.0066577303610947198 
0.0090306204003631763 0.057483725146648124 0.00087122383479965254 -0.0004693339931531378 -0.0028770855028517526 -0.012750632569277645 -0.0090306204003631763 -0.057483725146648124 -0.00087122383479965254 0.0004693339931531378 0.0028770855028517526 0.012750632569277645 9.0306204003631763e-07 5.7483725146648124e-06 8.7122383479965254e-08 -1.5644466438437926e-10 -9.5902850095058426e-10 -4.2502108564258817e-09 -0.0004693339931531378 -0.0028770855028517526 -0.012750632569277645 
0.043707524737318301 0.091114356332848992 -0.0004775529520439914 -0.00073926097770535119 -0.026517929539364032 1.1562845178105237e-05 -0.043707524737318301 -0.091114356332848992 0.0004775529520439914 0.00073926097770535119 0.026517929539364032 -1.1562845178105237e-05 4.3707524737318301e-06 9.1114356332848992e-06 -4.775529520439914e-08 -2.4642032590178374e-10 -8.8393098464546767e-09 3.854281726035079e-12 -0.00073926097770535119 -0.026517929539364032 1.1562845178105237e-05 
0.06247905081544023 -0.0099007435299877655 -0.047959376735971379 -0.022042067379018714 -0.14377816020780099 0.011385926447812642 -0.06247905081544023 0.0099007435299877655 0.047959376735971379 -2.4870545730485172 0.61228023855507463 -3.3768278150627951 6.247905081544023e-06 -9.9007435299877655e-07 -4.7959376735971378e-06 1.7733590597683109e-10 -2.1142276976783205e-11 3.7085970166315193e-09 0.0005320077179304933 -6.3426830930349618e-05 0.011125791049894558 
-0.002683476687040387 -0.017040240971964021 -0.0005239053446556434 -126.18245395602561 19.863678493955469 -0.03389331746014583 0.002683476687040387 0.017040240971964021 0.0005239053446556434 126.18245395602561 -19.863678493955469 0.03389331746014583 -2.683476687040387e-07 -1.7040240971964021e-06 -5.239053446556434e-08 -4.2060817985341869e-05 6.621226164651823e-06 -1.1297772486715276e-08 -126.18245395602561 19.863678493955469 -0.03389331746014583 
0.0055093331237381221 0.034993892110949922 3.0166472098080988e-06 -126.17989989602476 19.865383931660613 0 -0.0055093331237381221 -0.034993892110949922 -3.0166472098080988e-06 126.17989989602476 -19.865383931660613 -0 5.5093331237381218e-07 3.499389211094992e-06 3.0166472098080988e-10 -4.2059966632008254e-05 6.6217946438868706e-06 0 -126.17989989602476 19.865383931660613 0 
-0.0036690176244760786 0.00062720633325907826 -0.2874952802171632 -126.3274664022597 18.933107861474848 0.0026902774180404196 0.0036690176244760786 -0.00062720633325907826 0.2874952802171632 126.48042892995245 -19.818107324696683 -0.0065731219552081907 -3.6690176244760786e-07 6.2720633325907826e-08 -2.8749528021716322e-05 -4.2060224120975665e-05 6.6218354825197018e-06 9.5034422869647531e-10 -126.180672362927 19.865506447559106 0.002851032686089426 
-0.0023013089675560927 -0.014603408766307446 -0.0016079088588306836 3.0370615993360218e-05 5.884136566574277e-05 0.015465226314539442 0.0023013089675560927 0.014603408766307446 0.0016079088588306836 -3.0370615993360218e-05 -5.884136566574277e-05 -0.015465226314539442 -2.3013089675560927e-07 -1.4603408766307446e-06 -1.6079088588306836e-07 1.0123538664453406e-11 1.961378855524759e-11 5.1550754381798138e-09 3.0370615993360218e-05 5.884136566574277e-05 0.015465226314539442 
-0.030774526759506364 0.11446047564726702 0.00031127058319757595 0.0011286661553540701 -0.01045878235985021 -1.035679624569863e-05 0.030774526759506364 -0.11446047564726702 -0.00031127058319757595 -0.0011286661553540701 0.01045878235985021 1.035679624569863e-05 -3.0774526759506362e-06 1.1446047564726702e-05 3.1127058319757595e-08 3.7622205178468999e-10 -3.4862607866167369e-09 -3.4522654152328767e-12 0.0011286661553540701 -0.01045878235985021 -1.035679624569863e-05 
0.042825947593437552 -0.0068200275950627831 -0.041790214358314377 -0.022167326417900049 -0.12487356437505305 0.0058357893117273749 -0.042825947593437552 0.0068200275950627831 0.041790214358314377 -2.1703336956531825 0.49385909237266723 -2.3128932388439352 4.2825947593437552e-06 -6.8200275950627831e-07 -4.1790214358314374e-06 -8.1522892784901295e-10 1.3181979495874533e-10 1.8675711245674556e-09 -0.0024456867835470388 0.00039545938487623599 0.0056027133737023673 
0.00048706218336302953 0.0031113982171607213 -0.0028545758154990926 -138.17789205637024 21.802099217264171 -0.02590208893850552 -0.00048706218336302953 -0.0031113982171607213 0.0028545758154990926 138.17789205637024 -21.802099217264171 0.02590208893850552 4.8706218336302953e-08 3.1113982171607213e-07 -2.8545758154990928e-07 -4.6059297352123414e-05 7.2673664057547242e-06 -8.6340296461685061e-09 -138.17789205637024 21.802099217264171 -0.02590208893850552 
0.0063229201424961313 0.040071495643304429 3.7832278282357024e-06 -138.17757178467352 21.803172999970169 0 -0.0063229201424961313 -0.040071495643304429 -3.7832278282357024e-06 138.17757178467352 -21.803172999970169 -0 6.322920142496131e-07 4.0071495643304427e-06 3.7832278282357024e-10 -4.6059190594891175e-05 7.2677243333233895e-06 0 -138.17757178467352 21.803172999970169 0 
0.035195257356360199 -0.0054947415242811992 -0.3111524155628389 -138.33704049258577 20.794322968257063 0.0080051019719555444 -0.035195257356360199 0.0054947415242811992 0.3111524155628389 138.34719850234106 -22.735305111590698 0.027420330700616311 3.5195257356360199e-06 -5.4947415242811992e-07 -3.1115241556283889e-05 -4.6059281985668093e-05 7.2677393061149466e-06 2.731868543609028e-09 -138.17784595700428 21.803217918344838 0.0081956056308270832 
-0.010531172553451817 -0.066756534601135342 0.0017584896007947267 -4.6278217292034782e-05 -0.00047012172544491534 0.020486937794828478 0.010531172553451817 0.066756534601135342 -0.0017584896007947267 4.6278217292034782e-05 0.00047012172544491534 -0.020486937794828478 -1.0531172553451817e-06 -6.6756534601135342e-06 1.7584896007947267e-07 -1.5426072430678261e-11 -1.5670724181497179e-10 6.8289792649428253e-09 -4.6278217292034782e-05 -0.00047012172544491534 0.020486937794828478 
-0.0022329126349578555 0.13516197196283875 -1.8620317787654272e-06 0.0014733807056281601 0.00056655893531836051 -1.6099101107044709e-05 0.0022329126349578555 -0.13516197196283875 1.8620317787654272e-06 -0.0014733807056281601 -0.00056655893531836051 1.6099101107044709e-05 -2.2329126349578555e-07 1.3516197196283874e-05 -1.8620317787654272e-10 4.9112690187605337e-10 1.888529784394535e-10 -5.3663670356815696e-12 0.0014733807056281601 0.00056655893531836051 -1.6099101107044709e-05 
-0.046123504338704824 0.0071956474213125121 -0.043085675374953121 -0.019649678194033498 -0.12962643334447502 0.0066929918618387303 0.046123504338704824 -0.0071956474213125121 0.043085675374953121 -2.2895913165507973 0.20088601732722813 2.4772658865957786 -4.6123504338704824e-06 7.1956474213125121e-07 -4.3085675374953118e-06 2.6206904008623045e-10 -3.7257108311899326e-11 2.148736372768829e-09 0.00078620712025869138 -0.00011177132493569797 0.0064462091183064875 
-0.0024989882583398293 -0.015745544509277246 -0.0066888060410732839 -150.71856938152987 23.836012481931636 -0.017669441767916169 0.0024989882583398293 0.015745544509277246 0.0066888060410732839 150.71856938152987 -23.836012481931636 0.017669441767916169 -2.4989882583398293e-07 -1.5745544509277246e-06 -6.688806041073284e-07 -5.0239523127176625e-05 7.9453374939772121e-06 -5.8898139226387236e-09 -150.71856938152987 23.836012481931636 -0.017669441767916169 
0.0072137683616940226 0.045618030626544792 4.6983329726746348e-06 -150.72036628608646 23.834036560640904 0 -0.0072137683616940226 -0.045618030626544792 -4.6983329726746348e-06 150.72036628608646 -23.834036560640904 -0 7.2137683616940228e-07 4.561803062654479e-06 4.6983329726746348e-10 -5.0240122095362155e-05 7.9446788535469679e-06 0 -150.72036628608646 23.834036560640904 0 
0.011368756043135531 -0.001845577059511605 0.23199830266005619 -150.59980254127746 24.586160160846763 -0.0051836854452450001 -0.011368756043135531 0.001845577059511605 -0.23199830266005619 150.44337733065814 -24.082988272747407 0.016851885260314593 1.1368756043135531e-06 -1.845577059511605e-07 2.3199830266005618e-05 -5.0239592556542216e-05 7.9445973262251684e-06 -1.7795539285392948e-09 -150.71877766962666 23.833791978675507 -0.0053386617856178847 
-0.00471466476414939 -0.02973998785241877 -0.0086620806697486515 -0.00025681640790726113 -0.0016343834287042324 0.0012041865704584369 0.00471466476414939 0.02973998785241877 0.0086620806697486515 0.00025681640790726113 0.0016343834287042324 -0.0012041865704584369 -4.71466476414939e-07 -2.973998785241877e-06 -8.6620806697486515e-07 -8.5605469302420376e-11 -5.447944762347441e-10 4.0139552348614564e-10 -0.00025681640790726113 -0.0016343834287042324 0.0012041865704584369 
0.017621918641357863 -0.84664034514419251 -1.3402378234994572e-05 -0.0010910074674450731 0.002622629506029222 1.1399279216839671e-05 -0.017621918641357863 0.84664034514419251 1.3402378234994572e-05 0.0010910074674450731 -0.002622629506029222 -1.1399279216839671e-05 1.7621918641357861e-06 -8.4664034514419251e-05 -1.3402378234994572e-09 -3.6366915581502437e-10 8.74209835343074e-10 3.7997597389465569e-12 -0.0010910074674450731 0.002622629506029222 1.1399279216839671e-05 
-0.061032839076165246 0.0097391939848229248 0.045234867456918584 0.023939730202857723 0.13513432859971686 0.0048632513629536852 0.061032839076165246 -0.0097391939848229248 -0.045234867456918584 2.3410746658269379 -0.5863387552215501 3.2832620122965142 -6.1032839076165246e-06 9.7391939848229248e-07 4.5234867456918587e-06 8.3652720751187369e-10 -1.2895696038346802e-10 1.7089543602819306e-09 0.002509581622535621 -0.00038687088115040409 0.0051268630808457916 
-0.0048473590524150678 -0.031338953453549298 0.0016917307775079864 -41.998596797327728 6.6009063824181773 -0.027342237407209875 0.0048473590524150678 0.031338953453549298 -0.0016917307775079864 41.998596797327728 -6.6009063824181773 0.027342237407209875 -4.8473590524150678e-07 -3.1338953453549298e-06 1.6917307775079864e-07 -1.3999532265775909e-05 2.2003021274727258e-06 -9.1140791357366246e-09 -41.998596797327728 6.6009063824181773 -0.027342237407209875 
0.0025854722970718711 0.016699462842695915 4.7912201983635327e-07 -42.028849453208885 6.5070611529642077 0 -0.0025854722970718711 -0.016699462842695915 -4.7912201983635327e-07 42.028849453208885 -6.5070611529642077 -0 2.5854722970718712e-07 1.6699462842695916e-06 4.7912201983635327e-11 -1.4009616484402961e-05 2.1690203843214026e-06 0 -42.028849453208885 6.5070611529642077 0 
-0.036329494531684318 0.005620489773473368 0.072392912739584481 -41.992009165422118 6.7415034990402347 -0.0049511288043564564 0.036329494531684318 -0.005620489773473368 -0.072392912739584481 42.097782316938506 -5.5837905476633916 -0.031851212383399351 -3.6329494531684318e-06 5.6204897734733685e-07 7.2392912739584486e-06 -1.4009440939005709e-05 2.168984712489657e-06 -1.6548625220140569e-09 -42.028322817017127 6.5069541374689708 -0.0049645875660421709 
-0.0051122374468415277 -0.033057711602904605 0.0021392206694514221 -0.0023930303190965855 -0.015563503915687484 0.0060492363187049101 0.0051122374468415277 0.033057711602904605 -0.0021392206694514221 0.0023930303190965855 0.015563503915687484 -0.0060492363187049101 -5.1122374468415277e-07 -3.3057711602904605e-06 2.1392206694514221e-07 -7.9767677303219511e-10 -5.1878346385624944e-09 2.0164121062349701e-09 -0.0023930303190965855 -0.015563503915687484 0.0060492363187049101 
-0.031467942199141057 0.14839930716677555 0.00080352473952327585 0.01720309476764096 -0.018340978557544796 -0.00023817562562239726 0.031467942199141057 -0.14839930716677555 -0.00080352473952327585 -0.01720309476764096 0.018340978557544796 0.00023817562562239726 -3.1467942199141057e-06 1.4839930716677554e-05 8.0352473952327585e-08 5.7343649225469872e-09 -6.1136595191815988e-09 -7.9391875207465751e-11 0.01720309476764096 -0.018340978557544796 -0.00023817562562239726 
-0.099144972036564749 0.015416340101714887 -0.041555572877578689 -0.027121149793246781 -0.12441003358881679 -0.0041054010839651298 0.099144972036564749 -0.015416340101714887 0.041555572877578689 -2.2322282356554117 -0.019517938761956961 5.3411582609397605 -9.9144972036564749e-06 1.5416340101714887e-06 -4.1555572877578686e-06 -2.5580528794537306e-09 3.9812401027952293e-10 -1.3019790258109821e-09 -0.0076741586383611915 0.0011943720308385689 -0.0039059370774329463 
-0.0043110233084384109 -0.027921278708546889 4.5356515408588724e-05 19.99246495048914 -0.16180337095381259 -0.11099110964483075 0.0043110233084384109 0.027921278708546889 -4.5356515408588724e-05 -19.99246495048914 0.16180337095381259 0.11099110964483075 -4.3110233084384109e-07 -2.7921278708546889e-06 4.5356515408588724e-09 6.6641549834963795e-06 -5.3934456984604199e-08 -3.6997036548276918e-08 19.99246495048914 -0.16180337095381259 -0.11099110964483075 
-0.0012551331889485778 -0.0081288846517261603 1.0790146554029434e-07 19.447092469917887 -3.0027109786042732 0 0.0012551331889485778 0.0081288846517261603 -1.0790146554029434e-07 -19.447092469917887 3.0027109786042732 -0 -1.2551331889485779e-07 -8.1288846517261596e-07 1.0790146554029434e-11 6.4823641566392955e-06 -1.0009036595347578e-06 0 19.447092469917887 -3.0027109786042732 0 
0.015351729430596039 -0.0023616766794964938 0.32826720864705516 19.610121867017877 -1.9372219891472626 -0.0040204633649081889 -0.015351729430596039 0.0023616766794964938 -0.32826720864705516 -19.830164173172307 2.6673185183421988 0.019563538517547142 1.5351729430596039e-06 -2.3616766794964938e-07 3.2826720864705514e-05 6.4818783863179938e-06 -1.0008375451873357e-06 -1.3307278249167918e-09 19.44563515895398 -3.0025126355620069 -0.0039921834747503751 
-0.0011051278351117966 -0.0071588892335341936 6.2270177308802743e-05 0.00010435580251301793 0.00055650897464704064 0.0046896661616016317 0.0011051278351117966 0.0071588892335341936 -6.2270177308802743e-05 -0.00010435580251301793 -0.00055650897464704064 -0.0046896661616016317 -1.1051278351117966e-07 -7.1588892335341936e-07 6.2270177308802743e-09 3.4785267504339307e-11 1.8550299154901353e-10 1.5632220538672105e-09 0.00010435580251301793 0.00055650897464704064 0.0046896661616016317 
0.045447936480418061 -0.35623507409946775 -0.0036130259306599299 0.024698187992752231 -0.010654954952491233 -0.00037056464524382949 -0.045447936480418061 0.35623507409946775 0.0036130259306599299 -0.024698187992752231 0.010654954952491233 0.00037056464524382949 4.5447936480418061e-06 -3.5623507409946777e-05 -3.6130259306599299e-07 8.2327293309174104e-09 -3.5516516508304107e-09 -1.2352154841460982e-10 0.024698187992752231 -0.010654954952491233 -0.00037056464524382949 
-0.017671559142742876 0.0029226530129378148 -0.027772019995471117 -0.013375793380989957 -0.083530097179040155 -0.0020056742649482932 0.017671559142742876 -0.0029226530129378148 0.027772019995471117 -1.4701711739097554 0.15768282908263978 0.95380214723095635 -1.7671559142742876e-06 2.9226530129378148e-07 -2.7772019995471117e-06 -1.5446935415156054e-10 2.7161143161764704e-11 -4.7428993456208742e-10 -0.00046340806245468162 8.1483429485294109e-05 -0.0014228698036862623 
-0.0010202246560758743 -0.006540576573494869 -0.0007123339615218373 61.838777907205653 -6.47987234311194 -0.0072538020835812645 0.0010202246560758743 0.006540576573494869 0.0007123339615218373 -61.838777907205653 6.47987234311194 0.0072538020835812645 -1.0202246560758743e-07 -6.540576573494869e-07 -7.123339615218373e-08 2.061292596906855e-05 -2.1599574477039801e-06 -2.4179340278604214e-09 61.838777907205653 -6.47987234311194 -0.0072538020835812645 
-0.0038056639523638539 -0.024485459143862919 1.0250764126418233e-06 61.315840980336773 -9.5300432945415547 0 0.0038056639523638539 0.024485459143862919 -1.0250764126418233e-06 -61.315840980336773 9.5300432945415547 -0 -3.8056639523638537e-07 -2.4485459143862918e-06 1.0250764126418233e-10 2.0438613660112258e-05 -3.1766810981805182e-06 0 61.315840980336773 -9.5300432945415547 0 
0.0023908419176377205 -0.0003513141527689001 0.24224468203627272 61.437025744669143 -8.7439731920325219 0.0087008336014087369 -0.0023908419176377205 0.0003513141527689001 -0.24224468203627272 -61.563838887940008 9.5071749335921716 -0.0063424175277728206 2.3908419176377205e-07 -3.513141527689001e-08 2.4224468203627273e-05 2.0438292327464986e-05 -3.1766246692225802e-06 2.9222120284883453e-09 61.314876982394956 -9.5298740076677397 0.0087666360854650356 
-0.0017438774294054049 -0.01119818831461783 -0.00066185899763203035 -0.00025980096635984298 -0.0018913971906956832 0.0066643864209081638 0.0017438774294054049 0.01119818831461783 0.00066185899763203035 0.00025980096635984298 0.0018913971906956832 -0.0066643864209081638 -1.7438774294054049e-07 -1.119818831461783e-06 -6.6185899763203035e-08 -8.6600322119947659e-11 -6.304657302318944e-10 2.2214621403027211e-09 -0.00025980096635984298 -0.0018913971906956832 0.0066643864209081638 
-0.03203384292448791 -0.13739380972455431 -0.0015711112821836792 0.026921558020120199 0.0101271396328133 -0.00019365339032972263 0.03203384292448791 0.13739380972455431 0.0015711112821836792 -0.026921558020120199 -0.0101271396328133 0.00019365339032972263 -3.203384292448791e-06 -1.3739380972455431e-05 -1.5711112821836792e-07 8.9738526733733994e-09 3.3757132109377665e-09 -6.4551130109907545e-11 0.026921558020120199 0.0101271396328133 -0.00019365339032972263 
0.0075312184745490729 -0.00094565353048192691 -0.01815489854816929 -0.040530688412007645 -0.049246131885293025 -0.013874054245969922 -0.0075312184745490729 0.00094565353048192691 0.01815489854816929 -0.91733969687952166 0.17552157976686797 -0.39005791736908957 7.5312184745490729e-07 -9.4565353048192691e-08 -1.815489854816929e-06 -1.0690853278265747e-08 1.7169266653822506e-09 -4.3995961424002533e-09 -0.032072559834797246 0.0051507799961467522 -0.01319878842720076 
0.0053216615297779768 0.033928876684626713 -0.00015685283739875436 98.160732905660893 -13.313019425354707 -0.10989925097750482 -0.0053216615297779768 -0.033928876684626713 0.00015685283739875436 -98.160732905660893 13.313019425354707 0.10989925097750482 5.3216615297779768e-07 3.3928876684626713e-06 -1.5685283739875436e-08 3.2720244301886967e-05 -4.437673141784902e-06 -3.663308365916827e-08 98.160732905660893 -13.313019425354707 -0.10989925097750482 
-0.00551070158262506 -0.035127741866646474 2.350048489141443e-06 97.939800957346407 -15.364409650541456 0 0.00551070158262506 0.035127741866646474 -2.350048489141443e-06 -97.939800957346407 15.364409650541456 -0 -5.5107015826250595e-07 -3.5127741866646471e-06 2.350048489141443e-10 3.2646600319115468e-05 -5.1214698835138188e-06 0 97.939800957346407 -15.364409650541456 0 
-0.022838190609081321 0.0035908189133238011 0.060174129327903718 97.969785795670589 -15.169636151518528 -0.00099702252857161657 0.022838190609081321 -0.0035908189133238011 -0.060174129327903718 -97.908769061180237 15.947056709200393 -0.022236626966848212 -2.2838190609081321e-06 3.5908189133238011e-07 6.0174129327903716e-06 3.2646414200664211e-05 -5.1214441205230688e-06 -3.2365740811650813e-10 97.939242601992632 -15.364332361569206 -0.00097097222434952438 
0.0040966009995369035 0.02614407933809737 -0.00075796710020210531 0.0035606019720428451 0.022028159723375997 0.016566030307212445 -0.0040966009995369035 -0.02614407933809737 0.00075796710020210531 -0.0035606019720428451 -0.022028159723375997 -0.016566030307212445 4.0966009995369035e-07 2.614407933809737e-06 -7.5796710020210531e-08 1.1868673240142818e-09 7.3427199077919992e-09 5.522010102404148e-09 0.0035606019720428451 0.022028159723375997 0.016566030307212445 
0.028021837753071377 0.006168833221638359 -0.00027114534395522583 -0.017399561268001146 0.006722868959984485 0.00037721675259995012 -0.028021837753071377 -0.006168833221638359 0.00027114534395522583 0.017399561268001146 -0.006722868959984485 -0.00037721675259995012 2.8021837753071377e-06 6.168833221638359e-07 -2.7114534395522583e-08 -5.7998537560003818e-09 2.2409563199948283e-09 1.257389175333167e-10 -0.017399561268001146 0.006722868959984485 0.00037721675259995012 
0.029743874671028792 -0.0039551789965397433 -0.040611652444358382 -0.01272307407950217 -0.12207103950058923 -0.017588824863855729 -0.029743874671028792 0.0039551789965397433 0.040611652444358382 -2.1199281637224154 0.47016455247319711 -1.5782606268256882 2.9743874671028792e-06 -3.9551789965397433e-07 -4.0611652444358382e-06 2.1091224826989209e-09 -2.405047269661743e-10 -5.1515296149330529e-09 0.0063273674480967624 -0.00072151418089852286 -0.015454588844799159 
0.013044049712446215 0.083041114516454323 -0.0089124522082676023 135.56818368471932 -21.383621172780678 0.26961457022184904 -0.013044049712446215 -0.083041114516454323 0.0089124522082676023 -135.56818368471932 21.383621172780678 -0.26961457022184904 1.3044049712446215e-06 8.3041114516454323e-06 -8.9124522082676023e-07 4.5189394561573101e-05 -7.1278737242602263e-06 8.987152340728301e-08 135.56818368471932 -21.383621172780678 0.26961457022184904 
-0.0064725119206083623 -0.040994057241632943 3.8022210380184163e-06 135.74191196580225 -21.432158767455256 0 0.0064725119206083623 0.040994057241632943 -3.8022210380184163e-06 -135.74191196580225 21.432158767455256 -0 -6.4725119206083625e-07 -4.0994057241632945e-06 3.8022210380184163e-10 4.5247303988600753e-05 -7.1440529224850848e-06 0 135.74191196580225 -21.432158767455256 0 
0.018023695726870903 -0.0028139977403807137 0.17111619723392171 135.82923899006229 -20.876732400533896 0.014112253088497378 -0.018023695726870903 0.0028139977403807137 -0.17111619723392171 -135.9819840713252 21.006384978903561 0.004108540626098469 1.8023695726870903e-06 -2.8139977403807137e-07 1.7111619723392171e-05 4.5247185755494932e-05 -7.1440236051924642e-06 4.7384229424538546e-09 135.74155726648479 -21.432070815577394 0.014215268827361564 
0.0042863578403329328 0.027395915379799241 -0.0051887025361756559 -7.2865619453501041e-05 -0.00046850387930777172 0.00014652797348771229 -0.0042863578403329328 -0.027395915379799241 0.0051887025361756559 7.2865619453501041e-05 0.00046850387930777172 -0.00014652797348771229 4.2863578403329328e-07 2.7395915379799241e-06 -5.1887025361756559e-07 -2.4288539817833683e-11 -1.5616795976925724e-10 4.8842657829237428e-11 -7.2865619453501041e-05 -0.00046850387930777172 0.00014652797348771229 
0.079206214739606373 0.46984309387564094 0.010307356532734957 -0.054556282743565401 0.00012328408262966888 0.00085823904709192173 -0.079206214739606373 -0.46984309387564094 -0.010307356532734957 0.054556282743565401 -0.00012328408262966888 -0.00085823904709192173 7.9206214739606373e-06 4.6984309387564094e-05 1.0307356532734957e-06 -1.8185427581188468e-08 4.1094694209889628e-11 2.8607968236397391e-10 -0.054556282743565401 0.00012328408262966888 0.00085823904709192173 
0.0019570185910700033 0.0011666070121041372 -0.066775906350062531 0.1842970490190548 -0.2345761543162117 -0.001765310318107807 -0.0019570185910700033 -0.0011666070121041372 0.066775906350062531 -3.7236776327777279 0.6015286163065704 -0.095553388045242951 1.9570185910700033e-07 1.1666070121041372e-07 -6.6775906350062531e-06 7.1989585028835888e-08 -1.1398057935218972e-08 8.8788983127447552e-10 0.21596875508650767 -0.034194173805656917 0.0026636694938234266 
-0.00043410164657364803 -0.0030217265520326997 0.0051703774403902281 171.79416992140966 -24.323694613332144 0.32861451529672825 0.00043410164657364803 0.0030217265520326997 -0.0051703774403902281 -171.79416992140966 24.323694613332144 -0.32861451529672825 -4.3410164657364803e-08 -3.0217265520326997e-07 5.1703774403902281e-07 5.7264723307136556e-05 -8.1078982044440483e-06 1.0953817176557607e-07 171.79416992140966 -24.323694613332144 0.32861451529672825 
-0.0064800270520432258 -0.040827437507151565 4.7733811348038557e-06 171.06468343296839 -27.150951516383415 0 0.0064800270520432258 0.040827437507151565 -4.7733811348038557e-06 -171.06468343296839 27.150951516383415 -0 -6.4800270520432261e-07 -4.0827437507151563e-06 4.7733811348038557e-10 5.7021561144322796e-05 -9.050317172127805e-06 0 171.06468343296839 -27.150951516383415 0 
-0.049783970637040653 0.0078859560415089902 -0.066840347842551662 171.03207586062592 -27.369409474609586 0.017360739522177315 0.049783970637040653 -0.0078859560415089902 0.066840347842551662 -170.80236913655494 28.390583349086953 -0.067970597648348119 -4.9783970637040653e-06 7.8859560415089902e-07 -6.6840347842551668e-06 5.7022232882215936e-05 -9.0504228253221248e-06 5.7699102876074879e-09 171.06669864664781 -27.151268475966376 0.017309730862822465 
0.0016983190981312291 0.010271299892700148 0.0077344963452354379 -0.0019716340690743958 -0.011575380558966057 -0.015271622627862582 -0.0016983190981312291 -0.010271299892700148 -0.0077344963452354379 0.0019716340690743958 0.011575380558966057 0.015271622627862582 1.6983190981312291e-07 1.0271299892700148e-06 7.7344963452354379e-07 -6.5721135635813191e-10 -3.8584601863220193e-09 -5.0905408759541937e-09 -0.0019716340690743958 -0.011575380558966057 -0.015271622627862582 
0.0092006452294401964 0.032896128644918643 0.00079473454484002559 -0.23409601210053216 -0.015889243903149289 0.0035775906064834744 -0.0092006452294401964 -0.032896128644918643 -0.00079473454484002559 0.23409601210053216 0.015889243903149289 -0.0035775906064834744 9.2006452294401964e-07 3.2896128644918643e-06 7.9473454484002559e-08 -7.8032004033510723e-08 -5.2964146343830961e-09 1.1925302021611581e-09 -0.23409601210053216 -0.015889243903149289 0.0035775906064834744 
-0.10001799853970317 0.016123827869529705 -0.0086115962943597579 0.045193031148194951 -0.036672785771435915 0.0100781890741616 0.10001799853970317 -0.016123827869529705 0.0086115962943597579 -0.5802242031569691 -0.40997320975905055 5.3676824777203125 -1.0001799853970317e-05 1.6123827869529705e-06 -8.6115962943597579e-07 1.6573603645655416e-08 -2.7290662929166854e-09 3.6085653196392007e-09 0.049720810936966245 -0.0081871988787500568 0.010825695958917601 
0.0016864341173539188 0.010466104908984919 0.0013520597274868824 202.73312602644282 -30.697128339357672 0.023834337967363443 -0.0016864341173539188 -0.010466104908984919 -0.0013520597274868824 -202.73312602644282 30.697128339357672 -0.023834337967363443 1.6864341173539188e-07 1.0466104908984919e-06 1.3520597274868824e-07 6.7577708675480936e-05 -1.0232376113119224e-05 7.9447793224544813e-09 202.73312602644282 -30.697128339357672 0.023834337967363443 
-0.0056963176335771085 -0.03564058438255939 4.9344671057549583e-06 202.50332224797108 -32.365441402345198 0 0.0056963176335771085 0.03564058438255939 -4.9344671057549583e-06 -202.50332224797108 32.365441402345198 -0 -5.6963176335771084e-07 -3.5640584382559387e-06 4.9344671057549583e-10 6.7501107415990358e-05 -1.0788480467448399e-05 0 202.50332224797108 -32.365441402345198 0 
0.024327253221045897 -0.0038868359086841053 0.0046758752694087006 202.50436146923852 -32.349126032859154 -0.0012578959813511193 -0.024327253221045897 0.0038868359086841053 -0.0046758752694087006 -202.60403514973763 31.755078145378175 0.0260276337872456 2.4327253221045897e-06 -3.8868359086841053e-07 4.6758752694087006e-07 6.7500603839825107e-05 -1.0788360185592387e-05 -4.1782605775290267e-10 202.50181151947532 -32.365080556777158 -0.0012534781732587081 
0.0048707670097236644 0.03069853630896513 -0.0035373026023056975 0.00077954811285653426 0.0052273989709824215 -0.005538618230251046 -0.0048707670097236644 -0.03069853630896513 0.0035373026023056975 -0.00077954811285653426 -0.0052273989709824215 0.005538618230251046 4.8707670097236644e-07 3.069853630896513e-06 -3.5373026023056975e-07 2.5984937095217807e-10 1.7424663236608071e-09 -1.8462060767503487e-09 0.00077954811285653426 0.0052273989709824215 -0.005538618230251046 
-0.0022942130339237421 0.8102487020501814 0.027705164278302163 0.10424698728005435 0.012719196294697151 -0.0015208906882599063 0.0022942130339237421 -0.8102487020501814 -0.027705164278302163 -0.10424698728005435 -0.012719196294697151 0.0015208906882599063 -2.2942130339237421e-07 8.102487020501814e-05 2.7705164278302163e-06 3.4748995760018117e-08 4.2397320982323837e-09 -5.0696356275330211e-10 0.10424698728005435 0.012719196294697151 -0.0015208906882599063 
0.090845952307461175 -0.015902611119056331 0.043494771418892131 -0.14871912985430369 0.16027561722889894 0.011139747759814056 -0.090845952307461175 0.015902611119056331 -0.043494771418892131 2.5305893324129634 0.073228273110251263 -4.9006917174244382 9.0845952307461175e-06 -1.5902611119056331e-06 4.3494771418892131e-06 -5.6686553164087609e-08 9.0053833027113045e-09 2.3301500657803817e-09 -0.17005965949226282 0.027016149908133915 0.0069904501973411448 
-0.0013117611646906724 -0.0081173727970590415 2.1240238699815617e-05 233.60642418389526 -29.154981045797072 -0.039687118292908011 0.0013117611646906724 0.0081173727970590415 -2.1240238699815617e-05 -233.60642418389526 29.154981045797072 0.039687118292908011 -1.3117611646906724e-07 -8.1173727970590415e-07 2.1240238699815617e-09 7.7868808061298423e-05 -9.7183270152656906e-06 -1.3229039430969338e-08 233.60642418389526 -29.154981045797072 -0.039687118292908011 
-0.0046301643500194821 -0.028647247078821367 4.5519092314871834e-06 232.27497917232697 -37.541873570124352 0 0.0046301643500194821 0.028647247078821367 -4.5519092314871834e-06 -232.27497917232697 37.541873570124352 -0 -4.6301643500194819e-07 -2.8647247078821368e-06 4.5519092314871834e-10 7.7424993057442318e-05 -1.2513957856708118e-05 0 232.27497917232697 -37.541873570124352 0 
0.016722452482742511 -0.002811167187921626 -0.34103839078898113 232.09353294466118 -38.645904294069808 0.017924546128063573 -0.016722452482742511 0.002811167187921626 0.34103839078898113 -232.00391371771042 37.066713363947919 -0.00051294922042830274 1.6722452482742511e-06 -2.811167187921626e-07 -3.4103839078898114e-05 7.7424022901389941e-05 -1.251376133463243e-05 5.8578368975611303e-09 232.27206870416981 -37.541284003897289 0.01757351069268339 
-0.0033047998493351827 -0.020168666221842546 -0.0039382686202286965 -0.00067436992751579591 -0.003992823837630023 -0.0025416235705029485 0.0033047998493351827 0.020168666221842546 0.0039382686202286965 0.00067436992751579591 0.003992823837630023 0.0025416235705029485 -3.3047998493351827e-07 -2.0168666221842546e-06 -3.9382686202286965e-07 -2.2478997583859862e-10 -1.3309412792100076e-09 -8.472078568343162e-10 -0.00067436992751579591 -0.003992823837630023 -0.0025416235705029485 
-0.038688605323647374 0.49106093030631959 0.020640791675852199 -0.050177247770396741 0.0012112603247361417 0.0010570208431620097 0.038688605323647374 -0.49106093030631959 -0.020640791675852199 0.050177247770396741 -0.0012112603247361417 -0.0010570208431620097 -3.8688605323647374e-06 4.9106093030631959e-05 2.0640791675852199e-06 -1.6725749256798912e-08 4.0375344157871385e-10 3.5234028105400321e-10 -0.050177247770396741 0.0012112603247361417 0.0010570208431620097 
0.047162813128220904 -0.0074502308344825963 -0.0051802326168914892 0.1803368113616253 -0.043337969026001441 -0.0052428482248069366 -0.047162813128220904 0.0074502308344825963 0.0051802326168914892 -0.41290195788353934 0.33214503963399628 -2.5274823899100829 4.7162813128220904e-06 -7.4502308344825963e-07 -5.1802326168914892e-07 6.0864405280092893e-08 -9.8047202030880878e-09 -1.574985733982796e-09 0.18259321584027868 -0.029414160609264262 -0.0047249572019483878 
-0.0086603115784233964 -0.053526540781806409 0.0083143270279738626 266.03207537430848 -33.993505850041657 -0.38451854060248253 0.0086603115784233964 0.053526540781806409 -0.0083143270279738626 -266.03207537430848 33.993505850041657 0.38451854060248253 -8.6603115784233964e-07 -5.3526540781806409e-06 8.3143270279738626e-07 8.8677358458102819e-05 -1.1331168616680553e-05 -1.2817284686749418e-07 266.03207537430848 -33.993505850041657 -0.38451854060248253 
-0.0037542261893488997 -0.022924034560037308 4.1508122286537663e-06 264.5080953001019 -43.317995184038892 0 0.0037542261893488997 0.022924034560037308 -4.1508122286537663e-06 -264.5080953001019 43.317995184038892 -0 -3.7542261893488999e-07 -2.2924034560037309e-06 4.1508122286537663e-10 8.8169365100033975e-05 -1.4439331728012964e-05 0 264.5080953001019 -43.317995184038892 0 
-0.011973140179866171 0.0019690141472850087 0.022616142983132102 264.51815362454886 -43.245032646446141 0.0016167175416289979 0.011973140179866171 -0.0019690141472850087 -0.022616142983132102 -264.47927035425545 43.622076467663334 -0.01385796364868884 -1.1973140179866171e-06 1.9690141472850087e-07 2.2616142983132104e-06 8.8168745133270055e-05 -1.4439269148366719e-05 5.4769061398704749e-10 264.50623539981018 -43.317807445100158 0.0016430718419611424 
-0.0074426196727817029 -0.045654534348432696 0.002696042419340558 0.0018398761295699421 0.011497394015467515 -0.0033837557416111562 0.0074426196727817029 0.045654534348432696 -0.002696042419340558 -0.0018398761295699421 -0.011497394015467515 0.0033837557416111562 -7.4426196727817029e-07 -4.5654534348432696e-06 2.696042419340558e-07 6.1329204318998072e-10 3.8324646718225053e-09 -1.127918580537052e-09 0.0018398761295699421 0.011497394015467515 -0.0033837557416111562 
0.03052820480409224 -0.017508718982151006 -0.0014384242774667655 -0.1016969914757995 -0.013100901092080197 0.0014918749507239408 -0.03052820480409224 0.017508718982151006 0.0014384242774667655 0.1016969914757995 0.013100901092080197 -0.0014918749507239408 3.052820480409224e-06 -1.7508718982151006e-06 -1.4384242774667655e-07 -3.3898997158599832e-08 -4.3669670306933991e-09 4.9729165024131356e-10 -0.1016969914757995 -0.013100901092080197 0.0014918749507239408 
-0.022227369905203354 0.0028526192674682704 0.018680268924695098 0.047946493994556291 0.049418822740306151 -0.012644400032327217 0.022227369905203354 -0.0028526192674682704 -0.018680268924695098 0.92136941727096133 -0.28484146902085899 1.2019695955655509 -2.2227369905203354e-06 2.8526192674682704e-07 1.8680268924695098e-06 1.296062618605972e-08 -1.9155121047028911e-09 -5.0020262617322575e-09 0.038881878558179157 -0.0057465363141086731 -0.015006078785196773 
0.012323278829051709 0.074002197422429195 0.0027573194553293101 301.56561593442814 -43.114334004863302 -0.028662729109940683 -0.012323278829051709 -0.074002197422429195 -0.0027573194553293101 -301.56561593442814 43.114334004863302 0.028662729109940683 1.2323278829051709e-06 7.4002197422429195e-06 2.7573194553293101e-07 0.00010052187197814272 -1.4371444668287767e-05 -9.5542430366468941e-09 301.56561593442814 -43.114334004863302 -0.028662729109940683 
-0.0033226378744078407 -0.02001615681003505 4.116864713715751e-06 300.24235833076477 -49.839569142023649 0 0.0033226378744078407 0.02001615681003505 -4.116864713715751e-06 -300.24235833076477 49.839569142023649 -0 -3.3226378744078405e-07 -2.0016156810035051e-06 4.116864713715751e-10 0.00010008078611025493 -1.6613189714007882e-05 0 300.24235833076477 -49.839569142023649 0 
0.021990951943606785 -0.0037357921311986786 -0.20749454409914672 300.13366822262071 -50.510817704055825 -0.0074459721413375505 -0.021990951943606785 0.0037357921311986786 0.20749454409914672 -300.13265012438757 49.253546068965115 0.030190157782262181 2.1990951943606785e-06 -3.7357921311986786e-07 -2.0749454409914672e-05 0.00010008168171929306 -1.6613287093416709e-05 -2.5739913617696483e-09 300.24504515787919 -49.839861280250126 -0.0077219740853089452 
0.0059421700088213569 0.035754919383707007 0.00048299266090963411 0.0018310475375045488 0.0093530089699610311 0.019789773435359585 -0.0059421700088213569 -0.035754919383707007 -0.00048299266090963411 -0.0018310475375045488 -0.0093530089699610311 -0.019789773435359585 5.9421700088213569e-07 3.5754919383707007e-06 4.8299266090963411e-08 6.1034917916818297e-10 3.117669656653677e-09 6.5965911451198617e-09 0.0018310475375045488 0.0093530089699610311 0.019789773435359585 
-0.048728911017925647 -0.28085367471758493 -0.013584187428250516 0.053288346515465337 -0.0057732718115312085 -0.0013880711596918512 0.048728911017925647 0.28085367471758493 0.013584187428250516 -0.053288346515465337 0.0057732718115312085 0.0013880711596918512 -4.8728911017925647e-06 -2.8085367471758493e-05 -1.3584187428250516e-06 1.776278217182178e-08 -1.9244239371770696e-09 -4.6269038656395037e-10 0.053288346515465337 -0.0057732718115312085 -0.0013880711596918512 
-0.023534612100806207 0.0010088273638686474 0.060074280065353092 -0.19078300847401891 0.21539332284822724 0.018140362357134666 0.023534612100806207 -0.0010088273638686474 -0.060074280065353092 3.3523335399738339 -0.70824879998710155 1.2287005720033133 -2.3534612100806207e-06 1.0088273638686474e-07 6.0074280065353092e-06 -7.354404429714207e-08 1.2105760647815869e-08 3.1513123069044504e-09 -0.22063213289142622 0.036317281943447605 0.0094539369207133506 
-0.0059654855694146747 -0.035684590330570254 0.0014348482592439066 336.7385822310797 -53.082803042374884 0.58357258969420567 0.0059654855694146747 0.035684590330570254 -0.0014348482592439066 -336.7385822310797 53.082803042374884 -0.58357258969420567 -5.9654855694146747e-07 -3.5684590330570254e-06 1.4348482592439066e-07 0.00011224619407702657 -1.7694267680791629e-05 1.9452419656473523e-07 336.7385822310797 -53.082803042374884 0.58357258969420567 
-0.0032324656620071582 -0.019264809462344549 4.4369969677549026e-06 336.01412719720213 -56.380216489412156 0 0.0032324656620071582 0.019264809462344549 -4.4369969677549026e-06 -336.01412719720213 56.380216489412156 -0 -3.2324656620071581e-07 -1.9264809462344547e-06 4.4369969677549026e-10 0.00011200470906573405 -1.8793405496470719e-05 0 336.01412719720213 -56.380216489412156 0 
-0.026474477171634092 0.0042559928559171567 -0.40416072400652897 335.79650283759077 -57.69006534912284 0.012823359939410261 0.026474477171634092 -0.0042559928559171567 0.40416072400652897 -335.50768954694774 56.977538269424066 -0.039245252014867449 -2.6474477171634092e-06 4.2559928559171567e-07 -4.0416072400652897e-05 0.00011200542317707535 -1.8793432038770636e-05 4.0733453532708926e-09 336.01626953122604 -56.380296116311904 0.012220036059812677 
0.0028192774781388152 0.016879156771176795 -0.00083715639732917513 -0.0052456385538602662 -0.029858394343618273 -0.015202849985856352 -0.0028192774781388152 -0.016879156771176795 0.00083715639732917513 0.0052456385538602662 0.029858394343618273 0.015202849985856352 2.8192774781388152e-07 1.6879156771176795e-06 -8.3715639732917513e-08 -1.7485461846200888e-09 -9.9527981145394248e-09 -5.0676166619521176e-09 -0.0052456385538602662 -0.029858394343618273 -0.015202849985856352 
-0.017774803238584935 0.78425287477562611 0.046487061506894634 0.07934888995835937 -0.0076667131509178749 -0.0020722685531404882 0.017774803238584935 -0.78425287477562611 -0.046487061506894634 -0.07934888995835937 0.0076667131509178749 0.0020722685531404882 -1.7774803238584935e-06 7.8425287477562611e-05 4.6487061506894634e-06 2.644962998611979e-08 -2.5555710503059584e-09 -6.9075618438016272e-10 0.07934888995835937 -0.0076667131509178749 -0.0020722685531404882 
0.10778614808193421 -0.019792875785018538 0.029158246736410431 0.082137752684317375 0.080336649935115467 0.019826554411391025 -0.10778614808193421 0.019792875785018538 -0.029158246736410431 1.5818296431534051 0.44454792785610059 -5.8145391929663619 1.0778614808193421e-05 -1.9792875785018538e-06 2.9158246736410431e-06 2.2186052190466314e-08 -4.0132679515115835e-09 4.9040047766799309e-09 0.066558156571398949 -0.01203980385453475 0.014712014330039793 
0.011489555580279642 0.06745807825794814 0.0027474189977921837 373.28304780684851 -56.93445179905391 -0.13427337115001101 -0.011489555580279642 -0.06745807825794814 -0.0027474189977921837 -373.28304780684851 56.93445179905391 0.13427337115001101 1.1489555580279642e-06 6.745807825794814e-06 2.7474189977921837e-07 0.00012442768260228284 -1.8978150599684636e-05 -4.4757790383337005e-08 373.28304780684851 -56.93445179905391 -0.13427337115001101 
-0.0041253029611332754 -0.024320270369600144 6.2091195206226413e-06 372.24904806199305 -63.142394262553211 0 0.0041253029611332754 0.024320270369600144 -6.2091195206226413e-06 -372.24904806199305 63.142394262553211 -0 -4.1253029611332757e-07 -2.4320270369600144e-06 6.2091195206226413e-10 0.00012408301602066435 -2.1047464754184404e-05 0 372.24904806199305 -63.142394262553211 0 
-0.02166679605175581 0.0036335282271870994 -0.081663867997348094 372.18904198369751 -63.405615037351147 -0.00023406884126096276 0.02166679605175581 -0.0036335282271870994 0.081663867997348094 -372.06165551781453 63.670308758267417 -0.021786495621724262 -2.166679605175581e-06 3.6335282271870994e-07 -8.1663867997348091e-06 0.00012407802484445645 -2.1046710584603645e-05 -1.2320843368987251e-10 372.23407453336932 -63.140131753810934 -0.00036962530106961753 
0.010868066004365851 0.064024580314486768 0.00044210146750954527 -0.0076478450942039722 -0.04955736808882602 0.044773877255388832 -0.010868066004365851 -0.064024580314486768 -0.00044210146750954527 0.0076478450942039722 0.04955736808882602 -0.044773877255388832 1.0868066004365851e-06 6.4024580314486768e-06 4.4210146750954527e-08 -2.5492816980679909e-09 -1.651912269627534e-08 1.4924625751796278e-08 -0.0076478450942039722 -0.04955736808882602 0.044773877255388832 
0.011652438119402753 0.57972994030264235 0.037902085265884011 0.037663564777167632 -0.0015339005654548346 -0.00087127991771339516 -0.011652438119402753 -0.57972994030264235 -0.037902085265884011 -0.037663564777167632 0.0015339005654548346 0.00087127991771339516 1.1652438119402753e-06 5.7972994030264235e-05 3.7902085265884011e-06 1.2554521592389211e-08 -5.1130018848494488e-10 -2.9042663923779838e-10 0.037663564777167632 -0.0015339005654548346 -0.00087127991771339516 
0.061092945474738869 -0.0148787762666025 0.071446219246651399 0.040648101175184227 0.21717113394637624 0.0028715290477091104 -0.061092945474738869 0.0148787762666025 -0.071446219246651399 3.8204085808102928 -0.22922496455762117 -3.3069325988334155 6.1092945474738869e-06 -1.48787762666025e-06 7.1446219246651399e-06 1.1961955381068221e-09 1.7084910615904436e-11 -3.5515912882379373e-09 0.0035885866143204664 5.1254731847713305e-05 -0.010654773864713812 
-0.00035489483296569091 -0.0023287696862550611 0.0024294730415538174 413.05112850087926 -60.268029319785008 -0.27413560040986967 0.00035489483296569091 0.0023287696862550611 -0.0024294730415538174 -413.05112850087926 60.268029319785008 0.27413560040986967 -3.5489483296569091e-08 -2.3287696862550611e-07 2.4294730415538174e-07 0.00013768370950029309 -2.0089343106595002e-05 -9.1378533469956564e-08 413.05112850087926 -60.268029319785008 -0.27413560040986967 
-0.00658277824104466 -0.038365925229990598 1.0823409321569777e-05 411.06350049673489 -70.529769594669574 0 0.00658277824104466 0.038365925229990598 -1.0823409321569777e-05 -411.06350049673489 70.529769594669574 -0 -6.5827782410446599e-07 -3.8365925229990597e-06 1.0823409321569777e-09 0.00013702116683224496 -2.3509923198223192e-05 0 411.06350049673489 -70.529769594669574 0 
-0.015143556316155049 0.0024308023838237602 -0.29687813475046032 410.9130823509891 -71.493531336601251 0.055186265767802258 0.015143556316155049 -0.0024308023838237602 0.29687813475046032 -410.72172426681948 70.861673031109035 -0.070120894089723676 -1.5143556316155049e-06 2.4308023838237602e-07 -2.9687813475046034e-05 0.00013702601130830265 -2.3510718360776571e-05 1.821460950655769e-08 411.07803392490797 -70.532155082329709 0.054643828519673074 
-0.0055053949749028774 -0.032418621960655924 0.0031095977750909831 -0.0046919599023549606 -0.026871127065537848 -0.0044162970691947641 0.0055053949749028774 0.032418621960655924 -0.0031095977750909831 0.0046919599023549606 0.026871127065537848 0.0044162970691947641 -5.5053949749028774e-07 -3.2418621960655924e-06 3.1095977750909831e-07 -1.5639866341183201e-09 -8.9570423551792821e-09 -1.4720990230649214e-09 -0.0046919599023549606 -0.026871127065537848 -0.0044162970691947641 
-0.0030270494483231047 0.12391866847982769 0.0090581376444021089 0.10699573661008679 0.012687182580063879 -0.0012349862415196821 0.0030270494483231047 -0.12391866847982769 -0.0090581376444021089 -0.10699573661008679 -0.012687182580063879 0.0012349862415196821 -3.0270494483231047e-07 1.2391866847982769e-05 9.0581376444021089e-07 3.5665245536695597e-08 4.2290608600212928e-09 -4.1166208050656067e-10 0.10699573661008679 0.012687182580063879 -0.0012349862415196821 
-0.068130396377874547 0.011028395703327476 0.010828504537485628 -0.0092862450535748011 0.033453526867091778 -0.031563316375447792 0.068130396377874547 -0.011028395703327476 -0.010828504537485628 0.49913936105697215 -0.58947078509836814 3.679884759575895 -6.8130396377874547e-06 1.1028395703327476e-06 1.0828504537485628e-06 -4.7475266582903542e-09 1.5935503929587097e-09 -1.1181745889890955e-08 -0.014242579974871062 0.0047806511788761287 -0.033545237669672864 
0.0055795551756609996 0.031707048117612935 0.004311157946208094 491.9711851778705 120.06413839080781 52.307957008223077 -0.0055795551756609996 -0.031707048117612935 -0.004311157946208094 -491.9711851778705 -120.06413839080781 -52.307957008223077 5.5795551756609996e-07 3.1707048117612935e-06 4.311157946208094e-07 0.00016399039505929017 4.0021379463602605e-05 1.7435985669407691e-05 491.9711851778705 120.06413839080781 52.307957008223077 
-0.011189028871455351 0.03542797674427231 -1.0200290924411437e-05 456.87747919749302 -79.167649517699658 0 0.011189028871455351 -0.03542797674427231 1.0200290924411437e-05 -456.87747919749302 79.167649517699658 -0 -1.1189028871455351e-06 3.5427976744272307e-06 -1.0200290924411437e-09 0.000152292493065831 -2.6389216505899886e-05 0 456.87747919749302 -79.167649517699658 0 
0.033831615778856516 -0.0056876005860573287 0.27862073140055671 457.08402152460877 -78.274287024582506 0.086348596029852592 -0.033831615778856516 0.0056876005860573287 -0.27862073140055671 -457.3475446705832 78.376273333253096 -0.052268320794498155 3.3831615778856516e-06 -5.6876005860573287e-07 2.786207314005567e-05 0.00015230916559700596 -2.6392526057350344e-05 2.8971802452902981e-08 456.92749679101792 -79.177578172051028 0.086915407358708938 
-0.013434678998724969 -0.074525181497642201 -0.026276105279969195 0.030687050526855858 0.16959385418072759 0.06555616166096645 0.013434678998724969 0.074525181497642201 0.026276105279969195 -0.030687050526855858 -0.16959385418072759 -0.06555616166096645 -1.3434678998724969e-06 -7.4525181497642201e-06 -2.6276105279969195e-06 1.0229016842285287e-08 5.6531284726909193e-08 2.1852053886988818e-08 0.030687050526855858 0.16959385418072759 0.06555616166096645 
0.0084210517461991152 -0.058168089799304212 -0.0047349919185535327 0.71323614523161005 -0.12825150789691772 -0.02402162256997286 -0.0084210517461991152 0.058168089799304212 0.0047349919185535327 -0.71323614523161005 0.12825150789691772 0.02402162256997286 8.4210517461991152e-07 -5.8168089799304212e-06 -4.7349919185535327e-07 2.3774538174387002e-07 -4.2750502632305903e-08 -8.0072075233242865e-09 0.71323614523161005 -0.12825150789691772 -0.02402162256997286 
0.026524807921202154 -0.0028824043729613891 -0.023328121308840988 0.11465395101787366 -0.1004240022049161 0.12850488220906459 -0.026524807921202154 0.0028824043729613891 0.023328121308840988 -1.3178489458814457 0.44431137605492804 -1.5390659027499167 2.6524807921202154e-06 -2.8824043729613891e-07 -2.3328121308840988e-06 4.2194384318822874e-08 -1.0721863760314895e-08 4.4544934810870376e-08 0.12658315295646863 -0.032165591280944685 0.13363480443261114 
0.0012114331959800495 0.0067040001994200793 0.0016200918509685913 496.89046689200973 -82.021342011723206 -0.23501768959847016 -0.0012114331959800495 -0.0067040001994200793 -0.0016200918509685913 -496.89046689200973 82.021342011723206 0.23501768959847016 1.2114331959800495e-07 6.7040001994200793e-07 1.6200918509685913e-07 0.00016563015563066992 -2.7340447337241067e-05 -7.8339229866156722e-08 496.89046689200973 -82.021342011723206 -0.23501768959847016 
-0.017775465442185608 -0.0012619984187408242 1.4501949988088292e-06 496.38231950712088 -87.134630015435874 0 0.017775465442185608 0.0012619984187408242 -1.4501949988088292e-06 -496.38231950712088 87.134630015435874 -0 -1.7775465442185607e-06 -1.2619984187408243e-07 1.4501949988088292e-10 0.0001654607731690403 -2.9044876671811959e-05 0 496.38231950712088 -87.134630015435874 0 
0.012431957110980996 -0.0021308270437003785 0.075438513183181871 496.44637022248907 -86.893559240130017 -0.10737554040798994 -0.012431957110980996 0.0021308270437003785 -0.075438513183181871 -496.53199445662045 86.839377168081725 0.11995564229405142 1.2431957110980996e-06 -2.1308270437003785e-07 7.5438513183181868e-06 0.00016546780276407855 -2.90461006589758e-05 -3.5736188088182453e-08 496.40340829223567 -87.138301976927394 -0.10720856426454736 
0.0026314747714195619 0.014743527595451056 0.0020281718112087621 0.0032194455576039244 0.020533937070218042 -0.018069304754330606 -0.0026314747714195619 -0.014743527595451056 -0.0020281718112087621 -0.0032194455576039244 -0.020533937070218042 0.018069304754330606 2.6314747714195619e-07 1.4743527595451056e-06 2.0281718112087621e-07 1.0731485192013081e-09 6.8446456900726802e-09 -6.0231015847768688e-09 0.0032194455576039244 0.020533937070218042 -0.018069304754330606 
-0.049546365928493374 0.26696724460317789 0.023750439543945845 0.13483916608168731 0.0047716542729007482 -0.0021508596536588213 0.049546365928493374 -0.26696724460317789 -0.023750439543945845 -0.13483916608168731 -0.0047716542729007482 0.0021508596536588213 -4.9546365928493374e-06 2.6696724460317789e-05 2.3750439543945845e-06 4.4946388693895772e-08 1.5905514243002493e-09 -7.169532178862737e-10 0.13483916608168731 0.0047716542729007482 -0.0021508596536588213 
0.039392085247613728 -0.0073293794233819654 0.0042051606896631455 0.072605196517679063 0.0071990891159620773 -0.053597441810409971 -0.039392085247613728 0.0073293794233819654 -0.0042051606896631455 0.20554216617185492 0.27597290700401222 -2.0584097503658203 3.9392085247613728e-06 -7.3293794233819654e-07 4.2051606896631455e-07 2.3309523389595847e-08 -2.6324938138625001e-09 -1.8278846135501609e-08 0.069928570168787535 -0.0078974814415875005 -0.054836538406504827 
-0.013800806809571853 -0.077654818453481989 -0.0003023647153835296 545.41487592050851 -89.622749396112866 -0.6182997018932691 0.013800806809571853 0.077654818453481989 0.0003023647153835296 -545.41487592050851 89.622749396112866 0.6182997018932691 -1.3800806809571853e-06 -7.7654818453481989e-06 -3.023647153835296e-08 0.00018180495864016951 -2.987424979870429e-05 -2.0609990063108971e-07 545.41487592050851 -89.622749396112866 -0.6182997018932691 
-0.027588797110436283 0.044674116935839135 -1.4400710277029383e-05 543.09743825346459 -96.464315800565458 0 0.027588797110436283 -0.044674116935839135 1.4400710277029383e-05 -543.09743825346459 96.464315800565458 -0 -2.7588797110436283e-06 4.4674116935839138e-06 -1.4400710277029383e-09 0.00018103247941782155 -3.2154771933521821e-05 0 543.09743825346459 -96.464315800565458 0 
0.039685049352811141 -0.0071929822231808771 -0.19303319167094909 542.99135526832254 -97.085635742389499 0.063030968266195558 -0.039685049352811141 0.0071929822231808771 0.19303319167094909 -543.08999063776412 95.434296841456643 -0.021775359395529596 3.9685049352811141e-06 -7.1929822231808771e-07 -1.9303319167094908e-05 0.0001810338793325521 -3.2154912792283061e-05 2.0855723856972614e-08 543.10163799765633 -96.464738376849184 0.062567171570917846 
-0.008335300108464061 -0.046819722616942006 -0.00081930635934500395 -0.017231214632132032 -0.081743884938988889 -0.11906638744462994 0.008335300108464061 0.046819722616942006 0.00081930635934500395 0.017231214632132032 0.081743884938988889 0.11906638744462994 -8.335300108464061e-07 -4.6819722616942006e-06 -8.1930635934500395e-08 -5.7437382107106771e-09 -2.724796164632963e-08 -3.9688795814876648e-08 -0.017231214632132032 -0.081743884938988889 -0.11906638744462994 
-0.03053331104688195 -0.8708484899533353 -0.079226105045293593 -0.077641172528523275 -0.00033035203887919902 0.0013766684168177563 0.03053331104688195 0.8708484899533353 0.079226105045293593 0.077641172528523275 0.00033035203887919902 -0.0013766684168177563 -3.053331104688195e-06 -8.708484899533353e-05 -7.9226105045293593e-06 -2.588039084284109e-08 -1.1011734629306634e-10 4.5888947227258539e-10 -0.077641172528523275 -0.00033035203887919902 0.0013766684168177563 
-0.01606346815785642 0.012588493294440894 -0.10981507468976748 -0.10157856684356269 -0.33220627936300706 0.086893508584130502 0.01606346815785642 -0.012588493294440894 0.10981507468976748 -5.7529360326945937 0.90822457134659118 0.83552093717079257 -1.606346815785642e-06 1.2588493294440894e-06 -1.0981507468976748e-05 -1.4124652396800969e-08 -8.7940631468615681e-10 3.8670923604666455e-08 -0.042373957190402906 -0.0026382189440584706 0.11601277081399937 
0.0041816417795104144 0.023171085409973147 0.00072469214842593721 591.04034338648648 -101.3816916579093 -0.2668720399616048 -0.0041816417795104144 -0.023171085409973147 -0.00072469214842593721 -591.04034338648648 101.3816916579093 0.2668720399616048 4.1816417795104144e-07 2.3171085409973147e-06 7.2469214842593721e-08 0.00019701344779549549 -3.3793897219303098e-05 -8.8957346653868266e-08 591.04034338648648 -101.3816916579093 -0.2668720399616048 
-0.040641300356837967 -0.02616744700365891 1.3211064880946921e-05 592.06134561237855 -106.39083252826653 0 0.040641300356837967 0.02616744700365891 -1.3211064880946921e-05 -592.06134561237855 106.39083252826653 -0 -4.0641300356837965e-06 -2.6167447003658909e-06 1.3211064880946921e-09 0.00019735378187079285 -3.546361084275551e-05 0 592.06134561237855 -106.39083252826653 0 
0.023181175851649805 -0.0037755798265592944 0.47855706786032121 592.35655556856864 -104.84652574199346 -0.17234010439402825 -0.023181175851649805 0.0037755798265592944 -0.47855706786032121 -592.6500030824127 105.89797395260564 0.1948500322537772 2.3181175851649805e-06 -3.7755798265592944e-07 4.7855706786032121e-05 0.00019735947776562804 -3.5464754487053174e-05 -5.7026275132111354e-08 592.0784332968841 -106.39426346115953 -0.17107882539633407 
-0.0066266557319227815 -0.036912959059456907 0.00028935191576963393 0.029743919194481175 0.19964802187444153 -0.25340256221443475 0.0066266557319227815 0.036912959059456907 -0.00028935191576963393 -0.029743919194481175 -0.19964802187444153 0.25340256221443475 -6.6266557319227815e-07 -3.6912959059456907e-06 2.8935191576963393e-08 9.9146397314937246e-09 6.6549340624813839e-08 -8.4467520738144921e-08 0.029743919194481175 0.19964802187444153 -0.25340256221443475 
0.0068326769976645441 -0.42907190118568472 -0.042246562967918067 -0.14149250097851512 0.019789297650917657 0.0044800617436895228 -0.0068326769976645441 0.42907190118568472 0.042246562967918067 0.14149250097851512 -0.019789297650917657 -0.0044800617436895228 6.8326769976645441e-07 -4.2907190118568472e-05 -4.2246562967918067e-06 -4.7164166992838378e-08 6.5964325503058853e-09 1.4933539145631744e-09 -0.14149250097851512 0.019789297650917657 0.0044800617436895228 
-0.12023430341900898 0.025199039648260424 -0.034930862422011266 -0.022787585174733564 -0.11487333181800354 0.011664301024203197 0.12023430341900898 -0.025199039648260424 0.034930862422011266 -2.0192182096015943 -0.68160718408344112 6.4424735181205195 -1.2023430341900898e-05 2.5199039648260424e-06 -3.4930862422011266e-06 -7.3131327617736333e-10 -5.7566223939360858e-10 7.4677107218112902e-09 -0.0021939398285320899 -0.0017269867181808258 0.022403132165433871 
-0.0062444593174060259 -0.03415615417681761 -0.0017946594104908953 645.86373625701719 -111.64228699665836 -0.031750170758109694 0.0062444593174060259 0.03415615417681761 0.0017946594104908953 -645.86373625701719 111.64228699665836 0.031750170758109694 -6.2444593174060259e-07 -3.415615417681761e-06 -1.7946594104908953e-07 0.00021528791208567238 -3.7214095665552784e-05 -1.0583390252703232e-08 645.86373625701719 -111.64228699665836 -0.031750170758109694 
0.042124342537074512 -0.018952489759227927 4.867705544198131e-06 645.6527557332854 -117.15719091141752 0 -0.042124342537074512 0.018952489759227927 -4.867705544198131e-06 -645.6527557332854 117.15719091141752 -0 4.2124342537074514e-06 -1.8952489759227928e-06 4.867705544198131e-10 0.00021521758524442846 -3.9052396970472503e-05 0 645.6527557332854 -117.15719091141752 0 
-0.049107123951674936 0.0087518403635300501 -0.17872605426435487 645.54469151410797 -117.73811506300348 -0.0088227745416376551 0.049107123951674936 -0.0087518403635300501 0.17872605426435487 -645.2522728527905 118.3573974778389 -0.041197792685189763 -4.9107123951674936e-06 8.7518403635300501e-07 -1.7872605426435487e-05 0.00021521671935744927 -3.9052296712260825e-05 -3.1132026180421231e-09 645.65015807234784 -117.15689013678248 -0.0093396078541263701 
-0.00022147819661588741 -0.0011849771740929382 -0.00025088467137113213 0.011421156014673415 0.06501040091502655 -0.014672640511082292 0.00022147819661588741 0.0011849771740929382 0.00025088467137113213 -0.011421156014673415 -0.06501040091502655 0.014672640511082292 -2.2147819661588741e-08 -1.1849771740929382e-07 -2.5088467137113213e-08 3.8070520048911386e-09 2.1670133638342182e-08 -4.8908801703607642e-09 0.011421156014673415 0.06501040091502655 -0.014672640511082292 
0.05165525202410759 -0.55200216150130821 -0.058850540467503265 -0.0047399825800375859 0.022191973723116185 0.0024130675634645572 -0.05165525202410759 0.55200216150130821 0.058850540467503265 0.0047399825800375859 -0.022191973723116185 -0.0024130675634645572 5.165525202410759e-06 -5.5200216150130821e-05 -5.8850540467503265e-06 -1.5799941933458619e-09 7.3973245743720612e-09 8.0435585448818576e-10 -0.0047399825800375859 0.022191973723116185 0.0024130675634645572 
-0.12437008371724012 0.024327739565066508 -0.014094508704876052 0.011733631927736981 -0.041971405839697933 -0.13902977987911147 0.12437008371724012 -0.024327739565066508 0.014094508704876052 -0.96398506562604358 -0.96862393756550769 6.7973739743399726 -1.2437008371724012e-05 2.4327739565066508e-06 -1.4094508704876052e-06 7.0814582268364352e-09 3.2314443627981512e-09 -4.4591779524908672e-08 0.021244374680509305 0.0096943330883944526 -0.13377533857472601 
0.00476975686058978 0.026172679872538129 -0.00080318906928167344 704.31504488495295 -121.69695327620643 -0.48539195836057886 -0.00476975686058978 -0.026172679872538129 0.00080318906928167344 -704.31504488495295 121.69695327620643 0.48539195836057886 4.76975686058978e-07 2.6172679872538129e-06 -8.0318906928167344e-08 0.00023477168162831764 -4.0565651092068812e-05 -1.6179731945352629e-07 704.31504488495295 -121.69695327620643 -0.48539195836057886 
0.020720529219442282 -0.033095411584812245 1.3719739094808503e-05 702.31681449665257 -128.56129131966605 0 -0.020720529219442282 0.033095411584812245 -1.3719739094808503e-05 -702.31681449665257 128.56129131966605 -0 2.0720529219442281e-06 -3.3095411584812247e-06 1.3719739094808503e-09 0.00023410560483221754 -4.2853763773222013e-05 0 702.31681449665257 -128.56129131966605 0 
0.020119153685826952 -0.0036689887172869362 0.014344306197553759 702.32740981404606 -128.5134945863451 -0.042558776498015337 -0.020119153685826952 0.0036689887172869362 -0.014344306197553759 -702.42503057547481 128.05908778060751 0.063252259662256907 2.0119153685826952e-06 -3.6689887172869362e-07 1.4344306197553759e-06 0.00023410620375437791 -4.2853853394173109e-05 -1.4170752843573602e-08 702.31861126313368 -128.56156018251932 -0.042512258530720805 
-0.0047019703641737465 -0.025599122554578746 -0.00057120997199594514 -0.0047446667199542401 -0.05419947821895521 0.19121597144711977 0.0047019703641737465 0.025599122554578746 0.00057120997199594514 0.0047446667199542401 0.05419947821895521 -0.19121597144711977 -4.7019703641737465e-07 -2.5599122554578746e-06 -5.7120997199594514e-08 -1.5815555733180799e-09 -1.8066492739651737e-08 6.373865714903992e-08 -0.0047446667199542401 -0.05419947821895521 0.19121597144711977 
0.013924546032328955 -0.31787673102856573 -0.035771716193622183 -0.23556270323747019 0.015823114309833738 0.0058260081484716999 -0.013924546032328955 0.31787673102856573 0.035771716193622183 0.23556270323747019 -0.015823114309833738 -0.0058260081484716999 1.3924546032328955e-06 -3.1787673102856573e-05 -3.5771716193622183e-06 -7.8520901079156728e-08 5.2743714366112462e-09 1.9420027161572334e-09 -0.23556270323747019 0.015823114309833738 0.0058260081484716999 
0.044721109185297259 -0.008195730543114621 -0.0011325144469442883 0.060066041472741256 0.0088965685848044294 -0.18258667852429164 -0.044721109185297259 0.008195730543114621 0.0011325144469442883 -0.04346217267955501 0.41168937095435448 -2.2054319545132905 4.4721109185297259e-06 -8.195730543114621e-07 -1.1325144469442883e-07 2.0007479318268476e-08 2.8873856809852495e-09 -6.0870709908565582e-08 0.060022437954805427 0.0086621570429557485 -0.18261212972569674 
-0.010446876823611007 -0.05641321606963956 -0.001280190253180602 765.39955128074473 -133.50297340980126 -0.02298806877399124 0.010446876823611007 0.05641321606963956 0.001280190253180602 -765.39955128074473 133.50297340980126 0.02298806877399124 -1.0446876823611007e-06 -5.641321606963956e-06 -1.280190253180602e-07 0.00025513318376024823 -4.4500991136600416e-05 -7.6626895913304135e-09 765.39955128074473 -133.50297340980126 -0.02298806877399124 
-0.0051529963671753847 0.030118755521611973 -1.4828064748284575e-05 762.55284672853986 -140.70425637502959 0 0.0051529963671753847 -0.030118755521611973 1.4828064748284575e-05 -762.55284672853986 140.70425637502959 -0 -5.1529963671753846e-07 3.0118755521611973e-06 -1.4828064748284575e-09 0.00025418428224284663 -4.6901418791676526e-05 0 762.55284672853986 -140.70425637502959 0 
0.045412428404389971 -0.0088425299482608466 -0.44053633036496981 762.30297840398293 -142.12374689510762 -0.022067984580273772 -0.045412428404389971 0.0088425299482608466 0.44053633036496981 -762.34674431159772 139.48494874519125 0.070522865711779903 4.5412428404389971e-06 -8.8425299482608466e-07 -4.4053633036496981e-05 0.00025418818147182631 -4.6902058614874272e-05 -7.8527883156742765e-09 762.56454441547896 -140.70617584462281 -0.02355836494702283 
-0.015855051923030494 -0.085581758866373758 -0.0021741879771162639 -0.024896835067037989 -0.13147828859914451 -0.02228672768619757 0.015855051923030494 0.085581758866373758 0.0021741879771162639 0.024896835067037989 0.13147828859914451 0.02228672768619757 -1.5855051923030494e-06 -8.5581758866373758e-06 -2.1741879771162639e-07 -8.2989450223459958e-09 -4.382609619971484e-08 -7.428909228732523e-09 -0.024896835067037989 -0.13147828859914451 -0.02228672768619757 
-0.06167525042261035 -0.58450493223949351 -0.068202694949448528 0.19925027536505058 0.0061766898522069838 -0.0025418409077736567 0.06167525042261035 0.58450493223949351 0.068202694949448528 -0.19925027536505058 -0.0061766898522069838 0.0025418409077736567 -6.167525042261035e-06 -5.8450493223949351e-05 -6.8202694949448528e-06 6.6416758455016862e-08 2.058896617402328e-09 -8.4728030259121894e-10 0.19925027536505058 0.0061766898522069838 -0.0025418409077736567 
0.081190261692065668 -0.021503591216553986 0.054229642457437333 -0.1512600571831485 0.20446448464606751 0.0089990875364930299 -0.081190261692065668 0.021503591216553986 -0.054229642457437333 3.1820209214756914 0.20308703650605589 -4.3849166786158262 8.1190261692065668e-06 -2.1503591216553986e-06 5.4229642457437333e-06 -6.0993556689398939e-08 1.1858669141436168e-08 -3.4930872298733428e-09 -0.18298067006819682 0.035576007424308505 -0.010479261689620028 
0.0096094165291660261 0.051263968127990278 0.0023979428182691054 829.15360469898326 -145.6047005375342 -0.40415003457261944 -0.0096094165291660261 -0.051263968127990278 -0.0023979428182691054 -829.15360469898326 145.6047005375342 0.40415003457261944 9.6094165291660261e-07 5.1263968127990278e-06 2.3979428182691054e-07 0.00027638453489966109 -4.8534900179178065e-05 -1.3471667819087316e-07 829.15360469898326 -145.6047005375342 -0.40415003457261944 
-0.034525006043494996 -0.02312132361490557 1.6246387291030118e-05 824.85310201363075 -153.45055513347504 0 0.034525006043494996 0.02312132361490557 -1.6246387291030118e-05 -824.85310201363075 153.45055513347504 -0 -3.4525006043494998e-06 -2.3121323614905568e-06 1.6246387291030118e-09 0.0002749510340045436 -5.1150185044491675e-05 0 824.85310201363075 -153.45055513347504 0 
0.046642277332642479 -0.0083109561499483675 0.32171798077253699 825.05041295993442 -152.40858589399883 -0.020644759372645129 -0.046642277332642479 0.0083109561499483675 -0.32171798077253699 -825.38655526336606 152.33986122942267 0.067602889688836931 4.6642277332642479e-06 -8.3109561499483675e-07 3.2171798077253698e-05 0.00027495216192528537 -5.1150339011366048e-05 -6.4862028915869357e-09 824.85648577585607 -153.45101703409813 -0.019458608674760808 
-0.0018081913560896723 -0.010237464918572137 0.0032485982014640244 -0.041221602487999373 -0.24639279291821387 0.15546478021219259 0.0018081913560896723 0.010237464918572137 -0.0032485982014640244 0.041221602487999373 0.24639279291821387 -0.15546478021219259 -1.8081913560896723e-07 -1.0237464918572137e-06 3.2485982014640244e-07 -1.3740534162666458e-08 -8.2130930972737951e-08 5.1821593404064202e-08 -0.041221602487999373 -0.24639279291821387 0.15546478021219259 
0.01883939086982922 -0.20565764913049733 -0.025972521715544872 0.022195243920475002 -0.018825445307781689 -0.0026926274314518252 -0.01883939086982922 0.20565764913049733 0.025972521715544872 -0.022195243920475002 0.018825445307781689 0.0026926274314518252 1.883939086982922e-06 -2.0565764913049733e-05 -2.5972521715544872e-06 7.3984146401583342e-09 -6.2751484359272301e-09 -8.9754247715060843e-10 0.022195243920475002 -0.018825445307781689 -0.0026926274314518252 
-0.082085983285629105 0.075592579855676689 -0.49214857853890903 -0.15235918346626534 -1.483374087200874 -0.32613475781716728 0.082085983285629105 -0.075592579855676689 0.49214857853890903 -26.196244434453639 4.0706894032880632 5.1182503478389707 -8.2085983285629105e-06 7.5592579855676689e-06 -4.9214857853890903e-05 4.2597997309746109e-08 -2.1445103475915203e-09 -4.8669353487141248e-08 0.12779399192923832 -0.0064335310427745609 -0.14600806046142376 
0.00036506052403240119 0.0020683304599589114 -0.00075692795014487002 886.75125748628602 -157.54726396570783 0.41447208354450848 -0.00036506052403240119 -0.0020683304599589114 0.00075692795014487002 -886.75125748628602 157.54726396570783 -0.41447208354450848 3.6506052403240119e-08 2.0683304599589114e-07 -7.5692795014487002e-08 0.00029558375249542869 -5.251575465523594e-05 1.3815736118150283e-07 886.75125748628602 -157.54726396570783 0.41447208354450848 
0.035186839154795424 0.022204903397837393 -1.7042189326410551e-05 887.25902379325964 -166.59009006571517 0 -0.035186839154795424 -0.022204903397837393 1.7042189326410551e-05 -887.25902379325964 166.59009006571517 -0 3.5186839154795427e-06 2.2204903397837392e-06 -1.7042189326410551e-09 0.00029575300793108656 -5.5530030021905059e-05 0 887.25902379325964 -166.59009006571517 0 
0.0055772789064878481 -0.0015847986523098712 -0.43897982180739725 886.96804229736256 -168.00073814038453 -0.050453321871525202 -0.0055772789064878481 0.0015847986523098712 0.43897982180739725 -886.83464908278995 166.36307687031152 0.058060356112660062 5.5772789064878481e-07 -1.5847986523098712e-07 -4.3897982180739724e-05 0.00029574458821909503 -5.5528500429930819e-05 -1.7395520892791297e-08 887.23376465728506 -166.58550128979246 -0.052186562678373891 
0.014930226093431975 0.079472156028065608 0.00020861252105755165 0.022619197604606091 0.15844620363056117 -0.23134843873504507 -0.014930226093431975 -0.079472156028065608 -0.00020861252105755165 -0.022619197604606091 -0.15844620363056117 0.23134843873504507 1.4930226093431975e-06 7.9472156028065604e-06 2.0861252105755165e-08 7.5397325348686977e-09 5.2815401210187056e-08 -7.7116146245015027e-08 0.022619197604606091 0.15844620363056117 -0.23134843873504507 
-0.085333073354676436 -0.10605175817302026 -0.012691622721661133 0.10307016040253264 0.0099821372373625188 -0.00014700334112852827 0.085333073354676436 0.10605175817302026 0.012691622721661133 -0.10307016040253264 -0.0099821372373625188 0.00014700334112852827 -8.5333073354676436e-06 -1.0605175817302026e-05 -1.2691622721661133e-06 3.4356720134177547e-08 3.3273790791208395e-09 -4.9001113709509429e-11 0.10307016040253264 0.0099821372373625188 -0.00014700334112852827 
0.081534428880147836 -0.04527283079536204 0.23096754089735327 0.14386292297724965 0.68753371389084883 0.14781069943483668 -0.081534428880147836 0.04527283079536204 -0.23096754089735327 12.316184372244514 -1.4700488551469639 -4.6997469218829755 8.1534428880147836e-06 -4.527283079536204e-06 2.3096754089735327e-05 3.4067766258110157e-09 -3.1500100755759505e-09 1.9456585547773378e-08 0.010220329877433047 -0.0094500302267278517 0.058369756643320135 
-0.0022858815396098464 -0.01195444172347182 -0.00063614760910379875 952.4812269161223 -175.83979084002513 1.7011102404369476 0.0022858815396098464 0.01195444172347182 0.00063614760910379875 -952.4812269161223 175.83979084002513 -1.7011102404369476 -2.2858815396098464e-07 -1.195444172347182e-06 -6.3614760910379875e-08 0.00031749374230537409 -5.8613263613341709e-05 5.6703674681231585e-07 952.4812269161223 -175.83979084002513 1.7011102404369476 
0.0023832799141266206 -0.042894343717226044 2.6924144580497966e-05 951.54575129619377 -180.30719172780857 0 -0.0023832799141266206 0.042894343717226044 -2.6924144580497966e-05 -951.54575129619377 180.30719172780857 -0 2.3832799141266207e-07 -4.289434371722604e-06 2.6924144580497966e-09 0.00031718191709873125 -6.0102397242602861e-05 0 951.54575129619377 -180.30719172780857 0 
-0.024641796677604688 0.0043075838407347078 -0.27525888735902176 951.34643135030126 -181.19180896792403 -0.23201158308964565 0.024641796677604688 -0.0043075838407347078 0.27525888735902176 -951.13151179677118 180.86826289231317 0.20770825958446335 -2.4641796677604688e-06 4.3075838407347078e-07 -2.7525888735902178e-05 0.00031717169122864777 -6.0100607843705752e-05 -7.7727085813090281e-08 951.51507368594332 -180.30182353111726 -0.23318125743927084 
-0.011461168170356917 -0.060231829513632262 -0.0014445486969843005 -0.001367862952892245 -0.024146678090907675 0.10064558988456386 0.011461168170356917 0.060231829513632262 0.0014445486969843005 0.001367862952892245 0.024146678090907675 -0.10064558988456386 -1.1461168170356917e-06 -6.0231829513632262e-06 -1.4445486969843005e-07 -4.5595431763074832e-10 -8.0488926969692255e-09 3.3548529961521286e-08 -0.001367862952892245 -0.024146678090907675 0.10064558988456386 
-0.070335872293103563 -0.5418822551317426 -0.073383010743555133 0.0062498513553782093 -0.0015614452176682442 -0.00029323983462872972 0.070335872293103563 0.5418822551317426 0.073383010743555133 -0.0062498513553782093 0.0015614452176682442 0.00029323983462872972 -7.0335872293103563e-06 -5.418822551317426e-05 -7.3383010743555133e-06 2.0832837851260698e-09 -5.2048173922274805e-10 -9.7746611542909914e-11 0.0062498513553782093 -0.0015614452176682442 -0.00029323983462872972 
-0.0076899016338005666 0.0084079347573151608 -0.051389094369858057 -0.22139682376166281 -0.10029934309604099 -0.14452648792189859 0.0076899016338005666 -0.0084079347573151608 0.051389094369858057 -2.5326176111177578 0.38370286566278422 0.60300778086804541 -7.6899016338005666e-07 8.4079347573151608e-07 -5.1389094369858057e-06 -6.3844590664454078e-08 1.792806009568106e-08 -4.1261705578884006e-08 -0.19153377199336225 0.053784180287043182 -0.12378511673665202 
0.0058998034635493468 0.031246312927335484 -0.0021835673014169998 1020.0007143583284 -190.09643448515524 2.3147699915218984 -0.0058998034635493468 -0.031246312927335484 0.0021835673014169998 -1020.0007143583284 190.09643448515524 -2.3147699915218984 5.8998034635493468e-07 3.1246312927335484e-06 -2.1835673014169998e-07 0.00034000023811944281 -6.3365478161718419e-05 7.7158999717396615e-07 1020.0007143583284 -190.09643448515524 2.3147699915218984 
-0.034740399404571652 -0.028464677491243786 2.385112107816667e-05 1019.1905971555946 -194.75139353278436 0 0.034740399404571652 0.028464677491243786 -2.385112107816667e-05 -1019.1905971555946 194.75139353278436 -0 -3.4740399404571654e-06 -2.8464677491243787e-06 2.385112107816667e-09 0.00033973019905186484 -6.491713117759479e-05 0 1019.1905971555946 -194.75139353278436 0 
0.046891978526808487 -0.0095273292011199828 -0.40255853765117089 1018.93669338444 -196.04261804857686 -0.25319446876593776 -0.046891978526808487 0.0095273292011199828 0.40255853765117089 -1019.0197113320125 193.4958986500047 0.30379719202953753 4.6891978526808487e-06 -9.5273292011199828e-07 -4.0255853765117089e-05 0.00033972788813258474 -6.4916715046547404e-05 -8.5004987614673379e-08 1019.1836643977542 -194.7501451396422 -0.25501496284402014 
-0.0045495365239012209 -0.023597543125711273 -0.0012026726586844561 0.0074231650593621929 0.044659249499451444 -0.033756517571771782 0.0045495365239012209 0.023597543125711273 0.0012026726586844561 -0.0074231650593621929 -0.044659249499451444 0.033756517571771782 -4.5495365239012209e-07 -2.3597543125711273e-06 -1.2026726586844561e-07 2.4743883531207308e-09 1.4886416499817147e-08 -1.1252172523923927e-08 0.0074231650593621929 0.044659249499451444 -0.033756517571771782 
0.0019336518543300318 0.31037274730305597 0.044361622038024962 -0.17843295180920249 0.026486122414938452 0.0057733559726062204 -0.0019336518543300318 -0.31037274730305597 -0.044361622038024962 0.17843295180920249 -0.026486122414938452 -0.0057733559726062204 1.9336518543300318e-07 3.1037274730305597e-05 4.4361622038024962e-06 -5.9477650603067493e-08 8.8287074716461514e-09 1.9244519908687401e-09 -0.17843295180920249 0.026486122414938452 0.0057733559726062204 
-0.048521363541498275 -0.038910451984897065 0.34376183469075894 0.073922145936104328 1.0494898488340874 0.11450398993021652 0.048521363541498275 0.038910451984897065 -0.34376183469075894 18.1517141560997 -4.0451921713093366 2.118927752418839 -4.8521363541498275e-06 -3.8910451984897065e-06 3.4376183469075894e-05 -4.1964236691594242e-08 9.5871408252827774e-09 -9.7453052480803631e-09 -0.12589271007478273 0.028761422475848331 -0.02923591574424109 
0.033880361066662701 0.17550733184712453 0.0022486119470588317 1091.7582735203027 -204.89801278042142 3.4929714217032424 -0.033880361066662701 -0.17550733184712453 -0.0022486119470588317 -1091.7582735203027 204.89801278042142 -3.4929714217032424 3.3880361066662701e-06 1.7550733184712453e-05 2.2486119470588317e-07 0.00036391942450676756 -6.829933759347381e-05 1.1643238072344141e-06 1091.7582735203027 -204.89801278042142 3.4929714217032424 
0.02388511785888674 -0.033847139398639536 2.1244472014902982e-05 1089.5492116632995 -209.81368508950513 0 -0.02388511785888674 0.033847139398639536 -2.1244472014902982e-05 -1089.5492116632995 209.81368508950513 -0 2.3885117858886739e-06 -3.3847139398639539e-06 2.1244472014902982e-09 0.00036318307055443317 -6.9937895029835041e-05 0 1089.5492116632995 -209.81368508950513 0 
0.013963359456470315 -0.0031637694997144195 -0.31518523281716049 1089.3325445949829 -210.82348283710874 0.091386666724109389 -0.013963359456470315 0.0031637694997144195 0.31518523281716049 -1089.2913132785777 209.39809889114582 -0.07525230059282105 1.3963359456470315e-06 -3.1637694997144195e-07 -3.1518523281716046e-05 0.000363175936647392 -6.9936494162155371e-05 2.9952994545315611e-08 1089.527809942176 -209.80948248646612 0.089858983635946826 
0.0072214719076812983 0.03757546162913572 -0.00046461478492645925 -0.0082529154168974866 -0.026123153626851577 -0.094685430516097846 -0.0072214719076812983 -0.03757546162913572 0.00046461478492645925 0.0082529154168974866 0.026123153626851577 0.094685430516097846 7.2214719076812983e-07 3.757546162913572e-06 -4.6461478492645925e-08 -2.7509718056324955e-09 -8.7077178756171925e-09 -3.1561810172032617e-08 -0.0082529154168974866 -0.026123153626851577 -0.094685430516097846 
-0.053720926614791997 -0.051446759621320837 -0.0071461169959263771 -0.019712698308861531 -0.028511202468820312 -0.004056728990375822 0.053720926614791997 0.051446759621320837 0.0071461169959263771 0.019712698308861531 0.028511202468820312 0.004056728990375822 -5.3720926614791997e-06 -5.1446759621320837e-06 -7.1461169959263771e-07 -6.5708994362871768e-09 -9.5037341562734377e-09 -1.3522429967919407e-09 -0.019712698308861531 -0.028511202468820312 -0.004056728990375822 
0.068387923579660281 -0.0075036598512490116 -0.04088157136705739 0.19289359348265378 -0.15775280593340754 -0.0157760656001747 -0.068387923579660281 0.0075036598512490116 0.04088157136705739 -2.2229504995335363 1.219476895845726 -3.5750397487410308 6.8387923579660281e-06 -7.5036598512490116e-07 -4.088157136705739e-06 7.187151917318376e-08 -1.4257712875299469e-08 3.7605279232225299e-10 0.21561455751955128 -0.042773138625898405 0.001128158376966759 
0.12345928967483211 0.63820151828430927 -0.013294404758376621 1161.7942372939383 -218.40240003937075 3.004129038357271 -0.12345928967483211 -0.63820151828430927 0.013294404758376621 -1161.7942372939383 218.40240003937075 -3.004129038357271 1.2345928967483211e-05 6.3820151828430927e-05 -1.3294404758376621e-06 0.00038726474576464612 -7.2800800013123586e-05 1.0013763461190903e-06 1161.7942372939383 -218.40240003937075 3.004129038357271 
-0.022419278919557431 0.039229789184141377 -2.7016444359428959e-05 1161.9190808224964 -225.57311647922984 0 0.022419278919557431 -0.039229789184141377 2.7016444359428959e-05 -1161.9190808224964 225.57311647922984 -0 -2.241927891955743e-06 3.9229789184141376e-06 -2.7016444359428959e-09 0.00038730636027416545 -7.5191038826409948e-05 0 1161.9190808224964 -225.57311647922984 0 
0.14193410980301024 -0.027247939979879732 0.19092566440582007 1162.0678469118582 -224.94738649061946 -0.023776933608834126 -0.14193410980301024 0.027247939979879732 -0.19092566440582007 -1162.8209442533121 222.05236567452042 0.17046673250974095 1.4193410980301024e-05 -2.7247939979879732e-06 1.9092566440582007e-05 0.00038731511479931204 -7.5192797393261847e-05 -7.587502259143523e-09 1161.9453443979362 -225.57839217978554 -0.02276250677743057 
-0.0089987802703861419 -0.04480616175722707 -0.0085006565059622674 0.047372149468480666 0.24132382453861809 0.01458720776862287 0.0089987802703861419 0.04480616175722707 0.0085006565059622674 -0.047372149468480666 -0.24132382453861809 -0.01458720776862287 -8.9987802703861419e-07 -4.480616175722707e-06 -8.5006565059622674e-07 1.5790716489493555e-08 8.0441274846206031e-08 4.8624025895409564e-09 0.047372149468480666 0.24132382453861809 0.01458720776862287 
-0.0094043393504550377 0.43326492147999218 0.067162855312830061 0.13375935579848613 -0.02385221813435939 -0.0047804832045723472 0.0094043393504550377 -0.43326492147999218 -0.067162855312830061 -0.13375935579848613 0.02385221813435939 0.0047804832045723472 -9.4043393504550377e-07 4.3326492147999218e-05 6.7162855312830061e-06 4.4586451932828711e-08 -7.9507393781197965e-09 -1.5934944015241158e-09 0.13375935579848613 -0.02385221813435939 -0.0047804832045723472 
0.047840466413928695 0.054440902477193021 -0.41762769214470641 -0.41781533015970795 -1.227144824425568 -0.052345740260330453 -0.047840466413928695 -0.054440902477193021 0.41762769214470641 -21.770331233185949 4.8435656503277977 -2.0179433790063297 4.7840466413928695e-06 5.4440902477193021e-06 -4.1762769214470641e-05 -5.6784930038376263e-08 4.3016356108478789e-09 4.5883789576083728e-08 -0.1703547901151288 0.012904906832543637 0.13765136872825118 
-0.00018610174956634751 -0.0015803379807555196 0.003411295564914596 1239.1322758901665 -231.40588786408995 2.4431849929666196 0.00018610174956634751 0.0015803379807555196 -0.003411295564914596 -1239.1322758901665 231.40588786408995 -2.4431849929666196 -1.8610174956634751e-08 -1.5803379807555196e-07 3.411295564914596e-07 0.00041304409196338883 -7.7135295954696648e-05 8.1439499765553992e-07 1239.1322758901665 -231.40588786408995 2.4431849929666196 
0.026392398635119056 -0.0081825441235455071 2.4852642166450778e-06 1236.4029415295734 -242.07827428846409 0 -0.026392398635119056 0.0081825441235455071 -2.4852642166450778e-06 -1236.4029415295734 242.07827428846409 -0 2.6392398635119056e-06 -8.1825441235455071e-07 2.4852642166450778e-10 0.00041213431384319111 -8.0692758096154692e-05 0 1236.4029415295734 -242.07827428846409 0 
-0.093132976054510763 0.017711330060343755 -0.30577143880435725 1236.2317749414115 -243.07841689921023 -0.0078057619872369585 0.093132976054510763 -0.017711330060343755 0.30577143880435725 -1235.6749691716536 244.36099001173591 -0.087497130962332748 -9.3132976054510763e-06 1.7711330060343755e-06 -3.0577143880435725e-05 0.00041214222083241973 -8.0694346223208926e-05 -3.1698674432877018e-09 1236.4266624972593 -242.08303866962677 -0.0095096023298631063 
-0.021452180660186393 -0.10915170333747337 -0.0021046078329395312 0.0081633156482120422 0.014034474968245043 0.14970263740054049 0.021452180660186393 0.10915170333747337 0.0021046078329395312 -0.0081633156482120422 -0.014034474968245043 -0.14970263740054049 -2.1452180660186393e-06 -1.0915170333747337e-05 -2.1046078329395312e-07 2.7211052160706805e-09 4.6781583227483476e-09 4.9900879133513498e-08 0.0081633156482120422 0.014034474968245043 0.14970263740054049 
0.0021870162952852823 0.59428653459869807 0.095632482501883942 -0.25731340341477338 -0.015180151890691999 -0.00068726288943734247 -0.0021870162952852823 -0.59428653459869807 -0.095632482501883942 0.25731340341477338 0.015180151890691999 0.00068726288943734247 2.1870162952852823e-07 5.9428653459869807e-05 9.5632482501883942e-06 -8.5771134471591129e-08 -5.0600506302306662e-09 -2.2908762981244749e-10 -0.25731340341477338 -0.015180151890691999 -0.00068726288943734247 
-0.048551531259821701 0.021278966513271769 -0.072009603384604048 -0.01055519570874118 -0.20819621005360631 -0.15069977866595499 0.048551531259821701 -0.021278966513271769 0.072009603384604048 -3.9526439402749647 0.16976955319295525 2.8114797050836819 -4.8551531259821701e-06 2.1278966513271769e-06 -7.2009603384604048e-06 1.1255425406864301e-08 3.8806137196477575e-09 -3.8540137705330596e-08 0.033766276220592903 0.011641841158943272 -0.11562041311599179 
0.028619687841846542 0.14387228301354638 0.0043320343290353946 1315.9176248200331 -244.23002969853442 2.7241614154732066 -0.028619687841846542 -0.14387228301354638 -0.0043320343290353946 -1315.9176248200331 244.23002969853442 -2.7241614154732066 2.8619687841846542e-06 1.4387228301354638e-05 4.3320343290353946e-07 0.00043863920827334437 -8.1410009899511476e-05 9.080538051577355e-07 1315.9176248200331 -244.23002969853442 2.7241614154732066 
-0.028395652308373116 0.033693852310295584 -2.4566488010524523e-05 1312.3820262283384 -259.52876273179135 0 0.028395652308373116 -0.033693852310295584 2.4566488010524523e-05 -1312.3820262283384 259.52876273179135 -0 -2.8395652308373117e-06 3.3693852310295587e-06 -2.4566488010524523e-09 0.00043746067540944617 -8.6509587577263776e-05 0 1312.3820262283384 -259.52876273179135 0 
-0.027697041944385603 0.006103733394269284 0.3445718686766186 1312.6173780413371 -258.42658526312982 -0.048778683640619019 0.027697041944385603 -0.006103733394269284 -0.3445718686766186 -1312.5918232439817 260.29609044158985 0.017716458696379195 -2.7697041944385603e-06 6.103733394269284e-07 3.445718686766186e-05 0.00043746624088379291 -8.6510759581107563e-05 -1.5589405217256468e-08 1312.3987226513786 -259.53227874332271 -0.046768215651769404 
0.046918007140517304 0.2369899599219405 0.0010878381687812189 0.00024613059883058343 0.011766529053363872 -0.055934799218079916 -0.046918007140517304 -0.2369899599219405 -0.0010878381687812189 -0.00024613059883058343 -0.011766529053363872 0.055934799218079916 4.6918007140517304e-06 2.369899599219405e-05 1.0878381687812189e-07 8.204353294352781e-11 3.9221763511212907e-09 -1.8644933072693305e-08 0.00024613059883058343 0.011766529053363872 -0.055934799218079916 
0.015760686543006552 0.58430172406254144 0.097685562110427782 -0.10513247304289348 -0.013593151981481848 -0.0016523686722152045 -0.015760686543006552 -0.58430172406254144 -0.097685562110427782 0.10513247304289348 0.013593151981481848 0.0016523686722152045 1.5760686543006552e-06 5.8430172406254144e-05 9.7685562110427782e-06 -3.5044157680964495e-08 -4.5310506604939497e-09 -5.5078955740506816e-10 -0.10513247304289348 -0.013593151981481848 -0.0016523686722152045 
0.042441378172997091 -0.025556638418855471 0.10171944918868636 0.31329450607038123 0.2623007779054104 0.016953963978290333 -0.042441378172997091 0.025556638418855471 -0.10171944918868636 5.2309416918654135 -0.51372378219182468 -2.3933977404220688 4.2441378172997091e-06 -2.5556638418855471e-06 1.0171944918868636e-05 8.3507528202603853e-08 -1.5142047432973013e-08 -1.1390122289813829e-08 0.25052258460781157 -0.045426142298919038 -0.034170366869441485 
0.017879033304968317 0.090307172031789396 -0.0049164548431013255 1392.3644716663316 -261.22292263512355 3.1027549602795998 -0.017879033304968317 -0.090307172031789396 0.0049164548431013255 -1392.3644716663316 261.22292263512355 -3.1027549602795998 1.7879033304968317e-06 9.0307172031789396e-06 -4.9164548431013255e-07 0.00046412149055544388 -8.7074307545041192e-05 1.0342516534265332e-06 1392.3644716663316 -261.22292263512355 3.1027549602795998 
0.012091515456617904 -0.039465991174234029 3.429844130931059e-05 1388.6897167064851 -277.74664522051762 0 -0.012091515456617904 0.039465991174234029 -3.429844130931059e-05 -1388.6897167064851 277.74664522051762 -0 1.2091515456617903e-06 -3.9465991174234027e-06 3.429844130931059e-09 0.00046289657223549501 -9.2582215073505869e-05 0 1388.6897167064851 -277.74664522051762 0 
0.020994942591112675 -0.0047901549482531891 -0.30692692077861733 1388.4816046502326 -278.72945399882286 -0.074539019194782147 -0.020994942591112675 0.0047901549482531891 0.30692692077861733 -1388.4900698396607 277.15582534712581 0.098519316810588772 2.0994942591112675e-06 -4.7901549482531891e-07 -3.0692692077861732e-05 0.00046289285741622039 -9.2581549052915722e-05 -2.5478470593312016e-08 1388.6785722486611 -277.74464715874717 -0.076435411779936041 
0.036977395141413183 0.18632039009688905 -0.0077974568931174493 0.020658136751984472 0.11048416087047959 -0.037827078668401154 -0.036977395141413183 -0.18632039009688905 0.0077974568931174493 -0.020658136751984472 -0.11048416087047959 0.037827078668401154 3.6977395141413183e-06 1.8632039009688905e-05 -7.7974568931174493e-07 6.8860455839948237e-09 3.6828053623493194e-08 -1.2609026222800384e-08 0.020658136751984472 0.11048416087047959 -0.037827078668401154 
0.051330892758827407 0.34531695804806972 0.059828366332226324 -0.0056348482022404315 0.026865172658014989 0.0047066772959961775 -0.051330892758827407 -0.34531695804806972 -0.059828366332226324 0.0056348482022404315 -0.026865172658014989 -0.0047066772959961775 5.1330892758827407e-06 3.4531695804806972e-05 5.9828366332226324e-06 -1.8782827340801439e-09 8.9550575526716634e-09 1.5688924319987258e-09 -0.0056348482022404315 0.026865172658014989 0.0047066772959961775 
0.092862396197657127 -0.11007961872033789 0.52553792839138413 0.0071261231842749684 1.6203650771536577 0.39309001137036731 -0.092862396197657127 0.11007961872033789 -0.52553792839138413 28.356183309808767 -4.4861307379150803 -6.0051440801403215 9.2862396197657127e-06 -1.1007961872033789e-05 5.2553792839138413e-05 -1.0615400162055717e-07 1.4984431764207768e-08 4.0211417857792601e-08 -0.31846200486167153 0.044953295292623305 0.1206342535733778 
0.082588809573458377 0.40693667942015566 0.0060701807899632421 1470.8102666796337 -276.90167092451111 3.2966017610935761 -0.082588809573458377 -0.40693667942015566 -0.0060701807899632421 -1470.8102666796337 276.90167092451111 -3.2966017610935761 8.2588809573458377e-06 4.0693667942015566e-05 6.0701807899632421e-07 0.00049027008889321127 -9.2300556974837041e-05 1.0988672536978587e-06 1470.8102666796337 -276.90167092451111 3.2966017610935761 
0.046393966755125401 -0.036437383769777301 2.6475193148911558e-05 1468.0450887834518 -296.99879962665875 0 -0.046393966755125401 0.036437383769777301 -2.6475193148911558e-05 -1468.0450887834518 296.99879962665875 -0 4.6393966755125404e-06 -3.6437383769777299e-06 2.6475193148911558e-09 0.00048934836292781727 -9.899959987555291e-05 0 1468.0450887834518 -296.99879962665875 0 
-0.065951980282585865 0.012709867531768282 -0.3105885126026241 1467.8346668702463 -298.0047860212797 -0.044452704843403718 0.065951980282585865 -0.012709867531768282 0.3105885126026241 -1467.4065991096484 298.59021760408729 -0.022488465858428848 -6.5951980282585865e-06 1.2709867531768282e-06 -3.1058851260262407e-05 0.00048934613031031981 -9.8999264183762694e-05 -1.5501486713864896e-08 1468.0383909309594 -296.99779255128806 -0.046504460141594685 
-0.01510943221871841 -0.075803221166181878 0.0058876285851522381 0.045703034989865082 0.18617798791447651 0.20483423569501805 0.01510943221871841 0.075803221166181878 -0.0058876285851522381 -0.045703034989865082 -0.18617798791447651 -0.20483423569501805 -1.510943221871841e-06 -7.5803221166181878e-06 5.8876285851522381e-07 1.5234344996621695e-08 6.2059329304825508e-08 6.8278078565006011e-08 0.045703034989865082 0.18617798791447651 0.20483423569501805 
0.018401509480694966 -0.12374105560208903 -0.02249906266627022 0.081600584748362792 0.01347052482618607 0.0020250856494708792 -0.018401509480694966 0.12374105560208903 0.02249906266627022 -0.081600584748362792 -0.01347052482618607 -0.0020250856494708792 1.8401509480694966e-06 -1.2374105560208903e-05 -2.249906266627022e-06 2.7200194916120933e-08 4.4901749420620236e-09 6.7502854982362643e-10 0.081600584748362792 0.01347052482618607 0.0020250856494708792 
-0.061408727820011499 -0.041373670718325428 0.30128839871051971 -0.021450074869319491 0.95905869273019129 0.015519546782641613 0.061408727820011499 0.041373670718325428 -0.30128839871051971 15.993890716408774 -4.090472753999344 2.8099764542825292 -6.1408727820011499e-06 -4.1373670718325428e-06 3.0128839871051971e-05 -6.9245266622469089e-08 2.3177846585987248e-08 -4.820036322397115e-08 -0.20773579986740726 0.06953353975796174 -0.14460108967191346 
0.061615279269844336 0.30269508589642058 -0.007737144903929849 1551.3125094275802 -298.10339866036264 5.1633188079336625 -0.061615279269844336 -0.30269508589642058 0.007737144903929849 -1551.3125094275802 298.10339866036264 -5.1633188079336625 6.1615279269844336e-06 3.0269508589642058e-05 -7.737144903929849e-07 0.0005171041698091934 -9.9367799553454206e-05 1.721106269311221e-06 1551.3125094275802 -298.10339866036264 5.1633188079336625 
-0.024778548502145111 0.04513710915277807 -4.1409530249225668e-05 1550.1663473486337 -317.03900143663844 0 0.024778548502145111 -0.04513710915277807 4.1409530249225668e-05 -1550.1663473486337 317.03900143663844 -0 -2.477854850214511e-06 4.5137109152778069e-06 -4.1409530249225668e-09 0.00051672211578287792 -0.00010567966714554614 0 1550.1663473486337 -317.03900143663844 0 
0.045624311795222638 -0.0089746822951042304 0.16549624265591728 1550.2602629805833 -316.49806662672535 -0.11392980812187073 -0.045624311795222638 0.0089746822951042304 -0.16549624265591728 -1550.5423674284325 315.92459157791097 0.16060195485011353 4.5624311795222638e-06 -8.9746822951042304e-07 1.6549624265591728e-05 0.00051671675846494804 -0.00010567861751482106 -3.759059162568297e-08 1550.1502753948441 -317.03585254446318 -0.11277177487704891 
0.041436923273741044 0.20306490612909123 -0.0026531820583944321 0.073498862707317716 0.39202107809953407 -0.16683406032136269 -0.041436923273741044 -0.20306490612909123 0.0026531820583944321 -0.073498862707317716 -0.39202107809953407 0.16683406032136269 4.1436923273741044e-06 2.0306490612909123e-05 -2.6531820583944321e-07 2.4499620902439237e-08 1.3067369269984468e-07 -5.5611353440454232e-08 0.073498862707317716 0.39202107809953407 -0.16683406032136269 
0.012231336748921851 0.051127724689514764 0.009566986349796025 0.078220597312051332 -0.021762716369071303 -0.0044776537187676954 -0.012231336748921851 -0.051127724689514764 -0.009566986349796025 -0.078220597312051332 0.021762716369071303 0.0044776537187676954 1.2231336748921851e-06 5.1127724689514764e-06 9.566986349796025e-07 2.6073532437350446e-08 -7.2542387896904344e-09 -1.4925512395892317e-09 0.078220597312051332 -0.021762716369071303 -0.0044776537187676954 
0.088606873316909862 0.02818008913996195 -0.25086068856178256 -0.39904867390285881 -0.72947420076969283 0.10444087667067203 -0.088606873316909862 -0.02818008913996195 0.25086068856178256 -12.80252627996002 3.8783551726314274 -4.4136634146459262 8.8606873316909862e-06 2.818008913996195e-06 -2.5086068856178256e-05 -8.1003517266981433e-08 2.0640685116324683e-09 8.0731800597591062e-08 -0.2430105518009443 0.0061922055348974051 0.24219540179277319 
0.011950688802997433 0.058241716203721872 -0.0021296476921534024 1639.4578014882075 -319.2332039134605 5.9026263243784953 -0.011950688802997433 -0.058241716203721872 0.0021296476921534024 -1639.4578014882075 319.2332039134605 -5.9026263243784953 1.1950688802997433e-06 5.8241716203721872e-06 -2.1296476921534024e-07 0.00054648593382940246 -0.00010641106797115351 1.9675421081261652e-06 1639.4578014882075 -319.2332039134605 5.9026263243784953 
-0.0025264488738693715 4.0975891795846757e-05 5.242245526559941e-07 1634.5946729517218 -337.75289137192971 0 0.0025264488738693715 -4.0975891795846757e-05 -5.242245526559941e-07 -1634.5946729517218 337.75289137192971 -0 -2.5264488738693715e-07 4.0975891795846757e-09 5.242245526559941e-11 0.00054486489098390725 -0.00011258429712397656 0 1634.5946729517218 -337.75289137192971 0 
-0.014071278686689226 0.0036991215335291372 0.34833455671146385 1634.8419425707182 -336.63900017157914 0.19023189389329795 0.014071278686689226 -0.0036991215335291372 -0.34833455671146385 -1634.8696447602847 338.18202020944597 -0.20773697273453581 -1.4071278686689226e-06 3.6991215335291372e-07 3.4833455671146388e-05 0.00054487036865279463 -0.00011258538665390623 6.4256890079551907e-08 1634.6111059583839 -337.75615996171871 0.19277067023865571 
-0.042110363651648441 -0.20503834297830315 0.0065668964810416952 0.015974452707208091 0.053108294981399608 0.1214153923367098 0.042110363651648441 0.20503834297830315 -0.0065668964810416952 -0.015974452707208091 -0.053108294981399608 -0.1214153923367098 -4.2110363651648441e-06 -2.0503834297830315e-05 6.5668964810416952e-07 5.3248175690693639e-09 1.7702764993799869e-08 4.0471797445569934e-08 0.015974452707208091 0.053108294981399608 0.1214153923367098 
0.070666621611661928 -0.10837632630877891 -0.021539061876296728 -0.032437660260997474 -0.001481640473060679 -0.0001347697510929762 -0.070666621611661928 0.10837632630877891 0.021539061876296728 0.032437660260997474 0.001481640473060679 0.0001347697510929762 7.0666621611661928e-06 -1.0837632630877891e-05 -2.1539061876296728e-06 -1.0812553420332492e-08 -4.9388015768689296e-10 -4.49232503643254e-11 -0.032437660260997474 -0.001481640473060679 -0.0001347697510929762 
-0.16795406735797824 0.065200799903575302 -0.14974432615139088 -0.06199507790253668 -0.43773186957216731 -0.27686454516919612 0.16795406735797824 -0.065200799903575302 0.14974432615139088 -8.462194189327267 -0.63444022001846467 9.3708036311024632 -1.6795406735797824e-05 6.5200799903575302e-06 -1.4974432615139088e-05 1.2672103164963601e-08 9.3585797375679672e-09 -6.2072881312261787e-08 0.038016309494890807 0.028075739212703902 -0.18621864393678536 
-0.1804904267688201 -0.86661068197602109 0.0067109463760400834 1726.7578895174304 -347.49579003851284 9.6515953349423285 0.1804904267688201 0.86661068197602109 -0.0067109463760400834 -1726.7578895174304 347.49579003851284 -9.6515953349423285 -1.804904267688201e-05 -8.6661068197602109e-05 6.7109463760400834e-07 0.00057558596317247677 -0.00011583193001283761 3.2171984449807762e-06 1726.7578895174304 -347.49579003851284 9.6515953349423285 
0.012460346271768664 0.023285349115589035 -2.9703778881007281e-05 1721.381960697307 -358.95127871356937 0 -0.012460346271768664 -0.023285349115589035 2.9703778881007281e-05 -1721.381960697307 358.95127871356937 -0 1.2460346271768664e-06 2.3285349115589036e-06 -2.9703778881007281e-09 0.00057379398689910233 -0.00011965042623785646 0 1721.381960697307 -358.95127871356937 0 
-0.08484151731713574 0.017880388654134549 0.078808827777970825 1721.404422504896 -358.70536485834674 -0.097883814152347176 0.08484151731713574 -0.017880388654134549 -0.078808827777970825 -1720.9847599601708 361.09343052376965 0.0078591890725866476 -8.484151731713574e-06 1.7880388654134549e-06 7.8808827777970825e-06 0.00057378468215105996 -0.00011964898224476774 -3.2435078227313842e-08 1721.3540464531798 -358.94694673430325 -0.097305234681941521 
0.013833964119802644 0.06587183042860989 0.0022113061963480174 -0.027307809399777262 -0.08790763445884775 -0.21278001296761617 -0.013833964119802644 -0.06587183042860989 -0.0022113061963480174 0.027307809399777262 0.08790763445884775 0.21278001296761617 1.3833964119802644e-06 6.587183042860989e-06 2.2113061963480174e-07 -9.1026031332590875e-09 -2.9302544819615918e-08 -7.0926670989205394e-08 -0.027307809399777262 -0.08790763445884775 -0.21278001296761617 
-0.011647492020386285 0.50630299071929841 0.10278838416866165 0.035147087811270586 -0.01667637559445459 -0.0035523443550179406 0.011647492020386285 -0.50630299071929841 -0.10278838416866165 -0.035147087811270586 0.01667637559445459 0.0035523443550179406 -1.1647492020386285e-06 5.0630299071929841e-05 1.0278838416866165e-05 1.1715695937090196e-08 -5.5587918648181972e-09 -1.1841147850059802e-09 0.035147087811270586 -0.01667637559445459 -0.0035523443550179406 
0.16680292598852953 -0.080354234408552827 0.21865961532085976 0.18379329840613751 0.63939588411582315 0.249926766590859 -0.16680292598852953 0.080354234408552827 -0.21865961532085976 12.066376993826651 -0.099324387577995138 -9.3964132544467489 1.6680292598852953e-05 -8.0354234408552827e-06 2.1865961532085976e-05 1.271917341963968e-08 -1.0467048679932558e-08 3.8171936362195595e-08 0.038157520258919039 -0.031401146039797677 0.11451580908658679 
0.13312368107198935 0.63441858896562398 -0.0075071158034401009 1813.7853598269455 -366.53065257487594 10.83041126949203 -0.13312368107198935 -0.63441858896562398 0.0075071158034401009 -1813.7853598269455 366.53065257487594 -10.83041126949203 1.3312368107198935e-05 6.3441858896562398e-05 -7.5071158034401009e-07 0.00060459511994231517 -0.00012217688419162532 3.6101370898306765e-06 1813.7853598269455 -366.53065257487594 10.83041126949203 
0.019807229574390094 0.01396585331442466 -2.1871965349973266e-05 1809.5234609655865 -380.48649687299212 0 -0.019807229574390094 -0.01396585331442466 2.1871965349973266e-05 -1809.5234609655865 380.48649687299212 -0 1.9807229574390092e-06 1.396585331442466e-06 -2.1871965349973266e-09 0.00060317448698852887 -0.00012682883229099738 0 1809.5234609655865 -380.48649687299212 0 
0.03450886719935653 -0.0079043228673469912 -0.2572826346628268 1809.3227400619437 -381.30144654274795 -0.021535554129249512 -0.03450886719935653 0.0079043228673469912 0.2572826346628268 -1809.4336981267236 379.55936627087544 0.060173714922949414 3.450886719935653e-06 -7.9043228673469912e-07 -2.572826346628268e-05 0.00060316512821947748 -0.00012682679338674109 -7.8680377364533749e-09 1809.4953846584324 -380.48038016022326 -0.023604113209360126 
0.13843572347016497 0.65905898982671074 -0.0045181903014085423 0.026729376361538316 0.15016379878633773 -0.11252019156944129 -0.13843572347016497 -0.65905898982671074 0.0045181903014085423 -0.026729376361538316 -0.15016379878633773 0.11252019156944129 1.3843572347016497e-05 6.5905898982671074e-05 -4.5181903014085423e-07 8.9097921205127722e-09 5.0054599595445906e-08 -3.7506730523147096e-08 0.026729376361538316 0.15016379878633773 -0.11252019156944129 
0.022792749255901024 -0.10869793970247343 -0.022968118695843032 -0.53942866157976321 0.013610587625358219 0.0055344519716669666 -0.022792749255901024 0.10869793970247343 0.022968118695843032 0.53942866157976321 -0.013610587625358219 -0.0055344519716669666 2.2792749255901024e-06 -1.0869793970247343e-05 -2.2968118695843032e-06 -1.7980955385992107e-07 4.5368625417860729e-09 1.8448173238889889e-09 -0.53942866157976321 0.013610587625358219 0.0055344519716669666 
0.020006056847821085 -0.04724860775850992 0.20489669813328337 -1.2362943645111941 0.91687939266175666 0.10431444442358367 -0.020006056847821085 0.04724860775850992 -0.20489669813328337 12.319598224962098 -2.3153794978924691 -1.5089753913214126 2.0006056847821085e-06 -4.724860775850992e-06 2.0489669813328337e-05 -4.5680093685811888e-07 1.0185385027816609e-07 -7.8531450930167386e-09 -1.3704028105743566 0.30556155083449826 -0.023559435279050217 
0.1022954026175249 0.48348552384003263 -0.003750238370403558 1898.2579926893325 -396.28032907704801 14.775789605980419 -0.1022954026175249 -0.48348552384003263 0.003750238370403558 -1898.2579926893325 396.28032907704801 -14.775789605980419 1.022954026175249e-05 4.8348552384003263e-05 -3.750238370403558e-07 0.00063275266422977751 -0.00013209344302568266 4.925263201993473e-06 1898.2579926893325 -396.28032907704801 14.775789605980419 
0.019715453051054582 -0.027478794571014285 2.9478071650324011e-05 1897.5430411514867 -401.97528784102167 0 -0.019715453051054582 0.027478794571014285 -2.9478071650324011e-05 -1897.5430411514867 401.97528784102167 -0 1.9715453051054582e-06 -2.7478794571014287e-06 2.9478071650324011e-09 0.00063251434705049558 -0.0001339917626136739 0 1897.5430411514867 -401.97528784102167 0 
0.020180639167532988 -0.0035826397226657036 0.26191930823418408 1897.736436656895 -401.13452015104588 -0.16869258585876346 -0.020180639167532988 0.0035826397226657036 -0.26191930823418408 -1897.9128450244996 401.52735066907735 0.18765798350135718 2.0180639167532988e-06 -3.5826397226657036e-07 2.6191930823418405e-05 0.00063251926502620238 -0.00013399260274070361 -5.5487752819251346e-08 1897.5577950786071 -401.97780822211081 -0.16646325845775403 
0.092898956233211649 0.43863330465576666 -0.0012899714274539065 -0.039531833641123185 -0.19534235224093097 0.042215757153043487 -0.092898956233211649 -0.43863330465576666 0.0012899714274539065 0.039531833641123185 0.19534235224093097 -0.042215757153043487 9.2898956233211649e-06 4.3863330465576666e-05 -1.2899714274539065e-07 -1.3177277880374394e-08 -6.5114117413643654e-08 1.4071919051014496e-08 -0.039531833641123185 -0.19534235224093097 0.042215757153043487 
0.018579654870870543 -0.62593977677494195 -0.13620261182012428 -1.4706276249250483 0.024935281788409553 0.013044457994041489 -0.018579654870870543 0.62593977677494195 0.13620261182012428 1.4706276249250483 -0.024935281788409553 -0.013044457994041489 1.8579654870870543e-06 -6.2593977677494195e-05 -1.3620261182012428e-05 -4.9020920830834946e-07 8.3117605961365173e-09 4.3481526646804964e-09 -1.4706276249250483 0.024935281788409553 0.013044457994041489 
-0.029255769021796496 0.053089668627936959 -0.21549390561120818 1.0001757248235736 -0.87384271432150395 -0.24607651210930029 0.029255769021796496 -0.053089668627936959 0.21549390561120818 -12.699159816986475 2.2368904970947834 2.1701519532474451 -2.9255769021796496e-06 5.3089668627936959e-06 -2.1549390561120818e-05 3.8092476890653276e-07 -7.6665786643884785e-08 -3.5605466847460504e-08 1.1427743067195983 -0.22999735993165435 -0.10681640054238151 
0.12613701335428829 0.59136599199538509 -0.00039641991855798864 1989.257821980168 -426.03783472256407 18.120290007897545 -0.12613701335428829 -0.59136599199538509 0.00039641991855798864 -1989.257821980168 426.03783472256407 -18.120290007897545 1.2613701335428829e-05 5.9136599199538509e-05 -3.9641991855798864e-08 0.00066308594066005603 -0.00014201261157418803 6.0400966692991819e-06 1989.257821980168 -426.03783472256407 18.120290007897545 
0.010369143674628167 -0.0098580242418439511 1.0125567606600328e-05 1986.2088705381752 -423.54101859316171 0 -0.010369143674628167 0.0098580242418439511 -1.0125567606600328e-05 -1986.2088705381752 423.54101859316171 -0 1.0369143674628166e-06 -9.8580242418439511e-07 1.0125567606600328e-09 0.00066206962351272511 -0.00014118033953105391 0 1986.2088705381752 -423.54101859316171 0 
0.037981974903011917 -0.0091986980610414548 -0.39707913899090019 1985.9619528237658 -424.81376343174054 -0.13222653355571345 -0.037981974903011917 0.0091986980610414548 0.39707913899090019 -1986.0609115634368 422.50626332177035 0.17621612330150266 3.7981974903011917e-06 -9.1986980610414548e-07 -3.9707913899090022e-05 0.00066207746069159832 -0.00014118185816477382 -4.5245932861202053e-08 1986.2323820747949 -423.54557449432144 -0.13573779858360616 
0.090915851985728935 0.42598473783156399 0.00091511474689665029 -0.075597706969726147 -0.3268509039718569 -0.12986750971035896 -0.090915851985728935 -0.42598473783156399 -0.00091511474689665029 0.075597706969726147 0.3268509039718569 0.12986750971035896 9.0915851985728935e-06 4.2598473783156399e-05 9.1511474689665029e-08 -2.519923565657538e-08 -1.089503013239523e-07 -4.3289169903452987e-08 -0.075597706969726147 -0.3268509039718569 -0.12986750971035896 
-0.013084771115640104 -0.67229021449399795 -0.15075205629599964 0.5511760076752138 -0.0079507170827293402 -0.0047617730454302936 0.013084771115640104 0.67229021449399795 0.15075205629599964 -0.5511760076752138 0.0079507170827293402 0.0047617730454302936 -1.3084771115640104e-06 -6.7229021449399795e-05 -1.5075205629599964e-05 1.8372533589173793e-07 -2.650239027576447e-09 -1.587257681810098e-09 0.5511760076752138 -0.0079507170827293402 -0.0047617730454302936 
-0.010678017595966427 -0.11941493140543713 0.5458610201075631 0.11770019488502817 1.6738709651265897 0.36071092445902248 0.010678017595966427 0.11941493140543713 -0.5458610201075631 29.276985811890693 -6.4092085292137515 -0.82162135169418571 -1.0678017595966427e-06 -1.1941493140543713e-05 5.458610201075631e-05 -8.1352536988557831e-08 1.8219457916541152e-08 -1.9723186269693785e-10 -0.24405761096567349 0.054658373749623457 -0.00059169558809081351 
0.10973685220072582 0.51125020508024921 -2.0876728748508988e-05 2073.694142223248 -452.11850521335089 21.132376620281253 -0.10973685220072582 -0.51125020508024921 2.0876728748508988e-05 -2073.694142223248 452.11850521335089 -21.132376620281253 1.0973685220072582e-05 5.1125020508024921e-05 -2.0876728748508988e-09 0.0006912313807410827 -0.00015070616840445029 7.0441255400937504e-06 2073.694142223248 -452.11850521335089 21.132376620281253 
-0.0090569203940101001 -0.03524384508030208 5.1412658019778235e-05 2073.8119293078253 -444.94199961117562 0 0.0090569203940101001 0.03524384508030208 -5.1412658019778235e-05 -2073.8119293078253 444.94199961117562 -0 -9.0569203940101006e-07 -3.5243845080302084e-06 5.1412658019778235e-09 0.0006912706431026084 -0.00014831399987039187 0 2073.8119293078253 -444.94199961117562 0 
0.050913456357548625 -0.011436949129972618 -0.17746997159815564 2073.6778497726445 -445.50091905769335 0.18116437729022106 -0.050913456357548625 0.011436949129972618 0.17746997159815564 -2073.9053836832963 443.62261428118876 -0.12539416298008252 5.0913456357548625e-06 -1.1436949129972618e-06 -1.7746997159815564e-05 0.00069126610984013997 -0.00014831312699078869 5.9846734387908897e-08 2073.7983295204199 -444.93938097236611 0.17954020316372668 
0.090933853784669338 0.4229910041397833 0.0030399013524473606 0.01285177965307276 0.061934960554847929 -0.0095685155477585066 -0.090933853784669338 -0.4229910041397833 -0.0030399013524473606 -0.01285177965307276 -0.061934960554847929 0.0095685155477585066 9.0933853784669338e-06 4.229910041397833e-05 3.0399013524473606e-07 4.2839265510242533e-09 2.0644986851615977e-08 -3.1895051825861687e-09 0.01285177965307276 0.061934960554847929 -0.0095685155477585066 
0.048318843053202221 0.035438319772040927 0.0079081551618287449 -1.6334322105188701 0.05359746516633395 0.02158873766724892 -0.048318843053202221 -0.035438319772040927 -0.0079081551618287449 1.6334322105188701 -0.05359746516633395 -0.02158873766724892 4.8318843053202221e-06 3.5438319772040927e-06 7.9081551618287449e-07 -5.4447740350629003e-07 1.7865821722111316e-08 7.196245889082973e-09 -1.6334322105188701 0.05359746516633395 0.02158873766724892 
-0.056497455778320438 0.00038335762508889815 0.053765579810377551 1.2193642630315791 -0.12061638690908022 0.058705716888530421 0.056497455778320438 -0.00038335762508889815 -0.053765579810377551 1.4893010978731125 -1.1930793428670528 2.7969561631197424 -5.6497455778320438e-06 3.8335762508889815e-08 5.3765579810377551e-06 3.9505466065184627e-07 -9.0814455001631562e-08 7.9500805364433933e-09 1.1851639819555388 -0.27244336500489469 0.023850241609330181 
-0.17054750963918508 -0.79185236521395197 0.0081449964548646614 2157.2208783630249 -478.00218185966037 25.449644204149763 0.17054750963918508 0.79185236521395197 -0.0081449964548646614 -2157.2208783630249 478.00218185966037 -25.449644204149763 -1.7054750963918508e-05 -7.9185236521395197e-05 8.1449964548646614e-07 0.00071907362612100832 -0.00015933406061988679 8.4832147347165871e-06 2157.2208783630249 -478.00218185966037 25.449644204149763 
-0.039744337788102747 -0.0092430338226258315 2.5676374360017462e-05 2161.4886252282463 -466.37603506247848 0 0.039744337788102747 0.0092430338226258315 -2.5676374360017462e-05 -2161.4886252282463 466.37603506247848 -0 -3.974433778810275e-06 -9.2430338226258315e-07 2.5676374360017462e-09 0.00072049620840941543 -0.00015545867835415949 0 2161.4886252282463 -466.37603506247848 0 
0.011493482496849339 -0.0038578299577096686 -0.45685119709355448 2161.1451654504272 -467.83223403190914 -0.058567789085341125 -0.011493482496849339 0.0038578299577096686 0.45685119709355448 -2161.0935562658901 465.98077846242688 0.075500589239282739 1.1493482496849339e-06 -3.8578299577096686e-07 -4.5685119709355446e-05 0.00072048692858823603 -0.00015545648087696024 -2.099326043778366e-08 2161.4607857647079 -466.36944263088071 -0.062979781313350983 
-0.1674301873200168 -0.7773005604444494 0.0076393389423362601 -0.027096121194020682 -0.1210243165413938 -0.020563772522495388 0.1674301873200168 0.7773005604444494 -0.0076393389423362601 0.027096121194020682 0.1210243165413938 0.020563772522495388 -1.674301873200168e-05 -7.773005604444494e-05 7.6393389423362601e-07 -9.0320403980068941e-09 -4.0341438847131267e-08 -6.8545908408317959e-09 -0.027096121194020682 -0.1210243165413938 -0.020563772522495388 
-0.079197809727676871 0.63207049102231849 0.15045277097058829 -1.0712323671439044 0.042807618277040688 0.016537172763376063 0.079197809727676871 -0.63207049102231849 -0.15045277097058829 1.0712323671439044 -0.042807618277040688 -0.016537172763376063 -7.9197809727676871e-06 6.3207049102231849e-05 1.5045277097058829e-05 -3.5707745571463481e-07 1.4269206092346895e-08 5.5123909211253538e-09 -1.0712323671439044 0.042807618277040688 0.016537172763376063 
-0.010863744169600786 0.081110529301930967 -0.33333454306734567 1.4990914082804569 -1.3294981689330343 -0.4559639108531508 0.010863744169600786 -0.081110529301930967 0.33333454306734567 -19.551223697294713 4.0045815694904219 1.6952329456444248 -1.0863744169600786e-06 8.1110529301930967e-06 -3.3333454306734567e-05 5.7465387419739187e-07 -1.1297226228136956e-07 -7.4084605273209314e-08 1.7239616225921757 -0.3389167868441087 -0.22225381581962794 
0.053910147457258972 0.24696742891405776 0.0060840760471997379 2250.6420444380469 -485.95759505542264 21.326203928408219 -0.053910147457258972 -0.24696742891405776 -0.0060840760471997379 -2250.6420444380469 485.95759505542264 -21.326203928408219 5.3910147457258972e-06 2.4696742891405776e-05 6.0840760471997379e-07 0.00075021401481268235 -0.00016198586501847421 7.1087346428027402e-06 2250.6420444380469 -485.95759505542264 21.326203928408219 
0.018415283392251375 -0.027762856079410671 3.5672542142428654e-05 2251.4030083539392 -488.54132142915864 0 -0.018415283392251375 0.027762856079410671 -3.5672542142428654e-05 -2251.4030083539392 488.54132142915864 -0 1.8415283392251376e-06 -2.7762856079410671e-06 3.5672542142428654e-09 0.00075046766945131307 -0.00016284710714305287 0 2251.4030083539392 -488.54132142915864 0 
-0.043615788525297461 0.010972255575225631 0.47972480290599251 2251.7495318505953 -487.0131615342022 0.097123570716226293 0.043615788525297461 -0.010972255575225631 -0.47972480290599251 -2251.6298565982593 489.74461836401537 -0.1487167169990285 -4.3615788525297461e-06 1.0972255575225631e-06 4.7972480290599251e-05 0.00075047246297969936 -0.00016284793870912669 3.397826137600655e-08 2251.4173889390981 -488.54381612738007 0.10193478412801965 
-0.029830208243541989 -0.13908762300451905 0.0075834228701471273 -0.015057430061459411 -0.082492255092937922 0.059124867908002331 0.029830208243541989 0.13908762300451905 -0.0075834228701471273 0.015057430061459411 0.082492255092937922 -0.059124867908002331 -2.9830208243541989e-06 -1.3908762300451905e-05 7.5834228701471273e-07 -5.0191433538198038e-09 -2.7497418364312641e-08 1.9708289302667444e-08 -0.015057430061459411 -0.082492255092937922 0.059124867908002331 
0.056118334854776686 -0.30216568590812898 -0.073969073302038169 0.024349314040123634 -0.0029639659084484122 -0.00087684680111154247 -0.056118334854776686 0.30216568590812898 0.073969073302038169 -0.024349314040123634 0.0029639659084484122 0.00087684680111154247 5.6118334854776686e-06 -3.0216568590812898e-05 -7.3969073302038169e-06 8.1164380133745447e-09 -9.8798863614947069e-10 -2.9228226703718083e-10 0.024349314040123634 -0.0029639659084484122 -0.00087684680111154247 
-0.056565750469715625 -0.093255813302522972 0.43853692676655565 -0.067392168954895471 1.3529221174067283 0.40755545372819219 0.056565750469715625 0.093255813302522972 -0.43853692676655565 23.59027807432912 -6.0188315375000192 1.6343855141323447 -5.6565750469715625e-06 -9.3255813302522972e-06 4.3853692676655565e-05 -1.21047508326569e-07 2.0064668438216054e-08 3.1501994718422262e-08 -0.363142524979707 0.060194005314648164 0.094505984155266787 
-0.039563918794449648 -0.1818090856781085 0.0028318504087521124 2343.5610712542293 -501.26151199179526 22.548401130130529 0.039563918794449648 0.1818090856781085 -0.0028318504087521124 -2343.5610712542293 501.26151199179526 -22.548401130130529 -3.9563918794449648e-06 -1.818090856781085e-05 2.8318504087521124e-07 0.00078118702375140983 -0.00016708717066393175 7.5161337100435091e-06 2343.5610712542293 -501.26151199179526 22.548401130130529 
-0.036718545233460846 0.0012670259081411922 1.0530038507816641e-05 2340.912619327873 -510.94166308709958 0 0.036718545233460846 -0.0012670259081411922 -1.0530038507816641e-05 -2340.912619327873 510.94166308709958 -0 -3.6718545233460848e-06 1.2670259081411922e-07 1.0530038507816641e-09 0.00078030420644262428 -0.00017031388769569986 0 2340.912619327873 -510.94166308709958 0 
0.015972420126519893 -0.0033089927953255938 0.05420483035346868 2340.9545848538974 -510.76657810971608 -0.0033590741693139328 -0.015972420126519893 0.0033089927953255938 -0.05420483035346868 -2341.0543973154695 510.55383300719944 0.019783340287657936 1.5972420126519893e-06 -3.3089927953255938e-07 5.420483035346868e-06 0.00078030537714836789 -0.00017031425160201214 -9.2766310546892699e-10 2340.9161314451035 -510.94275480603642 -0.002782989316406781 
-0.041510009154421823 -0.19117965902648582 0.0048689272317409271 0.07424560097503001 0.30771536739412625 0.14320213931664483 0.041510009154421823 0.19117965902648582 -0.0048689272317409271 -0.07424560097503001 -0.30771536739412625 -0.14320213931664483 -4.1510009154421823e-06 -1.9117965902648582e-05 4.8689272317409271e-07 2.4748533658343337e-08 1.0257178913137542e-07 4.7734046438881609e-08 0.07424560097503001 0.30771536739412625 0.14320213931664483 
-0.054082968993507397 -0.79502451490132131 -0.19831530552849586 -0.17937713549218939 -0.042989120102945498 -0.00954974952714438 0.054082968993507397 0.79502451490132131 0.19831530552849586 0.17937713549218939 0.042989120102945498 0.00954974952714438 -5.4082968993507397e-06 -7.9502451490132131e-05 -1.9831530552849586e-05 -5.9792378497396466e-08 -1.4329706700981833e-08 -3.1832498423814603e-09 -0.17937713549218939 -0.042989120102945498 -0.00954974952714438 
-0.060956635540808379 -0.14584485111508033 0.64381468741383885 -1.7229596120040109 2.3299433831971439 0.74842022379260975 0.060956635540808379 0.14584485111508033 -0.64381468741383885 36.372805605717147 -8.8960752861484593 1.044799978488816 -6.0956635540808379e-06 -1.4584485111508033e-05 6.4381468741383889e-05 -7.2038587051692664e-07 1.4323361607869445e-07 9.2155020467765938e-08 -2.16115761155078 0.42970084823608334 0.2764650614032978 
0.01948131579165846 0.089263647496395926 -0.0025234879498514662 2437.7947401298111 -504.46919294053828 19.656267640509906 -0.01948131579165846 -0.089263647496395926 0.0025234879498514662 -2437.7947401298111 504.46919294053828 -19.656267640509906 1.948131579165846e-06 8.9263647496395926e-06 -2.5234879498514662e-07 0.00081259824670993697 -0.0001681563976468461 6.552089213503302e-06 2437.7947401298111 -504.46919294053828 19.656267640509906 
-0.003830726824267678 -0.016307817098614157 2.7752615761045263e-05 2427.5053921907856 -532.94118397799252 0 0.003830726824267678 0.016307817098614157 -2.7752615761045263e-05 -2427.5053921907856 532.94118397799252 -0 -3.830726824267678e-07 -1.6307817098614157e-06 2.7752615761045263e-09 0.00080916846406359525 -0.00017764706132599749 0 2427.5053921907856 -532.94118397799252 0 
0.040768715243721942 -0.0078872061770596247 0.31340539815977869 2427.7005949935869 -531.92548988587794 0.091780917475823801 -0.040768715243721942 0.0078872061770596247 -0.31340539815977869 -2427.9963038058777 531.98249724627044 -0.051879571673251627 4.0768715243721942e-06 -7.8872061770596247e-07 3.1340539815977869e-05 0.0008091595961732252 -0.00017764526651391243 3.1736189586884881e-08 2427.4787885196756 -532.93579954173731 0.095208568760654644 
-0.019254412995106662 -0.087421712843538391 -0.0010164358143355257 -0.055112359704456264 -0.19485352896842317 -0.24522163433697275 0.019254412995106662 0.087421712843538391 0.0010164358143355257 0.055112359704456264 0.19485352896842317 0.24522163433697275 -1.9254412995106662e-06 -8.7421712843538391e-06 -1.0164358143355257e-07 -1.8370786568152088e-08 -6.4951176322807724e-08 -8.1740544778990914e-08 -0.055112359704456264 -0.19485352896842317 -0.24522163433697275 
0.057174439145463163 0.55652851762122424 0.14204701919595664 0.70170149992247688 -0.0095803097921306514 -0.0072962501712345897 -0.057174439145463163 -0.55652851762122424 -0.14204701919595664 -0.70170149992247688 0.0095803097921306514 0.0072962501712345897 5.7174439145463163e-06 5.5652851762122424e-05 1.4204701919595664e-05 2.3390049997415897e-07 -3.1934365973768836e-09 -2.43208339041153e-09 0.70170149992247688 -0.0095803097921306514 -0.0072962501712345897 
0.064679644720608276 -0.23946184435186257 0.88238560329065296 0.18079733847357959 2.7272696795736788 0.65960545930545766 -0.064679644720608276 0.23946184435186257 -0.88238560329065296 47.921028912361237 -9.3898963032395155 -5.9936157540052948 6.4679644720608276e-06 -2.3946184435186257e-05 8.8238560329065296e-05 -1.4314209178860868e-07 3.3961085405951485e-08 -2.7140316584268434e-09 -0.429426275365826 0.10188325621785445 -0.0081420949752805307 
-0.058970483018949693 -0.26783312034595053 0.0032642720984576989 2513.5461991996594 -531.45651808567766 27.52244463110479 0.058970483018949693 0.26783312034595053 -0.0032642720984576989 -2513.5461991996594 531.45651808567766 -27.52244463110479 -5.8970483018949693e-06 -2.6783312034595053e-05 3.2642720984576989e-07 0.00083784873306655308 -0.00017715217269522588 9.174148210368263e-06 2513.5461991996594 -531.45651808567766 27.52244463110479 
0.019251218782517732 0.024160567062052545 -4.751130933122738e-05 2508.615480623967 -553.59023442057924 0 -0.019251218782517732 -0.024160567062052545 4.751130933122738e-05 -2508.615480623967 553.59023442057924 -0 1.9251218782517733e-06 2.4160567062052546e-06 -4.751130933122738e-09 0.00083620516020798904 -0.00018453007814019307 0 2508.615480623967 -553.59023442057924 0 
-0.055876722946379687 0.013600003425651153 0.36188083802634469 2508.8680184418049 -552.44058476051805 -0.072264995250878344 0.055876722946379687 -0.013600003425651153 -0.36188083802634469 -2508.6422828850609 555.07431429693759 0.0081406617249962926 -5.5876722946379687e-06 1.3600003425651153e-06 3.6188083802634469e-05 0.0008362047832877772 -0.0001845300313232676 -2.2744279462722775e-08 2508.6143498633314 -553.59009396980275 -0.068232838388168321 
-0.024611824298581553 -0.11283276486223626 0.005888646782969964 0.050557587130808296 0.25284379055958561 -0.10286064027460697 0.024611824298581553 0.11283276486223626 -0.005888646782969964 -0.050557587130808296 -0.25284379055958561 0.10286064027460697 -2.4611824298581553e-06 -1.1283276486223626e-05 5.888646782969964e-07 1.6852529043602765e-08 8.4281263519861866e-08 -3.4286880091535657e-08 0.050557587130808296 0.25284379055958561 -0.10286064027460697 
0.0094191335174576007 0.077268068521263444 0.020158146796234178 2.7762482417044589 -0.066694820216648423 -0.036748922330337039 -0.0094191335174576007 -0.077268068521263444 -0.020158146796234178 -2.7762482417044589 0.066694820216648423 0.036748922330337039 9.4191335174576007e-07 7.7268068521263444e-06 2.0158146796234178e-06 9.2541608056815291e-07 -2.2231606738882808e-08 -1.2249640776779012e-08 2.7762482417044589 -0.066694820216648423 -0.036748922330337039 
0.020111504649977796 -0.23261976416222296 0.87622092915920491 -0.58604798289292392 2.8294362130213222 0.86874655644974974 -0.020111504649977796 0.23261976416222296 -0.87622092915920491 48.241928020905789 -10.220239340711251 -3.9246862680078269 2.0111504649977796e-06 -2.3261976416222296e-05 8.7622092915920491e-05 -3.9824443159672601e-07 7.654819618242284e-08 6.4174293722417533e-08 -1.1947332947901781 0.22964458854726852 0.19252288116725261 
-0.078447929425795593 -0.35508217036961387 0.0059749354934524046 2592.0987474697354 -560.85421103654471 34.606514384549421 0.078447929425795593 0.35508217036961387 -0.0059749354934524046 -2592.0987474697354 560.85421103654471 -34.606514384549421 -7.8447929425795593e-06 -3.5508217036961387e-05 5.9749354934524046e-07 0.00086403291582324519 -0.00018695140367884825 1.1535504794849806e-05 2592.0987474697354 -560.85421103654471 34.606514384549421 
0.032207385565912232 0.021042697475530218 -4.8614318126638523e-05 2587.4780264620622 -573.59037188404307 0 -0.032207385565912232 -0.021042697475530218 4.8614318126638523e-05 -2587.4780264620622 573.59037188404307 -0 3.2207385565912231e-06 2.1042697475530218e-06 -4.8614318126638523e-09 0.00086249267548735406 -0.00019119679062801437 0 2587.4780264620622 -573.59037188404307 0 
-0.060649899145115427 0.012179235611142758 -0.34965848002971311 2587.231830754331 -574.72058057376842 0.1048768649074486 0.060649899145115427 -0.012179235611142758 0.34965848002971311 -2586.8191927809385 575.03452105093891 -0.16551573866953556 -6.0649899145115427e-06 1.2179235611142758e-06 -3.4965848002971311e-05 0.00086249406508292635 -0.00019119706055206048 3.3596324571029408e-08 2587.4821952487791 -573.59118165618145 0.10078897371308822 
-0.11688113552121848 -0.52723452520136993 0.0012305931215012 -0.0070784495227709217 -0.074140970318769803 0.1790345490955205 0.11688113552121848 0.52723452520136993 -0.0012305931215012 0.0070784495227709217 0.074140970318769803 -0.1790345490955205 -1.1688113552121848e-05 -5.2723452520136993e-05 1.2305931215012e-07 -2.3594831742569738e-09 -2.4713656772923267e-08 5.9678183031840169e-08 -0.0070784495227709217 -0.074140970318769803 0.1790345490955205 
-0.050260425443621193 -0.27531292511540073 -0.073313628643489892 0.24758270188686937 0.039410101695809954 0.0088782254975844771 0.050260425443621193 0.27531292511540073 0.073313628643489892 -0.24758270188686937 -0.039410101695809954 -0.0088782254975844771 -5.0260425443621193e-06 -2.7531292511540073e-05 -7.3313628643489892e-06 8.2527567295623128e-08 1.3136700565269986e-08 2.9594084991948259e-09 0.24758270188686937 0.039410101695809954 0.0088782254975844771 
-0.11342303721739722 0.099914571946579933 -0.27517406994290172 0.032659133115613526 -0.83331395718898482 -0.42275275332251272 0.11342303721739722 -0.099914571946579933 0.27517406994290172 -15.444501691651407 1.3596582585626116 6.9664196694944156 -1.1342303721739722e-05 9.9914571946579933e-06 -2.7517406994290172e-05 7.6327688386658775e-08 -1.5092372752264476e-10 -6.70887867244624e-08 0.22898306515997632 -0.00045277118256793427 -0.2012663601733872 
-0.028685411592732635 -0.13178161939075839 0.012380939487660614 2666.866071870113 -581.1205538780074 42.07063850695716 0.028685411592732635 0.13178161939075839 -0.012380939487660614 -2666.866071870113 581.1205538780074 -42.07063850695716 -2.8685411592732635e-06 -1.3178161939075839e-05 1.2380939487660614e-06 0.0008889553572900377 -0.00019370685129266912 1.402354616898572e-05 2666.866071870113 -581.1205538780074 42.07063850695716 
0.039939248423812135 -0.0039975575660974004 -8.6737406146397689e-06 2659.8612152610881 -591.98750515497125 0 -0.039939248423812135 0.0039975575660974004 8.6737406146397689e-06 -2659.8612152610881 591.98750515497125 -0 3.9939248423812132e-06 -3.9975575660974004e-07 -8.6737406146397689e-10 0.00088662040508702942 -0.00019732916838499041 0 2659.8612152610881 -591.98750515497125 0 
-0.13038167945067514 0.029220585648914721 0.054361233358425631 2659.9053274266039 -591.839819992466 -0.086830335031280986 0.13038167945067514 -0.029220585648914721 -0.054361233358425631 -2659.1936307952087 595.27690124955143 -0.053735371855554659 -1.3038167945067514e-05 2.9220585648914721e-06 5.4361233358425631e-06 0.00088662385835545172 -0.00019733049083393411 -2.8755285658835097e-08 2659.871575066355 -591.99147250180238 -0.086265856976505295 
0.077897054302500379 0.35121493781126167 -0.0059445349841896755 -0.075368353245751626 -0.31211626824427346 -0.10958521420962428 -0.077897054302500379 -0.35121493781126167 0.0059445349841896755 0.075368353245751626 0.31211626824427346 0.10958521420962428 7.7897054302500379e-06 3.5121493781126167e-05 -5.9445349841896755e-07 -2.512278441525054e-08 -1.0403875608142449e-07 -3.6528404736541428e-08 -0.075368353245751626 -0.31211626824427346 -0.10958521420962428 
-0.06128366121169182 0.73516298401798963 0.20172237856996844 -0.093558488554108907 -0.0097117768502988869 -0.0021545715922833661 0.06128366121169182 -0.73516298401798963 -0.20172237856996844 0.093558488554108907 0.0097117768502988869 0.0021545715922833661 -6.128366121169182e-06 7.3516298401798963e-05 2.0172237856996844e-05 -3.1186162851369634e-08 -3.2372589500996291e-09 -7.1819053076112203e-10 -0.093558488554108907 -0.0097117768502988869 -0.0021545715922833661 
0.20366591059334249 -0.09128582849071698 0.15756035007502556 0.49518388397297919 0.41776227791779807 0.10596141683610447 -0.20366591059334249 0.09128582849071698 -0.15756035007502556 8.9152062627321964 1.6792438573394504 -11.055091290175358 2.0366591059334249e-05 -9.128582849071698e-06 1.5756035007502556e-05 1.2559656806359545e-07 -2.7067267735645894e-08 -1.0028269939929187e-08 0.37678970419078633 -0.081201803206937678 -0.030084809819787561 
-0.037924937805744463 -0.16926430508656942 -0.0020770763645150403 2720.1211714646674 -625.07248101362597 26.469429299864661 0.037924937805744463 0.16926430508656942 0.0020770763645150403 -2720.1211714646674 625.07248101362597 -26.469429299864661 -3.7924937805744463e-06 -1.6926430508656942e-05 -2.0770763645150403e-07 0.00090670705715488909 -0.00020835749367120867 8.8231430999548865e-06 2720.1211714646674 -625.07248101362597 26.469429299864661 
0.045997521626154905 -0.040691164296521518 5.5238414953251436e-05 2723.5370892602214 -607.99827353285696 0 -0.045997521626154905 0.040691164296521518 -5.5238414953251436e-05 -2723.5370892602214 607.99827353285696 -0 4.5997521626154909e-06 -4.0691164296521518e-06 5.5238414953251436e-09 0.00090784569642007385 -0.000202666091177619 0 2723.5370892602214 -607.99827353285696 0 
-0.09946158308071773 0.022065514473368353 -0.036224198042798805 2723.5287142436819 -608.13568548293119 -0.084963187781283575 0.09946158308071773 -0.022065514473368353 0.036224198042798805 -2722.967472416989 610.49092092544583 -0.02138889279295296 -9.946158308071773e-06 2.2065514473368353e-06 -3.6224198042798805e-06 0.00090785282614674759 -0.00020266745203641 -2.8490497068962298e-08 2723.5584784402427 -608.00235610923005 -0.085471491206886893 
-0.048751408907588001 -0.22093226836883417 0.010985540220831425 0.01337012922906549 0.026417708484110038 0.13637410877227385 0.048751408907588001 0.22093226836883417 -0.010985540220831425 -0.01337012922906549 -0.026417708484110038 -0.13637410877227385 -4.8751408907588001e-06 -2.2093226836883417e-05 1.0985540220831425e-06 4.4567097430218298e-09 8.8059028280366797e-09 4.5458036257424616e-08 0.01337012922906549 0.026417708484110038 0.13637410877227385 
0.023839885174500863 -0.049910398880470552 -0.01409290657505835 1.2731525168172884 -0.062204537121345743 -0.02182608905235019 -0.023839885174500863 0.049910398880470552 0.01409290657505835 -1.2731525168172884 0.062204537121345743 0.02182608905235019 2.3839885174500863e-06 -4.9910398880470552e-06 -1.409290657505835e-06 4.2438417227242945e-07 -2.0734845707115248e-08 -7.2753630174500638e-09 1.2731525168172884 -0.062204537121345743 -0.02182608905235019 
-0.23145483521780363 -0.092673621303607234 0.52847647922321661 -0.0011018020972366482 1.6318343662526089 0.36674239703442862 0.23145483521780363 0.092673621303607234 -0.52847647922321661 27.857413901814922 -10.430113222806245 10.290514804304902 -2.3145483521780363e-05 -9.2673621303607234e-06 5.2847647922321661e-05 -1.2191327751262996e-07 3.4777196535602832e-08 -2.0273193863154864e-08 -0.36573983253788989 0.10433158960680849 -0.060819581589464593 
-0.12053951109258776 -0.54001025113437073 0.0056653304622567013 2782.8951724998474 -632.41110531213815 24.575501028291097 0.12053951109258776 0.54001025113437073 -0.0056653304622567013 -2782.8951724998474 632.41110531213815 -24.575501028291097 -1.2053951109258776e-05 -5.4001025113437073e-05 5.6653304622567013e-07 0.00092763172416661572 -0.00021080370177071272 8.1918336760970317e-06 2782.8951724998474 -632.41110531213815 24.575501028291097 
0.050075281603922807 0.0043885304293334038 -2.8925886130792833e-05 2783.4868368253419 -622.52936951230504 0 -0.050075281603922807 -0.0043885304293334038 2.8925886130792833e-05 -2783.4868368253419 622.52936951230504 -0 5.0075281603922809e-06 4.3885304293334038e-07 -2.8925886130792833e-09 0.00092782894560844724 -0.00020750978983743502 0 2783.4868368253419 -622.52936951230504 0 
-0.093350033685268841 0.022822201213301696 0.49895472981186656 2783.8137787748155 -620.9444234843819 -0.27042011623279638 0.093350033685268841 -0.022822201213301696 -0.49895472981186656 -2783.3988652429848 624.98155205983744 0.16338842516073013 -9.3350033685268841e-06 2.2822201213301696e-06 4.9895472981186656e-05 0.00092782018359723875 -0.00020750793243216976 -8.8088454617811915e-08 2783.4605507917163 -622.52379729650931 -0.26426536385343574 
-0.058574192365323796 -0.26193938009566597 0.00088067374670597331 -0.036236937779345224 -0.14009180505927746 -0.086976284441360699 0.058574192365323796 0.26193938009566597 -0.00088067374670597331 0.036236937779345224 0.14009180505927746 0.086976284441360699 -5.8574192365323796e-06 -2.6193938009566597e-05 8.8067374670597331e-08 -1.2078979259781741e-08 -4.6697268353092484e-08 -2.89920948137869e-08 -0.036236937779345224 -0.14009180505927746 -0.086976284441360699 
0.038157114688880389 -0.043794550652620501 -0.01264163504544058 0.38949464850312077 -0.048635830282984821 -0.014463760369063728 -0.038157114688880389 0.043794550652620501 0.01264163504544058 -0.38949464850312077 0.048635830282984821 0.014463760369063728 3.8157114688880389e-06 -4.3794550652620501e-06 -1.264163504544058e-06 1.2983154950104026e-07 -1.6211943427661606e-08 -4.8212534563545763e-09 0.38949464850312077 -0.048635830282984821 -0.014463760369063728 
0.13548500041260514 -0.12393828146439745 0.31824164604454808 -0.10764900612030315 0.99096765292304878 0.4694148741804125 -0.13548500041260514 0.12393828146439745 -0.31824164604454808 18.078949811252656 -1.4330668146045642 -8.2925101173013012 1.3548500041260514e-05 -1.2393828146439745e-05 3.1824164604454808e-05 -1.130484262343855e-07 8.7160211229690191e-09 6.4074531341386719e-08 -0.33914527870315647 0.026148063368907057 0.19222359402416014 
-0.05278436024713784 -0.23684897253795079 0.0055864318458664908 2850.9237421235507 -637.18030149366257 54.066835212382585 0.05278436024713784 0.23684897253795079 -0.0055864318458664908 -2850.9237421235507 637.18030149366257 -54.066835212382585 -5.278436024713784e-06 -2.3684897253795079e-05 5.5864318458664908e-07 0.00095030791404118352 -0.00021239343383122085 1.8022278404127529e-05 2850.9237421235507 -637.18030149366257 54.066835212382585 
0.044021749392347861 0.0074870290677300257 -3.2930521642882127e-05 2846.889934174334 -637.8879252074272 0 -0.044021749392347861 -0.0074870290677300257 3.2930521642882127e-05 -2846.889934174334 637.8879252074272 -0 4.4021749392347863e-06 7.4870290677300257e-07 -3.2930521642882127e-09 0.00094896331139144468 -0.00021262930840247572 0 2846.889934174334 -637.8879252074272 0 
-0.085545613872639592 0.020270452951720586 0.27660735117385898 2847.0658062203352 -637.01556855686351 -0.11109400319947084 0.085545613872639592 -0.020270452951720586 -0.27660735117385898 -2846.6459248635474 640.09559575867286 0.015237772511140682 -8.5545613872639592e-06 2.0270452951720586e-06 2.7660735117385898e-05 0.00094895703356433474 -0.00021262817919763527 -3.5876638525418158e-08 2846.8711006930043 -637.88453759290576 -0.10762991557625448 
0.032450051536958568 0.14517746607489723 -0.0017613889218004442 -0.06700427335210743 -0.29634295174610853 -0.0097122817189552804 -0.032450051536958568 -0.14517746607489723 0.0017613889218004442 0.06700427335210743 0.29634295174610853 0.0097122817189552804 3.2450051536958568e-06 1.4517746607489723e-05 -1.7613889218004442e-07 -2.2334757784035811e-08 -9.8780983915369508e-08 -3.23742723965176e-09 -0.06700427335210743 -0.29634295174610853 -0.0097122817189552804 
0.068857059998435333 0.09250093109258728 0.027327573555169238 0.28641593659924958 -0.028971952840089559 -0.0082260894934348041 -0.068857059998435333 -0.09250093109258728 -0.027327573555169238 -0.28641593659924958 0.028971952840089559 0.0082260894934348041 6.8857059998435333e-06 9.250093109258728e-06 2.7327573555169238e-06 9.5471978866416524e-08 -9.6573176133631859e-09 -2.7420298311449348e-09 0.28641593659924958 -0.028971952840089559 -0.0082260894934348041 
-0.019129243716831112 -0.23816760190698005 0.82330533188179622 0.45374560580555362 2.5185025879277383 0.54062415041945511 0.019129243716831112 0.23816760190698005 -0.82330533188179622 44.539678093094103 -10.298237467213303 -1.7457549732854083 -1.9129243716831112e-06 -2.3816760190698005e-05 8.2330533188179622e-05 -4.4441917220960011e-08 2.8132709941123969e-08 -5.9053144854618788e-08 -0.13332575166288002 0.084398129823371901 -0.17715943456385636 
0.099019260682009502 0.44261944528001251 -0.0073801811099893921 2914.91234061055 -631.81863972631299 56.364966052356309 -0.099019260682009502 -0.44261944528001251 0.0073801811099893921 -2914.91234061055 631.81863972631299 -56.364966052356309 9.9019260682009502e-06 4.4261944528001251e-05 -7.3801811099893921e-07 0.00097163744687018335 -0.00021060621324210435 1.8788322017452102e-05 2914.91234061055 -631.81863972631299 56.364966052356309 
0.02804420669860622 -0.026809019546001137 3.979276463894621e-05 2909.9384455828035 -653.38153137454628 0 -0.02804420669860622 0.026809019546001137 -3.979276463894621e-05 -2909.9384455828035 653.38153137454628 -0 2.804420669860622e-06 -2.6809019546001137e-06 3.979276463894621e-09 0.00096997948186093455 -0.00021779384379151543 0 2909.9384455828035 -653.38153137454628 0 
0.0028936112017596827 0.00054794346837638841 0.29386594576606001 2910.1209870129269 -652.43597796470567 -0.06032612514980084 -0.0028936112017596827 -0.00054794346837638841 -0.29386594576606001 -2910.1977691144393 653.37136124413178 0.059338056904593504 2.8936112017596827e-07 5.4794346837638841e-08 2.9386594576606001e-05 0.00096996995316215001 -0.0002177920888714235 -1.8831316411682116e-08 2909.9098594864499 -653.37626661427055 -0.056493949235046352 
0.084150640646818431 0.37699646823430299 -0.0094733424636783692 -0.00029444453656087585 -0.013852297749564004 0.047784260904544573 -0.084150640646818431 -0.37699646823430299 0.0094733424636783692 0.00029444453656087585 0.013852297749564004 -0.047784260904544573 8.4150640646818431e-06 3.7699646823430299e-05 -9.4733424636783692e-07 -9.8148178853625292e-11 -4.6174325831880014e-09 1.5928086968181525e-08 -0.00029444453656087585 -0.013852297749564004 0.047784260904544573 
0.047688405136886436 0.18883733613250797 0.057094727523576694 1.2062305546212129 -0.067603987894925249 -0.016468253858543648 -0.047688405136886436 -0.18883733613250797 -0.057094727523576694 -1.2062305546212129 0.067603987894925249 0.016468253858543648 4.7688405136886436e-06 1.8883733613250797e-05 5.7094727523576694e-06 4.0207685154040429e-07 -2.2534662631641747e-08 -5.4894179528478824e-09 1.2062305546212129 -0.067603987894925249 -0.016468253858543648 
0.17582681066385941 -0.3208723586656248 0.92032756070281607 0.52808357711765552 2.7566080971418052 0.93914385823987023 -0.17582681066385941 0.3208723586656248 -0.92032756070281607 50.750183441962697 -7.8326866726949271 -12.505533811307664 1.7582681066385941e-05 -3.208723586656248e-05 9.2032756070281607e-05 -4.6673785920086044e-08 6.0495402662180133e-10 3.5441632341620354e-08 -0.14002135776025812 0.001814862079865404 0.10632489702486106 
-0.064539687230080744 -0.28753146301685462 0.0026483732949722505 2967.5651411690624 -684.7839964697107 81.404601626875731 0.064539687230080744 0.28753146301685462 -0.0026483732949722505 -2967.5651411690624 684.7839964697107 -81.404601626875731 -6.4539687230080744e-06 -2.8753146301685462e-05 2.6483732949722505e-07 0.00098918838038968742 -0.00022826133215657024 2.7134867208958579e-05 2967.5651411690624 -684.7839964697107 81.404601626875731 
0.0060926158310873734 0.0064169028785119459 -1.5414010068326434e-05 2969.2233443543946 -667.65253610247657 0 -0.0060926158310873734 -0.0064169028785119459 1.5414010068326434e-05 -2969.2233443543946 667.65253610247657 -0 6.0926158310873734e-07 6.4169028785119459e-07 -1.5414010068326434e-09 0.00098974111478479813 -0.0002225508453674922 0 2969.2233443543946 -667.65253610247657 0 
-0.057544229996597807 0.014949497444405324 0.48332122003155731 2969.566266692409 -666.1198373201014 -0.13188212937879765 0.057544229996597807 -0.014949497444405324 -0.48332122003155731 -2969.3425946822558 669.2102852221866 0.062922588525045606 -5.7544229996597807e-06 1.4949497444405324e-06 4.8332122003155731e-05 0.00098974042770272265 -0.00022255135502707889 -4.1833677673099181e-08 2969.2212831081679 -667.65406508123669 -0.12550103301929755 
-0.086675852910556017 -0.38849164315013507 0.012269544234777552 0.13670370999743878 0.61083699631493449 -0.012333951317105537 0.086675852910556017 0.38849164315013507 -0.012269544234777552 -0.13670370999743878 -0.61083699631493449 0.012333951317105537 -8.6675852910556017e-06 -3.8849164315013507e-05 1.2269544234777552e-06 4.5567903332479596e-08 2.0361233210497816e-07 -4.1113171057018458e-09 0.13670370999743878 0.61083699631493449 -0.012333951317105537 
0.079018605086689231 -0.32020598223603258 -0.098262321603925784 -1.9816755821583185 0.026505688481570373 -0.0024671552078152866 -0.079018605086689231 0.32020598223603258 0.098262321603925784 1.9816755821583185 -0.026505688481570373 0.0024671552078152866 7.9018605086689231e-06 -3.2020598223603258e-05 -9.8262321603925784e-06 -6.6055852738610619e-07 8.8352294938567907e-09 -8.2238506927176224e-10 -1.9816755821583185 0.026505688481570373 -0.0024671552078152866 
-0.17015043400903096 0.24327669400969754 -0.65202600965597046 -1.3273830496143932 -1.7770078919843604 -0.52913535399206801 0.17015043400903096 -0.24327669400969754 0.65202600965597046 -35.29311639458281 4.4907204245386989 11.09800344424837 -1.7015043400903096e-05 2.4327669400969754e-05 -6.5202600965597046e-05 -2.832150513325515e-07 6.103020867731699e-08 2.5841997576083568e-08 -0.8496451539976545 0.18309062603195098 0.077525992728250698 
0.052721560783730581 0.2336432848298875 0.0021979750307321577 3020.7425589516192 -689.66138402632555 89.624789054086236 -0.052721560783730581 -0.2336432848298875 -0.0021979750307321577 -3020.7425589516192 689.66138402632555 -89.624789054086236 5.2721560783730581e-06 2.336432848298875e-05 2.1979750307321577e-07 0.0010069141863172065 -0.00022988712800877517 2.9874929684695414e-05 3020.7425589516192 -689.66138402632555 89.624789054086236 
-0.019013141422682501 0.0084378250689211981 -8.3795015370924375e-06 3020.1816611512254 -679.24276104400246 0 0.019013141422682501 -0.0084378250689211981 8.3795015370924375e-06 -3020.1816611512254 679.24276104400246 -0 -1.90131414226825e-06 8.4378250689211981e-07 -8.3795015370924375e-10 0.0010067272203837419 -0.00022641425368133416 0 3020.1816611512254 -679.24276104400246 0 
0.045223775584357639 -0.01006905154810056 0.024068452684107566 3020.219167493412 -679.1601057048739 0.04886604782251816 -0.045223775584357639 0.01006905154810056 -0.024068452684107566 -3020.4773622281691 678.1163168318368 -0.00039692564491018711 4.5223775584357639e-06 -1.006905154810056e-06 2.4068452684107566e-06 0.0010067332817487733 -0.00022641534004256517 1.6409840017403117e-08 3020.1998452463199 -679.24602012769549 0.049229520052209354 
-0.071531757666054574 -0.3218407291838421 0.014574039847725651 0.037579711652019079 0.19371050596344039 -0.097044172378409149 0.071531757666054574 0.3218407291838421 -0.014574039847725651 -0.037579711652019079 -0.19371050596344039 0.097044172378409149 -7.1531757666054574e-06 -3.218407291838421e-05 1.4574039847725651e-06 1.2526570550673027e-08 6.4570168654480126e-08 -3.2348057459469715e-08 0.037579711652019079 0.19371050596344039 -0.097044172378409149 
0.0013621563478560805 -0.53864721518692704 -0.16956008300539338 -1.023415981016921 -0.045660443988823199 -0.022052719893278602 -0.0013621563478560805 0.53864721518692704 0.16956008300539338 1.023415981016921 0.045660443988823199 0.022052719893278602 1.3621563478560805e-07 -5.3864721518692704e-05 -1.6956008300539338e-05 -3.4113866033897364e-07 -1.5220147996274399e-08 -7.3509066310928672e-09 -1.023415981016921 -0.045660443988823199 -0.022052719893278602 
-0.041454800142060044 -0.12124478070640876 0.41494292203014815 0.83444539980697841 1.0228597419307146 0.59577835124524681 0.041454800142060044 0.12124478070640876 -0.41494292203014815 21.823292113707549 -5.5950104347870866 0.33187350578295555 -4.1454800142060044e-06 -1.2124478070640876e-05 4.1494292203014815e-05 1.7861314179410095e-07 -6.5807164085010226e-08 6.9794843021564304e-08 0.53583942538230289 -0.19742149225503067 0.2093845290646929 
-0.12739139414241762 -0.56716920839305907 0.0038014901790339728 3069.2252530912306 -726.51533367111949 103.20015904698063 0.12739139414241762 0.56716920839305907 -0.0038014901790339728 -3069.2252530912306 726.51533367111949 -103.20015904698063 -1.2739139414241762e-05 -5.6716920839305907e-05 3.8014901790339728e-07 0.0010230750843637434 -0.00024217177789037316 3.440005301566021e-05 3069.2252530912306 -726.51533367111949 103.20015904698063 
0.043610298392150096 0.050347418439141041 -0.00012316368591669402 3071.2060467130091 -690.61267065003437 0 -0.043610298392150096 -0.050347418439141041 0.00012316368591669402 -3071.2060467130091 690.61267065003437 -0 4.3610298392150098e-06 5.0347418439141041e-06 -1.2316368591669402e-08 0.0010237353489043364 -0.00023020422355001148 0 3071.2060467130091 -690.61267065003437 0 
-0.069591402780400102 0.017529009008754315 0.43705841782246124 3071.5618128075421 -689.23733010807052 0.052005778894084198 0.069591402780400102 -0.017529009008754315 -0.43705841782246124 -3071.2605853804216 692.4684870390829 -0.13363363066026884 -6.9591402780400102e-06 1.7529009008754315e-06 4.3705841782246124e-05 0.0010237502717337819 -0.00023020678796957866 1.9318558406900953e-08 3071.2508152013456 -690.62036390873595 0.057955675220702857 
-0.11115153372598385 -0.4945286593016629 0.0021205121696066254 -0.045122630872515543 -0.12872956061112886 -0.25423805647622538 0.11115153372598385 0.4945286593016629 -0.0021205121696066254 0.045122630872515543 0.12872956061112886 0.25423805647622538 -1.1115153372598385e-05 -4.945286593016629e-05 2.1205121696066254e-07 -1.504087695750518e-08 -4.2909853537042957e-08 -8.474601882540847e-08 -0.045122630872515543 -0.12872956061112886 -0.25423805647622538 
0.046055148399393175 0.33313548932767389 0.1073756948066773 0.65046454387001307 -0.078552532304375922 -0.01873349440271993 -0.046055148399393175 -0.33313548932767389 -0.1073756948066773 -0.65046454387001307 0.078552532304375922 0.01873349440271993 4.6055148399393175e-06 3.3313548932767389e-05 1.073756948066773e-05 2.1682151462333768e-07 -2.6184177434791973e-08 -6.2444981342399763e-09 0.65046454387001307 -0.078552532304375922 -0.01873349440271993 
0.034458752225519085 -0.15965210721446965 0.46751909938635983 0.54917327430921736 1.3271328891204177 0.48549239473721018 -0.034458752225519085 0.15965210721446965 -0.46751909938635983 25.413463750606706 -4.91588029897492 -3.6245965822082407 3.4458752225519085e-06 -1.5965210721446965e-05 4.6751909938635983e-05 6.9284762269580754e-08 -2.0899937004049643e-08 1.201282424396195e-08 0.20785428680874227 -0.062699811012148929 0.036038472731885846 
0.014725242074575817 0.067787169781285961 -0.0079729868406042126 3117.3717841129846 -762.0789240616341 114.0467477659502 -0.014725242074575817 -0.067787169781285961 0.0079729868406042126 -3117.3717841129846 762.0789240616341 -114.0467477659502 1.4725242074575817e-06 6.7787169781285961e-06 -7.9729868406042126e-07 0.0010391239280376616 -0.0002540263080205447 3.8015582588650066e-05 3117.3717841129846 -762.0789240616341 114.0467477659502 
-0.010883980803125292 0.0048994443462599228 -5.1107740262068546e-06 3124.1562260917285 -701.99361541155895 0 0.010883980803125292 -0.0048994443462599228 5.1107740262068546e-06 -3124.1562260917285 701.99361541155895 -0 -1.0883980803125292e-06 4.8994443462599228e-07 -5.1107740262068546e-10 0.0010413854086972429 -0.00023399787180385299 0 3124.1562260917285 -701.99361541155895 0 
0.072143215974485031 -0.016674969405272577 -0.10612926805490114 3124.0637642433894 -702.31656736109778 0.078065267328180296 -0.072143215974485031 0.016674969405272577 0.10612926805490114 -3124.445898495534 700.15671411604978 0.0015272244711885263 7.2143215974485031e-06 -1.6674969405272577e-06 -1.0612926805490114e-05 0.0010413788747841389 -0.00023399743730687095 2.5548788639305483e-08 3124.1366243524167 -701.99231192061279 0.076646365917916445 
-0.055736218129709414 -0.24853867881535763 0.002360425779418529 0.043202493660749464 0.16279099257877563 0.10146012468259295 0.055736218129709414 0.24853867881535763 -0.002360425779418529 -0.043202493660749464 -0.16279099257877563 -0.10146012468259295 -5.5736218129709414e-06 -2.4853867881535763e-05 2.360425779418529e-07 1.4400831220249822e-08 5.4263664192925214e-08 3.3820041560864319e-08 0.043202493660749464 0.16279099257877563 0.10146012468259295 
0.038457255097934517 0.18071863286728274 0.059382148442921334 1.2643263317597413 0.038222163816991742 0.028925158790343169 -0.038457255097934517 -0.18071863286728274 -0.059382148442921334 -1.2643263317597413 -0.038222163816991742 -0.028925158790343169 3.8457255097934517e-06 1.8071863286728274e-05 5.9382148442921334e-06 4.214421105865804e-07 1.274072127233058e-08 9.641719596781056e-09 1.2643263317597413 0.038222163816991742 0.028925158790343169 
-0.0092745277030514828 -0.058073036754979768 0.18344173104756223 -0.53978058651978289 0.66695080002074369 0.2988371366441806 0.0092745277030514828 0.058073036754979768 -0.18344173104756223 10.633902511284406 -2.5220672671683677 -0.37577728146086842 -9.2745277030514828e-07 -5.8073036754979768e-06 1.8344173104756223e-05 -2.2433396725176867e-07 4.1991254096573194e-08 4.0280651783672229e-08 -0.67300190175530605 0.12597376228971957 0.12084195535101669 
-0.075358689224369613 -0.33680182391304658 0.0044304466241540386 3169.3672302904206 -788.9995483206327 135.13672766192147 0.075358689224369613 0.33680182391304658 -0.0044304466241540386 -3169.3672302904206 788.9995483206327 -135.13672766192147 -7.5358689224369613e-06 -3.3680182391304658e-05 4.4304466241540386e-07 0.0010564557434301401 -0.00026299984944021091 4.5045575887307154e-05 3169.3672302904206 -788.9995483206327 135.13672766192147 
0.021347075038211982 -0.0085747571717739723 8.0114903600048137e-06 3176.2502172658019 -712.90176126968527 0 -0.021347075038211982 0.0085747571717739723 -8.0114903600048137e-06 -3176.2502172658019 712.90176126968527 -0 2.1347075038211983e-06 -8.5747571717739723e-07 8.0114903600048137e-10 0.0010587500724219339 -0.00023763392042322842 0 3176.2502172658019 -712.90176126968527 0 
-0.014230421592209552 0.0040481979635131893 0.19202779982525897 3176.4086727941694 -712.29487255315257 0.14817046908911824 0.014230421592209552 -0.0040481979635131893 -0.19202779982525897 -3176.3679437380529 713.30732577578522 -0.16649604193652351 -1.4230421592209552e-06 4.0481979635131893e-07 1.9202779982525897e-05 0.0010587571944384679 -0.00023763521961593388 5.0295828624946316e-08 3176.2715833154039 -712.90565884780165 0.15088748587483894 
0.028325093446301963 0.12757014545172751 -0.0049665673211574113 -0.054381080430464267 -0.18335507916463178 -0.19863605736633172 -0.028325093446301963 -0.12757014545172751 0.0049665673211574113 0.054381080430464267 0.18335507916463178 0.19863605736633172 2.8325093446301963e-06 1.2757014545172751e-05 -4.9665673211574113e-07 -1.8127026810154756e-08 -6.1118359721543928e-08 -6.6212019122110573e-08 -0.054381080430464267 -0.18335507916463178 -0.19863605736633172 
0.031603506396860048 0.52886144880304187 0.17519171127133859 0.68852268923608018 -0.11661263601748956 -0.027439920376226029 -0.031603506396860048 -0.52886144880304187 -0.17519171127133859 -0.68852268923608018 0.11661263601748956 0.027439920376226029 3.1603506396860048e-06 5.2886144880304187e-05 1.7519171127133859e-05 2.2950756307869338e-07 -3.887087867249652e-08 -9.1466401254086758e-09 0.68852268923608018 -0.11661263601748956 -0.027439920376226029 
0.12046347689365078 -0.052363869356142345 0.06769985204990725 0.12187911093383862 0.18734346250935324 0.1352881824087421 -0.12046347689365078 0.052363869356142345 -0.06769985204990725 4.2197013359446105 1.6011561231352263 -6.4772387804950018 1.2046347689365078e-05 -5.2363869356142345e-06 6.769985204990725e-06 2.2198428597884653e-08 -1.2211296907494957e-08 2.0139634668419017e-08 0.066595285793653966 -0.036633890722484873 0.060418904005257047 
0.022811620394858068 0.10088594512680515 0.0027065213453747461 3214.6950513418715 -812.41922371189651 150.16444523252233 -0.022811620394858068 -0.10088594512680515 -0.0027065213453747461 -3214.6950513418715 812.41922371189651 -150.16444523252233 2.2811620394858068e-06 1.0088594512680515e-05 2.7065213453747461e-07 0.0010715650171139572 -0.0002708064079039655 5.0054815077507447e-05 3214.6950513418715 -812.41922371189651 150.16444523252233 
0.037582365077010918 -0.0035684505186525661 -1.0441292275231717e-05 3226.3520298258104 -723.07790060688774 0 -0.037582365077010918 0.0035684505186525661 1.0441292275231717e-05 -3226.3520298258104 723.07790060688774 -0 3.758236507701092e-06 -3.5684505186525661e-07 -1.0441292275231717e-09 0.0010754506766086035 -0.00024102596686896257 0 3226.3520298258104 -723.07790060688774 0 
-0.10852095095881253 0.023613792539123324 -0.1566020786513897 3226.2415742570743 -723.602898643716 0.14397719235187481 0.10852095095881253 -0.023613792539123324 0.1566020786513897 -3225.6046499211316 725.76680788572787 -0.2590556821532165 -1.0852095095881253e-05 2.3613792539123324e-06 -1.566020786513897e-05 0.0010754530111711208 -0.00024102626630733266 4.7203118670502699e-08 3226.3590335133622 -723.07879892199799 0.14160935601150809 
0.16047534241891981 0.71611873827481798 -0.0021433897240408228 0.015542859521392614 0.0073870267724129518 0.20473538744751674 -0.16047534241891981 -0.71611873827481798 0.0021433897240408228 -0.015542859521392614 -0.0073870267724129518 -0.20473538744751674 1.6047534241891981e-05 7.1611873827481798e-05 -2.1433897240408228e-07 5.180953173797538e-09 2.4623422574709839e-09 6.8245129149172248e-08 0.015542859521392614 0.0073870267724129518 0.20473538744751674 
0.047287239873794462 -0.046394136976601885 -0.014615509087434475 -0.23057450116005546 -0.027297994850597741 -0.013522827360304406 -0.047287239873794462 0.046394136976601885 0.014615509087434475 0.23057450116005546 0.027297994850597741 0.013522827360304406 4.7287239873794462e-06 -4.6394136976601885e-06 -1.4615509087434475e-06 -7.6858167053351822e-08 -9.099331616865914e-09 -4.5076091201014683e-09 -0.23057450116005546 -0.027297994850597741 -0.013522827360304406 
-0.0010146575835090488 0.27552510989181656 -0.81163701645903252 0.73102609289830922 -2.7180586542188387 -0.84723402407344583 0.0010146575835090488 -0.27552510989181656 0.81163701645903252 -45.73579282565526 10.09023263753309 3.406116175376273 -1.0146575835090488e-07 2.7552510989181656e-05 -8.1163701645903252e-05 4.416374759934846e-07 -1.0551427523999383e-07 -1.0912585191930559e-08 1.3249124279804538 -0.31654282571998149 -0.032737755575791679 
-0.0046516667673301981 -0.0044428270318253027 -0.052856029683356898 3261.8107158400567 -821.28619816338414 127.59326612822458 0.0046516667673301981 0.0044428270318253027 0.052856029683356898 -3261.8107158400567 821.28619816338414 -127.59326612822458 -4.6516667673301981e-07 -4.4428270318253027e-07 -5.2856029683356898e-06 0.0010872702386133522 -0.00027376206605446137 4.2531088709408197e-05 3261.8107158400567 -821.28619816338414 127.59326612822458 
0.043009747147798594 0.032353859215016566 -9.1620657727276011e-05 3274.3855958038002 -732.19760814570634 0 -0.043009747147798594 -0.032353859215016566 9.1620657727276011e-05 -3274.3855958038002 732.19760814570634 -0 4.3009747147798594e-06 3.2353859215016566e-06 -9.1620657727276011e-09 0.0010914618652679334 -0.00024406586938190212 0 3274.3855958038002 -732.19760814570634 0 
-0.011904791312744578 0.00090186476953135752 -0.38397539811739489 3274.108644769291 -733.42959900357096 -0.22485702033569685 0.011904791312744578 -0.00090186476953135752 0.38397539811739489 -3273.9644667259968 732.40977620019919 0.21799160190589159 -1.1904791312744578e-06 9.0186476953135752e-08 -3.8397539811739489e-05 0.0010914612293024199 -0.00024406653639516942 -7.6831841321558577e-08 3274.3836879072596 -732.19960918550828 -0.23049552396467574 
0.071293698171714937 0.3194488067037593 -0.0029091034944861427 0.03343700643832901 0.095454535996721851 0.17448837911752019 -0.071293698171714937 -0.3194488067037593 0.0029091034944861427 -0.03343700643832901 -0.095454535996721851 -0.17448837911752019 7.1293698171714937e-06 3.194488067037593e-05 -2.9091034944861427e-07 1.1145668812776337e-08 3.181817866557395e-08 5.8162793039173394e-08 0.03343700643832901 0.095454535996721851 0.17448837911752019 
0.022981337456928763 0.63418770562151394 0.21508303191808409 2.1419825873749199 -0.006621417826372422 0.044827665762747028 -0.022981337456928763 -0.63418770562151394 -0.21508303191808409 -2.1419825873749199 0.006621417826372422 -0.044827665762747028 2.2981337456928763e-06 6.3418770562151394e-05 2.1508303191808409e-05 7.1399419579163993e-07 -2.207139275457474e-09 1.494255525424901e-08 2.1419825873749199 -0.006621417826372422 0.044827665762747028 
0.12212803391364879 -0.091829715040958604 0.17915284794112196 -0.47700656389236951 0.67722086956347516 0.27797578992556066 -0.12212803391364879 0.091829715040958604 -0.17915284794112196 11.040861455465938 0.1829751270185131 -7.0384113014475735 1.2212803391364879e-05 -9.1829715040958604e-06 1.7915284794112196e-05 -2.0481167978020061e-07 4.0722948623362949e-08 2.905108672074686e-08 -0.61443503934060184 0.12216884587008885 0.087153260162240578 
0.004575821632712973 0.021790892900108716 -0.0043531459431589425 3404.5332493494443 -924.30475505532365 1048.630753371848 -0.004575821632712973 -0.021790892900108716 0.0043531459431589425 -3404.5332493494443 924.30475505532365 -1048.630753371848 4.575821632712973e-07 2.1790892900108716e-06 -4.3531459431589425e-07 0.0011348444164498148 -0.00030810158501844121 0.00034954358445728266 3404.5332493494443 -924.30475505532365 1048.630753371848 
-0.03566273981991594 -0.0092689667718481167 3.8763598997348936e-05 3368.5916808123975 -754.90218293040778 0 0.03566273981991594 0.0092689667718481167 -3.8763598997348936e-05 -3368.5916808123975 754.90218293040778 -0 -3.566273981991594e-06 -9.2689667718481167e-07 3.8763598997348936e-09 0.0011228638936041325 -0.00025163406097680258 0 3368.5916808123975 -754.90218293040778 0 
-0.05398181036175842 0.013245023433583469 0.24329813673819312 3368.7616330035994 -754.13802572152326 0.11625248811517654 0.05398181036175842 -0.013245023433583469 -0.24329813673819312 -3368.5092443450412 756.31499848453018 -0.17876697655504617 -5.398181036175842e-06 1.3245023433583469e-06 2.4329813673819312e-05 0.0011228633637389554 -0.0002516344974937081 3.995441300754581e-08 3368.5900912168663 -754.90349248112432 0.11986323902263743 
0.028283487822911013 0.15523737096068135 -0.092609552965472464 0.021511018612200773 -0.035718726893899495 0.42133491850034921 -0.028283487822911013 -0.15523737096068135 0.092609552965472464 -0.021511018612200773 0.035718726893899495 -0.42133491850034921 2.8283487822911013e-06 1.5523737096068135e-05 -9.2609552965472464e-06 7.1703395374002573e-09 -1.1906242297966498e-08 1.4044497283344973e-07 0.021511018612200773 -0.035718726893899495 0.42133491850034921 
-0.066945643533711241 -0.17041077366997115 -0.059951853295103774 1.4223167886451356 -0.27200581043346694 -0.057637855576814043 0.066945643533711241 0.17041077366997115 0.059951853295103774 -1.4223167886451356 0.27200581043346694 0.057637855576814043 -6.6945643533711241e-06 -1.7041077366997115e-05 -5.9951853295103774e-06 4.7410559621504522e-07 -9.0668603477822315e-08 -1.9212618525604682e-08 1.4223167886451356 -0.27200581043346694 -0.057637855576814043 
-0.091974537147487823 -0.20648514818866204 0.65858728308110237 -0.73741760179660865 2.24015119328479 0.64682322753270316 0.091974537147487823 0.20648514818866204 -0.65858728308110237 36.884245405106306 -10.130503880858566 1.9273945810369451 -9.1974537147487823e-06 -2.0648514818866204e-05 6.5858728308110237e-05 -4.0553127968793209e-07 1.0362109322397907e-07 -8.3267937011017097e-09 -1.2165938390637963 0.31086327967193722 -0.024980381103305128 
0.020710492059095031 0.072729208368538245 0.062727657046957042 3349.4997059833968 -841.85440903929361 125.51804321041094 -0.020710492059095031 -0.072729208368538245 -0.062727657046957042 -3349.4997059833968 841.85440903929361 -125.51804321041094 2.0710492059095031e-06 7.2729208368538245e-06 6.2727657046957042e-06 0.0011164999019944656 -0.00028061813634643122 4.1839347736803643e-05 3349.4997059833968 -841.85440903929361 125.51804321041094 
0.016849053421077662 0.018808483461404089 -5.0541311136242939e-05 3360.5795451637223 -748.07541963332517 0 -0.016849053421077662 -0.018808483461404089 5.0541311136242939e-05 -3360.5795451637223 748.07541963332517 -0 1.6849053421077662e-06 1.8808483461404089e-06 -5.0541311136242939e-09 0.0011201931817212407 -0.00024935847321110841 0 3360.5795451637223 -748.07541963332517 0 
0.014852684313559905 -0.0041504188530439023 -0.17950011100699437 3360.5062933456034 -748.65729159463535 0.0018884482987663236 -0.014852684313559905 0.0041504188530439023 0.17950011100699437 -3360.5517579430234 747.67273810481231 0.017114537459470842 1.4852684313559905e-06 -4.1504188530439023e-07 -1.7950011100699437e-05 0.001120211086425497 -0.0002493623073789008 -2.6464344282236512e-10 3360.6332592764911 -748.08692213670236 -0.0007939303284670953 
0.049105264880999755 0.21056973275257462 0.030458529515220434 0.034758289374399946 0.18997392196786589 -0.10539560409849634 -0.049105264880999755 -0.21056973275257462 -0.030458529515220434 -0.034758289374399946 -0.18997392196786589 0.10539560409849634 4.9105264880999755e-06 2.1056973275257462e-05 3.0458529515220434e-06 1.1586096458133315e-08 6.3324640655955295e-08 -3.5131868032832113e-08 0.034758289374399946 0.18997392196786589 -0.10539560409849634 
0.0034659206765708106 -1.0226613423025555 -0.35350395403810353 -0.79130812646272353 -0.0015401119895903437 -0.022350751787471233 -0.0034659206765708106 1.0226613423025555 0.35350395403810353 0.79130812646272353 0.0015401119895903437 0.022350751787471233 3.4659206765708106e-07 -0.00010226613423025555 -3.5350395403810353e-05 -2.637693754875745e-07 -5.1337066319678124e-10 -7.4502505958237448e-09 -0.79130812646272353 -0.0015401119895903437 -0.022350751787471233 
-0.11186609909286105 -0.027679063951957517 0.15722195260026162 -0.13042379879302374 0.49541389362143895 0.17133908446239252 0.11186609909286105 0.027679063951957517 -0.15722195260026162 8.3083523410506714 -4.2452805188528595 4.9872291252425009 -1.1186609909286105e-05 -2.7679063951957517e-06 1.5722195260026162e-05 -7.998466415546093e-08 1.8002425462939595e-08 5.2321529930149222e-09 -0.2399539924663828 0.054007276388818783 0.015696458979044765 
0.12740355948670512 0.60368009336286832 -0.099478070385572437 3511.8013812290874 -860.68048465250672 1069.411979193824 -0.12740355948670512 -0.60368009336286832 0.099478070385572437 -3511.8013812290874 860.68048465250672 -1069.411979193824 1.2740355948670512e-05 6.0368009336286832e-05 -9.9478070385572437e-06 0.0011706004604096958 -0.00028689349488416889 0.00035647065973127466 3511.8013812290874 -860.68048465250672 1069.411979193824 
0.0030769313590897542 0.022582590127793144 -5.355029086828722e-05 3452.0090636646296 -770.21659006053699 0 -0.0030769313590897542 -0.022582590127793144 5.355029086828722e-05 -3452.0090636646296 770.21659006053699 -0 3.0769313590897542e-07 2.2582590127793144e-06 -5.355029086828722e-09 0.0011506696878882099 -0.00025673886335351233 0 3452.0090636646296 -770.21659006053699 0 
0.027077140831721636 -0.0077092986305871136 -0.34517908852817192 3451.7982018848616 -771.31352753025578 0.2643028773507099 -0.027077140831721636 0.0077092986305871136 0.34517908852817192 -3451.8788992521386 769.45710996570574 -0.22917148088813008 2.7077140831721636e-06 -7.7092986305871136e-07 -3.4517908852817192e-05 0.0011506809817789605 -0.00025673887024590491 8.6334237368277508e-08 3452.0429453368815 -770.21661073771475 0.2590027121048325 
0.029100076917032425 0.17274950869561323 -0.12982958323942695 -0.14641991147659611 -0.65649789203932152 -0.00022929937451316357 -0.029100076917032425 -0.17274950869561323 0.12982958323942695 0.14641991147659611 0.65649789203932152 0.00022929937451316357 2.9100076917032425e-06 1.7274950869561323e-05 -1.2982958323942695e-05 -4.8806637158865365e-08 -2.1883263067977384e-07 -7.6433124837721189e-11 -0.14641991147659611 -0.65649789203932152 -0.00022929937451316357 
-0.09347305923335103 0.48778879868649483 0.16750840476476014 0.61627576474167511 -0.12746083920191315 -0.02582581357927087 0.09347305923335103 -0.48778879868649483 -0.16750840476476014 -0.61627576474167511 0.12746083920191315 0.02582581357927087 -9.347305923335103e-06 4.8778879868649483e-05 1.6750840476476014e-05 2.0542525491389172e-07 -4.2486946400637715e-08 -8.6086045264236238e-09 0.61627576474167511 -0.12746083920191315 -0.02582581357927087 
0.058481394096254746 0.13531753056739149 -0.42009856531688428 1.8976462377916372 -1.7399863102379349 -0.54782676446767742 -0.058481394096254746 -0.13531753056739149 0.42009856531688428 -25.01484326495606 6.7808073425504478 -1.0465953805268562 5.8481394096254746e-06 1.3531753056739149e-05 -4.2009856531688428e-05 7.3462312616073293e-07 -1.6989836402213448e-07 -3.6303315363394123e-08 2.203869378482199 -0.5096950920664034 -0.10890994609018237 
0.036341446949528233 0.21967728639105122 -0.17009812668666857 3495.1525056218929 -1313.9347775542751 1572.5704393671983 -0.036341446949528233 -0.21967728639105122 0.17009812668666857 -3495.1525056218929 1313.9347775542751 -1572.5704393671983 3.6341446949528233e-06 2.1967728639105122e-05 -1.7009812668666857e-05 0.0011650508352072976 -0.00043797825918475835 0.00052419014645573275 3495.1525056218929 -1313.9347775542751 1572.5704393671983 
-0.045679823184373386 0.017043530893025294 -1.6022005944194007e-05 3499.9846457175513 -779.7569038130539 0 0.045679823184373386 -0.017043530893025294 1.6022005944194007e-05 -3499.9846457175513 779.7569038130539 -0 -4.5679823184373389e-06 1.7043530893025294e-06 -1.6022005944194007e-09 0.0011666615485725171 -0.00025991896793768464 0 3499.9846457175513 -779.7569038130539 0 
-0.067223755251255568 0.015576371730219307 0.12231132826896751 3499.8638064544007 -779.36630926610508 0.018127617804317358 0.067223755251255568 -0.015576371730219307 -0.12231132826896751 -3499.5160480386317 781.45710328356995 -0.093258501665921964 -6.7223755251255568e-06 1.5576371730219307e-06 1.2231132826896751e-05 0.0011665934175890645 -0.00025991377681280973 6.654847140827141e-09 3499.7802527671934 -779.74133043842915 0.019964541422481424 
0.0065444928276647829 0.077151140317477385 -0.14409049128666362 -0.044853199706748809 -0.26889096240288474 0.20318214915013375 -0.0065444928276647829 -0.077151140317477385 0.14409049128666362 0.044853199706748809 0.26889096240288474 -0.20318214915013375 6.5444928276647829e-07 7.7151140317477385e-06 -1.4409049128666362e-05 -1.4951066568916271e-08 -8.963032080096158e-08 6.772738305004458e-08 -0.044853199706748809 -0.26889096240288474 0.20318214915013375 
-0.0348302019237412 0.34791892058905205 0.12158055817224067 0.6067333855084398 -0.39730186118450683 -0.12010182960747731 0.0348302019237412 -0.34791892058905205 -0.12158055817224067 -0.6067333855084398 0.39730186118450683 0.12010182960747731 -3.48302019237412e-06 3.4791892058905205e-05 1.2158055817224067e-05 2.0224446183614659e-07 -1.3243395372816894e-07 -4.0033943202492436e-08 0.6067333855084398 -0.39730186118450683 -0.12010182960747731 
0.033257085588767055 -0.12167576405985869 0.31410931132791475 1.8688482059644664 0.4481663037957247 0.56230017239530672 -0.033257085588767055 0.12167576405985869 -0.31410931132791475 15.843622712951058 -2.5940065548348024 -3.2688799609421428 3.3257085588767055e-06 -1.2167576405985869e-05 3.1410931132791475e-05 5.451745371450554e-07 -1.6279816979873616e-07 7.4736894500727685e-08 1.6355236114351661 -0.48839450939620849 0.22421068350218307 
-0.15970827491829098 -0.72852139821555362 0.012643989033278569 3471.8335491676362 -908.13039554882914 132.36443101518762 0.15970827491829098 0.72852139821555362 -0.012643989033278569 -3471.8335491676362 908.13039554882914 -132.36443101518762 -1.5970827491829098e-05 -7.2852139821555362e-05 1.2643989033278569e-06 0.0011572778497225453 -0.00030271013184960971 4.4121477005062545e-05 3471.8335491676362 -908.13039554882914 132.36443101518762 
0.046571113694732477 -0.047675336488318606 8.7118812164277415e-05 3492.5944334957098 -769.42043335214419 0 -0.046571113694732477 0.047675336488318606 -8.7118812164277415e-05 -3492.5944334957098 769.42043335214419 -0 4.6571113694732474e-06 -4.7675336488318606e-06 8.7118812164277415e-09 0.00116419814449857 -0.00025647347778404807 0 3492.5944334957098 -769.42043335214419 0 
-0.12598869786106803 0.028837908070400431 0.2216988149988941 3492.7438861717319 -768.74219783493436 0.0091477564511950396 0.12598869786106803 -0.028837908070400431 -0.2216988149988941 -3492.1004404028831 772.63401462218962 -0.14972117438500904 -1.2598869786106803e-05 2.8837908070400431e-06 2.216988149988941e-05 0.0011641981401996249 -0.00025647355323711368 4.1535255640555544e-09 3492.5944205988744 -769.42065971134105 0.012460576692166664 
0.033273757678031757 0.16599511705961412 -0.044235478234844194 -0.006937347535681395 -0.065789183759148634 0.10047850853220751 -0.033273757678031757 -0.16599511705961412 0.044235478234844194 0.006937347535681395 0.065789183759148634 -0.10047850853220751 3.3273757678031757e-06 1.6599511705961412e-05 -4.4235478234844194e-06 -2.3124491785604649e-09 -2.192972791971621e-08 3.3492836177402503e-08 -0.006937347535681395 -0.065789183759148634 0.10047850853220751 
0.056865940937234072 0.20590922685137514 0.075380356960863537 1.4335906853978169 -0.17581310236391845 -0.011446773502417759 -0.056865940937234072 -0.20590922685137514 -0.075380356960863537 -1.4335906853978169 0.17581310236391845 0.011446773502417759 5.6865940937234072e-06 2.0590922685137514e-05 7.5380356960863537e-06 4.7786356179927233e-07 -5.8604367454639483e-08 -3.8155911674725861e-09 1.4335906853978169 -0.17581310236391845 -0.011446773502417759 
-0.054680903857073915 -0.18875332006285106 0.55416690572851479 -0.73457002452275688 1.9172878934063866 0.5748286754531029 0.054680903857073915 0.18875332006285106 -0.55416690572851479 31.434369729009376 -8.0668370202052131 0.35980848195469417 -5.4680903857073915e-06 -1.8875332006285106e-05 5.5416690572851479e-05 -3.794453803278108e-07 9.6485929058499313e-08 -6.4875790626222448e-09 -1.1383361409834325 0.28945778717549792 -0.019462737187866733 
-0.1484332066237215 -0.68512679684329392 0.035799631528110609 3619.9500728997664 -1021.7493752679941 996.11147412449043 0.1484332066237215 0.68512679684329392 -0.035799631528110609 -3619.9500728997664 1021.7493752679941 -996.11147412449043 -1.484332066237215e-05 -6.8512679684329392e-05 3.5799631528110609e-06 0.0012066500242999222 -0.00034058312508933135 0.00033203715804149681 3619.9500728997664 -1021.7493752679941 996.11147412449043 
-0.00017569975680636375 -0.020763283534851878 4.9868285056930972e-05 3595.9039996954434 -793.54836364855953 0 0.00017569975680636375 0.020763283534851878 -4.9868285056930972e-05 -3595.9039996954434 793.54836364855953 -0 -1.7569975680636375e-08 -2.0763283534851878e-06 4.9868285056930972e-09 0.0011986346665651478 -0.00026451612121618652 0 3595.9039996954434 -793.54836364855953 0 
-0.09702869541383663 0.023874982728600003 0.48978857739891135 3596.2375413042651 -792.00044810893758 -0.041418464649711072 0.09702869541383663 -0.023874982728600003 -0.48978857739891135 -3595.8066698922876 796.09067269531988 -0.072604509624717109 -9.702869541383663e-06 2.3874982728600003e-06 4.8978857739891135e-05 0.00119863240035434 -0.00026451422748583359 -1.1221332910507808e-08 3595.89720106302 -793.54268245750075 -0.033663998731523426 
-0.12125595706180547 -0.54540873328789985 -0.012251549733055533 0.065284310921095184 0.28520139773144443 0.031150864524295885 0.12125595706180547 0.54540873328789985 0.012251549733055533 -0.065284310921095184 -0.28520139773144443 -0.031150864524295885 -1.2125595706180547e-05 -5.4540873328789985e-05 -1.2251549733055533e-06 2.1761436973698395e-08 9.5067132577148149e-08 1.0383621508098628e-08 0.065284310921095184 0.28520139773144443 0.031150864524295885 
-0.035211718273364667 -0.40658839374430045 -0.14764219052665339 -1.9190610585578276 -0.15927106765963087 -0.13147685705954087 0.035211718273364667 0.40658839374430045 0.14764219052665339 1.9190610585578276 0.15927106765963087 0.13147685705954087 -3.5211718273364667e-06 -4.0658839374430045e-05 -1.4764219052665339e-05 -6.396870195192759e-07 -5.3090355886543625e-08 -4.3825619019846954e-08 -1.9190610585578276 -0.15927106765963087 -0.13147685705954087 
-0.14256441065785275 0.17518087043644215 -0.37827930754907868 -1.1429577772231072 -1.0628972376063257 -0.088414688016937248 0.14256441065785275 -0.17518087043644215 0.37827930754907868 -20.801830923930648 1.4017886116284701 8.5158202860936605 -1.4256441065785275e-05 1.7518087043644215e-05 -3.7827930754907868e-05 -2.8554940274981131e-07 2.9517683025919372e-08 1.1230595930532346e-07 -0.856648208249434 0.088553049077758114 0.33691787791597039 
0.024101799893649911 0.14465504496519177 -0.10067988482159729 3631.3035071420709 -1423.2648881241187 1508.0591274789028 -0.024101799893649911 -0.14465504496519177 0.10067988482159729 -3631.3035071420709 1423.2648881241187 -1508.0591274789028 2.4101799893649911e-06 1.4465504496519177e-05 -1.0067988482159729e-05 0.0012104345023806902 -0.00047442162937470626 0.00050268637582630098 3631.3035071420709 -1423.2648881241187 1508.0591274789028 
0.041130259376565698 -0.0058361882138971075 -7.8579920348431642e-06 3655.6940409302988 -805.30168762212384 0 -0.041130259376565698 0.0058361882138971075 7.8579920348431642e-06 -3655.6940409302988 805.30168762212384 -0 4.1130259376565698e-06 -5.8361882138971075e-07 -7.8579920348431642e-10 0.0012185646803100996 -0.00026843389587404129 0 3655.6940409302988 -805.30168762212384 0 
-0.20457401062268232 0.04536304190949636 0.058003682137999779 3655.5684857909432 -805.16052800618047 0.14490172416611094 0.20457401062268232 -0.04536304190949636 -0.058003682137999779 -3654.4603038339237 810.4442901967634 -0.36872024336247677 -2.0457401062268232e-05 4.536304190949636e-06 5.8003682137999779e-06 0.0012185129102401651 -0.00026843186576845071 4.8530676097389653e-08 3655.5387307204951 -805.29559730535209 0.14559202829216897 
0.061936524589079056 0.31744899320118591 -0.10315871301680435 -0.028724121259676442 -0.23645238738775104 0.30355793081737903 -0.061936524589079056 -0.31744899320118591 0.10315871301680435 0.028724121259676442 0.23645238738775104 -0.30355793081737903 6.1936524589079056e-06 3.1744899320118591e-05 -1.0315871301680435e-05 -9.5747070865588137e-09 -7.8817462462583677e-08 1.0118597693912634e-07 -0.028724121259676442 -0.23645238738775104 0.30355793081737903 
0.00049372577470840895 -0.51490175500212843 -0.18718461618050242 -2.2731124334850037 -0.14319992030878778 -0.14667500033210037 -0.00049372577470840895 0.51490175500212843 0.18718461618050242 2.2731124334850037 0.14319992030878778 0.14667500033210037 4.9372577470840895e-08 -5.1490175500212843e-05 -1.8718461618050242e-05 -7.5770414449500125e-07 -4.7733306769595931e-08 -4.8891666777366795e-08 -2.2731124334850037 -0.14319992030878778 -0.14667500033210037 
-0.092851885377109866 0.13408044249096918 -0.29679938724269661 1.8170623576063496 -1.3957593327304276 -0.36681308017251341 0.092851885377109866 -0.13408044249096918 0.29679938724269661 -18.96414229143523 2.0459449408609056 6.0248971153468069 -9.2851885377109866e-06 1.3408044249096918e-05 -2.9679938724269661e-05 6.8027423721734136e-07 -1.6543456012784116e-07 -1.0160686190505819e-08 2.0408227116520239 -0.49630368038352352 -0.030482058571517458 
-0.044950457813719424 -0.15180728430486123 -0.15017331510880361 3639.8506349139566 -1729.8894729275048 1783.7833348026052 0.044950457813719424 0.15180728430486123 0.15017331510880361 -3639.8506349139566 1729.8894729275048 -1783.7833348026052 -4.4950457813719424e-06 -1.5180728430486123e-05 -1.5017331510880361e-05 0.0012132835449713188 -0.00057662982430916828 0.00059459444493420173 3639.8506349139566 -1729.8894729275048 1783.7833348026052 
0.013365805605169805 -0.026454762529354303 5.8093250210333736e-05 3704.6618531416266 -812.99636723438198 0 -0.013365805605169805 0.026454762529354303 -5.8093250210333736e-05 -3704.6618531416266 812.99636723438198 -0 1.3365805605169805e-06 -2.6454762529354303e-06 5.8093250210333736e-09 0.0012348872843805422 -0.00027099878907812733 0 3704.6618531416266 -812.99636723438198 0 
-0.16094037026848085 0.035197153716026719 -0.023810962297282634 3704.438516662397 -813.10730540462282 0.24109025832823808 0.16094037026848085 -0.035197153716026719 0.023810962297282634 -3703.5557114947005 817.02560649979364 -0.41604936160001149 -1.6094037026848085e-05 3.5197153716026719e-06 -2.3810962297282634e-06 0.001234821348731014 -0.00027099699268589189 8.0162663130766544e-08 3704.4640461930421 -812.99097805767565 0.24048798939229962 
-0.040700401240378881 -0.19577186580965744 0.028290159381771929 -0.092194374828568237 -0.63477949517128296 0.60296954780286993 0.040700401240378881 0.19577186580965744 -0.028290159381771929 0.092194374828568237 0.63477949517128296 -0.60296954780286993 -4.0700401240378881e-06 -1.9577186580965744e-05 2.8290159381771929e-06 -3.0731458276189412e-08 -2.1159316505709433e-07 2.0098984926762333e-07 -0.092194374828568237 -0.63477949517128296 0.60296954780286993 
0.59896865488906492 -2.1015607519903057 -0.74903275450566298 2.2633837847835911 0.092062719198387155 0.13318303896490863 -0.59896865488906492 2.1015607519903057 0.74903275450566298 -2.2633837847835911 -0.092062719198387155 -0.13318303896490863 5.9896865488906492e-05 -0.00021015607519903057 -7.4903275450566298e-05 7.5446126159453032e-07 3.0687573066129049e-08 4.4394346321636209e-08 2.2633837847835911 0.092062719198387155 0.13318303896490863 
-0.34325477359598011 -0.14907690594423428 0.61725186794925335 0.43711843258855532 1.8276079047135809 0.45236933121565848 0.34325477359598011 0.14907690594423428 -0.61725186794925335 32.380509922305642 -14.876849736676094 14.645951917534889 -3.4325477359598011e-05 -1.4907690594423428e-05 6.1725186794925335e-05 8.1327845211703729e-10 2.6574592917823849e-08 -7.050004112856305e-08 0.0024398353563511118 0.079723778753471544 -0.21150012338568916 
-0.0017542813091075971 -0.014397177037217546 0.016987435001447615 3649.1260955229222 -994.5467193937543 156.68165173697369 0.0017542813091075971 0.014397177037217546 -0.016987435001447615 -3649.1260955229222 994.5467193937543 -156.68165173697369 -1.7542813091075971e-07 -1.4397177037217546e-06 1.6987435001447615e-06 0.0012163753651743075 -0.00033151557313125144 5.2227217245657898e-05 3649.1260955229222 -994.5467193937543 156.68165173697369 
-0.042717734511995988 0.0078360860929216347 3.3821168088365994e-06 3678.7206312995381 -793.57977804307677 0 0.042717734511995988 -0.0078360860929216347 -3.3821168088365994e-06 -3678.7206312995381 793.57977804307677 -0 -4.2717734511995989e-06 7.8360860929216347e-07 3.3821168088365994e-10 0.0012262402104331793 -0.00026452659268102558 0 3678.7206312995381 -793.57977804307677 0 
-0.023853342479007722 0.0048083171400037372 -0.065722668275008944 3678.6492885499565 -793.79156654311043 0.0034208363276381467 0.023853342479007722 -0.0048083171400037372 0.065722668275008944 -3678.506827112943 794.15923625522305 -0.028226720070925099 -2.3853342479007722e-06 4.8083171400037372e-07 -6.5722668275008944e-06 0.0012262319871161151 -0.000264525070065858 7.7007510162157187e-10 3678.6959613483455 -793.57521019757405 0.0023102253048647155 
0.0089933574765055369 0.038063911578234411 0.0096841190833085733 -0.085174257846367299 -0.29976591568716798 -0.25613335749401694 -0.0089933574765055369 -0.038063911578234411 -0.0096841190833085733 0.085174257846367299 0.29976591568716798 0.25613335749401694 8.9933574765055369e-07 3.8063911578234411e-06 9.6841190833085733e-07 -2.8391419282122432e-08 -9.9921971895722665e-08 -8.5377785831338988e-08 -0.085174257846367299 -0.29976591568716798 -0.25613335749401694 
-0.025415979740817107 -0.35891977071322856 -0.13627196821630605 1.7366324903719601 -0.059755293738239859 0.054692993118159824 0.025415979740817107 0.35891977071322856 0.13627196821630605 -1.7366324903719601 0.059755293738239859 -0.054692993118159824 -2.5415979740817107e-06 -3.5891977071322856e-05 -1.3627196821630605e-05 5.7887749679065335e-07 -1.9918431246079954e-08 1.8230997706053275e-08 1.7366324903719601 -0.059755293738239859 0.054692993118159824 
-0.054687509157824721 0.075503222336514852 -0.16000470757004948 0.044892076151877347 -0.61875052505123607 0.046909708192560129 0.054687509157824721 -0.075503222336514852 0.16000470757004948 -9.364476592097617 0.8133063779090306 3.2302092300020302 -5.4687509157824721e-06 7.5503222336514852e-06 -1.6000470757004948e-05 5.5020172868654099e-08 -4.4004868948747106e-08 7.8506422650635783e-08 0.1650605186059623 -0.13201460684624131 0.23551926795190734 
-0.17829781716605098 -0.8356393532332751 0.01359310792758972 3689.1011493075839 -997.52409749547996 163.61340459036106 0.17829781716605098 0.8356393532332751 -0.01359310792758972 -3689.1011493075839 997.52409749547996 -163.61340459036106 -1.7829781716605098e-05 -8.356393532332751e-05 1.359310792758972e-06 0.001229700383102528 -0.00033250803249849334 5.4537801530120355e-05 3689.1011493075839 -997.52409749547996 163.61340459036106 
0.0094143407578287618 0.035627125646161759 -9.3324146188678014e-05 3718.4925035360816 -797.3549688582217 0 -0.0094143407578287618 -0.035627125646161759 9.3324146188678014e-05 -3718.4925035360816 797.3549688582217 -0 9.4143407578287618e-07 3.5627125646161759e-06 -9.3324146188678014e-09 0.0012394975011786938 -0.00026578498961940723 0 3718.4925035360816 -797.3549688582217 0 
-0.13519446450338535 0.027999591445393435 -0.19090446369232628 3718.3374720952215 -797.99593678747397 -0.12028175299825994 0.13519446450338535 -0.027999591445393435 0.19090446369232628 -3717.5741734889721 800.70104578211715 -0.023516873455381754 -1.3519446450338535e-05 2.7999591445393435e-06 -1.9090446369232628e-05 0.001239491997799386 -0.00026578331205556028 -4.12106366517013e-08 3718.4759933981582 -797.34993616668089 -0.1236319099551039 
-0.16793626474331802 -0.78706844748754889 0.012779946326202385 -0.057225518411104875 -0.24363028223955258 -0.060605874944843943 0.16793626474331802 0.78706844748754889 -0.012779946326202385 0.057225518411104875 0.24363028223955258 0.060605874944843943 -1.6793626474331802e-05 -7.8706844748754889e-05 1.2779946326202385e-06 -1.9075172803701626e-08 -8.1210094079850862e-08 -2.020195831494798e-08 -0.057225518411104875 -0.24363028223955258 -0.060605874944843943 
0.012026720433988558 -0.28158244528952991 -0.10745370701670254 -1.8346129818132815 0.069219254562011778 -0.057167992618753084 -0.012026720433988558 0.28158244528952991 0.10745370701670254 1.8346129818132815 -0.069219254562011778 0.057167992618753084 1.2026720433988558e-06 -2.8158244528952991e-05 -1.0745370701670254e-05 -6.1153766060442716e-07 2.3073084854003927e-08 -1.9055997539584361e-08 -1.8346129818132815 0.069219254562011778 -0.057167992618753084 
-0.13606966579815527 0.095181635146879273 -0.15604054714790649 1.1464107050138674 -0.69188536330796879 -0.48916282901349761 0.13606966579815527 -0.095181635146879273 0.15604054714790649 -10.722765808486367 -1.0083468245764289 7.8027782935891077 -1.3606966579815527e-05 9.5181635146879273e-06 -1.5604054714790649e-05 4.2283946513825776e-07 -6.5671024413987393e-08 -9.7926757261590885e-08 1.2685183954147732 -0.19701307324196218 -0.29378027178477267 
0.015143245344351186 0.056386488349602359 0.037588901543594844 3739.086918512633 -995.09224235964791 148.55952539349093 -0.015143245344351186 -0.056386488349602359 -0.037588901543594844 -3739.086918512633 995.09224235964791 -148.55952539349093 1.5143245344351186e-06 5.6386488349602359e-06 3.7588901543594844e-06 0.0012463623061708777 -0.00033169741411988264 4.9519841797830313e-05 3739.086918512633 -995.09224235964791 148.55952539349093 
0.03184934179902639 0.032898767406675487 -9.9703554301555641e-05 3767.929739196637 -803.6146568272369 0 -0.03184934179902639 -0.032898767406675487 9.9703554301555641e-05 -3767.929739196637 803.6146568272369 -0 3.1849341799026392e-06 3.2898767406675487e-06 -9.9703554301555641e-09 0.0012559765797322123 -0.00026787155227574563 0 3767.929739196637 -803.6146568272369 0 
-0.050223765228896156 0.01121164908468586 0.095198851627134595 3767.9523285469272 -803.31590949365284 0.11006763606340178 0.050223765228896156 -0.01121164908468586 -0.095198851627134595 -3767.7080514759718 804.88922658443016 -0.16648601471474353 -5.0223765228896156e-06 1.121164908468586e-06 9.5198851627134595e-06 0.0012559633947632376 -0.00026786909545046264 3.7199359966527141e-08 3767.890184289713 -803.60728635138798 0.11159807989958143 
-0.027785069249830485 -0.13125995219409603 0.0029768852885525554 -0.02537474176861175 -0.10719130431294503 -0.03010062521844754 0.027785069249830485 0.13125995219409603 -0.0029768852885525554 0.02537474176861175 0.10719130431294503 0.03010062521844754 -2.7785069249830485e-06 -1.3125995219409603e-05 2.9768852885525554e-07 -8.4582472562039164e-09 -3.573043477098168e-08 -1.0033541739482514e-08 -0.02537474176861175 -0.10719130431294503 -0.03010062521844754 
0.046086875959971962 -0.33850162575177478 -0.13026409671823558 -0.57629680399589334 -0.14984514154735226 -0.085416115712075108 -0.046086875959971962 0.33850162575177478 0.13026409671823558 0.57629680399589334 0.14984514154735226 0.085416115712075108 4.6086875959971962e-06 -3.3850162575177478e-05 -1.3026409671823558e-05 -1.920989346652978e-07 -4.9948380515784091e-08 -2.8472038570691701e-08 -0.57629680399589334 -0.14984514154735226 -0.085416115712075108 
-0.01404974710017548 0.17819213544711943 -0.43395502308030132 1.2748004898248848 -1.6252211452025527 -0.65979653439076946 0.01404974710017548 -0.17819213544711943 0.43395502308030132 -25.947306938715709 5.1034043088691101 2.8868184835421533 -1.404974710017548e-06 1.7819213544711943e-05 -4.3395502308030132e-05 5.3095329290643214e-07 -1.1212189770688081e-07 -4.6953229210732229e-08 1.5928598787192965 -0.33636569312064241 -0.1408596876321967 
0.063215863395083005 0.26662033912216998 0.078255773157120956 3796.8126339175665 -987.81212886762762 144.71733646188156 -0.063215863395083005 -0.26662033912216998 -0.078255773157120956 -3796.8126339175665 987.81212886762762 -144.71733646188156 6.3215863395083005e-06 2.6662033912216998e-05 7.8255773157120956e-06 0.0012656042113058554 -0.00032927070962254253 4.823911215396052e-05 3796.8126339175665 -987.81212886762762 144.71733646188156 
0.035869794386210033 0.045280862639562186 -0.00013473614890457952 3820.9741797106649 -810.89203659079112 0 -0.035869794386210033 -0.045280862639562186 0.00013473614890457952 -3820.9741797106649 810.89203659079112 -0 3.5869794386210029e-06 4.5280862639562186e-06 -1.3473614890457952e-08 0.001273658059903555 -0.00027029734553026371 0 3820.9741797106649 -810.89203659079112 0 
0.045788796310120006 -0.0075791733600283351 0.40160626737457961 3821.2348938374034 -809.59432631431105 -0.26878249566256857 -0.045788796310120006 0.0075791733600283351 -0.40160626737457961 -3821.5691632590997 809.83153739243494 0.31137062173583996 4.5788796310120006e-06 -7.5791733600283351e-07 4.0160626737457961e-05 0.0012736531693043171 -0.00027029731981648045 -8.7291243397547613e-08 3820.9595079129513 -810.89195944944129 -0.26187373019264282 
-0.078322019998466885 -0.38184568281529607 0.033682007571922412 -0.05017383620615145 -0.13785438594528635 -0.24916544631830112 0.078322019998466885 0.38184568281529607 -0.033682007571922412 0.05017383620615145 0.13785438594528635 0.24916544631830112 -7.8322019998466885e-06 -3.8184568281529607e-05 3.3682007571922412e-06 -1.6724612068717151e-08 -4.5951461981762111e-08 -8.3055148772767036e-08 -0.05017383620615145 -0.13785438594528635 -0.24916544631830112 
-0.056583058973824762 -0.2561769816988857 -0.10459876879309604 -1.9030147712594785 -0.039334527756182139 -0.10570461495546525 0.056583058973824762 0.2561769816988857 0.10459876879309604 1.9030147712594785 0.039334527756182139 0.10570461495546525 -5.6583058973824762e-06 -2.561769816988857e-05 -1.0459876879309604e-05 -6.3433825708649284e-07 -1.3111509252060712e-08 -3.523487165182175e-08 -1.9030147712594785 -0.039334527756182139 -0.10570461495546525 
-0.15270796309918566 0.025021584018070087 0.030938284560910745 1.3749215256876872 -0.25966452616798769 -0.033367419756540423 0.15270796309918566 -0.025021584018070087 -0.030938284560910745 -0.49087190223388644 -3.5500367695810446 7.4780651979447521 -1.5270796309918566e-05 2.5021584018070087e-06 3.0938284560910745e-06 4.5388537194815204e-07 -1.0446971274721675e-07 -1.845921261335697e-08 1.3616561158444562 -0.31340913824165029 -0.055377637840070909 
-0.084134408009362005 -0.42405695440894675 0.066203159171107639 3856.780247665597 -986.51770516938609 143.22269841051141 0.084134408009362005 0.42405695440894675 -0.066203159171107639 -3856.780247665597 986.51770516938609 -143.22269841051141 -8.4134408009362005e-06 -4.2405695440894675e-05 6.6203159171107639e-06 0.0012855934158885324 -0.00032883923505646202 4.7740899470170472e-05 3856.780247665597 -986.51770516938609 143.22269841051141 
0.0087526134038954945 0.038909404470556172 -0.00010545571971221079 3880.8768459230714 -820.37426099664333 0 -0.0087526134038954945 -0.038909404470556172 0.00010545571971221079 -3880.8768459230714 820.37426099664333 -0 8.7526134038954945e-07 3.8909404470556172e-06 -1.0545571971221079e-08 0.0012936256153076905 -0.0002734580869988811 0 3880.8768459230714 -820.37426099664333 0 
-0.0069754376763597747 0.0035031509604266375 0.37526716425963225 3881.1797985848766 -819.18209118094194 0.16203140741160349 0.0069754376763597747 -0.0035031509604266375 -0.37526716425963225 -3881.2306877559517 820.63934949852944 -0.17658096206515905 -6.9754376763597747e-07 3.5031509604266375e-07 3.7526716425963225e-05 0.0012936420990631112 -0.00027346043765424488 5.6171393391409587e-08 3880.9262971893336 -820.38131296273468 0.16851418017422876 
-0.0026277518516693021 -0.011200117909782037 -0.0030198824105265309 0.017957972739093015 0.06115753443833926 0.058921641471902486 0.0026277518516693021 0.011200117909782037 0.0030198824105265309 -0.017957972739093015 -0.06115753443833926 -0.058921641471902486 -2.6277518516693021e-07 -1.1200117909782037e-06 -3.0198824105265309e-07 5.9859909130310049e-09 2.0385844812779753e-08 1.9640547157300829e-08 0.017957972739093015 0.06115753443833926 0.058921641471902486 
-0.075934009491351873 0.35609695335558911 0.13839316103769761 -2.4350172533555625 0.12463160308433338 -0.070093810079495569 0.075934009491351873 -0.35609695335558911 -0.13839316103769761 2.4350172533555625 -0.12463160308433338 0.070093810079495569 -7.5934009491351873e-06 3.5609695335558911e-05 1.3839316103769761e-05 -8.1167241778518757e-07 4.1543867694777794e-08 -2.3364603359831855e-08 -2.4350172533555625 0.12463160308433338 -0.070093810079495569 
0.049565261632800173 -0.093117788768637411 0.19668691236374158 2.2315429942829614 0.17038069434654035 0.02738379472741842 -0.049565261632800173 0.093117788768637411 -0.19668691236374158 9.2348813296903636 -0.73062998393642731 -3.1821717221962498 4.9565261632800173e-06 -9.3117788768637411e-06 1.9668691236374158e-05 6.9490900856630184e-07 -1.4160656895150829e-07 -7.2468369131562771e-08 2.0847270256989057 -0.42481970685452486 -0.21740510739468832 
0.071391147153931911 0.31569995285363195 0.055542617575232711 3922.2670675433415 -994.98924852482014 144.23545278161228 -0.071391147153931911 -0.31569995285363195 -0.055542617575232711 -3922.2670675433415 994.98924852482014 -144.23545278161228 7.1391147153931911e-06 3.1569995285363195e-05 5.5542617575232711e-06 0.0013074223558477804 -0.00033166308284160673 4.8078484260537428e-05 3922.2670675433415 -994.98924852482014 144.23545278161228 
-0.044327521058335193 0.014330175815546048 -1.3138528043299402e-05 3947.2487045877228 -831.47095574617049 0 0.044327521058335193 -0.014330175815546048 1.3138528043299402e-05 -3947.2487045877228 831.47095574617049 -0 -4.4327521058335189e-06 1.4330175815546048e-06 -1.3138528043299402e-09 0.0013157495681959076 -0.00027715698524872351 0 3947.2487045877228 -831.47095574617049 0 
0.069939939320029509 -0.012910829809698043 0.3314341143750843 3947.4541961557002 -830.38788308728965 0.015983110294730395 -0.069939939320029509 0.012910829809698043 -0.3314341143750843 -3947.897671687439 829.78548543610214 0.054133987552269877 6.9939939320029509e-06 -1.2910829809698043e-06 3.314341143750843e-05 0.0013157422182086341 -0.00027715603011321463 7.3068487148341776e-09 3947.226654625902 -831.46809033964394 0.021920546144502534 
-0.072865232136898328 -0.35513866028957786 0.023774464790737859 0.053514295631680628 0.17227828256619693 0.19896404863752434 0.072865232136898328 0.35513866028957786 -0.023774464790737859 -0.053514295631680628 -0.17227828256619693 -0.19896404863752434 -7.2865232136898328e-06 -3.5513866028957786e-05 2.3774464790737859e-06 1.7838098543893542e-08 5.7426094188732312e-08 6.6321349545841449e-08 0.053514295631680628 0.17227828256619693 0.19896404863752434 
-0.033106418094730472 0.56166508486832356 0.22309316964452819 0.75957675566250671 -0.12626762357543012 -0.011687335768436211 0.033106418094730472 -0.56166508486832356 -0.22309316964452819 -0.75957675566250671 0.12626762357543012 0.011687335768436211 -3.3106418094730472e-06 5.6166508486832356e-05 2.2309316964452819e-05 2.5319225188750224e-07 -4.2089207858476704e-08 -3.8957785894787369e-09 0.75957675566250671 -0.12626762357543012 -0.011687335768436211 
-0.073250469418972841 0.0026933718277888374 0.037228353593210528 -0.70576286397800347 0.27597035543089121 0.026157934157115384 0.073250469418972841 -0.0026933718277888374 -0.037228353593210528 2.4023471662814919 -2.3078036537200122 3.4590372623510879 -7.3250469418972841e-06 2.6933718277888374e-07 3.7228353593210528e-06 -2.4278061393681109e-07 6.1467409522003249e-08 -3.8812432648543117e-09 -0.72834184181043327 0.18440222856600974 -0.011643729794562935 
0.047211695184401492 0.24625686502299793 -0.052173452194381742 3992.8564136706141 -1000.8460224063069 146.20789457299318 -0.047211695184401492 -0.24625686502299793 0.052173452194381742 -3992.8564136706141 1000.8460224063069 -146.20789457299318 4.7211695184401492e-06 2.4625686502299793e-05 -5.2173452194381742e-06 0.0013309521378902047 -0.0003336153408021023 4.8735964857664394e-05 3992.8564136706141 -1000.8460224063069 146.20789457299318 
-0.011178151149739135 0.022867643922393904 -5.4912019376018861e-05 4013.8797938950347 -842.73766815164129 0 0.011178151149739135 -0.022867643922393904 5.4912019376018861e-05 -4013.8797938950347 842.73766815164129 -0 -1.1178151149739135e-06 2.2867643922393904e-06 -5.4912019376018861e-09 0.001337959931298345 -0.0002809125560505471 0 4013.8797938950347 -842.73766815164129 0 
0.055909723017943946 -0.0093955758906361098 0.41929624482038574 4014.1595367407253 -841.37560258548774 -0.089664810387587446 -0.055909723017943946 0.0093955758906361098 -0.41929624482038574 -4014.5497197723616 841.42220733970476 0.14273684240572226 5.5909723017943946e-06 -9.3955758906361098e-07 4.1929624482038574e-05 0.0013379581511169282 -0.00028091114451974308 -2.7359167736435188e-08 4013.8744533507847 -842.73343355922918 -0.082077503209305569 
0.044383221240451576 0.23868315421893271 -0.066286727525288747 0.0080055588142617911 0.11900283861756804 -0.19432115245495582 -0.044383221240451576 -0.23868315421893271 0.066286727525288747 -0.0080055588142617911 -0.11900283861756804 0.19432115245495582 4.4383221240451576e-06 2.3868315421893271e-05 -6.6286727525288747e-06 2.6685196047539303e-09 3.966761287252268e-08 -6.4773717484985271e-08 0.0080055588142617911 0.11900283861756804 -0.19432115245495582 
-0.035841900932753745 0.36734187967901732 0.14553031917330372 1.1995494546364824 -0.11774911851875584 0.016406005562300405 0.035841900932753745 -0.36734187967901732 -0.14553031917330372 -1.1995494546364824 0.11774911851875584 -0.016406005562300405 -3.5841900932753745e-06 3.6734187967901732e-05 1.4553031917330372e-05 3.9984981821216084e-07 -3.9249706172918616e-08 5.4686685207668021e-09 1.1995494546364824 -0.11774911851875584 0.016406005562300405 
-0.052293401393566086 -0.30738070496916237 0.77279275279229509 -1.5867499551649904 2.7075881896475669 1.1800723870327063 0.052293401393566086 0.30738070496916237 -0.77279275279229509 45.274178602934668 -10.637406818040379 -1.3779378530193918 -5.2293401393566086e-06 -3.0738070496916237e-05 7.7279275279229509e-05 -7.1598563817039021e-07 1.438281170973229e-07 7.8923085394429272e-08 -2.1479569145111705 0.43148435129196872 0.23676925618328781 
-0.15569026532213925 -0.7397949275306237 -0.0063129926297644801 4065.3153753633696 -1020.8203021600169 148.15685594682429 0.15569026532213925 0.7397949275306237 0.0063129926297644801 -4065.3153753633696 1020.8203021600169 -148.15685594682429 -1.5569026532213925e-05 -7.397949275306237e-05 -6.3129926297644801e-07 0.0013551051251211232 -0.00034027343405333899 4.9385618648941431e-05 4065.3153753633696 -1020.8203021600169 148.15685594682429 
-0.0090627880549231862 -0.0067413821740278795 2.3541784077707462e-05 4087.6608465087356 -855.81348751485245 0 0.0090627880549231862 0.0067413821740278795 -2.3541784077707462e-05 -4087.6608465087356 855.81348751485245 -0 -9.0627880549231862e-07 -6.7413821740278795e-07 2.3541784077707462e-09 0.0013625536155029119 -0.00028527116250495082 0 4087.6608465087356 -855.81348751485245 0 
-0.048378297077267263 0.011213486121874894 0.19066770392602017 4087.763453787647 -855.21313188500471 0.12119838215158985 0.048378297077267263 -0.011213486121874894 -0.19066770392602017 -4087.5571388289909 857.06600589149787 -0.1778205073135356 -4.8378297077267263e-06 1.1213486121874894e-06 1.9066770392602017e-05 0.0013625461846225894 -0.00028526989864763265 4.153077861014299e-08 4087.6385538677682 -855.80969594289797 0.12459233583042897 
-0.031273287195432431 -0.13786510459468104 -0.026619916058123749 -0.016133276632397758 -0.013807669581327977 -0.14906772401349561 0.031273287195432431 0.13786510459468104 0.026619916058123749 0.016133276632397758 0.013807669581327977 0.14906772401349561 -3.1273287195432431e-06 -1.3786510459468104e-05 -2.6619916058123749e-06 -5.3777588774659188e-09 -4.6025565271093259e-09 -4.9689241337831868e-08 -0.016133276632397758 -0.013807669581327977 -0.14906772401349561 
-0.053730946933949753 -0.13010358848042358 -0.055325787258198034 0.092157679973643949 0.072392996502018012 0.034209234243793039 0.053730946933949753 0.13010358848042358 0.055325787258198034 -0.092157679973643949 -0.072392996502018012 -0.034209234243793039 -5.3730946933949753e-06 -1.3010358848042358e-05 -5.5325787258198034e-06 3.0719226657881316e-08 2.4130998834006003e-08 1.1403078081264346e-08 0.092157679973643949 0.072392996502018012 0.034209234243793039 
-0.003385290228141713 0.078930909541696792 -0.18768852841466455 1.5560548873236955 -0.98171712800471322 -0.21481491019830878 0.003385290228141713 -0.078930909541696792 0.18768852841466455 -12.265926523556162 2.5294270264404268 1.0588631593007314 -3.385290228141713e-07 7.8930909541696792e-06 -1.8768852841466455e-05 5.6447779175340782e-07 -1.4157529412137509e-07 5.6484808858967573e-09 1.6934333752602235 -0.42472588236412528 0.016945442657690272 
0.18890384142933314 0.88516198618937558 0.04213095012056689 4142.7103931128504 -1020.2802548052996 145.7632603630214 -0.18890384142933314 -0.88516198618937558 -0.04213095012056689 -4142.7103931128504 1020.2802548052996 -145.7632603630214 1.8890384142933314e-05 8.8516198618937558e-05 4.213095012056689e-06 0.0013809034643709501 -0.00034009341826843321 4.8587753454340464e-05 4142.7103931128504 -1020.2802548052996 145.7632603630214 
-0.019442615622207015 -0.0047839794512210404 2.452621217230444e-05 4160.1020134135151 -868.57292522846672 0 0.019442615622207015 0.0047839794512210404 -2.452621217230444e-05 -4160.1020134135151 868.57292522846672 -0 -1.9442615622207015e-06 -4.7839794512210404e-07 2.452621217230444e-09 0.0013867006711378383 -0.00028952430840948891 0 4160.1020134135151 -868.57292522846672 0 
0.056755002197927951 -0.010813165669532054 0.17906267851794389 4160.1880518453772 -867.97647156093569 0.1073448387334057 -0.056755002197927951 0.010813165669532054 -0.17906267851794389 -4160.5245329057852 867.18060318866185 -0.048755707545855065 5.6755002197927951e-06 -1.0813165669532054e-06 1.7906267851794389e-05 0.001386688320678113 -0.00028952200647136978 3.6919173409686563e-08 4160.0649620343393 -868.56601941410941 0.11075752022905969 
0.17431150421742814 0.83513711477856134 -0.0037547387332637072 -0.019505657688314061 0.015441188678805498 -0.25254274270742777 -0.17431150421742814 -0.83513711477856134 0.0037547387332637072 0.019505657688314061 -0.015441188678805498 0.25254274270742777 1.7431150421742814e-05 8.3513711477856134e-05 -3.7547387332637072e-07 -6.5018858961046875e-09 5.1470628929351661e-09 -8.4180914235809258e-08 -0.019505657688314061 0.015441188678805498 -0.25254274270742777 
0.0053217347839584761 0.4378412578809332 0.1771160151875506 -0.85333735481736173 0.078614822122384437 -0.016947763228840871 -0.0053217347839584761 -0.4378412578809332 -0.1771160151875506 0.85333735481736173 -0.078614822122384437 0.016947763228840871 5.3217347839584761e-07 4.378412578809332e-05 1.771160151875506e-05 -2.8444578493912056e-07 2.6204940707461478e-08 -5.6492544096136236e-09 -0.85333735481736173 0.078614822122384437 -0.016947763228840871 
0.095880265043035706 -0.19439323136971609 0.40854712580529196 0.73261487452483343 1.1532234241221611 0.46231047661665375 -0.095880265043035706 0.19439323136971609 -0.40854712580529196 23.109900233284208 -2.4347295293530213 -6.66757449762307 9.5880265043035706e-06 -1.9439323136971609e-05 4.0854712580529196e-05 1.4253917249908605e-07 -2.761407511990372e-08 -1.8083553897291166e-08 0.42761751749725813 -0.082842225359711155 -0.054250661691873495 
-0.17018565368953631 -0.8074208855274323 -0.020405444460247502 4206.8742590339707 -1059.2246003653017 164.62161420367573 0.17018565368953631 0.8074208855274323 0.020405444460247502 -4206.8742590339707 1059.2246003653017 -164.62161420367573 -1.7018565368953631e-05 -8.074208855274323e-05 -2.0405444460247502e-06 0.0014022914196779902 -0.00035307486678843393 5.487387140122524e-05 4206.8742590339707 -1059.2246003653017 164.62161420367573 
-0.026114558561649015 -0.017692419753438313 6.5191181342072468e-05 4228.1464994301014 -879.97748927118641 0 0.026114558561649015 0.017692419753438313 -6.5191181342072468e-05 -4228.1464994301014 879.97748927118641 -0 -2.6114558561649015e-06 -1.7692419753438313e-06 6.5191181342072468e-09 0.0014093821664767005 -0.00029332582975706215 0 4228.1464994301014 -879.97748927118641 0 
-0.028808983743022765 0.0060916659805343443 0.016289850096468106 4228.1183229572825 -879.92968590622866 -0.11119048778700563 0.028808983743022765 -0.0060916659805343443 -0.016289850096468106 -4227.9734432616151 880.70015021529105 0.079294895102599045 -2.8808983743022765e-06 6.0916659805343443e-07 1.6289850096468106e-06 0.001409369741242486 -0.00029332446868417824 -3.6977778671484274e-08 4228.1092237274579 -879.97340605253476 -0.11093333601445282 
-0.17133640031197217 -0.8508138773999363 0.066079130897067628 -0.016079642344388707 -0.082870212993226042 0.013103911168164414 0.17133640031197217 0.8508138773999363 -0.066079130897067628 0.016079642344388707 0.082870212993226042 -0.013103911168164414 -1.7133640031197217e-05 -8.508138773999363e-05 6.6079130897067628e-06 -5.3598807814629021e-09 -2.7623404331075349e-08 4.3679703893881383e-09 -0.016079642344388707 -0.082870212993226042 0.013103911168164414 
-0.0056168249262800174 0.050728344325179364 0.020224392649481615 1.1396799366288111 0.04927692100710393 0.087335057307329073 0.0056168249262800174 -0.050728344325179364 -0.020224392649481615 -1.1396799366288111 -0.04927692100710393 -0.087335057307329073 -5.6168249262800174e-07 5.0728344325179364e-06 2.0224392649481615e-06 3.798933122096037e-07 1.6425640335701311e-08 2.9111685769109693e-08 1.1396799366288111 0.04927692100710393 0.087335057307329073 
0.029415287949863256 0.035608304438383698 -0.10211155400341454 -0.89170659642484573 -0.1770508473131028 0.077791350093270636 -0.029415287949863256 -0.035608304438383698 0.10211155400341454 -4.7610683854315834 1.7547653818846085 -1.1560068901243556 2.9415287949863256e-06 3.5608304438383698e-06 -1.0211155400341454e-05 -2.7300040570740116e-07 3.9182286681594633e-08 6.715586812536533e-08 -0.81900121712220353 0.1175468600447839 0.20146760437609598 
-0.15335133808580537 -0.72690071815262325 -0.024331705310853824 4270.0078615572329 -1144.8247966684987 236.29834971649151 0.15335133808580537 0.72690071815262325 0.024331705310853824 -4270.0078615572329 1144.8247966684987 -236.29834971649151 -1.5335133808580537e-05 -7.2690071815262325e-05 -2.4331705310853824e-06 0.0014233359538524111 -0.00038160826555616622 7.8766116572163839e-05 4270.0078615572329 -1144.8247966684987 236.29834971649151 
0.035091124508254079 0.020954763182120043 -8.0962594406486232e-05 4300.788042329671 -892.57254209738574 0 -0.035091124508254079 -0.020954763182120043 8.0962594406486232e-05 -4300.788042329671 892.57254209738574 -0 3.5091124508254082e-06 2.0954763182120043e-06 -8.0962594406486232e-09 0.0014335960141098904 -0.00029752418069912859 0 4300.788042329671 -892.57254209738574 0 
-0.11574159524796457 0.026880624020009236 0.47813655365699925 4301.0788302087431 -891.07289810810596 -0.0035666303649370037 0.11574159524796457 -0.026880624020009236 -0.47813655365699925 -4300.597130233682 895.57906703141771 -0.13316399303897888 -1.1574159524796457e-05 2.6880624020009236e-06 4.7813655365699925e-05 0.0014335894338986638 -0.00029752305106513303 1.7943748727181133e-09 4300.7683016959918 -892.56915319539905 0.0053831246181543398 
-0.019319553721253158 -0.092091090837520539 -0.0019092280933996619 0.06670301177651837 0.23931918402311431 0.18330595602461333 0.019319553721253158 0.092091090837520539 0.0019092280933996619 -0.06670301177651837 -0.23931918402311431 -0.18330595602461333 -1.9319553721253158e-06 -9.2091090837520539e-06 -1.9092280933996619e-07 2.2234337258839455e-08 7.9773061341038101e-08 6.1101985341537778e-08 0.06670301177651837 0.23931918402311431 0.18330595602461333 
0.018949335767182163 -0.75347255305224792 -0.30506735132718177 -2.2481981616322004 0.25434604331152527 -0.032770904854133531 -0.018949335767182163 0.75347255305224792 0.30506735132718177 2.2481981616322004 -0.25434604331152527 0.032770904854133531 1.8949335767182163e-06 -7.5347255305224792e-05 -3.0506735132718177e-05 -7.4939938721073341e-07 8.4782014437175087e-08 -1.0923634951377844e-08 -2.2481981616322004 0.25434604331152527 -0.032770904854133531 
0.032776274478951706 0.28014849108970452 -0.68408092503524642 -0.64711831389530827 -1.9894043437035269 -0.83076042273223594 -0.032776274478951706 -0.28014849108970452 0.68408092503524642 -38.202437233732155 8.6756353038406608 1.7075482362712 3.2776274478951706e-06 2.8014849108970452e-05 -6.8408092503524642e-05 -4.9665038751105765e-08 9.5190140484120939e-09 6.504153246215661e-09 -0.14899511625331729 0.028557042145236283 0.019512459738646983 
0.070167096639650595 0.36938300284339309 -0.067464856888244107 4340.9416776931585 -1162.1288046688555 249.93398936671986 -0.070167096639650595 -0.36938300284339309 0.067464856888244107 -4340.9416776931585 1162.1288046688555 -249.93398936671986 7.0167096639650595e-06 3.6938300284339309e-05 -6.7464856888244107e-06 0.0014469805592310528 -0.00038737626822295181 8.3311329788906622e-05 4340.9416776931585 -1162.1288046688555 249.93398936671986 
0.0070528186914557874 0.042243962163606569 -0.00012727558784675352 4368.4993997539414 -903.15875878695931 0 -0.0070528186914557874 -0.042243962163606569 0.00012727558784675352 -4368.4993997539414 903.15875878695931 -0 7.0528186914557874e-07 4.2243962163606569e-06 -1.2727558784675352e-08 0.0014561664665846471 -0.0003010529195956531 0 4368.4993997539414 -903.15875878695931 0 
-0.007343504917489696 -0.0011092621576835882 -0.43259950803800629 4368.2193245978342 -904.54914173338352 -0.10759221011283596 0.007343504917489696 0.0011092621576835882 0.43259950803800629 -4368.0777412332091 903.25211177264043 0.10851460625767861 -7.343504917489696e-07 -1.1092621576835882e-07 -4.3259950803800629e-05 0.0014561686964850626 -0.00030105402909047117 -3.8672261060899609e-08 4368.506089455188 -903.1620872714135 -0.11601678318269883 
0.08336094769134661 0.41186754917932333 -0.020583626085257656 -0.037458066667964397 -0.16964844052507266 -0.024812559818721821 -0.08336094769134661 -0.41186754917932333 0.020583626085257656 0.037458066667964397 0.16964844052507266 0.024812559818721821 8.336094769134661e-06 4.1186754917932333e-05 -2.0583626085257656e-06 -1.2486022222654798e-08 -5.6549480175024218e-08 -8.2708532729072736e-09 -0.037458066667964397 -0.16964844052507266 -0.024812559818721821 
-0.0037024884969039107 0.0010834139452242653 0.00021355408108547635 -2.1490522676901653 0.16036963977889662 -0.066919280498393102 0.0037024884969039107 -0.0010834139452242653 -0.00021355408108547635 2.1490522676901653 -0.16036963977889662 0.066919280498393102 -3.7024884969039107e-07 1.0834139452242653e-07 2.1355408108547635e-08 -7.1635075589672182e-07 5.3456546592965541e-08 -2.23064268327977e-08 -2.1490522676901653 0.16036963977889662 -0.066919280498393102 
-0.024305888999265335 0.30503555635164048 -0.70759611559445545 0.68340491222261934 -2.3452840502198455 -1.0186528730507491 0.024305888999265335 -0.30503555635164048 0.70759611559445545 -41.229104344005272 7.871451260226781 4.7936548838222084 -2.4305888999265335e-06 3.0503555635164048e-05 -7.0759611559445545e-05 4.0078452662132262e-07 -8.0606820796969274e-08 -4.3234239146875045e-08 1.202353579863968 -0.24182046239090782 -0.12970271744062514 
0.052284885825315541 0.25023416224456696 0.007135619050913089 4406.4472383462335 -1114.3429669264078 184.66821399816695 -0.052284885825315541 -0.25023416224456696 -0.007135619050913089 -4406.4472383462335 1114.3429669264078 -184.66821399816695 5.2284885825315541e-06 2.5023416224456696e-05 7.135619050913089e-07 0.001468815746115411 -0.00037144765564213597 6.1556071332722313e-05 4406.4472383462335 -1114.3429669264078 184.66821399816695 
-0.011374727592176372 -0.033892571480219694 0.00010705008879341449 4431.5776772856225 -912.27174572634578 0 0.011374727592176372 0.033892571480219694 -0.00010705008879341449 -4431.5776772856225 912.27174572634578 -0 -1.1374727592176372e-06 -3.3892571480219694e-06 1.0705008879341449e-08 0.0014771925590952074 -0.00030409058190878193 0 4431.5776772856225 -912.27174572634578 0 
0.036811935935077145 -0.0087095109613244404 -0.18371052546130306 4431.4446241144969 -912.84631959976196 -0.19124344117607617 -0.036811935935077145 0.0087095109613244404 0.18371052546130306 -4431.5880595087474 911.30541217836605 0.23555454154785072 3.6811935935077145e-06 -8.7095109613244404e-07 -1.8371052546130306e-05 0.0014771877952737724 -0.0003040898019646156 -6.4932263919098116e-08 4431.5633858213168 -912.26940589384685 -0.19479679175729436 
0.048757966308876632 0.24156879455339286 -0.011159086631407078 0.01266812488795014 0.04555292827149799 0.034422952135825885 -0.048757966308876632 -0.24156879455339286 0.011159086631407078 -0.01266812488795014 -0.04555292827149799 -0.034422952135825885 4.8757966308876632e-06 2.4156879455339286e-05 -1.1159086631407078e-06 4.2227082959833802e-09 1.5184309423832663e-08 1.1474317378608629e-08 0.01266812488795014 0.04555292827149799 0.034422952135825885 
0.012753473711546448 0.18581043346621584 0.076696900705996995 -0.41530675345915558 0.17050817325361248 0.043723964699549152 -0.012753473711546448 -0.18581043346621584 -0.076696900705996995 0.41530675345915558 -0.17050817325361248 -0.043723964699549152 1.2753473711546448e-06 1.8581043346621584e-05 7.6696900705996995e-06 -1.384355844863852e-07 5.6836057751204155e-08 1.4574654899849717e-08 -0.41530675345915558 0.17050817325361248 0.043723964699549152 
-0.036940599366097615 0.11241406202344706 -0.24371914581600151 -0.26145437019906298 -0.70150052784731143 -0.33694125524692503 0.036940599366097615 -0.11241406202344706 0.24371914581600151 -13.878483589074946 1.9209698018993238 3.0426100102237168 -3.6940599366097615e-06 1.1241406202344706e-05 -2.4371914581600151e-05 -2.6944027690581771e-08 1.0373168901553284e-08 -8.8004800758424353e-09 -0.080832083071745317 0.031119506704659849 -0.026401440227527304 
-0.077452307125636111 -0.3722334501288227 -0.01074254326050017 4473.8230423981577 -1084.3020680678389 149.58519927132269 0.077452307125636111 0.3722334501288227 0.01074254326050017 -4473.8230423981577 1084.3020680678389 -149.58519927132269 -7.7452307125636111e-06 -3.722334501288227e-05 -1.074254326050017e-06 0.0014912743474660526 -0.00036143402268927965 4.98617330904409e-05 4473.8230423981577 -1084.3020680678389 149.58519927132269 
-0.029846527491834106 0.046473833132257628 -0.00012088883227789893 4493.0378095952556 -920.58590444754236 0 0.029846527491834106 -0.046473833132257628 0.00012088883227789893 -4493.0378095952556 920.58590444754236 -0 -2.9846527491834106e-06 4.6473833132257628e-06 -1.2088883227789893e-08 0.0014976792698650852 -0.00030686196814918079 0 4493.0378095952556 -920.58590444754236 0 
0.01446609924737885 -0.0017594676471333059 0.19295916030601101 4493.1826056612827 -919.96736877000274 -0.24560397254250785 -0.01446609924737885 0.0017594676471333059 -0.19295916030601101 -4493.3032337191316 920.26827252443957 0.25739117079774226 1.446609924737885e-06 -1.7594676471333059e-07 1.9295916030601101e-05 0.0014976850374888301 -0.00030686320553271541 -8.0573236237365246e-08 4493.0551124664898 -920.58961659814622 -0.24171970871209575 
-0.026339248790918646 -0.14076701265408609 0.026529077337689166 -0.080766940694410871 -0.27605842601525743 -0.24979604168974368 0.026339248790918646 0.14076701265408609 -0.026529077337689166 0.080766940694410871 0.27605842601525743 0.24979604168974368 -2.6339248790918646e-06 -1.4076701265408609e-05 2.6529077337689166e-06 -2.6922313564803622e-08 -9.2019475338419137e-08 -8.326534722991456e-08 -0.080766940694410871 -0.27605842601525743 -0.24979604168974368 
0.029106106816945143 0.26497664151747813 0.11037024592042144 1.093482598299369 -0.13118129981893012 0.015482108309585092 -0.029106106816945143 -0.26497664151747813 -0.11037024592042144 -1.093482598299369 0.13118129981893012 -0.015482108309585092 2.9106106816945143e-06 2.6497664151747813e-05 1.1037024592042144e-05 3.6449419943312303e-07 -4.3727099939643374e-08 5.160702769861697e-09 1.093482598299369 -0.13118129981893012 0.015482108309585092 
0.032685048076963596 -0.074374056255877008 0.15599498723872784 -0.35469195001166282 0.52964878897129108 0.33682533542571347 -0.032685048076963596 0.074374056255877008 -0.15599498723872784 9.4630918301692635 -1.0902876777420689 -2.5125713786009318 3.2685048076963596e-06 -7.4374056255877008e-06 1.5599498723872784e-05 -1.5695157971088518e-07 1.9339977528822967e-08 4.5435005163314922e-08 -0.47085473913265552 0.058019932586468904 0.13630501548994475 
0.0086052695524863054 0.065424964765248284 -0.048619856432841058 4527.3866084070723 -1132.7303916205349 202.33032773275679 -0.0086052695524863054 -0.065424964765248284 0.048619856432841058 -4527.3866084070723 1132.7303916205349 -202.33032773275679 8.6052695524863054e-07 6.5424964765248284e-06 -4.8619856432841058e-06 0.0015091288694690241 -0.00037757679720684499 6.7443442577585594e-05 4527.3866084070723 -1132.7303916205349 202.33032773275679 
-0.030742203735347872 -0.020201319481895005 8.0235698085573404e-05 4546.8811357298591 -927.06340525430971 0 0.030742203735347872 0.020201319481895005 -8.0235698085573404e-05 -4546.8811357298591 927.06340525430971 -0 -3.0742203735347872e-06 -2.0201319481895005e-06 8.0235698085573404e-09 0.0015156270452432864 -0.0003090211350847699 0 4546.8811357298591 -927.06340525430971 0 
-0.016575192680612361 0.0025515493540240186 -0.13111838716328705 4546.7865104202901 -927.48620989506401 -0.053093634750228068 0.016575192680612361 -0.0025515493540240186 0.13111838716328705 -4546.6703829569087 927.44898673208627 0.037689145248652481 -1.6575192680612361e-06 2.5515493540240186e-07 -1.3111838716328705e-05 0.0015156243886684611 -0.00030902039930898661 -1.8592474384951289e-08 4546.8731660053836 -927.06119792695984 -0.055777423154853865 
0.073824646888986933 0.39312296409965697 -0.066226338288344344 0.015653566081522217 0.091894058170925316 -0.031856818874944862 -0.073824646888986933 -0.39312296409965697 0.066226338288344344 -0.015653566081522217 -0.091894058170925316 0.031856818874944862 7.3824646888986933e-06 3.9312296409965697e-05 -6.6226338288344344e-06 5.217855360507405e-09 3.0631352723641771e-08 -1.061893962498162e-08 0.015653566081522217 0.091894058170925316 -0.031856818874944862 
-0.038242210658179232 -0.44577043539995032 -0.18553264894194399 -0.64286165400146211 0.16095277133515212 0.024884946750198322 0.038242210658179232 0.44577043539995032 0.18553264894194399 0.64286165400146211 -0.16095277133515212 -0.024884946750198322 -3.8242210658179232e-06 -4.4577043539995032e-05 -1.8553264894194399e-05 -2.1428721800048738e-07 5.3650923778384044e-08 8.2949822500661076e-09 -0.64286165400146211 0.16095277133515212 0.024884946750198322 
-0.11020593364330367 0.029839376791684913 -0.0063889822676799213 0.47349387105923768 -0.15211049089194165 -0.064804623793726632 0.11020593364330367 -0.029839376791684913 0.0063889822676799213 -1.4870083322466374 -2.4274393822156601 5.4996525204925817 -1.1020593364330367e-05 2.9839376791684913e-06 -6.3889822676799213e-07 1.620065458646066e-07 -3.3733377953015158e-08 -1.4364106320574726e-08 0.48601963759381978 -0.10120013385904547 -0.043092318961724177 
-0.015529634513899992 -0.088357175775932717 0.024368203638269748 4570.0287228250045 -1148.8839798168797 208.65227069845088 0.015529634513899992 0.088357175775932717 -0.024368203638269748 -4570.0287228250045 1148.8839798168797 -208.65227069845088 -1.5529634513899992e-06 -8.8357175775932717e-06 2.4368203638269748e-06 0.0015233429076083349 -0.00038296132660562657 6.9550756899483624e-05 4570.0287228250045 -1148.8839798168797 208.65227069845088 
-0.017060961203622937 0.024500592015232192 -6.4459682036499544e-05 4595.24057909761 -931.77972721761216 0 0.017060961203622937 -0.024500592015232192 6.4459682036499544e-05 -4595.24057909761 931.77972721761216 -0 -1.7060961203622937e-06 2.4500592015232192e-06 -6.4459682036499544e-09 0.0015317468596992034 -0.00031059324240587073 0 4595.24057909761 -931.77972721761216 0 
-0.034479302530865397 0.0096278045802478118 0.41329589208924378 4595.4829211167116 -930.46312532208321 0.07430676229583344 0.034479302530865397 -0.0096278045802478118 -0.41329589208924378 -4595.4128478792863 932.72978688723299 -0.12126318895722674 -3.4479302530865397e-06 9.6278045802478118e-07 4.1329589208924378e-05 0.0015317389351220876 -0.00031059184058693982 2.7559504978867852e-08 4595.2168053662626 -931.77552176081952 0.082678514936603553 
-0.05523428088238802 -0.2576913735830022 -0.028954882229093037 -0.010814177101753765 0.018398654666354486 -0.14639972683814359 0.05523428088238802 0.2576913735830022 0.028954882229093037 0.010814177101753765 -0.018398654666354486 0.14639972683814359 -5.523428088238802e-06 -2.576913735830022e-05 -2.8954882229093037e-06 -3.6047257005845881e-09 6.1328848887848288e-09 -4.879990894604786e-08 -0.010814177101753765 0.018398654666354486 -0.14639972683814359 
0.030953962962820825 -0.43378942854666036 -0.17667995859227403 0.30479573191909237 -0.11947455965671677 -0.029410074315306626 -0.030953962962820825 0.43378942854666036 0.17667995859227403 -0.30479573191909237 0.11947455965671677 0.029410074315306626 3.0953962962820825e-06 -4.3378942854666036e-05 -1.7667995859227403e-05 1.0159857730636412e-07 -3.9824853218905591e-08 -9.803358105102209e-09 0.30479573191909237 -0.11947455965671677 -0.029410074315306626 
-0.10063127900084012 0.38527748991157296 -0.84261713896971457 1.3923069101561336 -3.0934755778765108 -0.91362156458401889 0.10063127900084012 -0.38527748991157296 0.84261713896971457 -50.201841741545955 7.8833274951735373 8.9329078201725309 -1.0063127900084012e-05 3.8527748991157296e-05 -8.4261713896971457e-05 6.7107430259031005e-07 -1.8880616458450577e-07 5.5897846466015001e-08 2.0132229077709303 -0.56641849375351727 0.16769353939804502 
0.083050890771207975 0.45114852975147723 -0.080744196558624193 4621.383083600992 -1143.8643763672717 203.45663089397669 -0.083050890771207975 -0.45114852975147723 0.080744196558624193 -4621.383083600992 1143.8643763672717 -203.45663089397669 8.3050890771207975e-06 4.5114852975147723e-05 -8.0744196558624193e-06 0.0015404610278669973 -0.00038128812545575725 6.7818876964658898e-05 4621.383083600992 -1143.8643763672717 203.45663089397669 
-0.024974040874633195 -0.038305522143226856 0.00013420455413637455 4644.4411478786169 -936.89626306595869 0 0.024974040874633195 0.038305522143226856 -0.00013420455413637455 -4644.4411478786169 936.89626306595869 -0 -2.4974040874633195e-06 -3.8305522143226856e-06 1.3420455413637455e-08 0.0015481470492928722 -0.00031229875435531955 0 4644.4411478786169 -936.89626306595869 0 
0.14975768325875549 -0.03068584884857728 -0.073884260590045825 4644.4068967212761 -937.08296794685646 0.042716192453752563 -0.14975768325875549 0.03068584884857728 0.073884260590045825 -4645.1368141929752 933.11973412771692 0.12382055428572109 1.4975768325875549e-05 -3.068584884857728e-06 -7.3884260590045825e-06 0.0015481482860252005 -0.00031229826104567241 1.3834467210430309e-08 4644.4448580756016 -936.89478313701727 0.041503401631290925 
-0.019430176014800793 -0.060190126237591457 -0.072008049043503775 0.045245551814530917 0.1750209957029252 0.097818036925220356 0.019430176014800793 0.060190126237591457 0.072008049043503775 -0.045245551814530917 -0.1750209957029252 -0.097818036925220356 -1.9430176014800793e-06 -6.0190126237591457e-06 -7.2008049043503775e-06 1.508185060484364e-08 5.834033190097507e-08 3.2606012308406785e-08 0.045245551814530917 0.1750209957029252 0.097818036925220356 
-0.026643245627511192 -0.37205122973560378 -0.15555452085536103 0.8476054280360289 0.16282979862419153 0.12314770859479909 0.026643245627511192 0.37205122973560378 0.15555452085536103 -0.8476054280360289 -0.16282979862419153 -0.12314770859479909 -2.6643245627511192e-06 -3.7205122973560378e-05 -1.5555452085536103e-05 2.825351426786763e-07 5.427659954139718e-08 4.1049236198266367e-08 0.8476054280360289 0.16282979862419153 0.12314770859479909 
-0.0048226992288569193 -0.18857487722456767 0.44175803805224234 -0.6055716837100964 1.4189594642972048 0.83293122122383778 0.0048226992288569193 0.18857487722456767 -0.44175803805224234 25.872653271727923 -5.3013585017141578 -2.2143829082568938 -4.8226992288569193e-07 -1.8857487722456767e-05 4.4175803805224234e-05 -3.0887755196294714e-07 3.7002965942004263e-08 9.036550465293919e-08 -0.92663265588884136 0.11100889782601278 0.27109651395881756 
-0.082030759704920797 -0.42022773346916953 0.023817563247208184 4670.4699447434687 -1147.9433734538832 207.36840183311611 0.082030759704920797 0.42022773346916953 -0.023817563247208184 -4670.4699447434687 1147.9433734538832 -207.36840183311611 -8.2030759704920797e-06 -4.2022773346916953e-05 2.3817563247208184e-06 0.0015568233149144896 -0.00038264779115129439 6.9122800611038707e-05 4670.4699447434687 -1147.9433734538832 207.36840183311611 
-0.027616720758326992 -0.034269433029920915 0.00012450161790411585 4691.2156321003349 -940.958100910751 0 0.027616720758326992 0.034269433029920915 -0.00012450161790411585 -4691.2156321003349 940.958100910751 -0 -2.7616720758326992e-06 -3.4269433029920915e-06 1.2450161790411585e-08 0.0015637385440334451 -0.00031365270030358366 0 4691.2156321003349 -940.958100910751 0 
-0.047701609640071752 0.01068156334937953 0.1711482981070489 4691.3054175906409 -940.42503999659471 -0.044151029812116306 0.047701609640071752 -0.01068156334937953 -0.1711482981070489 -4691.1120992351653 942.19132650523181 -0.012204216560057352 -4.7701609640071752e-06 1.068156334937953e-06 1.711482981070489e-05 0.0015637328733720097 -0.00031365249506908266 -1.3562191163774612e-08 4691.1986201160289 -940.95748520724794 -0.040686573491323832 
0.031362126624578934 0.11581994008857954 0.078959027092762035 0.0014902479693153095 -0.06092689466955447 0.1342136980574741 -0.031362126624578934 -0.11581994008857954 -0.078959027092762035 -0.0014902479693153095 0.06092689466955447 -0.1342136980574741 3.1362126624578934e-06 1.1581994008857954e-05 7.8959027092762035e-06 4.9674932310510319e-10 -2.030896488985149e-08 4.4737899352491369e-08 0.0014902479693153095 -0.06092689466955447 0.1342136980574741 
0.026616636299436891 -0.55321965525934047 -0.22832348662404911 -0.79475747218875048 0.076655374068667945 -0.021306252472280671 -0.026616636299436891 0.55321965525934047 0.22832348662404911 0.79475747218875048 -0.076655374068667945 0.021306252472280671 2.6616636299436891e-06 -5.5321965525934047e-05 -2.2832348662404911e-05 -2.6491915739625014e-07 2.5551791356222646e-08 -7.10208415742689e-09 -0.79475747218875048 0.076655374068667945 -0.021306252472280671 
0.047999693040257085 0.33155023550612839 -0.79408400440961202 1.0535935797515694 -2.6779436960787564 -1.151307487403094 -0.047999693040257085 -0.33155023550612839 0.79408400440961202 -46.289180995238937 10.588385595626411 1.719779540494101 4.7999693040257085e-06 3.3155023550612839e-05 -7.9408400440961202e-05 5.4244317745817602e-07 -1.1287611366606363e-07 -4.6634509184910852e-08 1.627329532374528 -0.33862834099819089 -0.13990352755473257 
-0.1314983540301462 -0.60890786094558447 -0.088122576754889881 4959.4799452109573 -998.40336829833871 1754.3471796013321 0.1314983540301462 0.60890786094558447 0.088122576754889881 -4959.4799452109573 998.40336829833871 -1754.3471796013321 -1.314983540301462e-05 -6.0890786094558447e-05 -8.8122576754889881e-06 0.0016531599817369857 -0.0003328011227661129 0.00058478239320044405 4959.4799452109573 -998.40336829833871 1754.3471796013321 
-0.038356143374420212 0.017039031545923802 -2.9749567254100384e-05 4785.2756550146059 -962.35802252075234 0 0.038356143374420212 -0.017039031545923802 2.9749567254100384e-05 -4785.2756550146059 962.35802252075234 -0 -3.8356143374420216e-06 1.7039031545923802e-06 -2.9749567254100384e-09 0.0015950918850048687 -0.00032078600750691744 0 4785.2756550146059 -962.35802252075234 0 
0.023893744107716941 -0.0046457067348626424 0.024018259678487697 4785.3844648540462 -962.276306848285 0.10375930324633928 -0.023893744107716941 0.0046457067348626424 -0.024018259678487697 -4785.5095483777204 961.76646384025219 -0.077940088243774311 2.3893744107716941e-06 -4.6457067348626424e-07 2.4018259678487697e-06 0.0015951224698625517 -0.0003207870381912388 3.4774102045876043e-08 4785.3674095876549 -962.36111457371646 0.10432230613762813 
-0.15302791852356279 -0.81835382875428131 0.11096663235565796 -0.09093904312413599 -0.36298052478980464 -0.17400328843379892 0.15302791852356279 0.81835382875428131 -0.11096663235565796 0.09093904312413599 0.36298052478980464 0.17400328843379892 -1.5302791852356279e-05 -8.1835382875428131e-05 1.1096663235565796e-05 -3.0313014374711996e-08 -1.2099350826326821e-07 -5.8001096144599637e-08 -0.09093904312413599 -0.36298052478980464 -0.17400328843379892 
0.028404866938558371 -0.22440436805659658 -0.092054252238682466 0.30030151183610643 -0.97351984438433536 -0.38728173365555707 -0.028404866938558371 0.22440436805659658 0.092054252238682466 -0.30030151183610643 0.97351984438433536 0.38728173365555707 2.8404866938558371e-06 -2.2440436805659658e-05 -9.2054252238682466e-06 1.0010050394536881e-07 -3.2450661479477846e-07 -1.2909391121851901e-07 0.30030151183610643 -0.97351984438433536 -0.38728173365555707 
-0.098210215475624807 0.070450203590866067 -0.10626161965454628 1.2207326555640901 -0.74369228371305518 0.0275140186741131 0.098210215475624807 -0.070450203590866067 0.10626161965454628 -7.9056508709439228 -0.73558518617502089 5.1701468229725487 -9.8210215475624807e-06 7.0450203590866067e-06 -1.0626161965454628e-05 4.3520519859389391e-07 -1.3288601649236778e-07 5.9272088541818129e-08 1.3056155957816817 -0.39865804947710332 0.17781626562545438 
0.12552485423755755 0.63096554531016924 0.002962267039996469 4761.1091944543487 -1091.4584241862331 138.9575852616687 -0.12552485423755755 -0.63096554531016924 -0.002962267039996469 -4761.1091944543487 1091.4584241862331 -138.9575852616687 1.2552485423755755e-05 6.3096554531016924e-05 2.962267039996469e-07 0.0015870363981514495 -0.00036381947472874436 4.6319195087222901e-05 4761.1091944543487 -1091.4584241862331 138.9575852616687 
0.0051413921543070305 -0.037555140583759791 0.00011626529516917117 4773.1238157214329 -944.94038542445526 0 -0.0051413921543070305 0.037555140583759791 -0.00011626529516917117 -4773.1238157214329 944.94038542445526 -0 5.1413921543070305e-07 -3.7555140583759791e-06 1.1626529516917117e-08 0.0015910412719071444 -0.00031498012847481843 0 4773.1238157214329 -944.94038542445526 0 
0.065452521522679774 -0.014185577974501484 -0.18565314076554595 4773.0054462832441 -945.51348696864466 -0.01420301655668138 -0.065452521522679774 0.014185577974501484 0.18565314076554595 -4773.2775338653673 943.25888241372354 0.090549962975252141 6.5452521522679774e-06 -1.4185577974501484e-06 -1.8565314076554595e-05 0.0015910395975168602 -0.0003149803160878869 -5.9965375195137379e-09 4773.118792550581 -944.94094826366074 -0.017989612558541215 
0.027933433295324051 0.12923880931547949 0.021686408583354577 0.029208187958765213 0.012251377888044286 0.25396478449558124 -0.027933433295324051 -0.12923880931547949 -0.021686408583354577 -0.029208187958765213 -0.012251377888044286 -0.25396478449558124 2.7933433295324051e-06 1.2923880931547949e-05 2.1686408583354577e-06 9.7360626529217372e-09 4.0837926293480956e-09 8.4654928165193742e-08 0.029208187958765213 0.012251377888044286 0.25396478449558124 
0.0060617625408099229 0.1639782152551561 0.069837193681365761 1.1866608294677863 0.17291402597456443 0.15562218514933468 -0.0060617625408099229 -0.1639782152551561 -0.069837193681365761 -1.1866608294677863 -0.17291402597456443 -0.15562218514933468 6.0617625408099229e-07 1.639782152551561e-05 6.9837193681365761e-06 3.9555360982259539e-07 5.7638008658188142e-08 5.1874061716444893e-08 1.1866608294677863 0.17291402597456443 0.15562218514933468 
-0.12660756779192539 0.13058168987889474 -0.22614360442041459 -1.5156795083642944 -0.30582559374013363 -0.48446421716268384 0.12660756779192539 -0.13058168987889474 0.22614360442041459 -12.246963627633155 -0.88345717268994584 7.502819763941571 -1.2660756779192539e-05 1.3058168987889474e-05 -2.2614360442041459e-05 -4.4726925690040043e-07 1.3474125149379656e-07 -5.7268210033420884e-08 -1.3418077707012013 0.4042237544813897 -0.17180463010026265 
0.025062198307779227 0.13824284915753271 -0.020583605166990537 4788.8668410438195 -1144.8064886005759 202.90651315596841 -0.025062198307779227 -0.13824284915753271 0.020583605166990537 -4788.8668410438195 1144.8064886005759 -202.90651315596841 2.5062198307779227e-06 1.3824284915753271e-05 -2.0583605166990537e-06 0.0015962889470146065 -0.0003816021628668586 6.76355043853228e-05 4788.8668410438195 -1144.8064886005759 202.90651315596841 
0.022208534844552451 -0.046796278026480301 0.00013597010628529915 4807.2302207210969 -945.87110296463652 0 -0.022208534844552451 0.046796278026480301 -0.00013597010628529915 -4807.2302207210969 945.87110296463652 -0 2.2208534844552451e-06 -4.6796278026480301e-06 1.3597010628529915e-08 0.0016024100735736989 -0.00031529036765487884 0 4807.2302207210969 -945.87110296463652 0 
0.049954932066498259 -0.010861482646618015 -0.15506007129656441 4807.163967573787 -946.35287938245688 0.052085426904228918 -0.049954932066498259 0.010861482646618015 0.15506007129656441 -4807.3660215605851 944.58688856232789 0.006522088148922342 4.9954932066498259e-06 -1.0861482646618015e-06 -1.5506007129656441e-05 0.0016024194419773723 -0.00031529110581254659 1.6297515288904759e-08 4807.2583259321173 -945.8733174376398 0.048892545866714279 
-0.017235108078494932 -0.11681646995054251 0.054239958696133961 -0.0071389062757991947 -0.1617631559072992 0.231439018917207 0.017235108078494932 0.11681646995054251 -0.054239958696133961 0.0071389062757991947 0.1617631559072992 -0.231439018917207 -1.7235108078494932e-06 -1.1681646995054251e-05 5.4239958696133961e-06 -2.3796354252663981e-09 -5.3921051969099735e-08 7.7146339639069001e-08 -0.0071389062757991947 -0.1617631559072992 0.231439018917207 
0.015098148240522136 0.31039951418954104 0.13361596867156322 1.520566231115565 -0.10115636171322198 0.064247537557001411 -0.015098148240522136 -0.31039951418954104 -0.13361596867156322 -1.520566231115565 0.10115636171322198 -0.064247537557001411 1.5098148240522136e-06 3.1039951418954104e-05 1.3361596867156322e-05 5.0685541037185498e-07 -3.3718787237740662e-08 2.1415845852333803e-08 1.520566231115565 -0.10115636171322198 0.064247537557001411 
0.10918293858575012 0.03003651547039965 -0.12774705283824517 0.75633088912769442 -0.51650528913212557 -0.22800724958439406 -0.10918293858575012 -0.03003651547039965 0.12774705283824517 -7.4551660355973564 4.2818097105091182 -4.6120408623083202 1.0918293858575012e-05 3.003651547039965e-06 -1.2774705283824517e-05 2.801876931306539e-07 -5.7457490144908034e-08 -2.5033807454551356e-08 0.84056307939196173 -0.17237247043472409 -0.075101422363654066 
-0.0010584674625668811 0.027292886817520401 -0.0589635144734868 4822.4696380897558 -1112.2169826914119 176.79012338399696 0.0010584674625668811 -0.027292886817520401 0.0589635144734868 -4822.4696380897558 1112.2169826914119 -176.79012338399696 -1.0584674625668811e-07 2.7292886817520401e-06 -5.89635144734868e-06 0.0016074898793632518 -0.00037073899423047064 5.8930041127998983e-05 4822.4696380897558 -1112.2169826914119 176.79012338399696 
-0.035768709883007233 -0.01240354745718486 6.2505898235087898e-05 4834.5602594322299 -944.75434656403797 0 0.035768709883007233 0.01240354745718486 -6.2505898235087898e-05 -4834.5602594322299 944.75434656403797 -0 -3.5768709883007236e-06 -1.240354745718486e-06 6.2505898235087898e-09 0.0016115200864774101 -0.00031491811552134598 0 4834.5602594322299 -944.75434656403797 0 
0.057832520470313398 -0.01199419621400466 -0.10351125198176936 4834.5264492835249 -945.07164728532734 0.09489245852950369 -0.057832520470313398 0.01199419621400466 0.10351125198176936 -4834.7782069464738 943.28693587854343 -0.028750870332981668 5.7832520470313398e-06 -1.199419621400466e-06 -1.0351125198176936e-05 0.0016115291048139301 -0.00031492006146820737 3.0936011331528219e-08 4834.5873144417901 -944.76018440462212 0.092808033994584663 
-0.091609466168485199 -0.45687844172248582 -0.01939315950882925 0.026162720065742457 0.1448258126347389 -0.020332979375554842 0.091609466168485199 0.45687844172248582 0.01939315950882925 -0.026162720065742457 -0.1448258126347389 0.020332979375554842 -9.1609466168485199e-06 -4.5687844172248582e-05 -1.939315950882925e-06 8.7209066885808188e-09 4.8275270878246304e-08 -6.7776597918516136e-09 0.026162720065742457 0.1448258126347389 -0.020332979375554842 
0.055188877798872937 -0.24943485906092633 -0.1034741863570332 1.5210030385951085 -0.22192835153559287 0.01352168820799063 -0.055188877798872937 0.24943485906092633 0.1034741863570332 -1.5210030385951085 0.22192835153559287 -0.01352168820799063 5.5188877798872937e-06 -2.4943485906092633e-05 -1.034741863570332e-05 5.0700101286503615e-07 -7.3976117178530962e-08 4.5072294026635437e-09 1.5210030385951085 -0.22192835153559287 0.01352168820799063 
-0.02790221610649013 0.13742189340248956 -0.29134702392408229 -1.6964431943630005 -0.6053027399410833 -0.17909752421923478 0.02790221610649013 -0.13742189340248956 0.29134702392408229 -15.27806179291615 2.3583330703730545 2.6316060277620732 -2.790221610649013e-06 1.3742189340248956e-05 -2.9134702392408229e-05 -4.9431174252168167e-07 8.9201462357434776e-08 7.0728568772929058e-08 -1.4829352275650449 0.26760438707230433 0.21218570631878717 
-0.14302372988383993 -0.71869484963099639 -0.028489437675360829 4841.4048958707954 -1124.2698580652468 194.51383021679774 0.14302372988383993 0.71869484963099639 0.028489437675360829 -4841.4048958707954 1124.2698580652468 -194.51383021679774 -1.4302372988383993e-05 -7.1869484963099639e-05 -2.8489437675360829e-06 0.0016138016319569317 -0.00037475661935508226 6.4837943405599249e-05 4841.4048958707954 -1124.2698580652468 194.51383021679774 
0.0049850687554677843 0.013881974395418828 -4.8090340598605508e-05 4857.6456117636608 -943.09716191142684 0 -0.0049850687554677843 -0.013881974395418828 4.8090340598605508e-05 -4857.6456117636608 943.09716191142684 -0 4.9850687554677843e-07 1.3881974395418828e-06 -4.8090340598605508e-09 0.0016192152039212202 -0.00031436572063714229 0 4857.6456117636608 -943.09716191142684 0 
-0.069807975866531535 0.015165367255320916 0.23989311088615239 4857.7661865824066 -942.35063130586957 -0.11404215584856953 0.069807975866531535 -0.015165367255320916 -0.23989311088615239 -4857.4965942520321 944.89644680703952 0.031553200355510305 -6.9807975866531535e-06 1.5165367255320916e-06 2.3989311088615239e-05 0.001619207254484361 -0.00031436483863336607 -3.6347480900092496e-08 4857.6217634530831 -943.09451590009826 -0.10904244270027749 
-0.11694971669307108 -0.57745450643409413 -0.041338391785772366 0.024711129430212021 0.056628183610803094 0.12418880299709137 0.11694971669307108 0.57745450643409413 0.041338391785772366 -0.024711129430212021 -0.056628183610803094 -0.12418880299709137 -1.1694971669307108e-05 -5.7745450643409413e-05 -4.1338391785772366e-06 8.2370431434040065e-09 1.8876061203601031e-08 4.1396267665697121e-08 0.024711129430212021 0.056628183610803094 0.12418880299709137 
-0.022375824091369623 0.17837956375998942 0.075860200574595638 -1.6712737809334166 -0.00059744188454487028 -0.12170792889733049 0.022375824091369623 -0.17837956375998942 -0.075860200574595638 1.6712737809334166 0.00059744188454487028 0.12170792889733049 -2.2375824091369623e-06 1.7837956375998942e-05 7.5860200574595638e-06 -5.570912603111389e-07 -1.9914729484829009e-10 -4.0569309632443496e-08 -1.6712737809334166 -0.00059744188454487028 -0.12170792889733049 
-0.052155170084944302 0.16873277425943911 -0.34497561419932765 1.1503088856950936 -1.2750683384044645 -0.7099607647478875 0.052155170084944302 -0.16873277425943911 0.34497561419932765 -21.397703804927914 2.8602757425292848 4.5464138773423866 -5.2155170084944302e-06 1.6873277425943911e-05 -3.4497561419932765e-05 4.681929148777544e-07 -7.8335839990068588e-08 -7.9897716360504959e-08 1.4045787446332632 -0.23500751997020577 -0.23969314908151487 
0.021134562349089947 0.082989345266126779 0.045471167810784419 4863.087081605664 -1096.9008375909095 184.69341319374391 -0.021134562349089947 -0.082989345266126779 -0.045471167810784419 -4863.087081605664 1096.9008375909095 -184.69341319374391 2.1134562349089947e-06 8.2989345266126779e-06 4.5471167810784419e-06 0.0016210290272018881 -0.00036563361253030315 6.1564471064581299e-05 4863.087081605664 -1096.9008375909095 184.69341319374391 
-0.036059990813624029 3.0650906378965059e-05 2.2499024865396677e-05 4873.9501472682196 -940.03743578548779 0 0.036059990813624029 -3.0650906378965059e-05 -2.2499024865396677e-05 -4873.9501472682196 940.03743578548779 -0 -3.6059990813624033e-06 3.0650906378965059e-09 2.2499024865396677e-09 0.0016246500490894064 -0.00031334581192849593 0 4873.9501472682196 -940.03743578548779 0 
0.11958464209538278 -0.020158892635180337 0.43102008914899792 4874.25868874957 -938.61739783770213 -0.11980619041027651 -0.11958464209538278 0.020158892635180337 -0.43102008914899792 -4874.9494065550425 937.12800321620068 0.24178355669466234 1.1958464209538278e-05 -2.0158892635180337e-06 4.3102008914899792e-05 0.0016246613580937859 -0.00031334707902651499 -3.6736280263029302e-08 4873.9840742813576 -940.041237079545 -0.11020884078908791 
0.038800334705157979 0.19323388350200865 0.012824129064781253 0.10711726853657202 0.33771808005032095 0.37375869188848798 -0.038800334705157979 -0.19323388350200865 -0.012824129064781253 -0.10711726853657202 -0.33771808005032095 -0.37375869188848798 3.8800334705157979e-06 1.9323388350200865e-05 1.2824129064781253e-06 3.5705756178857344e-08 1.1257269335010698e-07 1.24586230629496e-07 0.10711726853657202 0.33771808005032095 0.37375869188848798 
0.049648104949451266 -0.15128338180403489 -0.062611946134438767 -1.5242721096256051 -0.06768579614388226 -0.14168459387839022 -0.049648104949451266 0.15128338180403489 0.062611946134438767 1.5242721096256051 0.06768579614388226 0.14168459387839022 4.9648104949451266e-06 -1.5128338180403489e-05 -6.2611946134438767e-06 -5.0809070320853507e-07 -2.2561932047960754e-08 -4.7228197959463407e-08 -1.5242721096256051 -0.06768579614388226 -0.14168459387839022 
0.097402722165629285 0.29163158816736257 -0.69180857206418978 -0.4389672502600287 -2.029824064446045 -0.9269582354198187 -0.097402722165629285 -0.29163158816736257 0.69180857206418978 -38.989492827525474 10.247487814800117 -1.1601928496350384 9.7402722165629285e-06 2.9163158816736257e-05 -6.9180857206418978e-05 1.8171921200830288e-08 -3.4944833969480443e-09 -2.0755037853236343e-09 0.054515763602490865 -0.010483450190844132 -0.0062265113559709026 
0.037102957803902825 0.13882443135354583 0.091808084291544745 4874.6846509543402 -1121.0446405652372 242.65689110853086 -0.037102957803902825 -0.13882443135354583 -0.091808084291544745 -4874.6846509543402 1121.0446405652372 -242.65689110853086 3.7102957803902825e-06 1.3882443135354583e-05 9.1808084291544745e-06 0.0016248948836514467 -0.00037368154685507902 8.0885630369510289e-05 4874.6846509543402 -1121.0446405652372 242.65689110853086 
0.042661089720238445 -0.008104666148565226 -2.3440360763515855e-07 4882.0852802389209 -935.73032589098796 0 -0.042661089720238445 0.008104666148565226 2.3440360763515855e-07 -4882.0852802389209 935.73032589098796 -0 4.2661089720238445e-06 -8.104666148565226e-07 -2.3440360763515855e-11 0.0016273617600796402 -0.00031191010863032933 0 4882.0852802389209 -935.73032589098796 0 
-0.070610954590044628 0.015291245762938388 0.26042541549128884 4882.2682089230402 -934.92648335192564 -0.1024796757724836 0.070610954590044628 -0.015291245762938388 -0.26042541549128884 -4882.0069735957559 937.56087187222761 0.018628387964748222 -7.0610954590044628e-06 1.5291245762938388e-06 2.6042541549128884e-05 0.0016273710694664986 -0.00031191172834987363 -3.2340661548993816e-08 4882.1132083994962 -935.7351850496209 -0.097021984646981446 
0.11157122003613296 0.57736975074274 0.0055123457837202849 -0.043550940719771725 -0.33390862648796688 0.181482673922084 -0.11157122003613296 -0.57736975074274 -0.0055123457837202849 0.043550940719771725 0.33390862648796688 -0.181482673922084 1.1157122003613296e-05 5.7736975074274e-05 5.5123457837202849e-07 -1.4516980239923909e-08 -1.1130287549598897e-07 6.0494224640694667e-08 -0.043550940719771725 -0.33390862648796688 0.181482673922084 
0.0089680359138810672 -0.041135353869847791 -0.017499852216218414 1.6087449745472699 -0.0011932127063153731 0.11888854279355393 -0.0089680359138810672 0.041135353869847791 0.017499852216218414 -1.6087449745472699 0.0011932127063153731 -0.11888854279355393 8.9680359138810672e-07 -4.1135353869847791e-06 -1.7499852216218414e-06 5.3624832484908998e-07 -3.97737568771791e-10 3.9629514264517976e-08 1.6087449745472699 -0.0011932127063153731 0.11888854279355393 
-0.052096949123559 -0.18408126924107648 0.42809152772882442 0.44840449402600641 1.3170647716679509 0.35854589285888661 0.052096949123559 0.18408126924107648 -0.42809152772882442 24.035143936686847 -6.1969453329408832 0.52262914813378458 -5.2096949123559e-06 -1.8408126924107648e-05 4.2809152772882442e-05 4.7478523807855187e-08 2.1665343154440506e-08 -7.2361466012106051e-08 0.14243557142356555 0.064996029463321517 -0.21708439803631815 
-0.0012105924840355442 0.018463486458897282 -0.041101222844341923 4884.8648470632152 -1107.5472527093398 237.97091187152034 0.0012105924840355442 -0.018463486458897282 0.041101222844341923 -4884.8648470632152 1107.5472527093398 -237.97091187152034 -1.2105924840355442e-07 1.8463486458897282e-06 -4.1101222844341923e-06 0.0016282882823544049 -0.00036918241756977993 7.9323637290506783e-05 4884.8648470632152 -1107.5472527093398 237.97091187152034 
0.017160992053298456 0.039605481402700538 -0.00013972814905116593 4888.5099454312303 -931.13963705839535 0 -0.017160992053298456 -0.039605481402700538 0.00013972814905116593 -4888.5099454312303 931.13963705839535 -0 1.7160992053298456e-06 3.9605481402700538e-06 -1.3972814905116593e-08 0.0016295033151437436 -0.00031037987901946513 0 4888.5099454312303 -931.13963705839535 0 
-0.044277715218754565 0.0095071098549226463 0.15889777205943534 4888.5786324571091 -930.64272738680836 0.17647686130096013 0.044277715218754565 -0.0095071098549226463 -0.15889777205943534 -4888.4155559313804 932.27923276294814 -0.22894946878952938 -4.4277715218754565e-06 9.5071098549226463e-07 1.5889777205943534e-05 0.0016294949238262098 -0.00031037849974660959 5.9935110428278548e-08 4888.4847714786292 -931.13549923982873 0.17980533128483564 
-0.0048964063914525013 -0.025499030341658013 -0.0002316390390610934 -0.11028715987076852 -0.36533733870718904 -0.35156946150915008 0.0048964063914525013 0.025499030341658013 0.0002316390390610934 0.11028715987076852 0.36533733870718904 0.35156946150915008 -4.8964063914525013e-07 -2.5499030341658013e-06 -2.316390390610934e-08 -3.6762386623589506e-08 -1.2177911290239635e-07 -1.1718982050305004e-07 -0.11028715987076852 -0.36533733870718904 -0.35156946150915008 
-0.038282466803263304 0.092969397424980116 0.038522976417709742 1.7525964695541569 -0.082024595537687553 0.094856879005364617 0.038282466803263304 -0.092969397424980116 -0.038522976417709742 -1.7525964695541569 0.082024595537687553 -0.094856879005364617 -3.8282466803263304e-06 9.2969397424980116e-06 3.8522976417709742e-06 5.8419882318471896e-07 -2.7341531845895852e-08 3.1618959668454874e-08 1.7525964695541569 -0.082024595537687553 0.094856879005364617 
-0.088872479517831948 -0.27587953652208341 0.64200121591806436 -0.53428321960999159 2.0517530506136032 1.0075937373769439 0.088872479517831948 0.27587953652208341 -0.64200121591806436 37.238112001738237 -9.6438278760951306 0.81087974619957393 -8.8872479517831948e-06 -2.7587953652208341e-05 6.4200121591806436e-05 -3.3073790140591197e-07 5.9348293854937883e-08 4.6345314964898062e-08 -0.99221370421773591 0.17804488156481366 0.13903594489469417 
0.0107137215765718 0.024710880309752881 0.05151673813819091 4889.4785024921621 -1075.9614435820399 233.09676549166051 -0.0107137215765718 -0.024710880309752881 -0.05151673813819091 -4889.4785024921621 1075.9614435820399 -233.09676549166051 1.07137215765718e-06 2.4710880309752881e-06 5.151673813819091e-06 0.0016298261674973875 -0.00035865381452734662 7.7698921830553501e-05 4889.4785024921621 -1075.9614435820399 233.09676549166051 
-0.0033717155092254959 -0.023665817372019865 7.9287678644845982e-05 4893.4749937425031 -926.16737734446031 0 0.0033717155092254959 0.023665817372019865 -7.9287678644845982e-05 -4893.4749937425031 926.16737734446031 -0 -3.3717155092254959e-07 -2.3665817372019865e-06 7.9287678644845982e-09 0.001631158331247501 -0.0003087224591148201 0 4893.4749937425031 -926.16737734446031 0 
-0.055053405239036124 0.0081153453024285227 -0.34096085271079213 4893.2908454839098 -927.28488397881631 0.08753768113475241 0.055053405239036124 -0.0081153453024285227 0.34096085271079213 -4892.9341482753789 927.48484746942313 -0.14037255367652962 -5.5053405239036124e-06 8.1153453024285227e-07 -3.4096085271079213e-05 0.0016311671761216218 -0.00030872390832381911 2.6671470625998398e-08 4893.5015283648654 -926.17172497145737 0.080014411877995198 
-0.0095777606201608023 -0.050268218575455492 -0.00032489294421456094 0.036773767934548125 0.16578165509019954 0.045428013647178508 0.0095777606201608023 0.050268218575455492 0.00032489294421456094 -0.036773767934548125 -0.16578165509019954 -0.045428013647178508 -9.5777606201608023e-07 -5.0268218575455492e-06 -3.2489294421456094e-08 1.2257922644849375e-08 5.5260551696733185e-08 1.5142671215726169e-08 0.036773767934548125 0.16578165509019954 0.045428013647178508 
-0.014351025305892051 -0.35444675173579299 -0.16018625039748713 -1.2757873686188612 0.002516531728396932 -0.095499686369508577 0.014351025305892051 0.35444675173579299 0.16018625039748713 1.2757873686188612 -0.002516531728396932 0.095499686369508577 -1.4351025305892051e-06 -3.5444675173579299e-05 -1.6018625039748713e-05 -4.2526245620628704e-07 8.3884390946564393e-10 -3.1833228789836192e-08 -1.2757873686188612 0.002516531728396932 -0.095499686369508577 
-0.037833086059535503 0.085796448905384182 -0.16378315029985657 0.47726995578851883 -0.69024443759665743 -0.13713945639841224 0.037833086059535503 -0.085796448905384182 0.16378315029985657 -10.232382284099826 1.0817481034695866 2.5956074231311748 -3.7833086059535503e-06 8.5796448905384182e-06 -1.6378315029985657e-05 1.9973832750614065e-07 -6.37835262524745e-08 3.2011092207730196e-08 0.59921498251842198 -0.19135057875742351 0.096033276623190583 
0.11817180789019943 0.60432506197194424 0.035272189155832745 4893.2003096056651 -1064.0479743843769 224.82600064861765 -0.11817180789019943 -0.60432506197194424 -0.035272189155832745 -4893.2003096056651 1064.0479743843769 -224.82600064861765 1.1817180789019943e-05 6.0432506197194424e-05 3.5272189155832745e-06 0.001631066769868555 -0.00035468265812812561 7.494200021620588e-05 4893.2003096056651 -1064.0479743843769 224.82600064861765 
-0.022735783692204737 0.0098545258626903109 -1.8208607954761646e-05 4896.4998733843368 -921.01173604599342 0 0.022735783692204737 -0.0098545258626903109 1.8208607954761646e-05 -4896.4998733843368 921.01173604599342 -0 -2.2735783692204737e-06 9.8545258626903109e-07 -1.8208607954761646e-09 0.0016321666244614457 -0.00030700391201533112 0 4896.4998733843368 -921.01173604599342 0 
0.035040279491305171 -0.008833026292620616 -0.33168334129488053 4896.330359451571 -922.06383017459245 0.089522706028909535 -0.035040279491305171 0.008833026292620616 0.33168334129488053 -4896.3956304379335 920.06820292583109 -0.043272827171901736 3.5040279491305171e-06 -8.833026292620616e-07 -3.3168334129488053e-05 0.0016321759209969595 -0.00030700478151255274 2.7476137446671692e-08 4896.5277629908787 -921.01434453765819 0.082428412340015078 
-0.018420097340765551 -0.12119794294274122 0.037424384474182837 0.076761774919171036 0.16572134811312786 0.38353685556489103 0.018420097340765551 0.12119794294274122 -0.037424384474182837 -0.076761774919171036 -0.16572134811312786 -0.38353685556489103 -1.8420097340765551e-06 -1.2119794294274122e-05 3.7424384474182837e-06 2.5587258306390345e-08 5.5240449371042622e-08 1.2784561852163035e-07 0.076761774919171036 0.16572134811312786 0.38353685556489103 
0.042447305024229109 -0.42189922229596277 -0.18769821931385877 -0.12735848504035957 -0.03483102675403376 -0.025507220062499246 -0.042447305024229109 0.42189922229596277 0.18769821931385877 0.12735848504035957 0.03483102675403376 0.025507220062499246 4.2447305024229109e-06 -4.2189922229596277e-05 -1.8769821931385877e-05 -4.2452828346786526e-08 -1.1610342251344587e-08 -8.5024066874997487e-09 -0.12735848504035957 -0.03483102675403376 -0.025507220062499246 
-0.10750724007024814 0.37683998286297538 -0.74380685682218228 -0.35128353667770779 -2.2619474313799168 -1.1218451987141134 0.10750724007024814 -0.37683998286297538 0.74380685682218228 -43.620392489028532 5.6562644312829402 9.1970435324902287 -1.0750724007024814e-05 3.7683998286297538e-05 -7.4380685682218228e-05 6.5813618455687619e-08 -5.9951081826980449e-09 -2.1427316210001665e-08 0.19744085536706285 -0.017985324548094136 -0.064281948630004998 
-0.087425988226641493 -0.46309513405978775 -0.005057637688654637 4898.4861672784255 -1056.598909279219 228.61489165804883 0.087425988226641493 0.46309513405978775 0.005057637688654637 -4898.4861672784255 1056.598909279219 -228.61489165804883 -8.7425988226641493e-06 -4.6309513405978775e-05 -5.057637688654637e-07 0.0016328287224261419 -0.00035219963642640635 7.6204963886016282e-05 4898.4861672784255 -1056.598909279219 228.61489165804883 
-0.047359073067629931 -0.0052396793949471832 4.6031605194229996e-05 4899.3659964695371 -915.89460182266259 0 0.047359073067629931 0.0052396793949471832 -4.6031605194229996e-05 -4899.3659964695371 915.89460182266259 -0 -4.7359073067629927e-06 -5.2396793949471832e-07 4.6031605194229996e-09 0.0016331219988231791 -0.00030529820060755419 0 4899.3659964695371 -915.89460182266259 0 
0.0094295269903454937 0.00033685429556840063 0.31055530110499219 4899.5339566433577 -914.89301458573414 0.12389072145898972 -0.0094295269903454937 -0.00033685429556840063 -0.31055530110499219 -4899.670187935566 915.71702989933362 -0.12064806694552735 9.4295269903454937e-07 3.3685429556840063e-08 3.1055530110499219e-05 0.0016331157486704174 -0.00030529725938410681 4.3547747003440538e-08 4899.3472460112525 -915.8917781523204 0.13064324101032163 
-0.05147235780267323 -0.31672550747652295 0.065701396025352743 0.014281190323165336 0.0032327487169089724 0.11366090988057646 0.05147235780267323 0.31672550747652295 -0.065701396025352743 -0.014281190323165336 -0.0032327487169089724 -0.11366090988057646 -5.147235780267323e-06 -3.1672550747652295e-05 6.5701396025352743e-06 4.7603967743884451e-09 1.0775829056363241e-09 3.7886969960192155e-08 0.014281190323165336 0.0032327487169089724 0.11366090988057646 
0.0019891963520812794 -0.19943226927665592 -0.090857647769837513 0.15263349253879241 0.13030769656299115 0.07127842091572538 -0.0019891963520812794 0.19943226927665592 0.090857647769837513 -0.15263349253879241 -0.13030769656299115 -0.07127842091572538 1.9891963520812794e-07 -1.9943226927665592e-05 -9.0857647769837513e-06 5.0877830846264132e-08 4.3435898854330381e-08 2.3759473638575128e-08 0.15263349253879241 0.13030769656299115 0.07127842091572538 
0.052407137731691478 0.17641465948514679 -0.39815330195924759 1.6726374111906563 -1.657269599206137 -0.51822049310793905 -0.052407137731691478 -0.17641465948514679 0.39815330195924759 -24.553877945846313 6.3029707458902866 -0.43510712326951168 5.2407137731691478e-06 1.7641465948514679e-05 -3.9815330195924759e-05 6.5232874043569485e-07 -1.6501044366240177e-07 1.1391403799518653e-08 1.9569862213070846 -0.49503133098720531 0.034174211398555955 
-0.080037869589766331 -0.44279480687692274 0.020168481649485148 4905.9598231782111 -1039.7420953835679 236.63008993768867 0.080037869589766331 0.44279480687692274 -0.020168481649485148 -4905.9598231782111 1039.7420953835679 -236.63008993768867 -8.0037869589766331e-06 -4.4279480687692274e-05 2.0168481649485148e-06 0.0016353199410594037 -0.00034658069846118925 7.8876696645896225e-05 4905.9598231782111 -1039.7420953835679 236.63008993768867 
0.043788796485230534 0.031220912374285703 -0.0001285254169758332 4898.5528848539179 -910.04505080638285 0 -0.043788796485230534 -0.031220912374285703 0.0001285254169758332 -4898.5528848539179 910.04505080638285 -0 4.3788796485230534e-06 3.1220912374285703e-06 -1.285254169758332e-08 0.0016328509616179727 -0.00030334835026879427 0 4898.5528848539179 -910.04505080638285 0 
-0.070050122955578331 0.01253488424168836 -0.070878581032857157 4898.5134070149215 -910.30139446155874 0.059250613234851424 0.070050122955578331 -0.01253488424168836 0.070878581032857157 -4898.1703917951836 911.79121749863009 -0.13478117451286406 -7.0050122955578331e-06 1.253488424168836e-06 -7.0878581032857157e-06 0.0016328535640005163 -0.00030334895700070876 1.9176937543861476e-08 4898.5606920015489 -910.0468710021263 0.057530812631584424 
-0.060842580311692984 -0.32209868138455278 -0.0068099261774090536 0.022026899270409919 0.20740441842423443 -0.13616141771731785 0.060842580311692984 0.32209868138455278 0.0068099261774090536 -0.022026899270409919 -0.20740441842423443 0.13616141771731785 -6.0842580311692984e-06 -3.2209868138455278e-05 -6.8099261774090536e-07 7.3422997568033067e-09 6.9134806141411477e-08 -4.5387139239105949e-08 0.022026899270409919 0.20740441842423443 -0.13616141771731785 
0.010078125940449212 -0.53686096722849186 -0.24625052116533652 -1.6139919126484501 -0.12115087652406015 -0.18232101539547677 -0.010078125940449212 0.53686096722849186 0.24625052116533652 1.6139919126484501 0.12115087652406015 0.18232101539547677 1.0078125940449212e-06 -5.3686096722849186e-05 -2.4625052116533652e-05 -5.3799730421615004e-07 -4.038362550802005e-08 -6.0773671798492252e-08 -1.6139919126484501 -0.12115087652406015 -0.18232101539547677 
-0.069149527754941431 -0.1017380918622024 0.24755377153962144 -0.067203698494669256 0.70409005396461377 0.47369850398380187 0.069149527754941431 0.1017380918622024 -0.24755377153962144 14.082969834244777 -4.5455852687452749 1.8625907505254446 -6.9149527754941431e-06 -1.017380918622024e-05 2.4755377153962144e-05 -8.0276885478490333e-08 -1.7144361748490889e-09 4.4574262117127938e-08 -0.240830656435471 -0.0051433085245472668 0.13372278635138382 
0.016270163789577907 0.10802386203878633 -0.030188875377035185 4909.0153142923946 -1083.1460904516666 357.39026452027997 -0.016270163789577907 -0.10802386203878633 0.030188875377035185 -4909.0153142923946 1083.1460904516666 -357.39026452027997 1.6270163789577907e-06 1.0802386203878633e-05 -3.0188875377035185e-06 0.001636338438097465 -0.00036104869681722224 0.00011913008817342666 4909.0153142923946 -1083.1460904516666 357.39026452027997 
0.028512750210145377 0.047125641924536388 -0.00017103249483341187 4896.7105903634274 -904.39183241090177 0 -0.028512750210145377 -0.047125641924536388 0.00017103249483341187 -4896.7105903634274 904.39183241090177 -0 2.8512750210145377e-06 4.7125641924536388e-06 -1.7103249483341187e-08 0.0016322368634544759 -0.00030146394413696725 0 4896.7105903634274 -904.39183241090177 0 
-0.020536230271872569 0.0032530200755331862 -0.07996307592045282 4896.6991668228638 -904.66251450221137 0.13869624632547395 0.020536230271872569 -0.0032530200755331862 0.07996307592045282 -4896.5809799407616 904.89787546527316 -0.15947432507002202 -2.0536230271872569e-06 3.2530200755331862e-07 -7.996307592045282e-06 0.0016322493317581248 -0.00030146604645666058 4.5637079520199027e-08 4896.7479952743743 -904.39813936998178 0.13691123856059709 
0.053903685368617005 0.29004442334557012 0.0015251964852192046 -0.028283975974388115 -0.11156719327667737 -0.061601703573967381 -0.053903685368617005 -0.29004442334557012 -0.0015251964852192046 0.028283975974388115 0.11156719327667737 0.061601703573967381 5.3903685368617005e-06 2.9004442334557012e-05 1.5251964852192046e-07 -9.4279919914627045e-09 -3.7189064425559124e-08 -2.0533901191322461e-08 -0.028283975974388115 -0.11156719327667737 -0.061601703573967381 
0.0045182428576318046 -0.50248559264609582 -0.23281308235922893 -1.4437588409905022 -0.074122313259412362 -0.14929640821971074 -0.0045182428576318046 0.50248559264609582 0.23281308235922893 1.4437588409905022 0.074122313259412362 0.14929640821971074 4.5182428576318046e-07 -5.0248559264609582e-05 -2.3281308235922893e-05 -4.8125294699683405e-07 -2.4707437753137454e-08 -4.9765469406570246e-08 -1.4437588409905022 -0.074122313259412362 -0.14929640821971074 
-0.044285653506559441 0.093567941998884407 -0.17106593468874109 1.1427891842480855 -0.78090411395933979 -0.36527713109918164 0.044285653506559441 -0.093567941998884407 0.17106593468874109 -11.433097758555688 1.0312707950237239 3.1661815657632548 -4.4285653506559441e-06 9.3567941998884407e-06 -1.7106593468874109e-05 4.2369858323082247e-07 -8.5752883342857867e-08 -3.7358276677783858e-08 1.2710957496924673 -0.25725865002857362 -0.11207483003335157 
-0.060421052547887655 -0.31162987248534169 -0.024672681038784283 4901.0528000751792 -1027.6825867890768 244.00639880422966 0.060421052547887655 0.31162987248534169 0.024672681038784283 -4901.0528000751792 1027.6825867890768 -244.00639880422966 -6.0421052547887655e-06 -3.1162987248534169e-05 -2.4672681038784283e-06 0.0016336842666917265 -0.00034256086226302557 8.1335466268076551e-05 4901.0528000751792 -1027.6825867890768 244.00639880422966 
0.029647068816058154 0.01222982313274501 -5.7658753327416434e-05 4895.3500428545331 -897.84221070761407 0 -0.029647068816058154 -0.01222982313274501 5.7658753327416434e-05 -4895.3500428545331 897.84221070761407 -0 2.9647068816058154e-06 1.222982313274501e-06 -5.7658753327416434e-09 0.0016317833476181777 -0.00029928073690253803 0 4895.3500428545331 -897.84221070761407 0 
-0.063658455848880635 0.014991790031615437 0.4915483423666156 4895.6530211128093 -896.29565112670014 -0.092846192320536453 0.063658455848880635 -0.014991790031615437 -0.4915483423666156 -4895.5173134154811 899.53939145887091 0.011489938883256737 -6.3658455848880635e-06 1.4991790031615437e-06 4.915483423666156e-05 0.0016317896088887272 -0.00029928172683931707 -2.7463933039882313e-08 4895.368826666182 -897.84518051795123 -0.082391799119646947 
0.021465346953242204 0.10118695442651315 0.022732563375593706 0.065218762469217026 0.16199053828358634 0.28238523667566373 -0.021465346953242204 -0.10118695442651315 -0.022732563375593706 -0.065218762469217026 -0.16199053828358634 -0.28238523667566373 2.1465346953242204e-06 1.0118695442651315e-05 2.2732563375593706e-06 2.1739587489739007e-08 5.3996846094528779e-08 9.412841222522125e-08 0.065218762469217026 0.16199053828358634 0.28238523667566373 
-0.033403351833438677 0.6037591367658024 0.27983275883158854 -1.3041395747060216 0.28692989066640701 0.02871490767550992 0.033403351833438677 -0.6037591367658024 -0.27983275883158854 1.3041395747060216 -0.28692989066640701 -0.02871490767550992 -3.3403351833438677e-06 6.037591367658024e-05 2.7983275883158854e-05 -4.3471319156867387e-07 9.5643296888802332e-08 9.5716358918366399e-09 -1.3041395747060216 0.28692989066640701 0.02871490767550992 
0.065657872214686108 0.067932727274566673 -0.17225793592867689 -0.77346818362484093 -0.34271878117338789 -0.2033276430396459 -0.065657872214686108 -0.067932727274566673 0.17225793592867689 -8.8961075005943648 3.48833686189765 -2.2418041135100655 6.5657872214686108e-06 6.7932727274566673e-06 -1.7225793592867689e-05 -2.1806816316026475e-07 4.7930154210233706e-08 1.1331263253636902e-08 -0.65420448948079424 0.14379046263070111 0.033993789760910706 
-0.001833769882608749 -0.021722866214712866 0.016793701233253078 4907.8813916376566 -1012.2589116371169 260.99301643088791 0.001833769882608749 0.021722866214712866 -0.016793701233253078 -4907.8813916376566 1012.2589116371169 -260.99301643088791 -1.833769882608749e-07 -2.1722866214712866e-06 1.6793701233253078e-06 0.001635960463879219 -0.00033741963721237227 8.6997672143629295e-05 4907.8813916376566 -1012.2589116371169 260.99301643088791 
0.024651745277833904 0.041106766607758999 -0.00014880045196008496 4894.9766090052835 -891.73349911902665 0 -0.024651745277833904 -0.041106766607758999 0.00014880045196008496 -4894.9766090052835 891.73349911902665 -0 2.4651745277833904e-06 4.1106766607758999e-06 -1.4880045196008496e-08 0.0016316588696684278 -0.00029724449970634223 0 4894.9766090052835 -891.73349911902665 0 
-0.021133334673351101 0.00093387731325833556 -0.43243640059795196 4894.7136022824889 -893.1301763616791 -0.0026169366067292955 0.021133334673351101 -0.00093387731325833556 0.43243640059795196 -4894.482380972041 892.18221164812644 -0.010730136093641743 -2.1133334673351101e-06 9.3387731325833556e-08 -4.3243640059795196e-05 0.0016316558708865496 -0.0002972452826297787 -4.0064567668891633e-09 4894.9676126596487 -891.73584788933613 -0.012019370300667491 
0.11383178703638919 0.62707973964015729 -0.0059133875829342486 0.013785636965146448 0.12008757971923771 -0.064149079088293176 -0.11383178703638919 -0.62707973964015729 0.0059133875829342486 -0.013785636965146448 -0.12008757971923771 0.064149079088293176 1.1383178703638919e-05 6.2707973964015729e-05 -5.9133875829342486e-07 4.5952123217154827e-09 4.0029193239745905e-08 -2.1383026362764391e-08 0.013785636965146448 0.12008757971923771 -0.064149079088293176 
0.000855785124986852 -0.20311399485883896 -0.095780415634294513 -0.35236057819406624 -0.020045520515224444 -0.038506777521604807 -0.000855785124986852 0.20311399485883896 0.095780415634294513 0.35236057819406624 0.020045520515224444 0.038506777521604807 8.55785124986852e-08 -2.0311399485883896e-05 -9.5780415634294513e-06 -1.1745352606468876e-07 -6.6818401717414814e-09 -1.2835592507201602e-08 -0.35236057819406624 -0.020045520515224444 -0.038506777521604807 
0.023648608995507914 -0.4558459499026668 0.91448104882374537 -1.5736415910119903 3.1879771478382235 1.5083474572064319 -0.023648608995507914 0.4558459499026668 -0.91448104882374537 55.405988108937365 -10.066299888227418 -6.3291315326264801 2.3648608995507914e-06 -4.558459499026668e-05 9.1448104882374537e-05 -7.4707325529108359e-07 1.5552864892078779e-07 5.6355205674910777e-08 -2.2412197658732507 0.46658594676236337 0.16906561702473233 
0.044958287999108393 0.28751994041870121 -0.055739761466444548 4909.6001334089424 -1020.6890750912268 295.59159254407643 -0.044958287999108393 -0.28751994041870121 0.055739761466444548 -4909.6001334089424 1020.6890750912268 -295.59159254407643 4.4958287999108393e-06 2.8751994041870121e-05 -5.5739761466444548e-06 0.0016365333778029809 -0.00034022969169707559 9.8530530848025484e-05 4909.6001334089424 -1020.6890750912268 295.59159254407643 
0.045066026228377395 0.00287432985189226 -3.5953258148424538e-05 4892.5306701527497 -884.6320062886424 0 -0.045066026228377395 -0.00287432985189226 3.5953258148424538e-05 -4892.5306701527497 884.6320062886424 -0 4.5066026228377399e-06 2.87432985189226e-07 -3.5953258148424538e-09 0.0016308435567175834 -0.00029487733542954745 0 4892.5306701527497 -884.6320062886424 0 
0.056579899014863599 -0.0094372462733360862 0.1177327327510358 4892.6109024012449 -884.23409640212094 -0.0026420114178491161 -0.056579899014863599 0.0094372462733360862 -0.1177327327510358 -4892.901099241587 883.23722178101775 0.062196873130276387 5.6579899014863599e-06 -9.4372462733360862e-07 1.177327327510358e-05 0.0016308461526428513 -0.00029487825198603376 1.9045463299233749e-11 4892.5384579285537 -884.63475595810132 5.7136389897701246e-05 
0.064488052080591274 0.40821297518034427 -0.074038227929063005 -0.10912308173890306 -0.43531293218508949 -0.23403097610722925 -0.064488052080591274 -0.40821297518034427 0.074038227929063005 0.10912308173890306 0.43531293218508949 0.23403097610722925 6.4488052080591274e-06 4.0821297518034427e-05 -7.4038227929063005e-06 -3.6374360579634355e-08 -1.4510431072836317e-07 -7.8010325369076418e-08 -0.10912308173890306 -0.43531293218508949 -0.23403097610722925 
-0.0084295915758758611 -0.44524175368820806 -0.2126002210900424 -0.11189754824121494 -0.07765154289665295 -0.046350599160624791 0.0084295915758758611 0.44524175368820806 0.2126002210900424 0.11189754824121494 0.07765154289665295 0.046350599160624791 -8.4295915758758611e-07 -4.4524175368820806e-05 -2.126002210900424e-05 -3.7299182747071645e-08 -2.5883847632217649e-08 -1.5450199720208262e-08 -0.11189754824121494 -0.07765154289665295 -0.046350599160624791 
0.042198283320971086 -0.29546466140395466 0.57423205621187634 1.9367795540654411 1.5041413032278121 0.53863489113154761 -0.042198283320971086 0.29546466140395466 -0.57423205621187634 32.106703064374507 -5.0798285982214555 -4.8801998276375098 4.2198283320971086e-06 -2.9546466140395466e-05 5.7423205621187634e-05 5.0495759076898281e-07 -7.1760227830405537e-08 -1.0502332066259305e-07 1.5148727723069484 -0.21528068349121662 -0.31506996198777915 
0.11293288285196823 0.61740867945220268 0.013975518361464268 4910.8770307718487 -994.97030994955389 290.27724171787827 -0.11293288285196823 -0.61740867945220268 -0.013975518361464268 -4910.8770307718487 994.97030994955389 -290.27724171787827 1.1293288285196823e-05 6.1740867945220268e-05 1.3975518361464268e-06 0.001636959010257283 -0.00033165676998318463 9.6759080572626099e-05 4910.8770307718487 -994.97030994955389 290.27724171787827 
-0.045604054878431964 0.033178718259890827 -8.1566358112183934e-05 4894.4422011959623 -878.04586930811774 0 0.045604054878431964 -0.033178718259890827 8.1566358112183934e-05 -4894.4422011959623 878.04586930811774 -0 -4.5604054878431964e-06 3.3178718259890827e-06 -8.1566358112183934e-09 0.0016314807337319875 -0.00029268195643603924 0 4894.4422011959623 -878.04586930811774 0 
0.17239352729347956 -0.030163373025970941 0.1133486250042004 4894.4665697097944 -877.60287663284521 0.08033151693280087 -0.17239352729347956 0.030163373025970941 -0.1133486250042004 -4895.2667077806082 873.73263027318274 0.10669271648537199 1.7239352729347956e-05 -3.0163373025970941e-06 1.133486250042004e-05 0.0016314628165733658 -0.00029267944507259923 2.7754925211941314e-08 4894.388449720097 -878.03833521779768 0.083264775635823934 
0.038322579940519574 0.18377344035869214 0.040182131658128561 0.0074970623541744663 0.11553447503476229 -0.10172132350620115 -0.038322579940519574 -0.18377344035869214 -0.040182131658128561 -0.0074970623541744663 -0.11553447503476229 0.10172132350620115 3.8322579940519574e-06 1.8377344035869214e-05 4.0182131658128561e-06 2.4990207847248222e-09 3.8511491678254096e-08 -3.3907107835400384e-08 0.0074970623541744663 0.11553447503476229 -0.10172132350620115 
-0.0093066995709989442 0.16885387491782922 0.080241608433340161 0.031533995554659931 0.25374120846344128 0.12447790743535785 0.0093066995709989442 -0.16885387491782922 -0.080241608433340161 -0.031533995554659931 -0.25374120846344128 -0.12447790743535785 -9.3066995709989442e-07 1.6885387491782922e-05 8.0241608433340161e-06 1.0511331851553311e-08 8.4580402821147087e-08 4.1492635811785947e-08 0.031533995554659931 0.25374120846344128 0.12447790743535785 
0.079059211841592258 0.0093874551776451653 -0.057472874339659086 -0.010955662251909654 -0.15939606821983074 -0.042437377371446761 -0.079059211841592258 -0.0093874551776451653 0.057472874339659086 -2.8542895512490749 2.7500255057317711 -3.4758242879620389 7.9059211841592258e-06 9.3874551776451653e-07 -5.7472874339659086e-06 7.7874698444222952e-09 -6.5215565351007621e-09 9.2033134786841235e-09 0.023362409533266886 -0.019564669605302287 0.027609940436052371 
0.022574845142120381 0.16123783912080913 -0.046766381863183604 4914.2016848264675 -997.88886671141427 302.97756630477551 -0.022574845142120381 -0.16123783912080913 0.046766381863183604 -4914.2016848264675 997.88886671141427 -302.97756630477551 2.2574845142120381e-06 1.6123783912080913e-05 -4.6766381863183604e-06 0.0016380672282754892 -0.00033262962223713809 0.00010099252210159184 4914.2016848264675 -997.88886671141427 302.97756630477551 
-0.026831230728351953 0.0064738785673403021 -5.5558802003474739e-06 4898.0412477291002 -871.20679854769048 0 0.026831230728351953 -0.0064738785673403021 5.5558802003474739e-06 -4898.0412477291002 871.20679854769048 -0 -2.6831230728351953e-06 6.4738785673403021e-07 -5.5558802003474739e-10 0.0016326804159097002 -0.0002904022661825635 0 4898.0412477291002 -871.20679854769048 0 
0.0089430697602921327 -0.0032839625774272463 -0.25132276290709687 4897.9119438187436 -872.00991253167308 -0.09805775060269914 -0.0089430697602921327 0.0032839625774272463 0.25132276290709687 -4897.8683782313838 870.93603807617194 0.11363999857071463 8.9430697602921327e-07 -3.2839625774272463e-07 -2.5132276290709687e-05 0.0016326848417388892 -0.00029040276646402207 -3.4486194391426185e-08 4898.0545252166676 -871.20829939206624 -0.10345858317427856 
0.1020531217399423 0.57875781728555786 -0.0091770602778096233 -0.016240227055070371 -0.021785474865183591 -0.093251784821295369 -0.1020531217399423 -0.57875781728555786 0.0091770602778096233 0.016240227055070371 0.021785474865183591 0.093251784821295369 1.020531217399423e-05 5.7875781728555786e-05 -9.1770602778096233e-07 -5.4134090183567904e-09 -7.2618249550611968e-09 -3.1083928273765124e-08 -0.016240227055070371 -0.021785474865183591 -0.093251784821295369 
-0.046925988992363443 0.3802471975156152 0.17992923819321049 -1.0802708719901766 0.21305263103428304 0.0087365225139278448 0.046925988992363443 -0.3802471975156152 -0.17992923819321049 1.0802708719901766 -0.21305263103428304 -0.0087365225139278448 -4.6925988992363443e-06 3.802471975156152e-05 1.7992923819321049e-05 -3.6009029066339222e-07 7.1017543678094348e-08 2.9121741713092814e-09 -1.0802708719901766 0.21305263103428304 0.0087365225139278448 
0.14522975913422442 -0.17389896314945474 0.273565018584776 0.5509147426495633 0.69419348476544829 0.61999393247340129 -0.14522975913422442 0.17389896314945474 -0.273565018584776 16.558063822084019 1.0008153691046964 -8.625303109432533 1.4522975913422442e-05 -1.7389896314945474e-05 2.73565018584776e-05 1.1259450544623809e-07 -5.8124040224804772e-08 6.0337868201065007e-08 0.33778351633871428 -0.17437212067441432 0.18101360460319502 
0.07823099465564809 0.45937384485106314 -0.023530551825634571 4908.6334886309887 -1043.516199028338 333.30959477117517 -0.07823099465564809 -0.45937384485106314 0.023530551825634571 -4908.6334886309887 1043.516199028338 -333.30959477117517 7.823099465564809e-06 4.5937384485106314e-05 -2.3530551825634571e-06 0.0016362111628769962 -0.000347838733009446 0.00011110319825705839 4908.6334886309887 -1043.516199028338 333.30959477117517 
0.025373807271290155 0.011230521449762804 -5.1251154431497525e-05 4893.1800612905581 -864.01463464404242 0 -0.025373807271290155 -0.011230521449762804 5.1251154431497525e-05 -4893.1800612905581 864.01463464404242 -0 2.5373807271290155e-06 1.1230521449762804e-06 -5.1251154431497525e-09 0.0016310600204301859 -0.00028800487821468079 0 4893.1800612905581 -864.01463464404242 0 
-0.038891525200313026 0.0034110978397450253 -0.51372048188030872 4892.8910630151995 -865.6793487246548 0.092622040776003361 0.038891525200313026 -0.0034110978397450253 0.51372048188030872 -4892.5500338477996 864.8955413996182 -0.12364433498712282 -3.8891525200313026e-06 3.4110978397450253e-07 -5.1372048188030872e-05 0.0016310615759769719 -0.00028800541224227409 2.714433378250364e-08 4893.1847279309159 -864.01623672682229 0.081433001347510914 
0.11407802555929436 0.72856545117461202 -0.11225278564119812 0.0027355410178493242 -0.0046030739614082777 0.026618488434008016 -0.11407802555929436 -0.72856545117461202 0.11225278564119812 -0.0027355410178493242 0.0046030739614082777 -0.026618488434008016 1.1407802555929436e-05 7.2856545117461202e-05 -1.1225278564119812e-05 9.1184700594977478e-10 -1.5343579871360927e-09 8.8728294780026715e-09 0.0027355410178493242 -0.0046030739614082777 0.026618488434008016 
-0.0097779588914548299 0.16066497610545127 0.077229779620324734 -1.0664570383720731 0.13798751604988477 -0.027167083552060392 0.0097779588914548299 -0.16066497610545127 -0.077229779620324734 1.0664570383720731 -0.13798751604988477 0.027167083552060392 -9.7779588914548299e-07 1.6066497610545127e-05 7.7229779620324734e-06 -3.5548567945735767e-07 4.5995838683294926e-08 -9.0556945173534638e-09 -1.0664570383720731 0.13798751604988477 -0.027167083552060392 
0.10033324266967014 0.027541295830602053 -0.10263653548392426 0.59259656061485066 -0.4291620015821388 -0.12773183772705968 -0.10033324266967014 -0.027541295830602053 0.10263653548392426 -5.9913414471747943 3.97854082338745 -4.197424760511546 1.0033324266967014e-05 2.7541295830602053e-06 -1.0263653548392426e-05 2.1914370653621959e-07 -5.4793149087169548e-08 2.2330024478830376e-09 0.65743111960865874 -0.16437944726150863 0.0066990073436491125 
-0.032017596149902516 -0.17460093929999587 -0.011431845360065918 4952.5918983317806 -1120.6699457650732 592.4595519723681 0.032017596149902516 0.17460093929999587 0.011431845360065918 -4952.5918983317806 1120.6699457650732 -592.4595519723681 -3.2017596149902516e-06 -1.7460093929999587e-05 -1.1431845360065918e-06 0.0016508639661105937 -0.0003735566485883577 0.00019748651732412269 4952.5918983317806 -1120.6699457650732 592.4595519723681 
0.014339354141097889 -0.020186543120449818 5.800838032143929e-05 4918.2313696053043 -855.68697033473131 0 -0.014339354141097889 0.020186543120449818 -5.800838032143929e-05 -4918.2313696053043 855.68697033473131 -0 1.4339354141097889e-06 -2.0186543120449818e-06 5.800838032143929e-09 0.0016394104565351014 -0.00028522899011157709 0 4918.2313696053043 -855.68697033473131 0 
0.05766680854613071 -0.011470650456146814 -0.21278396154122969 4918.0816313715077 -856.33862615112889 -0.031968430121691996 -0.05766680854613071 0.011470650456146814 0.21278396154122969 -4918.2562429060945 854.19461479802055 0.10022505418917112 5.766680854613071e-06 -1.1470650456146814e-06 -2.1278396154122969e-05 0.0016393986377860887 -0.0002852272560710315 -1.2135437754641524e-08 4918.1959133582659 -855.68176821309453 -0.036406313263924572 
-0.019881885484629436 -0.10076687225857306 -0.016912249337641683 -0.01560312671023386 0.067486495047675288 -0.20117604741117143 0.019881885484629436 0.10076687225857306 0.016912249337641683 0.01560312671023386 -0.067486495047675288 0.20117604741117143 -1.9881885484629436e-06 -1.0076687225857306e-05 -1.6912249337641683e-06 -5.2010422367446201e-09 2.2495498349225097e-08 -6.7058682470390473e-08 -0.01560312671023386 0.067486495047675288 -0.20117604741117143 
0.036781186998346982 0.17128653569287167 0.087743503982551374 0.070911659987084194 -0.10502019385044618 -0.045249071297214095 -0.036781186998346982 -0.17128653569287167 -0.087743503982551374 -0.070911659987084194 0.10502019385044618 0.045249071297214095 3.6781186998346982e-06 1.7128653569287167e-05 8.7743503982551374e-06 2.3637219995694729e-08 -3.5006731283482063e-08 -1.5083023765738031e-08 0.070911659987084194 -0.10502019385044618 -0.045249071297214095 
0.11426426424598901 0.093216460275158397 -0.235266299091208 -1.1281265556530717 -0.57795089908196839 -0.019301639717197228 -0.11426426424598901 -0.093216460275158397 0.235266299091208 -12.051482021843968 5.5972320090738545 -4.3930543286825587 1.1426426424598901e-05 9.3216460275158397e-06 -2.35266299091208e-05 -3.2290215359808678e-07 2.464809230389134e-08 1.0547247320241979e-07 -0.96870646079426037 0.073944276911674017 0.31641741960725939 
0.082655566386868884 0.55010736731558874 -0.086093120852115401 4957.0504261109018 -1024.5050923056915 422.25407529162828 -0.082655566386868884 -0.55010736731558874 0.086093120852115401 -4957.0504261109018 1024.5050923056915 -422.25407529162828 8.2655566386868884e-06 5.5010736731558874e-05 -8.6093120852115401e-06 0.0016523501420369672 -0.00034150169743523047 0.00014075135843054275 4957.0504261109018 -1024.5050923056915 422.25407529162828 
-0.046347726312292829 0.041147385400966408 -0.00010910315761947231 4928.4917608035576 -844.50124922243174 0 0.046347726312292829 -0.041147385400966408 0.00010910315761947231 -4928.4917608035576 844.50124922243174 -0 -4.6347726312292829e-06 4.1147385400966408e-06 -1.0910315761947231e-08 0.0016428305869345193 -0.00028150041640747725 0 4928.4917608035576 -844.50124922243174 0 
0.09653585882674065 -0.013654585959699261 0.42678912389598755 4928.6889827575997 -843.08315142449408 0.1674503953145571 -0.09653585882674065 0.013654585959699261 -0.42678912389598755 -4929.2467432763024 842.14917716233811 -0.071171327866018569 9.653585882674065e-06 -1.3654585959699261e-06 4.2678912389598755e-05 0.0016428157353412026 -0.00028149805084213316 5.8998298463200496e-08 4928.4472060236076 -844.49415252639949 0.17699489538960148 
0.07692313357399172 0.47778436275902614 -0.037663361913131688 0.0043970249317384731 0.076580049505627315 -0.063371587711076455 -0.07692313357399172 -0.47778436275902614 0.037663361913131688 -0.0043970249317384731 -0.076580049505627315 0.063371587711076455 7.692313357399172e-06 4.7778436275902614e-05 -3.7663361913131688e-06 1.4656749772461576e-09 2.5526683168542436e-08 -2.1123862570358817e-08 0.0043970249317384731 0.076580049505627315 -0.063371587711076455 
-0.021612138516591273 0.46055812775058769 0.22712916679878958 0.33260372197246835 -0.08104436018436377 -0.0090925672699927618 0.021612138516591273 -0.46055812775058769 -0.22712916679878958 -0.33260372197246835 0.08104436018436377 0.0090925672699927618 -2.1612138516591273e-06 4.6055812775058769e-05 2.2712916679878958e-05 1.1086790732415612e-07 -2.7014786728121256e-08 -3.0308557566642537e-09 0.33260372197246835 -0.08104436018436377 -0.0090925672699927618 
0.13911757759998977 -0.069026602211863519 0.067427308572121092 0.82802221776707907 0.082338082128772305 0.11117359786214513 -0.13911757759998977 0.069026602211863519 -0.067427308572121092 4.1133637471331221 3.2137885652444038 -6.9320482884694901 1.3911757759998977e-05 -6.9026602211863519e-06 6.7427308572121092e-06 2.55096379081904e-07 -5.8285271486021635e-08 -7.5627622189162342e-09 0.76528913724571201 -0.17485581445806492 -0.022688286656748703 
0.056357756454961105 0.32031427834311454 0.014666080631886569 4955.6621283165759 -1010.4279755896207 361.85319943166695 -0.056357756454961105 -0.32031427834311454 -0.014666080631886569 -4955.6621283165759 1010.4279755896207 -361.85319943166695 5.6357756454961105e-06 3.2031427834311454e-05 1.4666080631886569e-06 0.0016518873761055253 -0.00033680932519654025 0.00012061773314388898 4955.6621283165759 -1010.4279755896207 361.85319943166695 
0.035962406682993331 0.011998997674171619 -5.9495883775184666e-05 4937.5896670901893 -834.1265681693618 0 -0.035962406682993331 -0.011998997674171619 5.9495883775184666e-05 -4937.5896670901893 834.1265681693618 -0 3.5962406682993331e-06 1.1998997674171619e-06 -5.9495883775184666e-09 0.0016458632223633966 -0.00027804218938978726 0 4937.5896670901893 -834.1265681693618 0 
-0.048910665948476151 0.0085462622756438122 0.041879509279502125 4937.6184328500594 -834.01622271705344 0.030131822521668763 0.048910665948476151 -0.0085462622756438122 -0.041879509279502125 -4937.4297855738796 835.36381268473247 -0.084812343757705411 -4.8910665948476151e-06 8.5462622756438122e-07 4.1879509279502125e-06 0.0016458664895600357 -0.00027804282684854432 1.029732381595758e-08 4937.5994686801068 -834.12848054563301 0.03089197144787274 
0.044056344861154173 0.22876458936949007 0.037601393340636058 0.02375654628140484 0.0049486467025563691 0.16333072626290721 -0.044056344861154173 -0.22876458936949007 -0.037601393340636058 -0.02375654628140484 -0.0049486467025563691 -0.16333072626290721 4.4056344861154173e-06 2.2876458936949007e-05 3.7601393340636058e-06 7.9188487604682802e-09 1.649548900852123e-09 5.444357542096907e-08 0.02375654628140484 0.0049486467025563691 0.16333072626290721 
-0.01239939003028212 -0.017666492739820683 -0.010044926490593298 1.6016032809515428 -0.11227749950262861 0.09631946377391544 0.01239939003028212 0.017666492739820683 0.010044926490593298 -1.6016032809515428 0.11227749950262861 -0.09631946377391544 -1.239939003028212e-06 -1.7666492739820683e-06 -1.0044926490593298e-06 5.3386776031718094e-07 -3.7425833167542869e-08 3.2106487924638479e-08 1.6016032809515428 -0.11227749950262861 0.09631946377391544 
0.048775920871158007 -0.13215813243760977 0.22919522296049877 -0.12481703840101915 0.7086056774268088 0.48897539199256751 -0.048775920871158007 0.13215813243760977 -0.22919522296049877 14.097753811329207 -1.1737323377627584 -3.7308105382645178 4.8775920871158007e-06 -1.3215813243760977e-05 2.2919522296049877e-05 -9.8385380230030464e-08 2.7012445105024966e-09 4.0434586043012775e-08 -0.29515614069009138 0.0081037335315074892 0.12130375812903832 
-0.0011813843914243449 0.0082093954051343232 -0.01793550219258977 4958.1051933400968 -973.41485798836231 307.47432338471475 0.0011813843914243449 -0.0082093954051343232 0.01793550219258977 -4958.1051933400968 973.41485798836231 -307.47432338471475 -1.1813843914243449e-07 8.2093954051343232e-07 -1.793550219258977e-06 0.0016527017311133655 -0.0003244716193294541 0.00010249144112823826 4958.1051933400968 -973.41485798836231 307.47432338471475 
0.02365903919941334 -0.045947137409536182 0.00013838746593108908 4940.5038464273284 -820.9111103181574 0 -0.02365903919941334 0.045947137409536182 -0.00013838746593108908 -4940.5038464273284 820.9111103181574 -0 2.365903919941334e-06 -4.5947137409536182e-06 1.3838746593108908e-08 0.001646834615475776 -0.00027363703677271912 0 4940.5038464273284 -820.9111103181574 0 
-0.026192407567293685 0.0070635850768496766 0.40055213142181634 4940.6857220990396 -819.6360365187021 -0.011218611763617947 0.026192407567293685 -0.0070635850768496766 -0.40055213142181634 -4940.7260865814405 821.63734147299544 -0.026713106961071011 -2.6192407567293685e-06 7.0635850768496766e-07 4.0055213142181634e-05 0.0016468247600695681 -0.00027363618578475797 -8.681781604324016e-10 4940.4742802087039 -820.90855735427397 -0.0026045344812972047 
0.10513594678407401 0.65759679091059731 -0.031887924298312775 -0.0052574630338452473 -0.0021650891592137492 -0.034432033132188428 -0.10513594678407401 -0.65759679091059731 0.031887924298312775 0.0052574630338452473 0.0021650891592137492 0.034432033132188428 1.0513594678407401e-05 6.5759679091059731e-05 -3.1887924298312775e-06 -1.7524876779484159e-09 -7.21696386404583e-10 -1.1477344377396143e-08 -0.0052574630338452473 -0.0021650891592137492 -0.034432033132188428 
0.017378312082705349 0.69349127383766529 0.35263877895985729 -0.69737366853484872 0.074278075930600027 -0.028409706122594618 -0.017378312082705349 -0.69349127383766529 -0.35263877895985729 0.69737366853484872 -0.074278075930600027 0.028409706122594618 1.7378312082705349e-06 6.9349127383766529e-05 3.5263877895985729e-05 -2.3245788951161624e-07 2.4759358643533343e-08 -9.4699020408648729e-09 -0.69737366853484872 0.074278075930600027 -0.028409706122594618 
0.21417539073365077 -0.23833015795560186 0.35252836748433936 -0.30795137523862048 1.1477756761252502 0.84740225979604777 -0.21417539073365077 0.23833015795560186 -0.35252836748433936 22.779449530895551 2.0527840346559878 -12.335986924181748 2.1417539073365077e-05 -2.3833015795560186e-05 3.5252836748433936e-05 -1.9435509549843823e-07 3.6553871977363091e-09 8.1998104287882687e-08 -0.58306528649531464 0.010966161593208927 0.24599431286364806 
-0.083369331073113173 -0.46976882884380844 -0.040918703834713632 5307.758286663513 -576.27990403506635 1823.472121437082 0.083369331073113173 0.46976882884380844 0.040918703834713632 -5307.758286663513 576.27990403506635 -1823.472121437082 -8.3369331073113173e-06 -4.6976882884380844e-05 -4.0918703834713632e-06 0.001769252762221171 -0.0001920933013450221 0.00060782404047902733 5307.758286663513 -576.27990403506635 1823.472121437082 
0.02356516727209431 0.0045440617121687843 -2.8125066720008363e-05 5005.1038380905347 -825.11027186384217 0 -0.02356516727209431 -0.0045440617121687843 2.8125066720008363e-05 -5005.1038380905347 825.11027186384217 -0 2.356516727209431e-06 4.5440617121687843e-07 -2.8125066720008363e-09 0.0016683679460301783 -0.0002750367572879474 0 5005.1038380905347 -825.11027186384217 0 
-0.21709370297440245 0.033815948050630595 -0.28842417109736784 5005.198742364124 -826.28134363893878 -0.10105519013355853 0.21709370297440245 -0.033815948050630595 0.28842417109736784 -5004.2094886748237 830.65505696286039 -0.13075438320009189 -2.1709370297440245e-05 3.3815948050630595e-06 -2.8842417109736784e-05 0.001668455899614408 -0.00027508552782883272 -3.6026697462997369e-08 5005.3676988432244 -825.25658348649813 -0.10808009238899211 
-0.095011040603942831 -0.67672789817008194 0.11594411625293066 0.0070774559995166733 0.080932659495390566 -0.043740404284530236 0.095011040603942831 0.67672789817008194 -0.11594411625293066 -0.0070774559995166733 -0.080932659495390566 0.043740404284530236 -9.5011040603942831e-06 -6.7672789817008194e-05 1.1594411625293066e-05 2.3591519998388912e-09 2.697755316513019e-08 -1.4580134761510079e-08 0.0070774559995166733 0.080932659495390566 -0.043740404284530236 
0.067741149831768155 -0.059244439682970551 -0.023902784160867441 1.1470878307594556 -0.15787059819148683 0.027286902678639469 -0.067741149831768155 0.059244439682970551 0.023902784160867441 -1.1470878307594556 0.15787059819148683 -0.027286902678639469 6.7741149831768155e-06 -5.9244439682970551e-06 -2.3902784160867441e-06 3.8236261025315187e-07 -5.2623532730495612e-08 9.0956342262131568e-09 1.1470878307594556 -0.15787059819148683 0.027286902678639469 
-0.021646313062007039 0.19357306802803009 -0.35282104222211785 -0.62358563874735906 -1.0173297951635609 -0.47095551460032881 0.021646313062007039 -0.19357306802803009 0.35282104222211785 -20.610810057302857 3.1703517205920457 2.9549724287737806 -2.1646313062007039e-06 1.9357306802803009e-05 -3.5282104222211785e-05 -1.2278734038599822e-07 1.3094507987257142e-08 3.1030099439661017e-08 -0.36836202115799466 0.039283523961771427 0.09309029831898305 
-0.010198603569433473 -0.069527457479123811 0.0065523805414802183 4935.1137064819122 -986.10012539737943 319.83525238888933 0.010198603569433473 0.069527457479123811 -0.0065523805414802183 -4935.1137064819122 986.10012539737943 -319.83525238888933 -1.0198603569433473e-06 -6.9527457479123811e-06 6.5523805414802183e-07 0.0016450379021606374 -0.00032870004179912646 0.00010661175079629644 4935.1137064819122 -986.10012539737943 319.83525238888933 
-0.0269527829362343 0.0057423049895991007 -4.7069104169850107e-06 4920.8430675111722 -786.4367254091236 0 0.0269527829362343 -0.0057423049895991007 4.7069104169850107e-06 -4920.8430675111722 786.4367254091236 -0 -2.69527829362343e-06 5.7423049895991007e-07 -4.7069104169850107e-10 0.0016402810225037241 -0.00026214557513637454 0 4920.8430675111722 -786.4367254091236 0 
-0.057045958068435709 0.010208923271193271 0.16228312274546575 4920.9076596293062 -785.94129613203529 0.013307045108111086 0.057045958068435709 -0.010208923271193271 -0.16228312274546575 -4920.7464234808349 787.89497878056454 -0.079531588415479762 -5.7045958068435709e-06 1.0208923271193271e-06 1.6228312274546575e-05 0.0016402762413295722 -0.0002621450689222784 5.5434915624217149e-09 4920.8287239887168 -786.43520676683522 0.016630474687265143 
0.060784686461978765 0.34554377051854157 0.036607985336445381 0.0029385609366035913 -0.059304396492742974 0.085302025916314764 -0.060784686461978765 -0.34554377051854157 -0.036607985336445381 -0.0029385609366035913 0.059304396492742974 -0.085302025916314764 6.0784686461978765e-06 3.4554377051854157e-05 3.6607985336445381e-06 9.7952031220119718e-10 -1.9768132164247657e-08 2.8434008638771588e-08 0.0029385609366035913 -0.059304396492742974 0.085302025916314764 
-0.030724337294341098 0.045438271563114085 0.020639862849947122 -0.63592739481006677 0.042071525526261679 -0.036900876887444679 0.030724337294341098 -0.045438271563114085 -0.020639862849947122 0.63592739481006677 -0.042071525526261679 0.036900876887444679 -3.0724337294341098e-06 4.5438271563114085e-06 2.0639862849947122e-06 -2.1197579827002227e-07 1.4023841842087225e-08 -1.2300292295814893e-08 -0.63592739481006677 0.042071525526261679 -0.036900876887444679 
0.022191508270985594 0.30190746262093171 -0.57036135711285851 -0.03569382167979851 -1.824069115794009 -0.81028272874355167 -0.022191508270985594 -0.30190746262093171 0.57036135711285851 -33.984041340049473 6.8425917298300707 2.1430872478630336 2.2191508270985594e-06 3.0190746262093171e-05 -5.7036135711285851e-05 1.2231864854470168e-07 -4.6634037086165328e-08 3.2285985665432135e-08 0.36695594563410505 -0.13990211125849597 0.096857956996296402 
0.012579216340791177 0.13242430865673116 -0.056129886573941246 4930.5997461179159 -914.5993922362286 233.61363104218051 -0.012579216340791177 -0.13242430865673116 0.056129886573941246 -4930.5997461179159 914.5993922362286 -233.61363104218051 1.2579216340791177e-06 1.3242430865673116e-05 -5.6129886573941246e-06 0.001643533248705972 -0.00030486646407874287 7.7871210347393502e-05 4930.5997461179159 -914.5993922362286 233.61363104218051 
0.022281473247252881 -0.0042927681147275631 2.6153479382173828e-06 4918.878854057597 -771.60977404906362 0 -0.022281473247252881 0.0042927681147275631 -2.6153479382173828e-06 -4918.878854057597 771.60977404906362 -0 2.2281473247252881e-06 -4.2927681147275631e-07 2.6153479382173828e-10 0.0016396262846858657 -0.00025720325801635455 0 4918.878854057597 -771.60977404906362 0 
0.044382568529233168 -0.0096646778935394195 -0.40216157011621623 4918.6683656377309 -772.87691605389659 -0.0075094528914879353 -0.044382568529233168 0.0096646778935394195 0.40216157011621623 -4918.6788357768683 770.42565841873341 0.065262171042630629 4.4382568529233168e-06 -9.6646778935394195e-07 -4.0216157011621623e-05 0.0016396225033181553 -0.0002572024681099146 -5.3468551416445758e-09 4918.8675099544662 -771.60740432974376 -0.016040565424933727 
-0.11033739786281416 -0.71655433016626358 0.017221453728066827 0.025904804247687336 0.0010286318701771978 0.17447812705638366 0.11033739786281416 0.71655433016626358 -0.017221453728066827 -0.025904804247687336 -0.0010286318701771978 -0.17447812705638366 -1.1033739786281416e-05 -7.1655433016626358e-05 1.7221453728066827e-06 8.6349347492291115e-09 3.428772900590659e-10 5.8159375685461223e-08 0.025904804247687336 0.0010286318701771978 0.17447812705638366 
-0.025480013554624037 -0.57614505251102344 -0.30308063488249104 -0.93832820571763365 0.03167072972364756 -0.0690261131878631 0.025480013554624037 0.57614505251102344 0.30308063488249104 0.93832820571763365 -0.03167072972364756 0.0690261131878631 -2.5480013554624037e-06 -5.7614505251102344e-05 -3.0308063488249104e-05 -3.1277606857254456e-07 1.0556909907882519e-08 -2.3008704395954368e-08 -0.93832820571763365 0.03167072972364756 -0.0690261131878631 
-0.064821571537088118 0.21745389670257964 -0.37161112961925369 0.58160911214760702 -1.3346924128281075 -0.61521734658208893 0.064821571537088118 -0.21745389670257964 0.37161112961925369 -23.334382573723843 2.3243484973084869 5.1631842126552918 -6.4821571537088118e-06 2.1745389670257964e-05 -3.7161112961925369e-05 2.8359696635251646e-07 -6.7490325224662379e-08 1.2160010573708839e-10 0.85079089905754934 -0.20247097567398714 0.00036480031721126515 
0.038376707560683343 0.25811771764722158 -0.010271524449600999 4924.4542390972492 -884.58833159658718 247.55257511557068 -0.038376707560683343 -0.25811771764722158 0.010271524449600999 -4924.4542390972492 884.58833159658718 -247.55257511557068 3.8376707560683343e-06 2.5811771764722158e-05 -1.0271524449600999e-06 0.0016414847463657497 -0.00029486277719886241 8.2517525038523559e-05 4924.4542390972492 -884.58833159658718 247.55257511557068 
0.022163263134577886 0.039468001313148343 -0.00014034951867358814 4909.5761363763977 -755.8432666167181 0 -0.022163263134577886 -0.039468001313148343 0.00014034951867358814 -4909.5761363763977 755.8432666167181 -0 2.2163263134577886e-06 3.9468001313148343e-06 -1.4034951867358814e-08 0.0016365253787921324 -0.00025194775553890605 0 4909.5761363763977 -755.8432666167181 0 
0.0021000681171834401 -0.0034871990628460026 -0.47212639882165952 4909.3344087428759 -757.35537755115786 0.0071619388944806611 -0.0021000681171834401 0.0034871990628460026 0.47212639882165952 -4909.1486412702579 755.71034921302328 0.0058148097915554069 2.1000681171834401e-07 -3.4871990628460026e-07 -4.7212639882165952e-05 0.0016365225153688798 -0.00025194701103740366 -9.9540839659609955e-10 4909.5675461066394 -755.84103311221099 -0.0029862251897882987 
0.019491994431852788 0.067230565877762771 0.060969301309832247 0.041266387209030725 -0.017994601986415254 0.29521887959456594 -0.019491994431852788 -0.067230565877762771 -0.060969301309832247 -0.041266387209030725 0.017994601986415254 -0.29521887959456594 1.9491994431852788e-06 6.7230565877762771e-06 6.0969301309832247e-06 1.3755462403010241e-08 -5.9982006621384185e-09 9.8406293198188655e-08 0.041266387209030725 -0.017994601986415254 0.29521887959456594 
-0.074757478774056807 0.20778845392754874 0.10293220286783367 0.86526436045189292 0.23960881469454542 0.20428223295597622 0.074757478774056807 -0.20778845392754874 -0.10293220286783367 -0.86526436045189292 -0.23960881469454542 -0.20428223295597622 -7.4757478774056807e-06 2.0778845392754874e-05 1.0293220286783367e-05 2.8842145348396431e-07 7.9869604898181805e-08 6.8094077651992073e-08 0.86526436045189292 0.23960881469454542 0.20428223295597622 
-0.091280286351747009 -0.20659802641986857 0.41563750007078681 1.0114694809719924 1.184290942214647 0.36001315720630506 0.091280286351747009 0.20659802641986857 -0.41563750007078681 23.389546268636423 -6.9350248323104964 2.1403421585702964 -9.1280286351747009e-06 -2.0659802641986857e-05 4.1563750007078681e-05 2.4298757389050693e-07 -3.3592824916522963e-09 -9.8568715910585934e-08 0.72896272167152076 -0.010077847474956889 -0.2957061477317578 
0.035522999070058958 0.15307284232018992 0.081633769827282876 4896.8704081172973 -795.49170220562996 97.17195315387734 -0.035522999070058958 -0.15307284232018992 -0.081633769827282876 -4896.8704081172973 795.49170220562996 -97.17195315387734 3.5522999070058958e-06 1.5307284232018992e-05 8.1633769827282876e-06 0.001632290136039099 -0.00026516390073521001 3.2390651051292447e-05 4896.8704081172973 -795.49170220562996 97.17195315387734 
-0.008567057312829085 0.0037485558145207432 -8.0088202736305902e-06 4891.5647436109148 -738.07497584664236 0 0.008567057312829085 -0.0037485558145207432 8.0088202736305902e-06 -4891.5647436109148 738.07497584664236 -0 -8.567057312829085e-07 3.7485558145207432e-07 -8.0088202736305902e-10 0.0016305215812036382 -0.0002460249919488808 0 4891.5647436109148 -738.07497584664236 0 
0.083499716911905608 -0.013226680888323017 -0.094086357225742212 4891.5080149275209 -738.33485102900681 0.0030007487472671875 -0.083499716911905608 0.013226680888323017 0.094086357225742212 -4891.7785650655023 735.96200694866684 0.090466484714889508 8.3499716911905608e-06 -1.3226680888323017e-06 -9.4086357225742212e-06 0.0016305158289762688 -0.00024602441736924026 4.1856936118860899e-10 4891.5474869288064 -738.0732521077208 0.0012557080835658269 
-0.022654547153777571 -0.25004950365947742 0.10111610373231272 -0.090693656321054819 -0.33951520382005462 -0.25996559447358586 0.022654547153777571 0.25004950365947742 -0.10111610373231272 0.090693656321054819 0.33951520382005462 0.25996559447358586 -2.2654547153777571e-06 -2.5004950365947742e-05 1.0111610373231272e-05 -3.0231218773684941e-08 -1.1317173460668488e-07 -8.6655198157861961e-08 -0.090693656321054819 -0.33951520382005462 -0.25996559447358586 
-0.0096936160787208792 -0.22315132250483316 -0.11995091808714164 -0.59829234906885032 0.19701271744494689 0.052740947658225998 0.0096936160787208792 0.22315132250483316 0.11995091808714164 0.59829234906885032 -0.19701271744494689 -0.052740947658225998 -9.6936160787208792e-07 -2.2315132250483316e-05 -1.1995091808714164e-05 -1.9943078302295011e-07 6.5670905814982298e-08 1.7580315886075333e-08 -0.59829234906885032 0.19701271744494689 0.052740947658225998 
-0.1041764981968285 0.19227445031688717 -0.30264891136333461 0.7995613571220308 -1.1641100127149058 -0.56476185888171448 0.1041764981968285 -0.19227445031688717 0.30264891136333461 -19.767907744454128 0.42525810956619736 6.6245674316547154 -1.041764981968285e-05 1.9227445031688717e-05 -3.0264891136333461e-05 3.4070191249079273e-07 -7.2691713817421077e-08 -1.3448058897389325e-08 1.0221057374723781 -0.21807514145226323 -0.040344176692167978 
0.032475566631440245 0.15907192349534638 0.057968154180410014 4875.4481491105735 -742.42722599944511 29.816726655243745 -0.032475566631440245 -0.15907192349534638 -0.057968154180410014 -4875.4481491105735 742.42722599944511 -29.816726655243745 3.2475566631440245e-06 1.5907192349534638e-05 5.7968154180410014e-06 0.0016251493830368579 -0.00024747574199981504 9.938908885081248e-06 4875.4481491105735 -742.42722599944511 29.816726655243745 
0.049491493613750166 0.044784022481224317 -0.00016932768076571847 4874.8184107048446 -720.85455890733806 0 -0.049491493613750166 -0.044784022481224317 0.00016932768076571847 -4874.8184107048446 720.85455890733806 -0 4.9491493613750166e-06 4.4784022481224317e-06 -1.6932768076571847e-08 0.0016249394702349481 -0.00024028485296911269 0 4874.8184107048446 -720.85455890733806 0 
-0.066055927536723402 0.0087575751983592909 -0.1521132270936032 4874.7320439815503 -721.37505974035491 -0.013082506355829908 0.066055927536723402 -0.0087575751983592909 0.1521132270936032 -4874.4260018471095 722.48830361353009 -0.055725317410279543 -6.6055927536723402e-06 8.7575751983592909e-07 -1.521132270936032e-05 0.0016249363502401455 -0.00024028476606189852 -5.5137991539810973e-09 4874.8090507204361 -720.8542981856956 -0.016541397461943292 
-0.0071762845621492488 -0.03371834249810135 -0.014206613630496356 -0.012821944646621069 -0.16437395412901706 0.076169157812256402 0.0071762845621492488 0.03371834249810135 0.014206613630496356 0.012821944646621069 0.16437395412901706 -0.076169157812256402 -7.1762845621492488e-07 -3.371834249810135e-06 -1.4206613630496356e-06 -4.27398154887369e-09 -5.4791318043005689e-08 2.5389719270752134e-08 -0.012821944646621069 -0.16437395412901706 0.076169157812256402 
0.020739025994309657 0.03693614157640468 0.021688983196099798 1.4310508014569761 -0.20584759573379655 0.0094251345260788471 -0.020739025994309657 -0.03693614157640468 -0.021688983196099798 -1.4310508014569761 0.20584759573379655 -0.0094251345260788471 2.0739025994309657e-06 3.693614157640468e-06 2.1688983196099798e-06 4.7701693381899199e-07 -6.8615865244598853e-08 3.141711508692949e-09 1.4310508014569761 -0.20584759573379655 0.0094251345260788471 
-0.012650017437998429 -0.10319554995419367 0.18969528269963121 -0.46381058803114833 0.65993683569310246 0.37869617422578905 0.012650017437998429 0.10319554995419367 -0.18969528269963121 11.852129788658154 -2.4317903248972179 -0.58315544293973454 -1.2650017437998429e-06 -1.0319554995419367e-05 1.8969528269963121e-05 -1.9811504291717698e-07 3.3954435276882792e-08 2.2131825670409461e-08 -0.59434512875153089 0.10186330583064837 0.066395477011228388 
0.079120311572422608 0.49192177114965041 0.048465060647207014 4878.6220519401641 -785.73496039186716 137.34290720395455 -0.079120311572422608 -0.49192177114965041 -0.048465060647207014 -4878.6220519401641 785.73496039186716 -137.34290720395455 7.9120311572422608e-06 4.9192177114965041e-05 4.8465060647207014e-06 0.0016262073506467215 -0.00026191165346395572 4.5780969067984853e-05 4878.6220519401641 -785.73496039186716 137.34290720395455 
-0.040216246324923169 -0.041438844448817708 0.00015342036085996824 4868.531422899775 -705.75953191180031 0 0.040216246324923169 0.041438844448817708 -0.00015342036085996824 -4868.531422899775 705.75953191180031 -0 -4.0216246324923169e-06 -4.1438844448817708e-06 1.5342036085996824e-08 0.0016228438076332583 -0.00023525317730393344 0 4868.531422899775 -705.75953191180031 0 
0.020710022146097629 -0.0021894983071035767 0.12261714218309017 4868.5958356930023 -705.35481631268908 0.020609451581733506 -0.020710022146097629 0.0021894983071035767 -0.12261714218309017 -4868.7238309209642 705.258064394092 -0.00071871036653905693 2.0710022146097629e-06 -2.1894983071035767e-07 1.2261714218309017e-05 0.0016228457551614862 -0.00023525295039176835 7.7624511342255939e-09 4868.5372654844587 -705.75885117530504 0.023287353402676781 
0.028515962324782151 0.15716110204622158 0.036530469131323962 -0.039370018713294867 -0.085367684567531132 -0.17504982698635804 -0.028515962324782151 -0.15716110204622158 -0.036530469131323962 0.039370018713294867 0.085367684567531132 0.17504982698635804 2.8515962324782151e-06 1.5716110204622158e-05 3.6530469131323962e-06 -1.3123339571098288e-08 -2.8455894855843711e-08 -5.8349942328786014e-08 -0.039370018713294867 -0.085367684567531132 -0.17504982698635804 
0.028104318572363951 -0.056154103535988042 -0.028350755219008761 -1.4737287948875832 -0.0031978366976249625 -0.12212625922426185 -0.028104318572363951 0.056154103535988042 0.028350755219008761 1.4737287948875832 0.0031978366976249625 0.12212625922426185 2.8104318572363951e-06 -5.6154103535988042e-06 -2.8350755219008761e-06 -4.9124293162919443e-07 -1.0659455658749875e-09 -4.0708753074753948e-08 -1.4737287948875832 -0.0031978366976249625 -0.12212625922426185 
-0.035146981722800064 0.06550605544219934 -0.1015162629425248 -0.45025198576673819 -0.24808980868390301 -0.14807109743003072 0.035146981722800064 -0.06550605544219934 0.1015162629425248 -5.9434013753807102 -0.033230245239459826 2.1801538869004884 -3.5146981722800064e-06 6.550605544219934e-06 -1.015162629425248e-05 -1.254420683352108e-07 2.3255985688772909e-08 1.0480146422861549e-08 -0.37632620500563241 0.069767957066318734 0.031440439268584648 
0.064326463011799007 0.39908098762239663 0.04830311613940319 4845.6887436355028 -701.9331882064389 16.354594494784841 -0.064326463011799007 -0.39908098762239663 -0.04830311613940319 -4845.6887436355028 701.9331882064389 -16.354594494784841 6.4326463011799007e-06 3.9908098762239663e-05 4.830311613940319e-06 0.0016152295812118342 -0.00023397772940214631 5.4515314982616137e-06 4845.6887436355028 -701.9331882064389 16.354594494784841 
0.015182902942693574 0.027631042540856438 -9.6227239509971696e-05 4846.6811656940381 -686.37976313021954 0 -0.015182902942693574 -0.027631042540856438 9.6227239509971696e-05 -4846.6811656940381 686.37976313021954 -0 1.5182902942693574e-06 2.7631042540856438e-06 -9.6227239509971696e-09 0.0016155603885646794 -0.00022879325437673986 0 4846.6811656940381 -686.37976313021954 0 
0.030869424554325064 -0.0040138710311055092 0.054278615923969431 4846.7266198145317 -686.19146111619136 -0.020283321419082241 -0.030869424554325064 0.0040138710311055092 -0.054278615923969431 -4846.8587636077091 685.61459734561697 0.05277762965023132 3.0869424554325064e-06 -4.0138710311055092e-07 5.4278615923969431e-06 0.0016155665815242701 -0.00022879374452331353 -6.3441160838100209e-09 4846.6997445728102 -686.3812335699406 -0.019032348251430062 
0.0098538821169391611 0.10416207473135097 -0.032031332966031556 -0.053696426529814115 -0.31101171234879804 -0.06059186831622794 -0.0098538821169391611 -0.10416207473135097 0.032031332966031556 0.053696426529814115 0.31101171234879804 0.06059186831622794 9.8538821169391611e-07 1.0416207473135097e-05 -3.2031332966031556e-06 -1.7898808843271372e-08 -1.0367057078293267e-07 -2.0197289438742647e-08 -0.053696426529814115 -0.31101171234879804 -0.06059186831622794 
0.005628125214762747 0.16025294311106109 0.08893584338309779 0.94588136151136692 -0.21107595004405288 -0.044013297904110044 -0.005628125214762747 -0.16025294311106109 -0.08893584338309779 -0.94588136151136692 0.21107595004405288 0.044013297904110044 5.628125214762747e-07 1.6025294311106109e-05 8.893584338309779e-06 3.1529378717045563e-07 -7.0358650014684298e-08 -1.4671099301370014e-08 0.94588136151136692 -0.21107595004405288 -0.044013297904110044 
-0.049667580148682333 0.017136237939752164 -0.0099403144648846364 0.85751853228229402 -0.16733905311862768 -0.18080707520308012 0.049667580148682333 -0.017136237939752164 0.0099403144648846364 -1.798603928382557 -1.2194420628993461 2.4923258148058403 -4.9667580148682333e-06 1.7136237939752164e-06 -9.9403144648846364e-07 2.8988120834929255e-07 -3.8278768228911197e-08 -5.0293633983037658e-08 0.86964362504787762 -0.11483630468673359 -0.15088090194911297 
0.020003232799048476 0.097301833639484858 0.040792273750811514 4845.7260063164867 -683.04515782673207 9.5490884191332608 -0.020003232799048476 -0.097301833639484858 -0.040792273750811514 -4845.7260063164867 683.04515782673207 -9.5490884191332608 2.0003232799048476e-06 9.7301833639484858e-06 4.0792273750811514e-06 0.0016152420021054957 -0.00022768171927557736 3.18302947304442e-06 4845.7260063164867 -683.04515782673207 9.5490884191332608 
-0.02470833990598012 -0.017691882546050364 6.8208754200327348e-05 4842.2650447261576 -673.61081331132016 0 0.02470833990598012 0.017691882546050364 -6.8208754200327348e-05 -4842.2650447261576 673.61081331132016 -0 -2.470833990598012e-06 -1.7691882546050364e-06 6.8208754200327348e-09 0.0016140883482420527 -0.00022453693777044006 0 4842.2650447261576 -673.61081331132016 0 
-0.034483818269759325 0.0039866444545566537 -0.12313667618932267 4842.238240789934 -674.02680687032307 0.0034577978808552606 0.034483818269759325 -0.0039866444545566537 0.12313667618932267 -4842.0634100525012 674.4610508754879 -0.038359299655035956 -3.4483818269759325e-06 3.9866444545566537e-07 -1.2313667618932267e-05 0.0016140985635758889 -0.00022453794201987716 2.4659911028582985e-10 4842.2956907276666 -673.61382605963149 0.00073979733085748956 
0.0046771055517424998 0.0048241510591795489 0.025539346376057814 -0.061825641908599481 -0.12776498086469232 -0.28047658143725729 -0.0046771055517424998 -0.0048241510591795489 -0.025539346376057814 0.061825641908599481 0.12776498086469232 0.28047658143725729 4.6771055517424998e-07 4.8241510591795489e-07 2.5539346376057814e-06 -2.0608547302866494e-08 -4.258832695489744e-08 -9.3492193812419104e-08 -0.061825641908599481 -0.12776498086469232 -0.28047658143725729 
0.0095891588247631887 0.58773956173041597 0.32874460993426169 0.18827831807617637 -0.1669343376828798 -0.079181680526169876 -0.0095891588247631887 -0.58773956173041597 -0.32874460993426169 -0.18827831807617637 0.1669343376828798 0.079181680526169876 9.5891588247631887e-07 5.8773956173041597e-05 3.2874460993426169e-05 6.2759439358725458e-08 -5.5644779227626597e-08 -2.639389350872329e-08 0.18827831807617637 -0.1669343376828798 -0.079181680526169876 
0.049006085920400011 0.24857783909482123 -0.45174570197481501 1.0856891531652026 -1.6838738392637138 -0.68366907001936683 -0.049006085920400011 -0.24857783909482123 0.45174570197481501 -28.27478591473281 6.3849346455808895 0.32096130192884692 4.9006085920400011e-06 2.4857783909482123e-05 -4.5174570197481501e-05 4.6315111127276337e-07 -1.210974740183842e-07 2.5315868692463914e-08 1.3894533338182902 -0.36329242205515261 0.075947606077391747 
-0.042400409805409822 -0.35727792310272233 0.043491673966666866 5224.7954349041556 50.994472978258507 1424.4167891447528 0.042400409805409822 0.35727792310272233 -0.043491673966666866 -5224.7954349041556 -50.994472978258507 -1424.4167891447528 -4.2400409805409822e-06 -3.5727792310272233e-05 4.3491673966666866e-06 0.0017415984783013853 1.6998157659419502e-05 0.00047480559638158427 5224.7954349041556 50.994472978258507 1424.4167891447528 
0.014234925436967631 0.030314752958050112 -0.00010543297790377437 4900.3605737551225 -674.07327572863494 0 -0.014234925436967631 -0.030314752958050112 0.00010543297790377437 -4900.3605737551225 674.07327572863494 -0 1.4234925436967631e-06 3.0314752958050112e-06 -1.0543297790377437e-08 0.0016334535245850408 -0.00022469109190954498 0 4900.3605737551225 -674.07327572863494 0 
-0.39561882340111154 0.05392096845469041 -0.076892723672589147 4901.2520803510188 -674.81788239388072 -0.29961573461856761 0.39561882340111154 -0.05392096845469041 0.076892723672589147 -4899.8774468351694 684.29007543124692 -0.13060796670767272 -3.9561882340111154e-05 5.392096845469041e-06 -7.6892723672589147e-06 0.0016337712072268763 -0.00022479019991984245 -1.0086461749301975e-07 4901.3136216806288 -674.37059975952729 -0.30259385247905923 
-0.074350143615120601 -0.5839679407740328 0.039094355608615405 0.051992925438177733 0.03009271388975622 0.30327627397954343 0.074350143615120601 0.5839679407740328 -0.039094355608615405 -0.051992925438177733 -0.03009271388975622 -0.30327627397954343 -7.4350143615120601e-06 -5.839679407740328e-05 3.9094355608615405e-06 1.7330975146059245e-08 1.0030904629918741e-08 1.0109209132651447e-07 0.051992925438177733 0.03009271388975622 0.30327627397954343 
0.069120380430387485 0.030174075007494139 0.022113062474460321 -1.069780877531574 -0.0052522746765977079 -0.081975612534091066 -0.069120380430387485 -0.030174075007494139 -0.022113062474460321 1.069780877531574 0.0052522746765977079 0.081975612534091066 6.9120380430387485e-06 3.0174075007494139e-06 2.2113062474460321e-06 -3.5659362584385802e-07 -1.7507582255325694e-09 -2.7325204178030355e-08 -1.069780877531574 -0.0052522746765977079 -0.081975612534091066 
0.043871877533074866 0.34876349911172611 -0.61803062313181556 -0.40118690849887306 -1.8715364223935624 -0.96855157582262186 -0.043871877533074866 -0.34876349911172611 0.61803062313181556 -37.044822085421885 7.5979978385223284 1.5419115147492559 4.3871877533074866e-06 3.4876349911172611e-05 -6.1803062313181556e-05 5.2969623873828725e-09 -1.7998697698557816e-08 2.8906430117799078e-08 0.015890887162148617 -0.05399609309567345 0.086719290353397233 
0.028101824174342482 0.29652875176089388 -0.073623752845641821 4821.7959435746752 -799.67411134101519 278.57212253249929 -0.028101824174342482 -0.29652875176089388 0.073623752845641821 -4821.7959435746752 799.67411134101519 -278.57212253249929 2.8101824174342482e-06 2.9652875176089388e-05 -7.3623752845641821e-06 0.0016072653145248919 -0.00026655803711367175 9.2857374177499771e-05 4821.7959435746752 -799.67411134101519 278.57212253249929 
-0.028389791515153091 -0.0044278025984265112 2.6297080069070944e-05 4796.2009204683172 -641.38504691295282 0 0.028389791515153091 0.0044278025984265112 -2.6297080069070944e-05 -4796.2009204683172 641.38504691295282 -0 -2.8389791515153091e-06 -4.4278025984265112e-07 2.6297080069070944e-09 0.0015987336401561056 -0.00021379501563765095 0 4796.2009204683172 -641.38504691295282 0 
0.051864097556642008 -0.0070371330629370732 -0.015585688538238829 4796.1582760395677 -641.40441014336625 -0.0091497736859256357 -0.051864097556642008 0.0070371330629370732 0.015585688538238829 -4796.3213282213173 640.07680686211552 0.06599465940747154 5.1864097556642008e-06 -7.0371330629370732e-07 -1.5585688538238829e-06 0.0015987204713651787 -0.00021379364805856627 -3.1008408458460475e-09 4796.1614140955362 -641.3809441756988 -0.009302522537538143 
-0.040775923195734975 -0.24188523882195945 -0.051759531297657091 -0.093563946859858735 -0.15471828428499484 -0.45576772201705718 0.040775923195734975 0.24188523882195945 0.051759531297657091 0.093563946859858735 0.15471828428499484 0.45576772201705718 -4.0775923195734975e-06 -2.4188523882195945e-05 -5.1759531297657091e-06 -3.118798228661958e-08 -5.1572761428331612e-08 -1.5192257400568573e-07 -0.093563946859858735 -0.15471828428499484 -0.45576772201705718 
0.011136115112275746 0.041342719274695128 0.024345696409966422 -0.58289332690605244 -0.012391986334882187 -0.048115602008318138 -0.011136115112275746 -0.041342719274695128 -0.024345696409966422 0.58289332690605244 0.012391986334882187 0.048115602008318138 1.1136115112275746e-06 4.1342719274695128e-06 2.4345696409966422e-06 -1.942977756353508e-07 -4.1306621116273955e-09 -1.6038534002772712e-08 -0.58289332690605244 -0.012391986334882187 -0.048115602008318138 
-0.057382405875827658 0.29392354774060436 -0.47928749276060501 1.3338687785592886 -1.7902144857715117 -0.92362454034521291 0.057382405875827658 -0.29392354774060436 0.47928749276060501 -31.07087749010114 3.4648309887177327 5.5108302577449555 -5.7382405875827658e-06 2.9392354774060436e-05 -4.7928749276060501e-05 5.5503149091528609e-07 -1.124165114113856e-07 -2.4082695416952372e-08 1.6650944727458583 -0.33724953423415682 -0.072248086250857116 
0.025134867789322612 0.26759066256931696 -0.063151097404179346 4797.2161011201115 -698.88741314441256 97.273234160941001 -0.025134867789322612 -0.26759066256931696 0.063151097404179346 -4797.2161011201115 698.88741314441256 -97.273234160941001 2.5134867789322612e-06 2.6759066256931696e-05 -6.3151097404179346e-06 0.0015990720337067039 -0.00023296247104813753 3.2424411386980335e-05 4797.2161011201115 -698.88741314441256 97.273234160941001 
-0.036499019268419058 -0.025584401276458613 9.7073300509009641e-05 4794.3714559785594 -628.73114032330136 0 0.036499019268419058 0.025584401276458613 -9.7073300509009641e-05 -4794.3714559785594 628.73114032330136 -0 -3.6499019268419058e-06 -2.5584401276458613e-06 9.7073300509009641e-09 0.0015981238186595199 -0.00020957704677443379 0 4794.3714559785594 -628.73114032330136 0 
0.018058206712190383 -0.0018428113790491807 0.080787219844669078 4794.434041053868 -628.46333392288818 0.011943644804490988 -0.018058206712190383 0.0018428113790491807 -0.080787219844669078 -4794.5317818695166 628.29041050132832 0.0059596647416849374 1.8058206712190383e-06 -1.8428113790491807e-07 8.0787219844669078e-06 0.0015981329216126126 -0.00020957744423011191 4.564274201554069e-09 4794.3987648378379 -628.73233269033574 0.013692822604662208 
0.020134220506395906 0.19589089974458851 -0.035448748349486969 0.098911716492629975 0.2449466891687021 0.41409495680623043 -0.020134220506395906 -0.19589089974458851 0.035448748349486969 -0.098911716492629975 -0.2449466891687021 -0.41409495680623043 2.0134220506395906e-06 1.9589089974458851e-05 -3.5448748349486969e-06 3.297057216420999e-08 8.1648896389567365e-08 1.3803165226874347e-07 0.098911716492629975 0.2449466891687021 0.41409495680623043 
-0.050146669559048007 0.5549291617157337 0.31670414777806855 0.53567287252111906 0.023734220794401358 0.049396452086559309 0.050146669559048007 -0.5549291617157337 -0.31670414777806855 -0.53567287252111906 -0.023734220794401358 -0.049396452086559309 -5.0146669559048007e-06 5.549291617157337e-05 3.1670414777806855e-05 1.7855762417370636e-07 7.9114069314671196e-09 1.6465484028853103e-08 0.53567287252111906 0.023734220794401358 0.049396452086559309 
-0.039374724298824049 -0.48292291300100487 0.83102764293130349 -2.0064375024147894 2.886646057475545 1.7039940458680343 0.039374724298824049 0.48292291300100487 -0.83102764293130349 52.756535062935171 -9.9107179568917285 -3.3812116150625053 -3.9374724298824049e-06 -4.8292291300100487e-05 8.3102764293130349e-05 -8.5453628885251765e-07 1.4437577746939941e-07 8.3939155985304579e-08 -2.5636088665575532 0.43312733240819823 0.25181746795591375 
0.0052927723315221442 0.029938088326464385 0.0086869473658879315 4806.8495865221421 -628.26020379069621 114.74208367946964 -0.0052927723315221442 -0.029938088326464385 -0.0086869473658879315 -4806.8495865221421 628.26020379069621 -114.74208367946964 5.2927723315221442e-07 2.9938088326464385e-06 8.6869473658879315e-07 0.0016022831955073808 -0.00020942006793023209 3.8247361226489884e-05 4806.8495865221421 -628.26020379069621 114.74208367946964 
-0.001290758178456794 -0.0051756172678857348 1.7060957091530327e-05 4790.4294995504933 -618.13844682816921 0 0.001290758178456794 0.0051756172678857348 -1.7060957091530327e-05 -4790.4294995504933 618.13844682816921 -0 -1.290758178456794e-07 -5.1756172678857348e-07 1.7060957091530327e-09 0.0015968098331834977 -0.00020604614894272308 0 4790.4294995504933 -618.13844682816921 0 
-0.015084082989336167 0.0019569919906814448 0.0016329213931021158 4790.4689342840766 -618.14493893997962 0.031546568840055841 0.015084082989336167 -0.0019569919906814448 -0.0016329213931021158 -4790.4218998229017 618.52120192990458 -0.048002928631263451 -1.5084082989336167e-06 1.9569919906814448e-07 1.6329213931021158e-07 0.0015968230901897218 -0.00020604744426801417 1.050988173744374e-08 4790.4692705691659 -618.14233280404255 0.031529645212331217 
0.0042513777609443082 -0.0094008253154198584 0.033775171495165068 0.023573483370602628 0.020093002825150981 0.12942066123731666 -0.0042513777609443082 0.0094008253154198584 -0.033775171495165068 -0.023573483370602628 -0.020093002825150981 -0.12942066123731666 4.2513777609443082e-07 -9.4008253154198584e-07 3.3775171495165068e-06 7.8578277902008757e-09 6.6976676083836605e-09 4.3140220412438883e-08 0.023573483370602628 0.020093002825150981 0.12942066123731666 
0.029978685058829058 -0.040263112897065412 -0.021624370702966189 -1.7325370655925818 0.013747624066911678 -0.10065791551227685 -0.029978685058829058 0.040263112897065412 0.021624370702966189 1.7325370655925818 -0.013747624066911678 0.10065791551227685 2.9978685058829058e-06 -4.0263112897065412e-06 -2.1624370702966189e-06 -5.7751235519752724e-07 4.5825413556372257e-09 -3.3552638504092283e-08 -1.7325370655925818 0.013747624066911678 -0.10065791551227685 
0.15162668365764631 -0.17032368162972489 0.22735078822222476 1.2792410020433433 0.47840363708313449 0.48111821364651958 -0.15162668365764631 0.17032368162972489 -0.22735078822222476 13.759352593726327 2.5301679134239632 -8.2568602935239479 1.5162668365764631e-05 -1.7032368162972489e-05 2.2735078822222476e-05 3.6978481627760416e-07 -9.0373533392753811e-08 1.0967211006634792e-08 1.1093544488328124 -0.27112060017826145 0.032901633019904376 
0.044321732940444392 0.40135768047552811 -0.041672202830134175 4782.5671049494586 -662.09178420962519 79.155369299601219 -0.044321732940444392 -0.40135768047552811 0.041672202830134175 -4782.5671049494586 662.09178420962519 -79.155369299601219 4.4321732940444392e-06 4.0135768047552811e-05 -4.1672202830134175e-06 0.0015941890349831529 -0.00022069726140320841 2.6385123099867074e-05 4782.5671049494586 -662.09178420962519 79.155369299601219 
0.037561338627305207 0.010621130874903517 -4.8988173517727773e-05 4778.7776300608502 -605.03355829938721 0 -0.037561338627305207 -0.010621130874903517 4.8988173517727773e-05 -4778.7776300608502 605.03355829938721 -0 3.7561338627305207e-06 1.0621130874903517e-06 -4.8988173517727773e-09 0.0015929258766869501 -0.00020167785276646238 0 4778.7776300608502 -605.03355829938721 0 
0.0094885586987558668 -0.0020490858254618161 -0.13094880336989023 4778.688751291711 -605.44632698134035 0.0013772521479685641 -0.0094885586987558668 0.0020490858254618161 0.13094880336989023 -4778.652187705924 604.7743414136911 0.011787372401463431 9.4885586987558668e-07 -2.0490858254618161e-07 -1.3094880336989023e-05 0.0015929138065225066 -0.00020167677816414206 -4.3861611257751482e-10 4778.7414195675201 -605.03033449242616 -0.0013158483377325445 
-0.042414344438301832 -0.22485162203010611 -0.084402664767557756 0.0052018511282476585 -0.063640150314534752 0.081545962064285132 0.042414344438301832 0.22485162203010611 0.084402664767557756 -0.0052018511282476585 0.063640150314534752 -0.081545962064285132 -4.2414344438301832e-06 -2.2485162203010611e-05 -8.4402664767557756e-06 1.7339503760825529e-09 -2.1213383438178249e-08 2.7181987354761711e-08 0.0052018511282476585 -0.063640150314534752 0.081545962064285132 
-0.024469990201891889 0.1498016268719482 0.087328018736343438 1.6898101180304672 0.034078246177785466 0.11452892211059824 0.024469990201891889 -0.1498016268719482 -0.087328018736343438 -1.6898101180304672 -0.034078246177785466 -0.11452892211059824 -2.4469990201891889e-06 1.498016268719482e-05 8.7328018736343438e-06 5.6327003934348904e-07 1.1359415392595155e-08 3.8176307370199415e-08 1.6898101180304672 0.034078246177785466 0.11452892211059824 
0.012256779859942668 -0.40340858166842963 0.66253926818582443 0.55932989286945267 1.8753275676853698 1.322627623599216 -0.012256779859942668 0.40340858166842963 -0.66253926818582443 40.436332946196572 -6.1112895762726094 -4.6602384592126391 1.2256779859942668e-06 -4.0340858166842963e-05 6.6253926818582443e-05 3.7438115988259155e-08 -3.4036176863933165e-08 4.2290332181049206e-08 0.11231434796477746 -0.10210853059179949 0.12687099654314762 
-0.034200802386807894 -0.35724107861942467 0.063885461121515608 4776.2769338945591 -666.53752339164475 127.01423503747677 0.034200802386807894 0.35724107861942467 -0.063885461121515608 -4776.2769338945591 666.53752339164475 -127.01423503747677 -3.4200802386807894e-06 -3.5724107861942467e-05 6.3885461121515608e-06 0.0015920923112981865 -0.00022217917446388158 4.2338078345825589e-05 4776.2769338945591 -666.53752339164475 127.01423503747677 
-0.01942362988721115 0.001857306719706131 1.7739232305302721e-06 4765.4595513427703 -592.66912367166788 0 0.01942362988721115 -0.001857306719706131 -1.7739232305302721e-06 -4765.4595513427703 592.66912367166788 -0 -1.942362988721115e-06 1.857306719706131e-07 1.7739232305302721e-10 0.0015884865171142569 -0.00019755637455722263 0 4765.4595513427703 -592.66912367166788 0 
0.015981897156791547 -0.00075945719046899285 0.19034631502296007 4765.5323860097551 -592.0491702861467 -0.099341832766588353 -0.015981897156791547 0.00075945719046899285 -0.19034631502296007 -4765.6787738166413 592.29384536046291 0.1126090983760534 1.5981897156791547e-06 -7.5945719046899285e-08 1.9034631502296007e-05 0.0015884850750907758 -0.00019755653141783521 -3.1779552733647999e-08 4765.455225272327 -592.66959425350558 -0.09533865820094399 
-0.025793494871639844 -0.23233107858247615 0.019935379794409902 -0.022807621960762622 -0.22800733484285104 0.034815415459567435 0.025793494871639844 0.23233107858247615 -0.019935379794409902 0.022807621960762622 0.22800733484285104 -0.034815415459567435 -2.5793494871639844e-06 -2.3233107858247615e-05 1.9935379794409902e-06 -7.6025406535875405e-09 -7.6002444947617015e-08 1.1605138486522478e-08 -0.022807621960762622 -0.22800733484285104 0.034815415459567435 
-0.026112057832650137 -0.084321929740838186 -0.051888831258395385 -2.4680467668318684 0.23284807531245119 0.016551972781524159 0.026112057832650137 0.084321929740838186 0.051888831258395385 2.4680467668318684 -0.23284807531245119 -0.016551972781524159 -2.6112057832650137e-06 -8.4321929740838186e-06 -5.1888831258395385e-06 -8.2268225561062286e-07 7.76160251041504e-08 5.5173242605080532e-09 -2.4680467668318684 0.23284807531245119 0.016551972781524159 
0.083634385839026493 0.062050138254221565 -0.13239082959692894 1.7068621652180471 -0.65813141106575856 -0.3759578336014619 -0.083634385839026493 -0.062050138254221565 0.13239082959692894 -9.3256933557780801 4.1473020641493514 -2.8016999188132621 8.3634385839026493e-06 6.2050138254221565e-06 -1.3239082959692894e-05 5.9549929950652872e-07 -1.0167948782620024e-07 -5.3386420818392507e-08 1.7864978985195861 -0.3050384634786007 -0.16015926245517753 
-0.016821134345423872 -0.1683252581090311 0.023796766682182557 4785.1768078051546 -605.60062832952156 162.61613100827756 0.016821134345423872 0.1683252581090311 -0.023796766682182557 -4785.1768078051546 605.60062832952156 -162.61613100827756 -1.6821134345423872e-06 -1.683252581090311e-05 2.3796766682182557e-06 0.0015950589359350516 -0.0002018668761098405 5.4205377002759184e-05 4785.1768078051546 -605.60062832952156 162.61613100827756 
0.031318648009421961 -0.041822010925021691 0.00012050762165927154 4758.9536056423613 -583.31048280474033 0 -0.031318648009421961 0.041822010925021691 -0.00012050762165927154 -4758.9536056423613 583.31048280474033 -0 3.1318648009421961e-06 -4.1822010925021691e-06 1.2050762165927154e-08 0.0015863178685474536 -0.0001944368276015801 0 4758.9536056423613 -583.31048280474033 0 
-0.078393199502979627 0.0077685544930261585 -0.28572096696113936 4758.7979629781821 -584.26845003103472 0.074242383913964607 0.078393199502979627 -0.0077685544930261585 0.28572096696113936 -4758.4136928588587 585.23831380762806 -0.15330457094278177 -7.8393199502979627e-06 7.7685544930261585e-07 -2.8572096696113936e-05 0.001586305224880418 -0.00019443603361628573 2.268569576269849e-08 4758.9156746412536 -583.30810084885718 0.068057087288095466 
-0.05202197844833556 -0.41440133951688507 -0.0055654543389127564 -0.098275166160485733 -0.28666603104568827 -0.3804667243925452 0.05202197844833556 0.41440133951688507 0.0055654543389127564 0.098275166160485733 0.28666603104568827 0.3804667243925452 -5.202197844833556e-06 -4.144013395168851e-05 -5.5654543389127564e-07 -3.275838872016191e-08 -9.555534368189609e-08 -1.2682224146418173e-07 -0.098275166160485733 -0.28666603104568827 -0.3804667243925452 
0.059190457297741972 0.12629902096605861 0.07912829840250879 1.0821959329193549 -0.067674712554543701 0.0066689800770819612 -0.059190457297741972 -0.12629902096605861 -0.07912829840250879 -1.0821959329193549 0.067674712554543701 -0.0066689800770819612 5.9190457297741972e-06 1.2629902096605861e-05 7.912829840250879e-06 3.60731977639785e-07 -2.2558237518181232e-08 2.2229933590273205e-09 1.0821959329193549 -0.067674712554543701 0.0066689800770819612 
-0.039113455303496636 -0.060358818849692852 0.11232022828266963 0.4838015661785498 0.22938519219558109 0.18208955342249328 0.039113455303496636 0.060358818849692852 -0.11232022828266963 6.2145319729304092 -2.2140741287001555 1.0839467756749825 -3.9113455303496636e-06 -6.0358818849692852e-06 1.1232022828266963e-05 1.3762388515598328e-07 -2.8545283776120708e-08 -3.965660814293178e-09 0.41287165546794985 -0.085635851328362128 -0.011896982442879534 
