step,time_s,environment,arm,target_angle_deg,status_code,object_index,failing_index,completed_microsteps,fgmres_iterations,status_diagnostic_x,status_diagnostic_y,status_diagnostic_z,status_diagnostic_w,min_J,max_J,max_node_displacement_m,reaction_x_N,reaction_y_N,reaction_z_N,reaction_moment_y_Nm,phase,max_free_displacement_m,max_free_speed_m_s,kinetic_energy_J,max_material_state_change,certificate_residual,certificate_correction,certificate_volume,certificate_pressure,certificate_raw_accepted_flag,step_accepted,right_grip_constrained,measured_right_grip_angle_deg,current_fixed_nodes
0,1.249999968422344e-05,0,bent,0.00390625,0,4294967295,4294967295,1,10,0.9998740553855896,0,0,0,0.99987407012038032,1.0000400831692438,1.4528632164001465e-07,0.2531415456905961,0.0045928985346108675,-0.23746332665905356,-0.0040294543566927908,loading,1.2866617354861992e-07,0.010332142226154101,9.9062961316732155e-10,0.014373661950230598,5.1354622883081902e-06,0,0,0,1,1,1,0.0039094627435855567,24
0,1.249999968422344e-05,1,held_reference,0,0,4294967295,4294967295,1,10,0.99999910593032837,0,0,0,0.99999909205968618,1.000001133923812,1.8771406608397488e-09,0.0033590130838092591,-0.004473281507671345,-4.9246939965996717e-06,-2.7924035366186256e-07,loading,1.8771406608397488e-09,0.00013851593022143002,1.510300465028627e-13,0.00091346754925325513,1.0559949714661343e-06,0,0,0,1,1,1,-4.8827249338482003e-14,24
1,2.4999999368446879e-05,0,bent,0.0078125,0,4294967295,4294967295,1,10,0.99976474046707153,0,0,0,0.99976477182027046,1.0000741141715985,2.8684735364903924e-07,0.38567863032221794,-0.0084368354582693428,-0.4014255884103477,-0.0068796225761177535,loading,2.5925218452026207e-07,0.010656068503359801,1.1328371798684301e-09,0.024653038010001183,7.1176305027620401e-06,0,0,0,1,1,1,0.0077935060486869004,24
1,2.4999999368446879e-05,1,held_reference,0,0,4294967295,4294967295,1,6,0.99999910593032837,0,0,0,0.99999909983455859,1.0000007498774528,1.8771406608397488e-09,0.0034258012187819986,-0.0069253190171991719,6.1706797680471936e-06,-3.9610074639995251e-07,loading,1.8771406608397488e-09,7.0888048603948153e-05,6.9256512444549723e-14,0.00091346754925325513,1.1166599733769544e-06,0,0,0,1,1,1,-4.8827249338482003e-14,24
2,3.7499999052670319e-05,0,bent,0.01171875,0,4294967295,4294967295,1,10,0.99967730045318604,0,0,0,0.99967730772694552,1.0001142760936317,4.3213367462158203e-07,0.35337440297007561,-0.011036891490221024,-0.53969144448637962,-0.0097851459934309628,loading,3.9143104263689871e-07,0.010636353208395557,1.3488776220065348e-09,0.033791802823543549,8.3732966231764294e-06,0,0,0,1,1,1,0.011717302996063059,24
2,3.7499999052670319e-05,1,held_reference,0,0,4294967295,4294967295,1,6,0.99999910593032837,0,0,0,0.99999909978632096,1.0000007498774528,1.8771406608397488e-09,0.0033935373292024451,-0.0044795174453611253,1.3701918959441173e-05,-3.4186593543631779e-07,loading,1.8771406608397488e-09,7.0916390504768777e-05,6.6318684472979036e-14,0.00091346754925325513,1.0664334695320576e-06,0,0,0,1,1,1,-4.8827249338482003e-14,24
3,4.9999998736893758e-05,0,bent,0.015625,0,4294967295,4294967295,1,10,0.99962836503982544,0,0,0,0.9996282956997472,1.000178461724357,5.7741999626159668e-07,0.3296631034463644,-0.0090526279527693987,-0.60445330198854208,-0.01215030216721558,loading,5.2900683043562559e-07,0.01111114777088223,1.4585903270356958e-09,0.040937893092632294,9.1985666585969739e-06,0,0,0,1,1,1,0.015630924730845389,24
3,4.9999998736893758e-05,1,held_reference,0,0,4294967295,4294967295,1,6,0.99999910593032837,0,0,0,0.99999909954850297,1.0000007498774528,1.8771406608397488e-09,0.0032608040110062575,-0.0068280135546956444,5.4880462442952194e-05,-9.6743928303113016e-08,loading,1.8771406608397488e-09,7.1153305275424935e-05,6.777726721355931e-14,0.00091346754925325513,1.0833316537173232e-06,0,0,0,1,1,1,-4.8827249338482003e-14,24
4,6.2499998421117198e-05,0,bent,0.01953125,0,4294967295,4294967295,1,10,0.99956560134887695,0,0,0,0.99956558428552444,1.0002262230212924,7.1898102760314941e-07,0.18387948349118233,-0.012746042892104015,-0.67309096455574036,-0.014655092732770651,loading,6.6322574894508556e-07,0.010807151134038776,1.5648933912898272e-09,0.049093559384346008,1.0280449714628048e-05,0,0,0,1,1,1,0.019538360837506392,24
4,6.2499998421117198e-05,1,held_reference,0,0,4294967295,4294967295,1,6,0.99999910593032837,0,0,0,0.99999910209214127,1.0000007498774528,1.8771406608397488e-09,0.0030301425085781375,-0.0043801927222375525,9.7849177478792626e-05,3.0693973605775665e-07,loading,1.8771406608397488e-09,7.1170863010094524e-05,6.6175914372875635e-14,0.00091346754925325513,1.0822460581039195e-06,0,0,0,1,1,1,-4.8827249338482003e-14,24
5,7.4999998105340637e-05,0,bent,0.0234375,0,4294967295,4294967295,1,10,0.9994579553604126,0,0,0,0.99945790137591584,1.0002689408460599,8.6426734924316406e-07,0.13403742387890816,-0.019321777479490265,-0.75574626959860325,-0.016616185413723089,loading,8.0349895052429668e-07,0.011264748061301368,1.6873862397699475e-09,0.056233860552310944,1.1015926247637253e-05,0,0,0,1,1,1,0.023438764748504568,24
5,7.4999998105340637e-05,1,held_reference,0,0,4294967295,4294967295,1,6,0.99999910593032837,0,0,0,0.9999991022795468,1.0000007498774528,1.8771406608397488e-09,0.0030624063074355945,-0.0067087965398968663,9.2756342326083541e-05,2.5368023806731741e-07,loading,1.8771406608397488e-09,7.140171545068416e-05,6.6333854002020778e-14,0.00091346754925325513,1.0821828482221463e-06,0,0,0,1,1,1,-4.8827249338482003e-14,24
6,8.7499997789564077e-05,0,bent,0.02734375,0,4294967295,4294967295,1,10,0.9994015097618103,0,0,0,0.99940145186537488,1.0002900950827442,1.0058283805847168e-06,0.097843533381819725,-0.015215698018437251,-0.81679617799818516,-0.018860688842005778,loading,9.3869241796343394e-07,0.010935139281560093,1.8102459767571607e-09,0.067131415009498596,1.1620632903941441e-05,0,0,0,1,1,1,0.027346200822307116,24
6,8.7499997789564077e-05,1,held_reference,0,0,4294967295,4294967295,1,6,0.99999910593032837,0,0,0,0.99999909941724974,1.0000007498774528,1.8771406608397488e-09,0.0030301424540084554,-0.0060027656945749186,9.9741115093365806e-05,3.0769625904395039e-07,loading,1.8771406608397488e-09,7.1374620897020984e-05,6.6577358503462201e-14,0.00091346754925325513,1.0651674529071897e-06,0,0,0,1,1,1,-4.8827249338482003e-14,24
7,9.9999997473787516e-05,0,bent,0.03125,0,4294967295,4294967295,1,10,0.99928134679794312,0,0,0,0.99928132210746146,1.000291830326913,1.1511147964118812e-06,0.033750228583812714,-0.042249514721333981,-0.86756493709981441,-0.020623485592771409,loading,1.0800087459727037e-06,0.011379852559877581,1.8515721897548484e-09,0.079139277338981628,1.2002345101791434e-05,0,0,0,1,1,1,0.031270909488903105,24
7,9.9999997473787516e-05,1,held_reference,0,0,4294967295,4294967295,1,6,0.99999910593032837,0,0,0,0.99999910205566489,1.0000007506715547,1.8771406608397488e-09,0.0030301425067591481,-0.0056133621910703368,0.00010038878971840859,3.079555726544637e-07,loading,1.8771406608397488e-09,7.1551019145886895e-05,6.5831085716771308e-14,0.00091346754925325513,1.1005480473613716e-06,0,0,0,1,1,1,-4.8827249338482003e-14,24
8,0.00011249999715801096,0,bent,0.03515625,0,4294967295,4294967295,1,10,0.9991685152053833,0,0,0,0.99916855126122561,1.0003202000228768,1.2926758174389917e-06,-0.010259558446705341,-0.014847139827907085,-0.93560244329273701,-0.022507206200012852,loading,1.2182615774939044e-06,0.01114177667124267,1.9663398864216814e-09,0.088941521942615509,1.2682588021561969e-05,0,0,0,1,1,1,0.035138644267129336,24
8,0.00011249999715801096,1,held_reference,0,0,4294967295,4294967295,1,6,0.99999916553497314,0,0,0,0.99999914030586978,1.0000007525738372,1.8771406608397488e-09,0.0030624063292634673,-0.0062633857087348588,9.4897976737229328e-05,2.5453674988602798e-07,loading,1.8771406608397488e-09,7.1474689896279563e-05,6.669773987937707e-14,0.00091346754925325513,1.0516379234104534e-06,0,0,0,1,1,1,-4.8827249338482003e-14,24
9,0.0001249999968422344,0,bent,0.0390625,0,4294967295,4294967295,1,10,0.99908441305160522,0,0,0,0.99908440302315205,1.0003493158791412,1.4379621306048214e-06,-0.015520602464675903,0.0027672061696648598,-0.98682757094502449,-0.024547273063283359,loading,1.357105181787601e-06,0.011329566749748476,2.0563185979691617e-09,0.099792487919330597,1.2531521861092187e-05,0,0,0,1,1,1,0.039078751697390605,24
9,0.0001249999968422344,1,held_reference,0,0,4294967295,4294967295,1,6,0.99999946355819702,0,0,0,0.99999956898300146,1.000000753820252,1.8771406608397488e-09,0.0030301424667413812,-0.0039288668413064443,0.00010149356543820431,3.0839768212535965e-07,loading,1.8771406608397488e-09,7.1418941629815814e-05,6.4504997566874064e-14,0.00091346754925325513,1.0655280675564427e-06,0,0,0,1,1,1,-4.8827249338482003e-14,24
10,0.00013749999652645783,0,bent,0.04296875,0,4294967295,4294967295,1,10,0.99897515773773193,0,0,0,0.99897515353307842,1.0003912708054568,1.5795231551889596e-06,-0.11851662397384644,-0.018982454901561141,-1.0576029811054468,-0.026083672936565428,loading,1.4984556646795652e-06,0.011458463545600348,2.1020252751584892e-09,0.11066918075084686,1.4052871847525239e-05,0,0,0,1,1,1,0.042946484439553123,24
10,0.00013749999652645783,1,held_reference,0,0,4294967295,4294967295,1,6,0.99999946355819702,0,0,0,0.99999956898300146,1.0000007549711654,1.8771406608397488e-09,0.0030624064456787892,-0.0063520934345433488,9.4892604039387152e-05,2.5453458196716359e-07,loading,1.8771406608397488e-09,7.1572918918108921e-05,6.7180864725115043e-14,0.00091346754925325513,1.098731786441931e-06,0,0,0,1,1,1,-4.8827249338482003e-14,24
11,0.00014999999621068127,0,bent,0.046875,0,4294967295,4294967295,1,10,0.99889469146728516,0,0,0,0.99889468202494924,1.0004090315363154,1.7248094710471102e-06,-0.19096883200109005,-0.022010162472724915,-1.0987955704331398,-0.027747427446964342,loading,1.6421195846000384e-06,0.011559739380349628,2.2294810154082754e-09,0.11974409222602844,1.4092053788772319e-05,0,0,0,1,1,1,0.046886591819195071,24
11,0.00014999999621068127,1,held_reference,0,0,4294967295,4294967295,1,6,0.99999946355819702,0,0,0,0.99999956898300146,1.0000007561951205,1.8771406608397488e-09,0.0030301423812488792,-0.0039548675413243473,0.00010166794641008892,3.0846712482343668e-07,loading,1.8771406608397488e-09,7.1598834402568945e-05,6.6469075463990026e-14,0.00091346754925325513,1.0394006721980986e-06,0,0,0,1,1,1,-4.8827249338482003e-14,24
12,0.00016249999589490471,0,bent,0.05078125,0,4294967295,4294967295,1,10,0.99882274866104126,0,0,0,0.9988227192526713,1.0004397143956725,1.8663706718953162e-06,-0.28236112184822559,-0.011678624665364623,-1.1544097010046244,-0.029539654270716777,loading,1.7827651306865584e-06,0.011362216526586179,2.2355011346203747e-09,0.12820786237716675,1.4596370419894811e-05,0,0,0,1,1,1,0.050753211039237967,24
12,0.00016249999589490471,1,held_reference,0,0,4294967295,4294967295,1,6,0.99999946355819702,0,0,0,0.99999956898300146,1.000000757330302,1.8771406608397488e-09,0.0030624063983850647,-0.0063354364028782584,9.6040348637416173e-05,2.5499366427538903e-07,loading,1.8771406608397488e-09,7.1554277541495835e-05,6.5046905886627283e-14,0.00091346754925325513,1.0723485956987133e-06,0,0,0,1,1,1,-4.8827249338482003e-14,24
13,0.00017499999557912815,0,bent,0.0546875,0,4294967295,4294967295,1,10,0.99868667125701904,0,0,0,0.99868679565190643,1.0004670292411273,2.0116569767533515e-06,-0.19533953641075641,-0.01346757635474205,-1.2268212288618088,-0.031257672907144575,loading,1.9256864317446551e-06,0.01155484521543325,2.389736415251546e-09,0.13637998700141907,1.5075976079970133e-05,0,0,0,1,1,1,0.05469443796135931,24
13,0.00017499999557912815,1,held_reference,0,0,4294967295,4294967295,1,6,0.99999946355819702,0,0,0,0.99999956898300146,1.0000007581531776,1.8771406608397488e-09,0.0030301424176286673,-0.0039295812312047929,0.00010244320168339982,3.0877728243103773e-07,loading,1.8771406608397488e-09,7.1624368495991686e-05,6.5612561537336768e-14,0.00091346754925325513,1.0840929007827071e-06,0,0,0,1,1,1,-4.8827249338482003e-14,24
14,0.00018749999526335159,0,bent,0.05859375,0,4294967295,4294967295,1,10,0.99855256080627441,0,0,0,0.99855263447855036,1.0005304656616745,2.1532179939215684e-06,-0.38707078248262405,-0.016562988515943289,-1.2454317454248667,-0.032299826090038994,loading,2.0704036456068213e-06,0.012115655076208142,3.0373579538812333e-09,0.14637763798236847,1.4780978744965978e-05,0,0,0,1,1,1,0.058572139380182998,24
14,0.00018749999526335159,1,held_reference,0,0,4294967295,4294967295,1,6,0.99999946355819702,0,0,0,0.99999956898300146,1.0000007587017448,1.8771406608397488e-09,0.0030624064966104925,-0.0063021857349667698,9.6577577636480783e-05,2.5520881755073766e-07,loading,1.8771406608397488e-09,7.1745905045350795e-05,6.7282493444509101e-14,0.00091346754925325513,1.0552237199590309e-06,0,0,0,1,1,1,-4.8827249338482003e-14,24
15,0.00019999999494757503,0,bent,0.0625,0,4294967295,4294967295,1,10,0.99845331907272339,0,0,0,0.99845333554415072,1.0005869283659461,2.2985045386800932e-06,-0.37533608824014664,-0.0082626338116824627,-1.3182922415435314,-0.033884038195956694,loading,2.215688277816436e-06,0.01172335169267253,2.3113184152804733e-09,0.15157347917556763,1.5289791917894036e-05,0,0,0,1,1,1,0.062526584795095416,24
15,0.00019999999494757503,1,held_reference,0,0,4294967295,4294967295,1,6,0.99999946355819702,0,0,0,0.99999956898300146,1.000000759270568,1.8771406608397488e-09,0.0030301425667857984,-0.00388981196374516,0.00010282006260808885,3.0892785465221066e-07,loading,1.8771406608397488e-09,7.1579030296600122e-05,6.4608162186709295e-14,0.00091346754925325513,1.0729786481533665e-06,0,0,0,1,1,1,-4.8827249338482003e-14,24
16,0.00021249999463179847,0,bent,0.06640625,0,4294967295,4294967295,1,10,0.99829596281051636,0,0,0,0.99829595002842664,1.000654396990962,2.4400655453924816e-06,-0.60409257188439369,-0.013019075850024819,-1.3415581714361906,-0.034789746964625771,loading,2.3619144099034266e-06,0.011995504647400845,3.3625758457248714e-09,0.15999302268028259,1.5123706361919176e-05,0,0,0,1,1,1,0.066379983218967431,24
16,0.00021249999463179847,1,held_reference,0,0,4294967295,4294967295,1,6,0.99999946355819702,0,0,0,0.99999956898300146,1.0000007601247018,1.8771406608397488e-09,0.0030624064020230435,-0.0062444623108603992,9.6843825048154031e-05,2.5531527424027423e-07,loading,1.8771406608397488e-09,7.1715188025599932e-05,6.5397957627504481e-14,0.00091346754925325513,1.0796811693580821e-06,0,0,0,1,1,1,-4.8827249338482003e-14,24
17,0.00022499999431602191,0,bent,0.0703125,0,4294967295,4294967295,1,10,0.99814462661743164,0,0,0,0.99814468322306615,1.0007014294626064,2.5853518445597368e-06,-0.63310016691684723,-0.03630401729606092,-1.4127624705433846,-0.036196137716493493,loading,2.5114095889123585e-06,0.012047437853418681,2.9428811309149361e-09,0.16389228403568268,1.569761116115842e-05,0,0,0,1,1,1,0.070334428788846659,24
17,0.00022499999431602191,1,held_reference,0,0,4294967295,4294967295,1,6,0.99999946355819702,0,0,0,0.99999956898300146,1.0000007601385685,1.8771406608397488e-09,0.0030301425322249997,-0.0038262135130935349,0.00010303126128974327,3.0901239682498235e-07,loading,1.8771406608397488e-09,7.1823399096331185e-05,6.7562458876589764e-14,0.00091346754925325513,1.0575424767012009e-06,0,0,0,1,1,1,-4.8827249338482003e-14,24
18,0.00023749999400024535,0,bent,0.07421875,0,4294967295,4294967295,1,10,0.99802201986312866,0,0,0,0.99802194919911857,1.0007341798665332,2.7269131346233465e-06,-0.74076368287205696,-0.0024744053371250629,-1.4492827840149403,-0.037421310203001996,loading,2.6592335141230469e-06,0.011902452722871552,3.0168605582786503e-09,0.16878418624401093,1.589917519595474e-05,0,0,0,1,1,1,0.07420525878866692,24
18,0.00023749999400024535,1,held_reference,0,0,4294967295,4294967295,1,6,0.99999946355819702,0,0,0,0.99999956898300146,1.0000007608874308,1.8771406608397488e-09,0.0030624064020230435,-0.0061858344779466279,9.7014462681954683e-05,2.5538353247611643e-07,loading,1.8771406608397488e-09,7.1619773961110824e-05,6.465677721317236e-14,0.00091346754925325513,1.045970975610544e-06,0,0,0,1,1,1,-4.8827249338482003e-14,24
19,0.00024999999368446879,0,bent,0.078125,0,4294967295,4294967295,1,10,0.99785584211349487,0,0,0,0.99785578399392494,1.0007649087063935,2.8721994240846133e-06,-0.61065143346786499,0.00041018403135240078,-1.5010952111333609,-0.038908839941736717,loading,2.8011039542074243e-06,0.011504407248006891,3.0606952103245149e-09,0.1736992746591568,1.5704901670687832e-05,0,0,0,1,1,1,0.078115787605167103,24
19,0.00024999999368446879,1,held_reference,0,0,4294967295,4294967295,1,7,0.99999946355819702,0,0,0,0.99999956898300146,1.0000007612134036,1.8771406608397488e-09,0.0030301424158096779,-0.0037255483257467858,0.0001031856349698046,3.0907404490062589e-07,loading,1.8771406608397488e-09,7.0248979636705953e-05,7.0611126187313672e-14,0.00091346754925325513,1.0611131529003615e-06,0,0,0,1,1,1,-4.8827249338482003e-14,24
20,0.00026249999336869223,0,bent,0.08203125,0,4294967295,4294967295,1,10,0.99771499633789062,0,0,0,0.99771513760345998,1.0008030364539753,3.0137606236598631e-06,-0.73552548140287399,-0.022778018144890666,-1.5377450659871101,-0.040095431999568665,loading,2.9488897661953747e-06,0.011967591169923384,3.1430963303595812e-09,0.17828287184238434,1.6324298485415056e-05,0,0,0,1,1,1,0.082026320944676184,24
20,0.00026249999336869223,1,held_reference,0,0,4294967295,4294967295,1,6,0.99999946355819702,0,0,0,0.99999956898300146,1.0000007614199498,1.8771406608397488e-09,0.003062406278331764,-0.0061199058327474631,9.714196522736529e-05,2.5543453853242675e-07,loading,1.8771406608397488e-09,7.1651226056871893e-05,6.5177845965281325e-14,0.00091346754925325513,1.0544224551267689e-06,0,0,0,1,1,1,-4.8827249338482003e-14,24
21,0.00027499999305291567,0,bent,0.0859375,0,4294967295,4294967295,1,10,0.9975542426109314,0,0,0,0.9975542217596356,1.0008489610729672,3.1590470311094563e-06,-0.7713785320520401,-0.010068607050925493,-1.5954155866056681,-0.041499289397304087,loading,3.0946659917587321e-06,0.011793458494000654,3.2022260380275652e-09,0.18195505440235138,1.6739493730710819e-05,0,0,0,1,1,1,0.085923637169976586,24
21,0.00027499999305291567,1,held_reference,0,0,4294967295,4294967295,1,6,0.99999946355819702,0,0,0,0.99999956898300146,1.0000007618068849,1.8771406608397488e-09,0.0030301425540528726,-0.0037400885194074363,0.0001065602208996097,3.1042394782343759e-07,loading,1.8771406608397488e-09,7.1542614903530031e-05,6.3795371493069176e-14,0.00091346754925325513,1.0182269534197985e-06,0,0,0,1,1,1,-4.8827249338482003e-14,24
22,0.00028749999273713911,0,bent,0.08984375,0,4294967295,4294967295,1,10,0.99740433692932129,0,0,0,0.99740432852001082,1.0008766276619856,3.300608219005117e-06,-0.90452632308006287,-0.00030005257576704025,-1.6319874489272479,-0.042479956122495784,loading,3.2442836983206498e-06,0.012304114879991397,3.3204020049868801e-09,0.18659818172454834,1.6527676052646711e-05,0,0,0,1,1,1,0.089845256235165094,24
22,0.00028749999273713911,1,held_reference,0,0,4294967295,4294967295,1,7,0.99999946355819702,0,0,0,0.99999956898300146,1.000000762564063,1.8771406608397488e-09,0.0030624063565483084,-0.0063066605289350264,9.7707613917918934e-05,2.556605348909212e-07,loading,1.8771406608397488e-09,6.3427257788893911e-05,7.1028857248955728e-14,0.00091346754925325513,1.0873397968680365e-06,0,0,0,1,1,1,-4.8827249338482003e-14,24
23,0.00029999999242136255,0,bent,0.09375,0,4294967295,4294967295,1,10,0.99727964401245117,0,0,0,0.99727965215439351,1.0009012741944749,3.4458946587667023e-06,-0.82742407917976379,-0.00095684453845024109,-1.6705840956419706,-0.043707822135396979,loading,3.3872294292962894e-06,0.01211686750948834,3.1701322770046912e-09,0.19132353365421295,1.7262531400774606e-05,0,0,0,1,1,1,0.093741456815195023,24
23,0.00029999999242136255,1,held_reference,0,0,4294967295,4294967295,1,6,0.99999946355819702,0,0,0,0.99999956898300146,1.0000007625342868,1.8771406608397488e-09,0.0030301425085781375,-0.0037183644162723795,0.00010212733567982468,3.086507638636247e-07,loading,1.8771406608397488e-09,7.2303735510439597e-05,6.7755218371729152e-14,0.00091346754925325513,1.0809085324581247e-06,0,0,0,1,1,1,-4.8827249338482003e-14,24
24,0.00031249999210558599,0,bent,0.09765625,0,4294967295,4294967295,1,10,0.99714374542236328,0,0,0,0.99714374385229498,1.0009303327188552,3.5911809345821587e-06,-0.78916661813855171,-0.0016412860713899136,-1.7418601028621197,-0.045244449287500405,loading,3.5337532817196767e-06,0.012416084254856607,3.4773340324014703e-09,0.19624853134155273,1.7234049664693885e-05,0,0,0,1,1,1,0.09768268600998764,24
24,0.00031249999210558599,1,held_reference,0,0,4294967295,4294967295,1,6,0.99999946355819702,0,0,0,0.99999956898300146,1.000000763216758,1.8771406608397488e-09,0.0030624063165305415,-0.0060356803005561233,9.5345015154180146e-05,2.5471556707998363e-07,loading,1.8771406608397488e-09,7.1896779401489099e-05,6.6768685167030031e-14,0.00091346754925325513,1.0375539432061487e-06,0,0,0,1,1,1,-4.8827249338482003e-14,24
25,0.00032499999178980943,0,bent,0.1015625,0,4294967295,4294967295,1,10,0.99704259634017944,0,0,0,0.99704265287372928,1.0009639258053475,3.7327423022997766e-06,-0.95541486144065857,0.0080892997793853283,-1.7606296204030514,-0.046181761579260579,loading,3.678116212199549e-06,0.012939256878030421,3.4063965739537376e-09,0.20040479302406311,1.7568512703292072e-05,0,0,0,1,1,1,0.10154930840588204,24
25,0.00032499999178980943,1,held_reference,0,0,4294967295,4294967295,1,7,0.99999946355819702,0,0,0,0.99999956898300146,1.0000007634760786,1.8771406608397488e-09,0.0030301424458230031,-0.0035593833454186097,0.00010205374118754662,3.0862167408758983e-07,loading,1.8771406608397488e-09,6.642398816652785e-05,6.9737075246531267e-14,0.00091346754925325513,1.0809786772369989e-06,0,0,0,1,1,1,-4.8827249338482003e-14,24
26,0.00033749999147403287,0,bent,0.10546875,0,4294967295,4294967295,1,10,0.99693310260772705,0,0,0,0.99693318072339088,1.0009907916388012,3.878028989982925e-06,-0.8951113373041153,0.00044982414692640305,-1.8185497149825096,-0.04729699681219509,loading,3.824291521142039e-06,0.012971954194036005,3.6965052008371078e-09,0.20482015609741211,1.7986791135626845e-05,0,0,0,1,1,1,0.1054905386179891,24
26,0.00033749999147403287,1,held_reference,0,0,4294967295,4294967295,1,6,0.99999946355819702,0,0,0,0.99999956898300146,1.0000007637661743,1.8771406608397488e-09,0.0030624063911091071,-0.0059622634726110846,9.6305977137944865e-05,2.5510003587260119e-07,loading,1.8771406608397488e-09,7.236619105512748e-05,6.6944502719759921e-14,0.00091346754925325513,1.0819931048899889e-06,0,0,0,1,1,1,-4.8827249338482003e-14,24
27,0.00034999999115825631,0,bent,0.109375,0,4294967295,4294967295,1,10,0.99678820371627808,0,0,0,0.99678824294427604,1.001024863414115,4.0195899583098673e-06,-0.83259162306785583,-0.0094515262171626091,-1.8615414220839739,-0.048628034663350243,loading,3.9664257177467568e-06,0.01337611996480596,3.6305047070693697e-09,0.20726245641708374,1.8133929188479669e-05,0,0,0,1,1,1,0.1093571611678788,24
27,0.00034999999115825631,1,held_reference,0,0,4294967295,4294967295,1,6,0.99999946355819702,0,0,0,0.99999956898300146,1.000000764057869,1.8771406608397488e-09,0.0030301424922072329,-0.0035289523002575152,0.00010262370500413454,3.0884933970082749e-07,loading,1.8771406608397488e-09,7.1925847538474759e-05,6.7959086184202804e-14,0.00091346754925325513,1.0453954928379972e-06,0,0,0,1,1,1,-4.8827249338482003e-14,24
28,0.00036249999084247975,0,bent,0.11328125,0,4294967295,4294967295,1,10,0.99669867753982544,0,0,0,0.99669871500585361,1.0010444445280846,4.1648766622758312e-06,-0.87696722894906998,-0.0048547186888754368,-1.892024677246809,-0.049665687420525656,loading,4.111748739065262e-06,0.013071021076201233,3.6594887674036883e-09,0.21185143291950226,1.8809761968441308e-05,0,0,0,1,1,1,0.11331160916853088,24
28,0.00036249999084247975,1,held_reference,0,0,4294967295,4294967295,1,7,0.99999946355819702,0,0,0,0.99999956898300146,1.0000007645459124,1.8771406608397488e-09,0.0030624063310824567,-0.0060831197333754972,9.6800629705739993e-05,2.5529778365671504e-07,loading,1.8771406608397488e-09,6.6596958714332989e-05,7.0024546422260749e-14,0.00091346754925325513,1.0637526202117442e-06,0,0,0,1,1,1,-4.8827249338482003e-14,24
29,0.00037499999052670319,0,bent,0.1171875,0,4294967295,4294967295,1,10,0.99656552076339722,0,0,0,0.99656560661547322,1.0010785520295149,4.3064376243037275e-06,-0.95743325352668762,0.017075030133128166,-1.9338254295289516,-0.050900074839771096,loading,4.2531930861599468e-06,0.013580396201971857,3.7221468633391425e-09,0.21402619779109955,1.8778560843202285e-05,0,0,0,1,1,1,0.11716501450738653,24
29,0.00037499999052670319,1,held_reference,0,0,4294967295,4294967295,1,6,0.99999946355819702,0,0,0,0.99999956898300146,1.0000007643483757,1.8771406608397488e-09,0.0030301424212666461,-0.0035588948667282239,0.00010300343609515039,3.0900124708386971e-07,loading,1.8771406608397488e-09,7.244530809757202e-05,6.4765375185014392e-14,0.00091346754925325513,1.0892094906012062e-06,0,0,0,1,1,1,-4.8827249338482003e-14,24
30,0.00038749999021092663,0,bent,0.12109375,0,4294967295,4294967295,1,10,0.99643868207931519,0,0,0,0.99643870330605122,1.0011056887877146,4.4517243421283048e-06,-0.93260429799556732,0.0022899680770933628,-1.9770123418420553,-0.052123027774615353,loading,4.3996942628311165e-06,0.013262927801001566,3.766670193113009e-09,0.2181830108165741,1.9013801647815853e-05,0,0,0,1,1,1,0.1211040698407387,24
30,0.00038749999021092663,1,held_reference,0,0,4294967295,4294967295,1,6,0.99999946355819702,0,0,0,0.99999956898300146,1.0000007649179095,1.8771406608397488e-09,0.0030624064347648527,-0.0058628786646295339,9.7007460908571375e-05,2.5538076653174306e-07,loading,1.8771406608397488e-09,6.0279958213341657e-05,6.5864060231145015e-14,0.00091346754925325513,1.0470225788594689e-06,0,0,0,1,1,1,-4.8827249338482003e-14,24
31,0.00039999998989515007,0,bent,0.125,0,4294967295,4294967295,1,10,0.99630320072174072,0,0,0,0.99630317862463258,1.001132593938955,4.5932857940963141e-06,-1.0296955406665802,0.0087929125875234604,-2.00343943759799,-0.053073537592898623,loading,4.5406473545777957e-06,0.014004821861300174,3.8846096294312948e-09,0.22187906503677368,1.901040377561003e-05,0,0,0,1,1,1,0.12499717957477265,24
31,0.00039999998989515007,1,held_reference,0,0,4294967295,4294967295,1,7,0.99999946355819702,0,0,0,0.99999956898300146,1.000000764973737,1.8771406608397488e-09,0.0030301423948912998,-0.0033878482718137093,0.00010319466531427679,3.0907804441358132e-07,loading,1.8771406608397488e-09,7.0555643445797232e-05,6.9245070602801446e-14,0.00091346754925325513,1.0597029813652625e-06,0,0,0,1,1,1,-4.8827249338482003e-14,24
32,0.0004124999895793735,0,bent,0.12890625,0,4294967295,4294967295,1,10,0.9961857795715332,0,0,0,0.99618582908647313,1.0011660304171557,4.7385720281674987e-06,-0.97681000083684921,0.0035726763308048248,-2.0530940648168325,-0.054255100913869037,loading,4.6867127158873721e-06,0.013575627554883583,3.9383758665455736e-09,0.22442370653152466,1.9482851712382399e-05,0,0,0,1,1,1,0.12891192466235965,24
32,0.0004124999895793735,1,held_reference,0,0,4294967295,4294967295,1,6,0.99999946355819702,0,0,0,0.99999956898300146,1.0000007650211435,1.8771406608397488e-09,0.0030624063419963932,-0.0057973997172666714,9.7169245066197618e-05,2.5544544188232972e-07,loading,1.8771406608397488e-09,6.060620826977869e-05,6.5328523760147156e-14,0.00091346754925325513,1.0973977850881056e-06,0,0,0,1,1,1,-4.8827249338482003e-14,24
33,0.00042499998926359694,0,bent,0.1328125,0,4294967295,4294967295,1,10,0.99605351686477661,0,0,0,0.99605352167175853,1.0011845387315332,4.8801334901837429e-06,-1.0413527935743332,0.0092105409130454063,-2.0782273830845952,-0.055030778943008792,loading,4.8290964838255896e-06,0.014563083828231337,4.1629099343070686e-09,0.22946727275848389,1.9588524082791992e-05,0,0,0,1,1,1,0.1328050346085087,24
33,0.00042499998926359694,1,held_reference,0,0,4294967295,4294967295,1,6,0.99999946355819702,0,0,0,0.99999956898300146,1.0000007651736382,1.8771406608397488e-09,0.0030301425504148938,-0.0033751620794646442,0.00010329665036579172,3.0911862546054134e-07,loading,1.8771406608397488e-09,7.2499084953973189e-05,6.429261416885028e-14,0.00091346754925325513,1.0203219744653325e-06,0,0,0,1,1,1,-4.8827249338482003e-14,24
34,0.00043749998894782038,0,bent,0.13671875,0,4294967295,4294967295,1,10,0.99596482515335083,0,0,0,0.99596495636694093,1.0012088541910429,5.0254202586929964e-06,-1.0964140892028809,-0.004853381309658289,-2.1281989011913538,-0.056258527520964823,loading,4.9727575786873419e-06,0.013918586752768301,4.0333529333942636e-09,0.23097488284111023,1.9604081899160519e-05,0,0,0,1,1,1,0.13670545443207599,24
34,0.00043749998894782038,1,held_reference,0,0,4294967295,4294967295,1,7,0.99999946355819702,0,0,0,0.99999956898300146,1.0000007656658894,1.8771406608397488e-09,0.0030624063001596369,-0.0059369218797655776,9.7342895202245927e-05,2.5551487442135086e-07,loading,1.8771406608397488e-09,6.2860276064209488e-05,6.7795587325765909e-14,0.00091346754925325513,1.0882763490371872e-06,0,0,0,1,1,1,-4.8827249338482003e-14,24
35,0.00044999998863204382,0,bent,0.140625,0,4294967295,4294967295,1,10,0.99563014507293701,0,0,0,0.99563012279587437,1.0012414020509468,5.1669811901423485e-06,-1.3059628307819366,0.0094970846548676491,-2.1114937542006373,-0.056300488957126867,loading,5.1174322644851996e-06,0.018143296131712717,5.8561772766189193e-09,0.23396676778793335,1.982507819775492e-05,0,0,0,1,1,1,0.14061289828462992,24
35,0.00044999998863204382,1,held_reference,0,0,4294967295,4294967295,1,6,0.99999946355819702,0,0,0,0.99999956898300146,1.0000007654285068,1.8771406608397488e-09,0.0030301425422294415,-0.003384229275980033,0.0001034955587897457,3.0919821046791197e-07,loading,1.8771406608397488e-09,7.2434438805129187e-05,6.4470472945752887e-14,0.00091346754925325513,1.0710042488426552e-06,0,0,0,1,1,1,-4.8827249338482003e-14,24
36,0.00046249998831626726,0,bent,0.14453125,0,4294967295,4294967295,1,10,0.99559903144836426,0,0,0,0.99559908921705342,1.0012464755645258,5.3122679658511644e-06,-1.1699956208467484,-0.016211784444749355,-2.1633969815447927,-0.057894745369124874,loading,5.2595179349039089e-06,0.014483388765106922,4.0571031796510552e-09,0.23628281056880951,1.9957400581915863e-05,0,0,0,1,1,1,0.14452652864503732,24
36,0.00046249998831626726,1,held_reference,0,0,4294967295,4294967295,1,6,0.99999946355819702,0,0,0,0.99999956898300146,1.0000007658564425,1.8771406608397488e-09,0.0030624063947470859,-0.0057184822071576491,9.7779862841207432e-05,2.5568936675699659e-07,loading,1.8771406608397488e-09,5.9924100338103024e-05,6.3067364094543059e-14,0.00091346754925325513,1.0364619811298326e-06,0,0,0,1,1,1,-4.8827249338482003e-14,24
37,0.0004749999880004907,0,bent,0.1484375,0,4294967295,4294967295,1,10,0.99533730745315552,0,0,0,0.99533728652865827,1.0012772305738595,5.4538294698711711e-06,-1.3522867113351822,0.01988892606459558,-2.1660716189071536,-0.05812089510374116,loading,5.4022494832945631e-06,0.017483888290300374,5.4936326069074021e-09,0.23773081600666046,2.0075440261280164e-05,0,0,0,1,1,1,0.14842076443657862,24
37,0.0004749999880004907,1,held_reference,0,0,4294967295,4294967295,1,7,0.99999946355819702,0,0,0,0.99999956898300146,1.0000007658152921,1.8771406608397488e-09,0.0030301425194920739,-0.0032090578315546736,0.00010390952351713167,3.0936360546365897e-07,loading,1.8771406608397488e-09,6.4560958843387561e-05,7.0113069115562077e-14,0.00091346754925325513,1.1077181625296362e-06,0,0,0,1,1,1,-4.8827249338482003e-14,24
38,0.00048749998768471414,0,bent,0.15234375,0,4294967295,4294967295,1,10,0.9952692985534668,0,0,0,0.99526939467706688,1.0012924646852939,5.5991162757255152e-06,-1.0712270885705948,0.017057742457836866,-2.2377724954858422,-0.059880162504413567,loading,5.5412391164588339e-06,0.013986763224115272,3.8581309821641117e-09,0.23925280570983887,2.0123585272813216e-05,0,0,0,1,1,1,0.15234548936393033,24
38,0.00048749998768471414,1,held_reference,0,0,4294967295,4294967295,1,6,0.99999946355819702,0,0,0,0.99999956898300146,1.0000007658914811,1.8771406608397488e-09,0.00306240638201416,-0.0056008875835686922,9.788359093931831e-05,2.5573110205732481e-07,loading,1.8771406608397488e-09,7.1871005335527325e-05,6.3345564303532743e-14,0.00091346754925325513,1.0736760032159509e-06,0,0,0,1,1,1,-4.8827249338482003e-14,24
39,0.00049999998736893758,0,bent,0.15625,0,4294967295,4294967295,1,10,0.99505722522735596,0,0,0,0.99505734690441539,1.0013391862432679,5.7406778080758212e-06,-1.3239527493715286,0.0014473376795649529,-2.2302767364308238,-0.060056526218545743,loading,5.6885925409332038e-06,0.017959157181614199,5.7632887230928067e-09,0.24120132625102997,2.0617997506633401e-05,0,0,0,1,1,1,0.15627036189077387,24
39,0.00049999998736893758,1,held_reference,0,0,4294967295,4294967295,1,6,0.99999946355819702,0,0,0,0.99999956898300146,1.0000007660147938,1.8771406608397488e-09,0.0030301424558274448,-0.0032339368190150708,0.00010402116231489345,3.0940861940325649e-07,loading,1.8771406608397488e-09,5.9973090192728276e-05,6.1394474902174533e-14,0.00091346754925325513,1.0538901733525563e-06,0,0,0,1,1,1,-4.8827249338482003e-14,24
40,0.00051249998705316102,0,bent,0.16015625,0,4294967295,4294967295,1,10,0.99503880739212036,0,0,0,0.99503895953664401,1.0013793929582464,5.8859646396940565e-06,-1.232757106423378,0.0016550133004784584,-2.2714911391958594,-0.061089542638636224,loading,5.8261278801498777e-06,0.016105335617394134,5.0140874639127329e-09,0.24349397420883179,2.0560706616379321e-05,0,0,0,1,1,1,0.16015335780590148,24
40,0.00051249998705316102,1,held_reference,0,0,4294967295,4294967295,1,7,0.99999946355819702,0,0,0,0.99999956898300146,1.0000007663450299,1.8771406608397488e-09,0.0030624064074800117,-0.0058424973976798356,9.8030610615751357e-05,2.5578985102038118e-07,loading,1.8771406608397488e-09,7.151152490192157e-05,6.7383910012463108e-14,0.00091346754925325513,1.0863498118851567e-06,0,0,0,1,1,1,-4.8827249338482003e-14,24
41,0.00052499998673738446,0,bent,0.1640625,0,4294967295,4294967295,1,10,0.99493652582168579,0,0,0,0.99493650721898363,1.001427009780923,6.031644584036635e-06,-1.2151843905448914,0.015604984480887651,-2.2968183886259794,-0.061846466597194366,loading,6.031644584036635e-06,0.016947411594023826,5.1714617495304067e-09,0.24492745101451874,2.058491918432992e-05,0,0,0,1,1,1,0.16405174419851812,24
41,0.00052499998673738446,1,held_reference,0,0,4294967295,4294967295,1,7,0.99999946355819702,0,0,0,0.99999956898300146,1.0000007658657351,1.8771406608397488e-09,0.0030301425495053991,-0.0032099014206323773,0.00010410187744014365,3.0944049752815755e-07,loading,1.8771406608397488e-09,6.2378713384828008e-05,7.0080553413397355e-14,0.00091346754925325513,1.0647123644957901e-06,0,0,0,1,1,1,-4.8827249338482003e-14,24
42,0.0005374999864216079,0,bent,0.16796875,0,4294967295,4294967295,1,10,0.99469298124313354,0,0,0,0.99469306068941787,1.0014624010513065,6.24766466126025e-06,-1.4064577370882034,0.0068765839387197047,-2.2916040709242225,-0.062433654683242565,loading,6.24766466126025e-06,0.017588115872852861,6.0153042757672789e-09,0.24572440981864929,2.0613981178030372e-05,0,0,0,1,1,1,0.1679612263456752,24
42,0.0005374999864216079,1,held_reference,0,0,4294967295,4294967295,1,6,0.99999946355819702,0,0,0,0.99999956898300146,1.0000007663054948,1.8771406608397488e-09,0.0030624063620052766,-0.0055925547203514725,9.8042531220698947e-05,2.5579483781257275e-07,loading,1.8771406608397488e-09,7.2458161552017345e-05,6.1304666900131724e-14,0.00091346754925325513,1.0651223192326142e-06,0,0,0,1,1,1,-4.8827249338482003e-14,24
43,0.00054999998610583134,0,bent,0.171875,0,4294967295,4294967295,1,10,0.99466216564178467,0,0,0,0.9946622323400941,1.0015080097577427,6.4538301722747272e-06,-1.2179688960313797,0.015026535606011748,-2.3466025996604003,-0.063575655085829547,loading,6.4538301722747272e-06,0.016493304080652259,5.0944471686453196e-09,0.24689355492591858,2.0753237549797632e-05,0,0,0,1,1,1,0.17185961456253038,24
43,0.00054999998610583134,1,held_reference,0,0,4294967295,4294967295,1,7,0.99999946355819702,0,0,0,0.99999956898300146,1.0000007662037038,1.8771406608397488e-09,0.0030301424985736958,-0.0031109715637285262,0.00010416617351438617,3.0946620336271721e-07,loading,1.8771406608397488e-09,6.430612644132432e-05,6.5648664461768494e-14,0.00091346754925325513,1.0618650776450522e-06,0,0,0,1,1,1,-4.8827249338482003e-14,24
44,0.00056249998579005478,0,bent,0.17578125,0,4294967295,4294967295,1,10,0.99445164203643799,0,0,0,0.99445167830077497,1.0015550432818805,6.6757879483206397e-06,-1.4818762391805649,0.0045457675878424197,-2.3322107931599021,-0.063918090506479674,loading,6.6757879483206397e-06,0.017962727723114542,6.083480176695814e-09,0.24845053255558014,2.0691075405920856e-05,0,0,0,1,1,1,0.17578231501274061,24
44,0.00056249998579005478,1,held_reference,0,0,4294967295,4294967295,1,6,0.99999946355819702,0,0,0,0.99999956898300146,1.0000007660427215,1.8771406608397488e-09,0.0030624063401774038,-0.0055393081565853208,9.8111165129921574e-05,2.5582221212243877e-07,loading,1.8771406608397488e-09,7.2510440641010776e-05,6.090499663301335e-14,0.00091346754925325513,1.0736654303400428e-06,0,0,0,1,1,1,-4.8827249338482003e-14,24
45,0.00057499998547427822,0,bent,0.1796875,0,4294967295,4294967295,1,10,0.99440920352935791,0,0,0,0.99440922367820572,1.0015966333046284,6.8817141779350191e-06,-1.2902039736509323,0.013953360030427575,-2.3716282350942492,-0.065086015365608624,loading,6.8817141779350191e-06,0.016575472856597259,5.2708178497828059e-09,0.24890060722827911,2.0970053810742684e-05,0,0,0,1,1,1,0.17969382504310322,24
45,0.00057499998547427822,1,held_reference,0,0,4294967295,4294967295,1,6,0.99999946355819702,0,0,0,0.99999956898300146,1.0000007660595469,1.8771406608397488e-09,0.003030142504030664,-0.0031291273626266047,0.00010419973190778364,3.0947984389331345e-07,loading,1.8771406608397488e-09,5.9659975045370811e-05,6.0120638315500399e-14,0.00091346754925325513,1.0436234560984303e-06,0,0,0,1,1,1,-4.8827249338482003e-14,24
46,0.00058749998515850166,0,bent,0.18359375,0,4294967295,4294967295,1,10,0.99419599771499634,0,0,0,0.99419604464827926,1.0016385988836902,7.094498180317369e-06,-1.4691653698682785,0.01179753479664214,-2.3835749085992575,-0.065571429578501636,loading,7.094498180317369e-06,0.017072716713865777,5.5525508860386886e-09,0.25103679299354553,2.097997821692843e-05,0,0,0,1,1,1,0.1836012824885406,24
46,0.00058749998515850166,1,held_reference,0,0,4294967295,4294967295,1,7,0.99999946355819702,0,0,0,0.99999956898300146,1.0000007498774528,1.8771406608397488e-09,0.0030624064256699057,-0.0057243621413363144,9.8196863376642796e-05,2.558563342681735e-07,loading,1.8771406608397488e-09,6.2437490638984233e-05,6.4824497177156399e-14,0.00091346754925325513,1.0875457974179881e-06,0,0,0,1,1,1,-4.8827249338482003e-14,24
47,0.0005999999848427251,0,bent,0.1875,0,4294967295,4294967295,1,10,0.99417692422866821,0,0,0,0.99417692475213282,1.0016790864313558,7.3115036358780504e-06,-1.2501611411571503,0.026926200836896896,-2.4163040295243263,-0.066730697434018799,loading,7.3115036358780504e-06,0.017435208123857199,5.7059999288297696e-09,0.25181072950363159,2.1124782506376505e-05,0,0,0,1,1,1,0.18751492618503987,24
47,0.0005999999848427251,1,held_reference,0,0,4294967295,4294967295,1,7,0.99999946355819702,0,0,0,0.99999956898300146,1.0000007498774528,1.8771406608397488e-09,0.0030301426049845759,-0.0031032726110424846,0.0001042617571727078,3.0950458104416557e-07,loading,1.8771406608397488e-09,7.0840493313766673e-05,6.694414192672949e-14,0.00091346754925325513,1.0531864518270595e-06,0,0,0,1,1,1,-4.8827249338482003e-14,24
48,0.00061249998452694854,0,bent,0.19140625,0,4294967295,4294967295,1,10,0.99394327402114868,0,0,0,0.99394332661799123,1.0017293311023441,7.5336867237621575e-06,-1.3523857444524765,-0.00024440273409709334,-2.4264779612421989,-0.067037770107894579,loading,7.5336867237621575e-06,0.017973343602801752,6.1727667750933546e-09,0.25308987498283386,2.0939356545568444e-05,0,0,0,1,1,1,0.19140916729585361,24
48,0.00061249998452694854,1,held_reference,0,0,4294967295,4294967295,1,6,0.99999946355819702,0,0,0,0.99999956898300146,1.0000007498774528,1.8771406608397488e-09,0.0030624064602307044,-0.0054855509079061449,9.8222094038646901e-05,2.5586657040184961e-07,loading,1.8771406608397488e-09,6.0168541866740941e-05,5.8849997452135063e-14,0.00091346754925325513,1.0401664667369914e-06,0,0,0,1,1,1,-4.8827249338482003e-14,24
49,0.00062499998421117198,0,bent,0.1953125,0,4294967295,4294967295,1,10,0.99392229318618774,0,0,0,0.99392226909068293,1.0017755428754587,7.7429372896507865e-06,-1.2930760085582733,-0.0085984949837438762,-2.4550331896170974,-0.068436342487845997,loading,7.7429372896507865e-06,0.016766469800230173,5.2413825727752402e-09,0.25263789296150208,2.1533316612476483e-05,0,0,0,1,1,1,0.19532281137089266,24
49,0.00062499998421117198,1,held_reference,0,0,4294967295,4294967295,1,7,0.99999946355819702,0,0,0,0.99999956898300146,1.0000007498774528,1.8771406608397488e-09,0.0030301424767458229,-0.0030221132910810411,0.00010464030805223956,3.0965601944717452e-07,loading,1.8771406608397488e-09,6.4351433650355311e-05,6.3818925204941176e-14,0.00091346754925325513,1.0930860980806756e-06,0,0,0,1,1,1,-4.8827249338482003e-14,24
50,0.00063749998389539542,0,bent,0.19921875,0,4294967295,4294967295,1,10,0.99366921186447144,0,0,0,0.9936692165660892,1.001852438168134,8.0075682177562738e-06,-1.5620318800210953,0.0074308738112449646,-2.4216426946222782,-0.067024021753783303,loading,8.0075682177562738e-06,0.021777108056456565,8.9790227873756931e-09,0.25491967797279358,2.0969147954019718e-05,0,0,0,1,1,1,0.19921705321862959,24
50,0.00063749998389539542,1,held_reference,0,0,4294967295,4294967295,1,6,0.99999946355819702,0,0,0,0.99999956898300146,1.0000007519064984,1.8771406608397488e-09,0.0030624063583672978,-0.0054319287010002881,9.8625002976859832e-05,2.5602737397639409e-07,loading,1.8771406608397488e-09,7.244623065559932e-05,5.9651678569746185e-14,0.00091346754925325513,1.0347957868361846e-06,0,0,0,1,1,1,-4.8827249338482003e-14,24
51,0.00064999998357961886,0,bent,0.203125,0,4294967295,4294967295,1,10,0.99354100227355957,0,0,0,0.99354109353024855,1.0019401379967499,8.2833623916214653e-06,-1.5792624056339264,0.011374540277756751,-2.4125673733651638,-0.067163683174719005,loading,8.2833623916214653e-06,0.022212734217752599,8.5247707228946024e-09,0.25347054004669189,2.0937668523401953e-05,0,0,0,1,1,1,0.20313068721173855,24
51,0.00064999998357961886,1,held_reference,0,0,4294967295,4294967295,1,7,0.99999946355819702,0,0,0,0.99999956898300146,1.0000007540252049,1.8771406608397488e-09,0.0030301425304060103,-0.0030216734594432637,0.0001047872686399387,3.0971480473635835e-07,loading,1.8771406608397488e-09,6.4285927076609679e-05,6.2854790208695324e-14,0.00091346754925325513,1.0789401585498126e-06,0,0,0,1,1,1,-4.8827249338482003e-14,24
52,0.0006624999832638423,0,bent,0.20703125,0,4294967295,4294967295,1,10,0.99354338645935059,0,0,0,0.99354340271038966,1.0020206317246809,8.4855711603342173e-06,-1.3495036065578461,0.011836498626507819,-2.4792678598314524,-0.069278178769863988,loading,8.4855711603342173e-06,0.01728600254788815,5.41170796243946e-09,0.2521480917930603,2.1185573132243007e-05,0,0,0,1,1,1,0.20701166202392407,24
52,0.0006624999832638423,1,held_reference,0,0,4294967295,4294967295,1,7,0.99999946355819702,0,0,0,0.99999956898300146,1.0000007561154036,1.8771406608397488e-09,0.003062406354729319,-0.0056190147588495165,9.8713274240935789e-05,2.5606314509786894e-07,loading,1.8771406608397488e-09,7.1640887165423195e-05,6.6253180886669816e-14,0.00091346754925325513,1.0412280744276359e-06,0,0,0,1,1,1,-4.8827249338482003e-14,24
53,0.00067499998294806574,0,bent,0.2109375,0,4294967295,4294967295,1,10,0.99329638481140137,0,0,0,0.99329635044860143,1.0020869129874002,8.7125583676052115e-06,-1.4010353684425354,0.0087882858933880925,-2.4796045469120145,-0.070234138246154765,loading,8.7125583676052115e-06,0.018201146737134653,5.8278470633929195e-09,0.25249496102333069,2.1408177417470142e-05,0,0,0,1,1,1,0.21094966114591238,24
53,0.00067499998294806574,1,held_reference,0,0,4294967295,4294967295,1,7,0.99999946355819702,0,0,0,0.99999956898300146,1.0000007574217511,1.8771406608397488e-09,0.0030302557943286956,-0.003064249103772454,0.00011482088123671019,3.1108708852752861e-07,loading,1.8771406608397488e-09,6.2343545090256389e-05,6.2585001858078312e-14,0.00091346754925325513,1.0633743841026444e-06,0,0,0,1,1,1,-4.8827249338482003e-14,24
54,0.00068749998263228917,0,bent,0.21484375,0,4294967295,4294967295,1,10,0.99314117431640625,0,0,0,0.99314112160682744,1.0021899109509023,8.9827915081097101e-06,-1.5857295542955399,7.9090707004070282e-05,-2.4589434340596199,-0.069100920587200076,loading,8.9827915081097101e-06,0.02224728436461456,9.2006236238498024e-09,0.25349876284599304,2.0882966055069119e-05,0,0,0,1,1,1,0.21483065005837657,24
54,0.00068749998263228917,1,held_reference,0,0,4294967295,4294967295,1,7,0.99999946355819702,0,0,0,0.99999956898300146,1.0000007498774528,1.8771406608397488e-09,0.0030624063874711283,-0.0056272345391334966,9.7235667084305533e-05,2.554717999119016e-07,loading,1.8771406608397488e-09,6.3249414107982921e-05,6.7111586443511241e-14,0.00091346754925325513,1.0918541875071242e-06,0,0,0,1,1,1,-4.8827249338482003e-14,24
55,0.00069999998231651261,0,bent,0.21875,0,4294967295,4294967295,1,10,0.99311202764511108,0,0,0,0.99311205356468957,1.0022473200983855,9.1898779985849685e-06,-1.3481607735157013,0.004633092088624835,-2.5154383834451437,-0.071692443949844781,loading,9.1898779985849685e-06,0.016595130087991031,4.9975151858929777e-09,0.25185948610305786,2.1417507014120929e-05,0,0,0,1,1,1,0.21877078255929591,24
55,0.00069999998231651261,1,held_reference,0,0,4294967295,4294967295,1,7,0.99999946355819702,0,0,0,0.99999956898300146,1.0000007498774528,1.8771406608397488e-09,0.0030301426068035653,-0.0030466228927252814,0.00010231842730945573,3.0872734407785163e-07,loading,1.8771406608397488e-09,7.0968926155129275e-05,6.5012096946478665e-14,0.00091346754925325513,1.055606730915315e-06,0,0,0,1,1,1,-4.8827249338482003e-14,24
56,0.00071249998200073605,0,bent,0.22265625,0,4294967295,4294967295,1,10,0.99291092157363892,0,0,0,0.99291100521551756,1.0023395631258276,9.4532865129491089e-06,-1.5806665122509003,0.018479389138519764,-2.4600975923240185,-0.070689365296083898,loading,9.4532865129491089e-06,0.021654747861958961,8.7546509755752897e-09,0.25377365946769714,2.1187217498663813e-05,0,0,0,1,1,1,0.22262420775229036,24
56,0.00071249998200073605,1,held_reference,0,0,4294967295,4294967295,1,7,0.99999946355819702,0,0,0,0.99999956898300146,1.0000007498774528,1.8771406608397488e-09,0.003062406336539425,-0.0056014878791756928,9.6868012974482554e-05,2.5532507539173773e-07,loading,1.8771406608397488e-09,6.4536056937091211e-05,6.5012570583172578e-14,0.00091346754925325513,1.0720001455410966e-06,0,0,0,1,1,1,-4.8827249338482003e-14,24
57,0.00072499998168495949,0,bent,0.2265625,0,4294967295,4294967295,1,10,0.99279993772506714,0,0,0,0.9928000543846266,1.0024195950934982,9.7123819820548221e-06,-1.5289443135261536,0.013141761068254709,-2.4959040386602283,-0.071474555080983521,loading,9.7123819820548221e-06,0.020826744193048245,7.5950381938253334e-09,0.25087139010429382,2.1004580048611388e-05,0,0,0,1,1,1,0.22657868843323525,24
57,0.00072499998168495949,1,held_reference,0,0,4294967295,4294967295,1,6,0.99999946355819702,0,0,0,0.99999956898300146,1.0000007498774528,1.8771406608397488e-09,0.0030301424567369395,-0.0030924145685276017,0.00010333203289292214,3.091327494030334e-07,loading,1.8771406608397488e-09,7.2089233668501575e-05,5.913229076404834e-14,0.00091346754925325513,1.0525560583118931e-06,0,0,0,1,1,1,-4.8827249338482003e-14,24
58,0.00073749998136918293,0,bent,0.23046875,0,4294967295,4294967295,1,10,0.99274522066116333,0,0,0,0.99274520122284415,1.0024947883993698,9.9275559536161481e-06,-1.3317529261112213,0.0056010084226727486,-2.5208116173744202,-0.073084605991718302,loading,9.9275559536161481e-06,0.018107294678048422,6.0259785268936272e-09,0.25103902816772461,2.1422920326585881e-05,0,0,0,1,1,1,0.23043211399223251,24
58,0.00073749998136918293,1,held_reference,0,0,4294967295,4294967295,1,6,0.99999946355819702,0,0,0,0.99999956898300146,1.0000007498774528,1.8771406608397488e-09,0.0030624062965216581,-0.0054180502484086901,9.7574231006092305e-05,2.5560718390988723e-07,loading,1.8771406608397488e-09,6.0273231664687024e-05,5.8396114958630147e-14,0.00091346754925325513,1.0574644875305239e-06,0,0,0,1,1,1,-4.8827249338482003e-14,24
59,0.00074999998105340637,0,bent,0.234375,0,4294967295,4294967295,1,10,0.99257367849349976,0,0,0,0.99257371917768544,1.0025660484941361,1.0155292418265958e-05,-1.4025335311889648,0.022418588632717729,-2.5390957444906235,-0.074474067455758325,loading,1.0155292418265958e-05,0.018268353804665918,5.9295801170218229e-09,0.25296545028686523,2.1476269466802478e-05,0,0,0,1,1,1,0.23438659767447653,24
59,0.00074999998105340637,1,held_reference,0,0,4294967295,4294967295,1,6,0.99999946355819702,0,0,0,0.99999956898300146,1.0000007503342772,1.8771406608397488e-09,0.0030301424903882435,-0.0030022934370208532,0.00010388548676587561,3.0935404904630509e-07,loading,1.8771406608397488e-09,6.0081467150693924e-05,5.8329844653971249e-14,0.00091346754925325513,1.0668505865396583e-06,0,0,0,1,1,1,-4.8827249338482003e-14,24
60,0.00076249998073762981,0,bent,0.23828125,0,4294967295,4294967295,1,10,0.99242568016052246,0,0,0,0.9924256724212166,1.0026478392675973,1.0414811842922573e-05,-1.561920553445816,0.015904681757092476,-2.5046172076836228,-0.073491058208976182,loading,1.0414811842922573e-05,0.021190153334315308,8.4655407914248837e-09,0.25443556904792786,2.1378995370469056e-05,0,0,0,1,1,1,0.2382706688812892,24
60,0.00076249998073762981,1,held_reference,0,0,4294967295,4294967295,1,7,0.99999946355819702,0,0,0,0.99999956898300146,1.0000007498774528,1.8771406608397488e-09,0.003062406449316768,-0.0055551850527990609,9.8044785033835069e-05,2.5579555624426569e-07,loading,1.8771406608397488e-09,7.1763812851839858e-05,6.4710242896480456e-14,0.00091346754925325513,1.0670921710698167e-06,0,0,0,1,1,1,-4.8827249338482003e-14,24
61,0.00077499998042185325,0,bent,0.2421875,0,4294967295,4294967295,1,10,0.99228584766387939,0,0,0,0.99228598777025456,1.0027274934233357,1.0679876502735847e-05,-1.5079250037670135,0.029480850324034691,-2.5235786736011505,-0.073971855652388105,loading,1.0679876502735847e-05,0.021325212701621906,8.1850152937162829e-09,0.25301441550254822,2.1270971046760678e-05,0,0,0,1,1,1,0.24220557919317376,24
61,0.00077499998042185325,1,held_reference,0,0,4294967295,4294967295,1,6,0.99999946355819702,0,0,0,0.99999956898300146,1.0000007498774528,1.8771406608397488e-09,0.0030301424649223918,-0.0030275751341832802,0.00010421763130352701,3.0948694496146332e-07,loading,1.8771406608397488e-09,6.0048898982755159e-05,5.9850561356641199e-14,0.00091346754925325513,1.0850774287973763e-06,0,0,0,1,1,1,-4.8827249338482003e-14,24
62,0.00078749998010607669,0,bent,0.24609375,0,4294967295,4294967295,1,10,0.99213826656341553,0,0,0,0.99213827356533169,1.0028200349988219,1.0941363178043185e-05,-1.555146262049675,0.011219833046197891,-2.5041318228468299,-0.074172262046208581,loading,1.0941363178043185e-05,0.021763791691528072,8.8119209608378e-09,0.25234687328338623,2.1422782083391212e-05,0,0,0,1,1,1,0.24608966625885018,24
62,0.00078749998010607669,1,held_reference,0,0,4294967295,4294967295,1,6,0.99999946355819702,0,0,0,0.99999956898300146,1.0000007498774528,1.8771406608397488e-09,0.0030624063510913402,-0.0053458344627870247,9.8199741415783137e-05,2.5585752044935317e-07,loading,1.8771406608397488e-09,6.022503900166795e-05,5.9648195020508295e-14,0.00091346754925325513,1.0580577054497553e-06,0,0,0,1,1,1,-4.8827249338482003e-14,24
63,0.00079999997979030013,0,bent,0.25,0,4294967295,4294967295,1,10,0.9920458197593689,0,0,0,0.99204583703355698,1.0028965726918631,1.1192830144523133e-05,-1.4802935719490051,-0.018441178370267153,-2.5232217609882355,-0.075271074289215367,loading,1.1192830144523133e-05,0.02019262353816606,7.2243663109413181e-09,0.25190669298171997,2.1549101802520454e-05,0,0,0,1,1,1,0.25000022428743224,24
63,0.00079999997979030013,1,held_reference,0,0,4294967295,4294967295,1,7,0.99999946355819702,0,0,0,0.99999956898300146,1.0000007498774528,1.8771406608397488e-09,0.0030301424749268335,-0.0028863291518064216,0.00010434070665610307,3.095362758349434e-07,loading,1.8771406608397488e-09,7.0988443793285438e-05,6.2425324362934873e-14,0.00091346754925325513,1.0658798146323534e-06,0,0,0,1,1,1,-4.8827249338482003e-14,24
64,0.00081249997947452357,0,bent,0.25,0,4294967295,4294967295,1,10,0.99212116003036499,0,0,0,0.99212115092197894,1.0030061214971266,1.1472464965929846e-05,-0.98780271410942078,0.036801115958951414,-2.269968438660726,-0.074061763692541693,hold,1.1472464965929846e-05,0.029290776810165654,1.2581018148551002e-08,0.23259566724300385,1.9956900359829888e-05,0,0,0,1,1,1,0.25000022428743224,24
64,0.00081249997947452357,1,held_reference,0,0,4294967295,4294967295,1,7,0.99999946355819702,0,0,0,0.99999956898300146,1.0000007498774528,1.8771406608397488e-09,0.0030624063983850647,-0.0054764238302595913,9.8326484049948704e-05,2.5590822951198753e-07,hold,1.8771406608397488e-09,6.340913868645299e-05,6.5015034666635991e-14,0.00091346754925325513,1.0639084848662606e-06,0,0,0,1,1,1,-4.8827249338482003e-14,24
65,0.00082499997915874701,0,bent,0.25,0,4294967295,4294967295,1,10,0.99207085371017456,0,0,0,0.9920707741460284,1.0030853735605827,1.1601969709471146e-05,-1.4064834713935852,-0.021129686618223786,-2.1907594171352684,-0.071311959442157319,hold,1.1601969709471146e-05,0.012209481946990855,2.265414399873336e-09,0.2220151275396347,1.9423558114795014e-05,0,0,0,1,1,1,0.25000022428743224,24
65,0.00082499997915874701,1,held_reference,0,0,4294967295,4294967295,1,7,0.99999946355819702,0,0,0,0.99999956898300146,1.0000007498774528,1.8771406608397488e-09,0.0030301425122161163,-0.0028623096441151574,0.0001044692370157918,3.0958751071921099e-07,hold,1.8771406608397488e-09,7.0983335752222582e-05,6.5499032586859385e-14,0.00091346754925325513,1.0542638619881473e-06,0,0,0,1,1,1,-4.8827249338482003e-14,24
66,0.00083749997884297045,0,bent,0.25,0,4294967295,4294967295,1,10,0.99220830202102661,0,0,0,0.99220832647208479,1.0032744918062475,1.1920302803312024e-05,-1.0768820643424988,0.10013408702798188,-2.0408283332362771,-0.069105640736783241,hold,1.1920302803312024e-05,0.033709887259468656,1.7202378472130678e-08,0.1932377815246582,1.7778142137103714e-05,0,0,0,1,1,1,0.25000022428743224,24
66,0.00083749997884297045,1,held_reference,0,0,4294967295,4294967295,1,6,0.99999934434890747,0,0,0,0.99999947585078208,1.0000007498774528,1.8771406608397488e-09,0.0030624062819697428,-0.0052689487783936784,0.00010168715670033635,2.5725261844490869e-07,hold,1.8771406608397488e-09,6.0423993667074316e-05,5.6971651935267653e-14,0.00091346754925325513,1.0864079058592324e-06,0,0,0,1,1,1,-4.8827249338482003e-14,24
67,0.00084999997852719389,0,bent,0.25,0,4294967295,4294967295,1,10,0.99215936660766602,0,0,0,0.9921593052144545,1.0033416920285312,1.2022118671664427e-05,-1.3533003330230713,-0.015059068333357573,-1.9078176887705922,-0.067037569155361534,hold,1.2022118671664427e-05,0.01008772187089514,1.8781666922561482e-09,0.18482972681522369,1.692951082077343e-05,0,0,0,1,1,1,0.25000022428743224,24
67,0.00084999997852719389,1,held_reference,0,0,4294967295,4294967295,1,7,0.99999910593032837,0,0,0,0.99999927070196981,1.0000007498774528,1.8771406608397488e-09,0.0030301425249490421,-0.0028143003291916102,0.00010498681470494375,3.0979450487575335e-07,hold,1.8771406608397488e-09,6.4576598892354044e-05,6.4116749595649439e-14,0.00091346754925325513,1.030996031659015e-06,0,0,0,1,1,1,-4.8827249338482003e-14,24
68,0.00086249997821141733,0,bent,0.25,0,4294967295,4294967295,1,10,0.99220556020736694,0,0,0,0.99220555239994745,1.0034891305437958,1.2223502252783132e-05,-0.92676979303359985,0.07991261500865221,-1.8941746857017279,-0.066246295885167464,hold,1.2223502252783132e-05,0.020569664064499647,8.3277883340321333e-09,0.16962434351444244,1.609862556506414e-05,0,0,0,1,1,1,0.25000022428743224,24
68,0.00086249997821141733,1,held_reference,0,0,4294967295,4294967295,1,7,0.99999910593032837,0,0,0,0.99999927070196981,1.0000007498774528,1.8771406608397488e-09,0.0030624064238509163,-0.00546762537851464,9.7417680763101089e-05,2.5554454935263491e-07,hold,1.8771406608397488e-09,7.1454562386651839e-05,6.3050025411182282e-14,0.00091346754925325513,1.0845909628187655e-06,0,0,0,1,1,1,-4.8827249338482003e-14,24
69,0.00087499997789564077,0,bent,0.25,0,4294967295,4294967295,1,10,0.99220257997512817,0,0,0,0.99220253613140186,1.0035479609114961,1.2309463020995274e-05,-1.1822372078895569,-0.019279430678579956,-1.8006225805729628,-0.064618198719774811,hold,1.2309463020995274e-05,0.0083256862410333692,1.4764575294954811e-09,0.16898055374622345,1.5748921214253642e-05,0,0,0,1,1,1,0.25000022428743224,24
69,0.00087499997789564077,1,held_reference,0,0,4294967295,4294967295,1,7,0.99999910593032837,0,0,0,0.99999927070196981,1.0000007498774528,1.8771406608397488e-09,0.0030301424485514872,-0.0028647279686992988,0.00010377822235341227,3.0931123609479955e-07,hold,1.8771406608397488e-09,6.2173426825294051e-05,6.3081173628046629e-14,0.00091346754925325513,1.0600909945424064e-06,0,0,0,1,1,1,-4.8827249338482003e-14,24
70,0.00088749997757986421,0,bent,0.25,0,4294967295,4294967295,1,10,0.99223107099533081,0,0,0,0.992231105650075,1.0036749440582307,1.2487240436185419e-05,-0.85964882373809814,0.08280244329944253,-1.7624432714655995,-0.063628150250024454,hold,1.2487240436185419e-05,0.018206294024622868,7.114584038339053e-09,0.16143953800201416,1.5059498764458112e-05,0,0,0,1,1,1,0.25000022428743224,24
70,0.00088749997757986421,1,held_reference,0,0,4294967295,4294967295,1,6,0.99999910593032837,0,0,0,0.99999927070196981,1.0000007498774528,1.8771406608397488e-09,0.0030624063037976157,-0.0052281298558227718,9.7901828212343389e-05,2.5573831360452467e-07,hold,1.8771406608397488e-09,7.267461150927894e-05,5.4666566073965942e-14,0.00091346754925325513,1.0452556580275996e-06,0,0,0,1,1,1,-4.8827249338482003e-14,24
71,0.00089999997726408765,0,bent,0.25,0,4294967295,4294967295,1,10,0.99224257469177246,0,0,0,0.99224259675068816,1.0037100482249257,1.2558852060451718e-05,-1.0149582028388977,-0.010827947640791535,-1.6979097323492169,-0.062468439267254337,hold,1.2558852060451718e-05,0.0068164453340539815,1.0328276549013505e-09,0.15982626378536224,1.4774477676837705e-05,0,0,0,1,1,1,0.25000022428743224,24
71,0.00089999997726408765,1,held_reference,0,0,4294967295,4294967295,1,7,0.99999910593032837,0,0,0,0.99999927070196981,1.0000007498774528,1.8771406608397488e-09,0.0030301425022116746,-0.0027941495791310444,0.00010415877909508708,3.0946346664586574e-07,hold,1.8771406608397488e-09,6.4801111962232974e-05,6.2594442816292183e-14,0.00091346754925325513,1.0816653457368375e-06,0,0,0,1,1,1,-4.8827249338482003e-14,24
72,0.00091249997694831109,0,bent,0.25,0,4294967295,4294967295,1,10,0.99230140447616577,0,0,0,0.99230143241073776,1.0038396896072275,1.2741857727749893e-05,-0.76300379633903503,0.069349253084510565,-1.6580711165443063,-0.061347426048049158,hold,1.2741857727749893e-05,0.01892009625734033,8.0389094641945518e-09,0.15531735122203827,1.4129991541267373e-05,0,0,0,1,1,1,0.25000022428743224,24
72,0.00091249997694831109,1,held_reference,0,0,4294967295,4294967295,1,7,0.99999910593032837,0,0,0,0.99999927070196981,1.0000007498774528,1.8771406608397488e-09,0.003062406336539425,-0.0054513512150151655,9.8318908811734218e-05,2.5590520748664811e-07,hold,1.8771406608397488e-09,7.1894206734580369e-05,6.0997199598143796e-14,0.00091346754925325513,1.0327155450795544e-06,0,0,0,1,1,1,-4.8827249338482003e-14,24
73,0.00092499997663253453,0,bent,0.25,0,4294967295,4294967295,1,10,0.99230849742889404,0,0,0,0.99230847666779487,1.0038633165703466,1.2806409868013634e-05,-1.0009498298168182,-0.019280756823718548,-1.5915543148294091,-0.060289998964546988,hold,1.2806409868013634e-05,0.0064847864793689215,9.8516883092343464e-10,0.15338903665542603,1.3664997823070735e-05,0,0,0,1,1,1,0.25000022428743224,24
73,0.00092499997663253453,1,held_reference,0,0,4294967295,4294967295,1,7,0.99999910593032837,0,0,0,0.99999927070196981,1.0000007498774528,1.8771406608397488e-09,0.0030301424931167276,-0.0028576540062204003,0.00010453266244780934,3.0961290660979976e-07,hold,1.8771406608397488e-09,6.6305901090133631e-05,6.0015366112659997e-14,0.00091346754925325513,1.045015778800007e-06,0,0,0,1,1,1,-4.8827249338482003e-14,24
74,0.00093749997631675797,0,bent,0.25,0,4294967295,4294967295,1,10,0.99233198165893555,0,0,0,0.99233180706330926,1.0038977137872453,1.2910264562810375e-05,-0.77508670091629028,0.059982336591929197,-1.5806373357772827,-0.059772562059683301,hold,1.2910264562810375e-05,0.011023247792392023,2.8725738338948234e-09,0.15344658493995667,1.3224183931015432e-05,0,0,0,1,1,1,0.25000022428743224,24
74,0.00093749997631675797,1,held_reference,0,0,4294967295,4294967295,1,7,0.99999910593032837,0,0,0,0.99999927070196981,1.0000007498774528,1.8771406608397488e-09,0.0030624063347204356,-0.0054905684955883771,9.8601001070619532e-05,2.5601793587338733e-07,hold,1.8771406608397488e-09,7.1680053023567177e-05,6.1805344145928535e-14,0.00091346754925325513,1.0829515986188198e-06,0,0,0,1,1,1,-4.8827249338482003e-14,24
75,0.00094999997600098141,0,bent,0.25,0,4294967295,4294967295,1,10,0.99234730005264282,0,0,0,0.99234728736847866,1.0039191371544693,1.298411350158577e-05,-0.86103725433349609,-0.030601038597524166,-1.5223960368894041,-0.058904539108736699,hold,1.298411350158577e-05,0.0075434162689704994,1.3773253588808267e-09,0.15152816474437714,1.3037199096288532e-05,0,0,0,1,1,1,0.25000022428743224,24
75,0.00094999997600098141,1,held_reference,0,0,4294967295,4294967295,1,7,0.99999910593032837,0,0,0,0.99999927070196981,1.0000007498774528,1.8771406608397488e-09,0.0030301424121716991,-0.0028743835282512009,0.00010475805507326186,3.0970335351594239e-07,hold,1.8771406608397488e-09,6.4868422524925383e-05,6.1228671897383213e-14,0.00091346754925325513,1.0601841040625004e-06,0,0,0,1,1,1,-4.8827249338482003e-14,24
76,0.00096249997568520484,0,bent,0.25,0,4294967295,4294967295,1,10,0.99237024784088135,0,0,0,0.99237027983521742,1.0039719215250729,1.3072383816017817e-05,-0.74547430872917175,0.067968074232339859,-1.51068041077815,-0.05858868045701001,hold,1.3072383816017817e-05,0.0095958658535692902,2.192689033736684e-09,0.15058921277523041,1.2704726941592526e-05,0,0,0,1,1,1,0.25000022428743224,24
76,0.00096249997568520484,1,held_reference,0,0,4294967295,4294967295,1,7,0.99999910593032837,0,0,0,0.99999927070196981,1.0000007498774528,1.8771406608397488e-09,0.0030624062928836793,-0.0054488630848936737,9.8823710601436687e-05,2.5610720515760409e-07,hold,1.8771406608397488e-09,7.180031088805198e-05,6.0117506798525961e-14,0.00091346754925325513,1.0240690926366369e-06,0,0,0,1,1,1,-4.8827249338482003e-14,24
77,0.00097499997536942828,0,bent,0.25,0,4294967295,4294967295,1,10,0.99238294363021851,0,0,0,0.99238291348220897,1.0040072298339464,1.3136382842346223e-05,-0.80064055323600769,-0.025734283030033112,-1.4673777133575641,-0.057764055795884381,hold,1.3136382842346223e-05,0.0066771028994107523,1.0794395645778767e-09,0.14964307844638824,1.2363512723823078e-05,0,0,0,1,1,1,0.25000022428743224,24
77,0.00097499997536942828,1,held_reference,0,0,4294967295,4294967295,1,7,0.99999910593032837,0,0,0,0.99999927070196981,1.0000007498774528,1.8771406608397488e-09,0.0030301424749268335,-0.0028611970192287117,0.0001049378535356027,3.0977502995938242e-07,hold,1.8771406608397488e-09,6.7416558666615498e-05,6.0425356005774996e-14,0.00091346754925325513,1.0729452242230764e-06,0,0,0,1,1,1,-4.8827249338482003e-14,24
78,0.00098749997505365172,0,bent,0.25,0,4294967295,4294967295,1,10,0.99240261316299438,0,0,0,0.99240263129600059,1.0040565651664362,1.3224093080935862e-05,-0.72060143947601318,0.054666081909090281,-1.4351003016345203,-0.057164271477283743,hold,1.3224093080935862e-05,0.0096557131608110969,2.2299278741438008e-09,0.14870603382587433,1.2187379070383031e-05,0,0,0,1,1,1,0.25000022428743224,24
78,0.00098749997505365172,1,held_reference,0,0,4294967295,4294967295,1,7,0.99999910593032837,0,0,0,0.99999927070196981,1.0000007498774528,1.8771406608397488e-09,0.0030624064092990011,-0.0054266238439595327,9.8966372462427898e-05,2.5616417295532275e-07,hold,1.8771406608397488e-09,7.1756727006903946e-05,6.1272020109983104e-14,0.00091346754925325513,1.0355106496717781e-06,0,0,0,1,1,1,-4.8827249338482003e-14,24
79,0.00099999997473787516,0,bent,0.25,0,4294967295,4294967295,1,10,0.99241375923156738,0,0,0,0.99241385213828714,1.0040945762775668,1.3282693768753992e-05,-0.7504805326461792,-0.029538911767303944,-1.4001006118487567,-0.056379498751021488,hold,1.3282693768753992e-05,0.0061890718137649764,9.3586733379577104e-10,0.14775381982326508,1.1989614904450718e-05,0,0,0,1,1,1,0.25000022428743224,24
79,0.00099999997473787516,1,held_reference,0,0,4294967295,4294967295,1,7,0.99999910593032837,0,0,0,0.99999927070196981,1.0000007498774528,1.8771406608397488e-09,0.0030301424649223918,-0.0028478807653300464,0.00010511724281059287,3.0984681397785599e-07,hold,1.8771406608397488e-09,6.7550229508117645e-05,5.9410645731331589e-14,0.00091346754925325513,1.0779298236229806e-06,0,0,0,1,1,1,-4.8827249338482003e-14,24
80,0.0010124999744220986,0,bent,0.25,0,4294967295,4294967295,1,10,0.99242645502090454,0,0,0,0.99242643900554028,1.004130166093167,1.3356449573346962e-05,-0.65031784772872925,0.05012464290484786,-1.3769970652647316,-0.05605386048763867,hold,1.3356449573346962e-05,0.0083413953700132663,1.671188172026047e-09,0.14680913090705872,1.1582245861063711e-05,0,0,0,1,1,1,0.25000022428743224,24
80,0.0010124999744220986,1,held_reference,0,0,4294967295,4294967295,1,7,0.99999910593032837,0,0,0,0.99999927070196981,1.0000007498774528,1.8771406608397488e-09,0.0030624063983850647,-0.0054353110172087327,9.91639226128882e-05,2.5624309949125692e-07,hold,1.8771406608397488e-09,7.1790602780525515e-05,6.2766460644167445e-14,0.00091346754925325513,1.0480575838300865e-06,0,0,0,1,1,1,-4.8827249338482003e-14,24
81,0.001024999974106322,0,bent,0.25,0,4294967295,4294967295,1,10,0.99243676662445068,0,0,0,0.99243673642432984,1.0041640702299934,1.3414411602143948e-05,-0.74127703905105591,-0.024603925179690123,-1.3467079061083496,-0.055389014741428905,hold,1.3414411602143948e-05,0.0061680154341327061,9.2356592789482422e-10,0.14585062861442566,1.1309922228974756e-05,0,0,0,1,1,1,0.25000022428743224,24
81,0.001024999974106322,1,held_reference,0,0,4294967295,4294967295,1,7,0.99999910593032837,0,0,0,0.99999927070196981,1.0000007498774528,1.8771406608397488e-09,0.0030301425622383249,-0.0028169698780402541,0.00010529862427688386,3.099194048072599e-07,hold,1.8771406608397488e-09,6.3680523375996473e-05,5.8778082018686519e-14,0.00091346754925325513,1.0499454674572917e-06,0,0,0,1,1,1,-4.8827249338482003e-14,24
82,0.0010374999737905455,0,bent,0.25,0,4294967295,4294967295,1,10,0.99245578050613403,0,0,0,0.99245582989379533,1.0041961887705528,1.3479871993691503e-05,-0.64059001207351685,0.035950930789113045,-1.3288230467587709,-0.055140570194084006,hold,1.3479871993691503e-05,0.0073973499008853335,1.3348245035771824e-09,0.14588259160518646,1.1226399692532141e-05,0,0,0,1,1,1,0.25000022428743224,24
82,0.0010374999737905455,1,held_reference,0,0,4294967295,4294967295,1,6,0.99999910593032837,0,0,0,0.99999927070196981,1.0000007498774528,1.8771406608397488e-09,0.0030624064565927256,-0.0051760616042884067,9.9229692636981781e-05,2.5626950190417103e-07,hold,1.8771406608397488e-09,7.2600726730677727e-05,5.2526883885195587e-14,0.00097564916359260678,1.0469437938809278e-06,0,0,0,1,1,1,-4.8827249338482003e-14,24
83,0.0010499999734747689,0,bent,0.25,0,4294967295,4294967295,1,10,0.99245846271514893,0,0,0,0.99245846974771812,1.0042306569339463,1.3533387026224402e-05,-0.60071155428886414,-0.035194388125091791,-1.2929934349376708,-0.054510801491395068,hold,1.3533387026224402e-05,0.005972921552977269,8.6056761651866347e-10,0.14492422342300415,1.1101203199359588e-05,0,0,0,1,1,1,0.25000022428743224,24
83,0.0010499999734747689,1,held_reference,0,0,4294967295,4294967295,1,8,0.99999910593032837,0,0,0,0.99999927070196981,1.0000007498774528,1.8771406608397488e-09,0.0030301424940262223,-0.0026382232608739287,0.00010543395228523877,3.099734337720289e-07,hold,1.8771406608397488e-09,6.959243033834274e-05,6.8004610066584749e-14,0.00091346754925325513,1.0634780664986465e-06,0,0,0,1,1,1,-4.8827249338482003e-14,24
84,0.0010624999731589924,0,bent,0.25,0,4294967295,4294967295,1,10,0.99247282743453979,0,0,0,0.99247273981218231,1.0042594221317103,1.3582777298683301e-05,-0.62982407212257385,0.022139370907098055,-1.277505659731105,-0.054111113414078094,hold,1.3582777298683301e-05,0.0055324000897847576,7.413520636442721e-10,0.14396211504936218,1.0678347280190792e-05,0,0,0,1,1,1,0.25000022428743224,24
84,0.0010624999731589924,1,held_reference,0,0,4294967295,4294967295,1,7,0.99999910593032837,0,0,0,0.99999927070196981,1.0000007498774528,1.8771406608397488e-09,0.0030624063128925627,-0.0053720629657618701,9.8996705958143139e-05,2.5617660236457581e-07,hold,1.8771406608397488e-09,7.2675793910688253e-05,6.1159838955242152e-14,0.00091346754925325513,1.0789657380883e-06,0,0,0,1,1,1,-4.8827249338482003e-14,24
85,0.0010749999728432158,0,bent,0.25,0,4294967295,4294967295,1,10,0.99246364831924438,0,0,0,0.99246363757366207,1.0042964121698292,1.3655755825764102e-05,-0.63952347636222839,-0.025539281778037548,-1.2401382939424366,-0.053598215099593303,hold,1.3655755825764102e-05,0.0084335740055448988,1.7087513621140906e-09,0.14301513135433197,1.0851669685507659e-05,0,0,0,1,1,1,0.25000022428743224,24
85,0.0010749999728432158,1,held_reference,0,0,4294967295,4294967295,1,7,0.99999910593032837,0,0,0,0.99999927070196981,1.0000007498774528,1.8771406608397488e-09,0.0030301424440040137,-0.0027995807467959821,0.000104781510998464,3.0971255087661089e-07,hold,1.8771406608397488e-09,7.1862805366729562e-05,6.0925050497405383e-14,0.00097564916359260678,1.0174032922805054e-06,0,0,0,1,1,1,-4.8827249338482003e-14,24
86,0.0010874999725274392,0,bent,0.25,0,4294967295,4294967295,1,10,0.99245023727416992,0,0,0,0.99245015249191326,1.0043135523575577,1.3694312150278452e-05,-0.56621551513671875,0.014503240818157792,-1.2353899106383324,-0.053480443979265851,hold,1.3694312150278452e-05,0.0043659070632598145,4.6512790803724772e-10,0.1430298238992691,1.0441754966450389e-05,0,0,0,1,1,1,0.25000022428743224,24
86,0.0010874999725274392,1,held_reference,0,0,4294967295,4294967295,1,7,0.99999910593032837,0,0,0,0.99999927070196981,1.0000007498774528,1.8771406608397488e-09,0.0030624063147115521,-0.005408475044532679,9.8732384543609442e-05,2.560706336225849e-07,hold,1.8771406608397488e-09,6.3882684022016691e-05,5.976204576063769e-14,0.00091346754925325513,1.1093469538536738e-06,0,0,0,1,1,1,-4.8827249338482003e-14,24
87,0.0010999999722116627,0,bent,0.25,0,4294967295,4294967295,1,10,0.99242210388183594,0,0,0,0.99242208053503767,1.0043564642185252,1.3768871041562887e-05,-0.5641675591468811,-0.019694759976118803,-1.2041478471364826,-0.052748328961859152,hold,1.3768871041562887e-05,0.0087094003978111442,1.8371642381896126e-09,0.14207838475704193,1.0322722118871752e-05,0,0,0,1,1,1,0.25000022428743224,24
87,0.0010999999722116627,1,held_reference,0,0,4294967295,4294967295,1,6,0.99999910593032837,0,0,0,0.99999927070196981,1.0000007498774528,1.8771406608397488e-09,0.0030301425076686428,-0.0029014721803832799,0.00010481295325348583,3.0972523851869465e-07,hold,1.8771406608397488e-09,7.2452596292287266e-05,5.3630782987378243e-14,0.00091346754925325513,1.03959121133812e-06,0,0,0,1,1,1,-4.8827249338482003e-14,24
88,0.0011124999718958861,0,bent,0.25,0,4294967295,4294967295,1,10,0.99241840839385986,0,0,0,0.99241842094004618,1.004378823432154,1.3802612470124575e-05,-0.5601460337638855,-0.0070210504345595837,-1.1945471232756972,-0.052565120698874569,hold,1.3802612470124575e-05,0.0038623461309673854,3.6302867852455334e-10,0.1410900205373764,9.9134622359997593e-06,0,0,0,1,1,1,0.25000022428743224,24
88,0.0011124999718958861,1,held_reference,0,0,4294967295,4294967295,1,8,0.99999910593032837,0,0,0,0.99999927070196981,1.0000007498774528,1.8771406608397488e-09,0.0030624062983406475,-0.0055511567188659683,9.900087235337196e-05,2.5617794698700871e-07,hold,1.8771406608397488e-09,7.1754198830862098e-05,6.6091072386502232e-14,0.00091346754925325513,1.0560312375673675e-06,0,0,0,1,1,1,-4.8827249338482003e-14,24
89,0.0011249999715801096,0,bent,0.25,0,4294967295,4294967295,1,10,0.99239355325698853,0,0,0,0.99239354848352945,1.0044156493278553,1.3876394582142638e-05,-0.6121884286403656,0.0014455253258347511,-1.1552033715415746,-0.051904547359303374,hold,1.3876394582142638e-05,0.0087362705664718234,1.8349710083797884e-09,0.14014306664466858,9.8753343991120346e-06,0,0,0,1,1,1,0.25000022428743224,24
89,0.0011249999715801096,1,held_reference,0,0,4294967295,4294967295,1,7,0.99999910593032837,0,0,0,0.99999927070196981,1.0000007498774528,1.8771406608397488e-09,0.0030301425367724732,-0.0028393858083290979,0.00010502557478275776,3.0981013194741503e-07,hold,1.8771406608397488e-09,7.0826606425397693e-05,6.0458662930751565e-14,0.00097555859247222543,1.0793987712531816e-06,0,0,0,1,1,1,-4.8827249338482003e-14,24
90,0.001137499971264333,0,bent,0.25,0,4294967295,4294967295,1,10,0.99238002300262451,0,0,0,0.99237999539222466,1.0044324011782322,1.3915054844125284e-05,-0.52579677104949951,-0.0071766311302781105,-1.1410384990158491,-0.05181659103056406,hold,1.3915054844125284e-05,0.004795303771697337,5.5339243863272173e-10,0.14015531539916992,9.6669255071901716e-06,0,0,0,1,1,1,0.25000022428743224,24
90,0.001137499971264333,1,held_reference,0,0,4294967295,4294967295,1,7,0.99999910593032837,0,0,0,0.99999927070196981,1.0000007498774528,1.8771406608397488e-09,0.0030301424958452117,-0.0031718939280835912,0.00010471381835941429,3.0968549733006469e-07,hold,1.8771406608397488e-09,6.4501617377120927e-05,5.7606358284096384e-14,0.00091346754925325513,1.0176117939408869e-06,0,0,0,1,1,1,-4.8827249338482003e-14,24
91,0.0011499999709485564,0,bent,0.25,0,4294967295,4294967295,1,10,0.99236547946929932,0,0,0,0.99236550542624857,1.0044619515455717,1.396247224967689e-05,-0.54809141159057617,-0.006465742364525795,-1.1141661938600009,-0.051205107358053212,hold,1.396247224967689e-05,0.0054726018775411904,7.3602761975933287e-10,0.13918907940387726,9.5637178674223833e-06,0,0,0,1,1,1,0.25000022428743224,24
91,0.0011499999709485564,1,held_reference,0,0,4294967295,4294967295,1,7,0.99999910593032837,0,0,0,0.99999927070196981,1.0000007498774528,1.8771406608397488e-09,0.0030301424594654236,-0.0045787262242811266,0.00010493190831084576,3.097727847525669e-07,hold,1.8771406608397488e-09,7.3071022136327702e-05,5.8583932639029524e-14,0.00097555859247222543,1.0867420314752962e-06,0,0,0,1,1,1,-4.8827249338482003e-14,24
92,0.0011624999706327799,0,bent,0.25,0,4294967295,4294967295,1,10,0.99235445261001587,0,0,0,0.99235440920552132,1.0044832162220336,1.4008686334705262e-05,-0.54366368055343628,-0.0065284590236842632,-1.0947961497586221,-0.05088888785455712,hold,1.4008686334705262e-05,0.0057175392841807499,8.03689187841419e-10,0.13821645081043243,9.3058142738300376e-06,0,0,0,1,1,1,0.25000022428743224,24
92,0.0011624999706327799,1,held_reference,0,0,4294967295,4294967295,1,6,0.99999910593032837,0,0,0,0.99999927070196981,1.0000007498774528,1.8771406608397488e-09,0.0030301424285426037,-0.0030107287238934077,0.00010502007845047956,3.0980790475405209e-07,hold,1.8771406608397488e-09,7.1885632572496968e-05,5.2370668548627984e-14,0.00091346754925325513,1.0648371926436084e-06,0,0,0,1,1,1,-4.8827249338482003e-14,24
93,0.0011749999703170033,0,bent,0.25,0,4294967295,4294967295,1,10,0.99234616756439209,0,0,0,0.99234608758933551,1.0044980827141985,1.404283074898663e-05,-0.51193851232528687,-0.0071178427897393703,-1.0849832040257752,-0.050606447898668312,hold,1.404283074898663e-05,0.0040435806760245087,4.0450696800658569e-10,0.13822713494300842,9.2666741693392396e-06,0,0,0,1,1,1,0.25000022428743224,24
93,0.0011749999703170033,1,held_reference,0,0,4294967295,4294967295,1,7,0.99999910593032837,0,0,0,0.99999927070196981,1.0000007498774528,1.8771406608397488e-09,0.0030301424867502647,-0.0044976276712986873,0.0001051179282569592,3.0984692353194934e-07,hold,1.8771406608397488e-09,6.8821080325000663e-05,5.6248342425653992e-14,0.00097555859247222543,1.0436631328047952e-06,0,0,0,1,1,1,-4.8827249338482003e-14,24
94,0.0011874999700012268,0,bent,0.25,0,4294967295,4294967295,1,10,0.99233317375183105,0,0,0,0.99233314839550313,1.0045271208422961,1.4092294064846319e-05,-0.46651861071586609,0.010678515769541264,-1.0716947265900671,-0.050258277990515625,hold,1.4092294064846319e-05,0.0059470454414641835,8.7690226794520769e-10,0.13726077973842621,9.0106650532106869e-06,0,0,0,1,1,1,0.25000022428743224,24
94,0.0011874999700012268,1,held_reference,0,0,4294967295,4294967295,1,7,0.99999910593032837,0,0,0,0.99999927070196981,1.0000007498774528,1.8771406608397488e-09,0.0030301424840217805,-0.003012580426002387,0.00010521670637331226,3.0988667679866873e-07,hold,1.8771406608397488e-09,7.3261216144138681e-05,6.096155577031017e-14,0.00091346754925325513,1.0594987998047145e-06,0,0,0,1,1,1,-4.8827249338482003e-14,24
95,0.0011999999696854502,0,bent,0.25,0,4294967295,4294967295,1,10,0.99232399463653564,0,0,0,0.9923240697098904,1.004547131026996,1.4127202443367244e-05,-0.4469180703163147,-0.0086569581180810928,-1.0481991949491203,-0.049993892405510394,hold,1.4127202443367244e-05,0.0042737390530812325,4.5175362088848908e-10,0.13726508617401123,8.9307432062923908e-06,0,0,0,1,1,1,0.25000022428743224,24
95,0.0011999999696854502,1,held_reference,0,0,4294967295,4294967295,1,7,0.99999910593032837,0,0,0,0.99999927070196981,1.0000007498774528,1.8771406608397488e-09,0.0030301425158540951,-0.0044984773830947233,0.0001053014556191556,3.0992083692945002e-07,hold,1.8771406608397488e-09,7.2608421345423321e-05,5.852241634224707e-14,0.00097555859247222543,1.0881574326049304e-06,0,0,0,1,1,1,-4.8827249338482003e-14,24
96,0.0012124999693696736,0,bent,0.24609375,0,4294967295,4294967295,1,10,0.99232131242752075,0,0,0,0.99232125667547111,1.0045512516315938,1.4103681884608365e-05,-0.76376697421073914,-0.01371113071218133,-0.91822802741080523,-0.04583344634049618,unloading,1.4103681884608365e-05,0.010286171492984013,1.0989393933540638e-09,0.12940144538879395,1.0103305612574331e-05,0,0,0,1,1,1,0.24608966625885018,24
96,0.0012124999693696736,1,held_reference,0,0,4294967295,4294967295,1,6,0.99999910593032837,0,0,0,0.99999927070196981,1.0000007498774528,1.8771406608397488e-09,0.0030301425085781375,-0.0029589528567157686,0.00010527205995458644,3.0990877387193889e-07,unloading,1.8771406608397488e-09,7.3227944883357899e-05,5.245610448956702e-14,0.00091346754925325513,9.969127177100745e-07,0,0,0,1,1,1,-4.8827249338482003e-14,24
97,0.0012249999690538971,0,bent,0.2421875,0,4294967295,4294967295,1,10,0.99233084917068481,0,0,0,0.99233074677845268,1.0045447676291039,1.4068052275678584e-05,-0.78815418481826782,-0.014131939271464944,-0.81759665510617197,-0.042984803515512621,unloading,1.4068052275678584e-05,0.011154637933762689,1.3411354464053272e-09,0.12252485752105713,1.0503820703888778e-05,0,0,0,1,1,1,0.24220557919317376,24
97,0.0012249999690538971,1,held_reference,0,0,4294967295,4294967295,1,7,0.99999910593032837,0,0,0,0.99999927070196981,1.0000007498774528,1.8771406608397488e-09,0.003030142461284413,-0.0044891027991980081,0.00010528903118256494,3.0991564442410848e-07,unloading,1.8771406608397488e-09,6.8915668336377357e-05,5.6142939611712504e-14,0.00097555859247222543,1.0706572766139288e-06,0,0,0,1,1,1,-4.8827249338482003e-14,24
98,0.0012374999687381205,0,bent,0.23828125,0,4294967295,4294967295,1,10,0.99234557151794434,0,0,0,0.99234559604647299,1.004545358293442,1.4023401030833691e-05,-0.78807184100151062,-0.0027567646466195583,-0.72924220538698137,-0.040029424935985491,unloading,1.4023401030833691e-05,0.01097786232822119,1.49791069040918e-09,0.11762850731611252,1.0784543519548606e-05,0,0,0,1,1,1,0.2382706688812892,24
98,0.0012374999687381205,1,held_reference,0,0,4294967295,4294967295,1,7,0.99999910593032837,0,0,0,0.99999927070196981,1.0000007498774528,1.8771406608397488e-09,0.0030301424103527097,-0.0030001223203726113,0.00010532819865716192,3.0993117326033821e-07,unloading,1.8771406608397488e-09,7.3380477431611951e-05,5.7584228512513327e-14,0.00091346754925325513,1.0744320206867997e-06,0,0,0,1,1,1,-4.8827249338482003e-14,24
99,0.001249999968422344,0,bent,0.234375,0,4294967295,4294967295,1,10,0.99236160516738892,0,0,0,0.99236158318349865,1.0045414232582606,1.3970302387482255e-05,-0.64924433827400208,0.0092081096954643726,-0.6566693251952529,-0.037638041372296115,unloading,1.3970302387482255e-05,0.01148238071087776,1.5095220214628142e-09,0.11203700304031372,1.0732054761319887e-05,0,0,0,1,1,1,0.23438659767447653,24
99,0.001249999968422344,1,held_reference,0,0,4294967295,4294967295,1,7,0.99999910593032837,0,0,0,0.99999927070196981,1.0000007498774528,1.8771406608397488e-09,0.003062406241951976,-0.0054308112303260714,9.9318963179939601e-05,2.5630517977333508e-07,unloading,1.8771406608397488e-09,7.2435882620644899e-05,5.8204130282134722e-14,0.00097555859247222543,1.0192920854024123e-06,0,0,0,1,1,1,-4.8827249338482003e-14,24
100,0.0012624999681065674,0,bent,0.23046875,0,4294967295,4294967295,1,10,0.99235951900482178,0,0,0,0.99235951584264881,1.0045353842810003,1.3907851560010548e-05,-0.65405583381652832,0.00093430699780583382,-0.56547882314771414,-0.035020003832803411,unloading,1.3907851560010548e-05,0.011470137521170471,1.6322189704386455e-09,0.10908766090869904,1.0696508070395794e-05,0,0,0,1,1,1,0.23043211399223251,24
100,0.0012624999681065674,1,held_reference,0,0,4294967295,4294967295,1,8,0.99999910593032837,0,0,0,0.99999927070196981,1.0000007498774528,1.8771406608397488e-09,0.0030301425194920739,-0.0026643995224731043,0.0001050958618407094,3.0983838995780379e-07,unloading,1.8771406608397488e-09,7.317782605288127e-05,6.4178343586430311e-14,0.00091346754925325513,1.10699295419181e-06,0,0,0,1,1,1,-4.8827249338482003e-14,24
101,0.0012749999677907908,0,bent,0.2265625,0,4294967295,4294967295,1,10,0.99234074354171753,0,0,0,0.99234072753448255,1.0045265910571974,1.3839612013358811e-05,-0.52654606103897095,0.011108281556516886,-0.49074964597821236,-0.032873005049747814,unloading,1.3839612013358811e-05,0.011510153514770725,1.6589331577383184e-09,0.10722313076257706,1.1197710591659416e-05,0,0,0,1,1,1,0.22657868843323525,24
101,0.0012749999677907908,1,held_reference,0,0,4294967295,4294967295,1,6,0.99999910593032837,0,0,0,0.99999927070196981,1.0000007498774528,1.8771406608397488e-09,0.0030624064202129375,-0.0050896089669549838,9.77283372662896e-05,2.5566916156458292e-07,unloading,1.8771406608397488e-09,7.3161232534903957e-05,5.4582851063412341e-14,0.00097555859247222543,1.0604718454487738e-06,0,0,0,1,1,1,-4.8827249338482003e-14,24
102,0.0012874999674750143,0,bent,0.22265625,0,4294967295,4294967295,1,10,0.99232387542724609,0,0,0,0.99232385679803536,1.004517950104433,1.376618683385261e-05,-0.4883057177066803,-0.0043435057159513235,-0.40202619507908821,-0.030333045639541086,unloading,1.376618683385261e-05,0.011649009315137487,1.7363757515585477e-09,0.10988397896289825,1.1427368917793501e-05,0,0,0,1,1,1,0.22262420775229036,24
102,0.0012874999674750143,1,held_reference,0,0,4294967295,4294967295,1,7,0.99999910593032837,0,0,0,0.99999927070196981,1.0000007498774528,1.8771406608397488e-09,0.0030301424885692541,-0.0026719338347902521,0.0001020022973250434,3.0860078792102286e-07,unloading,1.8771406608397488e-09,7.2579966163916678e-05,5.7132868249874765e-14,0.00091346754925325513,1.0198639301961521e-06,0,0,0,1,1,1,-4.8827249338482003e-14,24
103,0.0012999999671592377,0,bent,0.21875,0,4294967295,4294967295,1,10,0.99229907989501953,0,0,0,0.99229909134208771,1.0045013317643978,1.3683013557798387e-05,-0.30888035893440247,-0.0027425815351307392,-0.34116807766258717,-0.028336227758220485,unloading,1.3683013557798387e-05,0.011592836119505069,1.7919046703316212e-09,0.111083984375,1.2180803423689213e-05,0,0,0,1,1,1,0.21877078255929591,24
103,0.0012999999671592377,1,held_reference,0,0,4294967295,4294967295,1,7,0.99999910593032837,0,0,0,0.99999927070196981,1.0000007498774528,1.8771406608397488e-09,0.003062406449316768,-0.0053369466622825712,9.7321448947695899e-05,2.5550612129882179e-07,unloading,1.8771406608397488e-09,7.2622759411767828e-05,5.7955969712565623e-14,0.00097555859247222543,1.0826605603142525e-06,0,0,0,1,1,1,-4.8827249338482003e-14,24
104,0.0013124999668434612,0,bent,0.21484375,0,4294967295,4294967295,1,10,0.99236547946929932,0,0,0,0.99236548284633097,1.0045113091521842,1.3594807378026694e-05,-0.32016280293464661,0.011428012745454907,-0.27222194522619247,-0.026293132557774962,unloading,1.3594807378026694e-05,0.012323179805750989,1.9196153196095913e-09,0.10765240341424942,1.1678311238938477e-05,0,0,0,1,1,1,0.21483065005837657,24
104,0.0013124999668434612,1,held_reference,0,0,4294967295,4294967295,1,7,0.99999910593032837,0,0,0,0.99999927070196981,1.0000007498774528,1.8771406608397488e-09,0.0030301424985736958,-0.0027437316020950675,0.0001040889852959026,3.0943555435896961e-07,unloading,1.8771406608397488e-09,7.25941936195334e-05,6.0362050776093391e-14,0.0010074430610984564,1.0838796242751414e-06,0,0,0,1,1,1,-4.8827249338482003e-14,24
105,0.0013249999665276846,0,bent,0.2109375,0,4294967295,4294967295,1,10,0.99242132902145386,0,0,0,0.99242128661321771,1.0045081815052188,1.3502369393134571e-05,-0.19229912757873535,-0.0012837590184062719,-0.20610675029456615,-0.024300530617873448,unloading,1.3502369393134571e-05,0.011712651354623233,1.9135231033239359e-09,0.11122996360063553,1.1687194273690693e-05,0,0,0,1,1,1,0.21094966114591238,24
105,0.0013249999665276846,1,held_reference,0,0,4294967295,4294967295,1,6,0.99999910593032837,0,0,0,0.99999927070196981,1.0000007498774528,1.8771406608397488e-09,0.0030624064311268739,-0.0050250297354068607,9.8313433738894673e-05,2.5590305310106444e-07,unloading,1.8771406608397488e-09,7.2859315656248401e-05,5.0235442259071371e-14,0.0010074430610984564,1.0011199265136383e-06,0,0,0,1,1,1,-4.8827249338482003e-14,24
106,0.001337499966211908,0,bent,0.20703125,0,4294967295,4294967295,1,10,0.99249809980392456,0,0,0,0.99249809977069703,1.0044887820035422,1.3403737352011185e-05,-0.1724054217338562,0.00060561089776456356,-0.12326169945299625,-0.022243399572629104,unloading,1.3403737352011185e-05,0.012111015602847854,1.9802785638127537e-09,0.10752162337303162,1.1985311175521929e-05,0,0,0,1,1,1,0.20701166202392407,24
106,0.001337499966211908,1,held_reference,0,0,4294967295,4294967295,1,8,0.99999910593032837,0,0,0,0.99999927070196981,1.0000007498774528,1.8771406608397488e-09,0.0030301425849756924,-0.0025212314503733069,0.00010485534733106761,3.0974194745976968e-07,unloading,1.8771406608397488e-09,7.4137366783482762e-05,6.117821187050157e-14,0.0010074430610984564,1.0959410019495408e-06,0,0,0,1,1,1,-4.8827249338482003e-14,24
107,0.0013499999658961315,0,bent,0.203125,0,4294967295,4294967295,1,10,0.99257481098175049,0,0,0,0.99257483799751522,1.0044725218742854,1.3346506946772642e-05,-0.11736822128295898,0.0098691876046359539,-0.051919871941208839,-0.020351448105214984,unloading,1.3346506946772642e-05,0.011876066707593306,1.9866520989646402e-09,0.1104939728975296,1.2656793842324987e-05,0,0,0,1,1,1,0.20313068721173855,24
107,0.0013499999658961315,1,held_reference,0,0,4294967295,4294967295,1,6,0.99999910593032837,0,0,0,0.99999927070196981,1.0000007498774528,1.8771406608397488e-09,0.0030624063274444779,-0.0049915813724510372,9.8827904736253913e-05,2.5610891986434559e-07,unloading,1.8771406608397488e-09,7.2996239723378969e-05,5.3133636986666905e-14,0.0010074430610984564,1.0779918966363766e-06,0,0,0,1,1,1,-4.8827249338482003e-14,24
108,0.0013624999655803549,0,bent,0.19921875,0,4294967295,4294967295,1,10,0.99267089366912842,0,0,0,0.99267090059587715,1.004448674023168,1.3297554128444336e-05,-0.099731802940368652,0.02304282016120851,0.015258781611919403,-0.018685188686669654,unloading,1.3297554128444336e-05,0.012373957146984919,2.0826472041094481e-09,0.10581661760807037,1.3102506272844039e-05,0,0,0,1,1,1,0.19921705321862959,24
108,0.0013624999655803549,1,held_reference,0,0,4294967295,4294967295,1,7,0.99999910593032837,0,0,0,0.99999927070196981,1.0000007498774528,1.8771406608397488e-09,0.003030142546776915,-0.0026352123531978577,0.00010499383719775324,3.0979752285566071e-07,unloading,1.8771406608397488e-09,7.2449568317235852e-05,5.5304763932818039e-14,0.0010074430610984564,1.022139031192637e-06,0,0,0,1,1,1,-4.8827249338482003e-14,24
109,0.0013749999652645783,0,bent,0.1953125,0,4294967295,4294967295,1,10,0.99276900291442871,0,0,0,0.99276900064161855,1.0044476345870796,1.3244484195774345e-05,-0.043267697095870972,-0.004610228817909956,0.085039392113685608,-0.016856202454563016,unloading,1.3244484195774345e-05,0.011931923030943103,2.1491612495032392e-09,0.11204846203327179,1.3067727195448242e-05,0,0,0,1,1,1,0.19532281137089266,24
109,0.0013749999652645783,1,held_reference,0,0,4294967295,4294967295,1,8,0.99999910593032837,0,0,0,0.99999927070196981,1.000000697870423,1.8771406608397488e-09,0.0030624064311268739,-0.005408202123362571,9.9175965885933692e-05,2.5624807965505145e-07,unloading,1.8771406608397488e-09,7.3451343911240373e-05,6.1777301890267463e-14,0.0010074430610984564,1.089704937839997e-06,0,0,0,1,1,1,-4.8827249338482003e-14,24
110,0.0013874999649488018,0,bent,0.19140625,0,4294967295,4294967295,1,10,0.99288350343704224,0,0,0,0.99288349004101184,1.0044295001373797,1.3184859537576556e-05,0.047209888696670532,-0.0065087638795375824,0.13490891456604004,-0.015445394850900233,unloading,1.3184859537576556e-05,0.012381154595815177,2.2431692277633718e-09,0.11291030794382095,1.3467438293446321e-05,0,0,0,1,1,1,0.19140916729585361,24
110,0.0013874999649488018,1,held_reference,0,0,4294967295,4294967295,1,7,0.99999910593032837,0,0,0,0.99999927070196981,1.0000007498774528,1.8771406608397488e-09,0.0030301425167635898,-0.0027857200766447932,0.00010521350947101382,3.0988544258889284e-07,unloading,1.8771406608397488e-09,7.243685127904275e-05,5.7382738255237855e-14,0.00097555859247222543,1.0623832622513874e-06,0,0,0,1,1,1,-4.8827249338482003e-14,24
111,0.0013999999646330252,0,bent,0.1875,0,4294967295,4294967295,1,10,0.99298584461212158,0,0,0,0.99298578829065143,1.0044458487725623,1.3124713368773311e-05,0.022271469235420227,-0.0060186017071828246,0.21084608882665634,-0.013541145895947699,unloading,1.3124713368773311e-05,0.011982924730425643,2.1613469006983059e-09,0.1175074502825737,1.3078783013042994e-05,0,0,0,1,1,1,0.18751492618503987,24
111,0.0013999999646330252,1,held_reference,0,0,4294967295,4294967295,1,7,0.99999910593032837,0,0,0,0.99999927070196981,1.0000007498774528,1.8771406608397488e-09,0.0030624063383584144,-0.0052943253394914791,9.9193196120950233e-05,2.5625492062681517e-07,unloading,1.8771406608397488e-09,7.2559921857328125e-05,5.699828199071689e-14,0.0010074430610984564,1.0359924544900423e-06,0,0,0,1,1,1,-4.8827249338482003e-14,24
112,0.0014124999643172487,0,bent,0.18359375,0,4294967295,4294967295,1,10,0.99309831857681274,0,0,0,0.99309839921004373,1.0044351281136816,1.3060808682088669e-05,-0.0061347484588623047,-0.010033867787569761,0.28897872101515532,-0.011904689700581856,unloading,1.3060808682088669e-05,0.012299874808295959,2.2785476614601488e-09,0.12066306918859482,1.3093499546812382e-05,0,0,0,1,1,1,0.1836012824885406,24
112,0.0014124999643172487,1,held_reference,0,0,4294967295,4294967295,1,8,0.99999910593032837,0,0,0,0.99999927070196981,1.0000006971544257,1.8771406608397488e-09,0.0030301425031211693,-0.0025662070547696203,0.00010497110571350277,3.0978840258831017e-07,unloading,1.8771406608397488e-09,7.3020190470037666e-05,6.5802129345647897e-14,0.0010074430610984564,1.0938371133306646e-06,0,0,0,1,1,1,-4.8827249338482003e-14,24
113,0.0014249999640014721,0,bent,0.1796875,0,4294967295,4294967295,1,10,0.99320906400680542,0,0,0,0.9932091199531643,1.0044228735276002,1.2994754231495203e-05,-0.0023904964327812195,0.012622242327779531,0.36525345779955387,-0.0098948388223781894,unloading,1.2994754231495203e-05,0.012047595481334021,2.2024889378811663e-09,0.12465613335371017,1.3913302609580569e-05,0,0,0,1,1,1,0.17969382504310322,24
113,0.0014249999640014721,1,held_reference,0,0,4294967295,4294967295,1,6,0.99999910593032837,0,0,0,0.99999927070196981,1.000000705936795,1.8771406608397488e-09,0.0030624064165749587,-0.0050077280757250264,9.7605619373553054e-05,2.5561975258096874e-07,unloading,1.8771406608397488e-09,7.3148320490135568e-05,5.3413270933357921e-14,0.0010074430610984564,1.0857222605409333e-06,0,0,0,1,1,1,-4.8827249338482003e-14,24
114,0.0014374999636856955,0,bent,0.17578125,0,4294967295,4294967295,1,10,0.99332916736602783,0,0,0,0.99332924846752457,1.0044163110901656,1.2924948412323337e-05,0.059650328010320663,-0.0026349723339080811,0.42812456376850605,-0.0084989431844825908,unloading,1.2924948412323337e-05,0.012317350306362556,2.280464272207951e-09,0.12747278809547424,1.4020371963852085e-05,0,0,0,1,1,1,0.17578231501274061,24
114,0.0014374999636856955,1,held_reference,0,0,4294967295,4294967295,1,6,0.99999910593032837,0,0,0,0.99999927070196981,1.0000007498774528,1.8771406608397488e-09,0.0030301424721983494,-0.0026675389526644722,0.0001038833375730519,3.0935334921923608e-07,unloading,1.8771406608397488e-09,7.3060489067938445e-05,5.1368449453588294e-14,0.0010074430610984564,1.0261920806442504e-06,0,0,0,1,1,1,-4.8827249338482003e-14,24
115,0.001449999963369919,0,bent,0.171875,0,4294967295,4294967295,1,10,0.99345433712005615,0,0,0,0.99345432414113777,1.0044039801500704,1.2852647268208005e-05,0.16607401520013809,0.0073472736403346062,0.47463205829262733,-0.0068250731519780951,unloading,1.2852647268208005e-05,0.012106820887921609,2.2731974550038347e-09,0.13270077109336853,1.3961248441773932e-05,0,0,0,1,1,1,0.17185961456253038,24
115,0.001449999963369919,1,held_reference,0,0,4294967295,4294967295,1,8,0.99999910593032837,0,0,0,0.99999927070196981,1.0000006941759787,1.8771406608397488e-09,0.0030624064129369799,-0.0054141130822245032,9.8319734092910949e-05,2.5590552049470681e-07,unloading,1.8771406608397488e-09,7.1684845033445114e-05,6.361438018587845e-14,0.0010074430610984564,1.0962471606035251e-06,0,0,0,1,1,1,-4.8827249338482003e-14,24
116,0.0014624999630541424,0,bent,0.16796875,0,4294967295,4294967295,1,10,0.99355989694595337,0,0,0,0.9935598265014226,1.0044127524318291,1.2770655803093364e-05,0.11968141421675682,0.0069823069497942924,0.55325237289071083,-0.0052463112767429827,unloading,1.2770655803093364e-05,0.012265561569294347,2.4977597251200257e-09,0.13407933712005615,1.4377961633726954e-05,0,0,0,1,1,1,0.1679612263456752,24
116,0.0014624999630541424,1,held_reference,0,0,4294967295,4294967295,1,7,0.99999910593032837,0,0,0,0.99999927070196981,1.0000007051151989,1.8771406608397488e-09,0.0030301424167191726,-0.0027503607125254348,0.0001044676179731141,3.095871699433702e-07,unloading,1.8771406608397488e-09,7.2438880515087194e-05,5.7237080714033661e-14,0.00097555859247222543,1.0705771273933351e-06,0,0,0,1,1,1,-4.8827249338482003e-14,24
117,0.0014749999627383659,0,bent,0.1640625,0,4294967295,4294967295,1,10,0.9936869740486145,0,0,0,0.9936869794889881,1.0044059173207736,1.2670066528648212e-05,0.35149869322776794,-0.0077115767635405064,0.59770975820720196,-0.0038805626570869748,unloading,1.2670066528648212e-05,0.012648435160508273,2.9864399100936928e-09,0.13393706083297729,1.4013946383784059e-05,0,0,0,1,1,1,0.16405174419851812,24
117,0.0014749999627383659,1,held_reference,0,0,4294967295,4294967295,1,7,0.99999910593032837,0,0,0,0.99999927070196981,1.0000006567451234,1.8771406608397488e-09,0.0030624063838331494,-0.0052231478621251881,9.8722631832970364e-05,2.5606672614958313e-07,unloading,1.8771406608397488e-09,7.2446013043302797e-05,5.5512522157670054e-14,0.00097555859247222543,1.0424627134852926e-06,0,0,0,1,1,1,-4.8827249338482003e-14,24
118,0.0014874999624225893,0,bent,0.16015625,0,4294967295,4294967295,1,10,0.99377715587615967,0,0,0,0.993777205591998,1.0044067047504017,1.2585120641359293e-05,0.27751599252223969,-0.0026474203914403915,0.66855395957827568,-0.0022863814871229198,unloading,1.2585120641359293e-05,0.01193987934670661,2.242546604180934e-09,0.14000104367733002,1.4503410056931898e-05,0,0,0,1,1,1,0.16015335780590148,24
118,0.0014874999624225893,1,held_reference,0,0,4294967295,4294967295,1,8,0.99999910593032837,0,0,0,0.99999927070196981,1.0000006917282602,1.8771406608397488e-09,0.0030301424358185614,-0.0025241050170734525,0.00010511100458643341,3.0984459550927556e-07,unloading,1.8771406608397488e-09,7.4251360334958463e-05,6.3508543456288901e-14,0.00097555859247222543,1.1009191211996949e-06,0,0,0,1,1,1,-4.8827249338482003e-14,24
119,0.0014999999621068127,0,bent,0.15625,0,4294967295,4294967295,1,10,0.9939124584197998,0,0,0,0.9939124848687948,1.0043945171042832,1.2474485424241821e-05,0.36630964279174805,-0.0022957003675401211,0.72071698121726513,-0.0010657960755428577,unloading,1.2474485424241821e-05,0.012633770550132435,3.2148005506010066e-09,0.13747155666351318,1.4366475625138264e-05,0,0,0,1,1,1,0.15627036189077387,24
119,0.0014999999621068127,1,held_reference,0,0,4294967295,4294967295,1,7,0.99999910593032837,0,0,0,0.99999927070196981,1.0000006567451234,1.8771406608397488e-09,0.003062406336539425,-0.0051326958637218922,9.9157316810760676e-05,2.5624078664259235e-07,unloading,1.8771406608397488e-09,7.2463861209768322e-05,5.8050391011691375e-14,0.00097555859247222543,1.0610979188641068e-06,0,0,0,1,1,1,-4.8827249338482003e-14,24
120,0.0015124999617910362,0,bent,0.15234375,0,4294967295,4294967295,1,10,0.99399876594543457,0,0,0,0.99399876819272071,1.0043923398698784,1.2387554265973342e-05,0.33643363881856203,-0.015860462095588446,0.78505922667682171,0.00050824481875114992,unloading,1.2387554265973342e-05,0.011902250992487389,2.1690399941567546e-09,0.14565718173980713,1.5190205886028707e-05,0,0,0,1,1,1,0.15234548936393033,24
120,0.0015124999617910362,1,held_reference,0,0,4294967295,4294967295,1,7,0.99999910593032837,0,0,0,0.99999927070196981,1.0000006567451234,1.8771406608397488e-09,0.0030301424849312752,-0.0025998069904744625,0.00010530121500096357,3.0992047836480147e-07,unloading,1.8771406608397488e-09,7.2509071805373042e-05,5.6083649336208503e-14,0.00097555859247222543,1.0499016980247688e-06,0,0,0,1,1,1,-4.8827249338482003e-14,24
121,0.0015249999614752596,0,bent,0.1484375,0,4294967295,4294967295,1,10,0.99409669637680054,0,0,0,0.99409667925944767,1.0043829976558751,1.2273963336349026e-05,0.56737488694489002,-0.0045611467212438583,0.82738759554922581,0.0016144614309479561,unloading,1.2273963336349026e-05,0.012703887514768038,3.1924450596759313e-09,0.14449748396873474,1.5114424968487583e-05,0,0,0,1,1,1,0.14842076443657862,24
121,0.0015249999614752596,1,held_reference,0,0,4294967295,4294967295,1,7,0.99999910593032837,0,0,0,0.99999927070196981,1.0000006976109082,1.8771406608397488e-09,0.0030624063620052766,-0.0051865525892935693,9.9302376668219949e-05,2.5629854956423492e-07,unloading,1.8771406608397488e-09,7.2406764710252719e-05,5.6105745492501618e-14,0.00097555859247222543,1.0926994491455844e-06,0,0,0,1,1,1,-4.8827249338482003e-14,24
122,0.0015374999611594831,0,bent,0.14453125,0,4294967295,4294967295,1,10,0.99421501159667969,0,0,0,0.99421502924687699,1.0043758307367687,1.2154461284094732e-05,0.54591792821884155,-0.018019293434917927,0.89154129289090633,0.0029158994583908799,unloading,1.2154461284094732e-05,0.012212794254823509,3.0512161583516288e-09,0.14598444104194641,1.5340807294705883e-05,0,0,0,1,1,1,0.14452652864503732,24
122,0.0015374999611594831,1,held_reference,0,0,4294967295,4294967295,1,7,0.99999910593032837,0,0,0,0.99999927070196981,1.0000006567451234,1.8771406608397488e-09,0.0030301425103971269,-0.0026361062482465059,0.00010505114352099554,3.0982061462054831e-07,unloading,1.8771406608397488e-09,7.2443714281937617e-05,5.6388186324573662e-14,0.00097555859247222543,1.0454803032189375e-06,0,0,0,1,1,1,-4.8827249338482003e-14,24
123,0.0015499999608437065,0,bent,0.140625,0,4294967295,4294967295,1,10,0.99431836605072021,0,0,0,0.99431837669104584,1.004351119696538,1.2036268796727255e-05,0.55508863925933838,-0.02095354488119483,0.94936826638877392,0.0042130852984655328,unloading,1.2036268796727255e-05,0.012343559899330019,2.9798887588925979e-09,0.15030089020729065,1.5225076822389383e-05,0,0,0,1,1,1,0.14061289828462992,24
123,0.0015499999608437065,1,held_reference,0,0,4294967295,4294967295,1,8,0.99999910593032837,0,0,0,0.99999927070196981,1.0000006567451234,1.8771406608397488e-09,0.0030624063838331494,-0.0053194109641481191,9.8905572542662412e-05,2.5613977953253179e-07,unloading,1.8771406608397488e-09,7.3977384662675613e-05,6.2724979051413943e-14,0.00097555859247222543,1.0761941666714847e-06,0,0,0,1,1,1,-4.8827249338482003e-14,24
124,0.0015624999605279299,0,bent,0.13671875,0,4294967295,4294967295,1,10,0.99440872669219971,0,0,0,0.99440869467726878,1.004324641996982,1.1917102662960664e-05,0.61073870956897736,-0.031610485166311264,0.99167204461991787,0.0055288335410331362,unloading,1.1917102662960664e-05,0.012070522569823669,2.9363353178977118e-09,0.15364594757556915,1.5485222320421599e-05,0,0,0,1,1,1,0.13670545443207599,24
124,0.0015624999605279299,1,held_reference,0,0,4294967295,4294967295,1,7,0.99999910593032837,0,0,0,0.99999927070196981,1.0000006567451234,1.8771406608397488e-09,0.0030301425485959044,-0.0026629176863934845,0.00010487729673513968,3.0975076830691229e-07,unloading,1.8771406608397488e-09,7.2558532533674431e-05,5.877193350454555e-14,0.00097555859247222543,1.0988935628120089e-06,0,0,0,1,1,1,-4.8827249338482003e-14,24
125,0.0015749999602121534,0,bent,0.1328125,0,4294967295,4294967295,1,10,0.9945024847984314,0,0,0,0.99450250689074893,1.004296649583257,1.179232810833811e-05,0.7219230979681015,0.00063983560539782047,1.0547671802341938,0.0068995456604932053,unloading,1.179232810833811e-05,0.012235907137715538,3.0697676931243125e-09,0.15765239298343658,1.52663815242704e-05,0,0,0,1,1,1,0.1328050346085087,24
125,0.0015749999602121534,1,held_reference,0,0,4294967295,4294967295,1,6,0.99999910593032837,0,0,0,0.99999927070196981,1.0000006567451234,1.8771406608397488e-09,0.0030301424831122858,-0.0028878706580144353,0.00010483911825076575,3.0973573277333308e-07,unloading,1.8771406608397488e-09,7.288552622626782e-05,5.0521114316566988e-14,0.00097555859247222543,1.0635935723257717e-06,0,0,0,1,1,1,-4.8827249338482003e-14,24
126,0.0015874999598963768,0,bent,0.12890625,0,4294967295,4294967295,1,10,0.99460798501968384,0,0,0,0.99460803970117617,1.0042732851253684,1.1667737532977098e-05,0.60272655636072159,-0.013172734063118696,1.1109152715653181,0.0082549562915483349,unloading,1.1667737532977098e-05,0.011993784328318883,2.9913609863203304e-09,0.16105036437511444,1.5980418538674712e-05,0,0,0,1,1,1,0.12891192466235965,24
126,0.0015874999598963768,1,held_reference,0,0,4294967295,4294967295,1,8,0.99999910593032837,0,0,0,0.99999927070196981,1.0000006918562303,1.8771406608397488e-09,0.0030301426140795229,-0.0044237901795440848,0.00010502376761678534,3.0980935598017767e-07,unloading,1.8771406608397488e-09,7.3943222477861959e-05,6.2415384901023217e-14,0.00097555859247222543,1.0613305221340852e-06,0,0,0,1,1,1,-4.8827249338482003e-14,24
127,0.0015999999595806003,0,bent,0.125,0,4294967295,4294967295,1,10,0.99470514059066772,0,0,0,0.99470512599429062,1.0042522772331426,1.1538521016618258e-05,0.6570214806124568,-0.0322630750015378,1.1724095139652491,0.0096032968769688889,unloading,1.1538521016618258e-05,0.012174330063831618,3.108026538681082e-09,0.16550754010677338,1.6347768905689009e-05,0,0,0,1,1,1,0.12499717957477265,24
127,0.0015999999595806003,1,held_reference,0,0,4294967295,4294967295,1,7,0.99999910593032837,0,0,0,0.99999927070196981,1.0000006567451234,1.8771406608397488e-09,0.0030301425204015686,-0.0028812520758947358,0.00010498332096631202,3.0979323019073481e-07,unloading,1.8771406608397488e-09,7.2466441230015287e-05,5.643263053781309e-14,0.00097555859247222543,1.0983980018863804e-06,0,0,0,1,1,1,-4.8827249338482003e-14,24
128,0.0016124999592648237,0,bent,0.12109375,0,4294967295,4294967295,1,10,0.99481034278869629,0,0,0,0.99481028761280321,1.0042251934263537,1.1407836290926364e-05,0.71096230298280716,-0.02425859123468399,1.207447269000113,0.01047706599435484,unloading,1.1407836290926364e-05,0.012622177854039249,3.155702705167536e-09,0.17031124234199524,1.627794154046569e-05,0,0,0,1,1,1,0.1211040698407387,24
128,0.0016124999592648237,1,held_reference,0,0,4294967295,4294967295,1,6,0.99999910593032837,0,0,0,0.99999927070196981,1.0000006567451234,1.8771406608397488e-09,0.0030301423903438263,-0.0042639803377824137,0.00010501449625621717,3.0980562198965333e-07,unloading,1.8771406608397488e-09,7.2897153729030946e-05,5.0636041474379333e-14,0.00097555859247222543,1.0591230648060446e-06,0,0,0,1,1,1,-4.8827249338482003e-14,24
129,0.0016249999589490471,0,bent,0.1171875,0,4294967295,4294967295,1,10,0.9949113130569458,0,0,0,0.99491126996226709,1.0041942761509024,1.12679280998764e-05,0.71775368601083755,-0.027183434925973415,1.2646977824624628,0.012054712520870991,unloading,1.12679280998764e-05,0.013153486068428024,3.4408767014032594e-09,0.17528103291988373,1.6661841073073447e-05,0,0,0,1,1,1,0.11716501450738653,24
129,0.0016249999589490471,1,held_reference,0,0,4294967295,4294967295,1,8,0.99999910593032837,0,0,0,0.99999927070196981,1.0000006567451234,1.8771406608397488e-09,0.0030301424749268335,-0.0028123130759922788,0.00010528413855581675,3.0991353762055944e-07,unloading,1.8771406608397488e-09,7.4120095353450926e-05,6.2806644747528403e-14,0.00097555859247222543,1.0707369710871717e-06,0,0,0,1,1,1,-4.8827249338482003e-14,24
130,0.0016374999586332706,0,bent,0.11328125,0,4294967295,4294967295,1,10,0.9950147271156311,0,0,0,0.99501480094031813,1.0041700912230949,1.1136268513105557e-05,0.73929331451654434,-0.027908080257475376,1.3170367809943855,0.013217479401100901,unloading,1.1136268513105557e-05,0.012792020068228171,3.0164169262528094e-09,0.17749784886837006,1.6886056982912123e-05,0,0,0,1,1,1,0.11331160916853088,24
130,0.0016374999586332706,1,held_reference,0,0,4294967295,4294967295,1,7,0.99999910593032837,0,0,0,0.99999927070196981,1.0000006567451234,1.8771406608397488e-09,0.0030301424994831905,-0.0043596240548140486,0.00010494060899191027,3.0977631928908477e-07,unloading,1.8771406608397488e-09,7.2458293323361331e-05,5.7091519456338739e-14,0.00097555859247222543,1.0977208830809104e-06,0,0,0,1,1,1,-4.8827249338482003e-14,24
131,0.001649999958317494,0,bent,0.109375,0,4294967295,4294967295,1,10,0.99511289596557617,0,0,0,0.99511287215947697,1.0041420827409235,1.0997043634119646e-05,0.72680600918829441,-0.014842795906588435,1.3589627267792821,0.014674439049348278,unloading,1.0997043634119646e-05,0.012887821335135554,3.3672536723829832e-09,0.18089334666728973,1.6850897736730985e-05,0,0,0,1,1,1,0.1093571611678788,24
131,0.001649999958317494,1,held_reference,0,0,4294967295,4294967295,1,7,0.99999910593032837,0,0,0,0.99999927070196981,1.0000006567451234,1.8771406608397488e-09,0.003030142461284413,-0.0028577553748618811,0.00010465530209557983,3.0966226765485737e-07,unloading,1.8771406608397488e-09,7.243580292032656e-05,5.6613081141979178e-14,0.00097555859247222543,1.0730594794949866e-06,0,0,0,1,1,1,-4.8827249338482003e-14,24
132,0.0016624999580017175,0,bent,0.10546875,0,4294967295,4294967295,1,10,0.99521952867507935,0,0,0,0.99521942646817696,1.0041124218159005,1.0855681018114734e-05,0.8072887659072876,-0.042301406268961728,1.3993364768102765,0.015737559418494283,unloading,1.0855681018114734e-05,0.013434351027800186,3.3064058218592774e-09,0.18457254767417908,1.7035390555975027e-05,0,0,0,1,1,1,0.1054905386179891,24
132,0.0016624999580017175,1,held_reference,0,0,4294967295,4294967295,1,8,0.99999910593032837,0,0,0,0.99999927070196981,1.0000006567451234,1.8771406608397488e-09,0.0030301424994831905,-0.0043903310397581663,0.00010479577662181327,3.0971827085886586e-07,unloading,1.8771406608397488e-09,7.3892978788831062e-05,6.2016287388839414e-14,0.00097555859247222543,1.0573138524705428e-06,0,0,0,1,1,1,-4.8827249338482003e-14,24
133,0.0016749999576859409,0,bent,0.1015625,0,4294967295,4294967295,1,10,0.99532079696655273,0,0,0,0.99532081211095003,1.004065208010043,1.0707400737825747e-05,0.8654602374881506,-0.013233427191153169,1.4626722419634461,0.016977177612820443,unloading,1.0707400737825747e-05,0.013505575662530566,3.5581981350334918e-09,0.18844577670097351,1.7578611732460558e-05,0,0,0,1,1,1,0.10154930840588204,24
133,0.0016749999576859409,1,held_reference,0,0,4294967295,4294967295,1,7,0.99999910593032837,0,0,0,0.99999927070196981,1.0000006567451234,1.8771406608397488e-09,0.0030301424139906885,-0.0029123309068381786,0.00010475816759480949,3.0970315549166089e-07,unloading,1.8771406608397488e-09,7.2394132167949408e-05,5.6429634278884584e-14,0.00097555859247222543,1.0910374612649321e-06,0,0,0,1,1,1,-4.8827249338482003e-14,24
134,0.0016874999573701643,0,bent,0.09765625,0,4294967295,4294967295,1,10,0.99542701244354248,0,0,0,0.99542698363796067,1.004036184225986,1.0556491972113025e-05,0.85743828862905502,-0.016434340737760067,1.488353855907917,0.017807761588333648,unloading,1.0556491972113025e-05,0.014093672021413026,3.551790813208174e-09,0.19160820543766022,1.7476237189839594e-05,0,0,0,1,1,1,0.09768268600998764,24
134,0.0016874999573701643,1,held_reference,0,0,4294967295,4294967295,1,7,0.99999910593032837,0,0,0,0.99999927070196981,1.0000006567451234,1.8798284774608599e-09,0.0030301425285870209,-0.0043857876316906186,0.00010480076576868669,3.0972009305696701e-07,unloading,1.8798284774608599e-09,7.2422865783168389e-05,5.6344001693719555e-14,0.00097555859247222543,1.0996362789228442e-06,0,0,0,1,1,1,-4.8827249338482003e-14,24
135,0.0016999999570543878,0,bent,0.09375,0,4294967295,4294967295,1,10,0.99554026126861572,0,0,0,0.99554031164233692,1.0039957094663492,1.040397795362776e-05,0.86161794513463974,-0.038506659562699497,1.5543489921838045,0.019213429803332956,unloading,1.040397795362776e-05,0.013760554781403691,3.6421770969288006e-09,0.19498491287231445,1.7771044440451078e-05,0,0,0,1,1,1,0.093741456815195023,24
135,0.0016999999570543878,1,held_reference,0,0,4294967295,4294967295,1,6,0.99999910593032837,0,0,0,0.99999927070196981,1.0000006567451234,1.8870251448323868e-09,0.0030301425076686428,-0.0028683104901574552,0.0001048182725753577,3.0972736966850762e-07,unloading,1.8870251448323868e-09,7.3081441268958765e-05,5.014461801282283e-14,0.00097555859247222543,1.0449056162542547e-06,0,0,0,1,1,1,-4.8827249338482003e-14,24
136,0.0017124999567386112,0,bent,0.08984375,0,4294967295,4294967295,1,10,0.99563103914260864,0,0,0,0.99563106482346431,1.0039529600652566,1.0248789574822917e-05,1.0429967790842056,-0.025025014067068696,1.5665977112948895,0.020241869489052045,unloading,1.0248789574822917e-05,0.015035210075762747,3.6883330434501887e-09,0.19645476341247559,1.7972271962207742e-05,0,0,0,1,1,1,0.089845256235165094,24
136,0.0017124999567386112,1,held_reference,0,0,4294967295,4294967295,1,7,0.99999910593032837,0,0,0,0.99999927070196981,1.0000006567451234,1.8960268332301298e-09,0.0030301425158540951,-0.0043997557377224439,0.00010489452060369331,3.0975772657802709e-07,unloading,1.8960268332301298e-09,7.2479143885722735e-05,5.566102544408691e-14,0.00097555859247222543,1.091370336325781e-06,0,0,0,1,1,1,-4.8827249338482003e-14,24
137,0.0017249999564228347,0,bent,0.0859375,0,4294967295,4294967295,1,10,0.99574571847915649,0,0,0,0.99574572092222335,1.0039105870740823,1.0095412130781487e-05,0.85625511780381203,-0.021940977807389572,1.6246344819664955,0.0214636712097768,unloading,1.0095412130781487e-05,0.014091093081467975,3.5815524821933928e-09,0.20067469775676727,1.8580081814434379e-05,0,0,0,1,1,1,0.085923637169976586,24
137,0.0017249999564228347,1,held_reference,0,0,4294967295,4294967295,1,7,0.99999910593032837,0,0,0,0.99999927070196981,1.0000006567451234,1.9048340925905706e-09,0.0030301425149446004,-0.0028822845852118917,0.00010497359994587896,3.0978948763276963e-07,unloading,1.9048340925905706e-09,7.2471450864470519e-05,5.7790080579065225e-14,0.00097555859247222543,1.0874628060264513e-06,0,0,0,1,1,1,-4.8827249338482003e-14,24
138,0.0017374999561070581,0,bent,0.08203125,0,4294967295,4294967295,1,10,0.99585056304931641,0,0,0,0.99585054025248188,1.0038620748802667,9.9395852192214063e-06,0.88604921847581863,-0.03523204056546092,1.666622394695878,0.022619133026577053,unloading,9.9395852192214063e-06,0.014401997366511883,3.6618197759804274e-09,0.20357038080692291,1.8293971152161248e-05,0,0,0,1,1,1,0.082026320944676184,24
138,0.0017374999561070581,1,held_reference,0,0,4294967295,4294967295,1,7,0.99999910593032837,0,0,0,0.99999927070196981,1.0000006567451234,1.9096060204404307e-09,0.0030301424885692541,-0.0043900994405703386,0.00010507923940394903,3.0983179361282946e-07,unloading,1.9096060204404307e-09,7.2612717864120512e-05,5.453796760629742e-14,0.00097555859247222543,1.0642082770573325e-06,0,0,0,1,1,1,-4.8827249338482003e-14,24
139,0.0017499999557912815,0,bent,0.078125,0,4294967295,4294967295,1,10,0.99595993757247925,0,0,0,0.9959599203458197,1.0038264888645518,9.7847924963548185e-06,0.96089749783277512,-0.030243529472500086,1.7056599464267492,0.023986536195169193,unloading,9.7847924963548185e-06,0.013943050396226743,3.6458709665183727e-09,0.20712389051914215,1.8690981960389763e-05,0,0,0,1,1,1,0.078115787605167103,24
139,0.0017499999557912815,1,held_reference,0,0,4294967295,4294967295,1,7,0.99999910593032837,0,0,0,0.99999927070196981,1.0000006567451234,1.9153746803328491e-09,0.0030301425294965156,-0.0028806874179281294,0.00010510315581768737,3.098411500532164e-07,unloading,1.9153746803328491e-09,7.25122014094815e-05,5.6500892096271521e-14,0.00097555859247222543,1.0647162298482726e-06,0,0,0,1,1,1,-4.8827249338482003e-14,24
140,0.001762499955475505,0,bent,0.07421875,0,4294967295,4294967295,1,10,0.99606883525848389,0,0,0,0.99606877334660771,1.0037780085104058,9.6214449310878394e-06,0.99573943018913269,-0.025796196714509279,1.7365401675924659,0.02489085142513919,unloading,9.6214449310878394e-06,0.014972293143960083,3.9549426582665672e-09,0.20952573418617249,1.9230707039241679e-05,0,0,0,1,1,1,0.07420525878866692,24
140,0.001762499955475505,1,held_reference,0,0,4294967295,4294967295,1,7,0.99999910593032837,0,0,0,0.99999927070196981,1.0000006567451234,1.9222708710347225e-09,0.0030301423903438263,-0.0043984400008412194,0.00010517855923808384,3.0987135634495581e-07,unloading,1.9222708710347225e-09,7.2326552494101357e-05,5.4524954066518912e-14,0.00097555859247222543,1.1229988103877986e-06,0,0,0,1,1,1,-4.8827249338482003e-14,24
141,0.0017749999551597284,0,bent,0.0703125,0,4294967295,4294967295,1,10,0.99618339538574219,0,0,0,0.99618337728199768,1.0037296596431124,9.4571089275442639e-06,0.9265077468007803,-0.038747822400182486,1.7868099249899387,0.025877055375541597,unloading,9.4571089275442639e-06,0.01442781141385014,3.8871976258130251e-09,0.21141211688518524,1.9007989976671524e-05,0,0,0,1,1,1,0.070334428788846659,24
141,0.0017749999551597284,1,held_reference,0,0,4294967295,4294967295,1,6,0.99999910593032837,0,0,0,0.99999927070196981,1.0000006567451234,1.9277444479031596e-09,0.0030301424994831905,-0.0028652030741795897,0.00010517838677515101,3.0987119280325727e-07,unloading,1.9277444479031596e-09,7.3017426270643277e-05,5.056610258802944e-14,0.00097555859247222543,1.0306185913577792e-06,0,0,0,1,1,1,-4.8827249338482003e-14,24
142,0.0017874999548439519,0,bent,0.06640625,0,4294967295,4294967295,1,10,0.99628531932830811,0,0,0,0.99628536733428597,1.0036875848998781,9.2935744217156536e-06,0.93164624273777008,-0.039547384483739734,1.8244788671727292,0.027070135938321329,unloading,9.2935744217156536e-06,0.014933359774257835,3.9065002950483523e-09,0.21476443111896515,1.9493825675453991e-05,0,0,0,1,1,1,0.066379983218967431,24
142,0.0017874999548439519,1,held_reference,0,0,4294967295,4294967295,1,8,0.99999910593032837,0,0,0,0.99999927070196981,1.0000006567451234,1.9359994699185135e-09,0.0030301423721539322,-0.0044282553426455706,0.00010539824552324717,3.0995940537832183e-07,unloading,1.9359994699185135e-09,7.3975817852605947e-05,6.186488904948186e-14,0.00097555859247222543,1.0963968861688045e-06,0,0,0,1,1,1,-4.8827249338482003e-14,24
143,0.0017999999545281753,0,bent,0.0625,0,4294967295,4294967295,1,10,0.99640601873397827,0,0,0,0.9964059687382042,1.0036318046262807,9.1138123216018051e-06,1.1453982889652252,-0.025520828552544117,1.8440716098994017,0.027773057140470164,unloading,9.1138123216018051e-06,0.015961046196737355,4.5001582970886764e-09,0.21650353074073792,1.9220709873479791e-05,0,0,0,1,1,1,0.062526584795095416,24
143,0.0017999999545281753,1,held_reference,0,0,4294967295,4294967295,1,6,0.99999910593032837,0,0,0,0.99999927070196981,1.0000006567451234,1.9426230843893245e-09,0.0030301424121716991,-0.0029103476845193654,0.00010503791631322201,3.0981517805776054e-07,unloading,1.9426230843893245e-09,7.3014287910821001e-05,5.1150503961682741e-14,0.00097555859247222543,1.1002136943716323e-06,0,0,0,1,1,1,-4.8827249338482003e-14,24
144,0.0018124999542123987,0,bent,0.05859375,0,4294967295,4294967295,1,10,0.99652010202407837,0,0,0,0.99652001881161723,1.0035832532976829,8.9492764863883143e-06,1.0026850067079067,-0.025223765405826271,1.8984606948724831,0.029104000240873604,unloading,8.9492764863883143e-06,0.015035799004480958,3.8120977906199929e-09,0.218560591340065,1.9486049495753832e-05,0,0,0,1,1,1,0.058572139380182998,24
144,0.0018124999542123987,1,held_reference,0,0,4294967295,4294967295,1,7,0.99999910593032837,0,0,0,0.99999927070196981,1.0000006567451234,1.9467800624827239e-09,0.0030301425886136713,-0.0044130353653599741,0.00010478399619273659,3.0971359713839736e-07,unloading,1.9467800624827239e-09,7.249239565864209e-05,5.5661646505011485e-14,0.00097555859247222543,1.0235024774374324e-06,0,0,0,1,1,1,-4.8827249338482003e-14,24
145,0.0018249999538966222,0,bent,0.0546875,0,4294967295,4294967295,1,10,0.99658995866775513,0,0,0,0.99658990901657118,1.0035185308598669,8.7480057014546519e-06,1.1921280845999718,-0.035545337479561567,1.8791329762898386,0.029275853037724269,unloading,8.7480057014546519e-06,0.017861779709368954,5.3862465184833965e-09,0.22203975915908813,1.9474960936349817e-05,0,0,0,1,1,1,0.05469443796135931,24
145,0.0018249999538966222,1,held_reference,0,0,4294967295,4294967295,1,8,0.99999910593032837,0,0,0,0.99999927070196981,1.0000006567451234,1.9638888878200624e-09,0.0030301425576908514,-0.0029358777464949526,0.00010492391686511837,3.0976953559729704e-07,unloading,1.9638888878200624e-09,7.3639418897800295e-05,6.0679952356453612e-14,0.00097555859247222543,1.1151231547046336e-06,0,0,0,1,1,1,-4.8827249338482003e-14,24
146,0.0018374999535808456,0,bent,0.05078125,0,4294967295,4294967295,1,10,0.99664425849914551,0,0,0,0.99664422268058184,1.0034629074316528,8.5734206083362231e-06,1.0741689652204514,-0.043824176653288305,1.9654921516776085,0.030957635292232385,unloading,8.5734206083362231e-06,0.015221208069491511,4.0866916276330501e-09,0.2216857373714447,1.9628236259450205e-05,0,0,0,1,1,1,0.050753211039237967,24
146,0.0018374999535808456,1,held_reference,0,0,4294967295,4294967295,1,7,0.99999910593032837,0,0,0,0.99999927070196981,1.0000006567451234,1.9602437469334845e-09,0.0030624064511357574,-0.0053945674153510481,9.8831836510271387e-05,2.5611038168790377e-07,unloading,1.9602437469334845e-09,7.2500432539508036e-05,5.8378944539631978e-14,0.00097555859247222543,1.102883402381849e-06,0,0,0,1,1,1,-4.8827249338482003e-14,24
147,0.0018499999532650691,0,bent,0.046875,0,4294967295,4294967295,1,10,0.9966970682144165,0,0,0,0.99669699343228402,1.0034032953526346,8.3721041211069496e-06,1.1557123363018036,-0.038585642469115555,1.9599271782208234,0.031101629006397288,unloading,8.3721041211069496e-06,0.017573779946653139,5.2663642609652039e-09,0.22414523363113403,1.971835081349127e-05,0,0,0,1,1,1,0.046886591819195071,24
147,0.0018499999532650691,1,held_reference,0,0,4294967295,4294967295,1,7,0.99999910593032837,0,0,0,0.99999927070196981,1.0000006567451234,1.9661282136671979e-09,0.0030301424767458229,-0.0027567703946260735,0.00010492757627389437,3.0977092372722825e-07,unloading,1.9661282136671979e-09,7.2661014038071244e-05,5.5742769146013254e-14,0.00097555859247222543,1.0358568260926404e-06,0,0,0,1,1,1,-4.8827249338482003e-14,24
148,0.0018624999529492925,0,bent,0.04296875,0,4294967295,4294967295,1,10,0.99673634767532349,0,0,0,0.99673638822495281,1.0033554429196681,8.20601359804594e-06,1.0630336292088032,-0.029240621253848076,2.0095520908944309,0.032839103243999773,unloading,8.20601359804594e-06,0.014439139615386931,3.8030850426278794e-09,0.22468201816082001,1.9819146473309956e-05,0,0,0,1,1,1,0.042946484439553123,24
148,0.0018624999529492925,1,held_reference,0,0,4294967295,4294967295,1,7,0.99999910593032837,0,0,0,0.99999927070196981,1.0000006567451234,1.9727484236090318e-09,0.0030624063292634673,-0.005302798977936618,9.8972868443070183e-05,2.5616680732127833e-07,unloading,1.9727484236090318e-09,7.2357902974529376e-05,5.5283845062214103e-14,0.00097555859247222543,1.1061147233704105e-06,0,0,0,1,1,1,-4.8827249338482003e-14,24
149,0.0018749999526335159,0,bent,0.0390625,0,4294967295,4294967295,1,10,0.9967920184135437,0,0,0,0.99679199755926462,1.0032872608203862,7.9955453969277991e-06,1.2645281367003918,-0.035397955682128668,2.0060871709138155,0.033061953454951241,unloading,7.9955453969277991e-06,0.018241860785764761,5.7502662621645502e-09,0.22799369692802429,2.0249051885912195e-05,0,0,0,1,1,1,0.039078751697390605,24
149,0.0018749999526335159,1,held_reference,0,0,4294967295,4294967295,1,7,0.99999910593032837,0,0,0,0.99999927070196981,1.0000006567451234,1.9796282753790948e-09,0.0030301424685603706,-0.0027229752740822732,0.00010506014109523676,3.0982396796207452e-07,unloading,1.9796282753790948e-09,7.2484786753717099e-05,5.6027631125399254e-14,0.00097555859247222543,1.1016147709597135e-06,0,0,0,1,1,1,-4.8827249338482003e-14,24
150,0.0018874999523177394,0,bent,0.03515625,0,4294967295,4294967295,1,10,0.99683725833892822,0,0,0,0.99683727128827371,1.0032446055969493,7.8262662046505075e-06,1.0269521847367287,-0.044795803725719452,2.0764030367136002,0.0346939948755772,unloading,7.8262662046505075e-06,0.015050247873931099,3.8697405358885429e-09,0.22748091816902161,2.0296718503232114e-05,0,0,0,1,1,1,0.035138644267129336,24
150,0.0018874999523177394,1,held_reference,0,0,4294967295,4294967295,1,8,0.99999910593032837,0,0,0,0.99999927070196981,1.0000006567451234,2.0036259315426218e-09,0.003062406372919213,-0.0053934588795527816,9.9288928652185859e-05,2.5629337222926533e-07,unloading,2.0036259315426218e-09,7.4476784776054088e-05,6.423040585658482e-14,0.00097555859247222543,1.0507793604119797e-06,0,0,0,1,1,1,-4.8827249338482003e-14,24
151,0.0018999999520019628,0,bent,0.03125,0,4294967295,4294967295,1,10,0.99688106775283813,0,0,0,0.99688109033826544,1.0031705359665517,7.6092143243546034e-06,1.3445249386131763,-0.04855728754773736,2.051881873048842,0.034743765732068714,unloading,7.6092143243546034e-06,0.018486433067920655,5.9950259533694368e-09,0.2301301509141922,2.0413799575180747e-05,0,0,0,1,1,1,0.031270909488903105,24
151,0.0018999999520019628,1,held_reference,0,0,4294967295,4294967295,1,7,0.99999910593032837,0,0,0,0.99999927070196981,1.0000006567451234,1.8771406608397488e-09,0.0030301424485514872,-0.0027327654825057834,0.00010502974930659548,3.0981185387645357e-07,unloading,1.8771406608397488e-09,7.2429586025289514e-05,5.727099883488983e-14,0.00097555859247222543,1.10059852431732e-06,0,0,0,1,1,1,-4.8827249338482003e-14,24
152,0.0019124999516861863,0,bent,0.02734375,0,4294967295,4294967295,1,10,0.99693423509597778,0,0,0,0.99693422127444886,1.00311804226435,7.4386969898064232e-06,1.0655693411827087,-0.057988935150206089,2.1343721710145473,0.03654110199682014,unloading,7.4386969898064232e-06,0.014809001661087163,3.957407358421967e-09,0.23021513223648071,2.0678064174717292e-05,0,0,0,1,1,1,0.027346200822307116,24
152,0.0019124999516861863,1,held_reference,0,0,4294967295,4294967295,1,6,0.99999910593032837,0,0,0,0.99999927070196981,1.0000006567451234,1.8928948842475273e-09,0.0030301424994831905,-0.0029578514513559639,0.00010476952732574318,3.0970788606646201e-07,unloading,1.8928948842475273e-09,7.2855201306863099e-05,5.0963944191274461e-14,0.00097555859247222543,1.0939098729068064e-06,0,0,0,1,1,1,-4.8827249338482003e-14,24
153,0.0019249999513704097,0,bent,0.0234375,0,4294967295,4294967295,1,10,0.99697887897491455,0,0,0,0.99697875877085174,1.0030548599651952,7.2330976679641424e-06,1.1049247086048126,-0.029737430857494473,2.1300567453727126,0.036638214253596577,unloading,7.2330976679641424e-06,0.018397906444057106,5.582949243869914e-09,0.23338928818702698,2.0413184756762348e-05,0,0,0,1,1,1,0.023438764748504568,24
153,0.0019249999513704097,1,held_reference,0,0,4294967295,4294967295,1,7,0.99999910593032837,0,0,0,0.99999927070196981,1.0000006567451234,1.9438613544123046e-09,0.0030301424558274448,-0.0044396286393748596,0.0001046620572253687,3.0966485872704615e-07,unloading,1.9438613544123046e-09,7.2688209491620184e-05,5.5785204038310569e-14,0.00097555859247222543,1.0440705864311894e-06,0,0,0,1,1,1,-4.8827249338482003e-14,24
154,0.0019374999510546331,0,bent,0.01953125,0,4294967295,4294967295,1,10,0.9970405101776123,0,0,0,0.99704045874569658,1.0029911377473697,7.025456780542884e-06,1.1031162142753601,-0.04765055188909173,2.1618528738617897,0.03771830099207172,unloading,7.025456780542884e-06,0.017442442848760488,5.4064041896641842e-09,0.23408694565296173,2.0303288692957722e-05,0,0,0,1,1,1,0.019538360837506392,24
154,0.0019374999510546331,1,held_reference,0,0,4294967295,4294967295,1,7,0.99999910593032837,0,0,0,0.99999927070196981,1.0000006567451234,1.9731162749717244e-09,0.0030301425022116746,-0.0029077058643451892,0.00010465049510344215,3.0966015603644329e-07,unloading,1.9731162749717244e-09,7.2443888990362563e-05,5.5596417847091404e-14,0.00097555859247222543,1.0828863423739676e-06,0,0,0,1,1,1,-4.8827249338482003e-14,24
155,0.0019499999507388566,0,bent,0.015625,0,4294967295,4294967295,1,10,0.99709272384643555,0,0,0,0.99709258690966085,1.0029175219442183,6.813430755754579e-06,1.2426648139953613,-0.039886877872049809,2.1698235410731286,0.038049695175844424,unloading,6.813430755754579e-06,0.017907883312418427,5.7095724086019212e-09,0.23461630940437317,2.0459376173675992e-05,0,0,0,1,1,1,0.015630924730845389,24
155,0.0019499999507388566,1,held_reference,0,0,4294967295,4294967295,1,6,0.99999910593032837,0,0,0,0.99999927070196981,1.0000006567451234,1.8972313701679534e-09,0.0030301424449135084,-0.0042971834245690843,0.00010465336458764796,3.0966118646392677e-07,unloading,1.8972313701679534e-09,7.2833943181143578e-05,4.8575714659568517e-14,0.00097555859247222543,1.120552838074218e-06,0,0,0,1,1,1,-4.8827249338482003e-14,24
156,0.00196249995042308,0,bent,0.01171875,0,4294967295,4294967295,1,10,0.99712961912155151,0,0,0,0.99712963013703726,1.0028635542042441,6.6123533915866834e-06,1.129700168967247,-0.038289704360067844,2.2056691963225603,0.039157132898805111,unloading,6.6123533915866834e-06,0.017211214010733441,5.1172775542476779e-09,0.2351854145526886,2.0664767362177372e-05,0,0,0,1,1,1,0.011717302996063059,24
156,0.00196249995042308,1,held_reference,0,0,4294967295,4294967295,1,6,0.99999910593032837,0,0,0,0.99999927070196981,1.0000006567451234,1.9204583264956742e-09,0.0030301424067147309,-0.0028123637966928072,0.00010463552717965285,3.0965422671397355e-07,unloading,1.9204583264956742e-09,7.3050766056654336e-05,5.0048462594285887e-14,0.00097555859247222543,1.0127089353773044e-06,0,0,0,1,1,1,-4.8827249338482003e-14,24
157,0.0019749999501073034,0,bent,0.0078125,0,4294967295,4294967295,1,10,0.99720126390457153,0,0,0,0.99720133061791361,1.0027817598226225,6.3895717949691469e-06,1.2675945088267326,-0.049919987563043833,2.1950616994872689,0.039442128781463699,unloading,6.3895717949691469e-06,0.018632202983179767,6.2222765756913736e-09,0.23705694079399109,2.0614199456758797e-05,0,0,0,1,1,1,0.0077935060486869004,24
157,0.0019749999501073034,1,held_reference,0,0,4294967295,4294967295,1,8,0.99999910593032837,0,0,0,0.99999927070196981,1.0000006567451234,1.9659834268316894e-09,0.0030301424649223918,-0.0044459683322202181,0.00010486441169632599,3.0974556472028742e-07,unloading,1.9659834268316894e-09,7.3193426839729254e-05,5.9097744663299377e-14,0.00097555859247222543,1.1173520988450036e-06,0,0,0,1,1,1,-4.8827249338482003e-14,24
158,0.0019874999497915269,0,bent,0.00390625,0,4294967295,4294967295,1,10,0.99725311994552612,0,0,0,0.99725316292996458,1.0027147559112906,6.1779118941943194e-06,1.2219886407256126,-0.0386628492269665,2.2092747611459345,0.040109321858716324,unloading,6.1779118941943194e-06,0.0190502673919772,6.0585160391607943e-09,0.23684394359588623,2.1070836737635545e-05,0,0,0,1,1,1,0.0039094627435855567,24
158,0.0019874999497915269,1,held_reference,0,0,4294967295,4294967295,1,7,0.99999910593032837,0,0,0,0.99999927070196981,1.0000006567451234,1.9694040629806086e-09,0.0030301424849312752,-0.0029293083134689368,0.00010482391041932715,3.09729659471486e-07,unloading,1.9694040629806086e-09,7.2547854662885272e-05,5.6461543519192465e-14,0.00097555859247222543,1.1086278846050845e-06,0,0,0,1,1,1,-4.8827249338482003e-14,24
159,0.0019999999494757503,0,bent,0,0,4294967295,4294967295,1,10,0.99732130765914917,0,0,0,0.99732122145498325,1.0026430044955175,6.0305294722385578e-06,1.2501505687832832,-0.055914565920829773,2.2351577803492546,0.040848098276250064,unloading,6.0305294722385578e-06,0.017932980700907493,5.628747179565407e-09,0.23841299116611481,2.0714696802315302e-05,0,0,0,1,1,1,-4.8827249338482003e-14,24
159,0.0019999999494757503,1,held_reference,0,0,4294967295,4294967295,1,6,0.99999910593032837,0,0,0,0.99999927070196981,1.0000006567451234,1.9863529217011603e-09,0.003030142452189466,-0.0042858561682805885,0.00010479342336111586,3.0971718694127003e-07,unloading,1.9863529217011603e-09,7.2964494015496576e-05,4.9520907718617374e-14,0.00097555859247222543,1.021464413497597e-06,0,0,0,1,1,1,-4.8827249338482003e-14,24
160,0.0020124999491599738,0,bent,0,0,4294967295,4294967295,1,10,0.99742597341537476,0,0,0,0.99742596754446511,1.0025436532724525,5.7588306882418857e-06,1.043831329792738,-0.027370515046641231,2.0760280750691891,0.0377358385422416,relaxation,5.7588306882418857e-06,0.030803388233983948,1.2378133588683156e-08,0.21712923049926758,1.8739388906396925e-05,0,0,0,1,1,1,-4.8827249338482003e-14,24
160,0.0020124999491599738,1,held_reference,0,0,4294967295,4294967295,1,8,0.99999910593032837,0,0,0,0.99999927070196981,1.0000006567451234,2.0183974560186377e-09,0.0030301424403660349,-0.0028911515473737381,0.00010499194098656517,3.097966271461697e-07,relaxation,2.0183974560186377e-09,7.3252453399272089e-05,5.9454124327598615e-14,0.00097555859247222543,1.1206979024791508e-06,0,0,0,1,1,1,-4.8827249338482003e-14,24
161,0.0020249999488441972,0,bent,0,0,4294967295,4294967295,1,10,0.99748271703720093,0,0,0,0.99748284955165367,1.0024560252226389,5.6482416316686668e-06,1.3465452222153544,-0.060459867585450411,1.9191611260175705,0.035376735146758154,relaxation,5.6482416316686668e-06,0.013494581485084835,2.2856168964118721e-09,0.21207334101200104,1.8409380572848022e-05,0,0,0,1,1,1,-4.8827249338482003e-14,24
161,0.0020249999488441972,1,held_reference,0,0,4294967295,4294967295,1,7,0.99999910593032837,0,0,0,0.99999927070196981,1.0000006567451234,2.0103095377602268e-09,0.0030624065075244289,-0.0053577367798425257,9.8913354122487362e-05,2.5614287949429119e-07,relaxation,2.0103095377602268e-09,7.2529834296024257e-05,5.6863254350413331e-14,0.00097555859247222543,1.0944908126475639e-06,0,0,0,1,1,1,-4.8827249338482003e-14,24
162,0.0020374999485284206,0,bent,0,0,4294967295,4294967295,1,10,0.99759769439697266,0,0,0,0.99759770066075226,1.0023270925556118,5.4602678934910262e-06,0.94275587797164917,-0.025313802063465118,1.794814620167017,0.03427477979797125,relaxation,5.4602678934910262e-06,0.02478218541027476,7.7239387399044804e-09,0.20177567005157471,1.6549756765016355e-05,0,0,0,1,1,1,-4.8827249338482003e-14,24
162,0.0020374999485284206,1,held_reference,0,0,4294967295,4294967295,1,7,0.99999910593032837,0,0,0,0.99999927070196981,1.0000006567451234,2.0207293196797411e-09,0.0030301424976642011,-0.0027376709331292659,0.00010499367317606811,3.0979741874216374e-07,relaxation,2.0207293196797411e-09,7.252734225374537e-05,5.4127150282141676e-14,0.00097555859247222543,1.0665613672244945e-06,0,0,0,1,1,1,-4.8827249338482003e-14,24
163,0.0020499999482126441,0,bent,0,0,4294967295,4294967295,1,10,0.99762916564941406,0,0,0,0.99762919152961826,1.002247677899518,5.3868325879834285e-06,1.0679962709546089,-0.055796497501432896,1.7118736319243908,0.032633725970260798,relaxation,5.3868325879834285e-06,0.010462477496505649,1.1139563678418059e-09,0.18816092610359192,1.5771680409670807e-05,0,0,0,1,1,1,-4.8827249338482003e-14,24
163,0.0020499999482126441,1,held_reference,0,0,4294967295,4294967295,1,7,0.99999910593032837,0,0,0,0.99999927070196981,1.0000006567451234,2.0310016419332906e-09,0.0030624064384028316,-0.0052518976881401613,9.9011408735805162e-05,2.5618222452976588e-07,relaxation,2.0310016419332906e-09,7.2444275186438401e-05,5.7217043853333173e-14,0.00097555859247222543,1.0809337709360989e-06,0,0,0,1,1,1,-4.8827249338482003e-14,24
164,0.0020624999478968675,0,bent,0,0,4294967295,4294967295,1,10,0.99776631593704224,0,0,0,0.99776631262736826,1.0020640661995495,5.1577768855886624e-06,0.83588893711566925,-0.048316364642232656,1.6046928092837334,0.030912196750447152,relaxation,5.1577768855886624e-06,0.025480994465475061,9.8733698285666797e-09,0.17166805267333984,1.482978041167371e-05,0,0,0,1,1,1,-4.8827249338482003e-14,24
164,0.0020624999478968675,1,held_reference,0,0,4294967295,4294967295,1,8,0.99999910593032837,0,0,0,0.99999927070196981,1.0000006567451234,2.0422539760116287e-09,0.0030301424212666461,-0.0025630164600443095,0.00010528615035809707,3.0991445794461423e-07,relaxation,2.0422539760116287e-09,7.4369051717096716e-05,6.187520973960873e-14,0.00097555859247222543,1.0999928008459392e-06,0,0,0,1,1,1,-4.8827249338482003e-14,24
165,0.002074999947581091,0,bent,0,0,4294967295,4294967295,1,10,0.9977990984916687,0,0,0,0.99779905659750345,1.0020273094202217,5.0806426305216782e-06,1.0512147396802902,-0.037914819200523198,1.5327374446205795,0.02948559000129998,relaxation,5.0806426305216782e-06,0.0079739181855264709,1.0559618135680737e-09,0.1662595123052597,1.4181620827002916e-05,0,0,0,1,1,1,-4.8827249338482003e-14,24
165,0.002074999947581091,1,held_reference,0,0,4294967295,4294967295,1,6,0.99999910593032837,0,0,0,0.99999927070196981,1.0000006567451234,2.0483560672455955e-09,0.0030624063110735733,-0.0049653444293653592,9.8874822413108632e-05,2.5612760952935722e-07,relaxation,2.0483560672455955e-09,7.3058419351190753e-05,5.0459875478179635e-14,0.00097555859247222543,1.071311430678179e-06,0,0,0,1,1,1,-4.8827249338482003e-14,24
166,0.0020874999472653144,0,bent,0,0,4294967295,4294967295,1,10,0.99791413545608521,0,0,0,0.99791413851096988,1.0019203852905583,4.8795241438552742e-06,0.72309786826372147,-0.07264267560094595,1.4844001141609624,0.028441203784041108,relaxation,4.8795241438552742e-06,0.02006231220354664,6.7372165895423987e-09,0.15347683429718018,1.3511300494428724e-05,0,0,0,1,1,1,-4.8827249338482003e-14,24
166,0.0020874999472653144,1,held_reference,0,0,4294967295,4294967295,1,7,0.99999910593032837,0,0,0,0.99999927070196981,1.0000006567451234,2.0557876807351133e-09,0.003030142504030664,-0.0025973438459914178,0.00010471364413433548,3.096855185967794e-07,relaxation,2.0557876807351133e-09,7.2488364631359613e-05,5.6258138878307772e-14,0.00097555859247222543,1.0856900871658581e-06,0,0,0,1,1,1,-4.8827249338482003e-14,24
167,0.0020999999469495378,0,bent,0,0,4294967295,4294967295,1,10,0.99794363975524902,0,0,0,0.99794363174137546,1.0018840873944068,4.8126328619275044e-06,0.88107127696275711,-0.029068264295347035,1.4220362948253751,0.027365410976342857,relaxation,4.8126328619275044e-06,0.0062949844857154947,7.4543620089449429e-10,0.14828109741210938,1.463626540498808e-05,0,0,0,1,1,1,-4.8827249338482003e-14,24
167,0.0020999999469495378,1,held_reference,0,0,4294967295,4294967295,1,7,0.99999910593032837,0,0,0,0.99999927070196981,1.0000006567451234,2.0633643664942878e-09,0.0030624064256699057,-0.0051935645460616797,9.8622748510024394e-05,2.5602679589428565e-07,relaxation,2.0633643664942878e-09,7.2488579053349067e-05,5.3690492664806024e-14,0.00097555859247222543,1.1039821856684284e-06,0,0,0,1,1,1,-4.8827249338482003e-14,24
168,0.0021124999466337613,0,bent,0,0,4294967295,4294967295,1,10,0.9980313777923584,0,0,0,0.99803139574586452,1.0017993734126098,4.6483194701322436e-06,0.58960676193237305,-0.055978188698645681,1.387527467799373,0.026466699709296222,relaxation,4.6483194701322436e-06,0.015130689308412971,4.1721395302105276e-09,0.13909684121608734,1.2411599527695216e-05,0,0,0,1,1,1,-4.8827249338482003e-14,24
168,0.0021124999466337613,1,held_reference,0,0,4294967295,4294967295,1,7,0.99999910593032837,0,0,0,0.99999927070196981,1.0000006567451234,2.0710947747139419e-09,0.0030301424876597594,-0.0026926967984763905,0.00010473672432453895,3.0969455116883162e-07,relaxation,2.0710947747139419e-09,7.2627045910264883e-05,5.6172473460308692e-14,0.00097555859247222543,1.0577707598713459e-06,0,0,0,1,1,1,-4.8827249338482003e-14,24
169,0.0021249999463179847,0,bent,0,0,4294967295,4294967295,1,10,0.99806022644042969,0,0,0,0.99806027532668451,1.0017683590755,4.5793141411320354e-06,0.77620267122983932,-0.023264125105924904,1.331195592880249,0.025659225500710307,relaxation,4.5793141411320354e-06,0.0061862044155245729,7.3444163280015694e-10,0.13794799149036407,1.1908985470654443e-05,0,0,0,1,1,1,-4.8827249338482003e-14,24
169,0.0021249999463179847,1,held_reference,0,0,4294967295,4294967295,1,7,0.99999910593032837,0,0,0,0.99999927070196981,1.0000006567451234,2.0778185843624778e-09,0.0030624065548181534,-0.0052528877422446385,9.8723725756144631e-05,2.5606704524398066e-07,relaxation,2.0778185843624778e-09,7.231252724232091e-05,5.5919762515905094e-14,0.00097555859247222543,1.0990044074787875e-06,0,0,0,1,1,1,-4.8827249338482003e-14,24
170,0.0021374999460022082,0,bent,0,0,4294967295,4294967295,1,10,0.99812477827072144,0,0,0,0.99812480586216612,1.0016980358702294,4.4476554559307152e-06,0.59507359564304352,-0.051905327127315104,1.3012115769088268,0.024892067235812543,relaxation,4.4476554559307152e-06,0.011718273153140125,2.5608269081814172e-09,0.13310223817825317,1.1671460015350021e-05,0,0,0,1,1,1,-4.8827249338482003e-14,24
170,0.0021374999460022082,1,held_reference,0,0,4294967295,4294967295,1,7,0.99999910593032837,0,0,0,0.99999927070196981,1.0000006567451234,2.0832379408074394e-09,0.0030301424676508759,-0.002681791374925524,0.00010478789562284874,3.0971507393678595e-07,relaxation,2.0832379408074394e-09,7.2513205793910682e-05,5.5500532416181338e-14,0.00097555859247222543,1.0839389688044321e-06,0,0,0,1,1,1,-4.8827249338482003e-14,24
171,0.0021499999456864316,0,bent,0,0,4294967295,4294967295,1,10,0.99816656112670898,0,0,0,0.99816666673865606,1.001673793534068,4.3814589495232279e-06,0.68303674831986427,-0.031742114457301795,1.2446356695145369,0.024117178771074863,relaxation,4.3814589495232279e-06,0.0059045275647008405,6.8475365272094483e-10,0.12924681603908539,1.1539586012077052e-05,0,0,0,1,1,1,-4.8827249338482003e-14,24
171,0.0021499999456864316,1,held_reference,0,0,4294967295,4294967295,1,7,0.99999910593032837,0,0,0,0.99999927070196981,1.0000006567451234,1.964418549076096e-09,0.0030624063347204356,-0.0052618375484598801,9.8816295235337748e-05,2.5610428720756289e-07,relaxation,1.964418549076096e-09,7.2640065897522935e-05,5.4741390104209956e-14,0.00097555859247222543,1.0686609357435373e-06,0,0,0,1,1,1,-4.8827249338482003e-14,24
172,0.002162499945370655,0,bent,0,0,4294967295,4294967295,1,10,0.99822050333023071,0,0,0,0.99822053627024476,1.0016322299648586,4.2637208803945139e-06,0.62740863859653473,-0.056570695713162422,1.2144643473438919,0.023535405213460328,relaxation,4.2637208803945139e-06,0.010266898572531316,2.0186972045189758e-09,0.12213348597288132,1.0971242772939149e-05,0,0,0,1,1,1,-4.8827249338482003e-14,24
172,0.002162499945370655,1,held_reference,0,0,4294967295,4294967295,1,7,0.99999910593032837,0,0,0,0.99999927070196981,1.0000006567451234,2.0021676965522252e-09,0.0030301424740173388,-0.0027022845461033285,0.00010494620335066429,3.09778499515232e-07,relaxation,2.0021676965522252e-09,7.2484985869699129e-05,5.6170977558414866e-14,0.00097555859247222543,1.1022763146684156e-06,0,0,0,1,1,1,-4.8827249338482003e-14,24
173,0.0021749999450548785,0,bent,0,0,4294967295,4294967295,1,10,0.99826151132583618,0,0,0,0.99826156451659442,1.0016049930163102,4.193213474832239e-06,0.62251074612140656,-0.020987852243706584,1.1666203141212463,0.022823972369357945,relaxation,4.193213474832239e-06,0.006013376594993668,7.2923436961791514e-10,0.12074354290962219,1.0793947694764938e-05,0,0,0,1,1,1,-4.8827249338482003e-14,24
173,0.0021749999450548785,1,held_reference,0,0,4294967295,4294967295,1,6,0.99999910593032837,0,0,0,0.99999927070196981,1.0000006567451234,2.0389036071148629e-09,0.0030624065111624077,-0.0050032566505251452,9.8856867282393068e-05,2.5612039861880464e-07,relaxation,2.0389036071148629e-09,7.2875840809433277e-05,5.0180862308480122e-14,0.00097555859247222543,1.0934962801911752e-06,0,0,0,1,1,1,-4.8827249338482003e-14,24
174,0.0021874999447391019,0,bent,0,0,4294967295,4294967295,1,10,0.99829703569412231,0,0,0,0.99829688816826212,1.0015778341359876,4.1019578404626471e-06,0.57232026755809784,-0.05700785867520608,1.1473777920473367,0.022488415583327412,relaxation,4.1019578404626471e-06,0.0077420014055817627,1.1967056494946981e-09,0.11696987599134445,1.050298578775255e-05,0,0,0,1,1,1,-4.8827249338482003e-14,24
174,0.0021874999447391019,1,held_reference,0,0,4294967295,4294967295,1,7,0.99999910593032837,0,0,0,0.99999927070196981,1.0000006567451234,2.0711119431097316e-09,0.0030301425504148938,-0.0025982132647186518,0.00010494955563444819,3.0977966553473361e-07,relaxation,2.0711119431097316e-09,7.258351181741971e-05,5.5295056314526816e-14,0.00097555859247222543,1.0697916650315165e-06,0,0,0,1,1,1,-4.8827249338482003e-14,24
175,0.0021999999444233254,0,bent,0,0,4294967295,4294967295,1,10,0.99833619594573975,0,0,0,0.9983361569731849,1.0015485780429225,4.0337693652512011e-06,0.594517782330513,-0.013936953211668879,1.111464764457196,0.021811070956274867,relaxation,4.0337693652512011e-06,0.0057756037799147376,6.9165316567699834e-10,0.11326370388269424,1.0029893928731326e-05,0,0,0,1,1,1,-4.8827249338482003e-14,24
175,0.0021999999444233254,1,held_reference,0,0,4294967295,4294967295,1,7,0.99999910593032837,0,0,0,0.99999927070196981,1.0000006567451234,2.035847354062256e-09,0.003062406485696556,-0.00522099673980847,9.8980254392699862e-05,2.5616956994417695e-07,relaxation,2.035847354062256e-09,8.8183611528654801e-05,5.5941620480139797e-14,0.00097555859247222543,1.1221048907827935e-06,0,0,0,1,1,1,-4.8827249338482003e-14,24
176,0.0022124999441075488,0,bent,0,0,4294967295,4294967295,1,10,0.99836897850036621,0,0,0,0.9983689983338907,1.0015199975111437,3.9542675065214047e-06,0.53085608780384064,-0.052540306700393558,1.0913692679605447,0.021418046994253991,relaxation,3.9542675065214047e-06,0.0065726090906691667,8.8982270898298889e-10,0.11048237979412079,9.8049476946471259e-06,0,0,0,1,1,1,-4.8827249338482003e-14,24
176,0.0022124999441075488,1,held_reference,0,0,4294967295,4294967295,1,7,0.99999910593032837,0,0,0,0.99999927070196981,1.0000006567451234,2.0546960884818098e-09,0.0030301425049401587,-0.0026692910032579675,0.00010510116663908775,3.0984052728490454e-07,relaxation,2.0546960884818098e-09,9.7793876712801996e-05,5.8726604165366449e-14,0.00097555859247222543,1.0909070624620654e-06,0,0,0,1,1,1,-4.8827249338482003e-14,24
177,0.0022249999437917722,0,bent,0,0,4294967295,4294967295,1,10,0.99840867519378662,0,0,0,0.99840863238410338,1.0015021398710613,3.8889217243900796e-06,0.50730974972248077,-0.016439722792711109,1.0723970469261985,0.020970822114631527,relaxation,3.8889217243900796e-06,0.005414864007439537,6.241605912045953e-10,0.10734941065311432,9.9421067716320977e-06,0,0,0,1,1,1,-4.8827249338482003e-14,24
177,0.0022249999437917722,1,held_reference,0,0,4294967295,4294967295,1,7,0.99999910593032837,0,0,0,0.99999927070196981,1.0000006567451234,2.0708826140202231e-09,0.0030624063510913402,-0.0052155480952933431,9.9065623601291009e-05,2.5620385746515211e-07,relaxation,2.0708826140202231e-09,7.2311639826446727e-05,5.5684247243678188e-14,0.00097555859247222543,1.076577518688282e-06,0,0,0,1,1,1,-4.8827249338482003e-14,24
178,0.0022374999434759957,0,bent,0,0,4294967295,4294967295,1,10,0.99843823909759521,0,0,0,0.99843825939177888,1.0014739967111119,3.8043039820676656e-06,0.4063049703836441,-0.048827381106093526,1.0481047730427235,0.020497394029244779,relaxation,3.8043039820676656e-06,0.0068975881917954429,1.0052638775386478e-09,0.10567543655633926,9.6832409326452762e-06,0,0,0,1,1,1,-4.8827249338482003e-14,24
178,0.0022374999434759957,1,held_reference,0,0,4294967295,4294967295,1,7,0.99999910593032837,0,0,0,0.99999927070196981,1.0000006567451234,2.0857056503841655e-09,0.0030301425240395474,-0.0026576071104500443,0.00010517644511764956,3.0987049803388758e-07,relaxation,2.0857056503841655e-09,7.2531172126151671e-05,5.6856057244630784e-14,0.00097555859247222543,1.0799892606883077e-06,0,0,0,1,1,1,-4.8827249338482003e-14,24
179,0.0022499999431602191,0,bent,0,0,4294967295,4294967295,1,10,0.99847638607025146,0,0,0,0.99847637020409485,1.0014468647863328,3.7437527223852279e-06,0.44391700625419617,-0.018367493990808725,1.0248872127849609,0.020179198560029261,relaxation,3.7437527223852279e-06,0.0049741485686010068,5.3341931938099549e-10,0.10160950571298599,9.4619235824211501e-06,0,0,0,1,1,1,-4.8827249338482003e-14,24
179,0.0022499999431602191,1,held_reference,0,0,4294967295,4294967295,1,6,0.99999910593032837,0,0,0,0.99999927070196981,1.0000006567451234,2.0956072199233807e-09,0.0030624064002040541,-0.0049934143899008632,9.9125368080876797e-05,2.5622765592561286e-07,relaxation,2.0956072199233807e-09,7.2911450243051725e-05,4.9074350251776165e-14,0.00097555859247222543,1.0919609394477447e-06,0,0,0,1,1,1,-4.8827249338482003e-14,24
180,0.0022624999428444426,0,bent,0,0,4294967295,4294967295,1,10,0.99850523471832275,0,0,0,0.99850521608388587,1.0014271391978735,3.6699805666261895e-06,0.45254289358854294,-0.045032990747131407,0.99746705312281847,0.019676653805501758,relaxation,3.6699805666261895e-06,0.0058962001898489567,7.5325830102291783e-10,0.1005709245800972,9.2424061222118326e-06,0,0,0,1,1,1,-4.8827249338482003e-14,24
180,0.0022624999428444426,1,held_reference,0,0,4294967295,4294967295,1,7,0.99999910593032837,0,0,0,0.99999927070196981,1.0000006567451234,2.1064562801608756e-09,0.0030301424749268335,-0.0026032745226984844,0.00010522332593154715,3.0988934733159084e-07,relaxation,2.1064562801608756e-09,7.2577047523642715e-05,5.509356086430958e-14,0.00097555859247222543,1.0512369499338092e-06,0,0,0,1,1,1,-4.8827249338482003e-14,24
181,0.002274999942528666,0,bent,0,0,4294967295,4294967295,1,10,0.99853473901748657,0,0,0,0.99853468512182675,1.0014018159370923,3.6148338937667826e-06,0.36881527304649353,-0.023970925074536353,0.98406940558925271,0.01933335264721513,relaxation,3.6148338937667826e-06,0.0045483590682069315,4.4983376256858304e-10,0.096845194697380066,8.9871673480956815e-06,0,0,0,1,1,1,-4.8827249338482003e-14,24
181,0.002274999942528666,1,held_reference,0,0,4294967295,4294967295,1,8,0.99999910593032837,0,0,0,0.99999927070196981,1.0000006567451234,2.1295573519705748e-09,0.0030624064420408104,-0.0053307857306208462,9.9347095328994328e-05,2.563164001330734e-07,relaxation,2.1295573519705748e-09,7.3839946454791407e-05,6.1909021711525454e-14,0.00097555859247222543,1.1170629932166776e-06,0,0,0,1,1,1,-4.8827249338482003e-14,24
182,0.0022874999422128894,0,bent,0,0,4294967295,4294967295,1,10,0.99855893850326538,0,0,0,0.9985590173483857,1.0013787863424801,3.5466267791411753e-06,0.40352283418178558,-0.041811707429587841,0.97037092596292496,0.018925256362929934,relaxation,3.5466267791411753e-06,0.0055126383084664558,6.4785296817884151e-10,0.096097409725189209,8.7909229478100315e-06,0,0,0,1,1,1,-4.8827249338482003e-14,24
182,0.0022874999422128894,1,held_reference,0,0,4294967295,4294967295,1,7,0.99999910593032837,0,0,0,0.99999927070196981,1.0000006567451234,2.129713771356164e-09,0.0030301424358185614,-0.0026993612700607628,0.00010497822654542688,3.0979125854173563e-07,relaxation,2.129713771356164e-09,7.5051215746993943e-05,5.7854697240705564e-14,0.00097555859247222543,1.1246261237829458e-06,0,0,0,1,1,1,-4.8827249338482003e-14,24
183,0.0022999999418971129,0,bent,0,0,4294967295,4294967295,1,10,0.99858266115188599,0,0,0,0.99858266173288768,1.001356448881574,3.4975486130416465e-06,0.28284683078527451,-0.027088646194897592,0.95178554765880108,0.018661064266897735,relaxation,3.4975486130416465e-06,0.0040549713824058293,3.4993961550488191e-10,0.094543807208538055,8.556421562389005e-06,0,0,0,1,1,1,-4.8827249338482003e-14,24
183,0.0022999999418971129,1,held_reference,0,0,4294967295,4294967295,1,6,0.99999910593032837,0,0,0,0.99999927070196981,1.0000006567451234,2.1363416793575802e-09,0.0030301425613288302,-0.0029171488422434777,0.00010441515360071207,3.0956600278659581e-07,relaxation,2.1363416793575802e-09,7.2942384954956631e-05,4.9535372269933235e-14,0.00097555859247222543,1.0782235904116533e-06,0,0,0,1,1,1,-4.8827249338482003e-14,24
184,0.0023124999415813363,0,bent,0,0,4294967295,4294967295,1,10,0.99861228466033936,0,0,0,0.99861219203505192,1.0013377412953846,3.4282858103210181e-06,0.38760462403297424,-0.028665036195889115,0.92830449863686226,0.018284632925122977,relaxation,3.4282858103210181e-06,0.005610948655660454,6.7682459394789248e-10,0.090858928859233856,8.5966667029424571e-06,0,0,0,1,1,1,-4.8827249338482003e-14,24
184,0.0023124999415813363,1,held_reference,0,0,4294967295,4294967295,1,8,0.99999910593032837,0,0,0,0.99999927070196981,1.0000006567451234,2.1287760500071735e-09,0.0030301425031211693,-0.0044503324934339616,0.00010465917188184903,3.096636321679395e-07,relaxation,2.1287760500071735e-09,7.3806120784068366e-05,6.3536630136940158e-14,0.00097555859247222543,1.1123747754027136e-06,0,0,0,1,1,1,-4.8827249338482003e-14,24
185,0.0023249999412655598,0,bent,0,0,4294967295,4294967295,1,10,0.99863439798355103,0,0,0,0.99863445313585519,1.0013137174298354,3.3819798694078376e-06,0.38234613090753555,-0.028624397935345769,0.90964975766837597,0.018066983102343979,relaxation,3.3819798694078376e-06,0.0038839171889334303,3.2111896573077371e-10,0.089453175663948059,8.8987271738005802e-06,0,0,0,1,1,1,-4.8827249338482003e-14,24
185,0.0023249999412655598,1,held_reference,0,0,4294967295,4294967295,1,6,0.99999910593032837,0,0,0,0.99999927070196981,1.0000006567451234,2.1510730390123182e-09,0.0030301424130811938,-0.0029235870024422184,0.00010460934865363924,3.0964362884606065e-07,relaxation,2.1510730390123182e-09,7.3016130801251239e-05,5.1439600175978594e-14,0.00097555859247222543,1.1346839983161772e-06,0,0,0,1,1,1,-4.8827249338482003e-14,24
186,0.0023374999409497832,0,bent,0,0,4294967295,4294967295,1,10,0.99866378307342529,0,0,0,0.99866374552570125,1.001298464410908,3.3325444256407753e-06,0.39277559518814087,-0.02759508223971352,0.894349146168679,0.017712999558627603,relaxation,3.3325444256407753e-06,0.0039872405796855821,3.4813783742254868e-10,0.087352588772773743,8.196931958082132e-06,0,0,0,1,1,1,-4.8827249338482003e-14,24
186,0.0023374999409497832,1,held_reference,0,0,4294967295,4294967295,1,6,0.99999910593032837,0,0,0,0.99999927070196981,1.0000006567451234,2.1612490822427925e-09,0.0030301424667413812,-0.0043140225743627525,0.00010456931838120909,3.0962762517810902e-07,relaxation,2.1612490822427925e-09,7.2903610959395234e-05,5.0377401023893085e-14,0.00097555859247222543,1.0582887171040056e-06,0,0,0,1,1,1,-4.8827249338482003e-14,24
187,0.0023499999406340066,0,bent,0,0,4294967295,4294967295,1,10,0.99868524074554443,0,0,0,0.99868534616781268,1.0012774918797851,3.2795623031486713e-06,0.31748409569263458,-0.029982313863001764,0.88369161542505026,0.01743752984921634,relaxation,3.2795623031486713e-06,0.0042295147358178357,3.9303200819976971e-10,0.086502596735954285,8.4110733951092698e-06,0,0,0,1,1,1,-4.8827249338482003e-14,24
187,0.0023499999406340066,1,held_reference,0,0,4294967295,4294967295,1,7,0.99999910593032837,0,0,0,0.99999927070196981,1.0000006567451234,2.0582192695324173e-09,0.0030301425003926852,-0.0028780759676010348,0.00010459085274305835,3.0963630553651427e-07,relaxation,2.0582192695324173e-09,7.2329214160164488e-05,5.6988070962843786e-14,0.00097555859247222543,1.1347724466759246e-06,0,0,0,1,1,1,-4.8827249338482003e-14,24
188,0.0023624999403182301,0,bent,0,0,4294967295,4294967295,1,10,0.99870407581329346,0,0,0,0.99870407961419694,1.0012614998484939,3.2346331414145622e-06,0.31294992566108704,-0.027773965732194483,0.86345722479745746,0.017118114252299071,relaxation,3.2346331414145622e-06,0.0036828349907593659,2.9177003566700972e-10,0.084645338356494904,8.327781870320905e-06,0,0,0,1,1,1,-4.8827249338482003e-14,24
188,0.0023624999403182301,1,held_reference,0,0,4294967295,4294967295,1,6,0.99999910593032837,0,0,0,0.99999927070196981,1.0000006567451234,2.0808831658171038e-09,0.0030301424940262223,-0.0042737102521641646,0.00010459845842092363,3.0963946907104366e-07,relaxation,2.0808831658171038e-09,7.2846359240979033e-05,5.1190814728720793e-14,0.00097555859247222543,1.1068682397308294e-06,0,0,0,1,1,1,-4.8827249338482003e-14,24
189,0.0023749999400024535,0,bent,0,0,4294967295,4294967295,1,10,0.99871999025344849,0,0,0,0.99871998149277885,1.0012436958622195,3.184139045823412e-06,0.33916892856359482,-0.031388705945573747,0.85106571577489376,0.01690101615474373,relaxation,3.184139045823412e-06,0.0041452206464711967,3.7408748914478348e-10,0.082922220230102539,7.8173297879402526e-06,0,0,0,1,1,1,-4.8827249338482003e-14,24
189,0.0023749999400024535,1,held_reference,0,0,4294967295,4294967295,1,7,0.99999910593032837,0,0,0,0.99999927070196981,1.0000006567451234,2.1386232561471787e-09,0.0030301424158096779,-0.0028430665261112154,0.00010466986037727111,3.0966805498974289e-07,relaxation,2.1386232561471787e-09,7.2544383786914577e-05,5.5982520398392263e-14,0.00097555859247222543,1.0896494586631889e-06,0,0,0,1,1,1,-4.8827249338482003e-14,24
190,0.002387499939686677,0,bent,0,0,4294967295,4294967295,1,10,0.99874216318130493,0,0,0,0.99874215701714741,1.0012302536336897,3.1388473758964475e-06,0.29423025995492935,-0.027934861718676984,0.83666315814480186,0.016735394119344649,relaxation,3.1388473758964475e-06,0.0035703396119892384,2.8020136601389364e-10,0.081825107336044312,7.6792948675574735e-06,0,0,0,1,1,1,-4.8827249338482003e-14,24
190,0.002387499939686677,1,held_reference,0,0,4294967295,4294967295,1,6,0.99999910593032837,0,0,0,0.99999927070196981,1.0000006567451234,2.1624111583825488e-09,0.0030301424467324978,-0.0042768747052832623,0.00010467673689618096,3.0967076348133543e-07,relaxation,2.1624111583825488e-09,7.309859663301541e-05,5.2513158202427888e-14,0.00097555859247222543,1.1538851367731695e-06,0,0,0,1,1,1,-4.8827249338482003e-14,24
191,0.0023999999393709004,0,bent,0,0,4294967295,4294967295,1,10,0.99876683950424194,0,0,0,0.99876684104709734,1.0012053083055712,3.0922641697757792e-06,0.36793944239616394,-0.028077574592316523,0.81774281058460474,0.01627739584222436,relaxation,3.0922641697757792e-06,0.0038199295876570976,3.1810665563525681e-10,0.080244548618793488,7.6831265687360428e-06,0,0,0,1,1,1,-4.8827249338482003e-14,24
191,0.0023999999393709004,1,held_reference,0,0,4294967295,4294967295,1,6,0.99999910593032837,0,0,0,0.99999927070196981,1.0000006567451234,2.1075883080849833e-09,0.0030301426049845759,-0.0028061272969353013,0.00010464362406992223,3.0965732055847164e-07,relaxation,2.1075883080849833e-09,7.2913213508921072e-05,5.1672840830396308e-14,0.00097555859247222543,1.126147253671661e-06,0,0,0,1,1,1,-4.8827249338482003e-14,24
192,0.0024124999390551238,0,bent,0,0,4294967295,4294967295,1,10,0.99878221750259399,0,0,0,0.99878226819151539,1.001191956367512,3.0465278324234141e-06,0.29232846200466156,-0.022648708312772214,0.80916753644123673,0.01615720435680449,relaxation,3.0465278324234141e-06,0.003642136402830762,2.9044623501399336e-10,0.079482883214950562,7.3788223744486459e-06,0,0,0,1,1,1,-4.8827249338482003e-14,24
192,0.0024124999390551238,1,held_reference,0,0,4294967295,4294967295,1,7,0.99999910593032837,0,0,0,0.99999927070196981,1.0000006567451234,2.1277482916628872e-09,0.0030301424449135084,-0.0043439695584766014,0.00010466689622035119,3.0966670752604808e-07,relaxation,2.1277482916628872e-09,7.2587167422040087e-05,5.6825830127216174e-14,0.00097555859247222543,1.0786832262965618e-06,0,0,0,1,1,1,-4.8827249338482003e-14,24
193,0.0024249999387393473,0,bent,0,0,4294967295,4294967295,1,10,0.99879366159439087,0,0,0,0.99879368175582683,1.0011727653886791,2.9986824803722271e-06,0.2729937732219696,-0.023227714700624347,0.79791641794145107,0.016025433639556167,relaxation,2.9986824803722271e-06,0.0038903235816389807,3.3118354071239378e-10,0.078220784664154053,7.2209418249258306e-06,0,0,0,1,1,1,-4.8827249338482003e-14,24
193,0.0024249999387393473,1,held_reference,0,0,4294967295,4294967295,1,6,0.99999910593032837,0,0,0,0.99999927070196981,1.0000006567451234,2.1695274895467218e-09,0.0030301424640128971,-0.0028460710673243739,0.00010461428877306389,3.0964550492990333e-07,relaxation,2.1695274895467218e-09,7.3078621656141868e-05,5.126241759807797e-14,0.00097555859247222543,1.1517216762513272e-06,0,0,0,1,1,1,-4.8827249338482003e-14,24
194,0.0024374999384235707,0,bent,0,0,4294967295,4294967295,1,10,0.99880707263946533,0,0,0,0.99880706438022826,1.0011576314461526,2.961804492047438e-06,0.31825093924999237,-0.026322360150516033,0.78185387467965484,0.015617943834975358,relaxation,2.961804492047438e-06,0.0029849655709937081,1.9722519315967009e-10,0.075296849012374878,7.2614393502590246e-06,0,0,0,1,1,1,-4.8827249338482003e-14,24
194,0.0024374999384235707,1,held_reference,0,0,4294967295,4294967295,1,6,0.99999910593032837,0,0,0,0.99999927070196981,1.0000006567451234,2.2006811364797985e-09,0.0030301424194476567,-0.0042587156431181938,0.00010457264252750065,3.0962905097476308e-07,relaxation,2.2006811364797985e-09,7.2899913351238602e-05,5.1324081729883783e-14,0.00097555859247222543,1.1105158819191274e-06,0,0,0,1,1,1,-4.8827249338482003e-14,24
195,0.0024499999381077942,0,bent,0,0,4294967295,4294967295,1,10,0.99881076812744141,0,0,0,0.99881073535215148,1.0011389341501842,2.9252101630427774e-06,0.29349067062139511,-0.030553266551578417,0.7743899617344141,0.015493050700999798,relaxation,2.9252101630427774e-06,0.002934962573856276,1.9211661064919029e-10,0.074402689933776855,7.2870388976298273e-06,0,0,0,1,1,1,-4.8827249338482003e-14,24
195,0.0024499999381077942,1,held_reference,0,0,4294967295,4294967295,1,7,0.99999910593032837,0,0,0,0.99999927070196981,1.0000006567451234,2.2347143125166155e-09,0.0030301425667857984,-0.0028698418245767243,0.00010459025122599996,3.0963614659958694e-07,relaxation,2.2347143125166155e-09,7.2569496450500354e-05,5.6125713239503111e-14,0.00097555859247222543,1.1058219797632773e-06,0,0,0,1,1,1,-4.8827249338482003e-14,24
196,0.0024624999377920176,0,bent,0,0,4294967295,4294967295,1,10,0.99882328510284424,0,0,0,0.9988232720322664,1.0011214260473575,2.8854198446594917e-06,0.28012455254793167,-0.027439464232884347,0.76460856921039522,0.01543646155606955,relaxation,2.8854198446594917e-06,0.003247774114422087,2.338971111115973e-10,0.074402712285518646,7.4157928793283645e-06,0,0,0,1,1,1,-4.8827249338482003e-14,24
196,0.0024624999377920176,1,held_reference,0,0,4294967295,4294967295,1,6,0.99999910593032837,0,0,0,0.99999927070196981,1.0000006567451234,2.2451606292789039e-09,0.0030301424740173388,-0.0042686704837251455,0.00010459127707918014,3.0963662885551435e-07,relaxation,2.2451606292789039e-09,7.2982860381106529e-05,5.1991137560953845e-14,0.00097555859247222543,1.1538718354131561e-06,0,0,0,1,1,1,-4.8827249338482003e-14,24
197,0.002474999937476241,0,bent,0,0,4294967295,4294967295,1,10,0.99882698059082031,0,0,0,0.99882700073516217,1.0011190539721078,2.8577593745658072e-06,0.28283450752496719,-0.029948782990686595,0.75949622131884098,0.015089484109066426,relaxation,2.8577593745658072e-06,0.0021722640047796061,1.0574638762204032e-10,0.073250941932201385,7.1263680183619726e-06,0,0,0,1,1,1,-4.8827249338482003e-14,24
197,0.002474999937476241,1,held_reference,0,0,4294967295,4294967295,1,6,0.99999910593032837,0,0,0,0.99999927070196981,1.0000006567451234,2.1473502059489979e-09,0.0030301425340439891,-0.0027829181926790625,0.00010459813429974929,3.0963901699033127e-07,relaxation,2.1473502059489979e-09,7.2917887936600515e-05,5.1871690368321816e-14,0.00097555859247222543,1.1114135531897773e-06,0,0,0,1,1,1,-4.8827249338482003e-14,24
198,0.0024874999371604645,0,bent,0,0,4294967295,4294967295,1,10,0.99883437156677246,0,0,0,0.99883435977459312,1.0011051017370034,2.8144651509896596e-06,0.30262677371501923,-0.02564558235462755,0.74124449043301865,0.014900298374131322,relaxation,2.8144651509896596e-06,0.0035787672920927836,2.819435100044346e-10,0.072104088962078094,7.0531982601096388e-06,0,0,0,1,1,1,-4.8827249338482003e-14,24
198,0.0024874999371604645,1,held_reference,0,0,4294967295,4294967295,1,7,0.99999910593032837,0,0,0,0.99999927070196981,1.0000006567451234,2.1912581690861475e-09,0.0030301423939818051,-0.0043542917919694446,0.00010466762466876389,3.0966720452488468e-07,relaxation,2.1912581690861475e-09,7.25762520667369e-05,5.6013318292554344e-14,0.00097555859247222543,1.105136448131816e-06,0,0,0,1,1,1,-4.8827249338482003e-14,24
199,0.0024999999368446879,0,bent,0,0,4294967295,4294967295,1,10,0.99884551763534546,0,0,0,0.99884545792566948,1.0011054187056374,2.7817119965176818e-06,0.2101309597492218,-0.028307599714025855,0.74333945964463055,0.01488786034950614,relaxation,2.7817119965176818e-06,0.0026114056515816552,1.5179606953526455e-10,0.070867016911506653,6.9814432208659127e-06,0,0,0,1,1,1,-4.8827249338482003e-14,24
199,0.0024999999368446879,1,held_reference,0,0,4294967295,4294967295,1,7,0.99999910593032837,0,0,0,0.99999927070196981,1.0000006567451234,2.2359658718608293e-09,0.0030301425304060103,-0.0028596721604117192,0.00010466541806408713,3.0966607278060056e-07,relaxation,2.2359658718608293e-09,7.241551940364732e-05,5.6499045501968306e-14,0.00097555859247222543,1.1488300515338778e-06,0,0,0,1,1,1,-4.8827249338482003e-14,24
200,0.0025124999365289113,0,bent,0,0,4294967295,4294967295,1,10,0.99885326623916626,0,0,0,0.99885330089891733,1.0010977202873486,2.7445442737348042e-06,0.23897787183523178,-0.026414313557324931,0.72178691910812631,0.014600439863242208,relaxation,2.7445442737348042e-06,0.0029701731484356553,1.9685088297488935e-10,0.069974415004253387,7.0850519477971829e-06,0,0,0,1,1,1,-4.8827249338482003e-14,24
200,0.0025124999365289113,1,held_reference,0,0,4294967295,4294967295,1,6,0.99999910593032837,0,0,0,0.99999927070196981,1.0000006567451234,2.2577821442889166e-09,0.0030301424649223918,-0.0042334499021308147,0.00010460749811613823,3.09643011414664e-07,relaxation,2.2577821442889166e-09,7.2848319157189234e-05,5.200064926030243e-14,0.00097555859247222543,1.1068042340411921e-06,0,0,0,1,1,1,-4.8827249338482003e-14,24
201,0.0025249999362131348,0,bent,0,0,4294967295,4294967295,1,10,0.99886000156402588,0,0,0,0.99886000847161904,1.0010888001201697,2.7133817594590115e-06,0.18773128092288971,-0.028813321972847916,0.72493254160508513,0.014431565999612215,relaxation,2.7133817594590115e-06,0.0025030553678078655,1.421564897548999e-10,0.06856517493724823,6.9415414145623799e-06,0,0,0,1,1,1,-4.8827249338482003e-14,24
201,0.0025249999362131348,1,held_reference,0,0,4294967295,4294967295,1,7,0.99999910593032837,0,0,0,0.99999927070196981,1.0000006567451234,2.2837070528820148e-09,0.0030301425749712507,-0.0028379191498970613,0.00010460825728841883,3.0964333984320526e-07,relaxation,2.2837070528820148e-09,7.2479643245179569e-05,5.4544244462277615e-14,0.00097555859247222543,1.10465373381885e-06,0,0,0,1,1,1,-4.8827249338482003e-14,24
202,0.0025374999358973582,0,bent,0,0,4294967295,4294967295,1,10,0.99886763095855713,0,0,0,0.99886766994963661,1.0010851413911825,2.6844006080945028e-06,0.23530594259500504,-0.02664268363150768,0.71147676283726469,0.014271919327758257,relaxation,2.6844006080945028e-06,0.0023589171326104733,1.243340600282313e-10,0.067791670560836792,6.7488936110748909e-06,0,0,0,1,1,1,-4.8827249338482003e-14,24
202,0.0025374999358973582,1,held_reference,0,0,4294967295,4294967295,1,7,0.99999910593032837,0,0,0,0.99999927070196981,1.0000006567451234,2.303897275675095e-09,0.0030301425122161163,-0.0043467095770211017,0.00010465767041978324,3.0966299911051462e-07,relaxation,2.303897275675095e-09,7.247498344436045e-05,5.7705227088640396e-14,0.00097555859247222543,1.139369032898685e-06,0,0,0,1,1,1,-4.8827249338482003e-14,24
203,0.0025499999355815817,0,bent,0,0,4294967295,4294967295,1,10,0.9988822340965271,0,0,0,0.9988822699656561,1.001080877070861,2.6525076649329419e-06,0.27418604493141174,-0.028720381073071621,0.69427462201565504,0.014209485859125849,relaxation,2.6525076649329419e-06,0.0026876337507183573,1.605804182426335e-10,0.066353693604469299,6.9964844442438334e-06,0,0,0,1,1,1,-4.8827249338482003e-14,24
203,0.0025499999355815817,1,held_reference,0,0,4294967295,4294967295,1,6,0.99999910593032837,0,0,0,0.99999927070196981,1.0000006567451234,2.3063033812547961e-09,0.0030301424903882435,-0.0028309296685620211,0.00010465832994555058,3.0966329980037645e-07,relaxation,2.3063033812547961e-09,7.283566259483336e-05,5.0962346856905237e-14,0.00097555859247222543,1.1220191709071514e-06,0,0,0,1,1,1,-4.8827249338482003e-14,24
204,0.0025624999352658051,0,bent,0,0,4294967295,4294967295,1,10,0.99888390302658081,0,0,0,0.99888395274782371,1.0010758520339118,2.6215021616500367e-06,0.17421489953994751,-0.0066938593226950616,0.69813883723691106,0.013955935810148713,relaxation,2.6215021616500367e-06,0.0025316932363776985,1.4547165522185009e-10,0.066837355494499207,6.7247033257444855e-06,0,0,0,1,1,1,-4.8827249338482003e-14,24
204,0.0025624999352658051,1,held_reference,0,0,4294967295,4294967295,1,7,0.99999910593032837,0,0,0,0.99999927070196981,1.0000006567451234,2.2109679201981628e-09,0.0030301424485514872,-0.0043586804285951075,0.00010470539058360373,3.0968210934952331e-07,relaxation,2.2109679201981628e-09,7.2528591347064897e-05,5.6140214101245564e-14,0.00097555859247222543,1.1370157153578475e-06,0,0,0,1,1,1,-4.8827249338482003e-14,24
205,0.0025749999349500285,0,bent,0,0,4294967295,4294967295,1,10,0.99888491630554199,0,0,0,0.99888494141575257,1.0010679944413108,2.5894715344035e-06,0.2719460129737854,-0.027737910961150192,0.68032443337142467,0.013711907863438127,relaxation,2.5894715344035e-06,0.002615796529817744,1.5560175067028678e-10,0.06464105099439621,6.6123766373493709e-06,0,0,0,1,1,1,-4.8827249338482003e-14,24
205,0.0025749999349500285,1,held_reference,0,0,4294967295,4294967295,1,6,0.99999910593032837,0,0,0,0.99999927070196981,1.0000006567451234,2.2285664202890505e-09,0.0030301426022560918,-0.0028205372218508273,0.00010466612488357896,3.0966632834952138e-07,relaxation,2.2285664202890505e-09,7.3109312515223682e-05,5.2317065623775317e-14,0.00097555859247222543,1.1307247405056842e-06,0,0,0,1,1,1,-4.8827249338482003e-14,24
206,0.002587499934634252,0,bent,0,0,4294967295,4294967295,1,10,0.99889510869979858,0,0,0,0.99889512180739048,1.0010661095676245,2.5669190725614385e-06,0.28272227942943573,-0.0070491061051143333,0.67285357136279345,0.013696123238995673,relaxation,2.5669190725614385e-06,0.0017875758872792922,7.332857285397666e-11,0.063932411372661591,6.5564681790419854e-06,0,0,0,1,1,1,-4.8827249338482003e-14,24
206,0.002587499934634252,1,held_reference,0,0,4294967295,4294967295,1,6,0.99999910593032837,0,0,0,0.99999927070196981,1.0000006567451234,2.2781368513302706e-09,0.003030142461284413,-0.0042506982113152958,0.00010463550810868583,3.0965423306588447e-07,relaxation,2.2781368513302706e-09,7.3074385955702672e-05,5.1501272139223499e-14,0.00097555859247222543,1.1254801393079106e-06,0,0,0,1,1,1,-4.8827249338482003e-14,24
207,0.0025999999343184754,0,bent,0,0,4294967295,4294967295,1,10,0.99890053272247314,0,0,0,0.99890052688913678,1.0010633689028412,2.5376439896238697e-06,0.17145011574029922,-0.027934873134654481,0.6776875767391175,0.013635692914150654,relaxation,2.5376439896238697e-06,0.0023854841511745939,1.2869211872996522e-10,0.063115954399108887,6.3474913076788653e-06,0,0,0,1,1,1,-4.8827249338482003e-14,24
207,0.0025999999343184754,1,held_reference,0,0,4294967295,4294967295,1,7,0.99999910593032837,0,0,0,0.99999927070196981,1.0000006567451234,2.3221907485136562e-09,0.0030301425440484309,-0.0028235396093805321,0.00010463124988291383,3.0965238150292812e-07,relaxation,2.3221907485136562e-09,7.2472771389334983e-05,5.7215100471296838e-14,0.00097555859247222543,1.1442043614806607e-06,0,0,0,1,1,1,-4.8827249338482003e-14,24
208,0.0026124999340026989,0,bent,0,0,4294967295,4294967295,1,10,0.9989057183265686,0,0,0,0.99890571061852262,1.0010573351771437,2.5114960950255168e-06,0.1934431865811348,-0.0071195644268300384,0.66699079843237996,0.013443019234769045,relaxation,2.5114960950255168e-06,0.0021977930007291654,1.0885903550822507e-10,0.062828198075294495,6.2631706896354444e-06,0,0,0,1,1,1,-4.8827249338482003e-14,24
208,0.0026124999340026989,1,held_reference,0,0,4294967295,4294967295,1,6,0.99999910593032837,0,0,0,0.99999927070196981,1.0000006567451234,2.3386725002151564e-09,0.0030301424994831905,-0.0042340213021816453,0.00010458176245720097,3.0963253910158455e-07,relaxation,2.3386725002151564e-09,7.2977140405017043e-05,5.1033709049019305e-14,0.00097555859247222543,1.1147443501613452e-06,0,0,0,1,1,1,-4.8827249338482003e-14,24
209,0.0026249999336869223,0,bent,0,0,4294967295,4294967295,1,10,0.99890631437301636,0,0,0,0.99890633395508588,1.0010530070100363,2.4902682827891696e-06,0.15888260304927826,-0.027310423785820603,0.66398657625541091,0.01323796762008965,relaxation,2.4902682827891696e-06,0.0021694259775898125,1.0840874746370801e-10,0.061719983816146851,6.6745601543516386e-06,0,0,0,1,1,1,-4.8827249338482003e-14,24
209,0.0026249999336869223,1,held_reference,0,0,4294967295,4294967295,1,7,0.99999910593032837,0,0,0,0.99999927070196981,1.0000006567451234,2.3588021846341338e-09,0.0030301424831122858,-0.0028100719500798732,0.00010456314225848473,3.096251222104908e-07,relaxation,2.3588021846341338e-09,7.2563312429809024e-05,5.7023148155401213e-14,0.00097555859247222543,1.1269246442680014e-06,0,0,0,1,1,1,-4.8827249338482003e-14,24
210,0.0026374999333711457,0,bent,0,0,4294967295,4294967295,1,10,0.99891805648803711,0,0,0,0.99891803864021,1.0010514750708412,2.4685575029924894e-06,0.21069685369729996,-0.0081788890529423952,0.65653295512311161,0.013142363305233419,relaxation,2.4685575029924894e-06,0.002200787857862404,1.1092086415757895e-10,0.061690784990787506,6.6581974351720419e-06,0,0,0,1,1,1,-4.8827249338482003e-14,24
210,0.0026374999333711457,1,held_reference,0,0,4294967295,4294967295,1,7,0.99999910593032837,0,0,0,0.99999927070196981,1.0000006567451234,2.3726471722414784e-09,0.0030301424903882435,-0.0043360621984902536,0.00010261839304348541,3.0884745855109886e-07,relaxation,2.3726471722414784e-09,7.2492322146473366e-05,5.5547168153614221e-14,0.00097555859247222543,1.1250729130551917e-06,0,0,0,1,1,1,-4.8827249338482003e-14,24
211,0.0026499999330553692,0,bent,0,0,4294967295,4294967295,1,10,0.99892270565032959,0,0,0,0.99892270561653629,1.0010504083417322,2.4482986578062547e-06,0.2050282284617424,-0.023440551100065932,0.64652548171579838,0.013081630947299298,relaxation,2.4482986578062547e-06,0.0020556516808719681,9.6434146505630343e-11,0.060368180274963379,6.2843978412274737e-06,0,0,0,1,1,1,-4.8827249338482003e-14,24
211,0.0026499999330553692,1,held_reference,0,0,4294967295,4294967295,1,7,0.99999910593032837,0,0,0,0.99999927070196981,1.0000006567451234,2.3843389437089487e-09,0.0030301425567813567,-0.0028492280398495495,0.00010368791555492862,3.0927512531434311e-07,relaxation,2.3843389437089487e-09,7.2544451124712295e-05,5.6213802727461354e-14,0.00097555859247222543,1.1640358934528194e-06,0,0,0,1,1,1,-4.8827249338482003e-14,24
212,0.0026624999327395926,0,bent,0,0,4294967295,4294967295,1,10,0.99893307685852051,0,0,0,0.99893303945685985,1.0010513329136086,2.4305385715006876e-06,0.27304896712303162,-0.0099224250297993422,0.6383209777995944,0.012957564905911687,relaxation,2.4305385715006876e-06,0.0017961232285723145,7.5937822365493148e-11,0.059735123068094254,6.4435794229211751e-06,0,0,0,1,1,1,-4.8827249338482003e-14,24
212,0.0026624999327395926,1,held_reference,0,0,4294967295,4294967295,1,6,0.99999910593032837,0,0,0,0.99999927070196981,1.0000006567451234,2.381708133409089e-09,0.0030301425049401587,-0.0042269406903869822,0.00010414307678274781,3.0945706579041093e-07,relaxation,2.381708133409089e-09,7.310322883266726e-05,5.1630887699711344e-14,0.00097555859247222543,1.0977494184771786e-06,0,0,0,1,1,1,-4.8827249338482003e-14,24
213,0.0026749999324238161,0,bent,0,0,4294967295,4294967295,1,10,0.99893522262573242,0,0,0,0.99893524533471723,1.0010419441772775,2.4104673959084149e-06,0.11818903684616089,-0.022841418947791681,0.64237658213824034,0.012823964010596274,relaxation,2.4104673959084149e-06,0.0019770688703672902,9.1464786443501413e-11,0.06016555055975914,6.1693226598436013e-06,0,0,0,1,1,1,-4.8827249338482003e-14,24
213,0.0026749999324238161,1,held_reference,0,0,4294967295,4294967295,1,7,0.99999910593032837,0,0,0,0.99999927070196981,1.0000006567451234,2.2665288910497777e-09,0.0030301425294965156,-0.0028403986943885684,0.00010449243345078685,3.095968800835178e-07,relaxation,2.2665288910497777e-09,7.2467489145499098e-05,5.5962812713969165e-14,0.00097555859247222543,1.1351020248184795e-06,0,0,0,1,1,1,-4.8827249338482003e-14,24
214,0.0026874999321080395,0,bent,0,0,4294967295,4294967295,1,10,0.99893826246261597,0,0,0,0.99893829579298654,1.0010389075962856,2.3938640098532941e-06,0.13796824961900711,-0.0099799779854947701,0.63323437189683318,0.012792780969731507,relaxation,2.3938640098532941e-06,0.0016799132795438183,6.6238636857678565e-11,0.059233803302049637,6.1842406466894317e-06,0,0,0,1,1,1,-4.8827249338482003e-14,24
214,0.0026874999321080395,1,held_reference,0,0,4294967295,4294967295,1,6,0.99999910593032837,0,0,0,0.99999927070196981,1.0000006567451234,2.2946847169853652e-09,0.003030142537681968,-0.0042276748299627798,0.00010457302360578069,3.0962909709887755e-07,relaxation,2.2946847169853652e-09,7.2862286986317192e-05,5.1175361158039193e-14,0.00097555859247222543,1.163261799774773e-06,0,0,0,1,1,1,-4.8827249338482003e-14,24
215,0.0026999999317922629,0,bent,0,0,4294967295,4294967295,1,10,0.99894005060195923,0,0,0,0.99893995200003527,1.0010346317638203,2.373928683142799e-06,0.19329140335321426,-0.024852715083397925,0.6252389419823885,0.012684942417286333,relaxation,2.373928683142799e-06,0.0019673117686636555,9.1479246355930371e-11,0.057997521013021469,5.9976860029564705e-06,0,0,0,1,1,1,-4.8827249338482003e-14,24
215,0.0026999999317922629,1,held_reference,0,0,4294967295,4294967295,1,6,0.99999910593032837,0,0,0,0.99999927070196981,1.0000006567451234,2.3424676152184265e-09,0.0030301423903438263,-0.002757171489065513,0.00010459341456225957,3.0963720228464788e-07,relaxation,2.3424676152184265e-09,7.3083868844136453e-05,5.1712811418869016e-14,0.00097555859247222543,1.1188711823706399e-06,0,0,0,1,1,1,-4.8827249338482003e-14,24
216,0.0027124999314764864,0,bent,0,0,4294967295,4294967295,1,10,0.99894249439239502,0,0,0,0.9989424838533405,1.0010318958681339,2.3602805804371943e-06,0.22906282544136047,-0.0070202117785811424,0.61503561493009329,0.01246756830731034,relaxation,2.3602805804371943e-06,0.0013541158617836108,4.3713965184130629e-11,0.057551424950361252,6.4834434851945844e-06,0,0,0,1,1,1,-4.8827249338482003e-14,24
216,0.0027124999314764864,1,held_reference,0,0,4294967295,4294967295,1,7,0.99999910593032837,0,0,0,0.99999927070196981,1.0000006567451234,2.3846946326695423e-09,0.003030142443094519,-0.00432969981648057,0.00010464704496371269,3.0965888534228709e-07,relaxation,2.3846946326695423e-09,7.2559456712282963e-05,5.4817095858855031e-14,0.00097555859247222543,1.1202060932191671e-06,0,0,0,1,1,1,-4.8827249338482003e-14,24
217,0.0027249999311607098,0,bent,0,0,4294967295,4294967295,1,10,0.99894416332244873,0,0,0,0.99894416187420942,1.0010294521838239,2.3443208208621303e-06,0.13723857700824738,-0.017087307409383357,0.63072157790884376,0.012450449164733288,relaxation,2.3443208208621303e-06,0.0015303664232032001,5.59895603949163e-11,0.057378083467483521,5.7441106946498621e-06,0,0,0,1,1,1,-4.8827249338482003e-14,24
217,0.0027249999311607098,1,held_reference,0,0,4294967295,4294967295,1,7,0.99999910593032837,0,0,0,0.99999927070196981,1.0000006567451234,2.4122339074719374e-09,0.003030142452189466,-0.0028420129674486816,0.00010468772353533495,3.0967513999712501e-07,relaxation,2.4122339074719374e-09,7.2428874788292333e-05,5.7445476942367751e-14,0.00097555859247222543,1.1624847502389457e-06,0,0,0,1,1,1,-4.8827249338482003e-14,24
218,0.0027374999308449333,0,bent,0,0,4294967295,4294967295,1,10,0.99895197153091431,0,0,0,0.99895204877550048,1.0010265647423355,2.3222921970464032e-06,0.15778797119855881,-0.016642411472275853,0.610549196600914,0.012262369596250355,relaxation,2.3222921970464032e-06,0.0021603310453241881,1.0942841763567366e-10,0.056385848671197891,6.0075917645008303e-06,0,0,0,1,1,1,-4.8827249338482003e-14,24
218,0.0027374999308449333,1,held_reference,0,0,4294967295,4294967295,1,6,0.99999910593032837,0,0,0,0.99999927070196981,1.0000006567451234,2.4204378604726361e-09,0.0030301424685603706,-0.0042092257244803477,0.0001046870892764673,3.0967496139965046e-07,relaxation,2.4204378604726361e-09,7.2997155318581936e-05,5.149734755141482e-14,0.00097555859247222543,1.1377157989045372e-06,0,0,0,1,1,1,-4.8827249338482003e-14,24
219,0.0027499999305291567,0,bent,0,0,4294967295,4294967295,1,10,0.99895203113555908,0,0,0,0.99895206187111463,1.0010305705652662,2.3076495345931688e-06,0.16946925222873688,-0.01806280855089426,0.60519558610394597,0.012245080037102101,relaxation,2.3076495345931688e-06,0.0014422627814317235,4.8364529756420551e-11,0.056801412254571915,5.8887162595055997e-06,0,0,0,1,1,1,-4.8827249338482003e-14,24
219,0.0027499999305291567,1,held_reference,0,0,4294967295,4294967295,1,7,0.99999910593032837,0,0,0,0.99999927070196981,1.0000006567451234,2.4338788083271407e-09,0.0030301425049401587,-0.0028167199998279102,0.00010471591355099008,3.0968619924715272e-07,relaxation,2.4338788083271407e-09,7.2599484995441554e-05,5.5572479329824876e-14,0.00097555859247222543,1.1411750620027306e-06,0,0,0,1,1,1,-4.8827249338482003e-14,24
220,0.0027624999302133801,0,bent,0,0,4294967295,4294967295,1,10,0.99896663427352905,0,0,0,0.99896666051086846,1.0010225642173449,2.2880700336474773e-06,0.11196891218423843,-0.0206355145201087,0.60170403961092234,0.012102192289434372,relaxation,2.2880700336474773e-06,0.0019277359830225851,8.8924887321629728e-11,0.055306758731603622,6.1538739828392863e-06,0,0,0,1,1,1,-4.8827249338482003e-14,24
220,0.0027624999302133801,1,held_reference,0,0,4294967295,4294967295,1,6,0.99999910593032837,0,0,0,0.99999927070196981,1.0000006567451234,2.4375553824537582e-09,0.0030301425213110633,-0.0042124712308577728,0.00010466817315091248,3.0966706945400744e-07,relaxation,2.4375553824537582e-09,7.2998399414589938e-05,5.1152693488848296e-14,0.00097555859247222543,1.1227600680285832e-06,0,0,0,1,1,1,-4.8827249338482003e-14,24
221,0.0027749999298976036,0,bent,0,0,4294967295,4294967295,1,10,0.9989626407623291,0,0,0,0.99896264834169723,1.0010224328064246,2.2726173940593188e-06,0.1036592572927475,-0.016892652958631516,0.60876699816435575,0.012091760269597171,relaxation,2.2726173940593188e-06,0.0014772298183187336,5.1845749293716722e-11,0.055133480578660965,6.1774894675181713e-06,0,0,0,1,1,1,-4.8827249338482003e-14,24
221,0.0027749999298976036,1,held_reference,0,0,4294967295,4294967295,1,6,0.99999910593032837,0,0,0,0.99999927070196981,1.0000006567451234,2.4433498904621698e-09,0.0030301424922072329,-0.00274666614132002,0.00010462050647674914,3.0964840728847731e-07,relaxation,2.4433498904621698e-09,7.309079261121873e-05,5.159617043541416e-14,0.00097555859247222543,1.1414954315114301e-06,0,0,0,1,1,1,-4.8827249338482003e-14,24
222,0.002787499929581827,0,bent,0,0,4294967295,4294967295,1,10,0.99897456169128418,0,0,0,0.99897458584702992,1.0010253804117928,2.2574944635382728e-06,0.18461751937866211,-0.017059748875908554,0.59378022979944944,0.011868387183606624,relaxation,2.2574944635382728e-06,0.0014705130707408733,5.2912227425946059e-11,0.054787937551736832,6.1736323004879523e-06,0,0,0,1,1,1,-4.8827249338482003e-14,24
222,0.002787499929581827,1,held_reference,0,0,4294967295,4294967295,1,7,0.99999910593032837,0,0,0,0.99999927070196981,1.0000006567451234,2.4563590098609376e-09,0.0030301425013021799,-0.0043099119602629798,0.00010462123526622236,3.0964845466769455e-07,relaxation,2.4563590098609376e-09,7.2574358232323593e-05,5.5733749981397454e-14,0.00097555859247222543,1.1417392897783429e-06,0,0,0,1,1,1,-4.8827249338482003e-14,24
223,0.0027999999292660505,0,bent,0,0,4294967295,4294967295,1,10,0.99897265434265137,0,0,0,0.99897267857821737,1.0010236782054132,2.2413759446649588e-06,0.20712730288505554,-0.02071550500113517,0.59342289809137583,0.011829732204407454,relaxation,2.2413759446649588e-06,0.0015544398422850736,5.7139688420187262e-11,0.053753014653921127,5.9892704484809656e-06,0,0,0,1,1,1,-4.8827249338482003e-14,24
223,0.0027999999292660505,1,held_reference,0,0,4294967295,4294967295,1,6,0.99999910593032837,0,0,0,0.99999927070196981,1.0000006567451234,2.4604065993385338e-09,0.0030301424594654236,-0.0027865290030604228,0.00010454318368147142,3.0961719255355972e-07,relaxation,2.4604065993385338e-09,7.3003378628173972e-05,5.1020627356959144e-14,0.00097555859247222543,1.1710111493812292e-06,0,0,0,1,1,1,-4.8827249338482003e-14,24
224,0.0028124999289502739,0,bent,0,0,4294967295,4294967295,1,10,0.99897706508636475,0,0,0,0.99897709873266871,1.0010219864454442,2.2265741873395485e-06,0.18064150959253311,-0.020663830218836665,0.58047363441437483,0.011650513911984862,relaxation,2.2265741873395485e-06,0.0014427448753940725,4.8721972376874307e-11,0.054297849535942078,6.4161686168517917e-06,0,0,0,1,1,1,-4.8827249338482003e-14,24
224,0.0028124999289502739,1,held_reference,0,0,4294967295,4294967295,1,6,0.99999910593032837,0,0,0,0.99999927070196981,1.0000006567451234,2.4663250072195349e-09,0.0030301423848868581,-0.0041954107473429758,0.00010448618289160549,3.0959431549672425e-07,relaxation,2.4663250072195349e-09,7.3121876162402945e-05,5.1985886787027792e-14,0.00097555859247222543,1.0948955377898528e-06,0,0,0,1,1,1,-4.8827249338482003e-14,24
225,0.0028249999286344973,0,bent,0,0,4294967295,4294967295,1,10,0.99898058176040649,0,0,0,0.99898060340704931,1.00102196313739,2.211772686523435e-06,0.11733603477478027,-0.017737997230142355,0.58322061179205775,0.011596912794053555,relaxation,2.211772686523435e-06,0.001372964351598352,4.5879805684823661e-11,0.053668901324272156,5.7735351219889708e-06,0,0,0,1,1,1,-4.8827249338482003e-14,24
225,0.0028249999286344973,1,held_reference,0,0,4294967295,4294967295,1,7,0.99999910593032837,0,0,0,0.99999927070196981,1.0000006567451234,2.4808264026285993e-09,0.0030301425458674203,-0.0028068347746739164,0.00010447684618952735,3.0959083842481029e-07,relaxation,2.4808264026285993e-09,7.2476104765026707e-05,5.5669930920432268e-14,0.00097555859247222543,1.1559989161469275e-06,0,0,0,1,1,1,-4.8827249338482003e-14,24
226,0.0028374999283187208,0,bent,0,0,4294967295,4294967295,1,10,0.99897950887680054,0,0,0,0.99897953905101022,1.0010202717626113,2.1966513902934153e-06,0.075103975832462311,-0.015763852745294571,0.58668433502316475,0.01165988918533176,relaxation,2.1966513902934153e-06,0.0014559230775345487,5.2652900699885143e-11,0.052547108381986618,5.6228773246402852e-06,0,0,0,1,1,1,-4.8827249338482003e-14,24
226,0.0028374999283187208,1,held_reference,0,0,4294967295,4294967295,1,6,0.99999910593032837,0,0,0,0.99999927070196981,1.0000006567451234,2.3722927015803401e-09,0.0030301426122605335,-0.0041936120842365199,0.00010440153212698533,3.0956058179799574e-07,relaxation,2.3722927015803401e-09,7.297181859913828e-05,5.1560350995410511e-14,0.00097555859247222543,1.1673085964503116e-06,0,0,0,1,1,1,-4.8827249338482003e-14,24
227,0.0028499999280029442,0,bent,0,0,4294967295,4294967295,1,10,0.99898380041122437,0,0,0,0.99898380656445473,1.0010264666552313,2.1821704752976141e-06,0.12562813609838486,-0.019535148283466697,0.58144650468602777,0.011560361159183083,relaxation,2.1821704752976141e-06,0.0013470986876867944,4.2768601559248584e-11,0.052144274115562439,6.3836450863163918e-06,0,0,0,1,1,1,-4.8827249338482003e-14,24
227,0.0028499999280029442,1,held_reference,0,0,4294967295,4294967295,1,6,0.99999910593032837,0,0,0,0.99999927070196981,1.0000006567451234,2.4008622806169462e-09,0.0030301425213110633,-0.0027208237734157592,0.00010433185616420815,3.0953264988056578e-07,relaxation,2.4008622806169462e-09,7.3060604557013671e-05,5.2054971648832128e-14,0.00097555859247222543,1.1269240758338128e-06,0,0,0,1,1,1,-4.8827249338482003e-14,24
228,0.0028624999276871677,0,bent,0,0,4294967295,4294967295,1,10,0.99899047613143921,0,0,0,0.99899048332017393,1.0010184551403658,2.1673697756833768e-06,0.16052010655403137,-0.018545462284237146,0.56841270159929991,0.0114203928681314,relaxation,2.1673697756833768e-06,0.0013944287218384049,4.7699842922237805e-11,0.051726970821619034,5.6231974667753093e-06,0,0,0,1,1,1,-4.8827249338482003e-14,24
228,0.0028624999276871677,1,held_reference,0,0,4294967295,4294967295,1,7,0.99999910593032837,0,0,0,0.99999927070196981,1.0000006567451234,2.4533593980763225e-09,0.0030301425049401587,-0.0042897293151327176,0.00010433190885805743,3.0953270422287433e-07,relaxation,2.4533593980763225e-09,7.2592113666758635e-05,5.4388900322690184e-14,0.00097555859247222543,1.1171533742526663e-06,0,0,0,1,1,1,-4.8827249338482003e-14,24
229,0.0028749999273713911,0,bent,0,0,4294967295,4294967295,1,10,0.99899160861968994,0,0,0,0.99899162248598083,1.0010229770502377,2.1537259040697212e-06,0.130643330514431,-0.015584534732624888,0.57039803266525269,0.011394505933679638,relaxation,2.1537259040697212e-06,0.0013097022873653694,4.1222631889717342e-11,0.051080077886581421,5.8296518545830622e-06,0,0,0,1,1,1,-4.8827249338482003e-14,24
229,0.0028749999273713911,1,held_reference,0,0,4294967295,4294967295,1,6,0.99999910593032837,0,0,0,0.99999927070196981,1.0000006567451234,2.4759757286281923e-09,0.0030301425849756924,-0.0027711934963008389,0.00010426512426420231,3.0950607159502388e-07,relaxation,2.4759757286281923e-09,7.3030829684632816e-05,5.2020715119899076e-14,0.0010074430610984564,1.1653575029413332e-06,0,0,0,1,1,1,-4.8827249338482003e-14,24
230,0.0028874999270556145,0,bent,0,0,4294967295,4294967295,1,10,0.99899721145629883,0,0,0,0.99899719046215851,1.0010212739465552,2.1386062429861727e-06,0.19024258106946945,-0.014368453063070774,0.56258173100650311,0.011127517402060328,relaxation,2.1386062429861727e-06,0.0013961906803941027,4.8735914952892573e-11,0.051438268274068832,5.8424648159416392e-06,0,0,0,1,1,1,-4.8827249338482003e-14,24
230,0.0028874999270556145,1,held_reference,0,0,4294967295,4294967295,1,6,0.99999910593032837,0,0,0,0.99999927070196981,1.0000006567451234,2.4912726633361374e-09,0.0030301424667413812,-0.004170925441030704,0.00010420523344123467,3.0948199898193664e-07,relaxation,2.4912726633361374e-09,7.3016583914051314e-05,5.124136124913107e-14,0.0010074430610984564,1.1336441048115375e-06,0,0,0,1,1,1,-4.8827249338482003e-14,24
231,0.002899999926739838,0,bent,0,0,4294967295,4294967295,1,10,0.99899446964263916,0,0,0,0.99899443893464124,1.0010133624764441,2.1241260080645774e-06,0.088724270462989807,-0.016367155243642628,0.57193717872723937,0.011140020090445875,relaxation,2.1241260080645774e-06,0.0013218746961418842,4.3192513183997272e-11,0.050834368914365768,5.9960507314826827e-06,0,0,0,1,1,1,-4.8827249338482003e-14,24
231,0.002899999926739838,1,held_reference,0,0,4294967295,4294967295,1,7,0.99999910593032837,0,0,0,0.99999927070196981,1.0000006567451234,2.5109138432466038e-09,0.0030301425604193355,-0.0027795339410658926,0.00010420146224987548,3.0948031391471862e-07,relaxation,2.5109138432466038e-09,7.2576839481909271e-05,5.5202042971454897e-14,0.0010074430610984564,1.1376315569577855e-06,0,0,0,1,1,1,-4.8827249338482003e-14,24
232,0.0029124999264240614,0,bent,0,0,4294967295,4294967295,1,10,0.99900305271148682,0,0,0,0.99900305391879318,1.001017884103093,2.1116398956263294e-06,0.09018610417842865,-0.018159301311243325,0.56590728182345629,0.011139545943692328,relaxation,2.1116398956263294e-06,0.0011750421393855453,3.3274136419874593e-11,0.051006004214286804,5.9095809774589725e-06,0,0,0,1,1,1,-4.8827249338482003e-14,24
232,0.0029124999264240614,1,held_reference,0,0,4294967295,4294967295,1,6,0.99999910593032837,0,0,0,0.99999927070196981,1.0000006567451234,2.5178029816912524e-09,0.0030301425449579256,-0.0041750082600628957,0.00010414198658281748,3.0945676905139367e-07,relaxation,2.5178029816912524e-09,7.2977517693845911e-05,5.1181388096442902e-14,0.0010074430610984564,1.129928477894282e-06,0,0,0,1,1,1,-4.8827249338482003e-14,24
233,0.0029249999261082849,0,bent,0,0,4294967295,4294967295,1,10,0.99901080131530762,0,0,0,0.99901079671528048,1.0010161693189259,2.0968407836177693e-06,0.1086590588092804,-0.016746370703913271,0.55759381642565131,0.011109060447126626,relaxation,2.0968407836177693e-06,0.0013503183473813547,4.6346038574007653e-11,0.05037422850728035,6.1973019001015928e-06,0,0,0,1,1,1,-4.8827249338482003e-14,24
233,0.0029249999261082849,1,held_reference,0,0,4294967295,4294967295,1,6,0.99999910593032837,0,0,0,0.99999927070196981,1.0000006567451234,2.5254823269109644e-09,0.0030301425103971269,-0.0027062478475272655,0.0001040926935047537,3.0943712310909127e-07,relaxation,2.5254823269109644e-09,7.307311884408992e-05,5.1666576331384834e-14,0.0010074430610984564,1.1674133020278532e-06,0,0,0,1,1,1,-4.8827249338482003e-14,24
234,0.0029374999257925083,0,bent,0,0,4294967295,4294967295,1,10,0.99900537729263306,0,0,0,0.99900535444545435,1.0010144857777343,2.0846746358857573e-06,0.17279592156410217,-0.018185740511398762,0.55482824984937906,0.010977126101642845,relaxation,2.0846746358857573e-06,0.001111217460550346,3.0633228627083352e-11,0.050306204706430435,5.7251045291195624e-06,0,0,0,1,1,1,-4.8827249338482003e-14,24
234,0.0029374999257925083,1,held_reference,0,0,4294967295,4294967295,1,6,0.99999910593032837,0,0,0,0.99999927070196981,1.0000006567451234,2.5323215139217895e-09,0.0030301424721983494,-0.0041493549833830912,0.00010405423671500103,3.0942181796672204e-07,relaxation,2.5323215139217895e-09,7.4268753715984361e-05,5.1673371352093911e-14,0.0010074430610984564,1.160182591775083e-06,0,0,0,1,1,1,-4.8827249338482003e-14,24
235,0.0029499999254767317,0,bent,0,0,4294967295,4294967295,1,10,0.99901479482650757,0,0,0,0.99901477235903158,1.0010127806193441,2.0710329596847041e-06,0.18171408772468567,-0.019025829387828708,0.54676942666992545,0.010883867459148171,relaxation,2.0710329596847041e-06,0.0013169974280163703,4.2178300369735017e-11,0.050306197255849838,5.7982524594990537e-06,0,0,0,1,1,1,-4.8827249338482003e-14,24
235,0.0029499999254767317,1,held_reference,0,0,4294967295,4294967295,1,6,0.99999910593032837,0,0,0,0.99999927070196981,1.0000006567451234,2.540013298663162e-09,0.0030301424067147309,-0.0026990945334546268,0.0001040032159949078,3.0940106809248362e-07,relaxation,2.540013298663162e-09,7.4386948909827303e-05,5.2481034418483476e-14,0.0010074430610984564,1.1578778185139527e-06,0,0,0,1,1,1,-4.8827249338482003e-14,24
236,0.0029624999251609552,0,bent,0,0,4294967295,4294967295,1,10,0.99901688098907471,0,0,0,0.99901683428337817,1.001017307918971,2.0593456622875988e-06,0.14247772842645645,-0.018073029001243412,0.53890094486996531,0.010719881908856329,relaxation,2.0593456622875988e-06,0.0010399118773351617,2.6935855342055679e-11,0.049323678016662598,6.0584575294342358e-06,0,0,0,1,1,1,-4.8827249338482003e-14,24
236,0.0029624999251609552,1,held_reference,0,0,4294967295,4294967295,1,6,0.99999910593032837,0,0,0,0.99999927070196981,1.0000006567451234,2.5479115744723045e-09,0.0030301424467324978,-0.0041365930783285876,0.00010397692210517562,3.0939071103603017e-07,relaxation,2.5479115744723045e-09,7.4248307027895158e-05,5.3174842378262737e-14,0.0010074430610984564,1.1641319588306942e-06,0,0,0,1,1,1,-4.8827249338482003e-14,24
237,0.0029749999248451786,0,bent,0,0,4294967295,4294967295,1,10,0.99900996685028076,0,0,0,0.99900992787477394,1.0010172936032569,2.0481777175979838e-06,0.11856839060783386,-0.018631488899700344,0.5498242387548089,0.010754152732521297,relaxation,2.0481777175979838e-06,0.0010636529674340595,2.800617488824813e-11,0.049323666840791702,5.6562998906883877e-06,0,0,0,1,1,1,-4.8827249338482003e-14,24
237,0.0029749999248451786,1,held_reference,0,0,4294967295,4294967295,1,6,0.99999910593032837,0,0,0,0.99999927070196981,1.0000006567451234,2.5550951382496373e-09,0.0030301423603305011,-0.0026871423106058501,0.0001039307844052928,3.0937230870858904e-07,relaxation,2.5550951382496373e-09,7.5216580597890735e-05,5.1851015506042357e-14,0.0010074430610984564,1.125229232457059e-06,0,0,0,1,1,1,-4.8827249338482003e-14,24
238,0.0029874999245294021,0,bent,0,0,4294967295,4294967295,1,10,0.99901998043060303,0,0,0,0.99901995507764563,1.0010093891578733,2.0360126016576041e-06,0.081533834338188171,-0.0071739873965270817,0.55455227661877871,0.010807772325232624,relaxation,2.0360126016576041e-06,0.0011017904253876299,3.0907892161589466e-11,0.049323651939630508,5.9657631936715916e-06,0,0,0,1,1,1,-4.8827249338482003e-14,24
238,0.0029874999245294021,1,held_reference,0,0,4294967295,4294967295,1,7,0.99999910593032837,0,0,0,0.99999927070196981,1.0000006567451234,2.4262596290506279e-09,0.0030301424831122858,-0.0042316719718655804,0.00010394008387493159,3.0937601331061129e-07,relaxation,2.4262596290506279e-09,8.6679412967053635e-05,5.6195759583081208e-14,0.0010074430610984564,1.1464077260825434e-06,0,0,0,1,1,1,-4.8827249338482003e-14,24
239,0.0029999999242136255,0,bent,0,0,4294967295,4294967295,1,10,0.99902421236038208,0,0,0,0.9990241506725841,1.0010093718802706,2.0251357359933092e-06,0.14902253448963165,-0.0064459607528988272,0.54578912165015936,0.010687957820996642,relaxation,2.0251357359933092e-06,0.00099783550309097825,2.52013101524686e-11,0.049323637038469315,5.7706702136783861e-06,0,0,0,1,1,1,-4.8827249338482003e-14,24
239,0.0029999999242136255,1,held_reference,0,0,4294967295,4294967295,1,6,0.99999910593032837,0,0,0,0.99999927070196981,1.0000006567451234,2.4729290433178296e-09,0.0030301425540528726,-0.0027376946236472577,0.00010388901756641644,3.093555645427837e-07,relaxation,2.4729290433178296e-09,0.00012345386776022792,5.1795097722739995e-14,0.0010074430610984564,1.1592560440476518e-06,0,0,0,1,1,1,-4.8827249338482003e-14,24
240,0.0030124999238978489,0,bent,0,0,4294967295,4294967295,1,10,0.99902164936065674,0,0,0,0.99902163388787113,1.0010139007391814,2.0141280447712002e-06,0.13137307018041611,-0.0066209091746713966,0.535569385625422,0.01057212890628725,relaxation,2.0141280447712002e-06,0.0010178946105791394,2.6483860267645277e-11,0.049323625862598419,5.6354679145442788e-06,0,0,0,1,1,1,-4.8827249338482003e-14,24
240,0.0030124999238978489,1,held_reference,0,0,4294967295,4294967295,1,6,0.99999910593032837,0,0,0,0.99999927070196981,1.0000006567451234,2.5161322077451542e-09,0.0030301423976197839,-0.0041517941667734704,0.0001038328328775151,3.0933316778100517e-07,relaxation,2.5161322077451542e-09,8.2028230150542133e-05,5.0157730364404017e-14,0.0010074430610984564,1.0789738098537782e-06,0,0,0,1,1,1,-4.8827249338482003e-14,24
241,0.0030249999235820724,0,bent,0,0,4294967295,4294967295,1,10,0.99902737140655518,0,0,0,0.99902727231416766,1.0010138841681915,2.0019636064032143e-06,0.095244400203227997,-0.0093174574431031942,0.53877871669828892,0.010555254449792205,relaxation,2.0019636064032143e-06,0.0010971755679776813,3.1256583331941217e-11,0.049323603510856628,5.5655787036812399e-06,0,0,0,1,1,1,-4.8827249338482003e-14,24
241,0.0030249999235820724,1,held_reference,0,0,4294967295,4294967295,1,7,0.99999910593032837,0,0,0,0.99999927070196981,1.0000006567451234,2.5548009482368118e-09,0.0030301425003926852,-0.0027361357570043765,0.00010383263150970379,3.0933287537391118e-07,relaxation,2.5548009482368118e-09,0.00012552379452912839,5.6782637827389791e-14,0.0010074430610984564,1.1459160305093974e-06,0,0,0,1,1,1,-4.8827249338482003e-14,24
242,0.0030374999232662958,0,bent,0,0,4294967295,4294967295,1,10,0.99902886152267456,0,0,0,0.99902879622354235,1.0010121054713415,1.9925909430068187e-06,0.11388888955116272,-0.0094616132555529475,0.53272638795897365,0.01052409835126996,relaxation,1.9925909430068187e-06,0.00083622338458788918,1.8041959371957046e-11,0.049323607236146927,5.8056543821294326e-06,0,0,0,1,1,1,-4.8827249338482003e-14,24
242,0.0030374999232662958,1,held_reference,0,0,4294967295,4294967295,1,6,0.99999910593032837,0,0,0,0.99999927070196981,1.0000006567451234,2.5694276369082186e-09,0.0030301425049401587,-0.00413879232655745,0.00010377397219940576,3.0930964356775738e-07,relaxation,2.5694276369082186e-09,7.9097929449728897e-05,4.9804172731567105e-14,0.0010074430610984564,1.1487802566989558e-06,0,0,0,1,1,1,-4.8827249338482003e-14,24
243,0.0030499999229505192,0,bent,0,0,4294967295,4294967295,1,10,0.99903672933578491,0,0,0,0.9990366904898943,1.0010104177735011,1.9819021969356093e-06,0.11214049160480499,-0.0094825591659173369,0.52653037011623383,0.01036111141203344,relaxation,1.9819021969356093e-06,0.00095117112302078801,2.2921109838000494e-11,0.049323558807373047,5.2441896514210384e-06,0,0,0,1,1,1,-4.8827249338482003e-14,24
243,0.0030499999229505192,1,held_reference,0,0,4294967295,4294967295,1,6,0.99999910593032837,0,0,0,0.99999927070196981,1.0000006567451234,2.5817003688156888e-09,0.0030301425094876322,-0.0026767214440042153,0.00010371663168484702,3.0928658848733844e-07,relaxation,2.5817003688156888e-09,0.00012314420586104612,5.089449389929975e-14,0.0010074430610984564,1.0870705864363117e-06,0,0,0,1,1,1,-4.8827249338482003e-14,24
244,0.0030624999226347427,0,bent,0,0,4294967295,4294967295,1,10,0.99903023242950439,0,0,0,0.99903024068728929,1.0010120831306268,1.9708956655518931e-06,0.15004714578390121,-0.0096418673638254404,0.52677958086133003,0.010281009029485283,relaxation,1.9708956655518931e-06,0.00096817933564657239,2.4592462757119932e-11,0.049323543906211853,5.7600086620368529e-06,0,0,0,1,1,1,-4.8827249338482003e-14,24
244,0.0030624999226347427,1,held_reference,0,0,4294967295,4294967295,1,7,0.99999910593032837,0,0,0,0.99999927070196981,1.0000006567451234,2.5994226286058082e-09,0.0030301424503704766,-0.0042196387685180525,0.00010372301366601278,3.0928925569423819e-07,relaxation,2.5994226286058082e-09,8.9349156802892747e-05,5.6318468249605743e-14,0.0010074430610984564,1.1397298749216134e-06,0,0,0,1,1,1,-4.8827249338482003e-14,24
245,0.0030749999223189661,0,bent,0,0,4294967295,4294967295,1,10,0.99903297424316406,0,0,0,0.99903298385199202,1.0010087126624334,1.9612056929791704e-06,0.11754867434501648,-0.0066247570503037423,0.52961431816220284,0.010258468478500841,relaxation,1.9612056929791704e-06,0.00090406030261613044,2.1007867534572874e-11,0.048341054469347,5.5200785027409438e-06,0,0,0,1,1,1,-4.8827249338482003e-14,24
245,0.0030749999223189661,1,held_reference,0,0,4294967295,4294967295,1,6,0.99999910593032837,0,0,0,0.99999927070196981,1.0000006567451234,2.6056774560342193e-09,0.0030301424631034024,-0.0027215982117922977,0.00010366998660060744,3.0926801756868349e-07,relaxation,2.6056774560342193e-09,0.00012655502776606181,5.0767997890316113e-14,0.0010074430610984564,1.1585766515054274e-06,0,0,0,1,1,1,-4.8827249338482003e-14,24
246,0.0030874999220031896,0,bent,0,0,4294967295,4294967295,1,10,0.99904239177703857,0,0,0,0.99904240198184491,1.0010086990329878,1.9493602666502922e-06,0.13920515030622482,-0.0086877194698899984,0.51911431644111872,0.01022293715608865,relaxation,1.9493602666502922e-06,0.0010456872539527989,2.7794171280497245e-11,0.048341024667024612,5.5628793234063778e-06,0,0,0,1,1,1,-4.8827249338482003e-14,24
246,0.0030874999220031896,1,held_reference,0,0,4294967295,4294967295,1,6,0.99999910593032837,0,0,0,0.99999927070196981,1.0000006567451234,2.6119198516100866e-09,0.0030301425194920739,-0.0041311654331366299,0.00010361532724800782,3.0924605498694265e-07,relaxation,2.6119198516100866e-09,8.2436418307651709e-05,5.0561804104185596e-14,0.0010074430610984564,1.0708561148931039e-06,0,0,0,1,1,1,-4.8827249338482003e-14,24
247,0.003099999921687413,0,bent,0,0,4294967295,4294967295,1,10,0.99904465675354004,0,0,0,0.99904461663642763,1.0010149054131323,1.9381959486047062e-06,0.10888200253248215,-0.008780331932939589,0.52901790151372552,0.010261600461252031,relaxation,1.9381959486047062e-06,0.00099601649270071352,2.564049486080214e-11,0.048341024667024612,5.5677669479337055e-06,0,0,0,1,1,1,-4.8827249338482003e-14,24
247,0.003099999921687413,1,held_reference,0,0,4294967295,4294967295,1,7,0.99999910593032837,0,0,0,0.99999927070196981,1.0000006567451234,2.6269955276289892e-09,0.0030301425758807454,-0.0027178353848285042,0.0001036173090938064,3.092469577786683e-07,relaxation,2.6269955276289892e-09,0.00012516263674755454,5.6279173975593292e-14,0.0010074430610984564,1.1570297147045494e-06,0,0,0,1,1,1,-4.8827249338482003e-14,24
248,0.0031124999213716364,0,bent,0,0,4294967295,4294967295,1,10,0.99904400110244751,0,0,0,0.99904400939438343,1.0010132138836048,1.927508265624647e-06,0.10166735947132111,-0.0087712568929418921,0.52802149252966046,0.010275622457042334,relaxation,1.927508265624647e-06,0.00092271929787403849,2.2403618015962731e-11,0.048340994864702225,5.4422794164565857e-06,0,0,0,1,1,1,-4.8827249338482003e-14,24
248,0.0031124999213716364,1,held_reference,0,0,4294967295,4294967295,1,6,0.99999910593032837,0,0,0,0.99999927070196981,1.0000006567451234,2.5352206549057572e-09,0.0030301425540528726,-0.0041274235936725745,0.00010356296942859444,3.0922515465135756e-07,relaxation,2.5352206549057572e-09,7.9032190928824181e-05,5.038195435459235e-14,0.0010074430610984564,1.1518122846609913e-06,0,0,0,1,1,1,-4.8827249338482003e-14,24
249,0.0031249999210558599,0,bent,0,0,4294967295,4294967295,1,10,0.99904191493988037,0,0,0,0.99904194920118705,1.00100530888664,1.9169794147206934e-06,0.100934237241745,-0.0088949140626937151,0.52326969755813479,0.010198881481945515,relaxation,1.9169794147206934e-06,0.00092724108894727802,2.1529647647108769e-11,0.04834095761179924,5.2641794354713056e-06,0,0,0,1,1,1,-4.8827249338482003e-14,24
249,0.0031249999210558599,1,held_reference,0,0,4294967295,4294967295,1,6,0.99999910593032837,0,0,0,0.99999927070196981,1.0000006567451234,2.5492256219469857e-09,0.0030301424603749183,-0.0026696345012169331,0.00010350957522575754,3.0920388239155675e-07,relaxation,2.5492256219469857e-09,0.00012678314969380482,5.1058196471029846e-14,0.0010074430610984564,1.0555858125371742e-06,0,0,0,1,1,1,-4.8827249338482003e-14,24
250,0.0031374999207400833,0,bent,0,0,4294967295,4294967295,1,10,0.99904298782348633,0,0,0,0.99904301655041783,1.001005296087816,1.9074494845821264e-06,0.034127414226531982,-0.0040614455938339233,0.51609750976786017,0.010005477062642574,relaxation,1.9074494845821264e-06,0.00083228893601780302,1.8507622149518166e-11,0.048334658145904541,5.0843223107222002e-06,0,0,0,1,1,1,-4.8827249338482003e-14,24
250,0.0031374999207400833,1,held_reference,0,0,4294967295,4294967295,1,7,0.99999910593032837,0,0,0,0.99999927070196981,1.0000006567451234,2.6028019359389999e-09,0.0030301424776553176,-0.0042601202821970219,0.00010354169248216749,3.0921643141482479e-07,relaxation,2.6028019359389999e-09,8.9594698547461394e-05,5.5016878997946231e-14,0.0010074430610984564,1.1631085499175242e-06,0,0,0,1,1,1,-4.8827249338482003e-14,24
251,0.0031499999204243068,0,bent,0,0,4294967295,4294967295,1,10,0.99904662370681763,0,0,0,0.99904660152321423,1.0010052809570753,1.8952876759695899e-06,0.12124746292829514,-0.0040478104492649436,0.5091368337161839,0.0098444099738672353,relaxation,1.8952876759695899e-06,0.0010655050870227369,3.0532365008758672e-11,0.048334605991840363,5.3856324484513607e-06,0,0,0,1,1,1,-4.8827249338482003e-14,24
251,0.0031499999204243068,1,held_reference,0,0,4294967295,4294967295,1,6,0.99999910593032837,0,0,0,0.99999927070196981,1.0000006567451234,2.6278565637780974e-09,0.003030142452189466,-0.0027372758922865614,0.00010348412371286031,3.0919368211107179e-07,relaxation,2.6278565637780974e-09,0.00012610766705803734,5.2387726674260857e-14,0.0010074430610984564,1.137956019192643e-06,0,0,0,1,1,1,-4.8827249338482003e-14,24
252,0.0031624999201085302,0,bent,0,0,4294967295,4294967295,1,10,0.99905282258987427,0,0,0,0.9990528200389216,1.0010035863208797,1.8855998075617345e-06,0.099324293434619904,-0.0043731965124607086,0.51315330853685737,0.0098834613695070132,relaxation,1.8855998075617345e-06,0.00088383921825160741,1.9937781546540115e-11,0.048334565013647079,5.4074535000836477e-06,0,0,0,1,1,1,-4.8827249338482003e-14,24
252,0.0031624999201085302,1,held_reference,0,0,4294967295,4294967295,1,6,0.99999910593032837,0,0,0,0.99999927070196981,1.0000006567451234,2.6449929221412962e-09,0.0030301424358185614,-0.0041370595736225368,0.0001034499916556797,3.0917996605967337e-07,relaxation,2.6449929221412962e-09,8.2043536406666495e-05,4.9480274154362038e-14,0.0010074430610984564,1.1013947869287222e-06,0,0,0,1,1,1,-4.8827249338482003e-14,24
253,0.0031749999197927536,0,bent,0,0,4294967295,4294967295,1,10,0.99905359745025635,0,0,0,0.99905365461643825,1.0010018301456416,1.8772283501395253e-06,0.11513218283653259,-0.0045967844780534506,0.50758714973926544,0.0098568767425119847,relaxation,1.8772283501395253e-06,0.00076215047572262824,1.5365344585147114e-11,0.048334520310163498,5.3172407206147909e-06,0,0,0,1,1,1,-4.8827249338482003e-14,24
253,0.0031749999197927536,1,held_reference,0,0,4294967295,4294967295,1,7,0.99999910593032837,0,0,0,0.99999927070196981,1.0000006567451234,2.666375865668025e-09,0.0030301424594654236,-0.0027135880736750551,0.00010344267582240718,3.0917711207075576e-07,relaxation,2.666375865668025e-09,0.00012548068856793086,5.8110841041514226e-14,0.0010074430610984564,1.1299863444946823e-06,0,0,0,1,1,1,-4.8827249338482003e-14,24
254,0.0031874999194769771,0,bent,0,0,4294967295,4294967295,1,10,0.99905198812484741,0,0,0,0.99905200951545892,1.0010064316207605,1.8681746439694457e-06,0.10208122432231903,-0.0048939852276816964,0.51175397215411067,0.009874827915713192,relaxation,1.8681746439694457e-06,0.00080151287575181329,1.5865521634401074e-11,0.048334520310163498,5.5109203458414413e-06,0,0,0,1,1,1,-4.8827249338482003e-14,24
254,0.0031874999194769771,1,held_reference,0,0,4294967295,4294967295,1,6,0.99999910593032837,0,0,0,0.99999927070196981,1.0000006567451234,2.6704599111948352e-09,0.0030301424903882435,-0.0041261341611971147,0.00010338931619457981,3.0915558246306281e-07,relaxation,2.6704599111948352e-09,7.9104388579308006e-05,4.9327463285028255e-14,0.0010074430610984564,1.1607828582782531e-06,0,0,0,1,1,1,-4.8827249338482003e-14,24
255,0.0031999999191612005,0,bent,0,0,4294967295,4294967295,1,10,0.99906063079833984,0,0,0,0.99906066494739798,1.0010046729794668,1.8588088061299701e-06,0.14044648408889771,-0.0041932947933673859,0.50362818222492933,0.009720113552927968,relaxation,1.8588088061299701e-06,0.00082399813355756274,1.8456926550392583e-11,0.047352023422718048,5.4445345085696317e-06,0,0,0,1,1,1,-4.8827249338482003e-14,24
255,0.0031999999191612005,1,held_reference,0,0,4294967295,4294967295,1,6,0.99999910593032837,0,0,0,0.99999927070196981,1.0000006567451234,2.6741816021270359e-09,0.0030301424349090667,-0.0026628975683706813,0.00010333213097624139,3.091325933482946e-07,relaxation,2.6741816021270359e-09,0.00012300135142961552,5.1203394738409609e-14,0.0010074430610984564,1.0695727041820646e-06,0,0,0,1,1,1,-4.8827249338482003e-14,24
256,0.003212499918845424,0,bent,0,0,4294967295,4294967295,1,10,0.99906092882156372,0,0,0,0.99906097102542268,1.0010046448536103,1.8520842947216272e-06,0.15546473860740662,-0.0040172680746763945,0.49717007204890251,0.0096945600919723495,relaxation,1.8520842947216272e-06,0.00078333479098152486,1.6381332609642098e-11,0.047351997345685959,5.3731891966890544e-06,0,0,0,1,1,1,-4.8827249338482003e-14,24
256,0.003212499918845424,1,held_reference,0,0,4294967295,4294967295,1,7,0.99999910593032837,0,0,0,0.99999927070196981,1.0000006567451234,2.6849579013303103e-09,0.0030301425267680315,-0.0042512889358476968,0.00010336265103205733,3.0914507115267028e-07,relaxation,2.6849579013303103e-09,8.9289667748268631e-05,5.51051785845769e-14,0.0010074430610984564,1.1564242186068441e-06,0,0,0,1,1,1,-4.8827249338482003e-14,24
257,0.0032249999185296474,0,bent,0,0,4294967295,4294967295,1,10,0.99905163049697876,0,0,0,0.99905162775956247,1.001002967262755,1.8455289062013317e-06,0.14127789437770844,-0.0042512203799560666,0.49777892604470253,0.0097202886587828396,relaxation,1.8455289062013317e-06,0.00067605687004404372,1.2424582738908629e-11,0.047351982444524765,5.3197600209387019e-06,0,0,0,1,1,1,-4.8827249338482003e-14,24
257,0.0032249999185296474,1,held_reference,0,0,4294967295,4294967295,1,6,0.99999910593032837,0,0,0,0.99999927070196981,1.0000006567451234,2.5633106230801007e-09,0.003030142513125611,-0.0027295433465042152,0.00010236597753987553,3.0874632780705704e-07,relaxation,2.5633106230801007e-09,0.00012685015353622661,5.2299907605696831e-14,0.0010074430610984564,1.1514218840602553e-06,0,0,0,1,1,1,-4.8827249338482003e-14,24
258,0.0032374999182138708,0,bent,0,0,4294967295,4294967295,1,10,0.99906003475189209,0,0,0,0.99906006026153116,1.0010029397309006,1.8384696849348559e-06,0.074661828577518463,-0.0039587270002812147,0.50883855251595378,0.009745107154868541,relaxation,1.8384696849348559e-06,0.00076791171215673433,1.5648423066602392e-11,0.047351952642202377,5.0643902795854956e-06,0,0,0,1,1,1,-4.8827249338482003e-14,24
258,0.0032374999182138708,1,held_reference,0,0,4294967295,4294967295,1,6,0.99999910593032837,0,0,0,0.99999927070196981,1.0000006567451234,2.5985127468699101e-09,0.0030301424903882435,-0.004122332967199327,0.00010261409295253543,3.0884550231894523e-07,relaxation,2.5985127468699101e-09,7.8528245775367727e-05,5.0121811429269227e-14,0.0010074430610984564,1.0681617368391016e-06,0,0,0,1,1,1,-4.8827249338482003e-14,24
259,0.0032499999178980943,0,bent,0,0,4294967295,4294967295,1,10,0.99906176328659058,0,0,0,0.9990617367370771,1.0010029406262659,1.8299566724510709e-06,0.10502877831459045,-0.0036381067475304008,0.50556780770421028,0.0096912067277133453,relaxation,1.8299566724510709e-06,0.00091189546353250472,2.0662814107487072e-11,0.047351941466331482,5.249899004411418e-06,0,0,0,1,1,1,-4.8827249338482003e-14,24
259,0.0032499999178980943,1,held_reference,0,0,4294967295,4294967295,1,7,0.99999910593032837,0,0,0,0.99999927070196981,1.0000006567451234,2.6543282243602909e-09,0.0030301424167191726,-0.0027074514291598462,0.00010286108121704274,3.0894443638226174e-07,relaxation,2.6543282243602909e-09,0.00012523351475856109,5.6322293325989175e-14,0.0010074430610984564,1.1534862096596044e-06,0,0,0,1,1,1,-4.8827249338482003e-14,24
260,0.0032624999175823177,0,bent,0,0,4294967295,4294967295,1,10,0.99906212091445923,0,0,0,0.99906211391861388,1.0010029435199399,1.8227305719714779e-06,0.079384781420230865,-0.0037305888254195452,0.50092223007231951,0.0095772091198191057,relaxation,1.8227305719714779e-06,0.00077765708343944802,1.5665866105755617e-11,0.047351941466331482,5.2303703341749497e-06,0,0,0,1,1,1,-4.8827249338482003e-14,24
260,0.0032624999175823177,1,held_reference,0,0,4294967295,4294967295,1,6,0.99999910593032837,0,0,0,0.99999927070196981,1.0000006567451234,2.6773266778980782e-09,0.003030142461284413,-0.0041169890755554661,0.00010292459197103199,3.0896975855102904e-07,relaxation,2.6773266778980782e-09,7.9272544568853494e-05,5.0646740281883665e-14,0.0010074430610984564,1.1474742223072099e-06,0,0,0,1,1,1,-4.8827249338482003e-14,24
261,0.0032749999172665412,0,bent,0,0,4294967295,4294967295,1,10,0.99906468391418457,0,0,0,0.99906470537245806,1.0010012491745117,1.8158421745012022e-06,0.09009319543838501,-0.0040491485269740224,0.50273761758580804,0.0095523122125864054,relaxation,1.8158421745012022e-06,0.00075912939841801309,1.5609739049127894e-11,0.047351937741041183,5.0066742005583365e-06,0,0,0,1,1,1,-4.8827249338482003e-14,24
261,0.0032749999172665412,1,held_reference,0,0,4294967295,4294967295,1,6,0.99999910593032837,0,0,0,0.99999927070196981,1.0000006567451234,2.6944686251666592e-09,0.0030301424139906885,-0.0026562973653199151,0.00010294950607203646,3.0897958665263972e-07,relaxation,2.6944686251666592e-09,0.0001232421344025544,5.0768280427734937e-14,0.0010074430610984564,1.0773549092846224e-06,0,0,0,1,1,1,-4.8827249338482003e-14,24
262,0.0032874999169507646,0,bent,0,0,4294967295,4294967295,1,10,0.99906831979751587,0,0,0,0.99906837200705145,1.0010056802880924,1.8091233021726888e-06,0.060782358050346375,-0.0044976546196267009,0.49601576011627913,0.0094530717742592092,relaxation,1.8091233021726888e-06,0.00066783008100532463,1.2470013401119968e-11,0.04733932763338089,5.1477591114235111e-06,0,0,0,1,1,1,-4.8827249338482003e-14,24
262,0.0032874999169507646,1,held_reference,0,0,4294967295,4294967295,1,7,0.99999910593032837,0,0,0,0.99999927070196981,1.0000006567451234,2.7151397811240843e-09,0.003030142479474307,-0.0041987115828305832,0.00010193754295073632,3.0857489001027681e-07,relaxation,2.7151397811240843e-09,8.9145317277044346e-05,5.5628314081710363e-14,0.0010074430610984564,1.1466552223282633e-06,0,0,0,1,1,1,-4.8827249338482003e-14,24
263,0.003299999916634988,0,bent,0,0,4294967295,4294967295,1,10,0.99906814098358154,0,0,0,0.99906816118740749,1.0010056788766037,1.802236497241451e-06,0.075714863836765289,-0.004275693092495203,0.49076128285378218,0.0094280901681110269,relaxation,1.802236497241451e-06,0.00075979418926123532,1.5398894834715848e-11,0.047339305281639099,5.3406197366712149e-06,0,0,0,1,1,1,-4.8827249338482003e-14,24
263,0.003299999916634988,1,held_reference,0,0,4294967295,4294967295,1,6,0.99999910593032837,0,0,0,0.99999927070196981,1.0000006567451234,2.7228258588603998e-09,0.0030301424831122858,-0.002702796453377232,0.00010228580535454057,3.0871453498002644e-07,relaxation,2.7228258588603998e-09,0.00012643249522834032,5.1324561283442136e-14,0.0010074430610984564,1.1504560006869724e-06,0,0,0,1,1,1,-4.8827249338482003e-14,24
264,0.0033124999163192115,0,bent,0,0,4294967295,4294967295,1,10,0.99906802177429199,0,0,0,0.99906805549275812,1.0010040003439162,1.7953504503883299e-06,0.0914316326379776,-0.004276709514670074,0.48549592401832342,0.0094019723185747861,relaxation,1.7953504503883299e-06,0.00073347502574481452,1.4684164621241463e-11,0.047339290380477905,5.6858175412344281e-06,0,0,0,1,1,1,-4.8827249338482003e-14,24
264,0.0033124999163192115,1,held_reference,0,0,4294967295,4294967295,1,6,0.99999910593032837,0,0,0,0.99999927070196981,1.0000006567451234,2.729503025727901e-09,0.0030301425049401587,-0.0041107890419880277,0.00010248459619788264,3.0879367153647724e-07,relaxation,2.729503025727901e-09,8.2158849174951258e-05,5.0165087008775784e-14,0.0010074430610984564,1.0798369203257607e-06,0,0,0,1,1,1,-4.8827249338482003e-14,24
265,0.0033249999160034349,0,bent,0,0,4294967295,4294967295,1,10,0.99906390905380249,0,0,0,0.99906392824851686,1.0009977708420388,1.7900840133003735e-06,0.14564068615436554,-0.0045160147128626704,0.48261828580871224,0.0093048154988735893,relaxation,1.7900840133003735e-06,0.0006402563256429646,1.1386387153421325e-11,0.047339286655187607,5.3061621656524949e-06,0,0,0,1,1,1,-4.8827249338482003e-14,24
265,0.0033249999160034349,1,held_reference,0,0,4294967295,4294967295,1,7,0.99999910593032837,0,0,0,0.99999927070196981,1.0000006567451234,2.7445028450050908e-09,0.0030301424021672574,-0.0026973493804689497,0.00010268903017163211,3.0887552526382918e-07,relaxation,2.7445028450050908e-09,0.00012526821907073941,5.6841859028811637e-14,0.0010074430610984564,1.1515323876665207e-06,0,0,0,1,1,1,-4.8827249338482003e-14,24
266,0.0033374999156876584,0,bent,0,0,4294967295,4294967295,1,10,0.99906504154205322,0,0,0,0.99906508331385779,1.000997758122484,1.7833679527383554e-06,0.13461478799581528,-0.0045170364901423454,0.48476241109892726,0.0093248003915026769,relaxation,1.7833679527383554e-06,0.00071932212923547854,1.4467215796367654e-11,0.04733927920460701,4.6490213208016939e-06,0,0,0,1,1,1,-4.8827249338482003e-14,24
266,0.0033374999156876584,1,held_reference,0,0,4294967295,4294967295,1,6,0.99999910593032837,0,0,0,0.99999927070196981,1.0000006567451234,2.6309723718010022e-09,0.0030301425176730845,-0.0041084570239036111,0.0001018177904654749,3.0852702485935826e-07,relaxation,2.6309723718010022e-09,7.9039130203706378e-05,5.0443574184232303e-14,0.0010074430610984564,1.1545441793714417e-06,0,0,0,1,1,1,-4.8827249338482003e-14,24
267,0.0033499999153718818,0,bent,0,0,4294967295,4294967295,1,10,0.99906438589096069,0,0,0,0.99906445239899311,1.0010022961468752,1.7764836519900106e-06,0.083218127489089966,-0.0042359196813777089,0.49196669273078442,0.0093344171295464042,relaxation,1.7764836519900106e-06,0.00077148350904635303,1.6120326949787597e-11,0.046356763690710068,4.9935683819057886e-06,0,0,0,1,1,1,-4.8827249338482003e-14,24
267,0.0033499999153718818,1,held_reference,0,0,4294967295,4294967295,1,6,0.99999910593032837,0,0,0,0.99999927070196981,1.0000006567451234,2.6603976716336203e-09,0.0030301423612399958,-0.0026460017179488204,0.00010213037020889715,3.0865202767017723e-07,relaxation,2.6603976716336203e-09,0.0001266635305212344,5.1069928743105033e-14,0.0010074430610984564,1.0607362810333143e-06,0,0,0,1,1,1,-4.8827249338482003e-14,24
268,0.0033624999150561052,0,bent,0,0,4294967295,4294967295,1,10,0.99906432628631592,0,0,0,0.9990643277443727,1.0010039683021712,1.7697694923599285e-06,0.12020771950483322,-0.004270658828318119,0.48758717719465494,0.0091763667612448328,relaxation,1.7697694923599285e-06,0.00070520657062052739,1.366520656790419e-11,0.046356748789548874,5.2892896746925544e-06,0,0,0,1,1,1,-4.8827249338482003e-14,24
268,0.0033624999150561052,1,held_reference,0,0,4294967295,4294967295,1,7,0.99999910593032837,0,0,0,0.99999927070196981,1.0000006567451234,2.7123028803699034e-09,0.0030301425285870209,-0.0042085499353561318,0.00010244727991448599,3.0877881219566887e-07,relaxation,2.7123028803699034e-09,8.9876565899476386e-05,5.6203676482797304e-14,0.0010074430610984564,1.1539468687260523e-06,0,0,0,1,1,1,-4.8827249338482003e-14,24
269,0.0033749999147403287,0,bent,0,0,4294967295,4294967295,1,10,0.99906569719314575,0,0,0,0.99906569329497907,1.0010022842634676,1.7630563603798926e-06,0.13290596008300781,-0.0040814543608576059,0.48196592973545194,0.009155273611009122,relaxation,1.7630563603798926e-06,0.00067887039275145954,1.2418859290705307e-11,0.04635673388838768,5.623494871542789e-06,0,0,0,1,1,1,-4.8827249338482003e-14,24
269,0.0033749999147403287,1,held_reference,0,0,4294967295,4294967295,1,6,0.99999910593032837,0,0,0,0.99999927070196981,1.0000006567451234,2.7331456827026472e-09,0.0030301424176286673,-0.002698615520785097,0.0001016092530790047,3.0844381880342521e-07,relaxation,2.7331456827026472e-09,0.00012582388746619402,5.1215791231316152e-14,0.0010074430610984564,1.1472450296423631e-06,0,0,0,1,1,1,-4.8827249338482003e-14,24
270,0.0033874999144245521,0,bent,0,0,4294967295,4294967295,1,10,0.99906545877456665,0,0,0,0.99906548258182648,1.0009960598507643,1.7577903758311893e-06,0.14491450041532516,-0.0090405582450330257,0.47713394649326801,0.0091353146407082662,relaxation,1.7577903758311893e-06,0.0006521899158353332,1.1362639928710942e-11,0.046358708292245865,5.1071756388409995e-06,0,0,0,1,1,1,-4.8827249338482003e-14,24
270,0.0033874999144245521,1,held_reference,0,0,4294967295,4294967295,1,6,0.99999910593032837,0,0,0,0.99999927070196981,1.0000006567451234,2.7471288190262776e-09,0.0030301424558274448,-0.0041094005300692515,0.00010196437534659708,3.0858589180934348e-07,relaxation,2.7471288190262776e-09,8.2083638517619332e-05,5.0033211895510544e-14,0.0010074430610984564,1.0869018751691328e-06,0,0,0,1,1,1,-4.8827249338482003e-14,24
271,0.0033999999141087756,0,bent,0,0,4294967295,4294967295,1,10,0.99906617403030396,0,0,0,0.99906621750200164,1.0010005898791192,1.7512480335131505e-06,0.055958077311515808,-0.0089274452766403556,0.48649342590942979,0.0091191018507182607,relaxation,1.7512480335131505e-06,0.00074446784483715419,1.4997335765705483e-11,0.046358663588762283,5.0949165597558022e-06,0,0,0,1,1,1,-4.8827249338482003e-14,24
271,0.0033999999141087756,1,held_reference,0,0,4294967295,4294967295,1,7,0.99999910593032837,0,0,0,0.99999927070196981,1.0000006567451234,2.7661234541986921e-09,0.003030142461284413,-0.0026884381222771481,0.00010228277415080811,3.0871325187945282e-07,relaxation,2.7661234541986921e-09,0.0001252764363586849,5.6527933896763004e-14,0.0010074430610984564,1.1395701449146145e-06,0,0,0,1,1,1,-4.8827249338482003e-14,24
272,0.003412499913792999,0,bent,0,0,4294967295,4294967295,1,10,0.99906611442565918,0,0,0,0.99906611185208927,1.0010005839255578,1.7448767900056739e-06,0.066380120813846588,-0.0092449845978990197,0.48786179488524795,0.0090947539199218146,relaxation,1.7448767900056739e-06,0.00064918121875386049,1.1506794866118133e-11,0.046358667314052582,5.435697858047206e-06,0,0,0,1,1,1,-4.8827249338482003e-14,24
272,0.003412499913792999,1,held_reference,0,0,4294967295,4294967295,1,6,0.99999910593032837,0,0,0,0.99999927070196981,1.0000006567451234,2.771629412130356e-09,0.0030301424376375508,-0.0041046161895792466,0.00010147801347670793,3.0839128730440239e-07,relaxation,2.771629412130356e-09,7.9144358327817965e-05,4.987876263100903e-14,0.0010074430610984564,1.1457309483375866e-06,0,0,0,1,1,1,-4.8827249338482003e-14,24
273,0.0034249999134772224,0,bent,0,0,4294967295,4294967295,1,10,0.99906599521636963,0,0,0,0.99906600601550921,1.0010005718641746,1.7394413225347442e-06,0.080019861459732056,-0.0089985564118251204,0.482019301969558,0.0090721512511819612,relaxation,1.7394413225347442e-06,0.00066243421255036375,1.2045961249152954e-11,0.046358667314052582,4.973632258042926e-06,0,0,0,1,1,1,-4.8827249338482003e-14,24
273,0.0034249999134772224,1,held_reference,0,0,4294967295,4294967295,1,6,0.99999910593032837,0,0,0,0.99999927070196981,1.0000006567451234,2.7780561396951376e-09,0.0030301425495053991,-0.0026470610173419118,0.0001018495807443287,3.0853968885730858e-07,relaxation,2.7780561396951376e-09,0.00014755242076559203,5.2094476752807561e-14,0.0010074430610984564,1.0592622174954158e-06,0,0,0,1,1,1,-4.8827249338482003e-14,24
274,0.0034374999131614459,0,bent,0,0,4294967295,4294967295,1,10,0.99906569719314575,0,0,0,0.99906570898892477,1.0009988989920078,1.7334116325882157e-06,0.11478428542613983,-0.0087408523540943861,0.48002162994816899,0.0090100858233124002,relaxation,1.7334116325882157e-06,0.00060835664572667016,9.8467650768871444e-12,0.046358648687601089,5.2480272643151693e-06,0,0,0,1,1,1,-4.8827249338482003e-14,24
274,0.0034374999131614459,1,held_reference,0,0,4294967295,4294967295,1,7,0.99999910593032837,0,0,0,0.99999927070196981,1.0000006567451234,2.7915026486077447e-09,0.0030301425613288302,-0.0041969022531702649,0.00010109658188639514,3.0823847766805541e-07,relaxation,2.7915026486077447e-09,8.9213529581661281e-05,5.5153712903459989e-14,0.0010074430610984564,1.1634655265879701e-06,0,0,0,1,1,1,-4.8827249338482003e-14,24
275,0.0034499999128456693,0,bent,0,0,4294967295,4294967295,1,10,0.99906712770462036,0,0,0,0.99906717964823322,1.0009972166706147,1.7283161550472857e-06,0.11194166541099548,-0.0087304535554721951,0.47893629688769579,0.0090151810405850429,relaxation,1.7283161550472857e-06,0.00062656842590192189,1.0094041660054116e-11,0.046358622610569,4.8479769247933291e-06,0,0,0,1,1,1,-4.8827249338482003e-14,24
275,0.0034499999128456693,1,held_reference,0,0,4294967295,4294967295,1,6,0.99999910593032837,0,0,0,0.99999927070196981,1.0000006567451234,2.7115476225994374e-09,0.0030301425704237772,-0.0026931102038361132,0.000101576081561916,3.0843035793259295e-07,relaxation,2.7115476225994374e-09,0.0001267913458552429,5.2201355765454048e-14,0.0010074430610984564,1.1429432333898148e-06,0,0,0,1,1,1,-4.8827249338482003e-14,24
276,0.0034624999125298928,0,bent,0,0,4294967295,4294967295,1,10,0.99906778335571289,0,0,0,0.99906780929402839,1.0009955202957252,1.7221190085796161e-06,0.083249226212501526,-0.0087688181083649397,0.47221192065626383,0.0089181039687842127,relaxation,1.7221190085796161e-06,0.00066133095830918061,1.1679596333851497e-11,0.046358603984117508,5.0240141717949882e-06,0,0,0,1,1,1,-4.8827249338482003e-14,24
276,0.0034624999125298928,1,held_reference,0,0,4294967295,4294967295,1,6,0.99999910593032837,0,0,0,0.99999927070196981,1.0000006567451234,2.7221968620853819e-09,0.0030301425140351057,-0.0040960669002743089,0.0001018607530340887,3.0854435601577266e-07,relaxation,2.7221968620853819e-09,7.8485815012844124e-05,4.9721640226664511e-14,0.0010074430610984564,1.0778348951134831e-06,0,0,0,1,1,1,-4.8827249338482003e-14,24
277,0.0034749999122141162,0,bent,0,0,4294967295,4294967295,1,10,0.99906820058822632,0,0,0,0.99906822918293614,1.0010017370265067,1.7170239588456744e-06,0.092673137784004211,-0.0086622172966599464,0.4690178562887013,0.0089022828598767489,relaxation,1.7170239588456744e-06,0.00055903262110263807,8.6550861293899414e-12,0.046358611434698105,5.3165349527262151e-06,0,0,0,1,1,1,-4.8827249338482003e-14,24
277,0.0034749999122141162,1,held_reference,0,0,4294967295,4294967295,1,7,0.99999910593032837,0,0,0,0.99999927070196981,1.0000006567451234,2.7629621583101215e-09,0.0030301425058496534,-0.0026899116637650877,0.00010104303837010775,3.0821726472731788e-07,relaxation,2.7629621583101215e-09,0.00012543324144717138,5.7716078725326293e-14,0.0010074430610984564,1.1455010735517135e-06,0,0,0,1,1,1,-4.8827249338482003e-14,24
278,0.0034874999118983396,0,bent,0,0,4294967295,4294967295,1,10,0.9990684986114502,0,0,0,0.99906854354508889,1.0009955063414986,1.7106588215896832e-06,0.078058712184429169,-0.008487898507155478,0.47211530804634094,0.0089284786705896221,relaxation,1.7106588215896832e-06,0.0006443482539899172,1.1238994304160286e-11,0.046358607709407806,5.0717594604066107e-06,0,0,0,1,1,1,-4.8827249338482003e-14,24
278,0.0034874999118983396,1,held_reference,0,0,4294967295,4294967295,1,6,0.99999910593032837,0,0,0,0.99999927070196981,1.0000006567451234,2.7823089490151494e-09,0.0030301425449579256,-0.0040979255882120924,0.00010149756442956459,3.0839899414240766e-07,relaxation,2.7823089490151494e-09,7.9240584000339712e-05,5.0253968962499148e-14,0.0010074430610984564,1.1473528047645232e-06,0,0,0,1,1,1,-4.8827249338482003e-14,24
279,0.0034999999115825631,0,bent,0,0,4294967295,4294967295,1,10,0.99906933307647705,0,0,0,0.99906938341647156,1.0009955048080432,1.7053937934927744e-06,0.08882257342338562,-0.0083839192520827055,0.46818465925753117,0.0089103991288542739,relaxation,1.7053937934927744e-06,0.00061164835541117337,1.0458172159931914e-11,0.046358607709407806,4.8308443183486816e-06,0,0,0,1,1,1,-4.8827249338482003e-14,24
279,0.0034999999115825631,1,held_reference,0,0,4294967295,4294967295,1,6,0.99999910593032837,0,0,0,0.99999927070196981,1.0000006567451234,2.7948935297306339e-09,0.0030301425786092295,-0.0026376294845249504,0.000100855840287295,3.0814236855167078e-07,relaxation,2.7948935297306339e-09,0.00012319087636108571,5.0662903945276577e-14,0.0010074430610984564,1.0792125522129936e-06,0,0,0,1,1,1,-4.8827249338482003e-14,24
280,0.0035124999112667865,0,bent,0,0,4294967295,4294967295,1,10,0.99906927347183228,0,0,0,0.99906927830895742,1.0010017185173032,1.7009809618257273e-06,0.078254446387290955,-0.0086762347491458058,0.46673713345080614,0.008849291398897766,relaxation,1.7009809618257273e-06,0.00051311702486252176,7.6708010574200813e-12,0.046358607709407806,5.2205286920070648e-06,0,0,0,1,1,1,-4.8827249338482003e-14,24
280,0.0035124999112667865,1,held_reference,0,0,4294967295,4294967295,1,7,0.99999910593032837,0,0,0,0.99999927070196981,1.0000006567451234,2.7449180450725151e-09,0.0030301424176286673,-0.0041864632612487185,0.00010150202535896824,3.0840070652084241e-07,relaxation,2.7449180450725151e-09,8.9315039343290407e-05,5.5813903936707747e-14,0.0010074430610984564,1.1380514024494914e-06,0,0,0,1,1,1,-4.8827249338482003e-14,24
281,0.00352499991095101,0,bent,0,0,4294967295,4294967295,1,10,0.99906933307647705,0,0,0,0.99906938288241476,1.0009955037113425,1.6963981418334009e-06,0.037469290196895599,-0.0084941918030381203,0.4732157438993454,0.00884094528093189,relaxation,1.6963981418334009e-06,0.00053180534710611988,7.8609237143680167e-12,0.045376110821962357,5.1142201300535817e-06,0,0,0,1,1,1,-4.8827249338482003e-14,24
281,0.00352499991095101,1,held_reference,0,0,4294967295,4294967295,1,6,0.99999910593032837,0,0,0,0.99999927070196981,1.0000006567451234,2.7757843040807845e-09,0.0030301424212666461,-0.0026863419625442475,0.00010085335895837488,3.0814134761567365e-07,relaxation,2.7757843040807845e-09,0.00012649625841663941,5.0726038760797679e-14,0.0010074430610984564,1.1455109643065953e-06,0,0,0,1,1,1,-4.8827249338482003e-14,24
282,0.0035374999106352334,0,bent,0,0,4294967295,4294967295,1,10,0.99907040596008301,0,0,0,0.99907043291261555,1.0010017131025715,1.6918157248426774e-06,0.048494696617126465,-0.0082343191606923938,0.46847757278010249,0.0088230007825195779,relaxation,1.6918157248426774e-06,0.00056155294345348731,8.6856547554384978e-12,0.045376110821962357,5.134681941854069e-06,0,0,0,1,1,1,-4.8827249338482003e-14,24
282,0.0035374999106352334,1,held_reference,0,0,4294967295,4294967295,1,6,0.99999910593032837,0,0,0,0.99999927070196981,1.0000006567451234,2.7950069883720522e-09,0.0030301425667857984,-0.0040917053756857058,0.00010131723536233039,3.0832694085802312e-07,relaxation,2.7950069883720522e-09,7.8787130407278376e-05,5.0069416982790752e-14,0.0010074430610984564,1.0670911478882772e-06,0,0,0,1,1,1,-4.8827249338482003e-14,24
283,0.0035499999103194568,0,bent,0,0,4294967295,4294967295,1,10,0.99906635284423828,0,0,0,0.99906628689341337,1.0010017020159692,1.6861384307782938e-06,0.14294970780611038,-0.0079851754708215594,0.46593406284227967,0.0086403713670000441,relaxation,1.6861384307782938e-06,0.0005432968569924132,8.628704334070568e-12,0.045376110821962357,4.9284135457128286e-06,0,0,0,1,1,1,-4.8827249338482003e-14,24
283,0.0035499999103194568,1,held_reference,0,0,4294967295,4294967295,1,7,0.99999910593032837,0,0,0,0.99999927070196981,1.0000006567451234,2.7509153554955419e-09,0.0030301424903882435,-0.0026807518297573552,0.00010064151882716033,3.0805658276403844e-07,relaxation,2.7509153554955419e-09,0.00012528934612542352,5.5904536885853535e-14,0.0010074430610984564,1.1544368589966325e-06,0,0,0,1,1,1,-4.8827249338482003e-14,24
284,0.0035624999100036803,0,bent,0,0,4294967295,4294967295,1,10,0.99906760454177856,0,0,0,0.99906754657648855,1.0009954830678949,1.680532296472884e-06,0.11186064034700394,-0.0074989901622757316,0.46153774578124285,0.0085352010650113237,relaxation,1.680532296472884e-06,0.00063882373005034261,1.11640770740465e-11,0.045376088470220566,5.2680893531942274e-06,0,0,0,1,1,1,-4.8827249338482003e-14,24
284,0.0035624999100036803,1,held_reference,0,0,4294967295,4294967295,1,6,0.99999910593032837,0,0,0,0.99999927070196981,1.0000006567451234,2.7841680268432819e-09,0.0030301424994831905,-0.0040921820873336401,0.0001011591372730436,3.0826350911593155e-07,relaxation,2.7841680268432819e-09,7.90171612361937e-05,5.0343743170683036e-14,0.0010074430610984564,1.14619183477771e-06,0,0,0,1,1,1,-4.8827249338482003e-14,24
285,0.0035749999096879037,0,bent,0,0,4294967295,4294967295,1,10,0.99906831979751587,0,0,0,0.99906828197991882,1.0010016977712786,1.6748581521635852e-06,0.10033974051475525,-0.007818962330929935,0.46794135216623545,0.0085475284747481353,relaxation,1.6748581521635852e-06,0.00055275667503135726,9.0139538419238263e-12,0.045376088470220566,5.0752146307786461e-06,0,0,0,1,1,1,-4.8827249338482003e-14,24
285,0.0035749999096879037,1,held_reference,0,0,4294967295,4294967295,1,6,0.99999910593032837,0,0,0,0.99999927070196981,1.0000006567451234,2.807121532120014e-09,0.0030301424631034024,-0.0026368711041868664,0.00010056652592993487,3.0802652895363262e-07,relaxation,2.807121532120014e-09,0.00014785051381388252,5.1762137942203833e-14,0.0010074430610984564,1.0496745517230011e-06,0,0,0,1,1,1,-4.8827249338482003e-14,24
286,0.0035874999093721271,0,bent,0,0,4294967295,4294967295,1,10,0.99906861782073975,0,0,0,0.99906859652546554,1.0009937946565945,1.6699361875236222e-06,0.10912366956472397,-0.0073851231718435884,0.46448697615414858,0.0085330802745893584,relaxation,1.6699361875236222e-06,0.00052438628572415013,7.7813750237620346e-12,0.045376088470220566,5.5996415539993905e-06,0,0,0,1,1,1,-4.8827249338482003e-14,24
286,0.0035874999093721271,1,held_reference,0,0,4294967295,4294967295,1,7,0.99999910593032837,0,0,0,0.99999927070196981,1.0000006567451234,2.7566736395402822e-09,0.0030301424321805825,-0.0041909095752998837,0.00010125916872993912,3.0830364279790912e-07,relaxation,2.7566736395402822e-09,8.9973769031412038e-05,5.4884343709563612e-14,0.0010074430610984564,1.1568763511604629e-06,0,0,0,1,1,1,-4.8827249338482003e-14,24
287,0.0035999999090563506,0,bent,0,0,4294967295,4294967295,1,10,0.99906855821609497,0,0,0,0.99906849124992925,1.0009999213939416,1.6653567377219284e-06,0.058080285787582397,-0.007481096894480288,0.47532931109890342,0.0086100405756533126,relaxation,1.6653567377219284e-06,0.00053347506319596945,8.186612147499721e-12,0.045376088470220566,4.6345144255610649e-06,0,0,0,1,1,1,-4.8827249338482003e-14,24
287,0.0035999999090563506,1,held_reference,0,0,4294967295,4294967295,1,6,0.99999910593032837,0,0,0,0.99999927070196981,1.0000006567451234,2.7854231764437725e-09,0.003030142522220558,-0.0026973175117745996,0.0001038542262961073,3.0934160232482075e-07,relaxation,2.7854231764437725e-09,0.00014785032158101723,5.2614880287443428e-14,0.0010074430610984564,1.1278212923571118e-06,0,0,0,1,1,1,-4.8827249338482003e-14,24
