time_s,lung_volume_ml,airflow_ml_s,alveolar_pa,pleural_pa,diaphragm_mm,rib_mm,PaO2_mmhg,PaCO2_mmhg,SaO2,oxygen_balance_error_stpd_ml,co2_balance_error_stpd_ml,breaths,tidal_ml,lv_mmhg,rv_mmhg,aorta_mmhg,pulmonary_artery_mmhg,lv_ml,rv_ml,blood_ml,blood_error_ml,aortic_ejected_ml,pulmonary_ejected_ml,complete_filling_ejection_cycles,last_lv_stroke_ml,right_atrium_ml,left_atrium_ml,blood_continuity_residual_accum_ml,blood_physical_delta_accum_ml,blood_residual_minus_physical_ml,blood_endpoint_minus_physical_ml,inspired_volume_accum_ml,last_inspiration_step,last_inspiration_time_s,last_inspiration_volume_accum_ml,last_complete_breath_inspired_ml,step,min_contact_gap_m,peak_penetration_m,normal_impulse_ns,root_assistance_n,root_assistance_nm,diaphragm_excitation,intercostal_excitation,diaphragm_activation,intercostal_activation
0.0640000030398,2509.93808731,310.725910822,-41.4267196655,-536.632202148,0.549115300179,-0.0114897349849,100.000053406,40.0000114441,0.972220301628,0.000116415321827,0.000232830643654,0,0,7.28122091632,1.19429222804,81.0829381924,12.5380135535,124.315018184,146.197897266,5149.99963343,0.000931322574615,0,0,0,0,28.5044607153,46.7287791253,-0.000266737743004,-0.000291038304567,2.4300561563e-05,-0.00017462298274,9.93819600126,0,0,0,0,32,-0.000120462682389,0.000120462682389,1.29280114174,0,0,0.0160578750074,0.0100361723453,0.014990478754,0.00938067119569
0.12800000608,2537.26821393,518.19847431,-69.0874557495,-577.693786621,1.8688147068,0.0183211136609,100.000236511,40.0000267029,0.972220420837,0.000116415321827,0.000232830643654,0,0,10.1017307847,2.29766329567,77.7106496277,11.5623502661,127.785053337,153.882661834,5149.99963343,0.00139698386192,0,0,0,0,24.0560966631,45.3071479569,-0.000442718861571,-0.000409272615798,-3.3446245773e-05,-5.63886715099e-05,37.2683098249,0,0,0,0,64,-7.88059969636e-06,7.88059969636e-06,1.43446969986,0,0,0.0319535769522,0.0199709869921,0.0308435745537,0.0193022228777
0.19200000912,2574.64079186,634.309777524,-84.5676956177,-611.499023438,3.46693325043,0.125695943832,100.000320435,40.0000267029,0.972220480442,0.000116415321827,0.000232830643654,0,0,60.3892740267,15.5825969928,74.5049787453,12.5369862475,127.785053337,148.083403474,5149.99916777,0.00139698386192,0,5.82918937653,0,0,24.3894028245,44.9362814834,-0.000278924397468,-0.000279214873444,2.90475976605e-07,-0.000652107701171,74.6407887391,0,0,0,0,96,-1.38690475069e-05,1.38690475069e-05,1.49244022369,0,0,0.0475266128778,0.0297041330487,0.046388361603,0.0290301050991
0.256000012159,2617.45532043,694.524555001,-92.5956726074,-640.520324707,5.19872951508,0.280655264854,99.999961853,40.0000038147,0.972220242023,0.000116415321827,0.000232830643654,0,0,105.92497026,24.1341577926,101.832278316,21.2729384055,94.4683561102,110.679815407,5150.00056475,0.00139698386192,33.316668123,43.232794269,0,0,29.4194360322,48.7152501591,0.000158000765249,0.000150976120494,7.02464475477e-06,0.000314685166813,117.455554914,0,0,0,0,128,-3.44886975654e-05,3.44886975654e-05,1.42519032955,0,0,0.062619715929,0.0391373261809,0.0614694617689,0.0384667143226
0.320000015199,2662.8752239,719.237199519,-95.8904266357,-666.0859375,6.98190736771,0.462454915047,99.999961853,40.0000038147,0.972220242023,0.000116415321827,0.000232830643654,0,0,113.385233584,25.1129936427,111.723048788,23.8458455495,69.4798800396,89.7221107152,5150.00056475,0.00139698386192,58.3051514695,64.1904844088,0,0,34.6702363458,51.9956411154,0.000211263048722,0.000238287611865,-2.70245631429e-05,0.000227373675443,162.875127103,0,0,0,0,160,-1.26098457258e-05,1.26098457258e-05,1.32556068897,0,0,0.077080488205,0.0481753088534,0.0759360045195,0.0475173071027
0.384000018239,2709.01876502,719.277304597,-95.8957672119,-688.71697998,8.75739955902,0.658801138401,99.9998245239,39.9999961853,0.972220122814,0.000116415321827,0.000232830643654,0,0,110.934107068,23.2445840311,110.583841496,22.8548688102,61.0067363596,81.4427621663,5149.99963343,0.00139698386192,66.7782878736,72.4698475096,0,0,37.0414527424,54.1608023923,0.000188831214554,8.36735125631e-05,0.000105157701991,-0.000549334799871,209.018735291,0,0,0,0,192,-2.59276407633e-06,2.59276407633e-06,1.34937012196,0,0,0.0907629281282,0.0567268319428,0.0896430686116,0.0560909509659
0.448000021279,2754.53133509,700.879376382,-93.4429168701,-708.580383301,10.4786558151,0.862123847008,99.9998245239,39.9999961853,0.972220122814,0.000116415321827,0.000232830643654,0,0,68.0834921046,13.1578086979,105.242135882,20.3912644625,60.6856992817,80.7880787761,5150.00056475,0.00139698386192,67.0993249514,73.1245163479,1,67.0993249514,38.7710642826,55.8846295462,0.000680640474537,0.000647560227662,3.30802468751e-05,-0.000181898940355,254.53129183,0,0,0,0,224,-3.34800802193e-06,3.34800802193e-06,1.40421319008,0,0,0.10352884233,0.0647055283189,0.102453112602,0.0641014054418
0.512000024319,2798.37031849,667.935761157,-89.0507888794,-725.683959961,12.1074028015,1.06739342213,99.9998245239,39.9999961853,0.972220122814,0.000116415321827,0.000232830643654,0,0,5.07648211934,-0.758181196126,100.810934703,18.5102964469,65.9464130877,89.6454585018,5150.00056475,0.00139698386192,67.0993249514,73.1245163479,1,67.0993249514,33.3329553541,53.6483166798,0.00053021147195,0.00042564352043,0.00010456795152,4.0017766878e-05,298.370225778,0,0,0,0,256,-1.01532032204e-05,1.01532032204e-05,1.39306938648,0,0,0.115249305964,0.0720308199525,0.114237308502,0.0714679956436
0.576000027359,2839.70311284,623.359461315,-83.1077728271,-740.007751465,13.6121549606,1.27089107037,100.000053406,40.0000114441,0.972220301628,0.000116415321827,0.000232830643654,0,0,4.64177419105,-0.865206831848,96.6028182445,16.7727282652,98.7387829809,106.47016461,5150.00149608,0.00139698386192,67.0993249514,73.1245163479,1,67.0993249514,27.4328667729,48.1439783471,0.000807777886247,0.00082582118921,-1.80433029628e-05,0.000571162672713,339.703126997,0,0,0,0,288,-2.3489888008e-06,2.3489888008e-06,1.39512610435,0,0,0.12580601871,0.0786287635565,0.124876879156,0.07811640203
0.640000030398,2877.86172703,569.44944663,-75.9203643799,-751.530761719,14.9681797028,1.46945881844,100.000053406,40.0000114441,0.972220301628,0.000116415321827,0.000232830643654,0,0,6.25131458944,-0.464647014465,92.5791700545,15.0458222747,114.335227408,114.196962386,5150.00009909,0.00139698386192,67.0993249514,73.1245163479,1,67.0993249514,27.8655188595,47.9565242131,0.000575401989944,0.000507498043589,6.79039463547e-05,-0.000507498043589,377.861752327,0,0,0,0,320,-4.43410135631e-06,4.43410135631e-06,1.40474486351,0,0,0.135092392564,0.0844327434897,0.13426426053,0.0839794427156
0.704000033438,2912.32950985,508.591532707,-67.806640625,-760.317749023,16.1581840515,1.66006672382,100.000144958,40.0000152588,0.972220361233,0.000116415321827,0.000232830643654,0,0,7.09744758981,-0.141345507939,88.7302554474,13.5749663573,122.534256661,120.433447591,5150.00103042,0.00186264514923,67.0993249514,73.1245163479,1,67.0993249514,28.6929844151,48.1063252664,0.000642562489328,0.000629370333627,1.31921557012e-05,0.000301952240989,412.329440451,0,0,0,0,352,-2.24868163059e-05,2.24868163059e-05,1.38034749031,0,0,0.143014669418,0.089384175837,0.142304226756,0.088997758925
0.768000036478,2942.73975305,443.207740318,-59.089515686,-766.51171875,17.1732177734,1.83948910236,99.9998703003,40.0000038147,0.972220122814,0.000116415321827,0.000232830643654,0,0,7.58707060982,0.15199179057,85.048427311,12.4004342048,127.278704895,126.091923448,5150.00056475,0.00186264514923,67.0993249514,73.1245163479,1,67.0993249514,29.5269564958,48.3351395815,0.000559137666722,0.000500222085975,5.89155807473e-05,-3.45607986674e-05,442.739822063,0,0,0,0,384,-4.0766371967e-06,4.0766371967e-06,2.28087306023,0,0,0.149492770433,0.0934329852462,0.148914590478,0.093120239675
0.832000039518,2968.87313016,375.398405595,-50.0490112305,-770.285217285,18.0129394531,2.00417733192,99.999961853,40.0000114441,0.972220242023,0.000116415321827,0.000232830643654,0,0,7.89612674331,0.424172977204,81.5265512707,11.4902712897,130.273459945,131.342298118,5150.00009909,0.00186264514923,67.0993249514,73.1245163479,1,67.0993249514,30.3159940813,48.5537711938,0.000655991747034,0.000718500814401,-6.25090673667e-05,-0.000718500814401,468.873128852,0,0,0,0,416,-4.15598469772e-06,4.15598469772e-06,1.38826131821,0,0,0.154461234808,0.0965382680297,0.154027432203,0.0963048115373
0.896000042558,2990.65047875,307.353329845,-40.9770812988,-771.891479492,18.6850242615,2.15034341812,100.000053406,40.0000152588,0.972220301628,0.000116415321827,0.000232830643654,0,0,8.1196244003,0.722715104017,78.1580056891,10.7966968951,132.439148729,137.101174914,5150.00103042,0.00186264514923,67.0993249514,73.1245163479,1,67.0993249514,29.7781662084,48.3698859171,0.000429541777147,0.000418367562816,1.11742143316e-05,0.0005129550118,490.65060449,0,0,0,0,448,-3.84372833651e-06,3.84372833651e-06,1.41837215424,0,0,0.157869905233,0.0986686870456,0.157589763403,0.0985187590122
0.960000045598,3008.10439512,240.471592406,-32.0602493286,-771.532897949,19.2032871246,2.27406263351,99.9998703003,40,0.972220122814,0.000116415321827,0.000465661287308,0,0,8.35556692659,1.18287249019,74.9364692464,10.2902689066,134.725429234,145.977610373,5150.00056475,0.00186264514923,67.0993249514,73.1245163479,1,67.0993249514,24.6600920946,46.5016855742,-0.000163669036657,-8.18545231596e-05,-8.18145134973e-05,0.000547515810467,508.104166443,0,0,0,0,480,-3.81250947612e-06,3.81250947612e-06,1.41675913334,0,0,0.159684345126,0.0998027250171,0.159563973546,0.0997390970588
1.02400004864,3021.34593949,176.041517989,-23.4702758789,-769.43560791,19.5851173401,2.37159371376,99.9997329712,39.9999885559,0.97222006321,0.000116415321827,0.000465661287308,0,0,36.0868284929,8.38782543421,71.85634578,9.94508859172,135.111811687,148.509483552,5150.00009909,0.00186264514923,67.0993249514,73.1245163479,1,67.0993249514,24.0157169173,45.3838802059,4.1985123711e-05,1.36424205266e-05,2.83427031844e-05,-1.36424205266e-05,521.345935766,0,0,0,0,512,-3.61159140994e-06,3.61159140994e-06,1.41097640991,0,0,0.15988625586,0.0999289155006,0.159975573421,0.0999868363142
1.08800005168,3030.73134273,120.30058133,-16.0387611389,-766.606079102,19.8519744873,2.44193744659,100.009101868,39.992225647,0.972226858139,0.000116415321827,0.000465661287308,0,0,97.6983329848,20.6631324844,92.4549777301,17.2861798405,112.363944936,119.932949019,5149.99963343,0.00186264514923,89.8471771507,101.70105088,1,67.0993249514,26.3240144704,46.895333071,-0.000115552831192,-0.000161890056916,4.63372257231e-05,-0.000303771230392,530.731309254,0,0,0,0,544,-3.65970095118e-06,3.65970095118e-06,1.41215825081,0,0,0.158473461866,0.0990459173918,0.159403145313,0.0996589362621
1.15200005472,3036.72836162,69.0118904458,-9.20083045959,-762.708679199,20.0253391266,2.48596525192,100.01599884,39.9863395691,0.972231924534,0.000116415321827,0.000465661287308,0,0,113.378560673,23.7966905132,110.889462289,22.1213320284,77.2952771513,93.5219431994,5150.00056475,0.00186264514923,124.915881315,128.112049424,1,67.0993249514,33.2600502588,51.1493853992,0.000334305985672,0.000378349795938,-4.40438102656e-05,8.73114913702e-05,536.72831865,0,0,0,0,576,-3.62072182725e-06,3.62072182725e-06,1.41028404236,0,0,0.155459806323,0.0971623808146,0.157570034266,0.0985842719674
1.21600005776,3039.47436623,18.388931494,-2.45165634155,-757.305969238,20.1184387207,2.50169897079,100.017715454,39.9850082397,0.972233176231,0.000116415321827,0.000465661287308,0,0,113.717077233,22.9053001964,112.923791894,22.2688722168,63.4089374216,81.9314955152,5150.00103042,0.00186264514923,138.802206493,139.702504384,1,67.0993249514,36.1981255992,53.2213925908,0.000741248021296,0.000709405867383,3.18421539136e-05,0.000221916707233,539.474234394,0,0,0,0,608,-3.60258195542e-06,3.60258195542e-06,1.41342496872,0,0,0.150876224041,0.0942976474762,0.154262930155,0.0966102480888
1.2800000608,3038.96702826,-32.7929810737,4.37203884125,-750.233520508,20.1392345428,2.48653912544,100.018119812,39.9848937988,0.972233474255,0.000116415321827,0.000465661287308,0,0,95.6972653881,18.2591118856,108.144405392,20.3111419181,61.1046561971,79.3127110228,5150.00056475,0.00186264514923,141.106502269,142.321310705,2,74.0071336622,38.1827740057,54.9736541871,0.000769469890582,0.000736690708436,3.27791821464e-05,-0.000271029421128,539.669120665,0,0,0,0,640,-3.49187712345e-06,3.49187712345e-06,1.41045379639,0,0,0.144769355655,0.0904808416963,0.149453133345,0.0937031432986
1.34400006384,3035.14651023,-85.2005396155,11.3591394424,-741.37310791,20.0915775299,2.43823218346,100.018348694,39.9849510193,0.972233593464,0.000116415321827,0.000465661287308,0,0,22.7283545178,2.59897343193,103.502022326,18.3512526286,61.1046561971,79.9327317509,5150.00056475,0.00186264514923,141.106502269,142.321310705,2,74.0071336622,39.1310932173,56.2537970836,0.000717234341363,0.00074396666605,-2.67323246872e-05,-0.000278305378743,539.669120665,0,0,0,0,672,-3.79022526431e-06,3.79022526431e-06,1.40620660782,0,0,0.137200951576,0.0857506021857,0.143178939819,0.0898774042726
1.40800006688,3027.92992443,-138.853079989,18.5122241974,-730.68145752,19.975358963,2.35544514656,100.018348694,39.9849891663,0.972233593464,0.000116415321827,0.000465661287308,0,0,3.58037457136,-1.14136021691,99.1750240371,16.7966712708,88.4538239916,101.14316683,5150.00009909,0.00186264514923,141.106502269,142.321310705,2,74.0071336622,27.7287599602,48.1934730487,0.000606558428484,0.000596628524363,9.92990412119e-06,-0.000596628524363,539.669120665,0,0,0,0,704,-3.61346087629e-06,3.61346087629e-06,1.41069722176,0,0,0.128247380257,0.0801546126604,0.135508567095,0.0851700007915
1.47200006992,3017.24183373,-193.61168961,25.8127727509,-718.140197754,19.788028717,2.23773860931,100.018623352,39.9850349426,0.972233831882,0.000116415321827,0.000465661287308,0,0,5.65506736819,-0.65214647122,95.0412032283,15.1336779979,108.557593194,110.580098408,5150.00103042,0.00186264514923,141.106502269,142.321310705,2,74.0071336622,27.4748890661,47.6634813822,0.000323222407173,0.000378349795938,-5.5127388765e-05,0.000552972778678,539.669120665,0,0,0,0,736,-3.44487534676e-06,3.44487534676e-06,1.40368413925,0,0,0.117999061942,0.0737494155765,0.126528277993,0.0796311199665
1.53600007296,3003.00982781,-249.574834015,33.2739143372,-703.700622559,19.5242061615,2.08563780785,100.018623352,39.9850692749,0.972233831882,0.000116415321827,0.000465661287308,0,0,6.70023358429,-0.303927529098,91.0869137596,13.6393194796,118.685253256,117.297240649,5150.00056475,0.00186264514923,141.106502269,142.321310705,2,74.0071336622,28.2577038888,47.7067223983,0.000321673424009,0.000341970007867,-2.0296583858e-05,0.000123691279441,539.669120665,0,0,0,0,768,-3.43990564033e-06,3.43990564033e-06,1.40745794773,0,0,0.106559500098,0.066599689424,0.116338208318,0.0733204185963
1.600000076,2985.14240421,-307.315320242,40.9720115662,-687.241577148,19.1732711792,1.90104782581,100.018623352,39.9850997925,0.972233831882,0.000116415321827,0.000465661287308,0,0,7.27937048364,0.00437696313609,87.304376672,12.418380014,124.297090224,123.24443378,5150.00056475,0.00186264514923,141.106502269,142.321310705,2,74.0071336622,29.1159321932,47.9034097225,0.000598813512664,0.000591171556152,7.64195651204e-06,-0.000125510268845,539.669120665,0,0,0,0,800,-3.48336129719e-06,3.48336129719e-06,1.40865373611,0,0,0.0940448045731,0.0587780065835,0.105050258338,0.0663052871823
1.66400007904,2963.50265853,-367.572676623,49.0056686401,-668.597229004,18.7166862488,1.68766546249,100.018531799,39.985118866,0.972233772278,0.000116415321827,0.000465661287308,0,0,7.6315391347,0.289072507857,83.6861719228,11.4617713304,127.709601657,128.736210172,5150.00056475,0.00186264514923,141.106502269,142.321310705,2,74.0071336622,29.9375533359,48.1171373394,0.000561531335319,0.000540239852853,2.1291482466e-05,-7.45785655454e-05,539.669120665,0,0,0,0,832,-3.60225271834e-06,3.60225271834e-06,1.40866708755,0,0,0.0805811807513,0.0503632426262,0.092786476016,0.0586597435176
1.72800008208,2937.88220733,-431.897526141,57.5816116333,-647.45880127,18.125295639,1.45142161846,100.018440247,39.9851379395,0.972233653069,0.000116415321827,0.000465661287308,0,0,7.86395247113,0.557499895878,80.2252090863,10.7274773454,129.961685161,133.914174512,5149.99963343,0.00186264514923,141.106502269,142.321310705,2,74.0071336622,30.6057700072,48.2733194076,0.000355857635026,0.000320142135024,3.57155000019e-05,-0.000785803422332,539.669120665,0,0,0,0,864,-3.50844038621e-06,3.50844038621e-06,1.41198194027,0,0,0.0663042664528,0.041440166533,0.0796767175198,0.0504629015923
1.79200008512,2907.9366941,-503.197079524,67.0874404907,-623.269714355,17.352437973,1.20162713528,100.018119812,39.9851493835,0.972233474255,0.000116415321827,0.000465661287308,0,0,8.08579288757,0.982027411541,76.9151009192,10.1793958519,132.111323182,142.103308463,5150.00009909,0.00186264514923,141.106502269,142.321310705,2,74.0071336622,26.5670969384,46.9799961138,0.00032597220756,0.000354702933691,-2.87307261315e-05,-0.000354702933691,539.669120665,0,0,0,0,896,-3.46165688825e-06,3.46165688825e-06,1.41420042515,0,0,0.0513581298292,0.0320988334715,0.0658578798175,0.0417984761298
1.85600008816,2873.04795347,-587.356567848,78.3077850342,-594.942260742,16.31980896,0.953240334988,100.018119812,39.9851646423,0.972233474255,0.000116415321827,0.000465661287308,0,0,16.6322363849,3.46953424946,73.7498996677,9.79497281347,133.343914058,148.13488815,5150.00056475,0.00186264514923,141.106502269,142.321310705,2,74.0071336622,23.8733700826,45.4036271549,0.000254392132359,0.000231921148952,2.24709834074e-05,0.000233740138356,539.669120665,0,0,0,0,928,-3.57049884769e-06,3.57049884769e-06,1.41636812687,0,0,0.0358937084675,0.0224335696548,0.0514720715582,0.0327538102865
1.9200000912,2832.04950392,-695.100869052,92.6725082397,-560.47467041,14.8879966736,0.731788635254,100.0311203,39.9745292664,0.972242891788,0.000116415321827,0.000465661287308,0,0,79.5752851257,16.9941282768,75.638091787,13.4468964562,130.048880237,134.069472551,5150.00103042,0.00186264514923,144.401521538,156.386740855,2,74.0071336622,24.6166000579,45.2225685876,0.000655304435715,0.000612999428995,4.230500672e-05,0.000318323145621,539.669120665,0,0,0,0,960,-3.50223081114e-06,3.50223081114e-06,1.41377604008,0,0,0.020067114383,0.0125419478863,0.0366649702191,0.0234188772738
1.98400009423,2783.49360451,-821.096589789,109.470558167,-519.868103027,12.8855295181,0.568452656269,100.127204895,39.8966712952,0.972312808037,0.000116415321827,0.000465661287308,0,0,109.794548184,23.0417268015,106.270254953,20.7652661132,87.6193953445,101.190264104,5149.99963343,0.00186264514923,186.830991879,189.265949302,2,74.0071336622,31.1198091367,49.5798340125,0.000534569014055,0.000518411980011,1.6157034044e-05,-0.000984073267318,539.669120665,0,0,0,0,992,-3.57252588401e-06,3.57252588401e-06,1.40916728973,0,0,0.00403901562095,0.00252438499592,0.021584181115,0.0138854011893
2.04800009727,2727.66710259,-885.13456285,118.008255005,-483.956817627,10.2755537033,0.479900658131,100.149040222,39.8790969849,0.972328662872,0.000116415321827,0.000465661287308,0,0,114.071342156,23.2605484765,112.749468501,22.2971020734,66.9119253871,84.8480485729,5150.00056475,0.00186264514923,207.538425457,205.608143006,2,74.0071336622,35.295390262,52.0392932231,0.000951629178236,0.000978616299108,-2.69871208713e-05,-0.0005129550118,539.669120665,0,0,0,0,1024,-3.60920307685e-06,3.60920307685e-06,1.41837155819,0,0,0,0,0.00953011587262,0.00620372686535
2.11200010031,2673.89882356,-782.897463068,104.377761841,-471.222991943,7.65946626663,0.427624225616,100.15397644,39.8753814697,0.972332239151,0.000116415321827,0.000465661287308,0,0,109.742454064,21.1527545888,109.954053466,21.0312321614,60.9388080193,79.0073900134,5150.00103042,0.00186264514923,213.511535549,211.448787013,3,72.4050842109,37.5583258574,53.933064919,0.000956101600669,0.000965883373283,-9.78177261413e-06,-3.45607986674e-05,539.669120665,0,0,0,0,1056,-3.49189417648e-06,3.49189417648e-06,1.41099071503,0,0,0,0,0.00421494385228,0.00275887688622
2.17600010335,2628.72362509,-631.003873423,84.1269454956,-469.322937012,5.52732419968,0.362463027239,100.153297424,39.8758773804,0.972331702709,0.000116415321827,0.000465661287308,0,0,51.5222094206,8.62373774562,104.868833752,18.8004179205,60.9388080193,78.9857003838,5150.00009909,0.00186264514923,213.511535549,211.470469367,3,72.4050842109,39.2410365748,55.3908794245,0.000948651560084,0.00101863406599,-6.99825059014e-05,-0.00101863406599,539.669120665,0,0,0,0,1088,-3.46157116837e-06,3.46157116837e-06,1.41195380688,0,0,0,0,0.00188063387759,0.00123394711409
2.24000010639,2593.34943257,-481.94656847,64.2542724609,-471.850494385,3.92921638489,0.288392812014,100.15297699,39.8761100769,0.972331464291,0.000116415321827,0.000465661287308,0,0,2.21957934025,-1.48600856675,100.47297483,17.1922426855,74.5577708585,94.1528851399,5150.00196174,0.00186264514923,213.511535549,211.470469367,3,72.4050842109,29.9479033856,49.5415661135,0.000815790726638,0.00088220986072,-6.64191340816e-05,0.000980435288511,539.669120665,0,0,0,0,1120,-3.47293757841e-06,3.47293757841e-06,1.4155356884,0,0,0,0,0.000842372479383,0.000553305668291
2.30400010943,2566.79928862,-356.211210601,47.4909286499,-475.595428467,2.77218842506,0.219104990363,100.152572632,39.8763237,0.972331225872,0.000116415321827,0.000465661287308,0,0,4.92411579012,-0.817963230207,96.2839175528,15.5626203772,101.474674011,107.381492853,5150.00056475,0.00186264514923,213.511535549,211.470469367,3,72.4050842109,27.3030400422,47.4952430523,0.000409985559391,0.00040017766878,9.80789061078e-06,6.54836185277e-05,539.669120665,0,0,0,0,1152,-3.45359467246e-06,3.45359467246e-06,1.41102004051,0,0,0,0,0.0003779696126,0.000248386175372
2.36800011247,2547.3900605,-257.853040239,34.37758255,-479.191802979,1.94769513607,0.161571875215,100.152572632,39.8765678406,0.972331225872,0.000232830643654,0.000465661287308,0,0,6.25784420874,-0.435939585343,92.2776584857,13.9950841596,114.398499136,114.750728244,5149.99963343,0.00186264514923,213.511535549,211.470469367,3,72.4050842109,27.9328451143,47.4010121252,0.000244571210506,0.000260115484707,-1.55442742011e-05,-0.000725776772015,539.669120665,0,0,0,0,1184,-3.53815016751e-06,3.53815016751e-06,1.41401696205,0,0,0,0,0.000169725244632,0.00011156067194
2.43200011551,2533.43768418,-184.200733202,24.5580825806,-482.170013428,1.365675807,0.116771258414,100.152305603,39.8767738342,0.972330987453,0.000232830643654,0.000465661287308,0,0,6.96986890953,-0.113374373451,88.445092877,12.6789485854,121.298020531,120.97301078,5150.00149608,0.00186264514923,213.511535549,211.470469367,3,72.4050842109,28.7936527457,47.5615306641,0.000381649115089,0.00040017766878,-1.85285536913e-05,0.000996806193143,539.669120665,0,0,0,0,1216,-3.40584665537e-06,3.40584665537e-06,1.41042912006,0,0,0,0,7.62407653383e-05,5.01180729771e-05
2.49600011855,2523.51397648,-130.499247462,17.3984718323,-484.4637146,0.956736505032,0.0832873210311,100.152076721,39.8769721985,0.97233080864,0.000232830643654,0.000465661287308,0,0,7.38812712314,0.181770031133,84.7789032315,11.6346947672,125.350939925,126.66634575,5150.00009909,0.00186264514923,213.511535549,211.470469367,3,72.4050842109,29.6385278489,47.7750036225,0.0005515114615,0.000531144905835,2.03665556642e-05,-0.000531144905835,539.669120665,0,0,0,0,1248,-3.54146027348e-06,3.54146027348e-06,1.41469419003,0,0,0,0,3.42527855537e-05,2.25175954256e-05
2.56000012159,2516.50251448,-91.9795711525,12.2629365921,-486.1612854,0.670010983944,0.0589177757502,100.151664734,39.8771629333,0.972330570221,0.000232830643654,0.000465661287308,0,0,7.65539424249,0.456031795714,81.2720357475,10.8280050073,127.94075883,131.956854602,5150.00103042,0.00186264514923,213.511535549,211.470469367,3,72.4050842109,30.4345121549,47.972669563,0.00036225840383,0.000409272615798,-4.7014211968e-05,0.000522049958818,539.669120665,0,0,0,0,1280,-3.57922954208e-06,3.57922954208e-06,1.40865159035,0,0,0,0,1.53898763529e-05,1.01174227893e-05
2.62400012463,2511.56860031,-64.630410634,8.61668109894,-487.388305664,0.469174385071,0.0414699092507,100.151481628,39.8773536682,0.972330391407,0.000232830643654,0.000465661287308,0,0,7.86560604926,0.79889197386,77.9177882147,10.2163019579,129.97770682,138.570627314,5150.00056475,0.00186264514923,213.511535549,211.470469367,3,72.4050842109,28.7570983346,47.4531370855,0.0004085076305,0.000454747350886,-4.6239720386e-05,1.09139364213e-05,539.669120665,0,0,0,0,1312,-3.58768397746e-06,3.58768397746e-06,1.41916286945,0,0,0,0,6.91493687555e-06,4.54597056887e-06
2.68800012767,2508.10501166,-45.3302054666,6.04353141785,-488.263153076,0.328553378582,0.0291051324457,100.151298523,39.8775482178,0.972330272198,0.000232830643654,0.000465661287308,0,0,8.34997992008,1.32501256943,74.7099638351,9.7760125167,132.067099912,147.375787492,5150.00103042,0.00186264514923,213.511535549,211.470469367,3,72.4050842109,23.8514421653,45.5568588222,0.000456138862792,0.000438376446255,1.77624165376e-05,0.000492946128361,539.669120665,0,0,0,0,1344,-3.42645034834e-06,3.42645034834e-06,1.41033923626,0,0,0,0,3.10704308504e-06,2.04261755243e-06
2.75200013071,2505.67728654,-31.759707781,4.23428010941,-488.881988525,0.230125397444,0.0203905664384,100.150947571,39.8777122498,0.972330033779,0.000232830643654,0.000465661287308,0,0,49.2132979481,11.779492726,71.6430543442,9.99654270595,132.067099912,146.503210999,5150.00056475,0.00186264514923,213.511535549,213.250503293,3,72.4050842109,24.1229681706,44.7319798695,0.00049640976052,0.000536601874046,-4.01921135262e-05,-7.09405867383e-05,539.669120665,0,0,0,0,1376,-3.56335408469e-06,3.56335408469e-06,1.41556942463,0,0,0,0,1.39607618621e-06,9.17803731681e-07
2.81600013375,2503.97669151,-22.2378657782,2.96480536461,-489.317596436,0.161243438721,0.0142695326358,100.321311951,39.7476654053,0.97245323658,0.000232830643654,0.000465661287308,0,0,102.353732257,21.6127130031,97.6997979488,18.6257960411,101.575598819,111.90330406,5150.00103042,0.00186264514923,244.003065745,247.850402957,3,72.4050842109,27.9071791738,47.3753134429,0.00083570499132,0.000814907252789,2.07977385314e-05,0.000116415321827,539.669120665,0,0,0,0,1408,-3.50858613274e-06,3.50858613274e-06,1.40931379795,0,0,0,0,6.27295662525e-07,4.12394939531e-07
2.88000013679,2502.78646126,-15.5679408635,2.07555508614,-489.623260498,0.113036565483,0.00997875630856,100.39995575,39.6880683899,0.972509860992,0.000232830643654,0.000465661287308,0,0,112.881088193,23.4649549056,110.885323766,22.083823456,72.321810876,89.5082848729,5150.00196174,0.00232830643654,273.256882792,270.245451247,3,72.4050842109,34.1756858688,50.9769415658,0.00123656478113,0.00121690391097,1.96608701541e-05,0.000645741238259,539.669120665,0,0,0,0,1440,-3.55866882273e-06,3.55866882273e-06,1.40721821785,0,0,0,0,2.8186155987e-07,1.85300606859e-07
2.94400013983,2501.95316039,-10.8970125439,1.4528157711,-489.837402344,0.0792896300554,0.00697650620714,100.418113708,39.6739883423,0.97252291441,0.000232830643654,0.000465661287308,0,0,111.618596854,22.1093101675,111.079519396,21.6328342839,61.6249672021,80.2115755505,5150.00103042,0.00232830643654,283.953704638,279.542116914,3,72.4050842109,36.8249493476,52.9847056896,0.000822304155323,0.000833097146824,-1.07929915005e-05,9.82254277915e-05,539.669120665,0,0,0,0,1472,-3.49125207322e-06,3.49125207322e-06,1.41388869286,0,0,0,0,1.26648302512e-07,8.32607582879e-08
3.00800014287,2501.3696868,-7.63005937188,1.01725780964,-489.986846924,0.0556630976498,0.00487542524934,100.418296814,39.6738433838,0.972523033619,0.000232830643654,0.000465661287308,0,0,81.134819893,15.0409009112,105.893854424,19.4807508716,60.6053508818,78.8462202763,5150.00103042,0.00232830643654,284.973270027,280.907435808,4,71.4617781341,38.7071049772,54.6348746866,0.000726848067845,0.000829459168017,-0.000102611100172,0.000101863406599,539.669120665,0,0,0,0,1504,-3.46773663296e-06,3.46773663296e-06,1.41064405441,0,0,0,0,5.69066287426e-08,3.74113824364e-08
3.07200014591,2500.96130185,-5.34237005922,0.712257564068,-490.09161377,0.0391012988985,0.00340963480994,100.41771698,39.6744041443,0.972522616386,0.000232830643654,0.000465661287308,0,0,10.760106672,0.428395163727,101.414536502,17.6676674574,60.8170303167,83.7283369037,5150.00149608,0.00232830643654,284.973270027,280.907435808,4,71.4617781341,36.1897546099,55.6369959668,0.000936973318377,0.000962245394476,-2.52720760985e-05,0.000434738467447,539.669120665,0,0,0,0,1536,-3.50977029484e-06,3.50977029484e-06,1.41083586216,0,0,0,0,2.55697436558e-08,1.68099827391e-08
3.13600014895,2500.67538582,-3.74109731638,0.498772025108,-490.164886475,0.0275078807026,0.00238207355142,100.416801453,39.6748847961,0.972521960735,0.000232830643654,0.000465661287308,0,0,4.02620684124,-1.01407578838,97.1842404877,16.1061055461,92.7739383769,103.598482383,5150.00103042,0.00232830643654,284.973270027,280.907435808,4,71.4617781341,27.4096473731,47.5359120173,0.000517809947698,0.000583895598538,-6.60856508405e-05,0.000347426976077,539.669120665,0,0,0,0,1568,-3.49876381733e-06,3.49876381733e-06,1.41630148888,0,0,0,0,1.14892051428e-08,7.55319540247e-09
3.20000015199,2500.4746858,-2.62300454779,0.349705249071,-490.215576172,0.0193732082844,0.00166556576733,100.416267395,39.6753616333,0.972521543503,0.000232830643654,0.000465661287308,0,0,5.76560485456,-0.573437502636,93.1402805716,14.4795990332,109.628701466,112.098394311,5150.00056475,0.00232830643654,284.973270027,280.907435808,4,71.4617781341,27.6368282357,47.2226383863,0.000508942374355,0.000451109372079,5.7833002276e-05,1.45519152284e-05,539.669120665,0,0,0,0,1600,-3.5537657368e-06,3.5537657368e-06,1.41254997253,0,0,0,0,5.1624220454e-09,3.39386319048e-09
3.26400015503,2500.33428892,-1.83941324394,0.245234966278,-490.251190186,0.0136680798605,0.00116412551142,100.415718079,39.6758155823,0.972521185875,0.000232830643654,0.000465661287308,0,0,6.66083291929,-0.233414104272,89.2718086949,13.0610221878,118.303461932,118.657444546,5150.00103042,0.00232830643654,284.973270027,280.907435808,4,71.4617781341,28.4689449472,47.3206127936,0.000541783659602,0.000592990545556,-5.12068859537e-05,0.00033833202906,539.669120665,0,0,0,0,1632,-3.49577157976e-06,3.49577157976e-06,1.4059895277,0,0,0,0,2.31962093977e-09,1.52495804873e-09
3.32800015807,2500.23580156,-1.29087993628,0.172103196383,-490.276062012,0.00965688936412,0.000815126812086,100.415122986,39.6762580872,0.972520709038,0.000232830643654,0.000465661287308,0,0,7.16792014157,0.072325888607,85.5710605483,11.9164284062,123.217134387,124.555168441,5150.00056475,0.00232830643654,284.973270027,280.907435808,4,71.4617781341,29.3310513371,47.5260676467,0.000601440827697,0.000552972778678,4.84680490187e-05,-8.73114913702e-05,539.669120665,0,0,0,0,1664,-3.45691432813e-06,3.45691432813e-06,1.41789889336,0,0,0,0,1.04227071418e-09,6.85206502649e-10
3.39200016111,2500.16665086,-0.907032131181,0.12092769146,-490.293304443,0.00684081856161,0.000569695781451,100.414634705,39.6766929626,0.972520411015,0.000232830643654,0.000465661287308,0,0,7.48228951643,0.35541838188,82.0310995272,11.0249822376,126.263374113,130.016022013,5150.00056475,0.00232830643654,284.973270027,280.907435808,4,71.4617781341,30.1497311739,47.7333487652,0.000339165293073,0.000394720700569,-5.55554074966e-05,7.09405867383e-05,539.669120665,0,0,0,0,1696,-3.47112086274e-06,3.47112086274e-06,1.41348457336,0,0,0,0,4.68321437186e-10,3.07882469519e-10
3.45600016415,2500.11798926,-0.636977858903,0.0849234089255,-490.305450439,0.00485524255782,0.000400050310418,100.41431427,39.677116394,0.972520172596,0.000232830643654,0.000465661287308,0,0,7.69813410984,0.638551605158,78.6450110015,10.3431394579,128.354906337,135.477661388,5150.00009909,0.00232830643654,284.973270027,280.907435808,4,71.4617781341,30.347289794,47.7493776998,0.000488222948181,0.000474756234325,1.34667138552e-05,-0.000474756234325,539.669120665,0,0,0,0,1728,-3.46182855537e-06,3.46182855537e-06,1.41126549244,0,0,0,0,2.10429951242e-10,1.38340214284e-10
3.52000016719,2500.08376315,-0.449234391908,0.0598930045962,-490.313690186,0.00345474760979,0.000282089196844,100.413764954,39.6775131226,0.972519755363,0.000232830643654,0.000465661287308,0,0,7.92080406215,1.09602873666,75.4064956259,9.84032352137,130.512577016,144.302393892,5150.00009909,0.00232830643654,284.973270027,280.907435808,4,71.4617781341,25.487082894,46.1360577901,0.000273603514844,0.000243744580075,2.98589347691e-05,-0.000243744580075,539.669120665,0,0,0,0,1760,-3.43967144545e-06,3.43967144545e-06,1.4106439352,0,0,0,0,9.45520883811e-11,6.21601242701e-11
3.58400017023,2500.05954877,-0.317478111356,0.0423269420862,-490.319396973,0.00247550546192,0.000195732951397,100.413047791,39.6778945923,0.972519218922,0.000232830643654,0.000465661287308,0,0,25.1476620161,5.8324223211,72.3097814421,9.49340173049,131.254812004,148.42566452,5150.00056475,0.00232830643654,284.973270027,280.907435808,4,71.4617781341,24.0096360358,44.8120954388,0.000310856604346,0.000405634636991,-9.47780326443e-05,6.0026650317e-05,539.669120665,0,0,0,0,1792,-3.43844976669e-06,3.43844976669e-06,1.41438663006,0,0,0,0,4.24849044833e-11,2.79302813516e-11
3.64800017327,2500.04255213,-0.224582890951,0.0299419276416,-490.323455811,0.00178158306517,0.000134836518555,100.51374054,39.6086425781,0.972591459751,0.000232830643654,0.000465661287308,0,0,89.0510459426,19.0021745959,83.9150505758,15.4386606159,118.877636851,125.573671539,5150.00009909,0.00232830643654,297.350459732,303.759385133,4,71.4617781341,25.4400874837,45.4469991382,0.000410423292574,0.000465661287308,-5.52379947338e-05,-0.000465661287308,539.669120665,0,0,0,0,1824,-3.48577123077e-06,3.48577123077e-06,1.41932117939,0,0,0,0,1.90896569385e-11,1.25498621911e-11
3.71200017631,2500.03067777,-0.157964223035,0.0210601687431,-490.326507568,0.00128376344219,9.53812341322e-05,100.680900574,39.4936103821,0.972710847855,0.000232830643654,0.000465661287308,0,0,110.192688779,23.2665438417,107.311587999,21.3466737068,80.4635492386,96.2088888627,5150.00056475,0.00232830643654,335.764576448,333.124160534,4,71.4617781341,32.5847322529,49.9137750012,0.000618470205604,0.000651198206469,-3.2728000865e-05,-0.000185536919162,539.669120665,0,0,0,0,1856,-3.47200921169e-06,3.47200921169e-06,1.41863417625,0,0,0,0,8.57751977085e-12,5.63900445436e-12
3.77600017935,2500.02206303,-0.110516346297,0.0147343035787,-490.328582764,0.000928909867071,6.89588778187e-05,100.71849823,39.4678192139,0.972737550735,0.000232830643654,0.000465661287308,0,0,112.117409776,22.8027783522,111.115257193,22.0306837176,63.9762220089,82.6866016723,5150.00056475,0.00232830643654,352.251867298,346.646411344,4,71.4617781341,35.9564292012,52.0753710589,0.000578225065051,0.000585714587942,-7.48952289076e-06,-0.000120053300634,539.669120665,0,0,0,0,1888,-3.46275987795e-06,3.46275987795e-06,1.40966403484,0,0,0,0,3.85412058171e-12,2.53376247934e-12
3.84000018239,2500.01600944,-0.0798038399807,0.01063963864,-490.329711914,0.000675580755342,5.06450960529e-05,100.723884583,39.4639205933,0.972741425037,0.000232830643654,0.000465661287308,0,0,102.309673464,19.7087798454,107.102413112,20.3274451363,60.2966065344,78.7728931755,5150.00103042,0.00232830643654,355.931551894,350.560061634,5,70.9581727278,38.0761848646,53.8990498171,0.00112503699412,0.00107138475869,5.36522354322e-05,-0.000140062184073,539.669120665,0,0,0,0,1920,-3.39630196322e-06,3.39630196322e-06,1.41053593159,0,0,0,0,1.73176447141e-12,1.13849056051e-12
3.90400018543,2500.01181848,-0.0546929257439,0.00729179149494,-490.33102417,0.000497969100252,3.77048672817e-05,100.722618103,39.4648551941,0.972740471363,0.000232830643654,0.000465661287308,0,0,34.4246693339,5.00778583645,102.411459164,18.2445135192,60.2966065344,78.7728931755,5150.00103042,0.00232830643654,355.931551894,350.560061634,5,70.9581727278,39.670845581,55.2588680875,0.00134116633077,0.00140425981954,-6.30934887669e-05,-0.000472937244922,539.669120665,0,0,0,0,1952,-3.46938622897e-06,3.46938622897e-06,1.41237699986,0,0,0,0,7.78130218679e-13,5.11555858437e-13
3.96800018847,2500.00902452,-0.0393717201064,0.00524913193658,-490.331695557,0.000379432254704,2.66282168013e-05,100.721946716,39.4654808044,0.972739994526,0.000232830643654,0.000465661287308,0,0,2.86548746822,-1.28558935773,98.1329365344,16.6843689606,81.5265666461,98.3609861578,5150.00103042,0.00232830643654,355.931551894,350.560061634,5,70.9581727278,28.3547087747,47.9788905068,0.00137112281251,0.00142426870298,-5.31458904662e-05,-0.000492946128361,539.669120665,0,0,0,0,1984,-3.48275807482e-06,3.48275807482e-06,1.41207885742,0,0,0,0,3.49635820513e-13,2.29856335788e-13
4.03200019151,2500.00669621,-0.0295793327609,0.00394358718768,-490.331848145,0.000277578510577,2.32462989516e-05,100.721122742,39.4660797119,0.972739458084,0.000232830643654,0.000465661287308,0,0,5.17688388593,-0.724653720655,94.0485655859,15.0398900861,103.923994175,109.1814338,5150.00103042,0.00232830643654,355.931551894,350.560061634,5,70.9581727278,27.4001940852,47.1580569865,0.00151863148445,0.00156433088705,-4.56994025955e-05,-0.000633008312434,539.669120665,0,0,0,0,2016,-3.43540000358e-06,3.43540000358e-06,1.41065216064,0,0,0,0,1.57101165844e-13,1.03280909216e-13
4.09600019455,2500.00506639,-0.0226609557785,0.00302121276036,-490.331970215,0.000194758424186,2.22936032515e-05,100.720542908,39.4666633606,0.972739040852,0.000232830643654,0.000465661287308,0,0,6.32238686085,-0.359671040798,90.1417409513,13.5245010937,115.023918625,116.221948701,5150.0024274,0.00232830643654,355.931551894,350.560061634,5,70.9581727278,28.1390184682,47.15162504,0.00178386287686,0.00182808435056,-4.42214737051e-05,0.000500222085975,539.669120665,0,0,0,0,2048,-3.5071172988e-06,3.5071172988e-06,1.41540062428,0,0,0,0,7.05899639956e-14,4.64070174975e-14
4.16000019759,2500.00390224,-0.0152146011345,0.00202844711021,-490.332427979,0.000142541000969,1.92183269974e-05,100.719764709,39.4672241211,0.972738444805,0.000232830643654,0.000465661287308,0,0,6.94738125409,-0.0422427309488,86.4042881313,12.2735756459,121.080112876,122.345139971,5150.00149608,0.00232830643654,355.931551894,350.560061634,5,70.9581727278,29.0084972221,47.3345680803,0.00181369146091,0.00182808435056,-1.43928896579e-05,-0.00043110048864,539.669120665,0,0,0,0,2080,-3.4483402942e-06,3.4483402942e-06,1.41414403915,0,0,0,0,3.17180465649e-14,2.08519724924e-14
4.22400020063,2500.00320375,-0.00985608217263,0.00131403643172,-490.332763672,0.00011820794316,1.39769708767e-05,100.719093323,39.4677619934,0.972737967968,0.000232830643654,0.000465661287308,0,0,7.32212820524,0.249776278775,82.8290361271,11.2888002823,124.711412354,127.978186356,5150.00149608,0.00279396772385,355.931551894,350.560061634,5,70.9581727278,29.8480590573,47.5474516861,0.00190749731288,0.00191357685253,-6.07953964948e-06,-0.000516592990607,539.669120665,0,0,0,0,2112,-3.50276263816e-06,3.50276263816e-06,1.41044092178,0,0,0,0,1.42518070641e-14,9.36937447792e-15
4.28800020367,2500.00250526,-0.00639363229027,0.000852414348628,-490.332885742,0.000101270743471,1.09773536678e-05,100.718360901,39.4682655334,0.972737491131,0.000232830643654,0.000465661287308,0,0,7.56552098916,0.521429448887,79.4090410092,10.5310128525,127.069884911,133.218374685,5150.00149608,0.00279396772385,355.931551894,350.560061634,5,70.9581727278,30.6355323119,47.7372559544,0.00187621211623,0.00196268956643,-8.64774502007e-05,-0.000565705704503,539.669120665,0,0,0,0,2144,-3.40198516824e-06,3.40198516824e-06,1.41123771667,0,0,0,0,6.4037350997e-15,4.20992188389e-15
4.35200020671,2500.0020396,-0.00420858947692,0.000561099208426,-490.332977295,8.91035742825e-05,9.36682590691e-06,100.717597961,39.4687690735,0.972736954689,0.000232830643654,0.000465661287308,0,0,7.77814861315,0.912362249521,76.1378935601,9.96071060174,129.130246933,140.759468195,5150.0024274,0.00279396772385,355.931551894,350.560061634,5,70.9581727278,27.6181781373,46.8195576104,0.00179426522251,0.00180079950951,-6.53428700037e-06,0.000527506927028,539.669120665,0,0,0,0,2176,-3.41793725056e-06,3.41793725056e-06,1.41292393208,0,0,0,0,2.87737748633e-15,1.89163590594e-15
4.41600020975,2500.0020396,-0.00274974887304,0.000366603082512,-490.3331604,8.14981540316e-05,8.19142769615e-06,100.716682434,39.4692344666,0.972736299038,0.000232830643654,0.000465661287308,0,0,11.1973691313,2.17653709518,73.0097558982,9.55556839408,130.734566483,148.506791447,5150.00149608,0.00279396772385,355.931551894,350.560061634,5,70.9581727278,23.6928135564,45.134442189,0.00186124364532,0.00191812432604,-5.68806807211e-05,-0.000521140464116,539.669120665,0,0,0,0,2208,-3.35502636517e-06,3.35502636517e-06,1.41651594639,0,0,0,0,1.29288642085e-15,8.4996511062e-16
4.48000021279,2500.00180677,-0.00179416137502,0.000239201879594,-490.3331604,7.66078810557e-05,7.4026229413e-06,100.716011047,39.469707489,0.972735822201,0.000232830643654,0.000465661287308,0,0,64.9435175335,14.7920932541,70.019112434,11.6068705225,130.734566483,140.312869917,5150.0024274,0.00279396772385,355.931551894,358.768447768,5,70.9581727278,24.3235808739,44.5328332717,0.00208778859478,0.00208183337236,5.9552224263e-06,0.00024647306418,539.669120665,0,0,0,0,2240,-3.3780834201e-06,3.3780834201e-06,1.41325259209,0,0,0,0,5.80930029457e-16,3.81913179873e-16
4.54400021583,2500.00180677,-0.00117264664645,0.000156340058311,-490.333251953,7.33308697818e-05,6.91140348863e-06,100.912788391,39.3569984436,0.972875237465,0.000232830643654,0.000465661287308,0,0,105.172974931,22.4093421226,101.1927263,19.820468702,92.2010804061,105.451101263,5150.00196174,0.00279396772385,394.464994315,393.630150938,5,70.9581727278,29.7422848234,48.2470204588,0.00195274994785,0.00195905158762,-6.30163976556e-06,-9.64064383879e-05,539.669120665,0,0,0,0,2272,-3.32786112267e-06,3.32786112267e-06,1.41484761238,0,0,0,0,2.61028131652e-16,1.71604322312e-16
4.60800021887,2500.00180677,-0.000766251284645,0.000102158453956,-490.333312988,7.11915417924e-05,6.58930230202e-06,100.969230652,39.3248939514,0.972915053368,0.000232830643654,0.000465661287308,0,0,111.799344114,23.262401656,110.219651442,22.1242088515,68.213463237,86.551415734,5150.00149608,0.00279396772385,418.452662416,412.529858295,5,70.9581727278,34.9174479197,51.1771722813,0.00175300217398,0.00168074620888,7.22559651001e-05,-0.000283762346953,539.669120665,0,0,0,0,2304,-3.50898517354e-06,3.50898517354e-06,1.41360378265,0,0,0,0,1.17287249308e-16,7.71066334159e-17
4.67200022191,2500.00180677,-0.000500216201793,6.66900232318e-05,-490.333343506,6.98606745573e-05,6.36227423456e-06,100.98273468,39.3173522949,0.972924530506,0.000232830643654,0.000465661287308,0,0,109.155853173,21.5268514622,108.847046083,21.1918068671,60.2714208071,79.1913844296,5150.00149608,0.00279396772385,426.394719398,419.889867771,5,70.9581727278,37.3457260139,53.1347432116,0.00132821841026,0.00132604327518,2.17513507206e-06,7.09405867383e-05,539.669120665,0,0,0,0,2336,-3.42514704244e-06,3.42514704244e-06,1.4180239439,0,0,0,0,5.27004510668e-17,3.46461787154e-17
4.73600022495,2500.00180677,-0.00032768288083,4.36874652223e-05,-490.333374023,6.8922599894e-05,6.23278219791e-06,100.981147766,39.318447113,0.972923398018,0.000232830643654,0.000465661287308,0,0,64.3566016752,11.5467264249,103.588682272,18.9392873531,60.0554049015,78.7259850767,5150.00149608,0.00279396772385,426.610698923,420.35523802,6,70.6791761331,39.1215689888,54.6865812794,0.00106590557214,0.00106228981167,3.61576046881e-06,0.000334694050252,539.669120665,0,0,0,0,2368,-3.48823277818e-06,3.48823277818e-06,1.40975666046,0,0,0,0,2.36797854223e-17,1.55674961149e-17
4.80000022799,2500.00180677,-0.000214177273139,2.85546266241e-05,-490.333374023,6.83232501615e-05,6.14315786152e-06,100.980552673,39.3190383911,0.972922980785,0.000232830643654,0.000465661287308,0,0,4.08737824491,-1.0359176007,99.2402222606,17.2461149059,66.1550511722,89.4161639735,5150.00009909,0.00279396772385,426.610698923,420.35523802,6,70.6791761331,32.5215260091,51.9194363733,0.000249584339307,0.000138243194669,0.000111341144637,-0.000138243194669,539.669120665,0,0,0,0,2400,-3.42900261785e-06,3.42900261785e-06,1.41071987152,0,0,0,0,1.06399936136e-17,6.99491222935e-18
4.86400023103,2500.00180677,-0.000139621911255,1.86147262866e-05,-490.333374023,6.79423101246e-05,6.08141681369e-06,100.979789734,39.3195648193,0.972922444344,0.000232830643654,0.000465661287308,0,0,4.4352540936,-0.900244193082,95.1074782003,15.6454512739,96.7376035987,105.794293631,5150.00056475,0.00279396772385,426.610698923,420.35523802,6,70.6791761331,27.3189689324,47.2173196613,0.00050293545717,0.000531144905835,-2.82094486659e-05,-6.54836185277e-05,539.669120665,0,0,0,0,2432,-9.01990460989e-06,9.01990460989e-06,1.41298794746,0,0,0,0,4.78084668739e-18,3.14301087656e-18
4.92800023407,2500.00180677,-9.11471592646e-05,1.21519569802e-05,-490.333404541,6.76900453982e-05,6.04235947321e-06,100.979286194,39.3200836182,0.97292214632,0.000232830643654,0.000465661287308,0,0,5.92418858262,-0.493907753628,91.1555253492,14.0506557383,111.165376438,113.632522698,5149.99963343,0.00279396772385,426.610698923,420.35523802,6,70.6791761331,27.8164225165,47.0430204587,0.000315522705185,0.000394720700569,-7.9197995384e-05,-0.000860381987877,539.669120665,0,0,0,0,2464,-1.0659839063e-05,1.0659839063e-05,1.41331028938,0,0,0,0,2.14816799167e-18,1.41224297827e-18
4.99200023711,2500.00180677,-5.95283058957e-05,7.93645631347e-06,-490.333404541,6.75246410538e-05,6.01707006354e-06,100.978294373,39.3205451965,0.972921431065,0.000232830643654,0.000465661287308,0,0,6.70670597843,-0.162250787645,87.3747828426,12.6919345758,118.74797201,120.030184917,5150.00009909,0.00279396772385,426.610698923,420.35523802,6,70.6791761331,28.6736540147,47.1808634757,0.000129218399869,7.45785655454e-05,5.46398343237e-05,-7.45785655454e-05,539.669120665,0,0,0,0,2496,-1.08146896309e-05,1.08146896309e-05,1.41026115417,0,0,0,0,9.65231990307e-19,6.34560439982e-19
5.05600024015,2503.45468521,195.216911379,-26.0267848969,-518.053222656,0.189620912075,-0.00358664267696,100.97769928,39.321018219,0.972921013832,0.000232830643654,0.000465661287308,1,539.669301361,7.15938581058,0.139164371086,83.7580357326,11.6068577041,123.134435853,125.844482682,5150.00009909,0.00279396772385,426.610698923,420.35523802,6,70.6791761331,29.5311510854,47.3920445074,6.05799715947e-05,4.91127138957e-05,1.1467257699e-05,-4.91127138957e-05,543.122179408,2509,5.01800023834,539.669231183,539.669243153,2528,-1.1496775187e-05,1.1496775187e-05,1.41661834717,0,0,0.0097556328401,0.00609727064148,0.00873123202473,0.00546314613894
5.12000024319,2524.85997044,444.598204922,-59.2748947144,-561.797058105,1.30016052723,-0.00505598308519,100.976615906,39.3214607239,0.972920238972,0.000232830643654,0.000465661287308,1,539.669301361,7.44506111839,0.418801823982,80.2983034658,10.7659408912,125.902632135,131.238688482,5150.00056475,0.00279396772385,426.610698923,420.35523802,6,70.6791761331,30.3411779896,47.5939705211,0.000185770496208,0.000223735696636,-3.79652004279e-05,0.000241925590672,564.527406937,2509,5.01800023834,539.669231183,539.669243153,2560,-1.1620287296e-05,1.1620287296e-05,1.41351521015,0,0,0.025382174179,0.0158638581634,0.0243128109723,0.0152146434411
5.18400024623,2558.51168185,588.457158301,-78.4545135498,-597.477172852,2.79799246788,0.072653606534,100.975891113,39.3218994141,0.97291970253,0.000232830643654,0.000465661287308,1,539.669301361,7.65413116883,0.730508540903,76.9890010289,10.1254512989,127.928520669,137.251510751,5150.00056475,0.00279396772385,426.610698923,420.35523802,6,70.6791761331,29.6489197353,47.3635191156,0.000614966730317,0.000636646291241,-2.16795609242e-05,-0.000170985003933,598.179030362,2509,5.01800023834,539.669231183,539.669243153,2592,-1.17737863548e-05,1.17737863548e-05,1.38918578625,0,0,0.0407456383109,0.0254660267383,0.0396446175873,0.0248092766851
5.24800024927,2598.99930097,665.892846882,-88.778427124,-627.653503418,4.47115659714,0.207742080092,100.97530365,39.3223190308,0.972919285297,0.000232830643654,0.000465661287308,1,539.669301361,7.87690733104,1.19806107687,73.8239242994,9.65921642937,130.087224534,146.270598634,5150.00056475,0.00279396772385,426.610698923,420.35523802,6,70.6791761331,24.5333721978,45.5362387584,0.000827966126216,0.000846739567351,-1.8773441135e-05,-0.000381078280043,638.666769191,2509,5.01800023834,539.669231183,539.669243153,2624,-1.17451299957e-05,1.17451299957e-05,1.41145598888,0,0,0.0556963644922,0.0348102301359,0.0545784011483,0.0341539084911
5.31200025231,2642.98939146,702.210469171,-93.6203765869,-654.065246582,6.22322702408,0.375750392675,100.974708557,39.3227310181,0.972918868065,0.000232830643654,0.000465661287308,1,539.669301361,36.6517369292,8.9657693035,70.7975943117,9.34327679621,130.376516609,148.568346049,5150.00056475,0.00279396772385,426.610698923,420.35523802,6,70.6791761331,24.0868557739,44.5054902229,0.000751927839437,0.000735781213734,1.61466257032e-05,-0.000270119926427,682.656851041,2509,5.01800023834,539.669231183,539.669243153,2656,-1.20748827612e-05,1.20748827612e-05,1.41018414497,0,0,0.0700890570879,0.0438056625426,0.0689703673124,0.0431582592428
5.37600025535,2688.3429382,710.991502274,-94.7910842896,-677.474304199,7.98917102814,0.562010228634,101.059883118,39.2941474915,0.972978830338,0.000232830643654,0.000465661287308,1,539.669301361,95.9266128295,20.5503870226,90.9347772466,17.2561096229,107.966727228,117.644187412,5150.00103042,0.00279396772385,449.020502856,451.279309345,6,70.6791761331,26.6590468527,46.1795571027,0.000556227772175,0.000562067725696,-5.83995352077e-06,0.00036925484892,728.010521357,2509,5.01800023834,539.669231183,539.669243153,2688,-1.21466146084e-05,1.21466146084e-05,1.41184425354,0,0,0.0837839692831,0.0523649863899,0.0826819762588,0.0517353750765
5.44000025839,2733.56796242,699.778320268,-93.2961196899,-698.154602051,9.71920871735,0.757710337639,101.123435974,39.2728691101,0.973023414612,0.000232830643654,0.000465661287308,1,539.669301361,110.384320722,23.3641250948,108.045908537,21.7565157021,74.8523452785,92.1476748772,5150.00056475,0.00279396772385,482.134899357,476.775865536,6,70.6791761331,33.5936820193,50.2711045556,0.000690435084105,0.000763975549489,-7.3540465384e-05,-0.000298314262182,773.235681891,2509,5.01800023834,539.669231183,539.669243153,2720,-1.19044752864e-05,1.19044752864e-05,1.41132259369,0,0,0.0966471880674,0.0604044944048,0.095580033958,0.0598017089069
5.50400026143,2777.5450144,673.070375342,-89.7353515625,-716.157226562,11.3729972839,0.957201242447,101.137565613,39.267906189,0.973033308983,0.000232830643654,0.000465661287308,1,539.669301361,110.454463199,22.3610971952,109.724918445,21.7573031202,61.8758131168,81.0655255918,5150.00103042,0.00279396772385,495.111511555,487.85796389,6,70.6791761331,36.5095911548,52.3352682649,0.00112544355779,0.0012332748156,-0.000107831257812,-0.000301952240989,817.212572656,2509,5.01800023834,539.669231183,539.669243153,2752,-1.19257319966e-05,1.19257319966e-05,1.41263747215,0,0,0.108555272222,0.0678470507264,0.107541210949,0.0672800168395
5.56800026447,2819.3925973,634.041149169,-84.5318832397,-731.472961426,12.9172439575,1.1565374136,101.138557434,39.2678260803,0.973033964634,0.000232830643654,0.000465661287308,1,539.669301361,91.05351258,17.4106212088,104.987239469,19.7540563895,59.8753867962,78.6907985457,5150.00009909,0.00279396772385,497.111992445,490.232778247,7,70.5011480022,38.4980048693,54.0727014595,0.00119111813468,0.00121690391097,-2.5785776292e-05,-0.00121690391097,859.060139874,2509,5.01800023834,539.669231183,539.669243153,2784,-1.16812261695e-05,1.16812261695e-05,1.40977454185,0,0,0.11939445138,0.0746215358377,0.118451505899,0.0740989297628
5.63200026751,2858.40383731,585.144851357,-78.0129089355,-744.082458496,14.3251771927,1.35256969929,101.137748718,39.26820755,0.973033428192,0.000232830643654,0.000465661287308,1,539.669301361,19.8401376751,2.11732691209,100.504552129,17.8178519058,59.8753867962,79.9924164312,5150.00056475,0.00279396772385,497.111992445,490.232778247,7,70.5011480022,38.8650514651,55.3374702577,0.00129242021252,0.00122417986859,6.82403439312e-05,-0.000758518581279,898.071309621,2509,5.01800023834,539.669231183,539.669243153,2816,-1.16843111755e-05,1.16843111755e-05,1.4167290926,0,0,0.129061579704,0.0806634873152,0.128207027912,0.0801935270429
5.69600027055,2894.02157068,528.60705182,-70.4751586914,-754.009216309,15.5769395828,1.54242563248,101.136924744,39.2685050964,0.973032832146,0.000232830643654,0.000465661287308,1,539.669301361,3.46879055132,-1.12385378247,96.3141324356,16.2678796911,87.3725730344,101.480865851,5150.00103042,0.00279396772385,497.111992445,490.232778247,7,70.5011480022,27.6739028777,47.4625849165,0.00116555280705,0.00110958353616,5.59692708846e-05,-0.000178260961547,933.689314365,2509,5.01800023834,539.669231183,539.669243153,2848,-1.16380824693e-05,1.16380824693e-05,1.4042314291,0,0,0.137464955449,0.0859156027436,0.136714920402,0.0855058804154
5.76000027359,2925.83648115,466.817698907,-62.2372512817,-761.37121582,16.6604480743,1.72316980362,101.136528015,39.2688102722,0.973032593727,0.000232830643654,0.000465661287308,1,539.669301361,5.43304749365,-0.638767973476,92.3101440627,14.6268984181,106.406223495,110.838169348,5150.00196174,0.00279396772385,497.111992445,490.232778247,7,70.5011480022,27.5295751635,46.9997394248,0.00157988448712,0.0015388650354,4.10194517242e-05,0.000323780113831,965.504275825,2509,5.01800023834,539.669231183,539.669243153,2880,-1.19045198517e-05,1.19045198517e-05,1.40984988213,0,0,0.144525468349,0.0903284177184,0.143894299865,0.0899856388569
5.82400027663,2953.58034782,401.881872676,-53.5798530579,-766.317565918,17.5718078613,1.8915926218,101.135749817,39.2690849304,0.973032057285,0.000232830643654,0.000465661287308,1,539.669301361,6.42804052343,-0.287597930015,88.4799736702,13.1646152869,116.047704068,117.612238682,5150.00149608,0.00279396772385,497.111992445,490.232778247,7,70.5011480022,28.3330609818,47.0583581773,0.00145927696316,0.00147701939568,-1.77424325232e-05,-8.0035533756e-05,993.248133625,2509,5.01800023834,539.669231183,539.669243153,2912,-1.18029829537e-05,1.18029829537e-05,1.41652238369,0,0,0.150177180767,0.0938607379794,0.149677231908,0.0935906022787
5.88800027966,2977.12557949,335.966178682,-44.7918128967,-769.074523926,18.3152523041,2.04420232773,101.135215759,39.2693557739,0.973031640053,0.000232830643654,0.000465661287308,1,539.669301361,6.98252894543,0.0242057406268,84.8156738283,11.974015226,121.420693176,123.626930872,5150.00149608,0.00279396772385,497.111992445,490.232778247,7,70.5011480022,29.2025652016,47.2561732749,0.00153381289614,0.00160980562214,-7.59927260008e-05,-0.000212821760215,1016.79337291,2509,5.01800023834,539.669231183,539.669243153,2944,-1.17834861157e-05,1.17834861157e-05,1.40671348572,0,0,0.154367923737,0.0964799523354,0.154009029269,0.0962869822979
5.9520002827,2996.46379426,270.645425189,-36.0830955505,-769.847961426,18.9017543793,2.17732000351,101.134712219,39.2696228027,0.973031282425,0.000232830643654,0.000465661287308,1,539.669301361,7.32143005833,0.312163945923,81.3104178047,11.0427403483,124.704645714,129.181644297,5150.00103042,0.00279396772385,497.111992445,490.232778247,7,70.5011480022,30.0331703329,47.4665794172,0.00151148053795,0.00143336364999,7.81168879582e-05,-0.000502041075379,1036.13155699,2509,5.01800023834,539.669231183,539.669243153,2976,-1.1675553651e-05,1.1675553651e-05,1.40948426723,0,0,0.15705986321,0.0981624126434,0.15684916079,0.0980498418212
6.01600028574,3011.67881116,207.120581763,-27.6138114929,-768.839050293,19.346912384,2.2873108387,101.134208679,39.2698783875,0.973030924797,0.000232830643654,0.000465661287308,1,539.669301361,7.54651033425,0.585177243564,77.9574301409,10.3284980582,126.885672216,134.44806973,5150.00196174,0.00279396772385,497.111992445,490.232778247,7,70.5011480022,30.6600777549,47.6055793115,0.00164260409441,0.0016916601453,-4.90560508881e-05,0.000170985003933,1051.34656644,2509,5.01800023834,539.669231183,539.669243153,3008,-1.17965510071e-05,1.17965510071e-05,1.41286253929,0,0,0.158229663968,0.098893545568,0.158171311021,0.0988632291555
6.08000028878,3022.93407731,147.962447954,-19.7267074585,-766.47076416,19.6687374115,2.37108755112,101.133399963,39.270111084,0.973030388355,0.000232830643654,0.000465661287308,1,539.669301361,7.76446493364,1.02016179826,74.7503821923,9.79636819169,128.997649881,142.838922329,5150.00103042,0.00279396772385,497.111992445,490.232778247,7,70.5011480022,26.4337377303,46.2853640784,0.00161738693272,0.00159707269631,2.03142364041e-05,-0.000665750121698,1062.60167428,2509,5.01800023834,539.669231183,539.669243153,3040,-1.17607696666e-05,1.17607696666e-05,1.4102370739,0,0,0.157868698239,0.0986679345369,0.158174753189,0.0988661572337
6.14400029182,3030.69571964,96.9581888057,-12.926697731,-763.4765625,19.8891639709,2.42934751511,101.132850647,39.2703514099,0.973029971123,0.000232830643654,0.000465661287308,1,539.669301361,17.3252724053,3.8380432007,71.6836704716,9.42387728513,130.12601994,148.599763634,5150.00149608,0.00279396772385,497.111992445,490.232778247,7,70.5011480022,23.9523087657,44.7865349997,0.00145642502225,0.00142881617649,2.76088457651e-05,-3.18323145621e-05,1070.36347875,2509,5.01800023834,539.669231183,539.669243153,3072,-1.17699373732e-05,1.17699373732e-05,1.41417443752,0,0,0.15598320961,0.0974895209074,0.157248616219,0.0983308702707
6.20800029486,3035.29854864,48.5127529828,-6.46783638,-759.274597168,20.0258274078,2.46197676659,101.143684387,39.2717247009,0.973037600517,0.000232830643654,0.000465661287308,1,539.669301361,79.3784745351,17.2774687983,75.1335142312,13.6753832313,125.60999312,132.292247145,5150.00149608,0.00279396772385,501.628033817,506.540294737,7,70.5011480022,24.787728762,44.7371457994,0.00177509167087,0.00183445081348,-5.93591426012e-05,-0.000437466951553,1074.96627279,2509,5.01800023834,539.669231183,539.669243153,3104,-1.17345198305e-05,1.17345198305e-05,1.41575741768,0,0,0.152594044805,0.0953712761402,0.155025079846,0.0970174521208
6.2720002979,3036.81357764,0.247831849265,-0.0330415330827,-753.582702637,20.0891666412,2.46679878235,101.201026917,39.2778511047,0.973077714443,0.000232830643654,0.000465661287308,1,539.669301361,107.21241726,22.928377042,103.883103415,20.7208300922,84.632942162,99.9658368528,5150.00149608,0.00279396772385,542.604888324,538.866734132,7,70.5011480022,31.5091929224,49.1115388286,0.00164719397844,0.00160798663273,3.92073457034e-05,-0.000211002770811,1076.48142335,2509,5.01800023834,539.669231183,539.669243153,3136,-1.16906257972e-05,1.16906257972e-05,1.41072535515,0,0,0.147736757994,0.0923354774714,0.151387602091,0.094834908843
6.33600030094,3035.2214817,-48.6563731101,6.48698377609,-746.282043457,20.0853843689,2.44148206711,101.214118958,39.2792320251,0.973086833954,0.000232830643654,0.000465661287308,1,539.669301361,110.972093584,22.9881585611,109.737531785,22.0610286159,65.1574955555,84.1706132633,5150.00149608,0.00279396772385,562.080356758,554.66190679,7,70.5011480022,35.5428674084,51.5054998687,0.00166490070341,0.00172258296516,-5.76822617449e-05,-0.000325599103235,1076.48142335,2509,5.01800023834,539.669231183,539.669243153,3168,-1.17778381536e-05,1.17778381536e-05,1.41002869606,0,0,0.141460373998,0.0884127318859,0.146338492632,0.0917721986771
6.40000030398,3030.46056069,-98.7377279671,13.1639499664,-737.270629883,20.0167503357,2.3842728138,101.216255188,39.2795677185,0.97308832407,0.000232830643654,0.000465661287308,1,539.669301361,106.172512554,20.7580438406,106.772488567,20.7004322995,59.7484759055,78.6679884186,5150.00149608,0.00279396772385,567.489420064,560.164568014,8,70.3775804141,37.793735828,53.3985730726,0.00194942333109,0.00198269844986,-3.32751187715e-05,-0.000585714587942,1076.48142335,2509,5.01800023834,539.669231183,539.669243153,3200,-1.16502078527e-05,1.16502078527e-05,1.4127355814,0,0,0.133827507496,0.0836421921849,0.139925062656,0.087851703167
6.46400030702,3022.46212959,-149.794344907,19.9709396362,-726.541687012,19.8825130463,2.29426717758,101.215568542,39.2797737122,0.973087847233,0.000232830643654,0.000465661287308,1,539.669301361,47.3255782796,7.89950623218,101.904881932,18.4788601504,59.7484759055,78.6679884186,5150.0024274,0.00279396772385,567.489420064,560.164568014,8,70.3775804141,39.4692942791,54.8468997295,0.00210588128879,0.00206819095183,3.76903369625e-05,0.000260115484707,1076.48142335,2509,5.01800023834,539.669231183,539.669243153,3232,-1.17875169963e-05,1.17875169963e-05,1.41165423393,0,0,0.124913692474,0.0780710577965,0.132217124104,0.083112642169
6.52800031006,3011.16518676,-201.799062779,26.9043331146,-714.069091797,19.6797218323,2.17139935493,101.215385437,39.2798881531,0.973087728024,0.000232830643654,0.000465661287308,1,539.669301361,2.15523674729,-1.46430970288,97.6441073418,16.8741001127,74.6442383388,94.9134700932,5150.00196174,0.00279396772385,567.489420064,560.164568014,8,70.3775804141,29.5990521408,48.7019788125,0.00186885489029,0.00195723259822,-8.83777079297e-05,-9.45874489844e-05,1076.48142335,2509,5.01800023834,539.669231183,539.669243153,3264,-1.16347500807e-05,1.16347500807e-05,1.41655111313,0,0,0.114806495607,0.0717540681362,0.123299062252,0.0776047110558
6.5920003131,2996.50733359,-254.862592556,33.9788894653,-699.807312012,19.402425766,2.01654553413,101.215202332,39.2799911499,0.973087608814,0.000232830643654,0.000465661287308,1,539.669301361,4.8079409391,-0.800584694,93.5822821895,15.2410882439,100.348937849,107.716725324,5150.0024274,0.00279396772385,567.489420064,560.164568014,8,70.3775804141,27.3387995549,47.0410122944,0.00210589194694,0.00221007212531,-0.000104180178373,0.00011823431123,1076.48142335,2509,5.01800023834,539.669231183,539.669243153,3296,-1.1819568499e-05,1.1819568499e-05,1.41383135319,0,0,0.103604994714,0.0647531151772,0.11326674372,0.0713853091002
6.65600031614,2978.39962877,-309.619674226,41.2792358398,-683.628173828,19.039068222,1.83195984364,101.214942932,39.2800865173,0.97308743,0.000232830643654,0.000465661287308,1,539.669301361,6.09209772225,-0.418945773865,89.6972708691,13.6875213738,112.792418804,115.078539238,5150.00196174,0.00279396772385,567.489420064,560.164568014,8,70.3775804141,27.9963460343,46.9697988592,0.00185566721711,0.00186992110685,-1.42538897352e-05,-7.27595761418e-06,1076.48142335,2509,5.01800023834,539.669231183,539.669243153,3328,-1.17257704915e-05,1.17257704915e-05,1.41132485867,0,0,0.0914181545377,0.05713634938,0.102225802839,0.0645183622837
6.72000031918,2956.71238564,-366.828375263,48.9064369202,-665.367004395,18.5710048676,1.62148761749,101.214668274,39.2801856995,0.973087251186,0.000232830643654,0.000465661287308,1,539.669301361,6.78117788195,-0.0948744244572,85.9805765892,12.38877126,119.469601486,121.329874673,5150.00196174,0.00279396772385,567.489420064,560.164568014,8,70.3775804141,28.8651408482,47.1361527161,0.0019122832623,0.00183354131877,7.87419435211e-05,2.91038304567e-05,1076.48142335,2509,5.01800023834,539.669231183,539.669243153,3360,-1.16493565656e-05,1.16493565656e-05,1.40701389313,0,0,0.0783643648028,0.0489777289331,0.0902902185917,0.0570731535554
6.78400032222,2931.24350719,-427.995692007,57.0614089966,-644.723815918,17.9694423676,1.39104628563,101.214118958,39.2802581787,0.973086833954,0.000232830643654,0.000465661287308,1,539.669301361,7.18795352448,0.201872656482,82.4250137013,11.3603189099,123.411256936,127.054125187,5150.0024274,0.00279396772385,567.489420064,560.164568014,8,70.3775804141,29.7147471429,47.3494146718,0.00202405874006,0.00204636307899,-2.23043389314e-05,0.00028194335755,1076.48142335,2509,5.01800023834,539.669231183,539.669243153,3392,-1.19641872516e-05,1.19641872516e-05,1.41852998734,0,0,0.0645699948072,0.0403562448919,0.0775809213519,0.0491235405207
6.84800032526,2901.65678598,-495.945103467,66.12059021,-621.157287598,17.1888465881,1.14972817898,101.21370697,39.2803344727,0.973086535931,0.000232830643654,0.000465661287308,1,539.669301361,7.44891168474,0.47758808311,79.0237920973,10.5666224653,125.939943246,132.37267558,5150.00103042,0.00279396772385,567.489420064,560.164568014,8,70.3775804141,30.5145131279,47.5451051898,0.00213132937688,0.00207910488825,5.22244886225e-05,-0.00114778231364,1076.48142335,2509,5.01800023834,539.669231183,539.669243153,3424,-1.16126439025e-05,1.16126439025e-05,1.41701960564,0,0,0.0501680634916,0.0313550382853,0.064224511385,0.0407471209764
6.9120003283,2867.35524423,-576.213758904,76.8221969604,-593.636535645,16.1539592743,0.91185760498,101.213356018,39.2804069519,0.973086297512,0.000232830643654,0.000465661287308,1,539.669301361,7.65742321765,0.830042430765,75.7704586106,9.96547905961,127.960418467,139.17151955,5150.00335872,0.00325962901115,567.489420064,560.164568014,8,70.3775804141,28.6183822027,46.9743135909,0.00222668421201,0.00231557351071,-8.88892986994e-05,0.00094405550044,1076.48142335,2509,5.01800023834,539.669231183,539.669243153,3456,-1.17453810162e-05,1.17453810162e-05,1.40672779083,0,0,0.0352971851826,0.0220607407391,0.0503517128527,0.0320244058967
6.97600033134,2827.23340206,-678.804353811,90.4998168945,-560.285888672,14.7333374023,0.701404929161,101.212944031,39.2804832458,0.973086059093,0.000232830643654,0.000465661287308,1,539.669301361,8.39265249064,1.42480156904,72.6592486079,9.53350512041,129.947482492,147.930040839,5150.00289306,0.00325962901115,567.489420064,560.164568014,8,70.3775804141,23.7960921368,45.1539235655,0.00270944915115,0.00275485945167,-4.54103005199e-05,3.91082721762e-05,1076.48142335,2509,5.01800023834,539.669231183,539.669243153,3488,-1.15816392281e-05,1.15816392281e-05,1.41436684132,0,0,0.0201000999659,0.0125625627115,0.0360959582031,0.0230379384011
7.04000033438,2779.91313487,-798.713241238,106.486358643,-521.096679688,12.7654523849,0.547507703304,101.212760925,39.2805709839,0.97308588028,0.000232830643654,0.000465661287308,1,539.669301361,50.8016668696,12.3109862488,69.684551277,10.0912462203,129.947482492,145.67017206,5150.0024274,0.00372529029846,567.489420064,563.106092159,8,70.3775804141,24.1831839958,44.3582612206,0.00270189785823,0.00270210875897,-2.10900741315e-07,-0.000373802322429,1076.48142335,2509,5.01800023834,539.669231183,539.669243153,3520,-1.16243463708e-05,1.16243463708e-05,1.40944445133,0,0,0.00472235586494,0.00295147276483,0.0215918198228,0.0138715058565
7.10400033742,2725.44682957,-868.352130055,115.770782471,-485.105621338,10.2057914734,0.465396076441,101.305076599,39.2512397766,0.973150312901,0.000232830643654,0.000465661287308,1,539.669301361,100.919906052,21.679513531,96.45583108,18.7623526618,98.3095596894,110.536930151,5150.00289306,0.00372529029846,599.127379246,598.239246756,8,70.3775804141,28.2534201688,47.1770035801,0.00302931248142,0.00300497049466,2.43419867596e-05,-0.000211002770811,1076.48142335,2509,5.01800023834,539.669231183,539.669243153,3552,-1.16657247418e-05,1.16657247418e-05,1.4129576683,0,0,0,0,0.00961609184742,0.00624950742349
7.16800034046,2672.50742763,-772.927945945,103.048599243,-471.869903564,7.61430597305,0.419000148773,101.343864441,39.2390060425,0.973177313805,0.000232830643654,0.000465661287308,1,539.669301361,110.512959212,23.3194381987,108.628275682,21.9837572577,70.5023485352,88.787295681,5150.00335872,0.00419095158577,626.934634056,619.98894671,8,70.3775804141,34.3836509273,50.6549658894,0.003158858633,0.0031795934774,-2.0734844397e-05,8.0035533756e-05,1076.48142335,2509,5.01800023834,539.669231183,539.669243153,3584,-1.16963929031e-05,1.16963929031e-05,1.41352939606,0,0,0,0,0.00425236718729,0.00277902698144
7.2320003435,2627.82792561,-624.994165264,83.3257141113,-469.684997559,5.49588680267,0.357672870159,101.353096008,39.2361106873,0.973183691502,0.000232830643654,0.000465661287308,1,539.669301361,109.041607954,21.8813965596,108.552170801,21.4293031708,60.4889573879,79.8428955022,5150.00289306,0.00419095158577,636.947981548,628.933310509,8,70.3775804141,37.0009693142,52.6630683453,0.00287422942391,0.00284671841655,2.75110073611e-05,-5.27506927028e-05,1076.48142335,2509,5.01800023834,539.669231183,539.669243153,3616,-1.16046303447e-05,1.16046303447e-05,1.41354990005,0,0,0,0,0.00189721421339,0.0012429181952
7.29600034654,2592.75734425,-478.193716845,63.7539291382,-472.060516357,3.90724754333,0.285610318184,101.353050232,39.2361831665,0.973183691502,0.000232830643654,0.000465661287308,1,539.669301361,76.882417572,14.383946039,103.441035874,19.2458054365,59.6520221734,78.6464079283,5150.00289306,0.00419095158577,637.785007711,630.129827186,9,70.2954348526,38.8702428609,54.30298188,0.00279515845192,0.00280306267086,-7.90421894603e-06,-9.09494701773e-06,1076.48142335,2509,5.01800023834,539.669231183,539.669243153,3648,-1.14615695566e-05,1.14615695566e-05,1.41448795795,0,0,0,0,0.000849775620736,0.000557319901418
7.36000034958,2566.39998406,-353.785260813,47.1674957275,-475.723083496,2.75686240196,0.217393741012,101.352561951,39.2363166809,0.973183333874,0.000232830643654,0.000465661287308,1,539.669301361,9.06662383553,0.12750709161,99.0786294049,17.4479246863,60.4066299275,84.5444883453,5150.00289306,0.00419095158577,637.785007711,630.129827186,9,70.2954348526,35.5991251126,54.8613425053,0.00254490707674,0.00260115484707,-5.62477703303e-05,0.000192812876776,1076.48142335,2509,5.01800023834,539.669231183,539.669243153,3680,-1.15732418635e-05,1.15732418635e-05,1.40308964252,0,0,0,0,0.000381286634365,0.000250186625635
7.42400035262,2547.11718298,-256.237603026,34.1622085571,-479.273406982,1.93700301647,0.160474330187,101.351829529,39.2364234924,0.973182797432,0.000232830643654,0.000465661287308,1,539.669301361,3.99109852081,-0.994307014599,94.9529244967,15.877314791,92.4337364268,103.979822597,5150.0024274,0.00419095158577,637.785007711,630.129827186,9,70.2954348526,27.3950536211,47.2044594062,0.00263716394555,0.00264481059276,-7.64664720432e-06,-0.000316504156217,1076.48142335,2509,5.01800023834,539.669231183,539.669243153,3712,-1.15692528198e-05,1.15692528198e-05,1.40967261791,0,0,0,0,0.000171213876456,0.000112368979899
7.48800035566,2533.24978985,-183.106050827,24.4121360779,-482.223815918,1.35821843147,0.116045817733,101.351417542,39.2365455627,0.973182559013,0.000232830643654,0.000465661287308,1,539.669301361,5.67312350748,-0.558444625992,91.0087066556,14.2568045589,108.732558147,112.38760635,5150.0024274,0.00419095158577,637.785007711,630.129827186,9,70.2954348526,27.6808823401,46.9241495011,0.00295162173869,0.00295949575957,-7.87402087976e-06,-0.00063118932303,1076.48142335,2509,5.01800023834,539.669231183,539.669243153,3744,-1.1571871255e-05,1.1571871255e-05,1.41134107113,0,0,0,0,7.69092803239e-05,5.04810996063e-05
7.5520003587,2523.38382415,-129.751220811,17.2987422943,-484.499633789,0.951541483402,0.0827953144908,101.351249695,39.2366638184,0.973182439804,0.000232830643654,0.000465661287308,1,539.669301361,6.54265015197,-0.218402772514,87.2353182683,12.8510379082,117.158269859,118.947013107,5150.0024274,0.00419095158577,637.785007711,630.129827186,9,70.2954348526,28.5219193756,47.0315935672,0.00264171141906,0.00272848410532,-8.67726862586e-05,-0.00040017766878,1076.48142335,2509,5.01800023834,539.669231183,539.669243153,3776,-1.16133533083e-05,1.16133533083e-05,1.41267609596,0,0,0,0,3.45530970662e-05,2.26806932915e-05
7.61600036174,2516.41194336,-91.4666816243,12.1945562363,-486.185272217,0.666381776333,0.0585815869272,101.350883484,39.2367782593,0.973182141781,0.000232830643654,0.000465661287308,1,539.669301361,7.03739963043,0.0879392147078,83.6255590367,11.7193999021,121.952391055,124.85634943,5150.00289306,0.00419095158577,637.785007711,630.129827186,9,70.2954348526,29.386856113,47.2385800094,0.00269085255467,0.00277759681921,-8.67442645491e-05,1.63709046319e-05,1076.48142335,2509,5.01800023834,539.669231183,539.669243153,3808,-1.13701680675e-05,1.13701680675e-05,1.40985310078,0,0,0,0,1.55247998919e-05,1.0190701687e-05
7.68000036478,2511.50550321,-64.2712766421,8.56879997253,-487.40524292,0.46663838625,0.0412374660373,101.350471497,39.2368812561,0.973181903362,0.000232830643654,0.000465661287308,1,539.669301361,7.34530164696,0.371643516439,80.1725216555,10.8390435112,124.935962958,130.329004605,5150.00289306,0.00419095158577,637.785007711,630.129827186,9,70.2954348526,30.2072257909,47.4448024761,0.00313042981814,0.00318505044561,-5.46206274654e-05,-0.000391082721762,1076.48142335,2509,5.01800023834,539.669231183,539.669243153,3840,-1.1659753909e-05,1.1659753909e-05,1.40841591358,0,0,0,0,6.97555651641e-06,4.57889655081e-06
7.74400036782,2508.0612395,-45.0811021437,6.01032018661,-488.274902344,0.326785564423,0.0289432164282,101.350196838,39.2369918823,0.973181664944,0.000232830643654,0.000465661287308,1,539.669301361,7.55867136678,0.659570061917,76.8694526405,10.1661708893,127.003513626,135.88310685,5150.00382438,0.00419095158577,637.785007711,630.129827186,9,70.2954348526,30.2855478367,47.4287444376,0.00340903362483,0.00347245077137,-6.34171465341e-05,0.000252839527093,1076.48142335,2509,5.01800023834,539.669231183,539.669243153,3872,-1.17157724162e-05,1.17157724162e-05,1.41276812553,0,0,0,0,3.13427995025e-06,2.057411848e-06
7.80800037086,2505.64655289,-31.5871620842,4.21127605438,-488.889923096,0.228895738721,0.0202773865312,101.349754333,39.2370758057,0.97318136692,0.000232830643654,0.000465661287308,1,539.669301361,7.78025083651,1.12153044111,73.7102211173,9.67091782944,129.150619614,144.794321386,5150.00382438,0.00419095158577,637.785007711,630.129827186,9,70.2954348526,25.3364614764,45.7906462543,0.00313929028606,0.00319869286614,-5.94025800771e-05,0.000526597432327,1076.48142335,2509,5.01800023834,539.669231183,539.669243153,3904,-1.13418273031e-05,1.13418273031e-05,1.41292965412,0,0,0,0,1.40831389217e-06,9.24451228457e-07
7.8720003739,2503.95550393,-22.1200480155,2.94909763336,-489.322937012,0.160381510854,0.0141918379813,101.349250793,39.2371711731,0.973181009293,0.000232830643654,0.000465661287308,1,539.669301361,26.5361640658,6.31911129287,70.6893847447,9.32996668253,129.812382511,148.618230014,5150.00289306,0.00419095158577,637.785007711,630.129827186,9,70.2954348526,24.0417466557,44.5281693828,0.00314375959987,0.00311592884827,2.78307515922e-05,-0.000321961124428,1076.48142335,2509,5.01800023834,539.669231183,539.669243153,3936,-1.15932734843e-05,1.15932734843e-05,1.40936541557,0,0,0,0,6.32794410649e-07,4.15381833818e-07
7.93600037694,2502.7715601,-15.4844874487,2.0644288063,-489.627075195,0.112435400486,0.00992495752871,101.433555603,39.1943130493,0.973239541054,0.000232830643654,0.000465661287308,1,539.669301361,89.092921939,19.2415387288,83.9797067626,15.7093987843,115.634102258,124.035243061,5150.00335872,0.00419095158577,651.963229757,654.712901451,9,70.2954348526,25.638306397,45.3250140708,0.00355119579576,0.00347790773958,7.32880561793e-05,-0.000218278728426,1076.48142335,2509,5.01800023834,539.669231183,539.669243153,3968,-1.14314352686e-05,1.14314352686e-05,1.41024339199,0,0,0,0,2.84332315914e-07,1.86642679978e-07
8.00000037998,2501.94268301,-10.8387539512,1.44504857063,-489.840026855,0.0788645148277,0.00693944329396,101.550285339,39.1351776123,0.973320305347,0.000232830643654,0.000465661287308,1,539.669301361,108.645254615,23.2159659591,105.89951651,21.3537366645,78.5332449595,95.3369089984,5150.00335872,0.00465661287308,689.064268954,683.411082719,9,70.2954348526,32.8140304191,49.7360997542,0.00360894870932,0.00365253072232,-4.35820129985e-05,-0.000392901711166,1076.48142335,2509,5.01800023834,539.669231183,539.669243153,4000,-1.16456631076e-05,1.16456631076e-05,1.40794599056,0,0,0,0,1.27758497115e-07,8.38637888023e-08
8.06400038302,2501.36246905,-7.58622627473,1.01141381264,-489.98916626,0.0553642772138,0.00484953587875,101.576286316,39.1218147278,0.973338246346,0.000232830643654,0.000465661287308,1,539.669301361,110.210700512,22.6412459262,109.270288837,21.8993643432,62.8966299701,82.2629881441,5150.00335872,0.00465661287308,704.700825736,696.484989021,9,70.2954348526,36.1004458682,51.8791675859,0.00334067619401,0.00332147465087,1.92015431333e-05,-6.18456397206e-05,1076.48142335,2509,5.01800023834,539.669231183,539.669243153,4032,-1.15655748232e-05,1.15655748232e-05,1.41501617432,0,0,0,0,5.74054688229e-08,3.76823550141e-08
8.12800038606,2500.95617957,-5.31362456968,0.708425104618,-490.092926025,0.0388985536993,0.00339011009783,101.579826355,39.1198692322,0.973340690136,0.000232830643654,0.000465661287308,1,539.669301361,99.2294035013,19.2983555269,105.169942456,20.130806679,59.5861019974,78.6333766882,5150.00289306,0.00512227416039,708.01115362,700.11446951,10,70.2262841514,38.2013458875,53.6932748219,0.00353294128674,0.00350883055944,2.41107273036e-05,-0.000714862835594,1076.48142335,2509,5.01800023834,539.669231183,539.669243153,4064,-1.14425147331e-05,1.14425147331e-05,1.41388428211,0,0,0,0,2.57938896908e-08,1.69317342369e-08
8.1920003891,2500.67166053,-3.72282693206,0.496336191893,-490.165527344,0.0273570008576,0.00237060314976,101.579322815,39.1203041077,0.973340392113,0.000232830643654,0.000465661287308,1,539.669301361,31.2923455373,4.41527381564,100.593988182,18.0687214998,59.5861019974,78.6333766882,5150.00335872,0.00512227416039,708.01115362,700.11446951,10,70.2262841514,39.7835865442,55.0396543986,0.00314104144084,0.00313593773171,5.10370912199e-06,0.000123691279441,1076.48142335,2509,5.01800023834,539.669231183,539.669243153,4096,-1.16060427899e-05,1.16060427899e-05,1.41250407696,0,0,0,0,1.1589916582e-08,7.60790275223e-09
8.25600039214,2500.4723575,-2.60913293459,0.347855836153,-490.216247559,0.0192662198097,0.00165734696202,101.57837677,39.120552063,0.973339736462,0.000232830643654,0.000465661287308,1,539.669301361,2.90278087404,-1.25712899822,96.3973350669,16.5096262217,81.8879416329,98.9099862636,5150.00335872,0.00512227416039,708.01115362,700.11446951,10,70.2262841514,28.2018954749,47.6669192722,0.00333673912112,0.00328691385221,4.98252689107e-05,-2.72848410532e-05,1076.48142335,2509,5.01800023834,539.669231183,539.669243153,4128,-1.16013316074e-05,1.16013316074e-05,1.41666102409,0,0,0,0,5.20767473589e-09,3.41844419438e-09
8.32000039518,2500.33242628,-1.82973917617,0.243945196271,-490.251556396,0.0135927572846,0.00115812954027,101.577690125,39.1208229065,0.973339259624,0.000232830643654,0.000465661287308,1,539.669301361,5.13940781742,-0.710186628752,92.3903361929,14.8644331772,103.56085113,109.460503154,5150.0024274,0.00512227416039,708.01115362,700.11446951,10,70.2262841514,27.425126973,46.9401129521,0.0031088254332,0.00315230863634,-4.34832031493e-05,-0.000824002199806,1076.48142335,2509,5.01800023834,539.669231183,539.669243153,4160,-1.14642780318e-05,1.14642780318e-05,1.42079913616,0,0,0,0,2.33995400833e-09,1.53600254738e-09
8.38400039822,2500.23440458,-1.28331998894,0.171095281839,-490.276367188,0.0096053769812,0.000810612225905,101.577339172,39.1210899353,0.973339021206,0.000232830643654,0.000465661287308,1,539.669301361,6.25287798073,-0.346769314448,88.5573603943,13.3593108358,114.350375952,116.470822832,5150.00335872,0.00512227416039,708.01115362,700.11446951,10,70.2262841514,28.1793563772,46.9479637104,0.00307892579487,0.00311410985887,-3.51840639956e-05,0.000145519152284,1076.48142335,2509,5.01800023834,539.669231183,539.669243153,4192,-1.13403320938e-05,1.13403320938e-05,1.41127157211,0,0,0,0,1.05140685047e-09,6.90169088546e-10
8.44800040126,2500.16571954,-0.902205215425,0.120284155011,-490.293518066,0.00680443318561,0.000566536444239,101.57674408,39.1213264465,0.973338603973,0.000232830643654,0.000465661287308,1,539.669301361,6.86294530626,-0.0294507731795,84.8904455916,12.1205107119,120.261931443,122.591896798,5150.00335872,0.00512227416039,708.01115362,700.11446951,10,70.2262841514,29.0513871732,47.1343373647,0.00340968343837,0.00346881279256,-5.91293541907e-05,-0.000209183781408,1076.48142335,2509,5.01800023834,539.669231183,539.669243153,4224,-1.14449039756e-05,1.14449039756e-05,1.41465187073,0,0,0,0,4.72426653353e-10,3.1011238022e-10
8.5120004043,2500.11729077,-0.633164290775,0.084414973855,-490.305603027,0.00482958508655,0.000397827418055,101.576377869,39.1215820312,0.97333830595,0.000232830643654,0.000465661287308,1,539.669301361,7.23015547535,0.262651223751,81.3825086839,11.1465467828,123.820194858,128.226543893,5150.00382438,0.00512227416039,708.01115362,700.11446951,10,70.2262841514,29.8915110761,47.3468753626,0.00343203000741,0.00343970896211,-7.67895469433e-06,0.000285581336357,1076.48142335,2509,5.01800023834,539.669231183,539.669243153,4256,-1.14276672321e-05,1.14276672321e-05,1.41406166553,0,0,0,0,2.12274559042e-10,1.39342135053e-10
8.57600040734,2500.08329749,-0.446571277735,0.0595379509032,-490.313812256,0.00343697052449,0.000280322041363,101.575798035,39.1218261719,0.973337948322,0.000232830643654,0.000465661287308,1,539.669301361,7.46942987918,0.534557815471,78.0269793075,10.3976196385,126.138766063,133.471621666,5150.00335872,0.00512227416039,708.01115362,700.11446951,10,70.2262841514,30.673782021,47.5336455565,0.00369576926007,0.00373074726667,-3.49780066022e-05,-0.000471118255518,1076.48142335,2509,5.01800023834,539.669231183,539.669243153,4288,-1.14735503303e-05,1.14735503303e-05,1.41350615025,0,0,0,0,9.53808976245e-11,6.26103197066e-11
8.64000041038,2500.05931593,-0.3157586832,0.0420977026224,-490.319519043,0.00246363109909,0.000194324515178,101.575157166,39.1220397949,0.973337471485,0.000232830643654,0.000465661287308,1,539.669301361,7.68215959285,0.934256537306,74.8173603471,9.83484089354,128.200117615,141.181808431,5150.00429004,0.00512227416039,708.01115362,700.11446951,10,70.2262841514,27.4307640211,46.5541670565,0.00351852437463,0.00361796992365,-9.94455490178e-05,0.000572981662117,1076.48142335,2509,5.01800023834,539.669231183,539.669243153,4320,-1.15066823128e-05,1.15066823128e-05,1.41802370548,0,0,0,0,4.28573010414e-11,2.8132574395e-11
8.70400041342,2500.0423193,-0.223188123982,0.0297559741884,-490.323516846,0.00177562527824,0.000133369045216,101.574928284,39.1222686768,0.973337352276,0.000232830643654,0.000465661287308,1,539.669301361,11.874121161,2.40039824636,71.7480483152,9.43581033264,129.718187964,148.621722474,5150.00429004,0.00512227416039,708.01115362,700.11446951,10,70.2262841514,23.761198463,44.9120016128,0.00393874112492,0.00398176780436,-4.30266794416e-05,0.000209183781408,1076.48142335,2509,5.01800023834,539.669231183,539.669243153,4352,-1.13945689009e-05,1.13945689009e-05,1.41169083118,0,0,0,0,1.92569900997e-11,1.26407556297e-11
8.76800041646,2500.0302121,-0.157100799925,0.0209450535476,-490.326385498,0.00127874559257,9.47470180108e-05,101.574119568,39.122467041,0.973336756229,0.000232830643654,0.000465661287308,1,539.669301361,67.237343539,15.218723737,68.8137327173,11.8989706131,129.718187964,138.926116051,5150.00522137,0.00558793544769,708.01115362,709.810119588,10,70.2262841514,24.3894191954,44.38686301,0.00437675996834,0.00441923475591,-4.2474787576e-05,0.00070303940447,1076.48142335,2509,5.01800023834,539.669231183,539.669243153,4384,-1.13376845547e-05,1.13376845547e-05,1.4165558815,0,0,0,0,8.65270442102e-12,5.67984721755e-12
8.8320004195,2500.02206303,-0.110045156987,0.0146714830771,-490.328643799,0.000924500811379,6.87733554514e-05,101.765007019,39.0318069458,0.973468005657,0.000232830643654,0.000465661287308,1,539.669301361,104.455457531,22.4597753401,100.624305613,19.9392608028,90.0584855117,104.35331933,5150.00382438,0.00558793544769,747.670710552,744.383025449,10,70.2262841514,30.07160376,48.2351715618,0.0043037161751,0.00438012648374,-7.64103086359e-05,-0.000654836185277,1076.48142335,2509,5.01800023834,539.669231183,539.669243153,4416,-1.17285717351e-05,1.17285717351e-05,1.41795349121,0,0,0,0,3.887902153e-12,2.55211433584e-12
8.89600042254,2500.01600944,-0.0793884780137,0.0105842612684,-490.329772949,0.000672374502756,5.05069474457e-05,101.815422058,39.0079841614,0.973502516747,0.000232830643654,0.000465661287308,1,539.669301361,110.47642301,23.1560342812,108.974087763,22.0563791864,67.1053348924,86.020976596,5150.00522137,0.00558793544769,770.623795688,762.715470046,10,70.2262841514,35.0540140062,51.0601093993,0.00430510883886,0.00422005541623,8.50534226382e-05,0.000902218744159,1076.48142335,2509,5.01800023834,539.669231183,539.669243153,4448,-1.14749309432e-05,1.14749309432e-05,1.41436684132,0,0,0,0,1.74694330182e-12,1.14673678539e-12
8.96000042558,2500.01181848,-0.0545488525461,0.0072725834325,-490.331054688,0.000495153246447,3.76911375497e-05,101.827293396,39.002407074,0.973510682583,0.000232830643654,0.000465661287308,1,539.669301361,107.649291504,21.3601843374,107.379796724,21.0476159527,59.659814724,78.9683108451,5150.00382438,0.00558793544769,778.069370426,769.76820128,10,70.2262841514,37.4532355636,53.0104916834,0.00419933744722,0.00418731360696,1.20238402568e-05,-0.000462023308501,1076.48142335,2509,5.01800023834,539.669231183,539.669243153,4480,-1.13838705147e-05,1.13838705147e-05,1.41189193726,0,0,0,0,7.84950609286e-13,5.15261010942e-13
9.02400042862,2500.00879169,-0.0392451156017,0.00523225264624,-490.331604004,0.000376773183234,2.67261766567e-05,101.825706482,39.0031509399,0.973509550095,0.000232830643654,0.000465661287308,1,539.669301361,60.83950508,10.8989367337,102.193582391,18.7858323725,59.534326283,78.6206874182,5150.00522137,0.00558793544769,778.194807936,770.115817431,11,70.1838507666,39.2136462324,54.5470174984,0.00423068659272,0.00426553015132,-3.4843558594e-05,0.00085674400907,1076.48142335,2509,5.01800023834,539.669231183,539.669243153,4512,-1.13041533041e-05,1.13041533041e-05,1.41239714622,0,0,0,0,3.52700317953e-13,2.31521182434e-13
9.08800043166,2500.00669621,-0.0294646156362,0.00392829300836,-490.331848145,0.000275343190879,2.33171740547e-05,101.825218201,39.003528595,0.973509252071,0.000232830643654,0.000465661287308,1,539.669301361,3.34586610749,-1.19749202991,97.9102546793,17.1081976999,67.0647932566,90.3562904568,5150.00475571,0.00558793544769,778.194807936,770.115817431,11,70.1838507666,31.9434366247,51.0854188178,0.00396555112359,0.00406180333812,-9.6252214532e-05,0.000594809534959,1076.48142335,2509,5.01800023834,539.669231183,539.669243153,4544,-1.14318681881e-05,1.14318681881e-05,1.4152033329,0,0,0,0,1.58478116155e-13,1.04028947728e-13
9.1520004347,2500.00506639,-0.0225134080267,0.00300154136494,-490.332000732,0.000192899649846,2.23519018618e-05,101.824760437,39.003868103,0.973508954048,0.000232830643654,0.000465661287308,1,539.669301361,4.44339425771,-0.884051476574,93.8367830631,15.5005480207,96.8164822552,106.106650492,5150.00429004,0.00558793544769,778.194807936,770.115817431,11,70.1838507666,27.3165369435,47.0469531137,0.00419832492382,0.00424734025728,-4.90153334587e-05,-5.63886715099e-05,1076.48142335,2509,5.01800023834,539.669231183,539.669243153,4576,-1.13282303573e-05,1.13282303573e-05,1.40898263454,0,0,0,0,7.12086639654e-14,4.67431303353e-14
9.21600043774,2500.00390224,-0.0150807863974,0.00201060646214,-490.332427979,0.000141802665894,1.90899008885e-05,101.823982239,39.0041847229,0.973508417606,0.000232830643654,0.000465661287308,1,539.669301361,5.89093756189,-0.481729839675,89.9412459762,13.9131780215,110.843175207,113.867434266,5150.00335872,0.00558793544769,778.194807936,770.115817431,11,70.1838507666,27.8480165434,46.8940052087,0.00401480594603,0.00393629306927,7.85128767555e-05,-0.000676664058119,1076.48142335,2509,5.01800023834,539.669231183,539.669243153,4608,-1.135850016e-05,1.135850016e-05,1.40877640247,0,0,0,0,3.19960461663e-14,2.10029967729e-14
9.28000044078,2500.00320375,-0.00975824221428,0.00130099221133,-490.332763672,0.000117802184832,1.38718105518e-05,101.823265076,39.0044822693,0.973507881165,0.000232830643654,0.000465661287308,1,539.669301361,6.65464893994,-0.150830277255,86.214465419,12.5659192868,118.243537145,120.250486361,5150.00382438,0.00558793544769,778.194807936,770.115817431,11,70.1838507666,28.7093698716,47.0378690807,0.00371535481547,0.00376712705474,-5.17722392734e-05,-4.18367562816e-05,1076.48142335,2509,5.01800023834,539.669231183,539.669243153,4640,-1.13124669952e-05,1.13124669952e-05,1.4120388031,0,0,0,0,1.43767207069e-14,9.43723706359e-15
9.34400044382,2500.00250526,-0.00633277519313,0.000844300724566,-490.332885742,0.000100928831671,1.09342881842e-05,101.822624207,39.0047874451,0.973507463932,0.000232830643654,0.000465661287308,1,539.669301361,7.09813978531,0.150317825975,82.6492191191,11.4917692154,122.540965094,126.059632748,5150.00382438,0.00558793544769,778.194807936,770.115817431,11,70.1838507666,29.5670470223,47.2496503789,0.00366025933174,0.00364707375411,1.31855776297e-05,7.82165443525e-05,1076.48142335,2509,5.01800023834,539.669231183,539.669243153,4672,-1.13861251521e-05,1.13861251521e-05,1.41083812714,0,0,0,0,6.45986331443e-15,4.24041464648e-15
9.40800044686,2500.0020396,-0.00416857393049,0.000555764243472,-490.332977295,8.88826471055e-05,9.33718638407e-06,101.82195282,39.0050697327,0.973506987095,0.000232830643654,0.000465661287308,1,539.669301361,7.37889601863,0.429768939455,79.2387535921,10.6600285709,125.261489302,131.450244226,5150.00289306,0.00558793544769,778.194807936,770.115817431,11,70.1838507666,30.3766264551,47.4504158774,0.00345163687909,0.00347790773958,-2.6270860487e-05,-0.000683940015733,1076.48142335,2509,5.01800023834,539.669231183,539.669243153,4704,-1.13251226139e-05,1.13251226139e-05,1.4127304554,0,0,0,0,2.90259725706e-15,1.90533708738e-15
9.4720004499,2500.0020396,-0.00272308353644,0.000363048020517,-490.3331604,8.13628939795e-05,8.16910778667e-06,101.821357727,39.005355835,0.973506569862,0.000232830643654,0.000465661287308,1,539.669301361,7.58704085274,0.747971598667,75.9765131242,10.0270331851,127.278413856,137.588373036,5150.00335872,0.00558793544769,778.194807936,770.115817431,11,70.1838507666,29.5018508041,47.1714884043,0.00331604400883,0.0033360265661,-1.99825572755e-05,-7.63975549489e-05,1076.48142335,2509,5.01800023834,539.669231183,539.669243153,4736,-1.13889982458e-05,1.13889982458e-05,1.40797126293,0,0,0,0,1.30421834526e-15,8.56121293141e-16
9.53600045294,2500.00180677,-0.00177691306114,0.000236902298639,-490.3331604,7.6518910646e-05,7.38830749469e-06,101.820732117,39.0056152344,0.97350615263,0.000232830643654,0.000465661287308,1,539.669301361,7.80879474475,1.21556865581,72.8565572863,9.56722676084,129.427207867,146.608319483,5150.00382438,0.00558793544769,778.194807936,770.115817431,11,70.1838507666,24.3942340603,45.3307002317,0.00334153828219,0.00343425199389,-9.27137117079e-05,0.000291038304567,1076.48142335,2509,5.01800023834,539.669231183,539.669243153,4768,-1.13319138109e-05,1.13319138109e-05,1.40930378437,0,0,0,0,5.8602186214e-16,3.84679298311e-16
9.60000045598,2500.00180677,-0.00116139331485,0.000154839726747,-490.333251953,7.327041385e-05,6.90277192916e-06,101.819953918,39.0058631897,0.973505616188,0.000232830643654,0.000465661287308,1,539.669301361,38.5967952893,9.55106637654,69.8733338648,9.28266024767,129.640568048,148.530409206,5150.00335872,0.00558793544769,778.194807936,770.205282606,11,70.1838507666,24.1054731305,44.3599492428,0.00346968433151,0.00348063622368,-1.09518921709e-05,-0.000221007212531,1076.48142335,2509,5.01800023834,539.669231183,539.669243153,4800,-1.14217536975e-05,1.14217536975e-05,1.41089916229,0,0,0,0,2.63316020582e-16,1.72847197578e-16
9.66400045902,2500.00180677,-0.000758845875026,0.000101171142887,-490.333312988,7.11531683919e-05,6.58329190628e-06,101.927268982,38.9722175598,0.973578870296,0.000232830643654,0.000465661287308,1,539.669301361,96.146225585,20.7292115175,91.2571572278,17.4958308408,105.600294773,116.293442261,5150.00382438,0.00558793544769,802.235095762,802.442198619,11,70.1838507666,26.909281587,46.2187927042,0.00367807696799,0.00375803210773,-7.99551397312e-05,-3.27418092638e-05,1076.48142335,2509,5.01800023834,539.669231183,539.669243153,4832,-1.13365895231e-05,1.13365895231e-05,1.41187143326,0,0,0,0,1.18315282608e-16,7.76650862085e-17
9.72800046206,2500.00180677,-0.000495389951283,6.60465739202e-05,-490.333343506,6.98351650499e-05,6.35849528408e-06,101.998298645,38.9499664307,0.973627209663,0.000232830643654,0.000465661287308,1,539.669301361,109.566673032,23.3175960065,107.326186366,21.7596488939,73.6126166885,91.4617339731,5150.00429004,0.00558793544769,834.222650155,827.274052426,11,70.1838507666,33.7509409292,50.2113143739,0.00353346731041,0.00356703822035,-3.35709099408e-05,0.000623913365416,1076.48142335,2509,5.01800023834,539.669231183,539.669243153,4864,-1.13269034046e-05,1.13269034046e-05,1.41220915318,0,0,0,0,5.31623652645e-17,3.48970989911e-17
9.7920004651,2500.00180677,-0.000324552246189,4.32700799138e-05,-490.333374023,6.89053049427e-05,6.23048799753e-06,102.014518738,38.9447631836,0.973638236523,0.000232830643654,0.000465661287308,1,539.669301361,109.365233155,22.2310926261,108.682750369,21.6540103387,61.2560106674,80.7656833786,5150.00429004,0.00558793544769,846.579438075,837.970233988,11,70.1838507666,36.6115345969,52.2669542988,0.00380749522189,0.00374893716071,5.85580611778e-05,0.000442014425062,1076.48142335,2509,5.01800023834,539.669231183,539.669243153,4896,-1.14265203592e-05,1.14265203592e-05,1.41483652592,0,0,0,0,2.38873415816e-17,1.56802491042e-17
9.85600046813,2500.00180677,-0.000212099879326,2.82776636595e-05,-490.333374023,6.83126781951e-05,6.14142663835e-06,102.015159607,38.9445838928,0.97363871336,0.000232830643654,0.000465661287308,1,539.669301361,88.1872738599,16.9058458829,103.898573435,19.6111436562,59.4976336288,78.6120872363,5150.00335872,0.00558793544769,848.337833304,840.123801026,12,70.142930781,38.5808161809,53.9898210263,0.00356306985305,0.00359796104021,-3.48911871617e-05,-0.00033833202906,1076.48142335,2509,5.01800023834,539.669231183,539.669243153,4928,-1.12427651402e-05,1.12427651402e-05,1.41250503063,0,0,0,0,1.07332524374e-17,7.04557538751e-18
9.92000047117,2500.00180677,-0.000138271075145,1.84346299648e-05,-490.333374023,6.7935376137e-05,6.08030586591e-06,102.014381409,38.9448852539,0.973638176918,0.000232830643654,0.000465661287308,1,539.669301361,17.5737925633,1.73637744064,99.4765063066,17.6974776439,59.4976336288,80.5425661383,5150.00382438,0.00558793544769,848.337833304,840.123801026,12,70.142930781,38.414807932,55.2398851141,0.00354966191163,0.00350337359123,4.62883203989e-05,0.000221916707233,1076.48142335,2509,5.01800023834,539.669231183,539.669243153,4960,-1.14169224616e-05,1.14169224616e-05,1.41061604023,0,0,0,0,4.82275124363e-18,3.16577447342e-18
9.98400047421,2500.00180677,-9.02699789918e-05,1.2035009604e-05,-490.333404541,6.76854324411e-05,6.04166416451e-06,102.013572693,38.9451179504,0.973637580872,0.000232830643654,0.000465661287308,1,539.669301361,3.52279095613,-1.10187234077,95.3321377569,16.1451559931,87.8958380781,101.904886833,5150.00289306,0.00558793544769,848.337833304,840.123801026,12,70.142930781,27.6055543509,47.3090658488,0.00384956778954,0.00387444742955,-2.48796400149e-05,-0.00108047970571,1076.48142335,2509,5.01800023834,539.669231183,539.669243153,4992,-1.12096004159e-05,1.12096004159e-05,1.41251170635,0,0,0,0,2.16699772434e-18,1.42247158353e-18
10.0480004773,2500.00180677,-5.89532173079e-05,7.85978409112e-06,-490.333404541,6.75216360833e-05,6.01660804023e-06,102.013114929,38.9453620911,0.973637282848,0.000232830643654,0.000465661287308,1,539.669301361,5.43105102238,-0.625994116739,91.3716881145,14.5072392417,106.386876723,111.084576929,5150.00335872,0.00558793544769,848.337833304,840.123801026,12,70.142930781,27.5528600469,46.8858779641,0.00344867957802,0.00350519258063,-5.65130026109e-05,-0.000245563569479,1076.48142335,2509,5.01800023834,539.669231183,539.669243153,5024,-1.11758663479e-05,1.11758663479e-05,1.41355133057,0,0,0,0,9.736929106e-19,6.39156358863e-19
10.1120004803,2500.00180677,-3.84793655273e-05,5.13016084369e-06,-490.333404541,6.74153052387e-05,6.00005250817e-06,102.01234436,38.9455833435,0.973636806011,0.000232830643654,0.000465661287308,1,539.669301361,6.40127975108,-0.276455791401,87.5830860759,13.0554672274,115.788388939,117.82717047,5150.00289306,0.00558793544769,848.337833304,840.123801026,12,70.142930781,28.3651461359,46.9544174848,0.00327277761836,0.00316867954098,0.00010409807738,-0.00037471181713,1076.48142335,2509,5.01800023834,539.669231183,539.669243153,5056,-1.11871213448e-05,1.11871213448e-05,1.41145551205,0,0,0,0,4.37507613303e-19,2.87190904824e-19
10.1760004833,2500.00180677,-2.51177915273e-05,3.3487640394e-06,-490.333404541,6.73458707752e-05,5.9892590798e-06,102.011894226,38.9458084106,0.973636448383,0.000232830643654,0.000465661287308,1,539.669301361,6.9440264865,0.0347670081336,83.9586332552,11.8760384327,121.047603898,123.830657685,5150.00289306,0.00558793544769,848.337833304,840.123801026,12,70.142930781,29.2350578093,47.1542152809,0.00320868666359,0.00319414539263,1.45412709651e-05,-0.00040017766878,1076.48142335,2509,5.01800023834,539.669231183,539.669243153,5088,-1.11201088657e-05,1.11201088657e-05,1.41359174252,0,0,0,0,1.96584435657e-19,1.29042928519e-19
10.2400004864,2508.97393562,287.972652586,-38.3932037354,-533.125976562,0.500323951244,-0.011821359396,102.011390686,38.9460296631,0.97363615036,0.000232830643654,0.000465661287308,2,536.811770871,7.27686859979,0.322330681739,80.4913637486,10.9544652791,124.272846733,129.377760459,5150.00335872,0.00558793544769,848.337833304,840.123801026,12,70.142930781,30.0648534903,47.3639083793,0.00304180149124,0.00310319592245,-6.13944312056e-05,0.000156433088705,1085.45375082,5089,10.1780004834,1076.48147742,536.812236533,5120,-1.13929945655e-05,1.13929945655e-05,1.41390347481,0,0,0.0146882385015,0.00918014906347,0.0137021625414,0.0085736932233
10.3040004894,2534.50544551,486.316013848,-64.8368148804,-572.088500977,1.75599658489,0.0086665013805,102.01058197,38.9462203979,0.973635554314,0.000232830643654,0.000465661287308,2,536.811770871,7.49917643131,0.597034524963,77.1746705682,10.248068787,126.4270104,134.676796733,5150.00289306,0.00558793544769,848.337833304,840.123801026,12,70.142930781,30.6307447318,47.4849257444,0.00306865290123,0.00300133251585,6.73203853774e-05,-0.000207364792004,1110.98531215,5089,10.1780004834,1076.48147742,536.812236533,5152,-1.11971457954e-05,1.11971457954e-05,1.41304397583,0,0,0.0294366013259,0.0183978769928,0.0284142289311,0.0177802592516
10.3680004925,2569.70175542,598.899612669,-79.8467254639,-604.356262207,3.28708362579,0.101395718753,102.010215759,38.9464225769,0.973635315895,0.000232830643654,0.000465661287308,2,536.811770871,7.71743775754,1.0382178231,74.0023642413,9.72279128962,128.541956656,143.18722242,5150.00429004,0.00558793544769,848.337833304,840.123801026,12,70.142930781,26.2447683781,46.1105919385,0.00351871067006,0.00352429196937,-5.58129931161e-06,0.0006666596164,1146.18172495,5089,10.1780004834,1076.48147742,536.812236533,5184,-1.12271545731e-05,1.12271545731e-05,1.41013514996,0,0,0.0439026467502,0.0274391546845,0.0428558327258,0.0268169976771
10.4320004955,2610.21405458,658.399017993,-87.7793273926,-632.153381348,4.95221042633,0.239480003715,102.009712219,38.9466209412,0.973635017872,0.000232830643654,0.000465661287308,2,536.811770871,18.5597627881,4.19731051802,70.9688193058,9.35596704699,129.590262077,148.622770212,5150.00382438,0.00558793544769,848.337833304,840.123801026,12,70.142930781,23.9763940044,44.6535923402,0.00354110786527,0.00352520146407,1.59064011962e-05,0.00020008883439,1186.69365531,5089,10.1780004834,1076.48147742,536.812236533,5216,-1.12172829176e-05,1.12172829176e-05,1.41109323502,0,0,0.0579553283751,0.0362220816314,0.0568973645568,0.0356025248766
10.4960004985,2653.34662981,684.155034833,-91.2131881714,-656.73651123,6.67210102081,0.403581917286,102.025932312,38.9508705139,0.973645985126,0.000232830643654,0.000465661287308,2,536.811770871,80.7946259494,17.6182029474,76.2434002685,14.0018550401,123.49615281,130.81812358,5150.00429004,0.00558793544769,854.431942571,857.928360347,12,70.142930781,24.9051990977,44.7284764959,0.00374251045432,0.00372165231965,2.08581346639e-05,0.000469299266115,1229.82654784,5089,10.1780004834,1076.48147742,536.812236533,5248,-1.12296047519e-05,1.12296047519e-05,1.40928447247,0,0,0.0714676380157,0.0446672737598,0.0704129710793,0.0440578274429
10.5600005016,2697.32112065,686.674728058,-91.549118042,-678.63458252,8.39032363892,0.582245469093,102.087722778,38.9660568237,0.973687946796,0.000232830643654,0.000465661287308,2,536.811770871,106.888000979,22.9560392251,103.678257497,20.8105811126,83.1527577247,99.0686239675,5150.00289306,0.00558793544769,894.775206689,889.677845407,12,70.142930781,31.7744343192,49.1449536639,0.00383328939424,0.00383624865208,-2.95925783877e-06,-0.00104228092823,1273.80081062,5089,10.1780004834,1076.48147742,536.812236533,5280,-1.10680502985e-05,1.10680502985e-05,1.41443037987,0,0,0.0843186378479,0.0526991523802,0.0832825228572,0.0521075613797
10.6240005046,2740.86371064,671.97799217,-89.5897140503,-698.025512695,10.0627584457,0.768486201763,102.101722717,38.9694595337,0.973697423935,0.000232830643654,0.000465661287308,2,536.811770871,110.224383276,22.8951699702,109.048420037,22.0012709025,64.4622123218,83.7656407384,5150.00382438,0.00558793544769,913.4656284,904.980755877,12,70.142930781,35.6496893801,51.4759885846,0.00384948976861,0.0038980942918,-4.8604523184e-05,-0.000172803993337,1317.34355375,5089,10.1780004834,1076.48147742,536.812236533,5312,-1.12907919174e-05,1.12907919174e-05,1.41058886051,0,0,0.0963926762342,0.060245424509,0.0953909680247,0.0596795715392
10.6880005077,2783.00349601,643.769220915,-85.8288497925,-714.927124023,11.6533212662,0.957754075527,102.104530334,38.9702262878,0.973699331284,0.000232830643654,0.000465661287308,2,536.811770871,104.732504201,20.5451259706,105.875256706,20.5608706713,59.470996348,78.6062009865,5150.00429004,0.00558793544769,918.456877116,910.140166525,13,70.1192329871,37.8751756216,53.357660363,0.00408487658976,0.00406726030633,1.7616283432e-05,0.000123691279441,1359.48339255,5089,10.1780004834,1076.48147742,536.812236533,5344,-1.12201450975e-05,1.12201450975e-05,1.41944754124,0,0,0.107581667602,0.0672385469079,0.106630340219,0.0667062401772
10.7520005107,2822.96887599,604.75448845,-80.6273117065,-729.321960449,13.1323747635,1.14674806595,102.104347229,38.9703483582,0.97369915247,0.000232830643654,0.000465661287308,2,536.811770871,44.2848220588,7.27953437649,101.100433567,18.3658088773,59.470996348,78.6062009865,5150.00475571,0.00558793544769,918.456877116,910.140166525,13,70.1192329871,39.5354327338,54.7892632312,0.00446189411807,0.00439831637777,6.35777402946e-05,0.000258296495304,1399.44866896,5089,10.1780004834,1076.48147742,536.812236533,5376,-1.11726612886e-05,1.11726612886e-05,1.41774880886,0,0,0.117785677314,0.0736160501838,0.116900466383,0.0731248855591
10.8160005137,2860.14168523,557.146791834,-74.2801437378,-741.201782227,14.4764471054,1.33274233341,102.103797913,38.9703941345,0.973698794842,0.000232830643654,0.000465661287308,2,536.811770871,2.26515322626,-1.42605113757,96.8767665154,16.7710252445,75.7093293942,95.6514777499,5150.00475571,0.00558793544769,918.456877116,910.140166525,13,70.1192329871,29.2726363114,48.3435396745,0.00465300879771,0.0046657078201,-1.26990223892e-05,-9.09494701773e-06,1436.62156177,5089,10.1780004834,1076.48147742,536.812236533,5408,-1.12595998871e-05,1.12595998871e-05,1.41168689728,0,0,0.126913994551,0.0793212503195,0.126109957695,0.0788783952594
10.8800005168,2894.0399643,503.00208386,-67.0614395142,-750.604553223,15.6686849594,1.51314079762,102.103401184,38.9704437256,0.973698556423,0.000232830643654,0.000465661287308,2,536.811770871,4.8346101512,-0.786111994031,92.8489285283,15.1348289103,100.607365312,107.995903818,5150.00429004,0.00558793544769,918.456877116,910.140166525,13,70.1192329871,27.3475725407,46.9474471174,0.00479329835545,0.00477484718431,1.84511711465e-05,-0.000583895598538,1470.52004547,5089,10.1780004834,1076.48147742,536.812236533,5440,-1.11617418952e-05,1.11617418952e-05,1.40953326225,0,0,0.134885802865,0.0843036323786,0.134176984429,0.0839157178998
10.9440005198,2924.31702837,444.4172082,-59.2507629395,-757.639709473,16.6995601654,1.68522810936,102.10294342,38.9704818726,0.9736982584,0.000232830643654,0.000465661287308,2,536.811770871,6.08599111131,-0.40759390505,88.9963881352,13.5898687037,112.733243441,115.297516459,5150.00522137,0.00558793544769,918.456877116,910.140166525,13,70.1192329871,28.0254771496,46.8917678518,0.00481265353958,0.00484396878164,-3.13152420661e-05,0.000278305378743,1500.79681788,5089,10.1780004834,1076.48147742,536.812236533,5472,-1.10884830065e-05,1.10884830065e-05,1.41384017467,0,0,0.141631022096,0.0885193943977,0.141030028462,0.0881923139095
11.0080005229,2950.7544823,383.430393413,-51.1198577881,-762.471923828,17.5670471191,1.84602832794,102.102668762,38.9705200195,0.973698019981,0.000232830643654,0.000465661287308,2,536.811770871,6.75996108279,-0.0844444243071,85.3106998187,12.3020801832,119.264012028,121.531069453,5150.00475571,0.00558793544769,918.456877116,910.140166525,13,70.1192329871,28.8959727186,47.0621635031,0.00477678534228,0.00472755345982,4.92318824596e-05,-7.09405867383e-05,1527.23416807,5089,10.1780004834,1076.48147742,536.812236533,5504,-1.10418122858e-05,1.10418122858e-05,1.41927146912,0,0,0.14709071815,0.0919317007065,0.146608397365,0.0916704833508
11.0720005259,2973.25802967,321.785773849,-42.9012489319,-765.287597656,18.2763805389,1.9922798872,102.102088928,38.9705581665,0.973697662354,0.000232830643654,0.000465661287308,2,536.811770871,7.15920406348,0.211754225035,81.7847951274,11.2837370004,123.132675071,127.244740725,5150.00429004,0.00558793544769,918.456877116,910.140166525,13,70.1192329871,29.7447113553,47.2754109069,0.00470085674553,0.00474938133266,-4.85245871262e-05,-0.000558429746889,1549.73765927,5089,10.1780004834,1076.48147742,536.812236533,5536,-1.11932758955e-05,1.11932758955e-05,1.41332900524,0,0,0.151217669249,0.0945110470057,0.150862872601,0.09431976825
11.1360005289,2991.84024334,261.054141447,-34.8043632507,-766.302124023,18.8386459351,2.12061834335,102.101631165,38.9705886841,0.97369736433,0.000232830643654,0.000465661287308,2,536.811770871,7.41604018124,0.487012522804,78.4120011501,10.4983652138,125.621416373,132.554472657,5150.00475571,0.00558793544769,918.456877116,910.140166525,13,70.1192329871,30.5432840833,47.4698572361,0.00483352928515,0.0048730726121,-3.95433269462e-05,-0.000216459739022,1568.31996964,5089,10.1780004834,1076.48147742,536.812236533,5568,-1.11173258119e-05,1.11173258119e-05,1.41214108467,0,0,0.153976887465,0.0962355583906,0.153756082058,0.0961171761155
11.200000532,3006.59006462,202.078546863,-26.9415950775,-765.671691895,19.2687168121,2.22771906853,102.101081848,38.9706115723,0.973696947098,0.000232830643654,0.000465661287308,2,536.811770871,7.62467623609,0.84727389832,75.1858647203,9.90418954322,127.643099404,139.503914397,5150.00475571,0.00558793544769,918.456877116,910.140166525,13,70.1192329871,28.4276447928,46.8370599265,0.00494375577975,0.00500040187035,-5.6646090596e-05,-0.00034378899727,1583.06966009,5089,10.1780004834,1076.48147742,536.812236533,5600,-1.10203909571e-05,1.10203909571e-05,1.41809153557,0,0,0.155345603824,0.0970910042524,0.155262902379,0.0970473587513
11.264000535,3017.64789037,146.177510032,-19.488735199,-763.640808105,19.5831012726,2.31060862541,102.100814819,38.9706573486,0.973696768284,0.000232830643654,0.000465661287308,2,536.811770871,8.70630403313,1.53129026112,72.1005992303,9.47809651894,129.547493998,148.141742102,5150.00522137,0.00558793544769,918.456877116,910.140166525,13,70.1192329871,23.7295753323,45.058572141,0.00438483797882,0.00439831637777,-1.34783989525e-05,0.000723957782611,1594.12758964,5089,10.1780004834,1076.48147742,536.812236533,5632,-1.10376877274e-05,1.10376877274e-05,1.41108810902,0,0,0.155313715339,0.0970710739493,0.155463069677,0.0971674621105
11.3280005381,3025.39090626,98.2666388154,-13.1011428833,-761.049865723,19.8012161255,2.3693048954,102.100364685,38.9706840515,0.973696470261,0.000232830643654,0.000465661287308,2,536.811770871,53.2171141877,12.8192326239,69.1507696635,10.3253346515,129.547493998,144.669989822,5150.00522137,0.00558793544769,918.456877116,914.088101126,13,70.1192329871,24.2073874688,44.2870114057,0.00473656884548,0.00472937244922,7.19639625668e-06,0.000392901711166,1601.87078079,5089,10.1780004834,1076.48147742,536.812236533,5664,-1.1034743693e-05,1.1034743693e-05,1.41396534443,0,0,0.1538836658,0.0961773023009,0.154833555222,0.0968051031232
11.3920005411,3030.19722924,53.5318322363,-7.13699197769,-757.442443848,19.940372467,2.40451979637,102.112190247,39.0226593018,0.973704516888,0.000232830643654,0.000465661287308,2,536.811770871,101.182427603,21.8068207352,96.8368389211,18.9577880174,96.5130166151,109.379994683,5150.00429004,0.006053596735,951.491296291,949.37812537,13,70.1192329871,28.5520036414,47.2903593618,0.00496298462049,0.00500949681737,-4.65121968718e-05,-0.000818545231596,1606.67692659,5089,10.1780004834,1076.48147742,536.812236533,5696,-1.09658240035e-05,1.09658240035e-05,1.41827642918,0,0,0.151072219014,0.0944201424718,0.153070181608,0.0957672446966
11.4560005441,3032.16394968,9.27223754843,-1.23619687557,-752.505981445,20.0108795166,2.41455507278,102.116676331,39.0425376892,0.973707556725,0.000232830643654,0.000465661287308,2,536.811770871,110.062878318,23.2694371457,108.253713682,21.9763536958,69.6572533343,88.2403619471,5150.00522137,0.006053596735,978.347030468,970.517809037,13,70.1192329871,34.5084590663,50.6540527567,0.00476482846234,0.00482941686641,-6.45884040695e-05,0.000292857293971,1608.64358239,5089,10.1780004834,1076.48147742,536.812236533,5728,-1.1002471183e-05,1.1002471183e-05,1.40967667103,0,0,0.1469078511,0.0918174088001,0.150022655725,0.0939433947206
11.5200005472,3031.2857125,-35.4574294761,4.72726917267,-746.111877441,20.0188617706,2.39734363556,102.117805481,39.0472679138,0.97370827198,0.000232830643654,0.000465661287308,2,536.811770871,108.363205093,21.7654922691,107.913424516,21.3375488121,60.1344981987,79.6322929091,5150.00475571,0.006053596735,987.869920209,979.126081802,13,70.1192329871,37.0860761905,52.6535659446,0.00446217988948,0.00446743797511,-5.25808563356e-06,0.000189174897969,1608.69656847,5089,10.1780004834,1076.48147742,536.812236533,5760,-1.10005203169e-05,1.10005203169e-05,1.41128361225,0,0,0.141426980495,0.0883918702602,0.145673379302,0.0913103073835
11.5840005502,3027.51176059,-81.2166108517,10.8279924393,-738.160644531,19.9669952393,2.35117483139,102.117530823,39.0472793579,0.973708093166,0.000232830643654,0.000465661287308,2,536.811770871,73.9932741396,13.8038559974,102.792056815,19.1339865644,59.4494267716,78.5994707257,5150.00475571,0.006053596735,988.554791547,980.158685707,14,70.0980672264,38.9371198253,54.2767556908,0.00479596089231,0.00484760676045,-5.16458681377e-05,-0.000190993887372,1608.69656847,5089,10.1780004834,1076.48147742,536.812236533,5792,-1.09188458737e-05,1.09188458737e-05,1.41110169888,0,0,0.134679675102,0.0841747969389,0.140054032207,0.0878805667162
11.6480005533,3020.7792297,-127.860883367,17.0467185974,-728.64074707,19.8550338745,2.27508234978,102.11743927,39.0471458435,0.973708033562,0.000232830643654,0.000465661287308,2,536.811770871,7.77509050077,-0.149550064658,98.4639012048,17.357638954,60.9792805335,85.4497120599,5150.00475571,0.006053596735,988.554791547,980.158685707,14,70.0980672264,34.9735855707,54.2567104276,0.00441138674201,0.00441832526121,-6.93851920364e-06,0.000238287611865,1608.69656847,5089,10.1780004834,1076.48147742,536.812236533,5824,-1.08438762254e-05,1.08438762254e-05,1.40934443474,0,0,0.126727819443,0.0792048797011,0.13321980834,0.0836841985583
11.7120005563,3011.03200763,-175.374734681,23.3813781738,-717.526733398,19.6808700562,2.16880536079,102.117301941,39.0470123291,0.973707973957,0.000232830643654,0.000465661287308,2,536.811770871,4.04944712194,-0.975796507563,94.3655252003,15.781207658,92.999136541,104.336890217,5150.00382438,0.006053596735,988.554791547,980.158685707,14,70.0980672264,27.3694040516,47.1179519081,0.00395328562941,0.00394720700569,6.07862371549e-06,-0.000221916707233,1608.69656847,5089,10.1780004834,1076.48147742,536.812236533,5856,-1.0876649867e-05,1.0876649867e-05,1.42047190666,0,0,0.117644071579,0.0735275447369,0.125239893794,0.078761652112
11.7760005593,2998.21537919,-223.807321163,29.8385276794,-704.78515625,19.4400806427,2.03286862373,102.117118835,39.0468864441,0.973707854748,0.000232830643654,0.000465661287308,2,536.811770871,5.68676598487,-0.546207884578,90.4471859485,14.1661635729,108.86475502,112.623652967,5150.00335872,0.006053596735,988.554791547,980.158685707,14,70.0980672264,27.7064355032,46.8627986265,0.00349717403647,0.00352520146407,-2.8027427601e-05,-0.000265572452918,1608.69656847,5089,10.1780004834,1076.48147742,536.812236533,5888,-1.07085152194e-05,1.07085152194e-05,1.41089761257,0,0,0.107511140406,0.0671944692731,0.116194322705,0.0731606855989
11.8400005624,2982.2580982,-273.556390312,36.4711914062,-690.328125,19.1239757538,1.86887848377,102.11693573,39.0467681885,0.973707675934,0.000232830643654,0.000465661287308,2,536.811770871,6.53618966066,-0.207622740386,86.6986872998,12.7709638908,117.09566752,119.154959975,5150.00335872,0.006053596735,988.554791547,980.158685707,14,70.0980672264,28.5523565253,46.9774131489,0.00326771136538,0.0032832758734,-1.55645080158e-05,-2.36468622461e-05,1608.69656847,5089,10.1780004834,1076.48147742,536.812236533,5920,-1.08513177111e-05,1.08513177111e-05,1.41091275215,0,0,0.0964209660888,0.0602631047368,0.106172151864,0.0669350475073
11.9040005654,2963.05911615,-325.148168486,43.3495292664,-674.035888672,18.718662262,1.67963814735,102.116844177,39.0466575623,0.973707616329,0.000232830643654,0.000465661287308,2,536.811770871,7.02124382414,0.0980025947374,83.1126165364,11.6498589759,121.795841551,125.050471979,5150.00382438,0.006053596735,988.554791547,980.158685707,14,70.0980672264,29.4166911772,47.185447329,0.00311279173271,0.00314503267873,-3.22409460241e-05,0.000580257619731,1608.69656847,5089,10.1780004834,1076.48147742,536.812236533,5952,-1.09669554149e-05,1.09669554149e-05,1.41286146641,0,0,0.0844738930464,0.0527961850166,0.0952702909708,0.0601435564458
11.9680005684,2940.47268108,-379.551027436,50.6026496887,-655.707885742,18.2031059265,1.46949458122,102.11693573,39.0465583801,0.973707675934,0.000232830643654,0.000465661287308,2,536.811770871,7.32404318789,0.381144866743,79.6821615754,10.7784297094,124.729966046,130.512285978,5150.00335872,0.006053596735,988.554791547,980.158685707,14,70.0980672264,30.235703889,47.390738473,0.00324539321805,0.00330328475684,-5.7891538785e-05,-4.36557456851e-05,1608.69656847,5089,10.1780004834,1076.48147742,536.812236533,5984,-1.07977111838e-05,1.07977111838e-05,1.41258645058,0,0,0.0717777386308,0.0448610894382,0.0835922658443,0.0528493411839
12.0320005715,2914.26572949,-438.517978182,58.464263916,-634.99621582,17.5452194214,1.24492681026,102.116760254,39.0464401245,0.973707616329,0.000232830643654,0.000465661287308,2,536.811770871,7.53588385152,0.673234055969,76.4007007797,10.1128123218,126.782702864,136.146685691,5150.00382438,0.006053596735,988.554791547,980.158685707,14,70.0980672264,30.1816489809,47.3384352517,0.00298902229356,0.00306863512378,-7.96128302172e-05,0.00065665517468,1608.69656847,5089,10.1780004834,1076.48147742,536.812236533,6016,-1.07860987555e-05,1.07860987555e-05,1.40905964375,0,0,0.0584467835724,0.0365292429924,0.0712472945452,0.0451192520559
12.0960005745,2884.0508312,-505.305302795,67.3685073853,-611.276611328,16.6945571899,1.01574027538,102.11631012,39.0463218689,0.973707258701,0.000232830643654,0.000465661287308,2,536.811770871,7.75744226239,1.13775102626,73.2623083696,9.62395840793,128.929605125,145.107216667,5150.0024274,0.006053596735,988.554791547,980.158685707,14,70.0980672264,25.1680994552,45.6621746707,0.00259124625923,0.00263116817223,-3.99219129976e-05,-0.00030286173569,1608.69656847,5089,10.1780004834,1076.48147742,536.812236533,6048,-1.07752421172e-05,1.07752421172e-05,1.41617012024,0,0,0.0446008816361,0.0278755519539,0.0583489984274,0.0370231159031
12.1600005776,2849.14323129,-586.125999689,78.1437225342,-583.385070801,15.5680427551,0.797320485115,102.11631012,39.0462265015,0.973707258701,0.000232830643654,0.000465661287308,2,536.811770871,28.2823041182,6.80894673266,70.2613515587,9.28837818534,129.516134621,148.621678818,5150.00335872,0.006053596735,988.554791547,980.158685707,14,70.0980672264,24.0525350819,44.4475772383,0.00292953121483,0.00293221091852,-2.67970368117e-06,0.000327418092638,1608.69656847,5089,10.1780004834,1076.48147742,536.812236533,6080,-1.07410687633e-05,1.07410687633e-05,1.41750633717,0,0,0.0303643085063,0.0189776942134,0.045014243573,0.0286330785602
12.2240005806,2808.34152363,-688.926083967,91.8492736816,-549.673095703,14.02576828,0.614781498909,102.147514343,39.051197052,0.97372841835,0.000232830643654,0.000465661287308,2,536.811770871,90.1611443997,19.5051590033,85.0562575437,16.0128276248,113.639121992,122.645113152,5150.0024274,0.006053596735,1004.43186238,1006.13525137,14,70.0980672264,25.8227137238,45.409095037,0.00285239136477,0.00279214873444,6.02426303287e-05,-0.000463842297904,1608.69656847,5089,10.1780004834,1076.48147742,536.812236533,6112,-1.07263122118e-05,1.07263122118e-05,1.41244614124,0,0,0.0158643852919,0.00991524104029,0.03136190027,0.0200228635222
12.2880005836,2760.4594361,-806.273659691,107.49433136,-510.54989624,11.9338703156,0.49152213335,102.184394836,39.0571594238,0.973753333092,0.000232830643654,0.000465661287308,2,536.811770871,108.498157578,23.2230563849,105.849868879,21.4153677006,77.4524814915,94.6027357713,5150.00289306,0.006053596735,1040.61851744,1034.17760693,14,70.0980672264,32.9913018504,49.7695145896,0.00295220840829,0.00298496161122,-3.27532029276e-05,-0.000190993887372,1608.69656847,5089,10.1780004834,1076.48147742,536.812236533,6144,-1.08821541289e-05,1.08821541289e-05,1.41060364246,0,0,0.00123070611153,0.000769191363361,0.0175115540624,0.0112670948729
12.3520005867,2706.83108829,-832.342368085,110.969871521,-480.778625488,9.33721160889,0.43531024456,102.192817688,39.058506012,0.973758995533,0.000232830643654,0.000465661287308,2,536.811770871,109.74117222,22.5532565251,108.848620919,21.8404544778,62.4429158051,81.9541528472,5150.00335872,0.006053596735,1055.62806129,1046.8265973,14,70.0980672264,36.1927268386,51.8927336088,0.00317855890219,0.00321961124428,-4.10523420813e-05,4.0017766878e-05,1608.69656847,5089,10.1780004834,1076.48147742,536.812236533,6176,-1.07355945147e-05,1.07355945147e-05,1.40532624722,0,0,0,0,0.00765681825578,0.00497671449557
12.4160005897,2656.87541105,-720.605603419,96.0728607178,-471.180786133,6.8857178688,0.393488407135,102.193992615,39.0586204529,0.973759770393,0.000232830643654,0.000465661287308,2,536.811770871,97.3546158027,18.9376813863,104.620178085,20.0167317623,59.4365155848,78.5982629168,5150.00335872,0.006053596735,1058.63437057,1050.18250179,15,70.0796226738,38.2711514249,53.6926563655,0.00294775152898,0.00295221980195,-4.46827297385e-06,0.000307409209199,1608.69656847,5089,10.1780004834,1076.48147742,536.812236533,6208,-1.06841825982e-05,1.06841825982e-05,1.41373479366,0,0,0,0,0.00339691061527,0.00221771583892
12.4800005928,2615.56566693,-573.740107939,76.492401123,-470.505706787,4.9429731369,0.331656843424,102.193809509,39.0585289001,0.973759651184,0.000232830643654,0.000465661287308,2,536.811770871,28.7133569613,3.86594206697,100.091212532,17.9799428493,59.4365155848,78.5982629168,5150.00335872,0.006053596735,1058.63437057,1050.18250179,15,70.0796226738,39.8388765461,55.0226905034,0.00326203168644,0.00339423422702,-0.000132202540581,-0.000134605215862,1608.69656847,5089,10.1780004834,1076.48147742,536.812236533,6240,-1.06292654891e-05,1.06292654891e-05,1.41079163551,0,0,0,0,0.00151770433877,0.000992799759842
12.5440005958,2583.53538811,-434.81044122,57.9699668884,-473.322662354,3.50510406494,0.261626809835,102.193626404,39.0584487915,0.973759531975,0.000232830643654,0.000465661287308,2,536.811770871,2.99829263653,-1.22936232206,95.9175080781,16.4243598224,82.8134507174,99.4456058834,5150.00382438,0.006053596735,1058.63437057,1050.18250179,15,70.0796226738,28.0622116406,47.5428496429,0.00371210011341,0.00377076503355,-5.86649201439e-05,-4.54747350886e-05,1608.69656847,5089,10.1780004834,1076.48147742,536.812236533,6272,-1.06113629954e-05,1.06113629954e-05,1.41704928875,0,0,0,0,0.000680221128277,0.000445353711257
12.6080005988,2559.64626558,-319.723883877,42.6263542175,-476.952667236,2.4695456028,0.197510093451,102.193367004,39.0583763123,0.973759353161,0.000232830643654,0.000465661287308,2,536.811770871,5.17287904056,-0.696501861969,91.9316779342,14.7795907018,103.885191493,109.724482172,5150.00335872,0.006053596735,1058.63437057,1050.18250179,15,70.0796226738,27.4425619864,46.8878060929,0.00326096231962,0.00324871507473,1.22472448849e-05,1.09139364213e-05,1608.69656847,5089,10.1780004834,1076.48147742,536.812236533,6304,-1.068498932e-05,1.068498932e-05,1.4116268158,0,0,0,0,0.000305295427097,0.000199961228645
12.6720006019,2542.25567915,-230.661011301,30.7522773743,-480.299560547,1.7338899374,0.144966393709,102.193092346,39.0583114624,0.973759174347,0.000232830643654,0.000465661287308,2,536.811770871,6.25960353896,-0.335512897196,88.1189845623,13.2837736287,114.415546705,116.687959235,5150.00335872,0.006053596735,1058.63437057,1050.18250179,15,70.0796226738,28.2090350083,46.9073056593,0.0032907482711,0.00322143023368,6.93180374212e-05,3.81987774745e-05,1608.69656847,5089,10.1780004834,1076.48147742,536.812236533,6336,-1.05817880467e-05,1.05817880467e-05,1.40977048874,0,0,0,0,0.000137107970659,8.98182697711e-05
12.7360006049,2529.78876233,-164.420373039,21.920917511,-483.017974854,1.2154314518,0.104421176016,102.193000793,39.0582504272,0.973759114742,0.000232830643654,0.000465661287308,2,536.811770871,6.85715549379,-0.0191293988951,84.4713926351,12.0555963252,120.205826533,122.790996102,5150.00382438,0.006053596735,1058.63437057,1050.18250179,15,70.0796226738,29.0813495667,47.0963714179,0.00345611998742,0.00344698491972,9.13506770228e-06,0.000278305378743,1608.69656847,5089,10.1780004834,1076.48147742,536.812236533,6368,-1.06943680294e-05,1.06943680294e-05,1.41271221638,0,0,0,0,6.15924291196e-05,4.03518606618e-05
12.800000608,2520.93677409,-116.327028081,15.5089979172,-485.089508057,0.851412117481,0.0743131861091,102.193000793,39.0582008362,0.973759114742,0.000232830643654,0.000465661287308,2,536.811770871,7.21800634565,0.272321588557,80.9819801973,11.0910869076,123.702469864,128.413084894,5150.00335872,0.006053596735,1058.63437057,1050.18250179,15,70.0796226738,29.9201183225,47.3084728583,0.00353658184682,0.00349427864421,4.23032026076e-05,-0.000234649633057,1608.69656847,5089,10.1780004834,1076.48147742,536.812236533,6400,-1.06479292299e-05,1.06479292299e-05,1.42028188705,0,0,0,0,2.76724003925e-05,1.81300256372e-05
12.864000611,2514.68969509,-81.926889834,10.9226884842,-486.612640381,0.596245825291,0.0524986684322,102.192588806,39.0581207275,0.973758876324,0.000232830643654,0.000465661287308,2,536.811770871,7.4538600585,0.544022970864,77.6440963125,10.3498160314,125.987891806,133.654204546,5150.00382438,0.006053596735,1058.63437057,1050.18250179,15,70.0796226738,30.6893962261,47.4906046293,0.00341137711135,0.00342879502568,-1.74179143331e-05,0.000296495272778,1608.69656847,5089,10.1780004834,1076.48147742,536.812236533,6432,-1.06218803921e-05,1.06218803921e-05,1.41138768196,0,0,0,0,1.24334292195e-05,8.14609484223e-06
12.928000614,2510.29618084,-57.538094552,7.67111635208,-487.709960938,0.417531222105,0.0369233526289,102.192314148,39.0580635071,0.973758637905,0.000232830643654,0.000465661287308,2,536.811770871,7.6673648297,0.951594329202,74.4513976864,9.79366350188,128.056752146,141.516255098,5150.00382438,0.006053596735,1058.63437057,1050.18250179,15,70.0796226738,27.2294073511,46.4431141154,0.00352771427348,0.00351974449586,7.96977761564e-06,0.000205545802601,1608.69656847,5089,10.1780004834,1076.48147742,536.812236533,6464,-1.06630741357e-05,1.06630741357e-05,1.40842521191,0,0,0,0,5.58657711736e-06,3.66022322851e-06
12.9920006171,2507.21350312,-40.3416161134,5.37844085693,-488.491088867,0.292414724827,0.0259018931538,102.192405701,39.058013916,0.97375869751,0.000232830643654,0.000465661287308,2,536.811770871,12.7408021129,2.64108954507,71.3982881565,9.40025199357,129.494277644,148.619728861,5150.00475571,0.006053596735,1058.63437057,1050.18250179,15,70.0796226738,23.8193260884,44.8319224233,0.00349646016307,0.00352611095877,-2.96507957076e-05,0.0011305019143,1608.69656847,5089,10.1780004834,1076.48147742,536.812236533,6496,-1.05993476609e-05,1.05993476609e-05,1.41256308556,0,0,0,0,2.51018536801e-06,1.64463199326e-06
13.0560006201,2505.05283475,-28.2603923552,3.76774311066,-489.042358398,0.204840749502,0.0181412100792,102.193992615,39.0573577881,0.973759770393,0.000232830643654,0.000465661287308,2,536.811770871,69.8758975518,15.6456984865,68.9658912048,12.2325731343,129.234278575,137.580645969,5150.00429004,0.006053596735,1058.89432598,1061.22146826,15,70.0796226738,24.4514194492,44.3859098596,0.00380646790477,0.00379350240109,1.29655036707e-05,0.000397449184675,1608.69656847,5089,10.1780004834,1076.48147742,536.812236533,6528,-1.05093140519e-05,1.05093140519e-05,1.41386961937,0,0,0,0,1.12789336981e-06,7.38978485515e-07
13.1200006232,2503.53990123,-19.7879398911,2.63817548752,-489.430053711,0.143541842699,0.0126951010898,102.330482483,39.0005149841,0.97385174036,0.000232830643654,0.000465661287308,2,536.811770871,104.688870248,22.5447560714,100.971926924,20.0899323517,88.6545094545,103.377533378,5150.00382438,0.006053596735,1099.47414603,1095.42463906,15,70.0796226738,30.3775450448,48.3654075651,0.00365583284478,0.00370528141502,-4.94485702385e-05,2.0008883439e-05,1608.69656847,5089,10.1780004834,1076.48147742,536.812236533,6560,-1.06304541987e-05,1.06304541987e-05,1.41857421398,0,0,0,0,5.0679392416e-07,3.32043782691e-07
13.1840006262,2502.4805218,-13.8516588777,1.84673631191,-489.702056885,0.100646264851,0.0088768126443,102.364463806,38.9864616394,0.973874509335,0.000232830643654,0.000465661287308,2,536.811770871,110.196951825,23.1006128613,108.755742201,22.0376587775,66.5024344926,85.584964836,5150.00382438,0.006053596735,1121.62623554,1113.21732402,15,70.0796226738,35.1607268385,51.0910394951,0.00370045492859,0.00376894604415,-6.84911155568e-05,-4.36557456851e-05,1608.69656847,5089,10.1780004834,1076.48147742,536.812236533,6592,-1.04815690065e-05,1.04815690065e-05,1.41508281231,0,0,0,0,2.27716711265e-07,1.49196552002e-07
13.2480006292,2501.7389562,-9.69809570961,1.29297327995,-489.892211914,0.0706131160259,0.00620530592278,102.372383118,38.9832077026,0.973879873753,0.000232830643654,0.000465661287308,2,536.811770871,107.134796142,21.2432875338,106.919644202,20.9598664394,59.4760240347,78.8321485743,5150.00429004,0.006053596735,1128.65271512,1119.97034401,15,70.0796226738,37.5289528165,53.0309298483,0.00401630538549,0.00391992216464,9.63832208489e-05,0.000271029421128,1608.69656847,5089,10.1780004834,1076.48147742,536.812236533,6624,-1.06142042569e-05,1.06142042569e-05,1.41753005981,0,0,0,0,1.02319503981e-07,6.70382007684e-08
13.3120006323,2501.21974386,-6.7892201514,0.905155062675,-490.02545166,0.0495854280889,0.0043362355791,102.371299744,38.9834709167,0.973879098892,0.000232830643654,0.000465661287308,2,536.811770871,57.9384807893,10.2849959518,101.770735177,18.6946768179,59.4222656218,78.5929150879,5150.00429004,0.006053596735,1128.706499,1120.20969391,16,70.0719538145,39.2723559344,54.550007917,0.0039566686455,0.00388899934478,6.76693007184e-05,0.000301952240989,1608.69656847,5089,10.1780004834,1076.48147742,536.812236533,6656,-1.04858863779e-05,1.04858863779e-05,1.38677799702,0,0,0,0,4.59750211235e-08,3.01221412258e-08
13.3760006353,2500.85629523,-4.75398474009,0.633812606335,-490.118560791,0.0348488688469,0.00303158443421,102.371116638,38.9836120605,0.973878979683,0.000232830643654,0.000465661287308,2,536.811770871,2.79468781747,-1.32556387659,97.5087007178,17.0337683719,68.422203185,91.313610028,5150.00382438,0.006053596735,1128.706499,1120.20969391,16,70.0719538145,31.3902055495,50.4343552166,0.00367361328857,0.00377076503355,-9.71517449821e-05,-4.54747350886e-05,1608.69656847,5089,10.1780004834,1076.48147742,536.812236533,6688,-1.04399678094e-05,1.04399678094e-05,1.41161584854,0,0,0,0,2.06578718576e-08,1.35347253405e-08
13.4400006384,2500.6015785,-3.33216894433,0.444252729416,-490.183258057,0.024518687278,0.00211965641938,102.370613098,38.9837226868,0.97387868166,0.000232830643654,0.000465661287308,2,536.811770871,4.49984344143,-0.867612520216,93.4529771407,15.420405333,97.3634741968,106.423758552,5150.00335872,0.006053596735,1128.706499,1120.20969391,16,70.0719538145,27.3142541118,46.9961851195,0.00363183337571,0.00367072061636,-3.88872406498e-05,-0.000411091605201,1608.69656847,5089,10.1780004834,1076.48147742,536.812236533,6720,-1.04327209556e-05,1.04327209556e-05,1.41085314751,0,0,0,0,9.28216170593e-09,6.08153172266e-09
13.5040006414,2500.42323023,-2.33452851717,0.311244934797,-490.228790283,0.0172747652978,0.00148215796798,102.370079041,38.9838294983,0.973878324032,0.000232830643654,0.000465661287308,2,536.811770871,5.91105334902,-0.469724717082,89.5743603882,13.8400461022,111.038098112,114.099013445,5150.00429004,0.006053596735,1128.706499,1120.20969391,16,70.0719538145,27.8758907371,46.8617290608,0.0040862965095,0.00412728695665,-4.09904471477e-05,6.36646291241e-05,1608.69656847,5089,10.1780004834,1076.48147742,536.812236533,6752,-1.04959590317e-05,1.04959590317e-05,1.41340136528,0,0,0,0,4.17073575676e-09,2.7326028107e-09
13.5680006444,2500.29820018,-1.6379678982,0.218377798796,-490.260345459,0.0121939564124,0.00103581743315,102.36971283,38.9839363098,0.973878085613,0.000232830643654,0.000465661287308,2,536.811770871,6.6582088025,-0.140105696304,85.863745709,12.5032343921,118.27803246,120.457363664,5150.00382438,0.006053596735,1128.706499,1120.20969391,16,70.0719538145,28.7396833301,47.0107079309,0.00426957390276,0.00432373781223,-5.41639094687e-05,-0.000598447513767,1608.69656847,5089,10.1780004834,1076.48147742,536.812236533,6784,-1.03645443232e-05,1.03645443232e-05,1.41209721565,0,0,0,0,1.87402848795e-09,1.22783505585e-09
13.6320006475,2500.21042302,-1.14924978334,0.15322072804,-490.282470703,0.00862099975348,0.000725616293494,102.36907196,38.9840240479,0.973877608776,0.000232830643654,0.000465661287308,2,536.811770871,7.09358832523,0.1602869061,82.3139767538,11.4389975492,122.496858239,126.251936308,5150.00429004,0.006053596735,1128.706499,1120.20969391,16,70.0719538145,29.5962054224,47.2229257866,0.00448267988007,0.00452018866781,-3.75087877424e-05,-0.000329237082042,1608.69656847,5089,10.1780004834,1076.48147742,536.812236533,6816,-1.04678501884e-05,1.04678501884e-05,1.40869915485,0,0,0,0,8.42053482497e-10,5.5170085167e-10
13.6960006505,2500.1487229,-0.807536935099,0.107662752271,-490.29776001,0.00611349474639,0.000506453448907,102.368812561,38.9841346741,0.973877429962,0.000232830643654,0.000465661287308,2,536.811770871,7.36998308601,0.439114150919,78.9183806116,10.6155211329,125.175123685,131.630513351,5150.00475571,0.006053596735,1128.706499,1120.20969391,16,70.0719538145,30.4041859636,47.4226253573,0.00475089555196,0.00477666617371,-2.57706217477e-05,-0.000120053300634,1608.69656847,5089,10.1780004834,1076.48147742,536.812236533,6848,-1.0382612345e-05,1.0382612345e-05,1.41064333916,0,0,0,0,3.78358205877e-10,2.47894621497e-10
13.7600006536,2500.1054164,-0.567262759432,0.075628824532,-490.30859375,0.00434017414227,0.000357004930265,102.36844635,38.9842338562,0.973877191544,0.000232830643654,0.000465661287308,2,536.811770871,7.57770903196,0.76372825948,75.6702184479,9.98936987589,127.187988255,137.892318889,5150.00429004,0.006053596735,1128.706499,1120.20969391,16,70.0719538145,29.3384910037,47.0910017611,0.0044231079771,0.00442742020823,-4.31223112773e-06,-0.000236468622461,1608.69656847,5089,10.1780004834,1076.48147742,536.812236533,6880,-1.04817918327e-05,1.04817918327e-05,1.40983223915,0,0,0,0,1.70006925204e-10,1.11386004586e-10
13.8240006566,2500.07491559,-0.400420617552,0.0533850342035,-490.315887451,0.00309510831721,0.000250485172728,102.367851257,38.9843139648,0.973876833916,0.000232830643654,0.000465661287308,2,536.811770871,7.79891722487,1.23036502126,72.5637915527,9.53548282183,129.33149992,146.893740748,5150.00475571,0.006053596735,1128.706499,1120.20969391,16,70.0719538145,24.2542409978,45.2308158856,0.00455290992407,0.00445652403869,9.63858853842e-05,0.00020008883439,1608.69656847,5089,10.1780004834,1076.48147742,536.812236533,6912,-1.0376780665e-05,1.0376780665e-05,1.416436553,0,0,0,0,7.63888743927e-11,5.00488435418e-11
13.8880006596,2500.05349517,-0.283231145204,0.0377610549331,-490.320983887,0.00222236313857,0.000172849788214,102.367576599,38.9844017029,0.973876595497,0.000232830643654,0.000465661287308,2,536.811770871,40.8070853842,10.1204530248,69.5936502598,9.33954113797,129.473628476,148.24232494,5150.00429004,0.006053596735,1128.706499,1120.58699597,16,70.0719538145,24.1186589847,44.3146964244,0.00439793167162,0.0044610715122,-6.31398405782e-05,-0.000270119926427,1608.69656847,5089,10.1780004834,1076.48147742,536.812236533,6944,-1.0330502846e-05,1.0330502846e-05,1.41198134422,0,0,0,0,3.43236584988e-11,2.24883462546e-11
13.9520006627,2500.03812835,-0.199004432488,0.026531746611,-490.324707031,0.00160169566516,0.000119588563393,102.48853302,38.9324264526,0.973957598209,0.000232830643654,0.000465661287308,2,536.811770871,96.9481981608,20.9251998971,92.1430795664,17.7534172948,103.863378172,115.051065222,5150.00429004,0.006053596735,1154.31635641,1153.77816837,16,70.0719538145,27.1608405455,46.3623073301,0.00442150159541,0.00448380887974,-6.2307284332e-05,-0.000292857293971,1608.69656847,5089,10.1780004834,1076.48147742,536.812236533,6976,-1.0280557035e-05,1.0280557035e-05,1.41320621967,0,0,0,0,1.54225816146e-11,1.01046462864e-11
14.0160006657,2500.02741814,-0.14067049392,0.0187545269728,-490.327178955,0.0011529509211,8.59251376824e-05,102.560874939,38.9014511108,0.974005877972,0.000232830643654,0.000465661287308,2,536.811770871,109.489315607,23.3062205609,107.329160243,21.7955331874,72.7957303752,90.8607544261,5150.00475571,0.006053596735,1185.38411334,1177.96834093,16,70.0719538145,33.8882455253,50.2572474943,0.00455133196409,0.00455111148767,2.20476414903e-07,0.000105501385406,1608.69656847,5089,10.1780004834,1076.48147742,536.812236533,7008,-1.03844495243e-05,1.03844495243e-05,1.41057634354,0,0,0,0,6.92979961608e-12,4.54029955993e-12
14.0800006688,2500.01996756,-0.0991580577647,0.0132199889049,-490.329101562,0.000838778971229,6.17901459918e-05,102.578132629,38.8942260742,0.974017381668,0.000232830643654,0.000465661287308,2,536.811770871,109.023859915,22.1434017113,108.382747713,21.5922675991,60.9591988905,80.534380686,5150.00335872,0.006053596735,1197.22064119,1188.29449639,16,70.0719538145,36.6947897419,52.3031085322,0.003979032423,0.00400905264542,-3.0020222419e-05,-0.000749423634261,1608.69656847,5089,10.1780004834,1076.48147742,536.812236533,7040,-1.03640759335e-05,1.03640759335e-05,1.41426157951,0,0,0,0,3.11375252839e-12,2.04008424737e-12
14.1440006718,2500.01437962,-0.070327416779,0.00937621947378,-490.330200195,0.000606858462561,4.68748221465e-05,102.579048157,38.8938407898,0.974018037319,0.000232830643654,0.000465661287308,2,536.811770871,85.8640753259,16.4202890536,103.52749805,19.5146904255,59.4158082095,78.5925440141,5150.00335872,0.006053596735,1198.76395911,1190.23630396,17,70.057780249,38.6438405258,54.0099135833,0.00364070017189,0.00363615981769,4.54035420372e-06,-0.000376530806534,1608.69656847,5089,10.1780004834,1076.48147742,536.812236533,7072,-1.0345624105e-05,1.0345624105e-05,1.4111225605,0,0,0,0,1.39909600832e-12,9.16666807564e-13
14.2080006748,2500.01088716,-0.0489417502081,0.00652503129095,-490.331329346,0.000455335568404,3.34157557518e-05,102.57849884,38.8941116333,0.974017620087,0.000232830643654,0.000465661287308,2,536.811770871,15.5693463933,1.38092589678,99.1322104637,17.6246835819,59.4158082095,81.209356722,5150.00382438,0.006053596735,1198.76395911,1190.23630396,17,70.057780249,37.9112279916,55.2445890207,0.00378976848514,0.00373802322429,5.17452608539e-05,-1.27329258248e-05,1608.69656847,5089,10.1780004834,1076.48147742,536.812236533,7104,-1.02965650512e-05,1.02965650512e-05,1.41110777855,0,0,0,0,6.28653108303e-13,4.11884068519e-13
14.2720006779,2500.00809319,-0.0357645149052,0.00476821046323,-490.331726074,0.000343314430211,2.50928897003e-05,102.578041077,38.8943443298,0.974017322063,0.000232830643654,0.000465661287308,2,536.811770871,3.60769294563,-1.07972231376,95.0034144815,16.0702560454,88.7185378815,102.332160168,5150.00429004,0.006053596735,1198.76395911,1190.23630396,17,70.057780249,27.5467627944,47.246721806,0.00400206444373,0.00404179445468,-3.97300109478e-05,0.000149157131091,1608.69656847,5089,10.1780004834,1076.48147742,536.812236533,7136,-1.03290840343e-05,1.03290840343e-05,1.41083705425,0,0,0,0,2.82471393281e-13,1.85071074676e-13
14.3360006809,2500.00623055,-0.0271739821756,0.00362290022895,-490.331939697,0.000247465417488,2.29191537073e-05,102.577766418,38.8945732117,0.97401714325,0.000232830643654,0.000465661287308,2,536.811770871,5.46595470565,-0.612842688417,91.0574972821,14.4355667929,106.725092337,111.338267743,5150.00429004,0.006053596735,1198.76395911,1190.23630396,17,70.057780249,27.5760376098,46.857396228,0.00447005631121,0.00443833414465,3.17221665602e-05,-0.000247382558882,1608.69656847,5089,10.1780004834,1076.48147742,536.812236533,7168,-1.02550329757e-05,1.02550329757e-05,1.41038513184,0,0,0,0,1.26922317057e-13,8.31576290033e-14
14.400000684,2500.00460073,-0.0199406215984,0.00265853130259,-490.332122803,0.000172506959643,2.18978584599e-05,102.577278137,38.8947868347,0.974016845226,0.000232830643654,0.000465661287308,2,536.811770871,6.41400983058,-0.265232936703,87.2826219564,12.9934800219,115.911745524,118.043659313,5150.00429004,0.006053596735,1198.76395911,1190.23630396,17,70.057780249,28.3955268969,46.9346887257,0.00414668831217,0.00414001988247,6.66842969732e-06,5.09317032993e-05,1608.69656847,5089,10.1780004834,1076.48147742,536.812236533,7200,-1.02032736322e-05,1.02032736322e-05,1.41162800789,0,0,0,0,5.70297593329e-14,3.73650627583e-14
14.464000687,2500.00343658,-0.0131899087208,0.00175851013046,-490.332427979,0.000132736196974,1.7344549633e-05,102.576637268,38.8949813843,0.974016427994,0.000232830643654,0.000465661287308,2,536.811770871,6.94622118572,0.0450891388631,83.6712439395,11.8242803384,121.068871522,124.029771541,5150.00335872,0.006053596735,1198.76395911,1190.23630396,17,70.057780249,29.2648910545,47.136174544,0.00406776122508,0.00407089828514,-3.13706005617e-06,-0.000811269273981,1608.69656847,5089,10.1780004834,1076.48147742,536.812236533,7232,-1.0203909369e-05,1.0203909369e-05,1.41000020504,0,0,0,0,2.56250658307e-14,1.67891687965e-14
14.52800069,2500.00273809,-0.00851217762943,0.00113486382179,-490.332733154,0.000112089117465,1.26992781588e-05,102.57610321,38.8951683044,0.974016070366,0.000232830643654,0.000465661287308,2,536.811770871,7.27360997046,0.331966339487,80.2166170723,10.9115674703,124.241269077,129.563632072,5150.00429004,0.006053596735,1198.76395911,1190.23630396,17,70.057780249,30.093069654,47.3451764265,0.0041631373765,0.00416548573412,-2.34835761947e-06,2.54658516496e-05,1608.69656847,5089,10.1780004834,1076.48147742,536.812236533,7264,-9.8830787465e-06,9.8830787465e-06,1.40850055218,0,0,0,0,1.15140602063e-14,7.54384483484e-15
14.5920006931,2500.00250526,-0.0055673154975,0.000742247793823,-490.333007812,9.65945000644e-05,1.03678130472e-05,102.575370789,38.8953323364,0.974015533924,0.000232830643654,0.000465661287308,2,536.811770871,7.49360499004,0.608514635354,76.9120757685,10.2123474706,126.373022795,134.898247779,5150.00522137,0.006053596735,1198.76395911,1190.23630396,17,70.057780249,30.5855828628,47.4450789625,0.00424057232384,0.00424370227847,-3.12995462881e-06,0.000878571881913,1608.69656847,5089,10.1780004834,1076.48147742,536.812236533,7296,-9.15270538826e-06,9.15270538826e-06,1.40921890736,0,0,0,0,5.17358999744e-15,3.38966153052e-15
14.6560006961,2500.0020396,-0.00365114072309,0.00048677882296,-490.33303833,8.61248627189e-05,8.93407650437e-06,102.57509613,38.8955192566,0.97401535511,0.000232830643654,0.000465661287308,2,536.811770871,7.71249350399,1.05508047452,73.7514085806,9.6934132675,128.494051751,143.512501381,5150.00429004,0.006053596735,1198.76395911,1190.23630396,17,70.057780249,26.0555734712,46.0143855889,0.0042316265908,0.00418003764935,5.15889414521e-05,1.09139364213e-05,1608.69656847,5089,10.1780004834,1076.48147742,536.812236533,7328,-9.0525181804e-06,9.0525181804e-06,1.41235733032,0,0,0,0,2.32463893682e-15,1.52306974185e-15
14.7200006992,2500.0020396,-0.00238246045114,0.000317635334795,-490.333221436,7.96169042587e-05,7.88843226474e-06,102.574287415,38.8956756592,0.974014818668,0.000232830643654,0.000465661287308,2,536.811770871,19.9517203217,4.5772892219,70.7290046965,9.33198650167,129.464213387,148.620267282,5150.00429004,0.006053596735,1198.76395911,1190.23630396,17,70.057780249,23.9941582549,44.5950390713,0.0044612287059,0.00437285052612,8.83781797745e-05,-0.000181898940355,1608.69656847,5089,10.1780004834,1076.48147742,536.812236533,7360,-8.93390279089e-06,8.93390279089e-06,1.41195785999,0,0,0,0,1.04452534929e-15,6.84357834514e-16
14.7840007022,2500.00180677,-0.00155540147428,0.000207369841519,-490.333190918,7.53630447434e-05,7.21033848095e-06,102.609840393,38.8863601685,0.974038481712,0.000232830643654,0.000465661287308,2,536.811770871,82.468545107,17.9609056419,77.7056028267,14.3440138667,121.799799672,129.411491798,5150.00475571,0.006053596735,1206.42827824,1209.4451813,17,70.057780249,25.0295779551,44.8000755569,0.00485921098498,0.00489126250613,-3.20515211594e-05,-0.000234649633057,1608.69656847,5089,10.1780004834,1076.48147742,536.812236533,7392,-8.7941352831e-06,8.7941352831e-06,1.41562438011,0,0,0,0,4.69334444508e-16,3.07501229578e-16
14.8480007052,2500.00180677,-0.00101701980171,0.000135591515573,-490.333282471,7.25044883438e-05,6.78974129187e-06,102.712944031,38.8594207764,0.974106967449,0.000232830643654,0.000465661287308,2,536.811770871,107.069033907,23.005547684,103.961486315,20.9196952948,82.0399000077,98.2513520285,5150.00382438,0.006053596735,1246.18795235,1240.60525559,17,70.057780249,32.0152903441,49.2469735036,0.00470129996738,0.00467116478831,3.01351790744e-05,-0.000945874489844,1608.69656847,5089,10.1780004834,1076.48147742,536.812236533,7424,-8.87594251253e-06,8.87594251253e-06,1.41053414345,0,0,0,0,2.10885117899e-16,1.38168927564e-16
14.9120007083,2500.00180677,-0.000630074104002,8.40029824758e-05,-490.333312988,7.0675938332e-05,6.50498895993e-06,102.735908508,38.8533821106,0.974122226238,0.000232830643654,0.000465661287308,2,536.811770871,110.018328762,22.8328156081,108.893661238,21.9708582496,64.0241705696,83.4196689539,5150.00429004,0.006053596735,1264.20368906,1255.43703325,17,70.057780249,35.7449571311,51.5241190442,0.00454299104585,0.00458931026515,-4.63192192934e-05,-0.000398358679377,1608.69656847,5089,10.1780004834,1076.48147742,536.812236533,7456,-9.10547714739e-06,9.10547714739e-06,1.41158425808,0,0,0,0,9.47565633403e-17,6.2083160755e-17
14.9760007113,2500.00180677,-0.000433883068363,5.78463295824e-05,-490.333343506,6.95047419867e-05,6.31148577668e-06,102.740211487,38.8523330688,0.974125087261,0.000232830643654,0.000465661287308,2,536.811770871,103.685802061,20.3368410493,105.51416505,20.4566824306,59.4075172557,78.589648183,5150.00429004,0.006053596735,1268.82025506,1260.26687212,18,70.0567034073,37.9445918952,53.3930870006,0.00437289422034,0.00437466951553,-1.77529518863e-06,-0.000183717929758,1608.69656847,5089,10.1780004834,1076.48147742,536.812236533,7488,-8.86420912138e-06,8.86420912138e-06,1.41276109219,0,0,0,0,4.25767728382e-17,2.78957132463e-17
15.0400007144,2500.00180677,-0.000284320594846,3.79063021683e-05,-490.333374023,6.86889252393e-05,6.19963930149e-06,102.739219666,38.8526306152,0.97412443161,0.000232830643654,0.000465661287308,2,536.811770871,41.5228631397,6.68226122263,100.799119769,18.2887645885,59.4075172557,78.589648183,5150.00475571,0.006053596735,1268.82025506,1260.26687212,18,70.0567034073,39.5890456275,54.8074422113,0.00453681642948,0.00454929249827,-1.24760687892e-05,0.000107320374809,1608.69656847,5089,10.1780004834,1076.48147742,536.812236533,7520,-8.84549353941e-06,8.84549353941e-06,1.41173648834,0,0,0,0,1.91309372542e-17,1.25343240703e-17
15.1040007174,2500.00180677,-0.000185557985644,2.47390344157e-05,-490.333374023,6.81772362441e-05,6.11939458395e-06,102.738586426,38.8527946472,0.974123954773,0.000232830643654,0.000465661287308,2,536.811770871,2.39159953514,-1.38907464467,96.5899778349,16.7034830786,76.9345933804,96.3647544268,5150.00522137,0.006053596735,1268.82025506,1260.26687212,18,70.0567034073,28.9915824396,48.1121533085,0.00520891169781,0.00527870724909,-6.97955512829e-05,-0.000156433088705,1608.69656847,5089,10.1780004834,1076.48147742,536.812236533,7552,-8.75758632901e-06,8.75758632901e-06,1.40977072716,0,0,0,0,8.59606837028e-18,5.63202174156e-18
15.1680007204,2500.00180677,-0.000121003970732,1.61325388035e-05,-490.333374023,6.78460055497e-05,6.06628145761e-06,102.738136292,38.8529624939,0.97412365675,0.000232830643654,0.000465661287308,2,536.811770871,4.88670152477,-0.771090104233,92.5747385383,15.0646415687,101.112127595,108.285676106,5150.00568703,0.006053596735,1268.82025506,1260.26687212,18,70.0567034073,27.3588229902,46.9177903142,0.00506907688047,0.00512045517098,-5.13782905109e-05,0.000467480276711,1608.69656847,5089,10.1780004834,1076.48147742,536.812236533,7584,-8.75890782481e-06,8.75890782481e-06,1.41159892082,0,0,0,0,3.86245410946e-18,2.53062570123e-18
15.2320007235,2500.00180677,-7.90242038473e-05,1.05356957647e-05,-490.333404541,6.76264971844e-05,6.03269563726e-06,102.737678528,38.8531227112,0.974123358727,0.000232830643654,0.000465661287308,2,536.811770871,6.10819676117,-0.395804521299,88.734218175,13.5277670479,112.948415335,115.52493379,5150.00475571,0.006053596735,1268.82025506,1260.26687212,18,70.0567034073,28.0548902083,46.8761245429,0.00468606592419,0.00465297489427,3.30910299162e-05,3.63797880709e-06,1608.69656847,5089,10.1780004834,1076.48147742,536.812236533,7616,-8.74579836818e-06,8.74579836818e-06,1.41086995602,0,0,0,0,1.73550888397e-18,1.1370813475e-18
15.2960007265,2500.00180677,-5.15989126426e-05,6.87929059495e-06,-490.333404541,6.748339365e-05,6.01067222306e-06,102.73740387,38.8532905579,0.974123179913,0.000232830643654,0.000465661287308,2,536.811770871,6.76836265142,-0.0737888568949,85.060029826,12.250202145,119.345422718,121.736615256,5150.00475571,0.006053596735,1268.82025506,1260.26687212,18,70.0567034073,28.9262607112,47.0501290692,0.00467859101461,0.00468935468234,-1.07636677349e-05,-3.27418092638e-05,1608.69656847,5089,10.1780004834,1076.48147742,536.812236533,7648,-8.83087341208e-06,8.83087341208e-06,1.417765975,0,0,0,0,7.79812786859e-19,5.10922477607e-19
15.3600007296,2500.00180677,-3.36789068855e-05,4.49015260529e-06,-490.333404541,6.73903850839e-05,5.9961680563e-06,102.736961365,38.8534393311,0.974122881889,0.000232830643654,0.000465661287308,2,536.811770871,7.16071618102,0.221653147117,81.5450903903,11.2411852894,123.14732885,127.435690956,5150.00475571,0.006053596735,1268.82025506,1260.26687212,18,70.0567034073,29.7735259664,47.2633146273,0.00481271306141,0.00486761564389,-5.49025824803e-05,-0.000211002770811,1608.69656847,5089,10.1780004834,1076.48147742,536.812236533,7680,-8.79130129761e-06,8.79130129761e-06,1.41203486919,0,0,0,0,3.50391717074e-19,2.29571803949e-19
15.4240007326,2500.00180677,-2.19854273675e-05,2.93114976557e-06,-490.333404541,6.73295580782e-05,5.98673750574e-06,102.736595154,38.8535842896,0.974122643471,0.000232830643654,0.000465661287308,2,536.811770871,7.41377818524,0.496261939356,78.1827928802,10.4634706866,125.599501189,132.73289369,5150.00475571,0.006053596735,1268.82025506,1260.26687212,18,70.0567034073,30.5703870254,47.4566077173,0.00495278235091,0.00498221197631,-2.94296254033e-05,-0.000325599103235,1608.69656847,5089,10.1780004834,1076.48147742,536.812236533,7712,-8.66835216584e-06,8.66835216584e-06,1.4134799242,0,0,0,0,1.57440840279e-19,1.03153054225e-19
15.4880007356,2500.00180677,-1.43551403403e-05,1.91386152437e-06,-490.333404541,6.72898386256e-05,5.9805897763e-06,102.735954285,38.8537063599,0.974122226238,0.000232830643654,0.000465661287308,2,536.811770871,7.62290088283,0.864311487044,74.9667280781,9.87584706753,127.62589904,139.832569403,5150.00568703,0.006053596735,1268.82025506,1260.26687212,18,70.0567034073,28.2317632809,46.7582358397,0.00506914793474,0.00511317921337,-4.40312786232e-05,0.000474756234325,1608.69656847,5089,10.1780004834,1076.48147742,536.812236533,7744,-8.66053323989e-06,8.66053323989e-06,1.40988171101,0,0,0,0,7.07425927112e-20,4.63495598972e-20
15.5520007387,2503.94502655,198.065215955,-26.4065284729,-518.673400879,0.219447761774,-0.00503860972822,102.735687256,38.8538475037,0.974122047424,0.000232830643654,0.000465661287308,3,532.214995474,9.14302903375,1.66023559259,71.8910214783,9.45533097814,129.449763335,148.311475641,5150.00568703,0.006053596735,1268.82025506,1260.26687212,18,70.0567034073,23.6852229136,45.0131483376,0.00541183992064,0.00541149347555,3.46445094834e-07,0.000176441972144,1612.63978396,7755,15.5100007367,1608.69667373,532.215170097,7776,-8.74757370184e-06,8.74757370184e-06,1.41642129421,0,0,0.00979054346681,0.00611909013242,0.00885793846101,0.00554198911414
15.6160007417,2524.63365905,422.896380769,-56.3815574646,-558.792785645,1.30005717278,-0.00879485346377,102.735420227,38.8539848328,0.97412186861,0.000232830643654,0.000465661287308,3,532.214995474,55.8335545687,13.3212611423,68.9505090826,10.6013118976,129.449763335,143.623226904,5150.00568703,0.006053596735,1268.82025506,1265.26074018,18,70.0567034073,24.231218049,44.2722266598,0.00572321662284,0.00578438630328,-6.1169680432e-05,-0.000196450855583,1633.3285252,7755,15.5100007367,1608.69667373,532.215170097,7808,-8.73952831171e-06,8.73952831171e-06,1.41153109074,0,0,0.0240068491548,0.0150042818859,0.0230372399092,0.0144148301333
15.6800007448,2556.4392563,554.392288905,-73.912902832,-591.919372559,2.73445606232,0.058610085398,102.786964417,38.8775482178,0.974156022072,0.000232830643654,0.000465661287308,3,532.214995474,101.762121189,21.9452946275,97.5229255184,19.1630514505,95.0402973103,108.301050204,5150.00568703,0.00651925802231,1303.22971381,1300.58301147,18,70.0567034073,28.8514274871,47.4592307,0.00570141406309,0.00579166226089,-9.02481978038e-05,-0.000203726813197,1665.13418799,7755,15.5100007367,1608.69667373,532.215170097,7840,-8.58628391143e-06,8.58628391143e-06,1.4101806879,0,0,0.0380066409707,0.0237541534007,0.0370103567839,0.0231582336128
15.7440007478,2594.53989565,626.377062872,-83.5100860596,-620.198608398,4.3341422081,0.177614688873,102.805046082,38.8858566284,0.974167943001,0.000232830643654,0.000465661287308,3,532.214995474,110.001144734,23.2415094379,108.259016852,21.9892783409,69.0285451128,87.7491693245,5150.00615269,0.00651925802231,1329.24143691,1321.13473956,18,70.0567034073,34.6236738551,50.711165386,0.00580265219208,0.00586078385822,-5.81316661474e-05,0.000192812876776,1703.23479267,7755,15.5100007367,1608.69667373,532.215170097,7872,-8.62080378283e-06,8.62080378283e-06,1.40652227402,0,0,0.0516701638699,0.032293856144,0.0506587252021,0.0316977575421
15.8080007508,2635.93508862,661.191064864,-88.1515731812,-645.137512207,6.01040887833,0.326827377081,102.809028625,38.8878211975,0.974170565605,0.000232830643654,0.000465661287308,3,532.214995474,108.072028845,21.6751735751,107.659597526,21.2709185863,59.9508821324,79.466131865,5150.00568703,0.00698491930962,1338.31892163,1329.4176897,18,70.0567034073,37.1627502318,52.7014235558,0.00596819443865,0.00605723471381,-8.9040275153e-05,-0.000469299266115,1744.63002259,7755,15.5100007367,1608.69667373,532.215170097,7904,-8.74350462254e-06,8.74350462254e-06,1.41864264011,0,0,0.0648801028728,0.0405500680208,0.0638661906123,0.0399604775012
15.8720007539,2678.68838273,671.075424179,-89.4693832397,-667.418640137,7.70313453674,0.49336335063,102.808387756,38.8879127502,0.974170148373,0.000232830643654,0.000465661287308,3,532.214995474,71.3382099823,13.2325493307,102.516584982,19.0502876766,59.4028024352,78.5884258221,5150.00568703,0.00698491930962,1338.86700496,1330.29546123,19,70.0469463482,38.995367504,54.3075002497,0.00633776636727,0.00630097929388,3.67870733875e-05,-0.00071304384619,1787.38324917,7755,15.5100007367,1608.69667373,532.215170097,7936,-8.627297575e-06,8.627297575e-06,1.41319608688,0,0,0.0775231644511,0.0484519787133,0.0765203386545,0.0478758662939
15.9360007569,2721.44726478,662.818434648,-88.3685379028,-687.283874512,9.36637496948,0.669509649277,102.80821228,38.8879165649,0.974170029163,0.000232830643654,0.000465661287308,3,532.214995474,6.65237687232,-0.405961071037,98.2054009794,17.2952754359,61.8820267846,86.400526925,5150.00661835,0.00698491930962,1338.86700496,1330.29546123,19,70.0469463482,34.3480824085,53.6382067367,0.00610229605735,0.00617001205683,-6.77159994744e-05,0.000349245965481,1830.14241418,7755,15.5100007367,1608.69667373,532.215170097,7968,-8.68782171892e-06,8.68782171892e-06,1.41252183914,0,0,0.0894911065698,0.0559319406748,0.0885135382414,0.0553764253855
16.00000076,2763.20148259,640.619779006,-85.4089584351,-704.797729492,10.9630308151,0.850382804871,102.807762146,38.8879127502,0.97416973114,0.000232830643654,0.000465661287308,3,532.214995474,4.12446243555,-0.957004223855,94.1185688914,15.7128176441,93.7260338105,104.699392978,5150.00475571,0.00698491930962,1338.86700496,1330.29546123,19,70.0469463482,27.3498881143,47.0808299724,0.00602839961283,0.0061063474277,-7.79478148694e-05,-0.00144973455463,1871.89646329,7755,15.5100007367,1608.69667373,532.215170097,8000,-8.59661213326e-06,8.59661213326e-06,1.41899824142,0,0,0.100681699812,0.062926068902,0.0997438430786,0.0623982958496
16.064000763,2803.15545388,607.317721006,-80.9690475464,-719.948486328,12.4625396729,1.03259265423,102.807395935,38.8879013062,0.974169492722,0.000232830643654,0.000465661287308,3,532.214995474,5.72054622386,-0.533489135667,90.2109678259,14.1030428515,109.192085802,112.868998258,5150.00615269,0.00698491930962,1338.86700496,1330.29546123,19,70.0469463482,27.7332183032,46.8485632155,0.00571684083406,0.00567888491787,3.79559161878e-05,0.00037471181713,1911.85052097,7755,15.5100007367,1608.69667373,532.215170097,8032,-8.51966251503e-06,8.51966251503e-06,1.40853154659,0,0,0.110999599099,0.0693747550249,0.110115863383,0.0688817203045
16.128000766,2840.67285247,565.118563827,-75.342956543,-732.718383789,13.8402462006,1.21347773075,102.807167053,38.8879013062,0.974169373512,0.000232830643654,0.000465661287308,3,532.214995474,6.55140743217,-0.196480973735,86.4728118231,12.7177124488,117.243129353,119.369884487,5150.00708401,0.00745058059692,1338.86700496,1330.29546123,19,70.0469463482,28.583135645,46.9697224617,0.0062876482354,0.00634827301838,-6.06247829715e-05,0.000636646291241,1949.36776484,7755,15.5100007367,1608.69667373,532.215170097,8064,-8.63251170813e-06,8.63251170813e-06,1.41657924652,0,0,0.120357088745,0.075223185122,0.119541496038,0.0747716352344
16.1920007691,2875.24843588,515.912019182,-68.782623291,-743.111633301,15.0775775909,1.3906160593,102.806800842,38.8878898621,0.974169135094,0.000232830643654,0.000465661287308,3,532.214995474,7.02749922049,0.108280211448,82.8966368916,11.6064301177,121.856457554,125.248727272,5150.00615269,0.00745058059692,1338.86700496,1330.29546123,19,70.0469463482,29.4463916362,47.1786952403,0.00603133415433,0.00601903593633,1.22982179995e-05,3.45607986674e-05,1983.94346455,7755,15.5100007367,1608.69667373,532.215170097,8096,-8.61414082465e-06,8.61414082465e-06,1.40471506119,0,0,0.128674805164,0.0804217532277,0.127940684557,0.0800180286169
16.2560007721,2906.50315583,461.802643258,-61.5686340332,-751.222839355,16.1625804901,1.56154251099,102.806495667,38.8878898621,0.974168896675,0.000232830643654,0.000465661287308,3,532.214995474,7.32557041287,0.390723184884,79.475652923,10.7433685425,124.744765344,130.697051645,5150.00615269,0.00745058059692,1338.86700496,1330.29546123,19,70.0469463482,30.2636526612,47.3830841656,0.00620420209652,0.00630643626209,-0.000102234165578,-0.000252839527093,2015.19820115,7755,15.5100007367,1608.69667373,532.215170097,8128,-8.66996197146e-06,8.66996197146e-06,1.41456139088,0,0,0.135882511735,0.0849265754223,0.13524210453,0.0845764353871
16.3200007752,2934.18066576,404.573976994,-53.9387702942,-757.164123535,17.0903549194,1.72356808186,102.806221008,38.8878898621,0.974168717861,0.000232830643654,0.000465661287308,3,532.214995474,7.5362395631,0.687282030823,76.2032089808,10.0845815497,126.786151668,136.417671456,5150.00615269,0.00745058059692,1338.86700496,1330.29546123,19,70.0469463482,30.0657557091,47.2913270642,0.00643068759354,0.00637737684883,5.33107447076e-05,-0.000323780113831,2042.87580857,7755,15.5100007367,1608.69667373,532.215170097,8160,-8.66877599037e-06,8.66877599037e-06,1.41141164303,0,0,0.141919583082,0.0886997357011,0.141383767128,0.0884082689881
16.3840007782,2958.14545825,346.061366145,-46.1377296448,-761.113830566,17.8629188538,1.8737745285,102.806221008,38.8879051208,0.974168717861,0.000232830643654,0.000465661287308,3,532.214995474,7.75793943456,1.15362082121,73.0734598584,9.60178343075,128.934421809,145.413345308,5150.00708401,0.00745058059692,1338.86700496,1330.29546123,19,70.0469463482,25.0036209763,45.5768968095,0.00643372871645,0.00647287379252,-3.91450760695e-05,0.000512045517098,2066.84040313,7755,15.5100007367,1608.69667373,532.215170097,8192,-8.46506372909e-06,8.46506372909e-06,1.41252112389,0,0,0.146735489368,0.0917096883059,0.146313518286,0.0914811864495
16.4480007812,2978.36586833,287.808477879,-38.3713150024,-763.262145996,18.4884471893,2.00900673866,102.806037903,38.8879051208,0.974168598652,0.000232830643654,0.000465661287308,3,532.214995474,30.1644807291,7.3191955304,70.0808020686,9.27130952336,129.446387291,148.620049004,5150.00708401,0.00745058059692,1338.86700496,1330.29546123,19,70.0469463482,24.06229396,44.4089710072,0.00711616948701,0.00716227077646,-4.61012894526e-05,-0.000177351466846,2087.06080366,7755,15.5100007367,1608.69667373,532.215170097,8224,-8.52843550092e-06,8.52843550092e-06,1.41550278664,0,0,0.150290250778,0.0939314067364,0.149989500642,0.093769274652
16.5120007843,2994.8966112,230.880104937,-30.7814884186,-763.777832031,18.9795761108,2.12609815598,102.79611969,38.9323806763,0.974162042141,0.000232830643654,0.000465661287308,3,532.214995474,91.3868871161,19.7684899475,86.3014623071,16.3206183956,111.901077616,121.315366414,5150.00708401,0.00745058059692,1356.41230736,1357.60009289,19,70.0469463482,26.0172837443,45.5405679531,0.00661028315418,0.00662112142891,-1.08382747221e-05,0.000363797880709,2103.59158496,7755,15.5100007367,1608.69667373,532.215170097,8256,-8.52574794408e-06,8.52574794408e-06,1.41905713081,0,0,0.152555510402,0.0953472033143,0.152381032705,0.0952537059784
16.5760007873,3007.84991123,175.999710336,-23.4647026062,-762.8125,19.3514041901,2.22204685211,102.785881042,38.9785194397,0.974155306816,0.000232830643654,0.000465661287308,3,532.214995474,108.622782067,23.2430989239,106.062779425,21.4879731484,76.5649383538,93.9216624829,5150.00568703,0.00745058059692,1391.74854849,1384.99366585,19,70.0469463482,33.1571864081,49.8433801113,0.00605435451773,0.00603904481977,1.53096979538e-05,-0.000451109372079,2116.54490479,7755,15.5100007367,1608.69667373,532.215170097,8288,-8.49512707646e-06,8.49512707646e-06,1.41222977638,0,0,0.153517767787,0.0959486067295,0.153472438455,0.0959250405431
16.6400007904,3017.39340648,125.224862131,-16.6952781677,-760.722595215,19.6198883057,2.29450082779,102.783348083,38.9890289307,0.974153637886,0.000232830643654,0.000465661287308,3,532.214995474,109.558220189,22.48339056,108.710137871,21.7988275253,62.1272774879,81.683479948,5150.00615269,0.00745058059692,1406.18602745,1397.23182656,19,70.0469463482,36.2797654816,51.9494715263,0.00604363953327,0.00607724359725,-3.36040639759e-05,-2.36468622461e-05,2126.08843492,7755,15.5100007367,1608.69667373,532.215170097,8320,-8.42758618091e-06,8.42758618091e-06,1.41234087944,0,0,0.153166651726,0.0957291573286,0.153450608253,0.0959130004048
16.7040007934,3023.9415355,81.4160885056,-10.8545875549,-758.092651367,19.8035049438,2.34440565109,102.782569885,38.9903564453,0.974153101444,0.000232830643654,0.000465661287308,3,532.214995474,95.6273353308,18.5695670598,104.355319916,19.9245580577,59.3997392571,78.5882002674,5150.00615269,0.00745058059692,1408.91340561,1400.32707714,20,70.0466189301,38.3356564271,53.734616813,0.00627455348789,0.00621184881311,6.27046747859e-05,-0.000158252078108,2132.63651781,7755,15.5100007367,1608.69667373,532.215170097,8352,-8.48602849146e-06,8.48602849146e-06,1.41147840023,0,0,0.151504427195,0.0946902707219,0.152627825737,0.0954364389181
16.7680007964,3027.77113393,39.6494397137,-5.28615808487,-754.401977539,19.9163360596,2.37183976173,102.78238678,38.9900817871,0.974152982235,0.000232830643654,0.000465661287308,3,532.214995474,26.2949028046,3.36618538729,99.8571991804,17.9128969399,59.3997392571,78.7126627984,5150.00568703,0.00745058059692,1408.91340561,1400.32707714,20,70.0466189301,39.7727344534,55.0483673578,0.00624025914275,0.00622640072834,1.3858414416e-05,-0.000638465280645,2136.46628563,7755,15.5100007367,1608.69667373,532.215170097,8384,-8.34135425976e-06,8.34135425976e-06,1.4118090868,0,0,0.14854568243,0.0928410589695,0.150684118271,0.0942867845297
16.8320007995,3028.93598564,-2.03840863833,0.271765500307,-749.415222168,19.966550827,2.37505316734,102.782478333,38.9898834229,0.97415304184,0.000232830643654,0.000465661287308,3,532.214995474,3.10318818024,-1.20221676776,95.6944160331,16.3599416922,83.8298874442,99.969242001,5150.00568703,0.00745058059692,1408.91340561,1400.32707714,20,70.0466189301,27.9419473372,47.4664266221,0.00665875460326,0.00669933797326,-4.05833699979e-05,-0.00111140252557,2137.63637317,7755,15.5100007367,1608.69667373,532.215170097,8416,-8.43504403747e-06,8.43504403747e-06,1.4176081419,0,0,0.14431655407,0.0901978388429,0.147518143058,0.0923857167363
16.8960008025,3027.41280757,-44.3774697487,5.91651058197,-743.023620605,19.9588546753,2.35215187073,102.782119751,38.9896774292,0.974152803421,0.000232830643654,0.000465661287308,3,532.214995474,5.22016716337,-0.682481412415,91.7183864984,14.7157805317,104.343409475,109.994936793,5150.00754967,0.00745058059692,1408.91340561,1400.32707714,20,70.0466189301,27.4619305856,46.871136874,0.00689724116709,0.00689942680765,-2.18564055743e-06,0.000551153789274,2137.63637317,7755,15.5100007367,1608.69667373,532.215170097,8448,-8.34799175209e-06,8.34799175209e-06,1.41374313831,0,0,0.138853922486,0.0867837071419,0.143126681447,0.0897210687399
16.9600008056,3023.14572036,-87.7425336512,11.6980447769,-735.149780273,19.8947963715,2.30169868469,102.782203674,38.9894981384,0.974152863026,0.000232830643654,0.000465661287308,3,532.214995474,6.28192089233,-0.323930954638,87.914995648,13.2287843732,114.631802717,116.911374789,5150.00661835,0.00791624188423,1408.91340561,1400.32707714,20,70.0466189301,28.2393484667,46.9014048576,0.00650391313028,0.00651016307529,-6.24994500598e-06,9.09494701773e-06,2137.63637317,7755,15.5100007367,1608.69667373,532.215170097,8480,-8.43274665385e-06,8.43274665385e-06,1.41263258457,0,0,0.132205277681,0.0826283022761,0.137544125319,0.0863084346056
17.0240008086,3016.07791334,-131.878419779,17.5823459625,-725.799926758,19.7736530304,2.22297930717,102.782119751,38.989315033,0.974152803421,0.000232830643654,0.000465661287308,3,532.214995474,6.8677728205,-0.00856737762571,84.2763693005,12.0106054491,120.308708574,122.994737467,5150.00661835,0.00791624188423,1408.91340561,1400.32707714,20,70.0466189301,29.1115429718,47.0929262519,0.00669179484047,0.0067193468567,-2.75520162241e-05,-0.00020008883439,2137.63637317,7755,15.5100007367,1608.69667373,532.215170097,8512,-8.40582470119e-06,8.40582470119e-06,1.41664457321,0,0,0.124428167939,0.0777676030993,0.130823075771,0.0821770876646
17.0880008116,3006.15723245,-176.850153366,23.5780849457,-714.939758301,19.5930900574,2.11587738991,102.782203674,38.9891433716,0.974152863026,0.000232830643654,0.000465661287308,3,532.214995474,7.22267820746,0.282141282409,80.7954463292,11.0549892786,123.747740872,128.602507175,5150.00661835,0.00791624188423,1408.91340561,1400.32707714,20,70.0466189301,29.9486600852,47.3046166007,0.00665007177103,0.00660656951368,4.35022573519e-05,-8.73114913702e-05,2137.63637317,7755,15.5100007367,1608.69667373,532.215170097,8544,-8.44927490107e-06,8.44927490107e-06,1.41783630848,0,0,0.115589730442,0.0722435861826,0.123027957976,0.077364847064
17.1520008147,2993.32896248,-222.774324357,29.7008056641,-702.526916504,19.3481998444,1.98106098175,102.781990051,38.9889717102,0.974152743816,0.000232830643654,0.000465661287308,3,532.214995474,7.45542344979,0.553798973309,77.4656563706,10.3209690588,126.00304035,133.842782816,5150.00568703,0.00791624188423,1408.91340561,1400.32707714,20,70.0466189301,30.6970250676,47.4799599033,0.0066977491886,0.00671752786729,-1.97786786948e-05,-0.0011295924196,2137.63637317,7755,15.5100007367,1608.69667373,532.215170097,8576,-8.33047488413e-06,8.33047488413e-06,1.41235899925,0,0,0.105766147375,0.0661038458347,0.114232487977,0.0719158574939
17.2160008177,2977.52022743,-270.000688033,35.9971389771,-688.479064941,19.0301628113,1.82017111778,102.781990051,38.9888114929,0.974152743816,0.000232830643654,0.000465661287308,3,532.214995474,7.66986671356,0.968898930508,74.2807879772,9.77113327092,128.080995637,141.850061482,5150.00754967,0.00791624188423,1408.91340561,1400.32707714,20,70.0466189301,27.0284908765,46.36405356,0.00670971472827,0.00680392986396,-9.42151356931e-05,0.000646650732961,2137.63637317,7755,15.5100007367,1608.69667373,532.215170097,8608,-8.47055252962e-06,8.47055252962e-06,1.41040229797,0,0,0.0950419530272,0.0594012252986,0.104518540204,0.0658795386553
17.2800008208,2958.63463543,-318.99404712,42.5290489197,-672.686889648,18.6254997253,1.63594734669,102.78162384,38.9886398315,0.974152445793,0.000232830643654,0.000465661287308,3,532.214995474,13.7182792089,2.90532464671,71.2351497638,9.38314121388,129.438660224,148.615246871,5150.00615269,0.00791624188423,1408.91340561,1400.32707714,20,70.0466189301,23.8662451011,44.7823113063,0.00681703687944,0.0068721419666,-5.510508716e-05,-0.000818545231596,2137.63637317,7755,15.5100007367,1608.69667373,532.215170097,8640,-8.304234143e-06,8.304234143e-06,1.41243302822,0,0,0.0835092142224,0.0521932579577,0.0939749255776,0.0593099147081
17.3440008238,2936.53085828,-370.690890122,49.4213943481,-654.956359863,18.1140975952,1.43251025677,102.782119751,38.9903068542,0.974152803421,0.000232830643654,0.000465661287308,3,532.214995474,72.3378794519,16.0648924459,70.0245694249,12.5796835393,128.450978082,136.240225402,5150.00708401,0.00791624188423,1409.9010732,1412.70202585,20,70.0466189301,24.5222017838,44.4232136942,0.00686280360318,0.00694853952155,-8.57359183648e-05,3.63797880709e-05,2137.63637317,7755,15.5100007367,1608.69667373,532.215170097,8672,-8.23023219709e-06,8.23023219709e-06,1.41860592365,0,0,0.0712668076158,0.0445417538285,0.0826966762543,0.0522649250925
17.4080008268,2910.9865427,-426.73147982,56.8928604126,-634.959716797,17.4656925201,1.21592628956,102.789367676,39.0341110229,0.974157571793,0.000232830643654,0.000465661287308,3,532.214995474,105.096650306,22.6347250052,101.486165917,20.2440062796,87.4291217769,102.454505395,5150.00708401,0.00791624188423,1450.92280582,1446.48761488,20,70.0466189301,30.6769616145,48.5220225528,0.00724371135297,0.00730688043404,-6.31690810771e-05,-0.000321961124428,2137.63637317,7755,15.5100007367,1608.69667373,532.215170097,8704,-8.28740121506e-06,8.28740121506e-06,1.41032087803,0,0,0.058420393616,0.0365127436817,0.0707842111588,0.0448060557246
17.4720008299,2881.63730875,-490.024103783,65.3311843872,-612.130493164,16.6334037781,0.995238542557,102.790992737,39.0445289612,0.974158644676,0.000232830643654,0.000465661287308,3,532.214995474,110.127138965,23.0573213435,108.742674722,22.0298688313,66.0181176499,85.1845761645,5150.00568703,0.00791624188423,1472.33391181,1463.75782788,20,70.0466189301,35.2631359419,51.1543730681,0.0065361528967,0.00655927578919,-2.31228924896e-05,-0.000971340341493,2137.63637317,7755,15.5100007367,1608.69667373,532.215170097,8736,-8.23588288767e-06,8.23588288767e-06,1.41167879105,0,0,0.045078791678,0.0281742438674,0.0583418346941,0.0369974188507
17.5360008329,2847.85358235,-566.128350329,75.4775848389,-585.418823242,15.5412769318,0.78445994854,102.7914505,39.0468978882,0.974158942699,0.000232830643654,0.000465661287308,3,532.214995474,106.763317892,21.1232996561,106.636620479,20.8836663361,59.4059201831,78.7324170233,5150.00615269,0.00791624188423,1478.9464185,1470.20968143,20,70.0466189301,37.6009993488,53.0832585355,0.00599082200514,0.00602449290454,-3.3670899402e-05,2.91038304567e-05,2137.63637317,7755,15.5100007367,1608.69667373,532.215170097,8768,-8.25564893603e-06,8.25564893603e-06,1.4115408659,0,0,0.0313549749553,0.0195968616754,0.045476090163,0.0289048030972
17.600000836,2808.53384174,-663.151557092,88.4129486084,-553.203735352,14.0622081757,0.606233537197,102.791175842,39.0464401245,0.974158763885,0.000232830643654,0.000465661287308,3,532.214995474,55.1541738442,9.67828018922,101.550140896,18.619855612,59.3957774981,78.5857337178,5150.00661835,0.00791624188423,1478.95654663,1470.35636473,21,70.04285726,39.3273330701,54.5847215108,0.00564965135785,0.00563704816159,1.26031962644e-05,0.00088220986072,2137.63637317,7755,15.5100007367,1608.69667373,532.215170097,8800,-8.1937532741e-06,8.1937532741e-06,1.41138279438,0,0,0.0173660069704,0.0108537552878,0.032295845449,0.0205957107246
17.664000839,2762.48552836,-774.663931224,103.280044556,-515.757629395,12.0618362427,0.484012573957,102.791175842,39.0462379456,0.974158763885,0.000232830643654,0.000465661287308,3,532.214995474,2.39127358065,-1.4187848016,97.3001118165,16.9746277746,69.8954900145,92.2588951653,5150.00475571,0.00791624188423,1478.95654663,1470.35636473,21,70.04285726,30.8731068799,49.8623448948,0.00567790253703,0.00567342794966,4.4745873673e-06,-0.00101681507658,2137.63637317,7755,15.5100007367,1608.69667373,532.215170097,8832,-8.39936910779e-06,8.39936910779e-06,1.41248059273,0,0,0.00323115242645,0.00201947032474,0.018911216408,0.0121388146654
17.728000842,2710.18152125,-824.690854643,109.949752808,-483.441589355,9.53525733948,0.427269160748,102.790901184,39.0460472107,0.974158585072,0.000232830643654,0.000465661287308,3,532.214995474,4.56561025409,-0.850985693669,93.2535882134,15.3557958419,98.0007534963,106.74449004,5150.00568703,0.00791624188423,1478.95654663,1470.35636473,21,70.04285726,27.3158002528,46.9728438475,0.00565073138281,0.00576255843043,-0.000111827047622,-0.00017462298274,2137.63637317,7755,15.5100007367,1608.69667373,532.215170097,8864,-8.36847812025e-06,8.36847812025e-06,1.40602099895,0,0,0,0,0.00835800822824,0.00542166084051
17.7920008451,2660.22491269,-725.836725906,96.7702865601,-472.125701904,7.06495094299,0.391496121883,102.79108429,39.045879364,0.974158704281,0.000232830643654,0.000465661287308,3,532.214995474,5.9424205176,-0.457368775666,89.383636723,13.7823100392,111.342043965,114.337359264,5150.00522137,0.00791624188423,1478.95654663,1470.35636473,21,70.04285726,27.9048908851,46.8557300337,0.00532462068881,0.00540239852853,-7.77778397243e-05,-0.000280124368146,2137.63637317,7755,15.5100007367,1608.69667373,532.215170097,8896,-8.28430984257e-06,8.28430984257e-06,1.41820943356,0,0,0,0,0.00370370014571,0.00241420976818
17.8560008481,2618.41248721,-583.109562285,77.7415618896,-470.65246582,5.08155202866,0.334402233362,102.790992737,39.0457038879,0.974158644676,0.000232830643654,0.000465661287308,3,532.214995474,6.67387567704,-0.129080482991,85.6813723387,12.4555296702,118.429845315,120.670039905,5150.00568703,0.00791624188423,1478.95654663,1470.35636473,21,70.04285726,28.7706061499,47.0095110359,0.00548854289795,0.0055406417232,-5.20988252539e-05,4.72937244922e-05,2137.63637317,7755,15.5100007367,1608.69667373,532.215170097,8928,-8.23497430247e-06,8.23497430247e-06,1.40286922455,0,0,0,0,0.00165393098723,0.00108041043859
17.9200008512,2585.766837,-444.239063654,59.2270126343,-473.159759521,3.60672402382,0.266040742397,102.790992737,39.045539856,0.974158644676,0.000232830643654,0.000465661287308,3,532.214995474,7.10153987523,0.170488334667,82.1395727878,11.4007729756,122.57391063,126.448721858,5150.00568703,0.00791624188423,1478.95654663,1470.35636473,21,70.04285726,29.6257185255,47.2220599477,0.00548997108885,0.00547152012587,1.84509629797e-05,0.000116415321827,2137.63637317,7755,15.5100007367,1608.69667373,532.215170097,8960,-8.30233966553e-06,8.30233966553e-06,1.41559171677,0,0,0,0,0.000741108378861,0.000484583491925
17.9840008542,2561.3179896,-327.708694385,43.6909065247,-476.707794189,2.54249191284,0.201846390963,102.790992737,39.045375824,0.974158644676,0.000232830643654,0.000465661287308,3,532.214995474,7.37378237862,0.448620794551,78.7514333124,10.5852064494,125.211940031,131.813896587,5150.00522137,0.00791624188423,1478.95654663,1470.35636473,21,70.04285726,30.4318964481,47.4207117804,0.00514124381956,0.0051823008107,-4.10569911402e-05,-6.0026650317e-05,2137.63637317,7755,15.5100007367,1608.69667373,532.215170097,8992,-8.14205577626e-06,8.14205577626e-06,1.41196584702,0,0,0,0,0.000332588999299,0.000217560911551
18.0480008572,2543.47501323,-236.888532527,31.5825462341,-480.067169189,1.78559875488,0.148609891534,102.790733337,39.0452041626,0.974158465862,0.000232830643654,0.000465661287308,3,532.214995474,7.58134031151,0.779886984244,75.5105959688,9.96562464041,127.223174786,138.204020914,5150.00615269,0.00791624188423,1478.95654663,1470.35636473,21,70.04285726,29.1677679343,47.0335507998,0.00532901184291,0.00530235411134,2.66577315777e-05,0.000751242623664,2137.63637317,7755,15.5100007367,1608.69667373,532.215170097,9024,-8.26725045044e-06,8.26725045044e-06,1.40656924248,0,0,0,0,0.000149358646013,9.77208037511e-05
18.1120008603,2530.66350706,-169.062623172,22.5398330688,-482.82800293,1.25184202194,0.107255958021,102.790733337,39.0450592041,0.974158465862,0.000232830643654,0.000465661287308,3,532.214995474,7.80902181417,1.24685662476,72.4110763789,9.5174848233,129.360385472,147.175480379,5150.00568703,0.00791624188423,1478.95654663,1470.35636473,21,70.04285726,24.1195994022,45.1563719253,0.0051799257661,0.00516956788488,1.03578812194e-05,0.000418367562816,2137.63637317,7755,15.5100007367,1608.69667373,532.215170097,9056,-8.39501353767e-06,8.39501353767e-06,1.41618943214,0,0,0,0,6.70943481964e-05,4.3901578465e-05
18.1760008633,2521.55843191,-119.701020594,15.9588260651,-484.944488525,0.876985907555,0.0764216333628,102.790550232,39.0449104309,0.974158346653,0.000232830643654,0.000465661287308,3,532.214995474,43.1327413954,10.6811863137,69.4475860227,9.45740664903,129.433959955,147.789207404,5150.00522137,0.00791624188423,1478.95654663,1471.18640598,21,70.04285726,24.1329198616,44.2938398919,0.00544965667038,0.00546788214706,-1.82254766834e-05,-0.000345607986674,2137.63637317,7755,15.5100007367,1608.69667373,532.215170097,9088,-8.12493635749e-06,8.12493635749e-06,1.41339814663,0,0,0,0,3.01440213661e-05,1.9724788217e-05
18.2400008664,2515.12834802,-84.340252215,11.2444438934,-486.505981445,0.614162921906,0.054032176733,102.863563538,39.0185585022,0.974206566811,0.000232830643654,0.000465661287308,3,532.214995474,97.8328020318,21.1185440167,93.1129516679,18.0094911735,102.28024621,113.857036922,5150.00568703,0.00791624188423,1506.11018762,1505.11856191,21,70.04285726,27.4218018603,46.5324737888,0.00593425841799,0.00601357896812,-7.93205501282e-05,-0.00042564352043,2137.63637317,7755,15.5100007367,1608.69667373,532.215170097,9120,-8.27480835142e-06,8.27480835142e-06,1.41857230663,0,0,0,0,1.35438922371e-05,8.86262205313e-06
18.3040008694,2510.60468145,-59.251611674,7.89956665039,-487.632781982,0.430081129074,0.0380181707442,102.90247345,39.0042991638,0.974232256413,0.000232830643654,0.000465661287308,3,532.214995474,109.559780376,23.3016278987,107.47479964,21.8366895202,72.0872412785,90.2955143829,5150.00615269,0.00791624188423,1536.30319983,1528.68020814,21,70.04285726,34.0197984769,50.3267328895,0.00610530026535,0.00617910700385,-7.38067384987e-05,-0.000125510268845,2137.63637317,7755,15.5100007367,1608.69667373,532.215170097,9152,-8.19498200144e-06,8.19498200144e-06,1.41499555111,0,0,0,0,6.08552045378e-06,3.98217207476e-06
18.3680008724,2507.42980279,-41.5521571995,5.53983306885,-488.435760498,0.301199436188,0.0266759395599,102.911766052,39.0009613037,0.974238336086,0.000232830643654,0.000465661287308,3,532.214995474,108.836791335,22.0657659433,108.235394307,21.5400526192,60.741273046,80.3283110145,5150.00615269,0.00791624188423,1547.64950275,1538.64745516,21,70.04285726,36.7752982129,52.3631497344,0.00631985574984,0.0063610059442,-4.11501943631e-05,-0.000307409209199,2137.63637317,7755,15.5100007367,1608.69667373,532.215170097,9184,-8.13816222944e-06,8.13816222944e-06,1.41151714325,0,0,0,0,2.73437103715e-06,1.78929178674e-06
18.4320008755,2505.2044075,-29.109110983,3.88089632988,-489.003509521,0.210989162326,0.0186863280833,102.912498474,39.0006599426,0.974238812923,0.000232830643654,0.000465661287308,3,532.214995474,83.5858072381,15.9256000049,103.311899296,19.4311453589,59.3960940023,78.5879019531,5150.00568703,0.00791624188423,1548.9946818,1540.38798064,22,70.0379096088,38.70422006,54.0536093467,0.00592650994946,0.00592262949795,3.88045151567e-06,-0.000334694050252,2137.63637317,7755,15.5100007367,1608.69667373,532.215170097,9216,-8.06357184047e-06,8.06357184047e-06,1.41073834896,0,0,0,0,1.22862559238e-06,8.03977854957e-07
18.4960008785,2503.646072,-20.3816744033,2.71733355522,-489.402954102,0.147855296731,0.0130757829174,102.912132263,39.0006752014,0.974238574505,0.000232830643654,0.000465661287308,3,532.214995474,13.6988647733,1.0432700033,98.9350849058,17.5645577963,59.3960940023,81.9528286229,5150.00615269,0.00791624188423,1548.9946818,1540.38798064,22,70.0379096088,37.3700349883,55.2730016352,0.00612601613881,0.0061536411522,-2.76250133879e-05,-0.000100044417195,2137.63637317,7755,15.5100007367,1608.69667373,532.215170097,9248,-8.16054125607e-06,8.16054125607e-06,1.41424036026,0,0,0,0,5.52055837488e-07,3.61249817615e-07
18.5600008816,2502.5550276,-14.2687076732,1.90233826637,-489.682983398,0.103672534227,0.00914260558784,102.911949158,39.0006866455,0.974238455296,0.000232830643654,0.000465661287308,3,532.214995474,3.69739978821,-1.05789446439,94.8153057771,16.0072296311,89.5877965377,102.753219835,5150.00615269,0.00791624188423,1548.9946818,1540.38798064,22,70.0379096088,27.497395422,47.2075153084,0.00651910259108,0.00657564669382,-5.65441027334e-05,-0.000522049958818,2137.63637317,7755,15.5100007367,1608.69667373,532.215170097,9280,-8.20350487629e-06,8.20350487629e-06,1.4043982029,0,0,0,0,2.48054135454e-07,1.62319679475e-07
18.6240008846,2501.79111026,-9.98999075819,1.33188939095,-489.878875732,0.0727299526334,0.00639306614175,102.911582947,39.0007019043,0.974238216877,0.000232830643654,0.000465661287308,3,532.214995474,5.50830681533,-0.599467223606,90.8775850514,14.3758869057,107.13548545,111.596280476,5150.00661835,0.00791624188423,1548.9946818,1540.38798064,22,70.0379096088,27.6006157947,46.8488797196,0.00685447876236,0.00687941792421,-2.49391618468e-05,-0.000360159901902,2137.63637317,7755,15.5100007367,1608.69667373,532.215170097,9312,-8.16221745481e-06,8.16221745481e-06,1.41096937656,0,0,0,0,1.11457694629e-07,7.29347604533e-08
18.6880008876,2501.25629827,-6.99222482581,0.932220101357,-490.016296387,0.0510694980621,0.00446762237698,102.911216736,39.0007095337,0.974237978458,0.000232830643654,0.000465661287308,3,532.214995474,6.43532093679,-0.253773599044,87.1105619328,12.943195132,116.118251754,118.264710181,5150.00615269,0.00791624188423,1548.9946818,1540.38798064,22,70.0379096088,28.4265188384,46.9344013254,0.00630912300181,0.00626641849522,4.27045065976e-05,-0.000212821760215,2137.63637317,7755,15.5100007367,1608.69667373,532.215170097,9344,-8.05641411716e-06,8.05641411716e-06,1.4137108326,0,0,0,0,5.00810699577e-08,3.27716342952e-08
18.7520008907,2500.88213943,-4.89770354761,0.652973532677,-490.112060547,0.0358919426799,0.00312250503339,102.911216736,39.0007324219,0.974237978458,0.000232830643654,0.000465661287308,3,532.214995474,6.95751560047,0.0556058959275,83.506713831,11.7838216947,121.178316476,124.232639791,5150.00661835,0.00791624188423,1548.9946818,1540.38798064,22,70.0379096088,29.2950771836,47.1374369226,0.00625404172894,0.00629916030448,-4.51185755423e-05,0.000220097717829,2137.63637317,7755,15.5100007367,1608.69667373,532.215170097,9376,-7.96583208285e-06,7.96583208285e-06,1.41501116753,0,0,0,0,2.25028280454e-08,1.4725218378e-08
18.8160008937,2500.61973929,-3.43292504112,0.457685768604,-490.178710938,0.0252522788942,0.0021831500344,102.910774231,39.0007362366,0.974237680435,0.000232830643654,0.000465661287308,3,532.214995474,7.27971429239,0.341749094501,80.0591700648,10.8795955463,124.300422613,129.752341309,5150.00615269,0.00791624188423,1548.9946818,1540.38798064,22,70.0379096088,30.1215022773,47.3457512271,0.00612887962603,0.00619365891907,-6.47792930408e-05,-0.000140062184073,2137.63637317,7755,15.5100007367,1608.69667373,532.215170097,9408,-8.12945472717e-06,8.12945472717e-06,1.42047548294,0,0,0,0,1.01111510276e-08,6.61645316313e-09
18.8800008968,2500.43580309,-2.40489180214,0.320625931025,-490.225585938,0.0177895333618,0.00152680126484,102.910499573,39.0007514954,0.974237501621,0.000232830643654,0.000465661287308,3,532.214995474,7.49767942121,0.620528828134,76.7614628181,10.187301164,126.412502141,135.130001581,5150.00615269,0.00791624188423,1548.9946818,1540.38798064,22,70.0379096088,30.528564821,47.421464842,0.00596939830899,0.00591535354033,5.40447686603e-05,0.000138243194669,2137.63637317,7755,15.5100007367,1608.69667373,532.215170097,9440,-8.088800314e-06,8.088800314e-06,1.411714077,0,0,0,0,4.54322401922e-09,2.97295810192e-09
18.9440008998,2500.30704774,-1.68738165485,0.224965751171,-490.258087158,0.0125537374988,0.00106756249443,102.910224915,39.0007591248,0.974237322807,0.000232830643654,0.000465661287308,3,532.214995474,7.71723174698,1.07187960602,73.6073440194,9.67451706291,128.539963043,143.836557982,5150.00568703,0.00791624188423,1548.9946818,1540.38798064,22,70.0379096088,25.8699001279,45.9360708192,0.00613332051813,0.0061545506469,-2.12301287661e-05,-0.000566615199205,2137.63637317,7755,15.5100007367,1608.69667373,532.215170097,9472,-7.98292239779e-06,7.98292239779e-06,1.41200375557,0,0,0,0,2.04139749549e-09,1.33583344386e-09
19.0080009028,2500.21647662,-1.184391067,0.157905846834,-490.280761719,0.00887706689537,0.000746862147935,102.910224915,39.0007781982,0.974237322807,0.000232830643654,0.000465661287308,3,532.214995474,21.4449965978,4.97969560926,70.5912394805,9.31836325193,129.432213726,148.617866216,5150.00661835,0.00791624188423,1548.9946818,1540.38798064,22,70.0379096088,24.009423214,44.5548394055,0.00599165517201,0.00596719473833,2.44604336785e-05,0.000552063283976,2137.63637317,7755,15.5100007367,1608.69667373,532.215170097,9504,-8.06755815574e-06,8.06755815574e-06,1.41105973721,0,0,0,0,9.17257048094e-10,6.0022742332e-10
19.0720009059,2500.15291385,-0.832072601042,0.11093390733,-490.296569824,0.00629402184859,0.00052141433116,102.956069946,38.9792671204,0.974267482758,0.000232830643654,0.000465661287308,3,532.214995474,84.1321948669,18.2944504801,79.2219651045,14.6869509555,120.163655083,128.028477775,5150.00568703,0.00791624188423,1558.26332048,1560.97742729,22,70.0379096088,25.1651526924,44.8972641607,0.00594376609042,0.00592990545556,1.38606348621e-05,-0.000341970007867,2137.63637317,7755,15.5100007367,1608.69667373,532.215170097,9536,-7.88447960076e-06,7.88447960076e-06,1.41491138935,0,0,0,0,4.1214923141e-10,2.69699013122e-10
19.1360009089,2500.1084432,-0.584281224292,0.077897772193,-490.307769775,0.00446562515572,0.000367909291526,103.06162262,38.9297409058,0.974336802959,0.000232830643654,0.000465661287308,3,532.214995474,107.344439817,23.0565595622,104.333924116,21.0288003211,81.03151049,97.4715512712,5150.00615269,0.00791624188423,1597.39574883,1591.53447021,22,70.0379096088,32.2371779475,49.3572224514,0.00531604421594,0.00518411980011,0.000131924415836,0.000869476934895,2137.63637317,7755,15.5100007367,1608.69667373,532.215170097,9568,-8.04975661595e-06,8.04975661595e-06,1.41222214699,0,0,0,0,1.85190196511e-10,1.21183313384e-10
19.200000912,2500.07724389,-0.411913902099,0.0549173466861,-490.315460205,0.00318262679502,0.000258493324509,103.085121155,38.9186515808,0.974352180958,0.000232830643654,0.000465661287308,3,532.214995474,109.925369471,22.7768411643,108.849646394,21.9460161223,63.6547993054,83.097787865,5150.00568703,0.00791624188423,1614.77224901,1605.90803716,22,70.0379096088,35.837671021,51.5902611369,0.00547395523354,0.00540967448615,6.42807473916e-05,0.000178260961547,2137.63637317,7755,15.5100007367,1608.69667373,532.215170097,9600,-8.04550654721e-06,8.04550654721e-06,1.41679418087,0,0,0,0,8.32111324289e-11,5.44510547762e-11
19.264000915,2500.05489215,-0.292260949664,0.0389649271965,-490.320465088,0.00228354940191,0.000178643444087,103.089118958,38.9166488647,0.974354803562,0.000232830643654,0.000465661287308,3,532.214995474,102.622948694,20.1083176501,105.275449164,20.3623442416,59.3917175138,78.5850570537,5150.00615269,0.00791624188423,1619.03526168,1610.4207607,23,70.0404852978,38.0118945031,53.4461069037,0.0052012098517,0.00524778442923,-4.6574577528e-05,0.000805812305771,2137.63637317,7755,15.5100007367,1608.69667373,532.215170097,9632,-7.91599268268e-06,7.91599268268e-06,1.41194093227,0,0,0,0,3.73890883532e-11,2.44663820453e-11
19.328000918,2500.0392925,-0.20551203761,0.0273993555456,-490.324371338,0.00164426339325,0.00012354151113,103.088478088,38.9169502258,0.97435438633,0.000232830643654,0.000465661287308,3,532.214995474,38.8474469699,6.09651275755,100.608747695,18.2213029956,59.3917175138,78.5850570537,5150.00522137,0.00791624188423,1619.03526168,1610.4207607,23,70.0404852978,39.6406067011,54.8433126824,0.00520421900019,0.005233232514,-2.90135138137e-05,-0.000110958353616,2137.63637317,7755,15.5100007367,1608.69667373,532.215170097,9664,-7.90873764345e-06,7.90873764345e-06,1.41133129597,0,0,0,0,1.67999624628e-11,1.09934309919e-11
19.3920009211,2500.02811663,-0.145070131907,0.019341096282,-490.326965332,0.00118282565381,8.85627014213e-05,103.088020325,38.9171295166,0.974354088306,0.000232830643654,0.000465661287308,3,532.214995474,2.5189158953,-1.3538238336,96.409054779,16.644285714,78.1682902016,97.0447435975,5150.00429004,0.00791624188423,1619.03526168,1610.4207607,23,70.0404852978,28.7488783215,47.9396549053,0.00465115029824,0.00461113813799,4.00121602517e-05,-0.000420186552219,2137.63637317,7755,15.5100007367,1608.69667373,532.215170097,9696,-7.907183317e-06,7.907183317e-06,1.40923500061,0,0,0,0,7.5486925738e-12,4.93965719023e-12
19.4560009241,2500.02043322,-0.101916747042,0.0135877840221,-490.328948975,0.000860271335114,6.34669850115e-05,103.087669373,38.9172973633,0.974353849888,0.000232830643654,0.000465661287308,3,532.214995474,4.94390562276,-0.755940316209,92.4018068611,15.0032156276,101.66643915,108.577914943,5150.00475571,0.00791624188423,1619.03526168,1610.4207607,23,70.0404852978,27.3724363069,46.9035840069,0.00461960220077,0.00460022420157,1.93779992053e-05,5.63886715099e-05,2137.63637317,7755,15.5100007367,1608.69667373,532.215170097,9728,-7.8899138316e-06,7.8899138316e-06,1.41173481941,0,0,0,0,3.39183910993e-12,2.21952642897e-12
19.5200009272,2500.01484528,-0.072366496795,0.00964807439595,-490.33013916,0.000622430990916,4.7922374506e-05,103.087440491,38.9174690247,0.974353671074,0.000232830643654,0.000465661287308,3,532.214995474,6.13667108362,-0.383775621654,88.5687138654,13.4743608691,113.2243342,115.756971354,5150.00382438,0.00791624188423,1619.03526168,1610.4207607,23,70.0404852978,28.0851199932,46.8752987217,0.00432600594236,0.00432009983342,5.90610893525e-06,-0.000594809534959,2137.63637317,7755,15.5100007367,1608.69667373,532.215170097,9760,-8.0444951891e-06,8.0444951891e-06,1.41108632088,0,0,0,0,1.52404868239e-12,9.97295345265e-13
19.5840009302,2500.01111999,-0.0502233916677,0.0066959024407,-490.331298828,0.000466032448458,3.42797357007e-05,103.086936951,38.9176139832,0.974353373051,0.000232830643654,0.000465661287308,3,532.214995474,6.78354517224,-0.0629182945685,84.9017258146,12.2067952612,119.492542581,121.946308354,5150.00335872,0.00791624188423,1619.03526168,1610.4207607,23,70.0404852978,28.9570507448,47.0526792924,0.00388947690722,0.00386353349313,2.59434140837e-05,-0.000603904481977,2137.63637317,7755,15.5100007367,1608.69667373,532.215170097,9792,-7.99950885266e-06,7.99950885266e-06,1.41638696194,0,0,0,0,6.84797704653e-13,4.48112684112e-13
19.6480009332,2500.00832602,-0.0365727359508,0.00487596448511,-490.331726074,0.000352516130079,2.53346661339e-05,103.086616516,38.917766571,0.974353134632,0.000232830643654,0.000465661287308,3,532.214995474,7.16924776521,0.231729352735,81.3937083338,11.2068813258,123.22999828,127.630060888,5150.00335872,0.00791624188423,1619.03526168,1610.4207607,23,70.0404852978,29.8026970995,47.265770263,0.00403704242258,0.00401996658184,1.70758407414e-05,-0.000760337570682,2137.63637317,7755,15.5100007367,1608.69667373,532.215170097,9824,-7.79728816269e-06,7.79728816269e-06,1.4113484621,0,0,0,0,3.07698826271e-13,2.01349611355e-13
19.7120009363,2500.00623055,-0.0277295146844,0.00369696528651,-490.331878662,0.000255171820754,2.29292618315e-05,103.086357117,38.9179229736,0.974352955818,0.000232830643654,0.000465661287308,3,532.214995474,7.41864873279,0.505653903773,78.0380544355,10.4366783259,125.64669305,132.914065034,5150.00382438,0.00791624188423,1619.03526168,1610.4207607,23,70.0404852978,30.5977264361,47.4578955618,0.00388652815486,0.00390900822822,-2.24800733584e-05,-0.000183717929758,2137.63637317,7755,15.5100007367,1608.69667373,532.215170097,9856,-7.93611798144e-06,7.93611798144e-06,1.41064631939,0,0,0,0,1.38257704981e-13,9.04720431059e-14
19.7760009393,2500.00483356,-0.0206431955974,0.00275220023468,-490.33215332,0.000177883950528,2.20289966819e-05,103.085899353,38.918056488,0.974352657795,0.000232830643654,0.000465661287308,3,532.214995474,7.628437989,0.88157992205,74.8282230553,9.85540624151,127.679551952,140.165677294,5150.00429004,0.00791624188423,1619.03526168,1610.4207607,23,70.0404852978,28.0334224954,46.6918136226,0.00388362203507,0.00391719368054,-3.35716454636e-05,0.000273757905234,2137.63637317,7755,15.5100007367,1608.69667373,532.215170097,9888,-7.89964269643e-06,7.89964269643e-06,1.41446685791,0,0,0,0,6.21230633125e-14,4.06516217444e-14
19.8400009423,2500.00366941,-0.0136761570957,0.00182333798148,-490.332489014,0.000135019959998,1.78429218067e-05,103.085533142,38.9181900024,0.974352419376,0.000232830643654,0.000465661287308,3,532.214995474,9.67861896215,1.81200369003,71.7586180306,9.44040299482,129.426523927,148.447521497,5150.00429004,0.00791624188423,1619.03526168,1610.4207607,23,70.0404852978,23.6656651396,44.9748295068,0.00386124349161,0.00392810761696,-6.68641253476e-05,0.000262843968812,2137.63637317,7755,15.5100007367,1608.69667373,532.215170097,9920,-7.78697449277e-06,7.78697449277e-06,1.40911924839,0,0,0,0,2.79136285755e-14,1.82659114478e-14
19.9040009454,2500.00273809,-0.0088227283257,0.00117626728024,-490.332672119,0.000113617592433,1.30019670905e-05,103.085258484,38.9183235168,0.974352240562,0.000232830643654,0.000465661287308,3,532.214995474,58.5457303481,13.8125002007,68.8238702683,10.900430997,129.426523927,142.515491461,5150.00382438,0.00791624188423,1619.03526168,1616.52290262,23,70.0404852978,24.2600581259,44.274605898,0.00373603387116,0.00375075615011,-1.47222789515e-05,-2.54658516496e-05,2137.63637317,7755,15.5100007367,1608.69667373,532.215170097,9952,-7.89595560491e-06,7.89595560491e-06,1.41376042366,0,0,0,0,1.2542376839e-14,8.20738588176e-15
19.9680009484,2500.00250526,-0.00576940184516,0.000769190432038,-490.332977295,9.77521485765e-05,1.05147673821e-05,103.194114685,38.8806648254,0.974423348904,0.000232830643654,0.000465661287308,3,532.214995474,102.384672297,22.0798717156,98.2501556301,19.3640316949,93.6675496632,107.260559162,5150.00382438,0.00791624188423,1654.79420684,1651.77753661,23,70.0404852978,29.1546402877,47.6398017781,0.00381664494453,0.0037434801925,7.31647520347e-05,-1.81898940355e-05,2137.63637317,7755,15.5100007367,1608.69667373,532.215170097,9984,-7.86753753346e-06,7.86753753346e-06,1.40374529362,0,0,0,0,5.63564181148e-15,3.68780823411e-15
20.0320009515,2500.0020396,-0.00378801212619,0.000505026837345,-490.333007812,8.68508141139e-05,9.04144962988e-06,103.229866028,38.8683624268,0.97444665432,0.000232830643654,0.000465661287308,3,532.214995474,110.0208485,23.216599556,108.342615024,22.0040781398,68.4651968186,87.2829914442,5150.00475571,0.00791624188423,1679.9964942,1671.75522074,23,70.0404852978,34.7355271515,50.7812619617,0.0043261893512,0.00430190993939,2.42794118144e-05,0.000354702933691,2137.63637317,7755,15.5100007367,1608.69667373,532.215170097,10016,-7.82802635513e-06,7.82802635513e-06,1.41856908798,0,0,0,0,2.53225137087e-15,1.65703551988e-15
20.0960009545,2500.0020396,-0.00247241649376,0.000329628470354,-490.333190918,8.00783891464e-05,7.96245421952e-06,103.238563538,38.8654556274,0.974452316761,0.000232830643654,0.000465661287308,3,532.214995474,107.864904908,21.5900298666,107.48905374,21.2091080921,59.8157639615,79.3175204308,5150.00475571,0.00791624188423,1688.6460362,1679.72070631,23,70.0404852978,37.2375943698,52.7620068169,0.00428605789748,0.00432737579104,-4.1317893551e-05,0.000329237082042,2137.63637317,7755,15.5100007367,1608.69667373,532.215170097,10048,-7.89009936852e-06,7.89009936852e-06,1.41031396389,0,0,0,0,1.13781184063e-15,7.44552442669e-16
20.1600009575,2500.00180677,-0.00161388213904,0.000215166626731,-490.333190918,7.56702065701e-05,7.25675090507e-06,103.237831116,38.8657150269,0.974451839924,0.000232830643654,0.000465661287308,3,532.214995474,68.7015311234,12.6559568907,102.327619273,18.9740271436,59.39271432,78.5864394857,5150.00429004,0.00791624188423,1689.06908948,1680.45191094,24,70.0338205206,39.0518944187,54.3508103874,0.00437404484854,0.0043619365897,1.210825884e-05,-0.000170985003933,2137.63637317,7755,15.5100007367,1608.69667373,532.215170097,10080,-7.87265707913e-06,7.87265707913e-06,1.41645097733,0,0,0,0,5.11250822815e-16,3.34548315073e-16
20.2240009606,2500.00180677,-0.00105516906324,0.000140677657328,-490.333251953,7.2706672654e-05,6.81966230331e-06,103.237373352,38.865901947,0.974451541901,0.000232830643654,0.000465661287308,3,532.214995474,5.65236771419,-0.641317583114,98.0289533886,17.2396654018,62.9714486422,87.3751559993,5150.00568703,0.00791624188423,1689.06908948,1680.45191094,24,70.0338205206,33.7266064889,52.9906319571,0.00500579194762,0.00504951458424,-4.37226366223e-05,0.00053842086345,2137.63637317,7755,15.5100007367,1608.69667373,532.215170097,10112,-7.84249186836e-06,7.84249186836e-06,1.41110980511,0,0,0,0,2.29719332232e-16,1.50321931298e-16
20.2880009636,2500.00180677,-0.000689132306775,9.18767691473e-05,-490.333312988,7.07923536538e-05,6.52660855849e-06,103.236839294,38.8660507202,0.974451184273,0.000232830643654,0.000465661287308,3,532.214995474,4.20165688313,-0.938431055273,93.9501053545,15.6509888378,94.474045909,105.057668407,5150.00615269,0.00791624188423,1689.06908948,1680.45191094,24,70.0338205206,27.3353271041,47.0562517876,0.00546605311014,0.00546242517885,3.62793128872e-06,0.000591171556152,2137.63637317,7755,15.5100007367,1608.69667373,532.215170097,10144,-7.7369486462e-06,7.7369486462e-06,1.41821455956,0,0,0,0,1.03219362161e-16,6.75438564345e-17
20.3520009667,2500.00180677,-0.00045008932692,6.00069834036e-05,-490.333343506,6.9593101216e-05,6.32357568975e-06,103.236289978,38.8661994934,0.974450826645,0.000232830643654,0.000465661287308,3,532.214995474,5.75824157918,-0.520655306965,90.0499682806,14.0466792766,109.557353426,113.116562716,5150.00568703,0.00791624188423,1689.06908948,1680.45191094,24,70.0338205206,27.7608633041,46.8455291411,0.00553611262388,0.00558793544769,-5.182282381e-05,0,2137.63637317,7755,15.5100007367,1608.69667373,532.215170097,10176,-7.80203572504e-06,7.80203572504e-06,1.40385818481,0,0,0,0,4.63793452752e-17,3.03493460101e-17
20.4160009697,2500.00180677,-0.000294965774028,3.93255431845e-05,-490.333374023,6.87458523316e-05,6.20788114247e-06,103.235664368,38.8663406372,0.974450469017,0.000232830643654,0.000465661287308,3,532.214995474,6.57128974066,-0.185208705114,86.3187781818,12.6710954626,117.435789434,119.587326481,5150.00522137,0.00791624188423,1689.06908948,1680.45191094,24,70.0338205206,28.6142767436,46.9728547614,0.00524402271607,0.0052841642173,-4.01415012341e-05,-0.000161890056916,2137.63637317,7755,15.5100007367,1608.69667373,532.215170097,10208,-7.76784236223e-06,7.76784236223e-06,1.40933859348,0,0,0,0,2.08395416751e-17,1.36368110702e-17
20.4800009727,2500.00180677,-0.000192576316005,2.56747352978e-05,-490.333374023,6.82129393681e-05,6.12524490862e-06,103.235206604,38.8664894104,0.974450170994,0.000232830643654,0.000465661287308,3,532.214995474,7.03876708277,0.118669481593,82.7492981358,11.5694168862,121.965640574,125.449136249,5150.00615269,0.00791624188423,1689.06908948,1680.45191094,24,70.0338205206,29.4763049169,47.1826679131,0.00527832061392,0.00534600985702,-6.76892430995e-05,0.000707586877979,2137.63637317,7755,15.5100007367,1608.69667373,532.215170097,10240,-7.87643421063e-06,7.87643421063e-06,1.41280198097,0,0,0,0,9.36378793168e-18,6.12740159885e-18
20.5440009758,2500.00180677,-0.000125564711406,1.67405869433e-05,-490.333374023,6.78696742398e-05,6.06997218711e-06,103.23474884,38.8666267395,0.974449872971,0.000232830643654,0.000465661287308,3,532.214995474,7.33227399665,0.40039277715,79.3347453592,10.714500511,124.809725094,130.883578095,5150.00522137,0.00791624188423,1689.06908948,1680.45191094,24,70.0338205206,30.2917414956,47.3861582577,0.00538416305984,0.00538238964509,1.77341474838e-06,-0.000260115484707,2137.63637317,7755,15.5100007367,1608.69667373,532.215170097,10272,-7.78341109253e-06,7.78341109253e-06,1.41241133213,0,0,0,0,4.20741241313e-18,2.75321317983e-18
20.6080009788,2500.00180677,-8.19972631461e-05,1.09320708361e-05,-490.333404541,6.76420822856e-05,6.03506578045e-06,103.234169006,38.8667564392,0.974449455738,0.000232830643654,0.000465661287308,3,532.214995474,7.54199000466,0.701809838617,76.0685128644,10.0623388179,126.841870951,136.697912239,5150.00568703,0.00791624188423,1689.06908948,1680.45191094,24,70.0338205206,29.9392449961,47.2519604955,0.00531565963469,0.00536238076165,-4.67211269672e-05,0.00022555468604,2137.63637317,7755,15.5100007367,1608.69667373,532.215170097,10304,-7.62157833378e-06,7.62157833378e-06,1.41347920895,0,0,0,0,1.8905082619e-18,1.23709585877e-18
20.6720009819,2500.00180677,-5.35455603468e-05,7.13882218406e-06,-490.333404541,6.74935145071e-05,6.01224428465e-06,103.233802795,38.8668899536,0.974449217319,0.000232830643654,0.000465661287308,3,532.214995474,7.76378280977,1.16934881222,72.9445942988,9.58548112807,128.991043312,145.716738189,5150.00522137,0.00791624188423,1689.06908948,1680.45191094,24,70.0338205206,24.8438918788,45.5019289802,0.00526936067002,0.00519594323123,7.34174387951e-05,-7.36690708436e-05,2137.63637317,7755,15.5100007367,1608.69667373,532.215170097,10336,-7.74173986429e-06,7.74173986429e-06,1.41541683674,0,0,0,0,8.49458344208e-19,5.55861907817e-19
20.7360009849,2500.00180677,-3.49487140616e-05,4.65944594907e-06,-490.333404541,6.73969771015e-05,5.99719669481e-06,103.233528137,38.8670196533,0.974449038506,0.000232830643654,0.000465661287308,3,532.214995474,32.1373917175,7.85003348178,69.9576864928,9.26006134653,129.428459331,148.618535604,5150.00522137,0.00791624188423,1689.06908948,1680.45191094,24,70.0338205206,24.0723366005,44.3816934421,0.00545267803131,0.00542422640137,2.84516299409e-05,-0.000301952240989,2137.63637317,7755,15.5100007367,1608.69667373,532.215170097,10368,-7.65678942116e-06,7.65678942116e-06,1.40981066227,0,0,0,0,3.81685484761e-19,2.49764342527e-19
20.8000009879,2500.00180677,-2.28144898806e-05,3.04168224829e-06,-490.333404541,6.7333879997e-05,5.98740371061e-06,103.267326355,38.8751716614,0.974471032619,0.000232830643654,0.000465661287308,3,532.214995474,92.5986247766,20.02216861,87.5468721654,16.6231645953,110.231383587,120.014461572,5150.00522137,0.00791624188423,1708.26609246,1709.05585401,24,70.0338205206,26.2234680122,45.6886446045,0.00551676991589,0.00553518475499,-1.8414839098e-05,-0.000412910594605,2137.63637317,7755,15.5100007367,1608.69667373,532.215170097,10400,-7.61236924518e-06,7.61236924518e-06,1.41668367386,0,0,0,0,1.71502005964e-19,1.12226101096e-19
20.864000991,2500.00180677,-1.48946462802e-05,1.98578982236e-06,-490.333404541,6.72926398693e-05,5.98102587901e-06,103.298042297,38.88256073,0.974491000175,0.000232830643654,0.000465661287308,3,532.214995474,108.797376478,23.262553646,106.322012132,21.5586613246,75.7425877964,93.2680122787,5150.00568703,0.00791624188423,1742.75483005,1735.8022742,24,70.0338205206,33.3153511747,49.9250018038,0.00538222154345,0.00540967448615,-2.74529426969e-05,0.000178260961547,2137.63637317,7755,15.5100007367,1608.69667373,532.215170097,10432,-7.74563704908e-06,7.74563704908e-06,1.40912842751,0,0,0,0,7.7060656391e-20,5.0426335702e-20
20.928000994,2500.00180677,-9.72385973824e-06,1.29640818614e-06,-490.333404541,6.72657552059e-05,5.97685357207e-06,103.305015564,38.8842544556,0.974495530128,0.000232830643654,0.000465661287308,3,532.214995474,109.435888369,22.4164453669,108.630897968,21.7595555024,61.8541671429,81.4298982732,5150.00475571,0.00791624188423,1756.64317794,1747.64031544,24,70.0338205206,36.3650324289,52.0162211615,0.00510499618966,0.00517138687428,-6.63906846166e-05,-0.000514774001203,2137.63637317,7755,15.5100007367,1608.69667373,532.215170097,10464,-7.62632862461e-06,7.62632862461e-06,1.40986359119,0,0,0,0,3.46255154852e-20,2.26579617024e-20
20.9920009971,2502.60345638,162.459677085,-21.6595134735,-513.268615723,0.142982929945,-0.00272754440084,103.305686951,38.884563446,0.974496006966,0.000232830643654,0.000465661287308,4,528.939533979,93.8506709219,18.1817453048,104.157623022,19.8382533651,59.3900440435,78.5849551903,5150.00522137,0.00791624188423,1759.10722464,1750.48527308,25,70.0384116499,38.3987426176,53.7861924386,0.00487110328462,0.0048239598982,4.71433864169e-05,0.000298314262182,2140.23835244,10478,20.9560009954,2137.63641229,528.939766809,10496,-7.86559303378e-06,7.86559303378e-06,1.41263759136,0,0,0.00806622672826,0.00504139158875,0.00716068409383,0.00447981711477
21.0560010001,2521.33747563,396.131188609,-52.8131561279,-553.608093262,1.14249670506,-0.0129070365801,103.305374146,38.8846092224,0.974495768547,0.000232830643654,0.000465661287308,4,528.939533979,23.9709278396,2.91348815869,99.6850805583,17.851509454,59.3900440435,78.9915939094,5150.00475571,0.00791624188423,1759.10722464,1750.48527308,25,70.0384116499,39.5665083488,55.0837867195,0.00487404493155,0.00487671059091,-2.66565935991e-06,-0.000220097717829,2158.97217902,10478,20.9560009954,2137.63641229,528.939766809,10528,-7.76806336944e-06,7.76806336944e-06,1.40997970104,0,0,0.0219698790461,0.0137311751023,0.0210273247212,0.0131567995995
21.1200010031,2551.65505223,534.051912837,-71.2010803223,-586.861755371,2.5323843956,0.0440535619855,103.305015564,38.8846282959,0.974495530128,0.000232830643654,0.000465661287308,4,528.939533979,3.20786581055,-1.17596381145,95.5304792349,16.300266383,84.8442141432,100.475663203,5150.00615269,0.00791624188423,1759.10722464,1750.48527308,25,70.0384116499,27.8379375231,47.4074149679,0.00548181476601,0.00546424416825,1.75705977545e-05,0.000589352566749,2189.28970889,10478,20.9560009954,2137.63641229,528.939766809,10560,-7.69962298364e-06,7.69962298364e-06,1.4105424881,0,0,0.0356839708984,0.0223024822772,0.0347144491971,0.0217210929841
21.1840010062,2588.60853501,610.468385275,-81.3891067505,-615.169311523,4.09951496124,0.154443308711,103.304649353,38.8846511841,0.97449529171,0.000232830643654,0.000465661287308,4,528.939533979,5.26975390628,-0.668411176975,91.5615401261,14.657145347,104.82390644,110.26635184,5150.00522137,0.00791624188423,1759.10722464,1750.48527308,25,70.0384116499,27.4827270914,46.8633697892,0.00543705057365,0.00544241629541,-5.3657217558e-06,-0.000320142135024,2226.24333821,10478,20.9560009954,2137.63641229,528.939766809,10592,-7.77593322709e-06,7.77593322709e-06,1.48227965832,0,0,0.0490939356387,0.0306837130338,0.0481081716716,0.0301012024283
21.2480010092,2629.10034508,648.631772492,-86.477142334,-640.111755371,5.75144004822,0.296451956034,103.304191589,38.8846626282,0.974494993687,0.000232830643654,0.000465661287308,4,528.939533979,6.3074840566,-0.312222658934,87.7648661357,13.1789746811,114.879512694,117.137227789,5150.00522137,0.00791624188423,1759.10722464,1750.48527308,25,70.0384116499,28.2701403194,46.9038604933,0.00507033946773,0.00507134245709,-1.00298935823e-06,5.09317032993e-05,2266.73523139,10478,20.9560009954,2137.63641229,528.939766809,10624,-7.57945008445e-06,7.57945008445e-06,1.41372203827,0,0,0.0620878785849,0.0388049297035,0.0610976852477,0.0382275693119
21.3120010123,2671.14466988,661.33774817,-88.1711273193,-662.421386719,7.42681264877,0.456770777702,103.303749084,38.884677887,0.974494755268,0.000232830643654,0.000465661287308,4,528.939533979,6.88205438844,0.00211006298494,84.132722254,11.9706769393,120.447097288,123.200705275,5150.00429004,0.00791624188423,1759.10722464,1750.48527308,25,70.0384116499,29.1420001304,47.0976665383,0.00495858530625,0.00489671947435,6.18658319018e-05,-0.000705767888576,2308.77951549,10478,20.9560009954,2137.63641229,528.939766809,10656,-7.58878059059e-06,7.58878059059e-06,1.40966773033,0,0,0.0745575353503,0.0465984605253,0.0735755935311,0.0460328012705
21.3760010153,2713.3685071,655.705924146,-87.4202804565,-682.374267578,9.07925796509,0.627474248409,103.303382874,38.8847045898,0.97449451685,0.000232830643654,0.000465661287308,4,528.939533979,7.23121116504,0.292050791145,80.6580620039,11.0237498366,123.830424855,128.793661133,5150.00429004,0.00791624188423,1759.10722464,1750.48527308,25,70.0384116499,29.9773837469,47.3089385196,0.00491841121997,0.00492946128361,-1.10500636419e-05,-0.00073850969784,2351.00313887,10478,20.9560009954,2137.63641229,528.939766809,10688,-7.57630687076e-06,7.57630687076e-06,1.41314637661,0,0,0.0863991305232,0.0539994575083,0.0854387283325,0.0534522160888
21.4400010183,2754.75136004,636.059325188,-84.8009490967,-700.046325684,10.6715221405,0.80358082056,103.303016663,38.8847122192,0.974494278431,0.000232830643654,0.000465661287308,4,528.939533979,7.46105760983,0.563949857757,77.3343369963,10.2968172958,126.057639136,134.038593387,5150.00522137,0.00791624188423,1759.10722464,1750.48527308,25,70.0384116499,30.6958354486,47.4749685964,0.00523729569435,0.00519867171533,3.86239790151e-05,-7.63975549489e-05,2392.38623726,10478,20.9560009954,2137.63641229,528.939766809,10720,-7.41217536415e-06,7.41217536415e-06,1.41158282757,0,0,0.0975142121315,0.0609463900328,0.0965890064836,0.0604243390262
21.5040010214,2794.49671507,605.281267781,-80.6975479126,-715.431335449,12.1729574203,0.981687307358,103.30292511,38.8847579956,0.974494218826,0.000232830643654,0.000465661287308,4,528.939533979,7.67647141226,0.9862262502,74.1551966122,9.75322225463,128.14499496,142.184304423,5150.00429004,0.00791624188423,1759.10722464,1750.48527308,25,70.0384116499,26.8290368695,46.2918760604,0.00479180671531,0.00481031747768,-1.85107623674e-05,-0.000619365891907,2432.13144893,10478,20.9560009954,2137.63641229,528.939766809,10752,-7.54970460548e-06,7.54970460548e-06,1.41652166843,0,0,0.107810638845,0.0673816502094,0.106934264302,0.0668914541602
21.5680010244,2831.96591772,565.564027056,-75.4023513794,-728.508544922,13.5586833954,1.15918803215,103.302833557,38.8847770691,0.974494159222,0.000232830643654,0.000465661287308,4,528.939533979,14.7889554843,3.1934388907,71.1151106124,9.37061760275,129.422405735,148.615828948,5150.00522137,0.00791624188423,1759.10722464,1750.48527308,25,70.0384116499,23.901802706,44.7403581347,0.00528356990104,0.00527415977558,9.41012545663e-06,-0.000151885615196,2469.6007805,10478,20.9560009954,2137.63641229,528.939766809,10784,-7.59064369049e-06,7.59064369049e-06,1.41410899162,0,0,0.117203056812,0.0732519179583,0.116388894618,0.0728000327945
21.6320010275,2866.6513972,518.823624589,-69.1708068848,-739.284423828,14.809668541,1.33375000954,103.300254822,38.8908081055,0.974492430687,0.000232830643654,0.000465661287308,4,528.939533979,74.6255159845,16.4721542734,71.4089237953,12.9322683317,127.409293782,134.890564368,5150.00522137,0.00791624188423,1761.12027839,1764.21052311,25,70.0384116499,24.6019008046,44.4768520538,0.00566225787091,0.00563613866689,2.61192040218e-05,-0.000513864506502,2504.2860442,10478,20.9560009954,2137.63641229,528.939766809,10816,-7.74072759668e-06,7.74072759668e-06,1.40862822533,0,0,0.125613823533,0.0785086378455,0.124874681234,0.0781011879444
21.6960010305,2898.16618897,466.911908006,-62.2498130798,-747.816101074,15.9131813049,1.50304365158,103.273750305,38.9618453979,0.974475204945,0.000232830643654,0.000465661287308,4,528.939533979,105.522185728,22.721273248,102.015625887,20.3935571312,86.2704328028,101.564248325,5150.00615269,0.00791624188423,1802.25924123,1797.53697012,25,70.0384116499,30.9679562633,48.6800345243,0.00570534518241,0.00572617864236,-2.08334599572e-05,0.000327418092638,2535.80103731,10478,20.9560009954,2137.63641229,528.939766809,10848,-7.64309243095e-06,7.64309243095e-06,1.41553640366,0,0,0.132977157831,0.0831107348204,0.132324427366,0.0827530398965
21.7600010335,2926.24509893,411.84091242,-54.9076156616,-754.241943359,16.8633270264,1.66453909874,103.267326355,38.978302002,0.974471032619,0.000232830643654,0.000465661287308,4,528.939533979,110.098704013,23.0158280689,108.768985476,22.022970682,65.5746116536,84.8039780976,5150.00568703,0.00791624188423,1822.95532431,1814.29716758,25,70.0384116499,35.3624454874,51.2255464855,0.00573953649885,0.00580621417612,-6.66776772684e-05,-0.000218278728426,2563.87980551,10478,20.9560009954,2137.63641229,528.939766809,10880,-7.66836637922e-06,7.66836637922e-06,1.41505372524,0,0,0.139232620597,0.0870203897357,0.138677284122,0.0867176502943
21.8240010366,2950.73678717,355.166499503,-47.3516464233,-758.695068359,17.6609039307,1.81546401978,103.265922546,38.9819564819,0.97447013855,0.000232830643654,0.000465661287308,4,528.939533979,106.384551446,20.9925351369,106.362760106,20.8069699763,59.3894874328,78.6589662312,5150.00568703,0.00791624188423,1829.14070319,1820.44191752,25,70.0384116499,37.6710377168,53.1431360287,0.00550412303235,0.00545696821064,4.7154821714e-05,0.000130967237055,2588.37158503,10478,20.9560009954,2137.63641229,528.939766809,10912,-7.50890103518e-06,7.50890103518e-06,1.41653501987,0,0,0.144326522946,0.0902040824294,0.143878027797,0.0899607017636
21.8880010396,2971.59259208,298.436672892,-39.7882919312,-761.357971191,18.3127269745,1.95279967785,103.265739441,38.9815406799,0.974470019341,0.000232830643654,0.000465661287308,4,528.939533979,52.3952181014,9.07357234298,101.37613247,18.550159949,59.3894874328,78.5848678788,5150.00568703,0.00791624188423,1829.14070319,1820.51607408,26,70.0329183019,39.3806076318,54.6270639461,0.0050750191688,0.00508589437231,-1.08752035155e-05,0.000502041075379,2609.22706099,10478,20.9560009954,2137.63641229,528.939766809,10944,-7.57320458433e-06,7.57320458433e-06,1.4143102169,0,0,0.148216277361,0.0926351845264,0.147882297635,0.0924547165632
21.9520010427,2988.85046504,242.89090652,-32.3827972412,-762.414550781,18.8302688599,2.07348752022,103.265739441,38.9813575745,0.974470019341,0.000232830643654,0.000465661287308,4,528.939533979,2.13690501165,-1.47490757303,97.1356915803,16.9193986312,71.3884801371,93.1746471906,5150.00522137,0.00791624188423,1829.14070319,1820.51607408,26,70.0329183019,30.3971555695,49.3583393109,0.00521528741027,0.00529325916432,-7.79717540533e-05,-0.000170985003933,2626.48490701,10478,20.9560009954,2137.63641229,528.939766809,10976,-7.5556149568e-06,7.5556149568e-06,1.41207647324,0,0,0.150869801641,0.0942936390638,0.150656104088,0.0941787287593
22.0160010457,3002.60726362,189.08578204,-25.2093677521,-761.986572266,19.2277832031,2.17454481125,103.265739441,38.9811859131,0.974470019341,0.000232830643654,0.000465661287308,4,528.939533979,4.6321974466,-0.83452064264,93.0965220965,15.2954823578,98.6459854175,107.062100142,5150.00615269,0.00791624188423,1829.14070319,1820.51607408,26,70.0329183019,27.3201312666,46.9571714348,0.0054251533127,0.00547152012587,-4.63668131667e-05,0.000582076609135,2640.24181331,10478,20.9560009954,2137.63641229,528.939766809,11008,-7.41136955185e-06,7.41136955185e-06,1.41695868969,0,0,0.152265369892,0.0951658636332,0.152175679803,0.0951182246208
22.0800010487,3012.99360581,137.765629916,-18.3672428131,-760.237182617,19.5203056335,2.25329208374,103.265922546,38.9810371399,0.97447013855,0.000232830643654,0.000465661287308,4,528.939533979,5.97590410137,-0.444967225799,89.2333460647,13.728985349,111.666500743,114.576585474,5150.00568703,0.00791624188423,1829.14070319,1820.51607408,26,70.0329183019,27.9343803413,46.856534027,0.00523447206413,0.00526597432327,-3.15022591346e-05,0.000321961124428,2650.62804502,10478,20.9560009954,2137.63641229,528.939766809,11040,-7.51217794459e-06,7.51217794459e-06,1.41925144196,0,0,0.15239174664,0.0952448546886,0.152472391725,0.0952969864011
22.1440010518,3020.3203205,93.6165306484,-12.4811792374,-757.943664551,19.7247886658,2.30944752693,103.266105652,38.9808731079,0.974470257759,0.000232830643654,0.000465661287308,4,528.939533979,6.69223808537,-0.11799492575,85.5375128724,12.412100812,118.607778859,120.8838803,5150.00475571,0.00791624188423,1829.14070319,1820.51607408,26,70.0329183019,28.8016944978,47.0148588647,0.00526279429758,0.0052859832067,-2.31889091262e-05,-0.000629370333627,2657.95489948,10478,20.9560009954,2137.63641229,528.939766809,11072,-7.55675773689e-06,7.55675773689e-06,1.41069209576,0,0,0.151248335838,0.0945302173495,0.152006179094,0.0950291007757
22.2080010548,3024.95900542,52.8422533534,-7.0450553894,-754.781982422,19.8570232391,2.34410405159,103.265922546,38.9807090759,0.97447013855,0.000232830643654,0.000465661287308,4,528.939533979,7.11245751955,0.18073804696,82.0019320937,11.3666695289,122.679703054,126.64643873,5150.00475571,0.00791624188423,1829.14070319,1820.51607408,26,70.0329183019,29.6553062071,47.2276988148,0.00531794662473,0.00533145794179,-1.35113170652e-05,-0.000674845068716,2662.59343936,10478,20.9560009954,2137.63641229,528.939766809,11104,-7.5671941886e-06,7.5671941886e-06,1.41260540485,0,0,0.148845091462,0.0930281877518,0.15054577589,0.0941711291671
22.2720010579,3027.01513283,12.6412769532,-1.68536531925,-750.430480957,19.9264659882,2.35597205162,103.265739441,38.9805526733,0.974470019341,0.000232830643654,0.000465661287308,4,528.939533979,7.38068144353,0.45816214524,78.6197769963,10.5588590716,125.278791529,131.997949211,5150.00522137,0.00791624188423,1829.14070319,1820.51607408,26,70.0329183019,30.4596214846,47.4253065477,0.00538053833432,0.00541513145436,-3.45931200352e-05,-0.000292857293971,2664.64960427,10478,20.9560009954,2137.63641229,528.939766809,11136,-7.41479425415e-06,7.41479425415e-06,1.41216957569,0,0,0.145202457905,0.0907515436411,0.147923067212,0.0926037803292
22.3360010609,3026.48474462,-28.0557433143,3.74045872688,-744.744628906,19.9385795593,2.34322476387,103.265739441,38.9804115295,0.974470019341,0.000232830643654,0.000465661287308,4,528.939533979,7.58825585727,0.796346713334,75.3846310379,9.94576522197,127.290186356,138.521529152,5150.00568703,0.00791624188423,1829.14070319,1820.51607408,26,70.0329183019,28.9904637611,46.9801489089,0.00520919095359,0.00521868059877,-9.48964518077e-06,0.00036925484892,2664.76331896,10478,20.9560009954,2137.63641229,528.939766809,11168,-7.500006177e-06,7.500006177e-06,1.41298758984,0,0,0.140351191163,0.0877195000648,0.144109457731,0.0902975276113
22.4000010639,3023.32104184,-69.6525385138,9.28624248505,-737.647583008,19.8959197998,2.30425572395,103.265327454,38.9802474976,0.974469780922,0.000232830643654,0.000465661287308,4,528.939533979,7.89564330519,1.28271390804,72.2906929609,9.5032197362,129.404928884,147.447135532,5150.00475571,0.00791624188423,1829.14070319,1820.51607408,26,70.0329183019,23.9953733399,45.1015876024,0.00514357943737,0.00512227416039,2.13052769871e-05,-0.000465661287308,2664.76331896,10478,20.9560009954,2137.63641229,528.939766809,11200,-7.51462857806e-06,7.51462857806e-06,1.4128023386,0,0,0.134332120419,0.083957567811,0.139126822352,0.0872590839863
22.464001067,3017.46628247,-112.106827146,14.9463500977,-729.116699219,19.7983779907,2.2381439209,103.265510559,38.9801254272,0.974469900131,0.000232830643654,0.000465661287308,4,528.939533979,45.5382745696,11.2316813353,69.3325350737,9.62156593857,129.425461637,147.185157402,5150.00522137,0.00791624188423,1829.14070319,1821.94961235,26,70.0329183019,24.1487505264,44.2811433459,0.00537161658209,0.00541876943316,-4.71528510682e-05,-0.000296495272778,2664.76331896,10478,20.9560009954,2137.63641229,528.939766809,11232,-7.47316516936e-06,7.47316516936e-06,1.41322374344,0,0,0.127195715904,0.0794973298907,0.133018895984,0.083511762321
22.52800107,3008.86994228,-155.307992827,20.7060337067,-719.141967773,19.6443309784,2.14455914497,103.231269836,39.0386161804,0.974447607994,0.000232830643654,0.000465661287308,4,528.939533979,98.6986104145,21.3032100556,94.0681155307,18.2581193725,100.75623868,112.693305709,5150.00568703,0.00791624188423,1857.80995525,1856.44137673,26,70.0329183019,27.6921709883,46.7117642984,0.006037617864,0.00608451955486,-4.69016908644e-05,-0.000496584107168,2664.76331896,10478,20.9560009954,2137.63641229,528.939766809,11264,-7.39853567211e-06,7.39853567211e-06,1.4126663208,0,0,0.119002982974,0.0743768662214,0.125842615962,0.0790885016322
22.5920010731,2997.48103134,-199.37264733,26.5808372498,-707.682800293,19.4301872253,2.0238173008,103.214408875,39.0675163269,0.974436581135,0.000232830643654,0.000465661287308,4,528.939533979,109.655252081,23.2957790299,107.642772414,21.8754304936,71.4220295777,89.7517747944,5150.00568703,0.00791624188423,1887.14370597,1879.38287854,26,70.0329183019,34.1471786669,50.4017443745,0.00573964466233,0.00570616975892,3.34749034048e-05,-0.00011823431123,2664.76331896,10478,20.9560009954,2137.63641229,528.939766809,11296,-7.54849725126e-06,7.54849725126e-06,1.41493535042,0,0,0.109823584557,0.0686397477984,0.117665715516,0.0740296021104
22.6560010761,2983.23854804,-244.513939833,32.5991821289,-694.680908203,19.1490249634,1.87713944912,103.210014343,39.0743103027,0.974433720112,0.000232830643654,0.000465661287308,4,528.939533979,108.680779992,21.9894230061,108.118270434,21.4887092929,60.551588831,80.1356291049,5150.00661835,0.00791624188423,1898.01433589,1888.99913337,26,70.0329183019,36.8545297533,52.4289280293,0.00577367965937,0.00583895598538,-6.52763260112e-05,0.000680302036926,2664.76331896,10478,20.9560009954,2137.63641229,528.939766809,11328,-7.39549159334e-06,7.39549159334e-06,1.4114793539,0,0,0.0997308492661,0.0623317807913,0.108561433852,0.0683792158961
22.7200010791,2966.06076881,-291.131960694,38.8144073486,-680.04284668,18.7900447845,1.706635952,103.209831238,39.0744285583,0.974433600903,0.000232830643654,0.000465661287308,4,528.939533979,81.2552765592,15.4148659378,103.13526126,19.3519402482,59.3895965721,78.5854645073,5150.00661835,0.00791624188423,1899.17639364,1890.54920338,27,70.0358868926,38.7635845982,54.1028784937,0.00622379960069,0.00621548679192,8.31280877467e-06,0.000303771230392,2664.76331896,10478,20.9560009954,2137.63641229,528.939766809,11360,-7.33901879357e-06,7.33901879357e-06,1.41433727741,0,0,0.088807888329,0.0555049329996,0.0986095964909,0.0621857605875
22.7840010822,2945.83244249,-339.91059172,45.317691803,-663.62097168,18.337141037,1.51558721066,103.210105896,39.0741500854,0.974433779716,0.000232830643654,0.000465661287308,4,528.939533979,11.9419471637,0.720982726843,98.7739095649,17.5084185441,59.3895965721,82.7547555673,5150.00522137,0.00791624188423,1899.17639364,1890.54920338,27,70.0358868926,36.7986904166,55.3072386538,0.00600629891656,0.00594445737079,6.18415457732e-05,-0.000822183210403,2664.76331896,10478,20.9560009954,2137.63641229,528.939766809,11392,-7.50763410906e-06,7.50763410906e-06,1.40714466572,0,0,0.0771454721689,0.0482159256935,0.087897002697,0.0555020496249
22.8480010852,2922.37941176,-392.030051444,52.2663841248,-645.172485352,17.7664432526,1.30879509449,103.21056366,39.0739212036,0.97443407774,0.000232830643654,0.000465661287308,4,528.939533979,3.78628281743,-1.03670181425,94.6614113073,15.9473602142,90.4490734683,103.16202679,5150.00661835,0.00791624188423,1899.17639364,1890.54920338,27,70.0358868926,27.4555786746,47.1759340144,0.0061314965466,0.00616455508862,-3.3058542015e-05,0.000354702933691,2664.76331896,10478,20.9560009954,2137.63641229,528.939766809,11424,-7.4082363426e-06,7.4082363426e-06,1.41584336758,0,0,0.0648406669497,0.0405254177749,0.0765163823962,0.0483847223222
22.9120010883,2895.42693645,-449.573359219,59.9381942749,-624.284973145,17.0418262482,1.093323946,103.21056366,39.0736732483,0.97443407774,0.000232830643654,0.000465661287308,4,528.939533979,5.55163449949,-0.58618114449,90.7304147664,14.3196350343,107.555330032,111.852568807,5150.00661835,0.00791624188423,1899.17639364,1890.54920338,27,70.0358868926,27.6258106169,46.8457074021,0.00622685138174,0.00629188434687,-6.50329651242e-05,0.000227373675443,2664.76331896,10478,20.9560009954,2137.63641229,528.939766809,11456,-7.2915504461e-06,7.2915504461e-06,1.40981256962,0,0,0.0519959367812,0.0324974581599,0.0645651072264,0.0408935323358
22.9760010913,2864.51587453,-516.287866049,68.8327331543,-600.233764648,16.1066150665,0.879810273647,103.210655212,39.0734443665,0.974434137344,0.000232830643654,0.000465661287308,4,528.939533979,6.45835429132,-0.242339125715,86.9697495916,12.8963071275,116.341441753,118.485280836,5150.00615269,0.00791624188423,1899.17639364,1890.54920338,27,70.0358868926,28.4575271507,46.9390288345,0.00623435471303,0.00623913365416,-4.77894113171e-06,-0.000185536919162,2664.76331896,10478,20.9560009954,2137.63641229,528.939766809,11488,-7.35724916012e-06,7.35724916012e-06,1.41720747948,0,0,0.0387178212404,0.0241986401379,0.0521442219615,0.0330906696618
23.0400010943,2828.85227352,-599.111663178,79.875,-571.704467773,14.8678150177,0.685010612011,103.210929871,39.0732307434,0.974434316158,0.000232830643654,0.000465661287308,4,528.939533979,6.97087607229,0.0661007786758,83.3720030649,11.7465987903,121.30777759,124.435086036,5150.00522137,0.00791624188423,1899.17639364,1890.54920338,27,70.0358868926,29.3251923722,47.1435050713,0.00613453766951,0.00608997652307,4.45611464395e-05,-0.000967702362686,2664.76331896,10478,20.9560009954,2137.63641229,528.939766809,11520,-7.39354936741e-06,7.39354936741e-06,1.40887236595,0,0,0.0251164864749,0.0156978033483,0.0393569245934,0.0250399727374
23.1040010974,2787.19095513,-701.568846125,93.5348358154,-537.616760254,13.1831693649,0.534068584442,103.211112976,39.0730247498,0.974434435368,0.000232830643654,0.000465661287308,4,528.939533979,7.2880384926,0.351503923638,79.9303850782,10.8507275148,124.381083879,129.940512124,5150.00568703,0.00791624188423,1899.17639364,1890.54920338,27,70.0358868926,30.1498112094,47.351088142,0.0061047446126,0.006053596735,5.11478776e-05,-0.000465661287308,2664.76331896,10478,20.9560009954,2137.63641229,528.939766809,11552,-7.25226118448e-06,7.25226118448e-06,1.41599142551,0,0,0.0113059515134,0.00706621957943,0.0263086985797,0.016807006672
23.1680011004,2738.5817375,-812.704733107,108.351737976,-498.965148926,10.9520797729,0.443584918976,103.211326599,39.0728149414,0.974434614182,0.000232830643654,0.000465661287308,4,528.939533979,7.50417745222,0.63295567152,76.638273994,10.1651911946,126.475468278,135.369715281,5150.00615269,0.00791624188423,1899.17639364,1890.54920338,27,70.0358868926,30.4593977489,47.3994696222,0.00607941376407,0.00612453732174,-4.51235576682e-05,-7.09405867383e-05,2664.76331896,10478,20.9560009954,2137.63641229,528.939766809,11584,-7.30201145416e-06,7.30201145416e-06,1.41046464443,0,0,0,0,0.0133288046345,0.00859578512609
23.2320011035,2686.58366986,-785.614538472,104.740005493,-477.080535889,8.37508296967,0.408206313848,103.211021423,39.0726013184,0.974434375763,0.000232830643654,0.000465661287308,4,528.939533979,7.72433956926,1.08850385743,73.4895242884,9.65848028495,128.608837258,144.157238537,5150.00568703,0.00791624188423,1899.17639364,1890.54920338,27,70.0358868926,25.6879593508,45.8620597783,0.00607642948458,0.00609361450188,-1.71850172981e-05,-0.000505679054186,2664.76331896,10478,20.9560009954,2137.63641229,528.939766809,11616,-7.21205515219e-06,7.21205515219e-06,1.41529607773,0,0,0,0,0.00585834914818,0.00380757078528
23.2960011065,2640.16794972,-661.127385683,88.143081665,-470.918304443,6.10769224167,0.365992337465,103.211235046,39.0724067688,0.974434554577,0.000232830643654,0.000465661287308,4,528.939533979,23.0253118797,5.4041309352,70.4785397988,9.30753899906,129.422885948,148.614286445,5150.00615269,0.00791624188423,1899.17639364,1890.54920338,27,70.0358868926,24.0228855546,44.5205041615,0.00593928230208,0.00582986103836,0.000109421263716,0.000223735696636,2664.76331896,10478,20.9560009954,2137.63641229,528.939766809,11648,-7.40146060707e-06,7.40146060707e-06,1.40248715878,0,0,0,0,0.00260677398182,0.00170002225786
23.3600011095,2602.60351934,-517.712323926,69.022644043,-471.619720459,4.36221170425,0.302956402302,103.226325989,39.0703468323,0.974444389343,0.000232830643654,0.000465661287308,4,528.939533979,85.7297674249,18.6151622335,80.721363099,15.0259079201,118.521580589,126.656945213,5150.00661835,0.00791624188423,1910.07787362,1912.50653006,27,70.0358868926,25.3124380833,45.0075749541,0.00632338671702,0.00631916918792,4.21752910373e-06,0.00020008883439,2664.76331896,10478,20.9560009954,2137.63641229,528.939766809,11680,-7.21612104826e-06,7.21612104826e-06,1.40929377079,0,0,0,0,0.0011662124889,0.000761702540331
23.4240011126,2573.85685109,-388.371001463,51.7785491943,-474.7684021,3.08551311493,0.235664084554,103.254684448,39.0666618347,0.974462807178,0.000232830643654,0.000465661287308,4,528.939533979,107.62665781,23.1034622163,104.710522416,21.1325985152,80.0714769866,96.7170999502,5150.00661835,0.00791624188423,1948.5282246,1942.44622253,27,70.0358868926,32.4436332448,49.4636042276,0.00653575372989,0.00652471499052,1.1038739367e-05,-5.45696821064e-06,2664.76331896,10478,20.9560009954,2137.63641229,528.939766809,11712,-7.36161655368e-06,7.36161655368e-06,1.41782152653,0,0,0,0,0.000522992340848,0.000341819250025
23.4880011156,2552.5924284,-283.718341962,37.826007843,-478.294281006,2.17085766792,0.17629365623,103.261207581,39.0658493042,0.974467098713,0.000232830643654,0.000465661287308,4,528.939533979,109.854084322,22.7208007971,108.825906652,21.9204305258,63.3137897239,82.790516899,5150.00708401,0.00791624188423,1965.28574452,1956.37275465,27,70.0358868926,35.9290279448,51.6607287864,0.00650588251327,0.00659201759845,-8.61350851755e-05,0.000392901711166,2664.76331896,10478,20.9560009954,2137.63641229,528.939766809,11744,-7.25580775907e-06,7.25580775907e-06,1.41866970062,0,0,0,0,0.000234790015384,0.000153501401655
23.5520011187,2537.19417378,-203.830000828,27.1751022339,-481.394927979,1.52318453789,0.12857709825,103.262199402,39.0655822754,0.974467694759,0.000232830643654,0.000465661287308,4,528.939533979,101.459137331,19.8535512518,105.070266304,20.2711850245,59.3880467932,78.5837110016,5150.00615269,0.00791624188423,1969.21196766,1960.58047004,28,70.0349046383,38.0784040317,53.503052186,0.0064700915875,0.00653199094813,-6.18993606372e-05,-0.000478394213133,2664.76331896,10478,20.9560009954,2137.63641229,528.939766809,11776,-7.27695487512e-06,7.27695487512e-06,1.41275084019,0,0,0,0,0.000105456470919,6.89548978698e-05
23.6160011217,2526.19269304,-144.91249749,19.3200798035,-483.85559082,1.06744730473,0.0922256037593,103.262382507,39.0654640198,0.974467813969,0.000232830643654,0.000465661287308,4,528.939533979,36.2248464152,5.52065005276,100.44547013,18.1567493563,59.3880467932,78.5837110016,5150.00661835,0.00791624188423,1969.21196766,1960.58047004,28,70.0349046383,39.6915420424,54.8831812921,0.00657439926111,0.00655745679978,1.69424613228e-05,-3.81987774745e-05,2664.76331896,10478,20.9560009954,2137.63641229,528.939766809,11808,-7.2645216278e-06,7.2645216278e-06,1.41185474396,0,0,0,0,4.73762665933e-05,3.09798306262e-05
23.6800011247,2518.39822158,-102.357051219,13.646487236,-485.707275391,0.747673869133,0.0654632523656,103.262290955,39.0653839111,0.974467754364,0.000232830643654,0.000465661287308,4,528.939533979,2.64329568932,-1.32040228189,96.253907765,16.5867895388,79.3735307525,97.6894443738,5150.00661835,0.00791624188423,1969.21196766,1960.58047004,28,70.0349046383,28.5387977783,47.8037400171,0.00642282983743,0.00642285158392,-2.17464934948e-08,9.64064383879e-05,2664.76331896,10478,20.9560009954,2137.63641229,528.939766809,11840,-7.24220353732e-06,7.24220353732e-06,1.41018545628,0,0,0,0,2.12858267332e-05,1.39194062285e-05
23.7440011278,2512.90388405,-72.0152820577,9.60124969482,-487.058441162,0.523588418961,0.0461725667119,103.262199402,39.0653038025,0.974467694759,0.000232830643654,0.000465661287308,4,528.939533979,5.00137249867,-0.740901087188,92.2534060064,14.9440109381,102.223290014,108.868021925,5150.00708401,0.00791624188423,1969.21196766,1960.58047004,28,70.0349046383,27.3877940344,46.8938524136,0.00684904179205,0.00686122803017,-1.21862381297e-05,0.000123691279441,2664.76331896,10478,20.9560009954,2137.63641229,528.939766809,11872,-7.21660990166e-06,7.21660990166e-06,1.41432833672,0,0,0,0,9.56399435381e-06,6.2542426349e-06
23.8080011308,2509.04308632,-50.549118896,6.73932933807,-488.027313232,0.36666610837,0.0324432253838,103.262016296,39.0652236938,0.97446757555,0.000232830643654,0.000465661287308,4,528.939533979,6.16626289893,-0.371719168096,88.4268321005,13.4232968015,113.511079689,115.989540063,5150.00661835,0.00791624188423,1969.21196766,1960.58047004,28,70.0349046383,28.1157244899,46.878347348,0.00679086255284,0.00673753675073,5.33258021074e-05,-0.000218278728426,2664.76331896,10478,20.9560009954,2137.63641229,528.939766809,11904,-7.19522313375e-06,7.19522313375e-06,1.41301870346,0,0,0,0,4.29730744145e-06,2.8101803764e-06
23.8720011339,2506.3350331,-35.4332951247,4.72405147552,-488.71472168,0.256813913584,0.0227450877428,103.261756897,39.0651397705,0.974467456341,0.000232830643654,0.000465661287308,4,528.939533979,6.80021600493,-0.0519998312093,84.7659749241,12.1657030206,119.654083392,122.156925499,5150.00661835,0.00791624188423,1969.21196766,1960.58047004,28,70.0349046383,28.9880263153,47.0589584438,0.00683848312699,0.00675936462358,7.91185034155e-05,-0.000240106601268,2664.76331896,10478,20.9560009954,2137.63641229,528.939766809,11936,-7.23507810108e-06,7.23507810108e-06,1.40782630444,0,0,0,0,1.9308888568e-06,1.26268832901e-06
23.9360011369,2504.43792902,-24.8156811722,3.3084859848,-489.20010376,0.179929643869,0.0159242637455,103.261482239,39.0650520325,0.974467277527,0.000232830643654,0.000465661287308,4,528.939533979,7.17943246972,0.241854600312,81.2639418213,11.1748160103,123.328689369,127.825376694,5150.00708401,0.00791624188423,1969.21196766,1960.58047004,28,70.0349046383,29.8320228467,47.2718711535,0.00681159618987,0.00677755451761,3.40416722588e-05,0.000207364792004,2664.76331896,10478,20.9560009954,2137.63641229,528.939766809,11968,-7.22171762391e-06,7.22171762391e-06,1.41415297985,0,0,0,0,8.67600988386e-07,5.67360928017e-07
24.0000011399,2503.10916454,-17.3753323907,2.31652092934,-489.540527344,0.126107960939,0.0111416289583,103.261482239,39.0649909973,0.974467277527,0.000232830643654,0.000465661287308,4,528.939533979,7.42526075632,0.515088901508,77.9138181622,10.4120083319,125.710765133,133.096065838,5150.00754967,0.00791624188423,1969.21196766,1960.58047004,28,70.0349046383,30.62520409,47.462839575,0.00680564894717,0.00677027856,3.53703871747e-05,0.000680302036926,2664.76331896,10478,20.9560009954,2137.63641229,528.939766809,12000,-7.2029297371e-06,7.2029297371e-06,1.40821516514,0,0,0,0,3.89837481407e-07,2.54931109112e-07
