time_s,step,min_skin_bed_gap_m,vertices_below_1mm,nonfinite_skin_vertices,max_functional_volume_relative_error,q_ra,q_rv,q_la,q_lv,ra_target_ml,rv_target_ml,la_target_ml,lv_target_ml,diaphragm_swept_ml,rib_swept_ml,lung_target_ml,body_com_x_m,body_com_y_m,body_com_z_m,represented_body_mass_kg,ventricular_wall_bound,ventricular_material_ml,ventricular_material_target_ml,ventricular_closure_mm,ventricular_material_status,functional_geometry_status
0,0,-0.000110551714897,0,0,6.27651900231e-07,-0.31223398447,0.0542525686324,-0.0350566618145,0.0582944639027,32.2639498336,138.358649565,47.7374887851,118.755349831,0,0,2499.99994412,-0.0250191260129,-0.756986141205,0.115114875138,72,1,164.012875757,164.012890309,-1.2374430662,0,0
0.0620000029448,31,-1.09151005745e-05,0,0,6.50340325592e-07,-0.344409584999,0.0746050179005,-0.0415468327701,0.074126496911,28.6943213723,145.909027196,46.7807112727,124.165206216,9.97919505608,-0.662450361233,2509.31666233,-0.0249614045024,-0.756165266037,0.109253466129,72,1,164.012919413,164.012890309,-1.59896968398,0,0
0.126000005985,63,-6.01261854172e-06,0,0,1.0053255437e-06,-0.391378343105,0.0951465070248,-0.0516734831035,0.0844648480415,24.0499975916,153.819695697,45.3135216958,127.785053337,35.2685565304,0.963359525485,2536.23188473,-0.0248581916094,-0.752533793449,0.106919512153,72,1,164.013035828,164.012890309,-1.91272015218,0,0
0.190000009025,95,-1.30757689476e-05,0,0,2.66335717924e-07,-0.387993037701,0.0829795002937,-0.0544301532209,0.0844648480415,24.3631038757,149.098588736,44.9195067631,127.785053337,66.0832301946,7.28894519852,2573.37209769,-0.0246842727065,-0.746588587761,0.105088584125,72,1,164.012861205,164.012890309,-1.76015880425,0,0
0.254000012064,127,-9.16421413422e-06,0,0,8.63626610226e-07,-0.340079128742,-0.0248399227858,-0.0296466983855,-0.0153879057616,29.1559026664,111.633562483,48.5449199914,95.6376970862,99.5469890768,16.5195106092,2616.06648564,-0.0244991667569,-0.742018043995,0.104501329362,72,1,164.012832101,164.012890309,0.530706951395,0,0
0.318000015104,159,-2.01165676117e-06,0,0,7.25029451587e-07,-0.292819142342,-0.0990090966225,-0.00763700250536,-0.112854987383,34.578024497,90.1444946066,51.9237219123,69.954789069,134.046422318,27.3902587651,2661.43656336,-0.0241388808936,-0.740613698959,0.10553406924,72,1,164.012904861,164.012890309,3.08358250186,0,0
0.382000018144,191,-1.90734863281e-06,0,0,7.35064190849e-07,-0.273696064949,-0.132219314575,0.00602869875729,-0.151955455542,36.9791305275,81.5726671135,54.0985020052,61.1068098806,168.428567122,39.1516841773,2707.58010447,-0.0239750035107,-0.740747213364,0.105640314519,72,1,164.012788446,164.012890309,4.37205657363,0,0
0.446000021184,223,-2.69711017609e-06,0,0,3.19724421161e-07,-0.260383069515,-0.135385245085,0.0167039372027,-0.153908014297,38.723799662,80.7880787761,55.839002016,60.6856992817,201.786519028,51.3430968567,2753.12946178,-0.0235634576529,-0.740708708763,0.10435077548,72,1,164.012890309,164.012890309,4.4663362205,0,0
0.510000024224,255,-9.90927219391e-07,0,0,8.53607559748e-07,-0.298607170582,-0.104095086455,0.00699572544545,-0.135217607021,33.875254303,88.7908390723,54.2546549696,64.7968845442,233.375103562,63.6593467789,2797.03433625,-0.0227411929518,-0.74088203907,0.103370256722,72,1,164.012832101,164.012890309,3.56314820237,0,0
0.574000027264,287,-2.35438346863e-06,0,0,1.06210279682e-06,-0.356432616711,-0.0426428429782,-0.0322095267475,-0.00716889277101,27.4428566627,106.17046064,48.1612951262,98.0527402135,262.581015704,75.8754249546,2838.45630474,-0.0225195921957,-0.741163671017,0.102281168103,72,1,164.012875757,164.012890309,0.706831342541,0,0
0.638000030303,319,-1.01327896118e-06,0,0,8.93618334885e-07,-0.352554023266,-0.0173616968095,-0.0335920788348,0.04394473508,27.8417737718,113.98748029,47.9551854369,113.989837701,288.921321044,87.8015343915,2876.72295235,-0.0224321112037,-0.741872310638,0.100806333125,72,1,164.012759342,164.012890309,-0.155901347171,0,0
0.702000033343,351,-3.79979610443e-06,0,0,5.44759984678e-07,-0.344672679901,0.00200607907027,-0.0326222516596,0.0688464194536,28.6664690066,120.248900203,48.099704145,122.343117255,312.056654366,99.2557252175,2911.31227277,-0.0229319315404,-0.742150127888,0.0998394489288,72,1,164.012875757,164.012890309,-0.613774871454,0,0
0.766000036383,383,-2.08616256714e-06,0,0,7.37735035727e-07,-0.336871862411,0.0189406424761,-0.0310947969556,0.0827011615038,29.5015051961,125.92166604,48.3279072796,127.162609715,331.808318151,110.045111796,2941.85336679,-0.0245456937701,-0.742681026459,0.0986010953784,72,1,164.012802998,164.012890309,-0.929938396439,0,0
0.830000039423,415,-3.99351119995e-06,0,0,7.31554678168e-07,-0.329643726349,0.0341704152524,-0.0296299979091,0.0912463217974,30.2920925606,131.183784106,48.5474265588,130.197309772,348.164932802,119.957418065,2968.12225133,-0.0245716571808,-0.742692112923,0.0985742360353,72,1,164.012788446,164.012890309,-1.1774682207,0,0
0.894000042463,447,-3.40491533279e-06,0,0,7.9254573393e-07,-0.333222389221,0.0501014105976,-0.0305775180459,0.0972830802202,29.8986342386,136.85329759,48.4053525724,132.370027131,361.270242138,128.765721456,2990.03603868,-0.0245837345719,-0.742695271969,0.0985726639628,72,1,164.012948517,164.012890309,-1.41209515277,0,0
0.958000045503,479,-3.41236591339e-06,0,0,5.34816820164e-07,-0.383377671242,0.0741044431925,-0.0430096648633,0.103565111756,24.795286663,145.719910506,46.5668417746,134.656555019,371.388858184,136.234448291,3007.62336701,-0.0245802886784,-0.742691755295,0.0985797345638,72,1,164.012919413,164.012890309,-1.74084689934,0,0
1.02200004854,511,-3.30805778503e-06,0,0,9.14425129395e-07,-0.391834020615,0.0814423263073,-0.0510432384908,0.104807376862,24.0081026277,148.509483552,45.4039254691,135.111811687,378.855736926,142.138218507,3020.99389955,-0.0245777666569,-0.742688834667,0.0985880121589,72,1,164.01274479,164.012890309,-1.83623936027,0,0
1.08600005158,543,-3.1366944313e-06,0,0,6.26387532066e-07,-0.36946618557,0.00445762090385,-0.0417360924184,0.0435544885695,26.1354252871,121.058605146,46.7530044261,113.862050057,384.082901292,146.407925058,3030.49082868,-0.0245745182037,-0.74268579483,0.0985969007015,72,1,164.012832101,164.012890309,-0.455114757642,0,0
1.15000005462,575,-3.24100255966e-06,0,0,9.11631161671e-07,-0.304848790169,-0.0845308899879,-0.0130608007312,-0.0800470262766,33.129730582,94.0803947742,51.0769932589,78.0064438004,387.490144931,149.100233102,3036.59052588,-0.0245706774294,-0.742682933807,0.0986062586308,72,1,164.01281755,164.012890309,2.31583882123,0,0
1.21400005766,607,-3.22610139847e-06,0,0,1.31930244152e-06,-0.280381917953,-0.129929482937,0.000179581431439,-0.140415012836,36.1257043551,82.1436333354,53.1603800482,63.6355907773,389.337859815,150.099673192,3039.43734616,-0.024565834552,-0.74268001318,0.0986158549786,72,1,164.012832101,164.012890309,4.11075446755,0,0
1.2780000607,639,-3.23355197906e-06,0,0,3.10495295253e-07,-0.264870166779,-0.14140060544,0.0111326240003,-0.151965409517,38.1289755751,79.3127110228,54.9260657863,61.1046561971,389.782420825,149.250321556,3039.0326865,-0.0245611444116,-0.742676973343,0.0986256152391,72,1,164.012933965,164.012890309,4.53489273787,0,0
1.34200006374,671,-3.10689210892e-06,0,0,3.57221097147e-07,-0.255571126938,-0.140154153109,0.0190121084452,-0.151965409517,39.369409933,79.6167732915,56.2201712455,61.1046561971,388.901302358,146.415521158,3035.31670943,-0.0245561860502,-0.74267411232,0.0986355245113,72,1,164.012933965,164.012890309,4.51282085851,0,0
1.40600006678,703,-3.44216823578e-06,0,0,5.32943715825e-07,-0.352891981602,-0.0610687844455,-0.0316934399307,-0.0439621470869,27.8068328043,100.721794297,48.2383838971,87.5505502336,386.693922337,141.513664857,3028.20769139,-0.0245509054512,-0.742671012878,0.0986450016499,72,1,164.012919413,164.012890309,1.43180578016,0,0
1.47000006982,735,-3.10689210892e-06,0,0,7.0979371003e-07,-0.356303989887,-0.0289744772017,-0.0355273522437,0.0257160626352,27.456015232,110.347209556,47.6676650578,108.122250822,383.112579584,134.516565595,3017.62903109,-0.0245454069227,-0.742667913437,0.0986550152302,72,1,164.012773894,164.012890309,0.170643586898,0,0
1.53400007286,767,-3.1366944313e-06,0,0,3.06239996917e-07,-0.348812699318,-0.00763507373631,-0.0352963022888,0.0574004240334,28.230899261,117.102070362,47.7019311802,118.454634503,378.055206966,125.45377831,3003.50901671,-0.0245397817343,-0.742664754391,0.0986644998193,72,1,164.012875757,164.012890309,-0.39870411274,0,0
1.5980000759,799,-3.09944152832e-06,0,0,8.41511507588e-07,-0.340698778629,0.0104857310653,-0.0339856408536,0.0741190314293,29.0895040962,123.066129163,47.896621254,124.162615975,371.32052239,114.436581498,2985.75707711,-0.024534009397,-0.742661654949,0.0986739322543,72,1,164.012773894,164.012890309,-0.763054180425,0,0
1.66200007894,831,-3.16649675369e-06,0,0,1.15341481433e-06,-0.333094477654,0.0266624763608,-0.0325481705368,0.0840096026659,29.9126313621,128.570536617,48.1107563246,127.624196466,362.554827007,101.683050161,2964.23770487,-0.024528382346,-0.742658376694,0.0986831262708,72,1,164.013079484,164.012890309,-1.03828217834,0,0
1.72600008198,863,-3.09944152832e-06,0,0,7.1081291253e-07,-0.326723814011,0.0414075963199,-0.0314285717905,0.0904149413109,30.6161018671,133.738270961,48.2779796585,129.899955937,351.202004822,87.5441473909,2938.74600902,-0.0245227217674,-0.742655217648,0.0986923351884,72,1,164.012846653,164.012890309,-1.26512884162,0,0
1.79000008502,895,-3.44216823578e-06,0,0,6.34592254301e-07,-0.363386690617,0.0636609345675,-0.0397542975843,0.0963737517595,26.7389641522,141.813754453,47.0436752948,132.041212055,336.37258457,72.5705831428,2908.94298814,-0.0245171841234,-0.742651879787,0.0987011566758,72,1,164.012963069,164.012890309,-1.57739163842,0,0
1.85400008806,927,-3.37511301041e-06,0,0,8.21164974241e-07,-0.393580079079,0.0804626494646,-0.0507969297469,0.0999675095081,23.8481115957,148.13488815,45.4392902611,133.343914058,316.576770274,57.6460079174,2874.2228169,-0.0245115682483,-0.74264895916,0.0987108126283,72,1,164.012846653,164.012890309,-1.80281756911,0,0
1.9180000911,959,-3.44961881638e-06,0,0,7.13784800155e-07,-0.38612228632,0.0456497110426,-0.0527129359543,0.0939676910639,24.5375467784,135.251888423,45.1646810689,131.173801492,289.163494017,44.2763666797,2833.43996853,-0.0245061665773,-0.742645978928,0.0987202003598,72,1,164.012963069,164.012890309,-1.33847328834,0,0
1.98200009414,991,-3.19629907608e-06,0,0,6.39848281025e-07,-0.32440251112,-0.0568567477167,-0.0236874260008,-0.040062289685,30.8756061713,101.949080999,49.4448177051,88.6263296707,250.785960816,34.3499668816,2785.13599187,-0.0245005339384,-0.742643117905,0.098729878664,72,1,164.012788446,164.012890309,1.31561455783,0,0
2.04600009718,1023,-3.44961881638e-06,0,0,7.19623244549e-07,-0.287687182426,-0.117987275124,-0.00730638485402,-0.124267563224,35.2103925252,85.169202066,51.9756358699,67.289598519,200.536742341,28.9006729872,2729.43731397,-0.0244946237653,-0.742639899254,0.0987389013171,72,1,164.012919413,164.012890309,3.60711151734,0,0
2.11000010022,1055,-3.18884849548e-06,0,0,1.02778767541e-06,-0.269688904285,-0.142489045858,0.00466902926564,-0.152733355761,37.4978953914,79.0478952695,53.8794520253,60.9388080193,149.701489136,25.763110898,2675.46460964,-0.0244904235005,-0.742637872696,0.0987441539764,72,1,164.012788446,164.012890309,4.56925434992,0,0
2.17400010326,1087,-3.28570604324e-06,0,0,3.73373893581e-07,-0.256865561008,-0.14274507761,0.0137426499277,-0.152733355761,39.1949506593,78.9857003838,55.3525060241,60.9388080193,108.102933154,21.8827153731,2629.98580001,-0.0244861654937,-0.742636144161,0.0987456068397,72,1,164.012890309,164.012890309,4.57379221916,0,0
2.2380001063,1119,-3.21120023727e-06,0,0,7.01150781879e-07,-0.32938849926,-0.0870218127966,-0.0205450057983,-0.0991486608982,30.3203069052,93.3944902499,49.9237939948,73.2475309633,76.8718891777,17.4416400114,2594.31335144,-0.0244811177254,-0.742633581161,0.0987456738949,72,1,164.01281755,164.012890309,2.65490170568,0,0
2.30200010934,1151,-3.27080488205e-06,0,0,5.88370085097e-07,-0.357859373093,-0.0395331345499,-0.0366135127842,0.00238253967836,27.2972574749,107.110543468,47.5068009109,100.909972389,54.2451780348,13.2664899866,2567.51151755,-0.024478148669,-0.742630958557,0.0987444072962,72,1,164.012919413,164.012890309,0.557286199182,0,0
2.36600011238,1183,-3.24845314026e-06,0,0,8.87242151748e-07,-0.351924002171,-0.0156096722931,-0.0373463518918,0.0443113185465,27.9070045508,114.54406922,47.398469178,114.109963761,38.1153040507,9.79041215032,2547.90578038,-0.0244745146483,-0.742628395557,0.0987440571189,72,1,164.01274479,164.012890309,-0.183333671885,0,0
2.43000011542,1215,-3.18884849548e-06,0,0,5.32345325155e-07,-0.343727648258,0.00363874994218,-0.0362869240344,0.0653190165758,28.7666280201,120.787713968,47.5551314594,121.135839436,26.7265932052,7.07938079358,2533.80602226,-0.0244712233543,-0.742625892162,0.0987431555986,72,1,164.012977621,164.012890309,-0.610326125752,0,0
2.49400011846,1247,-3.55392694473e-06,0,0,8.35397884202e-07,-0.335844993591,0.0206212922931,-0.0348484776914,0.0772486031055,29.6128273476,126.494851429,47.768393415,125.251070131,18.7239038496,5.05101616,2523.77497964,-0.0244677234441,-0.742623269558,0.0987425073981,72,1,164.01281755,164.012890309,-0.917157682125,0,0
2.5580001215,1279,-3.20374965668e-06,0,0,4.87925660764e-07,-0.32857465744,0.0359170921147,-0.0335128568113,0.0847180336714,30.4104178213,131.797103677,47.9669797642,127.874576719,13.1125971166,3.57382396032,2516.68621786,-0.0244641061872,-0.742620646954,0.0987422317266,72,1,164.012875757,164.012890309,-1.16206984967,0,0
2.62200012454,1311,-3.3974647522e-06,0,0,1.39304643199e-06,-0.342313051224,0.0540638975799,-0.0366496108472,0.0904422998428,28.9170711767,138.289979077,47.501460358,129.909734824,9.1820693342,2.51578921961,2511.69782132,-0.0244604498148,-0.742617964745,0.0987415239215,72,1,164.012875757,164.012890309,-1.42609176692,0,0
2.68600012758,1343,-3.17394733429e-06,0,0,7.98517930889e-07,-0.392518222332,0.0778921991587,-0.0498207770288,0.0964012593031,23.9453056565,147.155209561,45.5796216556,132.051151013,6.42999975753,1.76579237632,2508.19581561,-0.0244571808726,-0.742615461349,0.0987406596541,72,1,164.012759342,164.012890309,-1.75463675987,0,0
2.75000013062,1375,-3.36766242981e-06,0,0,6.92488924869e-07,-0.390750646591,0.0777404755354,-0.055694911629,0.0964453965425,24.1078032559,147.097525769,44.7394995717,132.067099912,4.50366587756,1.23713516587,2505.74061647,-0.0244534909725,-0.74261277914,0.0987403914332,72,1,164.012861205,164.012890309,-1.75296724774,0,0
2.81400013366,1407,-3.16649675369e-06,0,0,8.38511539314e-07,-0.354279816151,-0.0208059847355,-0.0386062152684,0.00894626416266,27.6637128991,112.898946099,47.2126157547,102.905294625,3.15556394526,0.865789843374,2504.021395,-0.0244501326233,-0.742610454559,0.0987397357821,72,1,164.01281755,164.012890309,0.215172200114,0,0
2.8780001367,1439,-3.32295894623e-06,0,0,9.34359661642e-07,-0.297009706497,-0.0996665656567,-0.0141348615289,-0.100608438253,34.0681181115,89.9686638149,50.9104174853,72.8920276742,2.21211939788,0.605452100899,2502.81742774,-0.0244466811419,-0.74260789156,0.0987392365932,72,1,164.012875757,164.012890309,2.8907537926,0,0
2.94200013974,1471,-3.41981649399e-06,0,0,5.0330220347e-07,-0.275426805019,-0.13707986474,-0.00129212578759,-0.148857265711,36.7567627109,80.3704097052,52.9260578332,61.7789919488,1.55165321303,0.423303077923,2501.97481364,-0.0244430154562,-0.742605209351,0.098738566041,72,1,164.012832101,164.012890309,4.39787330106,0,0
3.00600014278,1503,-3.28570604324e-06,0,0,7.0979371003e-07,-0.260892748833,-0.143319755793,0.00907110236585,-0.154281586409,38.6558822356,78.8462202763,54.5907969354,60.6053508818,1.08926974463,0.295819802432,2501.38505362,-0.0244394205511,-0.742602705956,0.0987384021282,72,1,164.012773894,164.012890309,4.61452035233,0,0
3.07000014582,1535,-3.10689210892e-06,0,0,6.60300884192e-07,-0.275797486305,-0.126583337784,0.0163958743215,-0.154281586409,36.7092652596,82.9832715681,55.7882594876,60.6053508818,0.765149309245,0.206880173437,2500.97201206,-0.0244358405471,-0.74260020256,0.0987380743027,72,1,164.012788446,164.012890309,4.31729108095,0,0
3.13400014886,1567,-3.36021184921e-06,0,0,9.75966372607e-07,-0.356461763382,-0.0524267815053,-0.0362500883639,-0.0279431380332,27.439882615,103.251491964,47.5605847896,92.0255915844,0.538260508165,0.144533728985,2500.6828364,-0.0244316924363,-0.742597341537,0.098737090826,72,1,164.012730238,164.012890309,1.0960646905,0,0
3.1980001519,1599,-3.11434268951e-06,0,0,1.06469065031e-06,-0.354761660099,-0.0240660123527,-0.038530882448,0.0292999222875,27.6141599898,111.875531729,47.223715228,109.259555757,0.379070854706,0.101058276414,2500.48004091,-0.0244282130152,-0.742594897747,0.0987367704511,72,1,164.012715686,164.012890309,0.0674105394864,0,0
3.26200015494,1631,-3.1441450119e-06,0,0,7.0979371003e-07,-0.346802890301,-0.00343805644661,-0.0379114188254,0.0563547872007,28.441696486,118.464631669,47.315050324,118.103569548,0.2674246673,0.070633774385,2500.33801422,-0.0244248695672,-0.742592334747,0.098736256361,72,1,164.012773894,164.012890309,-0.447763479315,0,0
3.32600015798,1663,-3.36021184921e-06,0,0,6.21069489171e-07,-0.338694989681,0.0143871083856,-0.0365288518369,0.0710405707359,29.3046650768,124.377969769,47.519326472,123.098114273,0.188937576695,0.0494512697458,2500.23812987,-0.0244211126119,-0.742589652538,0.0987355113029,72,1,164.012788446,164.012890309,-0.793806742877,0,0
3.39000016102,1695,-3.47197055817e-06,0,0,4.33473559269e-07,-0.331159710884,0.0303553752601,-0.0351255945861,0.0799237340689,30.1249256154,129.851236125,47.7272587887,126.186496345,0.133821558279,0.0345714887828,2500.16828068,-0.0244177095592,-0.742587149143,0.098735012114,72,1,164.012890309,164.012890309,-1.06114405207,0,0
3.45400016406,1727,-3.1441450119e-06,0,0,7.53094127504e-07,-0.328499734402,0.0456719733775,-0.0348342172801,0.0858967155218,30.4187196889,135.259862873,47.7705107187,128.291881992,0.0949826244323,0.0242627304914,2500.11915341,-0.0244141295552,-0.742584705353,0.0987347885966,72,1,164.012788446,164.012890309,-1.29417143762,0,0
3.5180001671,1759,-3.21120023727e-06,0,0,4.70723506396e-07,-0.374519348145,0.0695961266756,-0.0455252937973,0.0919376909733,25.642084438,144.024481415,46.2005773443,130.444925162,0.0675713636156,0.0171156600004,2500.08469447,-0.0244106370956,-0.742582082748,0.0987345278263,72,1,164.012890309,164.012890309,-1.62957131397,0,0
3.58200017014,1791,-3.382563591e-06,0,0,4.54746157175e-07,-0.391921520233,0.0812232643366,-0.054987963289,0.0941928476095,24.0000626945,148.42566452,44.8400569439,131.254812004,0.0484078128693,0.0118820651096,2500.06024726,-0.0244070459157,-0.742579519749,0.0987342000008,72,1,164.01281755,164.012890309,-1.78557483014,0,0
3.64600017318,1823,-3.382563591e-06,0,0,1.06469065031e-06,-0.378057956696,0.0214012861252,-0.051484528929,0.0629957914352,25.3010766755,126.761500724,45.340613724,120.345051982,0.0348381803406,0.00818194312302,2500.04301779,-0.0244033262134,-0.74257683754,0.0987335816026,72,1,164.012715686,164.012890309,-0.831689394545,0,0
3.71000017622,1855,-3.45706939697e-06,0,0,5.37058724603e-07,-0.310919821262,-0.0746091902256,-0.0211871936917,-0.0673285573721,32.4167194776,96.8488457147,49.8256595165,81.2867292552,0.0251021976538,0.00578256864614,2500.0309106,-0.0243997573853,-0.74257427454,0.0987334400415,72,1,164.012846653,164.012890309,1.96701497771,0,0
3.77400017926,1887,-3.37511301041e-06,0,0,1.09838128992e-06,-0.282342731953,-0.126739442348,-0.0070692775771,-0.137601256371,35.8782708645,82.9439595691,52.0128887729,64.2625527689,0.0181544130839,0.0041822785235,2500.02229586,-0.0243964418769,-0.74257183075,0.0987331792712,72,1,164.012788446,164.012890309,4.00221440941,0,0
3.8380001823,1919,-3.10689210892e-06,0,0,6.71318730383e-07,-0.265705049038,-0.14362218976,0.00447733327746,-0.15572014451,38.0190685974,78.7728931755,53.8486165169,60.2966065344,0.0132122375263,0.00306126812788,2500.01624227,-0.0243927873671,-0.742569208145,0.0987327620387,72,1,164.01281755,164.012890309,4.64837765321,0,0
3.90200018534,1951,-3.27080488205e-06,0,0,4.88584760205e-07,-0.25366717577,-0.14362218976,0.0129522625357,-0.15572014451,39.6270806959,78.7728931755,55.2231358597,60.2966065344,0.00972004521316,0.00228932850455,2500.01205131,-0.0243892073631,-0.742566525936,0.0987324267626,72,1,164.012875757,164.012890309,4.64837765321,0,0
3.96600018837,1983,-3.18139791489e-06,0,0,9.3616409913e-07,-0.346127569675,-0.0711462497711,-0.0327891074121,-0.0703403800726,28.5127989628,97.8288881015,48.0748203699,80.5017843959,0.00740993444381,0.00161003566035,2500.00902452,-0.0243855491281,-0.742564022541,0.0987323448062,72,1,164.012846653,164.012890309,1.95428938605,0,0
4.03000019141,2015,-3.17394733429e-06,0,0,8.14308179997e-07,-0.35699313879,-0.0335638560355,-0.0389304496348,0.0107024032623,27.3855857813,108.931861178,47.1648636449,103.443569969,0.00542848033191,0.00139771205721,2500.00669621,-0.0243820790201,-0.742561578751,0.0987318977714,72,1,164.013021276,164.012890309,0.383544247597,0,0
4.09400019445,2047,-3.41236591339e-06,0,0,2.8085000281e-07,-0.349949419498,-0.0109928306192,-0.039047319442,0.0463307835162,28.1122283923,116.020077257,47.1476596431,114.773232781,0.00381340292677,0.00133889055398,2500.00506639,-0.0243785139173,-0.742558956146,0.0987315252423,72,1,164.012933965,164.012890309,-0.264150061412,0,0
4.15800019749,2079,-3.1441450119e-06,0,0,8.42550832658e-07,-0.341708600521,0.00777973700315,-0.0378240384161,0.0647332519293,28.9815416181,122.162047774,47.3279433209,120.936128951,0.00277920975122,0.0011630582053,2500.00390224,-0.0243749767542,-0.742556631565,0.0987310707569,72,1,164.012832101,164.012890309,-0.661640428007,0,0
4.22200020053,2111,-3.3974647522e-06,0,0,6.21069489171e-07,-0.333918392658,0.0244524106383,-0.0363823063672,0.0754394829273,29.8225731967,127.808394609,47.5410124636,124.621088617,0.00229940466667,0.000846722691961,2500.00320375,-0.0243716165423,-0.742553949356,0.098730802536,72,1,164.012992173,164.012890309,-0.955722469371,0,0
4.28600020357,2143,-3.26335430145e-06,0,0,6.51446725897e-07,-0.32675164938,0.0394938923419,-0.0350920818746,0.0822652280331,30.6130023091,133.059395012,47.7322319057,127.009072457,0.00196903870986,0.000662384036509,2500.00250526,-0.0243679732084,-0.742551445961,0.0987304151058,72,1,164.012933965,164.012890309,-1.19370117318,0,0
4.35000020661,2175,-3.33040952682e-06,0,0,6.21587105343e-07,-0.353014886379,0.0600088648498,-0.0408899001777,0.0880639404058,27.7941398963,140.465417644,46.876968554,129.061547341,0.00173036629469,0.000564571278616,2500.0020396,-0.0243644341826,-0.742548882961,0.0987302586436,72,1,164.012890309,164.012890309,-1.48871657439,0,0
4.41400020965,2207,-3.18139791489e-06,0,0,5.87405395436e-07,-0.395605742931,0.0813107043505,-0.052687201649,0.0927452743053,23.6635896727,148.459119373,45.1683627034,130.734566483,0.00158097590575,0.000493324936457,2500.0020396,-0.0243607386947,-0.742546319962,0.098729878664,72,1,164.012963069,164.012890309,-1.77980447188,0,0
4.47800021269,2239,-3.1366944313e-06,0,0,1.49787001646e-06,-0.38882958889,0.0624741725624,-0.0572809241712,0.0927452743053,24.2854312091,141.374606756,44.5144505647,130.734566483,0.0014850699559,0.000445345038624,2500.00180677,-0.0243572872132,-0.742543816566,0.0987296253443,72,1,164.012875757,164.012890309,-1.54425855726,0,0
4.54200021573,2271,-3.20374965668e-06,0,0,8.9573944706e-07,-0.337125837803,-0.0421665497124,-0.032699059695,-0.0233429484069,29.4740166282,106.314058939,48.0882481497,93.3382980293,0.00142086009625,0.000415415396526,2500.00180677,-0.0243538562208,-0.742541193962,0.0987290963531,72,1,164.012846653,164.012890309,0.88402046822,0,0
4.60600021877,2303,-3.32295894623e-06,0,0,8.6701430746e-07,-0.290816068649,-0.111176967621,-0.0128343869001,-0.118341952562,34.8238099832,86.9308132678,51.1121543241,68.6647981638,0.00137887434803,0.000395857790991,2500.00180677,-0.0243502147496,-0.742538571358,0.0987296178937,72,1,164.012846653,164.012890309,3.38562834077,0,0
4.67000022181,2335,-3.35276126862e-06,0,0,1.09089592115e-06,-0.271353721619,-0.141440212727,-0.000334214360919,-0.155425965786,37.2817048628,79.303063103,53.0784964212,60.3596563451,0.00135276423396,0.000382056414283,2500.00180677,-0.0243466794491,-0.742536127567,0.098728723824,72,1,164.01274479,164.012890309,4.60377568379,0,0
4.73400022485,2367,-3.18139791489e-06,0,0,7.80312859661e-07,-0.257772326469,-0.143815785646,0.0094083789736,-0.156847417355,39.0730820072,78.7259850767,54.6455557924,60.0554049015,0.00133438771144,0.000374163061645,2500.00180677,-0.0243434011936,-0.742533743382,0.0987287536263,72,1,164.012802998,164.012890309,4.67421393842,0,0
4.79800022789,2399,-3.18884849548e-06,0,0,4.47885042831e-07,-0.305572211742,-0.105005189776,-0.00396716315299,-0.1344011724,33.0441362166,88.5501867742,52.5019095221,64.9805806461,0.00132261435137,0.000368732072653,2500.00180677,-0.0243398174644,-0.742531180382,0.098728209734,72,1,164.012904861,164.012890309,3.56423668563,0,0
4.86200023093,2431,-9.00775194168e-06,0,0,9.36168930821e-07,-0.357588648796,-0.0448917336762,-0.0384658761322,-0.0137939509004,27.3248369922,105.494320451,47.2332940262,96.1029218161,0.00131514277246,0.000364977187362,2500.00180677,-0.0243362840265,-0.742528676987,0.098728209734,72,1,164.01274479,164.012890309,0.814917380922,0,0
4.92600023397,2463,-1.06692314148e-05,0,0,5.61701369861e-07,-0.353040337563,-0.0191600508988,-0.0397669710219,0.0342575274408,27.7915114566,113.418194815,47.0418126497,110.845910967,0.00131019739502,0.000362599977821,2500.00180677,-0.0243323929608,-0.742526292801,0.0987283289433,72,1,164.012890309,164.012890309,-0.0467540230602,0,0
4.99000023701,2495,-1.0721385479e-05,0,0,9.41477139804e-07,-0.344862937927,0.000765425502323,-0.0388632677495,0.0577472560108,28.6463400698,119.840609841,47.1747553092,118.571231724,0.00130695265721,0.000361062763021,2500.00180677,-0.0243286266923,-0.742523908615,0.09872803092,72,1,164.012846653,164.012890309,-0.515532621648,0,0
5.05400024005,2527,-1.15036964417e-05,0,0,1.09041309315e-06,-0.336839437485,0.0181996561587,-0.0374350734055,0.0708345919847,29.5050103887,125.669539557,47.3853651783,123.027100926,3.24111897498,-0.176827441578,2503.06422822,-0.0243249312043,-0.742521524429,0.0987278446555,72,1,164.012788446,164.012890309,-0.842915324029,0,0
5.11800024309,2559,-1.15260481834e-05,0,0,5.43920464224e-07,-0.329421579838,0.0338625200093,-0.0360641814768,0.0789122134447,30.3166525555,131.075881654,47.5881133752,125.832244521,24.3431477429,-0.372392150894,2523.97079021,-0.0243211854249,-0.742519021034,0.0987281501293,72,1,164.012963069,164.012890309,-1.10051245429,0,0
5.18200024613,2591,-1.13397836685e-05,0,0,6.50031267924e-07,-0.334333658218,0.0504885204136,-0.0373347736895,0.0846853256226,29.7772676277,136.993185151,47.400179028,127.863007947,53.1827972736,4.15186423197,2557.33449012,-0.0243169441819,-0.74251639843,0.0987274348736,72,1,164.012875757,164.012890309,-1.34898035321,0,0
5.24600024917,2623,-1.1570751667e-05,0,0,1.41958742006e-06,-0.384770333767,0.0748777240515,-0.0496907345951,0.090758010745,24.6642321144,146.012127516,45.5983390566,130.022599478,85.4920508573,12.1754819702,2597.66750969,-0.0243132375181,-0.742513895035,0.0987275317311,72,1,164.012657478,164.012890309,-1.68986734934,0,0
5.31000025221,2655,-1.18464231491e-05,0,0,7.0979371003e-07,-0.391081809998,0.0815961062908,-0.0572199337184,0.0917467772961,24.0772878897,148.568346049,44.5230907644,130.376516609,119.375035865,22.2099297389,2641.58495702,-0.0243095029145,-0.742511689663,0.0987277105451,72,1,164.013006724,164.012890309,-1.77859421819,0,0
5.37400025525,2687,-1.16154551506e-05,0,0,2.43454792326e-07,-0.366200566292,-0.00258705904707,-0.0466646514833,0.0297186747193,26.4582486125,118.742282211,46.0353257949,109.392960439,153.560438775,33.3606403728,2686.92104146,-0.0243057981133,-0.742509245872,0.0987274944782,72,1,164.012861205,164.012890309,-0.240419205511,0,0
5.43800025829,2719,-1.13993883133e-05,0,0,9.65650770013e-07,-0.30201458931,-0.0896177738905,-0.0187404192984,-0.089925378561,33.4666801791,92.6835418795,50.2002476424,75.5204600864,187.077894225,45.0907682534,2732.16841742,-0.0243022367358,-0.742506682873,0.0987276136875,72,1,164.012773894,164.012890309,2.55184457637,0,0
5.50200026133,2751,-1.1533498764e-05,0,0,6.2791025357e-07,-0.277928829193,-0.133450895548,-0.00540710799396,-0.147457629442,36.4370825992,81.2667858554,52.2745358467,62.0842620265,219.141875277,57.057095546,2776.19878761,-0.0242985282093,-0.742504358292,0.0987272411585,72,1,164.012977621,164.012890309,4.30679600686,0,0
5.56600026437,2783,-1.11982226372e-05,0,0,5.28653004039e-07,-0.26248639822,-0.143961042166,0.00557704735547,-0.157690733671,38.4441082133,78.6907985457,54.0256733075,59.8753867962,249.103992246,69.0205706633,2818.12460162,-0.0242947433144,-0.742501974106,0.0987277403474,72,1,164.012861205,164.012890309,4.69360593706,0,0
5.63000026741,2815,-1.1645257473e-05,0,0,3.71859357529e-07,-0.256784558296,-0.140458136797,0.0134480297565,-0.157690733671,39.2058464058,79.542536696,55.3042591491,59.8753867962,276.442122413,80.7913093013,2857.23339766,-0.0242910310626,-0.742499411106,0.0987270027399,72,1,164.012890309,164.012890309,4.63122222573,0,0
5.69400027045,2847,-1.12503767014e-05,0,0,8.84321480044e-07,-0.353527128696,-0.0598671622574,-0.0366529785097,-0.0477278418839,27.7412636933,101.070821984,47.5009619549,86.5200709086,300.767598674,92.1968821785,2892.96451956,-0.0242874789983,-0.74249714613,0.09872751683,72,1,164.012875757,164.012890309,1.46222196054,0,0
5.75800027349,2879,-1.15931034088e-05,0,0,7.76340925768e-07,-0.355780422688,-0.0281454883516,-0.0400311164558,0.018937766552,27.5096208497,110.604269139,47.0030026918,105.992854515,321.841507684,103.061422124,2924.90283027,-0.0242838878185,-0.74249458313,0.0987270772457,72,1,164.012846653,164.012890309,0.223452298087,0,0
5.82200027653,2911,-1.12950801849e-05,0,0,7.86656528362e-07,-0.348096966743,-0.00666822679341,-0.0396882928908,0.0495246909559,28.3058270725,117.414958368,47.0533777843,115.827475383,339.583668392,113.192967547,2952.77661644,-0.0242800079286,-0.742492139339,0.098727427423,72,1,164.012992173,164.012890309,-0.349796639057,0,0
5.88600027957,2943,-1.11013650894e-05,0,0,9.95661139314e-07,-0.339893460274,0.0116201620549,-0.0383562780917,0.0657753497362,29.1758296953,123.446559883,47.2494466521,121.291574033,354.07114774,122.382523841,2976.45363025,-0.0242765750736,-0.742489814758,0.0987273976207,72,1,164.012788446,164.012890309,-0.720463518519,0,0
5.95000028261,2975,-1.15558505058e-05,0,0,7.91039440173e-07,-0.33222413063,0.0279444567859,-0.0369277633727,0.0754428654909,30.0079882436,129.014108097,47.4603257317,124.622267322,365.513085853,130.409462145,2995.92246301,-0.0242727994919,-0.742487490177,0.0987272411585,72,1,164.012992173,164.012890309,-1.0015174048,0,0
6.01400028565,3007,-1.10417604446e-05,0,0,1.04354876385e-06,-0.326153159142,0.0428848676383,-0.0358984284103,0.0817419141531,30.6797410303,134.264002554,47.6126660942,126.82491797,374.209077563,137.055540108,3011.26460545,-0.0242692958564,-0.742484986782,0.0987275615335,72,1,164.012773894,164.012890309,-1.23436877038,0,0
6.07800028869,3039,-1.13770365715e-05,0,0,1.17673425848e-06,-0.364734232426,0.0656402856112,-0.0445119105279,0.0876919180155,26.604237064,142.548335134,46.3478900201,128.929212224,380.50612784,142.132004839,3022.63791673,-0.0242656692863,-0.742482841015,0.0987272709608,72,1,164.012715686,164.012890309,-1.55802688096,0,0
6.14200029173,3071,-1.15782022476e-05,0,0,1.32567936362e-06,-0.392676055431,0.0816781669855,-0.0551263429224,0.0910471230745,23.9308374148,148.599763634,44.8203609267,130.12601994,384.827581001,145.674319356,3030.50177172,-0.024261970073,-0.742480397224,0.0987271144986,72,1,164.012832101,164.012890309,-1.77625473589,0,0
6.20600029477,3103,-1.15782022476e-05,0,0,5.32345325155e-07,-0.384405314922,0.0407168231905,-0.0561756081879,0.0817359983921,24.6985291597,133.492940222,44.6712110715,126.822837046,387.519598007,147.681930684,3035.20145826,-0.0242584981024,-0.742477953434,0.0987268388271,72,1,164.012977621,164.012890309,-1.20635621715,0,0
6.27000029781,3135,-1.13695859909e-05,0,0,9.87718181023e-07,-0.320871591568,-0.0611381046474,-0.0267236195505,-0.0511739216745,31.2736010528,100.70168355,48.984951718,85.5841717566,388.787622796,148.025603266,3036.81311198,-0.0242549441755,-0.742475569248,0.0987269431353,72,1,164.01281755,164.012890309,1.52798532508,0,0
6.33400030085,3167,-1.110881567e-05,0,0,3.43955889548e-07,-0.285692036152,-0.120681166649,-0.0107178110629,-0.132055729628,35.4586081812,84.4796595629,51.4416278747,65.5102267046,388.753978768,146.56491112,3035.31903774,-0.0242513064295,-0.742473304272,0.0987275391817,72,1,164.012861205,164.012890309,3.79432737827,0,0
6.39800030389,3199,-1.13025307655e-05,0,0,6.9744527309e-07,-0.267882406712,-0.143975913525,0.00133726210333,-0.158286273479,37.7335527446,78.6871969467,53.3451893716,59.7484759055,387.464853702,143.193276017,3030.65800108,-0.0242476388812,-0.742470920086,0.0987270027399,72,1,164.012846653,164.012890309,4.70575783402,0,0
6.46200030693,3231,-1.10417604446e-05,0,0,1.2958988691e-06,-0.255171298981,-0.144055247307,0.0104124527425,-0.158286273479,39.4234193664,78.6679884186,54.8087882635,59.7484759055,384.90712177,137.854745844,3022.76201546,-0.0242441222072,-0.7424685359,0.0987273827195,72,1,164.012788446,164.012890309,4.70717344433,0,0
6.52600030997,3263,-1.13248825073e-05,0,0,5.34955688636e-07,-0.332987785339,-0.0841079056263,-0.0266180932522,-0.0985032171011,29.9243056361,94.1972321016,49.0008860652,73.4050845494,381.025078241,130.543878186,3011.5689151,-0.0242404863238,-0.74246609211,0.0987267643213,72,1,164.012904861,164.012890309,2.59573804215,0,0
6.59000031301,3295,-1.08778476715e-05,0,0,6.13374709246e-07,-0.357527434826,-0.0384217165411,-0.0397023223341,-0.00128485751338,27.3310743069,107.447980554,47.0513150503,99.8064278974,375.70609129,121.311000839,2997.01699987,-0.0242367349565,-0.742463767529,0.0987278968096,72,1,164.012948517,164.012890309,0.57991896756,0,0
6.65400031605,3327,-1.12727284431e-05,0,0,6.21069489171e-07,-0.351315557957,-0.0145828034729,-0.0402770601213,0.0394193641841,27.9701162071,114.871188998,46.9668848382,112.513858767,368.730339687,110.288681753,2979.01895829,-0.0242333337665,-0.742461442947,0.098727338016,72,1,164.012992173,164.012890309,-0.156074529514,0,0
6.71800031909,3359,-1.15409493446e-05,0,0,1.31484887333e-06,-0.343056440353,0.00471424590796,-0.0391693599522,0.0599460862577,28.8379396807,121.143588331,47.1296989417,119.312222523,359.741912689,97.7042873274,2957.44626783,-0.024229966104,-0.742459058762,0.09872687608,72,1,164.012832101,164.012890309,-0.585475005209,0,0
6.78200032213,3391,-1.14142894745e-05,0,0,7.20627554074e-07,-0.335144817829,0.0217525102198,-0.0377230234444,0.0716661065817,29.6889174933,126.881699543,47.342851758,123.313919175,348.191271769,83.9081767481,2932.09939264,-0.0242261271924,-0.742456495762,0.0987268984318,72,1,164.012948517,164.012890309,-0.895456818398,0,0
6.84600032517,3423,-1.13174319267e-05,0,0,9.46615045905e-07,-0.327854573727,0.037095669657,-0.0363926328719,0.0790349692106,30.4903078359,132.212095195,47.5394845125,125.875201775,333.20998773,69.4386253599,2902.64864452,-0.0242227688432,-0.742454171181,0.0987266674638,72,1,164.01281755,164.012890309,-1.14327040501,0,0
6.91000032821,3455,-1.12727284431e-05,0,0,6.64985691401e-07,-0.343572020531,0.0556992925704,-0.0398909784853,0.0847698897123,28.7831499008,138.886025525,47.0235900139,127.892912133,313.365540933,55.1421326236,2868.50775592,-0.0242194291204,-0.742451906204,0.0987269580364,72,1,164.012875757,164.012890309,-1.41603441443,0,0
6.97400033125,3487,-1.09449028969e-05,0,0,5.32345325155e-07,-0.393304407597,0.0793979763985,-0.0526853986084,0.0905479192734,23.8733155129,147.728555021,45.1686209999,129.947482492,286.157242954,42.4337486038,2828.59103754,-0.0242155902088,-0.742449402809,0.0987272113562,72,1,164.012802998,164.012890309,-1.74537207931,0,0
7.03800033429,3519,-1.13919377327e-05,0,0,8.0038211081e-07,-0.390116631985,0.0759290605783,-0.0583521313965,0.0905479192734,24.1663074121,146.410078742,44.3628778157,129.947482492,248.432421358,33.0780858349,2781.51035309,-0.0242122728378,-0.742447197437,0.098726823926,72,1,164.012773894,164.012890309,-1.70199212153,0,0
7.10200033733,3551,-1.14142894745e-05,0,0,4.01184024668e-07,-0.351007819176,-0.0252377651632,-0.0399542413652,-0.00202393531799,28.0020794889,111.509318231,47.014294978,99.5850132313,199.16461315,28.0187941826,2727.18351334,-0.024208817631,-0.742444813251,0.0987265631557,72,1,164.012890309,164.012890309,0.392483023461,0,0
7.16600034037,3583,-1.1146068573e-05,0,0,6.61046954065e-07,-0.295275092125,-0.102429404855,-0.0162171274424,-0.108287617564,34.278480598,89.2325188033,50.5885109305,71.0408276063,148.816994624,25.2361824096,2674.05319028,-0.0242049675435,-0.742442369461,0.0987268984318,72,1,164.012890309,164.012890309,3.06464778259,0,0
7.23000034341,3615,-1.1257827282e-05,0,0,4.48194867886e-07,-0.274052202702,-0.138614326715,-0.00331834051758,-0.154172509909,36.9332883565,79.9935951363,52.604576922,60.6288012932,107.487678179,21.5900963667,2629.0777605,-0.0242016389966,-0.742440104485,0.0987266600132,72,1,164.012919413,164.012890309,4.52885078266,0,0
7.29400034645,3647,-1.12280249596e-05,0,0,1.87431169252e-07,-0.259667038918,-0.144144356251,0.00702435150743,-0.158739447594,38.8193584513,78.6464079283,54.2592824786,59.6520221734,76.4418873587,17.2720010596,2593.71381253,-0.0241977870464,-0.74243748188,0.098726272583,72,1,164.012904861,164.012890309,4.71781706437,0,0
7.35800034949,3679,-1.07958912849e-05,0,0,8.04854664693e-07,-0.280314266682,-0.12351693213,0.0128458403051,-0.157416790724,36.1342645192,83.7582483655,55.2057317691,59.9338236498,53.9452084922,13.1623155539,2567.10755639,-0.0241945050657,-0.742435216904,0.0987264886498,72,1,164.012861205,164.012890309,4.32387180626,0,0
7.42200035253,3711,-1.13248825073e-05,0,0,1.08124550025e-06,-0.356655776501,-0.0511101968586,-0.038508977741,-0.0290502719581,27.4200483545,103.640872112,47.2269421152,91.7115103221,37.9060184059,9.72368070506,2547.62964323,-0.024190928787,-0.742432773113,0.098726183176,72,1,164.012992173,164.012890309,1.08928384725,0,0
7.48600035557,3743,-1.13919377327e-05,0,0,3.24857865053e-07,-0.354338765144,-0.0231407284737,-0.0405645929277,0.0265139341354,27.6576483884,112.165325845,46.924684284,108.374762931,26.5806247626,7.03530076862,2533.61579962,-0.024187548086,-0.742430448532,0.0987260341644,72,1,164.012890309,164.012890309,0.0799412446213,0,0
7.55000035861,3775,-1.10864639282e-05,0,0,1.01327145785e-06,-0.346300899982,-0.00255145598203,-0.039875280112,0.0529451407492,28.4945363092,118.753909192,47.0258964924,116.963630717,18.6222041521,5.02115472045,2523.64343032,-0.0241840407252,-0.742427945137,0.0987264215946,72,1,164.012773894,164.012890309,-0.433379784226,0,0
7.61400036165,3807,-1.13844871521e-05,0,0,2.47815279408e-07,-0.338177740574,0.0152775496244,-0.0384756736457,0.0673675984144,29.3604061881,124.678772409,47.2318497486,121.836004837,13.0415619424,3.55342240255,2516.59494825,-0.0241806134582,-0.742425680161,0.0987263321877,72,1,164.012890309,164.012890309,-0.780403148383,0,0
7.67800036469,3839,-1.1146068573e-05,0,0,1.42341843912e-06,-0.330638051033,0.0312529243529,-0.0370736606419,0.0761278271675,30.1823729387,130.163869471,47.4387597933,124.860540382,9.13243638934,2.50167590821,2511.63425855,-0.024177191779,-0.742423355579,0.0987263023853,72,1,164.012773894,164.012890309,-1.04915571865,0,0
7.74200036773,3871,-1.08554959297e-05,0,0,9.30952296585e-07,-0.328962504864,0.0467803888023,-0.0369820035994,0.0820700675249,30.3674423776,135.657362989,47.4523076264,126.940372866,6.39539757685,1.75596665031,2508.15134495,-0.0241736061871,-0.742420852184,0.0987263545394,72,1,164.01274479,164.012890309,-1.28646427765,0,0
7.80600037077,3903,-1.12801790237e-05,0,0,4.66254732601e-07,-0.376113653183,0.070913746953,-0.0479160808027,0.088126540184,25.4879923887,144.518548041,45.8542745037,129.083826323,4.47959837402,1.23026825349,2505.70988283,-0.0241702795029,-0.742418527603,0.0987261235714,72,1,164.012904861,164.012890309,-1.62682496011,0,0
7.8700003738,3935,-1.10641121864e-05,0,0,1.25777262383e-06,-0.391565322876,0.0817264020443,-0.0570004396141,0.0901698470116,24.0327990468,148.618230014,44.5541954832,129.812382511,3.1387121453,0.861062915192,2503.99974175,-0.0241669788957,-0.742416203022,0.0987263992429,72,1,164.012788446,164.012890309,-1.77261524368,0,0
7.93400037684,3967,-1.10790133476e-05,0,0,6.92713570061e-07,-0.376108109951,0.0168540999293,-0.0523831658065,0.0533392839134,25.4885271715,125.212623971,45.211865654,117.095027235,2.20034462473,0.602196905675,2502.80229375,-0.0241634380072,-0.742413818836,0.0987262353301,72,1,164.012875757,164.012890309,-0.700760923792,0,0
7.99800037988,3999,-1.10641121864e-05,0,0,4.88507168939e-07,-0.308881103992,-0.0777803808451,-0.0223212167621,-0.0749208182096,32.6548251905,95.9576427704,49.6526809002,79.3177387095,1.54333724822,0.421050998511,2501.96433626,-0.0241601876915,-0.74241155386,0.0987263470888,72,1,164.012963069,164.012890309,2.12890468538,0,0
8.06200038292,4031,-1.1183321476e-05,0,0,4.60756439224e-07,-0.281193435192,-0.128465235233,-0.0083186943084,-0.142537683249,36.0231424565,82.5102761155,51.8167908012,63.1653238088,1.08341293981,0.294252146205,2501.37760304,-0.0241565592587,-0.742409110069,0.0987260192633,72,1,164.012904861,164.012890309,4.12516156211,0,0
8.12600038596,4063,-1.13770365715e-05,0,0,6.47710976409e-07,-0.264751017094,-0.144198209047,0.00319910980761,-0.159049451351,38.1446843676,78.6333766882,53.6433071829,59.5861019974,0.761184367093,0.205692259669,2500.96665695,-0.0241533759981,-0.742406725883,0.0987256467342,72,1,164.012948517,164.012890309,4.7249798663,0,0
8.190000389,4095,-1.12056732178e-05,0,0,1.34246909056e-06,-0.252834558487,-0.144198209047,0.011612329632,-0.159049451351,39.7401563532,78.6333766882,55.0042786926,59.5861019974,0.53531738331,0.143831954347,2500.67911111,-0.0241500604898,-0.742404460907,0.0987259596586,72,1,164.012846653,164.012890309,4.7249798663,0,0
8.25400039204,4127,-1.11758708954e-05,0,0,8.39075255499e-07,-0.347778618336,-0.0691305100918,-0.0350027866662,-0.0688030868769,28.339203709,98.402662843,47.7454850625,80.9018019936,0.376971883043,0.100565671346,2500.47747977,-0.024146521464,-0.742402136326,0.098725810647,72,1,164.012890309,164.012890309,1.89958000556,0,0
8.31800039508,4159,-1.1257827282e-05,0,0,7.48762204239e-07,-0.356760263443,-0.0326480232179,-0.0404183231294,0.00956495478749,27.4093708867,109.213251562,46.946148359,103.094716906,0.265953815415,0.0702677169784,2500.33615157,-0.0241431575269,-0.74239975214,0.0987257063389,72,1,164.012963069,164.012890309,0.381709862268,0,0
8.38200039812,4191,-1.09672546387e-05,0,0,6.27594431535e-07,-0.349564194679,-0.0102177094668,-0.0404345132411,0.0442996881902,28.1523989543,116.269213322,46.9437727588,114.106151159,0.187926687545,0.0491791958268,2500.23696572,-0.0241398401558,-0.742397546768,0.0987261980772,72,1,164.012933965,164.012890309,-0.258077925537,0,0
8.44600040116,4223,-1.13099813461e-05,0,0,1.02966760096e-06,-0.341307401657,0.00851962715387,-0.0391830317676,0.0623359419405,29.0243970085,122.408775496,47.1276871394,120.121083455,0.133111683454,0.034377944047,2500.16758218,-0.0241364613175,-0.742395162582,0.0987259447575,72,1,164.012963069,164.012890309,-0.654285075143,0,0
8.5100004042,4255,-1.12131237984e-05,0,0,6.06877051723e-07,-0.333520710468,0.0251734592021,-0.0377391688526,0.0728745311499,29.8660143017,128.056693939,47.3404688819,123.731544591,0.0944774569689,0.024130327958,2500.11868775,-0.0241331011057,-0.742392838001,0.0987256467342,72,1,164.012933965,164.012890309,-0.948525674175,0,0
8.57400040724,4287,-1.10939145088e-05,0,0,7.98517930889e-07,-0.326375901699,0.0402023084462,-0.0364584363997,0.0796155780554,30.6548936351,133.310415549,47.5297456433,126.078506582,0.0672244198086,0.0170071885464,2500.08422881,-0.0241298153996,-0.742390275002,0.0987257063389,72,1,164.013021276,164.012890309,-1.18706561625,0,0
8.63800041028,4319,-1.12429261208e-05,0,0,7.55227347327e-07,-0.354829072952,0.0611530132592,-0.0426987446845,0.0854444801807,27.6072369161,140.886855661,46.6122437501,128.131665406,0.0481745878744,0.0117975282876,2500.06001443,-0.0241263955832,-0.742387890816,0.0987257957458,72,1,164.012963069,164.012890309,-1.48918444756,0,0
8.70200041332,4351,-1.06766819954e-05,0,0,6.27641497886e-07,-0.395103335381,0.0817097127438,-0.0542401410639,0.0899061113596,23.7092481257,148.611841723,44.9465915153,129.718187964,0.0347209336837,0.00809304268046,2500.04278496,-0.024123204872,-0.742385566235,0.0987261906266,72,1,164.012948517,164.012890309,-1.77113234531,0,0
8.76600041636,4383,-1.10566616058e-05,0,0,8.63011052843e-07,-0.388200521469,0.0588315613568,-0.0583640001714,0.0899061113596,24.343820769,140.032701893,44.3612007075,129.718187964,0.0250046756634,0.00574319525271,2500.03067777,-0.0241197999567,-0.742383182049,0.0987258851528,72,1,164.012832101,164.012890309,-1.48358370643,0,0
8.8300004194,4415,-1.11609697342e-05,0,0,9.23062202673e-07,-0.3340908885,-0.045895639807,-0.0327520929277,-0.0310249328613,29.8037484754,105.193495983,48.0803391838,91.1530951271,0.0180685546525,0.00417072909542,2500.02229586,-0.0241165794432,-0.742380857468,0.0987255722284,72,1,164.012992173,164.012890309,1.03300542105,0,0
8.89400042244,4447,-1.10268592834e-05,0,0,4.43621075874e-07,-0.289694130421,-0.113266378641,-0.0135880615562,-0.12320612371,34.9620531779,86.3875320647,50.9951751155,67.5345727359,0.0131491937339,0.00305313885285,2500.01600944,-0.0241132806987,-0.742378592491,0.0987258180976,72,1,164.012963069,164.012890309,3.50694893859,0,0
8.95800042548,4479,-1.08703970909e-05,0,0,6.55313499465e-07,-0.270520329475,-0.142387777567,-0.00111250765622,-0.158341050148,37.3898074031,79.0725025581,52.9546196049,59.7368089075,0.00966573043826,0.00228803331837,2500.01205131,-0.0241099130362,-0.742376327515,0.0987260043621,72,1,164.012846653,164.012890309,4.67854784802,0,0
9.02200042852,4511,-1.11684203148e-05,0,0,8.63018328801e-07,-0.257084012032,-0.144250631332,0.00855109654367,-0.159293115139,39.1655667045,78.6206874182,54.5064431208,59.534326283,0.00735813454611,0.00161599655879,2500.00902452,-0.0241068229079,-0.742373943329,0.0987256839871,72,1,164.012846653,164.012890309,4.73078992218,0,0
9.08600043156,4543,-1.09672546387e-05,0,0,3.46804910123e-07,-0.310656785965,-0.101444914937,-0.00940483435988,-0.130665957928,32.4473658111,89.4943223102,51.64671893,65.8254211885,0.00538501199188,0.00140194089671,2500.00669621,-0.0241034571081,-0.742371618748,0.0987257808447,72,1,164.012861205,164.012890309,3.43520566821,0,0
9.1500004346,4575,-1.09523534775e-05,0,0,1.51046992869e-06,-0.357640564442,-0.0438327901065,-0.0396314896643,-0.0134603846818,27.31954919,105.812308902,47.0617269457,96.2004705798,0.00377691522502,0.0013426062484,2500.00506639,-0.0241002198309,-0.742369353771,0.0987257659435,72,1,164.012773894,164.012890309,0.795165426098,0,0
9.21400043764,4607,-1.060962677e-05,0,0,1.17684555789e-06,-0.352737665176,-0.0184143669903,-0.0407843925059,0.0332801751792,27.8227853414,113.654001325,46.8924408779,110.531967948,0.00276447065239,0.00115553444591,2500.00390224,-0.0240969285369,-0.74236702919,0.0987261459231,72,1,164.012730238,164.012890309,-0.0485780255985,0,0
9.27800044068,4639,-1.07511878014e-05,0,0,5.49194737687e-07,-0.344525754452,0.00143588078208,-0.0398359186947,0.0562567301095,28.682019547,120.061129564,47.0316808787,118.07068222,0.00229151297937,0.000840256086931,2500.00320375,-0.0240937396884,-0.742364704609,0.0987259373069,72,1,164.012861205,164.012890309,-0.513316364959,0,0
9.34200044372,4671,-1.10194087029e-05,0,0,5.87405281749e-07,-0.336507916451,0.0188324265182,-0.0384000949562,0.069115743041,29.5409172395,125.884820591,47.2429892397,122.43562378,0.00196236427108,0.000659735543973,2500.00250526,-0.0240898877382,-0.742362260818,0.098725490272,72,1,164.012846653,164.012890309,-0.83966209786,0,0
9.40600044676,4703,-1.09598040581e-05,0,0,1.40425254358e-06,-0.329100966454,0.0344663076103,-0.0370341129601,0.0770798772573,30.3521173919,131.287539261,47.4446060252,125.192222185,0.00172602443449,0.000562779045588,2500.0020396,-0.0240866914392,-0.742359876633,0.098725348711,72,1,164.012788446,164.012890309,-1.09705247451,0,0
9.4700004498,4735,-1.08554959297e-05,0,0,1.17481079087e-06,-0.335613429546,0.05140318349,-0.0386222414672,0.0828433036804,29.6379803331,137.324110256,47.2102547064,127.212697407,0.00157832347192,0.000491967022676,2500.0020396,-0.0240835919976,-0.742357730865,0.0987253189087,72,1,164.012730238,164.012890309,-1.35028210934,0,0
9.53400045284,4767,-1.110881567e-05,0,0,3.74467532538e-07,-0.386301100254,0.075778901577,-0.0511281527579,0.0889116227627,24.5208284468,146.353195305,45.3917382401,129.363426822,0.00148332990335,0.000444469627769,2500.00180677,-0.0240802112967,-0.74235534668,0.0987254157662,72,1,164.012904861,164.012890309,-1.6919770278,0,0
9.59800045588,4799,-1.10194087029e-05,0,0,7.48935065076e-07,-0.390889644623,0.0817306935787,-0.0582623146474,0.0896886736155,24.0949957515,148.619874381,44.3755743618,129.640568048,0.00141967393397,0.000414891093703,2500.00180677,-0.0240771491081,-0.742353022099,0.0987252146006,72,1,164.012832101,164.012890309,-1.77033897489,0,0
9.66200045892,4831,-1.06915831566e-05,0,0,6.06910020906e-07,-0.36378967762,-0.00680322293192,-0.0464229546487,0.0221459306777,26.6986207862,117.371237138,46.0703486169,106.997176772,0.00137812095069,0.000395492888439,2500.00180677,-0.0240736678243,-0.742350816727,0.0987255200744,72,1,164.012875757,164.012890309,-0.112828798592,0,0
9.72600046196,4863,-1.09896063805e-05,0,0,4.88585158109e-07,-0.300662279129,-0.0921971648932,-0.0191227197647,-0.0950463712215,33.6283810611,91.9810481719,50.141596148,74.2527554394,0.001352266632,0.000381824044604,2500.00180677,-0.0240706820041,-0.742348492146,0.0987253114581,72,1,164.012861205,164.012890309,2.67577520572,0,0
9.790000465,4895,-1.10939145088e-05,0,0,6.27651445484e-07,-0.277122914791,-0.134697496891,-0.00583860930055,-0.150366157293,36.5398191207,80.958045146,52.2065274708,61.4510063315,0.00133404787217,0.000374024228256,2500.00180677,-0.0240673515946,-0.742346048355,0.0987251922488,72,1,164.012802998,164.012890309,4.3850527145,0,0
9.85400046804,4927,-1.11013650894e-05,0,0,7.0979371003e-07,-0.261858820915,-0.144286185503,0.00506589468569,-0.1594658494,38.5273997381,78.6120872363,53.9433276572,59.4976336288,0.00132240673967,0.000368626990044,2500.00180677,-0.0240640919656,-0.742343783379,0.0987251698971,72,1,164.013006724,164.012890309,4.7348854132,0,0
9.91800047108,4959,-1.04904174805e-05,0,0,4.88585158109e-07,-0.259716749191,-0.138544261456,0.0128539577127,-0.1594658494,38.8127227779,80.0107663963,55.2070596314,59.4976336288,0.00131500688116,0.000364909519268,2500.00180677,-0.0240609850734,-0.742341458797,0.0987254530191,72,1,164.012832101,164.012890309,4.63243294507,0,0
9.98200047412,4991,-1.07735395432e-05,0,0,8.87242151748e-07,-0.354281306267,-0.0583628080785,-0.0377195961773,-0.0457163788378,27.6635673799,101.509016531,47.3433574371,87.06949302,0.00131010691184,0.000362557678324,2500.00180677,-0.0240577775985,-0.742339253426,0.0987253561616,72,1,164.013035828,164.012890309,1.41218421049,0,0
10.0460004772,5023,-1.11237168312e-05,0,0,1.34264109874e-06,-0.355560004711,-0.027345944196,-0.040810611099,0.0189109779894,27.5322108791,110.852604848,46.8885955343,105.984494439,0.00130689370437,0.000361034702134,2500.00180677,-0.0240545831621,-0.742336809635,0.0987251028419,72,1,164.012701134,164.012890309,0.21218272741,0,0
10.1100004802,5055,-1.06990337372e-05,0,0,1.17481090456e-06,-0.347791552544,-0.00600355025381,-0.0403969101608,0.0487561263144,28.337841286,117.630406749,46.9492915727,115.573202493,0.00130480803939,0.000360028229451,2500.00180677,-0.0240513924509,-0.742334544659,0.0987255871296,72,1,164.01274479,164.012890309,-0.352764880517,0,0
10.1740004832,5087,-1.09076499939e-05,0,0,5.20208573107e-07,-0.339590668678,0.0122274234891,-0.0390485040843,0.0646888166666,29.2083368549,123.65054863,47.1474850201,120.920987683,0.00130344635085,0.000359371810088,2500.00180677,-0.0240483339876,-0.742332100868,0.0987252891064,72,1,164.012890309,164.012890309,-0.720897922292,0,0
10.2380004863,5119,-1.09747052193e-05,0,0,3.71888262407e-07,-0.331935107708,0.0285108946264,-0.0376224704087,0.0742032825947,30.0397005049,129.210442537,47.3576947115,124.191836221,9.07240701054,-0.674362468089,2508.39814544,-0.0240451637655,-0.742329835892,0.0987250506878,72,1,164.012904861,164.012890309,-1.0009984253,0,0
10.3020004893,5151,-1.10268592834e-05,0,0,9.18260127492e-07,-0.326326906681,0.0435077808797,-0.0366956777871,0.0804356783628,30.6603578792,134.486122988,47.4946464237,126.366037875,33.1249539158,0.407970276228,2533.53291191,-0.0240420773625,-0.742327570915,0.0987250506878,72,1,164.012759342,164.012890309,-1.23470963445,0,0
10.3660004924,5183,-1.09523534775e-05,0,0,4.87189367959e-07,-0.36665803194,0.0665807276964,-0.0457131303847,0.086409971118,26.412837542,142.898294143,46.1733070551,128.473882796,62.6431938144,5.86098121858,2568.50407459,-0.024038977921,-0.74232506752,0.0987252667546,72,1,164.012963069,164.012890309,-1.56319350936,0,0
10.4300004954,5215,-1.09970569611e-05,0,0,6.47608430882e-07,-0.392373979092,0.0817382633686,-0.0560695715249,0.0895477086306,23.9585315285,148.622770212,44.6862686658,129.590262077,94.8154338403,14.0816764542,2608.89693163,-0.024035833776,-0.742322862148,0.0987251251936,72,1,164.012919413,164.012890309,-1.76974351052,0,0
10.4940004984,5247,-1.06394290924e-05,0,0,9.80308755061e-07,-0.38326138258,0.0365605987608,-0.056294221431,0.0759438127279,24.8062551691,132.023575134,44.6543708676,124.796497403,128.087194753,23.8912907662,2651.97828412,-0.0240326859057,-0.742320656776,0.0987255349755,72,1,164.012846653,164.012890309,-1.11730280332,0,0
10.5580005015,5279,-1.09225511551e-05,0,0,7.29172370484e-07,-0.318429172039,-0.0643131434917,-0.026448994875,-0.0568034760654,31.5512224915,99.7837778414,49.0264283144,84.0698339744,161.356540048,34.5911867043,2695.94765268,-0.0240293778479,-0.742318212986,0.0987252667546,72,1,164.012846653,164.012890309,1.65444309823,0,0
10.6220005045,5311,-1.08331441879e-05,0,0,8.81193500391e-07,-0.284826755524,-0.12231439352,-0.0109058301896,-0.135211735964,35.5666670657,84.0636130306,51.4123021276,64.7982014925,193.76387354,45.756030886,2739.520045,-0.0240265000612,-0.742315888405,0.0987251698971,72,1,164.012788446,164.012890309,3.88068240136,0,0
10.6860005076,5343,-1.10045075417e-05,0,0,2.66172662577e-07,-0.267255663872,-0.144310504198,0.00108446367085,-0.159591317177,37.8155709768,78.6062009865,53.3047968929,59.470996348,224.60645414,57.1096898057,2781.71594255,-0.0240231566131,-0.742313563824,0.098725065589,72,1,164.012846653,164.012890309,4.73783444613,0,0
10.7500005106,5375,-1.1183321476e-05,0,0,7.67515587086e-07,-0.254679262638,-0.144310504198,0.0100609678775,-0.159591317177,39.4899579987,78.6062009865,54.7516101506,59.470996348,253.306963714,68.4524493408,2821.7593208,-0.024019991979,-0.742311239243,0.0987249836326,72,1,164.012861205,164.012890309,4.73783444613,0,0
10.8140005136,5407,-1.0572373867e-05,0,0,9.50525986809e-07,-0.33639639616,-0.0812814235687,-0.0294477343559,-0.0939295589924,29.5530080621,94.9806708377,48.5747877974,74.5280049159,279.407482594,79.6199965407,2859.02735777,-0.0240170508623,-0.742308855057,0.0987251996994,72,1,164.01281755,164.012890309,2.47606798075,0,0
10.8780005167,5439,-1.05649232864e-05,0,0,1.10468852199e-06,-0.357457697392,-0.0374911390245,-0.0403449647129,-0.000374702853151,27.3381883744,107.731102617,46.9569167763,100.079545518,302.577420371,90.4568150872,2893.03413592,-0.0240139961243,-0.742306649685,0.0987252891064,72,1,164.01274479,164.012890309,0.556396029424,0,0
10.9420005197,5471,-1.07437372208e-05,0,0,7.97500092631e-07,-0.351036727428,-0.0138938669115,-0.0408105887473,0.0392573960125,27.9990726995,115.091032058,46.8885991722,112.461268145,322.627922287,100.800280052,2923.42808098,-0.0240108054131,-0.742304325104,0.0987252220511,72,1,164.01281755,164.012890309,-0.164313241839,0,0
11.0060005228,5503,-1.08256936073e-05,0,0,6.30088720754e-07,-0.342766463757,0.00532242376357,-0.0396727211773,0.0593463145196,28.868782465,121.34516146,47.055666073,119.109798106,339.515187079,110.472363303,2949.98753816,-0.0240076631308,-0.742301940918,0.0987250357866,72,1,164.012977621,164.012890309,-0.589243660215,0,0
11.0700005258,5535,-1.08554959297e-05,0,0,1.46203751683e-06,-0.334869205952,0.0223098993301,-0.0382245071232,0.0708632469177,29.7189144476,127.072620671,47.268873459,123.036981677,353.336567059,119.277807244,2972.61425294,-0.0240047033876,-0.742299854755,0.0987250879407,72,1,164.012715686,164.012890309,-0.897473073564,0,0
11.1340005288,5567,-1.07064843178e-05,0,0,1.26321219795e-06,-0.327595353127,0.0376118980348,-0.0369010232389,0.0781268328428,30.5191133521,132.394154207,47.4642802146,125.557649881,364.30353066,127.014689497,2991.31823704,-0.0240016020834,-0.74229735136,0.0987253114581,72,1,164.012686582,164.012890309,-1.14443572238,0,0
11.1980005319,5599,-1.10119581223e-05,0,0,6.27309134416e-07,-0.345338761806,0.0566011406481,-0.0408152006567,0.0838716179132,28.5960377369,139.215495437,46.8879225082,127.575462102,372.702343157,133.483510581,3006.18563779,-0.0239983908832,-0.742295026779,0.09872520715,72,1,164.012904861,164.012890309,-1.42257567495,0,0
11.2620005349,5631,-1.06319785118e-05,0,0,6.73972806453e-07,-0.394242405891,0.080016836524,-0.0533079169691,0.0894278287888,23.787648388,147.964645294,45.0796324003,129.547493998,378.851633286,138.503921335,3017.35545509,-0.0239955056459,-0.742292821407,0.0987252965569,72,1,164.012861205,164.012890309,-1.74762995448,0,0
11.326000538,5663,-1.09076499939e-05,0,0,6.21069489171e-07,-0.389872670174,0.0735251754522,-0.0588757432997,0.0894278287888,24.1888519668,145.501282532,44.2889140686,129.547493998,383.12538527,142.069198773,3025.19463003,-0.0239918921143,-0.742290377617,0.0987246781588,72,1,164.012788446,164.012890309,-1.66627287399,0,0
11.390000541,5695,-1.09449028969e-05,0,0,9.75966372607e-07,-0.348203122616,-0.0290310792625,-0.0391859225929,-0.00817613862455,28.2947057713,110.329674499,47.1272614959,97.7546151262,385.862775147,144.227393321,3030.09012714,-0.0239888560027,-0.742287993431,0.0987245887518,72,1,164.012730238,164.012890309,0.514513405506,0,0
11.454000544,5727,-1.04531645775e-05,0,0,9.12463406166e-07,-0.294228434563,-0.104546621442,-0.016220998019,-0.111928641796,34.4058935298,88.6713824002,50.587914302,70.1741591911,387.266802136,144.878591527,3032.14532323,-0.0239856783301,-0.742285788059,0.0987250506878,72,1,164.012948517,164.012890309,3.16208600998,0,0
11.5180005471,5759,-1.05425715446e-05,0,0,5.32345325155e-07,-0.273385703564,-0.13950714469,-0.00337577797472,-0.155876964331,37.0191155525,79.7749453341,52.595481975,60.2630134381,387.457897887,143.898781971,3031.35672584,-0.0239829402417,-0.742283403873,0.0987249836326,72,1,164.012977621,164.012890309,4.57833567634,0,0
11.5820005501,5791,-1.04159116745e-05,0,0,3.74213129817e-07,-0.25916326046,-0.144338309765,0.00686531607062,-0.159692913294,38.886704715,78.5994707257,54.2335801583,59.4494267716,386.490195524,141.184063978,3027.67427638,-0.0239797048271,-0.742281079292,0.0987252891064,72,1,164.012890309,164.012890309,4.74036252126,0,0
11.6460005532,5823,-1.04531645775e-05,0,0,5.53258530545e-07,-0.285226643085,-0.120077833533,0.00982398167253,-0.15566405654,35.5166921508,84.6337352414,54.713080317,60.3086264164,384.360027965,136.675051181,3021.03511058,-0.0239769537002,-0.742278814316,0.0987253859639,72,1,164.012890309,164.012890309,4.22844151035,0,0
11.7100005562,5855,-1.07809901237e-05,0,0,9.71806684902e-07,-0.356952726841,-0.0498765744269,-0.0391075797379,-0.0269876457751,27.3897112493,104.006678157,47.1387902508,92.297232186,381.027901312,130.354819703,3011.38265058,-0.0239735022187,-0.742276370525,0.0987253263593,72,1,164.01281755,164.012890309,1.04534509592,0,0
11.7740005592,5887,-1.06319785118e-05,0,0,4.60763061483e-07,-0.354094684124,-0.0223834514618,-0.0409856848419,0.0269591286778,27.682777727,112.402900413,46.8629259558,108.515829197,376.410025638,122.253113659,2998.66311252,-0.0239706952125,-0.742274224758,0.098725810647,72,1,164.012933965,164.012890309,0.0650322035654,0,0
11.8380005623,5919,-1.03414058685e-05,0,0,7.0979371003e-07,-0.346012294292,-0.00191343156621,-0.0402447991073,0.0527696572244,28.524951631,118.962394481,46.9716214866,116.905161121,370.341120288,112.46419308,2982.80525021,-0.0239677224308,-0.742271840572,0.0987259373069,72,1,164.012773894,164.012890309,-0.440733652795,0,0
11.9020005653,5951,-1.09672546387e-05,0,0,3.08442309915e-07,-0.337900817394,0.0158524550498,-0.0388363115489,0.06691634655,29.39028127,124.873258756,47.1787243441,121.681543533,362.555903848,101.153709693,2963.70964497,-0.0239646956325,-0.742269515991,0.0987259224057,72,1,164.012919413,164.012890309,-0.784932926763,0,0
11.9660005684,5983,-1.03637576103e-05,0,0,5.02836485339e-07,-0.330379247665,0.0317792706192,-0.0374393127859,0.0755390077829,30.2108965116,130.347456434,47.384739446,124.655693071,352.65259794,88.5791814653,2941.23170897,-0.0239615663886,-0.742267429829,0.0987263768911,72,1,164.012933965,164.012890309,-1.05232361238,0,0
12.0300005714,6015,-1.03265047073e-05,0,0,1.06469065031e-06,-0.32981055975,0.0474943108857,-0.0375755317509,0.0814412534237,30.2736607409,135.913825943,47.3646250612,126.719198306,340.0183341,75.1245752326,2915.14303535,-0.0239587072283,-0.742265164852,0.0987266078591,72,1,164.012715686,164.012890309,-1.2920080917,0,0
12.0940005744,6047,-1.05351209641e-05,0,0,3.54896855015e-07,-0.377905249596,0.0717547982931,-0.0488083921373,0.0875066369772,25.3157159023,144.83454288,45.725468226,128.863335703,323.691201629,61.3703668932,2885.06154902,-0.0239556413144,-0.742262601852,0.0987265482545,72,1,164.012948517,164.012890309,-1.63424934726,0,0
12.1580005775,6079,-1.06245279312e-05,0,0,6.39255063106e-07,-0.39144384861,0.0817354172468,-0.0575812421739,0.0893399119377,24.0439712798,148.621678818,44.4719225925,129.516134621,302.089581965,48.225880164,2850.31553358,-0.0239525921643,-0.742260396481,0.0987267717719,72,1,164.012890309,164.012890309,-1.76869751886,0,0
12.2220005805,6111,-1.05053186417e-05,0,0,1.35427649184e-06,-0.374308884144,0.0126992855221,-0.0518436990678,0.0473157353699,25.6624862232,123.809222714,45.2891254099,115.097660455,272.540433798,37.1790883946,2809.71941538,-0.0239497963339,-0.742258191109,0.0987269803882,72,1,164.012730238,164.012890309,-0.598295184318,0,0
12.2860005836,6143,-1.00880861282e-05,0,0,4.7056678909e-07,-0.307302772999,-0.0804741382599,-0.0220773406327,-0.0792509168386,32.8400856233,95.2053014771,49.6898464917,78.2091374276,232.411286561,29.6607722703,2762.07202114,-0.0239465013146,-0.742255926132,0.0987274646759,72,1,164.012933965,164.012890309,2.23734532483,0,0
12.3500005866,6175,-1.0184943676e-05,0,0,7.72087105361e-07,-0.28045541048,-0.129737019539,-0.00823036767542,-0.144657880068,36.1164056812,82.191756519,51.8306369486,62.6979308436,182.308533113,26.1871991825,2708.49559456,-0.0239437483251,-0.742253661156,0.098727658391,72,1,164.012773894,164.012890309,4.18775249273,0,0
12.4140005896,6207,-1.02296471596e-05,0,0,7.25993459127e-07,-0.264217734337,-0.144343286753,0.00319886393845,-0.159753739834,38.2150356018,78.5982629168,53.6432671652,59.4365155848,134.610498208,23.7062340602,2658.31686556,-0.0239407606423,-0.742251157761,0.0987275615335,72,1,164.012861205,164.012890309,4.74167056382,0,0
12.4780005927,6239,-1.04382634163e-05,0,0,6.21069489171e-07,-0.252425312996,-0.144343286753,0.0115110054612,-0.159753739834,39.7958283429,78.5982629168,54.9877513549,59.4365155848,96.6849329416,20.028282961,2616.71328917,-0.0239377710968,-0.742248833179,0.0987278968096,72,1,164.012992173,164.012890309,4.74167056382,0,0
12.5420005957,6271,-1.04606151581e-05,0,0,1.06053437321e-06,-0.349285662174,-0.0671753287315,-0.0359245799482,-0.0651456266642,28.1814773189,98.9615218714,47.6087916468,81.8588232505,68.5783743393,15.8266520884,2584.40501057,-0.0239346828312,-0.742246448994,0.0987278968096,72,1,164.012875757,164.012890309,1.81609205902,0,0
12.6060005988,6303,-1.03786587715e-05,0,0,4.60010653569e-07,-0.356599450111,-0.0317812673748,-0.040779132396,0.0106614474207,27.425803637,109.480046376,46.8932121294,103.430997115,48.3246767544,11.9609749163,2560.28561853,-0.0239318627864,-0.742244243622,0.0987281799316,72,1,164.01281755,164.012890309,0.357961864211,0,0
12.6700006018,6335,-1.04308128357e-05,0,0,4.99485963701e-07,-0.349280774593,-0.00954069569707,-0.0407128594816,0.0445149727166,28.1819866359,116.487128253,46.9029328087,114.176735224,33.9317120961,8.78530772752,2542.71714948,-0.0239288732409,-0.74224203825,0.0987284183502,72,1,164.012948517,164.012890309,-0.269249489065,0,0
12.7340006048,6367,-1.05202198029e-05,0,0,7.98517930889e-07,-0.341026842594,0.00911722145975,-0.0394412539899,0.0621783174574,29.0543939627,122.608311358,47.0896993647,120.067619719,23.7863969232,6.33117997495,2530.1175192,-0.0239258632064,-0.742239654064,0.098728582263,72,1,164.013021276,164.012890309,-0.661178957671,0,0
12.7980006079,6399,-1.02370977402e-05,0,0,5.32345325155e-07,-0.333258628845,0.0257155187428,-0.0379991866648,0.072538241744,29.8946706607,128.243584186,47.3021027574,123.615231132,16.6626487044,4.50703100796,2521.16983756,-0.0239227432758,-0.742237329483,0.0987286493182,72,1,164.012977621,164.012890309,-0.953466747887,0,0
12.8620006109,6431,-1.05574727058e-05,0,0,4.30546435837e-07,-0.326186954975,0.0407085008919,-0.036738421768,0.0791854262352,30.6759720843,133.489986183,47.4883236166,125.927865156,11.668951629,3.18456613968,2514.85360786,-0.0239200294018,-0.742235064507,0.0987288728356,72,1,164.012904861,164.012890309,-1.19103502948,0,0
12.926000614,6463,-1.02669000626e-05,0,0,1.48722267568e-06,-0.356796503067,0.0620592273772,-0.0434530414641,0.0850395858288,27.4056674243,141.221287777,46.5021475975,127.988329041,8.17137879494,2.23999950322,2510.41143201,-0.0239170659333,-0.742232918739,0.0987292155623,72,1,164.012861205,164.012890309,-1.4985203743,0,0
12.990000617,6495,-1.05202198029e-05,0,0,1.17318882076e-06,-0.394430756569,0.0817303210497,-0.0547989048064,0.0892786383629,23.770480766,148.619728861,44.8669743491,129.494277644,5.72271756027,1.57147485425,2507.29406253,-0.0239142347127,-0.742230594158,0.0987293347716,72,1,164.012904861,164.012890309,-1.76833209116,0,0
13.05400062,6527,-1.03339552879e-05,0,0,5.48116588561e-07,-0.387619137764,0.0552397631109,-0.0584245733917,0.0892786383629,24.39788841,138.718358357,44.3526405434,129.494277644,4.0088143578,1.10066753223,2505.1094126,-0.0239110328257,-0.742228388786,0.0987295731902,72,1,164.012802998,164.012890309,-1.43475353252,0,0
13.1180006231,6559,-1.0646879673e-05,0,0,6.70865460961e-07,-0.331275343895,-0.0492399819195,-0.0318510346115,-0.036142360419,30.1122090605,104.195809399,48.2148352603,89.716493676,2.80913127426,0.770259987348,2503.57924961,-0.023908175528,-0.742226004601,0.0987296402454,72,1,164.012802998,164.012890309,1.14767404739,0,0
13.1820006261,6591,-1.03116035461e-05,0,0,1.09733059617e-06,-0.288816690445,-0.114997550845,-0.0133874509484,-0.125899076462,35.0704649463,85.9392894199,51.0262943862,66.9142100378,1.96962309928,0.538597134891,2502.50799581,-0.0239052064717,-0.742223918438,0.0987299382687,72,1,164.01281755,164.012890309,3.58467921615,0,0
13.2460006292,6623,-1.03637576103e-05,0,0,5.49382548343e-07,-0.269932687283,-0.142988413572,-0.000981062883511,-0.159278184175,37.4661758542,78.926619608,52.9755270691,59.5374913246,1.3818540765,0.376507045985,2501.75828114,-0.0239021852612,-0.742221534252,0.0987300798297,72,1,164.012948517,164.012890309,4.70798136666,0,0
13.3100006322,6655,-9.90182161331e-06,0,0,7.0979371003e-07,-0.256644427776,-0.144365400076,0.00857263430953,-0.159820914268,39.2247166019,78.5929150879,54.5099355804,59.4222656218,0.970324776972,0.263104453779,2501.23348087,-0.023898916319,-0.742219209671,0.09872982651,72,1,164.012773894,164.012890309,4.74341446534,0,0
13.3740006352,6687,-1.011043787e-05,0,0,1.05852723209e-06,-0.315647065639,-0.0978155881166,-0.0137853715569,-0.124926969409,31.8697675539,90.4643238755,50.9645797138,67.1377056278,0.681926962898,0.18394125334,2500.86584128,-0.0238959863782,-0.742216825485,0.0987299382687,72,1,164.012759342,164.012890309,3.27099440619,0,0
13.4380006383,6719,-1.01178884506e-05,0,0,6.1909958049e-07,-0.357688248158,-0.0427601002157,-0.0399839319289,-0.0115383882076,27.3146924883,106.13512859,47.0099330414,96.76382615,0.47977249551,0.128606018279,2500.60833059,-0.0238930601627,-0.742214620113,0.0987302362919,72,1,164.012802998,164.012890309,0.757305300795,0,0
13.5020006413,6751,-1.03414058685e-05,0,0,5.87358158555e-07,-0.352470576763,-0.0176792889833,-0.0410065762699,0.0339097715914,27.8504103335,113.886795589,46.8598627776,110.734137706,0.338002280387,0.0899321577208,2500.42788684,-0.0238901283592,-0.742212295532,0.0987302586436,72,1,164.012832101,164.012890309,-0.0645385880489,0,0
13.5660006444,6783,-1.03935599327e-05,0,0,6.71282577969e-07,-0.344239413738,0.00206569861621,-0.0400212071836,0.0563698001206,28.7123493763,120.268545288,47.0044578833,118.108604511,0.238577712253,0.0628491747534,2500.3014598,-0.0238872226328,-0.742209911346,0.0987305343151,72,1,164.012890309,164.012890309,-0.522735179402,0,0
13.6300006474,6815,-9.74535942078e-06,0,0,6.21069489171e-07,-0.336238563061,0.0193981565535,-0.0385813228786,0.0689924806356,29.5701229334,126.077517052,47.2162828373,122.393277707,0.168661671296,0.0440246772371,2500.2125185,-0.0238843597472,-0.742207705975,0.0987309738994,72,1,164.012788446,164.012890309,-0.846327806357,0,0
13.6940006504,6847,-9.90182161331e-06,0,0,8.42465340156e-07,-0.328851640224,0.0349810011685,-0.0372218899429,0.0768350064754,30.3797241941,131.468157633,47.4168555229,125.106860651,0.119594901093,0.0307279890421,2500.15035272,-0.0238813851029,-0.742205321789,0.0987311303616,72,1,164.012904861,164.012890309,-1.10223784577,0,0
13.7580006535,6879,-1.01327896118e-05,0,0,3.92266287008e-07,-0.337054729462,0.0522274114192,-0.0391539074481,0.0825857520103,29.4817109534,137.622802868,47.1319726785,127.121951664,0.0849000727499,0.0216544968623,2500.10658056,-0.0238785259426,-0.742202997208,0.098731264472,72,1,164.012919413,164.012890309,-1.35938939638,0,0
13.8220006565,6911,-1.01253390312e-05,0,0,3.96936400193e-07,-0.387849152088,0.0765415877104,-0.0518304742873,0.0886448919773,24.3764861807,146.642283653,45.2910207969,129.268388264,0.0605315975122,0.0152010901644,2500.07561408,-0.0238755233586,-0.742200732231,0.0987313836813,72,1,164.012846653,164.012890309,-1.70021736994,0,0
13.8860006595,6943,-9.98377799988e-06,0,0,4.10344483726e-07,-0.390757739544,0.0814244151115,-0.0585964955389,0.0892207324505,24.1071502387,148.5026296,44.3283497589,129.473628476,0.0434558415918,0.0104932311729,2500.05396083,-0.0238726548851,-0.742198467255,0.0987318456173,72,1,164.012861205,164.012890309,-1.76422472578,0,0
13.9500006626,6975,-9.95397567749e-06,0,0,5.70014492496e-07,-0.361377418041,-0.0107181016356,-0.0454612337053,0.0165075398982,26.9408574241,116.108334623,46.2098796561,105.236264062,0.0313199066682,0.00725263937795,2500.03859401,-0.0238696858287,-0.742196142673,0.0987320244312,72,1,164.012861205,164.012890309,-0.00430263344242,0,0
14.0140006656,7007,-1.00135803223e-05,0,0,4.19573296995e-07,-0.299483537674,-0.0944734811783,-0.0188171304762,-0.0984711796045,33.7698111252,91.3643234526,50.1884751429,73.4129134798,0.0225459544367,0.00520511234114,2500.02765097,-0.0238669700921,-0.742193639278,0.0987321436405,72,1,164.012846653,164.012890309,2.76886927895,0,0
14.0780006687,7039,-1.0184943676e-05,0,0,7.98517930889e-07,-0.27646458149,-0.135668754578,-0.00560688599944,-0.151790976524,36.6239073628,80.7180913398,52.2430418641,61.1423747614,0.0163926472396,0.00374681041748,2500.01996756,-0.0238639041781,-0.742191374302,0.0987323448062,72,1,164.012759342,164.012890309,4.42996574566,0,0
14.1420006717,7071,-9.83476638794e-06,0,0,1.31062449782e-06,-0.261380851269,-0.144366919994,0.00519418902695,-0.15985134244,38.590929762,78.5925440141,53.9639877388,59.4158082095,0.011863757976,0.00283452661343,2500.01461245,-0.023861207068,-0.742189109325,0.09873265028,72,1,164.01274479,164.012890309,4.74405148998,0,0
14.2060006747,7103,-1.01178884506e-05,0,0,7.0979371003e-07,-0.2631752491,-0.136109083891,0.0128851681948,-0.15985134244,38.3528495149,80.6094831205,55.2121637156,59.4158082095,0.00888605722338,0.00202933803095,2500.01088716,-0.0238583367318,-0.74218672514,0.0987327992916,72,1,164.012773894,164.012890309,4.59663849324,0,0
14.2700006778,7135,-9.75281000137e-06,0,0,8.42548161017e-07,-0.354933261871,-0.0568551085889,-0.0381640829146,-0.04263593629,27.5965303445,101.949561213,47.2777828691,87.9154031281,0.00670812205783,0.00151348922284,2500.00832602,-0.0238552261144,-0.742184638977,0.0987332463264,72,1,164.012861205,164.012890309,1.34859466925,0,0
14.3340006808,7167,-9.9316239357e-06,0,0,3.74466367248e-07,-0.355340003967,-0.0265238508582,-0.0410082153976,0.0200251229107,27.5547736237,111.108362034,46.859622671,106.332547148,0.00484175277649,0.00137719113891,2500.00623055,-0.0238524898887,-0.742182254791,0.0987333208323,72,1,164.012890309,164.012890309,0.189616446733,0,0
14.3980006839,7199,-9.90927219391e-06,0,0,9.41476116623e-07,-0.347502410412,-0.00533442758024,-0.0405322052538,0.0491427816451,28.3681856672,117.847579531,46.9294354843,115.701077448,0.00337451755428,0.00131793553848,2500.00460073,-0.0238494612277,-0.74217993021,0.098733574152,72,1,164.012861205,164.012890309,-0.365086336387,0,0
14.4620006869,7231,-9.6932053566e-06,0,0,7.8456372421e-07,-0.33931261301,0.0128208640963,-0.0391711108387,0.0647578090429,29.2382137559,123.850128148,47.1294406452,120.944496302,0.00258478438653,0.001051245202,2500.00366941,-0.0238465908915,-0.742177665234,0.0987339541316,72,1,164.012890309,164.012890309,-0.729329127353,0,0
14.5260006899,7263,-9.05245542526e-06,0,0,1.0908954664e-06,-0.331677734852,0.0290477126837,-0.0377491228282,0.0741157233715,30.0679712382,129.396707052,47.3389991384,124.161466374,0.00218008011643,0.000768274222018,2500.00273809,-0.0238437782973,-0.742175161839,0.0987339913845,72,1,164.012773894,164.012890309,-1.00748101249,0,0
14.590000693,7295,-8.87364149094e-06,0,0,5.61700971957e-07,-0.326639592648,0.0441091097891,-0.036946695298,0.0802808701992,30.6254914904,134.700792842,47.457528126,126.311730128,0.00187745197167,0.000625241858287,2500.00250526,-0.0238408222795,-0.742172837257,0.0987342298031,72,1,164.012948517,164.012890309,-1.24155881349,0,0
14.654000696,7327,-8.65757465363e-06,0,0,3.54896855015e-07,-0.368598937988,0.0674590915442,-0.0463742353022,0.0862755775452,26.2208450295,143.225697684,46.0774099338,128.426210722,0.00167184677213,0.00053836107794,2500.0020396,-0.0238379426301,-0.742170333862,0.0987344011664,72,1,164.012948517,164.012890309,-1.5736001078,0,0
14.7180006991,7359,-8.7171792984e-06,0,0,1.00698071037e-06,-0.39214861393,0.0817317217588,-0.0564902089536,0.0891943275928,23.979211619,148.620267282,44.6265548817,129.464213387,0.0015440939638,0.000474882633217,2500.0020396,-0.0238349959254,-0.742168009281,0.0987345948815,72,1,164.012861205,164.012890309,-1.76793895662,0,0
14.7820007021,7391,-8.50111246109e-06,0,0,7.48935065076e-07,-0.382050216198,0.0325514934957,-0.0558473803103,0.071221858263,24.9207314482,130.617132527,44.71783177,123.1606293,0.00146069756291,0.000433610369832,2500.00180677,-0.0238319709897,-0.742165625095,0.0987348034978,72,1,164.012875757,164.012890309,-1.03486166336,0,0
14.8460007051,7423,-8.4787607193e-06,0,0,1.25530289097e-06,-0.316196680069,-0.0672272741795,-0.0257178135216,-0.0610939674079,31.8066449836,98.9466425381,49.1369755764,82.9277705634,0.00140464384568,0.00040802697332,2500.00180677,-0.0238292794675,-0.74216324091,0.0987349748611,72,1,164.012875757,164.012890309,1.76017195918,0,0
14.9100007082,7455,-8.60542058945e-06,0,0,6.93611468705e-07,-0.284055709839,-0.123719096184,-0.0105957873166,-0.137230336666,35.6631680916,83.7069892441,51.4606654178,64.3455059617,0.00136864264366,0.000390779242299,2500.00180677,-0.0238263234496,-0.742160916328,0.0987352281809,72,1,164.01281755,164.012890309,3.9425608702,0,0
14.9740007112,7487,-8.87364149094e-06,0,0,8.39150686716e-07,-0.266721487045,-0.144378900528,0.00130973849446,-0.159890413284,37.885583879,78.589648183,53.3407910552,59.4075172557,0.00134580380173,0.000378948206148,2500.00180677,-0.0238234885037,-0.742158651352,0.0987353473902,72,1,164.012904861,164.012890309,4.74504940212,0,0
15.0380007143,7519,-8.65757465363e-06,0,0,5.61701369861e-07,-0.254280149937,-0.144378900528,0.0101756062359,-0.159890413284,39.543985622,78.589648183,54.7702547919,59.4075172557,0.00132979693923,0.000372155861683,2500.00180677,-0.0238206386566,-0.742156267166,0.0987355262041,72,1,164.012875757,164.012890309,4.74504940212,0,0
15.1020007173,7551,-8.42660665512e-06,0,0,7.32877708742e-07,-0.339352667332,-0.0785780549049,-0.0313246287405,-0.0887970626354,29.233910027,95.7344091148,48.2935247419,75.8016976761,0.00131974886575,0.000367288394143,2500.00180677,-0.023817718029,-0.742153823376,0.0987358465791,72,1,164.012933965,164.012890309,2.35129450448,0,0
15.1660007203,7583,-8.65012407303e-06,0,0,5.03490412029e-07,-0.357362091541,-0.0365277789533,-0.0405522398651,0.00134744937532,27.3479363386,108.024760266,46.9264959975,100.597688288,0.00131325517128,0.000364055618984,2500.00180677,-0.0238148178905,-0.742151379585,0.0987358987331,72,1,164.012948517,164.012890309,0.523863418493,0,0
15.2300007234,7615,-8.41915607452e-06,0,0,8.39150686716e-07,-0.350755214691,-0.0131790935993,-0.0409188084304,0.0399382598698,28.02833842,115.319438919,46.8727303087,112.682449981,0.00130895083661,0.000362012447797,2500.00180677,-0.0238118898124,-0.742149114609,0.0987362265587,72,1,164.012832101,164.012890309,-0.180128583452,0,0
15.2940007264,7647,-8.56816768646e-06,0,0,3.92282146322e-07,-0.342481732368,0.00594344735146,-0.0397548489273,0.0595961473882,28.8990995614,121.551238408,47.0435952593,119.194090075,0.00130614352667,0.000360673907407,2500.00180677,-0.0238083247095,-0.742146492004,0.0987357571721,72,1,164.012933965,164.012890309,-0.599485763814,0,0
15.3580007295,7679,-8.65757465363e-06,0,0,8.39150686716e-07,-0.334604144096,0.0228679664433,-0.0383063815534,0.0709101557732,29.7477836284,127.263978356,47.2568026453,123.053148855,0.00130431931922,0.000359792001747,2500.00180677,-0.0238055475056,-0.742144107819,0.0987359657884,72,1,164.012875757,164.012890309,-0.905162538402,0,0
15.4220007325,7711,-8.31484794617e-06,0,0,7.98517930889e-07,-0.327351093292,0.0381183885038,-0.0369903706014,0.0780665576458,30.5462708639,132.572953589,47.4510707136,125.536593259,0.00130312638458,0.000359218460533,2500.00180677,-0.0238025877625,-0.742141783237,0.098736256361,72,1,164.013021276,164.012890309,-1.15064694546,0,0
15.4860007355,7743,-8.58306884766e-06,0,0,1.00698082406e-06,-0.347170233727,0.0574929080904,-0.0413420535624,0.083822414279,28.403075703,139.541822136,46.81070277,127.558087115,0.00130234723006,0.000358844703952,2500.00180677,-0.0237997230142,-0.742139339447,0.0987364053726,72,1,164.012861205,164.012890309,-1.43368926365,0,0
15.5500007386,7775,-8.62777233124e-06,0,0,5.87109695971e-07,-0.394956469536,0.0805347412825,-0.053591568023,0.0891538113356,23.7226086028,148.162434925,45.0391235063,129.449763335,3.80781420972,-0.259068116293,2503.54851596,-0.0237965807319,-0.742136895657,0.0987365618348,72,1,164.012890309,164.012890309,-1.75277201924,0,0
15.6140007416,7807,-8.15838575363e-06,0,0,1.33786602419e-06,-0.389645040035,0.0709439069033,-0.0590048618615,0.0891538113356,24.2099013121,144.529869431,44.2706877948,129.449763335,24.3735885306,-0.585760403737,2523.78778532,-0.0237938184291,-0.742134571075,0.0987370461226,72,1,164.012701134,164.012890309,-1.63244933356,0,0
15.6780007447,7839,-8.2403421402e-06,0,0,2.54499155972e-07,-0.345402300358,-0.0325985588133,-0.038038674742,-0.0132860150188,28.589320209,109.22846559,47.2962783533,96.2514895946,51.9954519405,3.3350445392,2555.33051677,-0.0237909182906,-0.742132127285,0.0987372472882,72,1,164.012919413,164.012890309,0.624087988399,0,0
15.7420007477,7871,-8.17328691483e-06,0,0,4.54044169373e-07,-0.293264627457,-0.106459662318,-0.0158490054309,-0.114670082927,34.5235421264,88.1665837369,50.6453216076,69.5262860972,82.8859920148,10.401146028,2593.28726679,-0.0237882360816,-0.742129802704,0.0987375304103,72,1,164.012832101,164.012890309,3.24149895459,0,0
15.8060007507,7903,-8.75443220139e-06,0,0,1.19431831536e-06,-0.272785663605,-0.140219181776,-0.00307092629373,-0.156785160303,37.0965135517,79.600889876,52.6437615918,60.068712628,115.301627375,19.3111100089,2634.61284339,-0.0237850099802,-0.742127239704,0.0987374484539,72,1,164.012773894,164.012890309,4.60898550227,0,0
15.8700007538,7935,-8.30739736557e-06,0,0,1.46371542087e-06,-0.258724451065,-0.14438393712,0.0070588523522,-0.159912645817,38.9454253309,78.5884258221,54.2648595001,59.4028024352,148.067163536,29.2789791274,2677.34611407,-0.0237822849303,-0.742124855518,0.0987378060818,72,1,164.012832101,164.012890309,4.74558304995,0,0
15.9340007568,7967,-8.43405723572e-06,0,0,9.68122662925e-07,-0.290247261524,-0.116461023688,0.00643079914153,-0.152224451303,34.8938410752,85.5616963236,54.1633962712,61.0486822552,180.287024705,39.8347983719,2720.12175992,-0.0237793922424,-0.742122411728,0.0987380221486,72,1,164.012832101,164.012890309,4.09778952599,0,0
15.9980007599,7999,-8.35955142975e-06,0,0,1.12079032988e-06,-0.357185065746,-0.0486295707524,-0.0393696241081,-0.0243745259941,27.3659970844,104.377395473,47.1002349514,93.0428504944,211.238555494,50.6817195856,2761.92021556,-0.0237763226032,-0.742119908333,0.0987381115556,72,1,164.012933965,164.012890309,0.994927831925,0,0
16.0620007629,8031,-8.2403421402e-06,0,0,7.76544197834e-07,-0.353838264942,-0.0215976350009,-0.0410853587091,0.0280164256692,27.7091858152,112.649810035,46.8483158329,108.851338155,240.326640778,61.614329752,2801.94100924,-0.0237737260759,-0.742117643356,0.098738476634,72,1,164.012802998,164.012890309,0.0441096235591,0,0
16.1260007659,8063,-8.42660665512e-06,0,0,8.23400455374e-07,-0.345720469952,-0.00125462329015,-0.0402978025377,0.053223554045,28.5557325697,119.177944725,46.9638398499,117.056435556,267.070485279,72.4721248844,2839.5424597,-0.0237705856562,-0.742115080357,0.0987385958433,72,1,164.012832101,164.012890309,-0.453281303635,0,0
16.190000769,8095,-7.80820846558e-06,0,0,8.6250190634e-07,-0.337625324726,0.0164391808212,-0.0388820953667,0.0670991241932,29.4200290227,125.071965158,47.1719831694,121.74409494,291.1069314,83.1097131595,2874.21653047,-0.0237678941339,-0.742112874985,0.098739169538,72,1,164.012904861,164.012890309,-0.794013845734,0,0
16.254000772,8127,-8.12858343124e-06,0,0,7.79505569426e-07,-0.330125391483,0.0323096774518,-0.0374908931553,0.0755846649408,30.2389016724,130.532644107,47.3771215184,124.67156921,312.200310873,93.3792762225,2905.57951666,-0.0237648412585,-0.742110490799,0.098739117384,72,1,164.012890309,164.012890309,-1.05954613537,0,0
16.3180007751,8159,-8.32974910736e-06,0,0,5.34297839749e-07,-0.330772578716,0.0482285022736,-0.0378769300878,0.0814498662949,30.1675499941,136.177928653,47.3201398563,126.722225104,330.251641572,103.120080894,2933.37157927,-0.0237619243562,-0.742107987404,0.0987393110991,72,1,164.012875757,164.012890309,-1.30150525365,0,0
16.3820007781,8191,-7.77840614319e-06,0,0,6.67153130962e-07,-0.379667341709,0.0725771039724,-0.0494022555649,0.0875214934349,25.147190172,145.143960253,45.6398774986,128.868618049,345.2959063,112.157467811,2957.45348558,-0.0237590707839,-0.742105484009,0.0987396389246,72,1,164.012788446,164.012890309,-1.6446855152,0,0
16.4460007811,8223,-8.03917646408e-06,0,0,6.39526376744e-07,-0.391336619854,0.0817311555147,-0.0578658692539,0.089144334197,24.0538338403,148.620049004,44.4316392532,129.446387291,357.487995643,120.302305731,2977.79007815,-0.0237560942769,-0.742103099823,0.0987398475409,72,1,164.012832101,164.012890309,-1.76769075915,0,0
16.5100007842,8255,-8.53836536407e-06,0,0,3.95641535533e-07,-0.372414469719,0.00868709944189,-0.0509727112949,0.0420002155006,25.8466679952,122.464669403,45.4140499642,113.354049972,367.070286302,127.364648506,2994.43490803,-0.0237532928586,-0.742100536823,0.0987397581339,72,1,164.012875757,164.012890309,-0.501048751175,0,0
16.5740007872,8287,-7.94231891632e-06,0,0,1.07011021555e-06,-0.305835366249,-0.0829893499613,-0.0215734615922,-0.0828469246626,33.0130424118,94.5067076827,49.766695156,77.2963685449,374.33419493,133.163761348,3007.49787129,-0.0237503889948,-0.742098212242,0.0987403318286,72,1,164.012788446,164.012890309,2.33298446983,0,0
16.6380007903,8319,-8.27759504318e-06,0,0,7.62710840263e-07,-0.279760301113,-0.130858361721,-0.00786664150655,-0.146153599024,36.2044156645,81.9116612547,51.8876840943,62.3695887043,379.587640055,137.555340189,3017.14288071,-0.0237476825714,-0.742095708847,0.0987403914332,72,1,164.012875757,164.012890309,4.23605553806,0,0
16.7020007933,8351,-8.225440979e-06,0,0,4.57139691434e-07,-0.263725221157,-0.144384890795,0.00346397189423,-0.159927070141,38.2800935768,78.5882002674,53.6858060514,59.3997392571,383.18784209,140.590782394,3023.77855405,-0.0237447898835,-0.742093145847,0.0987407565117,72,1,164.012904861,164.012890309,4.74589411169,0,0
16.7660007963,8383,-8.15093517303e-06,0,0,4.66639505703e-07,-0.252056598663,-0.144384890795,0.0116710532457,-0.159927070141,39.8460324504,78.5882002674,55.0138574908,59.3997392571,385.411607567,142.280347063,3027.69173868,-0.0237416829914,-0.742090821266,0.098741017282,72,1,164.012948517,164.012890309,4.74589411169,0,0
16.8300007994,8415,-8.18818807602e-06,0,0,8.04326759862e-07,-0.350589931011,-0.0652772933245,-0.036505933851,-0.0611841343343,28.0455260508,99.5062437141,47.5227170682,82.9038835946,386.419647839,142.520337249,3028.93994376,-0.0237387903035,-0.742088258266,0.0987409055233,72,1,164.012759342,164.012890309,1.7301797634,0,0
16.8940008024,8447,-7.93486833572e-06,0,0,9.07604430722e-07,-0.356418907642,-0.0308953039348,-0.0408968515694,0.0121878292412,27.4442609225,109.753236757,46.8759499199,103.900332761,386.304920539,141.196680488,3027.50151604,-0.0237359870225,-0.742085874081,0.0987414345145,72,1,164.012788446,164.012890309,0.329715141561,0,0
16.9580008055,8479,-8.01682472229e-06,0,0,4.67158315587e-07,-0.348991334438,-0.00884497910738,-0.0407542325556,0.0451894141734,28.2122273347,116.71136599,46.8968646601,114.398048026,385.099236155,138.222123496,3023.32127467,-0.0237332098186,-0.742083311081,0.0987415611744,72,1,164.012846653,164.012890309,-0.284470123006,0,0
17.0220008085,8511,-8.09133052826e-06,0,0,5.34387027074e-07,-0.340744376183,0.00972817651927,-0.0394648052752,0.0624888576567,29.0846255666,122.812547488,47.0862360089,120.172961033,382.789701689,133.552181069,3016.34171046,-0.023730231449,-0.742080807686,0.0987416729331,72,1,164.012919413,164.012890309,-0.671634799801,0,0
17.0860008115,8543,-8.18073749542e-06,0,0,6.25910786312e-07,-0.332997262478,0.0262655355036,-0.0380251072347,0.0726729482412,29.9232651741,128.43341392,47.2982792417,123.661811813,379.332079319,127.178995172,3006.51113503,-0.0237273052335,-0.742078185081,0.0987418591976,72,1,164.012904861,164.012890309,-0.961585319601,0,0
17.1500008146,8575,-7.80820846558e-06,0,0,5.92689104906e-07,-0.326057255268,0.0412285067141,-0.0367969460785,0.0792287439108,30.690447602,133.674635435,47.479668865,125.943028252,374.633586034,119.14078641,2993.7743675,-0.0237244367599,-0.742075741291,0.0987423360348,72,1,164.012904861,164.012890309,-1.19803391863,0,0
17.2140008176,8607,-7.78585672379e-06,0,0,8.87242151748e-07,-0.358776330948,0.0629635006189,-0.0439890511334,0.0851081311703,27.2040088021,141.555559821,46.4240183646,128.012587084,368.52597259,109.534172225,2978.06016169,-0.0237216874957,-0.74207341671,0.0987425744534,72,1,164.01274479,164.012890309,-1.51038228069,0,0
17.2780008207,8639,-8.16583633423e-06,0,0,8.50472417824e-07,-0.393810212612,0.081718608737,-0.0551466457546,0.0891226679087,23.8270895352,148.615246871,44.8174723715,129.438660224,360.751611879,98.5212318483,2959.2725914,-0.0237183365971,-0.742070615292,0.0987418815494,72,1,164.012963069,164.012890309,-1.76742940675,0,0
17.3420008237,8671,-7.97212123871e-06,0,0,5.73787303892e-07,-0.386949598789,0.0516181699932,-0.0582165829837,0.0882054418325,24.4602797466,137.401977554,44.3820390501,129.111911519,350.926071405,86.3462410052,2937.27219105,-0.0237154252827,-0.742068171501,0.0987420454621,72,1,164.012904861,164.012890309,-1.38293858618,0,0
17.4060008267,8703,-8.05407762527e-06,0,0,4.68627831651e-07,-0.328523993492,-0.052427072078,-0.0307708494365,-0.040660712868,30.4160294036,103.251404653,48.3763978991,88.4606852196,338.471319992,73.3688139007,2911.84009984,-0.0237126778811,-0.742065727711,0.0987424403429,72,1,164.012919413,164.012890309,1.25410291366,0,0
17.4700008298,8735,-8.02427530289e-06,0,0,4.40058727236e-07,-0.287976682186,-0.116595491767,-0.0129780955613,-0.128084003925,35.1744856744,85.5270627653,51.0898353241,66.4136823616,322.492793202,60.1245192229,2882.61729293,-0.0237096417695,-0.742063224316,0.098742634058,72,1,164.012904861,164.012890309,3.65147460252,0,0
17.5340008328,8767,-8.01682472229e-06,0,0,4.61600421886e-07,-0.269374072552,-0.143459677696,-0.000649238587357,-0.159727364779,37.5388808607,78.812292486,53.0283323315,59.4421180722,301.54371052,47.442073992,2848.98560494,-0.0237068906426,-0.742060720921,0.0987429171801,72,1,164.01281755,164.012890309,4.72537847236,0,0
17.5980008359,8799,-8.06897878647e-06,0,0,9.62445369623e-07,-0.256232917309,-0.144395083189,0.00878973864019,-0.159945756197,39.280141209,78.5857337178,54.5451439393,59.3957774981,273.199024377,36.6613239748,2809.86027792,-0.023703970015,-0.742058098316,0.0987430736423,72,1,164.012773894,164.012890309,4.74644452333,0,0
17.6620008389,8831,-7.66664743423e-06,0,0,1.68605504314e-06,-0.320438444614,-0.0942294299603,-0.0177625268698,-0.118672847748,31.3226955768,91.4303018362,50.3504816152,68.587512942,234.822786297,29.2121330858,2764.03478347,-0.023700946942,-0.742055594921,0.0987432822585,72,1,164.012715686,164.012890309,3.1010620296,0,0
17.7260008419,8863,-7.57724046707e-06,0,0,2.73374865856e-07,-0.357695996761,-0.0416788198054,-0.0401493348181,-0.00932064652443,27.3139030469,106.461251562,46.9856386189,97.4165959633,186.133183888,25.6977782556,2711.83089353,-0.0236983131617,-0.742053210735,0.0987438187003,72,1,164.012846653,164.012890309,0.716266746167,0,0
17.790000845,8895,-8.21799039841e-06,0,0,8.04993987913e-07,-0.3521925807,-0.0169239751995,-0.0410494916141,0.0348762087524,27.8791831079,114.126356493,46.8535727123,111.044952064,138.101691846,23.5748375417,2661.67637892,-0.0236952137202,-0.742050468922,0.0987435802817,72,1,164.012846653,164.012890309,-0.0837144980324,0,0
17.854000848,8927,-7.7486038208e-06,0,0,5.74954071908e-07,-0.343947589397,0.00271246489137,-0.0400297231972,0.0568319000304,28.743294024,120.481810882,47.0032064186,118.263669719,99.3915455183,20.1871880563,2619.57850307,-0.0236926563084,-0.74204826355,0.0987441539764,72,1,164.012919413,164.012890309,-0.535024737474,0,0
17.9180008511,8959,-8.10623168945e-06,0,0,6.21069489171e-07,-0.33596599102,0.0199765823781,-0.0385870747268,0.0692216157913,29.5996887871,126.274753711,47.2154351883,122.472003568,70.5650527379,16.0904255608,2586.65555157,-0.0236895903945,-0.742045640945,0.0987440273166,72,1,164.012788446,164.012890309,-0.855555059388,0,0
17.9820008541,8991,-7.89761543274e-06,0,0,9.26914253796e-07,-0.328601002693,0.035504180938,-0.0372345708311,0.0769433379173,30.4074910673,131.651933771,47.4149819638,125.144622871,49.7515138704,12.2220853882,2561.97340786,-0.0236869081855,-0.74204325676,0.0987443476915,72,1,164.012890309,164.012890309,-1.10972661059,0,0
18.0460008571,9023,-8.06152820587e-06,0,0,7.98517930889e-07,-0.338576555252,0.0530730895698,-0.0395298190415,0.0826846510172,29.3174198305,137.929746415,47.0766754006,127.156788949,34.9434303644,9.00542454474,2543.94882359,-0.0236839950085,-0.742040991783,0.0987446755171,72,1,164.013021276,164.012890309,-1.37079088017,0,0
18.1100008602,9055,-7.95722007751e-06,0,0,7.0979371003e-07,-0.389351904392,0.0772950947285,-0.0523636974394,0.0887314528227,24.2370279011,146.928286995,45.2146523457,129.299223772,24.4988950726,6.50274478176,2531.00157715,-0.0236811023206,-0.742038309574,0.0987446755171,72,1,164.013006724,164.012890309,-1.71009660698,0,0
18.1740008632,9087,-8.09133052826e-06,0,0,8.94171421351e-07,-0.390615701675,0.0806255787611,-0.0587588213384,0.089109480381,24.1202433244,148.197141243,44.3054232164,129.433959955,17.1631254489,4.63476180812,2521.79778181,-0.0236780531704,-0.742035865784,0.0987449809909,72,1,164.012773894,164.012890309,-1.75369286444,0,0
18.2380008663,9119,-8.05407762527e-06,0,0,1.09822008199e-06,-0.358884930611,-0.0145131759346,-0.0443147234619,0.0113052409142,27.1929802693,114.893395221,46.3765900349,103.62877947,12.0196027638,3.27752127305,2515.29715024,-0.0236752927303,-0.74203312397,0.0987450405955,72,1,164.012730238,164.012890309,0.10044220835,0,0
18.3020008693,9151,-7.89761543274e-06,0,0,9.29315888243e-07,-0.298359394073,-0.0966263562441,-0.0183595530689,-0.101469174027,33.905118471,90.7838257262,50.2587245137,72.6829530322,8.41698874865,2.30639625443,2510.72342508,-0.0236723460257,-0.742030739784,0.0987454280257,72,1,164.012802998,164.012890309,2.85375118256,0,0
18.3660008723,9183,-7.59959220886e-06,0,0,1.17314016279e-06,-0.275829017162,-0.136538982391,-0.0052237380296,-0.152852445841,36.7052307411,80.5035451776,52.3034541402,60.913109337,5.89464980294,1.61842638136,2507.51292333,-0.0236696004868,-0.742028176785,0.0987457334995,72,1,164.01274479,164.012890309,4.4661257416,0,0
18.4300008754,9215,-7.89016485214e-06,0,0,9.32794989694e-07,-0.260923266411,-0.14438611269,0.00546894874424,-0.159944266081,38.6518186133,78.5879019531,54.008251027,59.3960940023,4.12914414483,1.13373891963,2505.26284799,-0.0236668549478,-0.742025673389,0.0987458899617,72,1,164.012802998,164.012890309,4.74625919014,0,0
18.4940008784,9247,-7.94231891632e-06,0,0,9.40142513173e-07,-0.267024457455,-0.13333889842,0.0130613595247,-0.159944266081,37.8458607884,81.2945727375,55.2409801458,59.3960940023,2.89354147753,0.793360811713,2503.68681736,-0.0236638840288,-0.742023348808,0.0987459570169,72,1,164.012773894,164.012890309,4.54900367185,0,0
18.5580008815,9279,-7.58469104767e-06,0,0,9.34509500894e-07,-0.355485439301,-0.0553768761456,-0.0384482257068,-0.0394121743739,27.5398579106,102.382837213,47.2358951811,88.806518761,2.02884848477,0.554724124413,2502.58366577,-0.0236611049622,-0.742020845413,0.098746471107,72,1,164.012773894,164.012890309,1.28424726427,0,0
18.6220008845,9311,-7.80820846558e-06,0,0,5.32345325155e-07,-0.355105996132,-0.0256894864142,-0.0410694219172,0.0213654376566,27.5787915598,111.36836838,46.8506514153,106.752260763,1.42328315178,0.387896676557,2501.8111337,-0.0236582327634,-0.742018401623,0.0987465307117,72,1,164.012802998,164.012890309,0.164802113432,0,0
18.6860008875,9343,-7.67409801483e-06,0,0,6.21069489171e-07,-0.347207605839,-0.00465202797204,-0.0405350066721,0.0497795529664,28.3991503238,118.069357995,46.9290243927,115.911876492,0.999358576337,0.271082569725,2501.27026811,-0.0236552618444,-0.742015838623,0.0987467244267,72,1,164.012992173,164.012890309,-0.379563425668,0,0
18.7500008906,9375,-7.80075788498e-06,0,0,8.66656989729e-07,-0.339031398296,0.0134248118848,-0.0391625352204,0.065085157752,29.2684526357,124.053476611,47.1307030239,121.056080388,0.702342788372,0.189455704458,2500.89191832,-0.0236524641514,-0.742013216019,0.0987467318773,72,1,164.012802998,164.012890309,-0.739719253033,0,0
18.8140008936,9407,-7.71135091782e-06,0,0,7.0979371003e-07,-0.331418514252,0.0295921936631,-0.0377450101078,0.0742896199226,30.0964584312,129.585823743,47.3396066809,124.221784063,0.494125174555,0.132462389502,2500.62649138,-0.0236493870616,-0.742010772228,0.0987470597029,72,1,164.012773894,164.012890309,-1.0157355573,0,0
18.8780008967,9439,-7.64429569244e-06,0,0,1.09080542643e-06,-0.327057182789,0.0447379536927,-0.037087764591,0.0803922116756,30.5789726553,134.925547172,47.4366752314,126.350787468,0.348075076317,0.0926414571722,2500.44069253,-0.0236466545612,-0.742008268833,0.0987473279238,72,1,164.012832101,164.012890309,-1.25033524819,0,0
18.9420008997,9471,-7.62939453125e-06,0,0,1.09825930394e-06,-0.370518326759,0.068333491683,-0.0469131059945,0.0864057391882,26.0320830421,143.55215535,45.9993425466,128.472383949,0.245617172823,0.0647764224482,2500.31030737,-0.0236439164728,-0.742005825043,0.0987476184964,72,1,164.012773894,164.012890309,-1.5853527002,0,0
19.0060009027,9503,-7.86781311035e-06,0,0,1.04031232695e-06,-0.391957402229,0.08172544837,-0.0567824579775,0.0891045928001,23.9967630478,148.617866216,44.5851001132,129.432213726,0.173675019255,0.0453122765975,2500.21903776,-0.0236410740763,-0.742003262043,0.0987476184964,72,1,164.012773894,164.012890309,-1.76742195617,0,0
19.0700009058,9535,-7.80075788498e-06,0,0,1.02967658222e-06,-0.380727529526,0.0285700969398,-0.0552201755345,0.0665802210569,25.0462344411,129.23097529,44.8070095445,121.566576126,0.123125985851,0.0316375405873,2500.1547765,-0.0236380845308,-0.742000699043,0.0987478643656,72,1,164.012802998,164.012890309,-0.951694673859,0,0
19.1340009088,9567,-7.45058059692e-06,0,0,9.36098786042e-07,-0.314130365849,-0.0700259804726,-0.0249317809939,-0.0650206804276,32.0444705721,98.1474659056,49.255999329,81.8916523713,0.0873575274341,0.0223133209687,2500.10960735,-0.0236353706568,-0.741998076439,0.0987481549382,72,1,164.012919413,164.012890309,1.86022813432,0,0
19.1980009119,9599,-7.89016485214e-06,0,0,8.87242151748e-07,-0.283307015896,-0.125031799078,-0.0101704671979,-0.138947099447,35.7570643246,83.3747326396,51.5270585311,63.9621575829,0.0622431386432,0.0156868615875,2500.07770956,-0.0236325785518,-0.741995573044,0.0987481400371,72,1,164.01274479,164.012890309,3.99748934433,0,0
19.2620009149,9631,-7.7486038208e-06,0,0,1.31058732222e-06,-0.266204059124,-0.144397884607,0.00164496619254,-0.159964889288,37.9534867534,78.5850570537,53.394382121,59.3917175138,0.0446549854871,0.0108439657254,2500.05559064,-0.0236291009933,-0.741992950439,0.0987479239702,72,1,164.01274479,164.012890309,4.74688224494,0,0
19.3260009179,9663,-7.37607479095e-06,0,0,3.31892493932e-07,-0.253896653652,-0.144397884607,0.0103989075869,-0.159964889288,39.5959577872,78.5850570537,54.8065836483,59.3917175138,0.0321541548942,0.00749243866949,2500.03952533,-0.023626236245,-0.741990447044,0.0987482219934,72,1,164.012846653,164.012890309,4.74688224494,0,0
19.390000921,9695,-7.57724046707e-06,0,0,1.17480510653e-06,-0.341922402382,-0.0760242342949,-0.0327298678458,-0.0837109684944,28.958726034,96.4504361036,48.0836533825,77.0781116444,0.0231306067633,0.00536570698983,2500.02834946,-0.0236234832555,-0.741987943649,0.0987483784556,72,1,164.012773894,164.012890309,2.23145447671,0,0
19.454000924,9727,-7.69644975662e-06,0,0,4.88584475988e-07,-0.357242226601,-0.0355588831007,-0.0406539551914,0.00322581408545,27.3601672234,108.320688014,46.9115730084,101.164863736,0.0168121054855,0.00384944121024,2500.02066605,-0.0236203894019,-0.74198538065,0.0987486019731,72,1,164.012846653,164.012890309,0.489796919283,0,0
19.5180009271,9759,-7.49528408051e-06,0,0,5.8740397435e-07,-0.350465714931,-0.0124509315938,-0.0409259088337,0.0408041067421,28.0584481516,115.552458738,46.8716898467,112.96413868,0.0121696501765,0.00289695778477,2500.01484528,-0.0236177220941,-0.74198281765,0.0987488031387,72,1,164.012875757,164.012890309,-0.197658344405,0,0
19.5820009301,9791,-7.5101852417e-06,0,0,5.49192975541e-07,-0.342192471027,0.00657619908452,-0.0397377200425,0.060040127486,28.9299241558,121.761462651,47.0461127406,119.343982078,0.00909446029596,0.00208236450305,2500.01111999,-0.0236146394163,-0.741980314255,0.0987490788102,72,1,164.01281755,164.012890309,-0.611315306742,0,0
19.6460009331,9823,-7.52508640289e-06,0,0,1.15341481433e-06,-0.3343359828,0.0234354697168,-0.0382895506918,0.0711541324854,29.7770129691,127.458784846,47.2592837468,123.137273476,0.00688704382412,0.0015287805466,2500.00855885,-0.0236119348556,-0.741977632046,0.0987491607666,72,1,164.012701134,164.012890309,-0.914284260944,0,0
19.7100009362,9855,-7.76350498199e-06,0,0,1.02978242467e-06,-0.327104926109,0.0386322103441,-0.0369813628495,0.0782040506601,30.5736648443,132.754517836,47.4524022138,125.584629131,0.00499183805402,0.00137797329103,2500.00623055,-0.0236091390252,-0.74197524786,0.0987492501736,72,1,164.012933965,164.012890309,-1.15816004109,0,0
19.7740009392,9887,-7.63684511185e-06,0,0,2.28065800911e-07,-0.349041521549,0.0583967976272,-0.0417852587998,0.0839738100767,28.2069795503,139.873140142,46.7458085041,127.611550852,0.00348103479375,0.00132475819203,2500.00483356,-0.0236061345786,-0.74197268486,0.0987495332956,72,1,164.012904861,164.012890309,-1.44606560934,0,0
19.8380009423,9919,-7.53998756409e-06,0,0,1.05860078747e-06,-0.395410239697,0.0809721052647,-0.0538362301886,0.0890886187553,23.6813466472,148.329607327,45.0042025477,129.426523927,0.00262997401634,0.00108113074049,2500.00366941,-0.0236034225672,-0.741970181465,0.0987499132752,72,1,164.012759342,164.012890309,-1.75792246591,0,0
19.9020009453,9951,-7.70390033722e-06,0,0,6.71320321999e-07,-0.389382481575,0.0681568831205,-0.0590215437114,0.0890886187553,24.2341975536,143.486176967,44.2683340225,129.426523927,0.00220981455357,0.000786904374994,2500.00273809,-0.023600526154,-0.74196767807,0.0987499207258,72,1,164.012890309,164.012890309,-1.5970316017,0,0
19.9660009483,9983,-7.64429569244e-06,0,0,5.87405338592e-07,-0.342577159405,-0.0360656045377,-0.0368100591004,-0.0181025452912,28.8889332296,108.16584836,47.4777298223,94.8488377617,0.00190012050538,0.000634199803784,2500.00250526,-0.0235978215933,-0.741965293884,0.0987503454089,72,1,164.012904861,164.012890309,0.730656087399,0,0
20.0300009514,10015,-7.71135091782e-06,0,0,6.21069489171e-07,-0.292332172394,-0.10828396678,-0.0153935737908,-0.117145627737,34.6376546076,87.6871636137,50.7156655658,68.9446897013,0.00168611125062,0.000544862710505,2500.0020396,-0.0235947538167,-0.741962432861,0.0987501591444,72,1,164.012992173,164.012890309,3.31534259021,0,0
20.0940009544,10047,-7.42077827454e-06,0,0,5.87405395436e-07,-0.272200763226,-0.14085996151,-0.00268589425832,-0.157466828823,37.1720743715,79.4444931671,52.7047814103,59.923146182,0.00155314039407,0.000479389139496,2500.0020396,-0.023592159152,-0.741960048676,0.0987505987287,72,1,164.012919413,164.012890309,4.63392166421,0,0
20.1580009575,10079,-7.66664743423e-06,0,0,1.01993350654e-06,-0.258299052715,-0.144392162561,0.00732993986458,-0.159960210323,39.0024251828,78.5864394857,54.3086935068,59.39271432,0.00146671252921,0.000436441827123,2500.00180677,-0.0235891249031,-0.741957485676,0.098750680685,72,1,164.012846653,164.012890309,4.74668899551,0,0
20.2220009605,10111,-7.61449337006e-06,0,0,1.93004643734e-06,-0.295346319675,-0.112755730748,0.00264318706468,-0.147830426693,34.2698258464,86.5200781845,53.5541767022,62.0028586127,0.00140861211584,0.000409843325944,2500.00180677,-0.0235864557326,-0.741955041885,0.098750859499,72,1,164.012904861,164.012890309,3.94855253398,0,0
20.2860009635,10143,-7.59214162827e-06,0,0,7.32877708742e-07,-0.35736489296,-0.0474018119276,-0.0395456291735,-0.0217048339546,27.3476525763,104.74332521,47.0743507321,93.8087468967,0.00137104116948,0.000392049059883,2500.00180677,-0.0235833320767,-0.741952478886,0.0987510532141,72,1,164.012890309,164.012890309,0.944564759266,0,0
20.3500009666,10175,-7.43567943573e-06,0,0,6.21069489171e-07,-0.353573441505,-0.0208062231541,-0.0411084629595,0.0291896685958,27.7364870271,112.89887334,46.8449288746,109.224449261,0.00134753286307,0.00037968700406,2500.00180677,-0.0235807932913,-0.741949975491,0.0987514927983,72,1,164.012788446,164.012890309,0.0221309601329,0,0
20.4140009696,10207,-7.5027346611e-06,0,0,3.54896855015e-07,-0.345425486565,-0.000588941387832,-0.0402770377696,0.053812045604,28.5868754872,119.396027003,46.9668884762,117.25276272,0.00133091559995,0.000372654768155,2500.00180677,-0.0235779471695,-0.741947412491,0.0987515747547,72,1,164.012948517,164.012890309,-0.466941506602,0,0
20.4780009727,10239,-7.20471143723e-06,0,0,5.70016027268e-07,-0.337347984314,0.0170316323638,-0.0388550125062,0.0674234330654,29.4499950542,125.272839796,47.1759703942,121.855126054,0.00132044941648,0.000367643998578,2500.00180677,-0.0235749818385,-0.741944909096,0.0987518578768,72,1,164.012861205,164.012890309,-0.80413906835,0,0
20.5420009757,10271,-7.17490911484e-06,0,0,6.21069489171e-07,-0.329870462418,0.0328445024788,-0.0374698005617,0.075774461031,30.2670468955,130.719563458,47.3802356282,124.737576698,0.00131371902246,0.000364280328125,2500.00180677,-0.0235720351338,-0.741942286491,0.0987520962954,72,1,164.012992173,164.012890309,-1.06772861909,0,0
20.6060009787,10303,-7.5101852417e-06,0,0,5.87405452279e-07,-0.331837654114,0.0489880405366,-0.0381263382733,0.0816071033478,30.0504052575,136.451533763,47.2833489766,126.77750783,0.00130925659203,0.000362156499234,2500.00180677,-0.0235692653805,-0.741939783096,0.0987521484494,72,1,164.012948517,164.012890309,-1.31218903698,0,0
20.6700009818,10335,-7.42077827454e-06,0,0,1.09839004381e-06,-0.381389975548,0.0733912587166,-0.0499256514013,0.0876820981503,24.9833137786,145.450772834,45.5645313195,128.925719764,0.00130634203455,0.000360769469854,2500.00180677,-0.0235663857311,-0.741937100887,0.0987523347139,72,1,164.01274479,164.012890309,-1.65575556457,0,0
20.7340009848,10367,-7.07805156708e-06,0,0,1.09839004381e-06,-0.391229331493,0.0817271918058,-0.0580708049238,0.0890940576792,24.0637109528,148.618535604,44.402651838,129.428459331,0.00130444854918,0.000359854535059,2500.00180677,-0.0235634818673,-0.741934537888,0.0987526997924,72,1,164.012802998,164.012890309,-1.76739599556,0,0
20.7980009879,10399,-7.31647014618e-06,0,0,5.32345325155e-07,-0.370411574841,0.00472593028098,-0.049985203892,0.0368289388716,26.0425531451,121.14745914,45.5559638795,111.674737127,0.00130321109459,0.000359259011429,2500.00180677,-0.0235606152564,-0.741931974888,0.098752848804,72,1,164.012802998,164.012890309,-0.403714249842,0,0
20.8620009909,10431,-7.28666782379e-06,0,0,6.71320549372e-07,-0.304445624352,-0.0854170024395,-0.0210233256221,-0.0862073898315,33.1775008817,93.8359735301,49.8506888107,76.4498327044,0.0013024021861,0.000358871210526,2500.00180677,-0.0235579814762,-0.741929471493,0.0987530201674,72,1,164.012948517,164.012890309,2.42448505014,0,0
20.9260009939,10463,-7.33882188797e-06,0,0,4.6808446541e-07,-0.279080629349,-0.13191306591,-0.00743932556361,-0.147458016872,36.2906284863,81.6488609416,51.9547575095,62.084174715,0.00130187471914,0.000358617552321,2500.00180677,-0.0235550515354,-0.741926848888,0.0987532585859,72,1,164.012846653,164.012890309,4.27966751158,0,0
20.990000997,10495,-7.264316082e-06,0,0,1.21476477943e-06,-0.263244152069,-0.14439830184,0.00378887867555,-0.159972786903,38.3437218261,78.5849551903,53.7379710295,59.3900440435,2.40802432927,-0.129304083885,2502.27865763,-0.0235522761941,-0.741924226284,0.0987533330917,72,1,164.012904861,164.012890309,4.74704802036,0,0
21.054001,10527,-7.36862421036e-06,0,0,6.44632962121e-07,-0.252733767033,-0.14377078414,0.0118907280266,-0.159972786903,39.7538678953,78.7368844613,55.049702496,59.3900440435,21.3569965126,-0.81179530298,2520.54515295,-0.023549573496,-0.741921663284,0.0987535640597,72,1,164.012832101,164.012890309,4.73585166037,0,0
21.1180010031,10559,-7.14510679245e-06,0,0,6.21069489171e-07,-0.351723313332,-0.0634530335665,-0.0369557254016,-0.0572703890502,27.9278101516,100.031837064,47.4561929877,83.9450440253,48.1073439005,2.479545401,2550.58682524,-0.0235466659069,-0.741919159889,0.0987539365888,72,1,164.012788446,164.012890309,1.64710637182,0,0
21.1820010061,10591,-7.2568655014e-06,0,0,4.99113866681e-07,-0.35622382164,-0.0300082564354,-0.0409536249936,0.013780368492,27.4642170552,110.02724932,46.8676262244,104.391525383,78.3621071605,9.02557803784,2587.38780394,-0.0235426481813,-0.741916418076,0.0987526774406,72,1,164.012846653,164.012890309,0.300946150674,0,0
21.2460010091,10623,-7.52508640289e-06,0,0,7.38628159525e-07,-0.348697423935,-0.00814267992973,-0.0407385788858,0.0459580458701,28.2429573417,116.938041174,46.8991602247,114.650618343,110.302185931,17.5010609382,2627.80301273,-0.023540392518,-0.741913735867,0.0987534150481,72,1,164.012890309,164.012890309,-0.300507905195,0,0
21.3100010122,10655,-7.30156898499e-06,0,0,8.14356667433e-07,-0.340459525585,0.0103450957686,-0.0394326485693,0.0629035681486,29.1151300189,123.019024613,47.0909653814,120.313736261,142.727789353,27.0943401119,2669.82195899,-0.0235375631601,-0.741911172867,0.0987537652254,72,1,164.012773894,164.012890309,-0.682911253534,0,0
21.3740010152,10687,-7.42077827454e-06,0,0,7.0979371003e-07,-0.332734405994,0.026820063591,-0.0379956103861,0.0729156732559,29.9520488625,128.625004436,47.3026302643,123.745776364,174.734814209,37.3222210328,2712.05697209,-0.0235347114503,-0.741908609867,0.0987538248301,72,1,164.013006724,164.012890309,-0.970463443082,0,0
21.4380010183,10719,-7.30901956558e-06,0,0,3.54896855015e-07,-0.325996756554,0.041765961796,-0.0368153713644,0.0793843865395,30.6972033286,133.865672979,47.4769440189,125.997525174,205.597520107,47.8819056298,2753.47940624,-0.0235319789499,-0.741906166077,0.0987540706992,72,1,164.012832101,164.012890309,-1.20592699386,0,0
21.5020010213,10751,-7.33882188797e-06,0,0,1.00941258552e-06,-0.360758185387,0.0638685077429,-0.0444790311158,0.0852890610695,27.0033233392,141.890661325,46.3526739622,128.076630062,234.719074797,58.5670713917,2793.28622855,-0.0235290825367,-0.741903543472,0.0987541824579,72,1,164.012846653,164.012890309,-1.52285187505,0,0
21.5660010243,10783,-7.13020563126e-06,0,0,4.74307881859e-07,-0.393342077732,0.0817201286554,-0.0554431416094,0.0890770703554,23.869870347,148.615828948,44.7752936452,129.422405735,261.614535702,69.2204048391,2830.83482645,-0.0235263053328,-0.741901040077,0.0987545102835,72,1,164.012890309,164.012890309,-1.76722405013,0,0
21.6300010274,10815,-7.23451375961e-06,0,0,9.75966372607e-07,-0.386190354824,0.0479300357401,-0.0578947253525,0.0859995186329,24.5311803155,136.070520966,44.4275574409,128.328319988,285.912014078,79.7017273726,2865.61367102,-0.0235235244036,-0.741898536682,0.0987547785044,72,1,164.012730238,164.012890309,-1.32364954334,0,0
21.6940010304,10847,-7.36117362976e-06,0,0,5.99583131589e-07,-0.325851857662,-0.0555222891271,-0.0296787694097,-0.0449759922922,30.7133850583,102.340156445,48.5401069454,87.2723103384,307.36104236,89.8715152289,2897.23253809,-0.023520514369,-0.741895914078,0.0987548604608,72,1,164.012919413,164.012890309,1.35794014204,0,0
21.7580010334,10879,-7.67409801483e-06,0,0,4.41271112095e-07,-0.287164330482,-0.118120774627,-0.0125186778605,-0.130097955465,35.275312257,85.1349323057,51.1612088303,65.9545330564,325.84334258,99.5782174869,2925.42134412,-0.023517690599,-0.741893291473,0.0987549051642,72,1,164.012948517,164.012890309,3.71427112259,0,0
21.8220010365,10911,-7.17490911484e-06,0,0,7.85209522292e-07,-0.268831849098,-0.143837094307,-0.000270156480838,-0.15994605422,37.6095595129,78.7208191468,53.0887009518,59.3957156525,341.370498063,108.656218799,2950.02665371,-0.0235148575157,-0.741890668869,0.0987551733851,72,1,164.012846653,164.012890309,4.7364984639,0,0
21.8860010395,10943,-7.18981027603e-06,0,0,2.12434585478e-07,-0.255834639072,-0.144398659468,0.00905372947454,-0.15997543931,39.3338486901,78.5848678788,54.5879775018,59.3894874328,354.071060428,116.924617032,2970.99561431,-0.0235121920705,-0.741888165474,0.098755441606,72,1,164.012890309,164.012890309,4.74711181596,0,0
21.9500010426,10975,-6.95139169693e-06,0,0,6.90580804985e-07,-0.324979066849,-0.0907489657402,-0.0213978514075,-0.112325891852,30.8109956677,92.374983069,49.7934961459,70.0800301274,364.164763596,124.199839775,2988.36454749,-0.0235092844814,-0.74188554287,0.0987557694316,72,1,164.012919413,164.012890309,2.93408869766,0,0
22.0140010456,11007,-7.24196434021e-06,0,0,6.21069489171e-07,-0.35767441988,-0.0406113676727,-0.0402621664107,-0.00708800647408,27.3160985671,106.783911178,46.9690712634,98.0767072178,371.926435037,130.302665639,3002.22914666,-0.0235064271837,-0.741882920265,0.0987557470798,72,1,164.012788446,164.012890309,0.675571267493,0,0
22.0780010486,11039,-7.23451375961e-06,0,0,5.55719736894e-07,-0.35190987587,-0.0161671116948,-0.0410458706319,0.0359036512673,27.9084742942,114.366768685,46.8541038572,111.376022687,377.646909328,135.071153636,3012.71793433,-0.0235035009682,-0.741880357265,0.0987560227513,72,1,164.012832101,164.012890309,-0.103383790702,0,0
22.1420010517,11071,-7.09295272827e-06,0,0,4.90007096232e-07,-0.34365439415,0.00336192082614,-0.0399937145412,0.0573709867895,28.7744060188,120.696233353,47.0084960398,118.444739201,381.652353099,138.480885653,3020.13312466,-0.0235009156168,-0.74187785387,0.0987562760711,72,1,164.012890309,164.012890309,-0.547913077753,0,0
22.2060010547,11103,-7.21216201782e-06,0,0,5.33251693469e-07,-0.335692942142,0.0205570869148,-0.0385486520827,0.0695341527462,29.6293364954,126.472921693,47.2210958833,122.579425806,384.252081858,140.601376188,3024.8533003,-0.0234979875386,-0.741875290871,0.0987564176321,72,1,164.012832101,164.012890309,-0.86536660092,0,0
22.2700010578,11135,-7.18235969543e-06,0,0,1.15341481433e-06,-0.328350424767,0.0360287837684,-0.0372032038867,0.0771377086639,30.4352724925,131.836393848,47.4196167488,125.21239114,385.632127291,141.357842949,3026.98975429,-0.0234951004386,-0.741872608662,0.0987566784024,72,1,164.012701134,164.012890309,-1.11776601989,0,0
22.3340010608,11167,-7.21961259842e-06,0,0,6.9019182547e-07,-0.340172767639,0.0539346821606,-0.0398790203035,0.0828738063574,29.1458600259,138.242961839,47.0253471576,127.223451273,385.900144465,140.640797326,3026.54085681,-0.0234924610704,-0.741870105267,0.09875677526,72,1,164.012948517,164.012890309,-1.38290016912,0,0
22.3980010638,11199,-7.00354576111e-06,0,0,6.21853985194e-07,-0.390799045563,0.0780353546143,-0.05283645913,0.0888989567757,24.1033430939,147.209648276,45.1470150438,129.358915729,385.107530747,138.352857903,3023.46027456,-0.0234894528985,-0.741867423058,0.0987571775913,72,1,164.012933965,164.012890309,-1.72021239996,0,0
22.4620010669,11231,-7.10040330887e-06,0,0,2.33823712392e-07,-0.390458166599,0.0793804228306,-0.0588643811643,0.0890856534243,24.1347788688,147.72186114,44.2905184173,129.425461637,383.253180189,134.437563247,3017.69073121,-0.0234868135303,-0.741864919662,0.0987571999431,72,1,164.012890309,164.012890309,-1.73799064942,0,0
22.5260010699,11263,-7.21961259842e-06,0,0,5.32345325155e-07,-0.356313109398,-0.0182426944375,-0.0431041531265,0.00623927265406,27.4550820905,113.708338176,46.553050197,102.079233329,380.306766601,128.873856738,3009.18053836,-0.0234840046614,-0.741862356663,0.0987574011087,72,1,164.012802998,164.012890309,0.204803160159,0,0
22.590001073,11295,-7.45058059692e-06,0,0,5.58251656457e-07,-0.297275841236,-0.0987075865269,-0.0178674310446,-0.104304656386,34.035929275,90.2252140804,50.3343508171,71.99702668,376.200216124,121.679506265,2997.87987024,-0.0234811361879,-0.741859614849,0.0987574160099,72,1,164.012904861,164.012890309,2.93540232815,0,0
22.654001076,11327,-6.7800283432e-06,0,0,6.31594105016e-07,-0.275204539299,-0.13735589385,-0.00480442773551,-0.153784394264,36.7852589989,80.3025322966,52.3696216987,60.7123001828,370.801892132,112.925830763,2983.72772522,-0.023478301242,-0.741857171059,0.0987579599023,72,1,164.012846653,164.012890309,4.49888920411,0,0
22.718001079,11359,-7.01099634171e-06,0,0,7.31095326501e-07,-0.260473906994,-0.144396185875,0.00577798485756,-0.159974902868,38.7116888305,78.5854645073,54.0580658708,59.3895965721,363.905273844,102.737751149,2966.64284542,-0.0234755948186,-0.741854429245,0.0987578704953,72,1,164.012904861,164.012890309,4.74705267698,0,0
22.7820010821,11391,-7.01099634171e-06,0,0,7.98517930889e-07,-0.271205127239,-0.1303191185,0.0132730063051,-0.159974902868,37.3009606847,82.0462664706,55.275610066,59.3895965721,355.202617357,91.3095427677,2946.51230797,-0.0234727282077,-0.741851985455,0.098758302629,72,1,164.012759342,164.012890309,4.49565751478,0,0
22.8460010851,11423,-7.08550214767e-06,0,0,4.43621075874e-07,-0.355956852436,-0.0539480708539,-0.0386780314147,-0.0362417511642,27.491545552,102.802885522,47.2020365123,89.6887431736,344.23766192,78.9259429439,2923.16358536,-0.023469813168,-0.741849303246,0.0987582504749,72,1,164.012963069,164.012890309,1.22199486941,0,0
22.9100010882,11455,-7.13765621185e-06,0,0,1.06469065031e-06,-0.354865729809,-0.0248623229563,-0.0410940684378,0.0227312147617,27.603469789,111.626563012,46.8470389023,107.181083877,330.320443027,66.0057194182,2896.32612839,-0.0234670676291,-0.74184679985,0.0987584814429,72,1,164.012715686,164.012890309,0.139965297421,0,0
22.9740010912,11487,-7.04824924469e-06,0,0,6.38269227693e-07,-0.346912741661,-0.00397207774222,-0.0405042730272,0.0504654310644,28.4301422653,118.290634418,46.9335354865,116.139221063,312.370189931,53.1784935447,2865.54871127,-0.0234640929848,-0.741844177246,0.0987588465214,72,1,164.012948517,164.012890309,-0.394366303226,0,0
23.0380010942,11519,-7.07060098648e-06,0,0,6.73396129969e-07,-0.338751137257,0.0140268057585,-0.0391212962568,0.0654707401991,29.298616937,124.256403069,47.1367711725,121.187600598,288.615905447,41.4347014157,2830.05065285,-0.0234615691006,-0.741841554642,0.0987589433789,72,1,164.012788446,164.012890309,-0.750479812268,0,0
23.1020010973,11551,-7.11530447006e-06,0,0,5.59756415441e-07,-0.331160664558,0.0301345996559,-0.037708606571,0.0745254158974,30.124823752,129.774416564,47.3449799756,124.30359493,256.319122855,32.2752348438,2788.59422542,-0.0234584342688,-0.741839110851,0.09875908494,72,1,164.012919413,164.012890309,-1.02435681038,0,0
23.1660011003,11583,-7.00354576111e-06,0,0,1.14663987461e-06,-0.327584028244,0.0453880093992,-0.0372178517282,0.0805704891682,30.5203757307,135.158159537,47.4174521514,126.413346152,213.484847336,26.7222567345,2740.2068954,-0.0234554894269,-0.741836130619,0.0987586081028,72,1,164.012759342,164.012890309,-1.2597751338,0,0
23.2300011034,11615,-6.86943531036e-06,0,0,4.87479383082e-07,-0.372413158417,0.0691981315613,-0.0474235080183,0.0866006314754,25.8467989624,143.875484355,45.9254806628,128.54153465,163.605756825,24.5492501563,2688.15481104,-0.0234523937106,-0.741833567619,0.0987588316202,72,1,164.012933965,164.012890309,-1.59730040468,0,0
23.2940011064,11647,-6.75022602081e-06,0,0,6.54748362194e-07,-0.39179199934,0.0817161053419,-0.0570341907442,0.0890784263611,24.0119570663,148.614286445,44.5494115411,129.422885948,119.42844867,22.0616475417,2641.48996212,-0.0234497860074,-0.741831064224,0.0987592190504,72,1,164.012846653,164.012890309,-1.76717934664,0,0
23.3580011094,11679,-7.09295272827e-06,0,0,9.59412432167e-07,-0.379288911819,0.0245830602944,-0.0545003525913,0.0618389062583,25.1833080256,127.853360027,44.9095023214,119.952557725,85.3342935443,18.3047759492,2603.63891721,-0.0234468542039,-0.74182844162,0.0987592637539,72,1,164.012977621,164.012890309,-0.866151589435,0,0
23.4220011125,11711,-7.30156898499e-06,0,0,7.0979371003e-07,-0.312231779099,-0.0727502405643,-0.024182125926,-0.0687921494246,32.2642081301,97.3740534391,49.3696934427,80.904654169,60.3725638939,14.2610560943,2574.63357411,-0.0234440229833,-0.741825819016,0.0987592041492,72,1,164.012773894,164.012890309,1.95797136985,0,0
23.4860011155,11743,-7.0184469223e-06,0,0,1.17363219942e-06,-0.282570958138,-0.126289486885,-0.00971779413521,-0.140541255474,35.8495562978,83.0573044368,51.5977844771,63.6075565126,42.4811769335,10.6786656033,2553.15983668,-0.0234411023557,-0.741823196411,0.0987594798207,72,1,164.01281755,164.012890309,4.04936959967,0,0
23.5500011186,11775,-6.90668821335e-06,0,0,7.49934656596e-07,-0.265693545341,-0.144403427839,0.00200458243489,-0.159982204437,38.0205819965,78.5837110016,53.4519131179,59.3880467932,29.8086488328,7.79335823609,2537.60186024,-0.023438397795,-0.741820752621,0.0987597554922,72,1,164.012832101,164.012890309,4.74732648581,0,0
23.6140011216,11807,-6.7800283432e-06,0,0,5.00986629959e-07,-0.253518164158,-0.144403427839,0.0106466654688,-0.159982204437,39.6473042201,78.5837110016,54.8469106434,59.3880467932,20.8904075407,5.59233512831,2526.48280002,-0.0234355181456,-0.741818130016,0.0987600237131,72,1,164.012846653,164.012890309,4.74732648581,0,0
23.6780011246,11839,-6.7800283432e-06,0,0,1.09057145892e-06,-0.344159841537,-0.0736227035522,-0.0338313393295,-0.0788089334965,28.7207858491,97.1273038886,47.9195769003,78.3218201832,14.6324646266,3.97052826884,2518.60287972,-0.0234328992665,-0.741815567017,0.0987602174282,72,1,164.012773894,164.012890309,2.11854581721,0,0
23.7420011277,11871,-7.06315040588e-06,0,0,4.18540992086e-07,-0.357104122639,-0.0345995388925,-0.0407250337303,0.00510417949408,27.3742571153,108.614272904,46.9011465611,101.734171039,10.2469812191,2.80093649963,2513.04777339,-0.0234299600124,-0.741813063622,0.0987603142858,72,1,164.012890309,164.012890309,0.456087727798,0,0
23.8060011307,11903,-6.84708356857e-06,0,0,4.65159928353e-07,-0.350172877312,-0.0117222499102,-0.0409065000713,0.0417012311518,28.088938052,115.785980597,46.8745347462,113.256501209,7.17589637134,1.96825340026,2509.14413482,-0.0234271716326,-0.741810262203,0.0987605303526,72,1,164.012948517,164.012890309,-0.215408057556,0,0
23.8700011338,11935,-6.46710395813e-06,0,0,5.32345325155e-07,-0.341901659966,0.00721100624651,-0.0396951921284,0.0605261959136,28.9609397441,121.972632769,47.0523627882,119.508229545,5.02598504681,1.37996448757,2506.40581362,-0.0234243441373,-0.741807699203,0.0987610071898,72,1,164.012977621,164.012890309,-0.623451429419,0,0
23.9340011368,11967,-6.85453414917e-06,0,0,7.32609748866e-07,-0.33406662941,0.0240051187575,-0.0382479690015,0.071444362402,29.806395105,127.654537209,47.2654137411,123.237390653,3.5212704006,0.966176003203,2504.48752195,-0.0234215445817,-0.741805136204,0.0987608656287,72,1,164.012832101,164.012890309,-0.923721934669,0,0
23.9980011398,11999,-6.80983066559e-06,0,0,6.21069489171e-07,-0.326857566833,0.0391478873789,-0.0369476489723,0.0783897042274,30.6012007059,132.936911541,47.4573862448,125.649516121,2.46793479164,0.676007687161,2503.1438563,-0.023418776691,-0.741802453995,0.0987610965967,72,1,164.012992173,164.012890309,-1.16598489694,0,0
