time_s,lung_volume_ml,airflow_ml_s,alveolar_pa,pleural_pa,diaphragm_mm,rib_mm,PaO2_mmhg,PaCO2_mmhg,SaO2,oxygen_balance_error_stpd_ml,co2_balance_error_stpd_ml,breaths,tidal_ml,lv_mmhg,rv_mmhg,aorta_mmhg,pulmonary_artery_mmhg,lv_ml,rv_ml,blood_ml,blood_error_ml,aortic_ejected_ml,pulmonary_ejected_ml,complete_filling_ejection_cycles,last_lv_stroke_ml
0.01600000076,2500.21764077,43.6812624685,-5.82369041443,-496.262939453,0.00739526282996,0.000548736890778,99.9998703003,40,0.972220122814,0.000116415321827,0.000232830643654,0,0,6.87428046533,0.875569048799,83.9634603117,13.4774766644,160.371768288,140.049727634,5149.99963343,0.000931322574615,0,0,0,0
0.0320000015199,2501.77551061,142.527991557,-19.0021724701,-510.20526123,0.0651400983334,0.00245384383015,99.9998245239,39.9999885559,0.972220122814,0.000116415321827,0.000232830643654,0,0,7.01997388346,0.968537610867,82.9080855854,13.1422306368,161.783536896,141.843091114,5150.00056475,0.000931322574615,0,0,0,0
0.0480000022799,2504.77180816,224.420931772,-29.9203357697,-522.592590332,0.18345105648,0.00309347384609,99.9998703003,40.0000038147,0.972220122814,0.000116415321827,0.000232830643654,0,0,7.15532511345,1.07631455567,81.9687946077,12.8284097078,163.095086464,143.922108691,5150.00009909,0.000931322574615,0,0,0,0
0.0640000030398,2508.9699775,294.370343909,-39.2461585999,-533.976989746,0.349380046129,0.00392889603972,99.999961853,40.0000038147,0.972220242023,0.000116415321827,0.000232830643654,0,0,7.28252564989,1.1942787229,81.0799350162,12.53556157,164.327662787,146.197635331,5150.00056475,0.00139698386192,0,0,0,0
0.0800000037998,2514.21169378,355.675816536,-47.4195518494,-544.72052002,0.549622356892,0.00785303115845,99.999961853,40,0.972220242023,0.000116415321827,0.000232830643654,0,0,7.40201956001,1.31347311655,80.2166170723,12.263046217,165.485558682,148.496896145,5150.00103042,0.00139698386192,0,0,0,0
0.0960000045598,2520.36983147,409.569358453,-54.6047668457,-554.925292969,0.774881899357,0.0166327711195,99.9998703003,40.0000038147,0.972220122814,0.000116415321827,0.000232830643654,0,0,7.51355459532,1.42639414516,79.3690987654,12.009997489,166.566329426,150.675143232,5149.99963343,0.00139698386192,0,0,0,0
0.11200000532,2527.33193338,456.675305031,-60.8850440979,-564.619262695,1.0194555521,0.0307626761496,99.999961853,40.0000114441,0.972220242023,0.000116415321827,0.000232830643654,0,0,7.62354134678,1.53096625228,78.5335565392,11.7752663049,167.564241565,152.65402908,5150.00009909,0.00139698386192,0,0,0,0
0.12800000608,2534.99508835,497.685628943,-66.3526382446,-573.844360352,1.27974939346,0.0500246435404,99.999961853,40,0.972220242023,0.000116415321827,0.000232830643654,0,0,10.1069671154,2.29977513286,77.7083642839,11.5582419576,167.826932739,153.918837896,5150.00009909,0.00139698386192,0,0,0,0
0.14400000684,2543.26732829,533.250742592,-71.0942611694,-582.642150879,1.55326044559,0.0739304572344,99.9998703003,40.0000038147,0.972220122814,0.000116415321827,0.000232830643654,0,0,16.8992425576,4.24729783703,76.8928188165,11.3605285829,167.826932739,153.957502334,5150.00009909,0.00139698386192,0,0,0,0
0.1600000076,2552.06669681,564.021873288,-75.1967468262,-591.059265137,1.83805286884,0.101925499737,99.9997329712,39.9999847412,0.97222006321,0.000116415321827,0.000232830643654,0,0,27.8056487766,7.37082544031,76.0866564437,11.1814971618,167.826932739,153.957502334,5150.00056475,0.00139698386192,0,0,0,0
0.17600000836,2561.32194772,590.567942709,-78.7359313965,-599.13659668,2.13250088692,0.133491322398,99.9998245239,39.9999885559,0.972220122814,0.000116415321827,0.000232830643654,0,0,42.4699697004,11.5530147829,75.289650096,11.0548263014,167.826932739,153.835600941,5149.99963343,0.00139698386192,0,0.121906012396,0,0
0.19200000912,2570.96951827,613.388489,-81.7784194946,-606.909606934,2.4351940155,0.1681638062,99.9997329712,39.9999885559,0.97222006321,0.000116415321827,0.000232830643654,0,0,60.4131822394,15.6105265317,74.5017411748,12.5071678205,167.826932739,148.228995386,5150.00056475,0.00139698386192,0,5.72851786274,0,0
0.208000009879,2580.9542276,632.968556602,-84.3888778687,-614.415893555,2.74493932724,0.205513298512,99.9998703003,39.9999961853,0.972220122814,0.000116415321827,0.000232830643654,0,0,79.7783071638,18.8409186819,76.5586531998,14.9952416453,166.140933288,138.633316965,5150.00056475,0.00139698386192,1.68599569861,15.3242144734,0,0
0.224000010639,2591.22671559,649.621302728,-86.6090621948,-621.672973633,3.06064414978,0.245180249214,99.9998245239,39.9999885559,0.972220122814,0.000116415321827,0.000232830643654,0,0,92.2030991421,21.2665072134,87.2145450786,17.5085595469,155.778951012,128.389059682,5150.00009909,0.00139698386192,12.0479735415,25.5685063166,0,0
0.240000011399,2601.74321011,663.64754457,-88.4790802002,-628.699584961,3.38131999969,0.286839067936,99.9998703003,40,0.972220122814,0.000116415321827,0.000232830643654,0,0,100.48253372,22.9905720893,95.7488760703,19.6455977787,144.552206621,118.914955237,5150.00056475,0.00139698386192,23.274718842,35.0425907527,0,0
0.256000012159,2612.46459559,675.376388244,-90.0427932739,-635.520385742,3.70608234406,0.330206602812,99.9998703003,39.9999961853,0.972220122814,0.000116415321827,0.000232830643654,0,0,105.959711881,24.1417279941,101.880175314,21.2950483749,134.493471705,110.697219498,5150.00056475,0.00139698386192,33.3334392053,43.2603155787,0,0
0.272000012919,2623.35501611,685.015227646,-91.3278656006,-642.145324707,4.034096241,0.375044465065,99.9998703003,40.0000038147,0.972220122814,0.000116415321827,0.000232830643654,0,0,109.471501644,24.8399078694,106.11282992,22.4740367647,126.047569211,103.79676678,5150.00009909,0.00139698386192,41.7793635279,50.1607573824,0,0
0.288000013679,2634.38327238,692.735193297,-92.3571090698,-648.582092285,4.3646273613,0.421127617359,99.9998245239,40,0.972220122814,0.000116415321827,0.000232830643654,0,0,111.632125797,25.1855716224,108.936906976,23.2472923834,119.192540296,98.106720543,5150.00009909,0.00139698386192,48.634421546,55.8507999813,0,0
0.304000014439,2645.52026056,698.727439158,-93.1560134888,-654.84185791,4.6969742775,0.46826416254,100.000236511,40.0000190735,0.972220420837,0.000116415321827,0.000232830643654,0,0,112.851151653,25.2591824018,110.725525491,23.6884717902,113.742113172,93.4717609198,5149.99963343,0.00139698386192,54.0848559467,60.4857632425,0,0
0.320000015199,2656.73943795,703.142723069,-93.7446670532,-660.931640625,5.03050947189,0.516278922558,100.000144958,40.0000152588,0.972220361233,0.000116415321827,0.000232830643654,0,0,113.384471803,25.1227356534,111.73622614,23.8641557685,109.479529783,89.736742666,5149.99963343,0.00139698386192,58.3474284213,64.2207523924,0,0
0.336000015959,2668.01705584,706.167542376,-94.1479415894,-666.864624023,5.36463499069,0.565021514893,99.999961853,40.0000038147,0.972220242023,0.000116415321827,0.000232830643654,0,0,113.386830395,24.8230919137,112.138754302,23.8300019637,106.210995,86.7658818606,5150.00009909,0.00139698386192,61.6159595666,67.1916131978,0,0
0.352000016719,2679.33099531,707.7769842,-94.3625183105,-672.626831055,5.69876527786,0.614364564419,99.9998245239,40,0.972220122814,0.000116415321827,0.000232830643654,0,0,112.94998545,24.3953150964,112.042454893,23.6306240236,103.781414509,84.4484166009,5150.00009909,0.00139698386192,64.0455400571,69.5090857334,0,0
0.368000017479,2690.6603016,708.175357431,-94.4156341553,-678.235046387,6.03238916397,0.66417658329,99.999961853,40.0000114441,0.972220242023,0.000116415321827,0.000232830643654,0,0,112.126433955,23.8651208136,111.516232494,23.3005181884,102.074867755,82.6980831334,5150.00009909,0.00139698386192,65.7520795357,71.2594410288,0,0
0.384000018239,2701.98634826,707.446888555,-94.3185119629,-683.691467285,6.36501693726,0.714349925518,100.000144958,40.0000152588,0.972220361233,0.000116415321827,0.000232830643654,0,0,110.942750355,23.2506141893,110.600886353,22.8655612163,101.010198705,81.4506056486,5149.99963343,0.00139698386192,66.8166976538,72.5069257896,0,0
0.400000018999,2713.29144016,705.624930561,-94.0755996704,-688.991821289,6.69617271423,0.764786541462,99.999961853,40.0000114441,0.972220242023,0.000116415321827,0.000232830643654,0,0,108.472366887,22.3650800661,109.115398191,22.3074264073,100.682569609,80.7884280221,5150.00009909,0.00139698386192,67.1443194733,73.1691106921,1,67.1443194733
0.416000019759,2724.5588135,702.816760167,-93.701210022,-694.142211914,7.02539205551,0.815401494503,100.000053406,40.0000152588,0.972220301628,0.000116415321827,0.000232830643654,0,0,100.197129431,20.4759540322,107.694287874,21.6144544791,100.682569609,80.7842734503,5149.99916777,0.00139698386192,67.1443194733,73.1732652639,1,67.1443194733
0.432000020519,2735.77286862,699.034833815,-93.1969985962,-699.13659668,7.35229301453,0.866093873978,99.9998245239,40,0.972220122814,0.000116415321827,0.000232830643654,0,0,86.124699749,17.2687595872,106.447720694,20.9784257022,100.682569609,80.7842734503,5149.99963343,0.00139698386192,67.1443194733,73.1732652639,1,67.1443194733
0.448000021279,2746.91940285,694.399641361,-92.5790176392,-703.984130859,7.67647171021,0.916792333126,99.9998703003,40,0.972220122814,0.000116415321827,0.000232830643654,0,0,68.0785478511,13.1559317127,105.274914452,20.3956758354,100.682569609,80.7842734503,5150.00009909,0.00139698386192,67.1443194733,73.1732652639,1,67.1443194733
0.464000022039,2757.9839807,688.930391334,-91.8498458862,-708.680236816,7.99753522873,0.967428565025,99.9998245239,39.9999961853,0.972220122814,0.000116415321827,0.000232830643654,0,0,48.3972836922,8.67044995446,104.138681037,19.8617715312,100.682569609,80.7842734503,5150.00056475,0.00139698386192,67.1443194733,73.1732652639,1,67.1443194733
0.480000022799,2768.9547278,682.64309084,-91.0116119385,-713.221374512,8.31512737274,1.01794135571,100.000053406,40.0000190735,0.972220301628,0.000116415321827,0.000232830643654,0,0,29.6313345438,4.39357449396,103.024605203,19.3725907472,100.682569609,80.7842734503,5149.99963343,0.00139698386192,67.1443194733,73.1732652639,1,67.1443194733
0.496000023559,2779.81860563,675.677903928,-90.0829925537,-717.619628906,8.6289100647,1.06826770306,100.000053406,40.0000114441,0.972220301628,0.000116415321827,0.000232830643654,0,0,14.2124326301,1.23347600969,101.926922316,18.9244014875,100.682569609,83.307553723,5150.00056475,0.00139698386192,67.1443194733,73.1732652639,1,67.1443194733
0.512000024319,2790.56467116,667.95211751,-89.0529708862,-721.858764648,8.93857097626,1.11834096909,99.999961853,40.0000038147,0.972220242023,0.000116415321827,0.000232830643654,0,0,5.0400187072,-0.765476430796,100.843207861,18.51027081,105.741746665,89.5472403499,5150.00009909,0.00139698386192,67.1443194733,73.1732652639,1,67.1443194733
0.528000025079,2801.18151568,659.566256218,-87.9349517822,-725.946533203,9.24380683899,1.16810643673,99.999961853,40.0000114441,0.972220242023,0.000116415321827,0.000232830643654,0,0,2.33738945736,-1.40482186333,99.7723631143,18.1001028602,116.409297334,96.0609904723,5150.00009909,0.00139698386192,67.1443194733,73.1732652639,1,67.1443194733
0.544000025839,2811.65912747,650.588190183,-86.7379760742,-729.887023926,9.5443277359,1.21751773357,100.000053406,40.0000038147,0.972220301628,0.000116415321827,0.000232830643654,0,0,3.27090160982,-1.16912574856,98.7139119636,17.6710918107,125.455029774,100.607569038,5150.00149608,0.00139698386192,67.1443194733,73.1732652639,1,67.1443194733
0.560000026599,2821.98749483,640.95883863,-85.4541625977,-733.667541504,9.83986473083,1.26651668549,99.9998703003,40.0000038147,0.972220122814,0.000116415321827,0.000232830643654,0,0,4.0209036715,-1.00025751531,97.6673270214,17.2268469667,132.722547278,103.86503709,5149.99963343,0.00139698386192,67.1443194733,73.1732652639,1,67.1443194733
0.576000027359,2832.15707168,630.760856438,-84.094543457,-737.294433594,10.1301698685,1.31504666805,99.9998703003,40,0.972220122814,0.000116415321827,0.000232830643654,0,0,4.63999242857,-0.865780857396,96.6324691162,16.7767697347,138.721516123,106.459090603,5149.99963343,0.00139698386192,67.1443194733,73.1732652639,1,67.1443194733
0.592000028118,2842.1592433,620.060251094,-82.6679153442,-740.772216797,10.4150133133,1.36306500435,99.9998245239,40,0.972220122814,0.000116415321827,0.000232830643654,0,0,5.15509849762,-0.751137179894,95.6090379303,16.3286775289,143.712895806,108.670566988,5149.99963343,0.00139698386192,67.1443194733,73.1732652639,1,67.1443194733
0.608000028878,2851.98492929,608.797708992,-81.1663665771,-744.088500977,10.6941318512,1.41052627563,99.9998703003,39.9999961853,0.972220122814,0.000116415321827,0.000232830643654,0,0,5.58613257084,-0.648807554993,94.5969748651,15.8883789317,147.889615619,110.644505185,5150.00009909,0.00139698386192,67.1443194733,73.1732652639,1,67.1443194733
0.624000029638,2861.62691191,597.117352299,-79.6091156006,-747.259033203,10.9673261642,1.45739734173,99.9998245239,39.9999961853,0.972220122814,0.000116415321827,0.000232830643654,0,0,5.94885674544,-0.554538837362,93.5960894754,15.4601241699,151.404412463,112.462948891,5149.99963343,0.00139698386192,67.1443194733,73.1732652639,1,67.1443194733
0.640000030398,2871.07774056,584.932276979,-77.9845657349,-750.268554688,11.234418869,1.5036252737,99.9997329712,39.9999885559,0.97222006321,0.000116415321827,0.000232830643654,0,0,6.25588573497,-0.465801188653,92.6062132902,15.0468459183,154.379522428,114.174697956,5150.00056475,0.00139698386192,67.1443194733,73.1732652639,1,67.1443194733
0.656000031158,2880.33066317,572.337303311,-76.3053741455,-753.126403809,11.4952297211,1.54916667938,99.9997329712,39.9999847412,0.97222006321,0.000116415321827,0.000232830643654,0,0,6.5173428986,-0.381043263477,91.6272437621,14.6505237097,156.913039973,115.809678391,5150.00056475,0.00139698386192,67.1443194733,73.1732652639,1,67.1443194733
0.672000031918,2889.37799633,559.315900318,-74.5693359375,-755.826538086,11.7496118546,1.59396147728,99.9997329712,39.9999885559,0.97222006321,0.000116415321827,0.000232830643654,0,0,6.74136885823,-0.299295667678,90.6591222926,14.2723624768,159.083851031,117.386589409,5150.00103042,0.00139698386192,67.1443194733,73.1732652639,1,67.1443194733
0.688000032678,2898.21391925,545.951304957,-72.7875366211,-758.377258301,11.9973955154,1.63798594475,99.9997329712,39.9999885559,0.97222006321,0.000116415321827,0.000232830643654,0,0,6.93451566543,-0.219945090636,89.7016364618,13.9130242002,160.955445608,118.917261716,5150.00009909,0.00139698386192,67.1443194733,73.1732652639,1,67.1443194733
0.704000033438,2906.83330968,532.208243385,-70.9552764893,-760.771362305,12.238451004,1.68119871616,99.9998245239,39.9999885559,0.972220122814,0.000116415321827,0.000232830643654,0,0,7.10207000908,-0.142595891923,88.7548082443,13.5726892538,162.579046446,120.409327792,5150.00056475,0.00139698386192,67.1443194733,73.1732652639,1,67.1443194733
0.720000034198,2915.22941552,518.134445883,-69.0789260864,-763.011901855,12.4726762772,1.72354412079,99.9996414185,39.9999847412,0.972220003605,0.000116415321827,0.000232830643654,0,0,7.2483054639,-0.0669866455632,87.8183666216,13.2512715708,163.996068295,121.867829876,5150.00009909,0.00139698386192,67.1443194733,73.1732652639,1,67.1443194733
0.736000034958,2923.39758016,503.731309436,-67.1586608887,-765.096740723,12.6999464035,1.76498425007,99.9997329712,39.9999885559,0.97222006321,0.000116415321827,0.000232830643654,0,0,7.37669719921,0.00705273546817,86.8922676448,12.9484030791,165.240184288,123.296049424,5150.00056475,0.00139698386192,67.1443194733,73.1732652639,1,67.1443194733
0.752000035718,2931.33314699,489.057274535,-65.2022857666,-767.031494141,12.9201908112,1.80547440052,99.9997329712,39.9999847412,0.97222006321,0.000116415321827,0.000232830643654,0,0,7.49005657251,0.0796463595717,85.9763794673,12.6635628008,166.338635609,124.696380226,5150.00056475,0.00139698386192,67.1443194733,73.1732652639,1,67.1443194733
0.768000036478,2939.03192505,474.169384688,-63.2173957825,-768.821472168,13.1333398819,1.84497177601,99.9997329712,39.9999885559,0.97222006321,0.000116415321827,0.000232830643654,0,0,7.59068723973,0.150876071687,85.0706434903,12.3961070673,167.313744896,126.070401166,5150.00103042,0.00139698386192,67.1443194733,73.1732652639,1,67.1443194733
0.784000037238,2946.48902491,458.9430755,-61.1873893738,-770.447998047,13.3393106461,1.8834387064,99.9998245239,40,0.972220122814,0.000116415321827,0.000232830643654,0,0,7.6804629814,0.220804469429,84.1748399694,12.1452786754,168.18367294,127.419320052,5150.00056475,0.00139698386192,67.1443194733,73.1732652639,1,67.1443194733
0.800000037998,2953.70188542,443.598226411,-59.1415748596,-771.938842773,13.5380649567,1.9208381176,99.9998245239,39.9999961853,0.972220122814,0.000116415321827,0.000232830643654,0,0,7.76093803277,0.289481381603,83.2890348279,11.9103597927,168.963480974,128.74409731,5150.00056475,0.00139698386192,67.1443194733,73.1732652639,1,67.1443194733
0.816000038758,2960.66678129,427.972321631,-57.0582923889,-773.270690918,13.7295713425,1.95712316036,99.9998703003,39.9999961853,0.972220122814,0.000116415321827,0.000232830643654,0,0,7.83338691255,0.356947495296,82.4129277482,11.690535533,169.66550902,130.045518745,5150.00103042,0.00139698386192,67.1443194733,73.1732652639,1,67.1443194733
0.832000039518,2967.3804529,412.19565901,-54.9549102783,-774.459228516,13.9138183594,1.99224984646,99.9996414185,39.9999809265,0.972220003605,0.000116415321827,0.000232830643654,0,0,7.89887263524,0.423236058324,81.5466139529,11.4849900944,170.300059835,131.32422464,5150.00149608,0.00139698386192,67.1443194733,73.1732652639,1,67.1443194733
0.848000040278,2973.83964062,396.234740037,-52.8269615173,-775.498413086,14.0907936096,2.02616548538,99.9995498657,39.9999732971,0.972219884396,0.000116415321827,0.000232830643654,0,0,7.95827234805,0.488378716198,80.6898370734,11.2929305652,170.87564629,132.580826175,5150.00056475,0.00139698386192,67.1443194733,73.1732652639,1,67.1443194733
0.864000041038,2980.04294746,380.118435714,-50.6782989502,-776.391479492,14.2604904175,2.05884623528,99.9996414185,39.9999847412,0.972220003605,0.000116415321827,0.000232830643654,0,0,8.01252271234,0.552888406613,79.8425531607,11.1135988265,171.401334228,133.825218654,5150.00056475,0.00139698386192,67.1443194733,73.1732652639,1,67.1443194733
0.880000041798,2985.98804511,363.934319466,-48.5205917358,-777.148803711,14.4229221344,2.0902493,99.9996414185,39.9999885559,0.972220003605,0.000116415321827,0.000232830643654,0,0,8.06591332588,0.627285745754,79.0046083935,10.9464015678,171.918683918,135.260343086,5150.00103042,0.00139698386192,67.1443194733,73.1732652639,1,67.1443194733
0.896000042558,2991.67260528,347.644003341,-46.3487281799,-777.764282227,14.5781240463,2.12032485008,99.9995498657,39.9999847412,0.972219884396,0.000116415321827,0.000232830643654,0,0,8.12167168751,0.72145752397,78.1760393961,10.7912142673,172.458981979,137.076916872,5150.00103042,0.00139698386192,67.1443194733,73.1732652639,1,67.1443194733
0.912000043318,2997.09523097,331.205897965,-44.1571617126,-778.231567383,14.7261381149,2.1490316391,99.9995498657,39.9999694824,0.972219884396,0.000116415321827,0.000232830643654,0,0,8.17988661067,0.83281704972,77.3565824749,10.6478693696,173.023086973,139.225041494,5150.00056475,0.00139698386192,67.1443194733,73.1732652639,1,67.1443194733
0.928000044078,3002.2545252,314.724078635,-41.9597663879,-778.563964844,14.8670043945,2.17632746696,99.9995498657,39.9999809265,0.972219884396,0.000116415321827,0.000232830643654,0,0,8.2395838943,0.952480746882,76.5462376298,10.5160802912,173.601554707,141.533353599,5150.00149608,0.00139698386192,67.1443194733,73.1732652639,1,67.1443194733
0.944000044838,3007.14955665,298.160215607,-39.7514343262,-778.755859375,15.0007648468,2.20217561722,99.9997329712,39.9999847412,0.97222006321,0.000116415321827,0.000232830643654,0,0,8.29926286587,1.07111919813,75.7448803389,10.395342535,174.179847818,143.821889651,5150.00009909,0.00139698386192,67.1443194733,73.1732652639,1,67.1443194733
0.960000045598,3011.77916117,281.559186988,-37.538143158,-778.812561035,15.1274852753,2.22653532028,99.9998245239,39.9999885559,0.972220122814,0.000116415321827,0.000232830643654,0,0,8.35725346642,1.18238973877,74.9525545512,10.284944678,174.741770024,145.968297147,5150.00103042,0.00139698386192,67.1443194733,73.1732652639,1,67.1443194733
0.976000046358,3016.14240743,264.899630565,-35.3170509338,-778.730957031,15.2472219467,2.24936413765,99.9995498657,39.9999809265,0.972219884396,0.000116415321827,0.000232830643654,0,0,8.95257821814,1.42099632501,74.1690331973,10.184108458,175.141278305,147.858663695,5150.00103042,0.00139698386192,67.1443194733,73.1732652639,1,67.1443194733
0.992000047117,3020.23906261,248.242722591,-33.0963134766,-778.518981934,15.3600540161,2.27062892914,99.999458313,39.9999694824,0.972219824791,0.000116415321827,0.000232830643654,0,0,13.5662223533,2.63587976679,73.3942503537,10.0930517885,175.141278305,148.5402463,5150.00103042,0.00139698386192,67.1443194733,73.1732652639,1,67.1443194733
1.00800004788,3024.06889386,231.554528,-30.8714027405,-778.171936035,15.4660644531,2.29029035568,99.999458313,39.9999656677,0.972219824791,0.000116415321827,0.000232830643654,0,0,22.7138568677,4.97274939082,72.628103473,10.0120273756,175.141278305,148.5402463,5150.00056475,0.00139698386192,67.1443194733,73.1732652639,1,67.1443194733
1.02400004864,3027.63329819,215.15438857,-28.6848983765,-777.733154297,15.5653543472,2.30832409859,99.9995498657,39.9999732971,0.972219884396,0.000116415321827,0.000232830643654,0,0,36.0966620638,8.3915427804,71.8705852303,9.93987606663,175.141278305,148.5402463,5150.00103042,0.00139698386192,67.1443194733,73.1732652639,1,67.1443194733
1.0400000494,3030.94275296,199.578178581,-26.6082401276,-777.27923584,15.6581754684,2.32480692863,99.9994125366,39.9999694824,0.972219824791,0.000116415321827,0.000232830643654,0,0,53.2774890172,12.452473389,71.1216150526,10.454658928,175.141278305,146.535268868,5150.00009909,0.00139698386192,67.1443194733,75.1782717998,1,67.1443194733
1.05600005016,3034.00750272,184.496704605,-24.5975418091,-776.77130127,15.7447423935,2.33981537819,99.9997329712,39.9998016357,0.97222006321,0.000116415321827,0.000232830643654,0,0,73.3615670065,15.9243694351,71.3889709854,12.5380089755,174.625369254,138.880554005,5150.00056475,0.00139698386192,67.6602285239,82.8329721116,1,67.1443194733
1.07200005092,3036.8345324,169.850187376,-22.6448326111,-776.204711914,15.8252382278,2.35339379311,100.003623962,39.9969863892,0.972222864628,0.000116415321827,0.000232830643654,0,0,87.8797046649,18.6507187414,82.6181618819,15.0206349653,164.636803675,129.340303829,5150.00009909,0.00139698386192,77.6488086558,92.3732222873,1,67.1443194733
1.08800005168,3039.4284986,155.369751155,-20.7142658234,-775.546081543,15.8998279572,2.36554741859,100.006980896,39.9944458008,0.972225308418,0.000116415321827,0.000232830643654,0,0,97.7684315129,20.6718123962,92.5226956917,17.2994615705,152.431050083,119.958967844,5150.00056475,0.00139698386192,89.8545986274,101.754587376,1,67.1443194733
1.10400005244,3041.79242812,141.018274007,-18.8008937836,-774.791809082,15.9686059952,2.37628984451,100.009284973,39.9927101135,0.972227036953,0.000116415321827,0.000232830643654,0,0,104.487042155,22.0894031377,99.8650953365,19.1541023515,141.142198117,111.567220301,5150.00103042,0.00186264514923,101.143443317,110.146327643,1,67.1443194733
1.1200000532,3043.92748512,126.794577227,-16.9045562744,-773.942382812,16.0316886902,2.38559222221,100.010917664,39.9915504456,0.972228169441,0.000116415321827,0.000232830643654,0,0,108.899140204,23.0181335561,105.047603311,20.5473160918,131.508058985,104.401049612,5150.00056475,0.00186264514923,110.777575173,117.312505608,1,67.1443194733
1.13600005396,3045.83483376,112.546680612,-15.004992485,-772.978088379,16.0891838074,2.39342188835,100.011917114,39.9907722473,0.972228944302,0.000116415321827,0.000232830643654,0,0,111.700261273,23.5613055888,108.586355737,21.5203982957,123.615129269,98.4320940915,5149.99963343,0.00186264514923,118.670519441,123.281468404,1,67.1443194733
1.15200005472,3047.51424119,98.2937272056,-13.1047544479,-771.901306152,16.1411743164,2.3997502327,100.012550354,39.9902305603,0.972229361534,0.000116415321827,0.000465661287308,0,0,113.383058113,23.8045372267,110.911561271,22.1400872302,117.297669931,93.5353600653,5150.00149608,0.00186264514923,124.987956951,128.178187879,1,67.1443194733
1.16800005548,3048.96524176,83.9405620354,-11.1911563873,-770.699157715,16.1877155304,2.40453839302,100.013008118,39.9898529053,0.972229719162,0.000116415321827,0.000465661287308,0,0,114.266563261,23.8156251731,112.334019356,22.4731376431,112.321744382,89.5644770935,5150.00056475,0.00186264514923,129.963897052,132.149056299,1,67.1443194733
1.18400005624,3050.18643849,69.6207935107,-9.2820110321,-769.388793945,16.2288684845,2.4077475071,100.013366699,39.9895896912,0.972229957581,0.000116415321827,0.000465661287308,0,0,114.547631257,23.6462899826,113.063681308,22.577585915,108.464693767,86.3821042003,5150.00056475,0.00186264514923,133.820969495,135.331443744,1,67.1443194733
1.200000057,3051.1780642,55.2032688574,-7.35983181,-767.952819824,16.2646865845,2.40934705734,100.013282776,39.9893760681,0.972229897976,0.000116415321827,0.000465661287308,0,0,114.345056033,23.3355143476,113.238121898,22.5010781693,105.542465462,83.8718842715,5150.00056475,0.00186264514923,136.7431978,137.841678225,1,67.1443194733
1.21600005776,3051.93779059,40.6652361562,-5.42158651352,-766.387145996,16.2952308655,2.40928530693,100.013542175,39.9892425537,0.972230136395,0.000116415321827,0.000465661287308,0,0,113.728906817,22.9122862435,112.945568584,22.2812584876,103.413804027,81.9408232928,5150.00056475,0.00186264514923,138.871851959,139.772717375,1,67.1443194733
1.23200005852,3052.46538483,26.1256391241,-3.48313260078,-764.707336426,16.3205432892,2.40753006935,100.013633728,39.9891586304,0.972230195999,0.000116415321827,0.000465661287308,0,0,112.738188278,22.3975949424,112.240994141,21.946915244,101.97651136,80.517893366,5150.00056475,0.00186264514923,140.309130074,141.195647302,1,67.1443194733
1.24800005928,3052.75828578,11.419004295,-1.52240896225,-762.890258789,16.3406772614,2.40402126312,100.013771057,39.9891166687,0.972230255604,0.000116415321827,0.000465661287308,0,0,111.357921157,21.797655554,111.146336404,21.5188069786,101.166100649,79.55316687,5150.00103042,0.00186264514923,141.119511682,142.160381074,1,67.1443194733
1.26400006004,3052.81579494,-3.35498225468,0.447294265032,-760.948730469,16.355676651,2.39873242378,100.013771057,39.9891357422,0.972230255604,0.000116415321827,0.000465661287308,0,0,106.743518903,20.6451299079,109.517120624,20.9265513264,101.107107184,79.3104918557,5150.00149608,0.00186264514923,141.178505146,142.403063364,2,74.0342729841
1.2800000608,3052.63651535,-18.1678660738,2.42218327522,-758.885986328,16.3655509949,2.39162778854,100.014045715,39.9891700745,0.972230494022,0.000116415321827,0.000465661287308,0,0,95.7025539082,18.2576286096,108.178385233,20.3177214377,101.107107184,79.3104918557,5150.00103042,0.00186264514923,141.178505146,142.403063364,2,74.0342729841
1.29600006156,3052.21928284,-33.0423245032,4.40528154373,-756.698303223,16.3703517914,2.38267588615,100.014274597,39.9891967773,0.972230672836,0.000116415321827,0.000465661287308,0,0,79.5184445219,14.7579696642,106.958919887,19.7598997648,101.107107184,79.3104918557,5150.00056475,0.00186264514923,141.178505146,142.403063364,2,74.0342729841
1.31200006232,3051.56293325,-48.0575217807,6.40714359283,-754.374572754,16.3700695038,2.3718521595,100.01436615,39.9892158508,0.972230732441,0.000116415321827,0.000465661287308,0,0,60.2883123692,10.5996372606,105.793453115,19.2488177687,101.107107184,79.3104918557,5150.00103042,0.00186264514923,141.178505146,142.403063364,2,74.0342729841
1.32800006308,3050.66513829,-63.205974584,8.42677116394,-751.914733887,16.3646907806,2.35913324356,100.01436615,39.9892196655,0.972230732441,0.000116415321827,0.000465661287308,0,0,40.5042077365,6.32151566506,104.657065879,18.7805420212,101.107107184,79.3104918557,5150.00056475,0.00186264514923,141.178505146,142.403063364,2,74.0342729841
1.34400006384,3049.52450097,-78.4423682489,10.4581241608,-749.32409668,16.3541908264,2.34449744225,100.01436615,39.9892272949,0.972230732441,0.000116415321827,0.000465661287308,0,0,22.7297737017,2.58543624883,103.539869671,18.3515309718,101.107107184,79.8631226644,5150.00103042,0.00186264514923,141.178505146,142.403063364,2,74.0342729841
1.3600000646,3048.13869298,-93.8010052778,12.505774498,-746.596923828,16.3384799957,2.32794499397,100.01436615,39.9892272949,0.972230732441,0.000116415321827,0.000465661287308,0,0,9.46368310423,0.148916567866,102.43786514,17.9583584357,101.785801235,84.744009655,5150.00056475,0.00186264514923,141.178505146,142.403063364,2,74.0342729841
1.37600006536,3046.5060845,-109.286571387,14.5703468323,-743.731872559,16.3175163269,2.30947136879,100.014595032,39.9892501831,0.97223085165,0.000116415321827,0.000465661287308,0,0,3.01829008204,-1.3146938436,101.349389552,17.5868783543,110.178792966,91.4970078156,5150.00056475,0.00186264514923,141.178505146,142.403063364,2,74.0342729841
1.39200006612,3044.62504573,-124.929472804,16.6558952332,-740.723999023,16.2912216187,2.28907632828,100.014411926,39.9892501831,0.972230732441,0.000116415321827,0.000465661287308,0,0,2.74586880726,-1.34362310604,100.273666476,17.2041107252,120.367461932,97.2415145952,5150.00103042,0.00186264514923,141.178505146,142.403063364,2,74.0342729841
1.40800006688,3042.4927827,-140.625954373,18.748588562,-737.585754395,16.2595272064,2.266746521,100.014274597,39.9892463684,0.972230672836,0.000116415321827,0.000465661287308,0,0,3.57204670873,-1.14180634423,99.2101685238,16.8003776298,128.373125335,101.134559372,5150.00149608,0.00186264514923,141.178505146,142.403063364,2,74.0342729841
1.42400006764,3040.10836408,-156.443100423,20.8573684692,-734.307800293,16.2223396301,2.24250149727,100.01436615,39.9892501831,0.972230732441,0.000116415321827,0.000465661287308,0,0,4.24622246188,-0.989029367283,98.1586393281,16.3837693319,134.905887535,104.081627796,5150.00149608,0.00186264514923,141.178505146,142.403063364,2,74.0342729841
1.4400000684,3037.46946156,-172.407046193,22.9857196808,-730.885498047,16.1795539856,2.21634697914,100.014183044,39.9892501831,0.972230553627,0.000116415321827,0.000465661287308,0,0,4.8043298028,-0.86298403508,97.11880787,15.9632056312,140.313946758,106.513041828,5150.00149608,0.00186264514923,141.178505146,142.403063364,2,74.0342729841
1.45600006916,3034.57514383,-188.454272575,25.1251735687,-727.326904297,16.131111145,2.18829059601,100.014091492,39.9892425537,0.972230494022,0.000116415321827,0.000465661287308,0,0,5.26927321496,-0.752940516262,96.0904837042,15.5456597563,144.819248817,108.635780634,5150.00009909,0.00186264514923,141.178505146,142.403063364,2,74.0342729841
1.47200006992,3031.42308258,-204.577168915,27.2747173309,-723.631774902,16.0768527985,2.1583647728,100.014091492,39.9892578125,0.972230494022,0.000116415321827,0.000465661287308,0,0,5.65875266829,-0.653094692069,95.0735276593,15.1362581658,148.593302583,110.56180665,5150.00196174,0.00186264514923,141.178505146,142.403063364,2,74.0342729841
1.48800007068,3028.01164798,-220.838992391,29.4427833557,-719.791015625,16.0166721344,2.12658143044,100.014183044,39.9892654419,0.972230553627,0.000116415321827,0.000465661287308,0,0,5.98686615242,-0.560073711757,94.0677932387,14.7387044718,151.772721438,112.356181489,5150.00103042,0.00186264514923,141.178505146,142.403063364,2,74.0342729841
1.50400007144,3024.33851175,-237.272659433,31.6337585449,-715.798950195,15.9504117966,2.09297442436,100.014274597,39.989276886,0.972230672836,0.000116415321827,0.000465661287308,0,0,6.26491266011,-0.471840731707,93.0731852197,14.3555522896,154.46699399,114.058195322,5150.00056475,0.00186264514923,141.178505146,142.403063364,2,74.0342729841
1.5200000722,3020.40204406,-253.791542491,33.8360939026,-711.666442871,15.8779382706,2.0575606823,100.014274597,39.9892807007,0.972230672836,0.000116415321827,0.000465661287308,0,0,6.50196627006,-0.387137485169,92.0895278068,13.9884927371,156.764042913,115.692120744,5150.00056475,0.00186264514923,141.178505146,142.403063364,2,74.0342729841
1.53600007296,3016.20038226,-270.423974143,36.0535697937,-707.388793945,15.7990474701,2.02040410042,100.014274597,39.9892921448,0.972230672836,0.000116415321827,0.000465661287308,0,0,6.70532067183,-0.30516774131,91.1167331021,13.6385705168,158.734546858,117.273317301,5150.00103042,0.00186264514923,141.178505146,142.403063364,2,74.0342729841
1.55200007372,3011.73119806,-287.180242594,38.2875556946,-702.963378906,15.7135572433,1.98153913021,100.014274597,39.9892959595,0.972230672836,0.000116415321827,0.000465661287308,0,0,6.88085220235,-0.225425644051,90.1547058829,13.3062864632,160.435447469,118.811542052,5150.00056475,0.00186264514923,141.178505146,142.403063364,2,74.0342729841
1.56800007448,3006.99216314,-304.13211789,40.5476226807,-698.379577637,15.6212358475,1.94102346897,100.014274597,39.9892959595,0.972230672836,0.000116415321827,0.000465661287308,0,0,7.03330185139,-0.147582692379,89.2032850031,12.9917550267,161.912685144,120.313132356,5150.00009909,0.00186264514923,141.178505146,142.403063364,2,74.0342729841
1.58400007524,3001.98094919,-321.262516081,42.8314857483,-693.63861084,15.5218515396,1.89891207218,100.014183044,39.9892921448,0.972230553627,0.000116415321827,0.000465661287308,0,0,7.1665082825,-0.0714216238316,88.2623093168,12.6948315421,163.203454576,121.782279166,5150.00009909,0.00186264514923,141.178505146,142.403063364,2,74.0342729841
1.600000076,2996.69452943,-338.521174854,45.1324539185,-688.745544434,15.4151439667,1.85526716709,100.014091492,39.9892959595,0.972230494022,0.000116415321827,0.000465661287308,0,0,7.2835845442,0.00320390844596,87.3316762764,12.4151653336,164.337921888,123.221805552,5150.00056475,0.00186264514923,141.178505146,142.403063364,2,74.0342729841
1.61600007676,2991.13034271,-355.984695489,47.4607315063,-683.688964844,15.3008003235,1.81017112732,100.014091492,39.9893074036,0.972230494022,0.000116415321827,0.000465661287308,0,0,7.38706548203,0.0763987675422,86.4113272834,12.1522253517,165.34065071,124.633734231,5150.00056475,0.00186264514923,141.178505146,142.403063364,2,74.0342729841
1.63200007752,2985.28489657,-373.629620299,49.8131942749,-678.470275879,15.1785144806,1.76369988918,100.013954163,39.9892959595,0.972230434418,0.000116415321827,0.000465661287308,0,0,7.47901440625,0.148238006262,85.50117444,11.9053990583,166.231635376,126.019513118,5150.00056475,0.00186264514923,141.178505146,142.403063364,2,74.0342729841
1.64800007828,2979.15493138,-391.509151086,52.196937561,-673.080810547,15.0479164124,1.71595168114,100.014045715,39.9893074036,0.972230494022,0.000116415321827,0.000465661287308,0,0,7.5611238081,0.218778226769,84.6010858993,11.6740024985,167.027275893,127.380233607,5150.00056475,0.00186264514923,141.178505146,142.403063364,2,74.0342729841
1.66400007904,2972.73672186,-409.662025049,54.6171188354,-667.513549805,14.9085922241,1.66703402996,100.013954163,39.9893112183,0.972230434418,0.000116415321827,0.000465661287308,0,0,7.6347858612,0.288063914468,83.7109224899,11.4573068526,167.741061887,128.716754261,5149.99963343,0.00186264514923,141.178505146,142.403063364,2,74.0342729841
1.6800000798,2966.02584422,-428.091210779,57.0741424561,-661.765991211,14.7601099014,1.6170514822,100.013954163,39.9893112183,0.972230434418,0.000116415321827,0.000465661287308,0,0,7.70115651372,0.356131264271,82.8306256131,11.2545430144,168.384198332,130.029773572,5150.00056475,0.00186264514923,141.178505146,142.403063364,2,74.0342729841
1.69600008056,2959.01764184,-446.788326371,59.5668869019,-655.836853027,14.6019687653,1.56614243984,100.01386261,39.9893112183,0.972230315208,0.000116415321827,0.000465661287308,0,0,7.76118432985,0.423013509689,81.9600414477,11.0650087169,168.965867488,131.319931825,5150.00009909,0.00186264514923,141.178505146,142.403063364,2,74.0342729841
1.71200008132,2951.70699246,-465.914199594,62.1167945862,-649.702331543,14.4336500168,1.5144302845,100.013771057,39.9893112183,0.972230255604,0.000116415321827,0.000465661287308,0,0,7.8156727508,0.488741523693,81.0991113952,10.8879293604,169.493854628,132.587825647,5150.00103042,0.00186264514923,141.178505146,142.403063364,2,74.0342729841
1.72800008208,2944.08760965,-485.339958686,64.7066802979,-643.376403809,14.2545337677,1.46207308769,100.013679504,39.9893112183,0.972230195999,0.000116415321827,0.000465661287308,0,0,7.86645389718,0.556463433837,80.247732908,10.72260634,169.985927641,133.894180181,5150.00149608,0.00186264514923,141.178505146,142.403063364,2,74.0342729841
1.74400008284,2936.15390547,-505.240052007,67.3598098755,-636.833129883,14.0639734268,1.40924072266,100.013633728,39.9893074036,0.972230195999,0.000116415321827,0.000465661287308,0,0,7.91845828852,0.639942691496,79.4057668147,10.5687411695,170.489845914,135.50449512,5150.00056475,0.00186264514923,141.178505146,142.403063364,2,74.0342729841
1.7600000836,2927.89773084,-525.594048668,70.0734558105,-630.071228027,13.8612375259,1.35611248016,100.013542175,39.9893074036,0.972230136395,0.000116415321827,0.000465661287308,0,0,7.97312616756,0.74318963566,78.5731178925,10.4262569382,171.019579284,137.496128445,5150.00056475,0.00186264514923,141.178505146,142.403063364,2,74.0342729841
1.77600008436,2919.31140237,-546.466442756,72.8562088013,-623.078308105,13.6455078125,1.30289566517,100.013542175,39.9893074036,0.972230136395,0.000116415321827,0.000465661287308,0,0,8.02998050539,0.860166211132,77.7497275428,10.2949723567,171.570500243,139.752606628,5150.00009909,0.00186264514923,141.178505146,142.403063364,2,74.0342729841
1.79200008512,2910.38607247,-567.939947359,75.7191085815,-615.838989258,13.4158992767,1.24980998039,100.013542175,39.989315033,0.972230136395,0.000116415321827,0.000465661287308,0,0,8.08779073225,0.981217904473,76.9354492694,10.1745294246,172.130676219,142.087694257,5150.00056475,0.00186264514923,141.178505146,142.403063364,2,74.0342729841
1.80800008588,2901.11172944,-590.086565353,78.6717529297,-608.338867188,13.1714143753,1.19710636139,100.013366699,39.9893112183,0.972229957581,0.000116415321827,0.000465661287308,0,0,8.14495912174,1.09808666775,76.1302684224,10.064358637,172.684638528,144.342091517,5150.00009909,0.00186264514923,141.178505146,142.403063364,2,74.0342729841
1.82400008664,2891.47696458,-612.959440332,81.7212142944,-600.565185547,12.9109687805,1.14504504204,100.013450623,39.989315033,0.972230017185,0.000116415321827,0.000465661287308,0,0,8.19983850496,1.20599637492,75.3340604801,9.96374124604,173.216423718,146.42367023,5150.00009909,0.00186264514923,141.178505146,142.403063364,2,74.0342729841
1.8400000874,2881.46943785,-636.623881292,84.8762207031,-592.503173828,12.6333827972,1.09391725063,100.013450623,39.9893226624,0.972230017185,0.000116415321827,0.000465661287308,0,0,10.1506477643,1.78557585364,74.5467521942,9.87213246815,173.377120518,147.982718772,5150.00056475,0.00186264514923,141.178505146,142.403063364,2,74.0342729841
1.85600008816,2871.07634358,-661.151076201,88.1462402344,-584.137084961,12.3373565674,1.04403996468,100.013366699,39.9893226624,0.972229957581,0.000116415321827,0.000465661287308,0,0,16.6380266552,3.47150737286,73.7682336923,9.79019245276,173.377120518,148.161867401,5150.00103042,0.00186264514923,141.178505146,142.403063364,2,74.0342729841
1.87200008892,2860.28254777,-686.654937454,91.5464782715,-575.444274902,12.0215082169,0.995746672153,100.013282776,39.9893226624,0.972229897976,0.000116415321827,0.000465661287308,0,0,27.484025083,6.27315903412,72.9984390512,9.71744508657,173.377120518,148.161867401,5150.00103042,0.00186264514923,141.178505146,142.403063364,2,74.0342729841
1.88800008968,2849.07245077,-713.103974704,95.0727233887,-566.421325684,11.6843624115,0.949389517307,100.013282776,39.9893264771,0.972229897976,0.000116415321827,0.000465661287308,0,0,42.3344019305,10.0956777365,72.2372290992,9.68118539599,173.377120518,148.064020323,5150.00149608,0.00186264514923,141.178505146,142.500910442,2,74.0342729841
1.90400009044,2837.43045293,-740.571529604,98.7347640991,-557.050842285,11.324379921,0.905351698399,100.013282776,39.9893302917,0.972229897976,0.000116415321827,0.000465661287308,0,0,60.7040691567,13.9026449302,71.484699059,11.0670376921,173.377120518,143.005352584,5150.00103042,0.00186264514923,141.178505146,147.559563629,2,74.0342729841
1.9200000912,2825.34188591,-768.800789956,102.49835968,-547.359863281,10.9400682449,0.864002227783,100.023429871,39.9812889099,0.972237288952,0.000116415321827,0.000465661287308,0,0,79.6788507568,17.0129603893,75.6200800545,13.4377376843,170.19144434,134.148474899,5150.00103042,0.00186264514923,144.364195876,156.416470418,2,74.0342729841
1.93600009196,2812.80092895,-797.024869826,106.261260986,-537.447692871,10.5307035446,0.825555682182,100.052330017,39.957988739,0.972258388996,0.000116415321827,0.000465661287308,0,0,92.0319254217,19.3981616941,86.7378238135,15.8629380004,158.811599249,124.561411212,5150.00056475,0.00186264514923,155.744070071,166.003519553,2,74.0342729841
1.95200009272,2799.80851337,-825.232476927,110.021965027,-527.31640625,10.0963039398,0.790017604828,100.074295044,39.9402580261,0.972274363041,0.000116415321827,0.000465661287308,0,0,100.496502152,21.1263650933,95.5307575781,17.9541979379,146.987542394,115.608818305,5150.00103042,0.00186264514923,167.568112374,174.956105184,2,74.0342729841
1.96800009347,2786.36533767,-853.393750731,113.776496887,-516.970275879,9.63702201843,0.757333278656,100.089057922,39.9282646179,0.972285091877,0.000116415321827,0.000465661287308,0,0,106.155438399,22.3063533211,101.890202993,19.5926539792,136.456597829,107.793064672,5150.00149608,0.00186264514923,178.099042387,182.771866093,2,74.0342729841
1.98400009423,2772.47163467,-881.570158526,117.533042908,-506.401153564,9.15292835236,0.727475166321,100.098976135,39.9202308655,0.972292304039,0.000116415321827,0.000465661287308,0,0,109.817167229,23.0479126121,106.310827132,20.785039465,127.633829834,101.20288789,5150.00149608,0.00186264514923,186.92179583,189.362050151,2,74.0342729841
2.00000009499,2758.12693872,-909.7289294,121.287239075,-495.613311768,8.64400005341,0.700453102589,100.105735779,39.9147720337,0.97229719162,0.000116415321827,0.000465661287308,0,0,112.096255696,23.4459762967,109.283964276,21.5879532801,120.479773614,95.7539596129,5150.00009909,0.00186264514923,194.075837499,194.810971152,2,74.0342729841
2.01600009575,2743.37362498,-930.102018174,124.003425598,-485.663085938,8.11165904999,0.676367342472,100.110450745,39.9109916687,0.972300648689,0.000116415321827,0.000465661287308,0,0,113.40881218,23.5778047461,111.190021631,22.0696902157,114.791975648,91.3070762181,5150.00103042,0.00186264514923,199.763599085,199.257861823,2,74.0342729841
2.03200009651,2728.45569998,-931.680144276,124.213821411,-478.137939453,7.56605100632,0.655073344707,100.113883972,39.9083213806,0.97230309248,0.000116415321827,0.000465661287308,0,0,114.017468104,23.5034431726,112.294238258,22.2932510492,110.339460662,87.7182465047,5150.00009909,0.00186264514923,204.216106795,202.84668426,2,74.0342729841
2.04800009727,2713.64417858,-918.505480513,122.457344055,-472.631866455,7.02104997635,0.635298550129,100.116371155,39.9064369202,0.972304940224,0.000116415321827,0.000465661287308,0,0,114.082278112,23.2683915276,112.772739454,22.3118524298,106.916733785,84.8592244438,5150.00056475,0.00186264514923,207.638862776,205.705699045,2,74.0342729841
2.06400009803,2699.13952798,-894.555123523,119.264228821,-468.712860107,6.488468647,0.615463554859,100.117736816,39.905090332,0.972305893898,0.000116415321827,0.000465661287308,0,0,113.698904354,22.9067834725,112.73995356,22.1684287903,104.359518446,82.6244577183,5150.00103042,0.00186264514923,210.196070839,207.940480323,2,74.0342729841
2.08000009879,2685.08703448,-862.876593601,115.040771484,-466.045928955,5.97697877884,0.594379425049,100.118965149,39.90417099,0.972306787968,0.000116415321827,0.000465661287308,0,0,112.922817693,22.4437834266,112.268410942,21.8963776478,102.544676338,80.9311968624,5150.00056475,0.00186264514923,212.010898395,209.633784834,2,74.0342729841
2.09600009955,2671.59077339,-825.741211884,110.089790344,-464.379272461,5.49222564697,0.571420311928,100.119636536,39.9035987854,0.972307264805,0.000116415321827,0.000465661287308,0,0,111.782951167,21.8972053525,111.401855428,21.5208945523,101.385448943,79.7174652689,5150.00103042,0.00186264514923,213.170133065,210.847487324,2,74.0342729841
2.11200010031,2658.72175805,-784.96633796,104.653587341,-463.505340576,5.03735589981,0.546464800835,100.119819641,39.9034690857,0.972307443619,0.000116415321827,0.000465661287308,0,0,109.746702459,21.152576962,109.987835536,21.0406134247,100.940524135,79.0071571828,5150.00149608,0.00186264514923,213.615043322,211.557766306,3,72.4366182112
2.12800010107,2646.52562328,-741.97165668,98.9214324951,-463.257354736,4.6136302948,0.519748151302,100.119636536,39.9036407471,0.972307264805,0.000116415321827,0.000465661287308,0,0,102.365473943,19.5466339658,108.514089062,20.4112777021,100.940524135,78.9810728747,5150.00103042,0.00232830643654,213.615043322,211.58385789,3,72.4366182112
2.14400010183,2635.0277476,-697.90892303,93.0468826294,-463.494140625,4.22099065781,0.491718709469,100.11945343,39.9037322998,0.972307145596,0.000116415321827,0.000465661287308,0,0,88.9495678853,16.663846646,107.244565896,19.8276378696,100.940524135,78.9810728747,5150.00196174,0.00232830643654,213.615043322,211.58385789,3,72.4366182112
2.16000010259,2624.23744425,-653.710914776,87.1543045044,-464.09588623,3.85850572586,0.462912082672,100.119056702,39.9037742615,0.972306847572,0.000116415321827,0.000465661287308,0,0,71.2374058084,12.8578875306,106.058172113,19.292898536,100.940524135,78.9810728747,5150.00149608,0.00232830643654,213.615043322,211.58385789,3,72.4366182112
2.17600010335,2614.14959095,-610.13107188,81.3441314697,-464.959625244,3.52467274666,0.433879584074,100.119056702,39.9038238525,0.972306847572,0.000116415321827,0.000465661287308,0,0,51.5242786822,8.62196697037,104.912013566,18.8029687891,100.940524135,78.9810728747,5150.00056475,0.00232830643654,213.615043322,211.58385789,3,72.4366182112
2.19200010411,2604.75021787,-567.648967262,75.6803207397,-466.01461792,3.21772074699,0.405122518539,100.118690491,39.9038619995,0.972306609154,0.000116415321827,0.000465661287308,0,0,32.3647321582,4.50499691016,103.789426291,18.3540891652,100.940524135,78.9810728747,5150.00196174,0.00232830643654,213.615043322,211.58385789,3,72.4366182112
2.20800010487,2596.01860307,-526.663265191,70.216003418,-467.197540283,2.93583464622,0.377044945955,100.118690491,39.9039154053,0.972306609154,0.000116415321827,0.000465661287308,0,0,16.2415671062,1.3979355024,102.683774,17.9428316484,100.940524135,81.3199949334,5150.00103042,0.00232830643654,213.615043322,211.58385789,3,72.4366182112
2.22400010563,2587.9277382,-487.441924633,64.9869232178,-468.459442139,2.6772518158,0.349941939116,100.118415833,39.9039421082,0.97230643034,0.000116415321827,0.000465661287308,0,0,5.91899162278,-0.637749709035,101.592463706,17.5644332744,104.294238554,87.4176694197,5150.00196174,0.00232830643654,213.615043322,211.58385789,3,72.4366182112
2.24000010639,2580.44805378,-450.182153145,60.0193595886,-469.759460449,2.44029831886,0.324011445045,100.118507385,39.9040031433,0.972306489944,0.000116415321827,0.000465661287308,0,0,2.1981427965,-1.48887886617,100.514198917,17.1938614707,114.352500532,94.0979080042,5150.00103042,0.00232830643654,213.615043322,211.58385789,3,72.4366182112
2.25600010715,2573.54718633,-414.978945628,55.3259849548,-471.069091797,2.22338581085,0.299377411604,100.118598938,39.9040527344,0.972306549549,0.000116415321827,0.000465661287308,0,0,3.06076694256,-1.25537653501,99.4483789975,16.8046827928,123.418823932,98.9437903627,5150.00196174,0.00232830643654,213.615043322,211.58385789,3,72.4366182112
2.27200010791,2567.19160825,-381.899008062,50.915687561,-472.363067627,2.02501106262,0.276105552912,100.118415833,39.9040908813,0.97230643034,0.000116415321827,0.000465661287308,0,0,3.80441495173,-1.07784658757,98.3945571331,16.3978238304,130.624772282,102.368343505,5150.00196174,0.00232830643654,213.615043322,211.58385789,3,72.4366182112
2.28800010867,2561.34732626,-350.9366652,46.7877159119,-473.625396729,1.8437538147,0.254223108292,100.118507385,39.9041366577,0.972306489944,0.000116415321827,0.000465661287308,0,0,4.41644075103,-0.937635225017,97.3524989297,15.9824772328,136.55530347,105.073020677,5150.00149608,0.00232830643654,213.615043322,211.58385789,3,72.4366182112
2.30400010943,2555.9803471,-322.070351103,42.9391899109,-474.842315674,1.67826831341,0.233727574348,100.118232727,39.9041595459,0.972306251526,0.000116415321827,0.000465661287308,0,0,4.92467384985,-0.818720662384,96.3220798654,15.5666050793,141.480079037,107.36688273,5150.00196174,0.00232830643654,213.615043322,211.58385789,3,72.4366182112
2.32000011019,2551.05784163,-295.238278341,39.3618736267,-476.005950928,1.52728760242,0.214596495032,100.118141174,39.904209137,0.972306191921,0.000116415321827,0.000465661287308,0,0,5.34913755946,-0.712943908485,95.3030215971,15.1562247097,145.593134221,109.407315904,5150.00149608,0.00232830643654,213.615043322,211.58385789,3,72.4366182112
2.33600011095,2546.54814489,-270.364747848,36.0456733704,-477.110900879,1.38962459564,0.196792826056,100.118095398,39.9042549133,0.972306191921,0.000116415321827,0.000465661287308,0,0,5.70561320473,-0.615731929361,94.2951776283,14.7557511593,149.047380546,111.282533908,5150.00196174,0.00232830643654,213.615043322,211.58385789,3,72.4366182112
2.35200011171,2542.42029041,-247.363612289,32.9791069031,-478.1534729,1.26416349411,0.180269673467,100.11782074,39.9042816162,0.972305953503,0.000116415321827,0.000465661287308,0,0,6.00672190844,-0.524370993625,93.2985186597,14.3682764176,151.965126861,113.044887257,5150.0024274,0.00232830643654,213.615043322,211.58385789,3,72.4366182112
2.36800011247,2538.64494152,-226.140429731,30.1495819092,-479.13180542,1.14987063408,0.164972499013,100.117912292,39.9043312073,0.972306013107,0.000116415321827,0.000465661287308,0,0,6.26258657194,-0.437204690498,92.3128322717,13.9959228515,154.444453074,114.726324682,5150.0024274,0.00232830643654,213.615043322,211.58385789,3,72.4366182112
2.38400011323,2535.19532271,-206.58923313,27.5429706573,-480.046966553,1.04578900337,0.150841772556,100.11782074,39.9043693542,0.972305953503,0.000116415321827,0.000465661287308,0,0,6.48134003452,-0.353196987129,91.3379719677,13.6400556241,156.564172357,116.346833238,5150.00196174,0.00232830643654,213.615043322,211.58385789,3,72.4366182112
2.40000011399,2532.04465844,-188.605146832,25.1452884674,-480.899749756,0.951030313969,0.137815400958,100.117736816,39.9044075012,0.972305893898,0.000116415321827,0.000465661287308,0,0,6.66952793853,-0.271694543901,90.3739304229,13.3014246139,158.38771651,117.919014883,5150.00196174,0.00232830643654,213.615043322,211.58385789,3,72.4366182112
2.41600011475,2529.16919999,-172.095256858,22.9441509247,-481.690979004,0.864780008793,0.125828593969,100.117652893,39.9044456482,0.972305834293,0.000116415321827,0.000465661287308,0,0,6.83242415441,-0.192275711553,89.4204952177,12.9803576067,159.966177307,119.451004139,5150.00289306,0.00279396772385,213.615043322,211.58385789,3,72.4366182112
2.43200011551,2526.54612996,-156.954367412,20.9255313873,-482.423400879,0.786289453506,0.114814952016,100.117652893,39.9044876099,0.972305834293,0.000116415321827,0.000465661287308,0,0,6.97429264306,-0.114664729207,88.4775345051,12.6768518556,161.340882187,120.948119729,5150.00149608,0.00279396772385,213.615043322,211.58385789,3,72.4366182112
2.44800011627,2524.15449359,-143.081211718,19.0759296417,-483.100311279,0.714872956276,0.104710176587,100.117652893,39.9045333862,0.972305834293,0.000116415321827,0.000465661287308,0,0,7.09859209295,-0.0386790593421,87.5450409604,12.3906326799,162.54534421,122.413883219,5150.00196174,0.00279396772385,213.615043322,211.58385789,3,72.4366182112
2.46400011703,2521.97450027,-130.383152282,17.3829936981,-483.724334717,0.649901390076,0.0954506397247,100.117652893,39.9045715332,0.972305834293,0.000116415321827,0.000465661287308,0,0,7.20812470557,0.0358088028438,86.6227215908,12.1212807336,163.606717251,123.85075388,5150.00196174,0.00279396772385,213.615043322,211.58385789,3,72.4366182112
2.48000011779,2519.98845488,-118.774536531,15.8353052139,-484.298217773,0.590805411339,0.0869733095169,100.11756134,39.9046173096,0.972305774689,0.000116415321827,0.000465661287308,0,0,7.30516895776,0.108888243046,85.7106056956,11.8682146092,164.547076565,125.260456116,5150.00196174,0.00279396772385,213.615043322,211.58385789,3,72.4366182112
2.49600011855,2518.17959361,-108.160878881,14.4202671051,-484.826293945,0.537056565285,0.0792202502489,100.117332458,39.9046440125,0.972305595875,0.000116415321827,0.000465661287308,0,0,7.39160366587,0.18062790284,84.8086273514,11.6308171905,165.384626598,126.64431415,5150.00196174,0.00279396772385,213.615043322,211.58385789,3,72.4366182112
2.51200011931,2516.53254963,-98.4729704214,13.128651619,-485.310302734,0.488177865744,0.07213537395,100.117195129,39.9046669006,0.97230553627,0.000116415321827,0.000465661287308,0,0,7.46895559708,0.251078351381,83.9166254121,11.4083825481,166.134166648,128.003302962,5150.00149608,0.00279396772385,213.615043322,211.58385789,3,72.4366182112
2.52800012007,2515.03312029,-89.629284048,11.949590683,-485.754150391,0.443731963634,0.0656659305096,100.117103577,39.904712677,0.972305476665,0.000116415321827,0.000465661287308,0,0,7.53848919846,0.320278787903,83.0344240821,11.200166297,166.807949427,129.338179249,5150.0024274,0.00279396772385,213.615043322,211.58385789,3,72.4366182112
2.54400012083,2513.66873272,-81.5660823719,10.8745851517,-486.16015625,0.403320193291,0.0597620382905,100.117195129,39.9047470093,0.97230553627,0.000116415321827,0.000465661287308,0,0,7.60125329269,0.388265421623,82.1620233613,11.0054185588,167.416132172,130.649641505,5150.00196174,0.00279396772385,213.615043322,211.58385789,3,72.4366182112
2.56000012159,2512.4270469,-74.2121992516,9.89414787292,-486.531768799,0.366575300694,0.0543779321015,100.116920471,39.9047775269,0.972305297852,0.000116415321827,0.000465661287308,0,0,7.65811220854,0.455072215671,81.299291403,10.8234297416,167.967096786,131.938344566,5150.0024274,0.00279396772385,213.615043322,211.58385789,3,72.4366182112
2.57600012235,2511.29735261,-67.5082555972,9.00036239624,-486.871612549,0.333170741796,0.0494701117277,100.116828918,39.9048118591,0.972305238247,0.000116415321827,0.000465661287308,0,0,7.70986572479,0.520891532413,80.4460817109,10.653428908,168.468584889,133.20799917,5150.00382438,0.00372529029846,213.615043322,211.58385789,3,72.4366182112
2.59200012311,2510.27010381,-61.4027812844,8.18636512756,-487.181915283,0.302806854248,0.0449971556664,100.116828918,39.9048461914,0.972305238247,0.000116415321827,0.000465661287308,0,0,7.76012589335,0.594343626413,79.6022770877,10.4948731058,168.955608387,134.624890052,5150.00289306,0.00372529029846,213.615043322,211.58385789,3,72.4366182112
2.60800012387,2509.33552161,-55.8422252652,7.44501876831,-487.465026855,0.27520647645,0.0409225821495,100.116783142,39.9048843384,0.972305238247,0.000116415321827,0.000465661287308,0,0,7.81263111926,0.686983315504,78.7678189349,10.3476075982,169.464387,136.411908898,5150.00289306,0.00372529029846,213.615043322,211.58385789,3,72.4366182112
2.62400012463,2508.48545693,-50.7795957674,6.77005720139,-487.723175049,0.250119626522,0.0372119322419,100.116508484,39.9049110413,0.972304999828,0.000116415321827,0.000465661287308,0,0,7.86770644142,0.797666153775,77.9426852781,10.2115344156,169.998063939,138.546980452,5150.00196174,0.00372529029846,213.615043322,211.58385789,3,72.4366182112
2.64000012539,2507.71292485,-46.1686177005,6.1553106308,-487.959106445,0.227321177721,0.033833026886,100.116691589,39.9049568176,0.972305178642,0.000116415321827,0.000465661287308,0,0,7.92448936225,0.918048713357,77.1266490478,10.0864264887,170.548286405,140.869160532,5150.00289306,0.00372529029846,213.615043322,211.58385789,3,72.4366182112
2.65600012615,2507.0104748,-41.9772040914,5.5965013504,-488.173492432,0.206600099802,0.0307575687766,100.116416931,39.9049797058,0.972304940224,0.000116415321827,0.000465661287308,0,0,7.98157076951,1.0385988282,76.3196955944,9.97180404174,171.101404703,143.194571137,5150.0024274,0.00372529029846,213.615043322,211.58385789,3,72.4366182112
2.67200012691,2506.37158751,-38.1626887247,5.0879406929,-488.368774414,0.187762156129,0.0279609747231,100.116249084,39.9050102234,0.972304821014,0.000116415321827,0.000465661287308,0,0,8.0373163127,1.1524688788,75.5217150457,9.86706094585,171.641586348,145.391124533,5150.0024274,0.00372529029846,213.615043322,211.58385789,3,72.4366182112
2.68800012767,2505.79090789,-34.6875676769,4.62462949753,-488.547363281,0.170640185475,0.0254179704934,100.116203308,39.9050445557,0.972304821014,0.000116415321827,0.000465661287308,0,0,8.35312867711,1.32479396933,74.7326341533,9.77143358855,172.09694488,147.371625644,5150.0024274,0.00372529029846,213.615043322,211.58385789,3,72.4366182112
2.70400012843,2505.26331365,-31.53225407,4.20395565033,-488.709350586,0.155082777143,0.023103877902,100.116020203,39.9050712585,0.9723046422,0.000116415321827,0.000465661287308,0,0,12.2031658129,2.38094260863,73.952423618,9.68493021025,172.09694488,148.310267832,5150.0024274,0.00372529029846,213.615043322,211.58385789,3,72.4366182112
2.72000012919,2504.78344969,-28.6597660306,3.82098841667,-488.857025146,0.140944808722,0.0209991149604,100.116020203,39.9050979614,0.9723046422,0.000116415321827,0.000465661287308,0,0,20.5022537987,4.55128199042,73.1809222938,9.6079683257,172.09694488,148.310267832,5150.0024274,0.00372529029846,213.615043322,211.58385789,3,72.4366182112
2.73600012995,2504.3473579,-26.0478736891,3.47276473045,-488.991394043,0.128097727895,0.0190850030631,100.116020203,39.9051437378,0.9723046422,0.000116415321827,0.000465661287308,0,0,32.979350486,7.81423525486,72.4180276332,9.53957007143,172.09694488,148.310267832,5150.00196174,0.00372529029846,213.615043322,211.58385789,3,72.4366182112
2.75200013071,2503.95131297,-23.6720006797,3.15600776672,-489.113952637,0.116425305605,0.0173441041261,100.115791321,39.9051628113,0.972304522991,0.000116415321827,0.000465661287308,0,0,49.2268635148,11.7994473671,71.6637396361,9.96455887908,172.09694488,146.630307427,5150.00196174,0.00372529029846,213.615043322,213.263789192,3,72.4366182112
2.76800013147,2503.59112397,-21.5122618101,2.86806607246,-489.225280762,0.105820551515,0.0157607011497,100.115699768,39.9051933289,0.972304463387,0.000116415321827,0.000465661287308,0,0,68.7141224891,15.2901691165,70.9179704048,11.9734420588,172.09694488,139.272000524,5150.00196174,0.00372529029846,213.615043322,220.622052439,3,72.4366182112
2.78400013223,2503.26376408,-19.553295715,2.60689210892,-489.325927734,0.0961849540472,0.0143207460642,100.16217804,39.869758606,0.972338140011,0.000116415321827,0.000465661287308,0,0,84.8176442049,18.0685768346,79.914922383,14.4451449107,164.70218543,129.82111366,5150.0024274,0.00372529029846,221.009802772,230.072924751,3,72.4366182112
2.80000013299,2502.96620652,-17.7683614311,2.36892032623,-489.418029785,0.0874249190092,0.0130129829049,100.218711853,39.82654953,0.972379088402,0.000116415321827,0.000465661287308,0,0,95.2866432994,20.148464989,90.1074388189,16.7492522169,152.882435941,120.404351037,5150.0024274,0.00372529029846,232.829566812,239.489716478,3,72.4366182112
2.81600013375,2502.69589014,-16.1461211974,2.15263938904,-489.501739502,0.0794645473361,0.0118247410282,100.258705139,39.7960319519,0.972408056259,0.000116415321827,0.000465661287308,0,0,102.409137196,21.6189500874,97.7644248364,18.6439506077,141.620694194,111.919354822,5150.00196174,0.00372529029846,244.091308559,247.974734521,3,72.4366182112
2.83200013451,2502.45048665,-14.6724032675,1.95615983009,-489.577911377,0.0722315907478,0.0107447048649,100.28553009,39.7755432129,0.972427427769,0.000116415321827,0.000465661287308,0,0,107.101958974,22.5912778349,103.197031467,20.0791941655,131.890250486,104.643484519,5150.00149608,0.00372529029846,253.821723163,255.250604823,3,72.4366182112
2.84800013527,2502.22720206,-13.332853996,1.77756798267,-489.647033691,0.0656591802835,0.00976321380585,100.30355072,39.7617454529,0.972440421581,0.000116415321827,0.000465661287308,0,0,110.093708486,23.1692683999,106.921109166,21.0901933006,123.865858768,98.5683436738,5150.00196174,0.00372529029846,261.846114881,261.3257966,3,72.4366182112
2.86400013603,2502.02440657,-12.1166076497,1.61541509628,-489.709716797,0.059686627239,0.00887141749263,100.31615448,39.752281189,0.972449481487,0.000116415321827,0.000465661287308,0,0,111.908879474,23.440074323,109.382973869,21.7418953612,117.418523587,93.5760544962,5150.00196174,0.00372529029846,268.293370027,266.318093054,3,72.4366182112
2.88000013679,2501.8400047,-11.0088913061,1.46773171425,-489.766998291,0.0542591027915,0.00806106813252,100.324714661,39.7456512451,0.97245568037,0.000116415321827,0.000465661287308,0,0,112.890119696,23.4732539267,110.909832614,22.1013371008,112.326240924,89.5214325283,5150.00196174,0.00372529029846,273.385638138,270.372722298,3,72.4366182112
2.89600013755,2501.67259946,-10.0039787867,1.33375442028,-489.818908691,0.0493266806006,0.00732476171106,100.330955505,39.7409591675,0.972460150719,0.000116415321827,0.000465661287308,0,0,113.249658489,23.3221007708,111.724074263,22.2274668401,108.367668872,86.2657543621,5150.00103042,0.00372529029846,277.344224742,273.628393188,3,72.4366182112
2.91200013831,2501.52032822,-9.0917765192,1.2121373415,-489.865844727,0.0448452606797,0.00665566558018,100.335350037,39.7376251221,0.972463309765,0.000116415321827,0.000465661287308,0,0,113.115694855,23.0267841686,111.971653182,22.1689854766,105.3560336,83.6902327137,5150.00103042,0.00372529029846,280.355918221,276.203907561,3,72.4366182112
2.92800013907,2501.38202682,-8.26057294034,1.10131931305,-489.908843994,0.0407731197774,0.00604746397585,100.338523865,39.7353019714,0.972465634346,0.000116415321827,0.000465661287308,0,0,112.564062655,22.6172955958,111.746488213,21.9645149554,103.146332549,81.6993415356,5150.00149608,0.00372529029846,282.565655652,278.194755083,3,72.4366182112
2.94400013983,2501.2565311,-7.50761319068,1.0009329319,-489.947692871,0.0370719470084,0.00549519388005,100.340385437,39.733745575,0.972466945648,0.000116415321827,0.000465661287308,0,0,111.637406992,22.1154355483,111.10722919,21.6437299538,101.632555015,80.2196009317,5150.00196174,0.00372529029846,284.079433186,279.674510239,3,72.4366182112
2.96000014059,2501.14221126,-6.8213821578,0.909442961216,-489.983123779,0.0337083563209,0.00499325618148,100.341743469,39.732875824,0.972467958927,0.000116415321827,0.000465661287308,0,0,110.355805198,21.5362510376,110.087570286,21.2286159192,100.742421637,79.1971979197,5150.00149608,0.00372529029846,284.969602944,280.696898699,3,72.4366182112
2.97600014135,2501.03836879,-6.19921138423,0.826493680477,-490.015167236,0.030650768429,0.00453768949956,100.341239929,39.7331161499,0.972467601299,0.000116415321827,0.000465661287308,0,0,106.601688412,20.5271288877,108.499388148,20.6632734872,100.609875517,78.844394011,5150.00149608,0.00372529029846,285.102199996,281.049695332,4,71.4870038792
2.99200014211,2500.94430521,-5.63364983464,0.751091659069,-490.044433594,0.0278728771955,0.00412317691371,100.340888977,39.7334098816,0.972467303276,0.000116415321827,0.000465661287308,0,0,96.5402716059,18.3584987069,107.150083042,20.0486899523,100.609875517,78.844394011,5150.00103042,0.00372529029846,285.102199996,281.049695332,4,71.4870038792
3.00800014287,2500.85862353,-5.11851612828,0.682412803173,-490.071136475,0.0253484658897,0.0037468217779,100.340751648,39.7335968018,0.972467243671,0.000116415321827,0.000465661287308,0,0,81.1432654106,15.0398415591,105.934243482,19.4856255394,100.609875517,78.844394011,5150.00149608,0.00372529029846,285.102199996,281.049695332,4,71.4870038792
3.02400014363,2500.78062527,-4.65289349449,0.620334863663,-490.094940186,0.0230549331754,0.00340457702987,100.340751648,39.733745575,0.972467243671,0.000116415321827,0.000465661287308,0,0,62.4058262931,11.0011930532,104.777603118,18.9697219806,100.609875517,78.844394011,5150.00196174,0.00372529029846,285.102199996,281.049695332,4,71.4870038792
3.04000014439,2500.70984475,-4.22746006734,0.563615083694,-490.116943359,0.0209711194038,0.00309314508922,100.34047699,39.7338562012,0.972467005253,0.000116415321827,0.000465661287308,0,0,42.7561467584,6.76591890832,103.651983367,18.4970495098,100.609875517,78.844394011,5150.00196174,0.00372529029846,285.102199996,281.049695332,4,71.4870038792
3.05600014515,2500.64535066,-3.8418074837,0.512198984623,-490.136749268,0.0190750397742,0.00281124701723,100.340385437,39.7339630127,0.972466945648,0.000116415321827,0.000465661287308,0,0,24.7404532936,2.94577138757,102.546257828,18.0639750164,100.609875517,79.1447309894,5150.00196174,0.00372529029846,285.102199996,281.049695332,4,71.4870038792
3.07200014591,2500.587143,-3.4917609355,0.465529918671,-490.154907227,0.0173502024263,0.00255585135892,100.340660095,39.7340888977,0.972467184067,0.000116415321827,0.000465661287308,0,0,10.7432101433,0.416869273211,101.455855812,17.6671840192,100.764584204,83.6301405798,5150.0024274,0.00372529029846,285.102199996,281.049695332,4,71.4870038792
3.08800014667,2500.53405762,-3.17549643114,0.423364788294,-490.171020508,0.0157829336822,0.00232325238176,100.340385437,39.7341918945,0.972466945648,0.000116415321827,0.000465661287308,0,0,3.46512882798,-1.19839138047,100.378982739,17.2961910384,107.909523649,90.3417458176,5150.00149608,0.00372529029846,285.102199996,281.049695332,4,71.4870038792
3.10400014743,2500.48562884,-2.88439014184,0.384553790092,-490.186096191,0.0143600394949,0.00211115065031,100.340293884,39.7342910767,0.972466886044,0.000116415321827,0.000465661287308,0,0,2.50973881135,-1.38704235045,99.314788929,16.9188804002,118.079362437,96.4039572864,5150.00149608,0.00372529029846,285.102199996,281.049695332,4,71.4870038792
3.12000014819,2500.44185668,-2.61987747763,0.349288314581,-490.199890137,0.0130661092699,0.00191912800074,100.340110779,39.7343978882,0.972466766834,0.000116415321827,0.000465661287308,0,0,3.34417178505,-1.17366782371,98.2626957221,16.5212635296,126.165017718,100.519951957,5150.00103042,0.00372529029846,285.102199996,281.049695332,4,71.4870038792
3.13600014895,2500.40204264,-2.3809357117,0.317432045937,-490.212219238,0.0118887498975,0.00174533645622,100.340202332,39.7345123291,0.972466826439,0.000116415321827,0.000465661287308,0,0,4.02221160969,-1.01444351724,97.2224320996,16.1101836396,132.735221996,103.591388324,5150.00196174,0.00372529029846,285.102199996,281.049695332,4,71.4870038792
3.15200014971,2500.36572106,-2.16480020754,0.288616329432,-490.223236084,0.0108183426782,0.00158743746579,100.339927673,39.7346000671,0.972466647625,0.000116415321827,0.000465661287308,0,0,4.58299067873,-0.884272136779,96.193778317,15.6944872819,138.169169077,106.102394057,5150.00149608,0.00372529029846,285.102199996,281.049695332,4,71.4870038792
3.16800015047,2500.33265911,-1.96942437469,0.262568354607,-490.233062744,0.00984607636929,0.00144331471529,100.339744568,39.7346954346,0.972466468811,0.000116415321827,0.000465661287308,0,0,5.04992094834,-0.771321293866,95.1765073047,15.2812593884,142.693723319,108.281215944,5150.00056475,0.00372529029846,285.102199996,281.049695332,4,71.4870038792
3.18400015123,2500.30285679,-1.79256232968,0.238988697529,-490.242034912,0.00896409060806,0.00131116621196,100.339653015,39.7347946167,0.972466409206,0.000116415321827,0.000465661287308,0,0,5.44086719689,-0.669265891918,94.1705018658,14.8757106533,146.481994307,110.24986452,5150.00149608,0.00372529029846,285.102199996,281.049695332,4,71.4870038792
3.20000015199,2500.2756156,-1.62757692124,0.216992452741,-490.250671387,0.00816410593688,0.00119024445303,100.339569092,39.7348937988,0.972466349602,0.000116415321827,0.000465661287308,0,0,5.77005285155,-0.574464179175,93.1755422555,14.4816023715,149.671803229,112.078589154,5150.00149608,0.00372529029846,285.102199996,281.049695332,4,71.4870038792
3.21600015275,2500.25070272,-1.47755326907,0.196990936995,-490.258453369,0.00743555976078,0.0010812348919,100.339393616,39.7349815369,0.972466230392,0.000116415321827,0.000465661287308,0,0,6.04886434515,-0.484721341974,92.1915552257,14.1015440102,152.373482706,113.809728646,5150.00196174,0.00372529029846,285.102199996,281.049695332,4,71.4870038792
3.23200015351,2500.22811815,-1.3433030972,0.179092377424,-490.265289307,0.00677105644718,0.000983570120297,100.339485168,39.7350959778,0.972466289997,0.000116415321827,0.000465661287308,0,0,6.28643710171,-0.398684348705,91.2183869551,13.7372541553,154.675566591,115.469381853,5150.00103042,0.00372529029846,285.102199996,281.049695332,4,71.4870038792
3.24800015427,2500.20786189,-1.21930565911,0.162560746074,-490.271881104,0.00616378057748,0.000896226381883,100.339393616,39.7351913452,0.972466230392,0.000116415321827,0.000465661287308,0,0,6.49012798741,-0.315500430081,90.2560520934,13.3898269518,156.649330165,117.073999718,5150.00056475,0.00372529029846,285.102199996,281.049695332,4,71.4870038792
3.26400015503,2500.18923543,-1.11015538096,0.148008570075,-490.277282715,0.00561068067327,0.000817328575067,100.339164734,39.7352790833,0.972466051579,0.000116415321827,0.000465661287308,0,0,6.66585042105,-0.234628651001,89.3042869471,13.0598071833,158.35207887,118.634015962,5150.00149608,0.00372529029846,285.102199996,281.049695332,4,71.4870038792
3.28000015579,2500.1722388,-1.0086457678,0.134475067258,-490.282501221,0.00510666705668,0.000745854573324,100.338981628,39.7353744507,0.972465932369,0.000116415321827,0.000465661287308,0,0,6.81838888354,-0.155719394368,88.3630109432,12.7473605737,159.830175107,120.156175399,5150.00056475,0.00372529029846,285.102199996,281.049695332,4,71.4870038792
3.29600015655,2500.15687197,-0.918471357636,0.122452795506,-490.286956787,0.00465005077422,0.000680187426042,100.339164734,39.7354812622,0.972466051579,0.000116415321827,0.000465661287308,0,0,6.95159943486,-0.078538029887,87.4321215341,12.4523369642,161.120988196,121.645003674,5150.00149608,0.00372529029846,285.102199996,281.049695332,4,71.4870038792
3.31200015731,2500.14313497,-0.836152366901,0.111477829516,-490.291229248,0.00423535890877,0.00061977817677,100.338935852,39.7355651855,0.972465932369,0.000116415321827,0.000465661287308,0,0,7.068621676,-0.00293067888729,86.5115161724,12.1744039913,162.254931638,123.103469377,5150.00103042,0.00372529029846,285.102199996,281.049695332,4,71.4870038792
3.32800015807,2500.13032928,-0.760400610034,0.101378425956,-490.295043945,0.0038609795738,0.00056373514235,100.338844299,39.7356529236,0.972465872765,0.000116415321827,0.000465661287308,0,0,7.17200327096,0.0712131883509,85.6010337121,11.9130516641,163.256700034,124.533704366,5150.00149608,0.00372529029846,285.102199996,281.049695332,4,71.4870038792
3.34400015883,2500.11868775,-0.694007553648,0.0925267487764,-490.298187256,0.00352256954648,0.000511564081535,100.338844299,39.7357521057,0.972465872765,0.000116415321827,0.000465661287308,0,0,7.26382446863,0.143972013882,84.7005276567,11.6676802632,164.146447787,125.937222037,5150.00103042,0.00372529029846,285.102199996,281.049695332,4,71.4870038792
3.36000015959,2500.10821037,-0.631128330042,0.0841435343027,-490.301452637,0.00321470596828,0.000463725766167,100.338661194,39.7358436584,0.972465693951,0.000116415321827,0.000465661287308,0,0,7.34578691629,0.215404646403,83.8100199807,11.4376360482,164.940662216,127.315157442,5149.99963343,0.00372529029846,285.102199996,281.049695332,4,71.4870038792
3.37600016035,2500.09843148,-0.573997340325,0.0765266939998,-490.304229736,0.00293653667904,0.000419565243647,100.338523865,39.7359275818,0.972465634346,0.000116415321827,0.000465661287308,0,0,7.41928690774,0.28555936964,82.9293641877,11.2221819593,165.652876603,128.668441903,5150.00056475,0.00372529029846,285.102199996,281.049695332,4,71.4870038792
3.39200016111,2500.08981675,-0.523051937762,0.0697345361114,-490.30682373,0.00268490356393,0.000378661789,100.338432312,39.7360153198,0.972465574741,0.000116415321827,0.000465661287308,0,0,7.48548680039,0.354474653205,82.0584211061,11.02058643,166.294354131,129.997817567,5150.00056475,0.00372529029846,285.102199996,281.049695332,4,71.4870038792
3.40800016187,2500.08190051,-0.476775170455,0.0635648071766,-490.309112549,0.00245454325341,0.000341841310728,100.338432312,39.7361068726,0.972465574741,0.000116415321827,0.000465661287308,0,0,7.54534339885,0.422183687689,81.1970955133,10.8321014129,166.874364368,131.303924718,5150.00103042,0.00372529029846,285.102199996,281.049695332,4,71.4870038792
3.42400016263,2500.07468276,-0.431794262568,0.0575678423047,-490.311584473,0.00224113417789,0.000310008006636,100.33807373,39.7361793518,0.972465276718,0.000116415321827,0.000465661287308,0,0,7.59965556632,0.488717431902,80.3453361355,10.6560017511,167.400648934,132.587359985,5150.00009909,0.00372529029846,285.102199996,281.049695332,4,71.4870038792
3.44000016339,2500.0681635,-0.390684590457,0.0520870052278,-490.313842773,0.00204605562612,0.000282084423816,100.338157654,39.7362785339,0.972465336323,0.000116415321827,0.000465661287308,0,0,7.64981227179,0.556027378142,79.5029525274,10.4915778524,167.886668351,133.885769174,5150.00056475,0.00372529029846,285.102199996,281.049695332,4,71.4870038792
3.45600016415,2500.0621099,-0.354753495913,0.0472965836525,-490.315673828,0.00186881725676,0.000256952102063,100.338157654,39.7363624573,0.972465336323,0.000116415321827,0.000465661287308,0,0,7.70062088625,0.637350620791,78.6699080649,10.3384488263,168.379003298,135.454494739,5150.00103042,0.00372529029846,285.102199996,281.049695332,4,71.4870038792
3.47200016491,2500.05652197,-0.322713447076,0.0430249273777,-490.317199707,0.00170718086883,0.000234324310441,100.337944031,39.7364425659,0.972465217113,0.000116415321827,0.000465661287308,0,0,7.75401241539,0.738695057391,77.8461075254,10.1965414245,168.896367541,137.409428135,5150.00103042,0.00372529029846,285.102199996,281.049695332,4,71.4870038792
3.48800016567,2500.05163252,-0.294326923722,0.0392403677106,-490.318572998,0.00155873806216,0.000214215106098,100.337760925,39.7365226746,0.972465097904,0.000116415321827,0.000465661287308,0,0,7.80967921677,0.855031168907,77.0314630109,10.0656853451,169.435777934,139.653551742,5150.00103042,0.00372529029846,285.102199996,281.049695332,4,71.4870038792
3.50400016643,2500.04744157,-0.269124996066,0.0358803868294,-490.319885254,0.00142108194996,0.000196721812245,100.33757782,39.7366027832,0.97246491909,0.000116415321827,0.000465661287308,0,0,7.86648228086,0.976836517564,76.2258719741,9.94557294545,169.986204128,142.003176734,5150.00149608,0.00372529029846,285.102199996,281.049695332,4,71.4870038792
3.52000016719,2500.04325062,-0.244855868914,0.0326447710395,-490.321075439,0.00129274348728,0.000181815717951,100.337669373,39.7366867065,0.972464978695,0.000116415321827,0.000465661287308,0,0,7.92289255148,1.09542901701,75.4292025681,9.83565852658,170.53281772,144.290825119,5150.00103042,0.00372529029846,285.102199996,281.049695332,4,71.4870038792
3.53600016795,2500.0392925,-0.221166445158,0.0294864401221,-490.322296143,0.00117629533634,0.000168469196069,100.337348938,39.7367591858,0.972464799881,0.000116415321827,0.000465661287308,0,0,7.97727842494,1.20550080506,74.6414914171,9.73527186743,171.059815329,146.414109622,5150.00056475,0.00372529029846,285.102199996,281.049695332,4,71.4870038792
3.55200016871,2500.03603287,-0.199864246042,0.0266463793814,-490.323547363,0.00107339688111,0.000155450194143,100.337348938,39.7368507385,0.972464799881,0.000116415321827,0.000465661287308,0,0,9.35421366819,1.65023309298,73.8624968019,9.64375281859,171.289837454,148.131264723,5150.00056475,0.00372529029846,285.102199996,281.049695332,4,71.4870038792
3.56800016947,2500.0332389,-0.180935145977,0.0241227056831,-490.324707031,0.00098342995625,0.000142374250572,100.337257385,39.7369308472,0.972464680672,0.000116415321827,0.000465661287308,0,0,15.0951860684,3.18208839529,73.0921674489,9.56168004083,171.289837454,148.455481394,5150.00103042,0.00372529029846,285.102199996,281.049695332,4,71.4870038792
3.58400017023,2500.0302121,-0.164157071936,0.0218858141452,-490.325439453,0.000904251181055,0.000129530744744,100.337028503,39.7369995117,0.972464561462,0.000116415321827,0.000465661287308,0,0,25.1564444754,5.83528449455,72.3304301099,9.48882188674,171.289837454,148.455481394,5150.00149608,0.00372529029846,285.102199996,281.049695332,4,71.4870038792
3.60000017099,2500.02765097,-0.149243135183,0.0198974516243,-490.326171875,0.000833261525258,0.000117484705697,100.336891174,39.7370758057,0.972464442253,0.000116415321827,0.000465661287308,0,0,39.2093333682,9.538681937,71.5772628103,9.42925370307,171.289837454,148.437247844,5150.00149608,0.00372529029846,285.102199996,281.067943433,4,71.4870038792
3.61600017175,2500.02555549,-0.136003180273,0.0181322693825,-490.326934814,0.000768087687902,0.000106753868749,100.336624146,39.7371482849,0.972464263439,0.000116415321827,0.000465661287308,0,0,56.7948566308,13.3734843626,70.8326216013,10.6640434879,171.289837454,143.91852892,5150.00103042,0.00372529029846,285.102199996,285.586633254,4,71.4870038792
3.63200017251,2500.02346002,-0.124193178408,0.0165577307343,-490.327453613,0.000706943974365,9.76631199592e-05,100.351081848,39.7270812988,0.972474694252,0.000116415321827,0.000465661287308,0,0,76.1667167271,16.5513776961,72.9229860796,12.997049956,169.614359038,135.235721245,5150.00056475,0.00372529029846,286.777707515,294.269470032,4,71.4870038792
3.64800017327,2500.02159737,-0.113965192838,0.0151941115037,-490.327911377,0.000648622575682,9.03070322238e-05,100.426811218,39.6734809875,0.972529113293,0.000116415321827,0.000465661287308,0,0,89.143931986,19.0147531432,83.9752898961,15.4452767596,158.981332788,125.617181766,5150.00103042,0.00372529029846,297.410675557,303.888053168,4,71.4870038792
3.66400017403,2500.01996756,-0.104585225813,0.0139435520396,-490.328369141,0.000592656084336,8.45805334393e-05,100.488471985,39.6300201416,0.972573399544,0.000116415321827,0.000465661287308,0,0,97.989692353,20.8144779169,93.025991404,17.5856551094,147.268350702,116.536044516,5150.00149608,0.00372529029846,309.123657644,312.96920497,4,71.4870038792
3.68000017479,2500.01833774,-0.0962752650935,0.0128356488422,-490.328674316,0.000539196655154,8.01597561804e-05,100.530555725,39.6003417969,0.972603499889,0.000116415321827,0.000465661287308,0,0,103.929659971,22.0532661379,99.6234421973,19.2788257254,136.681177537,108.5606782,5150.00149608,0.00372529029846,319.710816257,320.944585837,4,71.4870038792
3.69600017555,2500.01670793,-0.0887380764425,0.0118307722732,-490.328857422,0.000488537363708,7.66831217334e-05,100.559181213,39.5804519653,0.972624003887,0.000116415321827,0.000465661287308,0,0,107.790184418,22.8409003783,104.231310712,20.521477789,127.74685456,101.813406218,5150.00149608,0.00372529029846,328.645139234,327.691814164,4,71.4870038792
3.71200017631,2500.01531094,-0.0819958856368,0.0109318876639,-490.329101562,0.000440886069555,7.38425151212e-05,100.578529358,39.5669555664,0.972637832165,0.000116415321827,0.000465661287308,0,0,110.20934542,23.2742770205,107.345992679,21.3665239692,120.473094285,96.2231279118,5150.00149608,0.00372529029846,335.918884957,333.282107022,4,71.4870038792
3.72800017707,2500.01414679,-0.0754779350132,0.0100628985092,-490.329376221,0.000396441522753,7.14025009074e-05,100.591575623,39.5575904846,0.972647130489,0.000116415321827,0.000465661287308,0,0,111.625057345,23.4329124801,109.36075769,21.8820997423,114.675065561,91.6537173907,5150.00196174,0.00372529029846,341.716950061,337.851495715,4,71.4870038792
3.74400017783,2500.01298264,-0.0683715697392,0.00911546126008,-490.329742432,0.000356423901394,6.89700827934e-05,100.601036072,39.550994873,0.972653865814,0.000116415321827,0.000465661287308,0,0,112.315656032,23.3790127916,110.552645088,22.1322899592,110.125620267,87.9600120243,5150.00149608,0.00372529029846,346.266344422,341.545208357,4,71.4870038792
3.76000017859,2500.01205131,-0.0617932087721,0.00823841802776,-490.330200195,0.000322047504596,6.60017685732e-05,100.60774231,39.5463142395,0.97265869379,0.000116415321827,0.000465661287308,0,0,112.451450871,23.15980107,111.106591931,22.1717084785,106.617640995,85.0108990562,5150.00196174,0.00372529029846,349.774316419,344.494328601,4,71.4870038792
3.77600017935,2500.01088716,-0.055755297268,0.00743342936039,-490.330413818,0.000293365388643,6.23387168162e-05,100.612495422,39.543006897,0.972662091255,0.000116415321827,0.000465661287308,0,0,112.134271512,22.8107678997,111.142820491,22.0446008757,103.983336885,82.6975374366,5150.00149608,0.00372529029846,352.408591425,346.807733877,4,71.4870038792
3.79200018011,2500.01018867,-0.0501601178371,0.00668746698648,-490.330841064,0.000269701879006,5.8131183323e-05,100.61580658,39.5407295227,0.972664415836,0.000116415321827,0.000465661287308,0,0,111.423763965,22.3581526175,110.738065583,21.7855769257,102.095968032,80.9340999695,5150.00149608,0.00372529029846,354.29597483,348.571193172,4,71.4870038792
3.80800018087,2500.00949018,-0.0450719070955,0.0060090944171,-490.33114624,0.000250052195042,5.36741754331e-05,100.61806488,39.5392951965,0.972666025162,0.000116415321827,0.000465661287308,0,0,110.35163005,21.8206866196,109.939022935,21.4208466661,100.865217973,79.6558088041,5150.00196174,0.00372529029846,355.526717613,349.849520717,4,71.4870038792
3.82400018163,2500.00879169,-0.0403943332117,0.0053854691796,-490.331451416,0.00023335768492,4.9281756219e-05,100.61856842,39.5387992859,0.97266638279,0.000116415321827,0.000465661287308,0,0,108.652696632,21.1370776427,108.650543135,20.960390164,100.301527709,78.8477991591,5150.00103042,0.00372529029846,356.090400601,350.657530362,4,71.4870038792
3.84000018239,2500.00809319,-0.0361971856933,0.00482589518651,-490.331665039,0.000218724730075,4.52078093076e-05,100.617759705,39.5393562317,0.972665846348,0.000116415321827,0.000465661287308,0,0,102.32123203,19.7073368559,107.140428929,20.3359657333,100.301527709,78.7708995631,5150.00149608,0.00372529029846,356.090400601,350.734393578,5,70.9882515366
3.85600018315,2500.00762753,-0.0324742615021,0.00432954635471,-490.33190918,0.000205506163184,4.15980139223e-05,100.617256165,39.5396575928,0.97266548872,0.000116415321827,0.000465661287308,0,0,89.853033168,17.0077158181,105.872312128,19.7430105609,100.301527709,78.7708995631,5150.00149608,0.00372529029846,356.090400601,350.734393578,5,70.9882515366
3.87200018391,2500.00716187,-0.0291113479989,0.00388119439594,-490.33215332,0.000193304280401,3.85118219128e-05,100.617073059,39.5398674011,0.972665309906,0.000116415321827,0.000465661287308,0,0,72.86373561,13.3291820196,104.696114495,19.1997524614,100.301527709,78.7708995631,5150.00149608,0.00372529029846,356.090400601,350.734393578,5,70.9882515366
3.88800018467,2500.00669621,-0.0261388883871,0.00348489917815,-490.332305908,0.000181928349775,3.59185069101e-05,100.616844177,39.5400352478,0.972665190697,0.000116415321827,0.000465661287308,0,0,53.5549934882,9.14844299139,103.563455592,18.7020053004,100.301527709,78.7708995631,5150.00149608,0.00372529029846,356.090400601,350.734393578,5,70.9882515366
3.90400018543,2500.00623055,-0.0234689387923,0.00312893511727,-490.332427979,0.00017134049267,3.3747201087e-05,100.616752625,39.5401954651,0.972665131092,0.000116415321827,0.000465661287308,0,0,34.4288444813,5.00723784835,102.455554581,18.2459821457,100.301527709,78.7708995631,5150.00103042,0.00372529029846,356.090400601,350.734393578,5,70.9882515366
3.92000018619,2500.00576489,-0.0211061550459,0.00281392293982,-490.332550049,0.000161543954164,3.19148348353e-05,100.616569519,39.5403289795,0.972664952278,0.000116415321827,0.000465661287308,0,0,17.9638209203,1.7371293792,101.364984094,17.8281451092,100.301527709,80.5467134342,5150.00196174,0.00372529029846,356.090400601,350.734393578,5,70.9882515366
3.93600018695,2500.00553206,-0.0189857427557,0.00253122462891,-490.332702637,0.000152584572788,3.03271190205e-05,100.616569519,39.5404815674,0.972664952278,0.000116415321827,0.000465661287308,0,0,6.80570961999,-0.407455534621,100.288711656,17.4445571002,102.555321064,86.3827299327,5150.0024274,0.00372529029846,356.090400601,350.734393578,5,70.9882515366
3.95200018771,2500.00529923,-0.0170425771273,0.00227215723135,-490.332855225,0.000144488585647,2.89151212201e-05,100.616523743,39.5406265259,0.972664952278,0.000116415321827,0.000465661287308,0,0,2.21333950915,-1.47451340615,99.2254187992,17.0740768568,112.089597678,93.1814065552,5150.00196174,0.00372529029846,356.090400601,350.734393578,5,70.9882515366
3.96800018847,2500.00506639,-0.0153262522673,0.00204333267175,-490.332946777,0.000137237759191,2.76313276117e-05,100.616394043,39.5407714844,0.972664833069,0.000116415321827,0.000465661287308,0,0,2.85276448465,-1.28640893642,98.174438965,16.6875570886,121.403289086,98.3451755019,5150.00196174,0.00372529029846,356.090400601,350.734393578,5,70.9882515366
3.98400018923,2500.00483356,-0.0138159910179,0.00184198096395,-490.333068848,0.000130785614601,2.64474765572e-05,100.616264343,39.5409049988,0.972664773464,0.000116415321827,0.000465661287308,0,0,3.61021222594,-1.10048726308,97.1353106896,16.2828424673,128.742947709,101.931604149,5150.00149608,0.00372529029846,356.090400601,350.734393578,5,70.9882515366
4.00000018999,2500.00460073,-0.0124173471505,0.0016555103939,-490.333129883,0.000125058271806,2.5355417165e-05,100.616081238,39.5410461426,0.972664654255,0.000116415321827,0.000465661287308,0,0,4.23233414522,-0.955450560847,96.1077922541,15.868794194,134.771311423,104.729362647,5150.00149608,0.00372529029846,356.090400601,350.734393578,5,70.9882515366
4.01600019075,2500.0043679,-0.011159968949,0.00148787372746,-490.3331604,0.000119973279652,2.43453396251e-05,100.615898132,39.5411720276,0.972664475441,0.000116415321827,0.000465661287308,0,0,4.74859570464,-0.833437370421,95.0917298372,15.453533663,139.773881529,107.082996692,5150.00103042,0.00372529029846,356.090400601,350.734393578,5,70.9882515366
4.03200019151,2500.00413507,-0.0100308117368,0.00133733183611,-490.333190918,0.000115447917779,2.34171584452e-05,100.61566925,39.5412979126,0.972664356232,0.000116415321827,0.000465661287308,0,0,5.17952448357,-0.725503113658,94.086954968,15.0432677437,143.949582707,109.165048343,5150.00056475,0.00372529029846,356.090400601,350.734393578,5,70.9882515366
4.04800019227,2500.00413507,-0.00901037111589,0.00120128423441,-490.333343506,0.000111417582957,2.25710537052e-05,100.615577698,39.541431427,0.972664237022,0.000116415321827,0.000465661287308,0,0,5.54123508619,-0.626683222078,93.0931819785,14.6425204281,147.454557009,111.071283754,5150.00149608,0.00372529029846,356.090400601,350.734393578,5,70.9882515366
4.06400019303,2500.00413507,-0.00805687516703,0.00107416184619,-490.333465576,0.000107795189251,2.18101868086e-05,100.615348816,39.541557312,0.972664117813,0.000116415321827,0.000465661287308,0,0,5.84659081214,-0.53405411964,92.110403544,14.2544981562,150.41345614,112.858098873,5150.00149608,0.00372529029846,356.090400601,350.734393578,5,70.9882515366
4.08000019379,2500.00366941,-0.00727040205817,0.000969307380728,-490.333343506,0.000104542406916,2.11276783375e-05,100.61516571,39.5416793823,0.972663998604,0.000116415321827,0.000465661287308,0,0,6.10591233291,-0.445835503104,91.138392595,13.8813864711,152.926280862,114.55983622,5150.00009909,0.00372529029846,356.090400601,350.734393578,5,70.9882515366
4.09600019455,2500.00366941,-0.00653177512078,0.000870831892826,-490.333435059,0.000101598161564,2.05220458156e-05,100.614990234,39.541809082,0.97266381979,0.000116415321827,0.000465661287308,0,0,6.32749042923,-0.360917633615,90.1771564564,13.5246210377,155.073372298,116.197901662,5150.00103042,0.00372529029846,356.090400601,350.734393578,5,70.9882515366
4.11200019531,2500.00366941,-0.00586561865745,0.000782018294558,-490.333526611,9.89456384559e-05,1.99834303203e-05,100.614906311,39.5419425964,0.97266381979,0.000116415321827,0.000465661287308,0,0,6.51799160298,-0.278599359939,89.2265266572,13.1850048392,156.9193264,117.785821203,5150.00103042,0.00372529029846,356.090400601,350.734393578,5,70.9882515366
4.12800019607,2500.00343658,-0.00527387467031,0.000703125551809,-490.333496094,9.65463113971e-05,1.95039719983e-05,100.614906311,39.5420761108,0.97266381979,0.000116415321827,0.000465661287308,0,0,6.68278998308,-0.198429905208,88.286320077,12.862910526,158.516224474,119.332289614,5150.00056475,0.00372529029846,356.090400601,350.734393578,5,70.9882515366
4.14400019683,2500.00343658,-0.00473953543079,0.000631886185147,-490.333557129,9.43774430198e-05,1.90782702703e-05,100.614814758,39.5422096252,0.972663700581,0.000116415321827,0.000465661287308,0,0,6.82623101903,-0.120116991935,87.3565147413,12.5583353512,159.906165209,120.842945762,5150.00103042,0.00372529029846,356.090400601,350.734393578,5,70.9882515366
4.16000019759,2500.00343658,-0.00424995061366,0.00056661356939,-490.333618164,9.24298874452e-05,1.86971119547e-05,100.614585876,39.5423240662,0.972663581371,0.000116415321827,0.000465661287308,0,0,6.95183703371,-0.043464066012,86.436993453,12.2710586546,161.123287398,122.32158042,5150.00196174,0.00372529029846,356.090400601,350.734393578,5,70.9882515366
4.17600019835,2500.00343658,-0.00382783360564,0.000510335899889,-490.333679199,9.06747518457e-05,1.83575248229e-05,100.614494324,39.5424461365,0.972663521767,0.000116415321827,0.000465661287308,0,0,7.06245692431,0.031661996159,85.5275218178,12.0006629214,162.195196026,123.770762002,5149.99963343,0.00372529029846,356.090400601,350.734393578,5,70.9882515366
4.19200019911,2500.00343658,-0.00344268569208,0.000458987080492,-490.333740234,8.90933151823e-05,1.80509941856e-05,100.614128113,39.5425605774,0.972663223743,0.000116415321827,0.000465661287308,0,0,7.16041861021,0.10535624914,84.6281218102,11.746569491,163.14444656,125.192324049,5150.00056475,0.00372529029846,356.090400601,350.734393578,5,70.9882515366
4.20800019987,2500.00320375,-0.00309404812882,0.000412505905842,-490.333648682,8.7676991825e-05,1.77732763404e-05,100.613945007,39.5426826477,0.972663104534,0.000116415321827,0.000465661287308,0,0,7.24762517123,0.17768810347,83.738639609,11.508186884,163.989476277,126.587605337,5150.00103042,0.00372529029846,356.090400601,350.734393578,5,70.9882515366
4.22400020063,2500.00320375,-0.00278040857005,0.000370690715499,-490.333709717,8.64094035933e-05,1.7521528207e-05,100.613945007,39.5428123474,0.972663104534,0.000116415321827,0.000465661287308,0,0,7.32563633626,0.248709601851,82.8590092909,11.2848027617,164.745404618,127.957609948,5150.00056475,0.00372529029846,356.090400601,350.734393578,5,70.9882515366
4.24000020139,2500.00297092,-0.00248554532511,0.000331378832925,-490.333648682,8.52811936056e-05,1.72927466338e-05,100.613761902,39.5429153442,0.972662985325,0.000116415321827,0.000465661287308,0,0,7.39573349098,0.318467525851,81.98905506,11.0756745705,165.424644365,129.303240101,5150.00103042,0.00372529029846,356.090400601,350.734393578,5,70.9882515366
4.25600020215,2500.00297092,-0.00224489360434,0.000299294595607,-490.333679199,8.42740773805e-05,1.7083277271e-05,100.613494873,39.5430374146,0.972662806511,0.000116415321827,0.000465661287308,0,0,7.45897644533,0.386995824293,81.1287622668,10.880075322,166.037469171,130.625150632,5150.00103042,0.00372529029846,356.090400601,350.734393578,5,70.9882515366
4.27200020291,2500.00297092,-0.00201691152668,0.000268899457296,-490.333709717,8.33642625366e-05,1.68965489138e-05,100.613319397,39.5431556702,0.972662627697,0.000116415321827,0.000465661287308,0,0,7.51625470712,0.454328403082,80.2779331412,10.6972258385,166.59249377,131.923996378,5150.00103042,0.00372529029846,356.090400601,350.734393578,5,70.9882515366
4.28800020367,2500.00297092,-0.00181212622685,0.000241596993874,-490.333740234,8.2542639575e-05,1.67305461218e-05,100.613090515,39.543258667,0.972662508488,0.000116415321827,0.000465661287308,0,0,7.56831403461,0.520521171198,79.4365823327,10.5264504052,167.096950463,133.200854179,5150.00103042,0.00372529029846,356.090400601,350.734393578,5,70.9882515366
4.30400020443,2500.00297092,-0.0016283142612,0.000217090753722,-490.333770752,8.18010812509e-05,1.65827641467e-05,100.612815857,39.5433578491,0.972662270069,0.000116415321827,0.000465661287308,0,0,7.61810907709,0.592221603147,78.6044607976,10.3671245813,167.579462868,134.583955514,5150.00103042,0.00372529029846,356.090400601,350.734393578,5,70.9882515366
4.32000020519,2500.00297092,-0.00146327061579,0.000195086729946,-490.33380127,8.11326899566e-05,1.64508164744e-05,100.612586975,39.5434646606,0.97266215086,0.000116415321827,0.000465661287308,0,0,7.66986350895,0.682331825855,77.7815392364,10.2190240441,168.080965523,136.322181788,5150.00103042,0.00372529029846,356.090400601,350.734393578,5,70.9882515366
4.33600020595,2500.00297092,-0.00131500987877,0.000175320266862,-490.33380127,8.05311865406e-05,1.63325821632e-05,100.612312317,39.5435676575,0.972661912441,0.000116415321827,0.000465661287308,0,0,7.72419215726,0.791280341297,76.9678249741,10.0820782924,168.60741016,138.423798489,5150.00103042,0.00372529029846,356.090400601,350.734393578,5,70.9882515366
4.35200020671,2500.00297092,-0.00118177811981,0.000157557486091,-490.333831787,7.9990728409e-05,1.62262986123e-05,100.612045288,39.5436706543,0.972661733627,0.000116415321827,0.000465661287308,0,0,7.78036528682,0.911344614557,76.1630616419,9.95607582183,169.151724549,140.739837661,5150.00149608,0.00372529029846,356.090400601,350.734393578,5,70.9882515366
4.36800020747,2500.00297092,-0.00106201625272,0.000141590542626,-490.333831787,7.95056112111e-05,1.61305306392e-05,100.611915588,39.5437850952,0.972661674023,0.000116415321827,0.000465661287308,0,0,7.83703925096,1.03282938788,75.3672712143,9.84056798724,169.700899278,143.08327809,5150.00009909,0.00372529029846,356.090400601,350.734393578,5,70.9882515366
4.38400020823,2500.00273809,-0.000954350820592,0.000127236329718,-490.333740234,7.90704798419e-05,1.60441340995e-05,100.611824036,39.5438957214,0.972661614418,0.000116415321827,0.000465661287308,0,0,7.89261266088,1.14836732291,74.5803584687,9.73497246541,170.239407453,145.31200577,5150.00009909,0.00372529029846,356.090400601,350.734393578,5,70.9882515366
4.40000020899,2500.00273809,-0.000857560245038,0.000114331982331,-490.333740234,7.86802411312e-05,1.59661849466e-05,100.611732483,39.5440063477,0.972661495209,0.000116415321827,0.000465661287308,0,0,8.03425728472,1.27748524546,73.802198883,9.63856593037,170.738509041,147.3469747,5150.00103042,0.00372529029846,356.090400601,350.734393578,5,70.9882515366
4.41600020975,2500.00273809,-0.000770557284646,0.000102732541563,-490.333770752,7.83301584306e-05,1.589591011e-05,100.611549377,39.5441093445,0.972661375999,0.000116415321827,0.000465661287308,0,0,11.2015140639,2.17788371757,73.0326899099,9.55110025383,170.766128576,148.529143189,5150.00009909,0.00372529029846,356.090400601,350.734393578,5,70.9882515366
4.43200021051,2500.00273809,-0.000690130841363,9.20098900679e-05,-490.333770752,7.80276022851e-05,1.58302445925e-05,100.611457825,39.5442199707,0.972661316395,0.000116415321827,0.000465661287308,0,0,18.7910952558,4.19129775634,72.2718168996,9.47318705828,170.766128576,148.548046127,5150.00056475,0.00372529029846,356.090400601,350.734393578,5,70.9882515366
4.44800021127,2500.00273809,-0.00062231220177,8.29681521282e-05,-490.333770752,7.77522145654e-05,1.57705235324e-05,100.611228943,39.5443229675,0.972661137581,0.000116415321827,0.000465661287308,0,0,30.5579535828,7.31112174747,71.5194553303,9.4039455341,170.766128576,148.548046127,5150.00103042,0.00372529029846,356.090400601,350.734393578,5,70.9882515366
4.46400021203,2500.00273809,-0.000559080448603,7.4537943874e-05,-490.33380127,7.74996515247e-05,1.5718920622e-05,100.611045837,39.5444221497,0.972661018372,0.000116415321827,0.000465661287308,0,0,46.1177667227,11.2571588908,70.7755319536,9.68784548864,170.766128576,147.356011439,5150.00056475,0.00372529029846,356.090400601,351.926399162,5,70.9882515366
4.48000021279,2500.00273809,-0.000502446306783,6.69873406878e-05,-490.33380127,7.72689745645e-05,1.56741116371e-05,100.611000061,39.5445251465,0.972661018372,0.000116415321827,0.000465661287308,0,0,64.9623203466,14.8147937871,70.0399442223,11.5840408895,170.766128576,140.426796861,5149.99963343,0.00372529029846,356.090400601,358.855584636,5,70.9882515366
4.49600021355,2500.00273809,-0.000451676474,6.02185864409e-05,-490.33380127,7.70594924688e-05,1.56347214215e-05,100.655036926,39.5175743103,0.972692430019,0.000116415321827,0.000465661287308,0,0,81.9370415126,17.6793633638,77.2943361538,14.0484344866,164.958342793,131.058404804,5150.00056475,0.00372529029846,361.898186384,368.223991245,5,70.9882515366
4.51200021431,2500.00273809,-0.000406086941851,5.41404806427e-05,-490.33380127,7.68704339862e-05,1.55996058311e-05,100.723884583,39.4756584167,0.972741425037,0.000116415321827,0.000465661287308,0,0,92.8388861999,19.8433129846,87.6839854725,16.3941266275,153.376866365,121.552991914,5150.00056475,0.00372529029846,373.479619157,377.729389584,5,70.9882515366
4.52800021507,2500.00273809,-0.000365094121602,4.86752214783e-05,-490.33380127,7.67007877585e-05,1.55679026648e-05,100.773719788,39.4454421997,0.972776770592,0.000116415321827,0.000465661287308,0,0,100.282207216,21.385573995,95.5971497473,18.3470408571,142.079414218,112.910995085,5150.00056475,0.00372529029846,384.777027648,386.371393688,5,70.9882515366
4.54400021583,2500.00273809,-0.000328196608779,4.37559574493e-05,-490.333831787,7.65491495258e-05,1.55390389409e-05,100.807197571,39.4250984192,0.972800552845,0.000116415321827,0.000465661287308,0,0,105.210324189,22.4153649559,101.245369782,19.840405031,132.227491122,105.464656372,5150.00009909,0.00372529029846,394.628907088,393.817725126,5,70.9882515366
4.56000021659,2500.00273809,-0.000294974239479,3.9326670958e-05,-490.333831787,7.6413853094e-05,1.55126690515e-05,100.829566956,39.4113883972,0.972816348076,0.000116415321827,0.000465661287308,0,0,108.368845204,23.0379728312,105.135632999,20.9022750415,124.063051771,99.2300338112,5150.00009909,0.00372529029846,402.793259127,400.052405894,5,70.9882515366
4.57600021735,2500.00273809,-0.000265065275284,3.53391369572e-05,-490.333831787,7.6293166785e-05,1.54885929078e-05,100.845252991,39.4020195007,0.972827494144,0.000116415321827,0.000465661287308,0,0,110.303930822,23.342895935,107.723653078,21.5956498348,117.484181828,94.0973914112,5150.00103042,0.00372529029846,409.372063586,405.185070122,5,70.9882515366
4.59200021811,2500.00273809,-0.000238152553234,3.17510675814e-05,-490.333831787,7.61853880249e-05,1.54666922754e-05,100.855934143,39.3954696655,0.972835063934,0.000116415321827,0.000465661287308,0,0,111.376452952,23.4020658316,109.349228423,21.9882931526,112.276764412,89.9223450688,5150.00056475,0.00372529029846,414.579495555,409.360072808,5,70.9882515366
4.60800021887,2500.00273809,-0.000213952161543,2.85246132989e-05,-490.333831787,7.60888724471e-05,1.54468780238e-05,100.863777161,39.3908462524,0.972840607166,0.000116415321827,0.000465661287308,0,0,111.811100451,23.2708490047,110.244900097,22.1404900953,108.218868263,86.5639813128,5150.00056475,0.00372529029846,418.637384428,412.718392909,5,70.9882515366
4.62400021963,2500.00273809,-0.000192203947202,2.562508962e-05,-490.333831787,7.60022812756e-05,1.54290410137e-05,100.86907196,39.3875312805,0.972844302654,0.000116415321827,0.000465661287308,0,0,111.744005099,22.9910500338,110.56393996,22.1023552508,105.12029985,83.9003041619,5150.00149608,0.00372529029846,421.735952841,415.382062783,5,70.9882515366
4.64000022039,2500.00273809,-0.00017266947594,2.30207078857e-05,-490.333831787,7.59243994253e-05,1.54130520968e-05,100.872932434,39.3852233887,0.972847044468,0.000116415321827,0.000465661287308,0,0,111.25601826,22.5939019517,110.405152511,21.9138564997,102.831931144,81.8324260763,5150.00103042,0.00372529029846,424.024328822,417.449948145,5,70.9882515366
4.65600022115,2500.00273809,-0.000155131227308,2.06824661291e-05,-490.333831787,7.58542519179e-05,1.53987621161e-05,100.875053406,39.3836479187,0.972848534584,0.000116415321827,0.000465661287308,0,0,110.393073882,22.1022453785,109.830784069,21.6058349971,101.24383698,80.2838476375,5150.00056475,0.00372529029846,425.612437539,418.998562964,5,70.9882515366
4.67200022191,2500.00273809,-0.000139380368358,1.85825247172e-05,-490.333831787,7.57910456741e-05,1.53859964485e-05,100.876502991,39.3827209473,0.972849607468,0.000116415321827,0.000465661287308,0,0,109.177754385,21.5320154604,108.87708517,21.2013089899,100.280187326,79.1981001385,5150.00103042,0.00372529029846,426.576094469,420.084339567,5,70.9882515366
4.68800022267,2500.00273809,-0.000125238458493,1.66970912687e-05,-490.333831787,7.5734082202e-05,1.53745950229e-05,100.876091003,39.3829345703,0.972849309444,0.000116415321827,0.000465661287308,0,0,106.171399181,20.6333644156,107.354159854,20.6626142534,100.059456599,78.7233875599,5150.00056475,0.00372529029846,426.796847023,420.559023041,6,70.7066792529
4.70400022343,2500.00273809,-0.000112538339758,1.5003880435e-05,-490.333862305,7.56828012527e-05,1.53643959493e-05,100.875465393,39.3833389282,0.972848832607,0.000116415321827,0.000465661287308,0,0,97.1080696838,18.6632844702,105.991882491,20.0385688822,100.059456599,78.7233875599,5150.00149608,0.00372529029846,426.796847023,420.559023041,6,70.7066792529
4.72000022419,2500.00273809,-0.000101129445096,1.34828196678e-05,-490.333862305,7.56366644055e-05,1.53552537085e-05,100.875144958,39.3835868835,0.972848594189,0.000116415321827,0.000465661287308,0,0,82.5426722862,15.4972298772,104.779514896,19.4668227263,100.059456599,78.7233875599,5150.00009909,0.00372529029846,426.796847023,420.559023041,6,70.7066792529
4.73600022495,2500.00273809,-9.08730868332e-05,1.21154171211e-05,-490.333862305,7.55951696192e-05,1.53470391524e-05,100.874732971,39.3837585449,0.97284835577,0.000116415321827,0.000465661287308,0,0,64.3627471992,11.5454931083,103.632316225,18.9429754,100.059456599,78.7233875599,5150.00056475,0.00372529029846,426.796847023,420.559023041,6,70.7066792529
4.75200022571,2500.00273809,-8.16602896414e-05,1.08871454358e-05,-490.333862305,7.55579239922e-05,1.53396504174e-05,100.874465942,39.383895874,0.972848117352,0.000116415321827,0.000465661287308,0,0,44.9240554445,7.32013951659,102.518262365,18.4630330454,100.059456599,78.7233875599,5150.00056475,0.00372529029846,426.796847023,420.559023041,6,70.7066792529
4.76800022647,2500.00273809,-7.33790458951e-05,9.7830697996e-06,-490.333862305,7.5524483691e-05,1.53329947352e-05,100.874061584,39.3840255737,0.972847878933,0.000116415321827,0.000465661287308,0,0,26.7456227895,3.38733443185,101.424813224,18.0232911345,100.059456599,78.8060206105,5150.00056475,0.00372529029846,426.796847023,420.559023041,6,70.7066792529
4.78400022723,2500.00273809,-6.59348409204e-05,8.79059098224e-06,-490.333862305,7.54944703658e-05,1.53270011651e-05,100.873558044,39.3841362,0.972847521305,0.000116415321827,0.000465661287308,0,0,12.1831754633,0.718677697526,100.346958625,17.6203985622,100.059456599,82.7355615911,5150.00149608,0.00372529029846,426.796847023,420.559023041,6,70.7066792529
4.80000022799,2500.00273809,-5.92447896297e-05,7.89865680417e-06,-490.333862305,7.54675347707e-05,1.53216042236e-05,100.873558044,39.3842849731,0.972847521305,0.000116415321827,0.000465661287308,0,0,4.05500116676,-1.04187943199,99.2826402936,17.2463676122,105.950261059,89.3288379302,5150.00103042,0.00372529029846,426.796847023,420.559023041,6,70.7066792529
4.81600022875,2500.00273809,-5.32341774828e-05,7.09730784365e-06,-490.333862305,7.54433567636e-05,1.53167475219e-05,100.873374939,39.3844146729,0.972847342491,0.000116415321827,0.000465661287308,0,0,2.31061632437,-1.42538125988,98.2308913533,16.8706629408,116.149865789,95.6643998506,5150.00056475,0.00372529029846,426.796847023,420.559023041,6,70.7066792529
4.83200022951,2500.00273809,-4.7835232303e-05,6.37750736132e-06,-490.333862305,7.54216671339e-05,1.53123783093e-05,100.872932434,39.3845291138,0.972847044468,0.000116415321827,0.000465661287308,0,0,3.16840311348,-1.20003854939,97.1912576654,16.4751684368,124.461817904,100.011260656,5150.00056475,0.00372529029846,426.796847023,420.559023041,6,70.7066792529
4.84800023027,2500.00273809,-4.29829331849e-05,5.73058741793e-06,-490.333862305,7.54021530156e-05,1.53084529302e-05,100.872749329,39.3846549988,0.972846925259,0.000116415321827,0.000465661287308,0,0,3.86165979403,-1.03461927634,96.1632704413,16.0651799451,131.179476739,103.202197351,5150.00056475,0.00372529029846,426.796847023,420.559023041,6,70.7066792529
4.86400023103,2500.00273809,-3.86215781578e-05,5.14912107974e-06,-490.333862305,7.53846106818e-05,1.53049313667e-05,100.872566223,39.3847846985,0.972846806049,0.000116415321827,0.000465661287308,0,0,4.43433711769,-0.900784684688,95.1467026118,15.6497051631,136.728718644,105.783867184,5150.00149608,0.00372529029846,426.796847023,420.559023041,6,70.7066792529
4.88000023179,2500.00273809,-3.47025533309e-05,4.62662728751e-06,-490.333862305,7.53688291297e-05,1.53017663251e-05,100.872383118,39.3849143982,0.97284668684,0.000116415321827,0.000465661287308,0,0,4.91085466117,-0.785460199495,94.1415029031,15.2359736883,141.346172313,108.008476673,5150.00149608,0.00372529029846,426.796847023,420.559023041,6,70.7066792529
4.89600023255,2500.00273809,-3.11824940868e-05,4.15732483816e-06,-490.333862305,7.53546555643e-05,1.52989287017e-05,100.872200012,39.3850326538,0.972846567631,0.000116415321827,0.000465661287308,0,0,5.30958032644,-0.681761004915,93.1473563478,14.8294013095,145.209822222,110.008833872,5150.00103042,0.00372529029846,426.796847023,420.559023041,6,70.7066792529
4.91200023331,2500.00273809,-2.80186603085e-05,3.7355148379e-06,-490.333862305,7.53419080866e-05,1.52963784785e-05,100.871925354,39.3851547241,0.972846329212,0.000116415321827,0.000465661287308,0,0,5.64509416785,-0.585747778378,92.1642116723,14.4338930715,148.460952914,111.860928882,5150.00103042,0.00372529029846,426.796847023,420.559023041,6,70.7066792529
4.92800023407,2500.00273809,-2.51774504023e-05,3.35671779794e-06,-490.333862305,7.53304557293e-05,1.52940920088e-05,100.871696472,39.3852767944,0.972846210003,0.000116415321827,0.000465661287308,0,0,5.92907286421,-0.495062328393,91.1918564568,14.0521966973,151.212705532,113.610250992,5150.00103042,0.00372529029846,426.796847023,420.559023041,6,70.7066792529
4.94400023483,2500.00273809,-2.26221888444e-05,3.01604427477e-06,-490.333862305,7.53201529733e-05,1.52920347318e-05,100.871437073,39.3853874207,0.972845971584,0.000116415321827,0.000465661287308,0,0,6.1708871494,-0.408252480768,90.2301661793,13.6861131771,153.555884026,115.284812637,5150.00149608,0.00372529029846,426.796847023,420.559023041,6,70.7066792529
4.96000023559,2500.00273809,-2.03276215305e-05,2.71012709163e-06,-490.333862305,7.53108979552e-05,1.52901848196e-05,100.871208191,39.3855056763,0.972845852375,0.000116415321827,0.000465661287308,0,0,6.37806648066,-0.324408097996,89.2791774639,13.3368071573,155.563451699,116.902170703,5150.00103042,0.00372529029846,426.796847023,420.559023041,6,70.7066792529
4.97600023635,2500.00273809,-1.82662548281e-05,2.4353007575e-06,-490.333862305,7.53026033635e-05,1.52885222633e-05,100.871116638,39.385635376,0.97284579277,0.000116415321827,0.000465661287308,0,0,6.55667489341,-0.24295017594,88.3386119675,13.004851805,157.294169185,118.473493785,5150.00149608,0.00372529029846,426.796847023,420.559023041,6,70.7066792529
4.99200023711,2500.00273809,-1.64131104541e-05,2.18823515752e-06,-490.333862305,7.5295138231e-05,1.5287027054e-05,100.87084198,39.3857498169,0.972845554352,0.000116415321827,0.000465661287308,0,0,6.71160399405,-0.163503417716,87.4084623653,12.6904577089,158.795432071,120.006021461,5150.00196174,0.00372529029846,426.796847023,420.559023041,6,70.7066792529
5.00800023787,2500.00273809,-1.47473804002e-05,1.96615610548e-06,-490.333862305,7.52884297981e-05,1.52856864588e-05,100.870658875,39.3858642578,0.972845435143,0.000116415321827,0.000465661287308,0,0,6.84681834146,-0.0858234218305,86.4884942629,12.3935214058,160.105657415,121.504468552,5150.00196174,0.00372529029846,426.796847023,420.559023041,6,70.7066792529
5.02400023863,2500.03580004,12.0936829262,-1.61235868931,-491.962432861,0.0011706170626,0.000107793144707,100.870429993,39.3859786987,0.972845315933,0.000116415321827,0.000465661287308,1,552.823767066,6.96552071321,-0.00974345027225,85.5787149853,12.1137141945,161.25588445,122.972051031,5150.00149608,0.00372529029846,426.796847023,420.559023041,6,70.7066792529
5.04000023939,2501.02486461,108.943306259,-14.5245819092,-505.359619141,0.0366184711456,0.00182558677625,100.870429993,39.3860931396,0.972845315933,0.000116415321827,0.000465661287308,1,552.823767066,7.07032332327,0.0648492644955,84.6789340871,11.850563624,162.271418958,124.410944409,5150.00103042,0.00372529029846,426.796847023,420.559023041,6,70.7066792529
5.05600024015,2503.52313742,195.027154405,-26.0014858246,-518.061523438,0.13391841948,0.00292143784463,100.870071411,39.3862075806,0.97284501791,0.000116415321827,0.000465661287308,1,552.823767066,7.16334579143,0.138041112788,83.7890490208,11.6034507471,163.172808243,125.82281488,5150.00056475,0.00372529029846,426.796847023,420.559023041,6,70.7066792529
5.07200024091,2507.27264211,267.331517534,-35.6412773132,-529.539794922,0.283184438944,0.00321620819159,100.869987488,39.3863143921,0.972844958305,0.000116415321827,0.000465661287308,1,552.823767066,7.24633829191,0.209892418863,82.9089792134,11.3717328108,163.977005286,127.208826598,5150.00149608,0.00372529029846,426.796847023,420.559023041,6,70.7066792529
5.08800024167,2512.09666021,330.385373672,-44.0477676392,-540.311645508,0.470537096262,0.00555356498808,100.869758606,39.3864364624,0.972844839096,0.000116415321827,0.000465661287308,1,552.823767066,7.32072550219,0.280452253292,82.0386367671,11.1547038856,164.697819855,128.569925437,5150.00196174,0.00372529029846,426.796847023,420.559023041,6,70.7066792529
5.10400024243,2517.86387525,385.874707717,-51.4457397461,-550.537475586,0.685354232788,0.012170012109,100.869667053,39.3865432739,0.972844719887,0.000116415321827,0.000465661287308,1,552.823767066,7.38769450095,0.349759815308,81.1779264592,10.9515976121,165.346747963,129.906868096,5150.0024274,0.00372529029846,426.796847023,420.559023041,6,70.7066792529
5.12000024319,2524.46020022,434.521236457,-57.9314117432,-560.257568359,0.920920550823,0.0239525511861,100.869346619,39.3866500854,0.972844541073,0.000116415321827,0.000465661287308,1,552.823767066,7.44822223605,0.417852058054,80.3267823663,10.7617043984,165.933262906,131.220367621,5150.00196174,0.00372529029846,426.796847023,420.559023041,6,70.7066792529
5.13600024395,2531.78062849,476.919696666,-63.5840759277,-569.499694824,1.17310392857,0.0408856645226,100.869346619,39.3867683411,0.972844541073,0.000116415321827,0.000465661287308,1,552.823767066,7.50312176253,0.484756192094,79.4849554445,10.584251476,166.465237271,132.510947878,5150.00056475,0.00372529029846,426.796847023,420.559023041,6,70.7066792529
5.15200024471,2539.73132931,513.745762873,-68.493812561,-578.307861328,1.43912816048,0.0625536963344,100.869255066,39.3868751526,0.972844481468,0.000116415321827,0.000465661287308,1,552.823767066,7.55347532254,0.55156295753,78.6525335917,10.418556721,166.953162989,133.799650939,5150.00149608,0.00372529029846,426.796847023,420.559023041,6,70.7066792529
5.16800024547,2548.22848365,545.633141883,-72.7451171875,-586.725646973,1.71692502499,0.0884240865707,100.868888855,39.3869819641,0.972844183445,0.000116415321827,0.000465661287308,1,552.823767066,7.60381240171,0.630382485117,77.8292457896,10.2641696571,167.440928635,135.320078698,5150.00196174,0.00372529029846,426.796847023,420.559023041,6,70.7066792529
5.18400024623,2557.19851702,573.200231884,-76.420425415,-594.799255371,2.00480031967,0.117975361645,100.868888855,39.387096405,0.972844183445,0.000116415321827,0.000465661287308,1,552.823767066,7.65663030588,0.729227612992,77.0150920381,10.1209611842,167.952734046,137.226801598,5150.00149608,0.00372529029846,426.796847023,420.559023041,6,70.7066792529
5.20000024699,2566.57600403,596.93667572,-79.5850219727,-602.561889648,2.30130076408,0.150728642941,100.868797302,39.3872108459,0.97284412384,0.000116415321827,0.000465661287308,1,552.823767066,7.71179856169,0.844226258142,76.2098892167,9.98883882643,168.487313204,139.44512466,5150.00149608,0.00372529029846,426.796847023,420.559023041,6,70.7066792529
5.21600024775,2576.30459964,617.313315161,-82.3016891479,-610.048828125,2.60517811775,0.186253488064,100.868621826,39.3873176575,0.972844004631,0.000116415321827,0.000465661287308,1,552.823767066,7.76827475568,0.966111607568,75.413695924,9.86746747337,169.03456708,141.796292155,5150.00149608,0.00372529029846,426.796847023,420.559023041,6,70.7066792529
5.23200024851,2586.3328483,634.680443909,-84.6171112061,-617.281433105,2.91531348228,0.224170506001,100.868621826,39.387424469,0.972844004631,0.000116415321827,0.000465661287308,1,552.823767066,7.82457790081,1.08583258711,74.626307065,9.75636368684,169.580147485,144.105710206,5150.00149608,0.00372529029846,426.796847023,420.559023041,6,70.7066792529
5.24800024927,2596.616745,649.436085951,-86.5843734741,-624.29119873,3.23071289062,0.264150559902,100.868217468,39.3875236511,0.972843706608,0.000116415321827,0.000465661287308,1,552.823767066,7.87908554941,1.19755646544,73.8477079902,9.65484259618,170.1083238,146.260863403,5150.00149608,0.00372529029846,426.796847023,420.559023041,6,70.7066792529
5.26400025003,2607.11577721,661.795143969,-88.2321090698,-631.086975098,3.55045199394,0.305908799171,100.867988586,39.3876152039,0.972843587399,0.000116415321827,0.000465661287308,1,552.823767066,8.80206964641,1.52888005196,73.0778620753,9.56220651228,170.411338331,148.097518831,5150.00149608,0.00372529029846,426.796847023,420.559023041,6,70.7066792529
5.28000025079,2617.79408902,672.014080919,-89.5945205688,-637.685302734,3.8737180233,0.349186241627,100.867805481,39.3877220154,0.972843408585,0.000116415321827,0.000465661287308,1,552.823767066,13.8686312126,2.90418105918,72.3165349262,9.47889217752,170.411338331,148.599225213,5150.0024274,0.00372529029846,426.796847023,420.559023041,6,70.7066792529
5.29600025155,2628.61931697,680.317461956,-90.7015533447,-644.100341797,4.19974565506,0.393763899803,100.867897034,39.3878364563,0.972843468189,0.000116415321827,0.000465661287308,1,552.823767066,23.2581642476,5.40258814497,71.5637778165,9.40486571462,170.411338331,148.599225213,5150.00103042,0.00372529029846,426.796847023,420.559023041,6,70.7066792529
5.31200025231,2639.56235722,686.859712005,-91.5737762451,-650.338256836,4.52783536911,0.439442247152,100.867805481,39.3879394531,0.972843408585,0.000116415321827,0.000465661287308,1,552.823767066,36.6640060029,8.969672517,70.8193783266,9.33895881478,170.411338331,148.599225213,5150.00196174,0.00372529029846,426.796847023,420.559023041,6,70.7066792529
5.32800025307,2650.59620142,691.809342243,-92.2336730957,-656.40838623,4.85732698441,0.486049950123,100.867668152,39.3880348206,0.97284334898,0.000116415321827,0.000465661287308,1,552.823767066,53.6482750719,12.8583050454,70.0834170294,10.3417010464,170.411338331,144.899706356,5150.0024274,0.00372529029846,426.796847023,424.258498242,6,70.7066792529
5.34400025383,2661.69640236,695.28730819,-92.6973648071,-662.314880371,5.18762683868,0.533430397511,100.872383118,39.3860435486,0.97284668684,0.000116415321827,0.000465661287308,1,552.823767066,73.1403281409,16.121681776,70.7882478413,12.6103534765,169.644670677,136.496426421,5150.00149608,0.00372529029846,427.563500125,432.661705418,6,70.7066792529
5.36000025459,2672.84084111,697.386392858,-92.9772186279,-668.059204102,5.51818466187,0.581435322762,100.924064636,39.3630981445,0.972883164883,0.000116415321827,0.000465661287308,1,552.823767066,86.7652113158,18.6766522669,81.6851263006,15.0776660144,159.717470524,126.877173898,5150.00196174,0.00372529029846,437.490700278,442.280957941,6,70.7066792529
5.37600025535,2684.00809728,698.276096955,-93.0958404541,-673.653503418,5.84844064713,0.62994915247,100.969230652,39.3431358337,0.972915053368,0.000116415321827,0.000465661287308,1,552.823767066,96.0013626184,20.5589405813,91.008201243,17.2715210444,148.03626982,117.669151223,5150.00009909,0.00372529029846,449.171900982,451.48897334,6,70.7066792529
5.39200025611,2695.17931156,698.026502505,-93.0625610352,-679.09777832,6.17790317535,0.678865373135,101.000267029,39.3293914795,0.972936868668,0.000116415321827,0.000465661287308,1,552.823767066,102.234982274,21.865849629,97.862672648,19.0264215816,137.328956043,109.525142761,5150.00103042,0.00372529029846,459.879229311,459.632952698,6,70.7066792529
5.40800025687,2706.33772016,696.671020705,-92.8818435669,-684.38848877,6.50612831116,0.728076815605,101.020957947,39.3201560974,0.972951471806,0.000116415321827,0.000465661287308,1,552.823767066,106.305963451,22.7073066473,102.674639949,20.3266870175,128.232350107,102.608617453,5150.00103042,0.00372529029846,468.975864351,466.549419798,6,70.7066792529
5.42400025763,2717.46586077,694.335845765,-92.5705184937,-689.533630371,6.83264923096,0.777495026588,101.034828186,39.3138961792,0.972961187363,0.000116415321827,0.000465661287308,1,552.823767066,108.873745052,23.1823505286,105.943743773,21.2205952412,120.798868011,96.8650274444,5150.00009909,0.00372529029846,476.409331895,472.293002531,6,70.7066792529
5.44000025839,2728.54813375,691.000954248,-92.1259002686,-694.522949219,7.15704250336,0.827033221722,101.044700623,39.3095779419,0.972968161106,0.000116415321827,0.000465661287308,1,552.823767066,110.397666544,23.3729130477,108.075808452,21.7757598356,114.859329187,92.1624960029,5150.00149608,0.00372529029846,482.348841615,476.995512145,6,70.7066792529
5.45600025915,2739.56940509,686.810468324,-91.5672149658,-699.368408203,7.47892808914,0.876602947712,101.051628113,39.3065490723,0.972972989082,0.000116415321827,0.000465661287308,1,552.823767066,111.172324866,23.3435533376,109.360259602,22.0573735307,110.188957478,88.355220214,5150.00103042,0.00372529029846,487.019249704,480.802729726,6,70.7066792529
5.47200025991,2750.5166363,681.817764416,-90.9015731812,-704.070556641,7.7979221344,0.926143586636,101.05620575,39.3043708801,0.972976207733,0.000116415321827,0.000465661287308,1,552.823767066,111.378474602,23.1433385368,109.991439348,22.1214785248,106.577623228,85.3092351463,5150.00103042,0.00372529029846,490.63062761,483.848736621,6,70.7066792529
5.48800026067,2761.37748733,676.017196383,-90.1282272339,-708.622619629,8.11367034912,0.975596308708,101.059608459,39.3028297424,0.972978591919,0.000116415321827,0.000465661287308,1,552.823767066,111.124772134,22.8092516619,110.095935231,22.0137505647,103.853126348,82.912389189,5150.00103042,0.00372529029846,493.355095387,486.245582579,6,70.7066792529
5.50400026143,2772.13938534,669.469649438,-89.2552947998,-713.026550293,8.42583656311,1.02489280701,101.062004089,39.3017807007,0.972980320454,0.000116415321827,0.000465661287308,1,552.823767066,110.474899447,22.3686948648,109.754737787,21.7700831001,101.884186734,81.075631897,5150.00056475,0.00372529029846,495.324202348,488.082354423,6,70.7066792529
5.52000026219,2782.7906888,662.243692204,-88.2919158936,-717.285888672,8.73407459259,1.073980093,101.063682556,39.3011054993,0.972981452942,0.000116415321827,0.000465661287308,1,552.823767066,109.463598163,21.8413719115,109.017809614,21.4177812289,100.576515251,79.731347796,5150.00009909,0.00372529029846,496.631779242,489.426718559,6,70.7066792529
5.53600026295,2793.32068749,654.392177239,-87.2451324463,-721.40234375,9.03811073303,1.12279820442,101.064628601,39.3008232117,0.972982168198,0.000116415321827,0.000465661287308,1,552.823767066,107.977033254,21.2069143085,107.865674014,20.9738110656,99.8924806481,78.8413381088,5149.99963343,0.00372529029846,497.315835673,490.316713694,6,70.7066792529
5.55200026371,2803.71936969,645.850377623,-86.1063156128,-725.362304688,9.33765602112,1.17130053043,101.063682556,39.3011894226,0.972981452942,0.000116415321827,0.000465661287308,1,552.823767066,102.630610456,19.9310881348,106.304732881,20.3624211522,99.8809264274,78.6894815974,5150.00056475,0.00372529029846,497.327418998,490.468635689,7,70.5304337316
5.56800026447,2813.97625804,636.742159259,-84.8919906616,-729.177246094,9.6324300766,1.21942722797,101.063270569,39.3014144897,0.972981214523,0.000116415321827,0.000465661287308,1,552.823767066,91.0652469418,17.4097587113,105.028983618,19.7609655261,99.8809264274,78.6894815974,5150.00009909,0.00372529029846,497.327418998,490.468635689,7,70.5304337316
5.58400026523,2824.08273779,627.079512924,-83.6037368774,-732.844543457,9.92220020294,1.26713192463,101.062828064,39.3015518188,0.972980856895,0.000116415321827,0.000465661287308,1,552.823767066,74.7507557581,13.85308886,103.855840435,19.2098881812,99.8809264274,78.6894815974,5150.00056475,0.00372529029846,497.327418998,490.468635689,7,70.5304337316
5.60000026599,2834.02996138,616.872915998,-82.2429733276,-736.361206055,10.2067155838,1.31436860561,101.062828064,39.3016777039,0.972980856895,0.000116415321827,0.000465661287308,1,552.823767066,55.8012850739,9.7219791502,102.730096162,18.7049919958,99.8809264274,78.6894815974,5150.00056475,0.00372529029846,497.327418998,490.468635689,7,70.5304337316
5.61600026675,2843.8095469,606.146990322,-80.8129653931,-739.72644043,10.4857273102,1.36110973358,101.062553406,39.301776886,0.972980678082,0.000116415321827,0.000465661287308,1,552.823767066,36.6724332084,5.55176039483,101.630713917,18.2424039711,99.8809264274,78.6894815974,5150.00056475,0.00372529029846,497.327418998,490.468635689,7,70.5304337316
5.63200026751,2853.41334529,594.942714088,-79.3191833496,-742.941711426,10.7590503693,1.4072881937,101.062324524,39.3018722534,0.972980499268,0.000116415321827,0.000465661287308,1,552.823767066,19.8430804215,2.10240373568,100.549138309,17.8185788942,99.8809264274,79.9094923423,5150.00149608,0.00372529029846,497.327418998,490.468635689,7,70.5304337316
5.64800026827,2862.83483729,583.352230024,-77.7739105225,-746.016113281,11.0264854431,1.45288002491,101.062004089,39.3019485474,0.972980320454,0.000116415321827,0.000465661287308,1,552.823767066,7.84315639133,-0.154510012209,99.4819779472,17.4299532402,101.244455436,85.3984893183,5150.00149608,0.00372529029846,497.327418998,490.468635689,7,70.5304337316
5.66400026903,2872.06633948,571.262731683,-76.162109375,-748.930847168,11.2878723145,1.4978249073,101.062004089,39.3020477295,0.972980320454,0.000116415321827,0.000465661287308,1,552.823767066,2.42204698099,-1.41980947526,98.4278191411,17.0591397174,110.158725874,92.2399631236,5150.00056475,0.00372529029846,497.327418998,490.468635689,7,70.5304337316
5.68000026979,2881.10109977,558.832020033,-74.5048217773,-751.703552246,11.5430259705,1.54209244251,101.061820984,39.3021392822,0.97298014164,0.000116415321827,0.000465661287308,1,552.823767066,2.68384978457,-1.31881806065,97.3859147589,16.6750646079,119.766496937,97.7200033958,5150.00149608,0.00372529029846,497.327418998,490.468635689,7,70.5304337316
5.69600027055,2889.93353024,545.991933905,-72.7929534912,-754.322509766,11.7918205261,1.58563649654,101.061592102,39.3022232056,0.97298002243,0.000116415321827,0.000465661287308,1,552.823767066,3.46157835035,-1.12425882213,96.3558619356,16.2720914626,127.302686451,101.473051473,5150.00149608,0.00372529029846,497.327418998,490.468635689,7,70.5304337316
5.71200027131,2898.55734445,532.787409611,-71.0324935913,-756.790649414,12.0340957642,1.62841916084,101.061332703,39.3023071289,0.972979843616,0.000116415321827,0.000465661287308,1,552.823767066,4.09866533484,-0.974523820075,95.3372285068,15.8586749551,133.47606,104.361439298,5150.00103042,0.00372529029846,497.327418998,490.468635689,7,70.5304337316
5.72800027207,2906.96742013,519.250810612,-69.2277603149,-759.109619141,12.2697410583,1.67040121555,101.061058044,39.3023986816,0.972979605198,0.000116415321827,0.000465661287308,1,552.823767066,4.6268713868,-0.849660244586,94.3299851733,15.4431580554,138.59437604,106.770057755,5150.00103042,0.00372529029846,497.327418998,490.468635689,7,70.5304337316
5.74400027283,2915.15840217,505.420845002,-67.3839187622,-761.282104492,12.4986562729,1.71153509617,101.060783386,39.3024749756,0.972979426384,0.000116415321827,0.000465661287308,1,552.823767066,5.06747030164,-0.739860390485,93.3338682414,15.0319600527,142.863777,108.888096293,5150.00149608,0.00372529029846,497.327418998,490.468635689,7,70.5304337316
5.76000027359,2923.12609963,491.370738018,-65.5107192993,-763.315673828,12.7207431793,1.75179302692,101.06073761,39.3025665283,0.972979426384,0.000116415321827,0.000465661287308,1,552.823767066,5.43703631599,-0.639746008631,92.3488117879,14.629787144,146.444872371,110.81930279,5150.00103042,0.00372529029846,497.327418998,490.468635689,7,70.5304337316
5.77600027435,2930.86608872,476.967456052,-63.5904426575,-765.190551758,12.9359235764,1.79113399982,101.06073761,39.3026657104,0.972979426384,0.000116415321827,0.000465661287308,1,552.823767066,5.74880171731,-0.546169429272,91.3745228199,14.2399931812,149.465879076,112.624395115,5150.00149608,0.00372529029846,497.327418998,490.468635689,7,70.5304337316
5.79200027511,2938.37371282,462.375232019,-61.6449699402,-766.926391602,13.1441373825,1.82950496674,101.060371399,39.3027305603,0.972979128361,0.000116415321827,0.000465661287308,1,552.823767066,6.01336597805,-0.457214525255,90.4110013373,13.8649047104,152.029504534,114.340335131,5150.00103042,0.00372529029846,497.327418998,490.468635689,7,70.5304337316
5.80800027587,2945.64594515,447.55107956,-59.6685791016,-768.515808105,13.3453407288,1.86687576771,101.060142517,39.3028106689,0.972979009151,0.000116415321827,0.000465661287308,1,552.823767066,6.23925106858,-0.371696535546,89.4581008439,13.5060242351,154.218330863,115.989976621,5150.00196174,0.00372529029846,497.327418998,490.468635689,7,70.5304337316
5.82400027663,2952.67929323,432.525994256,-57.6654014587,-769.961242676,13.5394830704,1.90320420265,101.059883118,39.3028945923,0.972978830338,0.000116415321827,0.000465661287308,1,552.823767066,6.43330661127,-0.288865266952,88.5156894929,13.1642215778,156.098729349,117.587791465,5150.00149608,0.00372529029846,497.327418998,490.468635689,7,70.5304337316
5.84000027739,2959.47096311,417.332863435,-55.6398162842,-771.265869141,13.7265348434,1.93845868111,101.059700012,39.3029747009,0.972978651524,0.000116415321827,0.000465661287308,1,552.823767066,6.60105597825,-0.208243218456,87.5836647367,12.8399142534,157.724221935,119.142991025,5150.00056475,0.00372529029846,497.327418998,490.468635689,7,70.5304337316
5.85600027815,2966.01792797,401.973549742,-53.5920753479,-772.428283691,13.9064874649,1.97259473801,101.059516907,39.3030509949,0.972978532314,0.000116415321827,0.000465661287308,1,552.823767066,6.74695678035,-0.129518398504,86.6619753016,12.5331562822,159.137998708,120.661592518,5150.00149608,0.00372529029846,497.327418998,490.468635689,7,70.5304337316
5.87200027891,2972.3176267,386.435276596,-51.5204734802,-773.445678711,14.0793409348,2.00556755066,101.059425354,39.3031387329,0.97297847271,0.000116415321827,0.000465661287308,1,552.823767066,6.87461557585,-0.0524833873612,85.7503501694,12.243722426,160.375013365,122.147597722,5150.00149608,0.00372529029846,497.327418998,490.468635689,7,70.5304337316
5.88800027966,2978.36749814,370.805064449,-49.4366188049,-774.32824707,14.2451114655,2.03733038902,101.059196472,39.3032150269,0.9729783535,0.000116415321827,0.000465661287308,1,552.823767066,6.986968702,0.0230055287997,84.8487527158,11.9712382036,161.463714903,123.603778775,5150.00149608,0.00372529029846,497.327418998,490.468635689,7,70.5304337316
5.90400028042,2984.16684382,355.09589361,-47.3422317505,-775.077514648,14.4038171768,2.06785869598,101.059013367,39.3032951355,0.972978174686,0.000116415321827,0.000465661287308,1,552.823767066,7.08640084553,0.0970452893948,83.9571096927,11.7151414349,162.427211762,125.032005599,5150.00103042,0.00372529029846,497.327418998,490.468635689,7,70.5304337316
5.92000028118,2989.71333541,339.223654009,-45.226108551,-775.680969238,14.5554771423,2.09711074829,101.058876038,39.3033752441,0.972978115082,0.000116415321827,0.000465661287308,1,552.823767066,7.17485811959,0.169711331487,83.0753039029,11.4748204974,163.284363225,126.433733385,5150.00149608,0.00372529029846,497.327418998,490.468635689,7,70.5304337316
5.93600028194,2995.00627443,323.299085721,-43.1030082703,-776.153137207,14.7001419067,2.12504386902,101.058876038,39.3034667969,0.972978115082,0.000116415321827,0.000465661287308,1,552.823767066,7.25394008174,0.241056452437,82.2032547735,11.2495950984,164.050667081,127.809980768,5150.00149608,0.00372529029846,497.327418998,490.468635689,7,70.5304337316
5.9520002827,3000.04379824,307.349982904,-40.9766349792,-776.496887207,14.8378562927,2.15162158012,101.058692932,39.3035392761,0.972977995872,0.000116415321827,0.000465661287308,1,552.823767066,7.32496199501,0.311125194876,81.3407938336,11.0387208533,164.738870808,129.16160631,5150.00196174,0.00372529029846,497.327418998,490.468635689,7,70.5304337316
5.96800028346,3004.82520834,291.29255563,-38.8358192444,-776.700561523,14.9686794281,2.17680239677,101.058021545,39.3035850525,0.972977519035,0.000116415321827,0.000465661287308,1,552.823767066,7.38901159516,0.379957473351,80.4879430576,10.8414652798,165.359509992,130.489381263,5150.00196174,0.00372529029846,497.327418998,490.468635689,7,70.5304337316
5.98400028422,3009.3495734,275.266414974,-36.6991767883,-776.782348633,15.0926446915,2.20056128502,101.05783844,39.3036651611,0.972977340221,0.000116415321827,0.000465661287308,1,552.823767066,7.44699120848,0.447585791752,79.6444534017,10.6570629344,165.921330336,131.793931359,5150.00149608,0.00372529029846,497.327418998,490.468635689,7,70.5304337316
6.00000028498,3013.6173591,259.172782535,-34.5535354614,-776.729370117,15.2098445892,2.22285485268,101.057563782,39.303730011,0.972977161407,0.000116415321827,0.000465661287308,1,552.823767066,7.49965574923,0.514038018728,78.8103468403,10.4848197903,166.431651451,133.07579502,5150.00149608,0.00372529029846,497.327418998,490.468635689,7,70.5304337316
