step,time_s,environment,arm,target_angle_deg,status_code,object_index,failing_index,completed_microsteps,fgmres_iterations,status_diagnostic_x,status_diagnostic_y,status_diagnostic_z,status_diagnostic_w,min_J,max_J,max_node_displacement_m,reaction_x_N,reaction_y_N,reaction_z_N,reaction_moment_y_Nm,phase,max_free_displacement_m,max_free_speed_m_s,kinetic_energy_J,max_material_state_change,certificate_residual,certificate_correction,certificate_volume,certificate_pressure,certificate_raw_accepted_flag,step_accepted
0,2.4999999368446879e-05,0,bent,0.00390625,0,4294967295,4294967295,1,10,0.99987393617630005,0,0,0,0.99987391821315263,1.0000431734735946,1.4528632164001465e-07,0.23161701764911413,0.0044952472671866417,-0.23515441035851836,-0.0040696221407501608,loading,1.2864393479996925e-07,0.005169225873419319,2.4784458979641852e-10,0.014373661950230598,1.0083537745231297e-05,0,0,0,1,1
0,2.4999999368446879e-05,1,held_reference,0,0,4294967295,4294967295,1,10,0.99999910593032837,0,0,0,0.99999909204917792,1.0000011339218706,1.8771406608397488e-09,0.0033590130240099825,-0.0044724074068653863,-4.9181373924511718e-06,-2.7923760861608588e-07,loading,1.8771406608397488e-09,6.9292001808263662e-05,3.7799286534801816e-14,0.00091346754925325513,2.1122577891219407e-06,0,0,0,1,1
1,4.9999998736893758e-05,0,bent,0.0078125,0,4294967295,4294967295,1,10,0.99977707862854004,0,0,0,0.99977702267938673,1.0000737267754669,2.8684735364903924e-07,0.40617991425096989,0.0067344578237680253,-0.40957920532673597,-0.0069900325628720677,loading,2.5925218695751763e-07,0.0053244430526514439,2.8256854176699143e-10,0.027007848024368286,1.3825291716784704e-05,0,0,0,1,1
1,4.9999998736893758e-05,1,held_reference,0,0,4294967295,4294967295,1,6,0.99999910593032837,0,0,0,0.99999909983373991,1.0000007498774528,1.8771406608397488e-09,0.0034258012474310817,-0.0069249431934679251,6.1697569719854073e-06,-3.9610117017809902e-07,loading,1.8771406608397488e-09,3.5461700318673784e-05,1.7276186761035764e-14,0.00091346754925325513,2.2333936158247525e-06,0,0,0,1,1
2,7.4999998105340637e-05,0,bent,0.01171875,0,4294967295,4294967295,1,10,0.99968737363815308,0,0,0,0.99968723370494328,1.0001125949455292,4.3213367462158203e-07,0.32091328129172325,-0.020295208669267595,-0.53020623698830605,-0.0094837184217740518,loading,3.933179793675122e-07,0.0053628140064728349,3.3767141156511904e-10,0.033820353448390961,1.5895462638582103e-05,0,0,0,1,1
2,7.4999998105340637e-05,1,held_reference,0,0,4294967295,4294967295,1,6,0.99999910593032837,0,0,0,0.99999909978551604,1.0000007498774528,1.8771406608397488e-09,0.0033935373835447535,-0.0044783935954910703,1.3699857959181827e-05,-3.4186675110004237e-07,loading,1.8771406608397488e-09,3.5462803896683976e-05,1.6576240961492858e-14,0.00091346754925325513,2.1326777641661465e-06,0,0,0,1,1
3,9.9999997473787516e-05,0,bent,0.015625,0,4294967295,4294967295,1,10,0.99962472915649414,0,0,0,0.99962458754234917,1.0001797551897045,5.7741999626159668e-07,0.28417637757956982,-0.002650972455739975,-0.60396105516701937,-0.012148684749333033,loading,5.2901206903667143e-07,0.0054679103016671829,3.610392236259376e-10,0.040794264525175095,1.8887569240177982e-05,0,0,0,1,1
3,9.9999997473787516e-05,1,held_reference,0,0,4294967295,4294967295,1,6,0.99999910593032837,0,0,0,0.99999909954772304,1.0000007498774528,1.8771406608397488e-09,0.003260804143792484,-0.0068218060550861992,5.3191783536021831e-05,-9.7419413803436886e-08,loading,1.8771406608397488e-09,3.5573698819294742e-05,1.6896110124597641e-14,0.00091346754925325513,2.1667174223694019e-06,0,0,0,1,1
4,0.0001249999968422344,0,bent,0.01953125,0,4294967295,4294967295,1,10,0.99954181909561157,0,0,0,0.99954187642790393,1.0002245406166568,7.1898102760314941e-07,0.13495063036680222,-0.01972986661712639,-0.67515596188604832,-0.014311812556956668,loading,6.6509271099517839e-07,0.0054549954153844081,3.9770980982706739e-10,0.046695921570062637,2.0894205590593629e-05,0,0,0,1,1
4,0.0001249999968422344,1,held_reference,0,0,4294967295,4294967295,1,6,0.99999910593032837,0,0,0,0.99999910209300724,1.0000007498774528,1.8771406608397488e-09,0.0030301425285870209,-0.0043762016648543067,9.6948089066017928e-05,3.0657925688865343e-07,loading,1.8771406608397488e-09,3.5584660886159834e-05,1.657614584359495e-14,0.00091346754925325513,2.1432842913782224e-06,0,0,0,1,1
5,0.00014999999621068127,0,bent,0.0234375,0,4294967295,4294967295,1,10,0.9994623064994812,0,0,0,0.99946231531446705,1.0002739859845233,8.6426734924316406e-07,0.15745672211050987,-0.012912559177493677,-0.75053960829973221,-0.016749802499026391,loading,8.0163584668023246e-07,0.0054893614601176973,4.1417889898337685e-10,0.055491585284471512,2.1362297047744505e-05,0,0,0,1,1
5,0.00014999999621068127,1,held_reference,0,0,4294967295,4294967295,1,6,0.99999910593032837,0,0,0,0.99999910228640243,1.0000007498774528,1.8771406608397488e-09,0.0030624063656432554,-0.0067231368302600458,9.2330688715946962e-05,2.5350976017216429e-07,loading,1.8771406608397488e-09,3.5697946839768069e-05,1.6758245358980365e-14,0.00091346754925325513,2.1902569642406888e-06,0,0,0,1,1
6,0.00017499999557912815,0,bent,0.02734375,0,4294967295,4294967295,1,10,0.99939590692520142,0,0,0,0.99939584210221,1.0002871204630803,1.0058283805847168e-06,0.06525782123208046,-0.020523338433122262,-0.81447582505643368,-0.018717020915829854,loading,9.3869566507651625e-07,0.0055584966231314566,4.488905065875435e-10,0.068222448229789734,2.2187183276400901e-05,0,0,0,1,1
6,0.00017499999557912815,1,held_reference,0,0,4294967295,4294967295,1,6,0.99999910593032837,0,0,0,0.99999909939855081,1.0000007498774528,1.8771406608397488e-09,0.003030142461284413,-0.0060052515036659315,9.9555103957982283e-05,3.076218357218746e-07,loading,1.8771406608397488e-09,3.5679927342987666e-05,1.6399475794283274e-14,0.00091346754925325513,2.1242794900899753e-06,0,0,0,1,1
7,0.00019999999494757503,0,bent,0.03125,0,4294967295,4294967295,1,10,0.99928581714630127,0,0,0,0.99928566603388336,1.0002983625880228,1.1511147964118812e-06,0.056889638304710388,-0.039989910437725484,-0.87884543463587761,-0.020663943489534469,loading,1.0800013845339611e-06,0.005663556942698403,4.5423784360285383e-10,0.077149488031864166,2.4124647097778507e-05,0,0,0,1,1
7,0.00019999999494757503,1,held_reference,0,0,4294967295,4294967295,1,6,0.99999910593032837,0,0,0,0.99999910205262288,1.0000007506591286,1.8771406608397488e-09,0.003030142461284413,-0.0056152881443267688,0.00010034698851768553,3.079387223533559e-07,loading,1.8771406608397488e-09,3.5784959438960769e-05,1.6467995428794246e-14,0.00091346754925325513,2.2028455077816034e-06,0,0,0,1,1
8,0.00022499999431602191,0,bent,0.03515625,0,4294967295,4294967295,1,10,0.99918007850646973,0,0,0,0.99918019964122928,1.0003140812951377,1.2926758174389917e-06,0.052370700985193253,-0.0052474080584943295,-0.94809024035930634,-0.022866107601715997,loading,1.2163428063231549e-06,0.0055408572986409372,4.9283882582814589e-10,0.089945413172245026,2.500468326616101e-05,0,0,0,1,1
8,0.00022499999431602191,1,held_reference,0,0,4294967295,4294967295,1,6,0.99999916553497314,0,0,0,0.99999914016704761,1.0000007525592185,1.8771406608397488e-09,0.0030624063838331494,-0.0062649286192026921,9.4935091453862697e-05,2.5455181068173231e-07,loading,1.8771406608397488e-09,3.5739608048172825e-05,1.6656143858835201e-14,0.00091346754925325513,2.1019161522417562e-06,0,0,0,1,1
9,0.00024999999368446879,0,bent,0.0390625,0,4294967295,4294967295,1,10,0.99909770488739014,0,0,0,0.99909766904565112,1.0003572062276465,1.4379621306048214e-06,-0.080297518521547318,0.0037721894041169435,-0.98331129737198353,-0.024450108491709813,loading,1.356955981648668e-06,0.0056956397156234951,5.1300876834713367e-10,0.10068272054195404,2.553543345129583e-05,0,0,0,1,1
9,0.00024999999368446879,1,held_reference,0,0,4294967295,4294967295,1,6,0.99999946355819702,0,0,0,0.99999956898300146,1.00000075380384,1.8771406608397488e-09,0.0030301424849312752,-0.0039288654443225823,0.00010156909448255647,3.084273886488515e-07,loading,1.8771406608397488e-09,3.571316105901024e-05,1.6121346444027771e-14,0.00091346754925325513,2.1304897472873563e-06,0,0,0,1,1
10,0.00027499999305291567,0,bent,0.04296875,0,4294967295,4294967295,1,10,0.99899309873580933,0,0,0,0.99899318307891904,1.0003862262744763,1.5795231551889596e-06,-0.151009825989604,-0.019387376960366964,-1.0471674241125584,-0.026041509290448506,loading,1.4983061456878986e-06,0.0057382421158872375,5.3611040898389101e-10,0.10986607521772385,2.8038588425260969e-05,0,0,0,1,1
10,0.00027499999305291567,1,held_reference,0,0,4294967295,4294967295,1,6,0.99999946355819702,0,0,0,0.99999956898300146,1.0000007549541012,1.8771406608397488e-09,0.0030624063583672978,-0.0063519334289594553,9.5955390122526296e-05,2.5495964822039188e-07,loading,1.8771406608397488e-09,3.5789915315692421e-05,1.6775450325827853e-14,0.00091346754925325513,2.1978603399475105e-06,0,0,0,1,1
11,0.00029999999242136255,0,bent,0.046875,0,4294967295,4294967295,1,10,0.99891048669815063,0,0,0,0.99891052101444266,1.0004208093807891,1.7248094710471102e-06,-0.21920883469283581,-0.022849221248179674,-1.1066481843590736,-0.027926744624261438,loading,1.6420993793571166e-06,0.0058038666385499052,5.637966850465964e-10,0.12005729228258133,2.7099542421638034e-05,0,0,0,1,1
11,0.00029999999242136255,1,held_reference,0,0,4294967295,4294967295,1,6,0.99999946355819702,0,0,0,0.99999956898300146,1.0000007561777344,1.8771406608397488e-09,0.0030301423994387733,-0.003953973253373988,0.00010240541539019432,3.0876209241796411e-07,loading,1.8771406608397488e-09,3.581184943276554e-05,1.6545566353668463e-14,0.00091346754925325513,2.0765289718838176e-06,0,0,0,1,1
12,0.00032499999178980943,0,bent,0.05078125,0,4294967295,4294967295,1,10,0.99881774187088013,0,0,0,0.99881775980458387,1.0004492968698369,1.8663706718953162e-06,-0.21781615726649761,-0.011858840705826879,-1.1544408481568098,-0.029405068193795163,loading,1.7827224606516693e-06,0.005677382042263434,5.5433653212567966e-10,0.12820753455162048,2.8948388717253692e-05,0,0,0,1,1
12,0.00032499999178980943,1,held_reference,0,0,4294967295,4294967295,1,6,0.99999946355819702,0,0,0,0.99999956898300146,1.0000007573135654,1.8771406608397488e-09,0.0030624064347648527,-0.0063342602006741799,9.6566672340259174e-05,2.5520435602084006e-07,loading,1.8771406608397488e-09,3.5790802492560062e-05,1.6181481237693464e-14,0.00091346754925325513,2.1446767277666368e-06,0,0,0,1,1
13,0.00034999999115825631,0,bent,0.0546875,0,4294967295,4294967295,1,10,0.99869662523269653,0,0,0,0.99869662007819038,1.000466422015134,2.0116569767533515e-06,-0.22322230506688356,-0.012952637858688831,-1.2268145550042391,-0.03120798282761757,loading,1.9256814093288146e-06,0.0057952182297516478,5.9861035253924448e-10,0.13643695414066315,2.9337481464608572e-05,0,0,0,1,1
13,0.00034999999115825631,1,held_reference,0,0,4294967295,4294967295,1,6,0.99999946355819702,0,0,0,0.99999956898300146,1.0000007581365076,1.8771406608397488e-09,0.0030301424540084554,-0.0039223477579071186,0.00010267547634157381,3.0887023340073889e-07,loading,1.8771406608397488e-09,3.5807468645078932e-05,1.6467777160774413e-14,0.00091346754925325513,2.1681039470422547e-06,0,0,0,1,1
14,0.00037499999052670319,0,bent,0.05859375,0,4294967295,4294967295,1,10,0.99854564666748047,0,0,0,0.99854569271839855,1.0005391441137836,2.1532179939215684e-06,-0.44009596854448318,-0.016317580360919237,-1.2462468016892672,-0.032370850373321165,loading,2.0707692138354576e-06,0.0060460830675342957,7.8273004540929573e-10,0.14640404284000397,2.8755805033142678e-05,0,0,0,1,1
14,0.00037499999052670319,1,held_reference,0,0,4294967295,4294967295,1,6,0.99999946355819702,0,0,0,0.99999956898300146,1.0000007586858575,1.8771406608397488e-09,0.0030624063892901177,-0.0062998036373755895,9.5766440239231088e-05,2.548841132920638e-07,loading,1.8771406608397488e-09,3.5877871489173539e-05,1.6829722750193852e-14,0.00091346754925325513,2.1104892766743433e-06,0,0,0,1,1
15,0.00039999998989515007,0,bent,0.0625,0,4294967295,4294967295,1,10,0.99843919277191162,0,0,0,0.99843917813460958,1.0005960742559925,2.2985045386800932e-06,-0.19319333508610725,0.0016237320378422737,-1.3337077256292105,-0.03413147205350156,loading,2.2141604974804206e-06,0.0058110245815820669,5.6680804673713751e-10,0.15047189593315125,2.9747558073722757e-05,0,0,0,1,1
15,0.00039999998989515007,1,held_reference,0,0,4294967295,4294967295,1,6,0.99999946355819702,0,0,0,0.99999956898300146,1.000000759255419,1.8771406608397488e-09,0.0030301424485514872,-0.0038861261200509034,0.00010230597760596538,3.0872234196431201e-07,loading,1.8771406608397488e-09,3.5788871458805146e-05,1.6147363068646159e-14,0.00091346754925325513,2.1459443360072328e-06,0,0,0,1,1
16,0.00042499998926359694,0,bent,0.06640625,0,4294967295,4294967295,1,10,0.99828767776489258,0,0,0,0.99828774925340413,1.0006516344190053,2.4400655453924816e-06,-0.61923721432685852,-0.023861195659264922,-1.3472648244351149,-0.034840940425062597,loading,2.3615619488503444e-06,0.0059963561702091024,7.8387383302166224e-10,0.15943652391433716,2.9624325179611333e-05,0,0,0,1,1
16,0.00042499998926359694,1,held_reference,0,0,4294967295,4294967295,1,6,0.99999946355819702,0,0,0,0.99999956898300146,1.0000007601109684,1.8771406608397488e-09,0.0030624063401774038,-0.0062420199610642157,9.652299081608362e-05,2.5518683373229534e-07,loading,1.8771406608397488e-09,3.5858987275981516e-05,1.6347745634339263e-14,0.00091346754925325513,2.1593752990156645e-06,0,0,0,1,1
17,0.00044999998863204382,0,bent,0.0703125,0,4294967295,4294967295,1,10,0.998180091381073,0,0,0,0.99818010746096753,1.0006952288244642,2.5853518445597368e-06,-0.48038715124130249,-0.02258663484826684,-1.418157896026969,-0.036832107650738605,loading,2.5052230623974602e-06,0.0057967381398342094,5.8506087751518546e-10,0.16450969874858856,3.2837735489010811e-05,0,0,0,1,1
17,0.00044999998863204382,1,held_reference,0,0,4294967295,4294967295,1,6,0.99999946355819702,0,0,0,0.99999956898300146,1.0000007601255845,1.8771406608397488e-09,0.0030301424048957415,-0.0038232306542340666,0.00010283733149663021,3.089349591900825e-07,loading,1.8771406608397488e-09,3.5913914565209202e-05,1.692356477141461e-14,0.00091346754925325513,2.1150756310817087e-06,0,0,0,1,1
18,0.0004749999880004907,0,bent,0.07421875,0,4294967295,4294967295,1,10,0.99799621105194092,0,0,0,0.997996262314643,1.0007400129221689,2.7269131346233465e-06,-0.68262986838817596,-0.01738328137435019,-1.4582925327122211,-0.037837983965157911,loading,2.6551371054062959e-06,0.0060565902955975817,8.5299532057627004e-10,0.16951289772987366,3.2270589144900441e-05,0,0,0,1,1
18,0.0004749999880004907,1,held_reference,0,0,4294967295,4294967295,1,6,0.99999946355819702,0,0,0,0.99999956898300146,1.0000007608758124,1.8771406608397488e-09,0.0030624063256254885,-0.0061844739539083093,9.6898721324123471e-05,2.5533714698758491e-07,loading,1.8771406608397488e-09,3.581026831855017e-05,1.6199538345000193e-14,0.00091346754925325513,2.0919230792060262e-06,0,0,0,1,1
19,0.00049999998736893758,0,bent,0.078125,0,4294967295,4294967295,1,10,0.99785393476486206,0,0,0,0.99785405611463651,1.0007617830460798,2.8721994240846133e-06,-0.81055582314729691,-6.3593033701181412e-06,-1.5029981788247824,-0.039011621643747843,loading,2.80097543574819e-06,0.0058819721882209719,7.7848049343692562e-10,0.1750323474407196,3.310097599751316e-05,0,0,0,1,1
19,0.00049999998736893758,1,held_reference,0,0,4294967295,4294967295,1,7,0.99999946355819702,0,0,0,0.99999956898300146,1.0000007612030064,1.8771406608397488e-09,0.0030301424912977382,-0.0037230677917250432,0.00010312803351553157,3.0905130469272953e-07,loading,1.8771406608397488e-09,3.5124278042559853e-05,1.7693559975670259e-14,0.00091346754925325513,2.1222276700427756e-06,0,0,0,1,1
20,0.00052499998673738446,0,bent,0.08203125,0,4294967295,4294967295,1,10,0.99769967794418335,0,0,0,0.99769968594869429,1.0008117660008822,3.0137606236598631e-06,-0.75584645569324493,-0.01329343393445015,-1.5539963971823454,-0.040329234563971195,loading,2.9488913403714881e-06,0.0059632305593419832,7.9878551092351422e-10,0.17852070927619934,3.2800977351143956e-05,0,0,0,1,1
20,0.00052499998673738446,1,held_reference,0,0,4294967295,4294967295,1,6,0.99999946355819702,0,0,0,0.99999956898300146,1.0000007614112734,1.8771406608397488e-09,0.0030624063947470859,-0.0061185711965663359,9.7116973108768434e-05,2.5542432107977203e-07,loading,1.8771406608397488e-09,3.5827726459877389e-05,1.6299587752591756e-14,0.00091346754925325513,2.1088326320750639e-06,0,0,0,1,1
21,0.00054999998610583134,0,bent,0.0859375,0,4294967295,4294967295,1,10,0.99757111072540283,0,0,0,0.99757107066453954,1.0008416581861381,3.1590470311094563e-06,-0.85070385225117207,-0.01288149505853653,-1.5873964093625546,-0.041448116604871042,loading,3.0927053909303415e-06,0.0059156398628670837,8.0292788418609504e-10,0.18395014107227325,3.348105019540526e-05,0,0,0,1,1
21,0.00054999998610583134,1,held_reference,0,0,4294967295,4294967295,1,6,0.99999946355819702,0,0,0,0.99999956898300146,1.0000007617982973,1.8771406608397488e-09,0.0030301424503704766,-0.0037277295778039843,0.00010326285075734631,3.0910497008699125e-07,loading,1.8771406608397488e-09,3.5757554001729193e-05,1.6042649592260151e-14,0.00091346754925325513,2.0364695956232026e-06,0,0,0,1,1
22,0.00057499998547427822,0,bent,0.08984375,0,4294967295,4294967295,1,10,0.99740338325500488,0,0,0,0.99740353130716286,1.0008767774400562,3.300608219005117e-06,-0.78859838843345642,-0.017247680458240211,-1.6402178355492651,-0.042778860406235013,loading,3.2402175246651402e-06,0.0061369996702773013,8.3327145917073039e-10,0.1878264844417572,3.3419619285268709e-05,0,0,0,1,1
22,0.00057499998547427822,1,held_reference,0,0,4294967295,4294967295,1,7,0.99999946355819702,0,0,0,0.99999956898300146,1.0000007625575016,1.8771406608397488e-09,0.0030624062292190501,-0.0062993175888550468,9.7284830872013117e-05,2.5549165360644079e-07,loading,1.8771406608397488e-09,3.1674625522666612e-05,1.7727254272848395e-14,0.00091346754925325513,2.1746325273852563e-06,0,0,0,1,1
23,0.0005999999848427251,0,bent,0.09375,0,4294967295,4294967295,1,10,0.99725425243377686,0,0,0,0.99725420042089152,1.0008994568921787,3.4458946587667023e-06,-0.8546353206038475,-0.0003207596018910408,-1.6807208675891161,-0.04406704795619816,loading,3.3838610738760667e-06,0.0061529180801725182,8.3638862362282847e-10,0.19349701702594757,3.4046021028188989e-05,0,0,0,1,1
23,0.0005999999848427251,1,held_reference,0,0,4294967295,4294967295,1,6,0.99999946355819702,0,0,0,0.99999956898300146,1.0000007625246112,1.8771406608397488e-09,0.0030301425358629785,-0.0037164027817198075,0.00010339437901052406,3.0915763998200395e-07,loading,1.8771406608397488e-09,3.6158663234439403e-05,1.6929401785536391e-14,0.00091346754925325513,2.1618493519781623e-06,0,0,0,1,1
24,0.00062499998421117198,0,bent,0.09765625,0,4294967295,4294967295,1,10,0.99714058637619019,0,0,0,0.99714065076740332,1.0009416078641378,3.5911809345821587e-06,-0.94927962869405746,0.0084443441592156887,-1.7284092120826244,-0.045197469231801547,loading,3.5323985902877528e-06,0.0063247847470568564,8.4599257628086631e-10,0.19645294547080994,3.4750457416521385e-05,0,0,0,1,1
24,0.00062499998421117198,1,held_reference,0,0,4294967295,4294967295,1,6,0.99999946355819702,0,0,0,0.99999956898300146,1.0000007632132053,1.8771406608397488e-09,0.0030624062746937852,-0.0060337918985169381,9.7343277445816057e-05,2.5551494031606104e-07,loading,1.8771406608397488e-09,3.5948950237418484e-05,1.6682604837274021e-14,0.00091346754925325513,2.0750806015712442e-06,0,0,0,1,1
25,0.00064999998357961886,0,bent,0.1015625,0,4294967295,4294967295,1,10,0.9970434308052063,0,0,0,0.99704348318321601,1.0009565351216285,3.7327423022997766e-06,-0.87199530005455017,0.003458346938714385,-1.7668566815555096,-0.046279783812107914,loading,3.6751855365570584e-06,0.0063017468172854117,8.5959436833111468e-10,0.20064651966094971,3.5393673897488043e-05,0,0,0,1,1
25,0.00064999998357961886,1,held_reference,0,0,4294967295,4294967295,1,7,0.99999946355819702,0,0,0,0.99999956898300146,1.0000007634748906,1.8771406608397488e-09,0.0030301423621494905,-0.0035572417691582814,0.0001034716735262009,3.0918865899639041e-07,loading,1.8771406608397488e-09,3.318003287701493e-05,1.7397687119131408e-14,0.00091346754925325513,2.1618920982291456e-06,0,0,0,1,1
26,0.00067499998294806574,0,bent,0.10546875,0,4294967295,4294967295,1,10,0.9969068169593811,0,0,0,0.99690683805384783,1.0009981526865042,3.878028989982925e-06,-0.887325718998909,-0.00010163616389036179,-1.8183502126485109,-0.047623602542599078,loading,3.8233149919573761e-06,0.0063614777901730103,9.0811533030350274e-10,0.20427192747592926,3.5549295716919005e-05,0,0,0,1,1
26,0.00067499998294806574,1,held_reference,0,0,4294967295,4294967295,1,6,0.99999946355819702,0,0,0,0.99999956898300146,1.0000007637657691,1.8771406608397488e-09,0.0030624064638686832,-0.0059619857493089512,9.7403692734587821e-05,2.5553898807265749e-07,loading,1.8771406608397488e-09,3.618741090066586e-05,1.6713211155132547e-14,0.00091346754925325513,2.1640246359311277e-06,0,0,0,1,1
27,0.00069999998231651261,0,bent,0.109375,0,4294967295,4294967295,1,10,0.99682885408401489,0,0,0,0.99682879532996793,1.0010266607470513,4.0195899583098673e-06,-0.91316184401512146,-0.014186114305630326,-1.862839026376605,-0.048906745913447076,loading,3.9635938697639586e-06,0.0064472347905100008,8.6360228865734841e-10,0.20771683752536774,3.6886220186715946e-05,0,0,0,1,1
27,0.00069999998231651261,1,held_reference,0,0,4294967295,4294967295,1,6,0.99999946355819702,0,0,0,0.99999956898300146,1.0000007640582464,1.8771406608397488e-09,0.0030301424121716991,-0.0035273640824016184,0.0001034987920434105,3.0919953500415379e-07,loading,1.8771406608397488e-09,3.5963907007424083e-05,1.689976250183858e-14,0.00091346754925325513,2.0907527868985198e-06,0,0,0,1,1
28,0.00072499998168495949,0,bent,0.11328125,0,4294967295,4294967295,1,10,0.99667030572891235,0,0,0,0.99667036711614787,1.0010448140855777,4.1648766622758312e-06,-0.86510980129241943,-0.0095174643211066723,-1.8947866223752499,-0.049822712653842381,loading,4.111266522282551e-06,0.0067348096701135805,9.6503487058500292e-10,0.21347962319850922,3.6622735933633521e-05,0,0,0,1,1
28,0.00072499998168495949,1,held_reference,0,0,4294967295,4294967295,1,7,0.99999946355819702,0,0,0,0.99999956898300146,1.0000007645463731,1.8771406608397488e-09,0.0030624064092990011,-0.0060829148424090818,9.7492576003332942e-05,2.5557476023823253e-07,loading,1.8771406608397488e-09,3.3290378041289619e-05,1.7498839617722857e-14,0.00091346754925325513,2.1292923975124722e-06,0,0,0,1,1
29,0.00074999998105340637,0,bent,0.1171875,0,4294967295,4294967295,1,10,0.99656146764755249,0,0,0,0.99656159958353929,1.0010815716077313,4.3064376243037275e-06,-0.90142054855823517,-0.0097964322194457054,-1.9399341940879822,-0.051083448715818165,loading,4.2527500633111897e-06,0.0065160953198825323,8.8620665081884506e-10,0.21525624394416809,3.7401492591015995e-05,0,0,0,1,1
29,0.00074999998105340637,1,held_reference,0,0,4294967295,4294967295,1,6,0.99999946355819702,0,0,0,0.99999956898300146,1.0000007643482036,1.8771406608397488e-09,0.0030301424121716991,-0.0035576337249949574,0.00010358925024434029,3.0923582926334285e-07,loading,1.8771406608397488e-09,3.6223970440798577e-05,1.6349997138907811e-14,0.00091346754925325513,2.1784185264550615e-06,0,0,0,1,1
30,0.00077499998042185325,0,bent,0.12109375,0,4294967295,4294967295,1,10,0.99641960859298706,0,0,0,0.99641966166136253,1.0011120285675956,4.4517243421283048e-06,-0.98028436303138733,-0.0057190903462469578,-1.9766196068376303,-0.052022800019158058,loading,4.3999106048539269e-06,0.0070901246563641338,1.0321492843008653e-09,0.21893668174743652,3.8157137169037014e-05,0,0,0,1,1
30,0.00077499998042185325,1,held_reference,0,0,4294967295,4294967295,1,6,0.99999946355819702,0,0,0,0.99999956898300146,1.0000007649176319,1.8771406608397488e-09,0.0030624063510913402,-0.0058634524320950732,9.7507351966896749e-05,2.555804325165804e-07,loading,1.8771406608397488e-09,3.0147878378369631e-05,1.6487428940238984e-14,0.00091346754925325513,2.094052433676552e-06,0,0,0,1,1
31,0.00079999997979030013,0,bent,0.125,0,4294967295,4294967295,1,10,0.99632441997528076,0,0,0,0.99632439540194484,1.0011409792916768,4.5932857940963141e-06,-0.97058510035276413,0.0030464315786957741,-2.0022839345037937,-0.053104773264308784,loading,4.5406564721108004e-06,0.0067082099488408632,9.251764396319749e-10,0.222242072224617,3.7918271118542179e-05,0,0,0,1,1
31,0.00079999997979030013,1,held_reference,0,0,4294967295,4294967295,1,7,0.99999946355819702,0,0,0,0.99999956898300146,1.0000007649796212,1.8771406608397488e-09,0.0030301424967547064,-0.0033865551085909829,0.00010362049494005987,3.0924817097093145e-07,loading,1.8771406608397488e-09,3.5278920038455492e-05,1.7343494688325468e-14,0.00091346754925325513,2.1193836801103316e-06,0,0,0,1,1
32,0.00082499997915874701,0,bent,0.125,0,4294967295,4294967295,1,10,0.9960368275642395,0,0,0,0.99603687438836475,1.0011872339827674,4.5932857940963141e-06,-1.1958926320075989,-0.010919395601376891,-1.9674000330269337,-0.049166156005562525,hold,4.5696258726532124e-06,0.012800326806590661,2.1541674491157921e-09,0.21070918440818787,3.342636045999825e-05,0,0,0,1,1
32,0.00082499997915874701,1,held_reference,0,0,4294967295,4294967295,1,6,0.99999946355819702,0,0,0,0.99999956898300146,1.0000007650247462,1.8771406608397488e-09,0.0030624063001596369,-0.0057998690754175186,9.7261496989631269e-05,2.5548209870612435e-07,hold,1.8771406608397488e-09,3.0291563945063772e-05,1.6325289134086901e-14,0.00091346754925325513,2.1947937511868076e-06,0,0,0,1,1
33,0.00084999997852719389,0,bent,0.125,0,4294967295,4294967295,1,10,0.99608016014099121,0,0,0,0.9960801410636001,1.0011428480492344,4.5932857940963141e-06,-1.2252463698387146,0.01279579708352685,-1.8386135930195451,-0.047066578740518512,hold,4.5701041892230089e-06,0.0070926881788910406,5.6297198997615698e-10,0.19876812398433685,3.4778950066538528e-05,0,0,0,1,1
33,0.00084999997852719389,1,held_reference,0,0,4294967295,4294967295,1,6,0.99999946355819702,0,0,0,0.99999956898300146,1.0000007651755811,1.8771406608397488e-09,0.00303014247037936,-0.0033724624227033928,0.00010355948433016238,3.0922379951516616e-07,hold,1.8771406608397488e-09,3.625326043187336e-05,1.6138560610939953e-14,0.00091346754925325513,2.0406309886311647e-06,0,0,0,1,1
34,0.00087499997789564077,0,bent,0.125,0,4294967295,4294967295,1,10,0.99607956409454346,0,0,0,0.99607944593638365,1.0011698467804084,4.5932857940963141e-06,-0.9663497656583786,-0.018324314616620541,-1.821471088565886,-0.046531304277029277,hold,4.586083387810824e-06,0.0074563652013262234,6.5654902790650213e-10,0.18497766554355621,2.9094066121615469e-05,0,0,0,1,1
34,0.00087499997789564077,1,held_reference,0,0,4294967295,4294967295,1,7,0.99999946355819702,0,0,0,0.99999956898300146,1.0000007656691257,1.8771406608397488e-09,0.0030624064165749587,-0.0059364543703850359,9.7708729896339719e-05,2.5566132451785936e-07,hold,1.8771406608397488e-09,3.1429309684708352e-05,1.6901476647067646e-14,0.00091346754925325513,2.176525867980672e-06,0,0,0,1,1
35,0.00089999997726408765,0,bent,0.125,0,4294967295,4294967295,1,10,0.99609500169754028,0,0,0,0.99609496797890307,1.0012152723549492,4.6950309142255471e-06,-1.086759626865387,0.01553888083435595,-1.7168283173814416,-0.044646573047095288,hold,4.6950309142255471e-06,0.0058114562254675912,4.2202496974543374e-10,0.17340739071369171,2.8428310542949475e-05,0,0,0,1,1
35,0.00089999997726408765,1,held_reference,0,0,4294967295,4294967295,1,6,0.99999946355819702,0,0,0,0.99999956898300146,1.0000007654331531,1.8771406608397488e-09,0.0030301424631034024,-0.0033823165576905012,0.00010385302158510967,3.0934123969927889e-07,hold,1.8771406608397488e-09,3.62246661630051e-05,1.607717815479347e-14,0.00091346754925325513,2.1419264157884754e-06,0,0,0,1,1
36,0.00092499997663253453,0,bent,0.125,0,4294967295,4294967295,1,10,0.99611914157867432,0,0,0,0.99611910617554666,1.0013003558984834,4.8397690937797788e-06,-0.89072680473327637,-0.011099480092525482,-1.6443647248670459,-0.043818972318759086,hold,4.8397690937797788e-06,0.007856205787824486,8.2406872128008218e-10,0.16066528856754303,2.6803632863448001e-05,0,0,0,1,1
36,0.00092499997663253453,1,held_reference,0,0,4294967295,4294967295,1,6,0.99999946355819702,0,0,0,0.99999956898300146,1.0000007658665788,1.8771406608397488e-09,0.003062406354729319,-0.0057115027884719893,9.7824214833508449e-05,2.5570729506944165e-07,hold,1.8771406608397488e-09,2.996727344478561e-05,1.5855359901160863e-14,0.00091346754925325513,2.0729892185045173e-06,0,0,0,1,1
37,0.00094999997600098141,0,bent,0.125,0,4294967295,4294967295,1,10,0.99612295627593994,0,0,0,0.99612299508618518,1.0013695326045728,4.9285052231957878e-06,-1.0545692592859268,0.01949750364292413,-1.5533786192536354,-0.042242549048024401,hold,4.9285052231957878e-06,0.0046587245124424829,3.0877619564474184e-10,0.1518285870552063,2.5726132662384771e-05,0,0,0,1,1
37,0.00094999997600098141,1,held_reference,0,0,4294967295,4294967295,1,7,0.99999946355819702,0,0,0,0.99999956898300146,1.0000007658260113,1.8771406608397488e-09,0.0030301424576464342,-0.0032039876241469756,0.00010393490813953576,3.0937389424616378e-07,hold,1.8771406608397488e-09,3.2267364420387964e-05,1.7536206654638098e-14,0.00091346754925325513,2.215401764260605e-06,0,0,0,1,1
38,0.00097499997536942828,0,bent,0.125,0,4294967295,4294967295,1,10,0.99614411592483521,0,0,0,0.99614407629039203,1.0014778065671122,5.0339614009139885e-06,-0.76869943737983704,-0.0038937651552259922,-1.4962338220793754,-0.041862182301789161,hold,5.0339614009139885e-06,0.0056051261768930542,4.8544850127460338e-10,0.14336130023002625,2.4417660824838094e-05,0,0,0,1,1
38,0.00097499997536942828,1,held_reference,0,0,4294967295,4294967295,1,6,0.99999946355819702,0,0,0,0.99999956898300146,1.0000007659023336,1.8771406608397488e-09,0.003062406269236817,-0.005599100812105462,9.7868221757835272e-05,2.5572494388688918e-07,hold,1.8771406608397488e-09,3.5936675109314416e-05,1.5898469874480301e-14,0.00091346754925325513,2.1473774722835515e-06,0,0,0,1,1
39,0.00099999997473787516,0,bent,0.125,0,4294967295,4294967295,1,10,0.99613463878631592,0,0,0,0.99613463137763114,1.0015348505100716,5.1082587941908798e-06,-0.93742199242115021,0.00020243151811882854,-1.4295623030047864,-0.040512469218067615,hold,5.1082587941908798e-06,0.0038489799193859413,2.3547267360562339e-10,0.1361498236656189,2.3667102141189389e-05,0,0,0,1,1
39,0.00099999997473787516,1,held_reference,0,0,4294967295,4294967295,1,6,0.99999946355819702,0,0,0,0.99999956898300146,1.0000007660253742,1.8771406608397488e-09,0.0030301425113066216,-0.0032310956157743931,0.00010395688721587248,3.0938256457284258e-07,hold,1.8771406608397488e-09,2.9983225707517943e-05,1.5342926388067662e-14,0.00091346754925325513,2.1078808458696585e-06,0,0,0,1,1
40,0.001024999974106322,0,bent,0.125,0,4294967295,4294967295,1,10,0.99613916873931885,0,0,0,0.99613912991394926,1.0016226092459148,5.2033534749016484e-06,-0.71620279550552368,-0.0035615116939879954,-1.3937076373258606,-0.039998672803856876,hold,5.2033534749016484e-06,0.005037614487332598,4.2553758183415295e-10,0.12981477379798889,2.2649406673735939e-05,0,0,0,1,1
40,0.001024999974106322,1,held_reference,0,0,4294967295,4294967295,1,7,0.99999946355819702,0,0,0,0.99999956898300146,1.0000007663562653,1.8771406608397488e-09,0.0030624063474533614,-0.0058395814703544602,9.7936940306908582e-05,2.5575239915633509e-07,hold,1.8771406608397488e-09,3.5756867820446615e-05,1.6896428447003159e-14,0.00091346754925325513,2.1725561509811087e-06,0,0,0,1,1
41,0.0010499999734747689,0,bent,0.125,0,4294967295,4294967295,1,10,0.99612897634506226,0,0,0,0.99612904466178098,1.0016616507260296,5.2633749556658257e-06,-0.81872712075710297,0.0025184040423482656,-1.3401280462276191,-0.0390968478664077,hold,5.2633749556658257e-06,0.0030794591123674089,1.6707562603461337e-10,0.12575232982635498,2.2018259187461808e-05,0,0,0,1,1
41,0.0010499999734747689,1,held_reference,0,0,4294967295,4294967295,1,7,0.99999946355819702,0,0,0,0.99999956898300146,1.0000007658763432,1.8771406608397488e-09,0.0030301425485959044,-0.0032064781553344801,0.00010400330052107165,3.0940119422484685e-07,hold,1.8771406608397488e-09,3.1193802342744006e-05,1.7447103732148507e-14,0.00091346754925325513,2.1294072212185711e-06,0,0,0,1,1
42,0.0010749999728432158,0,bent,0.125,0,4294967295,4294967295,1,10,0.99613690376281738,0,0,0,0.99613686908654842,1.0017442098587113,5.3597019469102383e-06,-0.72223153710365295,-0.0058635057066567242,-1.2940770909190178,-0.038518784441210603,hold,5.3597019469102383e-06,0.0051015905261205512,4.5655650913024253e-10,0.11881392449140549,2.0914651031489484e-05,0,0,0,1,1
42,0.0010749999728432158,1,held_reference,0,0,4294967295,4294967295,1,6,0.99999946355819702,0,0,0,0.99999956898300146,1.0000007663166026,1.8771406608397488e-09,0.0030624063765571918,-0.0055927414068719372,9.797148831580671e-05,2.5576627028203803e-07,hold,1.8771406608397488e-09,3.6232615449706946e-05,1.5389021681374111e-14,0.00091346754925325513,2.1301239030435681e-06,0,0,0,1,1
43,0.0010999999722116627,0,bent,0.125,0,4294967295,4294967295,1,10,0.99612367153167725,0,0,0,0.99612374282099747,1.0017798876820425,5.4084584262114107e-06,-0.73685644567012787,0.0035059904912486672,-1.2711044166935608,-0.037916587445326791,hold,5.4084584262114107e-06,0.0026229344073618378,1.2501787285687493e-10,0.11541158705949783,2.0787812900380231e-05,0,0,0,1,1
43,0.0010999999722116627,1,held_reference,0,0,4294967295,4294967295,1,7,0.99999946355819702,0,0,0,0.99999956898300146,1.0000007662229107,1.8771406608397488e-09,0.0030301424758363282,-0.0031092113931663334,0.00010411804572640904,3.0944734536205895e-07,hold,1.8771406608397488e-09,3.2151255560572112e-05,1.6409144001865371e-14,0.00091346754925325513,2.1237374312477186e-06,0,0,0,1,1
44,0.0011249999715801096,0,bent,0.125,0,4294967295,4294967295,1,10,0.99613410234451294,0,0,0,0.99613416841580615,1.0018475044970807,5.5049391076867643e-06,-0.63383141160011292,-0.018667845462914556,-1.2253767121583223,-0.037046563424505068,hold,5.5049391076867643e-06,0.0052633492016132353,5.071993440508287e-10,0.10884623974561691,2.0245261111995205e-05,0,0,0,1,1
44,0.0011249999715801096,1,held_reference,0,0,4294967295,4294967295,1,6,0.99999946355819702,0,0,0,0.99999956898300146,1.000000766060424,1.8771406608397488e-09,0.0030624063438153826,-0.0055372123897541314,9.8077936655727171e-05,2.5580892881043783e-07,hold,1.8771406608397488e-09,3.6255975155600222e-05,1.5205082337319205e-14,0.00091346754925325513,2.1472753815032775e-06,0,0,0,1,1
45,0.0011499999709485564,0,bent,0.125,0,4294967295,4294967295,1,10,0.99612987041473389,0,0,0,0.99612983992186843,1.0018705902793508,5.5445261661708434e-06,-0.70461107790470123,0.0047359756717924029,-1.1969854035414755,-0.03643597357895316,hold,5.5445261661708434e-06,0.0021298481337242966,8.3531057016026796e-11,0.10677437484264374,1.9167075151926838e-05,0,0,0,1,1
45,0.0011499999709485564,1,held_reference,0,0,4294967295,4294967295,1,6,0.99999946355819702,0,0,0,0.99999956898300146,1.0000007660745294,1.8771406608397488e-09,0.0030301424121716991,-0.0031268527382053435,0.00010417238075888235,3.0946907067846015e-07,hold,1.8771406608397488e-09,2.9819968520261909e-05,1.5017247018774914e-14,0.00091346754925325513,2.0872341792710358e-06,0,0,0,1,1
46,0.0011749999703170033,0,bent,0.125,0,4294967295,4294967295,1,10,0.99613195657730103,0,0,0,0.99613198164297356,1.0019007011653822,5.616564977449584e-06,-0.64698955416679382,0.00036825233837589622,-1.1671703895553946,-0.035959189904598732,hold,5.616564977449584e-06,0.0040384502993184145,3.0832572086521869e-10,0.10251819342374802,1.907922160171438e-05,0,0,0,1,1
46,0.0011749999703170033,1,held_reference,0,0,4294967295,4294967295,1,7,0.99999946355819702,0,0,0,0.99999956898300146,1.0000007498774528,1.8771406608397488e-09,0.0030624064565927256,-0.0057241956237703562,9.8178027315043437e-05,2.5584872474792065e-07,hold,1.8771406608397488e-09,3.1218343458341193e-05,1.6229240630543229e-14,0.00091346754925325513,2.1771743377030361e-06,0,0,0,1,1
47,0.0011999999696854502,0,bent,0.125,0,4294967295,4294967295,1,10,0.99612444639205933,0,0,0,0.99612432118839556,1.0019226381534543,5.6570634233423279e-06,-0.63777241110801697,-0.0040659666410647333,-1.1447598589584231,-0.035724234102379661,hold,5.6570634233423279e-06,0.0022845401118590206,9.8837994443819709e-11,0.10084950178861618,1.8471067960490473e-05,0,0,0,1,1
47,0.0011999999696854502,1,held_reference,0,0,4294967295,4294967295,1,7,0.99999946355819702,0,0,0,0.99999956898300146,1.0000007498774528,1.8771406608397488e-09,0.0030301424903882435,-0.0031019272282719612,0.0001042444917800367,3.0949754157518274e-07,hold,1.8771406608397488e-09,3.5421285705363487e-05,1.6785746599977091e-14,0.00091346754925325513,2.1063599433546187e-06,0,0,0,1,1
48,0.0012249999690538971,0,bent,0.12109375,0,4294967295,4294967295,1,10,0.99622780084609985,0,0,0,0.9962277892650756,1.0019287527454328,5.6406856583764989e-06,-0.88437420129776001,0.013724398799240589,-0.99695276864804327,-0.031651841826577792,unloading,5.6406856583764989e-06,0.0051077596267150955,2.7347603287700936e-10,0.097314909100532532,2.0363799194456078e-05,0,0,0,1,1
48,0.0012249999690538971,1,held_reference,0,0,4294967295,4294967295,1,6,0.99999946355819702,0,0,0,0.99999956898300146,1.0000007498774528,1.8771406608397488e-09,0.0030624063801951706,-0.005485782035975717,9.821044341151719e-05,2.5586196530639357e-07,unloading,1.8771406608397488e-09,3.0084605833222018e-05,1.4701629156947247e-14,0.00091346754925325513,2.080330432363553e-06,0,0,0,1,1
49,0.001249999968422344,0,bent,0.1171875,0,4294967295,4294967295,1,10,0.99635070562362671,0,0,0,0.99635067479148176,1.001931060310459,5.6101556353665181e-06,-0.9784550666809082,-0.01422881823964417,-0.86411276459693909,-0.028287260960371624,unloading,5.6101556353665181e-06,0.0053243381712128734,3.3422171744342484e-10,0.093264065682888031,2.1131347239133902e-05,0,0,0,1,1
49,0.001249999968422344,1,held_reference,0,0,4294967295,4294967295,1,7,0.99999946355819702,0,0,0,0.99999956898300146,1.0000007498774528,1.8771406608397488e-09,0.0030301424840217805,-0.0030115427216514945,0.0001043529498758744,3.0954116438897451e-07,unloading,1.8771406608397488e-09,3.2191773169983106e-05,1.6033987354886377e-14,0.00091346754925325513,2.18619470615522e-06,0,0,0,1,1
50,0.0012749999677907908,0,bent,0.11328125,0,4294967295,4294967295,1,10,0.99647897481918335,0,0,0,0.99647901233422553,1.0019461568459538,5.5723184197335915e-06,-0.85091359913349152,-0.0036967210471630096,-0.75761784985661507,-0.02558543496207524,unloading,5.5723184197335915e-06,0.0054198456704629121,3.4575703867508238e-10,0.089515224099159241,2.0769035472767428e-05,0,0,0,1,1
50,0.0012749999677907908,1,held_reference,0,0,4294967295,4294967295,1,6,0.99999946355819702,0,0,0,0.99999956898300146,1.0000007519379426,1.8771406608397488e-09,0.0030624063474533614,-0.0054280958283925429,9.8297967184635127e-05,2.5589680218035883e-07,unloading,1.8771406608397488e-09,3.622450832411688e-05,1.4901673595573304e-14,0.00091346754925325513,2.0693605620181188e-06,0,0,0,1,1
51,0.0012999999671592377,0,bent,0.109375,0,4294967295,4294967295,1,10,0.99657547473907471,0,0,0,0.99657543885536071,1.001953135276876,5.5264271435435716e-06,-0.73976345360279083,0.013152795843780041,-0.66413644840940833,-0.022799514679525019,unloading,5.5264271435435716e-06,0.0055938282234941671,3.7310984786626199e-10,0.084747374057769775,2.2434349375544116e-05,0,0,0,1,1
51,0.0012999999671592377,1,held_reference,0,0,4294967295,4294967295,1,7,0.99999946355819702,0,0,0,0.99999956898300146,1.0000007540643652,1.8771406608397488e-09,0.0030301424012577627,-0.0030187521624611691,0.00010441085515822124,3.0956437349595892e-07,unloading,1.8771406608397488e-09,3.2144208686867214e-05,1.5688991927156981e-14,0.00091346754925325513,2.1605007987091085e-06,0,0,0,1,1
52,0.0013249999665276846,0,bent,0.10546875,0,4294967295,4294967295,1,10,0.99671614170074463,0,0,0,0.99671612589143332,1.0019560054753032,5.4727493215978865e-06,-0.64216908812522888,0.0041492397431284189,-0.58844915532972664,-0.020284133371651858,unloading,5.4727493215978865e-06,0.0056868347164333094,3.8157991830298101e-10,0.082392215728759766,2.0697823856608011e-05,0,0,0,1,1
52,0.0013249999665276846,1,held_reference,0,0,4294967295,4294967295,1,7,0.99999946355819702,0,0,0,0.99999956898300146,1.0000007561705901,1.8771406608397488e-09,0.0030624063565483084,-0.0056134190235752612,9.8401998343433661e-05,2.5593850407312846e-07,unloading,1.8771406608397488e-09,3.5824297493858115e-05,1.6663932017724042e-14,0.00091346754925325513,2.0823445083806291e-06,0,0,0,1,1
53,0.0013499999658961315,0,bent,0.1015625,0,4294967295,4294967295,1,10,0.99672245979309082,0,0,0,0.99672253343991202,1.0019547071866046,5.4142516515673164e-06,-0.4913918673992157,0.0089609706774353981,-0.4902670260053128,-0.017905858452278916,unloading,5.4142516515673164e-06,0.0057336749480383269,4.0148013194644687e-10,0.082784950733184814,2.0502333427430131e-05,0,0,0,1,1
53,0.0013499999658961315,1,held_reference,0,0,4294967295,4294967295,1,7,0.99999946355819702,0,0,0,0.99999956898300146,1.0000007574818588,1.8771406608397488e-09,0.0030302558070616215,-0.0030606429936597124,0.00011458703360744948,3.1099363051271179e-07,unloading,1.8771406608397488e-09,3.1171368297566744e-05,1.5664441159980671e-14,0.00091346754925325513,2.1268065211188514e-06,0,0,0,1,1
54,0.0013749999652645783,0,bent,0.09765625,0,4294967295,4294967295,1,10,0.99668693542480469,0,0,0,0.99668689318214498,1.0019524454948692,5.3485480005133157e-06,-0.47767189145088196,0.014332378748804331,-0.3922708104364574,-0.015247309844985605,unloading,5.3485480005133157e-06,0.005681181904708091,4.0770289597064544e-10,0.085683807730674744,2.1256842956063338e-05,0,0,0,1,1
54,0.0013749999652645783,1,held_reference,0,0,4294967295,4294967295,1,7,0.99999946355819702,0,0,0,0.99999956898300146,1.0000007498774528,1.8771406608397488e-09,0.0030624063438153826,-0.0056258819822687656,9.6975148096589692e-05,2.5536769827158381e-07,unloading,1.8771406608397488e-09,3.1613565896927067e-05,1.6684299820823965e-14,0.00091346754925325513,2.1868193016416626e-06,0,0,0,1,1
55,0.0013999999646330252,0,bent,0.09375,0,4294967295,4294967295,1,10,0.99671608209609985,0,0,0,0.9967161632762882,1.0019469924455058,5.2762852691139814e-06,-0.41304285079240799,0.019357798155397177,-0.3015771210193634,-0.013295825318852794,unloading,5.2762852691139814e-06,0.0059065324316698205,4.3169871131468743e-10,0.088039293885231018,2.2200563762453385e-05,0,0,0,1,1
55,0.0013999999646330252,1,held_reference,0,0,4294967295,4294967295,1,6,0.99999946355819702,0,0,0,0.99999956898300146,1.0000007498774528,1.8771406608397488e-09,0.003030142574061756,-0.00311338844767306,0.00010229246311155293,3.0871667731662435e-07,unloading,1.8771406608397488e-09,3.6023664283248069e-05,1.4830761372521984e-14,0.00091346754925325513,2.0979036889912095e-06,0,0,0,1,1
56,0.0014249999640014721,0,bent,0.08984375,0,4294967295,4294967295,1,10,0.99674218893051147,0,0,0,0.996742243903051,1.0019551271642169,5.1967852436900692e-06,-0.40006653964519501,0.0064940014854073524,-0.21610707510262728,-0.01107311096096676,unloading,5.1967852436900692e-06,0.0057675078346690473,4.4142959440979903e-10,0.088954754173755646,2.129791937477421e-05,0,0,0,1,1
56,0.0014249999640014721,1,held_reference,0,0,4294967295,4294967295,1,7,0.99999946355819702,0,0,0,0.99999956898300146,1.0000007498774528,1.8771406608397488e-09,0.003062406372919213,-0.0056317432608921081,9.6912666748494303e-05,2.5534274528035871e-07,unloading,1.8771406608397488e-09,3.2343434634684897e-05,1.6012824522288232e-14,0.00091346754925325513,2.1594541976810433e-06,0,0,0,1,1
57,0.001449999963369919,0,bent,0.0859375,0,4294967295,4294967295,1,10,0.99679023027420044,0,0,0,0.99679030750141384,1.0019826464742836,5.1472901200497975e-06,-0.17274961620569229,-0.0017436882480978966,-0.15305474773049355,-0.0089489134530227714,unloading,5.1472901200497975e-06,0.0059585284331310885,4.5685465963222046e-10,0.09105151891708374,2.3244680050993338e-05,0,0,0,1,1
57,0.001449999963369919,1,held_reference,0,0,4294967295,4294967295,1,6,0.99999946355819702,0,0,0,0.99999956898300146,1.0000007498774528,1.8771406608397488e-09,0.003030142513125611,-0.0030914318922441453,0.00010334010386259251,3.0913585576581654e-07,unloading,1.8771406608397488e-09,3.6061698298214885e-05,1.4910508136228434e-14,0.00091346754925325513,2.1104165170982014e-06,0,0,0,1,1
58,0.0014749999627383659,0,bent,0.08203125,0,4294967295,4294967295,1,10,0.99684470891952515,0,0,0,0.99684472900347454,1.0019903206506724,5.1121292131081167e-06,-0.18125852756202221,0.0041994075290858746,-0.072165885008871555,-0.007154000717978103,unloading,5.1121292131081167e-06,0.0060604282267689514,4.7300169588966627e-10,0.082116842269897461,2.2614938643528149e-05,0,0,0,1,1
58,0.0014749999627383659,1,held_reference,0,0,4294967295,4294967295,1,6,0.99999946355819702,0,0,0,0.99999956898300146,1.0000007502692292,1.8771406608397488e-09,0.0030624062637798488,-0.0054041774128563702,9.7513464481835399e-05,2.5558293864378351e-07,unloading,1.8771406608397488e-09,3.0190099179520296e-05,1.4523779695878617e-14,0.00091346754925325513,2.122682417393662e-06,0,0,0,1,1
59,0.0014999999621068127,0,bent,0.078125,0,4294967295,4294967295,1,10,0.99690848588943481,0,0,0,0.99690844112183263,1.0019972906987593,5.0698937666395014e-06,-0.10964584909379482,0.013145046541467309,-0.006623357068747282,-0.0052931661183402718,unloading,5.0698937666395014e-06,0.0060109428687763616,4.903484307202728e-10,0.086850486695766449,2.3560342015116476e-05,0,0,0,1,1
59,0.0014999999621068127,1,held_reference,0,0,4294967295,4294967295,1,6,0.99999946355819702,0,0,0,0.99999956898300146,1.0000007524814081,1.8771406608397488e-09,0.0030301425713332719,-0.0029840523638995364,0.00010378135959854262,3.0931235190018904e-07,unloading,1.8771406608397488e-09,3.0027221736331616e-05,1.4902278881314329e-14,0.00091346754925325513,2.1240666683297604e-06,0,0,0,1,1
60,0.0015249999614752596,0,bent,0.07421875,0,4294967295,4294967295,1,10,0.99697059392929077,0,0,0,0.99697066706271054,1.0020000590218572,5.0237058241551127e-06,0.014894597232341766,0.0096713623497635126,0.043199652805924416,-0.0033718112868425828,unloading,5.0237058241551127e-06,0.0061301389830297039,4.993009652987162e-10,0.080557242035865784,2.3306884031626396e-05,0,0,0,1,1
60,0.0015249999614752596,1,held_reference,0,0,4294967295,4294967295,1,7,0.99999946355819702,0,0,0,0.99999956898300146,1.0000007498774528,1.8771406608397488e-09,0.0030624063911091071,-0.0055571743723703548,9.7912467822425242e-05,2.5574275476537847e-07,unloading,1.8771406608397488e-09,3.5846617850009655e-05,1.6067720175069138e-14,0.00091346754925325513,2.1530211142817279e-06,0,0,0,1,1
61,0.0015499999608437065,0,bent,0.0703125,0,4294967295,4294967295,1,10,0.99704182147979736,0,0,0,0.99704185885393759,1.0019918626027911,4.9724312648538058e-06,-0.14970889687538147,0.012224840116687119,0.15236574225127697,-0.0012179145701701028,unloading,4.9724312648538058e-06,0.0061329741655023967,4.9936769176729976e-10,0.089317724108695984,2.4511133233318105e-05,0,0,0,1,1
61,0.0015499999608437065,1,held_reference,0,0,4294967295,4294967295,1,7,0.99999946355819702,0,0,0,0.99999956898300146,1.0000007498774528,1.8771406608397488e-09,0.0030301424039862468,-0.0029541509575210512,0.00010408300218500699,3.0943323385235947e-07,unloading,1.8771406608397488e-09,3.2197471772443292e-05,1.6539611342908365e-14,0.00091346754925325513,2.1110795387357939e-06,0,0,0,1,1
62,0.0015749999602121534,0,bent,0.06640625,0,4294967295,4294967295,1,10,0.99710845947265625,0,0,0,0.99710844420839573,1.0019832915943141,4.9183722719604287e-06,-0.013253421522676945,0.012138237711042166,0.20571578852832317,0.0004202291522182386,unloading,4.9183722719604287e-06,0.0063854599704347382,5.2845557233261186e-10,0.080064341425895691,2.3708327717031352e-05,0,0,0,1,1
62,0.0015749999602121534,1,held_reference,0,0,4294967295,4294967295,1,7,0.99999946355819702,0,0,0,0.99999956898300146,1.0000007498774528,1.8771406608397488e-09,0.0030624063529103296,-0.005523104322492145,9.8171270508373709e-05,2.5584622814130789e-07,unloading,1.8771406608397488e-09,3.2458791068638722e-05,1.5986315918047816e-14,0.00091346754925325513,2.1879704945604317e-06,0,0,0,1,1
63,0.0015999999595806003,0,bent,0.0625,0,4294967295,4294967295,1,10,0.99718660116195679,0,0,0,0.99718664020496672,1.0019703754453924,4.8618607497466458e-06,0.08509446494281292,0.016010105784516782,0.27885040175169706,0.0020592790580172718,unloading,4.8618607497466458e-06,0.0059746653950366628,5.0751061996826843e-10,0.084949575364589691,2.5135936084552668e-05,0,0,0,1,1
63,0.0015999999595806003,1,held_reference,0,0,4294967295,4294967295,1,6,0.99999946355819702,0,0,0,0.99999956898300146,1.0000007498774528,1.8771406608397488e-09,0.003030142409443215,-0.0030076274997554719,0.00010433365187623167,3.0953346540172773e-07,unloading,1.8771406608397488e-09,3.6002377288106341e-05,1.4891369673352559e-14,0.00091346754925325513,2.1106850454088999e-06,0,0,0,1,1
64,0.0016249999589490471,0,bent,0.05859375,0,4294967295,4294967295,1,10,0.99725639820098877,0,0,0,0.99725643341661208,1.0019651093520507,4.8024013167883938e-06,0.010825694538652897,0.019372131675481796,0.35105015593580902,0.0040803318666468242,unloading,4.8024013167883938e-06,0.0061707907670095598,5.3839931183008329e-10,0.087121136486530304,2.4889386622817256e-05,0,0,0,1,1
64,0.0016249999589490471,1,held_reference,0,0,4294967295,4294967295,1,7,0.99999946355819702,0,0,0,0.99999956898300146,1.0000007498774528,1.8771406608397488e-09,0.003062406449316768,-0.0055340912222163752,9.8386199738342839e-05,2.5593201607261978e-07,unloading,1.8771406608397488e-09,3.1765101038973139e-05,1.6284865036762618e-14,0.00091346754925325513,2.1127648324181791e-06,0,0,0,1,1
65,0.001649999958317494,0,bent,0.0546875,0,4294967295,4294967295,1,10,0.99734842777252197,0,0,0,0.99734835353221396,1.0019517967618961,4.7375271043584085e-06,0.073933973908424377,-0.0086133820004761219,0.41204119101166725,0.0055414835773944932,unloading,4.7375271043584085e-06,0.0060207241381850414,5.5247787244010956e-10,0.090371273458003998,2.7465295715956017e-05,0,0,0,1,1
65,0.001649999958317494,1,held_reference,0,0,4294967295,4294967295,1,7,0.99999946355819702,0,0,0,0.99999956898300146,1.0000007498774528,1.8771406608397488e-09,0.0030301425358629785,-0.002882826142013073,0.0001044946008619263,3.0959783792059147e-07,unloading,1.8771406608397488e-09,3.5438988727339722e-05,1.6270226068616336e-14,0.00091346754925325513,2.1770924831798766e-06,0,0,0,1,1
66,0.0016749999576859409,0,bent,0.05078125,0,4294967295,4294967295,1,10,0.99744880199432373,0,0,0,0.9974488551119749,1.0019394828863,4.6678971736443926e-06,0.11190285906195641,-0.00341732834931463,0.48714189417660236,0.007340234506247257,unloading,4.6678971736443926e-06,0.006125830745854338,5.6776241158912934e-10,0.09625813364982605,2.5886734874802642e-05,0,0,0,1,1
66,0.0016749999576859409,1,held_reference,0,0,4294967295,4294967295,1,6,0.99999934434890747,0,0,0,0.99999947585078208,1.0000007498774528,1.8771406608397488e-09,0.0030624064238509163,-0.0052591158600989729,9.8469289241620572e-05,2.5596529356698682e-07,unloading,1.8771406608397488e-09,3.0158854183875231e-05,1.4711838412822396e-14,0.00091346754925325513,2.1262947029754287e-06,0,0,0,1,1
67,0.0016999999570543878,0,bent,0.046875,0,4294967295,4294967295,1,10,0.99755352735519409,0,0,0,0.99755356918791926,1.0018987012709395,4.5933454647854887e-06,0.21251019462943077,-0.0048744603991508484,0.54850937891751528,0.0087201149847791603,unloading,4.5933454647854887e-06,0.0060136908744296306,5.7365291269780688e-10,0.10328879207372665,2.7330586817697622e-05,0,0,0,1,1
67,0.0016999999570543878,1,held_reference,0,0,4294967295,4294967295,1,7,0.99999910593032837,0,0,0,0.99999927070196981,1.0000007498774528,1.8771406608397488e-09,0.0030301424958452117,-0.0027871967176906765,0.00010462328907578922,3.096493997545619e-07,unloading,1.8771406608397488e-09,3.3586486809096479e-05,1.5181482498690882e-14,0.00091346754925325513,2.0662541828642134e-06,0,0,0,1,1
68,0.0017249999564228347,0,bent,0.04296875,0,4294967295,4294967295,1,10,0.99763059616088867,0,0,0,0.99763057417042922,1.0018664176048708,4.5178083780949302e-06,0.16111271269619465,-0.0035945124691352248,0.62336173781659454,0.010430935394241274,unloading,4.5178083780949302e-06,0.0061348824363913817,5.6965913918210549e-10,0.110378697514534,2.8262511477805674e-05,0,0,0,1,1
68,0.0017249999564228347,1,held_reference,0,0,4294967295,4294967295,1,7,0.99999910593032837,0,0,0,0.99999927070196981,1.0000007498774528,1.8771406608397488e-09,0.0030624064384028316,-0.0054588357743341476,9.8656528450646874e-05,2.5604015781573206e-07,unloading,1.8771406608397488e-09,3.5736058784872923e-05,1.619817697509644e-14,0.00091346754925325513,2.1973551156406756e-06,0,0,0,1,1
69,0.0017499999557912815,0,bent,0.0390625,0,4294967295,4294967295,1,10,0.99772751331329346,0,0,0,0.99772754494603388,1.0018043100970497,4.4342291917626807e-06,0.21423730254173279,0.021376605960540473,0.68180864863097668,0.011847069108619591,unloading,4.4342291917626807e-06,0.0060076437844362,5.9807360552199151e-10,0.11660107970237732,2.8473607017076574e-05,0,0,0,1,1
69,0.0017499999557912815,1,held_reference,0,0,4294967295,4294967295,1,7,0.99999910593032837,0,0,0,0.99999927070196981,1.0000007498774528,1.8771406608397488e-09,0.0030301423876153422,-0.0028547634283313528,0.00010477916117679342,3.0971149845117911e-07,unloading,1.8771406608397488e-09,3.197153434077426e-05,1.5859196651759929e-14,0.00091346754925325513,2.1374228253989713e-06,0,0,0,1,1
70,0.0017749999551597284,0,bent,0.03515625,0,4294967295,4294967295,1,10,0.99780446290969849,0,0,0,0.997804468244887,1.0017549959752452,4.3496859330856661e-06,0.2929023802280426,-0.0052918707951903343,0.73358953930437565,0.013683009157260742,unloading,4.3496859330856661e-06,0.0060408314829416302,5.8988168199736435e-10,0.12411558628082275,2.8294060030020773e-05,0,0,0,1,1
70,0.0017749999551597284,1,held_reference,0,0,4294967295,4294967295,1,7,0.99999910593032837,0,0,0,0.99999927070196981,1.0000007498774528,1.8771406608397488e-09,0.0030624064384028316,-0.005457849518279545,9.8831142594235644e-05,2.5611022938755846e-07,unloading,1.8771406608397488e-09,3.5912838761014587e-05,1.550808738008459e-14,0.00091346754925325513,2.0651414160965942e-06,0,0,0,1,1
71,0.0017999999545281753,0,bent,0.03125,0,4294967295,4294967295,1,10,0.99792510271072388,0,0,0,0.99792509900500448,1.0016846373931618,4.2393433531237535e-06,0.49348796159029007,-0.00023959513055160642,0.78853230504319072,0.014790968686759883,unloading,4.2393433531237535e-06,0.006341342755036436,8.0068477913456287e-10,0.13135536015033722,2.8035477953380905e-05,0,0,0,1,1
71,0.0017999999545281753,1,held_reference,0,0,4294967295,4294967295,1,7,0.99999910593032837,0,0,0,0.99999927070196981,1.0000007498774528,1.8771406608397488e-09,0.0030301425204015686,-0.0028688099409919232,0.0001049190818491752,3.0976766134062899e-07,unloading,1.8771406608397488e-09,3.163508625162164e-05,1.530147792552405e-14,0.00091346754925325513,2.195781462432933e-06,0,0,0,1,1
72,0.0018249999538966222,0,bent,0.02734375,0,4294967295,4294967295,1,10,0.99801242351531982,0,0,0,0.99801240419115855,1.0016340067137561,4.151502289853457e-06,0.34767086803913116,-0.013368317595450208,0.87341202981770039,0.016773212413278636,unloading,4.151502289853457e-06,0.0059983779546418084,5.4316174658001964e-10,0.13513971865177155,2.9404216547845863e-05,0,0,0,1,1
72,0.0018249999538966222,1,held_reference,0,0,4294967295,4294967295,1,6,0.99999910593032837,0,0,0,0.99999927070196981,1.0000007498774528,1.8771406608397488e-09,0.003062406372919213,-0.0052351125923451036,9.8873713341163239e-05,2.5612716936302583e-07,unloading,1.8771406608397488e-09,3.6242613935731994e-05,1.3542911931656541e-14,0.00091346754925325513,2.0110892364755273e-06,0,0,0,1,1
73,0.0018499999532650691,0,bent,0.0234375,0,4294967295,4294967295,1,10,0.99808549880981445,0,0,0,0.99808553956430224,1.001566162933317,4.0392278275070412e-06,0.39017137885093689,-0.0031451720278710127,0.92248602397739887,0.017918431480050821,unloading,4.0392278275070412e-06,0.0063027056344687384,7.7198239045891562e-10,0.14258423447608948,2.9843387892469764e-05,0,0,0,1,1
73,0.0018499999532650691,1,held_reference,0,0,4294967295,4294967295,1,8,0.99999910593032837,0,0,0,0.99999927070196981,1.0000007498774528,1.8771406608397488e-09,0.0030301424558274448,-0.0026956102519761771,0.00010515194412619167,3.0986083277093688e-07,unloading,1.8771406608397488e-09,3.6079691751896465e-05,1.6561750185755016e-14,0.00091346754925325513,2.1660250695276773e-06,0,0,0,1,1
74,0.0018749999526335159,0,bent,0.01953125,0,4294967295,4294967295,1,10,0.99817460775375366,0,0,0,0.99817452467908385,1.0015464572096888,3.9461775633367181e-06,0.31732635200023651,-0.004065954010002315,1.0025603454560041,0.019567439252848214,unloading,3.9461775633367181e-06,0.0059665526767970932,5.6240023966827811e-10,0.14584624767303467,3.0179029636201449e-05,0,0,0,1,1
74,0.0018749999526335159,1,held_reference,0,0,4294967295,4294967295,1,7,0.99999910593032837,0,0,0,0.99999927070196981,1.0000007498774528,1.8771406608397488e-09,0.003062406336539425,-0.005434543956653215,9.9114565784930164e-05,2.5622336037486048e-07,unloading,1.8771406608397488e-09,3.5517370176554054e-05,1.5697514321867898e-14,0.00091346754925325513,2.1128739717823919e-06,0,0,0,1,1
75,0.0018999999520019628,0,bent,0.015625,0,4294967295,4294967295,1,10,0.99826812744140625,0,0,0,0.99826815212521713,1.0015309813977962,3.8266299312937072e-06,0.59927723556756973,-0.013758505578152835,1.0268326220102608,0.020537689501240203,unloading,3.8266299312937072e-06,0.0063426884941179297,8.2304054352509037e-10,0.15483608841896057,3.0087945560808294e-05,0,0,0,1,1
75,0.0018999999520019628,1,held_reference,0,0,4294967295,4294967295,1,7,0.99999910593032837,0,0,0,0.99999927070196981,1.0000007498774528,1.8771406608397488e-09,0.0030301424876597594,-0.0028660411044256762,0.00010520557813720188,3.09882213053242e-07,unloading,1.8771406608397488e-09,3.3579233617139127e-05,1.4770791301054075e-14,0.00091346754925325513,2.0710529042844428e-06,0,0,0,1,1
76,0.0019249999513704097,0,bent,0.01171875,0,4294967295,4294967295,1,10,0.99834877252578735,0,0,0,0.99834880712369178,1.0015057587675547,3.7297778582136118e-06,0.43623515963554382,-0.027820512244943529,1.1064213085919619,0.022217271844308904,unloading,3.7297778582136118e-06,0.0060218337277180324,5.8630758520706906e-10,0.15735216438770294,3.0493803933495656e-05,0,0,0,1,1
76,0.0019249999513704097,1,held_reference,0,0,4294967295,4294967295,1,7,0.99999910593032837,0,0,0,0.99999927070196981,1.0000007498774528,1.8771406608397488e-09,0.003062406372919213,-0.0054676041327184066,9.9240671289635429e-05,2.5627383323080699e-07,unloading,1.8771406608397488e-09,3.5479697658939358e-05,1.4795238516577889e-14,0.00091346754925325513,2.0953305011062184e-06,0,0,0,1,1
77,0.0019499999507388566,0,bent,0.0078125,0,4294967295,4294967295,1,10,0.99844610691070557,0,0,0,0.99844622084658652,1.0014879937418364,3.604407999933928e-06,0.59137332439422607,-0.025415027339477092,1.144032625015825,0.023199384065544424,unloading,3.604407999933928e-06,0.0061228235146403263,8.5363506041691141e-10,0.16475921869277954,3.0909675842849538e-05,0,0,0,1,1
77,0.0019499999507388566,1,held_reference,0,0,4294967295,4294967295,1,7,0.99999910593032837,0,0,0,0.99999927070196981,1.0000007498774528,1.8771406608397488e-09,0.0030301424967547064,-0.0028775853861588985,0.00010536300456465142,3.0994516003829569e-07,unloading,1.8771406608397488e-09,3.3076964792666853e-05,1.5124128616944547e-14,0.00091346754925325513,2.14610963666928e-06,0,0,0,1,1
78,0.0019749999501073034,0,bent,0.00390625,0,4294967295,4294967295,1,10,0.9985085129737854,0,0,0,0.9985085203192563,1.0014715499949154,3.4738470685713679e-06,0.83964508399367332,-0.008164992235833779,1.1755233528092504,0.024145187175692223,unloading,3.4738470685713679e-06,0.0062839070498480112,8.4114067302080511e-10,0.16918282210826874,3.1442552426597103e-05,0,0,0,1,1
78,0.0019749999501073034,1,held_reference,0,0,4294967295,4294967295,1,7,0.99999910593032837,0,0,0,0.99999927070196981,1.0000007498774528,1.8771406608397488e-09,0.0030624063656432554,-0.005505501147126779,9.9467054866408944e-05,2.5636451496393389e-07,unloading,1.8771406608397488e-09,3.5576312485170761e-05,1.5399206929743789e-14,0.00091346754925325513,2.0897291506116744e-06,0,0,0,1,1
79,0.0019999999494757503,0,bent,0,0,4294967295,4294967295,1,10,0.99854171276092529,0,0,0,0.99854171614158116,1.0014507850418854,3.3516032616679267e-06,0.68623838759958744,0.0039456868544220924,1.2554649023804814,0.025735669168800115,unloading,3.3516032616679267e-06,0.0058777497437596821,7.3313870529443477e-10,0.17252515256404877,3.1251107429852709e-05,0,0,0,1,1
79,0.0019999999494757503,1,held_reference,0,0,4294967295,4294967295,1,7,0.99999910593032837,0,0,0,0.99999927070196981,1.0000007498774528,1.8771406608397488e-09,0.0030301424885692541,-0.0028718601388391107,0.00010525574029429663,3.0990227883376041e-07,unloading,1.8771406608397488e-09,3.3696341136153848e-05,1.5277191103554023e-14,0.00091346754925325513,2.1090618247399107e-06,0,0,0,1,1
80,0.0020249999488441972,0,bent,0,0,4294967295,4294967295,1,10,0.99864280223846436,0,0,0,0.99864283589208658,1.0014278149100642,3.079978386452083e-06,1.0527327656745911,-0.028572571463882923,1.2269613861571997,0.021653524585217236,relaxation,3.079978386452083e-06,0.011090947423869742,1.6418767174862715e-09,0.16271577775478363,2.6493142286199145e-05,0,0,0,1,1
80,0.0020249999488441972,1,held_reference,0,0,4294967295,4294967295,1,7,0.99999910593032837,0,0,0,0.99999927070196981,1.0000007498774528,1.8771406608397488e-09,0.0030624063074355945,-0.0054328784608514979,9.8961729435131929e-05,2.5616250211169231e-07,relaxation,1.8771406608397488e-09,3.5493740197096067e-05,1.5216759524181941e-14,0.00091346754925325513,2.1455562091432512e-06,0,0,0,1,1
81,0.0020499999482126441,0,bent,0,0,4294967295,4294967295,1,10,0.99870854616165161,0,0,0,0.99870853143236815,1.0013692617803496,2.9473175456709578e-06,0.98851964063942432,-0.011907777865417302,1.1754639907740057,0.019984500031528997,relaxation,2.9473175456709578e-06,0.0053870625136067385,2.8176013253875857e-10,0.15241222083568573,2.9120017643435858e-05,0,0,0,1,1
81,0.0020499999482126441,1,held_reference,0,0,4294967295,4294967295,1,7,0.99999910593032837,0,0,0,0.99999927070196981,1.0000007498774528,1.8771406608397488e-09,0.0030301424812932964,-0.0028187728457851335,0.00010493534460920273,3.0977414304288686e-07,relaxation,1.8771406608397488e-09,3.6685873543916373e-05,1.4998053632731287e-14,0.00091346754925325513,2.0988582036807202e-06,0,0,0,1,1
82,0.002074999947581091,0,bent,0,0,4294967295,4294967295,1,10,0.99876725673675537,0,0,0,0.99876726202697619,1.0012788306687526,2.8293426537506632e-06,0.85755656659603119,-0.027186866383999586,1.1889403271488845,0.019801819098368287,relaxation,2.8293426537506632e-06,0.0047112968746604693,2.2361132668882118e-10,0.14363124966621399,2.2783226086176001e-05,0,0,0,1,1
82,0.002074999947581091,1,held_reference,0,0,4294967295,4294967295,1,7,0.99999910593032837,0,0,0,0.99999927070196981,1.0000007498774528,1.8771406608397488e-09,0.0030624063583672978,-0.0054096796084195375,9.8863682012506615e-05,2.5612306743641922e-07,relaxation,1.8771406608397488e-09,3.293063743120817e-05,1.4933602261700861e-14,0.00097564916359260678,2.0823288195970235e-06,0,0,0,1,1
83,0.0020999999469495378,0,bent,0,0,4294967295,4294967295,1,10,0.99881458282470703,0,0,0,0.99881462994663672,1.0012308060913298,2.7242126563843398e-06,0.96724275127053261,-0.017801077337935567,1.1449858155101538,0.018266761584814637,relaxation,2.7242126563843398e-06,0.0043021870960714215,1.9424797498760059e-10,0.13286639750003815,2.1242387447273359e-05,0,0,0,1,1
83,0.0020999999469495378,1,held_reference,0,0,4294967295,4294967295,1,8,0.99999910593032837,0,0,0,0.99999927070196981,1.0000007498774528,1.8771406608397488e-09,0.0030301425113066216,-0.0026997984969057143,0.0001051006194643378,3.0984030650415658e-07,relaxation,1.8771406608397488e-09,3.5294500477600258e-05,1.7196025312981875e-14,0.00091346754925325513,2.152886736439541e-06,0,0,0,1,1
84,0.0021249999463179847,0,bent,0,0,4294967295,4294967295,1,10,0.99888122081756592,0,0,0,0.99888121489597059,1.0011356955618269,2.5673785091099199e-06,0.69784994423389435,-0.029544771416112781,1.1299313083291054,0.017703394561424852,relaxation,2.5673785091099199e-06,0.0069190335541531468,5.1058979818342124e-10,0.12345921993255615,1.9839679225697182e-05,0,0,0,1,1
84,0.0021249999463179847,1,held_reference,0,0,4294967295,4294967295,1,6,0.99999910593032837,0,0,0,0.99999927070196981,1.0000007498774528,1.8771406608397488e-09,0.0030624064729636302,-0.0051552144723245874,9.8979519663089377e-05,2.5616953286953479e-07,relaxation,1.8771406608397488e-09,3.6636776871374427e-05,1.3540145325803608e-14,0.00091346754925325513,2.1219727841526037e-06,0,0,0,1,1
85,0.0021499999456864316,0,bent,0,0,4294967295,4294967295,1,10,0.99892240762710571,0,0,0,0.99892240900709894,1.0011035290067172,2.5103718763195273e-06,0.64392664842307568,-0.018833603244274855,1.0986301782540977,0.01676703456884809,relaxation,2.5103718763195273e-06,0.0026427929380498745,7.8904126644909242e-11,0.11625540256500244,1.8433442164678127e-05,0,0,0,1,1
85,0.0021499999456864316,1,held_reference,0,0,4294967295,4294967295,1,7,0.99999910593032837,0,0,0,0.99999927070196981,1.0000007498774528,1.8771406608397488e-09,0.0030301424994831905,-0.0027345410344423726,0.00010503991583732386,3.0981592297030089e-07,relaxation,1.8771406608397488e-09,3.3756670710224298e-05,1.4795566678354651e-14,0.00097564916359260678,2.0661577764258254e-06,0,0,0,1,1
86,0.0021749999450548785,0,bent,0,0,4294967295,4294967295,1,10,0.99898147583007812,0,0,0,0.99898155279746781,1.00102579378284,2.37248425677192e-06,0.59304181486368179,-0.02296223072335124,1.0467550451867282,0.015951271118067208,relaxation,2.37248425677192e-06,0.0061737056893401854,4.3646641654996085e-10,0.10816279798746109,1.8517501302994788e-05,0,0,0,1,1
86,0.0021749999450548785,1,held_reference,0,0,4294967295,4294967295,1,7,0.99999910593032837,0,0,0,0.99999927070196981,1.0000007498774528,1.8771406608397488e-09,0.0030624063983850647,-0.0053889874980086461,9.904819566486367e-05,2.561969211747054e-07,relaxation,1.8771406608397488e-09,3.664933249549964e-05,1.4800973170744509e-14,0.00091346754925325513,2.1698076579923509e-06,0,0,0,1,1
87,0.0021999999444233254,0,bent,0,0,4294967295,4294967295,1,10,0.99902099370956421,0,0,0,0.99902099853766402,1.0010026735657145,2.3224450509190394e-06,0.5971141941845417,-0.023269637953490019,1.0080873016268015,0.015233650777649137,relaxation,2.3224450509190394e-06,0.0024160234442241173,7.1218568871327734e-11,0.1040748730301857,1.7573936929693446e-05,0,0,0,1,1
87,0.0021999999444233254,1,held_reference,0,0,4294967295,4294967295,1,7,0.99999910593032837,0,0,0,0.99999927070196981,1.0000007498774528,1.8771406608397488e-09,0.0030301424458230031,-0.0028087754471926019,0.00010517358919059916,3.0986939909325843e-07,relaxation,1.8771406608397488e-09,3.5561857677532945e-05,1.5175292143894651e-14,0.00097564916359260678,2.0678446617239388e-06,0,0,0,1,1
88,0.0022249999437917722,0,bent,0,0,4294967295,4294967295,1,10,0.99905550479888916,0,0,0,0.99905539854506986,1.0009631738296381,2.2443599270296056e-06,0.57309308089315891,-0.020911755273118615,0.95553218852728605,0.014794740008985625,relaxation,2.2443599270296056e-06,0.0036582289193600797,1.6770629324506379e-10,0.098921336233615875,1.6648560631438158e-05,0,0,0,1,1
88,0.0022249999437917722,1,held_reference,0,0,4294967295,4294967295,1,7,0.99999910593032837,0,0,0,0.99999927070196981,1.0000007498774528,1.8771406608397488e-09,0.0030624063292634673,-0.0053979960066499189,9.9225650046719238e-05,2.5626802433180232e-07,relaxation,1.8771406608397488e-09,3.130876875701858e-05,1.4654930820355286e-14,0.00091346754925325513,2.1810551515955012e-06,0,0,0,1,1
89,0.0022499999431602191,0,bent,0,0,4294967295,4294967295,1,10,0.99909418821334839,0,0,0,0.99909428866830419,1.000931407600046,2.194628510579523e-06,0.61692476505413651,-0.02598718530498445,0.91752464603632689,0.014155750667867718,relaxation,2.194628510579523e-06,0.0022974614032218559,6.8411119070454287e-11,0.096158593893051147,1.5720394003437832e-05,0,0,0,1,1
89,0.0022499999431602191,1,held_reference,0,0,4294967295,4294967295,1,7,0.99999910593032837,0,0,0,0.99999927070196981,1.0000007498774528,1.8771406608397488e-09,0.0030301425304060103,-0.0028049118991475552,0.00010536295050656008,3.099451953439709e-07,relaxation,1.8771406608397488e-09,3.5890114141575813e-05,1.5116753003215546e-14,0.00097564916359260678,2.1025889509473927e-06,0,0,0,1,1
90,0.002274999942528666,0,bent,0,0,4294967295,4294967295,1,10,0.99913215637207031,0,0,0,0.99913209817973148,1.0008931415797393,2.1298328121929858e-06,0.54344705492258072,-0.018832518486306071,0.88459196779876947,0.013797795209400356,relaxation,2.1298328121929858e-06,0.0028642128010271783,1.1098036075379309e-10,0.091093510389328003,1.5885132597759366e-05,0,0,0,1,1
90,0.002274999942528666,1,held_reference,0,0,4294967295,4294967295,1,7,0.99999910593032837,0,0,0,0.99999927070196981,1.0000007498774528,1.8771406608397488e-09,0.0030624064384028316,-0.0053606167202815413,9.9032816990529682e-05,2.5619078965974033e-07,relaxation,1.8771406608397488e-09,3.6351843141455604e-05,1.487370049045372e-14,0.00091346754925325513,2.1049152110208524e-06,0,0,0,1,1
91,0.0022999999418971129,0,bent,0,0,4294967295,4294967295,1,10,0.99915832281112671,0,0,0,0.99915823718540875,1.0008755279063961,2.0834608429846636e-06,0.60201890580356121,-0.027982671279460192,0.85170827805995941,0.013292656710909678,relaxation,2.0834608429846636e-06,0.002021723197352008,5.6362242881343974e-11,0.088806562125682831,1.4966885828471277e-05,0,0,0,1,1
91,0.0022999999418971129,1,held_reference,0,0,4294967295,4294967295,1,7,0.99999910593032837,0,0,0,0.99999927070196981,1.0000007498774528,1.8771406608397488e-09,0.0030301425013021799,-0.0027514347457326949,0.00010485044396091325,3.0974024602437534e-07,relaxation,1.8771406608397488e-09,3.3208769759888844e-05,1.5032085011145535e-14,0.00097564916359260678,2.0781487819476752e-06,0,0,0,1,1
92,0.0023249999412655598,0,bent,0,0,4294967295,4294967295,1,10,0.9991830587387085,0,0,0,0.99918302075904153,1.0008460820143961,2.0287122003691767e-06,0.45234467834234238,-0.020757950842380524,0.82968097738921642,0.013065997683621943,relaxation,2.0287122003691767e-06,0.0023521692148875681,7.7464365794436852e-11,0.08521927148103714,1.4631823432864621e-05,0,0,0,1,1
92,0.0023249999412655598,1,held_reference,0,0,4294967295,4294967295,1,7,0.99999910593032837,0,0,0,0.99999927070196981,1.0000007498774528,1.8771406608397488e-09,0.0030624063438153826,-0.0053841945045860484,9.8752653627798281e-05,2.5607869055238509e-07,relaxation,1.8771406608397488e-09,3.5838355253847706e-05,1.5227391371003831e-14,0.00091346754925325513,2.1866640054213349e-06,0,0,0,1,1
93,0.0023499999406340066,0,bent,0,0,4294967295,4294967295,1,10,0.99920558929443359,0,0,0,0.99920566967146951,1.0008317411122212,1.9899272965990383e-06,0.54005716741085052,-0.019298661965876818,0.80482535203918815,0.012658959637358785,relaxation,1.9899272965990383e-06,0.0016506412327030654,3.8999986075636025e-11,0.083111770451068878,1.4731736882822588e-05,0,0,0,1,1
93,0.0023499999406340066,1,held_reference,0,0,4294967295,4294967295,1,7,0.99999910593032837,0,0,0,0.99999927070196981,1.0000007498774528,1.8771406608397488e-09,0.0030301424649223918,-0.0027742493693949655,0.00010480671619461646,3.0972247438148757e-07,relaxation,1.8771406608397488e-09,3.6303190778399752e-05,1.4308059184579644e-14,0.00097555859247222543,2.0885829599137651e-06,0,0,0,1,1
94,0.0023749999400024535,0,bent,0,0,4294967295,4294967295,1,10,0.99923044443130493,0,0,0,0.99923038898147509,1.0008354876681493,1.9360133890147769e-06,0.43455701693892479,-0.023435990558937192,0.78241523168981075,0.01227953589237109,relaxation,1.9360133890147769e-06,0.0022723708669556949,7.3303807106815204e-11,0.079405136406421661,1.4196359188645147e-05,0,0,0,1,1
94,0.0023749999400024535,1,held_reference,0,0,4294967295,4294967295,1,6,0.99999910593032837,0,0,0,0.99999927070196981,1.0000007498774528,1.8771406608397488e-09,0.0030624062965216581,-0.0051306417881278321,9.8763623157083202e-05,2.5608305659625309e-07,relaxation,1.8771406608397488e-09,3.6630836901403484e-05,1.3175372701091721e-14,0.00091346754925325513,2.0696097635664046e-06,0,0,0,1,1
95,0.0023999999393709004,0,bent,0,0,4294967295,4294967295,1,10,0.99922966957092285,0,0,0,0.99922981030188818,1.0008332575796672,1.8996324219602857e-06,0.4757748581469059,-0.019954668823629618,0.75779910758137703,0.012044347971882672,relaxation,1.8996324219602857e-06,0.0015528836618779892,3.4288297805269197e-11,0.077110089361667633,1.3732836123381276e-05,0,0,0,1,1
95,0.0023999999393709004,1,held_reference,0,0,4294967295,4294967295,1,8,0.99999910593032837,0,0,0,0.99999927070196981,1.0000007498774528,1.8771406608397488e-09,0.00303014247037936,-0.0025920565385604277,0.0001048529277909438,3.0974106753274055e-07,relaxation,1.8771406608397488e-09,3.8608530515032187e-05,1.6234706098712837e-14,0.00097555859247222543,2.3201453132060124e-06,0,0,0,1,1
96,0.0024249999387393473,0,bent,0,0,4294967295,4294967295,1,10,0.99923419952392578,0,0,0,0.99923416154012823,1.0008265369668943,1.8672374858051247e-06,0.44263104908168316,-0.022830747766420245,0.73456665454432368,0.011862407010154801,relaxation,1.8672374858051247e-06,0.001578545771849447,3.6653192390849345e-11,0.07495243102312088,1.3309791029314511e-05,0,0,0,1,1
96,0.0024249999387393473,1,held_reference,0,0,4294967295,4294967295,1,6,0.99999910593032837,0,0,0,0.99999927070196981,1.0000007498774528,1.8771406608397488e-09,0.0030624063256254885,-0.0050342019239906222,9.8673122153059012e-05,2.5604691103580968e-07,relaxation,1.8771406608397488e-09,4.7746896795859463e-05,1.3860577639493615e-14,0.00097555859247222543,2.1195344288571505e-06,0,0,0,1,1
97,0.0024499999381077942,0,bent,0,0,4294967295,4294967295,1,10,0.9992527961730957,0,0,0,0.99925266663651247,1.0008200204685103,1.83781686974126e-06,0.43383265659213066,-0.021272119134664536,0.71042217407375574,0.011401344255972654,relaxation,1.83781686974126e-06,0.001632530269164904,3.8832424459967603e-11,0.071987099945545197,1.3564404980570544e-05,0,0,0,1,1
97,0.0024499999381077942,1,held_reference,0,0,4294967295,4294967295,1,7,0.99999910593032837,0,0,0,0.99999927070196981,1.0000007498774528,1.8771406608397488e-09,0.0030301425631478196,-0.00266297921189107,0.00010473114784304016,3.0969241646562279e-07,relaxation,1.8771406608397488e-09,3.6299467232817519e-05,1.49289369495981e-14,0.00091346754925325513,2.0147358554822858e-06,0,0,0,1,1
98,0.002474999937476241,0,bent,0,0,4294967295,4294967295,1,10,0.9992559552192688,0,0,0,0.99925598197211907,1.0008175987620178,1.8105196047851767e-06,0.41865483298897743,-0.020029864506796002,0.7059838492423296,0.011319441477861255,relaxation,1.8105196047851767e-06,0.0014988065979081317,3.2472683908144375e-11,0.069629929959774017,1.3200695320847444e-05,0,0,0,1,1
98,0.002474999937476241,1,held_reference,0,0,4294967295,4294967295,1,8,0.99999910593032837,0,0,0,0.99999927070196981,1.0000007498774528,1.8771406608397488e-09,0.0030624064820585772,-0.0054040662507759407,9.8949000175707624e-05,2.561571935766546e-07,relaxation,1.8771406608397488e-09,3.8346015429921658e-05,1.5969793755592804e-14,0.00097555859247222543,2.3634434000996407e-06,0,0,0,1,1
99,0.0024999999368446879,0,bent,0,0,4294967295,4294967295,1,10,0.99925917387008667,0,0,0,0.99925910944628027,1.0008136894062956,1.7839308426863818e-06,0.36052949726581573,-0.021215303568169475,0.68530413322150707,0.011112499774381519,relaxation,1.7839308426863818e-06,0.00142783773413161,3.000215322404518e-11,0.068173736333847046,1.3127417332725599e-05,0,0,0,1,1
99,0.0024999999368446879,1,held_reference,0,0,4294967295,4294967295,1,6,0.99999910593032837,0,0,0,0.99999927070196981,1.0000007498774528,1.8771406608397488e-09,0.003030142513125611,-0.002880607164115645,0.00010500564158633097,3.0980217665000952e-07,relaxation,1.8771406608397488e-09,4.7588929388567041e-05,1.3772490478789164e-14,0.00097555859247222543,2.0874533674941631e-06,0,0,0,1,1
100,0.0025249999362131348,0,bent,0,0,4294967295,4294967295,1,10,0.99926501512527466,0,0,0,0.99926495159198092,1.0008059437387575,1.7603938040443994e-06,0.30469512194395065,-0.020776111399754882,0.68028008565306664,0.010962680058844388,relaxation,1.7603938040443994e-06,0.0012048815914366621,2.1969364169701722e-11,0.066262237727642059,1.2868975318269804e-05,0,0,0,1,1
100,0.0025249999362131348,1,held_reference,0,0,4294967295,4294967295,1,7,0.99999910593032837,0,0,0,0.99999927070196981,1.0000007498774528,1.8771406608397488e-09,0.0030624064165749587,-0.0053487614350160584,9.8975806338330585e-05,2.5616793113658746e-07,relaxation,1.8771406608397488e-09,3.1816271821032657e-05,1.4405822526238123e-14,0.00091346754925325513,2.0575689632096328e-06,0,0,0,1,1
101,0.0025499999355815817,0,bent,0,0,4294967295,4294967295,1,10,0.99926650524139404,0,0,0,0.99926647735076002,1.0008048081166709,1.7368996386454342e-06,0.33808333426713943,-0.024201681953854859,0.66483739670366049,0.01074417921923846,relaxation,1.7368996386454342e-06,0.0012136592329196915,2.2291377938076108e-11,0.06427803635597229,1.3185343050281517e-05,0,0,0,1,1
101,0.0025499999355815817,1,held_reference,0,0,4294967295,4294967295,1,8,0.99999910593032837,0,0,0,0.99999927070196981,1.0000007498774528,1.8771406608397488e-09,0.0030301425631478196,-0.0026074900524690747,0.00010522661193590466,3.0989070653049541e-07,relaxation,1.8771406608397488e-09,3.805419760923596e-05,1.6064785416267173e-14,0.00097555859247222543,2.3207646790979197e-06,0,0,0,1,1
102,0.0025749999349500285,0,bent,0,0,4294967295,4294967295,1,10,0.99925994873046875,0,0,0,0.99926001941362075,1.0008013871220269,1.7130432605630689e-06,0.3564390130341053,-0.020687531214207411,0.64833624381572008,0.010382596412520855,relaxation,1.7130432605630689e-06,0.0011583536670065353,2.0606106742797348e-11,0.063272334635257721,1.267512470803922e-05,0,0,0,1,1
102,0.0025749999349500285,1,held_reference,0,0,4294967295,4294967295,1,6,0.99999910593032837,0,0,0,0.99999927070196981,1.0000007498774528,1.8771406608397488e-09,0.0030624063911091071,-0.0050128547154599801,9.9099637253630135e-05,2.5621750214486322e-07,relaxation,1.8771406608397488e-09,4.8751084045183839e-05,1.3970119709269135e-14,0.00097555859247222543,2.1189789549680427e-06,0,0,0,1,1
103,0.0025999999343184754,0,bent,0,0,4294967295,4294967295,1,10,0.99925994873046875,0,0,0,0.99926003068982661,1.0007962546212177,1.6933339731409442e-06,0.35401905328035355,-0.024747383431531489,0.63591341068968177,0.01030710172086209,relaxation,1.6933339731409442e-06,0.00095616052325810292,1.4407411566175125e-11,0.061903245747089386,1.2575307664519642e-05,0,0,0,1,1
103,0.0025999999343184754,1,held_reference,0,0,4294967295,4294967295,1,7,0.99999910593032837,0,0,0,0.99999927070196981,1.0000007498774528,1.8771406608397488e-09,0.0030301425103971269,-0.0026189986092504114,0.00010515300363067581,3.0986113789185723e-07,relaxation,1.8771406608397488e-09,3.6304181620646463e-05,1.4298347920899955e-14,0.0010074430610984564,2.0558650248858612e-06,0,0,0,1,1
104,0.0026249999336869223,0,bent,0,0,4294967295,4294967295,1,10,0.99925327301025391,0,0,0,0.99925324141445182,1.0007940195153064,1.6698512637695036e-06,0.33635782822966576,-0.019834907259792089,0.61996883573010564,0.010178180519465356,relaxation,1.6698512637695036e-06,0.0012105715973273216,2.272274630805058e-11,0.060422852635383606,1.2692711607087404e-05,0,0,0,1,1
104,0.0026249999336869223,1,held_reference,0,0,4294967295,4294967295,1,7,0.99999910593032837,0,0,0,0.99999927070196981,1.0000007498774528,1.8771406608397488e-09,0.0030624063438153826,-0.0052734328201040626,9.9170044222773868e-05,2.5624576200425487e-07,relaxation,1.8771406608397488e-09,3.62663437437258e-05,1.4056896696732695e-14,0.0010074430610984564,2.1980652036290849e-06,0,0,0,1,1
105,0.0026499999330553692,0,bent,0,0,4294967295,4294967295,1,10,0.99925374984741211,0,0,0,0.99925382575477861,1.0007889871981781,1.651581901860536e-06,0.31136373430490494,-0.024977377965115011,0.60905154282227159,0.010067755959682168,relaxation,1.651581901860536e-06,0.00086214927400996423,1.1555811611284147e-11,0.059775792062282562,1.1854946023959201e-05,0,0,0,1,1
105,0.0026499999330553692,1,held_reference,0,0,4294967295,4294967295,1,6,0.99999910593032837,0,0,0,0.99999927070196981,1.0000007498774528,1.8771406608397488e-09,0.0030301425176730845,-0.0027824012213386595,0.00010526352329520705,3.0990533886142629e-07,relaxation,1.8771406608397488e-09,3.6589870340427432e-05,1.3319373763161975e-14,0.0010074430610984564,2.0998777472414076e-06,0,0,0,1,1
106,0.0026749999324238161,0,bent,0,0,4294967295,4294967295,1,10,0.99924486875534058,0,0,0,0.99924489908377967,1.0007874746053493,1.6294053541483891e-06,0.28957857191562653,-0.025187775550875813,0.59406193671748042,0.0097936868592351685,relaxation,1.6294053541483891e-06,0.0010519079046565074,1.6833026903695611e-11,0.058914009481668472,1.2541492651507724e-05,0,0,0,1,1
106,0.0026749999324238161,1,held_reference,0,0,4294967295,4294967295,1,7,0.99999910593032837,0,0,0,0.99999927070196981,1.0000007498774528,1.8771406608397488e-09,0.003062406354729319,-0.0052877017587888986,9.923874418404921e-05,2.5627310170602804e-07,relaxation,1.8771406608397488e-09,3.6274882246032413e-05,1.4114339788995765e-14,0.0010074430610984564,2.1097960143379169e-06,0,0,0,1,1
107,0.0026999999317922629,0,bent,0,0,4294967295,4294967295,1,10,0.99925261735916138,0,0,0,0.99925274789648888,1.000786663371158,1.6103159985438439e-06,0.35232608206570148,-0.023266441829036921,0.5838960250839591,0.0095866730245482198,relaxation,1.6103159985438439e-06,0.00090795035221028744,1.2778750928428331e-11,0.057592831552028656,1.2504074220487382e-05,0,0,0,1,1
107,0.0026999999317922629,1,held_reference,0,0,4294967295,4294967295,1,7,0.99999910593032837,0,0,0,0.99999927070196981,1.0000007498774528,1.8771406608397488e-09,0.0030301424603749183,-0.0026613644149620086,0.00010529565443562205,3.0991806392830743e-07,relaxation,1.8771406608397488e-09,3.6338298721909855e-05,1.4708977346618596e-14,0.00091346754925325513,2.131800783899962e-06,0,0,0,1,1
108,0.0027249999311607098,0,bent,0,0,4294967295,4294967295,1,10,0.99924927949905396,0,0,0,0.99924930289360081,1.000781630561727,1.5908003745842951e-06,0.36098111886531115,-0.02485557075124234,0.58252621069550514,0.0095581806743023929,relaxation,1.5908003745842951e-06,0.00092078209041868825,1.3296730682493317e-11,0.057319939136505127,1.2225230420881417e-05,0,0,0,1,1
108,0.0027249999311607098,1,held_reference,0,0,4294967295,4294967295,1,7,0.99999910593032837,0,0,0,0.99999927070196981,1.0000007498774528,1.8771406608397488e-09,0.0030624062965216581,-0.0052405369497137144,9.9293620365870083e-05,2.5629505457618489e-07,relaxation,1.8771406608397488e-09,3.6289657263997383e-05,1.4391837782537923e-14,0.0010074430610984564,2.1006683255109238e-06,0,0,0,1,1
109,0.0027499999305291567,0,bent,0,0,4294967295,4294967295,1,10,0.99924951791763306,0,0,0,0.99924960251797879,1.0007809776904368,1.5737356480585855e-06,0.31415563635528088,-0.023508280341047794,0.57464117067866027,0.0094001681284923092,relaxation,1.5737356480585855e-06,0.00084284950253979223,1.0933446676872557e-11,0.055983554571866989,1.2029281606373843e-05,0,0,0,1,1
109,0.0027499999305291567,1,held_reference,0,0,4294967295,4294967295,1,7,0.99999910593032837,0,0,0,0.99999927070196981,1.0000007498774528,1.8771406608397488e-09,0.003030142461284413,-0.0026565191510599107,0.00010538773670987212,3.0995500173048627e-07,relaxation,1.8771406608397488e-09,3.6324154780928627e-05,1.4099661538505682e-14,0.0010074430610984564,2.1103180642967345e-06,0,0,0,1,1
110,0.0027749999298976036,0,bent,0,0,4294967295,4294967295,1,10,0.99925172328948975,0,0,0,0.99925162781371102,1.0007793069266295,1.5573075280182939e-06,0.22623906098306179,-0.024469868105370551,0.57606088719330728,0.0093898218361381444,relaxation,1.5573075280182939e-06,0.00080114173556305394,9.8577432640300008e-12,0.05461757630109787,1.1182038178958464e-05,0,0,0,1,1
110,0.0027749999298976036,1,held_reference,0,0,4294967295,4294967295,1,7,0.99999910593032837,0,0,0,0.99999927070196981,1.0000007498774528,1.8771406608397488e-09,0.0030624064384028316,-0.0052176958124618977,9.9406789871636647e-05,2.5634027375417671e-07,relaxation,1.8771406608397488e-09,3.6254862036278808e-05,1.4528309056556907e-14,0.0010074430610984564,2.1447033304866636e-06,0,0,0,1,1
111,0.0027999999292660505,0,bent,0,0,4294967295,4294967295,1,10,0.99924373626708984,0,0,0,0.99924379669672103,1.0007776292263011,1.5379314764610535e-06,0.18085731193423271,-0.024037519528064877,0.56344127678312361,0.009234951315332203,relaxation,1.5379314764610535e-06,0.00090798910468756981,1.2803919399850965e-11,0.053554877638816833,1.1289128451608121e-05,0,0,0,1,1
111,0.0027999999292660505,1,held_reference,0,0,4294967295,4294967295,1,7,0.99999910593032837,0,0,0,0.99999927070196981,1.0000007498774528,1.8771406608397488e-09,0.0030301424931167276,-0.0026054347545141354,0.00010551779274692308,3.1000697494073368e-07,relaxation,1.8771406608397488e-09,3.6344767621401626e-05,1.4614681712106961e-14,0.0010074430610984564,2.1096816453791689e-06,0,0,0,1,1
112,0.0028249999286344973,0,bent,0,0,4294967295,4294967295,1,10,0.99924486875534058,0,0,0,0.99924477115603427,1.0007742724409583,1.5236631048520215e-06,0.17415779642760754,-0.022299332893453538,0.55505988909862936,0.0091676704944092802,relaxation,1.5236631048520215e-06,0.00067983675089324002,7.3583134693391337e-12,0.053568568080663681,1.0792022294481285e-05,0,0,0,1,1
112,0.0028249999286344973,1,held_reference,0,0,4294967295,4294967295,1,6,0.99999910593032837,0,0,0,0.99999927070196981,1.0000007498774528,1.8771406608397488e-09,0.0030624063656432554,-0.0049387186300009489,9.9181994443142685e-05,2.5625061055325188e-07,relaxation,1.8771406608397488e-09,3.6494563749894247e-05,1.264254837038913e-14,0.0010074430610984564,2.1372829905885737e-06,0,0,0,1,1
113,0.0028499999280029442,0,bent,0,0,4294967295,4294967295,1,10,0.9992520809173584,0,0,0,0.99925195802648981,1.000772594817962,1.505081322050909e-06,0.27360291592776775,-0.023399117519147694,0.54566729278303683,0.0089750833583343778,relaxation,1.505081322050909e-06,0.00084817365115563573,1.1187632049387586e-11,0.052318375557661057,1.1446197277109604e-05,0,0,0,1,1
113,0.0028499999280029442,1,held_reference,0,0,4294967295,4294967295,1,7,0.99999910593032837,0,0,0,0.99999927070196981,1.0000007498774528,1.8771406608397488e-09,0.0030301424640128971,-0.0025325710885226727,0.00010504865051075285,3.0981959401015017e-07,relaxation,1.8771406608397488e-09,3.6300429121632178e-05,1.4424101159841041e-14,0.0010074430610984564,2.1346954781620298e-06,0,0,0,1,1
114,0.0028749999273713911,0,bent,0,0,4294967295,4294967295,1,10,0.99925440549850464,0,0,0,0.9992542719777856,1.000773630026875,1.4906312409066795e-06,0.30916573479771614,-0.02234867715742439,0.53795193217229098,0.0089117823945395643,relaxation,1.4906312409066795e-06,0.00066718780155498392,7.0626619455743515e-12,0.051513586193323135,1.0806827958731446e-05,0,0,0,1,1
114,0.0028749999273713911,1,held_reference,0,0,4294967295,4294967295,1,7,0.99999910593032837,0,0,0,0.99999927070196981,1.0000007498774528,1.8771406608397488e-09,0.0030624064711446408,-0.0051312915602466092,9.8926724746206673e-05,2.5614817929090323e-07,relaxation,1.8771406608397488e-09,3.6318104070193571e-05,1.4097963714452194e-14,0.0010074430610984564,2.147263330698479e-06,0,0,0,1,1
115,0.002899999926739838,0,bent,0,0,4294967295,4294967295,1,10,0.99924784898757935,0,0,0,0.99924776772582935,1.0007702727040926,1.4743670470777795e-06,0.25656554289162159,-0.023117315373383462,0.53563692804891616,0.0087555415973346682,relaxation,1.4743670470777795e-06,0.00074911174464553209,8.6315929435234299e-12,0.050824407488107681,1.1180939509358723e-05,0,0,0,1,1
115,0.002899999926739838,1,held_reference,0,0,4294967295,4294967295,1,7,0.99999910593032837,0,0,0,0.99999927070196981,1.0000007498774528,1.8771406608397488e-09,0.0030301424158096779,-0.0025682130944915116,0.00010493351598483969,3.097733061404139e-07,relaxation,1.8771406608397488e-09,3.6325548487100724e-05,1.4483138526100544e-14,0.0010074430610984564,2.0948739347659284e-06,0,0,0,1,1
116,0.0029249999261082849,0,bent,0,0,4294967295,4294967295,1,10,0.99925023317337036,0,0,0,0.99925017448579945,1.0007713014823554,1.4599474474125089e-06,0.22583103738725185,-0.022812278592027724,0.52522635200875811,0.0086611022734884181,relaxation,1.4599474474125089e-06,0.00068518054755441768,7.4507380226069837e-12,0.049919880926609039,1.0368970833951607e-05,0,0,0,1,1
116,0.0029249999261082849,1,held_reference,0,0,4294967295,4294967295,1,7,0.99999910593032837,0,0,0,0.99999927070196981,1.0000007498774528,1.8771406608397488e-09,0.003062406345634372,-0.0051986931066494435,9.8932557648367947e-05,2.561507590035033e-07,relaxation,1.8771406608397488e-09,3.6338269697097693e-05,1.4632061507344224e-14,0.0010074430610984564,2.1811374608660117e-06,0,0,0,1,1
117,0.0029499999254767317,0,bent,0,0,4294967295,4294967295,1,10,0.99925017356872559,0,0,0,0.99925012274723046,1.0007696245788253,1.4444730755638734e-06,0.23711210489273071,-0.022246839973377064,0.51725530039402656,0.008641439464867116,relaxation,1.4444730755638734e-06,0.00066506600887975291,7.157529779684987e-12,0.049272991716861725,1.0946324437099975e-05,0,0,0,1,1
117,0.0029499999254767317,1,held_reference,0,0,4294967295,4294967295,1,7,0.99999910593032837,0,0,0,0.99999927070196981,1.0000007498774528,1.8771406608397488e-09,0.003030142564966809,-0.0026140870759263635,0.00010502763007025351,3.0981100739154484e-07,relaxation,1.8771406608397488e-09,3.6247615973114116e-05,1.4342939367415582e-14,0.0010074430610984564,2.1662779090547701e-06,0,0,0,1,1
118,0.0029749999248451786,0,bent,0,0,4294967295,4294967295,1,10,0.99925112724304199,0,0,0,0.99925106688603293,1.0007679483042351,1.432530643641797e-06,0.18587331846356392,-0.02329677902162075,0.51289085074677132,0.0084911921867243945,relaxation,1.432530643641797e-06,0.00053877558620147356,4.7928792957776227e-12,0.048942185938358307,1.1191639714525081e-05,0,0,0,1,1
118,0.0029749999248451786,1,held_reference,0,0,4294967295,4294967295,1,7,0.99999910593032837,0,0,0,0.99999927070196981,1.0000006992321706,1.8771406608397488e-09,0.0030624064056610223,-0.0051285480731166899,9.8980989434949151e-05,2.5617013709415879e-07,relaxation,1.8771406608397488e-09,3.6283437098166233e-05,1.4378984186060459e-14,0.0010074430610984564,2.1182042928558076e-06,0,0,0,1,1
119,0.0029999999242136255,0,bent,0,0,4294967295,4294967295,1,10,0.99925166368484497,0,0,0,0.99925161924476824,1.0007676297303389,1.4185623655599892e-06,0.1762080229818821,-0.022065865923650563,0.50466493424028158,0.008433758030321448,relaxation,1.4185623655599892e-06,0.00062246874476897603,6.3897498333226166e-12,0.048094388097524643,1.0878278771997429e-05,0,0,0,1,1
119,0.0029999999242136255,1,held_reference,0,0,4294967295,4294967295,1,8,0.99999910593032837,0,0,0,0.99999927070196981,1.0000007498774528,1.8771406608397488e-09,0.003030142504030664,-0.0024594755086582154,0.00010524526373956178,3.0989818924263082e-07,relaxation,1.8771406608397488e-09,3.7144876851406902e-05,1.5609828196834969e-14,0.0010074430610984564,2.1583284706139239e-06,0,0,0,1,1
120,0.0030249999235820724,0,bent,0,0,4294967295,4294967295,1,10,0.99924707412719727,0,0,0,0.99924715889074456,1.0007629148523569,1.4049114481781593e-06,0.18591228500008583,-0.022740063723176718,0.49753668892662972,0.0084169291611872615,relaxation,1.4049114481781593e-06,0.00061066417399733034,6.0277970175288228e-12,0.048155713826417923,1.0863234820135403e-05,0,0,0,1,1
120,0.0030249999235820724,1,held_reference,0,0,4294967295,4294967295,1,6,0.99999910593032837,0,0,0,0.99999927070196981,1.0000007498774528,1.8771406608397488e-09,0.0030624063183495309,-0.004885394184384495,9.9141252235313004e-05,2.5623427914615556e-07,relaxation,1.8771406608397488e-09,3.6504145296125054e-05,1.2918834052783395e-14,0.0010074430610984564,2.1654491320077796e-06,0,0,0,1,1
121,0.0030499999229505192,0,bent,0,0,4294967295,4294967295,1,10,0.9992448091506958,0,0,0,0.99924472590070579,1.0007622632474906,1.3912846690315864e-06,0.24135354906320572,-0.022181907144840807,0.48944439773913473,0.0083167789132520559,relaxation,1.3912846690315864e-06,0.00058836643056879795,5.72798011264009e-12,0.04629826545715332,1.1457330401754007e-05,0,0,0,1,1
121,0.0030499999229505192,1,held_reference,0,0,4294967295,4294967295,1,7,0.99999910593032837,0,0,0,0.99999927070196981,1.0000007021186745,1.8771406608397488e-09,0.0030301425304060103,-0.0025140580837614834,0.00010520619426301892,3.0988237650126389e-07,relaxation,1.8771406608397488e-09,3.6218634083005867e-05,1.4149103080511122e-14,0.0010074430610984564,2.0849497559538577e-06,0,0,0,1,1
122,0.0030749999223189661,0,bent,0,0,4294967295,4294967295,1,10,0.99925249814987183,0,0,0,0.99925241071903215,1.0007622674695806,1.3798198689910298e-06,0.22472373396158218,-0.022482457628939301,0.49932111345697194,0.0080800929014310258,relaxation,1.3798198689910298e-06,0.00054738475832024269,4.7459827556016379e-12,0.046144168823957443,1.1359514246578328e-05,0,0,0,1,1
122,0.0030749999223189661,1,held_reference,0,0,4294967295,4294967295,1,8,0.99999910593032837,0,0,0,0.99999927070196981,1.0000007498774528,1.8771406608397488e-09,0.0030624064238509163,-0.0052374648803379387,9.9394792641760432e-05,2.5633549769554476e-07,relaxation,1.8771406608397488e-09,3.6799219337886352e-05,1.5433985554254343e-14,0.0010074430610984564,2.2223330233828165e-06,0,0,0,1,1
123,0.003099999921687413,0,bent,0,0,4294967295,4294967295,1,10,0.99924623966217041,0,0,0,0.99924617741991928,1.0007605918870339,1.3691392934909772e-06,0.23298912867903709,-0.021827131742611527,0.49331374024040997,0.0080657481663860379,relaxation,1.3691392934909772e-06,0.00046245401316610774,3.5520775785966832e-12,0.046373665332794189,1.0628338714013807e-05,0,0,0,1,1
123,0.003099999921687413,1,held_reference,0,0,4294967295,4294967295,1,7,0.99999910593032837,0,0,0,0.99999927070196981,1.0000006972924627,1.8771406608397488e-09,0.0030301424731078441,-0.0026028113788925111,0.00010478699124405466,3.0971469047381075e-07,relaxation,1.8771406608397488e-09,3.6259057108236529e-05,1.4775565199409533e-14,0.0010074430610984564,2.0831521396758035e-06,0,0,0,1,1
124,0.0031249999210558599,0,bent,0,0,4294967295,4294967295,1,10,0.99925380945205688,0,0,0,0.99925383928834588,1.000757234195331,1.3556717330274776e-06,0.22212766110897064,-0.022566337953321636,0.48476884444244206,0.0079286765641421106,relaxation,1.3556717330274776e-06,0.00056402267583603803,5.2815613786203837e-12,0.045364256948232651,1.0523088349145837e-05,0,0,0,1,1
124,0.0031249999210558599,1,held_reference,0,0,4294967295,4294967295,1,7,0.99999910593032837,0,0,0,0.99999927070196981,1.0000006567451234,1.8771406608397488e-09,0.0030301425103971269,-0.0029587254684884101,0.00010469842095517379,3.0967940988557499e-07,relaxation,1.8771406608397488e-09,3.622735391578698e-05,1.3610160153620308e-14,0.0010074430610984564,2.1658149762515677e-06,0,0,0,1,1
125,0.0031499999204243068,0,bent,0,0,4294967295,4294967295,1,10,0.99924546480178833,0,0,0,0.9992454694845313,1.0007565819995425,1.343741974983218e-06,0.23138736188411713,-0.02304175472818315,0.47855109674856067,0.0079128629497438666,relaxation,1.343741974983218e-06,0.00055358712229491825,4.7922542647620457e-12,0.044319223612546921,1.0666496564226691e-05,0,0,0,1,1
125,0.0031499999204243068,1,held_reference,0,0,4294967295,4294967295,1,7,0.99999910593032837,0,0,0,0.99999927070196981,1.0000007498774528,1.8771406608397488e-09,0.0030301424849312752,-0.0043751433804573026,0.00010467680442616256,3.0967057829548112e-07,relaxation,1.8771406608397488e-09,3.6253095061422946e-05,1.3941768618032078e-14,0.0010074430610984564,2.1373227809817763e-06,0,0,0,1,1
126,0.0031749999197927536,0,bent,0,0,4294967295,4294967295,1,10,0.99924832582473755,0,0,0,0.99924838276563532,1.0007521944219555,1.3310571743901518e-06,0.21917293407022953,-0.022129848890472203,0.47487440868280828,0.0078542730572428547,relaxation,1.3310571743901518e-06,0.00054481738939658189,4.6654545092895015e-12,0.044099621474742889,1.0406568435428198e-05,0,0,0,1,1
126,0.0031749999197927536,1,held_reference,0,0,4294967295,4294967295,1,7,0.99999910593032837,0,0,0,0.99999927070196981,1.0000007025109861,1.8771406608397488e-09,0.0030301424767458229,-0.0028329935666988604,0.00010471685342849923,3.0968674157429591e-07,relaxation,1.8771406608397488e-09,3.6240978092147089e-05,1.4143445847648036e-14,0.0010074430610984564,2.1789810489281081e-06,0,0,0,1,1
127,0.0031999999191612005,0,bent,0,0,4294967295,4294967295,1,10,0.99925041198730469,0,0,0,0.99925041634970424,1.0007504251425494,1.3200665725640222e-06,0.18677992559969425,-0.022396926186047494,0.46926037641242146,0.0077509365373756717,relaxation,1.3200665725640222e-06,0.00048510124032006077,3.7649784598129542e-12,0.0436440110206604,1.0106722584168892e-05,0,0,0,1,1
127,0.0031999999191612005,1,held_reference,0,0,4294967295,4294967295,1,6,0.99999910593032837,0,0,0,0.99999927070196981,1.0000006567451234,1.8771406608397488e-09,0.0030301424940262223,-0.0042178756975772558,0.00010474913409552755,3.0969972121783916e-07,relaxation,1.8771406608397488e-09,3.6549424376865055e-05,1.258898063935395e-14,0.0010074430610984564,2.1443267996801296e-06,0,0,0,1,1
128,0.0032249999185296474,0,bent,0,0,4294967295,4294967295,1,10,0.99924349784851074,0,0,0,0.99924350479321811,1.0007506759376461,1.3106165982267927e-06,0.19321070425212383,-0.022016427770722657,0.46432521659880877,0.007739721590327096,relaxation,1.3106165982267927e-06,0.00044188053651744518,3.2248554859167439e-12,0.043252255767583847,1.0274798114551231e-05,0,0,0,1,1
128,0.0032249999185296474,1,held_reference,0,0,4294967295,4294967295,1,7,0.99999910593032837,0,0,0,0.99999927070196981,1.0000006937829455,1.8771406608397488e-09,0.0030301425185825792,-0.0027734301838790998,0.00010479613032998714,3.0971838092500519e-07,relaxation,1.8771406608397488e-09,3.6264940108687909e-05,1.3874146690341518e-14,0.0010074430610984564,2.1808666588185588e-06,0,0,0,1,1
129,0.0032499999178980943,0,bent,0,0,4294967295,4294967295,1,10,0.99924290180206299,0,0,0,0.99924298293855052,1.0007514594908036,1.301792108439149e-06,0.19966208375990391,-0.023360724677331746,0.45996421691961586,0.0077285453803297146,relaxation,1.301792108439149e-06,0.00040603401510380676,2.7978396985405428e-12,0.042696103453636169,1.1067219929827843e-05,0,0,0,1,1
129,0.0032499999178980943,1,held_reference,0,0,4294967295,4294967295,1,6,0.99999910593032837,0,0,0,0.99999927070196981,1.0000006567451234,1.8771406608397488e-09,0.0030301424030767521,-0.0041686298263812205,0.00010477440773115632,3.0970977499418916e-07,relaxation,1.8771406608397488e-09,3.6515685438949379e-05,1.2763991015648216e-14,0.0010074430610984564,2.1155722151888767e-06,0,0,0,1,1
130,0.0032749999172665412,0,bent,0,0,4294967295,4294967295,1,10,0.99924194812774658,0,0,0,0.99924200494782767,1.0007497768472418,1.291271633782464e-06,0.20701037719845772,-0.020982462738174945,0.4543676027096808,0.0077157508066706352,relaxation,1.291271633782464e-06,0.00045223050746091473,3.4820992827963351e-12,0.042322497814893723,1.0389382623543497e-05,0,0,0,1,1
130,0.0032749999172665412,1,held_reference,0,0,4294967295,4294967295,1,7,0.99999910593032837,0,0,0,0.99999927070196981,1.0000006567451234,1.8771406608397488e-09,0.0030301425094876322,-0.0027792556356871501,0.00010479798183382627,3.0971890528326131e-07,relaxation,1.8771406608397488e-09,3.6265021236292577e-05,1.3572696127518627e-14,0.0010074430610984564,2.159241148547153e-06,0,0,0,1,1
131,0.003299999916634988,0,bent,0,0,4294967295,4294967295,1,10,0.99925017356872559,0,0,0,0.99925014494052067,1.000748101394465,1.2813731405272874e-06,0.19203473813831806,-0.022517569042975083,0.44956568023189902,0.0076676884140800686,relaxation,1.2813731405272874e-06,0.0004009491170831277,2.7262433775203356e-12,0.041747733950614929,9.853107258095406e-06,0,0,0,1,1
131,0.003299999916634988,1,held_reference,0,0,4294967295,4294967295,1,7,0.99999910593032837,0,0,0,0.99999927070196981,1.0000006567451234,1.8771406608397488e-09,0.0030301424485514872,-0.004286638864869019,0.00010485205081067761,3.0974077339487847e-07,relaxation,1.8771406608397488e-09,3.6290776964179212e-05,1.3941052388970568e-14,0.0010074430610984564,2.1715709408454131e-06,0,0,0,1,1
132,0.0033249999160034349,0,bent,0,0,4294967295,4294967295,1,10,0.99924325942993164,0,0,0,0.99924333798732901,1.0007447383063133,1.2719299391048601e-06,0.17793014459311962,-0.020792985276784748,0.44739616103470325,0.0076120982805807143,relaxation,1.2719299391048601e-06,0.00042678935187461767,3.1932580820734243e-12,0.041474517434835434,1.0610538083710708e-05,0,0,0,1,1
132,0.0033249999160034349,1,held_reference,0,0,4294967295,4294967295,1,7,0.99999910593032837,0,0,0,0.99999927070196981,1.0000006567451234,1.8771406608397488e-09,0.0030301424458230031,-0.002792454142763745,0.00010490054791034709,3.097603897722362e-07,relaxation,1.8771406608397488e-09,3.6226517270675378e-05,1.38781826031607e-14,0.0010074430610984564,2.1777980236947769e-06,0,0,0,1,1
133,0.0033499999153718818,0,bent,0,0,4294967295,4294967295,1,10,0.99925243854522705,0,0,0,0.99925248631598951,1.0007430628972487,1.2620312870809802e-06,0.20842938870191574,-0.022547089349245653,0.44468632666394114,0.0075566914945915343,relaxation,1.2620312870809802e-06,0.00040188103658767677,2.7575839384511457e-12,0.041058260947465897,1.0629380085447337e-05,0,0,0,1,1
133,0.0033499999153718818,1,held_reference,0,0,4294967295,4294967295,1,6,0.99999910593032837,0,0,0,0.99999927070196981,1.0000006567451234,1.8771406608397488e-09,0.0030301425031211693,-0.0042040473708766513,0.00010488956650078762,3.097558925619519e-07,relaxation,1.8771406608397488e-09,3.6615899378636806e-05,1.2625305317922871e-14,0.0010074430610984564,2.1053210730315186e-06,0,0,0,1,1
134,0.0033749999147403287,0,bent,0,0,4294967295,4294967295,1,10,0.99924635887145996,0,0,0,0.99924646093706138,1.0007432792663014,1.2516671368053539e-06,0.15703212656080723,-0.020056241715792567,0.45585620356723666,0.0073069923228677352,relaxation,1.2516671368053539e-06,0.00041758314794379368,3.0524613040075164e-12,0.040641557425260544,1.0531040061323438e-05,0,0,0,1,1
134,0.0033749999147403287,1,held_reference,0,0,4294967295,4294967295,1,8,0.99999910593032837,0,0,0,0.99999927070196981,1.0000006567451234,1.8771406608397488e-09,0.0030301424621939077,-0.0027567351498873904,0.00010506234258400582,3.098249723998376e-07,relaxation,1.8771406608397488e-09,3.6957996555664682e-05,1.5348097726405662e-14,0.0010074430610984564,2.1962721348245395e-06,0,0,0,1,1
135,0.0033999999141087756,0,bent,0,0,4294967295,4294967295,1,10,0.99924886226654053,0,0,0,0.99924890435263802,1.0007380244364685,1.2425379837304132e-06,0.13960644230246544,-0.022644263372058049,0.45377561450004578,0.0073375252598263324,relaxation,1.2425379837304132e-06,0.00041467201114405285,3.0299963430443975e-12,0.040253467857837677,1.0070485586766154e-05,0,0,0,1,1
135,0.0033999999141087756,1,held_reference,0,0,4294967295,4294967295,1,6,0.99999910593032837,0,0,0,0.99999927070196981,1.0000006567451234,1.8794430832027589e-09,0.0030301425103971269,-0.0042029511478176573,0.00010498913977130542,3.0979570078852664e-07,relaxation,1.8794430832027589e-09,3.6554045783559591e-05,1.2829214890112957e-14,0.0010074430610984564,2.1708513031626353e-06,0,0,0,1,1
136,0.0034249999134772224,0,bent,0,0,4294967295,4294967295,1,10,0.99924784898757935,0,0,0,0.9992478289785911,1.0007398944601513,1.2344945303969769e-06,0.16707026027143002,-0.020565691404044628,0.45000345958396792,0.0072822787155006081,relaxation,1.2344945303969769e-06,0.00033310024669184265,2.0077058035436859e-12,0.03959260880947113,9.629386113374494e-06,0,0,0,1,1
136,0.0034249999134772224,1,held_reference,0,0,4294967295,4294967295,1,7,0.99999910593032837,0,0,0,0.99999927070196981,1.0000006567451234,1.8874196315357757e-09,0.0030301424640128971,-0.0027764014739659615,0.00010499036366695691,3.0979618105538934e-07,relaxation,1.8874196315357757e-09,3.6241878734267257e-05,1.3836681385732493e-14,0.0010074430610984564,2.0981503894290654e-06,0,0,0,1,1
137,0.0034499999128456693,0,bent,0,0,4294967295,4294967295,1,10,0.99924594163894653,0,0,0,0.99924600846330558,1.0007382084970695,1.2256782058432162e-06,0.17383152991533279,-0.022939529735594988,0.4451880194246769,0.0072704486564025284,relaxation,1.2256782058432162e-06,0.00039584492442072656,2.808998462264244e-12,0.040123548358678818,1.0454652510816231e-05,0,0,0,1,1
137,0.0034499999128456693,1,held_reference,0,0,4294967295,4294967295,1,8,0.99999910593032837,0,0,0,0.99999927070196981,1.0000006567451234,1.8972734791472605e-09,0.0030301424831122858,-0.0043294254210195504,0.00010523432251829945,3.0989370735733226e-07,relaxation,1.8972734791472605e-09,3.6964968212302759e-05,1.5292358239369481e-14,0.0010074430610984564,2.2025492398825008e-06,0,0,0,1,1
138,0.0034749999122141162,0,bent,0,0,4294967295,4294967295,1,10,0.9992414116859436,0,0,0,0.99924148149006198,1.0007373768398444,1.2168637603358469e-06,0.18228015676140785,-0.020393830316606909,0.44005721993744373,0.0072558757460676141,relaxation,1.2168637603358469e-06,0.00039124198252303794,2.7007535276002788e-12,0.038558010011911392,1.06598326965468e-05,0,0,0,1,1
138,0.0034749999122141162,1,held_reference,0,0,4294967295,4294967295,1,6,0.99999910593032837,0,0,0,0.99999927070196981,1.0000006567451234,1.9049905630656679e-09,0.0030301425122161163,-0.0028134741587564349,0.00010494435261421131,3.0977777808766357e-07,relaxation,1.9049905630656679e-09,3.6503698213245263e-05,1.2899308783224632e-14,0.00097555859247222543,2.1297228158800863e-06,0,0,0,1,1
139,0.0034999999115825631,0,bent,0,0,4294967295,4294967295,1,10,0.99924927949905396,0,0,0,0.99924936237321571,1.0007365061052209,1.2084893727420811e-06,0.16796063259243965,-0.022949519028770737,0.43768227798864245,0.0071999129295758904,relaxation,1.2084893727420811e-06,0.00036418233096706257,2.3749235771590607e-12,0.038945417851209641,1.0274512533214875e-05,0,0,0,1,1
139,0.0034999999115825631,1,held_reference,0,0,4294967295,4294967295,1,7,0.99999910593032837,0,0,0,0.99999927070196981,1.0000006567451234,1.9159202188228863e-09,0.0030301424758363282,-0.0043260678360184102,0.00010475398420339843,3.0970146360232279e-07,relaxation,1.9159202188228863e-09,3.6213181971608281e-05,1.4063968837143485e-14,0.00097555859247222543,2.1300240860000486e-06,0,0,0,1,1
140,0.00352499991095101,0,bent,0,0,4294967295,4294967295,1,10,0.99924123287200928,0,0,0,0.99924129141680296,1.000736724132989,1.2006024062103884e-06,0.17300201393663883,-0.020599426527041942,0.43481098674237728,0.0071910901390817017,relaxation,1.2006024062103884e-06,0.00034108112054319329,2.0319005274054947e-12,0.038198426365852356,1.0436042430228554e-05,0,0,0,1,1
140,0.00352499991095101,1,held_reference,0,0,4294967295,4294967295,1,7,0.99999910593032837,0,0,0,0.99999927070196981,1.0000006567451234,1.9162632121796683e-09,0.0030301425113066216,-0.0028544443121063523,0.00010470628103576018,3.0968257293261511e-07,relaxation,1.9162632121796683e-09,3.6328624537457552e-05,1.3984413536445396e-14,0.00097555859247222543,2.1938556074019289e-06,0,0,0,1,1
141,0.0035499999103194568,0,bent,0,0,4294967295,4294967295,1,10,0.9992443323135376,0,0,0,0.99924436084493695,1.0007323441497098,1.1907031961177374e-06,0.13763619773089886,-0.022809752583270893,0.43186354264616966,0.0070928058009017258,relaxation,1.1907031961177374e-06,0.00037106267343611451,2.3674822218927029e-12,0.038499701768159866,1.0398856829851866e-05,0,0,0,1,1
141,0.0035499999103194568,1,held_reference,0,0,4294967295,4294967295,1,7,0.99999910593032837,0,0,0,0.99999927070196981,1.0000006567451234,1.9216569368035323e-09,0.0030301425395009574,-0.0043247485655228957,0.00010466838318734517,3.0966709960557578e-07,relaxation,1.9216569368035323e-09,3.6256420699974193e-05,1.382969800617743e-14,0.00097555859247222543,2.1757412014267175e-06,0,0,0,1,1
142,0.0035749999096879037,0,bent,0,0,4294967295,4294967295,1,10,0.99924969673156738,0,0,0,0.99924972941490842,1.0007314243347691,1.1818923805310288e-06,0.1437346376478672,-0.021995609684381634,0.42827910743653774,0.0070821922859214247,relaxation,1.1818923805310288e-06,0.00037201687893638854,2.483280274157475e-12,0.03786802664399147,1.0412150004412979e-05,0,0,0,1,1
142,0.0035749999096879037,1,held_reference,0,0,4294967295,4294967295,1,7,0.99999910593032837,0,0,0,0.99999927070196981,1.0000006567451234,1.9287597787445769e-09,0.0030301425622383249,-0.0028187951611471362,0.00010469389181366751,3.0967762752243258e-07,relaxation,1.9287597787445769e-09,3.6277658088969642e-05,1.4197754546760012e-14,0.00097555859247222543,2.1073838070151396e-06,0,0,0,1,1
143,0.0035999999090563506,0,bent,0,0,4294967295,4294967295,1,10,0.99924194812774658,0,0,0,0.99924199689271875,1.0007333724677085,1.1741601343528792e-06,0.14974446035921574,-0.022223424224648625,0.42479551373980939,0.00707179714786075,relaxation,1.1741601343528792e-06,0.00030174271995962439,1.709760018116434e-12,0.038160543888807297,9.8982118288404308e-06,0,0,0,1,1
143,0.0035999999090563506,1,held_reference,0,0,4294967295,4294967295,1,8,0.99999910593032837,0,0,0,0.99999927070196981,1.0000006567451234,1.9384377679476731e-09,0.0030301424376375508,-0.0043997983848385047,0.0001049570429358937,3.0978267219688811e-07,relaxation,1.9384377679476731e-09,3.6851903252734906e-05,1.4858564448553097e-14,0.00097555859247222543,2.2264632661972428e-06,0,0,0,1,1
