time_s,step,min_skin_bed_gap_m,vertices_below_1mm,nonfinite_skin_vertices,max_functional_volume_relative_error,q_ra,q_rv,q_la,q_lv,ra_target_ml,rv_target_ml,la_target_ml,lv_target_ml,diaphragm_swept_ml,rib_swept_ml,lung_target_ml,body_com_x_m,body_com_y_m,body_com_z_m,represented_body_mass_kg,ventricular_wall_bound,ventricular_material_ml,ventricular_material_target_ml,ventricular_closure_mm,ventricular_material_status,functional_geometry_status
0,0,-0.000110551714897,0,0,6.33778313386e-07,-0.31223398447,0.0542525686324,-0.0350566618145,0.0582944639027,32.2639498336,138.358649565,47.7374887851,118.755349831,0,0,2499.99994412,-0.0250191260129,-0.756986141205,0.115114875138,72,1,164.012875757,164.012890309,-1.2374430662,0,0
0.0620000029448,31,-5.06639480591e-06,0,0,7.7868844528e-07,-0.344409584999,0.0746050179005,-0.0415468327701,0.074126496911,28.6943213723,145.909027196,46.7807112727,124.165206216,10.1212253867,-0.745808506508,2509.37533565,-0.0249563399702,-0.756188392639,0.109253257513,72,1,164.012890309,164.012890309,-1.59896968398,0,0
0.126000005985,63,-4.61935997009e-06,0,0,6.42846941901e-07,-0.391378343105,0.0951465070248,-0.0516734831035,0.0844648480415,24.0499975916,153.819695697,45.3135216958,127.785053337,35.5510492227,0.818786077161,2536.3699533,-0.0248568486422,-0.752567648888,0.106915540993,72,1,164.012890309,164.012890309,-1.91272015218,0,0
0.190000009025,95,-8.30739736557e-06,0,0,7.24175890809e-07,-0.387993037701,0.0829795002937,-0.0544301532209,0.0844648480415,24.3631038757,149.098588736,44.9195067631,127.785053337,66.4689869154,7.11895245331,2573.58793169,-0.0246808473021,-0.746625781059,0.105088554323,72,1,164.012875757,164.012890309,-1.76015880425,0,0
0.254000012064,127,-9.79006290436e-06,0,0,7.98517930889e-07,-0.340079128742,-0.0248399227858,-0.0296466983855,-0.0153879057616,29.1559026664,111.633562483,48.5449199914,95.6376970862,99.9984622467,16.3444838108,2616.34285562,-0.0244872495532,-0.742052316666,0.104505091906,72,1,164.012759342,164.012890309,0.530706951395,0,0
0.318000015104,159,-1.62422657013e-06,0,0,7.13005022135e-07,-0.292819142342,-0.0990090966225,-0.00763700250536,-0.112854987383,34.578024497,90.1444946066,51.9237219123,69.954789069,134.522211738,27.2260585916,2661.74809076,-0.0241260901093,-0.740643084049,0.105538100004,72,1,164.012890309,164.012890309,3.08358250186,0,0
0.382000018144,191,-6.48200511932e-07,0,0,7.0979371003e-07,-0.273696064949,-0.132219314575,0.00602869875729,-0.151955455542,36.9791305275,81.5726671135,54.0985020052,61.1068098806,168.881364516,39.0139393858,2707.89535716,-0.0239618886262,-0.740781068802,0.105656832457,72,1,164.012773894,164.012890309,4.37205657363,0,0
0.446000021184,223,2.38418579102e-07,0,0,7.98517930889e-07,-0.260383069515,-0.135385245085,0.0167039372027,-0.153908014297,38.723799662,80.7880787761,55.839002016,60.6856992817,202.159950277,51.2486694788,2753.40839289,-0.0235406085849,-0.740735471249,0.104371979833,72,1,164.012759342,164.012890309,4.4663362205,0,0
0.510000024224,255,9.23871994019e-07,0,0,1.34651872941e-06,-0.298607170582,-0.104095086455,0.00699572544545,-0.135217607021,33.875254303,88.7908390723,54.2546549696,64.7968845442,233.601094806,63.6282711639,2797.2292155,-0.0227081421763,-0.740916728973,0.103420548141,72,1,164.012846653,164.012890309,3.56314820237,0,0
0.574000027264,287,8.34465026855e-07,0,0,7.29110809061e-07,-0.356432616711,-0.0426428429782,-0.0322095267475,-0.00716889277101,27.4428566627,106.17046064,48.1612951262,98.0527402135,262.578803813,75.9311296861,2838.50985579,-0.0224776100367,-0.741197764874,0.102359734476,72,1,164.012890309,164.012890309,0.706831342541,0,0
0.638000030303,319,7.00354576111e-07,0,0,8.57802092469e-07,-0.352554023266,-0.0173616968095,-0.0335920788348,0.04394473508,27.8417737718,113.98748029,47.9551854369,113.989837701,288.601062493,87.9685976543,2876.56951696,-0.0224330034107,-0.74187797308,0.100913710892,72,1,164.012861205,164.012890309,-0.155901347171,0,0
0.702000033343,351,-7.22706317902e-07,0,0,8.79500817064e-07,-0.344672679901,0.00200607907027,-0.0326222516596,0.0688464194536,28.6664690066,120.248900203,48.099704145,122.343117255,311.326642986,99.5584268821,2910.88502854,-0.0228136517107,-0.742157161236,0.0999160483479,72,1,164.012832101,164.012890309,-0.613774871454,0,0
0.766000036383,383,-2.13831663132e-06,0,0,1.29914042191e-06,-0.336871862411,0.0189406424761,-0.0310947969556,0.0827011615038,29.5015051961,125.92166604,48.3279072796,127.162609715,330.586801283,110.502362077,2941.08921662,-0.0244361832738,-0.742667973042,0.0986550524831,72,1,164.01281755,164.012890309,-0.929938396439,0,0
0.830000039423,415,-2.13831663132e-06,0,0,7.83843347563e-07,-0.329643726349,0.0341704152524,-0.0296299979091,0.0912463217974,30.2920925606,131.183784106,48.5474265588,130.197309772,346.393469954,120.579934446,2966.97346494,-0.0245336592197,-0.742686808109,0.098567686975,72,1,164.012933965,164.012890309,-1.1774682207,0,0
0.894000042463,447,-2.27242708206e-06,0,0,9.87387920759e-07,-0.333222389221,0.0501014105976,-0.0305775180459,0.0972830802202,29.8986342386,136.85329759,48.4053525724,132.370027131,358.924851753,129.551408463,2988.47607337,-0.0245951339602,-0.742698729038,0.0985498353839,72,1,164.012773894,164.012890309,-1.41209515277,0,0
0.958000045503,479,-2.71946191788e-06,0,0,9.25337360513e-07,-0.383377671242,0.0741044431925,-0.0430096648633,0.103565111756,24.795286663,145.719910506,46.5668417746,134.656555019,368.484616047,137.170791277,3005.65524958,-0.0246012359858,-0.742695271969,0.0985516384244,72,1,164.012904861,164.012890309,-1.74084689934,0,0
1.02200004854,511,-2.52574682236e-06,0,0,1.00249485513e-06,-0.391834020615,0.0814423263073,-0.0510432384908,0.104807376862,24.0081026277,148.509483552,45.4039254691,135.111811687,375.455274479,143.1969431,3018.65208894,-0.02460802719,-0.742692410946,0.0985552072525,72,1,164.012788446,164.012890309,-1.83623936027,0,0
1.08600005158,543,-2.22772359848e-06,0,0,7.813360412e-07,-0.36946618557,0.00445762090385,-0.0417360924184,0.0435544885695,26.1354252871,121.058605146,46.7530044261,113.862050057,380.30554424,147.543483763,3027.84889936,-0.0246158372611,-0.742692649364,0.0985586717725,72,1,164.012832101,164.012890309,-0.455114757642,0,0
1.15000005462,575,-2.38418579102e-06,0,0,1.16615092338e-06,-0.304848790169,-0.0845308899879,-0.0130608007312,-0.0800470262766,33.129730582,94.0803947742,51.0769932589,78.0064438004,383.449107176,150.274834596,3033.72368217,-0.0246243774891,-0.742695271969,0.0985623002052,72,1,164.01281755,164.012890309,2.31583882123,0,0
1.21400005766,607,-2.04145908356e-06,0,0,1.1037702734e-06,-0.280381917953,-0.129929482937,0.000179581431439,-0.140415012836,36.1257043551,82.1436333354,53.1603800482,63.6355907773,385.126651963,151.285814354,3036.41241044,-0.024632120505,-0.742697894573,0.0985667183995,72,1,164.012832101,164.012890309,4.11075446755,0,0
1.2780000607,639,-2.32458114624e-06,0,0,4.82911332256e-07,-0.264870166779,-0.14140060544,0.0111326240003,-0.151965409517,38.1289755751,79.3127110228,54.9260657863,61.1046561971,385.479739634,150.42789164,3035.9076336,-0.0246393829584,-0.742700338364,0.0985706597567,72,1,164.012861205,164.012890309,4.53489273787,0,0
1.34200006374,671,-2.36183404922e-06,0,0,1.10528071673e-06,-0.255571126938,-0.140154153109,0.0190121084452,-0.151965409517,39.369409933,79.6167732915,56.2201712455,61.1046561971,384.576240322,147.567843669,3032.14392625,-0.0246462225914,-0.742703139782,0.0985754206777,72,1,164.012890309,164.012890309,4.51282085851,0,0
1.40600006678,703,-2.37673521042e-06,0,0,6.67876122407e-07,-0.352891981602,-0.0610687844455,-0.0316934399307,-0.0439621470869,27.8068328043,100.721794297,48.2383838971,87.5505502336,382.411759347,142.62527111,3025.03700368,-0.0246527567506,-0.742705643177,0.0985800996423,72,1,164.012875757,164.012890309,1.43180578016,0,0
1.47000006982,735,-2.13086605072e-06,0,0,8.565114058e-07,-0.356303989887,-0.0289744772017,-0.0355273522437,0.0257160626352,27.456015232,110.347209556,47.6676650578,108.122250822,378.937023925,135.571171995,3014.50816914,-0.024659153074,-0.742708325386,0.0985851660371,72,1,164.012846653,164.012890309,0.170643586898,0,0
1.53400007286,767,-2.22027301788e-06,0,0,5.03691296672e-07,-0.348812699318,-0.00763507373631,-0.0352963022888,0.0574004240334,28.230899261,117.102070362,47.7019311802,118.454634503,374.051858671,126.433486002,3000.48524514,-0.0246656239033,-0.742710709572,0.0985901206732,72,1,164.012919413,164.012890309,-0.39870411274,0,0
1.5980000759,799,-2.4139881134e-06,0,0,4.43621075874e-07,-0.340698778629,0.0104857310653,-0.0339856408536,0.0741190314293,29.0895040962,123.066129163,47.896621254,124.162615975,367.58382339,115.309761895,2982.89349303,-0.0246716961265,-0.742712914944,0.0985946133733,72,1,164.01281755,164.012890309,-0.763054180425,0,0
1.66200007894,831,-2.4288892746e-06,0,0,8.54588734001e-07,-0.333094477654,0.0266624763608,-0.0325481705368,0.0840096026659,29.9126313621,128.570536617,48.1107563246,127.624196466,359.227880836,102.396174043,2961.62394807,-0.0246780086309,-0.742715299129,0.0985994786024,72,1,164.012963069,164.012890309,-1.03828217834,0,0
1.72600008198,863,-2.60025262833e-06,0,0,5.74637681439e-07,-0.326723814011,0.0414075963199,-0.0314285717905,0.0904149413109,30.6161018671,133.738270961,48.2779796585,129.899955937,348.439119989,88.0399384187,2936.47916988,-0.0246839877218,-0.742717564106,0.0986043736339,72,1,164.012861205,164.012890309,-1.26512884162,0,0
1.79000008502,895,-2.27987766266e-06,0,0,9.46228169596e-07,-0.363386690617,0.0636609345675,-0.0397542975843,0.0963737517595,26.7389641522,141.813754453,47.0436752948,132.041212055,334.344193107,72.7861333871,2907.13016875,-0.0246902927756,-0.742719888687,0.0986093059182,72,1,164.012933965,164.012890309,-1.57739163842,0,0
1.85400008806,927,-2.22772359848e-06,0,0,5.17948080869e-07,-0.393580079079,0.0804626494646,-0.0507969297469,0.0999675095081,23.8481115957,148.13488815,45.4392902611,133.343914058,315.480312565,57.5063277211,2872.98671901,-0.0246960818768,-0.742722094059,0.0986141711473,72,1,164.012861205,164.012890309,-1.80281756911,0,0
1.9180000911,959,-2.03400850296e-06,0,0,6.45547288514e-07,-0.38612228632,0.0456497110426,-0.0527129359543,0.0939676910639,24.5375467784,135.251888423,45.1646810689,131.173801492,289.202085696,43.7070448243,2832.90911466,-0.0247020404786,-0.742724180222,0.0986191928387,72,1,164.012992173,164.012890309,-1.33847328834,0,0
1.98200009414,991,-2.24262475967e-06,0,0,6.99191843978e-07,-0.32440251112,-0.0568567477167,-0.0236874260008,-0.040062289685,30.8756061713,101.949080999,49.4448177051,88.6263296707,251.982040936,33.3780408255,2785.36020778,-0.0247080735862,-0.74272608757,0.0986240804195,72,1,164.012890309,164.012890309,1.31561455783,0,0
2.04600009718,1023,-2.22027301788e-06,0,0,1.15341481433e-06,-0.287687182426,-0.117987275124,-0.00730638485402,-0.124267563224,35.2103925252,85.169202066,51.9756358699,67.289598519,202.636947506,27.7018643828,2730.33883423,-0.024713717401,-0.742728173733,0.098628886044,72,1,164.012701134,164.012890309,3.60711151734,0,0
2.11000010022,1055,-2.05636024475e-06,0,0,7.51364495954e-07,-0.269688904285,-0.142489045858,0.00466902926564,-0.152733355761,37.4978953914,79.0478952695,53.8794520253,60.9388080193,152.170148795,24.6512245212,2676.8213138,-0.0247192233801,-0.742730379105,0.0986338332295,72,1,164.012802998,164.012890309,4.56925434992,0,0
2.17400010326,1087,-1.97440385818e-06,0,0,8.27847259188e-07,-0.256865561008,-0.14274507761,0.0137426499277,-0.152733355761,39.1949506593,78.9857003838,55.3525060241,60.9388080193,110.451161163,21.0773105209,2631.52830303,-0.0247248373926,-0.742732286453,0.0986390858889,72,1,164.012773894,164.012890309,4.57379221916,0,0
2.2380001063,1119,-2.11596488953e-06,0,0,2.33716917819e-07,-0.32938849926,-0.0870218127966,-0.0205450057983,-0.0991486608982,30.3203069052,93.3944902499,49.9237939948,73.2475309633,78.8831312093,16.946976757,2595.83001025,-0.0247308202088,-0.742734193802,0.0986436754465,72,1,164.012861205,164.012890309,2.65490170568,0,0
2.30200010934,1151,-2.44379043579e-06,0,0,4.05429773309e-07,-0.357859373093,-0.0395331345499,-0.0366135127842,0.00238253967836,27.2972574749,107.110543468,47.5068009109,100.909972389,55.8888968953,12.9911604745,2568.88009608,-0.0247383378446,-0.742735862732,0.0986461415887,72,1,164.012948517,164.012890309,0.557286199182,0,0
2.36600011238,1183,-2.60770320892e-06,0,0,7.77084892434e-07,-0.351924002171,-0.0156096722931,-0.0373463518918,0.0443113185465,27.9070045508,114.54406922,47.398469178,114.109963761,39.4239650632,9.65095296124,2549.07505587,-0.0247445199639,-0.742737054825,0.098647326231,72,1,164.012933965,164.012890309,-0.183333671885,0,0
2.43000011542,1215,-2.1830201149e-06,0,0,3.06000941919e-07,-0.343727648258,0.00363874994218,-0.0362869240344,0.0653190165758,28.7666280201,120.787713968,47.5551314594,121.135839436,27.7502531389,7.01902172295,2534.7690098,-0.0247504860163,-0.742738425732,0.0986487939954,72,1,164.012846653,164.012890309,-0.610326125752,0,0
2.49400011846,1247,-2.48849391937e-06,0,0,8.87242151748e-07,-0.335844993591,0.0206212922931,-0.0348484776914,0.0772486031055,29.6128273476,126.494851429,47.768393415,125.251070131,19.5156462723,5.03327919432,2524.5489087,-0.0247565191239,-0.742739617825,0.0986499786377,72,1,164.01274479,164.012890309,-0.917157682125,0,0
2.5580001215,1279,-2.23517417908e-06,0,0,9.12863583835e-07,-0.32857465744,0.0359170921147,-0.0335128568113,0.0847180336714,30.4104178213,131.797103677,47.9669797642,127.874576719,13.7196193464,3.57750400326,2517.29693264,-0.0247625987977,-0.742741167545,0.0986516624689,72,1,164.012846653,164.012890309,-1.16206984967,0,0
2.62200012454,1311,-2.27242708206e-06,0,0,9.46108627886e-07,-0.342313051224,0.0540638975799,-0.0366496108472,0.0904422998428,28.9170711767,138.289979077,47.501460358,129.909734824,9.64428363659,2.52901349995,2512.17326149,-0.0247687026858,-0.742742419243,0.0986530482769,72,1,164.012933965,164.012890309,-1.42609176692,0,0
2.68600012758,1343,-2.51829624176e-06,0,0,9.1427591542e-07,-0.392518222332,0.0778921991587,-0.0498207770288,0.0964012593031,23.9453056565,147.155209561,45.5796216556,132.051151013,6.7797459451,1.78235768544,2508.56205821,-0.0247749015689,-0.742743849754,0.0986547321081,72,1,164.012788446,164.012890309,-1.75463675987,0,0
2.75000013062,1375,-2.64495611191e-06,0,0,8.67030223617e-07,-0.390750646591,0.0777404755354,-0.055694911629,0.0964453965425,24.1078032559,147.097525769,44.7394995717,132.067099912,4.7672101573,1.25354688407,2506.02071173,-0.0247811973095,-0.742745399475,0.0986565873027,72,1,164.012788446,164.012890309,-1.75296724774,0,0
2.81400013366,1407,-2.86102294922e-06,0,0,7.70552276208e-07,-0.354279816151,-0.0208059847355,-0.0386062152684,0.00894626416266,27.6637128991,112.898946099,47.2126157547,102.905294625,3.35304775945,0.880783943558,2504.23373654,-0.0247875116765,-0.742746949196,0.0986582264304,72,1,164.012832101,164.012890309,0.215172200114,0,0
2.8780001367,1439,-2.71946191788e-06,0,0,4.88884211336e-07,-0.297009706497,-0.0996665656567,-0.0141348615289,-0.100608438253,34.0681181115,89.9686638149,50.9104174853,72.8920276742,2.3596887786,0.618269893948,2502.97784805,-0.0247939042747,-0.742748618126,0.0986602529883,72,1,164.012875757,164.012890309,2.8907537926,0,0
2.94200013974,1471,-2.51084566116e-06,0,0,8.23795744509e-07,-0.275426805019,-0.13707986474,-0.00129212578759,-0.148857265711,36.7567627109,80.3704097052,52.9260578332,61.7789919488,1.6615227878,0.433921343301,2502.09541991,-0.0248001571745,-0.742750406265,0.0986622869968,72,1,164.012875757,164.012890309,4.39787330106,0,0
3.00600014278,1503,-2.72691249847e-06,0,0,4.57714833146e-07,-0.260892748833,-0.143319755793,0.00907110236585,-0.154281586409,38.6558822356,78.8462202763,54.5907969354,60.6053508818,1.17084675821,0.304411457819,2501.47515908,-0.024806490168,-0.742751955986,0.0986640155315,72,1,164.012904861,164.012890309,4.61452035233,0,0
3.07000014582,1535,-2.73436307907e-06,0,0,7.9189697999e-07,-0.275797486305,-0.126583337784,0.0163958743215,-0.154281586409,36.7092652596,82.9832715681,55.7882594876,60.6053508818,0.825795609671,0.213557527218,2501.03930011,-0.0248127710074,-0.742753624916,0.0986659228802,72,1,164.012788446,164.012890309,4.31729108095,0,0
3.13400014886,1567,-2.79396772385e-06,0,0,7.55672317609e-07,-0.356461763382,-0.0524267815053,-0.0362500883639,-0.0279431380332,27.439882615,103.251491964,47.5605847896,92.0255915844,0.582966436014,0.149873457644,2500.73289499,-0.0248191133142,-0.742755353451,0.0986677035689,72,1,164.012904861,164.012890309,1.0960646905,0,0
3.1980001519,1599,-2.70456075668e-06,0,0,9.56235453486e-07,-0.354761660099,-0.0240660123527,-0.038530882448,0.0292999222875,27.6141599898,111.875531729,47.223715228,109.259555757,0.412085057633,0.105171586995,2500.51729381,-0.0248253569007,-0.742757260799,0.0986697226763,72,1,164.012977621,164.012890309,0.0674105394864,0,0
3.26200015494,1631,-2.35438346863e-06,0,0,1.09873280962e-06,-0.346802890301,-0.00343805644661,-0.0379114188254,0.0563547872007,28.441696486,118.464631669,47.315050324,118.103569548,0.291761864446,0.0737761709502,2500.36548823,-0.0248316619545,-0.742759048939,0.0986717194319,72,1,164.012788446,164.012890309,-0.447763479315,0,0
3.32600015798,1663,-2.6524066925e-06,0,0,1.32287232191e-06,-0.338694989681,0.0143871083856,-0.0365288518369,0.0710405707359,29.3046650768,124.377969769,47.519326472,123.098114273,0.206893815857,0.0518015035311,2500.25861897,-0.0248380620033,-0.742760837078,0.0986735671759,72,1,164.01281755,164.012890309,-0.793806742877,0,0
3.39000016102,1695,-2.69711017609e-06,0,0,5.32345325155e-07,-0.331159710884,0.0303553752601,-0.0351255945861,0.0799237340689,30.1249256154,129.851236125,47.7272587887,126.186496345,0.147130535311,0.0362941605658,2500.18341467,-0.0248443316668,-0.742762565613,0.098675377667,72,1,164.012802998,164.012890309,-1.06114405207,0,0
3.45400016406,1727,-2.48849391937e-06,0,0,4.43621075874e-07,-0.328499734402,0.0456719733775,-0.0348342172801,0.0858967155218,30.4187196889,135.259862873,47.7705107187,128.291881992,0.10484571078,0.0255138488114,2500.13032928,-0.0248504951596,-0.742764532566,0.0986772701144,72,1,164.012963069,164.012890309,-1.29417143762,0,0
3.5180001671,1759,-2.87592411041e-06,0,0,7.33498211503e-07,-0.374519348145,0.0695961266756,-0.0455252937973,0.0919376909733,25.642084438,144.024481415,46.2005773443,130.444925162,0.0747844453031,0.0181089667706,2500.09284355,-0.0248567480594,-0.742766141891,0.0986788645387,72,1,164.012890309,164.012890309,-1.62957131397,0,0
3.58200017014,1791,-2.6524066925e-06,0,0,2.74697725899e-07,-0.391921520233,0.0812232643366,-0.054987963289,0.0941928476095,24.0000626945,148.42566452,44.8400569439,131.254812004,0.0536972386556,0.0126443104875,2500.06630085,-0.0248630978167,-0.74276804924,0.0986807644367,72,1,164.012875757,164.012890309,-1.78557483014,0,0
3.64600017318,1823,-2.45124101639e-06,0,0,7.5604077665e-07,-0.378057956696,0.0214012861252,-0.051484528929,0.0629957914352,25.3010766755,126.761500724,45.340613724,120.345051982,0.0387837566507,0.00871592487073,2500.04744157,-0.0248694773763,-0.742770075798,0.098682962358,72,1,164.012773894,164.012890309,-0.831689394545,0,0
3.71000017622,1855,-2.80886888504e-06,0,0,3.96106059952e-07,-0.310919821262,-0.0746091902256,-0.0211871936917,-0.0673285573721,32.4167194776,96.8488457147,49.8256595165,81.2867292552,0.0280260117336,0.00616329698389,2500.03393739,-0.024875568226,-0.742771863937,0.0986844003201,72,1,164.012933965,164.012890309,1.96701497771,0,0
3.77400017926,1887,-2.55554914474e-06,0,0,5.70501640595e-07,-0.282342731953,-0.126739442348,-0.0070692775771,-0.137601256371,35.8782708645,82.9439595691,52.0128887729,64.2625527689,0.0202892049828,0.00447603420994,2500.02462417,-0.024881714955,-0.742773890495,0.0986863970757,72,1,164.012861205,164.012890309,4.00221440941,0,0
3.8380001823,1919,-2.69711017609e-06,0,0,1.0072335499e-06,-0.265705049038,-0.14362218976,0.00447733327746,-0.15572014451,38.0190685974,78.7728931755,53.8486165169,60.2966065344,0.0148758143581,0.00322492543781,2500.01810491,-0.0248879883438,-0.742775678635,0.0986879616976,72,1,164.012773894,164.012890309,4.64837765321,0,0
3.90200018534,1951,-2.77161598206e-06,0,0,8.50566834742e-07,-0.25366717577,-0.14362218976,0.0129522625357,-0.15572014451,39.6270806959,78.7728931755,55.2231358597,60.2966065344,0.0108151541056,0.00250065945728,2500.01321547,-0.0248937811702,-0.74277728796,0.0986890643835,72,1,164.012788446,164.012890309,4.64837765321,0,0
3.96600018837,1983,-2.76416540146e-06,0,0,1.00723491414e-06,-0.346127569675,-0.0711462497711,-0.0327891074121,-0.0703403800726,28.5127989628,97.8288881015,48.0748203699,80.5017843959,0.00825487678213,0.00173513259316,2500.00972301,-0.0248998906463,-0.742779374123,0.0986908748746,72,1,164.012948517,164.012890309,1.95428938605,0,0
4.03000019141,2015,-2.96533107758e-06,0,0,8.1500337501e-07,-0.35699313879,-0.0335638560355,-0.0389304496348,0.0107024032623,27.3855857813,108.931861178,47.1648636449,103.443569969,0.00618903683858,0.0013898183715,2500.00762753,-0.0249058790505,-0.742781639099,0.0986928865314,72,1,164.012890309,164.012890309,0.383544247597,0,0
4.09400019445,2047,-2.71946191788e-06,0,0,7.76454726292e-07,-0.349949419498,-0.0109928306192,-0.039047319442,0.0463307835162,28.1122283923,116.020077257,47.1476596431,114.773232781,0.00444040271219,0.00131607347242,2500.00576489,-0.0249119102955,-0.742783784866,0.0986949503422,72,1,164.012861205,164.012890309,-0.264150061412,0,0
4.15800019749,2079,-2.70456075668e-06,0,0,4.72540307328e-07,-0.341708600521,0.00777973700315,-0.0378240384161,0.0647332519293,28.9815416181,122.162047774,47.3279433209,120.936128951,0.00312718984041,0.00124667853818,2500.00413507,-0.0249179843813,-0.742786049843,0.0986971333623,72,1,164.012948517,164.012890309,-0.661640428007,0,0
4.22200020053,2111,-2.74181365967e-06,0,0,1.41958742006e-06,-0.333918392658,0.0244524106383,-0.0363823063672,0.0754394829273,29.8225731967,127.808394609,47.5410124636,124.621088617,0.00249417708709,0.0009453680061,2500.00343658,-0.0249239522964,-0.742788314819,0.0986991077662,72,1,164.012657478,164.012890309,-0.955722469371,0,0
4.28600020357,2143,-2.60025262833e-06,0,0,9.45081524151e-07,-0.32675164938,0.0394938923419,-0.0350920818746,0.0822652280331,30.6130023091,133.059395012,47.7322319057,127.009072457,0.00213266759808,0.000701797175928,2500.00273809,-0.0249299723655,-0.7427906394,0.0987011566758,72,1,164.012875757,164.012890309,-1.19370117318,0,0
4.35000020661,2175,-3.05473804474e-06,0,0,3.26001440953e-07,-0.353014886379,0.0600088648498,-0.0408899001777,0.0880639404058,27.7941398963,140.465417644,46.876968554,129.061547341,0.00185779436279,0.00058331367514,2500.00250526,-0.0249357633293,-0.742792844772,0.0987027287483,72,1,164.012846653,164.012890309,-1.48871657439,0,0
4.41400020965,2207,-2.6673078537e-06,0,0,8.24102528441e-07,-0.395605742931,0.0813107043505,-0.052687201649,0.0927452743053,23.6635896727,148.459119373,45.1683627034,130.734566483,0.00167870417567,0.000504104313848,2500.0020396,-0.0249418374151,-0.742795228958,0.0987049713731,72,1,164.012933965,164.012890309,-1.77980447188,0,0
4.47800021269,2239,-2.47359275818e-06,0,0,1.04342279883e-06,-0.38882958889,0.0624741725624,-0.0572809241712,0.0927452743053,24.2854312091,141.374606756,44.5144505647,130.734566483,0.00156646451366,0.000447631820499,2500.0020396,-0.024947905913,-0.742797493935,0.098707087338,72,1,164.01274479,164.012890309,-1.54425855726,0,0
4.54200021573,2271,-2.98023223877e-06,0,0,7.98517930889e-07,-0.337125837803,-0.0421665497124,-0.032699059695,-0.0233429484069,29.4740166282,106.314058939,48.0882481497,93.3382980293,0.00149165002572,0.000412160944263,2500.00180677,-0.0249538943172,-0.74279987812,0.098708614707,72,1,164.012759342,164.012890309,0.88402046822,0,0
4.60600021877,2303,-2.81631946564e-06,0,0,6.61557578496e-07,-0.290816068649,-0.111176967621,-0.0128343869001,-0.118341952562,34.8238099832,86.9308132678,51.1121543241,68.6647981638,0.00144337575225,0.000388640397642,2500.00180677,-0.0249597243965,-0.742802202702,0.098710745573,72,1,164.01281755,164.012890309,3.38562834077,0,0
4.67000022181,2335,-2.87592411041e-06,0,0,7.82567212809e-07,-0.271353721619,-0.141440212727,-0.000334214360919,-0.155425965786,37.2817048628,79.303063103,53.0784964212,60.3596563451,0.00141107381335,0.000373833103362,2500.00180677,-0.0249657761306,-0.742804646492,0.0987126529217,72,1,164.012933965,164.012890309,4.60377568379,0,0
4.73400022485,2367,-2.87592411041e-06,0,0,1.05950493889e-06,-0.257772326469,-0.143815785646,0.0094083789736,-0.156847417355,39.0730820072,78.7259850767,54.6455557924,60.0554049015,0.00139009326272,0.000364011376597,2500.00180677,-0.0249716937542,-0.742807149887,0.0987144559622,72,1,164.012802998,164.012890309,4.67421393842,0,0
4.79800022789,2399,-2.58535146713e-06,0,0,1.3735043467e-06,-0.305572211742,-0.105005189776,-0.00396716315299,-0.1344011724,33.0441362166,88.5501867742,52.5019095221,64.9805806461,0.00137660738364,0.000357390173011,2500.00180677,-0.0249776747078,-0.742809474468,0.098716519773,72,1,164.012701134,164.012890309,3.56423668563,0,0
4.86200023093,2431,-2.83867120743e-06,0,0,9.45082206272e-07,-0.357588648796,-0.0448917336762,-0.0384658761322,-0.0137939509004,27.3248369922,105.494320451,47.2332940262,96.1029218161,0.0013677522448,0.000353125417796,2500.00180677,-0.0249837767333,-0.742811858654,0.0987181961536,72,1,164.012919413,164.012890309,0.814917380922,0,0
4.92600023397,2463,-2.9057264328e-06,0,0,1.41958742006e-06,-0.353040337563,-0.0191600508988,-0.0397669710219,0.0342575274408,27.7915114566,113.418194815,47.0418126497,110.845910967,0.00136195232869,0.000350358880796,2500.00180677,-0.0249896999449,-0.742814302444,0.0987200737,72,1,164.012657478,164.012890309,-0.0467540230602,0,0
4.99000023701,2495,-2.74926424026e-06,0,0,1.22860683405e-06,-0.344862937927,0.000765425502323,-0.0388632677495,0.0577472560108,28.6463400698,119.840609841,47.1747553092,118.571231724,0.00135817634916,0.000348542084083,2500.00157394,-0.0249957311898,-0.742816925049,0.0987220555544,72,1,164.012963069,164.012890309,-0.515532621648,0,0
5.05400024005,2527,-2.74926424026e-06,0,0,1.00684098925e-06,-0.336839437485,0.0181996561587,-0.0374350734055,0.0708345919847,29.5050103887,125.669539557,47.3853651783,123.027100926,3.33027810484,-0.215219358779,2503.1149853,-0.0250015407801,-0.742819428444,0.098723821342,72,1,164.012904861,164.012890309,-0.842915324029,0,0
5.11800024309,2559,-2.87592411041e-06,0,0,8.39995493607e-07,-0.329421579838,0.0338625200093,-0.0360641814768,0.0789122134447,30.3166525555,131.075881654,47.5881133752,125.832244521,24.6224353759,-0.495678420975,2524.12678674,-0.0250075440854,-0.74282181263,0.0987255647779,72,1,164.012890309,164.012890309,-1.10051245429,0,0
5.18200024613,2591,-2.77161598206e-06,0,0,6.37341884158e-07,-0.334333658218,0.0504885204136,-0.0373347736895,0.0846853256226,29.7772676277,136.993185151,47.400179028,127.863007947,53.5943872819,3.99955979447,2557.59386346,-0.0250133294612,-0.742824316025,0.0987273082137,72,1,164.012846653,164.012890309,-1.34898035321,0,0
5.24600024917,2623,-2.87592411041e-06,0,0,8.80101083567e-07,-0.384770333767,0.0748777240515,-0.0496907345951,0.090758010745,24.6642321144,146.012127516,45.5983390566,130.022599478,85.9975407366,12.014760614,2598.01233187,-0.0250193979591,-0.74282681942,0.0987289994955,72,1,164.012846653,164.012890309,-1.68986734934,0,0
5.31000025221,2655,-3.06218862534e-06,0,0,6.84295514475e-07,-0.391081809998,0.0815961062908,-0.0572199337184,0.0917467772961,24.0772878897,148.568346049,44.5230907644,130.376516609,119.933312817,22.0564979827,2641.98984951,-0.0250254683197,-0.742829203606,0.0987305492163,72,1,164.012846653,164.012890309,-1.77859421819,0,0
5.37400025525,2687,-2.68965959549e-06,0,0,5.63207834148e-07,-0.366200566292,-0.00258705904707,-0.0466646514833,0.0297186747193,26.4582486125,118.742282211,46.0353257949,109.392960439,154.126289999,33.2289419021,2687.35503778,-0.025031350553,-0.742832958698,0.0987311303616,72,1,164.01281755,164.012890309,-0.240419205511,0,0
5.43800025829,2719,-2.9131770134e-06,0,0,3.23627261878e-07,-0.30201458931,-0.0896177738905,-0.0187404192984,-0.089925378561,33.4666801791,92.6835418795,50.2002476424,75.5204600864,187.59816885,44.995922508,2732.59403184,-0.0250381026417,-0.742837011814,0.0987308695912,72,1,164.012904861,164.012890309,2.55184457637,0,0
5.50200026133,2751,-2.6598572731e-06,0,0,4.36677282778e-07,-0.277928829193,-0.133450895548,-0.00540710799396,-0.147457629442,36.4370825992,81.2667858554,52.2745358467,62.0842620265,219.552384806,57.0179181523,2776.57015249,-0.0250443220139,-0.742840528488,0.0987312793732,72,1,164.012890309,164.012890309,4.30679600686,0,0
5.56600026437,2783,-2.86847352982e-06,0,0,4.86073361117e-07,-0.26248639822,-0.143961042166,0.00557704735547,-0.157690733671,38.4441082133,78.6907985457,54.0256733075,59.8753867962,249.328353675,69.0590459271,2818.38723458,-0.0250502135605,-0.742844045162,0.0987312346697,72,1,164.012832101,164.012890309,4.69360593706,0,0
5.63000026741,2815,-2.76416540146e-06,0,0,9.79862193162e-07,-0.256784558296,-0.140458136797,0.0134480297565,-0.157690733671,39.2058464058,79.542536696,55.3042591491,59.8753867962,276.393024251,80.9313205536,2857.32420161,-0.0250561740249,-0.742847800255,0.0987315028906,72,1,164.012759342,164.012890309,4.63122222573,0,0
5.69400027045,2847,-2.74181365967e-06,0,0,8.87242151748e-07,-0.353527128696,-0.0598671622574,-0.0366529785097,-0.0477278418839,27.7412636933,101.070821984,47.5009619549,86.5200709086,300.352927297,92.4623527681,2892.81527512,-0.0250620953739,-0.742851376534,0.0987320095301,72,1,164.01274479,164.012890309,1.46222196054,0,0
5.75800027349,2879,-2.73436307907e-06,0,0,1.44587352224e-06,-0.355780422688,-0.0281454883516,-0.0400311164558,0.018937766552,27.5096208497,110.604269139,47.0030026918,105.992854515,320.973776979,103.472644696,2924.44648221,-0.0250686518848,-0.742854773998,0.0987321063876,72,1,164.01281755,164.012890309,0.223452298087,0,0
5.82200027653,2911,-2.8982758522e-06,0,0,6.05201250892e-07,-0.348096966743,-0.00666822679341,-0.0396882928908,0.0495246909559,28.3058270725,117.414958368,47.0533777843,115.827475383,338.192010531,113.763686386,2951.95565559,-0.0250748116523,-0.742858409882,0.0987318754196,72,1,164.012861205,164.012890309,-0.349796639057,0,0
5.88600027957,2943,-2.95042991638e-06,0,0,6.9295646199e-07,-0.339893460274,0.0116201620549,-0.0383562780917,0.0657753497362,29.1758296953,123.446559883,47.2494466521,121.291574033,352.114089765,123.115300084,2975.2291739,-0.0250812042505,-0.742861926556,0.0987319052219,72,1,164.012788446,164.012890309,-0.720463518519,0,0
5.95000028261,2975,-2.81631946564e-06,0,0,1.0073639487e-06,-0.33222413063,0.0279444567859,-0.0369277633727,0.0754428654909,30.0079882436,129.014108097,47.4603257317,124.622267322,362.986407708,131.29641593,2994.28286962,-0.0250870808959,-0.742865622044,0.0987324714661,72,1,164.012861205,164.012890309,-1.0015174048,0,0
6.01400028565,3007,-2.77906656265e-06,0,0,8.87242151748e-07,-0.326153159142,0.0428848676383,-0.0358984284103,0.0817419141531,30.6797410303,134.264002554,47.6126660942,126.82491797,371.146656107,138.075789437,3009.22244787,-0.0250937379897,-0.742869138718,0.0987323224545,72,1,164.01274479,164.012890309,-1.23436877038,0,0
6.07800028869,3039,-2.97278165817e-06,0,0,2.50573492622e-07,-0.364734232426,0.0656402856112,-0.0445119105279,0.0876919180155,26.604237064,142.548335134,46.3478900201,128.929212224,376.993528334,143.250916153,3020.24441771,-0.025100370869,-0.742872476578,0.098732560873,72,1,164.012904861,164.012890309,-1.55802688096,0,0
6.14200029173,3071,-2.71201133728e-06,0,0,7.0979371003e-07,-0.392676055431,0.0816781669855,-0.0551263429224,0.0910471230745,23.9308374148,148.599763634,44.8203609267,130.12601994,380.985700758,146.848047734,3027.83376537,-0.0251071806997,-0.742876648903,0.098732046783,72,1,164.013006724,164.012890309,-1.77625473589,0,0
6.20600029477,3103,-2.94297933578e-06,0,0,1.16660407912e-06,-0.384405314922,0.0407168231905,-0.0561756081879,0.0817359983921,24.6985291597,133.492940222,44.6712110715,126.822837046,383.451057132,148.877486936,3032.32856095,-0.0251131542027,-0.742879807949,0.0987327024341,72,1,164.012890309,164.012890309,-1.20635621715,0,0
6.27000029781,3135,-2.6598572731e-06,0,0,6.90482920618e-07,-0.320871591568,-0.0611381046474,-0.0267236195505,-0.0511739216745,31.2736010528,100.70168355,48.984951718,85.5841717566,384.577433579,149.217696162,3033.79516117,-0.0251195207238,-0.742884039879,0.0987326577306,72,1,164.012890309,164.012890309,1.52798532508,0,0
6.33400030085,3167,-2.69711017609e-06,0,0,9.17513375498e-07,-0.285692036152,-0.120681166649,-0.0107178110629,-0.132055729628,35.4586081812,84.4796595629,51.4416278747,65.5102267046,384.474376915,147.735030623,3032.20935166,-0.0251252073795,-0.742887079716,0.098732791841,72,1,164.012890309,164.012890309,3.79432737827,0,0
6.39800030389,3199,-2.72691249847e-06,0,0,7.50935612359e-07,-0.267882406712,-0.143975913525,0.00133726210333,-0.158286273479,37.7335527446,78.6871969467,53.3451893716,59.7484759055,383.179780329,144.324018038,3027.50384435,-0.0251312926412,-0.74289047718,0.0987329483032,72,1,164.012919413,164.012890309,4.70575783402,0,0
6.46200030693,3231,-2.92062759399e-06,0,0,4.16464501996e-07,-0.255171298981,-0.144055247307,0.0104124527425,-0.158286273479,39.4234193664,78.6679884186,54.8087882635,59.7484759055,380.676996429,138.930336107,3019.60716024,-0.0251374375075,-0.74289393425,0.0987332090735,72,1,164.012890309,164.012890309,4.70717344433,0,0
6.52600030997,3263,-2.87592411041e-06,0,0,6.24023186901e-07,-0.332987785339,-0.0841079056263,-0.0266180932522,-0.0985032171011,29.9243056361,94.1972321016,49.0008860652,73.4050845494,376.909592887,131.548091304,3008.45759921,-0.0251434314996,-0.742897510529,0.0987335518003,72,1,164.012919413,164.012890309,2.59573804215,0,0
6.59000031301,3295,-2.71201133728e-06,0,0,7.82098311447e-07,-0.357527434826,-0.0384217165411,-0.0397023223341,-0.00128485751338,27.3310743069,107.447980554,47.0513150503,99.8064278974,371.77070044,122.224009829,2993.99462529,-0.0251495316625,-0.742901325226,0.0987337976694,72,1,164.012963069,164.012890309,0.57991896756,0,0
6.65400031605,3327,-2.95042991638e-06,0,0,5.17337696238e-07,-0.351315557957,-0.0145828034729,-0.0402770601213,0.0394193641841,27.9701162071,114.871188998,46.9668848382,112.513858767,365.081272321,111.071261927,2976.1523474,-0.0251547321677,-0.742903888226,0.0987336486578,72,1,164.012963069,164.012890309,-0.156074529514,0,0
6.71800031909,3359,-3.02493572235e-06,0,0,4.27562781624e-07,-0.343056440353,0.00471424590796,-0.0391693599522,0.0599460862577,28.8379396807,121.143588331,47.1296989417,119.312222523,356.512871804,98.3054706012,2954.81830835,-0.0251612253487,-0.742907524109,0.0987334176898,72,1,164.012861205,164.012890309,-0.585475005209,0,0
6.78200032213,3391,-2.60770320892e-06,0,0,7.67326355344e-07,-0.335144817829,0.0217525102198,-0.0377230234444,0.0716661065817,29.6889174933,126.881699543,47.342851758,123.313919175,345.521169947,84.2777662911,2929.79879305,-0.025167228654,-0.742911219597,0.0987341478467,72,1,164.012904861,164.012890309,-0.895456818398,0,0
6.84600032517,3423,-2.68965959549e-06,0,0,3.43102442457e-07,-0.327854573727,0.037095669657,-0.0363926328719,0.0790349692106,30.4903078359,132.212095195,47.5394845125,125.875201775,331.251183525,69.5212729624,2900.7724952,-0.0251731947064,-0.742914795876,0.0987336933613,72,1,164.012846653,164.012890309,-1.14327040501,0,0
6.91000032821,3455,-2.88337469101e-06,0,0,4.42079056029e-07,-0.343572020531,0.0556992925704,-0.0398909784853,0.0847698897123,28.7831499008,138.886025525,47.0235900139,127.892912133,312.286661938,54.8761818209,2867.16269329,-0.025179060176,-0.742918133736,0.0987341701984,72,1,164.012933965,164.012890309,-1.41603441443,0,0
6.97400033125,3487,-3.07708978653e-06,0,0,1.04704827208e-06,-0.393304407597,0.0793979763985,-0.0526853986084,0.0905479192734,23.8733155129,147.728555021,45.1686209999,129.947482492,286.114256596,41.7663286498,2827.88043842,-0.025185726583,-0.7429215312,0.0987341105938,72,1,164.012963069,164.012890309,-1.74537207931,0,0
7.03800033429,3519,-2.82377004623e-06,0,0,8.76478281953e-07,-0.390116631985,0.0759290605783,-0.0583521313965,0.0905479192734,24.1663074121,146.410078742,44.3628778157,129.947482492,249.410077231,32.0531835314,2781.46308847,-0.0251919832081,-0.742925167084,0.0987343415618,72,1,164.012861205,164.012890309,-1.70199212153,0,0
7.10200033733,3551,-2.8982758522e-06,0,0,4.0301114268e-07,-0.351007819176,-0.0252377651632,-0.0399542413652,-0.00202393531799,28.0020794889,111.509318231,47.014294978,99.5850132313,200.926762773,26.813662771,2727.74044424,-0.0251980982721,-0.742928862572,0.0987343117595,72,1,164.012832101,164.012890309,0.392483023461,0,0
7.16600034037,3583,-2.71201133728e-06,0,0,3.22752640614e-07,-0.295275092125,-0.102429404855,-0.0162171274424,-0.108287617564,34.278480598,89.2325188033,50.5885109305,71.0408276063,150.964886416,24.1188135988,2675.0836987,-0.0252041444182,-0.74293255806,0.0987345278263,72,1,164.012933965,164.012890309,3.06464778259,0,0
7.23000034341,3615,-2.69711017609e-06,0,0,4.90561490096e-07,-0.274052202702,-0.138614326715,-0.00331834051758,-0.154172509909,36.9332883565,79.9935951363,52.604576922,60.6288012932,109.580905701,20.7661487366,2630.34692034,-0.025210140273,-0.742936074734,0.0987348109484,72,1,164.012846653,164.012890309,4.52885078266,0,0
7.29400034645,3647,-2.6747584343e-06,0,0,5.36384334282e-07,-0.259667038918,-0.144144356251,0.00702435150743,-0.158739447594,38.8193584513,78.6464079283,54.2592824786,59.6520221734,78.2626739237,16.7534308275,2595.01603432,-0.0252162311226,-0.742939651012,0.0987348258495,72,1,164.01281755,164.012890309,4.71781706437,0,0
7.35800034949,3679,-2.69711017609e-06,0,0,4.52462842304e-07,-0.280314266682,-0.12351693213,0.0128458403051,-0.157416790724,36.1342645192,83.7582483655,55.2057317691,59.9338236498,55.4502075829,12.8642923301,2568.31455044,-0.0252224951982,-0.742942512035,0.0987355038524,72,1,164.012890309,164.012890309,4.32387180626,0,0
7.42200035253,3711,-2.81631946564e-06,0,0,5.61628439755e-07,-0.356655776501,-0.0511101968586,-0.038508977741,-0.0290502719581,27.4200483545,103.640872112,47.2269421152,91.7115103221,39.115173422,9.5650611911,2548.6801751,-0.0252285692841,-0.742946386337,0.0987350344658,72,1,164.012802998,164.012890309,1.08928384725,0,0
7.48600035557,3743,-3.01748514175e-06,0,0,1.19906894724e-06,-0.354338765144,-0.0231407284737,-0.0405645929277,0.0265139341354,27.6576483884,112.165325845,46.924684284,108.374762931,27.5335205515,6.95974358678,2534.49333832,-0.0252341628075,-0.742949604988,0.0987351387739,72,1,164.012861205,164.012890309,0.0799412446213,0,0
7.55000035861,3775,-3.00258398056e-06,0,0,1.11475776521e-06,-0.346300899982,-0.00255145598203,-0.039875280112,0.0529451407492,28.4945363092,118.753909192,47.0258964924,116.963630717,19.3635023606,4.9921527534,2524.35565926,-0.0252401940525,-0.742952823639,0.0987356603146,72,1,164.012875757,164.012890309,-0.433379784226,0,0
7.61400036165,3807,-2.75671482086e-06,0,0,9.12885582238e-07,-0.338177740574,0.0152775496244,-0.0384756736457,0.0673675984144,29.3604061881,124.678772409,47.2318497486,121.836004837,13.6127964652,3.54889289156,2517.16165803,-0.0252463724464,-0.742956638336,0.0987352877855,72,1,164.012832101,164.012890309,-0.780403148383,0,0
7.67800036469,3839,-2.72691249847e-06,0,0,1.15341481433e-06,-0.330638051033,0.0312529243529,-0.0370736606419,0.0761278271675,30.1823729387,130.163869471,47.4387597933,124.860540382,9.56918938755,2.50910875366,2512.07826659,-0.025252327323,-0.742959797382,0.0987359136343,72,1,164.012701134,164.012890309,-1.04915571865,0,0
7.74200036773,3871,-2.86847352982e-06,0,0,8.6601090743e-07,-0.328962504864,0.0467803888023,-0.0369820035994,0.0820700675249,30.3674423776,135.657362989,47.4523076264,126.940372866,6.72716305417,1.76827870746,2508.49546865,-0.0252581164241,-0.742963075638,0.0987362265587,72,1,164.012759342,164.012890309,-1.28646427765,0,0
7.80600037077,3903,-2.88337469101e-06,0,0,5.53248071355e-07,-0.376113653183,0.070913746953,-0.0479160808027,0.088126540184,25.4879923887,144.518548041,45.8542745037,129.083826323,4.73018963021,1.24378789224,2505.97391278,-0.025264210999,-0.742966175079,0.0987362489104,72,1,164.012890309,164.012890309,-1.62682496011,0,0
7.8700003738,3935,-2.63005495071e-06,0,0,9.54559141064e-07,-0.391565322876,0.0817264020443,-0.0570004396141,0.0901698470116,24.0327990468,148.618230014,44.5541954832,129.812382511,3.32716376761,0.873914075328,2504.20090742,-0.0252700746059,-0.742969810963,0.0987362861633,72,1,164.012759342,164.012890309,-1.77261524368,0,0
7.93400037684,3967,-2.74926424026e-06,0,0,1.3203442677e-06,-0.376108109951,0.0168540999293,-0.0523831658065,0.0533392839134,25.4885271715,125.212623971,45.211865654,117.095027235,2.34144317801,0.613525060089,2502.95479782,-0.0252758916467,-0.742972970009,0.0987367555499,72,1,164.012802998,164.012890309,-0.700760923792,0,0
7.99800037988,3999,-2.76416540146e-06,0,0,8.14866666587e-07,-0.308881103992,-0.0777803808451,-0.0223212167621,-0.0749208182096,32.6548251905,95.9576427704,49.6526809002,79.3177387095,1.64870527897,0.430597054901,2502.07912177,-0.0252821408212,-0.742976427078,0.0987366065383,72,1,164.01281755,164.012890309,2.12890468538,0,0
8.06200038292,4031,-2.77906656265e-06,0,0,1.04269543044e-06,-0.281193435192,-0.128465235233,-0.0083186943084,-0.142537683249,36.0231424565,82.5102761155,51.8167908012,63.1653238088,1.16181377052,0.302085084058,2501.46375038,-0.025288021192,-0.74297940731,0.0987370088696,72,1,164.012846653,164.012890309,4.12516156211,0,0
8.12600038596,4063,-2.79396772385e-06,0,0,4.34545938788e-07,-0.264751017094,-0.144198209047,0.00319910980761,-0.159049451351,38.1446843676,78.6333766882,53.6433071829,59.5861019974,0.819428862542,0.211908186998,2501.03115104,-0.0252946522087,-0.742983102798,0.0987368300557,72,1,164.012933965,164.012890309,4.7249798663,0,0
8.190000389,4095,-3.01748514175e-06,0,0,5.66756568787e-07,-0.252834558487,-0.144198209047,0.011612329632,-0.159049451351,39.7401563532,78.6333766882,55.0042786926,59.5861019974,0.578555670927,0.148661086996,2500.72707422,-0.0253004748374,-0.742986023426,0.0987368673086,72,1,164.012963069,164.012890309,4.7249798663,0,0
8.25400039204,4127,-2.75671482086e-06,0,0,6.40910627681e-07,-0.347778618336,-0.0691305100918,-0.0350027866662,-0.0688030868769,28.339203709,98.402662843,47.7454850625,80.9018019936,0.409006105428,0.104312022131,2500.51333569,-0.0253063775599,-0.742989778519,0.0987368896604,72,1,164.012948517,164.012890309,1.89958000556,0,0
8.31800039508,4159,-2.47359275818e-06,0,0,5.66903281651e-07,-0.356760263443,-0.0326480232179,-0.0404183231294,0.00956495478749,27.4093708867,109.213251562,46.946148359,103.094716906,0.289504981765,0.0732433704798,2500.36269426,-0.0253126267344,-0.742993175983,0.0987366661429,72,1,164.012977621,164.012890309,0.381709862268,0,0
8.38200039812,4191,-2.6673078537e-06,0,0,1.05948356577e-06,-0.349564194679,-0.0102177094668,-0.0404345132411,0.0442996881902,28.1523989543,116.269213322,46.9437727588,114.106151159,0.205279718557,0.0514415070541,2500.25675632,-0.0253184717149,-0.742996037006,0.0987374708056,72,1,164.012846653,164.012890309,-0.258077925537,0,0
8.44600040116,4223,-2.85357236862e-06,0,0,7.55968301291e-07,-0.341307401657,0.00851962715387,-0.0391830317676,0.0623359419405,29.0243970085,122.408775496,47.1276871394,120.121083455,0.145902674831,0.036088195543,2500.18201768,-0.0253243073821,-0.742999136448,0.0987376347184,72,1,164.012904861,164.012890309,-0.654285075143,0,0
8.5100004042,4255,-2.82377004623e-06,0,0,3.77998333079e-07,-0.333520710468,0.0251734592021,-0.0377391688526,0.0728745311499,29.8660143017,128.056693939,47.3404688819,123.731544591,0.10389467775,0.0253989291821,2500.12916513,-0.0253310706466,-0.743002653122,0.0987375378609,72,1,164.012875757,164.012890309,-0.948525674175,0,0
8.57400040724,4287,-2.9131770134e-06,0,0,5.67012648389e-07,-0.326375901699,0.0402023084462,-0.0364584363997,0.0796155780554,30.6548936351,133.310415549,47.5297456433,126.078506582,0.0741503001223,0.0179683432577,2500.09191222,-0.0253369994462,-0.743005752563,0.0987376123667,72,1,164.012832101,164.012890309,-1.18706561625,0,0
8.63800041028,4319,-2.75671482086e-06,0,0,1.41755811001e-06,-0.354829072952,0.0611530132592,-0.0426987446845,0.0854444801807,27.6072369161,140.886855661,46.6122437501,128.131665406,0.0532585850976,0.0125269181694,2500.06583519,-0.0253426209092,-0.743008732796,0.0987379401922,72,1,164.01274479,164.012890309,-1.48918444756,0,0
8.70200041332,4351,-2.95788049698e-06,0,0,8.50546086895e-07,-0.395103335381,0.0817097127438,-0.0542401410639,0.0899061113596,23.7092481257,148.611841723,44.9465915153,129.718187964,0.0384830336486,0.00862650306743,2500.04697591,-0.0253484509885,-0.743011832237,0.0987382903695,72,1,164.012846653,164.012890309,-1.77113234531,0,0
8.76600041636,4383,-2.77906656265e-06,0,0,9.45060264712e-07,-0.388200521469,0.0588315613568,-0.0583640001714,0.0899061113596,24.343820769,140.032701893,44.3612007075,129.718187964,0.0277879852462,0.0061201763657,2500.03370456,-0.0253541655838,-0.743015170097,0.0987385362387,72,1,164.012802998,164.012890309,-1.48358370643,0,0
8.8300004194,4415,-3.04728746414e-06,0,0,1.13407998015e-06,-0.3340908885,-0.045895639807,-0.0327520929277,-0.0310249328613,29.8037484754,105.193495983,48.0803391838,91.1530951271,0.020093748887,0.00446290249201,2500.02439134,-0.0253598522395,-0.743018507957,0.0987384468317,72,1,164.013064932,164.012890309,1.03300542105,0,0
8.89400042244,4447,-2.74181365967e-06,0,0,1.22859239582e-06,-0.289694130421,-0.113266378641,-0.0135880615562,-0.12320612371,34.9620531779,86.3875320647,50.9951751155,67.5345727359,0.0147430130326,0.00320321191793,2500.01787208,-0.0253669135273,-0.743022501469,0.0987380519509,72,1,164.01281755,164.012890309,3.50694893859,0,0
8.95800042548,4479,-3.07708978653e-06,0,0,7.0979371003e-07,-0.270520329475,-0.142387777567,-0.00111250765622,-0.158341050148,37.3898074031,79.0725025581,52.9546196049,59.7368089075,0.0107232924762,0.00248251352808,2500.01321547,-0.0253724362701,-0.743025064468,0.0987386330962,72,1,164.012773894,164.012890309,4.67854784802,0,0
9.02200042852,4511,-2.80886888504e-06,0,0,6.67440133384e-07,-0.257084012032,-0.144250631332,0.00855109654367,-0.159293115139,39.1655667045,78.6206874182,54.5064431208,59.534326283,0.00819212786496,0.00171895009338,2500.00972301,-0.0253781732172,-0.743028461933,0.0987388491631,72,1,164.012948517,164.012890309,4.73078992218,0,0
9.08600043156,4543,-2.86102294922e-06,0,0,8.69516668445e-07,-0.310656785965,-0.101444914937,-0.00940483435988,-0.130665957928,32.4473658111,89.4943223102,51.64671893,65.8254211885,0.00613152106865,0.00138779188141,2500.0073947,-0.0253839157522,-0.743031561375,0.0987391248345,72,1,164.012933965,164.012890309,3.43520566821,0,0
9.1500004346,4575,-2.9057264328e-06,0,0,6.21069489171e-07,-0.357640564442,-0.0438327901065,-0.0396314896643,-0.0134603846818,27.31954919,105.812308902,47.0617269457,96.2004705798,0.00439346159453,0.00131637134526,2500.00576489,-0.0253896955401,-0.743034899235,0.0987393334508,72,1,164.012992173,164.012890309,0.795165426098,0,0
9.21400043764,4607,-2.92062759399e-06,0,0,1.22860478768e-06,-0.352737665176,-0.0184143669903,-0.0407843925059,0.0332801751792,27.8227853414,113.654001325,46.8924408779,110.531967948,0.00309966385892,0.00124084054143,2500.00413507,-0.0253956392407,-0.743037939072,0.0987383425236,72,1,164.01274479,164.012890309,-0.0485780255985,0,0
9.27800044068,4639,-2.73436307907e-06,0,0,1.06469065031e-06,-0.344525754452,0.00143588078208,-0.0398359186947,0.0562567301095,28.682019547,120.061129564,47.0316808787,118.07068222,0.0024818684885,0.000935821864445,2500.00343658,-0.0254012234509,-0.74304074049,0.0987390428782,72,1,164.012715686,164.012890309,-0.513316364959,0,0
9.34200044372,4671,-2.95042991638e-06,0,0,1.00723627838e-06,-0.336507916451,0.0188324265182,-0.0384000949562,0.069115743041,29.5409172395,125.884820591,47.2429892397,122.43562378,0.00212337858407,0.000697000179795,2500.00273809,-0.0254069752991,-0.743043959141,0.0987393185496,72,1,164.012832101,164.012890309,-0.83966209786,0,0
9.40600044676,4703,-2.77161598206e-06,0,0,1.19037008517e-06,-0.329100966454,0.0344663076103,-0.0370341129601,0.0770798772573,30.3521173919,131.287539261,47.4446060252,125.192222185,0.00185121107332,0.000580656411842,2500.00227243,-0.0254126768559,-0.743047654629,0.0987391769886,72,1,164.012875757,164.012890309,-1.09705247451,0,0
9.4700004498,4735,-2.77161598206e-06,0,0,5.21711342572e-07,-0.335613429546,0.05140318349,-0.0386222414672,0.0828433036804,29.6379803331,137.324110256,47.2102547064,127.212697407,0.00167463420908,0.00050211007574,2500.0020396,-0.0254182871431,-0.743050694466,0.0987397283316,72,1,164.012875757,164.012890309,-1.35028210934,0,0
9.53400045284,4767,-3.00258398056e-06,0,0,8.71444512995e-07,-0.386301100254,0.075778901577,-0.0511281527579,0.0889116227627,24.5208284468,146.353195305,45.3917382401,129.363426822,0.00156383406225,0.000446306297475,2500.0020396,-0.0254242643714,-0.743053734303,0.0987395122647,72,1,164.012861205,164.012890309,-1.6919770278,0,0
9.59800045588,4799,-3.02493572235e-06,0,0,1.09880352284e-06,-0.390889644623,0.0817306935787,-0.0582623146474,0.0896886736155,24.0949957515,148.619874381,44.3755743618,129.640568048,0.00148987400195,0.000411352785168,2500.00180677,-0.0254301801324,-0.743056893349,0.0987395048141,72,1,164.012759342,164.012890309,-1.77033897489,0,0
9.66200045892,4831,-2.60025262833e-06,0,0,8.24102642127e-07,-0.36378967762,-0.00680322293192,-0.0464229546487,0.0221459306777,26.6986207862,117.371237138,46.0703486169,106.997176772,0.00144223777365,0.000388089504977,2500.00180677,-0.0254357997328,-0.743060171604,0.0987400785089,72,1,164.012919413,164.012890309,-0.112828798592,0,0
9.72600046196,4863,-2.80886888504e-06,0,0,7.0979371003e-07,-0.300662279129,-0.0921971648932,-0.0191227197647,-0.0950463712215,33.6283810611,91.9810481719,50.141596148,74.2527554394,0.00141031231138,0.000373490377514,2500.00180677,-0.0254414565861,-0.743063032627,0.0987401679158,72,1,164.012773894,164.012890309,2.67577520572,0,0
9.790000465,4895,-2.84612178802e-06,0,0,9.45082206272e-07,-0.277122914791,-0.134697496891,-0.00583860930055,-0.150366157293,36.5398191207,80.958045146,52.2065274708,61.4510063315,0.0013896083173,0.000363774760315,2500.00180677,-0.0254469066858,-0.743065953255,0.0987398698926,72,1,164.012875757,164.012890309,4.3850527145,0,0
9.85400046804,4927,-2.6524066925e-06,0,0,1.28193744331e-06,-0.261858820915,-0.144286185503,0.00506589468569,-0.1594658494,38.5273997381,78.6120872363,53.9433276572,59.4976336288,0.00137629097008,0.000357235685478,2500.00180677,-0.0254528205842,-0.743069052696,0.0987403094769,72,1,164.012802998,164.012890309,4.7348854132,0,0
9.91800047108,4959,-2.70456075668e-06,0,0,7.9222235172e-07,-0.259716749191,-0.138544261456,0.0128539577127,-0.1594658494,38.8127227779,80.0107663963,55.2070596314,59.4976336288,0.00136754396696,0.00035302627488,2500.00180677,-0.0254584718496,-0.743072271347,0.0987405180931,72,1,164.012846653,164.012890309,4.63243294507,0,0
9.98200047412,4991,-2.80141830444e-06,0,0,6.33777858638e-07,-0.354281306267,-0.0583628080785,-0.0377195961773,-0.0457163788378,27.6635673799,101.509016531,47.3433574371,87.06949302,0.00136181654842,0.000350293849483,2500.00180677,-0.0254642367363,-0.743075072765,0.0987407267094,72,1,164.012788446,164.012890309,1.41218421049,0,0
10.0460004772,5023,-2.98023223877e-06,0,0,1.09880352284e-06,-0.355560004711,-0.027345944196,-0.040810611099,0.0189109779894,27.5322108791,110.852604848,46.8885955343,105.984494439,0.00135808775337,0.000348499396008,2500.00157394,-0.0254699084908,-0.743077874184,0.0987408608198,72,1,164.012773894,164.012890309,0.21218272741,0,0
10.1100004802,5055,-2.71201133728e-06,0,0,6.40968721655e-07,-0.347791552544,-0.00600355025381,-0.0403969101608,0.0487561263144,28.337841286,117.630406749,46.9492915727,115.573202493,0.00135565425552,0.000347327805406,2500.00157394,-0.0254753846675,-0.743081152439,0.0987406149507,72,1,164.012977621,164.012890309,-0.352764880517,0,0
10.1740004832,5087,-2.80141830444e-06,0,0,3.66267840946e-07,-0.339590668678,0.0122274234891,-0.0390485040843,0.0646888166666,29.2083368549,123.65054863,47.1474850201,120.920987683,0.00135406430513,0.000346564388298,2500.00157394,-0.0254809465259,-0.743083953857,0.0987408831716,72,1,164.012948517,164.012890309,-0.720897922292,0,0
10.2380004863,5119,-3.04728746414e-06,0,0,1.59427020208e-06,-0.331935107708,0.0285108946264,-0.0376224704087,0.0742032825947,30.0397005049,129.210442537,47.3576947115,124.191836221,9.88872398011,-0.794720733666,2509.09407623,-0.0254864282906,-0.743087172508,0.0987410098314,72,1,164.012802998,164.012890309,-1.0009984253,0,0
10.3020004893,5151,-2.86847352982e-06,0,0,1.50831169776e-06,-0.326326906681,0.0435077808797,-0.0366956777871,0.0804356783628,30.6603578792,134.486122988,47.4946464237,126.366037875,34.380103898,0.388382915162,2534.76831131,-0.0254921820015,-0.743090391159,0.0987411439419,72,1,164.012642927,164.012890309,-1.23470963445,0,0
10.3660004924,5183,-2.71201133728e-06,0,0,7.17302896192e-07,-0.36665803194,0.0665807276964,-0.0457131303847,0.086409971118,26.412837542,142.898294143,46.1733070551,128.473882796,64.1625156277,5.94054245084,2570.10292262,-0.0254976525903,-0.743093252182,0.0987415462732,72,1,164.012861205,164.012890309,-1.56319350936,0,0
10.4300004954,5215,-2.98768281937e-06,0,0,6.06702030836e-07,-0.392373979092,0.0817382633686,-0.0560695715249,0.0895477086306,23.9585315285,148.622770212,44.6862686658,129.590262077,96.5015133261,14.2323397085,2610.73373258,-0.025503443554,-0.743096113205,0.0987415611744,72,1,164.012802998,164.012890309,-1.76974351052,0,0
10.4940004984,5247,-2.9057264328e-06,0,0,5.32345325155e-07,-0.38326138258,0.0365605987608,-0.056294221431,0.0759438127279,24.8062551691,132.023575134,44.6543708676,124.796497403,129.858162836,24.1003963311,2653.95850874,-0.0255089774728,-0.743099033833,0.0987414866686,72,1,164.012802998,164.012890309,-1.11730280332,0,0
10.5580005015,5279,-2.75671482086e-06,0,0,3.30288486339e-07,-0.318429172039,-0.0643131434917,-0.026448994875,-0.0568034760654,31.5512224915,99.7837778414,49.0264283144,84.0698339744,163.134303875,34.8559005943,2697.99004309,-0.025514671579,-0.743102014065,0.0987420231104,72,1,164.012933965,164.012890309,1.65444309823,0,0
10.6220005045,5311,-2.71201133728e-06,0,0,6.23031439773e-07,-0.284826755524,-0.12231439352,-0.0109058301896,-0.135211735964,35.5666670657,84.0636130306,51.4123021276,64.7982014925,195.465850993,46.0822775494,2741.5479999,-0.0255201421678,-0.743105113506,0.0987424552441,72,1,164.012948517,164.012890309,3.88068240136,0,0
10.6860005076,5343,-2.86102294922e-06,0,0,6.73422391628e-07,-0.267255663872,-0.144310504198,0.00108446367085,-0.159591317177,37.8155709768,78.6062009865,53.3047968929,59.470996348,226.142830797,57.5084304728,2783.65123086,-0.0255259908736,-0.743107914925,0.0987425222993,72,1,164.012846653,164.012890309,4.73783444613,0,0
10.7500005106,5375,-2.86847352982e-06,0,0,7.0979371003e-07,-0.254679262638,-0.144310504198,0.0100609678775,-0.159591317177,39.4899579987,78.6062009865,54.7516101506,59.470996348,254.578597378,68.9397347742,2823.51835631,-0.0255315247923,-0.743110954762,0.0987424999475,72,1,164.013006724,164.012890309,4.73783444613,0,0
10.8140005136,5407,-2.99513339996e-06,0,0,7.98517930889e-07,-0.33639639616,-0.0812814235687,-0.0294477343559,-0.0939295589924,29.5530080621,94.9806708377,48.5747877974,74.5280049159,280.31039983,80.2145004855,2860.52492447,-0.0255371648818,-0.743114769459,0.0987422391772,72,1,164.012759342,164.012890309,2.47606798075,0,0
10.8780005167,5439,-2.77161598206e-06,0,0,8.68426354828e-07,-0.357457697392,-0.0374911390245,-0.0403449647129,-0.000374702853151,27.3381883744,107.731102617,46.9569167763,100.079545518,303.009699564,91.1743045435,2894.18408647,-0.0255426745862,-0.743117511272,0.0987427085638,72,1,164.012832101,164.012890309,0.556396029424,0,0
10.9420005197,5471,-3.06218862534e-06,0,0,3.14787371281e-07,-0.351036727428,-0.0138938669115,-0.0408105887473,0.0392573960125,27.9990726995,115.091032058,46.8885991722,112.461268145,322.498526657,101.652425656,2924.15102012,-0.0255484804511,-0.743120253086,0.0987427309155,72,1,164.012933965,164.012890309,-0.164313241839,0,0
11.0060005228,5503,-2.95788049698e-06,0,0,4.29950176795e-07,-0.342766463757,0.00532242376357,-0.0396727211773,0.0593463145196,28.868782465,121.34516146,47.055666073,119.109798106,338.758778526,111.460904009,2950.21967031,-0.0255538467318,-0.743123292923,0.098742492497,72,1,164.012904861,164.012890309,-0.589243660215,0,0
11.0700005258,5535,-2.77906656265e-06,0,0,1.18047182696e-06,-0.334869205952,0.0223098993301,-0.0382245071232,0.0708632469177,29.7189144476,127.072620671,47.268873459,123.036981677,351.920723915,120.395190606,2972.31576405,-0.0255595948547,-0.743126094341,0.0987427532673,72,1,164.01281755,164.012890309,-0.897473073564,0,0
11.1340005288,5567,-2.81631946564e-06,0,0,1.01507032468e-06,-0.327595353127,0.0376118980348,-0.0369010232389,0.0781268328428,30.5191133521,132.394154207,47.4642802146,125.557649881,362.23459756,128.241474158,2990.4760886,-0.0255651660264,-0.743128955364,0.0987428873777,72,1,164.012933965,164.012890309,-1.14443572238,0,0
11.1980005319,5599,-3.00258398056e-06,0,0,1.34068852731e-06,-0.345338761806,0.0566011406481,-0.0408152006567,0.0838716179132,28.5960377369,139.215495437,46.8879225082,127.575462102,370.024004951,134.789414005,3004.81333397,-0.025570994243,-0.743131518364,0.0987429618835,72,1,164.012832101,164.012890309,-1.42257567495,0,0
11.2620005349,5631,-3.08454036713e-06,0,0,1.00340946574e-06,-0.394242405891,0.080016836524,-0.0533079169691,0.0894278287888,23.787648388,147.964645294,45.0796324003,129.547493998,375.650823116,139.848823892,3015.49956203,-0.0255768429488,-0.743134558201,0.0987432897091,72,1,164.012773894,164.012890309,-1.74762995448,0,0
11.326000538,5663,-2.64495611191e-06,0,0,7.00085990957e-07,-0.389872670174,0.0735251754522,-0.0588757432997,0.0894278287888,24.1888519668,145.501282532,44.2889140686,129.547493998,379.528908525,143.414916238,3022.94362336,-0.0255823675543,-0.743137300014,0.0987435504794,72,1,164.012832101,164.012890309,-1.66627287399,0,0
11.390000541,5695,-2.77906656265e-06,0,0,8.30737064916e-07,-0.348203122616,-0.0290310792625,-0.0391859225929,-0.00817613862455,28.2947057713,110.329674499,47.1272614959,97.7546151262,381.980498787,145.536730997,3027.51734853,-0.0255885701627,-0.743140399456,0.0987428054214,72,1,164.012904861,164.012890309,0.514513405506,0,0
11.454000544,5727,-2.89082527161e-06,0,0,3.48181231402e-07,-0.294228434563,-0.104546621442,-0.016220998019,-0.111928641796,34.4058935298,88.6713824002,50.587914302,70.1741591911,383.185775718,146.119724377,3029.30525504,-0.0255938004702,-0.743142843246,0.0987432077527,72,1,164.012919413,164.012890309,3.16208600998,0,0
11.5180005471,5759,-3.05473804474e-06,0,0,7.29648377273e-07,-0.273385703564,-0.13950714469,-0.00337577797472,-0.155876964331,37.0191155525,79.7749453341,52.595481975,60.2630134381,383.249629522,145.043959492,3028.29360589,-0.0255992263556,-0.743145227432,0.0987436920404,72,1,164.01281755,164.012890309,4.57833567634,0,0
11.5820005501,5791,-2.84612178802e-06,0,0,4.59822018684e-07,-0.25916326046,-0.144338309765,0.00686531607062,-0.159692913294,38.886704715,78.5994707257,54.2335801583,59.4494267716,382.213765988,142.211720231,3024.42559041,-0.0256046354771,-0.743147730827,0.0987439751625,72,1,164.012933965,164.012890309,4.74036252126,0,0
11.6460005532,5823,-2.84612178802e-06,0,0,4.89258013658e-07,-0.285226643085,-0.120077833533,0.00982398167253,-0.15566405654,35.5166921508,84.6337352414,54.713080317,60.3086264164,380.069075618,137.564638862,3017.6336877,-0.025610178709,-0.74315071106,0.0987439230084,72,1,164.012933965,164.012890309,4.22844151035,0,0
11.7100005562,5855,-2.83867120743e-06,0,0,9.21924197428e-07,-0.356952726841,-0.0498765744269,-0.0391075797379,-0.0269876457751,27.3897112493,104.006678157,47.1387902508,92.297232186,376.773183234,131.088672788,3007.86178559,-0.0256158094853,-0.743153572083,0.0987439230084,72,1,164.012788446,164.012890309,1.04534509592,0,0
11.7740005592,5887,-2.68965959549e-06,0,0,4.22493428687e-07,-0.354094684124,-0.0223834514618,-0.0409856848419,0.0269591286778,27.682777727,112.402900413,46.8629259558,108.515829197,372.242589947,122.814148199,2995.05679868,-0.0256210006773,-0.743156015873,0.0987433940172,72,1,164.012933965,164.012890309,0.0650322035654,0,0
11.8380005623,5919,-2.99513339996e-06,0,0,4.21752673674e-07,-0.346012294292,-0.00191343156621,-0.0402447991073,0.0527696572244,28.524951631,118.962394481,46.9716214866,116.905161121,366.33995478,112.822177471,2979.16214913,-0.0256262160838,-0.743158102036,0.0987437441945,72,1,164.012933965,164.012890309,-0.440733652795,0,0
11.9020005653,5951,-2.97278165817e-06,0,0,4.01966900654e-07,-0.337900817394,0.0158524550498,-0.0388363115489,0.06691634655,29.39028127,124.873258756,47.1787243441,121.681543533,358.820339898,101.271478343,2960.09192243,-0.0256320126355,-0.743160486221,0.098744161427,72,1,164.012904861,164.012890309,-0.784932926763,0,0
11.9660005684,5983,-2.75671482086e-06,0,0,8.51172785588e-07,-0.330379247665,0.0317792706192,-0.0374393127859,0.0755390077829,30.2108965116,130.347456434,47.384739446,124.655693071,349.276146153,88.4255277924,2937.70176359,-0.0256373360753,-0.743163645267,0.0987441539764,72,1,164.012861205,164.012890309,-1.05232361238,0,0
12.0300005714,6015,-2.93552875519e-06,0,0,5.80970265673e-07,-0.32981055975,0.0474943108857,-0.0375755317509,0.0814412534237,30.2736607409,135.913825943,47.3646250612,126.719198306,337.088247761,74.6751975385,2911.76349856,-0.0256429985166,-0.743165850639,0.0987447351217,72,1,164.012904861,164.012890309,-1.2920080917,0,0
12.0940005744,6047,-2.93552875519e-06,0,0,6.21069489171e-07,-0.377905249596,0.0717547982931,-0.0488083921373,0.0875066369772,25.3157159023,144.83454288,45.725468226,128.863335703,321.283296216,60.6079483987,2881.89109415,-0.0256482828408,-0.743169188499,0.0987444594502,72,1,164.012788446,164.012890309,-1.63424934726,0,0
12.1580005775,6079,-2.89082527161e-06,0,0,7.49493494823e-07,-0.39144384861,0.0817354172468,-0.0575812421739,0.0893399119377,24.0439712798,148.621678818,44.4719225925,129.516134621,300.237501506,47.1589555673,2847.39630297,-0.0256535504013,-0.743172168732,0.0987443476915,72,1,164.012992173,164.012890309,-1.76869751886,0,0
12.2220005805,6111,-2.88337469101e-06,0,0,6.21069489171e-07,-0.374308884144,0.0126992855221,-0.0518436990678,0.0473157353699,25.6624862232,123.809222714,45.2891254099,115.097660455,271.155353403,35.8852303179,2807.040466,-0.0256591886282,-0.743174850941,0.0987447723746,72,1,164.012992173,164.012890309,-0.598295184318,0,0
12.2860005836,6143,-2.80886888504e-06,0,0,6.16118825292e-07,-0.307302772999,-0.0804741382599,-0.0220773406327,-0.0792509168386,32.8400856233,95.2053014771,49.6898464917,78.2091374276,231.269877986,28.2840665022,2759.55395773,-0.0256649199873,-0.743178367615,0.098744481802,72,1,164.012846653,164.012890309,2.23734532483,0,0
12.3500005866,6175,-2.83867120743e-06,0,0,7.88957834175e-07,-0.28045541048,-0.129737019539,-0.00823036767542,-0.144657880068,36.1164056812,82.191756519,51.8306369486,62.6979308436,181.499883183,24.8977921729,2706.39755763,-0.0256705339998,-0.743180513382,0.0987450778484,72,1,164.012846653,164.012890309,4.18775249273,0,0
12.4140005896,6207,-2.92807817459e-06,0,0,4.03736095222e-07,-0.264217734337,-0.144343286753,0.00319886393845,-0.159753739834,38.2150356018,78.5982629168,53.6432671652,59.4365155848,134.437636007,22.532456569,2656.96994029,-0.0256762411445,-0.743183374405,0.0987450033426,72,1,164.012846653,164.012890309,4.74167056382,0,0
12.4780005927,6239,-2.86847352982e-06,0,0,3.5922246866e-07,-0.252425312996,-0.144343286753,0.0115110054612,-0.159753739834,39.7958283429,78.5982629168,54.9877513549,59.4365155848,96.9181128312,19.1043636733,2616.02248065,-0.0256818234921,-0.743185997009,0.0987453088164,72,1,164.012846653,164.012890309,4.74167056382,0,0
12.5420005957,6271,-2.8982758522e-06,0,0,6.21069489171e-07,-0.349285662174,-0.0671753287315,-0.0359245799482,-0.0651456266642,28.1814773189,98.9615218714,47.6087916468,81.8588232505,68.993664172,15.1769163494,2584.17055011,-0.0256870072335,-0.743189096451,0.0987447798252,72,1,164.012992173,164.012890309,1.81609205902,0,0
12.6060005988,6303,-3.07708978653e-06,0,0,7.73671501975e-07,-0.356599450111,-0.0317812673748,-0.040779132396,0.0106614474207,27.425803637,109.480046376,46.8932121294,103.430997115,48.7958823214,11.5302163977,2560.32613106,-0.0256925839931,-0.743191421032,0.0987454280257,72,1,164.012773894,164.012890309,0.357961864211,0,0
12.6700006018,6335,-3.1441450119e-06,0,0,5.11204348186e-07,-0.349280774593,-0.00954069569707,-0.0407128594816,0.0445149727166,28.1819866359,116.487128253,46.9029328087,114.176735224,34.3903011526,8.51036020322,2542.90062003,-0.0256982222199,-0.743194103241,0.0987455546856,72,1,164.012919413,164.012890309,-0.269249489065,0,0
12.7340006048,6367,-2.85357236862e-06,0,0,5.14247005867e-07,-0.341026842594,0.00911722145975,-0.0394412539899,0.0621783174574,29.0543939627,122.608311358,47.0896993647,120.067619719,24.1985235334,6.16110628471,2530.35966307,-0.0257045011967,-0.743197083473,0.0987451598048,72,1,164.012963069,164.012890309,-0.661178957671,0,0
12.7980006079,6399,-2.97278165817e-06,0,0,5.38366180081e-07,-0.333258628845,0.0257155187428,-0.0379991866648,0.072538241744,29.8946706607,128.243584186,47.3021027574,123.615231132,17.0155781234,4.4049988901,2521.42036334,-0.0257097817957,-0.743199467659,0.0987457334995,72,1,164.012933965,164.012890309,-0.953466747887,0,0
12.8620006109,6431,-2.98023223877e-06,0,0,8.87242151748e-07,-0.326186954975,0.0407085008919,-0.036738421768,0.0791854262352,30.6759720843,133.489986183,47.4883236166,125.927865156,11.9618371173,3.1252034205,2515.087137,-0.0257150735706,-0.743201971054,0.098746009171,72,1,164.01274479,164.012890309,-1.19103502948,0,0
12.926000614,6463,-2.70456075668e-06,0,0,7.88908153027e-07,-0.356796503067,0.0620592273772,-0.0434530414641,0.0850395858288,27.4056674243,141.221287777,46.5021475975,127.988329041,8.40860411699,2.20707215703,2510.61562449,-0.0257206745446,-0.743204414845,0.0987459123135,72,1,164.012904861,164.012890309,-1.4985203743,0,0
12.990000617,6495,-2.88337469101e-06,0,0,4.86502017338e-07,-0.394430756569,0.0817303210497,-0.0547989048064,0.0892786383629,23.770480766,148.619728861,44.8669743491,129.494277644,5.9116759985,1.55438692673,2507.46589154,-0.0257263723761,-0.743206739426,0.0987465083599,72,1,164.012832101,164.012890309,-1.76833209116,0,0
13.05400062,6527,-2.98023223877e-06,0,0,1.0357289284e-06,-0.387619137764,0.0552397631109,-0.0584245733917,0.0892786383629,24.39788841,138.718358357,44.3526405434,129.494277644,4.15728027292,1.09288077965,2505.2500423,-0.0257320664823,-0.743209242821,0.0987464562058,72,1,164.012948517,164.012890309,-1.43475353252,0,0
13.1180006231,6559,-2.74181365967e-06,0,0,1.13113276257e-06,-0.331275343895,-0.0492399819195,-0.0318510346115,-0.036142360419,30.1122090605,104.195809399,48.2148352603,89.716493676,2.92473100671,0.767556173287,2503.6924053,-0.0257373899221,-0.743211686611,0.0987467542291,72,1,164.012832101,164.012890309,1.14767404739,0,0
13.1820006261,6591,-2.75671482086e-06,0,0,6.40672681129e-07,-0.288816690445,-0.114997550845,-0.0133874509484,-0.125899076462,35.0704649463,85.9392894199,51.0262943862,66.9142100378,2.05864671443,0.538789663551,2502.59740278,-0.0257428064942,-0.743214428425,0.0987466797233,72,1,164.012977621,164.012890309,3.58467921615,0,0
13.2460006292,6623,-2.77161598206e-06,0,0,6.95009703122e-07,-0.269932687283,-0.142988413572,-0.000981062883511,-0.159278184175,37.4661758542,78.926619608,52.9755270691,59.5374913246,1.44989564888,0.378117505306,2501.8278975,-0.0257479324937,-0.743216991425,0.0987465456128,72,1,164.012948517,164.012890309,4.70798136666,0,0
13.3100006322,6655,-2.69711017609e-06,0,0,1.51075016674e-06,-0.256644427776,-0.144365400076,0.00857263430953,-0.159820914268,39.2247166019,78.5929150879,54.5099355804,59.4222656218,1.02189676454,0.26533706432,2501.28726475,-0.025753473863,-0.743219614029,0.0987463220954,72,1,164.012730238,164.012890309,4.74341446534,0,0
13.3740006352,6687,-2.92062759399e-06,0,0,9.44473526943e-07,-0.315647065639,-0.0978155881166,-0.0137853715569,-0.124926969409,31.8697675539,90.4643238755,50.9645797138,67.1377056278,0.720968273527,0.18613960151,2500.90705231,-0.0257588513196,-0.743221640587,0.0987469255924,72,1,164.012875757,164.012890309,3.27099440619,0,0
13.4380006383,6719,-2.82377004623e-06,0,0,7.32452690499e-07,-0.357688248158,-0.0427601002157,-0.0399839319289,-0.0115383882076,27.3146924883,106.13512859,47.0099330414,96.76382615,0.509227447765,0.130586840896,2500.63976273,-0.0257643293589,-0.743224203587,0.0987472161651,72,1,164.012933965,164.012890309,0.757305300795,0,0
13.5020006413,6751,-2.68965959549e-06,0,0,1.28183512516e-06,-0.352470576763,-0.0176792889833,-0.0410065762699,0.0339097715914,27.8504103335,113.886795589,46.8598627776,110.734137706,0.360156832357,0.0916310440857,2500.4518684,-0.0257698055357,-0.743227005005,0.0987469628453,72,1,164.012730238,164.012890309,-0.0645385880489,0,0
13.5660006444,6783,-2.85357236862e-06,0,0,8.69387008606e-07,-0.344239413738,0.00206569861621,-0.0400212071836,0.0563698001206,28.7123493763,120.268545288,47.0044578833,118.108604511,0.255173290498,0.0642586357458,2500.31938776,-0.0257753953338,-0.743229746819,0.0987467616796,72,1,164.013006724,164.012890309,-0.522735179402,0,0
13.6300006474,6815,-2.80141830444e-06,0,0,5.70492545648e-07,-0.336238563061,0.0193981565535,-0.0385813228786,0.0689924806356,29.5701229334,126.077517052,47.2162828373,122.393277707,0.181079386152,0.0451547315095,2500.22625551,-0.0257807895541,-0.743231773376,0.0987473130226,72,1,164.012875757,164.012890309,-0.846327806357,0,0
13.6940006504,6847,-2.83122062683e-06,0,0,6.51994866985e-07,-0.328851640224,0.0349810011685,-0.0372218899429,0.0768350064754,30.3797241941,131.468157633,47.4168555229,125.106860651,0.128893404394,0.0316110089216,2500.16059726,-0.0257861502469,-0.743234336376,0.0987474769354,72,1,164.012948517,164.012890309,-1.10223784577,0,0
13.7580006535,6879,-2.9131770134e-06,0,0,9.50624382767e-07,-0.337054729462,0.0522274114192,-0.0391539074481,0.0825857520103,29.4817109534,137.622802868,47.1319726785,127.121951664,0.0918065197197,0.022380655551,2500.11403114,-0.0257916599512,-0.743236660957,0.0987472832203,72,1,164.012963069,164.012890309,-1.35938939638,0,0
13.8220006565,6911,-2.96533107758e-06,0,0,7.92197283772e-07,-0.387849152088,0.0765415877104,-0.0518304742873,0.0886448919773,24.3764861807,146.642283653,45.2910207969,129.268388264,0.0656437109114,0.0157907269482,2500.08143485,-0.0257972069085,-0.743238806725,0.0987477749586,72,1,164.012846653,164.012890309,-1.70021736994,0,0
13.8860006595,6943,-2.86102294922e-06,0,0,4.57830253708e-07,-0.390757739544,0.0814244151115,-0.0585964955389,0.0892207324505,24.1071502387,148.5026296,44.3283497589,129.473628476,0.0472897276893,0.0109356337319,2500.05815178,-0.0258024986833,-0.743241488934,0.0987476631999,72,1,164.012963069,164.012890309,-1.76422472578,0,0
13.9500006626,6975,-3.04728746414e-06,0,0,1.19036212709e-06,-0.361377418041,-0.0107181016356,-0.0454612337053,0.0165075398982,26.9408574241,116.108334623,46.2098796561,105.236264062,0.0341837882445,0.00756625961884,2500.04162081,-0.0258080363274,-0.743243694305,0.0987476333976,72,1,164.012788446,164.012890309,-0.00430263344242,0,0
14.0140006656,7007,-3.09199094772e-06,0,0,5.21704237144e-07,-0.299483537674,-0.0944734811783,-0.0188171304762,-0.0984711796045,33.7698111252,91.3643234526,50.1884751429,73.4129134798,0.0246925804248,0.00542991518415,2500.02997927,-0.0258131492883,-0.743245661259,0.0987479612231,72,1,164.012846653,164.012890309,2.76886927895,0,0
14.0780006687,7039,-3.08454036713e-06,0,0,5.21706340351e-07,-0.27646458149,-0.135668754578,-0.00560688599944,-0.151790976524,36.6239073628,80.7180913398,52.2430418641,61.1423747614,0.0179496275621,0.00394087118494,2500.0218302,-0.0258183870465,-0.74324798584,0.0987476781011,72,1,164.012861205,164.012890309,4.42996574566,0,0
14.1420006717,7071,-2.73436307907e-06,0,0,8.24100595764e-07,-0.261380851269,-0.144366919994,0.00519418902695,-0.15985134244,38.590929762,78.5925440141,53.9639877388,59.4158082095,0.0131216424393,0.00290113577606,2500.0157766,-0.0258239973336,-0.743250608444,0.0987480580807,72,1,164.012773894,164.012890309,4.74405148998,0,0
14.2060006747,7103,-3.09944152832e-06,0,0,1.02988485651e-06,-0.2631752491,-0.136109083891,0.0128851681948,-0.15985134244,38.3528495149,80.6094831205,55.2121637156,59.4158082095,0.00970136149192,0.00218086926296,2500.01181848,-0.0258295051754,-0.743252515793,0.0987484306097,72,1,164.012773894,164.012890309,4.59663849324,0,0
14.2700006778,7135,-2.86102294922e-06,0,0,9.45077204051e-07,-0.354933261871,-0.0568551085889,-0.0381640829146,-0.04263593629,27.5965303445,101.949561213,47.2777828691,87.9154031281,0.00744246575479,0.00152813428578,2500.00902452,-0.0258347019553,-0.743255019188,0.0987484529614,72,1,164.01281755,164.012890309,1.34859466925,0,0
14.3340006808,7167,-2.58535146713e-06,0,0,1.64820369264e-06,-0.355340003967,-0.0265238508582,-0.0410082153976,0.0200251229107,27.5547736237,111.108362034,46.859622671,106.332547148,0.00547945155915,0.00134267497121,2500.00692904,-0.0258402191103,-0.743257403374,0.0987486094236,72,1,164.01281755,164.012890309,0.189616446733,0,0
14.3980006839,7199,-2.94297933578e-06,0,0,4.32182844179e-07,-0.347502410412,-0.00533442758024,-0.0405322052538,0.0491427816451,28.3681856672,117.847579531,46.9294354843,115.701077448,0.00387052301321,0.00130206301296,2500.00529923,-0.0258450265974,-0.743259012699,0.0987480357289,72,1,164.012890309,164.012890309,-0.365086336387,0,0
14.4620006869,7231,-2.93552875519e-06,0,0,1.37350377827e-06,-0.33931261301,0.0128208640963,-0.0391711108387,0.0647578090429,29.2382137559,123.850128148,47.1294406452,120.944496302,0.00282228262982,0.00114734788337,2500.00390224,-0.0258508156985,-0.743261814117,0.0987482219934,72,1,164.012773894,164.012890309,-0.729329127353,0,0
14.5260006899,7263,-2.9057264328e-06,0,0,4.43621075874e-07,-0.331677734852,0.0290477126837,-0.0377491228282,0.0741157233715,30.0679712382,129.396707052,47.3389991384,124.161466374,0.00234294517121,0.000833636271125,2500.00320375,-0.0258556846529,-0.743263721466,0.0987482666969,72,1,164.01281755,164.012890309,-1.00748101249,0,0
14.590000693,7295,-3.12179327011e-06,0,0,4.75156952007e-07,-0.326639592648,0.0441091097891,-0.036946695298,0.0802808701992,30.6254914904,134.700792842,47.457528126,126.311730128,0.00201670768973,0.000647611020366,2500.00273809,-0.025860818103,-0.743265926838,0.0987481996417,72,1,164.012832101,164.012890309,-1.24155881349,0,0
14.654000696,7327,-3.24100255966e-06,0,0,7.0979371003e-07,-0.368598937988,0.0674590915442,-0.0463742353022,0.0862755775452,26.2208450295,143.225697684,46.0774099338,128.426210722,0.00177885695063,0.000550392009746,2500.00227243,-0.0258665159345,-0.743267834187,0.0987484902143,72,1,164.013006724,164.012890309,-1.5736001078,0,0
14.7180006991,7359,-3.09944152832e-06,0,0,4.57834801182e-07,-0.39214861393,0.0817317217588,-0.0564902089536,0.0891943275928,23.979211619,148.620267282,44.6265548817,129.464213387,0.00162964497452,0.000479952966259,2500.0020396,-0.0258715301752,-0.743269860744,0.0987486317754,72,1,164.01281755,164.012890309,-1.76793895662,0,0
14.7820007021,7391,-2.83867120743e-06,0,0,8.5057394017e-07,-0.382050216198,0.0325514934957,-0.0558473803103,0.071221858263,24.9207314482,130.617132527,44.71783177,123.1606293,0.00153439105866,0.000431945285095,2500.0020396,-0.0258768573403,-0.743272304535,0.0987486541271,72,1,164.012963069,164.012890309,-1.03486166336,0,0
14.8460007051,7423,-2.86847352982e-06,0,0,1.21732659863e-06,-0.316196680069,-0.0672272741795,-0.0257178135216,-0.0610939674079,31.8066449836,98.9466425381,49.1369755764,82.9277705634,0.00147026346653,0.000402341882033,2500.00180677,-0.0258824899793,-0.74327403307,0.0987492725253,72,1,164.012788446,164.012890309,1.76017195918,0,0
14.9100007082,7455,-2.93552875519e-06,0,0,6.61557578496e-07,-0.284055709839,-0.123719096184,-0.0105957873166,-0.137230336666,35.6631680916,83.7069892441,51.4606654178,64.3455059617,0.00142950051796,0.000382122194997,2500.00180677,-0.0258876755834,-0.74327647686,0.0987488925457,72,1,164.012919413,164.012890309,3.9425608702,0,0
14.9740007112,7487,-3.00258398056e-06,0,0,8.69519112712e-07,-0.266721487045,-0.144378900528,0.00130973849446,-0.159890413284,37.885583879,78.589648183,53.3407910552,59.4075172557,0.00140192524256,0.000369645952736,2500.00180677,-0.025893650949,-0.743278443813,0.0987494662404,72,1,164.012861205,164.012890309,4.74504940212,0,0
15.0380007143,7519,-3.00258398056e-06,0,0,1.09880352284e-06,-0.254280149937,-0.144378900528,0.0101756062359,-0.159890413284,39.543985622,78.589648183,54.7702547919,59.4075172557,0.00138424927076,0.000361146279548,2500.00180677,-0.025898789987,-0.74328070879,0.0987494885921,72,1,164.012861205,164.012890309,4.74504940212,0,0
15.1020007173,7551,-3.17394733429e-06,0,0,9.03966849819e-07,-0.339352667332,-0.0785780549049,-0.0313246287405,-0.0887970626354,29.233910027,95.7344091148,48.2935247419,75.8016976761,0.0013727815551,0.00035553415767,2500.00180677,-0.0259044785053,-0.74328315258,0.0987496376038,72,1,164.012832101,164.012890309,2.35129450448,0,0
15.1660007203,7583,-2.93552875519e-06,0,0,1.3735043467e-06,-0.357362091541,-0.0365277789533,-0.0405522398651,0.00134744937532,27.3479363386,108.024760266,46.9264959975,100.597688288,0.00136523925498,0.000351928680642,2500.00180677,-0.0259095355868,-0.743285238743,0.0987497717142,72,1,164.012802998,164.012890309,0.523863418493,0,0
15.2300007234,7615,-2.98768281937e-06,0,0,7.10275060101e-07,-0.350755214691,-0.0131790935993,-0.0409188084304,0.0399382598698,28.02833842,115.319438919,46.8727303087,112.682449981,0.00136031619302,0.000349573064939,2500.00180677,-0.0259147658944,-0.743287324905,0.0987498909235,72,1,164.012773894,164.012890309,-0.180128583452,0,0
15.2940007264,7647,-2.98023223877e-06,0,0,8.69519112712e-07,-0.342481732368,0.00594344735146,-0.0397548489273,0.0595961473882,28.8990995614,121.551238408,47.0435952593,119.194090075,0.00135710953586,0.000348027856534,2500.00157394,-0.0259200762957,-0.743289232254,0.0987504869699,72,1,164.012788446,164.012890309,-0.599485763814,0,0
15.3580007295,7679,-3.02493572235e-06,0,0,4.75333393979e-07,-0.334604144096,0.0228679664433,-0.0383063815534,0.0709101557732,29.7477836284,127.263978356,47.2568026453,123.053148855,0.00135501454501,0.000347020689961,2500.00157394,-0.0259255059063,-0.74329161644,0.0987505763769,72,1,164.012861205,164.012890309,-0.905162538402,0,0
15.4220007325,7711,-2.8982758522e-06,0,0,4.75333393979e-07,-0.327351093292,0.0381183885038,-0.0369903706014,0.0780665576458,30.5462708639,132.572953589,47.4510707136,125.536593259,0.00135364619513,0.00034636388202,2500.00157394,-0.0259306877851,-0.743293821812,0.0987509042025,72,1,164.01281755,164.012890309,-1.15064694546,0,0
15.4860007355,7743,-2.81631946564e-06,0,0,5.49401761418e-07,-0.347170233727,0.0574929080904,-0.0413420535624,0.083822414279,28.403075703,139.541822136,46.81070277,127.558087115,0.00135275313173,0.000345934697554,2500.00157394,-0.0259360391647,-0.743295967579,0.0987510755658,72,1,164.012904861,164.012890309,-1.43368926365,0,0
15.5500007386,7775,-3.26335430145e-06,0,0,3.23094980104e-07,-0.394956469536,0.0805347412825,-0.053591568023,0.0891538113356,23.7226086028,148.162434925,45.0391235063,129.449763335,6.00119346927,-0.517853266047,2505.48333861,-0.0259412471205,-0.743297755718,0.0987509787083,72,1,164.012875757,164.012890309,-1.75277201924,0,0
15.6140007416,7807,-3.07708978653e-06,0,0,8.31666454815e-07,-0.389645040035,0.0709439069033,-0.0590048618615,0.0891538113356,24.2099013121,144.529869431,44.2706877948,129.449763335,28.2043001789,-0.424757558903,2527.77966671,-0.0259465612471,-0.743299901485,0.0987510457635,72,1,164.012904861,164.012890309,-1.63244933356,0,0
15.6780007447,7839,-3.08454036713e-06,0,0,5.44409999748e-07,-0.345402300358,-0.0325985588133,-0.038038674742,-0.0132860150188,28.589320209,109.22846559,47.2962783533,96.2514895946,56.5941118111,4.00896306019,2560.6029667,-0.0259520914406,-0.743302285671,0.0987511798739,72,1,164.012832101,164.012890309,0.624087988399,0,0
15.7420007477,7871,-2.77161598206e-06,0,0,4.56987891084e-07,-0.293264627457,-0.106459662318,-0.0158490054309,-0.114670082927,34.5235421264,88.1665837369,50.6453216076,69.5262860972,87.9279396031,11.4009653771,2599.32898916,-0.0259572938085,-0.743304312229,0.0987515449524,72,1,164.012904861,164.012890309,3.24149895459,0,0
15.8060007507,7903,-2.83867120743e-06,0,0,4.87990405418e-07,-0.272785663605,-0.140219181776,-0.00307092629373,-0.156785160303,37.0965135517,79.600889876,52.6437615918,60.068712628,120.565266116,20.5214892048,2641.08669944,-0.0259625948966,-0.743306398392,0.0987516492605,72,1,164.012904861,164.012890309,4.60898550227,0,0
15.8700007538,7935,-2.97278165817e-06,0,0,4.83139956486e-07,-0.258724451065,-0.14438393712,0.0070588523522,-0.159912645817,38.9454253309,78.5884258221,54.2648595001,59.4028024352,153.371685883,30.6371293846,2684.00856294,-0.0259679500014,-0.74330830574,0.0987517908216,72,1,164.012904861,164.012890309,4.74558304995,0,0
15.9340007568,7967,-2.98023223877e-06,0,0,8.50375556638e-07,-0.290247261524,-0.116461023688,0.00643079914153,-0.152224451303,34.8938410752,85.5616963236,54.1633962712,61.0486822552,185.4692091,41.3078814745,2726.77699104,-0.0259732995182,-0.743310213089,0.0987521931529,72,1,164.012802998,164.012890309,4.09778952599,0,0
15.9980007599,7999,-2.95042991638e-06,0,0,5.01031252043e-07,-0.357185065746,-0.0486295707524,-0.0393696241081,-0.0243745259941,27.3659970844,104.377395473,47.1002349514,93.0428504944,216.141183046,52.2556983924,2768.39686558,-0.0259784758091,-0.743312358856,0.098752066493,72,1,164.012904861,164.012890309,0.994927831925,0,0
16.0620007629,8031,-2.88337469101e-06,0,0,7.0979371003e-07,-0.353838264942,-0.0215976350009,-0.0410853587091,0.0280164256692,27.7091858152,112.649810035,46.8483158329,108.851338155,244.796508923,63.2849260001,2808.0814518,-0.0259839706123,-0.743314504623,0.0987522229552,72,1,164.012773894,164.012890309,0.0441096235591,0,0
16.1260007659,8063,-2.83867120743e-06,0,0,5.49460878574e-07,-0.345720469952,-0.00125462329015,-0.0402978025377,0.053223554045,28.5557325697,119.177944725,46.9638398499,117.056435556,270.957854809,74.2406773497,2845.19838169,-0.02598936297,-0.743316411972,0.0987526997924,72,1,164.012948517,164.012890309,-0.453281303635,0,0
16.190000769,8095,-3.24845314026e-06,0,0,5.5101338603e-07,-0.337625324726,0.0164391808212,-0.0388820953667,0.0670991241932,29.4200290227,125.071965158,47.1719831694,121.74409494,294.274737826,84.9763018778,2879.25079465,-0.0259943194687,-0.743318319321,0.0987520888448,72,1,164.012963069,164.012890309,-0.794013845734,0,0
16.254000772,8127,-2.88337469101e-06,0,0,1.02523029e-06,-0.330125391483,0.0323096774518,-0.0374908931553,0.0755846649408,30.2389016724,130.532644107,47.3771215184,124.67156921,314.533390338,95.3391063376,2909.87244807,-0.0259992871433,-0.743320405483,0.0987525805831,72,1,164.013035828,164.012890309,-1.05954613537,0,0
16.3180007751,8159,-3.08454036713e-06,0,0,7.64076730775e-07,-0.330772578716,0.0482285022736,-0.0378769300878,0.0814498662949,30.1675499941,136.177928653,47.3201398563,126.722225104,331.66850335,105.159509985,2936.82795018,-0.0260040536523,-0.743322312832,0.0987526327372,72,1,164.012875757,164.012890309,-1.30150525365,0,0
16.3820007781,8191,-3.22610139847e-06,0,0,2.85546718715e-07,-0.379667341709,0.0725771039724,-0.0494022555649,0.0875214934349,25.147190172,145.143960253,45.6398774986,128.868618049,345.759239281,114.249138278,2960.00833623,-0.0260094497353,-0.743324041367,0.0987528041005,72,1,164.012890309,164.012890309,-1.6446855152,0,0
16.4460007811,8223,-2.86847352982e-06,0,0,6.36783454411e-07,-0.391336619854,0.0817311555147,-0.0578658692539,0.089144334197,24.0538338403,148.620049004,44.4316392532,129.446387291,357.007724233,122.408746392,2979.41640019,-0.0260144919157,-0.743326246738,0.098753541708,72,1,164.012788446,164.012890309,-1.76769075915,0,0
16.5100007842,8255,-2.82377004623e-06,0,0,7.06066828116e-07,-0.372414469719,0.00868709944189,-0.0509727112949,0.0420002155006,25.8466679952,122.464669403,45.4140499642,113.354049972,365.701154806,129.4365793,2995.13759091,-0.026019692421,-0.743328154087,0.0987539663911,72,1,164.012919413,164.012890309,-0.501048751175,0,0
16.5740007872,8287,-2.89082527161e-06,0,0,3.50872795707e-07,-0.305835366249,-0.0829893499613,-0.0215734615922,-0.0828469246626,33.0130424118,94.5067076827,49.766695156,77.2963685449,372.166396119,135.145601234,3007.31183961,-0.0260246954858,-0.743330299854,0.098753541708,72,1,164.012846653,164.012890309,2.33298446983,0,0
16.6380007903,8319,-3.05473804474e-06,0,0,9.73944906946e-07,-0.279760301113,-0.130858361721,-0.00786664150655,-0.146153599024,36.2044156645,81.9116612547,51.8876840943,62.3695887043,376.759446226,139.398514875,3016.15800709,-0.0260297525674,-0.743332147598,0.098753683269,72,1,164.012773894,164.012890309,4.23605553806,0,0
16.7020007933,8351,-3.06963920593e-06,0,0,4.75178921988e-07,-0.263725221157,-0.144384890795,0.00346397189423,-0.159927070141,38.2800935768,78.5882002674,53.6858060514,59.3997392571,379.855046049,142.268894706,3022.12382667,-0.0260347034782,-0.743334114552,0.0987538024783,72,1,164.012963069,164.012890309,4.74589411169,0,0
16.7660007963,8383,-3.05473804474e-06,0,0,1.08505355456e-06,-0.252056598663,-0.144384890795,0.0116710532457,-0.159927070141,39.8460324504,78.5882002674,55.0138574908,59.3997392571,381.691323128,143.747383845,3025.43863654,-0.0260401032865,-0.743335962296,0.098754093051,72,1,164.012832101,164.012890309,4.74589411169,0,0
16.8300007994,8415,-2.98023223877e-06,0,0,6.21883884833e-07,-0.350589931011,-0.0652772933245,-0.036505933851,-0.0611841343343,28.0455260508,99.5062437141,47.5227170682,82.9038835946,382.400176022,143.730881973,3026.13084204,-0.0260454341769,-0.743338048458,0.098754785955,72,1,164.012904861,164.012890309,1.7301797634,0,0
16.8940008024,8447,-3.08454036713e-06,0,0,7.62202375881e-07,-0.356418907642,-0.0308953039348,-0.0408968515694,0.0121878292412,27.4442609225,109.753236757,46.8759499199,103.900332761,382.054509828,142.110104207,3024.16458726,-0.0260508153588,-0.743340015411,0.0987547785044,72,1,164.012846653,164.012890309,0.329715141561,0,0
16.9580008055,8479,-2.79396772385e-06,0,0,1.18002810723e-06,-0.348991334438,-0.00884497910738,-0.0407542325556,0.0451894141734,28.2122273347,116.71136599,46.8968646601,114.398048026,380.669574952,138.80826009,3019.4777064,-0.0260546747595,-0.743342101574,0.0987537801266,72,1,164.012730238,164.012890309,-0.284470123006,0,0
17.0220008085,8511,-3.01748514175e-06,0,0,1.18344712519e-06,-0.340744376183,0.00972817651927,-0.0394648052752,0.0624888576567,29.0846255666,122.812547488,47.0862360089,120.172961033,378.224911401,133.785229991,3012.01012917,-0.0260603632778,-0.743343532085,0.0987544208765,72,1,164.012832101,164.012890309,-0.671634799801,0,0
17.0860008115,8543,-2.78651714325e-06,0,0,7.02923614426e-07,-0.332997262478,0.0262655355036,-0.0380251072347,0.0726729482412,29.9232651741,128.43341392,47.2982792417,123.661811813,374.668947188,127.039849758,3001.70877017,-0.0260654650629,-0.743345499039,0.0987548530102,72,1,164.012788446,164.012890309,-0.961585319601,0,0
17.1500008146,8575,-3.08454036713e-06,0,0,3.91451578707e-07,-0.326057255268,0.0412285067141,-0.0367969460785,0.0792287439108,30.690447602,133.674635435,47.479668865,125.943028252,369.910441805,118.614676467,2988.5249678,-0.0260705836117,-0.743347167969,0.0987545177341,72,1,164.012875757,164.012890309,-1.19803391863,0,0
17.2140008176,8607,-3.27080488205e-06,0,0,1.0137322306e-06,-0.358776330948,0.0629635006189,-0.0439890511334,0.0851081311703,27.2040088021,141.555559821,46.4240183646,128.012587084,363.800150808,108.600856038,2972.40098007,-0.0260760951787,-0.743348836899,0.098754696548,72,1,164.012832101,164.012890309,-1.51038228069,0,0
17.2780008207,8639,-3.1366944313e-06,0,0,7.63499940604e-07,-0.393810212612,0.081718608737,-0.0551466457546,0.0891226679087,23.8270895352,148.615246871,44.8174723715,129.438660224,356.070871931,97.169962828,2953.24088074,-0.0260811932385,-0.743350684643,0.0987548306584,72,1,164.012832101,164.012890309,-1.76742940675,0,0
17.3420008237,8671,-3.00258398056e-06,0,0,5.75972023853e-07,-0.386949598789,0.0516181699932,-0.0582165829837,0.0882054418325,24.4602797466,137.401977554,44.3820390501,129.111911519,346.311484464,84.5849426696,2930.8963567,-0.0260863155127,-0.743352472782,0.0987550318241,72,1,164.012802998,164.012890309,-1.38293858618,0,0
17.4060008267,8703,-3.00258398056e-06,0,0,3.29003000843e-07,-0.328523993492,-0.052427072078,-0.0307708494365,-0.040660712868,30.4160294036,103.251404653,48.3763978991,88.4606852196,333.904637955,71.2304827175,2905.1352758,-0.0260916817933,-0.74335449934,0.0987552180886,72,1,164.012846653,164.012890309,1.25410291366,0,0
17.4700008298,8735,-2.89082527161e-06,0,0,5.69659903249e-07,-0.287976682186,-0.116595491767,-0.0129780955613,-0.128084003925,35.1744856744,85.5270627653,51.0898353241,66.4136823616,317.885598633,57.6819074922,2875.56741387,-0.0260970406234,-0.743356108665,0.0987555384636,72,1,164.012875757,164.012890309,3.65147460252,0,0
17.5340008328,8767,-2.95042991638e-06,0,0,5.32345325155e-07,-0.269374072552,-0.143459677696,-0.000649238587357,-0.159727364779,37.5388808607,78.812292486,53.0283323315,59.4421180722,296.659389278,44.8479077022,2841.50708467,-0.0261022802442,-0.7433578372,0.0987555012107,72,1,164.012802998,164.012890309,4.72537847236,0,0
17.5980008359,8799,-2.74926424026e-06,0,0,5.24298684468e-07,-0.256232917309,-0.144395083189,0.00878973864019,-0.159945756197,39.280141209,78.5857337178,54.5451439393,59.3957774981,267.526862444,34.2188177456,2801.74566433,-0.0261071119457,-0.74335962534,0.0987553447485,72,1,164.012861205,164.012890309,4.74644452333,0,0
17.6620008389,8831,-3.03238630295e-06,0,0,7.92231560354e-07,-0.320438444614,-0.0942294299603,-0.0177625268698,-0.118672847748,31.3226955768,91.4303018362,50.3504816152,68.587512942,227.88134811,27.1865774266,2755.06777689,-0.0261120405048,-0.743361353874,0.0987550914288,72,1,164.012832101,164.012890309,3.1010620296,0,0
17.7260008419,8863,-2.78651714325e-06,0,0,4.43621075874e-07,-0.357695996761,-0.0416788198054,-0.0401493348181,-0.00932064652443,27.3139030469,106.461251562,46.9856386189,97.4165959633,178.656860953,24.2058576987,2702.86248997,-0.0261172614992,-0.743363261223,0.0987554267049,72,1,164.01281755,164.012890309,0.716266746167,0,0
17.790000845,8895,-2.80886888504e-06,0,0,9.32461659886e-07,-0.3521925807,-0.0169239751995,-0.0410494916141,0.0348762087524,27.8791831079,114.126356493,46.8535727123,111.044952064,132.215238409,22.0702349907,2654.28540297,-0.026122553274,-0.743365049362,0.0987556129694,72,1,164.012992173,164.012890309,-0.0837144980324,0,0
17.854000848,8927,-3.11434268951e-06,0,0,8.33433034586e-07,-0.343947589397,0.00271246489137,-0.0400297231972,0.0568319000304,28.743294024,120.481810882,47.0032064186,118.263669719,95.2673944994,18.7633904716,2614.0306145,-0.0261276010424,-0.743366718292,0.0987553671002,72,1,164.012846653,164.012890309,-0.535024737474,0,0
17.9180008511,8959,-3.1441450119e-06,0,0,1.1590404938e-06,-0.33596599102,0.0199765823781,-0.0385870747268,0.0692216157913,29.5996887871,126.274753711,47.2154351883,122.472003568,67.802167905,14.916146938,2582.71815255,-0.0261325854808,-0.743368506432,0.0987553820014,72,1,164.012875757,164.012890309,-0.855555059388,0,0
17.9820008541,8991,-2.96533107758e-06,0,0,6.13810868799e-07,-0.328601002693,0.035504180938,-0.0372345708311,0.0769433379173,30.4074910673,131.651933771,47.4149819638,125.144622871,47.9470581922,11.3334426715,2559.28048864,-0.0261378213763,-0.74337041378,0.0987555086613,72,1,164.012933965,164.012890309,-1.10972661059,0,0
18.0460008571,9023,-3.03238630295e-06,0,0,5.68642064991e-07,-0.338576555252,0.0530730895698,-0.0395298190415,0.0826846510172,29.3174198305,137.929746415,47.0766754006,127.156788949,33.7900346494,8.36452454678,2542.15439782,-0.0261432752013,-0.74337208271,0.09875562042,72,1,164.012802998,164.012890309,-1.37079088017,0,0
18.1100008602,9055,-3.21120023727e-06,0,0,5.48076513951e-07,-0.389351904392,0.0772950947285,-0.0523636974394,0.0887314528227,24.2370279011,146.928286995,45.2146523457,129.299223772,23.7758540607,6.05461627856,2529.83043902,-0.0261486843228,-0.743373692036,0.0987555459142,72,1,164.012875757,164.012890309,-1.71009660698,0,0
18.1740008632,9087,-3.02493572235e-06,0,0,7.0979371003e-07,-0.390615701675,0.0806255787611,-0.0587588213384,0.089109480381,24.1202433244,148.197141243,44.3054232164,129.433959955,16.7184498423,4.3283685045,2521.04667015,-0.0261540357023,-0.74337542057,0.0987557545304,72,1,164.013006724,164.012890309,-1.75369286444,0,0
18.2380008663,9119,-3.02493572235e-06,0,0,8.6636089236e-07,-0.358884930611,-0.0145131759346,-0.0443147234619,0.0113052409142,27.1929802693,114.893395221,46.3765900349,103.62877947,11.7531189971,3.07050208903,2514.82357271,-0.026159292087,-0.743377149105,0.0987558960915,72,1,164.012904861,164.012890309,0.10044220835,0,0
18.3020008693,9151,-2.83867120743e-06,0,0,2.81438872207e-07,-0.298359394073,-0.0966263562441,-0.0183595530689,-0.101469174027,33.905118471,90.7838257262,50.2587245137,72.6829530322,8.26222094474,2.16828084376,2510.43052413,-0.0261645019054,-0.743378996849,0.0987561792135,72,1,164.012904861,164.012890309,2.85375118256,0,0
18.3660008723,9183,-2.81631946564e-06,0,0,4.51902934628e-07,-0.275829017162,-0.136538982391,-0.0052237380296,-0.152852445841,36.7052307411,80.5035451776,52.3034541402,60.913109337,5.80869937039,1.52716756929,2507.33573921,-0.0261694770306,-0.743380725384,0.0987559854984,72,1,164.012875757,164.012890309,4.4661257416,0,0
18.4300008754,9215,-2.8982758522e-06,0,0,1.41958742006e-06,-0.260923266411,-0.14438611269,0.00546894874424,-0.159944266081,38.6518186133,78.5879019531,54.008251027,59.3960940023,4.08501682614,1.07364962787,2505.15853986,-0.0261744186282,-0.743382573128,0.0987559109926,72,1,164.012657478,164.012890309,4.74625919014,0,0
18.4940008784,9247,-2.8982758522e-06,0,0,8.23570815101e-07,-0.267024457455,-0.13333889842,0.0130613595247,-0.159944266081,37.8458607884,81.2945727375,55.2409801458,59.3960940023,2.87392117571,0.754097925437,2503.62791121,-0.0261796023697,-0.743384122849,0.0987557470798,72,1,164.012832101,164.012890309,4.54900367185,0,0
18.5580008815,9279,-2.81631946564e-06,0,0,4.71686149695e-07,-0.355485439301,-0.0553768761456,-0.0384482257068,-0.0394121743739,27.5398579106,102.382837213,47.2358951811,88.806518761,2.02287583306,0.529406634087,2502.55223364,-0.026184251532,-0.743386149406,0.0987557396293,72,1,164.012919413,164.012890309,1.28424726427,0,0
18.6220008845,9311,-3.00258398056e-06,0,0,7.12493999799e-07,-0.355105996132,-0.0256894864142,-0.0410694219172,0.0213654376566,27.5787915598,111.36836838,46.8506514153,106.752260763,1.42478609177,0.371529523591,2501.79623254,-0.0261894147843,-0.743387937546,0.0987556576729,72,1,164.012788446,164.012890309,0.164802113432,0,0
18.6860008875,9343,-2.95788049698e-06,0,0,4.34497536617e-07,-0.347207605839,-0.00465202797204,-0.0405350066721,0.0497795529664,28.3991503238,118.069357995,46.9290243927,115.911876492,1.00451222806,0.260545220954,2501.26491301,-0.0261943954974,-0.743389606476,0.0987555980682,72,1,164.012904861,164.012890309,-0.379563425668,0,0
18.7500008906,9375,-3.18139791489e-06,0,0,4.34574928931e-07,-0.339031398296,0.0134248118848,-0.0391625352204,0.065085157752,29.2684526357,124.053476611,47.1307030239,121.056080388,0.708692823537,0.18284823966,2500.89145266,-0.0261995941401,-0.743391156197,0.0987552776933,72,1,164.012890309,164.012890309,-0.739719253033,0,0
18.8140008936,9407,-3.24100255966e-06,0,0,8.24010953693e-07,-0.331418514252,0.0295921936631,-0.0377450101078,0.0742896199226,30.0964584312,129.585823743,47.3396066809,124.221784063,0.500695534811,0.128236479213,2500.62881969,-0.0262047238648,-0.743393003941,0.0987552851439,72,1,164.012875757,164.012890309,-1.0157355573,0,0
18.8780008967,9439,-3.01748514175e-06,0,0,6.61348906306e-07,-0.327057182789,0.0447379536927,-0.037087764591,0.0803922116756,30.5789726553,134.925547172,47.4366752314,126.350787468,0.354101075573,0.090034745881,2500.44418499,-0.0262095946819,-0.74339479208,0.0987554341555,72,1,164.012861205,164.012890309,-1.25033524819,0,0
18.9420008997,9471,-3.16649675369e-06,0,0,4.75274589462e-07,-0.370518326759,0.068333491683,-0.0469131059945,0.0864057391882,26.0320830421,143.55215535,45.9993425466,128.472383949,0.25088021971,0.0631626662084,2500.31403266,-0.0262146145105,-0.743396520615,0.0987551510334,72,1,164.012861205,164.012890309,-1.5853527002,0,0
19.0060009027,9503,-3.17394733429e-06,0,0,1.06469065031e-06,-0.391957402229,0.08172544837,-0.0567824579775,0.0891045928001,23.9967630478,148.617866216,44.5851001132,129.432213726,0.17806182484,0.0443794299088,2500.22253022,-0.0262196008116,-0.743398308754,0.0987550839782,72,1,164.013064932,164.012890309,-1.76742195617,0,0
19.0700009058,9535,-3.08454036713e-06,0,0,5.7049572888e-07,-0.380727529526,0.0285700969398,-0.0552201755345,0.0665802210569,25.0462344411,129.23097529,44.8070095445,121.566576126,0.12679258532,0.0310473851073,2500.1578033,-0.0262245964259,-0.743400037289,0.0987550467253,72,1,164.012933965,164.012890309,-0.951694673859,0,0
19.1340009088,9567,-2.87592411041e-06,0,0,1.1903473478e-06,-0.314130365849,-0.0700259804726,-0.0249317809939,-0.0650206804276,32.0444705721,98.1474659056,49.255999329,81.8916523713,0.0903113530626,0.0219922018374,2500.11216849,-0.0262297801673,-0.743401885033,0.0987553447485,72,1,164.012730238,164.012890309,1.86022813432,0,0
19.1980009119,9599,-3.24100255966e-06,0,0,6.40959910925e-07,-0.283307015896,-0.125031799078,-0.0101704671979,-0.138947099447,35.7570643246,83.3747326396,51.5270585311,63.9621575829,0.0646372697588,0.0154786192752,2500.08003786,-0.0262350011617,-0.743403375149,0.0987551212311,72,1,164.012861205,164.012890309,3.99748934433,0,0
19.2620009149,9631,-3.21120023727e-06,0,0,8.69495863753e-07,-0.266204059124,-0.144397884607,0.00164496619254,-0.159964889288,37.9534867534,78.5850570537,53.394382121,59.3917175138,0.0465492107082,0.0107335775823,2500.05722046,-0.0262396745384,-0.743405222893,0.0987547710538,72,1,164.012890309,164.012890309,4.74688224494,0,0
19.3260009179,9663,-2.86102294922e-06,0,0,1.60659408266e-06,-0.253896653652,-0.144397884607,0.0103989075869,-0.159964889288,39.5959577872,78.5850570537,54.8065836483,59.3917175138,0.0336431327241,0.00744213046744,2500.04092231,-0.0262447670102,-0.743407011032,0.0987549647689,72,1,164.012919413,164.012890309,4.74688224494,0,0
19.390000921,9695,-2.95042991638e-06,0,0,9.75966372607e-07,-0.341922402382,-0.0760242342949,-0.0327298678458,-0.0837109684944,28.958726034,96.4504361036,48.0836533825,77.0781116444,0.0243449562731,0.00531906252377,2500.02974644,-0.026249954477,-0.743408501148,0.098755016923,72,1,164.012730238,164.012890309,2.23145447671,0,0
19.454000924,9727,-2.86847352982e-06,0,0,9.15666419132e-07,-0.357242226601,-0.0355588831007,-0.0406539551914,0.00322581408545,27.3601672234,108.320688014,46.9115730084,101.164863736,0.0176912209326,0.0038777914213,2500.02159737,-0.026255171746,-0.743410229683,0.0987551510334,72,1,164.012875757,164.012890309,0.489796919283,0,0
19.5180009271,9759,-3.06963920593e-06,0,0,1.13408702873e-06,-0.350465714931,-0.0124509315938,-0.0409259088337,0.0408041067421,28.0584481516,115.552458738,46.8716898467,112.96413868,0.0129188144626,0.00287247625685,2500.01554377,-0.0262600127608,-0.743411779404,0.0987548753619,72,1,164.012788446,164.012890309,-0.197658344405,0,0
19.5820009301,9791,-2.98023223877e-06,0,0,1.13409043934e-06,-0.342192471027,0.00657619908452,-0.0397377200425,0.060040127486,28.9299241558,121.761462651,47.0461127406,119.343982078,0.00956474011105,0.00215147766269,2500.01158565,-0.0262645054609,-0.74341326952,0.0987539961934,72,1,164.012846653,164.012890309,-0.611315306742,0,0
19.6460009331,9823,-2.98023223877e-06,0,0,1.03958507225e-06,-0.3343359828,0.0234354697168,-0.0382895506918,0.0711541324854,29.7770129691,127.458784846,47.2592837468,123.137273476,0.00731920435371,0.00152457746427,2500.00879169,-0.0262698121369,-0.743414878845,0.0987541377544,72,1,164.012802998,164.012890309,-0.914284260944,0,0
19.7100009362,9855,-2.95788049698e-06,0,0,7.3253499977e-07,-0.327104926109,0.0386322103441,-0.0369813628495,0.0782040506601,30.5736648443,132.754517836,47.4524022138,125.584629131,0.00537842659298,0.00134403099761,2500.00669621,-0.0262749884278,-0.743416547775,0.0987543091178,72,1,164.012919413,164.012890309,-1.15816004109,0,0
19.7740009392,9887,-3.01748514175e-06,0,0,6.40968210064e-07,-0.349041521549,0.0583967976272,-0.0417852587998,0.0839738100767,28.2069795503,139.873140142,46.7458085041,127.611550852,0.00378813291846,0.00130481181415,2500.00506639,-0.026280157268,-0.743418157101,0.0987543389201,72,1,164.012875757,164.012890309,-1.44606560934,0,0
19.8380009423,9919,-3.05473804474e-06,0,0,1.46507068166e-06,-0.395410239697,0.0809721052647,-0.0538362301886,0.0890886187553,23.6813466472,148.329607327,45.0042025477,129.426523927,0.00278550005284,0.00113023590487,2500.00390224,-0.0262849722058,-0.74341994524,0.0987539812922,72,1,164.012861205,164.012890309,-1.75792246591,0,0
19.9020009453,9951,-2.80886888504e-06,0,0,9.45081296777e-07,-0.389382481575,0.0681568831205,-0.0590215437114,0.0890886187553,24.2341975536,143.486176967,44.2683340225,129.426523927,0.00232315144899,0.000818615730758,2500.00320375,-0.0262901615351,-0.743421554565,0.098754093051,72,1,164.012948517,164.012890309,-1.5970316017,0,0
19.9660009483,9983,-3.18139791489e-06,0,0,9.75966372607e-07,-0.342577159405,-0.0360656045377,-0.0368100591004,-0.0181025452912,28.8889332296,108.16584836,47.4777298223,94.8488377617,0.00200077932,0.000641014130665,2500.00273809,-0.0262950472534,-0.743423104286,0.0987537205219,72,1,164.012730238,164.012890309,0.730656087399,0,0
20.0300009514,10015,-3.1515955925e-06,0,0,4.72540961027e-07,-0.292332172394,-0.10828396678,-0.0153935737908,-0.117145627737,34.6376546076,87.6871636137,50.7156655658,68.9446897013,0.00176841874477,0.000545974709887,2500.00227243,-0.0262998770922,-0.743424832821,0.0987536534667,72,1,164.012919413,164.012890309,3.31534259021,0,0
20.0940009544,10047,-3.18139791489e-06,0,0,6.61557407966e-07,-0.272200763226,-0.14085996151,-0.00268589425832,-0.157466828823,37.1720743715,79.4444931671,52.7047814103,59.923146182,0.00162317803643,0.000476712280761,2500.0020396,-0.0263049900532,-0.743426442146,0.098753452301,72,1,164.012861205,164.012890309,4.63392166421,0,0
20.1580009575,10079,-3.03238630295e-06,0,0,1.51213134814e-06,-0.258299052715,-0.144392162561,0.00732993986458,-0.159960210323,39.0024251828,78.5864394857,54.3086935068,59.39271432,0.00153008949955,0.000429914465139,2500.0020396,-0.0263098496944,-0.743428051472,0.0987532734871,72,1,164.01274479,164.012890309,4.74668899551,0,0
20.2220009605,10111,-3.10689210892e-06,0,0,9.38789980864e-07,-0.295346319675,-0.112755730748,0.00264318706468,-0.147830426693,34.2698258464,86.5200781845,53.5541767022,62.0028586127,0.0014674278459,0.000401037258957,2500.00180677,-0.0263148639351,-0.743429899216,0.0987534075975,72,1,164.012773894,164.012890309,3.94855253398,0,0
20.2860009635,10143,-3.12924385071e-06,0,0,8.24102642127e-07,-0.35736489296,-0.0474018119276,-0.0395456291735,-0.0217048339546,27.3476525763,104.74332521,47.0743507321,93.8087468967,0.00142763789679,0.000381279341433,2500.00180677,-0.0263200439513,-0.743431508541,0.0987535119057,72,1,164.012861205,164.012890309,0.944564759266,0,0
20.3500009666,10175,-3.26335430145e-06,0,0,3.93486629946e-07,-0.353573441505,-0.0208062231541,-0.0411084629595,0.0291896685958,27.7364870271,112.89887334,46.8449288746,109.224449261,0.00140071632071,0.000369084818264,2500.00180677,-0.0263250544667,-0.743433117867,0.0987531319261,72,1,164.012832101,164.012890309,0.0221309601329,0,0
20.4140009696,10207,-3.09944152832e-06,0,0,8.50573997013e-07,-0.345425486565,-0.000588941387832,-0.0402770377696,0.053812045604,28.5868754872,119.396027003,46.9668884762,117.25276272,0.00138347566736,0.000360764196294,2500.00180677,-0.026330018416,-0.743434727192,0.0987531244755,72,1,164.012890309,164.012890309,-0.466941506602,0,0
20.4780009727,10239,-3.16649675369e-06,0,0,7.9222235172e-07,-0.337347984314,0.0170316323638,-0.0388550125062,0.0674234330654,29.4499950542,125.272839796,47.1759703942,121.855126054,0.00137227262886,0.000355288853893,2500.00180677,-0.0263352934271,-0.743436455727,0.098753169179,72,1,164.012919413,164.012890309,-0.80413906835,0,0
20.5420009757,10271,-3.25590372086e-06,0,0,8.87242151748e-07,-0.329870462418,0.0328445024788,-0.0374698005617,0.075774461031,30.2670468955,130.719563458,47.3802356282,124.737576698,0.00136490585501,0.000351769835483,2500.00180677,-0.0263403188437,-0.743438005447,0.098753079772,72,1,164.01274479,164.012890309,-1.06772861909,0,0
20.6060009787,10303,-3.03238630295e-06,0,0,6.61557578496e-07,-0.331837654114,0.0489880405366,-0.0381263382733,0.0816071033478,30.0504052575,136.451533763,47.2833489766,126.77750783,0.00136009914442,0.000349468648464,2500.00180677,-0.0263454206288,-0.743439674377,0.0987531468272,72,1,164.012904861,164.012890309,-1.31218903698,0,0
20.6700009818,10335,-3.22610139847e-06,0,0,1.55663826718e-06,-0.381389975548,0.0733912587166,-0.0499256514013,0.0876820981503,24.9833137786,145.450772834,45.5645313195,128.925719764,0.00135696764936,0.000347959661084,2500.00157394,-0.0263505019248,-0.743441104889,0.0987529531121,72,1,164.012788446,164.012890309,-1.65575556457,0,0
20.7340009848,10367,-3.10689210892e-06,0,0,1.3735043467e-06,-0.391229331493,0.0817271918058,-0.0580708049238,0.0890940576792,24.0637109528,148.618535604,44.402651838,129.428459331,0.00135492206343,0.00034697628104,2500.00157394,-0.026355734095,-0.743442833424,0.0987531244755,72,1,164.012701134,164.012890309,-1.76739599556,0,0
20.7980009879,10399,-3.06963920593e-06,0,0,2.74700880709e-07,-0.370411574841,0.00472593028098,-0.049985203892,0.0368289388716,26.0425531451,121.14745914,45.5559638795,111.674737127,0.00135358591002,0.000346334877444,2500.00157394,-0.0263606812805,-0.743444442749,0.0987529754639,72,1,164.012904861,164.012890309,-0.403714249842,0,0
20.8620009909,10431,-2.92062759399e-06,0,0,1.3735043467e-06,-0.304445624352,-0.0854170024395,-0.0210233256221,-0.0862073898315,33.1775008817,93.8359735301,49.8506888107,76.4498327044,0.00135271416291,0.000345915851518,2500.00157394,-0.02636574395,-0.743446111679,0.0987530052662,72,1,164.012759342,164.012890309,2.42448505014,0,0
20.9260009939,10463,-3.06218862534e-06,0,0,4.72541103136e-07,-0.279080629349,-0.13191306591,-0.00743932556361,-0.147458016872,36.2906284863,81.6488609416,51.9547575095,62.084174715,0.00135214506258,0.000345642237054,2500.00157394,-0.0263705328107,-0.743447780609,0.0987527444959,72,1,164.012919413,164.012890309,4.27966751158,0,0
20.990000997,10495,-3.05473804474e-06,0,0,8.15074713501e-07,-0.263244152069,-0.14439830184,0.00378887867555,-0.159972786903,38.3437218261,78.5849551903,53.7379710295,59.3900440435,7.11006259735,-0.634121704479,2506.47566281,-0.0263754799962,-0.743449389935,0.0987526252866,72,1,164.012773894,164.012890309,4.74704802036,0,0
21.054001,10527,-3.1515955925e-06,0,0,6.85201371198e-07,-0.252733767033,-0.14377078414,0.0118907280266,-0.159972786903,39.7538678953,78.7368844613,55.049702496,59.3900440435,29.6578473353,-0.348613383494,2529.30913121,-0.0263803862035,-0.743450939655,0.098752476275,72,1,164.012875757,164.012890309,4.73585166037,0,0
21.1180010031,10559,-3.04728746414e-06,0,0,5.90187596572e-07,-0.351723313332,-0.0634530335665,-0.0369557254016,-0.0572703890502,27.9278101516,100.031837064,47.4561929877,83.9450440253,57.9813713557,4.14238274971,2562.12358363,-0.0263853892684,-0.743452608585,0.0987524613738,72,1,164.012832101,164.012890309,1.64710637182,0,0
21.1820010061,10591,-3.1366944313e-06,0,0,6.14740827132e-07,-0.35622382164,-0.0300082564354,-0.0409536249936,0.013780368492,27.4642170552,110.02724932,46.8676262244,104.391525383,89.0976734809,11.4363610919,2600.53412057,-0.0263905376196,-0.743454098701,0.0987522751093,72,1,164.012948517,164.012890309,0.300946150674,0,0
21.2460010091,10623,-2.86847352982e-06,0,0,1.43156808008e-06,-0.348697423935,-0.00814267992973,-0.0407385788858,0.0459580458701,28.2429573417,116.938041174,46.8991602247,114.650618343,121.437580674,20.3745985345,2641.8119669,-0.0263955947012,-0.743455648422,0.098752528429,72,1,164.012832101,164.012890309,-0.300507905195,0,0
21.3100010122,10655,-3.03983688354e-06,0,0,7.7254281905e-07,-0.340459525585,0.0103450957686,-0.0394326485693,0.0629035681486,29.1151300189,123.019024613,47.0909653814,120.313736261,153.906046762,30.2666958305,2684.17247571,-0.0264005176723,-0.743457257748,0.0987522900105,72,1,164.012890309,164.012890309,-0.682911253534,0,0
21.3740010152,10687,-3.09944152832e-06,0,0,7.30107103664e-07,-0.332734405994,0.026820063591,-0.0379956103861,0.0729156732559,29.9520488625,128.625004436,47.3026302643,123.745776364,185.652446817,40.6984509027,2726.35091096,-0.0264055188745,-0.743458807468,0.0987521782517,72,1,164.012773894,164.012890309,-0.970463443082,0,0
21.4380010183,10719,-2.78651714325e-06,0,0,7.87708984262e-07,-0.325996756554,0.041765961796,-0.0368153713644,0.0793843865395,30.6972033286,133.865672979,47.4769440189,125.997525174,215.982159716,51.4062521688,2767.38824323,-0.0264104939997,-0.743460416794,0.0987522602081,72,1,164.012890309,164.012890309,-1.20592699386,0,0
21.5020010213,10751,-3.07708978653e-06,0,0,6.08450420714e-07,-0.360758185387,0.0638685077429,-0.0444790311158,0.0852890610695,27.0033233392,141.890661325,46.3526739622,128.076630062,244.321010541,62.2050065431,2806.52591027,-0.0264156237245,-0.74346190691,0.0987520217896,72,1,164.012948517,164.012890309,-1.52285187505,0,0
21.5660010243,10783,-3.30805778503e-06,0,0,1.59703586178e-06,-0.393342077732,0.0817201286554,-0.0554431416094,0.0890770703554,23.869870347,148.615828948,44.7752936452,129.422405735,270.208343863,72.9470702936,2843.15529279,-0.0264207087457,-0.743463456631,0.0987517386675,72,1,164.012628375,164.012890309,-1.76722405013,0,0
21.6300010274,10815,-2.80886888504e-06,0,0,9.75966372607e-07,-0.386190354824,0.0479300357401,-0.0578947253525,0.0859995186329,24.5311803155,136.070520966,44.4275574409,128.328319988,293.304154184,83.4916718304,2876.79582834,-0.0264256317168,-0.743465185165,0.0987520739436,72,1,164.012730238,164.012890309,-1.32364954334,0,0
21.6940010304,10847,-3.03238630295e-06,0,0,8.18779994916e-07,-0.325851857662,-0.0555222891271,-0.0296787694097,-0.0449759922922,30.7133850583,102.340156445,48.5401069454,87.2723103384,313.403579639,93.6923679546,2907.09594265,-0.0264303311706,-0.743466854095,0.0987517088652,72,1,164.012977621,164.012890309,1.35794014204,0,0
21.7580010334,10879,-3.10689210892e-06,0,0,3.55540748842e-07,-0.287164330482,-0.118120774627,-0.0125186778605,-0.130097955465,35.275312257,85.1349323057,51.1612088303,65.9545330564,330.444891006,103.386504634,2933.8314198,-0.0264352355152,-0.743468523026,0.0987515747547,72,1,164.012861205,164.012890309,3.71427112259,0,0
21.8220010365,10911,-3.1590461731e-06,0,0,3.13770215143e-07,-0.268831849098,-0.143837094307,-0.000270156480838,-0.15994605422,37.6095595129,78.7208191468,53.0887009518,59.3957156525,344.504602253,112.392372102,2956.89702034,-0.0264403223991,-0.743470132351,0.0987514555454,72,1,164.012919413,164.012890309,4.7364984639,0,0
21.8860010395,10943,-3.01003456116e-06,0,0,2.52829948977e-07,-0.255834639072,-0.144398659468,0.00905372947454,-0.15997543931,39.3338486901,78.5848678788,54.5879775018,59.3894874328,355.777272489,120.516691823,2976.29390843,-0.0264452770352,-0.743471860886,0.0987515449524,72,1,164.012890309,164.012890309,4.74711181596,0,0
21.9500010426,10975,-3.05473804474e-06,0,0,9.24211917663e-07,-0.324979066849,-0.0907489657402,-0.0213978514075,-0.112325891852,30.8109956677,92.374983069,49.7934961459,70.0800301274,364.539038856,127.56473734,2992.1035748,-0.0264503546059,-0.743473172188,0.0987512767315,72,1,164.012890309,164.012890309,2.93408869766,0,0
22.0140010456,11007,-3.09944152832e-06,0,0,1.59250066645e-06,-0.35767441988,-0.0406113676727,-0.0402621664107,-0.00708800647408,27.3160985671,106.783911178,46.9690712634,98.0767072178,371.10503763,133.351582917,3004.45663743,-0.0264554955065,-0.743474662304,0.0987512990832,72,1,164.012759342,164.012890309,0.675571267493,0,0
22.0780010486,11039,-3.1366944313e-06,0,0,6.21069489171e-07,-0.35190987587,-0.0161671116948,-0.0410458706319,0.0359036512673,27.9084742942,114.366768685,46.8541038572,111.376022687,375.809264369,137.726936373,3013.53610121,-0.0264600887895,-0.743475914001,0.0987503826618,72,1,164.012788446,164.012890309,-0.103383790702,0,0
22.1420010517,11071,-2.99513339996e-06,0,0,4.86120825371e-07,-0.34365439415,0.00336192082614,-0.0399937145412,0.0573709867895,28.7744060188,120.696233353,47.0084960398,118.444739201,379.016884835,140.739794006,3019.75663751,-0.0264649558812,-0.743477582932,0.098750680685,72,1,164.012919413,164.012890309,-0.547913077753,0,0
22.2060010547,11103,-3.1590461731e-06,0,0,8.87242151748e-07,-0.335692942142,0.0205570869148,-0.0385486520827,0.0695341527462,29.6293364954,126.472921693,47.2210958833,122.579425806,380.980869522,142.412434798,3023.39321934,-0.0264700781554,-0.743479013443,0.0987505465746,72,1,164.01274479,164.012890309,-0.86536660092,0,0
22.2700010578,11135,-3.1590461731e-06,0,0,9.33108935897e-07,-0.328350424767,0.0360287837684,-0.0372032038867,0.0771377086639,30.4352724925,131.836393848,47.4196167488,125.21239114,381.838442991,142.652585055,3024.49101582,-0.0264750104398,-0.743480682373,0.0987502783537,72,1,164.012846653,164.012890309,-1.11776601989,0,0
22.3340010608,11167,-2.77906656265e-06,0,0,9.1873744168e-07,-0.340172767639,0.0539346821606,-0.0398790203035,0.0828738063574,29.1458600259,138.242961839,47.0253471576,127.223451273,381.666235626,141.356038512,3023.02232012,-0.0264800414443,-0.743482112885,0.0987506508827,72,1,164.012759342,164.012890309,-1.38290016912,0,0
22.3980010638,11199,-2.98023223877e-06,0,0,4.67106417545e-07,-0.390799045563,0.0780353546143,-0.05283645913,0.0888989567757,24.1033430939,147.209648276,45.1470150438,129.358915729,380.486832,138.441115269,3018.92776042,-0.0264849495143,-0.743483662605,0.0987503305078,72,1,164.012919413,164.012890309,-1.72021239996,0,0
22.4620010669,11231,-3.28570604324e-06,0,0,6.23613743755e-07,-0.390458166599,0.0793804228306,-0.0588643811643,0.0890856534243,24.1347788688,147.72186114,44.2905184173,129.425461637,378.284661565,133.863519295,3012.14796491,-0.0264902040362,-0.743485033512,0.0987503677607,72,1,164.012832101,164.012890309,-1.73799064942,0,0
22.5260010699,11263,-2.86847352982e-06,0,0,1.05357457869e-06,-0.356313109398,-0.0182426944375,-0.0431041531265,0.00623927265406,27.4550820905,113.708338176,46.553050197,102.079233329,375.016184989,127.615785459,3002.63194367,-0.0264952015132,-0.743486583233,0.098750397563,72,1,164.012875757,164.012890309,0.204803160159,0,0
22.590001073,11295,-2.93552875519e-06,0,0,7.98517930889e-07,-0.297275841236,-0.0987075865269,-0.0178674310446,-0.104304656386,34.035929275,90.2252140804,50.3343508171,71.99702668,370.602530893,119.72845823,2990.33103511,-0.0265000537038,-0.743488132954,0.0987502038479,72,1,164.012759342,164.012890309,2.93540232815,0,0
22.654001076,11327,-3.10689210892e-06,0,0,4.53034118664e-07,-0.275204539299,-0.13735589385,-0.00480442773551,-0.153784394264,36.7852589989,80.3025322966,52.3696216987,60.7123001828,364.916457329,110.277484055,2975.19378364,-0.0265049580485,-0.743489742279,0.0987499803305,72,1,164.012832101,164.012890309,4.49888920411,0,0
22.718001079,11359,-3.01003456116e-06,0,0,1.24213897834e-06,-0.260473906994,-0.144396185875,0.00577798485756,-0.159974902868,38.7116888305,78.5854645073,54.0580658708,59.3895965721,357.729149982,99.4088841253,2957.13800006,-0.0265097636729,-0.743491292,0.0987498909235,72,1,164.012686582,164.012890309,4.74705267698,0,0
22.7820010821,11391,-3.34531068802e-06,0,0,5.10898757966e-07,-0.271205127239,-0.1303191185,0.0132730063051,-0.159974902868,37.3009606847,82.0462664706,55.275610066,59.3895965721,348.684610799,87.3488388606,2936.03329919,-0.0265145376325,-0.743492841721,0.0987493917346,72,1,164.012948517,164.012890309,4.49565751478,0,0
22.8460010851,11423,-3.24100255966e-06,0,0,9.41481062e-07,-0.355956852436,-0.0539480708539,-0.0386780314147,-0.0362417511642,27.491545552,102.802885522,47.2020365123,89.6887431736,337.255885825,74.4257195038,2911.68154217,-0.0265191625804,-0.743494451046,0.0987490788102,72,1,164.012963069,164.012890309,1.22199486941,0,0
22.9100010882,11455,-3.02493572235e-06,0,0,4.11896621699e-07,-0.354865729809,-0.0248623229563,-0.0410940684378,0.0227312147617,27.603469789,111.626563012,46.8470389023,107.181083877,322.634063195,61.1261275481,2883.76025856,-0.0265241470188,-0.743495941162,0.0987492129207,72,1,164.012890309,164.012890309,0.139965297421,0,0
22.9740010912,11487,-3.16649675369e-06,0,0,8.97210668427e-07,-0.346912741661,-0.00397207774222,-0.0405042730272,0.0504654310644,28.4301422653,118.290634418,46.9335354865,116.139221063,303.518143483,48.197896831,2851.71577707,-0.0265290290117,-0.743497610092,0.0987490862608,72,1,164.013006724,164.012890309,-0.394366303226,0,0
23.0380010942,11519,-3.04728746414e-06,0,0,7.02793784058e-07,-0.338751137257,0.0140268057585,-0.0391212962568,0.0654707401991,29.298616937,124.256403069,47.1367711725,121.187600598,277.699466096,36.8622022506,2814.56159428,-0.0265341904014,-0.743498980999,0.0987488254905,72,1,164.012875757,164.012890309,-0.750479812268,0,0
23.1020010973,11551,-3.31550836563e-06,0,0,3.54896855015e-07,-0.331160664558,0.0301345996559,-0.037708606571,0.0745254158974,30.124823752,129.774416564,47.3449799756,124.30359493,242.288675508,28.6958711513,2770.98454535,-0.0265388861299,-0.743500590324,0.0987485423684,72,1,164.012832101,164.012890309,-1.02435681038,0,0
23.1660011003,11583,-3.09944152832e-06,0,0,4.43621075874e-07,-0.327584028244,0.0453880093992,-0.0372178517282,0.0805704891682,30.5203757307,135.158159537,47.4174521514,126.413346152,195.989210624,24.545342967,2720.53433582,-0.026543866843,-0.743502259254,0.0987487360835,72,1,164.012963069,164.012890309,-1.2597751338,0,0
23.2300011034,11615,-3.18884849548e-06,0,0,7.54380607759e-07,-0.372413158417,0.0691981315613,-0.0474235080183,0.0866006314754,25.8467989624,143.875484355,45.9254806628,128.54153465,147.440237924,22.7220807574,2670.16235739,-0.02654851228,-0.743503928185,0.0987485423684,72,1,164.012875757,164.012890309,-1.59730040468,0,0
23.2940011064,11647,-3.12924385071e-06,0,0,1.15341481433e-06,-0.39179199934,0.0817161053419,-0.0570341907442,0.0890784263611,24.0119570663,148.614286445,44.5494115411,129.422885948,107.023632154,19.9261176022,2626.94968842,-0.026553241536,-0.74350553751,0.0987481623888,72,1,164.012701134,164.012890309,-1.76717934664,0,0
23.3580011094,11679,-3.44961881638e-06,0,0,7.21102082935e-07,-0.379288911819,0.0245830602944,-0.0545003525913,0.0618389062583,25.1833080256,127.853360027,44.9095023214,119.952557725,76.4338110457,16.2170108524,2592.65094064,-0.0265582893044,-0.743506968021,0.0987480208278,72,1,164.012890309,164.012890309,-0.866151589435,0,0
23.4220011125,11711,-3.01003456116e-06,0,0,4.5084968292e-07,-0.312231779099,-0.0727502405643,-0.024182125926,-0.0687921494246,32.2642081301,97.3740534391,49.3696934427,80.904654169,54.1543377039,12.5052074509,2566.6593574,-0.0265632048249,-0.743508636951,0.0987482890487,72,1,164.012919413,164.012890309,1.95797136985,0,0
23.4860011155,11743,-3.1590461731e-06,0,0,8.17289560473e-07,-0.282570958138,-0.126289486885,-0.00971779413521,-0.140541255474,35.8495562978,83.0573044368,51.5977844771,63.6075565126,38.2016514777,9.31819158723,2547.51974717,-0.026568248868,-0.743510007858,0.0987479016185,72,1,164.012948517,164.012890309,4.04936959967,0,0
23.5500011186,11775,-3.01748514175e-06,0,0,7.98517930889e-07,-0.265693545341,-0.144403427839,0.00200458243489,-0.159982204437,38.0205819965,78.5837110016,53.4519131179,59.3880467932,26.8914754997,6.78763944961,2533.67912956,-0.0265729501843,-0.743511736393,0.0987479388714,72,1,164.012759342,164.012890309,4.74732648581,0,0
23.6140011216,11807,-3.18139791489e-06,0,0,1.02226897525e-06,-0.253518164158,-0.144403427839,0.0106466654688,-0.159982204437,39.6473042201,78.5837110016,54.8469106434,59.3880467932,18.9127731574,4.87156557938,2523.78429286,-0.0265778210014,-0.743512928486,0.0987475216389,72,1,164.012759342,164.012890309,4.74732648581,0,0
23.6780011246,11839,-3.01748514175e-06,0,0,5.17571379532e-07,-0.344159841537,-0.0736227035522,-0.0338313393295,-0.0788089334965,28.7207858491,97.1273038886,47.9195769003,78.3218201832,13.2965433295,3.46423030351,2516.76072367,-0.0265826657414,-0.743514597416,0.0987475514412,72,1,164.01281755,164.012890309,2.11854581721,0,0
23.7420011277,11871,-3.11434268951e-06,0,0,6.0525758272e-07,-0.357104122639,-0.0345995388925,-0.0407250337303,0.00510417949408,27.3742571153,108.614272904,46.9011465611,101.734171039,9.34713443712,2.44982106778,2511.79700717,-0.0265873856843,-0.743516147137,0.0987472087145,72,1,164.012875757,164.012890309,0.456087727798,0,0
23.8060011307,11903,-3.36021184921e-06,0,0,6.57680914173e-07,-0.350172877312,-0.0117222499102,-0.0409065000713,0.0417012311518,28.088938052,115.785980597,46.8745347462,113.256501209,6.57117152514,1.72678039689,2508.29779543,-0.026592489332,-0.743517518044,0.098747074604,72,1,164.012904861,164.012890309,-0.215408057556,0,0
23.8700011338,11935,-2.82377004623e-06,0,0,6.4030342628e-07,-0.341901659966,0.00721100624651,-0.0396951921284,0.0605261959136,28.9609397441,121.972632769,47.0523627882,119.508229545,4.62074558527,1.21460971059,2505.83537854,-0.0265970900655,-0.743519365788,0.098747164011,72,1,164.012933965,164.012890309,-0.623451429419,0,0
23.9340011368,11967,-3.06218862534e-06,0,0,8.96205619938e-07,-0.33406662941,0.0240051187575,-0.0382479690015,0.071444362402,29.806395105,127.654537209,47.2654137411,123.237390653,3.25025121128,0.853479775742,2504.10381705,-0.0266020707786,-0.743520796299,0.0987468659878,72,1,164.01281755,164.012890309,-0.923721934669,0,0
23.9980011398,11999,-2.99513339996e-06,0,0,1.00671945802e-06,-0.326857566833,0.0391478873789,-0.0369476489723,0.0783897042274,30.6012007059,132.936911541,47.4573862448,125.649516121,2.28724798035,0.599313750627,2502.88657844,-0.0266071632504,-0.743522167206,0.0987470671535,72,1,164.012802998,164.012890309,-1.16598489694,0,0
