rigid_source_rest_frames=passed source_body_count=103 maximum_COM_position_residual_m=6.26739049493e-08 maximum_orientation_unit_witness_residual_m=1.05692510994e-07 allowed_rest_reconstruction_residual_m=1e-06 rigid_sha256=2c78cb4150b97cea6e8169dad9e8f5dd59af667b247e07b56e48e857435560e4 boundary=consumed_reference_frame_join_not_source_authentication_or_loaded_motion
resting_mass_calibration source_composite_kg=97.1319506911 declared_reference_kg=72 executed_kg=71.9999993989 uniform_mass_inertia_scale=0.741259694099 measured_person=false additional_organ_or_blood_mass_kg=0
bone_orientation_semantics=unit_normalized_once_at_load bone_count=185 maximum_raw_norm_error=5.96046447754e-08 norm_admission_tolerance=0.00200000009499 bone_sha256=7d94e2f28ac6cea30c6c11a79919077acc40281636eb20b11b50b50aebd3ec49
tendon_bone_geometry=checked_bodyparts_subset bodyparts_envelope_count=160 fixed_sibling_envelope_count=0 external_surface_unverified_count=0 maximum_node_residual_m=2.77883934062e-07 allowed_point_residual_m=1e-06 tendon_sha256=52819336540a36621b60bd03b5084bd1d300ed2971673cfd0ccdb7eecfcb52b5 bone_sha256=7d94e2f28ac6cea30c6c11a79919077acc40281636eb20b11b50b50aebd3ec49 rigid_sha256=2c78cb4150b97cea6e8169dad9e8f5dd59af667b247e07b56e48e857435560e4 boundary=consumed_rest_surface_binding_not_loaded_or_clinical_qualification
tendon_payload=NHTENDON2 tendon_endpoints=832 tendon_point_bindings=672 tendon_triangle_bindings=0 tendon_envelope_bindings=160 tendon_migrated_envelope_bindings=0 tendon_max_reference_path_delta_m=0 tendon_max_architecture_scale_change=0 tendon_muscle_payload_sha256=e5bb8a8168706bb3b23cf42b1d849659569ba2e6027bcc85729c3110fdbb8c4b tendon_geometry_identity_verified=true tendon_bone_payload_sha256=7d94e2f28ac6cea30c6c11a79919077acc40281636eb20b11b50b50aebd3ec49
joint_equality_payload=NHEQ1 joint_equalities=51
pose_joint_ranges=passed enabled_range_count=118 failed_range_count=0 rigid_sha256=2c78cb4150b97cea6e8169dad9e8f5dd59af667b247e07b56e48e857435560e4 equality_sha256=0e3c593792a8c4ccd619f1999f6685b68e6ff0fd5ae5f6f0bca66b594a0e9b88 bone_sha256=7d94e2f28ac6cea30c6c11a79919077acc40281636eb20b11b50b50aebd3ec49 boundary=consumed_enabled_native_limits_after_NHEQ_projection_not_disabled_source_limits_or_loaded_motion
pose_q_override_count=0 root_pose_override=1 pose_q_equality_maximum_correction=0.0105060003698
resting_hand_model=rigid_reference_digits source_equalities=51 derived_internal_equalities=40 wrist_dofs=free root_constraint_rows=0 hand_function_simulated=0 body_mass_inertia_preserved=1
runtime=Numi Matter runtime initialized with eligible dense45 vascular solve device=Apple M4 Pro world_fingerprint=6434571789366693551 timestep_s=0.00200000009499
resting_body_source_fingerprint=15631254498319142919 coupled_program_fingerprint=13009185541112217610
resting_passive_viscera=shared_torso_pelvis_field source_surfaces=79 caudal_m=-0.397011578083 cranial_m=-0.259147137403 upper_body=20 lower_body=128 independent_forces=false independent_mass=false organ_physiology=false
resting_lung_motion=basal_superior_sweep_v1 blend_start_m=-0.052405 blend_span_m=0.06 effective_area_m2=0.0187674622972
resting_initial_anatomical_registration={"body_poses":[{"body_index":20,"position_m":[-0.025000007823109627,-0.44271242618560791,0.096546053886413574],"quaternion_xyzw":[0.0061705871485173702,-0.70707988739013672,-0.0061705652624368668,0.70707988739013672]},{"body_index":128,"position_m":[-0.025055751204490662,-0.83042281866073608,0.11920696496963501],"quaternion_xyzw":[0.0058914260007441044,-0.70680069923400879,-0.005886733066290617,0.7073637843132019]}],"coordinate_source":"source pack transformed by native initialBodies before physical stepping","surfaces":[{"role":"upper_visceral_anchor","semantic":51010,"source_body_index":20,"stable_id":2,"torso_local_max_m":[0.1489698737859726,-0.06762242317199707,0.029034055769443512],"torso_local_min_m":[0.035220548510551453,-0.18552298843860626,-0.10645896196365356]},{"role":"upper_visceral_anchor","semantic":51010,"source_body_index":20,"stable_id":3,"torso_local_max_m":[0.10061360895633698,-0.14701209962368011,0.048073172569274902],"torso_local_min_m":[0.049258694052696228,-0.22006693482398987,-0.073210462927818298]},{"role":"upper_visceral_anchor","semantic":51010,"source_body_index":20,"stable_id":4,"torso_local_max_m":[0.065826825797557831,-0.15392428636550903,0.088104061782360077],"torso_local_min_m":[0.018313027918338776,-0.25914710760116577,0.030521268025040627]},{"role":"upper_visceral_anchor","semantic":51010,"source_body_index":20,"stable_id":5,"torso_local_max_m":[0.054068014025688171,-0.1345781683921814,-0.033227771520614624],"torso_local_min_m":[0.013165432959794998,-0.24133054912090302,-0.091208852827548981]},{"role":"upper_visceral_anchor","semantic":51010,"source_body_index":20,"stable_id":13,"torso_local_max_m":[0.095457650721073151,-0.10293921083211899,-0.056195467710494995],"torso_local_min_m":[-0.00033182650804519653,-0.17370373010635376,-0.11487260460853577]},{"role":"upper_visceral_anchor","semantic":51010,"source_body_index":20,"stable_id":14,"torso_local_max_m":[0.091583244502544403,-0.057399556040763855,0.032167300581932068],"torso_local_min_m":[0.054899297654628754,-0.13517054915428162,-0.011148050427436829]},{"role":"upper_visceral_anchor","semantic":51010,"source_body_index":20,"stable_id":15,"torso_local_max_m":[0.14529798924922943,-0.054803524166345596,-0.00016997754573822021],"torso_local_min_m":[0.044483475387096405,-0.10827997326850891,-0.081781387329101562]},{"role":"upper_visceral_anchor","semantic":51010,"source_body_index":20,"stable_id":16,"torso_local_max_m":[0.14555037021636963,-0.076950214803218842,0.0034730583429336548],"torso_local_min_m":[0.070841141045093536,-0.14232207834720612,-0.066602751612663269]},{"role":"upper_visceral_anchor","semantic":51010,"source_body_index":20,"stable_id":17,"torso_local_max_m":[0.14544790983200073,-0.046261340379714966,0.04582890123128891],"torso_local_min_m":[0.071815699338912964,-0.16987395286560059,-0.010366916656494141]},{"role":"upper_visceral_anchor","semantic":51010,"source_body_index":20,"stable_id":18,"torso_local_max_m":[0.14095832407474518,-0.1117347925901413,0.10171232372522354],"torso_local_min_m":[0.058839522302150726,-0.18475639820098877,0.027744609862565994]},{"role":"upper_visceral_anchor","semantic":51010,"source_body_index":20,"stable_id":19,"torso_local_max_m":[0.11320210993289948,-0.11827600747346878,0.11058175563812256],"torso_local_min_m":[-0.0012684613466262817,-0.20231522619724274,0.021600734442472458]},{"role":"upper_visceral_anchor","semantic":51010,"source_body_index":20,"stable_id":20,"torso_local_max_m":[0.10111340880393982,-0.050926655530929565,0.11093625426292419],"torso_local_min_m":[-0.0022434890270233154,-0.13834927976131439,0.019856229424476624]},{"role":"upper_visceral_anchor","semantic":51010,"source_body_index":20,"stable_id":21,"torso_local_max_m":[0.14313989877700806,-0.043088436126708984,0.10617084801197052],"torso_local_min_m":[0.025023393332958221,-0.12118934094905853,0.018454927951097488]},{"role":"upper_visceral_anchor","semantic":51010,"source_body_index":20,"stable_id":22,"torso_local_max_m":[0.15336306393146515,-0.041172627359628677,0.11002320796251297],"torso_local_min_m":[0.02455456554889679,-0.11670317500829697,0.017514020204544067]},{"role":"upper_visceral_anchor","semantic":51010,"source_body_index":20,"stable_id":461,"torso_local_max_m":[0.13303953409194946,-0.13353027403354645,0.063625447452068329],"torso_local_min_m":[0.084262087941169739,-0.17424784600734711,0.026906765997409821]},{"role":"pelvic_anchor","semantic":51010,"source_body_index":20,"stable_id":462,"torso_local_max_m":[0.08233652263879776,-0.39701157808303833,0.034268602728843689],"torso_local_min_m":[0.010075983591377735,-0.43757495284080505,-0.033010013401508331]},{"role":"pelvic_anchor","semantic":51010,"source_body_index":20,"stable_id":463,"torso_local_max_m":[0.050315443426370621,-0.4348473846912384,0.01782398484647274],"torso_local_min_m":[0.018116317689418793,-0.4553583562374115,-0.016720972955226898]}],"torso_body_index":20}
resting_support_geometry=full_registered_skin vertices=54949 regions=32 full_2026-10-06 04:44:35.369 numi-human-native[66052:16241073] +[NSXPCSharedListener endpointForReply:withListenerName:replyErrorCode:]: an error occurred while attempting to obtain endpoint for listener 'ClientCallsAuxiliary': Connection interrupted
2026-10-06 04:44:36.284 numi-human-native[66052:16241073] Human native framebuffer output: recording; window drawable unavailable
binding_count=86 region_sizes=[6907,1222,2796,2044,1525,1394,710,777,1891,1262,810,832,890,483,1328,1266,835,700,870,3097,4320,2043,1882,579,1199,1219,962,632,868,3302,4308,1996] force_owner=existing_metal_stand partition=source_rest_voronoi
accepted_geometry_export=/Users/n/numi-human-resting-evidence-20261005/native-drive-study-100/study/trials/resting-baseline/output/scene/accepted-geometry/step-0.mrvpack receipt=/Users/n/numi-human-resting-evidence-20261005/native-drive-study-100/study/trials/resting-baseline/output/scene/accepted-geometry/step-0.receipt.json accepted_root=0xb489e952f324400b pack_sha256=88a1a61bd817712019e922c5700e91bb5b58886456ae166cdf8512d1fed909f1 receipt_sha256=3b4213f600af0943e28cf6cac465d5e7ac60eff02de8d7808e6c07b9b2325dc5
resting_initialization=dynamic_release recruitment_activation_cap=0.01 normalized_residual_rms=146.157054343 maximum_acceleration_residual=576.853445741 balanced=false qualification=initialization_transient_not_static_equilibrium
compiled_support_geometry=admissible compiled_support_min_gap_m=-1.38777878078e-17 compiled_support_gap_tolerance_m=1e-06 compiled_support_activation_distance_m=0.002 compiled_support_separated_witnesses=31 compiled_support_max_separated_force_n=0 compiled_support_rejected_pose_candidates=0
human_stand_solver_path=split_candidate
resting_integrated_rejection=pass rejected_after_accepted_predecessor=true body_q_v_root_myo_unchanged=true circulation_and_clock_unchanged=true respiration_brain_history_unchanged=true retry_matches_uninterrupted_replay=true same_command_buffer_reject=pass accepted_prefix=2 rejected_step=2 inert_suffix=1
resting_native_profile step=32 command_ms=710.291209 gpu_ms=709.688374773 host_copy_ms=0.005166 full_state_readback=0
resting_native_profile step=64 command_ms=830.035333 gpu_ms=829.399625771 host_copy_ms=0.00575 full_state_readback=0
resting_native_profile step=96 command_ms=834.643167 gpu_ms=834.026000462 host_copy_ms=0.005125 full_state_readback=0
resting_native_profile step=128 command_ms=822.67925 gpu_ms=822.500041686 host_copy_ms=0.005 full_state_readback=0
resting_native_profile step=160 command_ms=819.595917 gpu_ms=819.001832977 host_copy_ms=0.005291 full_state_readback=0
resting_native_profile step=192 command_ms=790.519083 gpu_ms=789.964250289 host_copy_ms=0.009292 full_state_readback=0
resting_native_profile step=224 command_ms=747.872917 gpu_ms=747.25929182 host_copy_ms=0.00575 full_state_readback=0
resting_native_profile step=256 command_ms=766.69225 gpu_ms=766.045249999 host_copy_ms=0.008583 full_state_readback=0
resting_native_profile step=288 command_ms=804.982958 gpu_ms=804.387874901 host_copy_ms=0.005542 full_state_readback=0
resting_native_profile step=320 command_ms=857.51125 gpu_ms=856.892292388 host_copy_ms=0.005625 full_state_readback=0
resting_native_profile step=352 command_ms=831.048417 gpu_ms=830.475875176 host_copy_ms=0.005208 full_state_readback=0
resting_native_profile step=384 command_ms=878.971833 gpu_ms=878.428083844 host_copy_ms=0.005084 full_state_readback=0
resting_native_profile step=416 command_ms=836.745084 gpu_ms=836.181958206 host_copy_ms=0.004958 full_state_readback=0
resting_native_profile step=448 command_ms=833.624292 gpu_ms=833.065750077 host_copy_ms=0.00525 full_state_readback=0
resting_native_profile step=480 command_ms=827.885959 gpu_ms=827.306999825 host_copy_ms=0.009375 full_state_readback=0
resting_native_profile step=512 command_ms=825.747792 gpu_ms=825.208541937 host_copy_ms=0.006708 full_state_readback=0
resting_native_profile step=544 command_ms=829.137792 gpu_ms=828.691249713 host_copy_ms=0.004958 full_state_readback=0
resting_native_profile step=576 command_ms=841.20475 gpu_ms=840.664125048 host_copy_ms=4.007375 full_state_readback=0
resting_native_profile step=608 command_ms=835.150583 gpu_ms=834.565124474 host_copy_ms=0.004708 full_state_readback=0
resting_native_profile step=640 command_ms=825.739916 gpu_ms=825.529499911 host_copy_ms=0.005167 full_state_readback=0
resting_native_profile step=672 command_ms=828.6385 gpu_ms=828.023624606 host_copy_ms=0.004917 full_state_readback=0
resting_native_profile step=704 command_ms=834.453208 gpu_ms=833.840458654 host_copy_ms=0.009292 full_state_readback=0
resting_native_profile step=736 command_ms=832.806709 gpu_ms=832.269792445 host_copy_ms=0.005333 full_state_readback=0
resting_native_profile step=768 command_ms=831.704917 gpu_ms=831.518375315 host_copy_ms=0.005708 full_state_readback=0
resting_native_profile step=800 command_ms=833.10175 gpu_ms=832.596875727 host_copy_ms=0.008584 full_state_readback=0
resting_native_profile step=832 command_ms=835.104458 gpu_ms=834.576332942 host_copy_ms=0.00725 full_state_readback=0
resting_native_profile step=864 command_ms=832.281958 gpu_ms=831.646374427 host_copy_ms=0.005667 full_state_readback=0
resting_native_profile step=896 command_ms=837.411042 gpu_ms=836.800250225 host_copy_ms=0.007416 full_state_readback=0
resting_native_profile step=928 command_ms=836.860708 gpu_ms=836.268125102 host_copy_ms=0.008875 full_state_readback=0
resting_native_profile step=960 command_ms=831.178916 gpu_ms=830.594500527 host_copy_ms=2.006625 full_state_readback=0
resting_native_profile step=992 command_ms=838.773333 gpu_ms=838.164333254 host_copy_ms=0.005875 full_state_readback=0
resting_native_profile step=1024 command_ms=835.603875 gpu_ms=835.050249472 host_copy_ms=0.009333 full_state_readback=0
resting_native_profile step=1056 command_ms=837.951416 gpu_ms=837.278875522 host_copy_ms=0.019042 full_state_readback=0
resting_native_profile step=1088 command_ms=848.026417 gpu_ms=847.425375134 host_copy_ms=0.014416 full_state_readback=0
resting_native_profile step=1120 command_ms=843.774208 gpu_ms=843.208500184 host_copy_ms=0.012333 full_state_readback=0
resting_native_profile step=1152 command_ms=847.244084 gpu_ms=846.622791141 host_copy_ms=0.015 full_state_readback=0
resting_native_profile step=1184 command_ms=855.544667 gpu_ms=854.933749884 host_copy_ms=0.015333 full_state_readback=0
resting_native_profile step=1216 command_ms=839.188333 gpu_ms=838.623249903 host_copy_ms=0.017792 full_state_readback=0
resting_native_profile step=1248 command_ms=851.388084 gpu_ms=850.748291239 host_copy_ms=0.015041 full_state_readback=0
resting_native_profile step=1280 command_ms=852.169583 gpu_ms=851.580874994 host_copy_ms=0.014792 full_state_readback=0
resting_native_profile step=1312 command_ms=862.117833 gpu_ms=861.512124538 host_copy_ms=0.014042 full_state_readback=0
resting_native_profile step=1344 command_ms=849.060958 gpu_ms=848.458583467 host_copy_ms=0.01675 full_state_readback=0
resting_native_profile step=1376 command_ms=854.038708 gpu_ms=853.450041264 host_copy_ms=0.014667 full_state_readback=0
resting_native_profile step=1408 command_ms=848.475833 gpu_ms=847.860374488 host_copy_ms=0.006167 full_state_readback=0
resting_native_profile step=1440 command_ms=850.180084 gpu_ms=849.525124766 host_copy_ms=0.01275 full_state_readback=0
resting_native_profile step=1472 command_ms=842.120459 gpu_ms=841.52700007 host_copy_ms=0.012166 full_state_readback=0
resting_native_profile step=1504 command_ms=845.826541 gpu_ms=845.196667127 host_copy_ms=0.014375 full_state_readback=0
resting_native_profile step=1536 command_ms=848.404042 gpu_ms=847.687874921 host_copy_ms=0.018 full_state_readback=0
resting_native_profile step=1568 command_ms=853.016417 gpu_ms=852.392625064 host_copy_ms=0.014 full_state_readback=0
resting_native_profile step=1600 command_ms=848.688416 gpu_ms=848.133292049 host_copy_ms=0.015917 full_state_readback=0
resting_native_profile step=1632 command_ms=849.445625 gpu_ms=848.881250247 host_copy_ms=0.014125 full_state_readback=0
resting_native_profile step=1664 command_ms=847.339875 gpu_ms=847.126874141 host_copy_ms=0.019708 full_state_readback=0
resting_native_profile step=1696 command_ms=848.985458 gpu_ms=848.774000071 host_copy_ms=0.015 full_state_readback=0
resting_native_profile step=1728 command_ms=843.246042 gpu_ms=842.641750351 host_copy_ms=0.0215 full_state_readback=0
resting_native_profile step=1760 command_ms=857.64875 gpu_ms=857.008166611 host_copy_ms=0.017542 full_state_readback=0
resting_native_profile step=1792 command_ms=847.591417 gpu_ms=846.929499879 host_copy_ms=0.017042 full_state_readback=0
resting_native_profile step=1824 command_ms=846.621459 gpu_ms=845.971124247 host_copy_ms=0.014375 full_state_readback=0
resting_native_profile step=1856 command_ms=855.110958 gpu_ms=854.54300046 host_copy_ms=0.015625 full_state_readback=0
resting_native_profile step=1888 command_ms=841.94775 gpu_ms=841.374875046 host_copy_ms=0.014584 full_state_readback=0
resting_native_profile step=1920 command_ms=848.832333 gpu_ms=848.188708536 host_copy_ms=0.014209 full_state_readback=0
resting_native_profile step=1952 command_ms=833.894208 gpu_ms=833.262458444 host_copy_ms=0.008334 full_state_readback=0
resting_native_profile step=1984 command_ms=834.65325 gpu_ms=834.164707921 host_copy_ms=0.007083 full_state_readback=0
resting_native_profile step=2016 command_ms=831.63225 gpu_ms=831.090000458 host_copy_ms=0.008792 full_state_readback=0
resting_native_profile step=2048 command_ms=840.000542 gpu_ms=839.455250651 host_copy_ms=0.0175 full_state_readback=0
resting_native_profile step=2080 command_ms=839.867459 gpu_ms=839.299666695 host_copy_ms=0.00775 full_state_readback=0
resting_native_profile step=2112 command_ms=860.225958 gpu_ms=859.675625339 host_copy_ms=0.008834 full_state_readback=0
resting_native_profile step=2144 command_ms=864.723708 gpu_ms=864.163458347 host_copy_ms=0.005917 full_state_readback=0
resting_native_profile step=2176 command_ms=867.654167 gpu_ms=867.101958022 host_copy_ms=0.00725 full_state_readback=0
resting_native_profile step=2208 command_ms=862.200833 gpu_ms=861.595625058 host_copy_ms=0.005958 full_state_readback=0
resting_native_profile step=2240 command_ms=866.552542 gpu_ms=866.0033755 host_copy_ms=0.00825 full_state_readback=0
resting_native_profile step=2272 command_ms=867.158459 gpu_ms=866.574999876 host_copy_ms=0.00925 full_state_readback=0
resting_native_profile step=2304 command_ms=870.172667 gpu_ms=869.571542367 host_copy_ms=0.007042 full_state_readback=0
resting_native_profile step=2336 command_ms=870.52175 gpu_ms=870.002333075 host_copy_ms=0.005708 full_state_readback=0
resting_native_profile step=2368 command_ms=866.75675 gpu_ms=866.134875454 host_copy_ms=0.005625 full_state_readback=0
resting_native_profile step=2400 command_ms=861.33425 gpu_ms=860.743000172 host_copy_ms=0.007708 full_state_readback=0
resting_native_profile step=2432 command_ms=865.830833 gpu_ms=865.220249631 host_copy_ms=0.011417 full_state_readback=0
resting_native_profile step=2464 command_ms=867.191042 gpu_ms=866.617125459 host_copy_ms=0.010375 full_state_readback=0
resting_native_profile step=2496 command_ms=867.146084 gpu_ms=866.481125355 host_copy_ms=0.011916 full_state_readback=0
resting_native_profile step=2528 command_ms=864.775625 gpu_ms=864.204499871 host_copy_ms=0.008 full_state_readback=0
resting_native_profile step=2560 command_ms=858.382542 gpu_ms=857.741249725 host_copy_ms=0.008625 full_state_readback=0
resting_native_profile step=2592 command_ms=863.077333 gpu_ms=862.519250251 host_copy_ms=0.008 full_state_readback=0
resting_native_profile step=2624 command_ms=858.372875 gpu_ms=857.753375545 host_copy_ms=0.019584 full_state_readback=0
resting_native_profile step=2656 command_ms=866.096083 gpu_ms=865.497500636 host_copy_ms=0.015958 full_state_readback=0
resting_native_profile step=2688 command_ms=874.339583 gpu_ms=873.715374619 host_copy_ms=0.014834 full_state_readback=0
resting_native_profile step=2720 command_ms=868.679958 gpu_ms=868.067000061 host_copy_ms=0.01525 full_state_readback=0
resting_native_profile step=2752 command_ms=879.8795 gpu_ms=879.290541634 host_copy_ms=0.011459 full_state_readback=0
resting_native_profile step=2784 command_ms=881.167916 gpu_ms=880.58950007 host_copy_ms=0.014625 full_state_readback=0
resting_native_profile step=2816 command_ms=870.722625 gpu_ms=870.121874847 host_copy_ms=0.020084 full_state_readback=0
resting_native_profile step=2848 command_ms=880.764375 gpu_ms=880.08437492 host_copy_ms=0.010917 full_state_readback=0
resting_native_profile step=2880 command_ms=870.117333 gpu_ms=869.478500448 host_copy_ms=0.011625 full_state_readback=0
resting_native_profile step=2912 command_ms=879.628459 gpu_ms=878.941541538 host_copy_ms=0.011416 full_state_readback=0
resting_native_profile step=2944 command_ms=878.276792 gpu_ms=877.712249756 host_copy_ms=0.015833 full_state_readback=0
resting_native_profile step=2976 command_ms=879.037416 gpu_ms=878.483000211 host_copy_ms=0.014375 full_state_readback=0
resting_native_profile step=3008 command_ms=878.586542 gpu_ms=877.998250537 host_copy_ms=0.013542 full_state_readback=0
resting_native_profile step=3040 command_ms=866.198875 gpu_ms=865.55849947 host_copy_ms=0.014042 full_state_readback=0
resting_native_profile step=3072 command_ms=874.129542 gpu_ms=873.538124375 host_copy_ms=0.013375 full_state_readback=0
resting_native_profile step=3104 command_ms=872.508625 gpu_ms=871.90795783 host_copy_ms=0.01675 full_state_readback=0
resting_native_profile step=3136 command_ms=872.091708 gpu_ms=871.746833436 host_copy_ms=0.014834 full_state_readback=0
resting_native_profile step=3168 command_ms=867.540042 gpu_ms=866.888292134 host_copy_ms=0.021542 full_state_readback=0
resting_native_profile step=3200 command_ms=868.968542 gpu_ms=868.323749863 host_copy_ms=0.014875 full_state_readback=0
resting_native_profile step=3232 command_ms=875.970042 gpu_ms=875.767417252 host_copy_ms=0.015958 full_state_readback=0
resting_native_profile step=3264 command_ms=876.071709 gpu_ms=875.518333167 host_copy_ms=0.015125 full_state_readback=0
resting_native_profile step=3296 command_ms=874.456583 gpu_ms=873.809874989 host_copy_ms=0.014 full_state_readback=0
resting_native_profile step=3328 command_ms=866.074875 gpu_ms=865.516250022 host_copy_ms=0.010542 full_state_readback=0
resting_native_profile step=3360 command_ms=874.724333 gpu_ms=874.145875685 host_copy_ms=0.014792 full_state_readback=0
resting_native_profile step=3392 command_ms=867.33625 gpu_ms=866.71304144 host_copy_ms=0.01075 full_state_readback=0
resting_native_profile step=3424 command_ms=877.129167 gpu_ms=876.55204162 host_copy_ms=0.015625 full_state_readback=0
resting_native_profile step=3456 command_ms=873.312833 gpu_ms=872.814416885 host_copy_ms=0.014875 full_state_readback=0
resting_native_profile step=3488 command_ms=873.124666 gpu_ms=872.505874373 host_copy_ms=0.018834 full_state_readback=0
resting_native_profile step=3520 command_ms=868.453916 gpu_ms=868.22437495 host_copy_ms=0.020542 full_state_readback=0
resting_native_profile step=3552 command_ms=873.325666 gpu_ms=872.742624953 host_copy_ms=0.015917 full_state_readback=0
resting_native_profile step=3584 command_ms=870.795542 gpu_ms=870.323083363 host_copy_ms=0.014667 full_state_readback=0
resting_native_profile step=3616 command_ms=867.93675 gpu_ms=867.355999537 host_copy_ms=0.014833 full_state_readback=0
resting_native_profile step=3648 command_ms=874.131542 gpu_ms=873.457083479 host_copy_ms=0.014416 full_state_readback=0
resting_native_profile step=3680 command_ms=869.403334 gpu_ms=868.823625147 host_copy_ms=0.018541 full_state_readback=0
resting_native_profile step=3712 command_ms=877.247875 gpu_ms=876.630625688 host_copy_ms=0.012625 full_state_readback=0
resting_native_profile step=3744 command_ms=881.459583 gpu_ms=880.871749483 host_copy_ms=0.011833 full_state_readback=0
resting_native_profile step=3776 command_ms=874.206542 gpu_ms=873.587874696 host_copy_ms=0.011416 full_state_readback=0
resting_native_profile step=3808 command_ms=867.10975 gpu_ms=866.448999383 host_copy_ms=0.014625 full_state_readback=0
resting_native_profile step=3840 command_ms=876.037 gpu_ms=875.461583957 host_copy_ms=0.014375 full_state_readback=0
resting_native_profile step=3872 command_ms=867.051834 gpu_ms=866.874500178 host_copy_ms=0.011708 full_state_readback=0
resting_native_profile step=3904 command_ms=864.876125 gpu_ms=864.32970874 host_copy_ms=0.008792 full_state_readback=0
resting_native_profile step=3936 command_ms=866.007667 gpu_ms=865.326333791 host_copy_ms=0.02 full_state_readback=0
resting_native_profile step=3968 command_ms=871.641167 gpu_ms=870.992500335 host_copy_ms=0.01625 full_state_readback=0
resting_native_profile step=4000 command_ms=865.982667 gpu_ms=865.402583033 host_copy_ms=0.022125 full_state_readback=0
resting_native_profile step=4032 command_ms=872.317625 gpu_ms=871.642958373 host_copy_ms=0.012083 full_state_readback=0
resting_native_profile step=4064 command_ms=868.122833 gpu_ms=867.520583794 host_copy_ms=0.00925 full_state_readback=0
resting_native_profile step=4096 command_ms=866.95375 gpu_ms=866.309291683 host_copy_ms=0.006167 full_state_readback=0
resting_native_profile step=4128 command_ms=859.337041 gpu_ms=858.742875047 host_copy_ms=0.007584 full_state_readback=0
resting_native_profile step=4160 command_ms=864.721458 gpu_ms=864.071499556 host_copy_ms=0.007667 full_state_readback=0
resting_native_profile step=4192 command_ms=869.38025 gpu_ms=868.805125356 host_copy_ms=0.005583 full_state_readback=0
resting_native_profile step=4224 command_ms=865.420083 gpu_ms=864.867791533 host_copy_ms=0.008584 full_state_readback=0
resting_native_profile step=4256 command_ms=866.65175 gpu_ms=866.109625436 host_copy_ms=0.004875 full_state_readback=0
resting_native_profile step=4288 command_ms=867.650459 gpu_ms=867.037875578 host_copy_ms=0.005708 full_state_readback=0
resting_native_profile step=4320 command_ms=863.334292 gpu_ms=862.652166747 host_copy_ms=0.005583 full_state_readback=0
resting_native_profile step=4352 command_ms=861.640917 gpu_ms=861.345000565 host_copy_ms=0.037375 full_state_readback=0
resting_native_profile step=4384 command_ms=863.982334 gpu_ms=863.756832667 host_copy_ms=0.009291 full_state_readback=0
resting_native_profile step=4416 command_ms=876.413292 gpu_ms=875.823000446 host_copy_ms=0.0105 full_state_readback=0
resting_native_profile step=4448 command_ms=870.841042 gpu_ms=870.201500133 host_copy_ms=0.009583 full_state_readback=0
resting_native_profile step=4480 command_ms=861.017458 gpu_ms=860.384000465 host_copy_ms=0.009167 full_state_readback=0
resting_native_profile step=4512 command_ms=873.884792 gpu_ms=873.495250009 host_copy_ms=0.009375 full_state_readback=0
resting_native_profile step=4544 command_ms=859.960541 gpu_ms=859.3343338 host_copy_ms=0.008792 full_state_readback=0
resting_native_profile step=4576 command_ms=863.803625 gpu_ms=863.185499795 host_copy_ms=0.012875 full_state_readback=0
resting_native_profile step=4608 command_ms=863.225083 gpu_ms=862.522583455 host_copy_ms=0.016792 full_state_readback=0
resting_native_profile step=4640 command_ms=867.890666 gpu_ms=867.239375599 host_copy_ms=0.009917 full_state_readback=0
resting_native_profile step=4672 command_ms=861.534625 gpu_ms=860.845291987 host_copy_ms=0.009917 full_state_readback=0
resting_native_profile step=4704 command_ms=865.855084 gpu_ms=865.244708024 host_copy_ms=0.01 full_state_readback=0
resting_native_profile step=4736 command_ms=873.487167 gpu_ms=872.879750095 host_copy_ms=0.009375 full_state_readback=0
resting_native_profile step=4768 command_ms=875.778625 gpu_ms=864.526166581 host_copy_ms=0.008292 full_state_readback=0
resting_native_profile step=4800 command_ms=869.086333 gpu_ms=868.817458861 host_copy_ms=0.010167 full_state_readback=0
resting_native_profile step=4832 command_ms=869.238834 gpu_ms=868.604791351 host_copy_ms=0.008916 full_state_readback=0
resting_native_profile step=4864 command_ms=875.660042 gpu_ms=874.992250465 host_copy_ms=0.010458 full_state_readback=0
resting_native_profile step=4896 command_ms=881.211083 gpu_ms=880.526999943 host_copy_ms=0.008292 full_state_readback=0
resting_native_profile step=4928 command_ms=882.080291 gpu_ms=866.040499881 host_copy_ms=0.013959 full_state_readback=0
resting_native_profile step=4960 command_ms=869.907875 gpu_ms=860.882999375 host_copy_ms=0.008875 full_state_readback=0
resting_native_profile step=4992 command_ms=880.945625 gpu_ms=880.296999589 host_copy_ms=0.009417 full_state_readback=0
resting_native_profile step=5024 command_ms=870.36225 gpu_ms=869.755582884 host_copy_ms=0.00925 full_state_readback=0
resting_native_profile step=5056 command_ms=871.352625 gpu_ms=870.665083639 host_copy_ms=0.009417 full_state_readback=0
resting_native_profile step=5088 command_ms=880.59075 gpu_ms=879.90087457 host_copy_ms=0.009458 full_state_readback=0
resting_native_profile step=5120 command_ms=870.700167 gpu_ms=869.996208698 host_copy_ms=0.009042 full_state_readback=0
resting_native_profile step=5152 command_ms=881.313625 gpu_ms=880.537416786 host_copy_ms=0.010709 full_state_readback=0
resting_native_profile step=5184 command_ms=870.403625 gpu_ms=869.806208648 host_copy_ms=0.008708 full_state_readback=0
resting_native_profile step=5216 command_ms=862.376583 gpu_ms=861.705416813 host_copy_ms=0.017209 full_state_readback=0
resting_native_profile step=5248 command_ms=870.524875 gpu_ms=869.8422499 host_copy_ms=0.0105 full_state_readback=0
resting_native_profile step=5280 command_ms=873.647709 gpu_ms=859.496958554 host_copy_ms=0.013833 full_state_readback=0
resting_native_profile step=5312 command_ms=877.958583 gpu_ms=868.33600048 host_copy_ms=0.007375 full_state_readback=0
resting_native_profile step=5344 command_ms=863.868959 gpu_ms=863.254624419 host_copy_ms=0.010416 full_state_readback=0
resting_native_profile step=5376 command_ms=872.189584 gpu_ms=869.837542064 host_copy_ms=0.009583 full_state_readback=0
resting_native_profile step=5408 command_ms=866.405375 gpu_ms=865.707708523 host_copy_ms=0.010291 full_state_readback=0
resting_native_profile step=5440 command_ms=865.8845 gpu_ms=865.272291005 host_copy_ms=0.009791 full_state_readback=0
resting_native_profile step=5472 command_ms=874.856917 gpu_ms=874.191165902 host_copy_ms=0.009625 full_state_readback=0
resting_native_profile step=5504 command_ms=887.083667 gpu_ms=875.058624893 host_copy_ms=0.010791 full_state_readback=0
resting_native_profile step=5536 command_ms=864.919292 gpu_ms=864.207042381 host_copy_ms=0.0145 full_state_readback=0
resting_native_profile step=5568 command_ms=874.5815 gpu_ms=873.902083375 host_copy_ms=0.021 full_state_readback=0
resting_native_profile step=5600 command_ms=892.918792 gpu_ms=880.891375244 host_copy_ms=0.021833 full_state_readback=0
resting_native_profile step=5632 command_ms=872.276417 gpu_ms=872.007333674 host_copy_ms=0.022833 full_state_readback=0
resting_native_profile step=5664 command_ms=871.929291 gpu_ms=871.26712501 host_copy_ms=0.012125 full_state_readback=0
resting_native_profile step=5696 command_ms=871.506959 gpu_ms=870.858791284 host_copy_ms=0.016708 full_state_readback=0
resting_native_profile step=5728 command_ms=862.133125 gpu_ms=861.475041136 host_copy_ms=0.016541 full_state_readback=0
resting_native_profile step=5760 command_ms=867.113625 gpu_ms=866.469208151 host_copy_ms=0.016917 full_state_readback=0
resting_native_profile step=5792 command_ms=872.154375 gpu_ms=871.760999784 host_copy_ms=0.012458 full_state_readback=0
resting_native_profile step=5824 command_ms=868.601583 gpu_ms=867.95150023 host_copy_ms=0.017167 full_state_readback=0
resting_native_profile step=5856 command_ms=860.038625 gpu_ms=859.434000216 host_copy_ms=0.017625 full_state_readback=0
resting_native_profile step=5888 command_ms=873.413334 gpu_ms=872.729875147 host_copy_ms=0.014083 full_state_readback=0
resting_native_profile step=5920 command_ms=863.488125 gpu_ms=862.886083312 host_copy_ms=0.019041 full_state_readback=0
resting_native_profile step=5952 command_ms=866.801125 gpu_ms=866.149417125 host_copy_ms=0.012292 full_state_readback=0
resting_native_profile step=5984 command_ms=866.835083 gpu_ms=866.197833791 host_copy_ms=0.018958 full_state_readback=0
resting_native_profile step=6016 command_ms=866.926416 gpu_ms=866.64875038 host_copy_ms=0.016417 full_state_readback=0
resting_native_profile step=6048 command_ms=866.085084 gpu_ms=865.48612453 host_copy_ms=0.01575 full_state_readback=0
resting_native_profile step=6080 command_ms=862.774417 gpu_ms=862.096541561 host_copy_ms=0.017958 full_state_readback=0
resting_native_profile step=6112 command_ms=867.479291 gpu_ms=866.839999333 host_copy_ms=0.014584 full_state_readback=0
resting_native_profile step=6144 command_ms=873.586708 gpu_ms=873.007416725 host_copy_ms=0.012625 full_state_readback=0
resting_native_profile step=6176 command_ms=867.897084 gpu_ms=867.314875126 host_copy_ms=0.016958 full_state_readback=0
resting_native_profile step=6208 command_ms=870.860541 gpu_ms=870.230082422 host_copy_ms=0.01325 full_state_readback=0
resting_native_profile step=6240 command_ms=856.864083 gpu_ms=856.290541589 host_copy_ms=0.015917 full_state_readback=0
resting_native_profile step=6272 command_ms=871.0625 gpu_ms=870.492791757 host_copy_ms=0.00775 full_state_readback=0
resting_native_profile step=6304 command_ms=866.512208 gpu_ms=865.949999541 host_copy_ms=0.006833 full_state_readback=0
resting_native_profile step=6336 command_ms=866.690625 gpu_ms=866.082124412 host_copy_ms=0.008084 full_state_readback=0
resting_native_profile step=6368 command_ms=863.708916 gpu_ms=863.158999942 host_copy_ms=0.009792 full_state_readback=0
resting_native_profile step=6400 command_ms=869.992458 gpu_ms=869.397625327 host_copy_ms=0.007417 full_state_readback=0
resting_native_profile step=6432 command_ms=865.806166 gpu_ms=865.239749663 host_copy_ms=0.0055 full_state_readback=0
resting_native_profile step=6464 command_ms=862.504167 gpu_ms=861.935625784 host_copy_ms=0.005791 full_state_readback=0
resting_native_profile step=6496 command_ms=865.25375 gpu_ms=864.732666872 host_copy_ms=0.005417 full_state_readback=0
resting_native_profile step=6528 command_ms=869.025875 gpu_ms=868.460666388 host_copy_ms=0.007125 full_state_readback=0
resting_native_profile step=6560 command_ms=862.691375 gpu_ms=862.104666419 host_copy_ms=0.005958 full_state_readback=0
resting_native_profile step=6592 command_ms=864.948667 gpu_ms=864.325333387 host_copy_ms=0.0135 full_state_readback=0
resting_native_profile step=6624 command_ms=866.2635 gpu_ms=865.708124824 host_copy_ms=0.00825 full_state_readback=0
resting_native_profile step=6656 command_ms=860.850958 gpu_ms=860.681166872 host_copy_ms=0.0065 full_state_readback=0
resting_native_profile step=6688 command_ms=865.542333 gpu_ms=864.986208268 host_copy_ms=0.011458 full_state_readback=0
resting_native_profile step=6720 command_ms=857.616959 gpu_ms=857.41937533 host_copy_ms=0.007416 full_state_readback=0
resting_native_profile step=6752 command_ms=869.9105 gpu_ms=869.305166416 host_copy_ms=0.008334 full_state_readback=0
resting_native_profile step=6784 command_ms=864.609625 gpu_ms=863.96633368 host_copy_ms=0.007791 full_state_readback=0
resting_native_profile step=6816 command_ms=870.2755 gpu_ms=869.709624909 host_copy_ms=0.007667 full_state_readback=0
resting_native_profile step=6848 command_ms=866.123875 gpu_ms=865.492584184 host_copy_ms=0.00575 full_state_readback=0
resting_native_profile step=6880 command_ms=862.332709 gpu_ms=861.705666408 host_copy_ms=0.00925 full_state_readback=0
resting_native_profile step=6912 command_ms=860.393583 gpu_ms=859.800333157 host_copy_ms=0.006792 full_state_readback=0
resting_native_profile step=6944 command_ms=871.225875 gpu_ms=870.613874868 host_copy_ms=0.0055 full_state_readback=0
resting_native_profile step=6976 command_ms=865.883458 gpu_ms=865.665375255 host_copy_ms=0.009125 full_state_readback=0
resting_native_profile step=7008 command_ms=873.522084 gpu_ms=872.962791473 host_copy_ms=0.00775 full_state_readback=0
resting_native_profile step=7040 command_ms=862.4985 gpu_ms=861.95841711 host_copy_ms=0.009459 full_state_readback=0
resting_native_profile step=7072 command_ms=867.289958 gpu_ms=866.656249389 host_copy_ms=0.006083 full_state_readback=0
resting_native_profile step=7104 command_ms=873.874167 gpu_ms=873.642874882 host_copy_ms=0.010375 full_state_readback=0
resting_native_profile step=7136 command_ms=877.898833 gpu_ms=877.273875289 host_copy_ms=0.007917 full_state_readback=0
resting_native_profile step=7168 command_ms=875.584833 gpu_ms=875.010749325 host_copy_ms=0.006542 full_state_readback=0
resting_native_profile step=7200 command_ms=869.047333 gpu_ms=868.408874609 host_copy_ms=0.00625 full_state_readback=0
resting_native_profile step=7232 command_ms=871.052625 gpu_ms=870.878958143 host_copy_ms=0.005791 full_state_readback=0
resting_native_profile step=7264 command_ms=874.610709 gpu_ms=874.039375223 host_copy_ms=0.0055 full_state_readback=0
resting_native_profile step=7296 command_ms=871.549041 gpu_ms=871.023916639 host_copy_ms=0.008625 full_state_readback=0
resting_native_profile step=7328 command_ms=870.793083 gpu_ms=870.188999921 host_copy_ms=0.005792 full_state_readback=0
resting_native_profile step=7360 command_ms=864.895834 gpu_ms=864.70712442 host_copy_ms=0.007291 full_state_readback=0
resting_native_profile step=7392 command_ms=868.445209 gpu_ms=867.926249281 host_copy_ms=0.008125 full_state_readback=0
resting_native_profile step=7424 command_ms=867.847 gpu_ms=867.301125079 host_copy_ms=0.005875 full_state_readback=0
resting_native_profile step=7456 command_ms=875.529959 gpu_ms=874.908749945 host_copy_ms=0.00775 full_state_readback=0
resting_native_profile step=7488 command_ms=873.823291 gpu_ms=873.247042298 host_copy_ms=0.006084 full_state_readback=0
resting_native_profile step=7520 command_ms=865.408208 gpu_ms=865.220958367 host_copy_ms=0.008959 full_state_readback=0
resting_native_profile step=7552 command_ms=868.648125 gpu_ms=868.01274959 host_copy_ms=0.006625 full_state_readback=0
resting_native_profile step=7584 command_ms=866.986625 gpu_ms=866.392750293 host_copy_ms=0.006125 full_state_readback=0
resting_native_profile step=7616 command_ms=874.629709 gpu_ms=874.086875468 host_copy_ms=0.006916 full_state_readback=0
resting_native_profile step=7648 command_ms=863.555542 gpu_ms=862.923707813 host_copy_ms=0.00725 full_state_readback=0
resting_native_profile step=7680 command_ms=865.444208 gpu_ms=864.808999933 host_copy_ms=0.008542 full_state_readback=0
resting_native_profile step=7712 command_ms=860.886958 gpu_ms=860.315499827 host_copy_ms=0.006417 full_state_readback=0
resting_native_profile step=7744 command_ms=860.736541 gpu_ms=860.09179242 host_copy_ms=0.011709 full_state_readback=0
resting_native_profile step=7776 command_ms=863.228667 gpu_ms=862.553625368 host_copy_ms=0.006583 full_state_readback=0
resting_native_profile step=7808 command_ms=868.638792 gpu_ms=868.087416515 host_copy_ms=0.005833 full_state_readback=0
resting_native_profile step=7840 command_ms=874.734166 gpu_ms=874.127708375 host_copy_ms=0.005875 full_state_readback=0
resting_native_profile step=7872 command_ms=867.780667 gpu_ms=867.143749259 host_copy_ms=0.006292 full_state_readback=0
resting_native_profile step=7904 command_ms=871.875083 gpu_ms=871.248290874 host_copy_ms=0.006292 full_state_readback=0
resting_native_profile step=7936 command_ms=871.333125 gpu_ms=870.776250027 host_copy_ms=0.005959 full_state_readback=0
resting_native_profile step=7968 command_ms=867.289167 gpu_ms=866.672792472 host_copy_ms=0.008583 full_state_readback=0
resting_native_profile step=8000 command_ms=865.491416 gpu_ms=864.879000001 host_copy_ms=0.006667 full_state_readback=0
resting_native_profile step=8032 command_ms=856.431625 gpu_ms=855.803875253 host_copy_ms=0.00575 full_state_readback=0
resting_native_profile step=8064 command_ms=869.820959 gpu_ms=869.207499549 host_copy_ms=0.0065 full_state_readback=0
resting_native_profile step=8096 command_ms=873.126542 gpu_ms=872.690167278 host_copy_ms=0.008666 full_state_readback=0
resting_native_profile step=8128 command_ms=861.675917 gpu_ms=861.063124612 host_copy_ms=0.007583 full_state_readback=0
resting_native_profile step=8160 command_ms=871.537875 gpu_ms=870.935166255 host_copy_ms=0.00525 full_state_readback=0
resting_native_profile step=8192 command_ms=862.941958 gpu_ms=862.763125449 host_copy_ms=0.008625 full_state_readback=0
resting_native_profile step=8224 command_ms=866.943792 gpu_ms=866.756583564 host_copy_ms=0.005125 full_state_readback=0
resting_native_profile step=8256 command_ms=876.092459 gpu_ms=875.54433383 host_copy_ms=0.005375 full_state_readback=0
resting_native_profile step=8288 command_ms=867.22025 gpu_ms=867.041249759 host_copy_ms=0.00525 full_state_readback=0
resting_native_profile step=8320 command_ms=867.560333 gpu_ms=867.001250386 host_copy_ms=0.004917 full_state_readback=0
resting_native_profile step=8352 command_ms=872.816916 gpu_ms=872.219666839 host_copy_ms=0.006 full_state_readback=0
resting_native_profile step=8384 command_ms=863.493542 gpu_ms=862.879750319 host_copy_ms=0.014583 full_state_readback=0
resting_native_profile step=8416 command_ms=870.916375 gpu_ms=870.260624215 host_copy_ms=0.018167 full_state_readback=0
resting_native_profile step=8448 command_ms=873.633375 gpu_ms=873.011750169 host_copy_ms=0.020625 full_state_readback=0
resting_native_profile step=8480 command_ms=884.705125 gpu_ms=884.137500077 host_copy_ms=0.014208 full_state_readback=0
resting_native_profile step=8512 command_ms=873.843125 gpu_ms=873.271875083 host_copy_ms=0.016125 full_state_readback=0
resting_native_profile step=8544 command_ms=874.253417 gpu_ms=874.047624879 host_copy_ms=0.014708 full_state_readback=0
resting_native_profile step=8576 command_ms=877.808666 gpu_ms=877.15666648 host_copy_ms=0.013084 full_state_readback=0
resting_native_profile step=8608 command_ms=880.556333 gpu_ms=879.896792583 host_copy_ms=0.014333 full_state_readback=0
resting_native_profile step=8640 command_ms=883.584084 gpu_ms=882.973958738 host_copy_ms=0.0135 full_state_readback=0
resting_native_profile step=8672 command_ms=874.608625 gpu_ms=873.958875425 host_copy_ms=0.015667 full_state_readback=0
resting_native_profile step=8704 command_ms=873.86 gpu_ms=873.309916817 host_copy_ms=0.011708 full_state_readback=0
resting_native_profile step=8736 command_ms=879.405375 gpu_ms=879.159457982 host_copy_ms=0.013916 full_state_readback=0
resting_native_profile step=8768 command_ms=883.270167 gpu_ms=882.682874799 host_copy_ms=0.010833 full_state_readback=0
resting_native_profile step=8800 command_ms=879.138208 gpu_ms=878.93687468 host_copy_ms=0.017292 full_state_readback=0
resting_native_profile step=8832 command_ms=879.953459 gpu_ms=879.288416356 host_copy_ms=0.010791 full_state_readback=0
resting_native_profile step=8864 command_ms=871.229792 gpu_ms=870.583499782 host_copy_ms=0.016167 full_state_readback=0
resting_native_profile step=8896 command_ms=862.493292 gpu_ms=861.938999966 host_copy_ms=0.018667 full_state_readback=0
resting_native_profile step=8928 command_ms=884.100208 gpu_ms=883.510500193 host_copy_ms=0.014959 full_state_readback=0
resting_native_profile step=8960 command_ms=881.81225 gpu_ms=881.156999618 host_copy_ms=0.015 full_state_readback=0
resting_native_profile step=8992 command_ms=877.418167 gpu_ms=876.783125103 host_copy_ms=0.014 full_state_readback=0
resting_native_profile step=9024 command_ms=875.498375 gpu_ms=874.856499955 host_copy_ms=0.013959 full_state_readback=0
resting_native_profile step=9056 command_ms=875.436625 gpu_ms=874.862416647 host_copy_ms=0.015333 full_state_readback=0
resting_native_profile step=9088 command_ms=882.10125 gpu_ms=881.52383361 host_copy_ms=0.013333 full_state_readback=0
resting_native_profile step=9120 command_ms=874.006417 gpu_ms=873.81329108 host_copy_ms=0.013833 full_state_readback=0
resting_native_profile step=9152 command_ms=864.471792 gpu_ms=863.850709051 host_copy_ms=0.012208 full_state_readback=0
resting_native_profile step=9184 command_ms=867.58275 gpu_ms=866.971500218 host_copy_ms=0.009417 full_state_readback=0
resting_native_profile step=9216 command_ms=872.053 gpu_ms=871.436250396 host_copy_ms=0.008208 full_state_readback=0
resting_native_profile step=9248 command_ms=865.404916 gpu_ms=864.797624759 host_copy_ms=0.008125 full_state_readback=0
resting_native_profile step=9280 command_ms=864.122458 gpu_ms=863.516749814 host_copy_ms=0.006208 full_state_readback=0
resting_native_profile step=9312 command_ms=868.27075 gpu_ms=867.722500116 host_copy_ms=0.007291 full_state_readback=0
resting_native_profile step=9344 command_ms=872.943167 gpu_ms=872.416875325 host_copy_ms=0.006417 full_state_readback=0
resting_native_profile step=9376 command_ms=862.645334 gpu_ms=861.995167099 host_copy_ms=0.008708 full_state_readback=0
resting_native_profile step=9408 command_ms=859.66075 gpu_ms=859.030375257 host_copy_ms=0.007959 full_state_readback=0
resting_native_profile step=9440 command_ms=862.633166 gpu_ms=862.015999854 host_copy_ms=0.0075 full_state_readback=0
resting_native_profile step=9472 command_ms=862.883958 gpu_ms=862.276582979 host_copy_ms=0.008417 full_state_readback=0
resting_native_profile step=9504 command_ms=869.496167 gpu_ms=868.88529174 host_copy_ms=0.010083 full_state_readback=0
resting_native_profile step=9536 command_ms=875.042875 gpu_ms=874.610374682 host_copy_ms=0.006667 full_state_readback=0
resting_native_profile step=9568 command_ms=874.657459 gpu_ms=874.063333496 host_copy_ms=0.008791 full_state_readback=0
resting_native_profile step=9600 command_ms=870.763459 gpu_ms=870.185500011 host_copy_ms=0.009916 full_state_readback=0
resting_native_profile step=9632 command_ms=867.039875 gpu_ms=866.793249734 host_copy_ms=0.009709 full_state_readback=0
resting_native_profile step=9664 command_ms=874.291 gpu_ms=873.644749634 host_copy_ms=0.009375 full_state_readback=0
resting_native_profile step=9696 command_ms=862.763166 gpu_ms=862.156749703 host_copy_ms=0.010375 full_state_readback=0
resting_native_profile step=9728 command_ms=874.049666 gpu_ms=873.457333073 host_copy_ms=0.007834 full_state_readback=0
resting_native_profile step=9760 command_ms=864.527542 gpu_ms=863.908625208 host_copy_ms=0.020708 full_state_readback=0
resting_native_profile step=9792 command_ms=877.744416 gpu_ms=877.172499895 host_copy_ms=0.015667 full_state_readback=0
resting_native_profile step=9824 command_ms=871.917833 gpu_ms=871.355749667 host_copy_ms=0.012167 full_state_readback=0
resting_native_profile step=9856 command_ms=880.695584 gpu_ms=880.040583201 host_copy_ms=0.01725 full_state_readback=0
resting_native_profile step=9888 command_ms=867.340791 gpu_ms=866.708499379 host_copy_ms=0.013959 full_state_readback=0
resting_native_profile step=9920 command_ms=879.652917 gpu_ms=879.071000032 host_copy_ms=0.015208 full_state_readback=0
resting_native_profile step=9952 command_ms=877.5315 gpu_ms=876.964832656 host_copy_ms=0.0145 full_state_readback=0
resting_native_profile step=9984 command_ms=879.559292 gpu_ms=878.929249942 host_copy_ms=0.011625 full_state_readback=0
resting_native_profile step=10016 command_ms=877.369458 gpu_ms=876.734625548 host_copy_ms=0.01125 full_state_readback=0
resting_native_profile step=10048 command_ms=861.402708 gpu_ms=860.794041306 host_copy_ms=0.017459 full_state_readback=0
resting_native_profile step=10080 command_ms=882.897292 gpu_ms=882.243124768 host_copy_ms=0.015792 full_state_readback=0
resting_native_profile step=10112 command_ms=880.911584 gpu_ms=880.258125253 host_copy_ms=0.012666 full_state_readback=0
resting_native_profile step=10144 command_ms=877.00775 gpu_ms=876.453000121 host_copy_ms=0.015375 full_state_readback=0
resting_native_profile step=10176 command_ms=867.828416 gpu_ms=867.195333354 host_copy_ms=0.017834 full_state_readback=0
resting_native_profile step=10208 command_ms=876.426084 gpu_ms=875.844749622 host_copy_ms=0.021208 full_state_readback=0
resting_native_profile step=10240 command_ms=878.856458 gpu_ms=878.211375326 host_copy_ms=0.015084 full_state_readback=0
resting_native_profile step=10272 command_ms=878.400417 gpu_ms=877.741666511 host_copy_ms=0.012333 full_state_readback=0
resting_native_profile step=10304 command_ms=877.724917 gpu_ms=877.082750201 host_copy_ms=0.012416 full_state_readback=0
resting_native_profile step=10336 command_ms=880.351958 gpu_ms=879.753749818 host_copy_ms=0.014959 full_state_readback=0
resting_native_profile step=10368 command_ms=876.14925 gpu_ms=875.581250526 host_copy_ms=0.0135 full_state_readback=0
resting_native_profile step=10400 command_ms=880.770167 gpu_ms=880.144291557 host_copy_ms=0.011875 full_state_readback=0
resting_native_profile step=10432 command_ms=878.345334 gpu_ms=877.801625058 host_copy_ms=0.0145 full_state_readback=0
resting_native_profile step=10464 command_ms=875.657458 gpu_ms=875.468291342 host_copy_ms=0.014667 full_state_readback=0
resting_native_profile step=10496 command_ms=878.733875 gpu_ms=878.095666878 host_copy_ms=0.0135 full_state_readback=0
resting_native_profile step=10528 command_ms=870.473792 gpu_ms=869.864082895 host_copy_ms=0.017375 full_state_readback=0
resting_native_profile step=10560 command_ms=872.965792 gpu_ms=872.753541917 host_copy_ms=0.017916 full_state_readback=0
resting_native_profile step=10592 command_ms=875.837583 gpu_ms=875.209207647 host_copy_ms=0.017042 full_state_readback=0
resting_native_profile step=10624 command_ms=861.898917 gpu_ms=861.305791885 host_copy_ms=0.01525 full_state_readback=0
resting_native_profile step=10656 command_ms=867.503458 gpu_ms=866.922792047 host_copy_ms=0.01525 full_state_readback=0
resting_native_profile step=10688 command_ms=862.590875 gpu_ms=861.97500024 host_copy_ms=0.015084 full_state_readback=0
resting_native_profile step=10720 command_ms=860.502667 gpu_ms=859.887000173 host_copy_ms=0.014625 full_state_readback=0
resting_native_profile step=10752 command_ms=859.158416 gpu_ms=858.574625105 host_copy_ms=0.013542 full_state_readback=0
resting_native_profile step=10784 command_ms=871.18475 gpu_ms=870.995875448 host_copy_ms=0.014917 full_state_readback=0
resting_native_profile step=10816 command_ms=857.946875 gpu_ms=857.333624735 host_copy_ms=0.014417 full_state_readback=0
resting_native_profile step=10848 command_ms=870.717542 gpu_ms=870.149916969 host_copy_ms=0.014166 full_state_readback=0
resting_native_profile step=10880 command_ms=866.1815 gpu_ms=865.526999347 host_copy_ms=0.0175 full_state_readback=0
resting_native_profile step=10912 command_ms=852.000792 gpu_ms=851.404291578 host_copy_ms=0.024333 full_state_readback=0
resting_native_profile step=10944 command_ms=860.551459 gpu_ms=860.016624443 host_copy_ms=0.012208 full_state_readback=0
resting_native_profile step=10976 command_ms=866.875958 gpu_ms=866.248374805 host_copy_ms=0.012917 full_state_readback=0
resting_native_profile step=11008 command_ms=865.1015 gpu_ms=864.478125237 host_copy_ms=0.015041 full_state_readback=0
resting_native_profile step=11040 command_ms=890.770875 gpu_ms=890.195916407 host_copy_ms=0.013583 full_state_readback=0
resting_native_profile step=11072 command_ms=896.1415 gpu_ms=895.600125194 host_copy_ms=0.01525 full_state_readback=0
resting_native_profile step=11104 command_ms=895.0345 gpu_ms=894.489999861 host_copy_ms=0.014916 full_state_readback=0
resting_native_profile step=11136 command_ms=889.741 gpu_ms=889.091082849 host_copy_ms=0.014417 full_state_readback=0
resting_native_profile step=11168 command_ms=897.758334 gpu_ms=897.175333463 host_copy_ms=0.013875 full_state_readback=0
resting_native_profile step=11200 command_ms=892.211291 gpu_ms=891.62062481 host_copy_ms=0.018459 full_state_readback=0
resting_native_profile step=11232 command_ms=892.013125 gpu_ms=891.83324948 host_copy_ms=0.009 full_state_readback=0
resting_native_profile step=11264 command_ms=892.879292 gpu_ms=892.296291888 host_copy_ms=0.011917 full_state_readback=0
resting_native_profile step=11296 command_ms=880.295208 gpu_ms=879.645625129 host_copy_ms=0.018834 full_state_readback=0
resting_native_profile step=11328 command_ms=892.57825 gpu_ms=892.376208678 host_copy_ms=0.007583 full_state_readback=0
resting_native_profile step=11360 command_ms=887.060791 gpu_ms=886.486374773 host_copy_ms=0.007 full_state_readback=0
resting_native_profile step=11392 command_ms=889.108958 gpu_ms=888.913250528 host_copy_ms=0.00725 full_state_readback=0
resting_native_profile step=11424 command_ms=887.724042 gpu_ms=887.071375735 host_copy_ms=0.009875 full_state_readback=0
resting_native_profile step=11456 command_ms=883.032042 gpu_ms=882.467540912 host_copy_ms=0.01875 full_state_readback=0
resting_native_profile step=11488 command_ms=889.514 gpu_ms=888.914874755 host_copy_ms=0.015959 full_state_readback=0
resting_native_profile step=11520 command_ms=892.54775 gpu_ms=891.952083446 host_copy_ms=0.007833 full_state_readback=0
resting_native_profile step=11552 command_ms=887.791208 gpu_ms=887.188749388 host_copy_ms=0.00875 full_state_readback=0
resting_native_profile step=11584 command_ms=884.062208 gpu_ms=883.482583798 host_copy_ms=0.008834 full_state_readback=0
resting_native_profile step=11616 command_ms=889.251125 gpu_ms=888.682249933 host_copy_ms=0.011667 full_state_readback=0
resting_native_profile step=11648 command_ms=889.115875 gpu_ms=888.585874811 host_copy_ms=0.009166 full_state_readback=0
resting_native_profile step=11680 command_ms=894.6015 gpu_ms=893.956459127 host_copy_ms=0.008375 full_state_readback=0
resting_native_profile step=11712 command_ms=891.325625 gpu_ms=890.737999231 host_copy_ms=0.006208 full_state_readback=0
resting_native_profile step=11744 command_ms=884.411375 gpu_ms=883.860125206 host_copy_ms=0.006167 full_state_readback=0
resting_native_profile step=11776 command_ms=889.755291 gpu_ms=889.13074974 host_copy_ms=0.005584 full_state_readback=0
resting_native_profile step=11808 command_ms=897.662708 gpu_ms=897.106624208 host_copy_ms=0.008125 full_state_readback=0
resting_native_profile step=11840 command_ms=882.039042 gpu_ms=881.463541649 host_copy_ms=0.007042 full_state_readback=0
resting_native_profile step=11872 command_ms=883.2695 gpu_ms=882.713374682 host_copy_ms=0.008458 full_state_readback=0
resting_native_profile step=11904 command_ms=884.080708 gpu_ms=883.44374951 host_copy_ms=0.007292 full_state_readback=0
resting_native_profile step=11936 command_ms=884.91275 gpu_ms=884.73695796 host_copy_ms=0.007334 full_state_readback=0
resting_native_profile step=11968 command_ms=886.92 gpu_ms=886.35887485 host_copy_ms=0.011542 full_state_readback=0
resting_native_profile step=12000 command_ms=888.593291 gpu_ms=888.048875146 host_copy_ms=0.008834 full_state_readback=0
resting_native_profile step=12032 command_ms=886.781 gpu_ms=886.186749674 host_copy_ms=0.008917 full_state_readback=0
resting_native_profile step=12064 command_ms=878.223417 gpu_ms=877.620124258 host_copy_ms=0.009542 full_state_readback=0
resting_native_profile step=12096 command_ms=885.773834 gpu_ms=885.172124952 host_copy_ms=0.010666 full_state_readback=0
resting_native_profile step=12128 command_ms=887.5125 gpu_ms=886.843083426 host_copy_ms=0.01875 full_state_readback=0
resting_native_profile step=12160 command_ms=896.992875 gpu_ms=896.809750237 host_copy_ms=0.016916 full_state_readback=0
resting_native_profile step=12192 command_ms=892.913667 gpu_ms=892.666958272 host_copy_ms=0.010958 full_state_readback=0
resting_native_profile step=12224 command_ms=889.863 gpu_ms=889.272875153 host_copy_ms=0.014875 full_state_readback=0
resting_native_profile step=12256 command_ms=896.427583 gpu_ms=895.873624831 host_copy_ms=0.0165 full_state_readback=0
resting_native_profile step=12288 command_ms=897.196083 gpu_ms=896.634125151 host_copy_ms=0.017167 full_state_readback=0
resting_native_profile step=12320 command_ms=899.178 gpu_ms=898.57925009 host_copy_ms=0.021459 full_state_readback=0
resting_native_profile step=12352 command_ms=892.247375 gpu_ms=891.604875214 host_copy_ms=0.019917 full_state_readback=0
resting_native_profile step=12384 command_ms=893.529458 gpu_ms=892.9711245 host_copy_ms=0.014875 full_state_readback=0
resting_native_profile step=12416 command_ms=902.335208 gpu_ms=901.760499924 host_copy_ms=0.016208 full_state_readback=0
resting_native_profile step=12448 command_ms=892.475625 gpu_ms=891.897249967 host_copy_ms=0.014667 full_state_readback=0
resting_native_profile step=12480 command_ms=893.408 gpu_ms=892.856791615 host_copy_ms=0.015041 full_state_readback=0
resting_native_profile step=12512 command_ms=904.651291 gpu_ms=904.434499331 host_copy_ms=0.018792 full_state_readback=0
resting_native_profile step=12544 command_ms=888.87175 gpu_ms=888.31449952 host_copy_ms=0.015917 full_state_readback=0
resting_native_profile step=12576 command_ms=899.852625 gpu_ms=899.277499877 host_copy_ms=0.015167 full_state_readback=0
resting_native_profile step=12608 command_ms=898.73875 gpu_ms=898.142208345 host_copy_ms=0.011916 full_state_readback=0
resting_native_profile step=12640 command_ms=895.083458 gpu_ms=894.493250176 host_copy_ms=0.012667 full_state_readback=0
resting_native_profile step=12672 command_ms=898.341416 gpu_ms=897.738625295 host_copy_ms=0.02175 full_state_readback=0
resting_native_profile step=12704 command_ms=888.418125 gpu_ms=887.825333513 host_copy_ms=0.017333 full_state_readback=0
resting_native_profile step=12736 command_ms=893.397167 gpu_ms=892.853124999 host_copy_ms=0.016166 full_state_readback=0
resting_native_profile step=12768 command_ms=907.8505 gpu_ms=907.205333002 host_copy_ms=0.015166 full_state_readback=0
resting_native_profile step=12800 command_ms=893.532083 gpu_ms=892.959875055 host_copy_ms=0.014 full_state_readback=0
resting_native_profile step=12832 command_ms=896.2995 gpu_ms=896.051041782 host_copy_ms=0.013917 full_state_readback=0
resting_native_profile step=12864 command_ms=895.839417 gpu_ms=895.277083851 host_copy_ms=0.013291 full_state_readback=0
resting_native_profile step=12896 command_ms=894.389208 gpu_ms=893.822249956 host_copy_ms=0.015334 full_state_readback=0
resting_native_profile step=12928 command_ms=895.552958 gpu_ms=894.918167032 host_copy_ms=0.014167 full_state_readback=0
resting_native_profile step=12960 command_ms=892.208083 gpu_ms=891.572791152 host_copy_ms=0.019958 full_state_readback=0
resting_native_profile step=12992 command_ms=896.972917 gpu_ms=896.385958418 host_copy_ms=0.01425 full_state_readback=0
resting_native_profile step=13024 command_ms=895.6535 gpu_ms=895.074957982 host_copy_ms=0.019959 full_state_readback=0
resting_native_profile step=13056 command_ms=898.170875 gpu_ms=897.643540986 host_copy_ms=0.013792 full_state_readback=0
resting_native_profile step=13088 command_ms=901.718125 gpu_ms=901.182625443 host_copy_ms=0.018334 full_state_readback=0
resting_native_profile step=13120 command_ms=902.628375 gpu_ms=902.036291547 host_copy_ms=0.015542 full_state_readback=0
resting_native_profile step=13152 command_ms=898.424875 gpu_ms=897.842291743 host_copy_ms=0.015625 full_state_readback=0
resting_native_profile step=13184 command_ms=891.706125 gpu_ms=891.167874448 host_copy_ms=0.012042 full_state_readback=0
resting_native_profile step=13216 command_ms=900.70525 gpu_ms=900.045500137 host_copy_ms=0.012375 full_state_readback=0
resting_native_profile step=13248 command_ms=898.925625 gpu_ms=898.298875429 host_copy_ms=0.011917 full_state_readback=0
resting_native_profile step=13280 command_ms=893.131584 gpu_ms=892.567791976 host_copy_ms=0.016458 full_state_readback=0
resting_native_profile step=13312 command_ms=903.395209 gpu_ms=902.775375172 host_copy_ms=0.01225 full_state_readback=0
resting_native_profile step=13344 command_ms=898.066125 gpu_ms=897.516833618 host_copy_ms=0.018458 full_state_readback=0
resting_native_profile step=13376 command_ms=901.551667 gpu_ms=900.91787558 host_copy_ms=0.021708 full_state_readback=0
resting_native_profile step=13408 command_ms=900.108334 gpu_ms=899.415958673 host_copy_ms=0.014041 full_state_readback=0
resting_native_profile step=13440 command_ms=889.294917 gpu_ms=888.648916967 host_copy_ms=0.014917 full_state_readback=0
resting_native_profile step=13472 command_ms=885.774666 gpu_ms=885.242125019 host_copy_ms=0.01475 full_state_readback=0
resting_native_profile step=13504 command_ms=900.540291 gpu_ms=899.801749736 host_copy_ms=0.014084 full_state_readback=0
resting_native_profile step=13536 command_ms=896.032583 gpu_ms=895.382124931 host_copy_ms=0.013542 full_state_readback=0
resting_native_profile step=13568 command_ms=905.336875 gpu_ms=904.682916589 host_copy_ms=0.014125 full_state_readback=0
resting_native_profile step=13600 command_ms=890.163375 gpu_ms=889.971958473 host_copy_ms=0.015209 full_state_readback=0
resting_native_profile step=13632 command_ms=901.4315 gpu_ms=900.783749297 host_copy_ms=0.014333 full_state_readback=0
resting_native_profile step=13664 command_ms=896.215417 gpu_ms=895.605333149 host_copy_ms=0.017333 full_state_readback=0
resting_native_profile step=13696 command_ms=902.821 gpu_ms=902.229041792 host_copy_ms=0.013959 full_state_readback=0
resting_native_profile step=13728 command_ms=891.343 gpu_ms=890.758332796 host_copy_ms=0.01925 full_state_readback=0
resting_native_profile step=13760 command_ms=894.032583 gpu_ms=893.444749527 host_copy_ms=0.018292 full_state_readback=0
resting_native_profile step=13792 command_ms=901.168417 gpu_ms=900.499874726 host_copy_ms=0.016333 full_state_readback=0
resting_native_profile step=13824 command_ms=897.086708 gpu_ms=896.487792023 host_copy_ms=0.005292 full_state_readback=0
resting_native_profile step=13856 command_ms=901.7695 gpu_ms=901.190750301 host_copy_ms=0.015375 full_state_readback=0
resting_native_profile step=13888 command_ms=901.585708 gpu_ms=901.040041819 host_copy_ms=0.011458 full_state_readback=0
resting_native_profile step=13920 command_ms=900.451417 gpu_ms=899.850375019 host_copy_ms=0.011875 full_state_readback=0
resting_native_profile step=13952 command_ms=892.919292 gpu_ms=892.233542167 host_copy_ms=0.011333 full_state_readback=0
resting_native_profile step=13984 command_ms=901.68175 gpu_ms=901.091958396 host_copy_ms=0.012333 full_state_readback=0
resting_native_profile step=14016 command_ms=898.696459 gpu_ms=898.089749739 host_copy_ms=0.013958 full_state_readback=0
resting_native_profile step=14048 command_ms=900.219042 gpu_ms=899.570249952 host_copy_ms=0.013542 full_state_readback=0
resting_native_profile step=14080 command_ms=892.319417 gpu_ms=891.743333079 host_copy_ms=0.022708 full_state_readback=0
resting_native_profile step=14112 command_ms=901.056458 gpu_ms=900.407541543 host_copy_ms=0.01475 full_state_readback=0
resting_native_profile step=14144 command_ms=890.207417 gpu_ms=889.651166275 host_copy_ms=0.015875 full_state_readback=0
resting_native_profile step=14176 command_ms=893.860375 gpu_ms=893.250000663 host_copy_ms=0.015125 full_state_readback=0
resting_native_profile step=14208 command_ms=898.262792 gpu_ms=897.679208778 host_copy_ms=0.013833 full_state_readback=0
resting_native_profile step=14240 command_ms=902.497584 gpu_ms=901.889958419 host_copy_ms=0.012208 full_state_readback=0
resting_native_profile step=14272 command_ms=895.8475 gpu_ms=895.237625577 host_copy_ms=0.015167 full_state_readback=0
resting_native_profile step=14304 command_ms=906.601875 gpu_ms=906.021374278 host_copy_ms=0.014709 full_state_readback=0
resting_native_profile step=14336 command_ms=888.855834 gpu_ms=888.604833744 host_copy_ms=0.008583 full_state_readback=0
resting_native_profile step=14368 command_ms=893.559416 gpu_ms=892.940875143 host_copy_ms=0.005375 full_state_readback=0
resting_native_profile step=14400 command_ms=887.906375 gpu_ms=887.367750518 host_copy_ms=0.005167 full_state_readback=0
resting_native_profile step=14432 command_ms=890.483167 gpu_ms=889.93095886 host_copy_ms=0.008625 full_state_readback=0
resting_native_profile step=14464 command_ms=890.025958 gpu_ms=889.387167059 host_copy_ms=0.008417 full_state_readback=0
resting_native_profile step=14496 command_ms=892.22825 gpu_ms=891.69554133 host_copy_ms=0.005542 full_state_readback=0
resting_native_profile step=14528 command_ms=890.482125 gpu_ms=889.948124997 host_copy_ms=0.005291 full_state_readback=0
resting_native_profile step=14560 command_ms=892.48375 gpu_ms=891.810791567 host_copy_ms=0.00525 full_state_readback=0
resting_native_profile step=14592 command_ms=891.107167 gpu_ms=890.480708331 host_copy_ms=0.005375 full_state_readback=0
resting_native_profile step=14624 command_ms=885.458375 gpu_ms=884.903416969 host_copy_ms=0.005167 full_state_readback=0
resting_native_profile step=14656 command_ms=884.719833 gpu_ms=884.10570845 host_copy_ms=0.007917 full_state_readback=0
resting_native_profile step=14688 command_ms=891.377208 gpu_ms=890.831999481 host_copy_ms=0.005959 full_state_readback=0
resting_native_profile step=14720 command_ms=883.180958 gpu_ms=882.645250298 host_copy_ms=0.005375 full_state_readback=0
resting_native_profile step=14752 command_ms=902.957792 gpu_ms=902.402125299 host_copy_ms=0.005333 full_state_readback=0
resting_native_profile step=14784 command_ms=895.271167 gpu_ms=894.670750014 host_copy_ms=0.007583 full_state_readback=0
resting_native_profile step=14816 command_ms=895.174083 gpu_ms=894.562667236 host_copy_ms=0.015959 full_state_readback=0
resting_native_profile step=14848 command_ms=902.427833 gpu_ms=901.791875251 host_copy_ms=0.015208 full_state_readback=0
resting_native_profile step=14880 command_ms=894.773 gpu_ms=894.18491628 host_copy_ms=0.012167 full_state_readback=0
resting_native_profile step=14912 command_ms=900.117959 gpu_ms=899.469333701 host_copy_ms=0.015875 full_state_readback=0
resting_native_profile step=14944 command_ms=895.874458 gpu_ms=895.325125195 host_copy_ms=0.014917 full_state_readback=0
resting_native_profile step=14976 command_ms=896.376458 gpu_ms=895.795375109 host_copy_ms=0.014875 full_state_readback=0
resting_native_profile step=15008 command_ms=892.825541 gpu_ms=892.176249996 host_copy_ms=0.014667 full_state_readback=0
resting_native_profile step=15040 command_ms=895.141917 gpu_ms=894.567125477 host_copy_ms=0.0135 full_state_readback=0
resting_native_profile step=15072 command_ms=895.020792 gpu_ms=894.466250204 host_copy_ms=0.011625 full_state_readback=0
resting_native_profile step=15104 command_ms=891.498417 gpu_ms=890.911375172 host_copy_ms=0.011667 full_state_readback=0
resting_native_profile step=15136 command_ms=899.284125 gpu_ms=898.697249591 host_copy_ms=0.016875 full_state_readback=0
resting_native_profile step=15168 command_ms=895.1295 gpu_ms=894.487374462 host_copy_ms=0.010708 full_state_readback=0
resting_native_profile step=15200 command_ms=894.161333 gpu_ms=893.600583076 host_copy_ms=0.011 full_state_readback=0
resting_native_profile step=15232 command_ms=894.286375 gpu_ms=893.643833697 host_copy_ms=0.010666 full_state_readback=0
resting_native_profile step=15264 command_ms=902.571167 gpu_ms=901.907666586 host_copy_ms=0.013333 full_state_readback=0
resting_native_profile step=15296 command_ms=896.536084 gpu_ms=895.935875364 host_copy_ms=0.017583 full_state_readback=0
resting_native_profile step=15328 command_ms=900.184958 gpu_ms=899.988374673 host_copy_ms=0.016542 full_state_readback=0
resting_native_profile step=15360 command_ms=896.649709 gpu_ms=896.033916622 host_copy_ms=0.014791 full_state_readback=0
resting_native_profile step=15392 command_ms=897.618792 gpu_ms=896.984416991 host_copy_ms=0.015 full_state_readback=0
resting_native_profile step=15424 command_ms=893.783541 gpu_ms=893.200416118 host_copy_ms=0.011875 full_state_readback=0
resting_native_profile step=15456 command_ms=895.139209 gpu_ms=894.523457624 host_copy_ms=0.015125 full_state_readback=0
resting_native_profile step=15488 command_ms=895.125458 gpu_ms=894.508666359 host_copy_ms=0.022167 full_state_readback=0
resting_native_profile step=15520 command_ms=896.868667 gpu_ms=896.290999837 host_copy_ms=0.008542 full_state_readback=0
resting_native_profile step=15552 command_ms=892.625459 gpu_ms=891.957500018 host_copy_ms=0.00825 full_state_readback=0
resting_native_profile step=15584 command_ms=894.328416 gpu_ms=893.799625337 host_copy_ms=0.008917 full_state_readback=0
resting_native_profile step=15616 command_ms=898.508208 gpu_ms=898.334749974 host_copy_ms=0.008209 full_state_readback=0
resting_native_profile step=15648 command_ms=884.2195 gpu_ms=883.688500151 host_copy_ms=0.006 full_state_readback=0
resting_native_profile step=15680 command_ms=889.843625 gpu_ms=889.284458011 host_copy_ms=0.006166 full_state_readback=0
resting_native_profile step=15712 command_ms=893.26325 gpu_ms=893.043708056 host_copy_ms=0.005542 full_state_readback=0
resting_native_profile step=15744 command_ms=886.461209 gpu_ms=885.84370818 host_copy_ms=0.006416 full_state_readback=0
resting_native_profile step=15776 command_ms=898.79425 gpu_ms=898.184083402 host_copy_ms=0.007417 full_state_readback=0
resting_native_profile step=15808 command_ms=896.041625 gpu_ms=895.369083621 host_copy_ms=0.009 full_state_readback=0
resting_native_profile step=15840 command_ms=896.691625 gpu_ms=896.085957997 host_copy_ms=0.012 full_state_readback=0
resting_native_profile step=15872 command_ms=889.824625 gpu_ms=889.198208228 host_copy_ms=0.005333 full_state_readback=0
resting_native_profile step=15904 command_ms=892.411333 gpu_ms=891.842332669 host_copy_ms=0.005375 full_state_readback=0
resting_native_profile step=15936 command_ms=895.548542 gpu_ms=894.862874411 host_copy_ms=0.017625 full_state_readback=0
resting_native_profile step=15968 command_ms=889.509333 gpu_ms=888.853958808 host_copy_ms=0.009958 full_state_readback=0
resting_native_profile step=16000 command_ms=888.877209 gpu_ms=888.333416544 host_copy_ms=0.009208 full_state_readback=0
accepted_geometry_export=/Users/n/numi-human-resting-evidence-20261005/native-drive-study-100/study/trials/resting-baseline/output/scene/accepted-geometry/step-15999.mrvpack receipt=/Users/n/numi-human-resting-evidence-20261005/native-drive-study-100/study/trials/resting-baseline/output/scene/accepted-geometry/step-15999.receipt.json accepted_root=0x5989a688c324e461 pack_sha256=f30dfe4cc0af6c462e0edc4611da8a4466215fc9cb563193a66c91d9456d26ec receipt_sha256=3f4476471a92614c4a4f0fdd12aad7a8bcec7160c728144ce4151b0632f418b5
resting_native_profile step=16032 command_ms=901.073834 gpu_ms=900.562833063 host_copy_ms=0.010375 full_state_readback=0
resting_native_profile step=16064 command_ms=889.486583 gpu_ms=888.814499602 host_copy_ms=0.007917 full_state_readback=0
resting_native_profile step=16096 command_ms=896.402917 gpu_ms=895.83654236 host_copy_ms=0.010208 full_state_readback=0
resting_native_profile step=16128 command_ms=884.973958 gpu_ms=884.418874979 host_copy_ms=0.021167 full_state_readback=0
resting_native_profile step=16160 command_ms=899.268667 gpu_ms=898.614249192 host_copy_ms=0.021292 full_state_readback=0
resting_native_profile step=16192 command_ms=895.793708 gpu_ms=895.21829132 host_copy_ms=0.008208 full_state_readback=0
resting_native_profile step=16224 command_ms=892.769375 gpu_ms=892.182124779 host_copy_ms=0.005875 full_state_readback=0
resting_native_profile step=16256 command_ms=890.79225 gpu_ms=890.217541717 host_copy_ms=0.005542 full_state_readback=0
resting_native_profile step=16288 command_ms=894.685042 gpu_ms=894.069833681 host_copy_ms=0.006791 full_state_readback=0
resting_native_profile step=16320 command_ms=891.391291 gpu_ms=890.842500143 host_copy_ms=0.005625 full_state_readback=0
resting_native_profile step=16352 command_ms=896.256541 gpu_ms=895.633582957 host_copy_ms=0.006042 full_state_readback=0
resting_native_profile step=16384 command_ms=892.162333 gpu_ms=891.53575059 host_copy_ms=0.008334 full_state_readback=0
resting_native_profile step=16416 command_ms=904.708792 gpu_ms=904.181958176 host_copy_ms=0.005667 full_state_readback=0
resting_native_profile step=16448 command_ms=887.693541 gpu_ms=887.091999874 host_copy_ms=0.00825 full_state_readback=0
resting_native_profile step=16480 command_ms=890.894 gpu_ms=890.365208499 host_copy_ms=0.006167 full_state_readback=0
resting_native_profile step=16512 command_ms=895.570792 gpu_ms=895.025500096 host_copy_ms=0.008333 full_state_readback=0
resting_native_profile step=16544 command_ms=895.336458 gpu_ms=894.785292447 host_copy_ms=0.00525 full_state_readback=0
resting_native_profile step=16576 command_ms=892.526667 gpu_ms=891.941208392 host_copy_ms=0.005 full_state_readback=0
resting_native_profile step=16608 command_ms=898.302 gpu_ms=897.756333463 host_copy_ms=0.009 full_state_readback=0
resting_native_profile step=16640 command_ms=891.136417 gpu_ms=890.531833284 host_copy_ms=0.005625 full_state_readback=0
resting_native_profile step=16672 command_ms=893.787 gpu_ms=893.228749745 host_copy_ms=0.018083 full_state_readback=0
resting_native_profile step=16704 command_ms=905.232458 gpu_ms=904.918999411 host_copy_ms=0.014834 full_state_readback=0
resting_native_profile step=16736 command_ms=900.813917 gpu_ms=900.245250203 host_copy_ms=0.015958 full_state_readback=0
resting_native_profile step=16768 command_ms=908.254375 gpu_ms=907.634458505 host_copy_ms=0.014333 full_state_readback=0
resting_native_profile step=16800 command_ms=903.082917 gpu_ms=902.539125644 host_copy_ms=0.01175 full_state_readback=0
resting_native_profile step=16832 command_ms=905.209417 gpu_ms=904.57529109 host_copy_ms=0.015 full_state_readback=0
resting_native_profile step=16864 command_ms=899.329791 gpu_ms=899.131916463 host_copy_ms=0.020209 full_state_readback=0
resting_native_profile step=16896 command_ms=911.763583 gpu_ms=911.163375713 host_copy_ms=0.0115 full_state_readback=0
resting_native_profile step=16928 command_ms=903.865917 gpu_ms=903.278791346 host_copy_ms=0.011042 full_state_readback=0
resting_native_profile step=16960 command_ms=907.333 gpu_ms=906.757250428 host_copy_ms=0.011166 full_state_readback=0
resting_native_profile step=16992 command_ms=901.425416 gpu_ms=900.858166628 host_copy_ms=0.011209 full_state_readback=0
resting_native_profile step=17024 command_ms=907.489292 gpu_ms=906.861249357 host_copy_ms=0.013958 full_state_readback=0
resting_native_profile step=17056 command_ms=900.385792 gpu_ms=899.782041088 host_copy_ms=0.018667 full_state_readback=0
resting_native_profile step=17088 command_ms=907.919333 gpu_ms=907.340124249 host_copy_ms=0.015 full_state_readback=0
resting_native_profile step=17120 command_ms=912.175333 gpu_ms=911.523458548 host_copy_ms=0.015792 full_state_readback=0
resting_native_profile step=17152 command_ms=904.711792 gpu_ms=904.114750214 host_copy_ms=0.015208 full_state_readback=0
resting_native_profile step=17184 command_ms=899.782833 gpu_ms=899.231375195 host_copy_ms=0.014375 full_state_readback=0
resting_native_profile step=17216 command_ms=900.616417 gpu_ms=900.302874856 host_copy_ms=0.019708 full_state_readback=0
resting_native_profile step=17248 command_ms=899.253583 gpu_ms=898.676875047 host_copy_ms=0.0135 full_state_readback=0
resting_native_profile step=17280 command_ms=899.82125 gpu_ms=899.260041304 host_copy_ms=0.015708 full_state_readback=0
resting_native_profile step=17312 command_ms=880.01375 gpu_ms=879.449624568 host_copy_ms=0.011542 full_state_readback=0
resting_native_profile step=17344 command_ms=881.081959 gpu_ms=880.514792167 host_copy_ms=0.018041 full_state_readback=0
resting_native_profile step=17376 command_ms=887.5455 gpu_ms=886.926249601 host_copy_ms=0.015208 full_state_readback=0
resting_native_profile step=17408 command_ms=887.564292 gpu_ms=886.936999857 host_copy_ms=0.015333 full_state_readback=0
resting_native_profile step=17440 command_ms=891.956417 gpu_ms=891.414874233 host_copy_ms=0.014583 full_state_readback=0
resting_native_profile step=17472 command_ms=888.02375 gpu_ms=887.478999794 host_copy_ms=0.011625 full_state_readback=0
resting_native_profile step=17504 command_ms=878.713584 gpu_ms=878.11716646 host_copy_ms=0.010958 full_state_readback=0
resting_native_profile step=17536 command_ms=885.036875 gpu_ms=884.460000321 host_copy_ms=0.012541 full_state_readback=0
resting_native_profile step=17568 command_ms=881.176583 gpu_ms=880.538499914 host_copy_ms=0.016958 full_state_readback=0
resting_native_profile step=17600 command_ms=884.987083 gpu_ms=884.379166178 host_copy_ms=0.011834 full_state_readback=0
resting_native_profile step=17632 command_ms=888.309709 gpu_ms=887.739250436 host_copy_ms=0.014166 full_state_readback=0
resting_native_profile step=17664 command_ms=875.378292 gpu_ms=874.733750708 host_copy_ms=0.018291 full_state_readback=0
resting_native_profile step=17696 command_ms=891.120667 gpu_ms=890.529375523 host_copy_ms=0.015625 full_state_readback=0
resting_native_profile step=17728 command_ms=885.380167 gpu_ms=884.771999903 host_copy_ms=0.014833 full_state_readback=0
resting_native_profile step=17760 command_ms=878.366166 gpu_ms=877.757208422 host_copy_ms=0.01125 full_state_readback=0
resting_native_profile step=17792 command_ms=873.315416 gpu_ms=873.03987518 host_copy_ms=0.021 full_state_readback=0
resting_native_profile step=17824 command_ms=880.1325 gpu_ms=879.520749673 host_copy_ms=0.015583 full_state_readback=0
resting_native_profile step=17856 command_ms=883.830167 gpu_ms=883.187999949 host_copy_ms=0.014791 full_state_readback=0
resting_native_profile step=17888 command_ms=887.137417 gpu_ms=886.494750157 host_copy_ms=0.015041 full_state_readback=0
resting_native_profile step=17920 command_ms=883.582333 gpu_ms=883.391375653 host_copy_ms=0.020584 full_state_readback=0
resting_native_profile step=17952 command_ms=875.954916 gpu_ms=875.396375544 host_copy_ms=0.014084 full_state_readback=0
resting_native_profile step=17984 command_ms=874.82025 gpu_ms=874.219125137 host_copy_ms=0.015292 full_state_readback=0
resting_native_profile step=18016 command_ms=882.021334 gpu_ms=881.32874947 host_copy_ms=0.011583 full_state_readback=0
resting_native_profile step=18048 command_ms=884.235458 gpu_ms=883.593874983 host_copy_ms=0.010625 full_state_readback=0
resting_native_profile step=18080 command_ms=882.381542 gpu_ms=881.771707907 host_copy_ms=0.018375 full_state_readback=0
resting_native_profile step=18112 command_ms=880.566292 gpu_ms=879.991541617 host_copy_ms=0.015166 full_state_readback=0
resting_native_profile step=18144 command_ms=887.155334 gpu_ms=886.554624885 host_copy_ms=0.013708 full_state_readback=0
resting_native_profile step=18176 command_ms=888.592666 gpu_ms=888.000708073 host_copy_ms=0.011709 full_state_readback=0
resting_native_profile step=18208 command_ms=885.285584 gpu_ms=884.638125077 host_copy_ms=0.012833 full_state_readback=0
resting_native_profile step=18240 command_ms=876.083 gpu_ms=875.504541211 host_copy_ms=0.011958 full_state_readback=0
resting_native_profile step=18272 command_ms=894.193625 gpu_ms=893.521249294 host_copy_ms=0.021958 full_state_readback=0
resting_native_profile step=18304 command_ms=890.568167 gpu_ms=889.963666908 host_copy_ms=0.013167 full_state_readback=0
resting_native_profile step=18336 command_ms=887.813208 gpu_ms=887.621624395 host_copy_ms=0.014708 full_state_readback=0
resting_native_profile step=18368 command_ms=885.959833 gpu_ms=885.360375047 host_copy_ms=0.012875 full_state_readback=0
resting_native_profile step=18400 command_ms=882.928542 gpu_ms=882.284125313 host_copy_ms=0.014375 full_state_readback=0
resting_native_profile step=18432 command_ms=878.294917 gpu_ms=877.69150082 host_copy_ms=0.014042 full_state_readback=0
resting_native_profile step=18464 command_ms=874.532625 gpu_ms=873.865749687 host_copy_ms=0.012875 full_state_readback=0
resting_native_profile step=18496 command_ms=878.4655 gpu_ms=877.913208678 host_copy_ms=0.012125 full_state_readback=0
resting_native_profile step=18528 command_ms=884.51025 gpu_ms=884.309333749 host_copy_ms=0.011208 full_state_readback=0
resting_native_profile step=18560 command_ms=880.529292 gpu_ms=879.912124947 host_copy_ms=0.014208 full_state_readback=0
resting_native_profile step=18592 command_ms=885.224417 gpu_ms=884.608583525 host_copy_ms=0.014542 full_state_readback=0
resting_native_profile step=18624 command_ms=890.568208 gpu_ms=889.860666357 host_copy_ms=0.02075 full_state_readback=0
resting_native_profile step=18656 command_ms=875.48025 gpu_ms=874.793292023 host_copy_ms=0.015209 full_state_readback=0
resting_native_profile step=18688 command_ms=884.861166 gpu_ms=884.244708344 host_copy_ms=0.015292 full_state_readback=0
resting_native_profile step=18720 command_ms=882.835584 gpu_ms=882.285750471 host_copy_ms=0.014416 full_state_readback=0
resting_native_profile step=18752 command_ms=890.202542 gpu_ms=889.590625651 host_copy_ms=0.014208 full_state_readback=0
resting_native_profile step=18784 command_ms=887.540625 gpu_ms=886.943000369 host_copy_ms=0.014875 full_state_readback=0
resting_native_profile step=18816 command_ms=888.005375 gpu_ms=887.354750186 host_copy_ms=0.011709 full_state_readback=0
resting_native_profile step=18848 command_ms=886.370042 gpu_ms=885.722249746 host_copy_ms=0.014375 full_state_readback=0
resting_native_profile step=18880 command_ms=888.583625 gpu_ms=887.980250642 host_copy_ms=0.014167 full_state_readback=0
resting_native_profile step=18912 command_ms=888.268875 gpu_ms=887.713041157 host_copy_ms=0.01325 full_state_readback=0
resting_native_profile step=18944 command_ms=882.353833 gpu_ms=881.768999621 host_copy_ms=0.013542 full_state_readback=0
resting_native_profile step=18976 command_ms=871.884833 gpu_ms=871.329125017 host_copy_ms=0.011084 full_state_readback=0
resting_native_profile step=19008 command_ms=880.573958 gpu_ms=879.978916608 host_copy_ms=0.009209 full_state_readback=0
resting_native_profile step=19040 command_ms=878.474208 gpu_ms=877.852416597 host_copy_ms=0.008208 full_state_readback=0
resting_native_profile step=19072 command_ms=872.896375 gpu_ms=872.17687536 host_copy_ms=0.008667 full_state_readback=0
resting_native_profile step=19104 command_ms=880.461916 gpu_ms=879.792500287 host_copy_ms=0.012125 full_state_readback=0
resting_native_profile step=19136 command_ms=875.876542 gpu_ms=875.213542022 host_copy_ms=0.008666 full_state_readback=0
resting_native_profile step=19168 command_ms=875.099583 gpu_ms=874.880000018 host_copy_ms=0.009167 full_state_readback=0
resting_native_profile step=19200 command_ms=869.703708 gpu_ms=869.073708542 host_copy_ms=0.018125 full_state_readback=0
resting_native_profile step=19232 command_ms=887.211333 gpu_ms=886.644249782 host_copy_ms=0.015167 full_state_readback=0
resting_native_profile step=19264 command_ms=881.276458 gpu_ms=880.661124364 host_copy_ms=0.014209 full_state_readback=0
resting_native_profile step=19296 command_ms=888.096416 gpu_ms=887.491833419 host_copy_ms=0.013709 full_state_readback=0
resting_native_profile step=19328 command_ms=882.978 gpu_ms=882.737416774 host_copy_ms=0.014041 full_state_readback=0
resting_native_profile step=19360 command_ms=885.032333 gpu_ms=884.847833775 host_copy_ms=0.012625 full_state_readback=0
resting_native_profile step=19392 command_ms=890.2345 gpu_ms=889.640875161 host_copy_ms=0.012333 full_state_readback=0
resting_native_profile step=19424 command_ms=883.064375 gpu_ms=882.453958504 host_copy_ms=0.014958 full_state_readback=0
resting_native_profile step=19456 command_ms=883.959208 gpu_ms=883.374999277 host_copy_ms=0.013959 full_state_readback=0
resting_native_profile step=19488 command_ms=886.502167 gpu_ms=885.899417102 host_copy_ms=0.012083 full_state_readback=0
resting_native_profile step=19520 command_ms=886.942709 gpu_ms=886.302958243 host_copy_ms=0.011625 full_state_readback=0
resting_native_profile step=19552 command_ms=886.240667 gpu_ms=885.596750304 host_copy_ms=0.011666 full_state_readback=0
resting_native_profile step=19584 command_ms=882.063792 gpu_ms=881.479999982 host_copy_ms=0.011083 full_state_readback=0
resting_native_profile step=19616 command_ms=872.40525 gpu_ms=871.858291328 host_copy_ms=0.009583 full_state_readback=0
resting_native_profile step=19648 command_ms=864.897666 gpu_ms=864.334125072 host_copy_ms=0.006125 full_state_readback=0
resting_native_profile step=19680 command_ms=878.241541 gpu_ms=877.822875045 host_copy_ms=0.009084 full_state_readback=0
resting_native_profile step=19712 command_ms=869.954708 gpu_ms=869.400250725 host_copy_ms=0.005292 full_state_readback=0
resting_native_profile step=19744 command_ms=877.9505 gpu_ms=877.430291846 host_copy_ms=0.008917 full_state_readback=0
resting_native_profile step=19776 command_ms=881.10725 gpu_ms=880.910499953 host_copy_ms=0.005125 full_state_readback=0
resting_native_profile step=19808 command_ms=881.363834 gpu_ms=881.179000251 host_copy_ms=0.007916 full_state_readback=0
resting_native_profile step=19840 command_ms=871.595334 gpu_ms=871.06562499 host_copy_ms=0.007791 full_state_readback=0
resting_native_profile step=19872 command_ms=884.331542 gpu_ms=883.71012453 host_copy_ms=0.005708 full_state_readback=0
resting_native_profile step=19904 command_ms=881.828375 gpu_ms=881.266125478 host_copy_ms=0.005208 full_state_readback=0
resting_native_profile step=19936 command_ms=875.148833 gpu_ms=874.909250066 host_copy_ms=0.008709 full_state_readback=0
resting_native_profile step=19968 command_ms=871.773 gpu_ms=871.163999662 host_copy_ms=0.008208 full_state_readback=0
resting_native_profile step=20000 command_ms=875.072041 gpu_ms=874.528917484 host_copy_ms=0.005209 full_state_readback=0
resting_native_profile step=20032 command_ms=875.334875 gpu_ms=874.784083106 host_copy_ms=0.007708 full_state_readback=0
resting_native_profile step=20064 command_ms=876.408292 gpu_ms=875.787791796 host_copy_ms=0.005208 full_state_readback=0
resting_native_profile step=20096 command_ms=873.699792 gpu_ms=873.128624633 host_copy_ms=0.004875 full_state_readback=0
resting_native_profile step=20128 command_ms=871.703334 gpu_ms=871.18375022 host_copy_ms=0.007791 full_state_readback=0
resting_native_profile step=20160 command_ms=875.361625 gpu_ms=874.749541283 host_copy_ms=0.008917 full_state_readback=0
resting_native_profile step=20192 command_ms=881.69725 gpu_ms=881.164541468 host_copy_ms=0.007959 full_state_readback=0
resting_native_profile step=20224 command_ms=880.624125 gpu_ms=880.051749758 host_copy_ms=0.006041 full_state_readback=0
resting_native_profile step=20256 command_ms=869.690834 gpu_ms=869.064416736 host_copy_ms=0.008125 full_state_readback=0
resting_native_profile step=20288 command_ms=873.534792 gpu_ms=873.19462467 host_copy_ms=0.007667 full_state_readback=0
resting_native_profile step=20320 command_ms=880.738167 gpu_ms=880.110249855 host_copy_ms=0.008583 full_state_readback=0
resting_native_profile step=20352 command_ms=872.295083 gpu_ms=871.690666303 host_copy_ms=0.007209 full_state_readback=0
resting_native_profile step=20384 command_ms=877.492666 gpu_ms=876.959499903 host_copy_ms=0.012209 full_state_readback=0
resting_native_profile step=20416 command_ms=874.351083 gpu_ms=873.815291561 host_copy_ms=0.005459 full_state_readback=0
resting_native_profile step=20448 command_ms=880.45975 gpu_ms=879.921291023 host_copy_ms=0.005375 full_state_readback=0
resting_native_profile step=20480 command_ms=880.433375 gpu_ms=879.87729162 host_copy_ms=0.004917 full_state_readback=0
resting_native_profile step=20512 command_ms=880.006708 gpu_ms=879.444207996 host_copy_ms=0.005167 full_state_readback=0
resting_native_profile step=20544 command_ms=880.808958 gpu_ms=880.242249928 host_copy_ms=0.004833 full_state_readback=0
resting_native_profile step=20576 command_ms=877.020584 gpu_ms=876.82900019 host_copy_ms=0.007916 full_state_readback=0
resting_native_profile step=20608 command_ms=880.08775 gpu_ms=879.549000412 host_copy_ms=0.00675 full_state_readback=0
resting_native_profile step=20640 command_ms=874.2135 gpu_ms=873.647917062 host_copy_ms=0.007041 full_state_readback=0
resting_native_profile step=20672 command_ms=879.400333 gpu_ms=878.767792135 host_copy_ms=0.005834 full_state_readback=0
resting_native_profile step=20704 command_ms=876.977458 gpu_ms=876.367207617 host_copy_ms=0.007958 full_state_readback=0
resting_native_profile step=20736 command_ms=887.917334 gpu_ms=887.350208126 host_copy_ms=0.009333 full_state_readback=0
resting_native_profile step=20768 command_ms=874.557625 gpu_ms=874.020749703 host_copy_ms=0.005208 full_state_readback=0
resting_native_profile step=20800 command_ms=881.600709 gpu_ms=880.968624726 host_copy_ms=0.008416 full_state_readback=0
resting_native_profile step=20832 command_ms=880.63625 gpu_ms=880.034917034 host_copy_ms=0.005917 full_state_readback=0
resting_native_profile step=20864 command_ms=872.416375 gpu_ms=871.874375269 host_copy_ms=0.008042 full_state_readback=0
resting_native_profile step=20896 command_ms=879.807542 gpu_ms=879.25358396 host_copy_ms=0.0055 full_state_readback=0
resting_native_profile step=20928 command_ms=870.829792 gpu_ms=870.282875374 host_copy_ms=0.008166 full_state_readback=0
resting_native_profile step=20960 command_ms=881.967584 gpu_ms=881.386958063 host_copy_ms=0.007583 full_state_readback=0
resting_native_profile step=20992 command_ms=876.667584 gpu_ms=876.091416925 host_copy_ms=0.007333 full_state_readback=0
resting_native_profile step=21024 command_ms=882.222209 gpu_ms=881.632291712 host_copy_ms=0.009041 full_state_readback=0
resting_native_profile step=21056 command_ms=873.650959 gpu_ms=873.033707961 host_copy_ms=0.012 full_state_readback=0
resting_native_profile step=21088 command_ms=885.231709 gpu_ms=884.593875147 host_copy_ms=0.011 full_state_readback=0
resting_native_profile step=21120 command_ms=879.545875 gpu_ms=879.042791203 host_copy_ms=0.005208 full_state_readback=0
resting_native_profile step=21152 command_ms=876.468417 gpu_ms=876.300666481 host_copy_ms=0.00475 full_state_readback=0
resting_native_profile step=21184 command_ms=869.448625 gpu_ms=868.890292011 host_copy_ms=0.00575 full_state_readback=0
resting_native_profile step=21216 command_ms=884.370875 gpu_ms=883.828874677 host_copy_ms=0.005 full_state_readback=0
resting_native_profile step=21248 command_ms=873.561875 gpu_ms=872.935125604 host_copy_ms=0.008625 full_state_readback=0
resting_native_profile step=21280 command_ms=876.116125 gpu_ms=875.606000423 host_copy_ms=0.005 full_state_readback=0
resting_native_profile step=21312 command_ms=886.575583 gpu_ms=886.045957915 host_copy_ms=0.005458 full_state_readback=0
resting_native_profile step=21344 command_ms=882.552417 gpu_ms=882.011957467 host_copy_ms=0.004958 full_state_readback=0
resting_native_profile step=21376 command_ms=870.991 gpu_ms=870.384708047 host_copy_ms=0.005833 full_state_readback=0
resting_native_profile step=21408 command_ms=873.342083 gpu_ms=872.811375186 host_copy_ms=0.006542 full_state_readback=0
resting_native_profile step=21440 command_ms=888.258416 gpu_ms=887.627875432 host_copy_ms=0.011667 full_state_readback=0
resting_native_profile step=21472 command_ms=878.435125 gpu_ms=878.234291449 host_copy_ms=0.009333 full_state_readback=0
resting_native_profile step=21504 command_ms=873.437958 gpu_ms=872.816542163 host_copy_ms=0.009 full_state_readback=0
resting_native_profile step=21536 command_ms=880.264291 gpu_ms=879.712374881 host_copy_ms=0.005667 full_state_readback=0
resting_native_profile step=21568 command_ms=877.479375 gpu_ms=876.918750815 host_copy_ms=0.00825 full_state_readback=0
resting_native_profile step=21600 command_ms=877.736916 gpu_ms=877.541500144 host_copy_ms=0.007584 full_state_readback=0
resting_native_profile step=21632 command_ms=872.055667 gpu_ms=871.458957903 host_copy_ms=0.008833 full_state_readback=0
resting_native_profile step=21664 command_ms=869.980792 gpu_ms=869.323500432 host_copy_ms=0.023083 full_state_readback=0
resting_native_profile step=21696 command_ms=876.419541 gpu_ms=876.226999797 host_copy_ms=0.019 full_state_readback=0
resting_native_profile step=21728 command_ms=886.632292 gpu_ms=885.981249623 host_copy_ms=0.012542 full_state_readback=0
resting_native_profile step=21760 command_ms=884.624792 gpu_ms=884.044582956 host_copy_ms=0.012708 full_state_readback=0
resting_native_profile step=21792 command_ms=879.52425 gpu_ms=878.894125111 host_copy_ms=0.010625 full_state_readback=0
resting_native_profile step=21824 command_ms=882.840334 gpu_ms=882.185542025 host_copy_ms=0.007583 full_state_readback=0
resting_native_profile step=21856 command_ms=877.665792 gpu_ms=877.049749717 host_copy_ms=0.007125 full_state_readback=0
resting_native_profile step=21888 command_ms=876.628625 gpu_ms=875.996458344 host_copy_ms=0.00875 full_state_readback=0
resting_native_profile step=21920 command_ms=868.841417 gpu_ms=868.271917105 host_copy_ms=0.008375 full_state_readback=0
resting_native_profile step=21952 command_ms=876.907875 gpu_ms=876.311000437 host_copy_ms=0.020625 full_state_readback=0
resting_native_profile step=21984 command_ms=870.893583 gpu_ms=870.250999928 host_copy_ms=0.008667 full_state_readback=0
resting_native_profile step=22016 command_ms=877.9115 gpu_ms=877.342999913 host_copy_ms=0.009166 full_state_readback=0
resting_native_profile step=22048 command_ms=871.209708 gpu_ms=870.653124526 host_copy_ms=0.007375 full_state_readback=0
resting_native_profile step=22080 command_ms=879.264042 gpu_ms=878.619874828 host_copy_ms=0.007417 full_state_readback=0
resting_native_profile step=22112 command_ms=880.776875 gpu_ms=880.0863754 host_copy_ms=0.009041 full_state_readback=0
resting_native_profile step=22144 command_ms=874.972084 gpu_ms=874.314625748 host_copy_ms=0.011458 full_state_readback=0
resting_native_profile step=22176 command_ms=872.272084 gpu_ms=871.594250202 host_copy_ms=0.007291 full_state_readback=0
resting_native_profile step=22208 command_ms=877.811708 gpu_ms=877.270458266 host_copy_ms=0.007209 full_state_readback=0
resting_native_profile step=22240 command_ms=869.074416 gpu_ms=868.852457963 host_copy_ms=0.009084 full_state_readback=0
resting_native_profile step=22272 command_ms=877.516542 gpu_ms=876.848625019 host_copy_ms=0.009875 full_state_readback=0
resting_native_profile step=22304 command_ms=873.943375 gpu_ms=873.339749873 host_copy_ms=0.007375 full_state_readback=0
resting_native_profile step=22336 command_ms=875.058959 gpu_ms=874.388583004 host_copy_ms=0.007541 full_state_readback=0
resting_native_profile step=22368 command_ms=881.422709 gpu_ms=880.845708773 host_copy_ms=0.009208 full_state_readback=0
resting_native_profile step=22400 command_ms=873.176083 gpu_ms=872.506584041 host_copy_ms=0.008375 full_state_readback=0
resting_native_profile step=22432 command_ms=869.554667 gpu_ms=868.879916146 host_copy_ms=0.007666 full_state_readback=0
resting_native_profile step=22464 command_ms=869.076875 gpu_ms=868.476375006 host_copy_ms=0.009084 full_state_readback=0
resting_native_profile step=22496 command_ms=866.650958 gpu_ms=865.995417349 host_copy_ms=0.011084 full_state_readback=0
resting_native_profile step=22528 command_ms=873.999959 gpu_ms=873.374916613 host_copy_ms=0.008791 full_state_readback=0
resting_native_profile step=22560 command_ms=870.41775 gpu_ms=869.751624763 host_copy_ms=0.007125 full_state_readback=0
resting_native_profile step=22592 command_ms=882.158125 gpu_ms=881.593625061 host_copy_ms=0.008917 full_state_readback=0
resting_native_profile step=22624 command_ms=871.136 gpu_ms=870.521541685 host_copy_ms=0.023125 full_state_readback=0
resting_native_profile step=22656 command_ms=877.926667 gpu_ms=877.597999759 host_copy_ms=0.012958 full_state_readback=0
resting_native_profile step=22688 command_ms=876.208917 gpu_ms=875.59758313 host_copy_ms=0.018541 full_state_readback=0
resting_native_profile step=22720 command_ms=884.675875 gpu_ms=884.030958638 host_copy_ms=0.01225 full_state_readback=0
resting_native_profile step=22752 command_ms=879.569375 gpu_ms=879.010500386 host_copy_ms=0.012584 full_state_readback=0
resting_native_profile step=22784 command_ms=872.528125 gpu_ms=871.92704156 host_copy_ms=0.01625 full_state_readback=0
resting_native_profile step=22816 command_ms=878.610958 gpu_ms=878.007125109 host_copy_ms=0.012417 full_state_readback=0
resting_native_profile step=22848 command_ms=883.112083 gpu_ms=882.530749775 host_copy_ms=0.022125 full_state_readback=0
resting_native_profile step=22880 command_ms=874.778417 gpu_ms=874.050250277 host_copy_ms=0.013041 full_state_readback=0
resting_native_profile step=22912 command_ms=890.655958 gpu_ms=890.097624622 host_copy_ms=0.011667 full_state_readback=0
resting_native_profile step=22944 command_ms=878.726875 gpu_ms=878.084333614 host_copy_ms=0.012583 full_state_readback=0
resting_native_profile step=22976 command_ms=883.366125 gpu_ms=882.7100005 host_copy_ms=0.011583 full_state_readback=0
resting_native_profile step=23008 command_ms=877.673958 gpu_ms=877.124083228 host_copy_ms=0.034292 full_state_readback=0
resting_native_profile step=23040 command_ms=872.709833 gpu_ms=872.089833952 host_copy_ms=0.011334 full_state_readback=0
resting_native_profile step=23072 command_ms=884.323333 gpu_ms=883.739874698 host_copy_ms=0.018375 full_state_readback=0
resting_native_profile step=23104 command_ms=883.603792 gpu_ms=883.012874983 host_copy_ms=0.012 full_state_readback=0
resting_native_profile step=23136 command_ms=878.99225 gpu_ms=878.349375911 host_copy_ms=0.01325 full_state_readback=0
resting_native_profile step=23168 command_ms=878.584333 gpu_ms=877.952583134 host_copy_ms=0.015875 full_state_readback=0
resting_native_profile step=23200 command_ms=887.886875 gpu_ms=887.299125083 host_copy_ms=0.016458 full_state_readback=0
resting_native_profile step=23232 command_ms=878.313542 gpu_ms=877.722334117 host_copy_ms=0.019708 full_state_readback=0
resting_native_profile step=23264 command_ms=890.167042 gpu_ms=889.51625023 host_copy_ms=0.012375 full_state_readback=0
resting_native_profile step=23296 command_ms=880.155416 gpu_ms=879.570624791 host_copy_ms=0.012875 full_state_readback=0
resting_native_profile step=23328 command_ms=864.592667 gpu_ms=864.008625038 host_copy_ms=0.015208 full_state_readback=0
resting_native_profile step=23360 command_ms=887.488125 gpu_ms=886.889583431 host_copy_ms=0.012625 full_state_readback=0
resting_native_profile step=23392 command_ms=885.891833 gpu_ms=885.286124423 host_copy_ms=0.016167 full_state_readback=0
resting_native_profile step=23424 command_ms=878.156959 gpu_ms=877.618124709 host_copy_ms=0.014166 full_state_readback=0
resting_native_profile step=23456 command_ms=883.845833 gpu_ms=883.286749944 host_copy_ms=0.014584 full_state_readback=0
resting_native_profile step=23488 command_ms=880.681541 gpu_ms=880.124624819 host_copy_ms=0.017834 full_state_readback=0
resting_native_profile step=23520 command_ms=884.723125 gpu_ms=884.126958437 host_copy_ms=0.012083 full_state_readback=0
resting_native_profile step=23552 command_ms=873.790667 gpu_ms=873.147249222 host_copy_ms=0.022416 full_state_readback=0
resting_native_profile step=23584 command_ms=881.167292 gpu_ms=880.595250055 host_copy_ms=0.011583 full_state_readback=0
resting_native_profile step=23616 command_ms=875.937417 gpu_ms=875.378749333 host_copy_ms=0.01125 full_state_readback=0
resting_native_profile step=23648 command_ms=878.732792 gpu_ms=878.201999702 host_copy_ms=0.017958 full_state_readback=0
resting_native_profile step=23680 command_ms=888.726 gpu_ms=888.527249917 host_copy_ms=0.012375 full_state_readback=0
resting_native_profile step=23712 command_ms=876.1905 gpu_ms=875.5382495 host_copy_ms=0.016667 full_state_readback=0
resting_native_profile step=23744 command_ms=880.387041 gpu_ms=879.822124727 host_copy_ms=0.015667 full_state_readback=0
resting_native_profile step=23776 command_ms=884.306833 gpu_ms=883.743417449 host_copy_ms=0.008375 full_state_readback=0
resting_native_profile step=23808 command_ms=875.938166 gpu_ms=875.330749899 host_copy_ms=0.008792 full_state_readback=0
resting_native_profile step=23840 command_ms=878.925041 gpu_ms=878.339958377 host_copy_ms=0.008792 full_state_readback=0
resting_native_profile step=23872 command_ms=878.46625 gpu_ms=877.857625484 host_copy_ms=0.008125 full_state_readback=0
resting_native_profile step=23904 command_ms=868.614791 gpu_ms=868.039041758 host_copy_ms=0.012459 full_state_readback=0
resting_native_profile step=23936 command_ms=871.421083 gpu_ms=870.800875127 host_copy_ms=0.008334 full_state_readback=0
resting_native_profile step=23968 command_ms=875.697125 gpu_ms=875.094541349 host_copy_ms=0.008625 full_state_readback=0
resting_native_profile step=24000 command_ms=874.790292 gpu_ms=874.572374858 host_copy_ms=0.008333 full_state_readback=0
resting_native_profile step=24032 command_ms=871.755625 gpu_ms=871.098499745 host_copy_ms=0.009542 full_state_readback=0
resting_native_profile step=24064 command_ms=877.235083 gpu_ms=876.665541902 host_copy_ms=0.009333 full_state_readback=0
resting_native_profile step=24096 command_ms=876.02625 gpu_ms=875.486750156 host_copy_ms=0.007416 full_state_readback=0
resting_native_profile step=24128 command_ms=881.304708 gpu_ms=881.105083041 host_copy_ms=0.008167 full_state_readback=0
resting_native_profile step=24160 command_ms=879.254167 gpu_ms=879.0515 host_copy_ms=0.007041 full_state_readback=0
resting_native_profile step=24192 command_ms=879.457292 gpu_ms=879.259999841 host_copy_ms=0.0085 full_state_readback=0
resting_native_profile step=24224 command_ms=878.425875 gpu_ms=877.818250097 host_copy_ms=0.005292 full_state_readback=0
resting_native_profile step=24256 command_ms=880.615541 gpu_ms=880.056374706 host_copy_ms=0.007959 full_state_readback=0
resting_native_profile step=24288 command_ms=872.999541 gpu_ms=872.446875088 host_copy_ms=0.00575 full_state_readback=0
resting_native_profile step=24320 command_ms=879.029667 gpu_ms=878.396208398 host_copy_ms=0.004875 full_state_readback=0
resting_native_profile step=24352 command_ms=876.431042 gpu_ms=875.871749595 host_copy_ms=0.005041 full_state_readback=0
resting_native_profile step=24384 command_ms=875.297666 gpu_ms=874.753499404 host_copy_ms=0.004792 full_state_readback=0
resting_native_profile step=24416 command_ms=877.671417 gpu_ms=877.105291933 host_copy_ms=0.009208 full_state_readback=0
resting_native_profile step=24448 command_ms=874.76375 gpu_ms=874.153583311 host_copy_ms=0.006167 full_state_readback=0
resting_native_profile step=24480 command_ms=882.375167 gpu_ms=881.817125715 host_copy_ms=0.0055 full_state_readback=0
resting_native_profile step=24512 command_ms=877.789667 gpu_ms=877.168875188 host_copy_ms=0.00775 full_state_readback=0
resting_native_profile step=24544 command_ms=881.011375 gpu_ms=880.322458223 host_copy_ms=0.019666 full_state_readback=0
resting_native_profile step=24576 command_ms=885.759083 gpu_ms=885.109208524 host_copy_ms=0.012875 full_state_readback=0
resting_native_profile step=24608 command_ms=872.820125 gpu_ms=872.569625266 host_copy_ms=0.025375 full_state_readback=0
resting_native_profile step=24640 command_ms=885.975333 gpu_ms=885.319458321 host_copy_ms=0.013375 full_state_readback=0
resting_native_profile step=24672 command_ms=874.970333 gpu_ms=874.331000261 host_copy_ms=0.016084 full_state_readback=0
resting_native_profile step=24704 command_ms=881.683791 gpu_ms=880.995458923 host_copy_ms=0.020084 full_state_readback=0
resting_native_profile step=24736 command_ms=888.616125 gpu_ms=887.983749621 host_copy_ms=0.01425 full_state_readback=0
resting_native_profile step=24768 command_ms=872.821875 gpu_ms=872.234750539 host_copy_ms=0.008292 full_state_readback=0
resting_native_profile step=24800 command_ms=874.358625 gpu_ms=873.782750219 host_copy_ms=0.008958 full_state_readback=0
resting_native_profile step=24832 command_ms=875.77925 gpu_ms=875.23166649 host_copy_ms=0.007333 full_state_readback=0
resting_native_profile step=24864 command_ms=878.158041 gpu_ms=877.572624944 host_copy_ms=0.01975 full_state_readback=0
resting_native_profile step=24896 command_ms=891.168625 gpu_ms=890.605416149 host_copy_ms=0.015917 full_state_readback=0
resting_native_profile step=24928 command_ms=895.348958 gpu_ms=894.713999704 host_copy_ms=0.014375 full_state_readback=0
resting_native_profile step=24960 command_ms=885.42625 gpu_ms=884.83391609 host_copy_ms=0.020875 full_state_readback=0
resting_native_profile step=24992 command_ms=886.106042 gpu_ms=885.489791632 host_copy_ms=0.01425 full_state_readback=0
accepted_geometry_export=/Users/n/numi-human-resting-evidence-20261005/native-drive-study-100/study/trials/resting-baseline/output/scene/accepted-geometry/step-24991.mrvpack receipt=/Users/n/numi-human-resting-evidence-20261005/native-drive-study-100/study/trials/resting-baseline/output/scene/accepted-geometry/step-24991.receipt.json accepted_root=0xfd1a0a23bb634601 pack_sha256=da7e6f9dbe4bcf37fa968527e76601c378decbf029f67da0a8a8dfc3382f7db5 receipt_sha256=0b35a1959e800eb236bd48ccc0ecaea9f604e4c4b8b1132e4c964d643ddd2b9d
resting_native_profile step=25024 command_ms=895.591167 gpu_ms=895.079749636 host_copy_ms=0.01525 full_state_readback=0
resting_native_profile step=25056 command_ms=884.397291 gpu_ms=883.765582927 host_copy_ms=0.012 full_state_readback=0
resting_native_profile step=25088 command_ms=893.476208 gpu_ms=892.943957821 host_copy_ms=0.011375 full_state_readback=0
resting_native_profile step=25120 command_ms=886.479583 gpu_ms=885.890416801 host_copy_ms=0.011875 full_state_readback=0
resting_native_profile step=25152 command_ms=880.546833 gpu_ms=879.885083064 host_copy_ms=0.0185 full_state_readback=0
resting_native_profile step=25184 command_ms=878.730667 gpu_ms=878.136791289 host_copy_ms=0.017541 full_state_readback=0
resting_native_profile step=25216 command_ms=888.3225 gpu_ms=887.659083121 host_copy_ms=0.015583 full_state_readback=0
resting_native_profile step=25248 command_ms=893.190917 gpu_ms=892.571832985 host_copy_ms=0.015125 full_state_readback=0
resting_native_profile step=25280 command_ms=883.206958 gpu_ms=882.61900004 host_copy_ms=0.008834 full_state_readback=0
resting_native_profile step=25312 command_ms=894.305209 gpu_ms=893.67024973 host_copy_ms=0.014458 full_state_readback=0
resting_native_profile step=25344 command_ms=885.548792 gpu_ms=884.93000064 host_copy_ms=0.013958 full_state_readback=0
resting_native_profile step=25376 command_ms=879.673709 gpu_ms=879.093291238 host_copy_ms=0.013791 full_state_readback=0
resting_native_profile step=25408 command_ms=891.73525 gpu_ms=891.152375378 host_copy_ms=0.015542 full_state_readback=0
resting_native_profile step=25440 command_ms=887.559375 gpu_ms=886.92179136 host_copy_ms=0.014917 full_state_readback=0
resting_native_profile step=25472 command_ms=881.829625 gpu_ms=881.659374572 host_copy_ms=0.014917 full_state_readback=0
resting_native_profile step=25504 command_ms=885.430792 gpu_ms=885.238124989 host_copy_ms=0.017167 full_state_readback=0
resting_native_profile step=25536 command_ms=894.375292 gpu_ms=893.800874241 host_copy_ms=0.012291 full_state_readback=0
resting_native_profile step=25568 command_ms=871.5025 gpu_ms=871.30737491 host_copy_ms=0.008916 full_state_readback=0
resting_native_profile step=25600 command_ms=877.61525 gpu_ms=876.981458627 host_copy_ms=0.014375 full_state_readback=0
resting_native_profile step=25632 command_ms=880.692584 gpu_ms=880.059124902 host_copy_ms=0.02325 full_state_readback=0
resting_native_profile step=25664 command_ms=874.78625 gpu_ms=874.123875052 host_copy_ms=0.009333 full_state_readback=0
resting_native_profile step=25696 command_ms=879.941833 gpu_ms=879.26366739 host_copy_ms=0.009542 full_state_readback=0
resting_native_profile step=25728 command_ms=877.917583 gpu_ms=877.24116724 host_copy_ms=0.008583 full_state_readback=0
resting_native_profile step=25760 command_ms=876.25275 gpu_ms=875.652625225 host_copy_ms=0.009209 full_state_readback=0
resting_native_profile step=25792 command_ms=877.557375 gpu_ms=877.016374841 host_copy_ms=0.007917 full_state_readback=0
resting_native_profile step=25824 command_ms=878.551292 gpu_ms=878.355249763 host_copy_ms=0.014208 full_state_readback=0
resting_native_profile step=25856 command_ms=881.092333 gpu_ms=880.521042272 host_copy_ms=0.005875 full_state_readback=0
resting_native_profile step=25888 command_ms=875.274167 gpu_ms=874.986125156 host_copy_ms=0.005958 full_state_readback=0
resting_native_profile step=25920 command_ms=878.424917 gpu_ms=877.812250517 host_copy_ms=0.01675 full_state_readback=0
resting_native_profile step=25952 command_ms=898.727084 gpu_ms=898.077833466 host_copy_ms=0.015666 full_state_readback=0
resting_native_profile step=25984 command_ms=885.833458 gpu_ms=885.189582594 host_copy_ms=0.020917 full_state_readback=0
resting_native_profile step=26016 command_ms=881.770042 gpu_ms=881.24337513 host_copy_ms=0.011458 full_state_readback=0
resting_native_profile step=26048 command_ms=868.287042 gpu_ms=867.7438749 host_copy_ms=0.018792 full_state_readback=0
resting_native_profile step=26080 command_ms=885.250291 gpu_ms=884.59275011 host_copy_ms=0.013084 full_state_readback=0
resting_native_profile step=26112 command_ms=883.031 gpu_ms=882.435999811 host_copy_ms=0.011875 full_state_readback=0
resting_native_profile step=26144 command_ms=877.625042 gpu_ms=876.998791471 host_copy_ms=0.012833 full_state_readback=0
resting_native_profile step=26176 command_ms=883.662959 gpu_ms=883.102249354 host_copy_ms=0.015375 full_state_readback=0
resting_native_profile step=26208 command_ms=893.432208 gpu_ms=892.829124816 host_copy_ms=0.0145 full_state_readback=0
resting_native_profile step=26240 command_ms=886.034958 gpu_ms=885.449625552 host_copy_ms=0.012458 full_state_readback=0
resting_native_profile step=26272 command_ms=887.054417 gpu_ms=886.481499299 host_copy_ms=0.013833 full_state_readback=0
resting_native_profile step=26304 command_ms=890.307 gpu_ms=889.664958231 host_copy_ms=0.014125 full_state_readback=0
resting_native_profile step=26336 command_ms=888.490208 gpu_ms=887.920958921 host_copy_ms=0.019875 full_state_readback=0
resting_native_profile step=26368 command_ms=888.99375 gpu_ms=888.339125551 host_copy_ms=0.015209 full_state_readback=0
resting_native_profile step=26400 command_ms=884.0005 gpu_ms=883.444958366 host_copy_ms=0.013833 full_state_readback=0
resting_native_profile step=26432 command_ms=881.983917 gpu_ms=881.407417357 host_copy_ms=0.009583 full_state_readback=0
resting_native_profile step=26464 command_ms=880.191791 gpu_ms=879.592708312 host_copy_ms=0.0095 full_state_readback=0
resting_native_profile step=26496 command_ms=873.862166 gpu_ms=873.183708638 host_copy_ms=0.009459 full_state_readback=0
resting_native_profile step=26528 command_ms=872.245792 gpu_ms=871.561833657 host_copy_ms=0.0105 full_state_readback=0
resting_native_profile step=26560 command_ms=880.141709 gpu_ms=879.584167153 host_copy_ms=0.009916 full_state_readback=0
resting_native_profile step=26592 command_ms=888.19125 gpu_ms=887.581042014 host_copy_ms=0.008625 full_state_readback=0
resting_native_profile step=26624 command_ms=872.724667 gpu_ms=872.52762448 host_copy_ms=0.008542 full_state_readback=0
resting_native_profile step=26656 command_ms=881.240333 gpu_ms=880.623499863 host_copy_ms=0.010542 full_state_readback=0
resting_native_profile step=26688 command_ms=879.322209 gpu_ms=878.640916198 host_copy_ms=0.02425 full_state_readback=0
resting_native_profile step=26720 command_ms=886.5285 gpu_ms=885.939208791 host_copy_ms=0.015958 full_state_readback=0
resting_native_profile step=26752 command_ms=894.039791 gpu_ms=893.459375016 host_copy_ms=0.014459 full_state_readback=0
resting_native_profile step=26784 command_ms=885.662083 gpu_ms=885.065541603 host_copy_ms=0.014542 full_state_readback=0
resting_native_profile step=26816 command_ms=891.412959 gpu_ms=890.833874233 host_copy_ms=0.014041 full_state_readback=0
resting_native_profile step=26848 command_ms=889.643791 gpu_ms=889.125124551 host_copy_ms=0.005334 full_state_readback=0
resting_native_profile step=26880 command_ms=882.420708 gpu_ms=881.738749333 host_copy_ms=0.017917 full_state_readback=0
resting_native_profile step=26912 command_ms=881.667542 gpu_ms=881.044916809 host_copy_ms=0.015542 full_state_readback=0
resting_native_profile step=26944 command_ms=887.418833 gpu_ms=886.811458506 host_copy_ms=0.015375 full_state_readback=0
resting_native_profile step=26976 command_ms=891.240042 gpu_ms=890.654250048 host_copy_ms=0.015333 full_state_readback=0
resting_native_profile step=27008 command_ms=892.119583 gpu_ms=891.53825026 host_copy_ms=0.015459 full_state_readback=0
resting_native_profile step=27040 command_ms=895.323791 gpu_ms=894.669208676 host_copy_ms=0.024167 full_state_readback=0
resting_native_profile step=27072 command_ms=892.126583 gpu_ms=891.559499316 host_copy_ms=0.013 full_state_readback=0
resting_native_profile step=27104 command_ms=891.048083 gpu_ms=890.464291908 host_copy_ms=0.015 full_state_readback=0
resting_native_profile step=27136 command_ms=881.778792 gpu_ms=881.233625114 host_copy_ms=0.012375 full_state_readback=0
resting_native_profile step=27168 command_ms=885.698625 gpu_ms=885.143750347 host_copy_ms=0.011834 full_state_readback=0
resting_native_profile step=27200 command_ms=887.705542 gpu_ms=887.02437561 host_copy_ms=0.011541 full_state_readback=0
resting_native_profile step=27232 command_ms=885.664458 gpu_ms=885.033125058 host_copy_ms=0.014917 full_state_readback=0
resting_native_profile step=27264 command_ms=891.56625 gpu_ms=891.003083438 host_copy_ms=0.013458 full_state_readback=0
resting_native_profile step=27296 command_ms=890.306375 gpu_ms=889.669832774 host_copy_ms=0.013834 full_state_readback=0
resting_native_profile step=27328 command_ms=875.554083 gpu_ms=874.976250343 host_copy_ms=0.018292 full_state_readback=0
resting_native_profile step=27360 command_ms=893.852125 gpu_ms=893.499124795 host_copy_ms=0.015292 full_state_readback=0
resting_native_profile step=27392 command_ms=875.228542 gpu_ms=874.682749622 host_copy_ms=0.009708 full_state_readback=0
resting_native_profile step=27424 command_ms=876.626041 gpu_ms=876.003624871 host_copy_ms=0.008792 full_state_readback=0
resting_native_profile step=27456 command_ms=881.780875 gpu_ms=881.241500378 host_copy_ms=0.006 full_state_readback=0
resting_native_profile step=27488 command_ms=879.398833 gpu_ms=878.828125075 host_copy_ms=0.007042 full_state_readback=0
resting_native_profile step=27520 command_ms=874.415 gpu_ms=873.854124919 host_copy_ms=0.006292 full_state_readback=0
resting_native_profile step=27552 command_ms=885.126875 gpu_ms=884.494124912 host_copy_ms=0.007375 full_state_readback=0
resting_native_profile step=27584 command_ms=879.988125 gpu_ms=879.370374605 host_copy_ms=0.005583 full_state_readback=0
resting_native_profile step=27616 command_ms=878.0655 gpu_ms=877.442500554 host_copy_ms=0.005625 full_state_readback=0
resting_native_profile step=27648 command_ms=887.9895 gpu_ms=887.406749651 host_copy_ms=0.008292 full_state_readback=0
resting_native_profile step=27680 command_ms=880.7625 gpu_ms=880.577750504 host_copy_ms=0.00525 full_state_readback=0
resting_native_profile step=27712 command_ms=880.398792 gpu_ms=879.828625359 host_copy_ms=0.004875 full_state_readback=0
resting_native_profile step=27744 command_ms=873.531167 gpu_ms=872.898249887 host_copy_ms=0.026208 full_state_readback=0
resting_native_profile step=27776 command_ms=880.612542 gpu_ms=880.024208687 host_copy_ms=0.0155 full_state_readback=0
resting_native_profile step=27808 command_ms=891.27425 gpu_ms=890.687249601 host_copy_ms=0.017875 full_state_readback=0
resting_native_profile step=27840 command_ms=888.8625 gpu_ms=888.223125599 host_copy_ms=0.005375 full_state_readback=0
resting_native_profile step=27872 command_ms=892.517625 gpu_ms=891.97050035 host_copy_ms=0.01525 full_state_readback=0
resting_native_profile step=27904 command_ms=885.7035 gpu_ms=885.12550015 host_copy_ms=0.014417 full_state_readback=0
resting_native_profile step=27936 command_ms=875.904959 gpu_ms=875.349957496 host_copy_ms=0.014291 full_state_readback=0
resting_native_profile step=27968 command_ms=888.354125 gpu_ms=887.777499855 host_copy_ms=0.014042 full_state_readback=0
resting_native_profile step=28000 command_ms=886.05375 gpu_ms=885.49037464 host_copy_ms=0.014292 full_state_readback=0
resting_native_profile step=28032 command_ms=888.802667 gpu_ms=888.191500679 host_copy_ms=0.014083 full_state_readback=0
resting_native_profile step=28064 command_ms=881.27975 gpu_ms=880.686875433 host_copy_ms=0.01775 full_state_readback=0
resting_native_profile step=28096 command_ms=889.962542 gpu_ms=889.358875342 host_copy_ms=0.021167 full_state_readback=0
resting_native_profile step=28128 command_ms=890.439833 gpu_ms=890.243958682 host_copy_ms=0.015833 full_state_readback=0
resting_native_profile step=28160 command_ms=888.241 gpu_ms=887.573874556 host_copy_ms=0.012167 full_state_readback=0
resting_native_profile step=28192 command_ms=878.907 gpu_ms=878.346083686 host_copy_ms=0.012292 full_state_readback=0
resting_native_profile step=28224 command_ms=891.160792 gpu_ms=890.534250066 host_copy_ms=0.011083 full_state_readback=0
resting_native_profile step=28256 command_ms=879.327916 gpu_ms=878.742250614 host_copy_ms=0.014584 full_state_readback=0
resting_native_profile step=28288 command_ms=887.978959 gpu_ms=887.35149987 host_copy_ms=0.013833 full_state_readback=0
resting_native_profile step=28320 command_ms=875.894334 gpu_ms=875.693666749 host_copy_ms=0.014041 full_state_readback=0
resting_native_profile step=28352 command_ms=881.188875 gpu_ms=880.626125261 host_copy_ms=0.014 full_state_readback=0
resting_native_profile step=28384 command_ms=881.728167 gpu_ms=881.132874638 host_copy_ms=0.014541 full_state_readback=0
resting_native_profile step=28416 command_ms=878.758125 gpu_ms=878.560041077 host_copy_ms=0.018167 full_state_readback=0
resting_native_profile step=28448 command_ms=882.455083 gpu_ms=881.852749735 host_copy_ms=0.022708 full_state_readback=0
resting_native_profile step=28480 command_ms=888.41225 gpu_ms=888.215333223 host_copy_ms=0.014708 full_state_readback=0
resting_native_profile step=28512 command_ms=882.375125 gpu_ms=881.771000102 host_copy_ms=0.015334 full_state_readback=0
resting_native_profile step=28544 command_ms=882.564083 gpu_ms=881.92337472 host_copy_ms=0.014625 full_state_readback=0
resting_native_profile step=28576 command_ms=890.180167 gpu_ms=889.600750059 host_copy_ms=0.014042 full_state_readback=0
resting_native_profile step=28608 command_ms=888.298916 gpu_ms=887.655874714 host_copy_ms=0.015375 full_state_readback=0
resting_native_profile step=28640 command_ms=886.194875 gpu_ms=885.839374736 host_copy_ms=0.014375 full_state_readback=0
resting_native_profile step=28672 command_ms=883.178417 gpu_ms=882.559499703 host_copy_ms=0.01225 full_state_readback=0
resting_native_profile step=28704 command_ms=883.95275 gpu_ms=883.157708682 host_copy_ms=0.011709 full_state_readback=0
resting_native_profile step=28736 command_ms=891.264667 gpu_ms=890.619583428 host_copy_ms=0.011125 full_state_readback=0
resting_native_profile step=28768 command_ms=882.937959 gpu_ms=882.374416105 host_copy_ms=0.013541 full_state_readback=0
resting_native_profile step=28800 command_ms=891.033791 gpu_ms=890.43749962 host_copy_ms=0.016792 full_state_readback=0
resting_native_profile step=28832 command_ms=886.349292 gpu_ms=885.758209042 host_copy_ms=0.013833 full_state_readback=0
resting_native_profile step=28864 command_ms=888.978167 gpu_ms=888.265000656 host_copy_ms=0.013125 full_state_readback=0
resting_native_profile step=28896 command_ms=880.190542 gpu_ms=879.99487482 host_copy_ms=0.014166 full_state_readback=0
resting_native_profile step=28928 command_ms=885.519292 gpu_ms=885.350041091 host_copy_ms=0.004875 full_state_readback=0
resting_native_profile step=28960 command_ms=887.774209 gpu_ms=887.185624801 host_copy_ms=0.011125 full_state_readback=0
resting_native_profile step=28992 command_ms=877.586 gpu_ms=877.05966644 host_copy_ms=0.007625 full_state_readback=0
resting_native_profile step=29024 command_ms=879.151125 gpu_ms=878.560625017 host_copy_ms=0.005291 full_state_readback=0
resting_native_profile step=29056 command_ms=880.68675 gpu_ms=880.104499869 host_copy_ms=0.00525 full_state_readback=0
resting_native_profile step=29088 command_ms=879.729917 gpu_ms=879.111583345 host_copy_ms=0.008708 full_state_readback=0
resting_native_profile step=29120 command_ms=877.654083 gpu_ms=877.018749714 host_copy_ms=0.00575 full_state_readback=0
resting_native_profile step=29152 command_ms=884.702333 gpu_ms=884.062083438 host_copy_ms=0.008292 full_state_readback=0
resting_native_profile step=29184 command_ms=878.343541 gpu_ms=877.798750065 host_copy_ms=0.0055 full_state_readback=0
resting_native_profile step=29216 command_ms=879.701417 gpu_ms=879.123375751 host_copy_ms=0.007917 full_state_readback=0
resting_native_profile step=29248 command_ms=881.508209 gpu_ms=880.94124943 host_copy_ms=0.005916 full_state_readback=0
resting_native_profile step=29280 command_ms=880.100334 gpu_ms=879.506791942 host_copy_ms=0.008916 full_state_readback=0
resting_native_profile step=29312 command_ms=875.727625 gpu_ms=875.095541589 host_copy_ms=0.006416 full_state_readback=0
resting_native_profile step=29344 command_ms=881.895083 gpu_ms=881.223500706 host_copy_ms=0.019333 full_state_readback=0
resting_native_profile step=29376 command_ms=891.165 gpu_ms=890.613624826 host_copy_ms=0.014834 full_state_readback=0
resting_native_profile step=29408 command_ms=881.233792 gpu_ms=880.582875572 host_copy_ms=0.015166 full_state_readback=0
resting_native_profile step=29440 command_ms=899.014166 gpu_ms=898.383249529 host_copy_ms=0.014334 full_state_readback=0
resting_native_profile step=29472 command_ms=893.112875 gpu_ms=892.522624694 host_copy_ms=0.014083 full_state_readback=0
resting_native_profile step=29504 command_ms=885.731625 gpu_ms=885.107042268 host_copy_ms=0.0195 full_state_readback=0
resting_native_profile step=29536 command_ms=894.173458 gpu_ms=893.60145852 host_copy_ms=0.013875 full_state_readback=0
resting_native_profile step=29568 command_ms=877.642584 gpu_ms=876.992500387 host_copy_ms=0.015208 full_state_readback=0
resting_native_profile step=29600 command_ms=886.632542 gpu_ms=886.021958664 host_copy_ms=0.01675 full_state_readback=0
resting_native_profile step=29632 command_ms=885.411542 gpu_ms=884.761000052 host_copy_ms=0.0125 full_state_readback=0
resting_native_profile step=29664 command_ms=892.393375 gpu_ms=892.20170863 host_copy_ms=0.015 full_state_readback=0
resting_native_profile step=29696 command_ms=888.182792 gpu_ms=887.984749861 host_copy_ms=0.011667 full_state_readback=0
resting_native_profile step=29728 command_ms=885.404333 gpu_ms=884.754916653 host_copy_ms=0.012625 full_state_readback=0
resting_native_profile step=29760 command_ms=882.962291 gpu_ms=882.372875698 host_copy_ms=0.011334 full_state_readback=0
resting_native_profile step=29792 command_ms=889.895209 gpu_ms=889.288875274 host_copy_ms=0.011458 full_state_readback=0
resting_native_profile step=29824 command_ms=877.232584 gpu_ms=876.575625502 host_copy_ms=0.013791 full_state_readback=0
resting_native_profile step=29856 command_ms=881.754458 gpu_ms=881.205375306 host_copy_ms=0.021292 full_state_readback=0
resting_native_profile step=29888 command_ms=887.286667 gpu_ms=886.704375036 host_copy_ms=0.013375 full_state_readback=0
resting_native_profile step=29920 command_ms=889.662292 gpu_ms=889.083833434 host_copy_ms=0.013958 full_state_readback=0
resting_native_profile step=29952 command_ms=884.64675 gpu_ms=884.045624174 host_copy_ms=0.014083 full_state_readback=0
resting_native_profile step=29984 command_ms=892.579042 gpu_ms=891.979583539 host_copy_ms=0.014 full_state_readback=0
resting_native_profile step=30016 command_ms=889.111333 gpu_ms=888.530416414 host_copy_ms=0.014208 full_state_readback=0
resting_native_profile step=30048 command_ms=890.100791 gpu_ms=889.487874694 host_copy_ms=0.013417 full_state_readback=0
resting_native_profile step=30080 command_ms=881.715875 gpu_ms=881.082000211 host_copy_ms=0.014459 full_state_readback=0
resting_native_profile step=30112 command_ms=899.101125 gpu_ms=898.55862502 host_copy_ms=0.014958 full_state_readback=0
resting_native_profile step=30144 command_ms=883.401125 gpu_ms=882.857958786 host_copy_ms=0.014 full_state_readback=0
resting_native_profile step=30176 command_ms=884.950333 gpu_ms=884.750500321 host_copy_ms=0.015083 full_state_readback=0
resting_native_profile step=30208 command_ms=870.999042 gpu_ms=870.434541255 host_copy_ms=0.009958 full_state_readback=0
resting_native_profile step=30240 command_ms=881.509125 gpu_ms=880.973791704 host_copy_ms=0.005291 full_state_readback=0
resting_native_profile step=30272 command_ms=876.466541 gpu_ms=875.913999975 host_copy_ms=0.004667 full_state_readback=0
resting_native_profile step=30304 command_ms=885.268625 gpu_ms=884.657916613 host_copy_ms=0.004375 full_state_readback=0
resting_native_profile step=30336 command_ms=880.516041 gpu_ms=879.993708804 host_copy_ms=0.004584 full_state_readback=0
resting_native_profile step=30368 command_ms=869.144417 gpu_ms=868.572291918 host_copy_ms=0.008208 full_state_readback=0
resting_native_profile step=30400 command_ms=874.722792 gpu_ms=874.170250259 host_copy_ms=0.005916 full_state_readback=0
resting_native_profile step=30432 command_ms=880.4455 gpu_ms=880.171124823 host_copy_ms=0.005791 full_state_readback=0
resting_native_profile step=30464 command_ms=882.212 gpu_ms=882.03095831 host_copy_ms=0.005625 full_state_readback=0
resting_native_profile step=30496 command_ms=875.034875 gpu_ms=874.524291605 host_copy_ms=0.005083 full_state_readback=0
resting_native_profile step=30528 command_ms=877.44325 gpu_ms=876.890375279 host_copy_ms=0.005542 full_state_readback=0
resting_native_profile step=30560 command_ms=883.676958 gpu_ms=883.015249856 host_copy_ms=0.022625 full_state_readback=0
resting_native_profile step=30592 command_ms=888.5795 gpu_ms=888.006624766 host_copy_ms=0.014125 full_state_readback=0
resting_native_profile step=30624 command_ms=891.824542 gpu_ms=891.24670811 host_copy_ms=0.011333 full_state_readback=0
resting_native_profile step=30656 command_ms=880.671833 gpu_ms=880.480083637 host_copy_ms=0.015167 full_state_readback=0
resting_native_profile step=30688 command_ms=891.204459 gpu_ms=890.946874395 host_copy_ms=0.014208 full_state_readback=0
resting_native_profile step=30720 command_ms=890.479208 gpu_ms=889.836875722 host_copy_ms=0.011542 full_state_readback=0
resting_native_profile step=30752 command_ms=895.9875 gpu_ms=895.421625115 host_copy_ms=0.010917 full_state_readback=0
resting_native_profile step=30784 command_ms=893.580125 gpu_ms=892.954749987 host_copy_ms=0.010958 full_state_readback=0
resting_native_profile step=30816 command_ms=888.509292 gpu_ms=887.915999629 host_copy_ms=0.013958 full_state_readback=0
resting_native_profile step=30848 command_ms=884.178667 gpu_ms=883.576249704 host_copy_ms=0.014375 full_state_readback=0
resting_native_profile step=30880 command_ms=889.267583 gpu_ms=888.639874756 host_copy_ms=0.013875 full_state_readback=0
resting_native_profile step=30912 command_ms=894.455041 gpu_ms=893.807541579 host_copy_ms=0.019 full_state_readback=0
resting_native_profile step=30944 command_ms=888.809292 gpu_ms=888.234875165 host_copy_ms=0.013458 full_state_readback=0
resting_native_profile step=30976 command_ms=881.283334 gpu_ms=880.718708038 host_copy_ms=0.014333 full_state_readback=0
resting_native_profile step=31008 command_ms=880.890875 gpu_ms=880.303124897 host_copy_ms=0.011 full_state_readback=0
resting_native_profile step=31040 command_ms=884.226584 gpu_ms=883.652499877 host_copy_ms=0.013333 full_state_readback=0
resting_native_profile step=31072 command_ms=880.167875 gpu_ms=879.563375376 host_copy_ms=0.013541 full_state_readback=0
resting_native_profile step=31104 command_ms=872.884708 gpu_ms=872.204791754 host_copy_ms=0.019667 full_state_readback=0
resting_native_profile step=31136 command_ms=884.986667 gpu_ms=884.389875457 host_copy_ms=0.021958 full_state_readback=0
resting_native_profile step=31168 command_ms=889.328125 gpu_ms=888.728541322 host_copy_ms=0.015042 full_state_readback=0
resting_native_profile step=31200 command_ms=894.522166 gpu_ms=893.916708417 host_copy_ms=0.015834 full_state_readback=0
resting_native_profile step=31232 command_ms=888.471667 gpu_ms=887.853750028 host_copy_ms=0.012 full_state_readback=0
resting_native_profile step=31264 command_ms=891.421166 gpu_ms=890.848292038 host_copy_ms=0.017375 full_state_readback=0
resting_native_profile step=31296 command_ms=891.060625 gpu_ms=890.44099953 host_copy_ms=0.012042 full_state_readback=0
resting_native_profile step=31328 command_ms=882.857875 gpu_ms=882.184083574 host_copy_ms=0.018792 full_state_readback=0
resting_native_profile step=31360 command_ms=887.8115 gpu_ms=887.226791121 host_copy_ms=0.016583 full_state_readback=0
resting_native_profile step=31392 command_ms=884.515083 gpu_ms=883.926166221 host_copy_ms=0.016042 full_state_readback=0
resting_native_profile step=31424 command_ms=889.816333 gpu_ms=889.116374776 host_copy_ms=0.012542 full_state_readback=0
resting_native_profile step=31456 command_ms=882.842084 gpu_ms=882.242458872 host_copy_ms=0.014916 full_state_readback=0
resting_native_profile step=31488 command_ms=887.188792 gpu_ms=886.602000333 host_copy_ms=0.014375 full_state_readback=0
resting_native_profile step=31520 command_ms=882.191041 gpu_ms=881.532750092 host_copy_ms=0.014209 full_state_readback=0
resting_native_profile step=31552 command_ms=874.199541 gpu_ms=873.599999584 host_copy_ms=0.014875 full_state_readback=0
resting_native_profile step=31584 command_ms=887.296792 gpu_ms=886.747707613 host_copy_ms=0.01525 full_state_readback=0
resting_native_profile step=31616 command_ms=889.89875 gpu_ms=889.306250028 host_copy_ms=0.017417 full_state_readback=0
resting_native_profile step=31648 command_ms=878.525959 gpu_ms=878.345541656 host_copy_ms=0.017708 full_state_readback=0
resting_native_profile step=31680 command_ms=876.324709 gpu_ms=875.756749883 host_copy_ms=0.019833 full_state_readback=0
resting_native_profile step=31712 command_ms=900.2155 gpu_ms=900.016000494 host_copy_ms=0.015667 full_state_readback=0
resting_native_profile step=31744 command_ms=889.740416 gpu_ms=889.140000567 host_copy_ms=0.015417 full_state_readback=0
resting_native_profile step=31776 command_ms=883.397416 gpu_ms=883.135416545 host_copy_ms=0.012 full_state_readback=0
resting_native_profile step=31808 command_ms=885.296958 gpu_ms=884.694208391 host_copy_ms=0.012083 full_state_readback=0
resting_native_profile step=31840 command_ms=878.413917 gpu_ms=877.868000418 host_copy_ms=0.011791 full_state_readback=0
resting_native_profile step=31872 command_ms=890.095375 gpu_ms=889.510708861 host_copy_ms=0.013583 full_state_readback=0
resting_native_profile step=31904 command_ms=889.435833 gpu_ms=888.861500658 host_copy_ms=0.010834 full_state_readback=0
resting_native_profile step=31936 command_ms=883.5005 gpu_ms=882.945791818 host_copy_ms=0.009583 full_state_readback=0
resting_native_profile step=31968 command_ms=878.945917 gpu_ms=878.350958228 host_copy_ms=0.011333 full_state_readback=0
resting_native_profile step=32000 command_ms=877.632584 gpu_ms=877.009708434 host_copy_ms=0.005416 full_state_readback=0
resting_native_profile step=32032 command_ms=878.067 gpu_ms=877.510375343 host_copy_ms=0.005833 full_state_readback=0
resting_native_profile step=32064 command_ms=885.321084 gpu_ms=884.76012554 host_copy_ms=0.005208 full_state_readback=0
resting_native_profile step=32096 command_ms=871.535125 gpu_ms=870.948958211 host_copy_ms=0.004958 full_state_readback=0
resting_native_profile step=32128 command_ms=876.5405 gpu_ms=876.367333345 host_copy_ms=0.005541 full_state_readback=0
resting_native_profile step=32160 command_ms=878.320583 gpu_ms=877.770124935 host_copy_ms=0.008584 full_state_readback=0
resting_native_profile step=32192 command_ms=881.846542 gpu_ms=881.25741668 host_copy_ms=0.005792 full_state_readback=0
resting_native_profile step=32224 command_ms=878.692666 gpu_ms=878.15837469 host_copy_ms=0.006292 full_state_readback=0
resting_native_profile step=32256 command_ms=886.570375 gpu_ms=885.932750069 host_copy_ms=0.005041 full_state_readback=0
resting_native_profile step=32288 command_ms=876.704042 gpu_ms=876.178249717 host_copy_ms=0.005417 full_state_readback=0
resting_native_profile step=32320 command_ms=876.548875 gpu_ms=875.981249847 host_copy_ms=0.008667 full_state_readback=0
resting_native_profile step=32352 command_ms=867.072958 gpu_ms=866.4677497 host_copy_ms=0.008375 full_state_readback=0
resting_native_profile step=32384 command_ms=882.643541 gpu_ms=882.00033363 host_copy_ms=0.005292 full_state_readback=0
resting_native_profile step=32416 command_ms=881.427667 gpu_ms=880.896249786 host_copy_ms=0.00575 full_state_readback=0
resting_native_profile step=32448 command_ms=880.610333 gpu_ms=880.086874589 host_copy_ms=0.008209 full_state_readback=0
resting_native_profile step=32480 command_ms=876.726375 gpu_ms=876.19420886 host_copy_ms=0.005666 full_state_readback=0
resting_native_profile step=32512 command_ms=879.292792 gpu_ms=879.119499587 host_copy_ms=0.00525 full_state_readback=0
resting_native_profile step=32544 command_ms=880.005625 gpu_ms=879.850874655 host_copy_ms=0.005542 full_state_readback=0
resting_native_profile step=32576 command_ms=880.24025 gpu_ms=879.714791663 host_copy_ms=0.009333 full_state_readback=0
resting_native_profile step=32608 command_ms=868.789 gpu_ms=868.254583329 host_copy_ms=0.006208 full_state_readback=0
resting_native_profile step=32640 command_ms=885.20075 gpu_ms=884.58970841 host_copy_ms=0.005625 full_state_readback=0
resting_native_profile step=32672 command_ms=879.843166 gpu_ms=879.208416678 host_copy_ms=0.009834 full_state_readback=0
resting_native_profile step=32704 command_ms=877.242792 gpu_ms=876.635417342 host_copy_ms=0.005541 full_state_readback=0
resting_native_profile step=32736 command_ms=877.313042 gpu_ms=876.699208282 host_copy_ms=0.008208 full_state_readback=0
resting_native_profile step=32768 command_ms=877.5965 gpu_ms=877.051000483 host_copy_ms=0.005417 full_state_readback=0
resting_native_profile step=32800 command_ms=885.529 gpu_ms=884.89224948 host_copy_ms=0.008875 full_state_readback=0
resting_native_profile step=32832 command_ms=878.949875 gpu_ms=878.325209022 host_copy_ms=0.006791 full_state_readback=0
resting_native_profile step=32864 command_ms=882.582292 gpu_ms=881.979499944 host_copy_ms=0.007 full_state_readback=0
resting_native_profile step=32896 command_ms=881.495958 gpu_ms=880.878208205 host_copy_ms=0.0085 full_state_readback=0
resting_native_profile step=32928 command_ms=876.468709 gpu_ms=875.891458243 host_copy_ms=0.005958 full_state_readback=0
resting_native_profile step=32960 command_ms=883.649 gpu_ms=883.034000173 host_copy_ms=0.005917 full_state_readback=0
resting_native_profile step=32992 command_ms=881.312167 gpu_ms=880.689833313 host_copy_ms=0.008625 full_state_readback=0
resting_native_profile step=33024 command_ms=882.724667 gpu_ms=882.168792188 host_copy_ms=0.011792 full_state_readback=0
resting_native_profile step=33056 command_ms=875.617084 gpu_ms=875.441291369 host_copy_ms=0.012916 full_state_readback=0
resting_native_profile step=33088 command_ms=877.354708 gpu_ms=876.741583459 host_copy_ms=0.005834 full_state_readback=0
resting_native_profile step=33120 command_ms=878.3595 gpu_ms=877.752957866 host_copy_ms=0.005542 full_state_readback=0
resting_native_profile step=33152 command_ms=882.835459 gpu_ms=882.31141679 host_copy_ms=0.004666 full_state_readback=0
resting_native_profile step=33184 command_ms=883.281875 gpu_ms=882.681416348 host_copy_ms=0.004917 full_state_readback=0
resting_native_profile step=33216 command_ms=875.282042 gpu_ms=874.689167365 host_copy_ms=0.005083 full_state_readback=0
resting_native_profile step=33248 command_ms=876.788083 gpu_ms=876.253209077 host_copy_ms=0.009084 full_state_readback=0
resting_native_profile step=33280 command_ms=883.429208 gpu_ms=882.830750197 host_copy_ms=0.006125 full_state_readback=0
resting_native_profile step=33312 command_ms=876.22975 gpu_ms=875.659708865 host_copy_ms=0.005542 full_state_readback=0
resting_native_profile step=33344 command_ms=878.499834 gpu_ms=877.887625247 host_copy_ms=0.005291 full_state_readback=0
resting_native_profile step=33376 command_ms=877.795208 gpu_ms=877.299208194 host_copy_ms=0.007959 full_state_readback=0
resting_native_profile step=33408 command_ms=869.202042 gpu_ms=868.645249866 host_copy_ms=0.005166 full_state_readback=0
resting_native_profile step=33440 command_ms=884.237709 gpu_ms=883.691833355 host_copy_ms=0.00875 full_state_readback=0
resting_native_profile step=33472 command_ms=876.092583 gpu_ms=875.498250127 host_copy_ms=0.006875 full_state_readback=0
resting_native_profile step=33504 command_ms=876.331208 gpu_ms=875.780249946 host_copy_ms=0.008 full_state_readback=0
resting_native_profile step=33536 command_ms=882.071833 gpu_ms=881.900125183 host_copy_ms=0.005959 full_state_readback=0
resting_native_profile step=33568 command_ms=875.963084 gpu_ms=875.437041745 host_copy_ms=0.006916 full_state_readback=0
resting_native_profile step=33600 command_ms=881.902458 gpu_ms=881.339792162 host_copy_ms=0.007542 full_state_readback=0
resting_native_profile step=33632 command_ms=880.0185 gpu_ms=879.849375226 host_copy_ms=0.005583 full_state_readback=0
resting_native_profile step=33664 command_ms=881.737375 gpu_ms=881.568208337 host_copy_ms=0.009167 full_state_readback=0
resting_native_profile step=33696 command_ms=876.042791 gpu_ms=875.56745857 host_copy_ms=0.00775 full_state_readback=0
resting_native_profile step=33728 command_ms=873.290708 gpu_ms=872.722374275 host_copy_ms=0.01 full_state_readback=0
resting_native_profile step=33760 command_ms=877.1295 gpu_ms=876.495374367 host_copy_ms=0.005917 full_state_readback=0
resting_native_profile step=33792 command_ms=874.546875 gpu_ms=873.993208632 host_copy_ms=0.007417 full_state_readback=0
resting_native_profile step=33824 command_ms=880.317708 gpu_ms=879.840499721 host_copy_ms=0.005584 full_state_readback=0
resting_native_profile step=33856 command_ms=879.231833 gpu_ms=878.627124242 host_copy_ms=0.005833 full_state_readback=0
resting_native_profile step=33888 command_ms=874.793125 gpu_ms=874.610625207 host_copy_ms=0.008958 full_state_readback=0
resting_native_profile step=33920 command_ms=871.0395 gpu_ms=870.430249721 host_copy_ms=0.007834 full_state_readback=0
resting_native_profile step=33952 command_ms=871.702458 gpu_ms=871.143124998 host_copy_ms=0.006083 full_state_readback=0
resting_native_profile step=33984 command_ms=872.517333 gpu_ms=871.847500093 host_copy_ms=0.007625 full_state_readback=0
resting_native_profile step=34016 command_ms=877.568625 gpu_ms=876.996000297 host_copy_ms=0.008959 full_state_readback=0
resting_native_profile step=34048 command_ms=866.872 gpu_ms=866.315541789 host_copy_ms=0.006834 full_state_readback=0
resting_native_profile step=34080 command_ms=873.56525 gpu_ms=873.023625463 host_copy_ms=0.012208 full_state_readback=0
resting_native_profile step=34112 command_ms=877.113833 gpu_ms=876.924916171 host_copy_ms=0.005125 full_state_readback=0
resting_native_profile step=34144 command_ms=882.630167 gpu_ms=882.066874765 host_copy_ms=0.005208 full_state_readback=0
resting_native_profile step=34176 command_ms=873.526208 gpu_ms=872.897916473 host_copy_ms=0.004667 full_state_readback=0
resting_native_profile step=34208 command_ms=879.152541 gpu_ms=878.553499468 host_copy_ms=0.005125 full_state_readback=0
resting_native_profile step=34240 command_ms=878.056166 gpu_ms=877.425833605 host_copy_ms=0.005042 full_state_readback=0
resting_native_profile step=34272 command_ms=880.929958 gpu_ms=880.371375009 host_copy_ms=0.005292 full_state_readback=0
resting_native_profile step=34304 command_ms=883.785042 gpu_ms=883.24366603 host_copy_ms=0.008333 full_state_readback=0
resting_native_profile step=34336 command_ms=873.882083 gpu_ms=873.279000632 host_copy_ms=0.005083 full_state_readback=0
resting_native_profile step=34368 command_ms=877.880625 gpu_ms=877.355542034 host_copy_ms=0.00475 full_state_readback=0
resting_native_profile step=34400 command_ms=872.329708 gpu_ms=872.154666111 host_copy_ms=0.00575 full_state_readback=0
resting_native_profile step=34432 command_ms=875.753083 gpu_ms=875.148374587 host_copy_ms=0.007875 full_state_readback=0
resting_native_profile step=34464 command_ms=882.446083 gpu_ms=881.913166493 host_copy_ms=0.00775 full_state_readback=0
resting_native_profile step=34496 command_ms=877.410167 gpu_ms=876.889375038 host_copy_ms=0.005375 full_state_readback=0
resting_native_profile step=34528 command_ms=878.553958 gpu_ms=877.979000099 host_copy_ms=0.008625 full_state_readback=0
resting_native_profile step=34560 command_ms=884.421 gpu_ms=883.886083029 host_copy_ms=0.005958 full_state_readback=0
resting_native_profile step=34592 command_ms=875.669958 gpu_ms=875.021500513 host_copy_ms=0.005083 full_state_readback=0
resting_native_profile step=34624 command_ms=880.980125 gpu_ms=880.446749739 host_copy_ms=0.005125 full_state_readback=0
resting_native_profile step=34656 command_ms=882.481416 gpu_ms=881.85254205 host_copy_ms=0.005792 full_state_readback=0
resting_native_profile step=34688 command_ms=871.022375 gpu_ms=870.484874584 host_copy_ms=0.005375 full_state_readback=0
resting_native_profile step=34720 command_ms=884.389291 gpu_ms=883.822292089 host_copy_ms=0.007542 full_state_readback=0
resting_native_profile step=34752 command_ms=873.576458 gpu_ms=873.028125614 host_copy_ms=0.008834 full_state_readback=0
resting_native_profile step=34784 command_ms=873.690958 gpu_ms=873.077875003 host_copy_ms=0.008583 full_state_readback=0
resting_native_profile step=34816 command_ms=879.450458 gpu_ms=878.886499442 host_copy_ms=0.007084 full_state_readback=0
resting_native_profile step=34848 command_ms=880.229333 gpu_ms=879.704208113 host_copy_ms=0.006 full_state_readback=0
resting_native_profile step=34880 command_ms=880.362083 gpu_ms=879.84116748 host_copy_ms=0.0055 full_state_readback=0
resting_native_profile step=34912 command_ms=872.622458 gpu_ms=872.08083272 host_copy_ms=0.007875 full_state_readback=0
resting_native_profile step=34944 command_ms=876.543375 gpu_ms=875.97449962 host_copy_ms=0.0085 full_state_readback=0
resting_native_profile step=34976 command_ms=880.100125 gpu_ms=879.521625116 host_copy_ms=0.00875 full_state_readback=0
resting_native_profile step=35008 command_ms=874.682875 gpu_ms=874.123958871 host_copy_ms=0.005584 full_state_readback=0
resting_native_profile step=35040 command_ms=877.726417 gpu_ms=877.14908272 host_copy_ms=0.017416 full_state_readback=0
resting_native_profile step=35072 command_ms=883.495875 gpu_ms=882.915000431 host_copy_ms=0.013542 full_state_readback=0
resting_native_profile step=35104 command_ms=888.669208 gpu_ms=888.020874932 host_copy_ms=0.0125 full_state_readback=0
resting_native_profile step=35136 command_ms=888.409208 gpu_ms=887.757292017 host_copy_ms=0.017708 full_state_readback=0
resting_native_profile step=35168 command_ms=884.863083 gpu_ms=884.21424944 host_copy_ms=0.014917 full_state_readback=0
resting_native_profile step=35200 command_ms=892.907875 gpu_ms=892.288999632 host_copy_ms=0.014417 full_state_readback=0
resting_native_profile step=35232 command_ms=881.156958 gpu_ms=880.51162567 host_copy_ms=0.01175 full_state_readback=0
resting_native_profile step=35264 command_ms=880.945459 gpu_ms=880.348874256 host_copy_ms=0.013791 full_state_readback=0
resting_native_profile step=35296 command_ms=885.038959 gpu_ms=884.321667254 host_copy_ms=0.014541 full_state_readback=0
resting_native_profile step=35328 command_ms=891.821208 gpu_ms=891.174083576 host_copy_ms=0.014125 full_state_readback=0
resting_native_profile step=35360 command_ms=888.018625 gpu_ms=887.439125217 host_copy_ms=0.014333 full_state_readback=0
resting_native_profile step=35392 command_ms=889.353916 gpu_ms=888.775167055 host_copy_ms=0.014625 full_state_readback=0
resting_native_profile step=35424 command_ms=888.424875 gpu_ms=887.853374705 host_copy_ms=0.013958 full_state_readback=0
resting_native_profile step=35456 command_ms=893.687375 gpu_ms=893.03749986 host_copy_ms=0.013292 full_state_readback=0
resting_native_profile step=35488 command_ms=887.353625 gpu_ms=886.721500196 host_copy_ms=0.019917 full_state_readback=0
resting_native_profile step=35520 command_ms=879.56 gpu_ms=878.990083002 host_copy_ms=0.013417 full_state_readback=0
resting_native_profile step=35552 command_ms=886.3505 gpu_ms=885.775874369 host_copy_ms=0.013709 full_state_readback=0
resting_native_profile step=35584 command_ms=887.157083 gpu_ms=886.575416662 host_copy_ms=0.011125 full_state_readback=0
resting_native_profile step=35616 command_ms=894.636458 gpu_ms=893.979249522 host_copy_ms=0.011875 full_state_readback=0
resting_native_profile step=35648 command_ms=883.323792 gpu_ms=882.73712527 host_copy_ms=0.011458 full_state_readback=0
resting_native_profile step=35680 command_ms=890.314334 gpu_ms=889.705166221 host_copy_ms=0.013125 full_state_readback=0
resting_native_profile step=35712 command_ms=879.914042 gpu_ms=879.273042083 host_copy_ms=0.013208 full_state_readback=0
resting_native_profile step=35744 command_ms=884.951625 gpu_ms=884.606541134 host_copy_ms=0.012917 full_state_readback=0
resting_native_profile step=35776 command_ms=891.206292 gpu_ms=891.002083197 host_copy_ms=0.015417 full_state_readback=0
resting_native_profile step=35808 command_ms=881.510042 gpu_ms=880.933208391 host_copy_ms=0.014208 full_state_readback=0
resting_native_profile step=35840 command_ms=884.602583 gpu_ms=884.247041307 host_copy_ms=0.021667 full_state_readback=0
resting_native_profile step=35872 command_ms=884.3065 gpu_ms=883.717624471 host_copy_ms=0.020083 full_state_readback=0
resting_native_profile step=35904 command_ms=885.746584 gpu_ms=885.066958144 host_copy_ms=0.015416 full_state_readback=0
resting_native_profile step=35936 command_ms=882.906209 gpu_ms=882.344291545 host_copy_ms=0.015375 full_state_readback=0
resting_native_profile step=35968 command_ms=888.054375 gpu_ms=887.617000379 host_copy_ms=0.015417 full_state_readback=0
resting_native_profile step=36000 command_ms=880.553 gpu_ms=879.958000034 host_copy_ms=0.012417 full_state_readback=0
resting_native_profile step=36032 command_ms=883.232958 gpu_ms=882.547541521 host_copy_ms=0.017542 full_state_readback=0
resting_native_profile step=36064 command_ms=878.029 gpu_ms=877.410874702 host_copy_ms=0.008917 full_state_readback=0
resting_native_profile step=36096 command_ms=872.613 gpu_ms=871.953333728 host_copy_ms=0.007958 full_state_readback=0
resting_native_profile step=36128 command_ms=883.467666 gpu_ms=882.949791849 host_copy_ms=0.005792 full_state_readback=0
resting_native_profile step=36160 command_ms=884.304542 gpu_ms=883.630500175 host_copy_ms=0.017875 full_state_readback=0
resting_native_profile step=36192 command_ms=888.460125 gpu_ms=887.808750384 host_copy_ms=0.021375 full_state_readback=0
resting_native_profile step=36224 command_ms=884.463334 gpu_ms=883.802499622 host_copy_ms=0.019791 full_state_readback=0
resting_native_profile step=36256 command_ms=890.189667 gpu_ms=889.551999979 host_copy_ms=0.015375 full_state_readback=0
resting_native_profile step=36288 command_ms=885.857375 gpu_ms=885.660542175 host_copy_ms=0.014916 full_state_readback=0
resting_native_profile step=36320 command_ms=890.108125 gpu_ms=889.54341691 host_copy_ms=0.015041 full_state_readback=0
resting_native_profile step=36352 command_ms=881.165917 gpu_ms=880.579709075 host_copy_ms=0.015208 full_state_readback=0
resting_native_profile step=36384 command_ms=893.428542 gpu_ms=892.91287493 host_copy_ms=0.014625 full_state_readback=0
resting_native_profile step=36416 command_ms=882.860292 gpu_ms=882.237500511 host_copy_ms=0.017958 full_state_readback=0
resting_native_profile step=36448 command_ms=889.65825 gpu_ms=889.085667208 host_copy_ms=0.014375 full_state_readback=0
resting_native_profile step=36480 command_ms=879.634292 gpu_ms=879.056124948 host_copy_ms=0.014958 full_state_readback=0
resting_native_profile step=36512 command_ms=885.632709 gpu_ms=885.07325016 host_copy_ms=0.015041 full_state_readback=0
resting_native_profile step=36544 command_ms=889.094 gpu_ms=888.515708968 host_copy_ms=0.008292 full_state_readback=0
resting_native_profile step=36576 command_ms=892.182958 gpu_ms=891.621458344 host_copy_ms=0.014417 full_state_readback=0
resting_native_profile step=36608 command_ms=886.426917 gpu_ms=885.852999985 host_copy_ms=0.011792 full_state_readback=0
resting_native_profile step=36640 command_ms=889.421666 gpu_ms=889.219583012 host_copy_ms=0.011417 full_state_readback=0
resting_native_profile step=36672 command_ms=890.25225 gpu_ms=889.616125263 host_copy_ms=0.011666 full_state_readback=0
resting_native_profile step=36704 command_ms=895.749125 gpu_ms=895.085833035 host_copy_ms=0.010958 full_state_readback=0
resting_native_profile step=36736 command_ms=881.518292 gpu_ms=880.905166268 host_copy_ms=0.009458 full_state_readback=0
resting_native_profile step=36768 command_ms=876.954417 gpu_ms=876.342041418 host_copy_ms=0.008083 full_state_readback=0
resting_native_profile step=36800 command_ms=870.64075 gpu_ms=870.400083251 host_copy_ms=0.008875 full_state_readback=0
resting_native_profile step=36832 command_ms=883.763 gpu_ms=883.124290965 host_copy_ms=0.008875 full_state_readback=0
resting_native_profile step=36864 command_ms=869.280167 gpu_ms=868.707708083 host_copy_ms=0.010542 full_state_readback=0
resting_native_profile step=36896 command_ms=875.90125 gpu_ms=875.311916694 host_copy_ms=0.011875 full_state_readback=0
resting_native_profile step=36928 command_ms=876.081958 gpu_ms=875.87399967 host_copy_ms=0.00925 full_state_readback=0
resting_native_profile step=36960 command_ms=873.141459 gpu_ms=872.514749877 host_copy_ms=0.009791 full_state_readback=0
resting_native_profile step=36992 command_ms=876.255916 gpu_ms=875.646500848 host_copy_ms=0.008417 full_state_readback=0
resting_native_profile step=37024 command_ms=882.604333 gpu_ms=881.984832697 host_copy_ms=0.009 full_state_readback=0
resting_native_profile step=37056 command_ms=879.050333 gpu_ms=878.399458714 host_copy_ms=0.008584 full_state_readback=0
resting_native_profile step=37088 command_ms=875.8445 gpu_ms=875.15637558 host_copy_ms=0.008667 full_state_readback=0
resting_native_profile step=37120 command_ms=876.08875 gpu_ms=875.428915955 host_copy_ms=0.008125 full_state_readback=0
resting_native_profile step=37152 command_ms=880.283 gpu_ms=879.655375145 host_copy_ms=0.008833 full_state_readback=0
resting_native_profile step=37184 command_ms=878.078 gpu_ms=877.497291192 host_copy_ms=0.009542 full_state_readback=0
resting_native_profile step=37216 command_ms=872.666 gpu_ms=872.017875314 host_copy_ms=0.008958 full_state_readback=0
resting_native_profile step=37248 command_ms=873.16825 gpu_ms=872.560874559 host_copy_ms=0.012542 full_state_readback=0
resting_native_profile step=37280 command_ms=873.742208 gpu_ms=873.149333522 host_copy_ms=0.008209 full_state_readback=0
resting_native_profile step=37312 command_ms=870.515125 gpu_ms=869.953500107 host_copy_ms=0.008042 full_state_readback=0
resting_native_profile step=37344 command_ms=885.8605 gpu_ms=885.228250176 host_copy_ms=0.009708 full_state_readback=0
resting_native_profile step=37376 command_ms=878.687458 gpu_ms=878.121499904 host_copy_ms=0.008792 full_state_readback=0
resting_native_profile step=37408 command_ms=875.88825 gpu_ms=875.678417273 host_copy_ms=0.009375 full_state_readback=0
resting_native_profile step=37440 command_ms=878.628209 gpu_ms=878.065125085 host_copy_ms=0.009125 full_state_readback=0
resting_native_profile step=37472 command_ms=877.698958 gpu_ms=877.091291361 host_copy_ms=0.007875 full_state_readback=0
resting_native_profile step=37504 command_ms=877.382083 gpu_ms=876.740749925 host_copy_ms=0.008792 full_state_readback=0
resting_native_profile step=37536 command_ms=872.4785 gpu_ms=871.904708445 host_copy_ms=0.008042 full_state_readback=0
resting_native_profile step=37568 command_ms=879.65925 gpu_ms=879.067749716 host_copy_ms=0.008416 full_state_readback=0
resting_native_profile step=37600 command_ms=876.903041 gpu_ms=876.242624596 host_copy_ms=0.011 full_state_readback=0
resting_native_profile step=37632 command_ms=880.113459 gpu_ms=879.416542128 host_copy_ms=0.009333 full_state_readback=0
resting_native_profile step=37664 command_ms=875.615333 gpu_ms=875.002208166 host_copy_ms=0.010083 full_state_readback=0
resting_native_profile step=37696 command_ms=878.917625 gpu_ms=878.281749785 host_copy_ms=0.009083 full_state_readback=0
resting_native_profile step=37728 command_ms=881.4555 gpu_ms=880.840125494 host_copy_ms=0.008875 full_state_readback=0
resting_native_profile step=37760 command_ms=875.393916 gpu_ms=874.807874672 host_copy_ms=0.009584 full_state_readback=0
resting_native_profile step=37792 command_ms=877.486916 gpu_ms=876.868207939 host_copy_ms=0.009125 full_state_readback=0
resting_native_profile step=37824 command_ms=879.996417 gpu_ms=879.348791204 host_copy_ms=0.009 full_state_readback=0
resting_native_profile step=37856 command_ms=880.321875 gpu_ms=879.693541676 host_copy_ms=0.008417 full_state_readback=0
resting_native_profile step=37888 command_ms=880.546333 gpu_ms=880.185249262 host_copy_ms=0.008959 full_state_readback=0
resting_native_profile step=37920 command_ms=873.102542 gpu_ms=872.59354163 host_copy_ms=0.010417 full_state_readback=0
resting_native_profile step=37952 command_ms=870.514667 gpu_ms=869.931874797 host_copy_ms=0.012291 full_state_readback=0
resting_native_profile step=37984 command_ms=872.504541 gpu_ms=871.973000467 host_copy_ms=0.008667 full_state_readback=0
resting_native_profile step=38016 command_ms=874.045958 gpu_ms=873.494207859 host_copy_ms=0.009792 full_state_readback=0
resting_native_profile step=38048 command_ms=877.92325 gpu_ms=877.252375707 host_copy_ms=0.00875 full_state_readback=0
resting_native_profile step=38080 command_ms=880.664042 gpu_ms=880.054458044 host_copy_ms=0.007958 full_state_readback=0
resting_native_profile step=38112 command_ms=879.416333 gpu_ms=878.781791776 host_copy_ms=0.008542 full_state_readback=0
resting_native_profile step=38144 command_ms=875.964541 gpu_ms=875.345875509 host_copy_ms=0.009959 full_state_readback=0
resting_native_profile step=38176 command_ms=876.2495 gpu_ms=875.585624948 host_copy_ms=0.018041 full_state_readback=0
resting_native_profile step=38208 command_ms=873.520416 gpu_ms=872.922125272 host_copy_ms=0.019417 full_state_readback=0
resting_native_profile step=38240 command_ms=893.132167 gpu_ms=892.504708841 host_copy_ms=0.012458 full_state_readback=0
resting_native_profile step=38272 command_ms=888.500667 gpu_ms=887.871416286 host_copy_ms=0.014792 full_state_readback=0
resting_native_profile step=38304 command_ms=886.832209 gpu_ms=886.270499788 host_copy_ms=0.02 full_state_readback=0
resting_native_profile step=38336 command_ms=881.718708 gpu_ms=881.179000251 host_copy_ms=0.013542 full_state_readback=0
resting_native_profile step=38368 command_ms=887.272291 gpu_ms=887.041416019 host_copy_ms=0.0145 full_state_readback=0
resting_native_profile step=38400 command_ms=886.107666 gpu_ms=885.533874854 host_copy_ms=0.014167 full_state_readback=0
resting_native_profile step=38432 command_ms=890.075458 gpu_ms=889.428500086 host_copy_ms=0.011375 full_state_readback=0
resting_native_profile step=38464 command_ms=888.854166 gpu_ms=888.279416598 host_copy_ms=0.015417 full_state_readback=0
resting_native_profile step=38496 command_ms=889.795125 gpu_ms=889.217750169 host_copy_ms=0.011708 full_state_readback=0
resting_native_profile step=38528 command_ms=892.037584 gpu_ms=891.347625293 host_copy_ms=0.011416 full_state_readback=0
resting_native_profile step=38560 command_ms=887.513167 gpu_ms=886.940708384 host_copy_ms=0.011333 full_state_readback=0
resting_native_profile step=38592 command_ms=893.023875 gpu_ms=892.407166772 host_copy_ms=0.012084 full_state_readback=0
resting_native_profile step=38624 command_ms=883.422083 gpu_ms=882.850375026 host_copy_ms=0.011208 full_state_readback=0
resting_native_profile step=38656 command_ms=895.999666 gpu_ms=895.314041525 host_copy_ms=0.019084 full_state_readback=0
resting_native_profile step=38688 command_ms=880.892209 gpu_ms=880.256082863 host_copy_ms=0.007166 full_state_readback=0
resting_native_profile step=38720 command_ms=875.964958 gpu_ms=875.348374248 host_copy_ms=0.008667 full_state_readback=0
resting_native_profile step=38752 command_ms=877.9425 gpu_ms=877.365999855 host_copy_ms=0.00775 full_state_readback=0
resting_native_profile step=38784 command_ms=875.258333 gpu_ms=874.71299991 host_copy_ms=0.008125 full_state_readback=0
resting_native_profile step=38816 command_ms=875.697958 gpu_ms=875.500624999 host_copy_ms=0.007834 full_state_readback=0
resting_native_profile step=38848 command_ms=877.998084 gpu_ms=877.407416701 host_copy_ms=0.017791 full_state_readback=0
resting_native_profile step=38880 command_ms=887.856917 gpu_ms=887.245625257 host_copy_ms=0.016208 full_state_readback=0
resting_native_profile step=38912 command_ms=887.75975 gpu_ms=887.210624292 host_copy_ms=0.009875 full_state_readback=0
resting_native_profile step=38944 command_ms=874.786 gpu_ms=874.160625041 host_copy_ms=0.007958 full_state_readback=0
resting_native_profile step=38976 command_ms=868.435834 gpu_ms=867.797750048 host_copy_ms=0.005375 full_state_readback=0
resting_native_profile step=39008 command_ms=883.291792 gpu_ms=882.767000236 host_copy_ms=0.009208 full_state_readback=0
resting_native_profile step=39040 command_ms=873.527042 gpu_ms=873.351999559 host_copy_ms=0.005292 full_state_readback=0
resting_native_profile step=39072 command_ms=876.472125 gpu_ms=875.825124793 host_copy_ms=0.008542 full_state_readback=0
resting_native_profile step=39104 command_ms=875.653084 gpu_ms=874.998792075 host_copy_ms=0.006083 full_state_readback=0
resting_native_profile step=39136 command_ms=883.886417 gpu_ms=883.309625089 host_copy_ms=0.005416 full_state_readback=0
resting_native_profile step=39168 command_ms=880.589333 gpu_ms=880.00595849 host_copy_ms=0.005667 full_state_readback=0
resting_native_profile step=39200 command_ms=881.73475 gpu_ms=881.126416847 host_copy_ms=0.005542 full_state_readback=0
resting_native_profile step=39232 command_ms=876.073666 gpu_ms=875.451541506 host_copy_ms=0.005584 full_state_readback=0
resting_native_profile step=39264 command_ms=874.479958 gpu_ms=873.94549977 host_copy_ms=0.007542 full_state_readback=0
resting_native_profile step=39296 command_ms=882.984083 gpu_ms=882.442958653 host_copy_ms=0.00875 full_state_readback=0
resting_native_profile step=39328 command_ms=887.194833 gpu_ms=886.624458246 host_copy_ms=0.0055 full_state_readback=0
resting_native_profile step=39360 command_ms=877.289833 gpu_ms=876.725874841 host_copy_ms=0.007792 full_state_readback=0
resting_native_profile step=39392 command_ms=877.147584 gpu_ms=876.554375514 host_copy_ms=0.006416 full_state_readback=0
resting_native_profile step=39424 command_ms=880.085542 gpu_ms=879.427750595 host_copy_ms=0.008292 full_state_readback=0
resting_native_profile step=39456 command_ms=875.779333 gpu_ms=875.201750547 host_copy_ms=0.005542 full_state_readback=0
resting_native_profile step=39488 command_ms=876.896833 gpu_ms=876.339666545 host_copy_ms=0.005667 full_state_readback=0
resting_native_profile step=39520 command_ms=891.443333 gpu_ms=890.925333835 host_copy_ms=0.009042 full_state_readback=0
resting_native_profile step=39552 command_ms=875.741667 gpu_ms=875.20704139 host_copy_ms=0.005417 full_state_readback=0
resting_native_profile step=39584 command_ms=866.246375 gpu_ms=865.604500286 host_copy_ms=0.005125 full_state_readback=0
resting_native_profile step=39616 command_ms=883.830209 gpu_ms=883.238375187 host_copy_ms=0.0075 full_state_readback=0
resting_native_profile step=39648 command_ms=877.166583 gpu_ms=876.556166448 host_copy_ms=0.005875 full_state_readback=0
resting_native_profile step=39680 command_ms=878.598916 gpu_ms=878.052207641 host_copy_ms=0.0065 full_state_readback=0
resting_native_profile step=39712 command_ms=875.252667 gpu_ms=874.69837442 host_copy_ms=0.01175 full_state_readback=0
resting_native_profile step=39744 command_ms=883.414375 gpu_ms=882.828749716 host_copy_ms=0.009209 full_state_readback=0
resting_native_profile step=39776 command_ms=875.269084 gpu_ms=874.720875174 host_copy_ms=0.006375 full_state_readback=0
resting_native_profile step=39808 command_ms=880.437875 gpu_ms=879.832499661 host_copy_ms=0.007875 full_state_readback=0
resting_native_profile step=39840 command_ms=873.725667 gpu_ms=873.087875545 host_copy_ms=0.008333 full_state_readback=0
resting_native_profile step=39872 command_ms=877.571333 gpu_ms=877.012583427 host_copy_ms=0.006167 full_state_readback=0
resting_native_profile step=39904 command_ms=885.276667 gpu_ms=884.75099951 host_copy_ms=0.006625 full_state_readback=0
resting_native_profile step=39936 command_ms=874.9255 gpu_ms=874.329833314 host_copy_ms=0.009083 full_state_readback=0
resting_native_profile step=39968 command_ms=881.519041 gpu_ms=880.919249728 host_copy_ms=0.008584 full_state_readback=0
resting_native_profile step=40000 command_ms=883.604542 gpu_ms=882.997791283 host_copy_ms=0.00525 full_state_readback=0
resting_native_profile step=40032 command_ms=876.58775 gpu_ms=876.021874137 host_copy_ms=0.007709 full_state_readback=0
resting_native_profile step=40064 command_ms=884.556292 gpu_ms=883.971832693 host_copy_ms=0.007833 full_state_readback=0
resting_native_profile step=40096 command_ms=881.488167 gpu_ms=880.8624167 host_copy_ms=0.005375 full_state_readback=0
resting_native_profile step=40128 command_ms=881.531125 gpu_ms=880.926916376 host_copy_ms=0.005 full_state_readback=0
resting_native_profile step=40160 command_ms=877.491166 gpu_ms=876.9189585 host_copy_ms=0.008292 full_state_readback=0
resting_native_profile step=40192 command_ms=885.134208 gpu_ms=884.626958519 host_copy_ms=0.00575 full_state_readback=0
resting_native_profile step=40224 command_ms=881.921792 gpu_ms=881.352458149 host_copy_ms=0.006125 full_state_readback=0
resting_native_profile step=40256 command_ms=881.334208 gpu_ms=880.719250068 host_copy_ms=0.005167 full_state_readback=0
resting_native_profile step=40288 command_ms=882.154709 gpu_ms=881.531291641 host_copy_ms=0.005791 full_state_readback=0
resting_native_profile step=40320 command_ms=876.740166 gpu_ms=876.174166799 host_copy_ms=0.005167 full_state_readback=0
resting_native_profile step=40352 command_ms=874.728417 gpu_ms=874.163833447 host_copy_ms=0.005458 full_state_readback=0
resting_native_profile step=40384 command_ms=868.101 gpu_ms=867.572458461 host_copy_ms=0.009292 full_state_readback=0
resting_native_profile step=40416 command_ms=886.604916 gpu_ms=886.038125493 host_copy_ms=0.007875 full_state_readback=0
resting_native_profile step=40448 command_ms=878.144125 gpu_ms=877.559124492 host_copy_ms=0.008583 full_state_readback=0
resting_native_profile step=40480 command_ms=877.735125 gpu_ms=877.137916163 host_copy_ms=0.005666 full_state_readback=0
resting_native_profile step=40512 command_ms=884.421459 gpu_ms=883.799416944 host_copy_ms=0.005375 full_state_readback=0
resting_native_profile step=40544 command_ms=876.733625 gpu_ms=876.134624705 host_copy_ms=0.005833 full_state_readback=0
resting_native_profile step=40576 command_ms=875.374708 gpu_ms=874.77483321 host_copy_ms=0.004667 full_state_readback=0
resting_native_profile step=40608 command_ms=873.6165 gpu_ms=872.99104128 host_copy_ms=0.009125 full_state_readback=0
resting_native_profile step=40640 command_ms=876.95 gpu_ms=876.411749981 host_copy_ms=0.009417 full_state_readback=0
resting_native_profile step=40672 command_ms=873.444167 gpu_ms=872.823749669 host_copy_ms=0.00625 full_state_readback=0
resting_native_profile step=40704 command_ms=885.780792 gpu_ms=885.246249847 host_copy_ms=0.006375 full_state_readback=0
resting_native_profile step=40736 command_ms=879.89925 gpu_ms=879.267624579 host_copy_ms=0.006833 full_state_readback=0
resting_native_profile step=40768 command_ms=880.821084 gpu_ms=880.217082798 host_copy_ms=0.008375 full_state_readback=0
resting_native_profile step=40800 command_ms=876.335291 gpu_ms=875.670249574 host_copy_ms=0.009459 full_state_readback=0
resting_native_profile step=40832 command_ms=877.080041 gpu_ms=876.383416355 host_copy_ms=0.008542 full_state_readback=0
resting_native_profile step=40864 command_ms=875.177917 gpu_ms=874.65770822 host_copy_ms=0.007542 full_state_readback=0
resting_native_profile step=40896 command_ms=873.463416 gpu_ms=872.915375046 host_copy_ms=0.006792 full_state_readback=0
resting_native_profile step=40928 command_ms=891.518709 gpu_ms=890.880749561 host_copy_ms=0.008708 full_state_readback=0
resting_native_profile step=40960 command_ms=878.396875 gpu_ms=877.813999541 host_copy_ms=0.008542 full_state_readback=0
resting_native_profile step=40992 command_ms=886.026625 gpu_ms=885.472499765 host_copy_ms=0.007291 full_state_readback=0
resting_native_profile step=41024 command_ms=870.4345 gpu_ms=869.806000032 host_copy_ms=0.006042 full_state_readback=0
resting_native_profile step=41056 command_ms=884.664208 gpu_ms=884.013749659 host_copy_ms=0.008584 full_state_readback=0
resting_native_profile step=41088 command_ms=879.735625 gpu_ms=879.186499864 host_copy_ms=0.005958 full_state_readback=0
resting_native_profile step=41120 command_ms=880.336167 gpu_ms=879.766957834 host_copy_ms=0.007833 full_state_readback=0
resting_native_profile step=41152 command_ms=885.76625 gpu_ms=885.165583342 host_copy_ms=0.008583 full_state_readback=0
resting_native_profile step=41184 command_ms=873.913542 gpu_ms=873.286499642 host_copy_ms=0.005666 full_state_readback=0
resting_native_profile step=41216 command_ms=871.626375 gpu_ms=871.066624299 host_copy_ms=0.005541 full_state_readback=0
resting_native_profile step=41248 command_ms=879.331833 gpu_ms=878.778541461 host_copy_ms=0.005292 full_state_readback=0
resting_native_profile step=41280 command_ms=876.136958 gpu_ms=875.576666556 host_copy_ms=0.008875 full_state_readback=0
resting_native_profile step=41312 command_ms=887.620208 gpu_ms=886.967708357 host_copy_ms=0.006417 full_state_readback=0
resting_native_profile step=41344 command_ms=880.486959 gpu_ms=879.954833537 host_copy_ms=0.006125 full_state_readback=0
resting_native_profile step=41376 command_ms=884.451875 gpu_ms=883.919500746 host_copy_ms=0.0055 full_state_readback=0
resting_native_profile step=41408 command_ms=876.712666 gpu_ms=876.16962567 host_copy_ms=0.00825 full_state_readback=0
resting_native_profile step=41440 command_ms=888.015125 gpu_ms=887.435125187 host_copy_ms=0.008125 full_state_readback=0
resting_native_profile step=41472 command_ms=882.980708 gpu_ms=882.356249727 host_copy_ms=0.0105 full_state_readback=0
resting_native_profile step=41504 command_ms=877.471166 gpu_ms=876.90987438 host_copy_ms=0.004959 full_state_readback=0
resting_native_profile step=41536 command_ms=880.851791 gpu_ms=880.226291716 host_copy_ms=0.00725 full_state_readback=0
resting_native_profile step=41568 command_ms=869.751417 gpu_ms=869.121500291 host_copy_ms=0.005875 full_state_readback=0
resting_native_profile step=41600 command_ms=880.651583 gpu_ms=880.119957961 host_copy_ms=0.00575 full_state_readback=0
resting_native_profile step=41632 command_ms=883.99325 gpu_ms=883.451874368 host_copy_ms=0.008458 full_state_readback=0
resting_native_profile step=41664 command_ms=882.754667 gpu_ms=882.138582878 host_copy_ms=0.008167 full_state_readback=0
resting_native_profile step=41696 command_ms=890.391792 gpu_ms=889.796707779 host_copy_ms=0.006 full_state_readback=0
resting_native_profile step=41728 command_ms=885.101833 gpu_ms=884.527499788 host_copy_ms=0.007958 full_state_readback=0
resting_native_profile step=41760 command_ms=886.956333 gpu_ms=886.317375116 host_copy_ms=0.008875 full_state_readback=0
resting_native_profile step=41792 command_ms=876.041458 gpu_ms=875.839541666 host_copy_ms=0.007667 full_state_readback=0
resting_native_profile step=41824 command_ms=876.960875 gpu_ms=876.403750852 host_copy_ms=0.010666 full_state_readback=0
resting_native_profile step=41856 command_ms=872.992416 gpu_ms=872.369250283 host_copy_ms=0.007792 full_state_readback=0
resting_native_profile step=41888 command_ms=883.17375 gpu_ms=882.606291212 host_copy_ms=0.008458 full_state_readback=0
resting_native_profile step=41920 command_ms=881.715666 gpu_ms=881.071750075 host_copy_ms=0.007834 full_state_readback=0
resting_native_profile step=41952 command_ms=877.048 gpu_ms=876.511833631 host_copy_ms=0.006625 full_state_readback=0
resting_native_profile step=41984 command_ms=876.403291 gpu_ms=875.735375099 host_copy_ms=0.00875 full_state_readback=0
resting_native_profile step=42016 command_ms=883.1275 gpu_ms=882.462333888 host_copy_ms=0.005791 full_state_readback=0
resting_native_profile step=42048 command_ms=882.158416 gpu_ms=881.525374949 host_copy_ms=0.005459 full_state_readback=0
resting_native_profile step=42080 command_ms=874.459459 gpu_ms=873.84395767 host_copy_ms=0.005541 full_state_readback=0
resting_native_profile step=42112 command_ms=881.757834 gpu_ms=881.191333756 host_copy_ms=0.005333 full_state_readback=0
resting_native_profile step=42144 command_ms=884.478291 gpu_ms=883.855000138 host_copy_ms=0.005292 full_state_readback=0
resting_native_profile step=42176 command_ms=875.869667 gpu_ms=875.324250199 host_copy_ms=0.008 full_state_readback=0
resting_native_profile step=42208 command_ms=877.491208 gpu_ms=876.858625561 host_copy_ms=0.008875 full_state_readback=0
resting_native_profile step=42240 command_ms=874.939042 gpu_ms=874.336750247 host_copy_ms=0.018916 full_state_readback=0
resting_native_profile step=42272 command_ms=895.96425 gpu_ms=895.739874803 host_copy_ms=0.015792 full_state_readback=0
resting_native_profile step=42304 command_ms=894.955333 gpu_ms=894.756666385 host_copy_ms=0.0175 full_state_readback=0
resting_native_profile step=42336 command_ms=883.337667 gpu_ms=882.76125025 host_copy_ms=0.014667 full_state_readback=0
resting_native_profile step=42368 command_ms=889.765917 gpu_ms=889.557625167 host_copy_ms=0.018291 full_state_readback=0
resting_native_profile step=42400 command_ms=887.376583 gpu_ms=886.739999987 host_copy_ms=0.012792 full_state_readback=0
resting_native_profile step=42432 command_ms=887.827083 gpu_ms=887.628874741 host_copy_ms=0.016333 full_state_readback=0
resting_native_profile step=42464 command_ms=889.031542 gpu_ms=888.412625529 host_copy_ms=0.012333 full_state_readback=0
resting_native_profile step=42496 command_ms=895.943458 gpu_ms=895.297874697 host_copy_ms=0.011958 full_state_readback=0
resting_native_profile step=42528 command_ms=894.341667 gpu_ms=893.636000343 host_copy_ms=0.02125 full_state_readback=0
resting_native_profile step=42560 command_ms=889.902875 gpu_ms=889.326457866 host_copy_ms=0.012417 full_state_readback=0
resting_native_profile step=42592 command_ms=894.379708 gpu_ms=893.727375194 host_copy_ms=0.014208 full_state_readback=0
resting_native_profile step=42624 command_ms=893.916917 gpu_ms=893.312624656 host_copy_ms=0.014041 full_state_readback=0
resting_native_profile step=42656 command_ms=887.88875 gpu_ms=887.309375219 host_copy_ms=0.01375 full_state_readback=0
resting_native_profile step=42688 command_ms=895.30775 gpu_ms=894.700208679 host_copy_ms=0.014167 full_state_readback=0
resting_native_profile step=42720 command_ms=887.814583 gpu_ms=887.179874815 host_copy_ms=0.013125 full_state_readback=0
resting_native_profile step=42752 command_ms=884.811625 gpu_ms=884.227749892 host_copy_ms=0.014917 full_state_readback=0
resting_native_profile step=42784 command_ms=901.016958 gpu_ms=900.434250012 host_copy_ms=0.013167 full_state_readback=0
resting_native_profile step=42816 command_ms=889.444125 gpu_ms=888.856874779 host_copy_ms=0.012959 full_state_readback=0
resting_native_profile step=42848 command_ms=887.231416 gpu_ms=886.679625139 host_copy_ms=0.0105 full_state_readback=0
resting_native_profile step=42880 command_ms=897.462834 gpu_ms=896.874000318 host_copy_ms=0.019208 full_state_readback=0
resting_native_profile step=42912 command_ms=895.959416 gpu_ms=895.370291546 host_copy_ms=0.013667 full_state_readback=0
resting_native_profile step=42944 command_ms=890.511458 gpu_ms=889.928166755 host_copy_ms=0.010792 full_state_readback=0
resting_native_profile step=42976 command_ms=888.68925 gpu_ms=888.133999892 host_copy_ms=0.014833 full_state_readback=0
resting_native_profile step=43008 command_ms=889.811125 gpu_ms=889.221833088 host_copy_ms=0.011666 full_state_readback=0
resting_native_profile step=43040 command_ms=885.017834 gpu_ms=884.433791041 host_copy_ms=0.01125 full_state_readback=0
resting_native_profile step=43072 command_ms=885.320208 gpu_ms=884.668416344 host_copy_ms=0.011292 full_state_readback=0
resting_native_profile step=43104 command_ms=884.477167 gpu_ms=883.874583058 host_copy_ms=0.011916 full_state_readback=0
resting_native_profile step=43136 command_ms=880.728875 gpu_ms=880.185500719 host_copy_ms=0.009166 full_state_readback=0
resting_native_profile step=43168 command_ms=884.409292 gpu_ms=883.81920848 host_copy_ms=0.009083 full_state_readback=0
resting_native_profile step=43200 command_ms=872.520083 gpu_ms=871.948749758 host_copy_ms=0.010125 full_state_readback=0
resting_native_profile step=43232 command_ms=873.485333 gpu_ms=873.303875327 host_copy_ms=0.010792 full_state_readback=0
resting_native_profile step=43264 command_ms=876.142084 gpu_ms=875.493667088 host_copy_ms=0.009666 full_state_readback=0
resting_native_profile step=43296 command_ms=887.849125 gpu_ms=887.251541018 host_copy_ms=0.008959 full_state_readback=0
resting_native_profile step=43328 command_ms=888.557583 gpu_ms=887.971624732 host_copy_ms=0.00975 full_state_readback=0
resting_native_profile step=43360 command_ms=880.176458 gpu_ms=879.583875649 host_copy_ms=0.008708 full_state_readback=0
resting_native_profile step=43392 command_ms=885.097459 gpu_ms=884.475708008 host_copy_ms=0.010708 full_state_readback=0
resting_native_profile step=43424 command_ms=884.265834 gpu_ms=883.712041192 host_copy_ms=0.007708 full_state_readback=0
resting_native_profile step=43456 command_ms=876.819042 gpu_ms=876.141708344 host_copy_ms=0.009333 full_state_readback=0
resting_native_profile step=43488 command_ms=879.570959 gpu_ms=878.996458836 host_copy_ms=0.008833 full_state_readback=0
resting_native_profile step=43520 command_ms=878.977958 gpu_ms=878.37349996 host_copy_ms=0.009375 full_state_readback=0
resting_native_profile step=43552 command_ms=884.359292 gpu_ms=883.716083132 host_copy_ms=0.008 full_state_readback=0
resting_native_profile step=43584 command_ms=878.2 gpu_ms=877.586125396 host_copy_ms=0.012125 full_state_readback=0
resting_native_profile step=43616 command_ms=889.312084 gpu_ms=888.713833876 host_copy_ms=0.008791 full_state_readback=0
resting_native_profile step=43648 command_ms=885.522916 gpu_ms=884.96562466 host_copy_ms=0.0095 full_state_readback=0
resting_native_profile step=43680 command_ms=878.420375 gpu_ms=877.858375199 host_copy_ms=0.008708 full_state_readback=0
resting_native_profile step=43712 command_ms=875.3 gpu_ms=874.73612465 host_copy_ms=0.008084 full_state_readback=0
resting_native_profile step=43744 command_ms=878.541042 gpu_ms=877.996416762 host_copy_ms=0.00875 full_state_readback=0
resting_native_profile step=43776 command_ms=882.037042 gpu_ms=881.512625143 host_copy_ms=0.007625 full_state_readback=0
resting_native_profile step=43808 command_ms=874.696041 gpu_ms=874.130083248 host_copy_ms=0.008459 full_state_readback=0
resting_native_profile step=43840 command_ms=882.747042 gpu_ms=882.174916565 host_copy_ms=0.009 full_state_readback=0
resting_native_profile step=43872 command_ms=884.230833 gpu_ms=883.621999994 host_copy_ms=0.009459 full_state_readback=0
resting_native_profile step=43904 command_ms=883.457792 gpu_ms=882.859124802 host_copy_ms=0.009 full_state_readback=0
resting_native_profile step=43936 command_ms=882.065292 gpu_ms=881.873000413 host_copy_ms=0.01275 full_state_readback=0
resting_native_profile step=43968 command_ms=886.715041 gpu_ms=886.16937492 host_copy_ms=0.008917 full_state_readback=0
resting_native_profile step=44000 command_ms=879.481667 gpu_ms=878.930625506 host_copy_ms=0.00825 full_state_readback=0
resting_native_profile step=44032 command_ms=889.152875 gpu_ms=888.53662461 host_copy_ms=0.009292 full_state_readback=0
resting_native_profile step=44064 command_ms=881.995916 gpu_ms=881.392291747 host_copy_ms=0.009375 full_state_readback=0
resting_native_profile step=44096 command_ms=888.246125 gpu_ms=887.590625323 host_copy_ms=0.008666 full_state_readback=0
resting_native_profile step=44128 command_ms=877.28425 gpu_ms=876.638333313 host_copy_ms=0.008208 full_state_readback=0
resting_native_profile step=44160 command_ms=876.554792 gpu_ms=875.924999826 host_copy_ms=0.007917 full_state_readback=0
resting_native_profile step=44192 command_ms=885.295667 gpu_ms=885.085499845 host_copy_ms=0.0095 full_state_readback=0
resting_native_profile step=44224 command_ms=879.449333 gpu_ms=878.783208318 host_copy_ms=0.008334 full_state_readback=0
resting_native_profile step=44256 command_ms=882.079875 gpu_ms=881.417624652 host_copy_ms=0.008042 full_state_readback=0
resting_native_profile step=44288 command_ms=880.032708 gpu_ms=879.350500181 host_copy_ms=0.013 full_state_readback=0
resting_native_profile step=44320 command_ms=882.644292 gpu_ms=882.046917453 host_copy_ms=0.008375 full_state_readback=0
resting_native_profile step=44352 command_ms=883.885041 gpu_ms=883.29545781 host_copy_ms=0.010209 full_state_readback=0
resting_native_profile step=44384 command_ms=884.401625 gpu_ms=883.779167198 host_copy_ms=0.007875 full_state_readback=0
resting_native_profile step=44416 command_ms=879.544625 gpu_ms=879.058750346 host_copy_ms=0.009833 full_state_readback=0
resting_native_profile step=44448 command_ms=875.857041 gpu_ms=875.314791687 host_copy_ms=0.00775 full_state_readback=0
resting_native_profile step=44480 command_ms=884.215042 gpu_ms=883.719666861 host_copy_ms=0.009417 full_state_readback=0
resting_native_profile step=44512 command_ms=877.884667 gpu_ms=877.317250706 host_copy_ms=0.008333 full_state_readback=0
resting_native_profile step=44544 command_ms=870.62975 gpu_ms=869.989500381 host_copy_ms=0.00875 full_state_readback=0
resting_native_profile step=44576 command_ms=877.497959 gpu_ms=876.899583265 host_copy_ms=0.0105 full_state_readback=0
resting_native_profile step=44608 command_ms=873.62975 gpu_ms=873.0157502 host_copy_ms=0.008333 full_state_readback=0
resting_native_profile step=44640 command_ms=885.794709 gpu_ms=885.118125007 host_copy_ms=0.012375 full_state_readback=0
resting_native_profile step=44672 command_ms=879.651833 gpu_ms=879.117624834 host_copy_ms=0.008583 full_state_readback=0
resting_native_profile step=44704 command_ms=873.529042 gpu_ms=872.973625548 host_copy_ms=0.009708 full_state_readback=0
resting_native_profile step=44736 command_ms=883.779542 gpu_ms=883.188624866 host_copy_ms=0.008667 full_state_readback=0
resting_native_profile step=44768 command_ms=874.996833 gpu_ms=874.372375198 host_copy_ms=0.008208 full_state_readback=0
resting_native_profile step=44800 command_ms=884.0555 gpu_ms=883.854249492 host_copy_ms=0.0095 full_state_readback=0
resting_native_profile step=44832 command_ms=883.646375 gpu_ms=883.077833802 host_copy_ms=0.0105 full_state_readback=0
resting_native_profile step=44864 command_ms=889.99175 gpu_ms=889.410458505 host_copy_ms=0.008208 full_state_readback=0
resting_native_profile step=44896 command_ms=877.464083 gpu_ms=876.822667196 host_copy_ms=0.00875 full_state_readback=0
resting_native_profile step=44928 command_ms=873.430417 gpu_ms=872.857540846 host_copy_ms=0.009458 full_state_readback=0
resting_native_profile step=44960 command_ms=874.810292 gpu_ms=874.59995877 host_copy_ms=0.008708 full_state_readback=0
resting_native_profile step=44992 command_ms=882.34575 gpu_ms=881.706458516 host_copy_ms=0.013542 full_state_readback=0
resting_native_profile step=45024 command_ms=880.3995 gpu_ms=880.182749592 host_copy_ms=0.008459 full_state_readback=0
resting_native_profile step=45056 command_ms=885.701833 gpu_ms=885.014499538 host_copy_ms=0.015042 full_state_readback=0
resting_native_profile step=45088 command_ms=886.538458 gpu_ms=885.816374794 host_copy_ms=0.01325 full_state_readback=0
resting_native_profile step=45120 command_ms=888.287209 gpu_ms=887.632125057 host_copy_ms=0.014291 full_state_readback=0
resting_native_profile step=45152 command_ms=889.395666 gpu_ms=888.779457659 host_copy_ms=0.015125 full_state_readback=0
resting_native_profile step=45184 command_ms=888.414 gpu_ms=887.832666747 host_copy_ms=0.014542 full_state_readback=0
resting_native_profile step=45216 command_ms=890.719 gpu_ms=890.139708295 host_copy_ms=0.015125 full_state_readback=0
resting_native_profile step=45248 command_ms=890.870875 gpu_ms=890.293290839 host_copy_ms=0.014416 full_state_readback=0
resting_native_profile step=45280 command_ms=884.785958 gpu_ms=884.593875147 host_copy_ms=0.013584 full_state_readback=0
resting_native_profile step=45312 command_ms=890.791334 gpu_ms=890.228291973 host_copy_ms=0.014333 full_state_readback=0
resting_native_profile step=45344 command_ms=882.051875 gpu_ms=881.451499648 host_copy_ms=0.019917 full_state_readback=0
resting_native_profile step=45376 command_ms=877.224041 gpu_ms=877.026207745 host_copy_ms=0.014209 full_state_readback=0
resting_native_profile step=45408 command_ms=882.985083 gpu_ms=882.410624996 host_copy_ms=0.01475 full_state_readback=0
resting_native_profile step=45440 command_ms=893.836958 gpu_ms=893.640583381 host_copy_ms=0.0135 full_state_readback=0
resting_native_profile step=45472 command_ms=895.80425 gpu_ms=895.227124915 host_copy_ms=0.013542 full_state_readback=0
resting_native_profile step=45504 command_ms=889.042292 gpu_ms=888.536458835 host_copy_ms=0.004875 full_state_readback=0
resting_native_profile step=45536 command_ms=895.477625 gpu_ms=894.903083332 host_copy_ms=0.011167 full_state_readback=0
resting_native_profile step=45568 command_ms=893.638208 gpu_ms=893.047874793 host_copy_ms=0.011208 full_state_readback=0
resting_native_profile step=45600 command_ms=880.949541 gpu_ms=880.321624689 host_copy_ms=0.011042 full_state_readback=0
resting_native_profile step=45632 command_ms=883.053333 gpu_ms=882.420958951 host_copy_ms=0.010875 full_state_readback=0
resting_native_profile step=45664 command_ms=888.986875 gpu_ms=888.327250257 host_copy_ms=0.014167 full_state_readback=0
resting_native_profile step=45696 command_ms=888.942125 gpu_ms=888.304499909 host_copy_ms=0.018417 full_state_readback=0
resting_native_profile step=45728 command_ms=887.412667 gpu_ms=886.84091717 host_copy_ms=0.013166 full_state_readback=0
resting_native_profile step=45760 command_ms=886.026167 gpu_ms=885.410167277 host_copy_ms=0.014125 full_state_readback=0
resting_native_profile step=45792 command_ms=890.435792 gpu_ms=890.172500163 host_copy_ms=0.013083 full_state_readback=0
resting_native_profile step=45824 command_ms=887.746 gpu_ms=887.122957967 host_copy_ms=0.013417 full_state_readback=0
resting_native_profile step=45856 command_ms=887.02225 gpu_ms=886.827583425 host_copy_ms=0.013709 full_state_readback=0
resting_native_profile step=45888 command_ms=883.5025 gpu_ms=882.964625023 host_copy_ms=0.011166 full_state_readback=0
resting_native_profile step=45920 command_ms=890.152833 gpu_ms=889.485041611 host_copy_ms=0.012834 full_state_readback=0
resting_native_profile step=45952 command_ms=891.264625 gpu_ms=890.690624714 host_copy_ms=0.012833 full_state_readback=0
resting_native_profile step=45984 command_ms=891.441375 gpu_ms=890.880375169 host_copy_ms=0.0135 full_state_readback=0
resting_native_profile step=46016 command_ms=889.791541 gpu_ms=889.223375358 host_copy_ms=0.007084 full_state_readback=0
resting_native_profile step=46048 command_ms=903.536084 gpu_ms=903.3389166 host_copy_ms=0.017291 full_state_readback=0
resting_native_profile step=46080 command_ms=884.495833 gpu_ms=883.846707642 host_copy_ms=0.011917 full_state_readback=0
resting_native_profile step=46112 command_ms=887.534708 gpu_ms=886.959875003 host_copy_ms=0.011958 full_state_readback=0
resting_native_profile step=46144 command_ms=887.60875 gpu_ms=887.032499537 host_copy_ms=0.011792 full_state_readback=0
resting_native_profile step=46176 command_ms=890.800917 gpu_ms=890.149374492 host_copy_ms=0.011916 full_state_readback=0
resting_native_profile step=46208 command_ms=891.827833 gpu_ms=891.270916909 host_copy_ms=0.01325 full_state_readback=0
resting_native_profile step=46240 command_ms=889.629375 gpu_ms=888.980249874 host_copy_ms=0.014125 full_state_readback=0
resting_native_profile step=46272 command_ms=888.156083 gpu_ms=887.571583502 host_copy_ms=0.01375 full_state_readback=0
resting_native_profile step=46304 command_ms=893.033792 gpu_ms=892.845875584 host_copy_ms=0.01425 full_state_readback=0
resting_native_profile step=46336 command_ms=897.404458 gpu_ms=896.84775006 host_copy_ms=0.014125 full_state_readback=0
resting_native_profile step=46368 command_ms=890.787292 gpu_ms=890.21587465 host_copy_ms=0.013458 full_state_readback=0
resting_native_profile step=46400 command_ms=891.949792 gpu_ms=891.309416853 host_copy_ms=0.015167 full_state_readback=0
resting_native_profile step=46432 command_ms=876.521875 gpu_ms=875.963667408 host_copy_ms=0.016958 full_state_readback=0
resting_native_profile step=46464 command_ms=883.591709 gpu_ms=883.389624767 host_copy_ms=0.015125 full_state_readback=0
resting_native_profile step=46496 command_ms=892.099125 gpu_ms=891.495625488 host_copy_ms=0.015375 full_state_readback=0
resting_native_profile step=46528 command_ms=888.33025 gpu_ms=888.133458793 host_copy_ms=0.014792 full_state_readback=0
resting_native_profile step=46560 command_ms=892.780084 gpu_ms=892.133291811 host_copy_ms=0.014541 full_state_readback=0
resting_native_profile step=46592 command_ms=889.3475 gpu_ms=888.786832802 host_copy_ms=0.014083 full_state_readback=0
resting_native_profile step=46624 command_ms=888.300209 gpu_ms=887.694249861 host_copy_ms=0.014083 full_state_readback=0
resting_native_profile step=46656 command_ms=883.528542 gpu_ms=882.939750329 host_copy_ms=0.019667 full_state_readback=0
resting_native_profile step=46688 command_ms=900.532042 gpu_ms=899.899874814 host_copy_ms=0.015333 full_state_readback=0
resting_native_profile step=46720 command_ms=889.601167 gpu_ms=888.97950016 host_copy_ms=0.01275 full_state_readback=0
resting_native_profile step=46752 command_ms=889.916375 gpu_ms=889.326999895 host_copy_ms=0.017292 full_state_readback=0
resting_native_profile step=46784 command_ms=890.529833 gpu_ms=889.948499389 host_copy_ms=0.014125 full_state_readback=0
resting_native_profile step=46816 command_ms=885.25675 gpu_ms=884.61383339 host_copy_ms=0.014792 full_state_readback=0
resting_native_profile step=46848 command_ms=897.012667 gpu_ms=896.442334168 host_copy_ms=0.014333 full_state_readback=0
resting_native_profile step=46880 command_ms=896.652792 gpu_ms=896.0827915 host_copy_ms=0.014542 full_state_readback=0
resting_native_profile step=46912 command_ms=892.155709 gpu_ms=891.563625075 host_copy_ms=0.013958 full_state_readback=0
resting_native_profile step=46944 command_ms=887.531833 gpu_ms=886.902249418 host_copy_ms=0.013958 full_state_readback=0
resting_native_profile step=46976 command_ms=893.111958 gpu_ms=892.547916621 host_copy_ms=0.011125 full_state_readback=0
resting_native_profile step=47008 command_ms=887.014583 gpu_ms=886.40512526 host_copy_ms=0.014 full_state_readback=0
resting_native_profile step=47040 command_ms=887.497916 gpu_ms=886.965666898 host_copy_ms=0.013459 full_state_readback=0
resting_native_profile step=47072 command_ms=887.091709 gpu_ms=886.447291821 host_copy_ms=0.014791 full_state_readback=0
resting_native_profile step=47104 command_ms=890.913541 gpu_ms=890.35812486 host_copy_ms=0.015625 full_state_readback=0
resting_native_profile step=47136 command_ms=880.298208 gpu_ms=879.641291685 host_copy_ms=0.017709 full_state_readback=0
resting_native_profile step=47168 command_ms=893.917625 gpu_ms=893.28979142 host_copy_ms=0.014291 full_state_readback=0
resting_native_profile step=47200 command_ms=895.276333 gpu_ms=894.655792043 host_copy_ms=0.016834 full_state_readback=0
resting_native_profile step=47232 command_ms=889.333 gpu_ms=888.737875037 host_copy_ms=0.012417 full_state_readback=0
resting_native_profile step=47264 command_ms=887.232583 gpu_ms=887.019458227 host_copy_ms=0.012375 full_state_readback=0
resting_native_profile step=47296 command_ms=894.915417 gpu_ms=894.332208671 host_copy_ms=0.01175 full_state_readback=0
resting_native_profile step=47328 command_ms=888.563041 gpu_ms=887.944250368 host_copy_ms=0.015042 full_state_readback=0
resting_native_profile step=47360 command_ms=886.512791 gpu_ms=885.939625092 host_copy_ms=0.014834 full_state_readback=0
resting_native_profile step=47392 command_ms=885.5035 gpu_ms=884.951374494 host_copy_ms=0.014167 full_state_readback=0
resting_native_profile step=47424 command_ms=894.226792 gpu_ms=893.498541787 host_copy_ms=0.014125 full_state_readback=0
resting_native_profile step=47456 command_ms=893.396042 gpu_ms=892.823749222 host_copy_ms=0.020791 full_state_readback=0
resting_native_profile step=47488 command_ms=894.446541 gpu_ms=894.26033292 host_copy_ms=0.013584 full_state_readback=0
resting_native_profile step=47520 command_ms=884.916125 gpu_ms=884.285749868 host_copy_ms=0.013541 full_state_readback=0
resting_native_profile step=47552 command_ms=881.171834 gpu_ms=880.581624806 host_copy_ms=0.02025 full_state_readback=0
resting_native_profile step=47584 command_ms=879.879292 gpu_ms=879.284124821 host_copy_ms=0.015 full_state_readback=0
resting_native_profile step=47616 command_ms=888.544834 gpu_ms=887.99087517 host_copy_ms=0.016083 full_state_readback=0
resting_native_profile step=47648 command_ms=896.654875 gpu_ms=896.17974963 host_copy_ms=0.015083 full_state_readback=0
resting_native_profile step=47680 command_ms=887.012875 gpu_ms=886.410791427 host_copy_ms=0.01625 full_state_readback=0
resting_native_profile step=47712 command_ms=895.997417 gpu_ms=895.434999838 host_copy_ms=0.01525 full_state_readback=0
resting_native_profile step=47744 command_ms=898.152458 gpu_ms=897.559499368 host_copy_ms=0.014292 full_state_readback=0
resting_native_profile step=47776 command_ms=881.164166 gpu_ms=880.583041348 host_copy_ms=0.014792 full_state_readback=0
resting_native_profile step=47808 command_ms=888.912167 gpu_ms=888.366125524 host_copy_ms=0.00775 full_state_readback=0
resting_native_profile step=47840 command_ms=897.437375 gpu_ms=896.85133379 host_copy_ms=0.011916 full_state_readback=0
resting_native_profile step=47872 command_ms=897.342875 gpu_ms=896.781625226 host_copy_ms=0.011042 full_state_readback=0
resting_native_profile step=47904 command_ms=896.063166 gpu_ms=895.481083542 host_copy_ms=0.013875 full_state_readback=0
resting_native_profile step=47936 command_ms=891.001042 gpu_ms=890.354166739 host_copy_ms=0.013792 full_state_readback=0
resting_native_profile step=47968 command_ms=883.144167 gpu_ms=882.560249418 host_copy_ms=0.013583 full_state_readback=0
resting_native_profile step=48000 command_ms=884.348417 gpu_ms=883.754416369 host_copy_ms=0.013708 full_state_readback=0
resting_native_profile step=48032 command_ms=891.8415 gpu_ms=891.192999668 host_copy_ms=0.017917 full_state_readback=0
resting_native_profile step=48064 command_ms=901.865125 gpu_ms=901.658916846 host_copy_ms=0.014208 full_state_readback=0
resting_native_profile step=48096 command_ms=889.399375 gpu_ms=888.721625321 host_copy_ms=0.011 full_state_readback=0
resting_native_profile step=48128 command_ms=889.227 gpu_ms=888.555541635 host_copy_ms=0.015542 full_state_readback=0
resting_native_profile step=48160 command_ms=881.628 gpu_ms=881.018958054 host_copy_ms=0.018625 full_state_readback=0
resting_native_profile step=48192 command_ms=889.583792 gpu_ms=888.956999406 host_copy_ms=0.013 full_state_readback=0
resting_native_profile step=48224 command_ms=883.919042 gpu_ms=883.334875107 host_copy_ms=0.014542 full_state_readback=0
resting_native_profile step=48256 command_ms=888.349833 gpu_ms=887.77675014 host_copy_ms=0.014167 full_state_readback=0
resting_native_profile step=48288 command_ms=882.788042 gpu_ms=882.229125127 host_copy_ms=0.016833 full_state_readback=0
resting_native_profile step=48320 command_ms=889.86675 gpu_ms=889.666750096 host_copy_ms=0.008125 full_state_readback=0
resting_native_profile step=48352 command_ms=890.184792 gpu_ms=889.531624503 host_copy_ms=0.008583 full_state_readback=0
resting_native_profile step=48384 command_ms=877.299042 gpu_ms=876.744667068 host_copy_ms=0.006708 full_state_readback=0
resting_native_profile step=48416 command_ms=880.145708 gpu_ms=879.534500651 host_copy_ms=0.017375 full_state_readback=0
resting_native_profile step=48448 command_ms=888.549167 gpu_ms=887.902375311 host_copy_ms=0.0155 full_state_readback=0
resting_native_profile step=48480 command_ms=893.327625 gpu_ms=892.684000544 host_copy_ms=0.0165 full_state_readback=0
resting_native_profile step=48512 command_ms=885.4405 gpu_ms=884.809250012 host_copy_ms=0.021209 full_state_readback=0
resting_native_profile step=48544 command_ms=899.666042 gpu_ms=899.111375213 host_copy_ms=0.01525 full_state_readback=0
resting_native_profile step=48576 command_ms=892.131875 gpu_ms=891.569875181 host_copy_ms=0.012416 full_state_readback=0
resting_native_profile step=48608 command_ms=893.537417 gpu_ms=892.886875197 host_copy_ms=0.014 full_state_readback=0
resting_native_profile step=48640 command_ms=884.470833 gpu_ms=883.903166279 host_copy_ms=0.013708 full_state_readback=0
resting_native_profile step=48672 command_ms=894.066083 gpu_ms=893.415125087 host_copy_ms=0.0135 full_state_readback=0
resting_native_profile step=48704 command_ms=887.285291 gpu_ms=886.702333577 host_copy_ms=0.013584 full_state_readback=0
resting_native_profile step=48736 command_ms=893.171 gpu_ms=892.59875007 host_copy_ms=0.013167 full_state_readback=0
resting_native_profile step=48768 command_ms=888.579834 gpu_ms=887.916125357 host_copy_ms=0.014 full_state_readback=0
resting_native_profile step=48800 command_ms=896.205625 gpu_ms=896.016208455 host_copy_ms=0.013792 full_state_readback=0
resting_native_profile step=48832 command_ms=890.524083 gpu_ms=890.0193749 host_copy_ms=0.013417 full_state_readback=0
resting_native_profile step=48864 command_ms=903.241584 gpu_ms=902.598166838 host_copy_ms=0.019541 full_state_readback=0
resting_native_profile step=48896 command_ms=887.546417 gpu_ms=886.957124807 host_copy_ms=0.010958 full_state_readback=0
resting_native_profile step=48928 command_ms=890.941792 gpu_ms=890.375541523 host_copy_ms=0.011166 full_state_readback=0
resting_native_profile step=48960 command_ms=888.483458 gpu_ms=887.874208391 host_copy_ms=0.011125 full_state_readback=0
resting_native_profile step=48992 command_ms=890.408084 gpu_ms=889.799582772 host_copy_ms=0.011791 full_state_readback=0
resting_native_profile step=49024 command_ms=881.247666 gpu_ms=880.558583885 host_copy_ms=0.012917 full_state_readback=0
resting_native_profile step=49056 command_ms=893.050209 gpu_ms=892.420457676 host_copy_ms=0.013166 full_state_readback=0
resting_native_profile step=49088 command_ms=882.785291 gpu_ms=882.181124762 host_copy_ms=0.011 full_state_readback=0
resting_native_profile step=49120 command_ms=887.49025 gpu_ms=886.919583194 host_copy_ms=0.013708 full_state_readback=0
resting_native_profile step=49152 command_ms=885.0105 gpu_ms=884.434249252 host_copy_ms=0.013291 full_state_readback=0
resting_native_profile step=49184 command_ms=888.19875 gpu_ms=887.565874495 host_copy_ms=0.013375 full_state_readback=0
resting_native_profile step=49216 command_ms=890.215292 gpu_ms=890.023166314 host_copy_ms=0.016083 full_state_readback=0
resting_native_profile step=49248 command_ms=886.901583 gpu_ms=886.276417412 host_copy_ms=0.013 full_state_readback=0
resting_native_profile step=49280 command_ms=887.090916 gpu_ms=886.516749859 host_copy_ms=0.013459 full_state_readback=0
resting_native_profile step=49312 command_ms=894.82225 gpu_ms=894.246292301 host_copy_ms=0.010334 full_state_readback=0
resting_native_profile step=49344 command_ms=886.474625 gpu_ms=885.934459046 host_copy_ms=0.010583 full_state_readback=0
resting_native_profile step=49376 command_ms=895.157542 gpu_ms=894.528000616 host_copy_ms=0.013542 full_state_readback=0
resting_native_profile step=49408 command_ms=879.572333 gpu_ms=878.987999633 host_copy_ms=0.011334 full_state_readback=0
resting_native_profile step=49440 command_ms=892.155375 gpu_ms=891.545416787 host_copy_ms=0.010417 full_state_readback=0
resting_native_profile step=49472 command_ms=888.854291 gpu_ms=888.662542216 host_copy_ms=0.011 full_state_readback=0
resting_native_profile step=49504 command_ms=890.052708 gpu_ms=889.437124133 host_copy_ms=0.01025 full_state_readback=0
resting_native_profile step=49536 command_ms=889.2065 gpu_ms=888.543583453 host_copy_ms=0.013208 full_state_readback=0
resting_native_profile step=49568 command_ms=885.304666 gpu_ms=884.702250361 host_copy_ms=0.01825 full_state_readback=0
resting_native_profile step=49600 command_ms=884.040958 gpu_ms=883.475249633 host_copy_ms=0.013292 full_state_readback=0
resting_native_profile step=49632 command_ms=884.083417 gpu_ms=883.435749449 host_copy_ms=0.013042 full_state_readback=0
resting_native_profile step=49664 command_ms=882.866792 gpu_ms=882.295874879 host_copy_ms=0.012916 full_state_readback=0
resting_native_profile step=49696 command_ms=892.516416 gpu_ms=891.941124573 host_copy_ms=0.013167 full_state_readback=0
resting_native_profile step=49728 command_ms=891.362833 gpu_ms=890.773124993 host_copy_ms=0.013667 full_state_readback=0
resting_native_profile step=49760 command_ms=885.452917 gpu_ms=884.819000028 host_copy_ms=0.013416 full_state_readback=0
resting_native_profile step=49792 command_ms=887.02625 gpu_ms=886.444250122 host_copy_ms=0.013375 full_state_readback=0
resting_native_profile step=49824 command_ms=896.186667 gpu_ms=895.588083193 host_copy_ms=0.013333 full_state_readback=0
resting_native_profile step=49856 command_ms=887.935375 gpu_ms=887.384458445 host_copy_ms=0.013875 full_state_readback=0
resting_native_profile step=49888 command_ms=889.140333 gpu_ms=888.534042053 host_copy_ms=0.004625 full_state_readback=0
resting_native_profile step=49920 command_ms=893.593625 gpu_ms=893.402749673 host_copy_ms=0.018667 full_state_readback=0
resting_native_profile step=49952 command_ms=887.89725 gpu_ms=887.31737528 host_copy_ms=0.013333 full_state_readback=0
resting_native_profile step=49984 command_ms=883.965292 gpu_ms=883.381708525 host_copy_ms=0.011417 full_state_readback=0
resting_native_profile step=50016 command_ms=896.51375 gpu_ms=895.888624713 host_copy_ms=0.011083 full_state_readback=0
resting_native_profile step=50048 command_ms=890.673875 gpu_ms=890.068958513 host_copy_ms=0.010875 full_state_readback=0
resting_native_profile step=50080 command_ms=880.10575 gpu_ms=879.436999559 host_copy_ms=0.01625 full_state_readback=0
resting_native_profile step=50112 command_ms=893.56 gpu_ms=893.359750509 host_copy_ms=0.01525 full_state_readback=0
resting_native_profile step=50144 command_ms=892.357792 gpu_ms=891.782375053 host_copy_ms=0.015333 full_state_readback=0
resting_native_profile step=50176 command_ms=879.74275 gpu_ms=879.097666591 host_copy_ms=0.013917 full_state_readback=0
resting_native_profile step=50208 command_ms=886.437459 gpu_ms=885.830374435 host_copy_ms=0.014083 full_state_readback=0
resting_native_profile step=50240 command_ms=890.341875 gpu_ms=889.755374752 host_copy_ms=0.011333 full_state_readback=0
resting_native_profile step=50272 command_ms=889.522583 gpu_ms=888.845041394 host_copy_ms=0.007375 full_state_readback=0
resting_native_profile step=50304 command_ms=891.096583 gpu_ms=890.911582857 host_copy_ms=0.013459 full_state_readback=0
resting_native_profile step=50336 command_ms=885.980417 gpu_ms=885.340458713 host_copy_ms=0.013958 full_state_readback=0
resting_native_profile step=50368 command_ms=889.202291 gpu_ms=888.626874425 host_copy_ms=0.013292 full_state_readback=0
resting_native_profile step=50400 command_ms=888.153583 gpu_ms=887.611499988 host_copy_ms=0.013625 full_state_readback=0
resting_native_profile step=50432 command_ms=888.125083 gpu_ms=887.527374551 host_copy_ms=0.0145 full_state_readback=0
resting_native_profile step=50464 command_ms=891.080958 gpu_ms=890.51037468 host_copy_ms=0.013084 full_state_readback=0
resting_native_profile step=50496 command_ms=884.799542 gpu_ms=884.214499965 host_copy_ms=0.010958 full_state_readback=0
resting_native_profile step=50528 command_ms=893.008042 gpu_ms=892.807708122 host_copy_ms=0.011083 full_state_readback=0
resting_native_profile step=50560 command_ms=879.45025 gpu_ms=878.865833394 host_copy_ms=0.011208 full_state_readback=0
resting_native_profile step=50592 command_ms=890.61975 gpu_ms=890.001375228 host_copy_ms=0.011292 full_state_readback=0
resting_native_profile step=50624 command_ms=894.193916 gpu_ms=893.634208478 host_copy_ms=0.019125 full_state_readback=0
resting_native_profile step=50656 command_ms=875.58625 gpu_ms=874.944999814 host_copy_ms=0.018042 full_state_readback=0
resting_native_profile step=50688 command_ms=894.4965 gpu_ms=893.844875507 host_copy_ms=0.015375 full_state_readback=0
resting_native_profile step=50720 command_ms=882.318417 gpu_ms=881.659625098 host_copy_ms=0.014125 full_state_readback=0
resting_native_profile step=50752 command_ms=891.591459 gpu_ms=890.971542336 host_copy_ms=0.014208 full_state_readback=0
resting_native_profile step=50784 command_ms=895.950542 gpu_ms=895.396417007 host_copy_ms=0.015292 full_state_readback=0
resting_native_profile step=50816 command_ms=887.095167 gpu_ms=886.544374749 host_copy_ms=0.014541 full_state_readback=0
resting_native_profile step=50848 command_ms=887.696959 gpu_ms=887.07866706 host_copy_ms=0.0155 full_state_readback=0
resting_native_profile step=50880 command_ms=895.892084 gpu_ms=895.70337534 host_copy_ms=0.014208 full_state_readback=0
resting_native_profile step=50912 command_ms=893.608792 gpu_ms=893.039207906 host_copy_ms=0.013708 full_state_readback=0
resting_native_profile step=50944 command_ms=883.449292 gpu_ms=882.815666497 host_copy_ms=0.014791 full_state_readback=0
resting_native_profile step=50976 command_ms=896.890167 gpu_ms=896.294166334 host_copy_ms=0.019333 full_state_readback=0
resting_native_profile step=51008 command_ms=893.12625 gpu_ms=892.516458407 host_copy_ms=0.013166 full_state_readback=0
resting_native_profile step=51040 command_ms=890.888208 gpu_ms=890.206625685 host_copy_ms=0.010542 full_state_readback=0
resting_native_profile step=51072 command_ms=888.234208 gpu_ms=887.617333792 host_copy_ms=0.012125 full_state_readback=0
resting_native_profile step=51104 command_ms=889.584542 gpu_ms=888.943708502 host_copy_ms=0.011458 full_state_readback=0
resting_native_profile step=51136 command_ms=887.360792 gpu_ms=886.720124632 host_copy_ms=0.011041 full_state_readback=0
resting_native_profile step=51168 command_ms=889.275042 gpu_ms=888.69599998 host_copy_ms=0.011875 full_state_readback=0
resting_native_profile step=51200 command_ms=890.131459 gpu_ms=889.565167017 host_copy_ms=0.013291 full_state_readback=0
resting_native_profile step=51232 command_ms=892.527167 gpu_ms=891.828292049 host_copy_ms=0.013583 full_state_readback=0
resting_native_profile step=51264 command_ms=891.008417 gpu_ms=890.435124747 host_copy_ms=0.01375 full_state_readback=0
resting_native_profile step=51296 command_ms=887.853125 gpu_ms=887.225750834 host_copy_ms=0.013375 full_state_readback=0
resting_native_profile step=51328 command_ms=889.994459 gpu_ms=889.458083548 host_copy_ms=0.020166 full_state_readback=0
resting_native_profile step=51360 command_ms=891.526166 gpu_ms=890.855249949 host_copy_ms=0.014542 full_state_readback=0
resting_native_profile step=51392 command_ms=886.692209 gpu_ms=886.140000075 host_copy_ms=0.013416 full_state_readback=0
resting_native_profile step=51424 command_ms=894.766875 gpu_ms=894.135749899 host_copy_ms=0.010875 full_state_readback=0
resting_native_profile step=51456 command_ms=891.935834 gpu_ms=891.334999353 host_copy_ms=0.0135 full_state_readback=0
resting_native_profile step=51488 command_ms=895.148834 gpu_ms=894.579874352 host_copy_ms=0.013541 full_state_readback=0
resting_native_profile step=51520 command_ms=887.994417 gpu_ms=887.800291181 host_copy_ms=0.013875 full_state_readback=0
resting_native_profile step=51552 command_ms=877.988 gpu_ms=877.422000282 host_copy_ms=0.011666 full_state_readback=0
resting_native_profile step=51584 command_ms=896.706208 gpu_ms=896.164291538 host_copy_ms=0.013833 full_state_readback=0
resting_native_profile step=51616 command_ms=887.074334 gpu_ms=886.468041688 host_copy_ms=0.011041 full_state_readback=0
resting_native_profile step=51648 command_ms=888.125791 gpu_ms=887.403874658 host_copy_ms=0.010917 full_state_readback=0
resting_native_profile step=51680 command_ms=890.896083 gpu_ms=890.287875198 host_copy_ms=0.0225 full_state_readback=0
resting_native_profile step=51712 command_ms=888.303791 gpu_ms=887.656250037 host_copy_ms=0.018459 full_state_readback=0
resting_native_profile step=51744 command_ms=870.72125 gpu_ms=870.08649949 host_copy_ms=0.01475 full_state_readback=0
resting_native_profile step=51776 command_ms=883.593583 gpu_ms=883.021375164 host_copy_ms=0.015375 full_state_readback=0
resting_native_profile step=51808 command_ms=886.855875 gpu_ms=886.167082936 host_copy_ms=0.01525 full_state_readback=0
resting_native_profile step=51840 command_ms=888.077833 gpu_ms=887.782833539 host_copy_ms=0.019292 full_state_readback=0
resting_native_profile step=51872 command_ms=889.413959 gpu_ms=888.833999634 host_copy_ms=0.014083 full_state_readback=0
resting_native_profile step=51904 command_ms=889.679875 gpu_ms=889.441499487 host_copy_ms=0.01525 full_state_readback=0
resting_native_profile step=51936 command_ms=880.276208 gpu_ms=879.641625099 host_copy_ms=0.007667 full_state_readback=0
resting_native_profile step=51968 command_ms=881.801125 gpu_ms=881.145916879 host_copy_ms=0.008708 full_state_readback=0
resting_native_profile step=52000 command_ms=888.155083 gpu_ms=887.506250292 host_copy_ms=0.009584 full_state_readback=0
resting_native_profile step=52032 command_ms=876.299958 gpu_ms=875.675624236 host_copy_ms=0.025375 full_state_readback=0
resting_native_profile step=52064 command_ms=891.527125 gpu_ms=890.950124711 host_copy_ms=0.015625 full_state_readback=0
resting_native_profile step=52096 command_ms=886.5945 gpu_ms=886.015875265 host_copy_ms=0.015833 full_state_readback=0
resting_native_profile step=52128 command_ms=884.563917 gpu_ms=884.015124291 host_copy_ms=0.018417 full_state_readback=0
resting_native_profile step=52160 command_ms=897.796542 gpu_ms=897.21616637 host_copy_ms=0.014542 full_state_readback=0
resting_native_profile step=52192 command_ms=882.946125 gpu_ms=882.387249731 host_copy_ms=0.011334 full_state_readback=0
resting_native_profile step=52224 command_ms=891.283916 gpu_ms=890.601166524 host_copy_ms=0.012209 full_state_readback=0
resting_native_profile step=52256 command_ms=886.361875 gpu_ms=885.697083548 host_copy_ms=0.016083 full_state_readback=0
resting_native_profile step=52288 command_ms=889.242417 gpu_ms=888.605166227 host_copy_ms=0.014208 full_state_readback=0
resting_native_profile step=52320 command_ms=884.69875 gpu_ms=884.413499385 host_copy_ms=0.014916 full_state_readback=0
resting_native_profile step=52352 command_ms=880.040167 gpu_ms=879.463875666 host_copy_ms=0.014083 full_state_readback=0
resting_native_profile step=52384 command_ms=893.565958 gpu_ms=893.007749692 host_copy_ms=0.023583 full_state_readback=0
resting_native_profile step=52416 command_ms=885.985209 gpu_ms=885.389250703 host_copy_ms=0.016083 full_state_readback=0
resting_native_profile step=52448 command_ms=886.582541 gpu_ms=885.998541489 host_copy_ms=0.014834 full_state_readback=0
resting_native_profile step=52480 command_ms=889.524375 gpu_ms=888.847458176 host_copy_ms=0.015083 full_state_readback=0
resting_native_profile step=52512 command_ms=883.956875 gpu_ms=883.356041275 host_copy_ms=0.014917 full_state_readback=0
resting_native_profile step=52544 command_ms=893.2835 gpu_ms=892.703499645 host_copy_ms=0.014083 full_state_readback=0
resting_native_profile step=52576 command_ms=891.976458 gpu_ms=891.395124607 host_copy_ms=0.014917 full_state_readback=0
resting_native_profile step=52608 command_ms=891.144958 gpu_ms=890.540041029 host_copy_ms=0.0145 full_state_readback=0
resting_native_profile step=52640 command_ms=896.976875 gpu_ms=896.407125518 host_copy_ms=0.014583 full_state_readback=0
resting_native_profile step=52672 command_ms=899.792209 gpu_ms=899.18337483 host_copy_ms=0.013708 full_state_readback=0
resting_native_profile step=52704 command_ms=891.749375 gpu_ms=891.040375456 host_copy_ms=0.011542 full_state_readback=0
resting_native_profile step=52736 command_ms=892.9535 gpu_ms=892.363416962 host_copy_ms=0.017 full_state_readback=0
resting_native_profile step=52768 command_ms=895.224542 gpu_ms=894.673041999 host_copy_ms=0.011125 full_state_readback=0
resting_native_profile step=52800 command_ms=891.2355 gpu_ms=890.580374748 host_copy_ms=0.011708 full_state_readback=0
resting_native_profile step=52832 command_ms=878.039625 gpu_ms=877.443375066 host_copy_ms=0.013917 full_state_readback=0
resting_native_profile step=52864 command_ms=884.575958 gpu_ms=883.902957663 host_copy_ms=0.013875 full_state_readback=0
resting_native_profile step=52896 command_ms=886.356292 gpu_ms=885.77533327 host_copy_ms=0.013625 full_state_readback=0
resting_native_profile step=52928 command_ms=891.368917 gpu_ms=890.751416795 host_copy_ms=0.014 full_state_readback=0
resting_native_profile step=52960 command_ms=887.015042 gpu_ms=886.421666481 host_copy_ms=0.011208 full_state_readback=0
resting_native_profile step=52992 command_ms=886.120542 gpu_ms=885.490958579 host_copy_ms=0.012875 full_state_readback=0
resting_native_profile step=53024 command_ms=891.303916 gpu_ms=890.710833482 host_copy_ms=0.014084 full_state_readback=0
resting_native_profile step=53056 command_ms=888.359958 gpu_ms=887.78624963 host_copy_ms=0.014083 full_state_readback=0
resting_native_profile step=53088 command_ms=891.976958 gpu_ms=891.391375102 host_copy_ms=0.018625 full_state_readback=0
resting_native_profile step=53120 command_ms=884.633125 gpu_ms=884.005500004 host_copy_ms=0.013208 full_state_readback=0
resting_native_profile step=53152 command_ms=879.623708 gpu_ms=879.007708281 host_copy_ms=0.013167 full_state_readback=0
resting_native_profile step=53184 command_ms=889.737292 gpu_ms=889.149082825 host_copy_ms=0.011333 full_state_readback=0
resting_native_profile step=53216 command_ms=892.249458 gpu_ms=891.682540998 host_copy_ms=0.013667 full_state_readback=0
resting_native_profile step=53248 command_ms=883.50975 gpu_ms=882.913749665 host_copy_ms=0.011125 full_state_readback=0
resting_native_profile step=53280 command_ms=880.271542 gpu_ms=879.696249962 host_copy_ms=0.018708 full_state_readback=0
resting_native_profile step=53312 command_ms=881.1305 gpu_ms=880.572250113 host_copy_ms=0.019709 full_state_readback=0
resting_native_profile step=53344 command_ms=892.098542 gpu_ms=891.399458051 host_copy_ms=0.015375 full_state_readback=0
resting_native_profile step=53376 command_ms=892.782666 gpu_ms=892.150875181 host_copy_ms=0.015209 full_state_readback=0
resting_native_profile step=53408 command_ms=895.959458 gpu_ms=895.395125262 host_copy_ms=0.014208 full_state_readback=0
resting_native_profile step=53440 command_ms=888.213334 gpu_ms=887.632749975 host_copy_ms=0.019916 full_state_readback=0
resting_native_profile step=53472 command_ms=887.006334 gpu_ms=886.331499554 host_copy_ms=0.015875 full_state_readback=0
resting_native_profile step=53504 command_ms=887.239458 gpu_ms=887.040999718 host_copy_ms=0.018875 full_state_readback=0
resting_native_profile step=53536 command_ms=875.708291 gpu_ms=875.057583675 host_copy_ms=0.010334 full_state_readback=0
resting_native_profile step=53568 command_ms=879.710917 gpu_ms=879.128250293 host_copy_ms=0.012875 full_state_readback=0
resting_native_profile step=53600 command_ms=878.056459 gpu_ms=877.374333329 host_copy_ms=0.009541 full_state_readback=0
resting_native_profile step=53632 command_ms=878.111417 gpu_ms=877.396292053 host_copy_ms=0.008667 full_state_readback=0
resting_native_profile step=53664 command_ms=874.589291 gpu_ms=874.025999568 host_copy_ms=0.009209 full_state_readback=0
resting_native_profile step=53696 command_ms=877.134958 gpu_ms=876.598166302 host_copy_ms=0.008875 full_state_readback=0
resting_native_profile step=53728 command_ms=881.962792 gpu_ms=881.469500251 host_copy_ms=0.010292 full_state_readback=0
resting_native_profile step=53760 command_ms=889.815959 gpu_ms=889.244083315 host_copy_ms=0.0105 full_state_readback=0
resting_native_profile step=53792 command_ms=877.447125 gpu_ms=877.191415988 host_copy_ms=0.01125 full_state_readback=0
resting_native_profile step=53824 command_ms=888.522958 gpu_ms=887.943499722 host_copy_ms=0.009125 full_state_readback=0
resting_native_profile step=53856 command_ms=882.217 gpu_ms=881.683874875 host_copy_ms=0.008833 full_state_readback=0
resting_native_profile step=53888 command_ms=882.185791 gpu_ms=881.547625177 host_copy_ms=0.010042 full_state_readback=0
resting_native_profile step=53920 command_ms=882.893333 gpu_ms=882.277124561 host_copy_ms=0.017833 full_state_readback=0
resting_native_profile step=53952 command_ms=885.527416 gpu_ms=885.1576671 host_copy_ms=0.01575 full_state_readback=0
resting_native_profile step=53984 command_ms=886.3145 gpu_ms=885.739750229 host_copy_ms=0.01525 full_state_readback=0
resting_native_profile step=54016 command_ms=891.310125 gpu_ms=890.690541826 host_copy_ms=0.015167 full_state_readback=0
resting_native_profile step=54048 command_ms=892.218042 gpu_ms=891.646374948 host_copy_ms=0.014083 full_state_readback=0
resting_native_profile step=54080 command_ms=891.618584 gpu_ms=891.042958945 host_copy_ms=0.015375 full_state_readback=0
resting_native_profile step=54112 command_ms=891.68925 gpu_ms=891.020374373 host_copy_ms=0.013666 full_state_readback=0
resting_native_profile step=54144 command_ms=876.841833 gpu_ms=876.3539996 host_copy_ms=0.020042 full_state_readback=0
resting_native_profile step=54176 command_ms=876.84975 gpu_ms=876.244874671 host_copy_ms=0.017667 full_state_readback=0
resting_native_profile step=54208 command_ms=888.3965 gpu_ms=888.180666603 host_copy_ms=0.012167 full_state_readback=0
resting_native_profile step=54240 command_ms=882.665209 gpu_ms=882.238666527 host_copy_ms=0.014833 full_state_readback=0
resting_native_profile step=54272 command_ms=880.302875 gpu_ms=879.709875211 host_copy_ms=0.011208 full_state_readback=0
resting_native_profile step=54304 command_ms=887.700459 gpu_ms=887.146500871 host_copy_ms=0.012291 full_state_readback=0
resting_native_profile step=54336 command_ms=892.781958 gpu_ms=892.13887509 host_copy_ms=0.011583 full_state_readback=0
resting_native_profile step=54368 command_ms=891.527708 gpu_ms=890.979750082 host_copy_ms=0.014458 full_state_readback=0
resting_native_profile step=54400 command_ms=887.250083 gpu_ms=886.669375002 host_copy_ms=0.011125 full_state_readback=0
resting_native_profile step=54432 command_ms=884.849417 gpu_ms=884.270249866 host_copy_ms=0.013291 full_state_readback=0
resting_native_profile step=54464 command_ms=891.701375 gpu_ms=890.972666442 host_copy_ms=0.0135 full_state_readback=0
resting_native_profile step=54496 command_ms=880.086041 gpu_ms=879.460041411 host_copy_ms=0.016209 full_state_readback=0
resting_native_profile step=54528 command_ms=887.429834 gpu_ms=887.235833332 host_copy_ms=0.013541 full_state_readback=0
resting_native_profile step=54560 command_ms=899.24475 gpu_ms=898.665208369 host_copy_ms=0.014667 full_state_readback=0
resting_native_profile step=54592 command_ms=891.106708 gpu_ms=890.483000316 host_copy_ms=0.013917 full_state_readback=0
resting_native_profile step=54624 command_ms=897.511416 gpu_ms=896.946999244 host_copy_ms=0.013417 full_state_readback=0
resting_native_profile step=54656 command_ms=879.934541 gpu_ms=879.385542125 host_copy_ms=0.01525 full_state_readback=0
resting_native_profile step=54688 command_ms=886.418041 gpu_ms=885.847374797 host_copy_ms=0.018292 full_state_readback=0
resting_native_profile step=54720 command_ms=887.699042 gpu_ms=887.07462512 host_copy_ms=0.009083 full_state_readback=0
resting_native_profile step=54752 command_ms=877.738459 gpu_ms=877.512125298 host_copy_ms=0.01725 full_state_readback=0
resting_native_profile step=54784 command_ms=886.993667 gpu_ms=886.768583208 host_copy_ms=0.018333 full_state_readback=0
resting_native_profile step=54816 command_ms=886.708208 gpu_ms=886.16641704 host_copy_ms=0.005542 full_state_readback=0
resting_native_profile step=54848 command_ms=897.921708 gpu_ms=897.299207747 host_copy_ms=0.017917 full_state_readback=0
resting_native_profile step=54880 command_ms=889.465667 gpu_ms=888.881375082 host_copy_ms=0.012542 full_state_readback=0
resting_native_profile step=54912 command_ms=882.71575 gpu_ms=882.163333707 host_copy_ms=0.014792 full_state_readback=0
resting_native_profile step=54944 command_ms=892.04775 gpu_ms=891.485000029 host_copy_ms=0.011916 full_state_readback=0
resting_native_profile step=54976 command_ms=893.372583 gpu_ms=893.174500205 host_copy_ms=0.014042 full_state_readback=0
resting_native_profile step=55008 command_ms=892.83025 gpu_ms=892.244291492 host_copy_ms=0.013541 full_state_readback=0
resting_native_profile step=55040 command_ms=892.77825 gpu_ms=892.126874998 host_copy_ms=0.011209 full_state_readback=0
resting_native_profile step=55072 command_ms=887.301958 gpu_ms=886.689875275 host_copy_ms=0.015417 full_state_readback=0
resting_native_profile step=55104 command_ms=879.517625 gpu_ms=878.907499835 host_copy_ms=0.013667 full_state_readback=0
resting_native_profile step=55136 command_ms=893.653667 gpu_ms=893.033375032 host_copy_ms=0.015125 full_state_readback=0
resting_native_profile step=55168 command_ms=889.8735 gpu_ms=889.256083407 host_copy_ms=0.014792 full_state_readback=0
resting_native_profile step=55200 command_ms=895.295708 gpu_ms=895.10375075 host_copy_ms=0.019083 full_state_readback=0
resting_native_profile step=55232 command_ms=886.865708 gpu_ms=886.405874975 host_copy_ms=0.0135 full_state_readback=0
resting_native_profile step=55264 command_ms=870.594916 gpu_ms=870.008874685 host_copy_ms=0.018625 full_state_readback=0
resting_native_profile step=55296 command_ms=896.277125 gpu_ms=895.699624904 host_copy_ms=0.015291 full_state_readback=0
resting_native_profile step=55328 command_ms=893.049875 gpu_ms=892.420042306 host_copy_ms=0.015459 full_state_readback=0
resting_native_profile step=55360 command_ms=884.479333 gpu_ms=883.822875097 host_copy_ms=0.012334 full_state_readback=0
resting_native_profile step=55392 command_ms=885.425416 gpu_ms=884.849124588 host_copy_ms=0.01225 full_state_readback=0
resting_native_profile step=55424 command_ms=890.577042 gpu_ms=889.957000501 host_copy_ms=0.012041 full_state_readback=0
resting_native_profile step=55456 command_ms=891.490333 gpu_ms=890.86974971 host_copy_ms=0.015042 full_state_readback=0
resting_native_profile step=55488 command_ms=888.066083 gpu_ms=887.499500066 host_copy_ms=0.013625 full_state_readback=0
resting_native_profile step=55520 command_ms=879.74075 gpu_ms=879.170500673 host_copy_ms=0.013708 full_state_readback=0
resting_native_profile step=55552 command_ms=889.267459 gpu_ms=888.685707934 host_copy_ms=0.025 full_state_readback=0
resting_native_profile step=55584 command_ms=888.080958 gpu_ms=887.504749931 host_copy_ms=0.015958 full_state_readback=0
resting_native_profile step=55616 command_ms=888.964875 gpu_ms=888.37637566 host_copy_ms=0.013041 full_state_readback=0
resting_native_profile step=55648 command_ms=882.314667 gpu_ms=881.759000011 host_copy_ms=0.015458 full_state_readback=0
resting_native_profile step=55680 command_ms=882.112875 gpu_ms=881.495374255 host_copy_ms=0.018833 full_state_readback=0
resting_native_profile step=55712 command_ms=894.275666 gpu_ms=893.64262484 host_copy_ms=0.01525 full_state_readback=0
resting_native_profile step=55744 command_ms=901.495125 gpu_ms=900.904375128 host_copy_ms=0.014417 full_state_readback=0
resting_native_profile step=55776 command_ms=878.139125 gpu_ms=877.512625419 host_copy_ms=0.015834 full_state_readback=0
resting_native_profile step=55808 command_ms=885.593875 gpu_ms=884.936249815 host_copy_ms=0.014292 full_state_readback=0
resting_native_profile step=55840 command_ms=880.4135 gpu_ms=879.874125123 host_copy_ms=0.005125 full_state_readback=0
resting_native_profile step=55872 command_ms=901.217708 gpu_ms=900.633749552 host_copy_ms=0.014292 full_state_readback=0
resting_native_profile step=55904 command_ms=875.544541 gpu_ms=875.337583013 host_copy_ms=0.022834 full_state_readback=0
resting_native_profile step=55936 command_ms=883.559334 gpu_ms=882.967458107 host_copy_ms=0.019791 full_state_readback=0
resting_native_profile step=55968 command_ms=891.068375 gpu_ms=890.449250117 host_copy_ms=0.016 full_state_readback=0
resting_native_profile step=56000 command_ms=888.357209 gpu_ms=887.634875253 host_copy_ms=0.015 full_state_readback=0
resting_native_profile step=56032 command_ms=887.819292 gpu_ms=887.136708014 host_copy_ms=0.012042 full_state_readback=0
resting_native_profile step=56064 command_ms=900.252042 gpu_ms=899.584165774 host_copy_ms=0.014083 full_state_readback=0
resting_native_profile step=56096 command_ms=888.384708 gpu_ms=887.862999924 host_copy_ms=0.009542 full_state_readback=0
resting_native_profile step=56128 command_ms=887.526166 gpu_ms=886.924374849 host_copy_ms=0.015125 full_state_readback=0
resting_native_profile step=56160 command_ms=895.385 gpu_ms=894.801249728 host_copy_ms=0.014209 full_state_readback=0
resting_native_profile step=56192 command_ms=893.277208 gpu_ms=892.586333677 host_copy_ms=0.017084 full_state_readback=0
resting_native_profile step=56224 command_ms=888.896708 gpu_ms=888.333333656 host_copy_ms=0.014584 full_state_readback=0
resting_native_profile step=56256 command_ms=883.775208 gpu_ms=883.520833217 host_copy_ms=0.020792 full_state_readback=0
resting_native_profile step=56288 command_ms=896.612917 gpu_ms=896.042124368 host_copy_ms=0.014208 full_state_readback=0
resting_native_profile step=56320 command_ms=884.371042 gpu_ms=883.783083409 host_copy_ms=0.015208 full_state_readback=0
resting_native_profile step=56352 command_ms=892.636542 gpu_ms=892.007833347 host_copy_ms=0.012125 full_state_readback=0
resting_native_profile step=56384 command_ms=896.224292 gpu_ms=895.631375723 host_copy_ms=0.014542 full_state_readback=0
resting_native_profile step=56416 command_ms=888.444917 gpu_ms=887.860458344 host_copy_ms=0.014417 full_state_readback=0
resting_native_profile step=56448 command_ms=895.62675 gpu_ms=894.943541847 host_copy_ms=0.01175 full_state_readback=0
resting_native_profile step=56480 command_ms=895.235416 gpu_ms=894.622375257 host_copy_ms=0.01125 full_state_readback=0
resting_native_profile step=56512 command_ms=892.050625 gpu_ms=891.341416165 host_copy_ms=0.019417 full_state_readback=0
resting_native_profile step=56544 command_ms=897.173583 gpu_ms=896.521166898 host_copy_ms=0.01275 full_state_readback=0
resting_native_profile step=56576 command_ms=887.417209 gpu_ms=886.785416864 host_copy_ms=0.018 full_state_readback=0
resting_native_profile step=56608 command_ms=891.911541 gpu_ms=891.226541251 host_copy_ms=0.021209 full_state_readback=0
resting_native_profile step=56640 command_ms=891.141875 gpu_ms=890.530250035 host_copy_ms=0.015375 full_state_readback=0
resting_native_profile step=56672 command_ms=889.040709 gpu_ms=888.844332658 host_copy_ms=0.015875 full_state_readback=0
resting_native_profile step=56704 command_ms=890.222708 gpu_ms=889.596750028 host_copy_ms=0.014667 full_state_readback=0
resting_native_profile step=56736 command_ms=893.035167 gpu_ms=892.509332858 host_copy_ms=0.014625 full_state_readback=0
resting_native_profile step=56768 command_ms=894.88025 gpu_ms=894.284375012 host_copy_ms=0.017292 full_state_readback=0
resting_native_profile step=56800 command_ms=893.30025 gpu_ms=892.61474926 host_copy_ms=0.015167 full_state_readback=0
resting_native_profile step=56832 command_ms=887.534958 gpu_ms=886.911000125 host_copy_ms=0.014667 full_state_readback=0
resting_native_profile step=56864 command_ms=890.717208 gpu_ms=890.09275008 host_copy_ms=0.013917 full_state_readback=0
resting_native_profile step=56896 command_ms=890.005917 gpu_ms=889.332500286 host_copy_ms=0.012917 full_state_readback=0
resting_native_profile step=56928 command_ms=891.180625 gpu_ms=890.579374507 host_copy_ms=0.017084 full_state_readback=0
resting_native_profile step=56960 command_ms=874.0415 gpu_ms=873.422374949 host_copy_ms=0.02475 full_state_readback=0
resting_native_profile step=56992 command_ms=875.552333 gpu_ms=874.917292036 host_copy_ms=0.017625 full_state_readback=0
resting_native_profile step=57024 command_ms=887.376542 gpu_ms=886.813874356 host_copy_ms=0.013542 full_state_readback=0
resting_native_profile step=57056 command_ms=887.093708 gpu_ms=886.470374651 host_copy_ms=0.012542 full_state_readback=0
resting_native_profile step=57088 command_ms=890.348125 gpu_ms=889.682499692 host_copy_ms=0.012458 full_state_readback=0
resting_native_profile step=57120 command_ms=890.157959 gpu_ms=889.504167251 host_copy_ms=0.015291 full_state_readback=0
resting_native_profile step=57152 command_ms=890.52675 gpu_ms=889.979374595 host_copy_ms=0.014666 full_state_readback=0
resting_native_profile step=57184 command_ms=882.687375 gpu_ms=882.127124816 host_copy_ms=0.015625 full_state_readback=0
resting_native_profile step=57216 command_ms=895.872333 gpu_ms=895.674875006 host_copy_ms=0.014458 full_state_readback=0
resting_native_profile step=57248 command_ms=884.634584 gpu_ms=884.083041921 host_copy_ms=0.019166 full_state_readback=0
resting_native_profile step=57280 command_ms=892.167042 gpu_ms=891.625874676 host_copy_ms=0.014833 full_state_readback=0
resting_native_profile step=57312 command_ms=884.1195 gpu_ms=883.549749851 host_copy_ms=0.021709 full_state_readback=0
resting_native_profile step=57344 command_ms=893.109667 gpu_ms=892.558207735 host_copy_ms=0.014833 full_state_readback=0
resting_native_profile step=57376 command_ms=888.040375 gpu_ms=887.477958575 host_copy_ms=0.015208 full_state_readback=0
resting_native_profile step=57408 command_ms=890.017208 gpu_ms=889.467624947 host_copy_ms=0.014542 full_state_readback=0
resting_native_profile step=57440 command_ms=893.447042 gpu_ms=892.86812488 host_copy_ms=0.013791 full_state_readback=0
resting_native_profile step=57472 command_ms=901.341125 gpu_ms=900.690500624 host_copy_ms=0.01475 full_state_readback=0
resting_native_profile step=57504 command_ms=890.360959 gpu_ms=890.165916644 host_copy_ms=0.014625 full_state_readback=0
resting_native_profile step=57536 command_ms=895.096959 gpu_ms=894.477792084 host_copy_ms=0.013541 full_state_readback=0
resting_native_profile step=57568 command_ms=888.950375 gpu_ms=888.308708556 host_copy_ms=0.017792 full_state_readback=0
resting_native_profile step=57600 command_ms=878.747625 gpu_ms=878.236957826 host_copy_ms=0.007417 full_state_readback=0
resting_native_profile step=57632 command_ms=886.936458 gpu_ms=886.314500123 host_copy_ms=0.007542 full_state_readback=0
resting_native_profile step=57664 command_ms=873.565791 gpu_ms=872.94037547 host_copy_ms=0.00975 full_state_readback=0
resting_native_profile step=57696 command_ms=875.900459 gpu_ms=875.297625549 host_copy_ms=0.00775 full_state_readback=0
resting_native_profile step=57728 command_ms=876.622709 gpu_ms=876.055416651 host_copy_ms=0.0075 full_state_readback=0
resting_native_profile step=57760 command_ms=887.168875 gpu_ms=886.578249745 host_copy_ms=0.007083 full_state_readback=0
resting_native_profile step=57792 command_ms=880.33175 gpu_ms=880.146750249 host_copy_ms=0.008791 full_state_readback=0
resting_native_profile step=57824 command_ms=884.695208 gpu_ms=884.182541631 host_copy_ms=0.007583 full_state_readback=0
resting_native_profile step=57856 command_ms=883.859375 gpu_ms=883.293124847 host_copy_ms=0.00775 full_state_readback=0
resting_native_profile step=57888 command_ms=882.148292 gpu_ms=881.550500169 host_copy_ms=0.008333 full_state_readback=0
resting_native_profile step=57920 command_ms=871.988875 gpu_ms=871.357791126 host_copy_ms=0.006833 full_state_readback=0
resting_native_profile step=57952 command_ms=871.822125 gpu_ms=871.253416874 host_copy_ms=0.007625 full_state_readback=0
resting_native_profile step=57984 command_ms=873.497125 gpu_ms=872.921125032 host_copy_ms=0.0095 full_state_readback=0
resting_native_profile step=58016 command_ms=880.941292 gpu_ms=880.300874822 host_copy_ms=0.012333 full_state_readback=0
resting_native_profile step=58048 command_ms=883.4785 gpu_ms=882.886582986 host_copy_ms=0.007416 full_state_readback=0
resting_native_profile step=58080 command_ms=887.390666 gpu_ms=886.849291623 host_copy_ms=0.008292 full_state_readback=0
resting_native_profile step=58112 command_ms=887.4695 gpu_ms=886.828541756 host_copy_ms=0.007458 full_state_readback=0
resting_native_profile step=58144 command_ms=883.803834 gpu_ms=883.207792416 host_copy_ms=0.007458 full_state_readback=0
resting_native_profile step=58176 command_ms=883.942375 gpu_ms=883.319625631 host_copy_ms=0.007458 full_state_readback=0
resting_native_profile step=58208 command_ms=887.142667 gpu_ms=886.533666402 host_copy_ms=0.0075 full_state_readback=0
resting_native_profile step=58240 command_ms=883.322791 gpu_ms=882.690667175 host_copy_ms=0.008459 full_state_readback=0
resting_native_profile step=58272 command_ms=879.425833 gpu_ms=878.769624978 host_copy_ms=0.007833 full_state_readback=0
resting_native_profile step=58304 command_ms=886.81625 gpu_ms=886.207375675 host_copy_ms=0.009458 full_state_readback=0
resting_native_profile step=58336 command_ms=884.884583 gpu_ms=884.324166924 host_copy_ms=0.007208 full_state_readback=0
resting_native_profile step=58368 command_ms=884.883167 gpu_ms=884.245416149 host_copy_ms=0.021791 full_state_readback=0
resting_native_profile step=58400 command_ms=893.962625 gpu_ms=893.761958927 host_copy_ms=0.015166 full_state_readback=0
resting_native_profile step=58432 command_ms=894.338334 gpu_ms=893.721750006 host_copy_ms=0.013916 full_state_readback=0
resting_native_profile step=58464 command_ms=889.277458 gpu_ms=888.660375029 host_copy_ms=0.012875 full_state_readback=0
resting_native_profile step=58496 command_ms=890.849166 gpu_ms=890.311833471 host_copy_ms=0.014667 full_state_readback=0
resting_native_profile step=58528 command_ms=886.190917 gpu_ms=885.481250472 host_copy_ms=0.014625 full_state_readback=0
resting_native_profile step=58560 command_ms=890.702208 gpu_ms=890.508375131 host_copy_ms=0.01375 full_state_readback=0
resting_native_profile step=58592 command_ms=890.272709 gpu_ms=889.588708989 host_copy_ms=0.01125 full_state_readback=0
resting_native_profile step=58624 command_ms=893.551875 gpu_ms=893.000375479 host_copy_ms=0.01175 full_state_readback=0
resting_native_profile step=58656 command_ms=886.34125 gpu_ms=885.761790909 host_copy_ms=0.011333 full_state_readback=0
resting_native_profile step=58688 command_ms=891.223833 gpu_ms=890.539166518 host_copy_ms=0.014292 full_state_readback=0
resting_native_profile step=58720 command_ms=886.364667 gpu_ms=885.778125376 host_copy_ms=0.020416 full_state_readback=0
resting_native_profile step=58752 command_ms=880.734916 gpu_ms=880.072375759 host_copy_ms=0.014167 full_state_readback=0
resting_native_profile step=58784 command_ms=883.888042 gpu_ms=883.28741584 host_copy_ms=0.0165 full_state_readback=0
resting_native_profile step=58816 command_ms=873.545917 gpu_ms=872.962750494 host_copy_ms=0.01725 full_state_readback=0
resting_native_profile step=58848 command_ms=889.981875 gpu_ms=889.389624819 host_copy_ms=0.012958 full_state_readback=0
resting_native_profile step=58880 command_ms=898.517208 gpu_ms=897.876791656 host_copy_ms=0.015083 full_state_readback=0
resting_native_profile step=58912 command_ms=890.855125 gpu_ms=890.214624815 host_copy_ms=0.014625 full_state_readback=0
resting_native_profile step=58944 command_ms=884.180917 gpu_ms=883.60412512 host_copy_ms=0.011583 full_state_readback=0
resting_native_profile step=58976 command_ms=893.896167 gpu_ms=893.304124475 host_copy_ms=0.015208 full_state_readback=0
resting_native_profile step=59008 command_ms=889.499292 gpu_ms=888.950792141 host_copy_ms=0.0145 full_state_readback=0
resting_native_profile step=59040 command_ms=892.619083 gpu_ms=891.982667148 host_copy_ms=0.014625 full_state_readback=0
resting_native_profile step=59072 command_ms=892.092375 gpu_ms=891.519333236 host_copy_ms=0.013583 full_state_readback=0
resting_native_profile step=59104 command_ms=879.279083 gpu_ms=878.740541637 host_copy_ms=0.007958 full_state_readback=0
resting_native_profile step=59136 command_ms=883.545375 gpu_ms=883.364625275 host_copy_ms=0.005292 full_state_readback=0
resting_native_profile step=59168 command_ms=876.433083 gpu_ms=875.856874511 host_copy_ms=0.008667 full_state_readback=0
resting_native_profile step=59200 command_ms=891.658625 gpu_ms=891.042750329 host_copy_ms=0.005625 full_state_readback=0
resting_native_profile step=59232 command_ms=879.35575 gpu_ms=878.768958151 host_copy_ms=0.006125 full_state_readback=0
resting_native_profile step=59264 command_ms=884.459708 gpu_ms=883.843000047 host_copy_ms=0.005333 full_state_readback=0
resting_native_profile step=59296 command_ms=886.667333 gpu_ms=886.117374524 host_copy_ms=0.005209 full_state_readback=0
resting_native_profile step=59328 command_ms=885.857042 gpu_ms=885.3038745 host_copy_ms=0.007583 full_state_readback=0
resting_native_profile step=59360 command_ms=872.406875 gpu_ms=871.787625365 host_copy_ms=0.008875 full_state_readback=0
resting_native_profile step=59392 command_ms=885.638375 gpu_ms=885.099458508 host_copy_ms=0.00675 full_state_readback=0
resting_native_profile step=59424 command_ms=886.385166 gpu_ms=885.766250081 host_copy_ms=0.009917 full_state_readback=0
resting_native_profile step=59456 command_ms=883.984667 gpu_ms=883.743249811 host_copy_ms=0.005375 full_state_readback=0
resting_native_profile step=59488 command_ms=884.983083 gpu_ms=884.455833584 host_copy_ms=0.006583 full_state_readback=0
resting_native_profile step=59520 command_ms=885.757167 gpu_ms=885.168625042 host_copy_ms=0.008542 full_state_readback=0
resting_native_profile step=59552 command_ms=879.589625 gpu_ms=879.03141696 host_copy_ms=0.007959 full_state_readback=0
resting_native_profile step=59584 command_ms=879.253042 gpu_ms=878.684374504 host_copy_ms=0.009375 full_state_readback=0
resting_native_profile step=59616 command_ms=873.325959 gpu_ms=872.754542157 host_copy_ms=0.007916 full_state_readback=0
resting_native_profile step=59648 command_ms=876.526125 gpu_ms=875.87908376 host_copy_ms=0.007625 full_state_readback=0
resting_native_profile step=59680 command_ms=878.920333 gpu_ms=878.377374262 host_copy_ms=0.007792 full_state_readback=0
resting_native_profile step=59712 command_ms=886.111292 gpu_ms=885.486416519 host_copy_ms=0.006833 full_state_readback=0
resting_native_profile step=59744 command_ms=877.194 gpu_ms=876.559750177 host_copy_ms=0.008375 full_state_readback=0
resting_native_profile step=59776 command_ms=878.634542 gpu_ms=878.009791486 host_copy_ms=0.011208 full_state_readback=0
resting_native_profile step=59808 command_ms=879.065792 gpu_ms=878.441332839 host_copy_ms=0.007667 full_state_readback=0
resting_native_profile step=59840 command_ms=877.85425 gpu_ms=877.246333286 host_copy_ms=0.007833 full_state_readback=0
resting_native_profile step=59872 command_ms=877.300917 gpu_ms=876.702625304 host_copy_ms=0.008458 full_state_readback=0
resting_native_profile step=59904 command_ms=872.0405 gpu_ms=871.487666853 host_copy_ms=0.007208 full_state_readback=0
resting_native_profile step=59936 command_ms=885.096959 gpu_ms=884.50824935 host_copy_ms=0.008083 full_state_readback=0
resting_native_profile step=59968 command_ms=884.846541 gpu_ms=884.293291718 host_copy_ms=0.008709 full_state_readback=0
resting_native_profile step=60000 command_ms=877.410375 gpu_ms=876.716500148 host_copy_ms=0.007417 full_state_readback=0
resting_native_profile step=60032 command_ms=882.045292 gpu_ms=881.454208866 host_copy_ms=0.008958 full_state_readback=0
resting_native_profile step=60064 command_ms=875.036083 gpu_ms=874.421541579 host_copy_ms=0.0095 full_state_readback=0
resting_native_profile step=60096 command_ms=886.229083 gpu_ms=885.611792095 host_copy_ms=0.008084 full_state_readback=0
resting_native_profile step=60128 command_ms=887.491584 gpu_ms=886.911374517 host_copy_ms=0.011291 full_state_readback=0
resting_native_profile step=60160 command_ms=889.312125 gpu_ms=888.736125082 host_copy_ms=0.008208 full_state_readback=0
resting_native_profile step=60192 command_ms=875.346833 gpu_ms=874.714874662 host_copy_ms=0.008917 full_state_readback=0
resting_native_profile step=60224 command_ms=880.199916 gpu_ms=879.618208855 host_copy_ms=0.008125 full_state_readback=0
resting_native_profile step=60256 command_ms=886.061583 gpu_ms=885.490749963 host_copy_ms=0.008417 full_state_readback=0
resting_native_profile step=60288 command_ms=877.844125 gpu_ms=877.301708795 host_copy_ms=0.007542 full_state_readback=0
resting_native_profile step=60320 command_ms=877.568 gpu_ms=877.374459058 host_copy_ms=0.008083 full_state_readback=0
resting_native_profile step=60352 command_ms=881.91675 gpu_ms=881.657875143 host_copy_ms=0.009917 full_state_readback=0
resting_native_profile step=60384 command_ms=880.602291 gpu_ms=880.059999414 host_copy_ms=0.008875 full_state_readback=0
resting_native_profile step=60416 command_ms=882.866208 gpu_ms=882.199124433 host_copy_ms=0.008667 full_state_readback=0
resting_native_profile step=60448 command_ms=879.238666 gpu_ms=878.609874286 host_copy_ms=0.007625 full_state_readback=0
resting_native_profile step=60480 command_ms=882.73725 gpu_ms=882.151374593 host_copy_ms=0.011417 full_state_readback=0
resting_native_profile step=60512 command_ms=882.91375 gpu_ms=882.448375225 host_copy_ms=0.009334 full_state_readback=0
resting_native_profile step=60544 command_ms=867.78425 gpu_ms=867.240791209 host_copy_ms=0.008625 full_state_readback=0
resting_native_profile step=60576 command_ms=879.299084 gpu_ms=878.654249944 host_copy_ms=0.007958 full_state_readback=0
resting_native_profile step=60608 command_ms=880.519667 gpu_ms=879.930375144 host_copy_ms=0.009458 full_state_readback=0
resting_native_profile step=60640 command_ms=876.188417 gpu_ms=875.569833443 host_copy_ms=0.008042 full_state_readback=0
resting_native_profile step=60672 command_ms=877.55925 gpu_ms=876.973874867 host_copy_ms=0.009375 full_state_readback=0
resting_native_profile step=60704 command_ms=880.617916 gpu_ms=880.058999173 host_copy_ms=0.009084 full_state_readback=0
resting_native_profile step=60736 command_ms=884.3595 gpu_ms=883.816749789 host_copy_ms=0.008583 full_state_readback=0
resting_native_profile step=60768 command_ms=882.993459 gpu_ms=882.381625473 host_copy_ms=0.008333 full_state_readback=0
resting_native_profile step=60800 command_ms=876.186792 gpu_ms=875.99670887 host_copy_ms=0.00875 full_state_readback=0
resting_native_profile step=60832 command_ms=892.3655 gpu_ms=891.796000302 host_copy_ms=0.0115 full_state_readback=0
resting_native_profile step=60864 command_ms=877.236958 gpu_ms=876.623124816 host_copy_ms=0.008209 full_state_readback=0
resting_native_profile step=60896 command_ms=873.645291 gpu_ms=873.003041372 host_copy_ms=0.007917 full_state_readback=0
resting_native_profile step=60928 command_ms=878.32575 gpu_ms=877.799833193 host_copy_ms=0.008042 full_state_readback=0
resting_native_profile step=60960 command_ms=885.491125 gpu_ms=884.953374974 host_copy_ms=0.007834 full_state_readback=0
resting_native_profile step=60992 command_ms=880.504375 gpu_ms=879.874125123 host_copy_ms=0.009208 full_state_readback=0
resting_native_profile step=61024 command_ms=879.018375 gpu_ms=878.3956673 host_copy_ms=0.011208 full_state_readback=0
resting_native_profile step=61056 command_ms=878.344 gpu_ms=877.684875391 host_copy_ms=0.008916 full_state_readback=0
resting_native_profile step=61088 command_ms=879.323167 gpu_ms=878.723374568 host_copy_ms=0.007875 full_state_readback=0
resting_native_profile step=61120 command_ms=885.890792 gpu_ms=885.275208391 host_copy_ms=0.015833 full_state_readback=0
resting_native_profile step=61152 command_ms=882.049042 gpu_ms=881.471499801 host_copy_ms=0.017542 full_state_readback=0
resting_native_profile step=61184 command_ms=876.845334 gpu_ms=876.24395825 host_copy_ms=0.009666 full_state_readback=0
resting_native_profile step=61216 command_ms=874.280208 gpu_ms=873.713334091 host_copy_ms=0.007792 full_state_readback=0
resting_native_profile step=61248 command_ms=882.797 gpu_ms=882.181583904 host_copy_ms=0.009459 full_state_readback=0
resting_native_profile step=61280 command_ms=888.149583 gpu_ms=887.61337474 host_copy_ms=0.0085 full_state_readback=0
resting_native_profile step=61312 command_ms=881.840416 gpu_ms=881.282958202 host_copy_ms=0.007834 full_state_readback=0
resting_native_profile step=61344 command_ms=884.553083 gpu_ms=884.014833719 host_copy_ms=0.008417 full_state_readback=0
resting_native_profile step=61376 command_ms=883.308584 gpu_ms=882.726624608 host_copy_ms=0.008041 full_state_readback=0
resting_native_profile step=61408 command_ms=882.512291 gpu_ms=881.918374449 host_copy_ms=0.008667 full_state_readback=0
resting_native_profile step=61440 command_ms=881.04875 gpu_ms=880.462083034 host_copy_ms=0.008334 full_state_readback=0
resting_native_profile step=61472 command_ms=876.96125 gpu_ms=876.773082651 host_copy_ms=0.008 full_state_readback=0
resting_native_profile step=61504 command_ms=881.077292 gpu_ms=880.51058352 host_copy_ms=0.009458 full_state_readback=0
resting_native_profile step=61536 command_ms=882.380208 gpu_ms=882.129125297 host_copy_ms=0.011834 full_state_readback=0
resting_native_profile step=61568 command_ms=879.397875 gpu_ms=878.843333572 host_copy_ms=0.008792 full_state_readback=0
resting_native_profile step=61600 command_ms=883.514292 gpu_ms=882.960500196 host_copy_ms=0.008125 full_state_readback=0
resting_native_profile step=61632 command_ms=885.993875 gpu_ms=885.332750157 host_copy_ms=0.009042 full_state_readback=0
resting_native_profile step=61664 command_ms=885.080916 gpu_ms=884.544041939 host_copy_ms=0.008667 full_state_readback=0
resting_native_profile step=61696 command_ms=879.457042 gpu_ms=878.796999343 host_copy_ms=0.009083 full_state_readback=0
resting_native_profile step=61728 command_ms=881.351125 gpu_ms=880.743999965 host_copy_ms=0.009 full_state_readback=0
resting_native_profile step=61760 command_ms=888.104875 gpu_ms=887.518249452 host_copy_ms=0.007125 full_state_readback=0
resting_native_profile step=61792 command_ms=883.029708 gpu_ms=882.836000063 host_copy_ms=0.008125 full_state_readback=0
resting_native_profile step=61824 command_ms=874.329 gpu_ms=873.792249709 host_copy_ms=0.007125 full_state_readback=0
resting_native_profile step=61856 command_ms=876.843167 gpu_ms=876.268750057 host_copy_ms=0.009167 full_state_readback=0
resting_native_profile step=61888 command_ms=877.683833 gpu_ms=877.084458247 host_copy_ms=0.01225 full_state_readback=0
resting_native_profile step=61920 command_ms=872.454667 gpu_ms=871.844958514 host_copy_ms=0.007958 full_state_readback=0
resting_native_profile step=61952 command_ms=882.843667 gpu_ms=882.312291302 host_copy_ms=0.008292 full_state_readback=0
resting_native_profile step=61984 command_ms=874.632541 gpu_ms=874.012458138 host_copy_ms=0.00825 full_state_readback=0
resting_native_profile step=62016 command_ms=880.537708 gpu_ms=879.97179199 host_copy_ms=0.02025 full_state_readback=0
resting_native_profile step=62048 command_ms=877.449459 gpu_ms=876.853500493 host_copy_ms=0.008333 full_state_readback=0
resting_native_profile step=62080 command_ms=887.020542 gpu_ms=886.361291632 host_copy_ms=0.008375 full_state_readback=0
resting_native_profile step=62112 command_ms=879.646166 gpu_ms=879.056249745 host_copy_ms=0.008334 full_state_readback=0
resting_native_profile step=62144 command_ms=890.393167 gpu_ms=889.782249928 host_copy_ms=0.008125 full_state_readback=0
resting_native_profile step=62176 command_ms=874.026166 gpu_ms=873.396874405 host_copy_ms=0.008584 full_state_readback=0
resting_native_profile step=62208 command_ms=880.794208 gpu_ms=880.231624469 host_copy_ms=0.009167 full_state_readback=0
resting_native_profile step=62240 command_ms=883.010666 gpu_ms=882.365000434 host_copy_ms=0.010334 full_state_readback=0
resting_native_profile step=62272 command_ms=887.904791 gpu_ms=887.310707942 host_copy_ms=0.008709 full_state_readback=0
resting_native_profile step=62304 command_ms=876.550416 gpu_ms=875.9986246 host_copy_ms=0.008542 full_state_readback=0
resting_native_profile step=62336 command_ms=885.046333 gpu_ms=884.530999698 host_copy_ms=0.00825 full_state_readback=0
resting_native_profile step=62368 command_ms=879.105583 gpu_ms=878.502541222 host_copy_ms=0.008917 full_state_readback=0
resting_native_profile step=62400 command_ms=882.56025 gpu_ms=881.956541911 host_copy_ms=0.008458 full_state_readback=0
resting_native_profile step=62432 command_ms=884.919208 gpu_ms=884.305875748 host_copy_ms=0.008333 full_state_readback=0
resting_native_profile step=62464 command_ms=883.212541 gpu_ms=882.713708095 host_copy_ms=0.008 full_state_readback=0
resting_native_profile step=62496 command_ms=888.459959 gpu_ms=887.885416858 host_copy_ms=0.008291 full_state_readback=0
resting_native_profile step=62528 command_ms=874.637708 gpu_ms=874.460875057 host_copy_ms=0.008667 full_state_readback=0
resting_native_profile step=62560 command_ms=884.276458 gpu_ms=883.657166734 host_copy_ms=0.0075 full_state_readback=0
resting_native_profile step=62592 command_ms=885.678458 gpu_ms=885.112125427 host_copy_ms=0.010084 full_state_readback=0
resting_native_profile step=62624 command_ms=877.100625 gpu_ms=876.49025023 host_copy_ms=0.0085 full_state_readback=0
resting_native_profile step=62656 command_ms=890.882333 gpu_ms=890.277166851 host_copy_ms=0.008542 full_state_readback=0
resting_native_profile step=62688 command_ms=884.982583 gpu_ms=884.430499747 host_copy_ms=0.008334 full_state_readback=0
resting_native_profile step=62720 command_ms=884.261208 gpu_ms=883.730500005 host_copy_ms=0.008708 full_state_readback=0
resting_native_profile step=62752 command_ms=882.442375 gpu_ms=881.826000288 host_copy_ms=0.007709 full_state_readback=0
resting_native_profile step=62784 command_ms=880.467875 gpu_ms=879.924125038 host_copy_ms=0.008125 full_state_readback=0
resting_native_profile step=62816 command_ms=881.901292 gpu_ms=881.287375465 host_copy_ms=0.008083 full_state_readback=0
resting_native_profile step=62848 command_ms=875.845333 gpu_ms=875.208124518 host_copy_ms=0.008792 full_state_readback=0
resting_native_profile step=62880 command_ms=878.8745 gpu_ms=878.253499977 host_copy_ms=0.008291 full_state_readback=0
resting_native_profile step=62912 command_ms=890.255625 gpu_ms=889.65350017 host_copy_ms=0.008166 full_state_readback=0
resting_native_profile step=62944 command_ms=879.973667 gpu_ms=879.444625229 host_copy_ms=0.010958 full_state_readback=0
resting_native_profile step=62976 command_ms=892.650458 gpu_ms=892.096749507 host_copy_ms=0.00975 full_state_readback=0
resting_native_profile step=63008 command_ms=883.811209 gpu_ms=883.173707873 host_copy_ms=0.008875 full_state_readback=0
resting_native_profile step=63040 command_ms=885.654709 gpu_ms=885.061458685 host_copy_ms=0.008541 full_state_readback=0
resting_native_profile step=63072 command_ms=880.633125 gpu_ms=880.109958351 host_copy_ms=0.007833 full_state_readback=0
resting_native_profile step=63104 command_ms=873.820209 gpu_ms=873.127624393 host_copy_ms=0.009041 full_state_readback=0
resting_native_profile step=63136 command_ms=881.003541 gpu_ms=880.480833352 host_copy_ms=0.008209 full_state_readback=0
resting_native_profile step=63168 command_ms=883.762875 gpu_ms=883.112291805 host_copy_ms=0.009084 full_state_readback=0
resting_native_profile step=63200 command_ms=889.256083 gpu_ms=888.624000363 host_copy_ms=0.008083 full_state_readback=0
resting_native_profile step=63232 command_ms=878.0485 gpu_ms=877.402625047 host_copy_ms=0.007208 full_state_readback=0
resting_native_profile step=63264 command_ms=873.950666 gpu_ms=873.372333124 host_copy_ms=0.00825 full_state_readback=0
resting_native_profile step=63296 command_ms=889.69175 gpu_ms=889.119124971 host_copy_ms=0.011667 full_state_readback=0
resting_native_profile step=63328 command_ms=885.134917 gpu_ms=884.504041635 host_copy_ms=0.009 full_state_readback=0
resting_native_profile step=63360 command_ms=882.771291 gpu_ms=882.507625036 host_copy_ms=0.008209 full_state_readback=0
resting_native_profile step=63392 command_ms=882.509833 gpu_ms=881.949417293 host_copy_ms=0.0075 full_state_readback=0
resting_native_profile step=63424 command_ms=888.414375 gpu_ms=887.846750207 host_copy_ms=0.016834 full_state_readback=0
resting_native_profile step=63456 command_ms=884.958125 gpu_ms=884.783082642 host_copy_ms=0.007875 full_state_readback=0
resting_native_profile step=63488 command_ms=886.850708 gpu_ms=886.307500303 host_copy_ms=0.009167 full_state_readback=0
resting_native_profile step=63520 command_ms=882.580125 gpu_ms=882.044291124 host_copy_ms=0.008791 full_state_readback=0
resting_native_profile step=63552 command_ms=883.857709 gpu_ms=883.37737415 host_copy_ms=0.008583 full_state_readback=0
resting_native_profile step=63584 command_ms=888.822 gpu_ms=888.275625184 host_copy_ms=0.008375 full_state_readback=0
resting_native_profile step=63616 command_ms=883.930291 gpu_ms=883.740625344 host_copy_ms=0.0095 full_state_readback=0
resting_native_profile step=63648 command_ms=886.465333 gpu_ms=885.914333165 host_copy_ms=0.012834 full_state_readback=0
resting_native_profile step=63680 command_ms=887.87575 gpu_ms=887.241708115 host_copy_ms=0.008416 full_state_readback=0
resting_native_profile step=63712 command_ms=882.270208 gpu_ms=881.69675041 host_copy_ms=0.008583 full_state_readback=0
resting_native_profile step=63744 command_ms=880.432208 gpu_ms=879.811375402 host_copy_ms=0.008125 full_state_readback=0
resting_native_profile step=63776 command_ms=878.145458 gpu_ms=877.542916685 host_copy_ms=0.0085 full_state_readback=0
resting_native_profile step=63808 command_ms=881.723417 gpu_ms=881.069833413 host_copy_ms=0.008375 full_state_readback=0
resting_native_profile step=63840 command_ms=883.420875 gpu_ms=882.786208764 host_copy_ms=0.008083 full_state_readback=0
resting_native_profile step=63872 command_ms=876.847417 gpu_ms=876.304375008 host_copy_ms=0.008708 full_state_readback=0
resting_native_profile step=63904 command_ms=883.899166 gpu_ms=883.301500231 host_copy_ms=0.007084 full_state_readback=0
resting_native_profile step=63936 command_ms=885.909792 gpu_ms=885.320499539 host_copy_ms=0.009 full_state_readback=0
resting_native_profile step=63968 command_ms=893.847917 gpu_ms=893.251250498 host_copy_ms=0.008458 full_state_readback=0
resting_native_profile step=64000 command_ms=885.577625 gpu_ms=884.927749634 host_copy_ms=0.011958 full_state_readback=0
resting_native_profile step=64032 command_ms=880.716667 gpu_ms=880.535874516 host_copy_ms=0.008625 full_state_readback=0
resting_native_profile step=64064 command_ms=890.905708 gpu_ms=890.358374454 host_copy_ms=0.007584 full_state_readback=0
resting_native_profile step=64096 command_ms=880.864333 gpu_ms=880.256833509 host_copy_ms=0.009 full_state_readback=0
resting_native_profile step=64128 command_ms=893.639458 gpu_ms=893.439457752 host_copy_ms=0.007542 full_state_readback=0
resting_native_profile step=64160 command_ms=875.826875 gpu_ms=875.268999487 host_copy_ms=0.004958 full_state_readback=0
resting_native_profile step=64192 command_ms=886.0705 gpu_ms=885.481250472 host_copy_ms=0.007291 full_state_readback=0
resting_native_profile step=64224 command_ms=886.076417 gpu_ms=885.46624966 host_copy_ms=0.005542 full_state_readback=0
resting_native_profile step=64256 command_ms=875.252792 gpu_ms=874.673124403 host_copy_ms=0.008125 full_state_readback=0
resting_native_profile step=64288 command_ms=879.446042 gpu_ms=878.762458451 host_copy_ms=0.00775 full_state_readback=0
resting_native_profile step=64320 command_ms=882.418834 gpu_ms=881.895042025 host_copy_ms=0.005 full_state_readback=0
resting_native_profile step=64352 command_ms=884.731709 gpu_ms=884.09112487 host_copy_ms=0.008583 full_state_readback=0
resting_native_profile step=64384 command_ms=883.952292 gpu_ms=883.332916535 host_copy_ms=0.00725 full_state_readback=0
resting_native_profile step=64416 command_ms=880.701125 gpu_ms=880.071374588 host_copy_ms=0.005625 full_state_readback=0
resting_native_profile step=64448 command_ms=882.309584 gpu_ms=882.101541385 host_copy_ms=0.005 full_state_readback=0
resting_native_profile step=64480 command_ms=883.409666 gpu_ms=882.853125222 host_copy_ms=0.005959 full_state_readback=0
resting_native_profile step=64512 command_ms=888.634833 gpu_ms=888.029375114 host_copy_ms=0.009042 full_state_readback=0
resting_native_profile step=64544 command_ms=892.424667 gpu_ms=892.235999927 host_copy_ms=0.005208 full_state_readback=0
resting_native_profile step=64576 command_ms=885.549416 gpu_ms=884.996749461 host_copy_ms=0.005625 full_state_readback=0
resting_native_profile step=64608 command_ms=888.100333 gpu_ms=887.58624997 host_copy_ms=0.005209 full_state_readback=0
resting_native_profile step=64640 command_ms=886.228584 gpu_ms=885.603874922 host_copy_ms=0.005041 full_state_readback=0
resting_native_profile step=64672 command_ms=881.647292 gpu_ms=881.45095855 host_copy_ms=0.007 full_state_readback=0
resting_native_profile step=64704 command_ms=887.673 gpu_ms=887.123459019 host_copy_ms=0.012084 full_state_readback=0
resting_native_profile step=64736 command_ms=893.579375 gpu_ms=892.96012558 host_copy_ms=0.006041 full_state_readback=0
resting_native_profile step=64768 command_ms=886.677708 gpu_ms=886.133000255 host_copy_ms=0.00575 full_state_readback=0
resting_native_profile step=64800 command_ms=885.15925 gpu_ms=884.599542245 host_copy_ms=0.005458 full_state_readback=0
resting_native_profile step=64832 command_ms=886.649542 gpu_ms=886.038000695 host_copy_ms=0.005208 full_state_readback=0
resting_native_profile step=64864 command_ms=880.926625 gpu_ms=880.316708237 host_copy_ms=0.005208 full_state_readback=0
resting_native_profile step=64896 command_ms=880.400292 gpu_ms=879.777374677 host_copy_ms=0.005542 full_state_readback=0
resting_native_profile step=64928 command_ms=890.044833 gpu_ms=889.421999454 host_copy_ms=0.008459 full_state_readback=0
resting_native_profile step=64960 command_ms=884.868375 gpu_ms=884.305416606 host_copy_ms=0.010292 full_state_readback=0
resting_native_profile step=64992 command_ms=888.850166 gpu_ms=888.281374238 host_copy_ms=0.008167 full_state_readback=0
resting_native_profile step=65024 command_ms=883.133792 gpu_ms=882.556499913 host_copy_ms=0.010083 full_state_readback=0
resting_native_profile step=65056 command_ms=886.510542 gpu_ms=885.862667114 host_copy_ms=0.01 full_state_readback=0
resting_native_profile step=65088 command_ms=886.988208 gpu_ms=886.440875009 host_copy_ms=0.006834 full_state_readback=0
resting_native_profile step=65120 command_ms=882.493167 gpu_ms=881.949207745 host_copy_ms=0.008792 full_state_readback=0
resting_native_profile step=65152 command_ms=887.185417 gpu_ms=887.001124211 host_copy_ms=0.006125 full_state_readback=0
resting_native_profile step=65184 command_ms=882.81075 gpu_ms=882.277541794 host_copy_ms=0.005083 full_state_readback=0
resting_native_profile step=65216 command_ms=885.943292 gpu_ms=885.321041569 host_copy_ms=0.005083 full_state_readback=0
resting_native_profile step=65248 command_ms=883.355541 gpu_ms=883.187250234 host_copy_ms=0.004834 full_state_readback=0
resting_native_profile step=65280 command_ms=884.739041 gpu_ms=884.111125022 host_copy_ms=0.005209 full_state_readback=0
resting_native_profile step=65312 command_ms=890.354167 gpu_ms=889.797000214 host_copy_ms=0.005125 full_state_readback=0
resting_native_profile step=65344 command_ms=873.418792 gpu_ms=872.781874612 host_copy_ms=0.008667 full_state_readback=0
resting_native_profile step=65376 command_ms=882.127292 gpu_ms=881.541124545 host_copy_ms=0.007 full_state_readback=0
resting_native_profile step=65408 command_ms=886.355833 gpu_ms=885.807500221 host_copy_ms=0.008292 full_state_readback=0
resting_native_profile step=65440 command_ms=892.139916 gpu_ms=891.618249938 host_copy_ms=0.0055 full_state_readback=0
resting_native_profile step=65472 command_ms=889.88675 gpu_ms=889.328166842 host_copy_ms=0.004584 full_state_readback=0
resting_native_profile step=65504 command_ms=888.590334 gpu_ms=887.992207892 host_copy_ms=0.005083 full_state_readback=0
resting_native_profile step=65536 command_ms=890.528833 gpu_ms=890.350500122 host_copy_ms=0.004833 full_state_readback=0
resting_native_profile step=65568 command_ms=887.524209 gpu_ms=886.911625043 host_copy_ms=0.008916 full_state_readback=0
resting_native_profile step=65600 command_ms=888.568083 gpu_ms=888.042500243 host_copy_ms=0.005583 full_state_readback=0
resting_native_profile step=65632 command_ms=891.838667 gpu_ms=891.278000548 host_copy_ms=0.005125 full_state_readback=0
resting_native_profile step=65664 command_ms=891.261666 gpu_ms=890.729375184 host_copy_ms=0.005875 full_state_readback=0
resting_native_profile step=65696 command_ms=891.548916 gpu_ms=891.373250633 host_copy_ms=0.005459 full_state_readback=0
resting_native_profile step=65728 command_ms=887.148958 gpu_ms=886.538124643 host_copy_ms=0.00725 full_state_readback=0
resting_native_profile step=65760 command_ms=889.110084 gpu_ms=888.596749865 host_copy_ms=0.0085 full_state_readback=0
resting_native_profile step=65792 command_ms=886.174834 gpu_ms=885.586833581 host_copy_ms=0.005708 full_state_readback=0
resting_native_profile step=65824 command_ms=890.786333 gpu_ms=890.144750476 host_copy_ms=0.006167 full_state_readback=0
resting_native_profile step=65856 command_ms=884.438375 gpu_ms=883.791875094 host_copy_ms=0.005917 full_state_readback=0
resting_native_profile step=65888 command_ms=888.327542 gpu_ms=887.688624673 host_copy_ms=0.00925 full_state_readback=0
resting_native_profile step=65920 command_ms=892.06925 gpu_ms=891.482625157 host_copy_ms=0.007916 full_state_readback=0
resting_native_profile step=65952 command_ms=891.882166 gpu_ms=891.300667077 host_copy_ms=0.007584 full_state_readback=0
resting_native_profile step=65984 command_ms=889.729792 gpu_ms=889.201999642 host_copy_ms=0.008667 full_state_readback=0
resting_native_profile step=66016 command_ms=885.078917 gpu_ms=884.487083182 host_copy_ms=0.005333 full_state_readback=0
resting_native_profile step=66048 command_ms=891.93425 gpu_ms=891.750458628 host_copy_ms=0.005416 full_state_readback=0
resting_native_profile step=66080 command_ms=881.283 gpu_ms=880.682166666 host_copy_ms=0.00575 full_state_readback=0
resting_native_profile step=66112 command_ms=886.569917 gpu_ms=886.020291597 host_copy_ms=0.00775 full_state_readback=0
resting_native_profile step=66144 command_ms=895.084042 gpu_ms=894.527167082 host_copy_ms=0.005791 full_state_readback=0
resting_native_profile step=66176 command_ms=890.646583 gpu_ms=890.132999979 host_copy_ms=0.005 full_state_readback=0
resting_native_profile step=66208 command_ms=886.818292 gpu_ms=886.189666577 host_copy_ms=0.015125 full_state_readback=0
resting_native_profile step=66240 command_ms=886.290584 gpu_ms=885.757124983 host_copy_ms=0.007208 full_state_readback=0
resting_native_profile step=66272 command_ms=893.250958 gpu_ms=892.656916752 host_copy_ms=0.007292 full_state_readback=0
resting_native_profile step=66304 command_ms=886.633292 gpu_ms=886.106874794 host_copy_ms=0.005208 full_state_readback=0
resting_native_profile step=66336 command_ms=879.675125 gpu_ms=879.101375118 host_copy_ms=0.005583 full_state_readback=0
resting_native_profile step=66368 command_ms=891.779292 gpu_ms=891.146375798 host_copy_ms=0.005375 full_state_readback=0
resting_native_profile step=66400 command_ms=893.772209 gpu_ms=893.193624914 host_copy_ms=0.005208 full_state_readback=0
resting_native_profile step=66432 command_ms=890.518041 gpu_ms=889.917708933 host_copy_ms=0.008667 full_state_readback=0
resting_native_profile step=66464 command_ms=891.686084 gpu_ms=891.137499362 host_copy_ms=0.009583 full_state_readback=0
resting_native_profile step=66496 command_ms=887.570792 gpu_ms=886.960208416 host_copy_ms=0.006625 full_state_readback=0
resting_native_profile step=66528 command_ms=886.754458 gpu_ms=886.237124912 host_copy_ms=0.00575 full_state_readback=0
resting_native_profile step=66560 command_ms=886.050083 gpu_ms=885.479083285 host_copy_ms=0.005542 full_state_readback=0
resting_native_profile step=66592 command_ms=887.953792 gpu_ms=887.407625094 host_copy_ms=0.005625 full_state_readback=0
resting_native_profile step=66624 command_ms=888.405667 gpu_ms=887.80787494 host_copy_ms=0.00925 full_state_readback=0
resting_native_profile step=66656 command_ms=890.3475 gpu_ms=889.775791205 host_copy_ms=0.008333 full_state_readback=0
resting_native_profile step=66688 command_ms=889.860583 gpu_ms=889.223374426 host_copy_ms=0.008208 full_state_readback=0
resting_native_profile step=66720 command_ms=893.3235 gpu_ms=892.752500251 host_copy_ms=0.0085 full_state_readback=0
resting_native_profile step=66752 command_ms=901.56175 gpu_ms=901.055707596 host_copy_ms=0.0075 full_state_readback=0
resting_native_profile step=66784 command_ms=891.342584 gpu_ms=890.747374855 host_copy_ms=0.009208 full_state_readback=0
resting_native_profile step=66816 command_ms=892.749916 gpu_ms=892.203249969 host_copy_ms=0.009584 full_state_readback=0
resting_native_profile step=66848 command_ms=913.9665 gpu_ms=913.593875244 host_copy_ms=0.006917 full_state_readback=0
resting_native_profile step=66880 command_ms=917.670375 gpu_ms=917.467333376 host_copy_ms=0.008334 full_state_readback=0
resting_native_profile step=66912 command_ms=918.398167 gpu_ms=917.822625488 host_copy_ms=0.008458 full_state_readback=0
resting_native_profile step=66944 command_ms=908.202416 gpu_ms=907.566167414 host_copy_ms=0.009125 full_state_readback=0
resting_native_profile step=66976 command_ms=916.928125 gpu_ms=916.379250586 host_copy_ms=0.007625 full_state_readback=0
resting_native_profile step=67008 command_ms=917.676916 gpu_ms=917.070958763 host_copy_ms=0.008959 full_state_readback=0
resting_native_profile step=67040 command_ms=919.676958 gpu_ms=919.102374464 host_copy_ms=0.007167 full_state_readback=0
resting_native_profile step=67072 command_ms=916.421708 gpu_ms=915.838874876 host_copy_ms=0.009125 full_state_readback=0
resting_native_profile step=67104 command_ms=923.292458 gpu_ms=922.67916631 host_copy_ms=0.008959 full_state_readback=0
resting_native_profile step=67136 command_ms=915.689625 gpu_ms=915.069875307 host_copy_ms=0.009542 full_state_readback=0
resting_native_profile step=67168 command_ms=918.129208 gpu_ms=917.568875477 host_copy_ms=0.012333 full_state_readback=0
resting_native_profile step=67200 command_ms=915.852875 gpu_ms=915.222541429 host_copy_ms=0.007958 full_state_readback=0
resting_native_profile step=67232 command_ms=919.565833 gpu_ms=919.020875357 host_copy_ms=0.008167 full_state_readback=0
resting_native_profile step=67264 command_ms=917.351417 gpu_ms=916.787833907 host_copy_ms=0.007833 full_state_readback=0
resting_native_profile step=67296 command_ms=921.189833 gpu_ms=920.562333427 host_copy_ms=0.008 full_state_readback=0
resting_native_profile step=67328 command_ms=918.258333 gpu_ms=917.724874802 host_copy_ms=0.008292 full_state_readback=0
resting_native_profile step=67360 command_ms=924.040625 gpu_ms=923.402625136 host_copy_ms=0.008292 full_state_readback=0
resting_native_profile step=67392 command_ms=922.849292 gpu_ms=922.284250148 host_copy_ms=0.007667 full_state_readback=0
resting_native_profile step=67424 command_ms=925.256709 gpu_ms=924.643374979 host_copy_ms=0.00775 full_state_readback=0
resting_native_profile step=67456 command_ms=923.569708 gpu_ms=922.946208157 host_copy_ms=0.00825 full_state_readback=0
resting_native_profile step=67488 command_ms=929.019209 gpu_ms=928.490750492 host_copy_ms=0.008833 full_state_readback=0
resting_native_profile step=67520 command_ms=913.584666 gpu_ms=913.057416677 host_copy_ms=0.010834 full_state_readback=0
resting_native_profile step=67552 command_ms=909.528375 gpu_ms=908.996458165 host_copy_ms=0.009125 full_state_readback=0
resting_native_profile step=67584 command_ms=919.06175 gpu_ms=918.502749875 host_copy_ms=0.009584 full_state_readback=0
resting_native_profile step=67616 command_ms=921.574125 gpu_ms=921.004666947 host_copy_ms=0.007958 full_state_readback=0
resting_native_profile step=67648 command_ms=918.905375 gpu_ms=918.391166255 host_copy_ms=0.008375 full_state_readback=0
resting_native_profile step=67680 command_ms=916.683833 gpu_ms=915.987249464 host_copy_ms=0.008375 full_state_readback=0
resting_native_profile step=67712 command_ms=919.740167 gpu_ms=919.107250869 host_copy_ms=0.007708 full_state_readback=0
resting_native_profile step=67744 command_ms=919.950584 gpu_ms=919.414583594 host_copy_ms=0.008333 full_state_readback=0
resting_native_profile step=67776 command_ms=920.577125 gpu_ms=919.982291758 host_copy_ms=0.007875 full_state_readback=0
resting_native_profile step=67808 command_ms=921.121625 gpu_ms=920.867208391 host_copy_ms=0.008333 full_state_readback=0
resting_native_profile step=67840 command_ms=920.130916 gpu_ms=919.567333534 host_copy_ms=0.0085 full_state_readback=0
resting_native_profile step=67872 command_ms=916.799958 gpu_ms=916.218250059 host_copy_ms=0.010542 full_state_readback=0
resting_native_profile step=67904 command_ms=909.973542 gpu_ms=909.47625041 host_copy_ms=0.008208 full_state_readback=0
resting_native_profile step=67936 command_ms=917.707542 gpu_ms=917.185625061 host_copy_ms=0.007833 full_state_readback=0
resting_native_profile step=67968 command_ms=921.23025 gpu_ms=920.695125125 host_copy_ms=0.008833 full_state_readback=0
resting_native_profile step=68000 command_ms=917.048625 gpu_ms=916.410333477 host_copy_ms=0.015375 full_state_readback=0
resting_native_profile step=68032 command_ms=917.985333 gpu_ms=917.827875353 host_copy_ms=0.009167 full_state_readback=0
resting_native_profile step=68064 command_ms=926.451083 gpu_ms=925.907916389 host_copy_ms=0.007958 full_state_readback=0
resting_native_profile step=68096 command_ms=920.962583 gpu_ms=920.416332781 host_copy_ms=0.008333 full_state_readback=0
resting_native_profile step=68128 command_ms=918.282625 gpu_ms=917.664875276 host_copy_ms=0.007708 full_state_readback=0
resting_native_profile step=68160 command_ms=918.69025 gpu_ms=918.075624853 host_copy_ms=0.008125 full_state_readback=0
resting_native_profile step=68192 command_ms=920.040709 gpu_ms=919.449249282 host_copy_ms=0.007458 full_state_readback=0
resting_native_profile step=68224 command_ms=928.112041 gpu_ms=927.461875603 host_copy_ms=0.021917 full_state_readback=0
resting_native_profile step=68256 command_ms=929.63725 gpu_ms=928.945499472 host_copy_ms=0.016167 full_state_readback=0
resting_native_profile step=68288 command_ms=925.414292 gpu_ms=924.724125303 host_copy_ms=0.0125 full_state_readback=0
resting_native_profile step=68320 command_ms=929.992667 gpu_ms=929.325000383 host_copy_ms=0.019167 full_state_readback=0
resting_native_profile step=68352 command_ms=930.189334 gpu_ms=929.52970881 host_copy_ms=0.012958 full_state_readback=0
resting_native_profile step=68384 command_ms=936.676458 gpu_ms=936.042250134 host_copy_ms=0.013083 full_state_readback=0
resting_native_profile step=68416 command_ms=931.095916 gpu_ms=930.482500233 host_copy_ms=0.017084 full_state_readback=0
resting_native_profile step=68448 command_ms=934.41475 gpu_ms=933.812124655 host_copy_ms=0.017875 full_state_readback=0
resting_native_profile step=68480 command_ms=922.166334 gpu_ms=921.9614584 host_copy_ms=0.018791 full_state_readback=0
resting_native_profile step=68512 command_ms=933.667959 gpu_ms=933.02579131 host_copy_ms=0.010208 full_state_readback=0
resting_native_profile step=68544 command_ms=925.737 gpu_ms=925.134041347 host_copy_ms=0.008334 full_state_readback=0
resting_native_profile step=68576 command_ms=928.570125 gpu_ms=927.998541854 host_copy_ms=0.010792 full_state_readback=0
resting_native_profile step=68608 command_ms=917.481416 gpu_ms=916.89416673 host_copy_ms=0.009209 full_state_readback=0
resting_native_profile step=68640 command_ms=919.837583 gpu_ms=919.254624285 host_copy_ms=0.008667 full_state_readback=0
resting_native_profile step=68672 command_ms=918.541833 gpu_ms=917.874375358 host_copy_ms=0.018708 full_state_readback=0
resting_native_profile step=68704 command_ms=928.489 gpu_ms=927.902000025 host_copy_ms=0.015833 full_state_readback=0
resting_native_profile step=68736 command_ms=931.599458 gpu_ms=931.00833334 host_copy_ms=0.014833 full_state_readback=0
resting_native_profile step=68768 command_ms=927.594291 gpu_ms=927.030333318 host_copy_ms=0.014459 full_state_readback=0
resting_native_profile step=68800 command_ms=934.263333 gpu_ms=933.601750061 host_copy_ms=0.015958 full_state_readback=0
resting_native_profile step=68832 command_ms=918.602 gpu_ms=918.028541841 host_copy_ms=0.018042 full_state_readback=0
resting_native_profile step=68864 command_ms=925.68025 gpu_ms=925.090458244 host_copy_ms=0.014458 full_state_readback=0
resting_native_profile step=68896 command_ms=931.723792 gpu_ms=931.364582852 host_copy_ms=0.016417 full_state_readback=0
resting_native_profile step=68928 command_ms=930.901959 gpu_ms=930.686749518 host_copy_ms=0.021416 full_state_readback=0
resting_native_profile step=68960 command_ms=924.90725 gpu_ms=924.714833498 host_copy_ms=0.015083 full_state_readback=0
resting_native_profile step=68992 command_ms=933.371416 gpu_ms=932.727457955 host_copy_ms=0.014042 full_state_readback=0
resting_native_profile step=69024 command_ms=927.074208 gpu_ms=926.495249383 host_copy_ms=0.014292 full_state_readback=0
resting_native_profile step=69056 command_ms=917.435916 gpu_ms=916.824500076 host_copy_ms=0.014667 full_state_readback=0
resting_native_profile step=69088 command_ms=918.823 gpu_ms=918.271208182 host_copy_ms=0.01375 full_state_readback=0
resting_native_profile step=69120 command_ms=930.893875 gpu_ms=930.340958759 host_copy_ms=0.013417 full_state_readback=0
resting_native_profile step=69152 command_ms=929.647542 gpu_ms=929.159750231 host_copy_ms=0.018417 full_state_readback=0
resting_native_profile step=69184 command_ms=933.30075 gpu_ms=933.091833256 host_copy_ms=0.014959 full_state_readback=0
resting_native_profile step=69216 command_ms=930.451167 gpu_ms=929.91116643 host_copy_ms=0.01475 full_state_readback=0
resting_native_profile step=69248 command_ms=935.304 gpu_ms=934.745999984 host_copy_ms=0.013792 full_state_readback=0
resting_native_profile step=69280 command_ms=936.74625 gpu_ms=936.164832674 host_copy_ms=0.020333 full_state_readback=0
resting_native_profile step=69312 command_ms=933.927958 gpu_ms=933.380374685 host_copy_ms=0.01425 full_state_readback=0
resting_native_profile step=69344 command_ms=932.214583 gpu_ms=931.920000352 host_copy_ms=0.01175 full_state_readback=0
resting_native_profile step=69376 command_ms=925.06275 gpu_ms=924.873666838 host_copy_ms=0.013458 full_state_readback=0
resting_native_profile step=69408 command_ms=931.30275 gpu_ms=930.673916824 host_copy_ms=0.013666 full_state_readback=0
resting_native_profile step=69440 command_ms=926.178958 gpu_ms=925.608874299 host_copy_ms=0.013959 full_state_readback=0
resting_native_profile step=69472 command_ms=924.974875 gpu_ms=924.386458471 host_copy_ms=0.013666 full_state_readback=0
resting_native_profile step=69504 command_ms=932.137667 gpu_ms=931.569874287 host_copy_ms=0.017083 full_state_readback=0
resting_native_profile step=69536 command_ms=926.909 gpu_ms=926.343249157 host_copy_ms=0.014875 full_state_readback=0
resting_native_profile step=69568 command_ms=931.234166 gpu_ms=931.040125899 host_copy_ms=0.014542 full_state_readback=0
resting_native_profile step=69600 command_ms=942.180666 gpu_ms=941.99024979 host_copy_ms=0.015417 full_state_readback=0
resting_native_profile step=69632 command_ms=939.420042 gpu_ms=938.869999722 host_copy_ms=0.020291 full_state_readback=0
resting_native_profile step=69664 command_ms=923.566625 gpu_ms=922.999999486 host_copy_ms=0.017375 full_state_readback=0
resting_native_profile step=69696 command_ms=935.506458 gpu_ms=934.923292138 host_copy_ms=0.0155 full_state_readback=0
resting_native_profile step=69728 command_ms=928.578958 gpu_ms=928.034249693 host_copy_ms=0.015625 full_state_readback=0
resting_native_profile step=69760 command_ms=925.971708 gpu_ms=925.76770857 host_copy_ms=0.017708 full_state_readback=0
resting_native_profile step=69792 command_ms=944.719459 gpu_ms=944.137332961 host_copy_ms=0.015333 full_state_readback=0
resting_native_profile step=69824 command_ms=927.370542 gpu_ms=926.697958261 host_copy_ms=0.015041 full_state_readback=0
resting_native_profile step=69856 command_ms=925.582333 gpu_ms=924.899833277 host_copy_ms=0.012375 full_state_readback=0
resting_native_profile step=69888 command_ms=931.371625 gpu_ms=930.82187511 host_copy_ms=0.01175 full_state_readback=0
resting_native_profile step=69920 command_ms=919.3345 gpu_ms=918.734583072 host_copy_ms=0.017084 full_state_readback=0
resting_native_profile step=69952 command_ms=928.975083 gpu_ms=928.299458697 host_copy_ms=0.014334 full_state_readback=0
resting_native_profile step=69984 command_ms=931.616834 gpu_ms=930.929000489 host_copy_ms=0.01825 full_state_readback=0
resting_native_profile step=70016 command_ms=932.206917 gpu_ms=931.564874947 host_copy_ms=0.011541 full_state_readback=0
resting_native_profile step=70048 command_ms=930.153667 gpu_ms=929.503874853 host_copy_ms=0.012083 full_state_readback=0
resting_native_profile step=70080 command_ms=936.35275 gpu_ms=935.726500116 host_copy_ms=0.012 full_state_readback=0
resting_native_profile step=70112 command_ms=936.20425 gpu_ms=935.501625761 host_copy_ms=0.012334 full_state_readback=0
resting_native_profile step=70144 command_ms=930.753333 gpu_ms=930.197457783 host_copy_ms=0.011792 full_state_readback=0
resting_native_profile step=70176 command_ms=931.541333 gpu_ms=930.956125259 host_copy_ms=0.012625 full_state_readback=0
resting_native_profile step=70208 command_ms=930.077708 gpu_ms=929.508750327 host_copy_ms=0.0115 full_state_readback=0
resting_native_profile step=70240 command_ms=930.373833 gpu_ms=929.818083532 host_copy_ms=0.011125 full_state_readback=0
resting_native_profile step=70272 command_ms=933.729958 gpu_ms=933.131583966 host_copy_ms=0.011584 full_state_readback=0
resting_native_profile step=70304 command_ms=936.364042 gpu_ms=935.748375021 host_copy_ms=0.013458 full_state_readback=0
resting_native_profile step=70336 command_ms=928.506167 gpu_ms=927.928708494 host_copy_ms=0.019542 full_state_readback=0
resting_native_profile step=70368 command_ms=933.778416 gpu_ms=933.09366703 host_copy_ms=0.015417 full_state_readback=0
resting_native_profile step=70400 command_ms=928.705042 gpu_ms=928.144374862 host_copy_ms=0.015666 full_state_readback=0
resting_native_profile step=70432 command_ms=925.2335 gpu_ms=924.630125053 host_copy_ms=0.014 full_state_readback=0
resting_native_profile step=70464 command_ms=927.918042 gpu_ms=927.289208397 host_copy_ms=0.014542 full_state_readback=0
resting_native_profile step=70496 command_ms=933.8635 gpu_ms=933.278333396 host_copy_ms=0.01375 full_state_readback=0
resting_native_profile step=70528 command_ms=923.940959 gpu_ms=923.317083158 host_copy_ms=0.018958 full_state_readback=0
resting_native_profile step=70560 command_ms=932.855292 gpu_ms=932.309499942 host_copy_ms=0.019417 full_state_readback=0
resting_native_profile step=70592 command_ms=928.224917 gpu_ms=927.662124857 host_copy_ms=0.015 full_state_readback=0
resting_native_profile step=70624 command_ms=932.77325 gpu_ms=932.203708217 host_copy_ms=0.0155 full_state_readback=0
resting_native_profile step=70656 command_ms=930.469042 gpu_ms=929.891958833 host_copy_ms=0.015125 full_state_readback=0
resting_native_profile step=70688 command_ms=923.234208 gpu_ms=922.685332596 host_copy_ms=0.017333 full_state_readback=0
resting_native_profile step=70720 command_ms=931.616541 gpu_ms=931.011167355 host_copy_ms=0.013875 full_state_readback=0
resting_native_profile step=70752 command_ms=929.266084 gpu_ms=928.701125085 host_copy_ms=0.014 full_state_readback=0
resting_native_profile step=70784 command_ms=928.635292 gpu_ms=928.052791394 host_copy_ms=0.012208 full_state_readback=0
resting_native_profile step=70816 command_ms=924.789625 gpu_ms=924.179582857 host_copy_ms=0.012 full_state_readback=0
resting_native_profile step=70848 command_ms=925.89225 gpu_ms=925.232249312 host_copy_ms=0.008 full_state_readback=0
resting_native_profile step=70880 command_ms=925.571833 gpu_ms=924.963250756 host_copy_ms=0.009792 full_state_readback=0
resting_native_profile step=70912 command_ms=915.323333 gpu_ms=914.766374975 host_copy_ms=0.009209 full_state_readback=0
resting_native_profile step=70944 command_ms=926.611166 gpu_ms=925.988625735 host_copy_ms=0.010459 full_state_readback=0
resting_native_profile step=70976 command_ms=928.671875 gpu_ms=928.107916377 host_copy_ms=0.009375 full_state_readback=0
resting_native_profile step=71008 command_ms=919.854042 gpu_ms=919.265499339 host_copy_ms=0.008541 full_state_readback=0
resting_native_profile step=71040 command_ms=915.886458 gpu_ms=915.311499499 host_copy_ms=0.009875 full_state_readback=0
resting_native_profile step=71072 command_ms=923.177709 gpu_ms=922.991333529 host_copy_ms=0.005791 full_state_readback=0
resting_native_profile step=71104 command_ms=932.309125 gpu_ms=931.70950003 host_copy_ms=0.007209 full_state_readback=0
resting_native_profile step=71136 command_ms=919.030125 gpu_ms=918.4109997 host_copy_ms=0.0055 full_state_readback=0
resting_native_profile step=71168 command_ms=921.032625 gpu_ms=920.876000077 host_copy_ms=0.008292 full_state_readback=0
resting_native_profile step=71200 command_ms=918.038833 gpu_ms=917.498250492 host_copy_ms=0.005625 full_state_readback=0
resting_native_profile step=71232 command_ms=923.800625 gpu_ms=923.161791638 host_copy_ms=0.005916 full_state_readback=0
resting_native_profile step=71264 command_ms=920.2695 gpu_ms=919.737749733 host_copy_ms=0.007542 full_state_readback=0
resting_native_profile step=71296 command_ms=916.10775 gpu_ms=915.480458178 host_copy_ms=0.0055 full_state_readback=0
resting_native_profile step=71328 command_ms=917.754375 gpu_ms=917.210500687 host_copy_ms=0.008083 full_state_readback=0
resting_native_profile step=71360 command_ms=924.546833 gpu_ms=924.029874615 host_copy_ms=0.007709 full_state_readback=0
resting_native_profile step=71392 command_ms=920.859584 gpu_ms=920.303333551 host_copy_ms=0.012375 full_state_readback=0
resting_native_profile step=71424 command_ms=922.038958 gpu_ms=921.498750336 host_copy_ms=0.00525 full_state_readback=0
resting_native_profile step=71456 command_ms=917.6795 gpu_ms=917.047666386 host_copy_ms=0.007833 full_state_readback=0
resting_native_profile step=71488 command_ms=920.257125 gpu_ms=920.087625273 host_copy_ms=0.006417 full_state_readback=0
resting_native_profile step=71520 command_ms=922.956458 gpu_ms=922.384958714 host_copy_ms=0.006792 full_state_readback=0
resting_native_profile step=71552 command_ms=924.061333 gpu_ms=923.434792086 host_copy_ms=0.007292 full_state_readback=0
resting_native_profile step=71584 command_ms=915.640125 gpu_ms=914.990500547 host_copy_ms=0.007 full_state_readback=0
resting_native_profile step=71616 command_ms=912.336416 gpu_ms=911.741250195 host_copy_ms=0.007792 full_state_readback=0
resting_native_profile step=71648 command_ms=924.809916 gpu_ms=924.18395821 host_copy_ms=0.007375 full_state_readback=0
resting_native_profile step=71680 command_ms=910.775542 gpu_ms=910.193124786 host_copy_ms=0.0075 full_state_readback=0
resting_native_profile step=71712 command_ms=924.254791 gpu_ms=923.634458333 host_copy_ms=0.006 full_state_readback=0
resting_native_profile step=71744 command_ms=914.94575 gpu_ms=914.396458305 host_copy_ms=0.008542 full_state_readback=0
resting_native_profile step=71776 command_ms=912.824708 gpu_ms=912.214000709 host_copy_ms=0.007292 full_state_readback=0
resting_native_profile step=71808 command_ms=920.676333 gpu_ms=920.420499519 host_copy_ms=0.009 full_state_readback=0
resting_native_profile step=71840 command_ms=920.647167 gpu_ms=920.118041337 host_copy_ms=0.008208 full_state_readback=0
resting_native_profile step=71872 command_ms=921.369458 gpu_ms=920.813166536 host_copy_ms=0.00675 full_state_readback=0
resting_native_profile step=71904 command_ms=920.087709 gpu_ms=919.529000297 host_copy_ms=0.007291 full_state_readback=0
resting_native_profile step=71936 command_ms=926.776459 gpu_ms=926.126125269 host_copy_ms=0.007291 full_state_readback=0
resting_native_profile step=71968 command_ms=930.527875 gpu_ms=929.902958684 host_copy_ms=0.008208 full_state_readback=0
resting_native_profile step=72000 command_ms=915.379125 gpu_ms=914.811916649 host_copy_ms=0.008709 full_state_readback=0
resting_native_profile step=72032 command_ms=914.213583 gpu_ms=913.596374914 host_copy_ms=0.006417 full_state_readback=0
resting_native_profile step=72064 command_ms=922.164417 gpu_ms=921.537875198 host_copy_ms=0.007583 full_state_readback=0
resting_native_profile step=72096 command_ms=924.198125 gpu_ms=923.64820838 host_copy_ms=0.008041 full_state_readback=0
resting_native_profile step=72128 command_ms=917.505542 gpu_ms=916.962291114 host_copy_ms=0.007708 full_state_readback=0
resting_native_profile step=72160 command_ms=918.73575 gpu_ms=918.563458137 host_copy_ms=0.005 full_state_readback=0
resting_native_profile step=72192 command_ms=931.841333 gpu_ms=931.290124543 host_copy_ms=0.00675 full_state_readback=0
resting_native_profile step=72224 command_ms=921.392042 gpu_ms=920.709750615 host_copy_ms=0.009041 full_state_readback=0
resting_native_profile step=72256 command_ms=915.196458 gpu_ms=914.992041886 host_copy_ms=0.006167 full_state_readback=0
resting_native_profile step=72288 command_ms=913.588875 gpu_ms=912.995624356 host_copy_ms=0.00625 full_state_readback=0
resting_native_profile step=72320 command_ms=924.010459 gpu_ms=923.514375463 host_copy_ms=0.0085 full_state_readback=0
resting_native_profile step=72352 command_ms=930.376334 gpu_ms=929.75937482 host_copy_ms=0.007416 full_state_readback=0
resting_native_profile step=72384 command_ms=929.143084 gpu_ms=928.607750684 host_copy_ms=0.007541 full_state_readback=0
resting_native_profile step=72416 command_ms=916.8155 gpu_ms=916.20104108 host_copy_ms=0.008792 full_state_readback=0
resting_native_profile step=72448 command_ms=926.377208 gpu_ms=925.789083354 host_copy_ms=0.009292 full_state_readback=0
resting_native_profile step=72480 command_ms=923.098458 gpu_ms=922.465500422 host_copy_ms=0.008208 full_state_readback=0
resting_native_profile step=72512 command_ms=931.27625 gpu_ms=930.735709146 host_copy_ms=0.008458 full_state_readback=0
resting_native_profile step=72544 command_ms=927.378584 gpu_ms=926.828792319 host_copy_ms=0.006083 full_state_readback=0
resting_native_profile step=72576 command_ms=922.192167 gpu_ms=921.641999856 host_copy_ms=0.007917 full_state_readback=0
resting_native_profile step=72608 command_ms=916.024917 gpu_ms=915.494333021 host_copy_ms=0.007125 full_state_readback=0
resting_native_profile step=72640 command_ms=922.786542 gpu_ms=922.221000306 host_copy_ms=0.009041 full_state_readback=0
resting_native_profile step=72672 command_ms=923.017083 gpu_ms=922.446750104 host_copy_ms=0.007125 full_state_readback=0
resting_native_profile step=72704 command_ms=920.609625 gpu_ms=920.065791346 host_copy_ms=0.00625 full_state_readback=0
resting_native_profile step=72736 command_ms=922.508917 gpu_ms=921.959625557 host_copy_ms=0.0075 full_state_readback=0
resting_native_profile step=72768 command_ms=923.414709 gpu_ms=922.788124532 host_copy_ms=0.006041 full_state_readback=0
resting_native_profile step=72800 command_ms=919.078625 gpu_ms=918.589333072 host_copy_ms=0.011833 full_state_readback=0
resting_native_profile step=72832 command_ms=927.14375 gpu_ms=926.497749984 host_copy_ms=0.00825 full_state_readback=0
resting_native_profile step=72864 command_ms=939.058667 gpu_ms=938.510541804 host_copy_ms=0.007583 full_state_readback=0
resting_native_profile step=72896 command_ms=921.916125 gpu_ms=921.345291659 host_copy_ms=0.00575 full_state_readback=0
resting_native_profile step=72928 command_ms=927.295708 gpu_ms=926.759416237 host_copy_ms=0.007625 full_state_readback=0
resting_native_profile step=72960 command_ms=919.834167 gpu_ms=919.283582829 host_copy_ms=0.00625 full_state_readback=0
resting_native_profile step=72992 command_ms=918.789459 gpu_ms=918.17124933 host_copy_ms=0.006916 full_state_readback=0
resting_native_profile step=73024 command_ms=926.393833 gpu_ms=925.791000016 host_copy_ms=0.008167 full_state_readback=0
resting_native_profile step=73056 command_ms=921.564292 gpu_ms=920.997125097 host_copy_ms=0.008833 full_state_readback=0
resting_native_profile step=73088 command_ms=923.758125 gpu_ms=923.209541477 host_copy_ms=0.009042 full_state_readback=0
resting_native_profile step=73120 command_ms=919.643875 gpu_ms=919.01262477 host_copy_ms=0.005875 full_state_readback=0
resting_native_profile step=73152 command_ms=926.7375 gpu_ms=926.108875312 host_copy_ms=0.010125 full_state_readback=0
resting_native_profile step=73184 command_ms=927.852667 gpu_ms=927.315624431 host_copy_ms=0.005542 full_state_readback=0
resting_native_profile step=73216 command_ms=924.062708 gpu_ms=923.533624969 host_copy_ms=0.007 full_state_readback=0
resting_native_profile step=73248 command_ms=925.867792 gpu_ms=925.304500386 host_copy_ms=0.008708 full_state_readback=0
resting_native_profile step=73280 command_ms=916.899042 gpu_ms=916.273249313 host_copy_ms=0.007541 full_state_readback=0
resting_native_profile step=73312 command_ms=926.065583 gpu_ms=925.635124557 host_copy_ms=0.007125 full_state_readback=0
resting_native_profile step=73344 command_ms=924.36725 gpu_ms=923.762583174 host_copy_ms=0.005708 full_state_readback=0
resting_native_profile step=73376 command_ms=922.409334 gpu_ms=921.833208762 host_copy_ms=0.008375 full_state_readback=0
resting_native_profile step=73408 command_ms=923.522417 gpu_ms=923.349250108 host_copy_ms=0.005667 full_state_readback=0
resting_native_profile step=73440 command_ms=929.792958 gpu_ms=929.209583439 host_copy_ms=0.005667 full_state_readback=0
resting_native_profile step=73472 command_ms=907.3885 gpu_ms=906.802291982 host_copy_ms=0.009 full_state_readback=0
resting_native_profile step=73504 command_ms=917.486042 gpu_ms=916.919208132 host_copy_ms=0.008625 full_state_readback=0
resting_native_profile step=73536 command_ms=928.595375 gpu_ms=928.001125343 host_copy_ms=0.005792 full_state_readback=0
resting_native_profile step=73568 command_ms=914.804584 gpu_ms=914.182124659 host_copy_ms=0.008833 full_state_readback=0
resting_native_profile step=73600 command_ms=912.172334 gpu_ms=911.579458043 host_copy_ms=0.005875 full_state_readback=0
resting_native_profile step=73632 command_ms=922.46675 gpu_ms=921.849166974 host_copy_ms=0.007208 full_state_readback=0
resting_native_profile step=73664 command_ms=928.604042 gpu_ms=928.071292117 host_copy_ms=0.008708 full_state_readback=0
resting_native_profile step=73696 command_ms=922.373708 gpu_ms=921.8438752 host_copy_ms=0.006917 full_state_readback=0
resting_native_profile step=73728 command_ms=923.601667 gpu_ms=923.018666916 host_copy_ms=0.005833 full_state_readback=0
resting_native_profile step=73760 command_ms=921.371375 gpu_ms=920.808999799 host_copy_ms=0.008458 full_state_readback=0
resting_native_profile step=73792 command_ms=920.484458 gpu_ms=919.934500009 host_copy_ms=0.007458 full_state_readback=0
resting_native_profile step=73824 command_ms=924.986208 gpu_ms=924.427458085 host_copy_ms=0.008042 full_state_readback=0
resting_native_profile step=73856 command_ms=916.421625 gpu_ms=916.245374829 host_copy_ms=0.008959 full_state_readback=0
resting_native_profile step=73888 command_ms=920.881125 gpu_ms=920.348791406 host_copy_ms=0.009083 full_state_readback=0
resting_native_profile step=73920 command_ms=923.867458 gpu_ms=923.279042356 host_copy_ms=0.0085 full_state_readback=0
resting_native_profile step=73952 command_ms=921.508709 gpu_ms=920.950625092 host_copy_ms=0.007708 full_state_readback=0
resting_native_profile step=73984 command_ms=918.993 gpu_ms=918.555624783 host_copy_ms=0.00775 full_state_readback=0
resting_native_profile step=74016 command_ms=931.021875 gpu_ms=930.490291677 host_copy_ms=0.006875 full_state_readback=0
resting_native_profile step=74048 command_ms=928.861 gpu_ms=928.294708021 host_copy_ms=0.008 full_state_readback=0
resting_native_profile step=74080 command_ms=922.749375 gpu_ms=922.178374603 host_copy_ms=0.0085 full_state_readback=0
resting_native_profile step=74112 command_ms=920.639791 gpu_ms=920.357291587 host_copy_ms=0.008125 full_state_readback=0
resting_native_profile step=74144 command_ms=921.140334 gpu_ms=920.551999472 host_copy_ms=0.006333 full_state_readback=0
resting_native_profile step=74176 command_ms=920.995042 gpu_ms=920.413499698 host_copy_ms=0.007041 full_state_readback=0
resting_native_profile step=74208 command_ms=925.412708 gpu_ms=924.738958478 host_copy_ms=0.009625 full_state_readback=0
resting_native_profile step=74240 command_ms=919.299292 gpu_ms=918.669291772 host_copy_ms=0.008041 full_state_readback=0
resting_native_profile step=74272 command_ms=920.916542 gpu_ms=920.303541236 host_copy_ms=0.00625 full_state_readback=0
resting_native_profile step=74304 command_ms=918.7415 gpu_ms=918.107375503 host_copy_ms=0.009375 full_state_readback=0
resting_native_profile step=74336 command_ms=922.48975 gpu_ms=922.269750386 host_copy_ms=0.006709 full_state_readback=0
resting_native_profile step=74368 command_ms=929.83325 gpu_ms=929.633124731 host_copy_ms=0.008459 full_state_readback=0
resting_native_profile step=74400 command_ms=914.174083 gpu_ms=913.561666384 host_copy_ms=0.008292 full_state_readback=0
resting_native_profile step=74432 command_ms=917.0905 gpu_ms=916.561166756 host_copy_ms=0.007917 full_state_readback=0
resting_native_profile step=74464 command_ms=926.843625 gpu_ms=926.238624379 host_copy_ms=0.005583 full_state_readback=0
resting_native_profile step=74496 command_ms=913.542084 gpu_ms=912.97787521 host_copy_ms=0.008958 full_state_readback=0
resting_native_profile step=74528 command_ms=926.981166 gpu_ms=926.342957653 host_copy_ms=0.006584 full_state_readback=0
resting_native_profile step=74560 command_ms=919.65025 gpu_ms=919.095749967 host_copy_ms=0.010542 full_state_readback=0
resting_native_profile step=74592 command_ms=923.092042 gpu_ms=922.454874963 host_copy_ms=0.00725 full_state_readback=0
resting_native_profile step=74624 command_ms=925.490625 gpu_ms=924.947000109 host_copy_ms=0.006166 full_state_readback=0
resting_native_profile step=74656 command_ms=930.904584 gpu_ms=930.410999805 host_copy_ms=0.007208 full_state_readback=0
resting_native_profile step=74688 command_ms=913.451833 gpu_ms=912.916207686 host_copy_ms=0.0055 full_state_readback=0
resting_native_profile step=74720 command_ms=920.9825 gpu_ms=920.453249477 host_copy_ms=0.008792 full_state_readback=0
resting_native_profile step=74752 command_ms=918.607167 gpu_ms=917.960833758 host_copy_ms=0.007916 full_state_readback=0
resting_native_profile step=74784 command_ms=926.800208 gpu_ms=926.626292057 host_copy_ms=0.005542 full_state_readback=0
resting_native_profile step=74816 command_ms=925.483417 gpu_ms=924.9248337 host_copy_ms=0.005208 full_state_readback=0
resting_native_profile step=74848 command_ms=913.520083 gpu_ms=912.896249443 host_copy_ms=0.008417 full_state_readback=0
resting_native_profile step=74880 command_ms=920.21525 gpu_ms=919.60475035 host_copy_ms=0.005667 full_state_readback=0
resting_native_profile step=74912 command_ms=915.278625 gpu_ms=915.068374947 host_copy_ms=0.01325 full_state_readback=0
resting_native_profile step=74944 command_ms=920.34425 gpu_ms=919.813499786 host_copy_ms=0.006459 full_state_readback=0
resting_native_profile step=74976 command_ms=927.67075 gpu_ms=927.050749771 host_copy_ms=0.005667 full_state_readback=0
resting_native_profile step=75008 command_ms=919.827125 gpu_ms=919.22679171 host_copy_ms=0.008083 full_state_readback=0
resting_native_profile step=75040 command_ms=915.948167 gpu_ms=915.755624883 host_copy_ms=0.005875 full_state_readback=0
resting_native_profile step=75072 command_ms=922.753542 gpu_ms=922.21933417 host_copy_ms=0.007375 full_state_readback=0
resting_native_profile step=75104 command_ms=912.053542 gpu_ms=911.48312483 host_copy_ms=0.006625 full_state_readback=0
resting_native_profile step=75136 command_ms=912.960459 gpu_ms=912.337250076 host_copy_ms=0.009041 full_state_readback=0
resting_native_profile step=75168 command_ms=914.095042 gpu_ms=913.46491687 host_copy_ms=0.006541 full_state_readback=0
resting_native_profile step=75200 command_ms=917.958542 gpu_ms=917.369875126 host_copy_ms=0.007333 full_state_readback=0
resting_native_profile step=75232 command_ms=913.802625 gpu_ms=913.614625111 host_copy_ms=0.007917 full_state_readback=0
resting_native_profile step=75264 command_ms=923.001125 gpu_ms=922.821125016 host_copy_ms=0.008292 full_state_readback=0
resting_native_profile step=75296 command_ms=918.851458 gpu_ms=918.265165761 host_copy_ms=0.005875 full_state_readback=0
resting_native_profile step=75328 command_ms=924.13275 gpu_ms=923.903041519 host_copy_ms=0.008833 full_state_readback=0
resting_native_profile step=75360 command_ms=917.469708 gpu_ms=916.828624904 host_copy_ms=0.005833 full_state_readback=0
resting_native_profile step=75392 command_ms=921.965667 gpu_ms=921.423458494 host_copy_ms=0.005458 full_state_readback=0
resting_native_profile step=75424 command_ms=926.119875 gpu_ms=925.565334037 host_copy_ms=0.008833 full_state_readback=0
resting_native_profile step=75456 command_ms=928.839542 gpu_ms=928.228291683 host_copy_ms=0.006 full_state_readback=0
resting_native_profile step=75488 command_ms=926.304333 gpu_ms=925.673374906 host_copy_ms=0.006042 full_state_readback=0
resting_native_profile step=75520 command_ms=913.979334 gpu_ms=913.425958715 host_copy_ms=0.007666 full_state_readback=0
resting_native_profile step=75552 command_ms=915.418833 gpu_ms=914.847124368 host_copy_ms=0.008458 full_state_readback=0
resting_native_profile step=75584 command_ms=913.530291 gpu_ms=912.955416366 host_copy_ms=0.007042 full_state_readback=0
resting_native_profile step=75616 command_ms=905.571125 gpu_ms=904.972375371 host_copy_ms=0.008334 full_state_readback=0
resting_native_profile step=75648 command_ms=914.123959 gpu_ms=913.499332964 host_copy_ms=0.00675 full_state_readback=0
resting_native_profile step=75680 command_ms=908.145292 gpu_ms=907.520541921 host_copy_ms=0.007041 full_state_readback=0
resting_native_profile step=75712 command_ms=922.308875 gpu_ms=921.782374382 host_copy_ms=0.006417 full_state_readback=0
resting_native_profile step=75744 command_ms=916.972292 gpu_ms=916.387625039 host_copy_ms=0.0085 full_state_readback=0
resting_native_profile step=75776 command_ms=918.927542 gpu_ms=918.310291134 host_copy_ms=0.007458 full_state_readback=0
resting_native_profile step=75808 command_ms=907.404958 gpu_ms=906.824124977 host_copy_ms=0.009084 full_state_readback=0
resting_native_profile step=75840 command_ms=921.491916 gpu_ms=921.314708889 host_copy_ms=0.006625 full_state_readback=0
resting_native_profile step=75872 command_ms=920.277833 gpu_ms=919.645832852 host_copy_ms=0.007542 full_state_readback=0
resting_native_profile step=75904 command_ms=918.748417 gpu_ms=918.516499922 host_copy_ms=0.0065 full_state_readback=0
resting_native_profile step=75936 command_ms=922.811917 gpu_ms=922.250749543 host_copy_ms=0.007916 full_state_readback=0
resting_native_profile step=75968 command_ms=925.64175 gpu_ms=925.114749931 host_copy_ms=0.011708 full_state_readback=0
resting_native_profile step=76000 command_ms=924.08475 gpu_ms=923.464000225 host_copy_ms=0.007375 full_state_readback=0
resting_native_profile step=76032 command_ms=914.858292 gpu_ms=914.322624914 host_copy_ms=0.00775 full_state_readback=0
resting_native_profile step=76064 command_ms=919.297458 gpu_ms=918.756375089 host_copy_ms=0.005542 full_state_readback=0
resting_native_profile step=76096 command_ms=915.841792 gpu_ms=915.217583068 host_copy_ms=0.007916 full_state_readback=0
resting_native_profile step=76128 command_ms=921.795833 gpu_ms=921.250541694 host_copy_ms=0.005709 full_state_readback=0
resting_native_profile step=76160 command_ms=917.827833 gpu_ms=917.236666195 host_copy_ms=0.008167 full_state_readback=0
resting_native_profile step=76192 command_ms=921.58225 gpu_ms=920.942041092 host_copy_ms=0.007125 full_state_readback=0
resting_native_profile step=76224 command_ms=910.586458 gpu_ms=910.051375628 host_copy_ms=0.007 full_state_readback=0
resting_native_profile step=76256 command_ms=914.579833 gpu_ms=914.402124472 host_copy_ms=0.008292 full_state_readback=0
resting_native_profile step=76288 command_ms=914.833708 gpu_ms=914.646333084 host_copy_ms=0.007709 full_state_readback=0
resting_native_profile step=76320 command_ms=928.769 gpu_ms=928.181624971 host_copy_ms=0.008959 full_state_readback=0
resting_native_profile step=76352 command_ms=928.451 gpu_ms=927.829833701 host_copy_ms=0.007416 full_state_readback=0
resting_native_profile step=76384 command_ms=922.924375 gpu_ms=922.729083337 host_copy_ms=0.009208 full_state_readback=0
resting_native_profile step=76416 command_ms=916.215625 gpu_ms=915.599666536 host_copy_ms=0.008625 full_state_readback=0
resting_native_profile step=76448 command_ms=921.742667 gpu_ms=921.087499708 host_copy_ms=0.010958 full_state_readback=0
resting_native_profile step=76480 command_ms=918.4605 gpu_ms=917.872125283 host_copy_ms=0.008875 full_state_readback=0
resting_native_profile step=76512 command_ms=917.244875 gpu_ms=916.675000452 host_copy_ms=0.0075 full_state_readback=0
resting_native_profile step=76544 command_ms=915.7555 gpu_ms=915.592749603 host_copy_ms=0.007917 full_state_readback=0
resting_native_profile step=76576 command_ms=929.962042 gpu_ms=929.336332716 host_copy_ms=0.0085 full_state_readback=0
resting_native_profile step=76608 command_ms=920.934458 gpu_ms=920.30883301 host_copy_ms=0.005875 full_state_readback=0
resting_native_profile step=76640 command_ms=919.515541 gpu_ms=918.949875049 host_copy_ms=0.006042 full_state_readback=0
resting_native_profile step=76672 command_ms=922.516417 gpu_ms=921.961000189 host_copy_ms=0.010583 full_state_readback=0
resting_native_profile step=76704 command_ms=922.093791 gpu_ms=921.462666243 host_copy_ms=0.005125 full_state_readback=0
resting_native_profile step=76736 command_ms=923.835875 gpu_ms=923.214375041 host_copy_ms=0.008709 full_state_readback=0
resting_native_profile step=76768 command_ms=914.890458 gpu_ms=914.308624342 host_copy_ms=0.009292 full_state_readback=0
resting_native_profile step=76800 command_ms=916.562459 gpu_ms=915.966625325 host_copy_ms=0.006541 full_state_readback=0
resting_native_profile step=76832 command_ms=918.703 gpu_ms=918.136791326 host_copy_ms=0.007459 full_state_readback=0
resting_native_profile step=76864 command_ms=920.318708 gpu_ms=919.776000082 host_copy_ms=0.006083 full_state_readback=0
resting_native_profile step=76896 command_ms=926.756208 gpu_ms=926.156500354 host_copy_ms=0.0055 full_state_readback=0
resting_native_profile step=76928 command_ms=913.273208 gpu_ms=912.692000158 host_copy_ms=0.007417 full_state_readback=0
resting_native_profile step=76960 command_ms=917.601542 gpu_ms=917.028041556 host_copy_ms=0.008583 full_state_readback=0
resting_native_profile step=76992 command_ms=929.297292 gpu_ms=928.666042164 host_copy_ms=0.007667 full_state_readback=0
resting_native_profile step=77024 command_ms=918.4465 gpu_ms=917.829458602 host_copy_ms=0.008791 full_state_readback=0
resting_native_profile step=77056 command_ms=924.498792 gpu_ms=924.232375808 host_copy_ms=0.00725 full_state_readback=0
resting_native_profile step=77088 command_ms=915.387708 gpu_ms=914.765125141 host_copy_ms=0.006042 full_state_readback=0
resting_native_profile step=77120 command_ms=929.524958 gpu_ms=928.90400067 host_copy_ms=0.007417 full_state_readback=0
resting_native_profile step=77152 command_ms=922.898875 gpu_ms=922.270541079 host_copy_ms=0.009166 full_state_readback=0
resting_native_profile step=77184 command_ms=926.408542 gpu_ms=925.881999545 host_copy_ms=0.008416 full_state_readback=0
resting_native_profile step=77216 command_ms=925.279542 gpu_ms=925.098249689 host_copy_ms=0.00675 full_state_readback=0
resting_native_profile step=77248 command_ms=918.862125 gpu_ms=918.224708177 host_copy_ms=0.008375 full_state_readback=0
resting_native_profile step=77280 command_ms=926.7975 gpu_ms=926.329250447 host_copy_ms=0.007708 full_state_readback=0
resting_native_profile step=77312 command_ms=923.079792 gpu_ms=922.533041798 host_copy_ms=0.007875 full_state_readback=0
resting_native_profile step=77344 command_ms=921.5415 gpu_ms=920.935874805 host_copy_ms=0.007209 full_state_readback=0
resting_native_profile step=77376 command_ms=920.952875 gpu_ms=920.787542127 host_copy_ms=0.011208 full_state_readback=0
resting_native_profile step=77408 command_ms=914.101375 gpu_ms=913.562708534 host_copy_ms=0.009125 full_state_readback=0
resting_native_profile step=77440 command_ms=914.830958 gpu_ms=914.231999777 host_copy_ms=0.006 full_state_readback=0
resting_native_profile step=77472 command_ms=920.977334 gpu_ms=920.381374657 host_copy_ms=0.007541 full_state_readback=0
resting_native_profile step=77504 command_ms=919.294917 gpu_ms=919.11316663 host_copy_ms=0.006333 full_state_readback=0
resting_native_profile step=77536 command_ms=927.396709 gpu_ms=926.836625673 host_copy_ms=0.007583 full_state_readback=0
resting_native_profile step=77568 command_ms=928.675542 gpu_ms=928.153374232 host_copy_ms=0.008708 full_state_readback=0
resting_native_profile step=77600 command_ms=913.701875 gpu_ms=913.125874475 host_copy_ms=0.007292 full_state_readback=0
resting_native_profile step=77632 command_ms=919.094333 gpu_ms=918.550750241 host_copy_ms=0.006292 full_state_readback=0
resting_native_profile step=77664 command_ms=918.33675 gpu_ms=917.720499448 host_copy_ms=0.008292 full_state_readback=0
resting_native_profile step=77696 command_ms=923.630625 gpu_ms=923.462125473 host_copy_ms=0.006 full_state_readback=0
resting_native_profile step=77728 command_ms=921.888209 gpu_ms=921.248291619 host_copy_ms=0.011375 full_state_readback=0
resting_native_profile step=77760 command_ms=922.500333 gpu_ms=921.871166676 host_copy_ms=0.008667 full_state_readback=0
resting_native_profile step=77792 command_ms=914.011416 gpu_ms=913.385458291 host_copy_ms=0.009 full_state_readback=0
resting_native_profile step=77824 command_ms=919.938458 gpu_ms=919.381166808 host_copy_ms=0.008417 full_state_readback=0
resting_native_profile step=77856 command_ms=917.379167 gpu_ms=916.810374707 host_copy_ms=0.00825 full_state_readback=0
resting_native_profile step=77888 command_ms=922.417958 gpu_ms=921.827582642 host_copy_ms=0.006208 full_state_readback=0
resting_native_profile step=77920 command_ms=924.45575 gpu_ms=923.826792277 host_copy_ms=0.008333 full_state_readback=0
resting_native_profile step=77952 command_ms=908.161792 gpu_ms=907.608333044 host_copy_ms=0.005916 full_state_readback=0
resting_native_profile step=77984 command_ms=924.74125 gpu_ms=924.093250185 host_copy_ms=0.008916 full_state_readback=0
resting_native_profile step=78016 command_ms=922.080458 gpu_ms=921.482750215 host_copy_ms=0.007458 full_state_readback=0
resting_native_profile step=78048 command_ms=923.4845 gpu_ms=922.853624448 host_copy_ms=0.006166 full_state_readback=0
resting_native_profile step=78080 command_ms=921.458167 gpu_ms=920.892542228 host_copy_ms=0.009375 full_state_readback=0
resting_native_profile step=78112 command_ms=912.96625 gpu_ms=912.409000099 host_copy_ms=0.006875 full_state_readback=0
resting_native_profile step=78144 command_ms=926.231292 gpu_ms=925.673292018 host_copy_ms=0.005958 full_state_readback=0
resting_native_profile step=78176 command_ms=923.740083 gpu_ms=923.141624779 host_copy_ms=0.007833 full_state_readback=0
resting_native_profile step=78208 command_ms=916.562334 gpu_ms=915.993416682 host_copy_ms=0.0085 full_state_readback=0
resting_native_profile step=78240 command_ms=916.401917 gpu_ms=915.835291147 host_copy_ms=0.007458 full_state_readback=0
resting_native_profile step=78272 command_ms=930.363625 gpu_ms=929.717791267 host_copy_ms=0.007083 full_state_readback=0
resting_native_profile step=78304 command_ms=922.150375 gpu_ms=921.583166346 host_copy_ms=0.005959 full_state_readback=0
resting_native_profile step=78336 command_ms=912.847209 gpu_ms=912.315541878 host_copy_ms=0.007208 full_state_readback=0
resting_native_profile step=78368 command_ms=916.131041 gpu_ms=915.603625588 host_copy_ms=0.006209 full_state_readback=0
resting_native_profile step=78400 command_ms=918.6065 gpu_ms=917.944874614 host_copy_ms=0.009208 full_state_readback=0
resting_native_profile step=78432 command_ms=915.868375 gpu_ms=915.304374881 host_copy_ms=0.010375 full_state_readback=0
resting_native_profile step=78464 command_ms=923.07675 gpu_ms=922.88425006 host_copy_ms=0.008959 full_state_readback=0
resting_native_profile step=78496 command_ms=916.379917 gpu_ms=915.769582614 host_copy_ms=0.007167 full_state_readback=0
resting_native_profile step=78528 command_ms=922.700625 gpu_ms=922.151125036 host_copy_ms=0.007083 full_state_readback=0
resting_native_profile step=78560 command_ms=911.095375 gpu_ms=910.531332716 host_copy_ms=0.007958 full_state_readback=0
resting_native_profile step=78592 command_ms=921.520709 gpu_ms=920.973625034 host_copy_ms=0.005625 full_state_readback=0
resting_native_profile step=78624 command_ms=930.69425 gpu_ms=930.056083947 host_copy_ms=0.00775 full_state_readback=0
resting_native_profile step=78656 command_ms=923.018625 gpu_ms=922.466666438 host_copy_ms=0.006709 full_state_readback=0
resting_native_profile step=78688 command_ms=921.4385 gpu_ms=920.782499947 host_copy_ms=0.007041 full_state_readback=0
resting_native_profile step=78720 command_ms=915.742459 gpu_ms=915.459999815 host_copy_ms=0.005708 full_state_readback=0
resting_native_profile step=78752 command_ms=917.046167 gpu_ms=916.514875367 host_copy_ms=0.007208 full_state_readback=0
resting_native_profile step=78784 command_ms=921.0685 gpu_ms=920.504458249 host_copy_ms=0.008208 full_state_readback=0
resting_native_profile step=78816 command_ms=922.902334 gpu_ms=922.317625023 host_copy_ms=0.008875 full_state_readback=0
resting_native_profile step=78848 command_ms=919.567958 gpu_ms=918.998500332 host_copy_ms=0.008167 full_state_readback=0
resting_native_profile step=78880 command_ms=916.975167 gpu_ms=916.459541768 host_copy_ms=0.006208 full_state_readback=0
resting_native_profile step=78912 command_ms=922.033583 gpu_ms=921.44629173 host_copy_ms=0.007 full_state_readback=0
resting_native_profile step=78944 command_ms=909.546125 gpu_ms=908.915124834 host_copy_ms=0.00725 full_state_readback=0
resting_native_profile step=78976 command_ms=907.24925 gpu_ms=906.684708782 host_copy_ms=0.005666 full_state_readback=0
resting_native_profile step=79008 command_ms=922.882 gpu_ms=922.706292011 host_copy_ms=0.008083 full_state_readback=0
resting_native_profile step=79040 command_ms=918.451458 gpu_ms=917.870416306 host_copy_ms=0.008292 full_state_readback=0
resting_native_profile step=79072 command_ms=918.283708 gpu_ms=917.725708336 host_copy_ms=0.008667 full_state_readback=0
resting_native_profile step=79104 command_ms=912.321667 gpu_ms=911.691375077 host_copy_ms=0.006416 full_state_readback=0
resting_native_profile step=79136 command_ms=919.554583 gpu_ms=918.935916387 host_copy_ms=0.008625 full_state_readback=0
resting_native_profile step=79168 command_ms=907.382917 gpu_ms=906.770042144 host_copy_ms=0.006041 full_state_readback=0
resting_native_profile step=79200 command_ms=907.823584 gpu_ms=907.251333818 host_copy_ms=0.006208 full_state_readback=0
resting_native_profile step=79232 command_ms=917.204959 gpu_ms=916.578916833 host_copy_ms=0.006625 full_state_readback=0
resting_native_profile step=79264 command_ms=924.60775 gpu_ms=924.054000527 host_copy_ms=0.009167 full_state_readback=0
resting_native_profile step=79296 command_ms=918.583833 gpu_ms=918.27937495 host_copy_ms=0.00625 full_state_readback=0
resting_native_profile step=79328 command_ms=924.88075 gpu_ms=924.328874797 host_copy_ms=0.007667 full_state_readback=0
resting_native_profile step=79360 command_ms=924.508667 gpu_ms=924.339083955 host_copy_ms=0.005708 full_state_readback=0
resting_native_profile step=79392 command_ms=921.009667 gpu_ms=920.359791256 host_copy_ms=0.0075 full_state_readback=0
resting_native_profile step=79424 command_ms=911.06425 gpu_ms=910.549250431 host_copy_ms=0.007 full_state_readback=0
resting_native_profile step=79456 command_ms=915.469208 gpu_ms=915.292125195 host_copy_ms=0.0085 full_state_readback=0
resting_native_profile step=79488 command_ms=915.037625 gpu_ms=914.508166723 host_copy_ms=0.010208 full_state_readback=0
resting_native_profile step=79520 command_ms=902.5825 gpu_ms=902.023375034 host_copy_ms=0.00625 full_state_readback=0
resting_native_profile step=79552 command_ms=913.677042 gpu_ms=913.081041537 host_copy_ms=0.008 full_state_readback=0
resting_native_profile step=79584 command_ms=926.309417 gpu_ms=925.704500638 host_copy_ms=0.006542 full_state_readback=0
resting_native_profile step=79616 command_ms=911.252792 gpu_ms=910.580500029 host_copy_ms=0.007958 full_state_readback=0
resting_native_profile step=79648 command_ms=918.296792 gpu_ms=917.757082731 host_copy_ms=0.00725 full_state_readback=0
resting_native_profile step=79680 command_ms=926.718667 gpu_ms=926.133500412 host_copy_ms=0.021916 full_state_readback=0
resting_native_profile step=79712 command_ms=912.240167 gpu_ms=911.642624997 host_copy_ms=0.008041 full_state_readback=0
resting_native_profile step=79744 command_ms=921.862291 gpu_ms=921.283707954 host_copy_ms=0.008334 full_state_readback=0
resting_native_profile step=79776 command_ms=916.842792 gpu_ms=916.662083007 host_copy_ms=0.00825 full_state_readback=0
resting_native_profile step=79808 command_ms=924.635625 gpu_ms=924.10608381 host_copy_ms=0.007625 full_state_readback=0
resting_native_profile step=79840 command_ms=920.430917 gpu_ms=919.862875715 host_copy_ms=0.008541 full_state_readback=0
resting_native_profile step=79872 command_ms=915.564375 gpu_ms=914.996624924 host_copy_ms=0.009042 full_state_readback=0
resting_native_profile step=79904 command_ms=924.469208 gpu_ms=923.865624703 host_copy_ms=0.005459 full_state_readback=0
resting_native_profile step=79936 command_ms=922.803583 gpu_ms=922.274291515 host_copy_ms=0.006667 full_state_readback=0
resting_native_profile step=79968 command_ms=920.470583 gpu_ms=919.914999977 host_copy_ms=0.008 full_state_readback=0
resting_native_profile step=80000 command_ms=921.093125 gpu_ms=920.554207638 host_copy_ms=0.10775 full_state_readback=1
accepted_geometry_export=/Users/n/numi-human-resting-evidence-20261005/native-drive-study-100/study/trials/resting-baseline/output/scene/accepted-geometry/step-79999.mrvpack receipt=/Users/n/numi-human-resting-evidence-20261005/native-drive-study-100/study/trials/resting-baseline/output/scene/accepted-geometry/step-79999.receipt.json accepted_root=0xad569f7a1e096661 pack_sha256=659111a403121900991261b2d8ac471fc10c71f9217aefa96e86ea768b656272 receipt_sha256=95d06b5344b209a8cfa78db0ec80170067318afacbfec9f88a2d58bb86803d28
stand_terminal_state={"schema":"numi.human.legacy-stand-terminal.v1","step_count":80000,"timestep_seconds":0.002,"root_assistance":false,"initial_q":[-0.05000000074505806,0.20000000298023224,0.10715460777282715,-0.70090925693511963,0,0,0.71325045824050903,0,0,0,0,0,0,0,0,0,0,0,0,0,0,0,0,0,0,0,0,0,0,0,0,0,0,0,0,0,0,0,0,0,0,0,0,0,0,0,0,0,0,0,0,0,0,0,0,0,0,0,0,0,0,0,0,0,0,0,0,0,0,0,0,0,0,0,0,0,0,0,0,0,0,0,0,0,0,0,0,0,0,0,0,0,0,0,0,0,0,0,0,0,0,0,0,0,7.6925396608196195e-11,9.537330214470785e-08,0,-1.4732499664660281e-08,1.0893900004305124e-08,0,0,0,0,0,0.010506000369787216,0,0,0,-7.6925396608196195e-11,9.537330214470785e-08,0,-1.4732499664660281e-08,-1.0893900004305124e-08,0,0,0,0,0,0.010506000369787216],"initial_v":[0,0,0,0,0,0,0,0,0,0,0,0,0,0,0,0,0,0,0,0,0,0,0,0,0,0,0,0,0,0,0,0,0,0,0,0,0,0,0,0,0,0,0,0,0,0,0,0,0,0,0,0,0,0,0,0,0,0,0,0,0,0,0,0,0,0,0,0,0,0,0,0,0,0,0,0,0,0,0,0,0,0,0,0,0,0,0,0,0,0,0,0,0,0,0,0,0,0,0,0,0,0,0,0,0,0,0,0,0,0,0,0,0,0,0,0,0,0,0,0,0,0,0,0,0,0,0,0],"q":[-0.048673179000616074,0.17277145385742188,-0.19791895151138306,-0.79610741138458252,0.0027210982516407967,0.00093144981656223536,0.60514849424362183,-0.2541758120059967,0.0014244987396523356,-0.0039534806273877621,0,0,-0.16340962052345276,-0.04702252522110939,0.00025797670241445303,-0.00014936250227037817,-0.051851864904165268,0.00034942952333949506,-0.00014936250227037817,-0.058714613318443298,0.00035626711905933917,-0.00012299278751015663,-0.064814828336238861,0.00026780576445162296,-0.00011421605449868366,-3.9916131511219533e-10,1.6906626099100208e-10,-1.6906626099100208e-10,3.9916131511219533e-10,-8.0821918602147491e-11,6.5317307118561985e-10,2.9359800701733718e-10,-2.9359800701733718e-10,-6.5317307118561985e-10,8.0821918602147491e-11,0.00033506070030853152,1.6494269283739982e-09,-0.00033506070030853152,-0.2822490930557251,-1.43432941968058e-06,-0.20944973826408386,0.055234231054782867,-0.077181011438369751,0,0,0,0,0,0,0,0,0,0,0,0,0,0,0,0,0,0,0,0,4.1122973470919533e-07,-1.7417787034901266e-07,1.7417787034901266e-07,-4.1122973470919533e-07,8.3265518924235948e-08,-6.7292137373442529e-07,-3.0247477411649015e-07,3.0247477411649015e-07,6.7292137373442529e-07,-8.3265518924235948e-08,-0.0057109580375254154,-1.6992963765005697e-06,0.0057109580375254154,-0.25990059971809387,1.1807906041827465e-10,-0.26390713453292847,0.11914548277854919,-0.20248234272003174,0,0,0,0,0,0,0,0,0,0,0,0,0,0,0,0,0,0,0,0,-0.34642809629440308,-0.026999780908226967,-0.69813239574432373,1.1161982449436891e-10,9.5391762044982897e-08,5.9007034813873815e-09,-1.4265753911502088e-08,1.307420394169867e-08,-0.24921581149101257,-0.029853982850909233,-0.52359902858734131,-2.8786403816205564e-10,-8.8621485150319756e-11,0.010506000369787216,-0.34537780284881592,-0.030761996284127235,-0.69813245534896851,-2.5667332148593403e-10,9.5468955407795875e-08,3.0570880937830225e-08,-1.2314343322827881e-08,-2.2189809101291758e-08,-0.27888813614845276,-0.0097055686637759209,-0.52359902858734131,-1.4913912327330081e-09,-4.5913797763752484e-10,0.010506001301109791],"v":[1.3763646165898535e-05,6.2703315961698536e-06,3.1358460546471179e-05,2.7272981242276728e-05,0.0001150232637883164,-4.1949882870540023e-05,1.6360028894268908e-05,7.2971750341821462e-05,-0.00019683403661474586,0,0,1.051786239258945e-05,3.0266053272498539e-06,1.3215183571446687e-05,-7.436390205839416e-06,3.3374458325852174e-06,1.7899970771395601e-05,-7.436390205839416e-06,3.7791667182318633e-06,1.8250233551952988e-05,-6.12350686424179e-06,4.1718071770446841e-06,1.3718688933295198e-05,-5.6865355873014778e-06,-1.6870215802100574e-07,7.1454429928508034e-08,-7.1454429928508034e-08,1.6870215802100574e-07,-3.4158702533204632e-08,2.76058074177854e-07,1.2408671068442345e-07,-1.2408671068442345e-07,-2.76058074177854e-07,3.4158702533204632e-08,9.459343709750101e-05,6.9711637706859619e-07,-9.459343709750101e-05,-0.0006390067283064127,-3.4039854313050455e-07,0.0020313705317676067,-0.0006384941516444087,-0.001219314755871892,0,0,0,0,0,0,0,0,0,0,0,0,0,0,0,0,0,0,0,0,1.0172895059668008e-07,-4.3087673873287713e-08,4.3087673873287713e-08,-1.0172895059668008e-07,2.0598010408434675e-08,-1.6646555422994425e-07,-7.4825429408065247e-08,7.4825429408065247e-08,1.6646555422994425e-07,-2.0598010408434675e-08,-5.7035151257878169e-05,-4.2036757008645509e-07,5.7035151257878169e-05,-7.0642949140165001e-05,1.1550497225343292e-09,-0.0005244780913926661,0.0006926562637090683,-0.00034554617013782263,0,0,0,0,0,0,0,0,0,0,0,0,0,0,0,0,0,0,0,0,2.650705209816806e-05,5.1662882469827309e-05,-1.9731205611606129e-06,-1.8154314718188402e-09,-9.6605168309338296e-10,-3.0876208256813698e-07,-2.442308044692254e-08,-1.1408727829120835e-07,-1.1928776757486048e-06,-5.3826930525247008e-05,-2.9277771318447776e-09,1.50628647332951e-08,4.6372359285840048e-09,-7.6454078623555688e-09,3.7106550735188648e-05,-5.5238859204109758e-05,-2.051087449217448e-06,-4.0441362064713715e-11,2.1520198817404079e-11,6.8781220718960867e-09,5.4405946414703976e-10,-2.5414592652595047e-09,-0.00010817061411216855,0.00028044381178915501,1.2109399705195756e-08,-3.3554711786898395e-10,-1.0330115235435144e-10,1.7031207000250959e-10]}
resting_integrated_body=completed simulated_s=160.00000759959221 wall_s=2358.3872514999998 real_time_factor=0.067842975108446571 physiology_body_clock=matched root_assistance=false presentation_qualification=pending
