time_s,lung_volume_ml,airflow_ml_s,alveolar_pa,pleural_pa,diaphragm_mm,rib_mm,PaO2_mmhg,PaCO2_mmhg,SaO2,oxygen_balance_error_stpd_ml,co2_balance_error_stpd_ml,breaths,tidal_ml,lv_mmhg,rv_mmhg,aorta_mmhg,pulmonary_artery_mmhg,lv_ml,rv_ml,blood_ml,blood_error_ml,aortic_ejected_ml,pulmonary_ejected_ml,complete_filling_ejection_cycles,last_lv_stroke_ml,right_atrium_ml,left_atrium_ml,blood_continuity_residual_accum_ml,blood_physical_delta_accum_ml,blood_residual_minus_physical_ml,blood_endpoint_minus_physical_ml,inspired_volume_accum_ml,last_inspiration_step,last_inspiration_time_s,last_inspiration_volume_accum_ml,last_complete_breath_inspired_ml,step,min_contact_gap_m,peak_penetration_m,normal_impulse_ns,root_assistance_n,root_assistance_nm,diaphragm_excitation,intercostal_excitation,diaphragm_activation,intercostal_activation
0.0640000030398,2509.99908894,311.853538733,-41.5770606995,-536.812438965,0.574129402637,-0.0129304733127,100.000053406,40.0000114441,0.972220301628,0.000232830643654,0.000232830643654,0,0,7.28122091632,1.19429222804,81.0829381924,12.5380135535,124.315018184,146.197897266,5149.99963343,0.000931322574615,0,0,0,0,28.5044607153,46.7287791253,-0.000266737743004,-0.000291038304567,2.4300561563e-05,-0.00017462298274,9.99912396082,0,0,0,0,32,-0.000120462682389,0.000120462682389,1.34052991867,0,0,0.0160578750074,0.0100361723453,0.014990478754,0.00938067119569
0.12800000608,2537.40861081,519.477238413,-69.2579498291,-577.933166504,1.94247496128,0.015891045332,100.000236511,40.0000267029,0.972220420837,0.000232830643654,0.000232830643654,0,0,10.1017307847,2.29766329567,77.7106496277,11.5623502661,127.785053337,153.882661834,5149.99963343,0.00139698386192,0,0,0,0,24.0560966631,45.3071479569,-0.000442718861571,-0.000409272615798,-3.3446245773e-05,-5.63886715099e-05,37.4087924229,0,0,0,0,64,-8.55032249092e-06,8.55032249092e-06,1.43571400642,0,0,0.0319535769522,0.0199709869921,0.0308435745537,0.0193022228777
0.19200000912,2574.85872135,635.400530882,-84.7131195068,-611.751281738,3.59597969055,0.122855357826,100.000320435,40.0000267029,0.972220480442,0.000232830643654,0.000232830643654,0,0,60.3892740267,15.5825969928,74.5049787453,12.5369862475,127.785053337,148.083403474,5149.99916777,0.00139698386192,0,5.82918937653,0,0,24.3894028245,44.9362814834,-0.000278924397468,-0.000279214873444,2.90475976605e-07,-0.000652107701171,74.8587509634,0,0,0,0,96,-1.2028144738e-05,1.2028144738e-05,1.49167585373,0,0,0.0475266128778,0.0297041330487,0.046388361603,0.0290301050991
0.256000012159,2617.73355305,695.311173331,-92.7005462646,-640.761657715,5.38533830643,0.27774053812,99.999961853,40.0000038147,0.972220242023,0.000232830643654,0.000232830643654,0,0,105.92497026,24.1341577926,101.832278316,21.2729384055,94.4683561102,110.679815407,5150.00056475,0.00139698386192,33.316668123,43.232794269,0,0,29.4194360322,48.7152501591,0.000158000765249,0.000150976120494,7.02464475477e-06,0.000314685166813,117.733578804,0,0,0,0,128,-3.7468267692e-05,3.7468267692e-05,1.42527806759,0,0,0.062619715929,0.0391373261809,0.0614694617689,0.0384667143226
0.320000015199,2663.1874498,719.55943713,-95.9333877563,-666.281982422,7.2254691124,0.459727883339,99.999961853,40.0000038147,0.972220242023,0.000232830643654,0.000232830643654,0,0,113.385233584,25.1129936427,111.723048788,23.8458455495,69.4798800396,89.7221107152,5150.00056475,0.00139698386192,58.3051514695,64.1904844088,0,0,34.6702363458,51.9956411154,0.000211263048722,0.000238287611865,-2.70245631429e-05,0.000227373675443,163.187373573,0,0,0,0,160,-1.42571552715e-05,1.42571552715e-05,1.32367420197,0,0,0.077080488205,0.0481753088534,0.0759360045195,0.0475173071027
0.384000018239,2709.33331922,719.018396921,-95.8612518311,-688.836669922,9.05513858795,0.656522572041,99.9998245239,39.9999961853,0.972220122814,0.000232830643654,0.000232830643654,0,0,110.934107068,23.2445840311,110.583841496,22.8548688102,61.0067363596,81.4427621663,5149.99963343,0.00139698386192,66.7782878736,72.4698475096,0,0,37.0414527424,54.1608023923,0.000188831214554,8.36735125631e-05,0.000105157701991,-0.000549334799871,209.333295288,0,0,0,0,192,-2.1901571472e-06,2.1901571472e-06,1.34923672676,0,0,0.0907629281282,0.0567268319428,0.0896430686116,0.0560909509659
0.448000021279,2754.80840355,699.971336871,-93.3218536377,-708.595214844,10.8258571625,0.860577940941,99.9998245239,39.9999961853,0.972220122814,0.000232830643654,0.000232830643654,0,0,68.0834921046,13.1578086979,105.242135882,20.3912644625,60.6856992817,80.7880787761,5150.00056475,0.00139698386192,67.0993249514,73.1245163479,1,67.0993249514,38.7710642826,55.8846295462,0.000680640474537,0.000647560227662,3.30802468751e-05,-0.000181898940355,254.808525938,0,0,0,0,224,-1.09879124466e-06,1.09879124466e-06,1.3972799778,0,0,0.10352884233,0.0647055283189,0.102453112602,0.0641014054418
0.512000024319,2798.56170528,666.199252009,-88.8192749023,-725.546264648,12.4975252151,1.06691527367,99.9998245239,39.9999961853,0.972220122814,0.000232830643654,0.000232830643654,0,0,5.07648211934,-0.758181196126,100.810934703,18.5102964469,65.9464130877,89.6454585018,5150.00056475,0.00139698386192,67.0993249514,73.1245163479,1,67.0993249514,33.3329553541,53.6483166798,0.00053021147195,0.00042564352043,0.00010456795152,4.0017766878e-05,298.56175297,0,0,0,0,256,-7.1075555752e-06,7.1075555752e-06,1.39557242393,0,0,0.115249305964,0.0720308199525,0.114237308502,0.0714679956436
0.576000027359,2839.75130878,620.632898062,-82.7442626953,-739.667907715,14.0370025635,1.27187120914,100.000053406,40.0000114441,0.972220301628,0.000232830643654,0.000232830643654,0,0,4.64177419105,-0.865206831848,96.6028182445,16.7727282652,98.7387829809,106.47016461,5150.00149608,0.00139698386192,67.0993249514,73.1245163479,1,67.0993249514,27.4328667729,48.1439783471,0.000807777886247,0.00082582118921,-1.80433029628e-05,0.000571162672713,339.751147521,0,0,0,0,288,-5.34651718453e-08,5.34651718453e-08,1.38348937035,0,0,0.12580601871,0.0786287635565,0.124876879156,0.07811640203
0.640000030398,2877.70084105,565.677357372,-75.4174575806,-750.948974609,15.4183044434,1.47230935097,100.000053406,40.0000114441,0.972220301628,0.000232830643654,0.000232830643654,0,0,6.25131458944,-0.464647014465,92.5791700545,15.0458222747,114.335227408,114.196962386,5150.00009909,0.00139698386192,67.0993249514,73.1245163479,1,67.0993249514,27.8655188595,47.9565242131,0.000575401989944,0.000507498043589,6.79039463547e-05,-0.000507498043589,377.701019147,0,0,0,0,320,-5.43312580703e-06,5.43312580703e-06,1.36948823929,0,0,0.135092392564,0.0844327434897,0.13426426053,0.0839794427156
0.704000033438,2911.89271957,503.784394823,-67.1657409668,-759.462646484,16.6235256195,1.66518735886,100.000144958,40.0000152588,0.972220361233,0.000232830643654,0.000232830643654,0,0,7.09744758981,-0.141345507939,88.7302554474,13.5749663573,122.534256661,120.433447591,5150.00103042,0.00186264514923,67.0993249514,73.1245163479,1,67.0993249514,28.6929844151,48.1063252664,0.000642562489328,0.000629370333627,1.31921557012e-05,0.000301952240989,411.892705529,0,0,0,0,352,-4.49051822216e-06,4.49051822216e-06,1.38033938408,0,0,0.143014669418,0.089384175837,0.142304226756,0.088997758925
0.768000036478,2941.96396135,437.466107542,-58.3240280151,-765.365783691,17.6439666748,1.84719371796,99.9998703003,40.0000038147,0.972220122814,0.000232830643654,0.000232830643654,0,0,7.58707060982,0.15199179057,85.048427311,12.4004342048,127.278704895,126.091923448,5150.00056475,0.00186264514923,67.0993249514,73.1245163479,1,67.0993249514,29.5269564958,48.3351395815,0.000559137666722,0.000500222085975,5.89155807473e-05,-3.45607986674e-05,441.964148536,0,0,0,0,384,-1.41645214171e-05,1.41645214171e-05,1.40016222,0,0,0.149492770433,0.0934329852462,0.148914590478,0.093120239675
0.832000039518,2967.71153808,369.125278667,-49.2126655579,-768.879333496,18.4805660248,2.01463866234,99.999961853,40.0000114441,0.972220242023,0.000232830643654,0.000232830643654,0,0,7.89612674331,0.424172977204,81.5265512707,11.4902712897,130.273459945,131.342298118,5150.00009909,0.00186264514923,67.0993249514,73.1245163479,1,67.0993249514,30.3159940813,48.5537711938,0.000655991747034,0.000718500814401,-6.25090673667e-05,-0.000718500814401,467.711721569,0,0,0,0,416,-7.28205395717e-06,7.28205395717e-06,1.3811416626,0,0,0.154461234808,0.0965382680297,0.154027432203,0.0963048115373
0.896000042558,2989.07794058,300.875050016,-40.1133804321,-770.256652832,19.1430644989,2.16352081299,100.000053406,40.0000152588,0.972220301628,0.000232830643654,0.000232830643654,0,0,8.1196244003,0.722715104017,78.1580056891,10.7966968951,132.439148729,137.101174914,5150.00103042,0.00186264514923,67.0993249514,73.1245163479,1,67.0993249514,29.7781662084,48.3698859171,0.000429541777147,0.000418367562816,1.11742143316e-05,0.0005129550118,489.078076953,0,0,0,0,448,-2.17372530642e-06,2.17372530642e-06,1.41540539265,0,0,0.157869905233,0.0986686870456,0.157589763403,0.0985187590122
0.960000045598,3006.12393767,234.252496739,-31.2311019897,-769.73260498,19.6478042603,2.28974127769,99.9998703003,40,0.972220122814,0.000232830643654,0.000232830643654,0,0,8.35556692659,1.18287249019,74.9364692464,10.2902689066,134.725429234,145.977610373,5150.00056475,0.00186264514923,67.0993249514,73.1245163479,1,67.0993249514,24.6600920946,46.5016855742,-0.000163669036657,-8.18545231596e-05,-8.18145134973e-05,0.000547515810467,506.12400571,0,0,0,0,480,-2.18021978071e-06,2.18021978071e-06,1.41112184525,0,0,0.159684345126,0.0998027250171,0.159563973546,0.0997390970588
1.02400004864,3018.99365149,170.746090589,-22.7642765045,-767.57623291,20.015291214,2.38929104805,99.9997329712,39.9999885559,0.97222006321,0.000232830643654,0.000232830643654,0,0,36.0868284929,8.38782543421,71.85634578,9.94508859172,135.111811687,148.509483552,5150.00009909,0.00186264514923,67.0993249514,73.1245163479,1,67.0993249514,24.0157169173,45.3838802059,4.1985123711e-05,1.36424205266e-05,2.83427031844e-05,-1.36424205266e-05,518.993798352,0,0,0,0,512,-2.50687935477e-06,2.50687935477e-06,1.40650784969,0,0,0.15988625586,0.0999289155006,0.159975573421,0.0999868363142
1.08800005168,3028.08149718,116.247116239,-15.4983434677,-764.766357422,20.270614624,2.46089196205,100.009101868,39.9922027588,0.972226858139,0.000232830643654,0.000465661287308,0,0,97.6983329848,20.6631324844,92.4549777301,17.2861798405,112.363944936,119.932949019,5149.99963343,0.00186264514923,89.8471771507,101.70105088,1,67.0993249514,26.3240144704,46.895333071,-0.000115552831192,-0.000161890056916,4.63372257231e-05,-0.000303771230392,528.081638507,0,0,0,0,544,-2.5609729164e-06,2.5609729164e-06,1.41046130657,0,0,0.158473461866,0.0990459173918,0.159403145313,0.0996589362621
1.15200005472,3033.8561628,66.0759251332,-8.80940055847,-760.908935547,20.4355163574,2.50555515289,100.01599884,39.9863014221,0.972231924534,0.000232830643654,0.000465661287308,0,0,113.378560673,23.7966905132,110.889462289,22.1213320284,77.2952771513,93.5219431994,5150.00056475,0.00186264514923,124.915881315,128.112049424,1,67.0993249514,33.2600502588,51.1493853992,0.000334305985672,0.000378349795938,-4.40438102656e-05,8.73114913702e-05,533.856209103,0,0,0,0,576,-2.47428420153e-06,2.47428420153e-06,1.4134594202,0,0,0.155459806323,0.0971623808146,0.157570034266,0.0985842719674
1.21600005776,3036.44523956,16.382220565,-2.18411684036,-755.553161621,20.5226020813,2.52146792412,100.017715454,39.9849662781,0.972233176231,0.000232830643654,0.000465661287308,0,0,113.717077233,22.9053001964,112.923791894,22.2688722168,63.4089374216,81.9314955152,5150.00103042,0.00186264514923,138.802206493,139.702504384,1,67.0993249514,36.1981255992,53.2213925908,0.000741248021296,0.000709405867383,3.18421539136e-05,0.000221916707233,536.445322481,0,0,0,0,608,-2.50685616265e-06,2.50685616265e-06,1.41189694405,0,0,0.150876224041,0.0942976400256,0.154262930155,0.0966102480888
1.2800000608,3035.83987989,-33.9150283253,4.52163267136,-748.550598145,20.5392913818,2.50615668297,100.018119812,39.9848518372,0.972233474255,0.000232830643654,0.000465661287308,0,0,95.6972653881,18.2591118856,108.144405392,20.3111419181,61.1046561971,79.3127110228,5150.00056475,0.00186264514923,141.106502269,142.321310705,2,74.0071336622,38.1827740057,54.9736541871,0.000769469890582,0.000736690708436,3.27791821464e-05,-0.000271029421128,536.601462086,0,0,0,0,640,-2.4974376629e-06,2.4974376629e-06,1.41603899002,0,0,0.144769340754,0.0904808416963,0.149453118443,0.0937031432986
1.34400006384,3031.97279572,-85.5462931213,11.4052362442,-739.770812988,20.4890651703,2.4574201107,100.018348694,39.9849052429,0.972233593464,0.000232830643654,0.000465661287308,0,0,22.7283545178,2.59897343193,103.502022326,18.3512526286,61.1046561971,79.9327317509,5150.00056475,0.00186264514923,141.106502269,142.321310705,2,74.0071336622,39.1310932173,56.2537970836,0.000717234341363,0.00074396666605,-2.67323246872e-05,-0.000278305378743,536.601462086,0,0,0,0,672,-2.56014550359e-06,2.56014550359e-06,1.41375160217,0,0,0.137200936675,0.0857505947351,0.143178939819,0.089877396822
1.40800006688,3024.76016805,-138.42091721,18.4546070099,-729.184814453,20.3716068268,2.37394714355,100.018531799,39.9849433899,0.972233772278,0.000232830643654,0.000465661287308,0,0,3.58037457136,-1.14136021691,99.1750240371,16.7966712708,88.4538239916,101.14316683,5150.00009909,0.00186264514923,141.106502269,142.321310705,2,74.0071336622,27.7287599602,48.1934730487,0.000606558428484,0.000596628524363,9.92990412119e-06,-0.000596628524363,536.601462086,0,0,0,0,704,-2.49219056059e-06,2.49219056059e-06,1.41185081005,0,0,0.128247365355,0.0801546052098,0.135508552194,0.085169993341
1.47200006992,3014.12306726,-192.480656551,25.6619815826,-716.761779785,20.1842079163,2.25528097153,100.018623352,39.9849891663,0.972233831882,0.000232830643654,0.000465661287308,0,0,5.65506736819,-0.65214647122,95.0412032283,15.1336779979,108.557593194,110.580098408,5150.00103042,0.00186264514923,141.106502269,142.321310705,2,74.0071336622,27.4748890661,47.6634813822,0.000323222407173,0.000378349795938,-5.5127388765e-05,0.000552972778678,536.601462086,0,0,0,0,736,-2.52268182521e-06,2.52268182521e-06,1.40755283833,0,0,0.117999047041,0.0737494081259,0.126528248191,0.0796311125159
1.53600007296,2999.99001436,-247.645686613,33.0167160034,-702.477111816,19.9214363098,2.10192060471,100.018669128,39.9850234985,0.972233831882,0.000232830643654,0.000465661287308,0,0,6.70023358429,-0.303927529098,91.0869137596,13.6393194796,118.685253256,117.297240649,5150.00056475,0.00186264514923,141.106502269,142.321310705,2,74.0071336622,28.2577038888,47.7067223983,0.000321673424009,0.000341970007867,-2.0296583858e-05,0.000123691279441,536.601462086,0,0,0,0,768,-2.40159556597e-06,2.40159556597e-06,1.4090616703,0,0,0.106559477746,0.0665996745229,0.116338185966,0.0733204036951
1.600000076,2982.28533939,-304.120156216,40.5460281372,-686.266662598,19.5739555359,1.91553139687,100.018669128,39.9850540161,0.972233831882,0.000232830643654,0.000465661287308,0,0,7.27937048364,0.00437696313609,87.304376672,12.418380014,124.297090224,123.24443378,5150.00056475,0.00186264514923,141.106502269,142.321310705,2,74.0071336622,29.1159321932,47.9034097225,0.000598813512664,0.000591171556152,7.64195651204e-06,-0.000125510268845,536.601462086,0,0,0,0,800,-2.47906064033e-06,2.47906064033e-06,1.41498339176,0,0,0.0940447971225,0.0587780028582,0.105050250888,0.0663052722812
1.66400007904,2960.89821495,-362.909690011,48.3839874268,-667.941894531,19.1251792908,1.69945275784,100.018531799,39.9850730896,0.972233772278,0.000232830643654,0.000465661287308,0,0,7.6315391347,0.289072507857,83.6861719228,11.4617713304,127.709601657,128.736210172,5150.00056475,0.00186264514923,141.106502269,142.321310705,2,74.0071336622,29.9375533359,48.1171373394,0.000561531335319,0.000540239852853,2.1291482466e-05,-7.45785655454e-05,536.601462086,0,0,0,0,832,-2.08811502489e-06,2.08811502489e-06,1.41302037239,0,0,0.0805811583996,0.0503632314503,0.0927864611149,0.0586597286165
1.72800008208,2935.62770821,-425.654521678,56.7492790222,-647.185668945,18.5456295013,1.45955550671,100.018440247,39.9850921631,0.972233653069,0.000232830643654,0.000465661287308,0,0,7.86395247113,0.557499895878,80.2252090863,10.7274773454,129.961685161,133.914174512,5149.99963343,0.00186264514923,141.106502269,142.321310705,2,74.0071336622,30.6057700072,48.2733194076,0.000355857635026,0.000320142135024,3.57155000019e-05,-0.000785803422332,536.601462086,0,0,0,0,864,-2.20619836e-06,2.20619836e-06,1.41225016117,0,0,0.0663042515516,0.0414401590824,0.0796767026186,0.0504628904164
1.79200008512,2906.13994002,-495.139276609,66.0131530762,-623.46295166,17.7880592346,1.20505475998,100.018302917,39.9850997925,0.972233593464,0.000232830643654,0.000465661287308,0,0,8.08579288757,0.982027411541,76.9151009192,10.1793958519,132.111323182,142.103308463,5150.00009909,0.00186264514923,141.106502269,142.321310705,2,74.0071336622,26.5670969384,46.9799961138,0.00032597220756,0.000354702933691,-2.87307261315e-05,-0.000354702933691,536.601462086,0,0,0,0,896,-2.22235598812e-06,2.22235598812e-06,1.41434073448,0,0,0.0513581186533,0.032098826021,0.0658578649163,0.0417984686792
1.85600008816,2871.83211185,-577.261205763,76.9618453979,-595.692016602,16.7731628418,0.950706779957,100.018119812,39.9851226807,0.972233474255,0.000232830643654,0.000465661287308,0,0,16.6322363849,3.46953424946,73.7498996677,9.79497281347,133.343914058,148.13488815,5150.00056475,0.00186264514923,141.106502269,142.321310705,2,74.0071336622,23.8733700826,45.4036271549,0.000254392132359,0.000231921148952,2.24709834074e-05,0.000233740138356,536.601462086,0,0,0,0,928,-2.087967232e-06,2.087967232e-06,1.41107845306,0,0,0.0358937047422,0.0224335640669,0.0514720603824,0.0327538065612
1.9200000912,2831.54239878,-683.359161485,91.1070785522,-561.791442871,15.3573389053,0.722068607807,100.0311203,39.9745330811,0.972242891788,0.000232830643654,0.000465661287308,0,0,79.5752851257,16.9941282768,75.638091787,13.4468964562,130.048880237,134.069472551,5150.00103042,0.00186264514923,144.401521538,156.386740855,2,74.0071336622,24.6166000579,45.2225685876,0.000655304435715,0.000612999428995,4.230500672e-05,0.000318323145621,536.601462086,0,0,0,0,960,-2.31228705161e-06,2.31228705161e-06,1.41095638275,0,0,0.0200671106577,0.0125419441611,0.0366649627686,0.0234188735485
1.98400009423,2783.74087065,-809.52711869,107.928092957,-521.531799316,13.353767395,0.552078008652,100.126838684,39.8970413208,0.972312510014,0.000232830643654,0.000465661287308,0,0,109.794548184,23.0417268015,106.270254953,20.7652661132,87.6193953445,101.190264104,5149.99963343,0.00186264514923,186.830991879,189.265949302,2,74.0071336622,31.1198091367,49.5798340125,0.000534569014055,0.000518411980011,1.6157034044e-05,-0.000984073267318,536.601462086,0,0,0,0,992,-2.08892902265e-06,2.08892902265e-06,1.41324663162,0,0,0.00403901515529,0.00252438476309,0.0215841736645,0.0138853993267
2.04800009727,2728.5865508,-876.024190802,116.793640137,-485.622283936,10.7097015381,0.459880679846,100.148536682,39.8795471191,0.97232824564,0.000232830643654,0.000465661287308,0,0,114.071342156,23.2605484765,112.749468501,22.2971020734,66.9119253871,84.8480485729,5150.00056475,0.00186264514923,207.538425457,205.608143006,2,74.0071336622,35.295390262,52.0392932231,0.000951629178236,0.000978616299108,-2.69871208713e-05,-0.0005129550118,536.601462086,0,0,0,0,1024,-2.31371177506e-06,2.31371177506e-06,1.41596508026,0,0,0,0,0.00953011028469,0.00620372686535
2.11200010031,2675.26530661,-778.003304731,103.725257874,-472.545532227,8.0305109024,0.409217536449,100.153388977,39.8758544922,0.972331762314,0.000232830643654,0.000465661287308,0,0,109.742454064,21.1527545888,109.954053466,21.0312321614,60.9388080193,79.0073900134,5150.00103042,0.00186264514923,213.511535549,211.448787013,3,72.4050842109,37.5583258574,53.933064919,0.000956101600669,0.000965883373283,-9.78177261413e-06,-3.45607986674e-05,536.601462086,0,0,0,0,1056,-2.23138317779e-06,2.23138317779e-06,1.41271412373,0,0,0,0,0.00421494245529,0.00275887688622
2.17600010335,2630.26845641,-630.035821814,83.9978790283,-470.209472656,5.82473611832,0.34921464324,100.152839661,39.8763465881,0.972331404686,0.000232830643654,0.000465661287308,0,0,51.5222094206,8.62373774562,104.868833752,18.8004179205,60.9388080193,78.9857003838,5150.00009909,0.00186264514923,213.511535549,211.470469367,3,72.4050842109,39.2410365748,55.3908794245,0.000948651560084,0.00101863406599,-6.99825059014e-05,-0.00101863406599,536.601462086,0,0,0,0,1088,-2.03690001399e-06,2.03690001399e-06,1.41146838665,0,0,0,0,0.0018806331791,0.00123394711409
2.24000010639,2594.86306459,-483.562675072,64.4697341919,-472.377227783,4.15856409073,0.280288219452,100.152488708,39.8765792847,0.972331166267,0.000232830643654,0.000465661287308,0,0,2.21957934025,-1.48600856675,100.47297483,17.1922426855,74.5577708585,94.1528851399,5150.00196174,0.00186264514923,213.511535549,211.470469367,3,72.4050842109,29.9479033856,49.5415661135,0.000815790726638,0.00088220986072,-6.64191340816e-05,0.000980435288511,536.601462086,0,0,0,0,1120,-2.07699918064e-06,2.07699918064e-06,1.41388833523,0,0,0,0,0.000842372130137,0.000553305668291
2.30400010943,2568.16181354,-359.088502591,47.8745384216,-475.87991333,2.94581913948,0.214605435729,100.152076721,39.876789093,0.97233080864,0.000232830643654,0.000465661287308,0,0,4.92411579012,-0.817963230207,96.2839175528,15.5626203772,101.474674011,107.381492853,5150.00056475,0.00186264514923,213.511535549,211.470469367,3,72.4050842109,27.3030400422,47.4952430523,0.000409985559391,0.00040017766878,9.80789061078e-06,6.54836185277e-05,536.601462086,0,0,0,0,1152,-2.15638056034e-06,2.15638056034e-06,1.41450703144,0,0,0,0,0.000377969437977,0.000248386175372
2.36800011247,2548.55281673,-261.10347244,34.8109397888,-479.328582764,2.07777953148,0.159300982952,100.152076721,39.8770294189,0.97233080864,0.000232830643654,0.000465661287308,0,0,6.25784420874,-0.435939585343,92.2776584857,13.9950841596,114.398499136,114.750728244,5149.99963343,0.00186264514923,213.511535549,211.470469367,3,72.4050842109,27.9328451143,47.4010121252,0.000244571210506,0.000260115484707,-1.55442742011e-05,-0.000725776772015,536.601462086,0,0,0,0,1184,-2.16275839193e-06,2.16275839193e-06,1.41615688801,0,0,0,0,0.000169725200976,0.00011156067194
2.43200011551,2534.39461812,-187.322919373,24.9743385315,-482.222991943,1.46247303486,0.115795321763,100.151847839,39.8772354126,0.97233068943,0.000232830643654,0.000465661287308,0,0,6.96986890953,-0.113374373451,88.445092877,12.6789485854,121.298020531,120.97301078,5150.00149608,0.00186264514923,213.511535549,211.470469367,3,72.4050842109,28.7936527457,47.5615306641,0.000381649115089,0.00040017766878,-1.85285536913e-05,0.000996806193143,536.601462086,0,0,0,0,1216,-2.17467891162e-06,2.17467891162e-06,1.40816915035,0,0,0,0,7.62407507864e-05,5.01180729771e-05
2.49600011855,2524.28231761,-133.2591346,17.7664260864,-484.472503662,1.02848136425,0.083007030189,100.151573181,39.8774337769,0.972330451012,0.000232830643654,0.000465661287308,0,0,7.38812712314,0.181770031133,84.7789032315,11.6346947672,125.350939925,126.66634575,5150.00009909,0.00186264514923,213.511535549,211.470469367,3,72.4050842109,29.6385278489,47.7750036225,0.0005515114615,0.000531144905835,2.03665556642e-05,-0.000531144905835,536.601462086,0,0,0,0,1248,-2.19467506213e-06,2.19467506213e-06,1.41411435604,0,0,0,0,3.42527855537e-05,2.25175954256e-05
2.56000012159,2517.10857265,-94.3024642766,12.5726299286,-486.148773193,0.723024964333,0.0589862428606,100.151161194,39.877620697,0.972330152988,0.000232830643654,0.000465661287308,0,0,7.65539424249,0.456031795714,81.2720357475,10.8280050073,127.94075883,131.956854602,5150.00103042,0.00186264514923,213.511535549,211.470469367,3,72.4050842109,30.4345121549,47.972669563,0.00036225840383,0.000409272615798,-4.7014211968e-05,0.000522049958818,536.601462086,0,0,0,0,1280,-2.06251024792e-06,2.06251024792e-06,1.41293025017,0,0,0,0,1.53898763529e-05,1.01174227893e-05
2.62400012463,2512.04008237,-66.5256375214,8.86935710907,-487.366790771,0.508253991604,0.0416934750974,100.150856018,39.8778114319,0.972329974174,0.000232830643654,0.000465661287308,0,0,7.86560604926,0.79889197386,77.9177882147,10.2163019579,129.97770682,138.570627314,5150.00056475,0.00186264514923,213.511535549,211.470469367,3,72.4050842109,28.7570983346,47.4531370855,0.0004085076305,0.000454747350886,-4.6239720386e-05,1.09139364213e-05,536.601462086,0,0,0,0,1312,-2.15663771996e-06,2.15663771996e-06,1.41256511211,0,0,0,0,6.91493687555e-06,4.54597056887e-06
2.68800012767,2508.46846029,-46.842811571,6.24519538879,-488.239654541,0.357294440269,0.0293818041682,100.150764465,39.8780059814,0.972329854965,0.000232830643654,0.000465661287308,0,0,8.34997992008,1.32501256943,74.7099638351,9.7760125167,132.067099912,147.375787492,5150.00103042,0.00186264514923,213.511535549,211.470469367,3,72.4050842109,23.8514421653,45.5568588222,0.000456138862792,0.000438376446255,1.77624165376e-05,0.000492946128361,536.601462086,0,0,0,0,1344,-2.07753396353e-06,2.07753396353e-06,1.41027915478,0,0,0,0,3.10704308504e-06,2.04261755243e-06
2.75200013071,2505.95482066,-32.9468675773,4.39255523682,-488.859802246,0.251235216856,0.0206635985523,100.150444031,39.8781738281,0.972329676151,0.000232830643654,0.000465661287308,0,0,49.2132979481,11.779492726,71.6430543442,9.99654270595,132.067099912,146.503210999,5150.00056475,0.00186264514923,213.511535549,213.250503293,3,72.4050842109,24.1229681706,44.7319798695,0.00049640976052,0.000536601874046,-4.01921135262e-05,-7.09405867383e-05,536.601462086,0,0,0,0,1376,-2.04136495086e-06,2.04136495086e-06,1.41092288494,0,0,0,0,1.39607618621e-06,9.17803731681e-07
2.81600013375,2504.18740325,-23.1600097322,3.08774781227,-489.29800415,0.176710024476,0.0145185487345,100.319633484,39.7491531372,0.972451984882,0.000232830643654,0.000465661287308,0,0,102.353732257,21.6127130031,97.6997979488,18.6257960411,101.575598819,111.90330406,5150.00103042,0.00186264514923,244.003065745,247.850402957,3,72.4050842109,27.9071791738,47.3753134429,0.00083570499132,0.000814907252789,2.07977385314e-05,0.000116415321827,536.601462086,0,0,0,0,1408,-2.35676566263e-06,2.35676566263e-06,1.41232085228,0,0,0,0,6.27295662525e-07,4.12394939531e-07
2.88000013679,2502.94525176,-16.2759024533,2.16994214058,-489.606719971,0.124361030757,0.0101910969242,100.397636414,39.6900215149,0.972508192062,0.000232830643654,0.000465661287308,0,0,112.881088193,23.4649549056,110.885323766,22.083823456,72.321810876,89.5082848729,5150.00196174,0.00232830643654,273.256882792,270.245451247,3,72.4050842109,34.1756858688,50.9769415658,0.00123656478113,0.00121690391097,1.96608701541e-05,0.000645741238259,536.601462086,0,0,0,0,1440,-2.01970988201e-06,2.01970988201e-06,1.40907084942,0,0,0,0,2.8186155987e-07,1.85300606859e-07
2.94400013983,2502.07236968,-11.4362246677,1.52470481396,-489.823944092,0.0875682383776,0.00715229846537,100.415626526,39.6760482788,0.97252112627,0.000232830643654,0.000465661287308,0,0,111.618596854,22.1093101675,111.079519396,21.6328342839,61.6249672021,80.2115755505,5150.00103042,0.00232830643654,283.953704638,279.542116914,3,72.4050842109,36.8249493476,52.9847056896,0.000822304155323,0.000833097146824,-1.07929915005e-05,9.82254277915e-05,536.601462086,0,0,0,0,1472,-2.27464465752e-06,2.27464465752e-06,1.41248142719,0,0,0,0,1.26648302512e-07,8.32607582879e-08
3.00800014287,2501.45909376,-8.03571401775,1.07134056091,-489.976593018,0.0617095641792,0.0050175790675,100.415855408,39.6759109497,0.97252124548,0.000232830643654,0.000465661287308,0,0,81.134819893,15.0409009112,105.893854424,19.4807508716,60.6053508818,78.8462202763,5150.00103042,0.00232830643654,284.973270027,280.907435808,4,71.4617781341,38.7071049772,54.6348746866,0.000726848067845,0.000829459168017,-0.000102611100172,0.000101863406599,536.601462086,0,0,0,0,1504,-2.18701256927e-06,2.18701256927e-06,1.4127613306,0,0,0,0,5.69066287426e-08,3.74113824364e-08
3.07200014591,2501.02789141,-5.65081427339,0.753380060196,-490.083129883,0.0435243919492,0.00352015136741,100.415214539,39.6764717102,0.972520828247,0.000232830643654,0.000465661287308,0,0,10.760106672,0.428395163727,101.414536502,17.6676674574,60.8170303167,83.7283369037,5150.00149608,0.00232830643654,284.973270027,280.907435808,4,71.4617781341,36.1897546099,55.6369959668,0.000936973318377,0.000962245394476,-2.52720760985e-05,0.000434738467447,536.601462086,0,0,0,0,1536,-2.26994120567e-06,2.26994120567e-06,1.41222476959,0,0,0,0,2.55697436558e-08,1.68099827391e-08
3.13600014895,2500.72497874,-3.97329995394,0.52972984314,-490.15826416,0.0307269468904,0.00247044092976,100.414451599,39.676940918,0.972520232201,0.000232830643654,0.000465661287308,0,0,4.02620684124,-1.01407578838,97.1842404877,16.1061055461,92.7739383769,103.598482383,5150.00103042,0.00232830643654,284.973270027,280.907435808,4,71.4617781341,27.4096473731,47.5359120173,0.000517809947698,0.000583895598538,-6.60856508405e-05,0.000347426976077,536.601462086,0,0,0,0,1568,-2.19416710934e-06,2.19416710934e-06,1.41339409351,0,0,0,0,1.14892051428e-08,7.55319540247e-09
3.20000015199,2500.51170588,-2.79621326627,0.372797846794,-490.210632324,0.0217210501432,0.00173358665779,100.413948059,39.6774215698,0.972519874573,0.000232830643654,0.000465661287308,0,0,5.76560485456,-0.573437502636,93.1402805716,14.4795990332,109.628701466,112.098394311,5150.00056475,0.00232830643654,284.973270027,280.907435808,4,71.4617781341,27.6368282357,47.2226383863,0.000508942374355,0.000451109372079,5.7833002276e-05,1.45519152284e-05,536.601462086,0,0,0,0,1600,-2.14847636926e-06,2.14847636926e-06,1.41318750381,0,0,0,0,5.1624220454e-09,3.39386319048e-09
3.26400015503,2500.36153011,-1.96856331058,0.262453556061,-490.247344971,0.0153796831146,0.0012160546612,100.413230896,39.6778678894,0.972519397736,0.000232830643654,0.000465661287308,0,0,6.66083291929,-0.233414104272,89.2718086949,13.0610221878,118.303461932,118.657444546,5150.00103042,0.00232830643654,284.973270027,280.907435808,4,71.4617781341,28.4689449472,47.3206127936,0.000541783659602,0.000592990545556,-5.12068859537e-05,0.00033833202906,536.601462086,0,0,0,0,1632,-2.12212512452e-06,2.12212512452e-06,1.41189539433,0,0,0,0,2.31962093977e-09,1.52495804873e-09
3.32800015807,2500.255825,-1.38583777698,0.184763208032,-490.273193359,0.0109066059813,0.000853905279655,100.412727356,39.6783103943,0.972519040108,0.000232830643654,0.000465661287308,0,0,7.16792014157,0.072325888607,85.5710605483,11.9164284062,123.217134387,124.555168441,5150.00056475,0.00232830643654,284.973270027,280.907435808,4,71.4617781341,29.3310513371,47.5260676467,0.000601440827697,0.000552972778678,4.84680490187e-05,-8.73114913702e-05,536.601462086,0,0,0,0,1664,-2.13832640839e-06,2.13832640839e-06,1.41367638111,0,0,0,0,1.04227071418e-09,6.85206502649e-10
3.39200016111,2500.18131919,-0.977719764705,0.130351930857,-490.29107666,0.00775714963675,0.000598120735958,100.412315369,39.6787452698,0.972518742085,0.000232830643654,0.000465661287308,0,0,7.48228951643,0.35541838188,82.0310995272,11.0249822376,126.263374113,130.016022013,5150.00056475,0.00232830643654,284.973270027,280.907435808,4,71.4617781341,30.1497311739,47.7333487652,0.000339165293073,0.000394720700569,-5.55554074966e-05,7.09405867383e-05,536.601462086,0,0,0,0,1696,-2.09693962461e-06,2.09693962461e-06,1.41208481789,0,0,0,0,4.68321437186e-10,3.07882469519e-10
3.45600016415,2500.1289323,-0.688976228957,0.0918559581041,-490.303863525,0.005527573172,0.000420718046371,100.411872864,39.6791648865,0.972518384457,0.000232830643654,0.000465661287308,0,0,7.69813410984,0.638551605158,78.6450110015,10.3431394579,128.354906337,135.477661388,5150.00009909,0.00232830643654,284.973270027,280.907435808,4,71.4617781341,30.347289794,47.7493776998,0.000488222948181,0.000474756234325,1.34667138552e-05,-0.000474756234325,536.601462086,0,0,0,0,1728,-2.17711112782e-06,2.17711112782e-06,1.41502118111,0,0,0,0,2.10429951242e-10,1.38340214284e-10
3.52000016719,2500.09191222,-0.487186184728,0.0649528279901,-490.312652588,0.00394336786121,0.000298533792375,100.411460876,39.6795654297,0.972518086433,0.000232830643654,0.000465661287308,0,0,7.92080406215,1.09602873666,75.4064956259,9.84032352137,130.512577016,144.302393892,5150.00009909,0.00232830643654,284.973270027,280.907435808,4,71.4617781341,25.487082894,46.1360577901,0.000273603514844,0.000243744580075,2.98589347691e-05,-0.000243744580075,536.601462086,0,0,0,0,1760,-2.17512933887e-06,2.17512933887e-06,1.41377341747,0,0,0,0,9.45520883811e-11,6.21601242701e-11
3.58400017023,2500.06560236,-0.345880209807,0.04611357674,-490.318572998,0.00283197453246,0.0002083467989,100.410820007,39.6799316406,0.972517669201,0.000232830643654,0.000465661287308,0,0,25.1476620161,5.8324223211,72.3097814421,9.49340173049,131.254812004,148.42566452,5150.00056475,0.00232830643654,284.973270027,280.907435808,4,71.4617781341,24.0096360358,44.8120954388,0.000310856604346,0.000405634636991,-9.47780326443e-05,6.0026650317e-05,536.601462086,0,0,0,0,1792,-2.17241972678e-06,2.17241972678e-06,1.41187059879,0,0,0,0,4.24849044833e-11,2.79302813516e-11
3.64800017327,2500.04697591,-0.244559146267,0.0326052084565,-490.322967529,0.0020458207,0.000143594967085,100.510444641,39.6114234924,0.97258913517,0.000232830643654,0.000465661287308,0,0,89.0510459426,19.0021745959,83.9150505758,15.4386606159,118.877636851,125.573671539,5150.00009909,0.00232830643654,297.350459732,303.759385133,4,71.4617781341,25.4400874837,45.4469991382,0.000410423292574,0.000465661287308,-5.52379947338e-05,-0.000465661287308,536.601462086,0,0,0,0,1824,-2.23612823902e-06,2.23612823902e-06,1.41519498825,0,0,0,0,1.90896569385e-11,1.25498621911e-11
3.71200017631,2500.03370456,-0.172474159399,0.0229946672916,-490.326049805,0.00147839169949,0.000101644989627,100.675872803,39.4976158142,0.972707211971,0.000232830643654,0.000465661287308,0,0,110.192688779,23.2665438417,107.311587999,21.3466737068,80.4635492386,96.2088888627,5150.00056475,0.00232830643654,335.764576448,333.124160534,4,71.4617781341,32.5847322529,49.9137750012,0.000618470205604,0.000651198206469,-3.2728000865e-05,-0.000185536919162,536.601462086,0,0,0,0,1856,-2.30791374634e-06,2.30791374634e-06,1.40961909294,0,0,0,0,8.57751977085e-12,5.63900445436e-12
3.77600017935,2500.02439134,-0.122300264138,0.0163053628057,-490.328186035,0.00107037939597,7.38722228562e-05,100.713066101,39.4721031189,0.972733676434,0.000232830643654,0.000465661287308,0,0,112.117409776,22.8027783522,111.115257193,22.0306837176,63.9762220089,82.6866016723,5150.00056475,0.00232830643654,352.251867298,346.646411344,4,71.4617781341,35.9564292012,52.0753710589,0.000578225065051,0.000585714587942,-7.48952289076e-06,-0.000120053300634,536.601462086,0,0,0,0,1888,-2.24417181016e-06,2.24417181016e-06,1.41048395634,0,0,0,0,3.85412058171e-12,2.53376247934e-12
3.84000018239,2500.01787208,-0.0876191847965,0.0116815995425,-490.329589844,0.000784904113971,5.32473823114e-05,100.71849823,39.4682426453,0.972737550735,0.000232830643654,0.000465661287308,0,0,102.309673464,19.7087798454,107.102413112,20.3274451363,60.2966065344,78.7728931755,5150.00103042,0.00232830643654,355.931551894,350.560061634,5,70.9581727278,38.0761848646,53.8990498171,0.00112503699412,0.00107138475869,5.36522354322e-05,-0.000140062184073,536.601462086,0,0,0,0,1920,-2.35639004131e-06,2.35639004131e-06,1.41815161705,0,0,0,0,1.73176447141e-12,1.13849056051e-12
3.90400018543,2500.01321547,-0.0613726740539,0.00818235147744,-490.330810547,0.000570974661969,4.12887093262e-05,100.717185974,39.4691696167,0.972736656666,0.000232830643654,0.000465661287308,0,0,34.4246693339,5.00778583645,102.411459164,18.2445135192,60.2966065344,78.7728931755,5150.00103042,0.00232830643654,355.931551894,350.560061634,5,70.9581727278,39.670845581,55.2588680875,0.00134116633077,0.00140425981954,-6.30934887669e-05,-0.000472937244922,536.601462086,0,0,0,0,1952,-2.34880599237e-06,2.34880599237e-06,1.41231179237,0,0,0,0,7.78130218679e-13,5.11555858437e-13
3.96800018847,2500.00972301,-0.0435943086075,0.00581209734082,-490.331481934,0.000436210742919,2.86041995423e-05,100.716499329,39.4697875977,0.972736120224,0.000232830643654,0.000465661287308,0,0,2.86548746822,-1.28558935773,98.1329365344,16.6843689606,81.5265666461,98.3609861578,5150.00103042,0.00232830643654,355.931551894,350.560061634,5,70.9581727278,28.3547087747,47.9788905068,0.00137112281251,0.00142426870298,-5.31458904662e-05,-0.000492946128361,536.601462086,0,0,0,0,1984,-2.18993045564e-06,2.18993045564e-06,1.4113471508,0,0,0,0,3.49635820513e-13,2.29856335788e-13
4.03200019151,2500.0073947,-0.0322757642834,0.00430308189243,-490.331848145,0.000326573906932,2.30890018429e-05,100.715736389,39.4703865051,0.972735583782,0.000232830643654,0.000465661287308,0,0,5.17688388593,-0.724653720655,94.0485655859,15.0398900861,103.923994175,109.1814338,5150.00103042,0.00232830643654,355.931551894,350.560061634,5,70.9581727278,27.4001940852,47.1580569865,0.00151863148445,0.00156433088705,-4.56994025955e-05,-0.000633008312434,536.601462086,0,0,0,0,2016,-2.23042138714e-06,2.23042138714e-06,1.41132199764,0,0,0,0,1.57101165844e-13,1.03280909216e-13
4.09600019455,2500.00576489,-0.0249166358657,0.00332194543444,-490.33203125,0.000233998754993,2.19180001295e-05,100.715187073,39.4709625244,0.972735226154,0.000232830643654,0.000465661287308,0,0,6.32238686085,-0.359671040798,90.1417409513,13.5245010937,115.023918625,116.221948701,5150.0024274,0.00232830643654,355.931551894,350.560061634,5,70.9581727278,28.1390184682,47.15162504,0.00178386287686,0.00182808435056,-4.42214737051e-05,0.000500222085975,536.601462086,0,0,0,0,2048,-2.47907860285e-06,2.47907860285e-06,1.41269659996,0,0,0,0,7.05899639956e-14,4.64070174975e-14
4.16000019759,2500.00413507,-0.0177206356256,0.00236255745403,-490.332183838,0.000165083649335,2.06704316952e-05,100.714515686,39.4715118408,0.972734749317,0.000232830643654,0.000465661287308,0,0,6.94738125409,-0.0422427309488,86.4042881313,12.2735756459,121.080112876,122.345139971,5150.00149608,0.00232830643654,355.931551894,350.560061634,5,70.9581727278,29.0084972221,47.3345680803,0.00181369146091,0.00182808435056,-1.43928896579e-05,-0.00043110048864,536.601462086,0,0,0,0,2080,-2.26477095566e-06,2.26477095566e-06,1.41310167313,0,0,0,0,3.17180465649e-14,2.08519724924e-14
4.22400020063,2500.00343658,-0.0116151408491,0.00154855835717,-490.332641602,0.000132190587465,1.55905490828e-05,100.713829041,39.4720458984,0.97273427248,0.000232830643654,0.000465661287308,0,0,7.32212820524,0.249776278775,82.8290361271,11.2888002823,124.711412354,127.978186356,5150.00149608,0.00279396772385,355.931551894,350.560061634,5,70.9581727278,29.8480590573,47.5474516861,0.00190749731288,0.00191357685253,-6.07953964948e-06,-0.000516592990607,536.601462086,0,0,0,0,2112,-2.35118159253e-06,2.35118159253e-06,1.41154885292,0,0,0,0,1.42518070641e-14,9.36937447792e-15
4.28800020367,2500.00273809,-0.00749271578115,0.000998946838081,-490.332855225,0.00011311005801,1.16115088531e-05,100.712974548,39.4725494385,0.972733616829,0.000232830643654,0.000465661287308,0,0,7.56552098916,0.521429448887,79.4090410092,10.5310128525,127.069884911,133.218374685,5150.00149608,0.00279396772385,355.931551894,350.560061634,5,70.9581727278,30.6355323119,47.7372559544,0.00187621211623,0.00196268956643,-8.64774502007e-05,-0.000565705704503,536.601462086,0,0,0,0,2144,-2.2746612558e-06,2.2746612558e-06,1.41126036644,0,0,0,0,6.4037350997e-15,4.20992188389e-15
4.35200020671,2500.00227243,-0.00491308682626,0.00065502448706,-490.332977295,9.86185477814e-05,9.67436426436e-06,100.712242126,39.4730453491,0.972733139992,0.000232830643654,0.000465661287308,0,0,7.77814861315,0.912362249521,76.1378935601,9.96071060174,129.130246933,140.759468195,5150.0024274,0.00279396772385,355.931551894,350.560061634,5,70.9581727278,27.6181781373,46.8195576104,0.00179426522251,0.00180079950951,-6.53428700037e-06,0.000527506927028,536.601462086,0,0,0,0,2176,-2.18925424633e-06,2.18925424633e-06,1.41264891624,0,0,0,0,2.87737748633e-15,1.89163590594e-15
4.41600020975,2500.0020396,-0.00322312976309,0.000429715379141,-490.333099365,8.92167954589e-05,8.36648723634e-06,100.711296082,39.4735069275,0.972732424736,0.000232830643654,0.000465661287308,0,0,11.1973691313,2.17653709518,73.0097558982,9.55556839408,130.734566483,148.506791447,5150.00149608,0.00279396772385,355.931551894,350.560061634,5,70.9581727278,23.6928135564,45.134442189,0.00186124364532,0.00191812432604,-5.68806807211e-05,-0.000521140464116,536.601462086,0,0,0,0,2208,-2.38165080191e-06,2.38165080191e-06,1.4139175415,0,0,0,0,1.29288642085e-15,8.4996511062e-16
4.48000021279,2500.0020396,-0.00210266226652,0.000280331965769,-490.333251953,8.33179074107e-05,7.43708824302e-06,100.710792542,39.4739685059,0.972732067108,0.000232830643654,0.000465661287308,0,0,64.9435175335,14.7920932541,70.019112434,11.6068705225,130.734566483,140.312869917,5150.0024274,0.00279396772385,355.931551894,358.768447768,5,70.9581727278,24.3235808739,44.5328332717,0.00208778859478,0.00208183337236,5.9552224263e-06,0.00024647306418,536.601462086,0,0,0,0,2240,-2.33184755416e-06,2.33184755416e-06,1.41275298595,0,0,0,0,5.80930029457e-16,3.81913179873e-16
4.54400021583,2500.00180677,-0.00137337341499,0.000183101423318,-490.333221436,7.93801882537e-05,6.85499298925e-06,100.904685974,39.3630218506,0.972869515419,0.000232830643654,0.000465661287308,0,0,105.172974931,22.4093421226,101.1927263,19.820468702,92.2010804061,105.451101263,5150.00196174,0.00279396772385,394.464994315,393.630150938,5,70.9581727278,29.7422848234,48.2470204588,0.00195274994785,0.00195905158762,-6.30163976556e-06,-9.64064383879e-05,536.601462086,0,0,0,0,2272,-2.2421572794e-06,2.2421572794e-06,1.41949689388,0,0,0,0,2.61028131652e-16,1.71604322312e-16
4.60800021887,2500.00180677,-0.000897729557359,0.000119687450933,-490.333282471,7.68439349486e-05,6.46758508083e-06,100.960441589,39.3314208984,0.972908854485,0.000232830643654,0.000465661287308,0,0,111.799344114,23.262401656,110.219651442,22.1242088515,68.213463237,86.551415734,5150.00149608,0.00279396772385,418.452662416,412.529858295,5,70.9581727278,34.9174479197,51.1771722813,0.00175300217398,0.00168074620888,7.22559651001e-05,-0.000283762346953,536.601462086,0,0,0,0,2304,-2.28740327657e-06,2.28740327657e-06,1.41162991524,0,0,0,0,1.17287249308e-16,7.71066334159e-17
4.67200022191,2500.00180677,-0.00058693155891,7.82511197031e-05,-490.333312988,7.51441548346e-05,6.22446304988e-06,100.973854065,39.3239974976,0.972918272018,0.000232830643654,0.000465661287308,0,0,109.155853173,21.5268514622,108.847046083,21.1918068671,60.2714208071,79.1913844296,5150.00149608,0.00279396772385,426.394719398,419.889867771,5,70.9581727278,37.3457260139,53.1347432116,0.00132821841026,0.00132604327518,2.17513507206e-06,7.09405867383e-05,536.601462086,0,0,0,0,2336,-2.39723999584e-06,2.39723999584e-06,1.40816617012,0,0,0,0,5.27004510668e-17,3.46461787154e-17
4.73600022495,2500.00180677,-0.0003834635387,5.11242760695e-05,-490.333343506,7.4041847256e-05,6.06266712566e-06,100.972084045,39.3250808716,0.972917020321,0.000232830643654,0.000465661287308,0,0,64.3566016752,11.5467264249,103.588682272,18.9392873531,60.0554049015,78.7259850767,5150.00149608,0.00279396772385,426.610698923,420.35523802,6,70.6791761331,39.1215689888,54.6865812794,0.00106590557214,0.00106228981167,3.61576046881e-06,0.000334694050252,536.601462086,0,0,0,0,2368,-2.28679141401e-06,2.28679141401e-06,1.41547882557,0,0,0,0,2.36797854223e-17,1.55674961149e-17
4.80000022799,2500.00180677,-0.000250163889604,3.33524476446e-05,-490.333374023,7.33328270144e-05,5.95376923229e-06,100.971588135,39.3256568909,0.972916662693,0.000232830643654,0.000465661287308,0,0,4.08737824491,-1.0359176007,99.2402222606,17.2461149059,66.1550511722,89.4161639735,5150.00009909,0.00279396772385,426.610698923,420.35523802,6,70.6791761331,32.5215260091,51.9194363733,0.000249584339307,0.000138243194669,0.000111341144637,-0.000138243194669,536.601462086,0,0,0,0,2400,-2.20882975555e-06,2.20882975555e-06,1.40597450733,0,0,0,0,1.06399936136e-17,6.99491222935e-18
4.86400023103,2500.00180677,-0.000163302441014,2.17718716158e-05,-490.333374023,7.28671147954e-05,5.88366719967e-06,100.970909119,39.3261795044,0.972916185856,0.000232830643654,0.000465661287308,0,0,4.4352540936,-0.900244193082,95.1074782003,15.6454512739,96.7376035987,105.794293631,5150.00056475,0.00279396772385,426.610698923,420.35523802,6,70.6791761331,27.3189689324,47.2173196613,0.00050293545717,0.000531144905835,-2.82094486659e-05,-6.54836185277e-05,536.601462086,0,0,0,0,2432,-2.10695770875e-06,2.10695770875e-06,1.41055381298,0,0,0,0,4.78084668739e-18,3.14301087656e-18
4.92800023407,2500.00180677,-0.000106631016517,1.4216301679e-05,-490.333404541,7.25621866877e-05,5.838162906e-06,100.970497131,39.3266944885,0.972915947437,0.000232830643654,0.000465661287308,0,0,5.92418858262,-0.493907753628,91.1555253492,14.0506557383,111.165376438,113.632522698,5149.99963343,0.00279396772385,426.610698923,420.35523802,6,70.6791761331,27.8164225165,47.0430204587,0.000315522705185,0.000394720700569,-7.9197995384e-05,-0.000860381987877,536.601462086,0,0,0,0,2464,-2.22473568101e-06,2.22473568101e-06,1.41737759113,0,0,0,0,2.14816799167e-18,1.41224297827e-18
4.99200023711,2500.00157394,-6.96083815588e-05,9.28035569814e-06,-490.333282471,7.23636694602e-05,5.80828009333e-06,100.969459534,39.3271522522,0.972915172577,0.000232830643654,0.000465661287308,0,0,6.70670597843,-0.162250787645,87.3747828426,12.6919345758,118.74797201,120.030184917,5150.00009909,0.00279396772385,426.610698923,420.35523802,6,70.6791761331,28.6736540147,47.1808634757,0.000129218399869,7.45785655454e-05,5.46398343237e-05,-7.45785655454e-05,536.601462086,0,0,0,0,2496,-2.2866463496e-06,2.2866463496e-06,1.41117942333,0,0,0,0,9.65231990307e-19,6.34560439982e-19
5.05600024015,2503.50893475,196.945053176,-26.2571849823,-518.310241699,0.200708717108,-0.00429740967229,100.968818665,39.32762146,0.972914755344,0.000232830643654,0.000465661287308,1,536.6015248,7.15938581058,0.139164371086,83.7580357326,11.6068577041,123.134435853,125.844482682,5150.00009909,0.00279396772385,426.610698923,420.35523802,6,70.6791761331,29.5311510854,47.3920445074,6.05799715947e-05,4.91127138957e-05,1.1467257699e-05,-4.91127138957e-05,540.10870582,2509,5.01800023834,536.60158642,536.601583008,2528,-2.38169309341e-06,2.38169309341e-06,1.41153275967,0,0,0.00978325121105,0.00611453223974,0.00875857286155,0.00548025872558
5.12000024319,2525.0192266,446.280173492,-59.4991378784,-562.099365234,1.35592699051,-0.00713319517672,100.967781067,39.3280563354,0.972914040089,0.000232830643654,0.000465661287308,1,536.6015248,7.44506111839,0.418801823982,80.2983034658,10.7659408912,125.902632135,131.238688482,5150.00056475,0.00279396772385,426.610698923,420.35523802,6,70.6791761331,30.3411779896,47.5939705211,0.000185770496208,0.000223735696636,-3.79652004279e-05,0.000241925590672,561.619073437,2509,5.01800023834,536.60158642,536.601583008,2560,-2.3805150704e-06,2.3805150704e-06,1.41223204136,0,0,0.0254123043269,0.0158826895058,0.0243426691741,0.0152333313599
5.18400024623,2558.77384916,589.948089328,-78.6532897949,-597.804504395,2.90755820274,0.0701059177518,100.96710968,39.3284835815,0.972913563251,0.000232830643654,0.000465661287308,1,536.6015248,7.65413116883,0.730508540903,76.9890010289,10.1254512989,127.928520669,137.251510751,5150.00056475,0.00279396772385,426.610698923,420.35523802,6,70.6791761331,29.6489197353,47.3635191156,0.000614966730317,0.000636646291241,-2.16795609242e-05,-0.000170985003933,595.373591977,2509,5.01800023834,536.60158642,536.601583008,2592,-2.24599898502e-06,2.24599898502e-06,1.41350781918,0,0,0.0407781042159,0.0254863165319,0.0396768078208,0.0248294230551
5.24800024927,2599.34645146,667.028245516,-88.9298019409,-627.975097656,4.63794898987,0.205063655972,100.966423035,39.3289031982,0.97291302681,0.000232830643654,0.000465661287308,1,536.6015248,7.87690733104,1.19806107687,73.8239242994,9.65921642937,130.087224534,146.270598634,5150.00056475,0.00279396772385,426.610698923,420.35523802,6,70.6791761331,24.5333721978,45.5362387584,0.000827966126216,0.000846739567351,-1.8773441135e-05,-0.000381078280043,635.94609685,2509,5.01800023834,536.60158642,536.601583008,2624,-2.36759683503e-06,2.36759683503e-06,1.41674232483,0,0,0.0557308569551,0.0348317846656,0.0546126291156,0.0341753363609
5.31200025231,2643.39568093,702.927471139,-93.7159729004,-654.360046387,6.44752216339,0.373200565577,100.965744019,39.3293037415,0.972912549973,0.000232830643654,0.000465661287308,1,536.6015248,36.6517369292,8.9657693035,70.7975943117,9.34327679621,130.376516609,148.568346049,5150.00056475,0.00279396772385,426.610698923,420.35523802,6,70.6791761331,24.0868557739,44.5054902229,0.000751927839437,0.000735781213734,1.61466257032e-05,-0.000270119926427,679.995398286,2509,5.01800023834,536.60158642,536.601583008,2656,-2.39383507505e-06,2.39383507505e-06,1.41314065456,0,0,0.0701252445579,0.0438282825053,0.0690063163638,0.0431807599962
5.37600025535,2688.77740018,711.165659595,-94.8143081665,-677.710510254,8.26898002625,0.559829771519,101.049095154,39.3017959595,0.972971200943,0.000232830643654,0.000465661287308,1,536.6015248,95.9266128295,20.5503870226,90.9347772466,17.2561096229,107.966727228,117.644187412,5150.00103042,0.00279396772385,449.020502856,451.279309345,6,70.6791761331,26.6590468527,46.1795571027,0.000556227772175,0.000562067725696,-5.83995352077e-06,0.00036925484892,725.377327058,2509,5.01800023834,536.60158642,536.601583008,2688,-2.2337021619e-06,2.2337021619e-06,1.41097247601,0,0,0.0838214606047,0.0523884221911,0.0827192589641,0.0517587065697
5.44000025839,2733.99241269,699.285999872,-93.2304840088,-698.297119141,10.0505552292,0.756153941154,101.111061096,39.2813186646,0.973014712334,0.000232830643654,0.000465661287308,1,536.6015248,110.384320722,23.3641250948,108.045908537,21.7565157021,74.8523452785,92.1476748772,5150.00056475,0.00279396772385,482.134899357,476.775865536,6,70.6791761331,33.5936820193,50.2711045556,0.000690435084105,0.000763975549489,-7.3540465384e-05,-0.000298314262182,770.592371282,2509,5.01800023834,536.60158642,536.601583008,2720,-2.28626072385e-06,2.28626072385e-06,1.40673184395,0,0,0.0966855734587,0.0604284889996,0.0956182405353,0.0598256215453
5.50400026143,2777.91405097,671.813089866,-89.5677261353,-716.170532227,11.7500677109,0.956583023071,101.125022888,39.276550293,0.973024487495,0.000232830643654,0.000465661287308,1,536.6015248,110.454463199,22.3610971952,109.724918445,21.7573031202,61.8758131168,81.0655255918,5150.00103042,0.00279396772385,495.111511555,487.85796389,6,70.6791761331,36.5095911548,52.3352682649,0.00112544355779,0.0012332748156,-0.000107831257812,-0.000301952240989,814.513633827,2509,5.01800023834,536.60158642,536.601583008,2752,-2.39962901105e-06,2.39962901105e-06,1.4094671011,0,0,0.108594074845,0.0678712949157,0.107579879463,0.0673042014241
5.56800026447,2819.65103932,631.873030216,-84.2428207397,-731.31060791,13.3325204849,1.15722572803,101.12587738,39.276473999,0.973025083542,0.000232830643654,0.000465661287308,1,536.6015248,91.05351258,17.4106212088,104.987239469,19.7540563895,59.8753867962,78.6907985457,5150.00009909,0.00279396772385,497.111992445,490.232778247,7,70.5011480022,38.4980048693,54.0727014595,0.00119111813468,0.00121690391097,-2.5785776292e-05,-0.00121690391097,856.2508159,2509,5.01800023834,536.60158642,536.601583008,2784,-2.39505584432e-06,2.39505584432e-06,1.40852129459,0,0,0.119433112442,0.0746456906199,0.118490099907,0.0741230770946
5.63200026751,2858.488122,581.90501295,-77.5809707642,-743.691833496,14.769733429,1.35496222973,101.125198364,39.2768478394,0.973024606705,0.000232830643654,0.000465661287308,1,536.6015248,19.8401376751,2.11732691209,100.504552129,17.8178519058,59.8753867962,79.9924164312,5150.00056475,0.00279396772385,497.111992445,490.232778247,7,70.5011480022,38.8650514651,55.3374702577,0.00129242021252,0.00122417986859,6.82403439312e-05,-0.000758518581279,895.08779206,2509,5.01800023834,536.60158642,536.601583008,2816,-2.29507372751e-06,2.29507372751e-06,1.41280508041,0,0,0.129099458456,0.0806871652603,0.128244936466,0.0802172347903
5.69600027055,2893.86371151,524.301198311,-69.9010925293,-753.357788086,16.0409870148,1.54692101479,101.124382019,39.277141571,0.973024070263,0.000232830643654,0.000465661287308,1,536.6015248,3.46879055132,-1.12385378247,96.3141324356,16.2678796911,87.3725730344,101.480865851,5150.00103042,0.00279396772385,497.111992445,490.232778247,7,70.5011480022,27.6739028777,47.4625849165,0.00116555280705,0.00110958353616,5.59692708846e-05,-0.000178260961547,930.463509576,2509,5.01800023834,536.60158642,536.601583008,2848,-2.22768881031e-06,2.22768881031e-06,1.41612374783,0,0,0.137501433492,0.0859384089708,0.13675147295,0.0855287313461
5.76000027359,2925.36942288,461.514719063,-61.5302467346,-760.435180664,17.1340808868,1.73010337353,101.123924255,39.2774391174,0.973023712635,0.000232830643654,0.000465661287308,1,536.6015248,5.43304749365,-0.638767973476,92.3101440627,14.6268984181,106.406223495,110.838169348,5150.00196174,0.00279396772385,497.111992445,490.232778247,7,70.5011480022,27.5295751635,46.9997394248,0.00157988448712,0.0015388650354,4.10194517242e-05,0.000323780113831,961.969036382,2509,5.01800023834,536.60158642,536.601583008,2880,-2.24503332902e-06,2.24503332902e-06,1.41240358353,0,0,0.144559785724,0.0903498679399,0.143928825855,0.0900072008371
5.82400027663,2952.74704695,395.805225708,-52.7696990967,-765.098754883,18.0459136963,1.90118837357,101.123161316,39.2777061462,0.973023235798,0.000232830643654,0.000465661287308,1,536.6015248,6.42804052343,-0.287597930015,88.4799736702,13.1646152869,116.047704068,117.612238682,5150.00149608,0.00279396772385,497.111992445,490.232778247,7,70.5011480022,28.3330609818,47.0583581773,0.00145927696316,0.00147701939568,-1.77424325232e-05,-8.0035533756e-05,989.346932215,2509,5.01800023834,536.60158642,536.601583008,2912,-2.28068029173e-06,2.28068029173e-06,1.41654479504,0,0,0.150208592415,0.0938803702593,0.149708911777,0.0936103835702
5.88800027966,2975.88831745,329.49069282,-43.9284858704,-767.604492188,18.7824249268,2.05649852753,101.122657776,39.277973175,0.97302287817,0.000232830643654,0.000465661287308,1,536.6015248,6.98252894543,0.0242057406268,84.8156738283,11.974015226,121.420693176,123.626930872,5150.00149608,0.00279396772385,497.111992445,490.232778247,7,70.5011480022,29.2025652016,47.2561732749,0.00153381289614,0.00160980562214,-7.59927260008e-05,-0.000212821760215,1012.48801786,2509,5.01800023834,536.60158642,536.601583008,2944,-2.30391469813e-06,2.30391469813e-06,1.4125316143,0,0,0.154395654798,0.0964972823858,0.154037132859,0.096304513514
5.9520002827,2994.81116235,264.186615823,-35.2219924927,-768.176513672,19.3569355011,2.19217681885,101.122123718,39.2782363892,0.973022460938,0.000232830643654,0.000465661287308,1,536.6015248,7.32143005833,0.312163945923,81.3104178047,11.0427403483,124.704645714,129.181644297,5150.00103042,0.00279396772385,497.111992445,490.232778247,7,70.5011480022,30.0331703329,47.4665794172,0.00151148053795,0.00143336364999,7.81168879582e-05,-0.000502041075379,1031.41091904,2509,5.01800023834,536.60158642,536.601583008,2976,-2.35548964156e-06,2.35548964156e-06,1.41318869591,0,0,0.157083079219,0.098176933825,0.156872853637,0.0980646088719
6.01600028574,3009.62454639,201.155227842,-26.8184967041,-767.036499023,19.7875518799,2.30437707901,101.121528625,39.2784805298,0.973022043705,0.000232830643654,0.000465661287308,1,536.6015248,7.54651033425,0.585177243564,77.9574301409,10.3284980582,126.885672216,134.44806973,5150.00196174,0.00279396772385,497.111992445,490.232778247,7,70.5011480022,30.6600777549,47.6055793115,0.00164260409441,0.0016916601453,-4.90560508881e-05,0.000170985003933,1046.22451477,2509,5.01800023834,536.60158642,536.601583008,3008,-2.29292072618e-06,2.29292072618e-06,1.41308653355,0,0,0.158247590065,0.09890473634,0.158189788461,0.0988747254014
6.08000028878,3020.53056657,143.089331686,-19.0770111084,-764.642578125,20.0956325531,2.38977622986,101.120933533,39.2787094116,0.973021626472,0.000232830643654,0.000465661287308,1,536.6015248,7.76446493364,1.02016179826,74.7503821923,9.79636819169,128.997649881,142.838922329,5150.00103042,0.00279396772385,497.111992445,490.232778247,7,70.5011480022,26.4337377303,46.2853640784,0.00161738693272,0.00159707269631,2.03142364041e-05,-0.000665750121698,1057.13032303,2509,5.01800023834,536.60158642,536.601583008,3040,-2.4191135708e-06,2.4191135708e-06,1.41336560249,0,0,0.157880544662,0.098675340414,0.158189594746,0.0988755375147
6.14400029182,3028.02026272,93.2780385483,-12.4360513687,-761.674072266,20.3055992126,2.44892859459,101.120353699,39.2789459229,0.97302120924,0.000232830643654,0.000465661287308,1,536.6015248,17.3252724053,3.8380432007,71.6836704716,9.42387728513,130.12601994,148.599763634,5150.00149608,0.00279396772385,497.111992445,490.232778247,7,70.5011480022,23.9523087657,44.7865349997,0.00145642502225,0.00142881617649,2.76088457651e-05,-3.18323145621e-05,1064.61999093,2509,5.01800023834,536.60158642,536.601583008,3072,-2.32297361435e-06,2.32297361435e-06,1.41234767437,0,0,0.1559882164,0.0974926427007,0.157258540392,0.0983373373747
6.20800029486,3032.42029622,45.8525537397,-6.11317205429,-757.508605957,20.4346103668,2.48190760612,101.130638123,39.2805290222,0.973028421402,0.000232830643654,0.000465661287308,1,536.6015248,79.3784745351,17.2774687983,75.1335142312,13.6753832313,125.60999312,132.292247145,5150.00149608,0.00279396772385,501.628033817,506.540294737,7,70.5011480022,24.787728762,44.7371457994,0.00177509167087,0.00183445081348,-5.93591426012e-05,-0.000437466951553,1069.01986103,2509,5.01800023834,536.60158642,536.601583008,3104,-2.30207228924e-06,2.30207228924e-06,1.41317927837,0,0,0.152591452003,0.0953696593642,0.155028387904,0.0970199331641
6.2720002979,3033.79190154,-1.55574343808,0.207415431738,-751.860595703,20.4925098419,2.48666024208,101.185585022,39.2877197266,0.973066926003,0.000232830643654,0.000465661287308,1,536.6015248,107.21241726,22.928377042,103.883103415,20.7208300922,84.632942162,99.9658368528,5150.00149608,0.00279396772385,542.604888324,538.866734132,7,70.5011480022,31.5091929224,49.1115388286,0.00164719397844,0.00160798663273,3.92073457034e-05,-0.000211002770811,1070.3948776,2509,5.01800023834,536.60158642,536.601583008,3136,-2.27245573114e-06,2.27245573114e-06,1.40806555748,0,0,0.147725954652,0.0923287272453,0.151383429766,0.0948327854276
6.33600030094,3032.10970014,-49.7378023283,6.63116264343,-744.611999512,20.4850254059,2.46096658707,101.19808197,39.2893447876,0.973075628281,0.000232830643654,0.000465661287308,1,536.6015248,110.972093584,22.9881585611,109.737531785,22.0610286159,65.1574955555,84.1706132633,5150.00149608,0.00279396772385,562.080356758,554.66190679,7,70.5011480022,35.5428674084,51.5054998687,0.00166490070341,0.00172258296516,-5.76822617449e-05,-0.000325599103235,1070.3948776,2509,5.01800023834,536.60158642,536.601583008,3168,-2.33625564761e-06,2.33625564761e-06,1.41176390648,0,0,0.141440838575,0.0884005278349,0.146326169372,0.0917650461197
6.40000030398,3027.30547264,-99.0544867818,13.2061805725,-735.681335449,20.4140586853,2.40309381485,101.200080872,39.2897224426,0.973077058792,0.000232830643654,0.000465661287308,1,536.6015248,106.172512554,20.7580438406,106.772488567,20.7004322995,59.7484759055,78.6679884186,5150.00149608,0.00279396772385,567.489420064,560.164568014,8,70.3775804141,37.793735828,53.3985730726,0.00194942333109,0.00198269844986,-3.32751187715e-05,-0.000585714587942,1070.3948776,2509,5.01800023834,536.60158642,536.601583008,3200,-2.33967784879e-06,2.33967784879e-06,1.41157925129,0,0,0.133798658848,0.0836241692305,0.139904111624,0.0878392010927
6.46400030702,3019.30820569,-149.451443576,19.9252243042,-725.04095459,20.2786483765,2.31216073036,101.199485779,39.2899131775,0.97307664156,0.000232830643654,0.000465661287308,1,536.6015248,47.3255782796,7.89950623218,101.904881932,18.4788601504,59.7484759055,78.6679884186,5150.0024274,0.00279396772385,567.489420064,560.164568014,8,70.3775804141,39.4692942791,54.8468997295,0.00210588128879,0.00206819095183,3.76903369625e-05,0.000260115484707,1070.3948776,2509,5.01800023834,536.60158642,536.601583008,3232,-2.42844680542e-06,2.42844680542e-06,1.41686069965,0,0,0.124875031412,0.0780468955636,0.132187098265,0.0830944627523
6.52800031006,3008.05619918,-200.751936063,26.7647285461,-712.684204102,20.0757293701,2.18809485435,101.199302673,39.2900238037,0.97307652235,0.000232830643654,0.000465661287308,1,536.6015248,2.15523674729,-1.46430970288,97.6441073418,16.8741001127,74.6442383388,94.9134700932,5150.00196174,0.00279396772385,567.489420064,560.164568014,8,70.3775804141,29.5990521408,48.7019788125,0.00186885489029,0.00195723259822,-8.83777079297e-05,-9.45874489844e-05,1070.3948776,2509,5.01800023834,536.60158642,536.601583008,3264,-2.44924353865e-06,2.44924353865e-06,1.41274344921,0,0,0.114757739007,0.071723587811,0.123259596527,0.0775805711746
6.5920003131,2993.4886843,-252.989208093,33.7291259766,-698.576904297,19.799495697,2.03170752525,101.199043274,39.2901268005,0.973076343536,0.000232830643654,0.000465661287308,1,536.6015248,4.8079409391,-0.800584694,93.5822821895,15.2410882439,100.348937849,107.716725324,5150.0024274,0.00279396772385,567.489420064,560.164568014,8,70.3775804141,27.3387995549,47.0410122944,0.00210589194694,0.00221007212531,-0.000104180178373,0.00011823431123,1070.3948776,2509,5.01800023834,536.60158642,536.601583008,3296,-2.35651168623e-06,2.35651168623e-06,1.41232812405,0,0,0.103545829654,0.0647161453962,0.113217614591,0.0713550895452
6.65600031614,2975.53953715,-306.51979614,40.8659515381,-682.639038086,19.4402484894,1.84492218494,101.198768616,39.2902145386,0.973076105118,0.000232830643654,0.000465661287308,1,536.6015248,6.09209772225,-0.418945773865,89.6972708691,13.6875213738,112.792418804,115.078539238,5150.00196174,0.00279396772385,567.489420064,560.164568014,8,70.3775804141,27.9963460343,46.9697988592,0.00185566721711,0.00186992110685,-1.42538897352e-05,-7.27595761418e-06,1070.3948776,2509,5.01800023834,536.60158642,536.601583008,3328,-2.42204805545e-06,2.42204805545e-06,1.41190218925,0,0,0.0913485214114,0.0570928305387,0.102166883647,0.0644819438457
6.72000031918,2954.09327373,-362.415681593,48.3181266785,-664.671081543,18.9801635742,1.6313996315,101.198631287,39.2903137207,0.973076045513,0.000232830643654,0.000465661287308,1,536.6015248,6.78117788195,-0.0948744244572,85.9805765892,12.38877126,119.469601486,121.329874673,5150.00196174,0.00279396772385,567.489420064,560.164568014,8,70.3775804141,28.8651408482,47.1361527161,0.0019122832623,0.00183354131877,7.87419435211e-05,2.91038304567e-05,1070.3948776,2509,5.01800023834,536.60158642,536.601583008,3360,-2.30077785091e-06,2.30077785091e-06,1.41316533089,0,0,0.0782843008637,0.0489276908338,0.0902214944363,0.0570305064321
6.78400032222,2928.95454913,-422.118813731,56.2778892517,-644.38494873,18.3898296356,1.39707100391,101.19808197,39.2903709412,0.973075628281,0.000232830643654,0.000465661287308,1,536.6015248,7.18795352448,0.201872656482,82.4250137013,11.3603189099,123.411256936,127.054125187,5150.0024274,0.00279396772385,567.489420064,560.164568014,8,70.3775804141,29.7147471429,47.3494146718,0.00202405874006,0.00204636307899,-2.23043389314e-05,0.00028194335755,1070.3948776,2509,5.01800023834,536.60158642,536.601583008,3392,-2.46964646067e-06,2.46964646067e-06,1.41270124912,0,0,0.0644796043634,0.0402997583151,0.0775025635958,0.0490747392178
6.84800032526,2899.79553781,-488.469260745,65.1238861084,-621.241394043,17.623003006,1.15094053745,101.197761536,39.2904472351,0.973075449467,0.000232830643654,0.000465661287308,1,536.6015248,7.44891168474,0.47758808311,79.0237920973,10.5666224653,125.939943246,132.37267558,5150.00103042,0.00279396772385,567.489420064,560.164568014,8,70.3775804141,30.5145131279,47.5451051898,0.00213132937688,0.00207910488825,5.22244886225e-05,-0.00114778231364,1070.3948776,2509,5.01800023834,536.60158642,536.601583008,3424,-2.40456802203e-06,2.40456802203e-06,1.4111661911,0,0,0.0500677004457,0.0312923155725,0.0641367807984,0.0406923033297
6.9120003283,2866.02857523,-567.033188418,75.5982208252,-594.209960938,16.6029472351,0.907226443291,101.197410583,39.2905197144,0.973075151443,0.000232830643654,0.000465661287308,1,536.6015248,7.65742321765,0.830042430765,75.7704586106,9.96547905961,127.960418467,139.17151955,5150.00335872,0.00325962901115,567.489420064,560.164568014,8,70.3775804141,28.6183822027,46.9743135909,0.00222668421201,0.00231557351071,-8.88892986994e-05,0.00094405550044,1070.3948776,2509,5.01800023834,536.60158642,536.601583008,3456,-2.32747811424e-06,2.32747811424e-06,1.41198456287,0,0,0.0351873412728,0.0219920892268,0.0502550303936,0.0319637879729
6.97600033134,2826.54375769,-668.356544338,89.1068954468,-561.340637207,15.1932945251,0.69007140398,101.19695282,39.2905845642,0.97307485342,0.000232830643654,0.000465661287308,1,536.6015248,8.39265249064,1.42480156904,72.6592486079,9.53350512041,129.947482492,147.930040839,5150.00289306,0.00325962901115,567.489420064,560.164568014,8,70.3775804141,23.7960921368,45.1539235655,0.00270944915115,0.00275485945167,-4.54103005199e-05,3.91082721762e-05,1070.3948776,2509,5.01800023834,536.60158642,536.601583008,3488,-2.37577387452e-06,2.37577387452e-06,1.41275906563,0,0,0.0199814364314,0.012488398701,0.0359908901155,0.0229718517512
7.04000033438,2779.88566086,-788.737786934,105.156410217,-522.413146973,13.2180480957,0.530276119709,101.196861267,39.2906684875,0.973074793816,0.000232830643654,0.000465661287308,1,536.6015248,50.8016668696,12.3109862488,69.684551277,10.0912462203,129.947482492,145.67017206,5150.0024274,0.00372529029846,567.489420064,563.106092159,8,70.3775804141,24.1831839958,44.3582612206,0.00270189785823,0.00270210875897,-2.10900741315e-07,-0.000373802322429,1070.3948776,2509,5.01800023834,536.60158642,536.601583008,3520,-2.41855605054e-06,2.41855605054e-06,1.41769337654,0,0,0.00459571182728,0.00287231989205,0.0214790552855,0.0138003481552
7.10400033742,2726.02122277,-859.479827341,114.587905884,-486.570129395,10.619682312,0.445282697678,101.286643982,39.2624359131,0.973137438297,0.000232830643654,0.000465661287308,1,536.6015248,100.919906052,21.679513531,96.45583108,18.7623526618,98.3095596894,110.536930151,5150.00289306,0.00372529029846,599.127379246,598.239246756,8,70.3775804141,28.2534201688,47.1770035801,0.00302931248142,0.00300497049466,2.43419867596e-05,-0.000211002770811,1070.3948776,2509,5.01800023834,536.60158642,536.601583008,3552,-2.39252995016e-06,2.39252995016e-06,1.41192805767,0,0,0,0,0.00955439731479,0.00620990619063
7.16800034046,2673.5488791,-767.379475292,102.308868408,-473.120300293,7.96693849564,0.400495260954,101.324241638,39.2506599426,0.973163664341,0.000232830643654,0.000465661287308,1,536.6015248,110.512959212,23.3194381987,108.628275682,21.9837572577,70.5023485352,88.787295681,5150.00335872,0.00419095158577,626.934634056,619.98894671,8,70.3775804141,34.3836509273,50.6549658894,0.003158858633,0.0031795934774,-2.0734844397e-05,8.0035533756e-05,1070.3948776,2509,5.01800023834,536.60158642,536.601583008,3584,-2.36375240092e-06,2.36375240092e-06,1.4126688242,0,0,0,0,0.00422551343217,0.00276159797795
7.2320003435,2629.10081074,-623.100902885,83.0733032227,-470.561523438,5.77884292603,0.344110518694,101.333305359,39.2478752136,0.973169922829,0.000232830643654,0.000465661287308,1,536.6015248,109.041607954,21.8813965596,108.552170801,21.4293031708,60.4889573879,79.8428955022,5150.00289306,0.00419095158577,636.947981548,628.933310509,8,70.3775804141,37.0009693142,52.6630683453,0.00287422942391,0.00284671841655,2.75110073611e-05,-5.27506927028e-05,1070.3948776,2509,5.01800023834,536.60158642,536.601583008,3616,-2.29848751587e-06,2.29848751587e-06,1.41306376457,0,0,0,0,0.00188531691674,0.00123515899759
7.29600034654,2594.05816905,-478.918547742,63.850566864,-472.601745605,4.12585687637,0.277106672525,101.333305359,39.2479400635,0.973169922829,0.000232830643654,0.000465661287308,1,536.6015248,76.882417572,14.383946039,103.441035874,19.2458054365,59.6520221734,78.6464079283,5150.00289306,0.00419095158577,637.785007711,630.129827186,9,70.2954348526,38.8702428609,54.30298188,0.00279515845192,0.00280306267086,-7.90421894603e-06,-9.09494701773e-06,1070.3948776,2509,5.01800023834,536.60158642,536.601583008,3648,-2.36720211433e-06,2.36720211433e-06,1.41878783703,0,0,0,0,0.00084446388064,0.000553847639821
7.36000034958,2567.60255434,-355.908065103,47.4505157471,-476.029724121,2.92269921303,0.212517216802,101.332756042,39.2480735779,0.973169565201,0.000232830643654,0.000465661287308,1,536.6015248,9.06662383553,0.12750709161,99.0786294049,17.4479246863,60.4066299275,84.5444883453,5150.00289306,0.00419095158577,637.785007711,630.129827186,9,70.2954348526,35.5991251126,54.8613425053,0.00254490707674,0.00260115484707,-5.62477703303e-05,0.000192812876776,1070.3948776,2509,5.01800023834,536.60158642,536.601583008,3680,-2.38808547692e-06,2.38808547692e-06,1.4128921032,0,0,0,0,0.000378906581318,0.000248629308771
7.42400035262,2548.16235974,-258.902902715,34.5175552368,-479.430541992,2.06150650978,0.157886356115,101.332221985,39.24817276,0.973169207573,0.000232830643654,0.000465661287308,1,536.6015248,3.99109852081,-0.994307014599,94.9529244967,15.877314791,92.4337364268,103.979822597,5150.0024274,0.00419095158577,637.785007711,630.129827186,9,70.2954348526,27.3950536211,47.2044594062,0.00263716394555,0.00264481059276,-7.64664720432e-06,-0.000316504156217,1070.3948776,2509,5.01800023834,536.60158642,536.601583008,3712,-2.38668485508e-06,2.38668485508e-06,1.41232824326,0,0,0,0,0.000170145736774,0.000111669796752
7.48800035566,2534.12150778,-185.793702258,24.7704601288,-482.292938232,1.45105230808,0.114818423986,101.331764221,39.2482795715,0.973168849945,0.000232830643654,0.000465661287308,1,536.6015248,5.67312350748,-0.558444625992,91.0087066556,14.2568045589,108.732558147,112.38760635,5150.0024274,0.00419095158577,637.785007711,630.129827186,9,70.2954348526,27.6808823401,46.9241495011,0.00295162173869,0.00295949575957,-7.87402087976e-06,-0.00063118932303,1070.3948776,2509,5.01800023834,536.60158642,536.601583008,3744,-2.3195191261e-06,2.3195191261e-06,1.41065239906,0,0,0,0,7.64295982663e-05,5.01670692756e-05
7.5520003587,2524.09116365,-132.188521093,17.6236896515,-484.521514893,1.02046406269,0.0823292657733,101.331581116,39.2484016418,0.973168730736,0.000232830643654,0.000465661287308,1,536.6015248,6.54265015197,-0.218402772514,87.2353182683,12.8510379082,117.158269859,118.947013107,5150.0024274,0.00419095158577,637.785007711,630.129827186,9,70.2954348526,28.5219193756,47.0315935672,0.00264171141906,0.00272848410532,-8.67726862586e-05,-0.00040017766878,1070.3948776,2509,5.01800023834,536.60158642,536.601583008,3776,-2.4382270567e-06,2.4382270567e-06,1.41220211983,0,0,0,0,3.43376123055e-05,2.25396088354e-05
7.61600036174,2516.9744622,-93.5573989409,12.4732961655,-486.182342529,0.717394530773,0.0585149973631,101.331260681,39.2485084534,0.973168492317,0.000232830643654,0.000465661287308,1,536.6015248,7.03739963043,0.0879392147078,83.6255590367,11.7193999021,121.952391055,124.85634943,5150.00289306,0.00419095158577,637.785007711,630.129827186,9,70.2954348526,29.386856113,47.2385800094,0.00269085255467,0.00277759681921,-8.67442645491e-05,1.63709046319e-05,1070.3948776,2509,5.01800023834,536.60158642,536.601583008,3808,-2.30398813983e-06,2.30398813983e-06,1.40549743176,0,0,0,0,1.54279859998e-05,1.01273080872e-05
7.68000036478,2511.94625162,-66.004198743,8.79983711243,-487.390319824,0.504296541214,0.041365377605,101.330726624,39.2486038208,0.973168134689,0.000232830643654,0.000465661287308,1,536.6015248,7.34530164696,0.371643516439,80.1725216555,10.8390435112,124.935962958,130.329004605,5150.00289306,0.00419095158577,637.785007711,630.129827186,9,70.2954348526,30.2072257909,47.4448024761,0.00313042981814,0.00318505044561,-5.46206274654e-05,-0.000391082721762,1070.3948776,2509,5.01800023834,536.60158642,536.601583008,3840,-2.43477120421e-06,2.43477120421e-06,1.41679382324,0,0,0,0,6.93205765856e-06,4.55041254099e-06
7.74400036782,2508.40256922,-46.4745426143,6.19609689713,-488.256469727,0.354523718357,0.0291496980935,101.330726624,39.248714447,0.973168134689,0.000232830643654,0.000465661287308,1,536.6015248,7.55867136678,0.659570061917,76.8694526405,10.1661708893,127.003513626,135.88310685,5150.00382438,0.00419095158577,637.785007711,630.129827186,9,70.2954348526,30.2855478367,47.4287444376,0.00340903362483,0.00347245077137,-6.34171465341e-05,0.000252839527093,1070.3948776,2509,5.01800023834,536.60158642,536.601583008,3872,-2.32162824432e-06,2.32162824432e-06,1.41748738289,0,0,0,0,3.11473513648e-06,2.04461366593e-06
7.80800037086,2505.9087202,-32.689764339,4.35827732086,-488.871490479,0.249284088612,0.0205028057098,101.330039978,39.2487869263,0.973167657852,0.000232830643654,0.000465661287308,1,536.6015248,7.78025083651,1.12153044111,73.7102211173,9.67091782944,129.150619614,144.794321386,5150.00382438,0.00419095158577,637.785007711,630.129827186,9,70.2954348526,25.3364614764,45.7906462543,0.00313929028606,0.00319869286614,-5.94025800771e-05,0.000526597432327,1070.3948776,2509,5.01800023834,536.60158642,536.601583008,3904,-2.43240015152e-06,2.43240015152e-06,1.40845966339,0,0,0,0,1.3995320387e-06,9.18700663988e-07
7.8720003739,2504.15503979,-22.9795859923,3.06369328499,-489.306182861,0.175346314907,0.014405217953,101.329719543,39.2488822937,0.973167479038,0.000232830643654,0.000465661287308,1,536.6015248,26.5361640658,6.31911129287,70.6893847447,9.32996668253,129.812382511,148.618230014,5150.00289306,0.00419095158577,637.785007711,630.129827186,9,70.2954348526,24.0417466557,44.5281693828,0.00314375959987,0.00311592884827,2.78307515922e-05,-0.000321961124428,1070.3948776,2509,5.01800023834,536.60158642,536.601583008,3936,-2.41373095378e-06,2.41373095378e-06,1.40999817848,0,0,0,0,6.28848681572e-07,4.12797930949e-07
7.93600037694,2502.92266719,-16.1490534083,2.15303039551,-489.612548828,0.123399354517,0.0101129552349,101.412345886,39.2068748474,0.973224878311,0.000232830643654,0.000465661287308,1,536.6015248,89.092921939,19.2415387288,83.9797067626,15.7093987843,115.634102258,124.035243061,5150.00335872,0.00419095158577,651.963229757,654.712901451,9,70.2954348526,25.638306397,45.3250140708,0.00355119579576,0.00347790773958,7.32880561793e-05,-0.000218278728426,1070.3948776,2509,5.01800023834,536.60158642,536.601583008,3968,-2.41808925239e-06,2.41808925239e-06,1.41550767422,0,0,0,0,2.82559284415e-07,1.85481667359e-07
8.00000037998,2502.0565372,-11.3477199193,1.51290512085,-489.82800293,0.0868923813105,0.00709762237966,101.526649475,39.1488990784,0.973303973675,0.000232830643654,0.000465661287308,1,536.6015248,108.645254615,23.2159659591,105.89951651,21.3537366645,78.5332449595,95.3369089984,5150.00335872,0.00465661287308,689.064268954,683.411082719,9,70.2954348526,32.8140304191,49.7360997542,0.00360894870932,0.00365253072232,-4.35820129985e-05,-0.000392901711166,1070.3948776,2509,5.01800023834,536.60158642,536.601583008,4000,-2.42283499574e-06,2.42283499574e-06,1.41275560856,0,0,0,0,1.26961793967e-07,8.33421083257e-08
8.06400038302,2501.44791789,-7.97509801487,1.06325912476,-489.979217529,0.0612333901227,0.00497922021896,101.552192688,39.1358108521,0.97332161665,0.000232830643654,0.000465661287308,1,536.6015248,110.210700512,22.6412459262,109.270288837,21.8993643432,62.8966299701,82.2629881441,5150.00335872,0.00465661287308,704.700825736,696.484989021,9,70.2954348526,36.1004458682,51.8791675859,0.00334067619401,0.00332147465087,1.92015431333e-05,-6.18456397206e-05,1070.3948776,2509,5.01800023834,536.60158642,536.601583008,4032,-2.58677209786e-06,2.58677209786e-06,1.41301774979,0,0,0,0,5.70475044981e-08,3.74479398602e-08
8.12800038606,2501.01997517,-5.60672378924,0.747501790524,-490.085144043,0.0431888327003,0.00349297956564,101.555641174,39.133895874,0.973324000835,0.000232830643654,0.000465661287308,1,536.6015248,99.2294035013,19.2983555269,105.169942456,20.130806679,59.5861019974,78.6333766882,5150.00289306,0.00512227416039,708.01115362,700.11446951,10,70.2262841514,38.2013458875,53.6932748219,0.00353294128674,0.00350883055944,2.41107273036e-05,-0.000714862835594,1070.3948776,2509,5.01800023834,536.60158642,536.601583008,4064,-2.45013234235e-06,2.45013234235e-06,1.42002367973,0,0,0,0,2.56330423554e-08,1.68264069345e-08
8.1920003891,2500.71915798,-3.94284552385,0.525669574738,-490.159484863,0.030494607985,0.00245041097514,101.555229187,39.1343269348,0.973323762417,0.000232830643654,0.000465661287308,1,536.6015248,31.2923455373,4.41527381564,100.593988182,18.0687214998,59.5861019974,78.6333766882,5150.00335872,0.00512227416039,708.01115362,700.11446951,10,70.2262841514,39.7835865442,55.0396543986,0.00314104144084,0.00313593773171,5.10370912199e-06,0.000123691279441,1070.3948776,2509,5.01800023834,536.60158642,536.601583008,4096,-2.36201117332e-06,2.36201117332e-06,1.41508603096,0,0,0,0,1.15176446158e-08,7.56057616513e-09
8.25600039214,2500.50774775,-2.77417007055,0.369858980179,-490.211608887,0.0215589161962,0.00171939353459,101.554191589,39.1345748901,0.973323047161,0.000232830643654,0.000465661287308,1,536.6015248,2.90278087404,-1.25712899822,96.3973350669,16.5096262217,81.8879416329,98.9099862636,5150.00335872,0.00512227416039,708.01115362,700.11446951,10,70.2262841514,28.2018954749,47.6669192722,0.00333673912112,0.00328691385221,4.98252689107e-05,-2.72848410532e-05,1070.3948776,2509,5.01800023834,536.60158642,536.601583008,4128,-2.39093492382e-06,2.39093492382e-06,1.4121311903,0,0,0,0,5.17520026833e-09,3.39717987075e-09
8.32000039518,2500.35873614,-1.95368465938,0.260469913483,-490.247955322,0.0152605297044,0.00120732572395,101.553504944,39.1348304749,0.973322570324,0.000232830643654,0.000465661287308,1,536.6015248,5.13940781742,-0.710186628752,92.3903361929,14.8644331772,103.56085113,109.460503154,5150.0024274,0.00512227416039,708.01115362,700.11446951,10,70.2262841514,27.425126973,46.9401129521,0.0031088254332,0.00315230863634,-4.34832031493e-05,-0.000824002199806,1070.3948776,2509,5.01800023834,536.60158642,536.601583008,4160,-2.56686894318e-06,2.56686894318e-06,1.4031457901,0,0,0,0,2.32536279121e-09,1.52644830109e-09
8.38400039822,2500.25396235,-1.375223178,0.183348044753,-490.273681641,0.0108214942738,0.000847979739774,101.553138733,39.1350860596,0.973322272301,0.000232830643654,0.000465661287308,1,536.6015248,6.25287798073,-0.346769314448,88.5573603943,13.3593108358,114.350375952,116.470822832,5150.00335872,0.00512227416039,708.01115362,700.11446951,10,70.2262841514,28.1793563772,46.9479637104,0.00307892579487,0.00311410985887,-3.51840639956e-05,0.000145519152284,1070.3948776,2509,5.01800023834,536.60158642,536.601583008,4192,-2.53100233749e-06,2.53100233749e-06,1.41523325443,0,0,0,0,1.04485087249e-09,6.85875967132e-10
8.44800040126,2500.17992221,-0.971377062342,0.12950630486,-490.291229248,0.00769214145839,0.00059476896422,101.552467346,39.1353302002,0.973321855068,0.000232830643654,0.000465661287308,1,536.6015248,6.86294530626,-0.0294507731795,84.8904455916,12.1205107119,120.261931443,122.591896798,5150.00335872,0.00512227416039,708.01115362,700.11446951,10,70.2262841514,29.0513871732,47.1343373647,0.00340968343837,0.00346881279256,-5.91293541907e-05,-0.000209183781408,1070.3948776,2509,5.01800023834,536.60158642,536.601583008,4224,-2.47538764597e-06,2.47538764597e-06,1.42170596123,0,0,0,0,4.69480898602e-10,3.08183256692e-10
8.5120004043,2500.12800097,-0.683870837292,0.0911752954125,-490.304107666,0.00547748152167,0.000418790645199,101.552192688,39.1355781555,0.97332161665,0.000232830643654,0.000465661287308,1,536.6015248,7.23015547535,0.262651223751,81.3825086839,11.1465467828,123.820194858,128.226543893,5150.00382438,0.00512227416039,708.01115362,700.11446951,10,70.2262841514,29.8915110761,47.3468753626,0.00343203000741,0.00343970896211,-7.67895469433e-06,0.000285581336357,1070.3948776,2509,5.01800023834,536.60158642,536.601583008,4256,-2.41167458626e-06,2.41167458626e-06,1.41445076466,0,0,0,0,2.10950937274e-10,1.38475397815e-10
8.57600040734,2500.0909809,-0.483116423311,0.0644102394581,-490.312713623,0.00391001300886,0.000296189711662,101.551780701,39.1358070374,0.973321378231,0.000232830643654,0.000465661287308,1,536.6015248,7.46942987918,0.534557815471,78.0269793075,10.3976196385,126.138766063,133.471621666,5150.00335872,0.00512227416039,708.01115362,700.11446951,10,70.2262841514,30.673782021,47.5336455565,0.00369576926007,0.00373074726667,-3.49780066022e-05,-0.000471118255518,1070.3948776,2509,5.01800023834,536.60158642,536.601583008,4288,-2.46866625275e-06,2.46866625275e-06,1.42230987549,0,0,0,0,9.4786165028e-11,6.22208812251e-11
8.64000041038,2500.06490387,-0.342927620522,0.0457199290395,-490.318634033,0.00280886003748,0.000206407887163,101.55115509,39.1360206604,0.973320901394,0.000232830643654,0.000465661287308,1,536.6015248,7.68215959285,0.934256537306,74.8173603471,9.83484089354,128.200117615,141.181808431,5150.00429004,0.00512227416039,708.01115362,700.11446951,10,70.2262841514,27.4307640211,46.5541670565,0.00351852437463,0.00361796992365,-9.94455490178e-05,0.000572981662117,1070.3948776,2509,5.01800023834,536.60158642,536.601583008,4320,-2.42851706389e-06,2.42851706389e-06,1.41312503815,0,0,0,0,4.25900842371e-11,2.7957580695e-11
8.70400041342,2500.04674308,-0.242444201604,0.0323232412338,-490.323120117,0.00202998961322,0.000142114891787,101.550926208,39.1362380981,0.973320782185,0.000232830643654,0.000465661287308,1,536.6015248,11.874121161,2.40039824636,71.7480483152,9.43581033264,129.718187964,148.621722474,5150.00429004,0.00512227416039,708.01115362,700.11446951,10,70.2262841514,23.761198463,44.9120016128,0.00393874112492,0.00398176780436,-4.30266794416e-05,0.000209183781408,1070.3948776,2509,5.01800023834,536.60158642,536.601583008,4352,-2.3435213734e-06,2.3435213734e-06,1.41396331787,0,0,0,0,1.91369212144e-11,1.2562124084e-11
8.76800041646,2500.03347173,-0.171313786268,0.0228399634361,-490.32611084,0.0014657350257,0.000100956756796,101.550239563,39.1364326477,0.973320305347,0.000232830643654,0.000465661287308,1,536.6015248,67.237343539,15.218723737,68.8137327173,11.8989706131,129.718187964,138.926116051,5150.00522137,0.00558793544769,708.01115362,709.810119588,10,70.2262841514,24.3894191954,44.38686301,0.00437675996834,0.00441923475591,-4.2474787576e-05,0.00070303940447,1070.3948776,2509,5.01800023834,536.60158642,536.601583008,4384,-2.51701180787e-06,2.51701180787e-06,1.41470968723,0,0,0,0,8.59875625564e-12,5.64451393611e-12
8.8320004195,2500.02415851,-0.121272933029,0.01616839692,-490.328186035,0.00106010504533,7.36437141313e-05,101.73714447,39.0477371216,0.973448932171,0.000232830643654,0.000465661287308,1,536.6015248,104.455457531,22.4597753401,100.624305613,19.9392608028,90.0584855117,104.35331933,5150.00382438,0.00558793544769,747.670710552,744.383025449,10,70.2262841514,30.07160376,48.2351715618,0.0043037161751,0.00438012648374,-7.64103086359e-05,-0.000654836185277,1070.3948776,2509,5.01800023834,536.60158642,536.601583008,4416,-2.41238240051e-06,2.41238240051e-06,1.41292047501,0,0,0,0,3.86366286187e-12,2.53623858026e-12
8.89600042254,2500.01787208,-0.0869807479376,0.0115964813158,-490.329681396,0.000777867913712,5.28942800884e-05,101.786430359,39.0244293213,0.9734826684,0.000232830643654,0.000465661287308,1,536.6015248,110.47642301,23.1560342812,108.974087763,22.0563791864,67.1053348924,86.020976596,5150.00522137,0.00558793544769,770.623795688,762.715470046,10,70.2262841514,35.0540140062,51.0601093993,0.00430510883886,0.00422005541623,8.50534226382e-05,0.000902218744159,1070.3948776,2509,5.01800023834,536.60158642,536.601583008,4448,-2.41821476266e-06,2.41821476266e-06,1.41032278538,0,0,0,0,1.73605184048e-12,1.13960306036e-12
8.96000042558,2500.01321547,-0.0607955783494,0.00810541212559,-490.330871582,0.000566163100302,4.09794811276e-05,101.798027039,39.0189781189,0.973490655422,0.000232830643654,0.000465661287308,1,536.6015248,107.649291504,21.3601843374,107.379796724,21.0476159527,59.659814724,78.9683108451,5150.00382438,0.00558793544769,778.069370426,769.76820128,10,70.2262841514,37.4532355636,53.0104916834,0.00419933744722,0.00418731360696,1.20238402568e-05,-0.000462023308501,1070.3948776,2509,5.01800023834,536.60158642,536.601583008,4480,-2.6214997888e-06,2.6214997888e-06,1.41131687164,0,0,0,0,7.800566291e-13,5.12055513009e-13
9.02400042862,2500.00972301,-0.0432425295571,0.00576519733295,-490.331512451,0.00043287477456,2.83438730548e-05,101.796531677,39.0197029114,0.973489582539,0.000232830643654,0.000465661287308,1,536.6015248,60.83950508,10.8989367337,102.193582391,18.7858323725,59.534326283,78.6206874182,5150.00522137,0.00558793544769,778.194807936,770.115817431,11,70.1838507666,39.2136462324,54.5470174984,0.00423068659272,0.00426553015132,-3.4843558594e-05,0.00085674400907,1070.3948776,2509,5.01800023834,536.60158642,536.601583008,4512,-2.47513116847e-06,2.47513116847e-06,1.4152327776,0,0,0,0,3.50501339107e-13,2.30080901163e-13
9.08800043166,2500.0073947,-0.0320470086024,0.00427258387208,-490.331878662,0.000323521002429,2.30591758736e-05,101.79599762,39.0200691223,0.973489224911,0.000232830643654,0.000465661287308,1,536.6015248,3.34586610749,-1.19749202991,97.9102546793,17.1081976999,67.0647932566,90.3562904568,5150.00475571,0.00558793544769,778.194807936,770.115817431,11,70.1838507666,31.9434366247,51.0854188178,0.00396555112359,0.00406180333812,-9.6252214532e-05,0.000594809534959,1070.3948776,2509,5.01800023834,536.60158642,536.601583008,4544,-2.42293799602e-06,2.42293799602e-06,1.40803456306,0,0,0,0,1.57490096268e-13,1.0338180778e-13
9.1520004347,2500.00576489,-0.024723425085,0.00329618621618,-490.332061768,0.00023151874484,2.19227786147e-05,101.79549408,39.0204086304,0.973488867283,0.000232830643654,0.000465661287308,1,536.6015248,4.44339425771,-0.884051476574,93.8367830631,15.5005480207,96.8164822552,106.106650492,5150.00429004,0.00558793544769,778.194807936,770.115817431,11,70.1838507666,27.3165369435,47.0469531137,0.00419832492382,0.00424734025728,-4.90153334587e-05,-5.63886715099e-05,1070.3948776,2509,5.01800023834,536.60158642,536.601583008,4576,-2.36410323851e-06,2.36410323851e-06,1.41679120064,0,0,0,0,7.07647238333e-14,4.64523473127e-14
9.21600043774,2500.00413507,-0.0175324252893,0.00233746482991,-490.332183838,0.000163655888173,2.05672276934e-05,101.794776917,39.0207099915,0.973488390446,0.000232830643654,0.000465661287308,1,536.6015248,5.89093756189,-0.481729839675,89.9412459762,13.9131780215,110.843175207,113.867434266,5150.00335872,0.00558793544769,778.194807936,770.115817431,11,70.1838507666,27.8480165434,46.8940052087,0.00401480594603,0.00393629306927,7.85128767555e-05,-0.000676664058119,1070.3948776,2509,5.01800023834,536.60158642,536.601583008,4608,-2.53516736848e-06,2.53516736848e-06,1.41322445869,0,0,0,0,3.17965732953e-14,2.08723402467e-14
9.28000044078,2500.00343658,-0.011466505967,0.00152874202468,-490.332672119,0.000131544409669,1.54333720275e-05,101.794090271,39.0210037231,0.973487913609,0.000232830643654,0.000465661287308,1,536.6015248,6.65464893994,-0.150830277255,86.214465419,12.5659192868,118.243537145,120.250486361,5150.00382438,0.00558793544769,778.194807936,770.115817431,11,70.1838507666,28.7093698716,47.0378690807,0.00371535481547,0.00376712705474,-5.17722392734e-05,-4.18367562816e-05,1070.3948776,2509,5.01800023834,536.60158642,536.601583008,4640,-2.51351548286e-06,2.51351548286e-06,1.41050326824,0,0,0,0,1.42870893745e-14,9.37852582189e-15
9.34400044382,2500.00273809,-0.00740413774736,0.000987137318589,-490.332885742,0.000112617919513,1.15336306408e-05,101.793457031,39.0213012695,0.973487496376,0.000232830643654,0.000465661287308,1,536.6015248,7.09813978531,0.150317825975,82.6492191191,11.4917692154,122.540965094,126.059632748,5150.00382438,0.00558793544769,778.194807936,770.115817431,11,70.1838507666,29.5670470223,47.2496503789,0.00366025933174,0.00364707375411,1.31855776297e-05,7.82165443525e-05,1070.3948776,2509,5.01800023834,536.60158642,536.601583008,4672,-2.46678746407e-06,2.46678746407e-06,1.41311836243,0,0,0,0,6.41959070944e-15,4.21403465237e-15
9.40800044686,2500.00227243,-0.00485602047462,0.000647416280117,-490.332977295,9.82723577181e-05,9.63054390013e-06,101.792778015,39.0215797424,0.973487019539,0.000232830643654,0.000465661287308,1,536.6015248,7.37889601863,0.429768939455,79.2387535921,10.6600285709,125.261489302,131.450244226,5150.00289306,0.00558793544769,778.194807936,770.115817431,11,70.1838507666,30.3766264551,47.4504158774,0.00345163687909,0.00347790773958,-2.6270860487e-05,-0.000683940015733,1070.3948776,2509,5.01800023834,536.60158642,536.601583008,4704,-2.35536958826e-06,2.35536958826e-06,1.40822374821,0,0,0,0,2.88450188045e-15,1.89348434359e-15
9.4720004499,2500.0020396,-0.00318297366242,0.000424361671321,-490.333099365,8.90029768925e-05,8.3336399257e-06,101.792274475,39.0218582153,0.973486721516,0.000232830643654,0.000465661287308,1,536.6015248,7.58704085274,0.747971598667,75.9765131242,10.0270331851,127.278413856,137.588373036,5150.00335872,0.00558793544769,778.194807936,770.115817431,11,70.1838507666,29.5018508041,47.1714884043,0.00331604400883,0.0033360265661,-1.99825572755e-05,-7.63975549489e-05,1070.3948776,2509,5.01800023834,536.60158642,536.601583008,4736,-2.42888881985e-06,2.42888881985e-06,1.42080557346,0,0,0,0,1.29608746424e-15,8.50795785243e-16
9.53600045294,2500.0020396,-0.00207643013894,0.00027683461667,-490.333251953,8.31793367979e-05,7.41537178328e-06,101.791740417,39.0221176147,0.973486304283,0.000232830643654,0.000465661287308,1,536.6015248,7.80879474475,1.21556865581,72.8565572863,9.56722676084,129.427207867,146.608319483,5150.00382438,0.00558793544769,778.194807936,770.115817431,11,70.1838507666,24.3942340603,45.3307002317,0.00334153828219,0.00343425199389,-9.27137117079e-05,0.000291038304567,1070.3948776,2509,5.01800023834,536.60158642,536.601583008,4768,-2.5372582968e-06,2.5372582968e-06,1.41382336617,0,0,0,0,5.8236845022e-16,3.82286430235e-16
9.60000045598,2500.00180677,-0.00135633593246,0.00018082994211,-490.333221436,7.92868086137e-05,6.84169890519e-06,101.790779114,39.022354126,0.973485648632,0.000232830643654,0.000465661287308,1,536.6015248,38.5967952893,9.55106637654,69.8733338648,9.28266024767,129.640568048,148.530409206,5150.00335872,0.00558793544769,778.194807936,770.205282606,11,70.1838507666,24.1054731305,44.3599492428,0.00346968433151,0.00348063622368,-1.09518921709e-05,-0.000221007212531,1070.3948776,2509,5.01800023834,536.60158642,536.601583008,4800,-2.42355508817e-06,2.42355508817e-06,1.41036689281,0,0,0,0,2.616744972e-16,1.71772034835e-16
9.66400045902,2500.00180677,-0.000886544948564,0.000118196294352,-490.333282471,7.67839665059e-05,6.45856562187e-06,101.895240784,38.9899978638,0.973557054996,0.000232830643654,0.000465661287308,1,536.6015248,96.146225585,20.7292115175,91.2571572278,17.4958308408,105.600294773,116.293442261,5150.00382438,0.00558793544769,802.235095762,802.442198619,11,70.1838507666,26.909281587,46.2187927042,0.00367807696799,0.00375803210773,-7.99551397312e-05,-3.27418092638e-05,1070.3948776,2509,5.01800023834,536.60158642,536.601583008,4832,-2.51165852205e-06,2.51165852205e-06,1.41072201729,0,0,0,0,1.17577715434e-16,7.71819994958e-17
9.72800046206,2500.00180677,-0.000579657655209,7.72813436924e-05,-490.333312988,7.51041443436e-05,6.21881872576e-06,101.964195251,38.9685897827,0.973604023457,0.000232830643654,0.000465661287308,1,536.6015248,109.566673032,23.3175960065,107.326186366,21.7596488939,73.6126166885,91.4617339731,5150.00429004,0.00558793544769,834.222650155,827.274052426,11,70.1838507666,33.7509409292,50.2113143739,0.00353346731041,0.00356703822035,-3.35709099408e-05,0.000623913365416,1070.3948776,2509,5.01800023834,536.60158642,536.601583008,4864,-2.49904110206e-06,2.49904110206e-06,1.41134560108,0,0,0,0,5.28309768587e-17,3.46800302548e-17
9.7920004651,2500.00180677,-0.000378682724067,5.04868876305e-05,-490.333343506,7.40163595765e-05,6.05877175985e-06,101.980140686,38.9635925293,0.973614871502,0.000232830643654,0.000465661287308,1,536.6015248,109.365233155,22.2310926261,108.682750369,21.6540103387,61.2560106674,80.7656833786,5150.00429004,0.00558793544769,846.579438075,837.970233988,11,70.1838507666,36.6115345969,52.2669542988,0.00380749522189,0.00374893716071,5.85580611778e-05,0.000442014425062,1070.3948776,2509,5.01800023834,536.60158642,536.601583008,4896,-2.58103636952e-06,2.58103636952e-06,1.42354536057,0,0,0,0,2.37384341821e-17,1.55827129294e-17
9.85600046813,2500.00180677,-0.000247042886148,3.29363465426e-05,-490.333374023,7.33161868993e-05,5.95123037783e-06,101.980674744,38.9634170532,0.97361522913,0.000232830643654,0.000465661287308,1,536.6015248,88.1872738599,16.9058458829,103.898573435,19.6111436562,59.4976336288,78.6120872363,5150.00335872,0.00558793544769,848.337833304,840.123801026,12,70.142930781,38.5808161809,53.9898210263,0.00356306985305,0.00359796104021,-3.48911871617e-05,-0.00033833202906,1070.3948776,2509,5.01800023834,536.60158642,536.601583008,4928,-2.46086187872e-06,2.46086187872e-06,1.41293692589,0,0,0,0,1.0666343452e-17,7.00174970429e-18
9.92000047117,2500.00180677,-0.000161269206322,2.15007967199e-05,-490.333374023,7.28561644792e-05,5.88203693042e-06,101.979911804,38.9637069702,0.973614752293,0.000232830643654,0.000465661287308,1,536.6015248,17.5737925633,1.73637744064,99.4765063066,17.6974776439,59.4976336288,80.5425661383,5150.00382438,0.00558793544769,848.337833304,840.123801026,12,70.142930781,38.414807932,55.2398851141,0.00354966191163,0.00350337359123,4.62883203989e-05,0.000221916707233,1070.3948776,2509,5.01800023834,536.60158642,536.601583008,4960,-2.58167165157e-06,2.58167165157e-06,1.4092451334,0,0,0,0,4.79268653708e-18,3.14608261176e-18
9.98400047421,2500.00180677,-0.000105302065678,1.40391230161e-05,-490.333404541,7.25550489733e-05,5.83709288549e-06,101.979179382,38.9639358521,0.973614215851,0.000232830643654,0.000465661287308,1,536.6015248,3.52279095613,-1.10187234077,95.3321377569,16.1451559931,87.8958380781,101.904886833,5150.00289306,0.00558793544769,848.337833304,840.123801026,12,70.142930781,27.6055543509,47.3090658488,0.00384956778954,0.00387444742955,-2.48796400149e-05,-0.00108047970571,1070.3948776,2509,5.01800023834,536.60158642,536.601583008,4992,-2.58409659182e-06,2.58409659182e-06,1.40595436096,0,0,0,0,2.15348779698e-18,1.41362343931e-18
10.0480004773,2500.00157394,-6.87395487753e-05,9.16452063393e-06,-490.333282471,7.23590055713e-05,5.80757796342e-06,101.978691101,38.964176178,0.973613917828,0.000232830643654,0.000465661287308,1,536.6015248,5.43105102238,-0.625994116739,91.3716881145,14.5072392417,106.386876723,111.084576929,5150.00335872,0.00558793544769,848.337833304,840.123801026,12,70.142930781,27.5528600469,46.8858779641,0.00344867957802,0.00350519258063,-5.65130026109e-05,-0.000245563569479,1070.3948776,2509,5.01800023834,536.60158642,536.601583008,5024,-2.56570501733e-06,2.56570501733e-06,1.41253185272,0,0,0,0,9.67622749072e-19,6.35180670345e-19
10.1120004803,2500.00157394,-4.48731399261e-05,5.98259430262e-06,-490.333282471,7.22310505807e-05,5.78831168241e-06,101.977958679,38.964389801,0.973613381386,0.000232830643654,0.000465661287308,1,536.6015248,6.40127975108,-0.276455791401,87.5830860759,13.0554672274,115.788388939,117.82717047,5150.00289306,0.00558793544769,848.337833304,840.123801026,12,70.142930781,28.3651461359,46.9544174848,0.00327277761836,0.00316867954098,0.00010409807738,-0.00037471181713,1070.3948776,2509,5.01800023834,536.60158642,536.601583008,5056,-2.50016842074e-06,2.50016842074e-06,1.41675424576,0,0,0,0,4.34780088631e-19,2.85404530743e-19
10.1760004833,2500.00180677,0.0345478952113,-0.004606008064,-490.338012695,7.5402764196e-05,5.9100980252e-06,101.977424622,38.9646072388,0.973613023758,0.000232830643654,0.000465661287308,2,533.793587238,6.9440264865,0.0347670081336,83.9586332552,11.8760384327,121.047603898,123.830657685,5150.00289306,0.00558793544769,848.337833304,840.123801026,12,70.142930781,29.2350578093,47.1542152809,0.00320868666359,0.00319414539263,1.45412709651e-05,-0.00040017766878,1070.3949467,5088,10.1760004833,1070.3949467,533.793354407,5088,-2.43152067014e-06,2.43152067014e-06,1.41024255753,0,0,0.00030008572503,0.000187553581782,9.89322506939e-05,6.18326448603e-05
10.2400004864,2509.68988985,297.962105833,-39.7250213623,-534.808776855,0.560505270958,-0.0138222230598,101.976966858,38.9648208618,0.973612725735,0.000232830643654,0.000465661287308,2,533.793587238,7.27686859979,0.322330681739,80.4913637486,10.9544652791,124.272846733,129.377760459,5150.00335872,0.00558793544769,848.337833304,840.123801026,12,70.142930781,30.0648534903,47.3639083793,0.00304180149124,0.00310319592245,-6.13944312056e-05,0.000156433088705,1080.08310468,5088,10.1760004833,1070.3949467,533.793354407,5120,-2.43372392106e-06,2.43372392106e-06,1.41801810265,0,0,0.0152114275843,0.00950714293867,0.0142227178439,0.00889946613461
10.3040004894,2535.75481474,493.208412081,-65.7557220459,-573.619995117,1.87829434872,0.00840139109641,101.976234436,38.9650115967,0.973612248898,0.000232830643654,0.000465661287308,2,533.793587238,7.49917643131,0.597034524963,77.1746705682,10.248068787,126.4270104,134.676796733,5150.00289306,0.00558793544769,848.337833304,840.123801026,12,70.142930781,30.6307447318,47.4849257444,0.00306865290123,0.00300133251585,6.73203853774e-05,-0.000207364792004,1106.14808057,5088,10.1760004833,1070.3949467,533.793354407,5152,-2.49053277912e-06,2.49053277912e-06,1.40948498249,0,0,0.029969824478,0.0187311396003,0.0289450995624,0.0181124843657
10.3680004925,2571.30991668,603.422929998,-80.4497909546,-605.74786377,3.47111845016,0.102763682604,101.975700378,38.9652023315,0.97361189127,0.000232830643654,0.000465661287308,2,533.793587238,7.71743775754,1.0382178231,74.0023642413,9.72279128962,128.541956656,143.18722242,5150.00429004,0.00558793544769,848.337833304,840.123801026,12,70.142930781,26.2447683781,46.1105919385,0.00351871067006,0.00352429196937,-5.58129931161e-06,0.0006666596164,1141.70308223,5088,10.1760004833,1070.3949467,533.793354407,5184,-2.38524739871e-06,2.38524739871e-06,1.41188073158,0,0,0.0444409511983,0.0277755949646,0.0433921515942,0.0271526183933
10.4320004955,2612.05644347,661.290425342,-88.1648178101,-633.442260742,5.19702720642,0.242023572326,101.975334167,38.9653930664,0.973611593246,0.000232830643654,0.000465661287308,2,533.793587238,18.5597627881,4.19731051802,70.9688193058,9.35596704699,129.590262077,148.622770212,5150.00382438,0.00558793544769,848.337833304,840.123801026,12,70.142930781,23.9763940044,44.6535923402,0.00354110786527,0.00352520146407,1.59064011962e-05,0.00020008883439,1182.44961357,5088,10.1760004833,1070.3949467,533.793354407,5216,-2.48865626418e-06,2.48865626418e-06,1.41134738922,0,0,0.0584934391081,0.0365584008396,0.0574339292943,0.0359382741153
10.4960004985,2655.32988124,685.717677698,-91.4215164185,-657.917358398,6.97506189346,0.407096296549,101.990776062,38.9699668884,0.973622143269,0.000232830643654,0.000465661287308,2,533.793587238,80.7946259494,17.6182029474,76.2434002685,14.0018550401,123.49615281,130.81812358,5150.00429004,0.00558793544769,854.431942571,857.928360347,12,70.142930781,24.9051990977,44.7284764959,0.00374251045432,0.00372165231965,2.08581346639e-05,0.000469299266115,1225.72317218,5088,10.1760004833,1070.3949467,533.793354407,5248,-2.35710240304e-06,2.35710240304e-06,1.40695226192,0,0,0.0720000863075,0.0450000576675,0.0709444135427,0.0443903394043
10.5600005016,2699.36420955,687.038060278,-91.5975570679,-679.684814453,8.74721336365,0.586687982082,102.049125671,38.9863319397,0.973661780357,0.000232830643654,0.000465661287308,2,533.793587238,106.888000979,22.9560392251,103.678257497,20.8105811126,83.1527577247,99.0686239675,5150.00289306,0.00558793544769,894.775206689,889.677845407,12,70.142930781,31.7744343192,49.1449536639,0.00383328939424,0.00383624865208,-2.95925783877e-06,-0.00104228092823,1269.75742558,5088,10.1760004833,1070.3949467,533.793354407,5280,-2.51835649578e-06,2.51835649578e-06,1.41587793827,0,0,0.0848398730159,0.0530249215662,0.0838033482432,0.0524333752692
10.6240005046,2742.89026856,671.117857564,-89.4750366211,-698.90447998,10.4677381516,0.773957967758,102.062217712,38.9900093079,0.973670661449,0.000232830643654,0.000465661287308,2,533.793587238,110.224383276,22.8951699702,109.048420037,22.0012709025,64.4622123218,83.7656407384,5150.00382438,0.00558793544769,913.4656284,904.980755877,12,70.142930781,35.6496893801,51.4759885846,0.00384948976861,0.0038980942918,-4.8604523184e-05,-0.000172803993337,1313.28351267,5088,10.1760004833,1070.3949467,533.793354407,5312,-2.40392796513e-06,2.40392796513e-06,1.40403866768,0,0,0.0968970283866,0.0605606436729,0.0958955660462,0.059995174408
10.6880005077,2784.93459336,641.662452836,-85.5479736328,-715.593200684,12.0990304947,0.964441657066,102.064842224,38.9908256531,0.973672389984,0.000232830643654,0.000465661287308,2,533.793587238,104.732504201,20.5451259706,105.875256706,20.5608706713,59.470996348,78.6062009865,5150.00429004,0.00558793544769,918.456877116,910.140166525,13,70.1192329871,37.8751756216,53.357660363,0.00408487658976,0.00406726030633,1.7616283432e-05,0.000123691279441,1355.32771935,5088,10.1760004833,1070.3949467,533.793354407,5344,-2.53229109148e-06,2.53229109148e-06,1.42277991772,0,0,0.108063347638,0.0675396025181,0.10711299628,0.067008048296
10.7520005107,2824.72092658,601.295207161,-80.1661148071,-729.719848633,13.6100273132,1.15492045879,102.064613342,38.9909362793,0.973672270775,0.000232830643654,0.000465661287308,2,533.793587238,44.2848220588,7.27953437649,101.100433567,18.3658088773,59.470996348,78.6062009865,5150.00475571,0.00558793544769,918.456877116,910.140166525,13,70.1192329871,39.5354327338,54.7892632312,0.00446189411807,0.00439831637777,6.35777402946e-05,0.000258296495304,1395.11403972,5088,10.1760004833,1070.3949467,533.793354407,5376,-2.50871698881e-06,2.50871698881e-06,1.41571629047,0,0,0.118238940835,0.0738993436098,0.117355443537,0.0734093040228
10.8160005137,2861.62970588,552.324810997,-73.637260437,-741.288513184,14.9762907028,1.34270966053,102.064125061,38.990978241,0.973671913147,0.000232830643654,0.000465661287308,2,533.793587238,2.26515322626,-1.42605113757,96.8767665154,16.7710252445,75.7093293942,95.6514777499,5150.00475571,0.00558793544769,918.456877116,910.140166525,13,70.1192329871,29.2726363114,48.3435396745,0.00465300879771,0.0046657078201,-1.26990223892e-05,-9.09494701773e-06,1432.02265861,5088,10.1760004833,1070.3949467,533.793354407,5408,-2.42979103859e-06,2.42979103859e-06,1.40830254555,0,0,0.12733310461,0.0795831903815,0.12653157115,0.0791418626904
10.8800005168,2895.17780766,496.902852319,-66.2482757568,-750.349304199,16.1805496216,1.5251660347,102.063804626,38.9910125732,0.973671734333,0.000232830643654,0.000465661287308,2,533.793587238,4.8346101512,-0.786111994031,92.8489285283,15.1348289103,100.607365312,107.995903818,5150.00429004,0.00558793544769,918.456877116,910.140166525,13,70.1192329871,27.3475725407,46.9474471174,0.00479329835545,0.00477484718431,1.84511711465e-05,-0.000583895598538,1465.57090386,5088,10.1760004833,1070.3949467,533.793354407,5440,-2.42183750743e-06,2.42183750743e-06,1.4107644558,0,0,0.13526520133,0.0845407545567,0.134559646249,0.0841547474265
10.9440005198,2925.02529919,437.184236944,-58.2864494324,-757.022705078,17.2135791779,1.69950151443,102.063438416,38.9910469055,0.97367143631,0.000232830643654,0.000465661287308,2,533.793587238,6.08599111131,-0.40759390505,88.9963881352,13.5898687037,112.733243441,115.297516459,5150.00522137,0.00558793544769,918.456877116,910.140166525,13,70.1192329871,28.0254771496,46.8917678518,0.00481265353958,0.00484396878164,-3.13152420661e-05,0.000278305378743,1495.41838107,5088,10.1760004833,1070.3949467,533.793354407,5472,-2.50312064054e-06,2.50312064054e-06,1.40792262554,0,0,0.141965270042,0.0887283012271,0.141368314624,0.088403493166
11.0080005229,2950.97054914,375.357107259,-50.0435066223,-761.501525879,18.0746841431,1.86257374287,102.062995911,38.9910888672,0.973671138287,0.000232830643654,0.000465661287308,2,533.793587238,6.75996108279,-0.0844444243071,85.3106998187,12.3020801832,119.264012028,121.531069453,5150.00475571,0.00558793544769,918.456877116,910.140166525,13,70.1192329871,28.8959727186,47.0621635031,0.00477678534228,0.00472755345982,4.92318824596e-05,-7.09405867383e-05,1521.3634577,5088,10.1760004833,1070.3949467,533.793354407,5504,-2.43558702095e-06,2.43558702095e-06,1.40772676468,0,0,0.147374644876,0.0921091586351,0.14689707756,0.0918505787849
11.0720005259,2972.94254415,313.309603371,-41.7711868286,-764.002807617,18.7710285187,2.01096582413,102.062675476,38.9911155701,0.973670959473,0.000232830643654,0.000465661287308,2,533.793587238,7.15920406348,0.211754225035,81.7847951274,11.2837370004,123.132675071,127.244740725,5150.00429004,0.00558793544769,918.456877116,910.140166525,13,70.1192329871,29.7447113553,47.2754109069,0.00470085674553,0.00474938133266,-4.85245871262e-05,-0.000558429746889,1543.33562313,5088,10.1760004833,1070.3949467,533.793354407,5536,-2.33402852245e-06,2.33402852245e-06,1.40671253204,0,0,0.151446461678,0.0946540385485,0.151097044349,0.0944657102227
11.1360005289,2990.98109826,252.580939559,-33.6746940613,-764.751220703,19.316116333,2.14111232758,102.062034607,38.9911422729,0.973670482635,0.000232830643654,0.000465661287308,2,533.793587238,7.41604018124,0.487012522804,78.4120011501,10.4983652138,125.621416373,132.554472657,5150.00475571,0.00558793544769,918.456877116,910.140166525,13,70.1192329871,30.5432840833,47.4698572361,0.00483352928515,0.0048730726121,-3.95433269462e-05,-0.000216459739022,1561.37438813,5088,10.1760004833,1070.3949467,533.793354407,5568,-2.37128801928e-06,2.37128801928e-06,1.40200543404,0,0,0.154146015644,0.0963412672281,0.153931215405,0.0962261408567
11.200000532,3005.20146266,194.060034119,-25.8725471497,-763.92175293,19.7272586823,2.24951601028,102.061546326,38.9911613464,0.973670184612,0.000232830643654,0.000465661287308,2,533.793587238,7.62467623609,0.84727389832,75.1858647203,9.90418954322,127.643099404,139.503914397,5150.00475571,0.00558793544769,918.456877116,910.140166525,13,70.1192329871,28.4276447928,46.8370599265,0.00494375577975,0.00500040187035,-5.6646090596e-05,-0.00034378899727,1575.5947033,5088,10.1760004833,1070.3949467,533.793354407,5600,-2.51509163718e-06,2.51509163718e-06,1.41313409805,0,0,0.15545104444,0.0971569120884,0.155374825001,0.0971167683601
11.264000535,3015.77826031,139.365991345,-18.5806064606,-761.815917969,20.0238208771,2.33303427696,102.061271667,38.9911956787,0.973670005798,0.000232830643654,0.000465661287308,2,533.793587238,8.70630403313,1.53129026112,72.1005992303,9.47809651894,129.547493998,148.141742102,5150.00522137,0.00558793544769,918.456877116,910.140166525,13,70.1192329871,23.7295753323,45.058572141,0.00438483797882,0.00439831637777,-1.34783989525e-05,0.000723957782611,1586.17149103,5088,10.1760004833,1070.3949467,533.793354407,5632,-2.40125814344e-06,2.40125814344e-06,1.40958023071,0,0,0.155351966619,0.0970949828625,0.155528604984,0.0972089096904
11.3280005381,3023.12918939,92.7411019802,-12.3644657135,-759.204223633,20.2278766632,2.39172267914,102.060905457,38.9912223816,0.97366976738,0.000232830643654,0.000465661287308,2,533.793587238,53.2171141877,12.8192326239,69.1507696635,10.3253346515,129.547493998,144.669989822,5150.00522137,0.00558793544769,918.456877116,914.088101126,13,70.1192329871,24.2073874688,44.2870114057,0.00473656884548,0.00472937244922,7.19639625668e-06,0.000392901711166,1593.52245311,5088,10.1760004833,1070.3949467,533.793354407,5664,-2.42978239839e-06,2.42978239839e-06,1.41928720474,0,0,0.153851747513,0.0961573496461,0.154850766063,0.0968183875084
11.3920005411,3027.6151374,48.967442126,-6.52845621109,-755.567810059,20.3563098907,2.42631411552,102.069602966,39.0437736511,0.973675608635,0.000232830643654,0.000465661287308,2,533.793587238,101.182427603,21.8068207352,96.8368389211,18.9577880174,96.5130166151,109.379994683,5150.00429004,0.006053596735,951.491296291,949.37812537,13,70.1192329871,28.5520036414,47.2903593618,0.00496298462049,0.00500949681737,-4.65121968718e-05,-0.000818545231596,1598.00833652,5088,10.1760004833,1070.3949467,533.793354407,5696,-2.49862000601e-06,2.49862000601e-06,1.41595780849,0,0,0.150967672467,0.09435480088,0.153023123741,0.0957417190075
11.4560005441,3029.31666374,5.51196853849,-0.734868824482,-750.608520508,20.4185657501,2.43519759178,102.0729599,39.0638809204,0.973677933216,0.000232830643654,0.000465661287308,2,533.793587238,110.062878318,23.2694371457,108.253713682,21.9763536958,69.6572533343,88.2403619471,5150.00522137,0.006053596735,978.347030468,970.517809037,13,70.1192329871,34.5084590663,50.6540527567,0.00476482846234,0.00482941686641,-6.45884040695e-05,0.000292857293971,1599.70964213,5088,10.1760004833,1070.3949467,533.793354407,5728,-2.43225963459e-06,2.43225963459e-06,1.41365146637,0,0,0.146728947759,0.0917055904865,0.14990529418,0.0938745960593
11.5200005472,3028.21630612,-38.6537103623,5.15340518951,-744.180725098,20.4201202393,2.41637396812,102.073814392,39.0686607361,0.973678469658,0.000232830643654,0.000465661287308,2,533.793587238,108.363205093,21.7654922691,107.913424516,21.3375488121,60.1344981987,79.6322929091,5150.00475571,0.006053596735,987.869920209,979.126081802,13,70.1192329871,37.0860761905,52.6535659446,0.00446217988948,0.00446743797511,-5.25808563356e-06,0.000189174897969,1599.72635351,5088,10.1760004833,1070.3949467,533.793354407,5760,-2.36156211031e-06,2.36156211031e-06,1.41238832474,0,0,0.14117269218,0.0882329419255,0.145483389497,0.0911963060498
11.5840005502,3024.25771952,-83.8357154862,11.1771783829,-736.215942383,20.3630943298,2.36823654175,102.073539734,39.0686683655,0.973678290844,0.000232830643654,0.000465661287308,2,533.793587238,73.9932741396,13.8038559974,102.792056815,19.1339865644,59.4494267716,78.5994707257,5150.00475571,0.006053596735,988.554791547,980.158685707,14,70.0980672264,38.9371198253,54.2767556908,0.00479596089231,0.00484760676045,-5.16458681377e-05,-0.000190993887372,1599.72635351,5088,10.1760004833,1070.3949467,533.793354407,5792,-2.36454275182e-06,2.36454275182e-06,1.41205513477,0,0,0.134349644184,0.0839685350657,0.139790609479,0.0877205878496
11.6480005533,3017.37361588,-129.985273816,17.3299465179,-726.68762207,20.2469463348,2.28983187675,102.073539734,39.0685272217,0.973678290844,0.000232830643654,0.000465661287308,2,533.793587238,7.77509050077,-0.149550064658,98.4639012048,17.357638954,60.9792805335,85.4497120599,5150.00475571,0.006053596735,988.554791547,980.158685707,14,70.0980672264,34.9735855707,54.2567104276,0.00441138674201,0.00441832526121,-6.93851920364e-06,0.000238287611865,1599.72635351,5088,10.1760004833,1070.3949467,533.793354407,5824,-2.57460624198e-06,2.57460624198e-06,1.41134238243,0,0,0.126322448254,0.0789515376091,0.132883146405,0.0834781900048
11.7120005563,3007.50788301,-176.993780769,23.597234726,-715.582885742,20.0693531036,2.18095088005,102.073310852,39.068397522,0.973678171635,0.000232830643654,0.000465661287308,2,533.793587238,4.04944712194,-0.975796507563,94.3655252003,15.781207658,92.999136541,104.336890217,5150.00382438,0.006053596735,988.554791547,980.158685707,14,70.0980672264,27.3694040516,47.1179519081,0.00395328562941,0.00394720700569,6.07862371549e-06,-0.000221916707233,1599.72635351,5088,10.1760004833,1070.3949467,533.793354407,5856,-2.48394349001e-06,2.48394349001e-06,1.40578842163,0,0,0.117164455354,0.0732277855277,0.124831005931,0.0785100907087
11.7760005593,2994.60720271,-224.823641474,29.9740257263,-702.880432129,19.8257923126,2.04212141037,102.073097229,39.0682640076,0.973677992821,0.000232830643654,0.000465661287308,2,533.793587238,5.68676598487,-0.546207884578,90.4471859485,14.1661635729,108.86475502,112.623652967,5150.00335872,0.006053596735,988.554791547,980.158685707,14,70.0980672264,27.7064355032,46.8627986265,0.00349717403647,0.00352520146407,-2.8027427601e-05,-0.000265572452918,1599.72635351,5088,10.1760004833,1070.3949467,533.793354407,5888,-2.53869598055e-06,2.53869598055e-06,1.4197987318,0,0,0.106959283352,0.0668495520949,0.115715011954,0.0728645473719
11.8400005624,2978.61476429,-273.623329122,36.4801177979,-688.532714844,19.5088253021,1.87472856045,102.073005676,39.0681343079,0.973677933216,0.000232830643654,0.000465661287308,2,533.793587238,6.53618966066,-0.207622740386,86.6986872998,12.7709638908,117.09566752,119.154959975,5150.00335872,0.006053596735,988.554791547,980.158685707,14,70.0980672264,28.5523565253,46.9774131489,0.00326771136538,0.0032832758734,-1.55645080158e-05,-2.36468622461e-05,1599.72635351,5088,10.1760004833,1070.3949467,533.793354407,5920,-2.41522548095e-06,2.41522548095e-06,1.4121209383,0,0,0.0957995951176,0.0598747506738,0.105625003576,0.0665957927704
11.9040005654,2959.44325626,-324.264721712,43.2317466736,-672.380737305,19.1051559448,1.68146657944,102.0729599,39.0680274963,0.973677933216,0.000232830643654,0.000465661287308,2,533.793587238,7.02124382414,0.0980025947374,83.1126165364,11.6498589759,121.795841551,125.050471979,5150.00382438,0.006053596735,988.554791547,980.158685707,14,70.0980672264,29.4166911772,47.185447329,0.00311279173271,0.00314503267873,-3.22409460241e-05,0.000580257619731,1599.72635351,5088,10.1760004833,1070.3949467,533.793354407,5952,-2.50884772868e-06,2.50884772868e-06,1.40255594254,0,0,0.0837865248322,0.0523665770888,0.0946585834026,0.0597630552948
11.9680005684,2936.94622815,-377.674703486,50.3524932861,-654.228942871,18.5927791595,1.46678459644,102.073005676,39.0679206848,0.973677933216,0.000232830643654,0.000465661287308,2,533.793587238,7.32404318789,0.381144866743,79.6821615754,10.7784297094,124.729966046,130.512285978,5150.00335872,0.006053596735,988.554791547,980.158685707,14,70.0980672264,30.235703889,47.390738473,0.00324539321805,0.00330328475684,-5.7891538785e-05,-4.36557456851e-05,1599.72635351,5088,10.1760004833,1070.3949467,533.793354407,5984,-2.47432512879e-06,2.47432512879e-06,1.41050195694,0,0,0.0710286870599,0.0443929322064,0.0829199999571,0.0524299778044
12.0320005715,2910.89201346,-435.699592344,58.0885124207,-633.717712402,17.9382514954,1.2372764349,102.072776794,39.0678024292,0.973677814007,0.000232830643654,0.000465661287308,2,533.793587238,7.53588385152,0.673234055969,76.4007007797,10.1128123218,126.782702864,136.146685691,5150.00382438,0.006053596735,988.554791547,980.158685707,14,70.0980672264,30.1816489809,47.3384352517,0.00298902229356,0.00306863512378,-7.96128302172e-05,0.00065665517468,1599.72635351,5088,10.1760004833,1070.3949467,533.793354407,6016,-2.32698334912e-06,2.32698334912e-06,1.40855646133,0,0,0.057641196996,0.0360257476568,0.0705191865563,0.044663798064
12.0960005745,2880.8878269,-501.614937093,66.8765029907,-610.217712402,17.08893013,1.0028693676,102.072502136,39.0676803589,0.973677635193,0.000232830643654,0.000465661287308,2,533.793587238,7.75744226239,1.13775102626,73.2623083696,9.62395840793,128.929605125,145.107216667,5150.0024274,0.006053596735,988.554791547,980.158685707,14,70.0980672264,25.1680994552,45.6621746707,0.00259124625923,0.00263116817223,-3.99219129976e-05,-0.00030286173569,1599.72635351,5088,10.1760004833,1070.3949467,533.793354407,6048,-2.4852615752e-06,2.4852615752e-06,1.4158667326,0,0,0.043744508177,0.0273403208703,0.0575703904033,0.0365347713232
12.1600005776,2846.23214975,-582.096166909,77.6064529419,-582.494934082,15.9568042755,0.779392242432,102.072502136,39.0675811768,0.973677635193,0.000232830643654,0.000465661287308,2,533.793587238,28.2823041182,6.80894673266,70.2613515587,9.28837818534,129.516134621,148.621678818,5150.00335872,0.006053596735,988.554791547,980.158685707,14,70.0980672264,24.0525350819,44.4475772383,0.00292953121483,0.00293221091852,-2.67970368117e-06,0.000327418092638,1599.72635351,5088,10.1760004833,1070.3949467,533.793354407,6080,-2.48352921517e-06,2.48352921517e-06,1.40659856796,0,0,0.0294636674225,0.0184147935361,0.044191069901,0.0281154084951
12.2240005806,2805.66932634,-685.537874233,91.3975448608,-548.814575195,14.3909549713,0.593129754066,102.102180481,39.072769165,0.973697721958,0.000232830643654,0.000465661287308,2,533.793587238,90.1611443997,19.5051590033,85.0562575437,16.0128276248,113.639121992,122.645113152,5150.0024274,0.006053596735,1004.43186238,1006.13525137,14,70.0980672264,25.8227137238,45.409095037,0.00285239136477,0.00279214873444,6.02426303287e-05,-0.000463842297904,1599.72635351,5088,10.1760004833,1070.3949467,533.793354407,6112,-2.49237859862e-06,2.49237859862e-06,1.40662431717,0,0,0.0149266943336,0.00932918488979,0.0305006057024,0.0194797795266
12.2880005836,2757.943701,-805.116957054,107.340118408,-509.470581055,12.2460765839,0.468598455191,102.137275696,39.0789833069,0.973721444607,0.000232830643654,0.000465661287308,2,533.793587238,108.498157578,23.2230563849,105.849868879,21.4153677006,77.4524814915,94.6027357713,5150.00289306,0.006053596735,1040.61851744,1034.17760693,14,70.0980672264,32.9913018504,49.7695145896,0.00295220840829,0.00298496161122,-3.27532029276e-05,-0.000190993887372,1599.72635351,5088,10.1760004833,1070.3949467,533.793354407,6144,-2.44183411269e-06,2.44183411269e-06,1.41217327118,0,0,0.000263716006884,0.000164822500665,0.016619052738,0.0107028381899
12.3520005867,2704.75493744,-821.312773041,109.499382019,-481.231109619,9.58701038361,0.413853108883,102.145118713,39.0803909302,0.97372674942,0.000232830643654,0.000465661287308,2,533.793587238,109.74117222,22.5532565251,108.848620919,21.8404544778,62.4429158051,81.9541528472,5150.00335872,0.006053596735,1055.62806129,1046.8265973,14,70.0980672264,36.1927268386,51.8927336088,0.00317855890219,0.00321961124428,-4.10523420813e-05,4.0017766878e-05,1599.72635351,5088,10.1760004833,1070.3949467,533.793354407,6176,-2.36200548898e-06,2.36200548898e-06,1.41734337807,0,0,0,0,0.00726534845307,0.00472448486835
12.4160005897,2655.55176884,-709.104409907,94.5394973755,-472.065124512,7.09260749817,0.374027073383,102.14629364,39.0805130005,0.973727583885,0.000232830643654,0.000465661287308,2,533.793587238,97.3546158027,18.9376813863,104.620178085,20.0167317623,59.4365155848,78.5982629168,5150.00335872,0.006053596735,1058.63437057,1050.18250179,15,70.0796226738,38.2711514249,53.6926563655,0.00294775152898,0.00295221980195,-4.46827297385e-06,0.000307409209199,1599.72635351,5088,10.1760004833,1070.3949467,533.793354407,6208,-2.44084139922e-06,2.44084139922e-06,1.41286540031,0,0,0,0,0.00322532397695,0.00210619904101
12.4800005928,2614.89232071,-565.055001061,75.3344802856,-471.333465576,5.1103348732,0.316405653954,102.146202087,39.0804138184,0.973727524281,0.000232830643654,0.000465661287308,2,533.793587238,28.7133569613,3.86594206697,100.091212532,17.9799428493,59.4365155848,78.5982629168,5150.00335872,0.006053596735,1058.63437057,1050.18250179,15,70.0796226738,39.8388765461,55.0226905034,0.00326203168644,0.00339423422702,-0.000132202540581,-0.000134605215862,1599.72635351,5088,10.1760004833,1070.3949467,533.793354407,6240,-2.54938458966e-06,2.54938458966e-06,1.41624283791,0,0,0,0,0.00144145323429,0.000943052931689
12.5440005958,2583.31210352,-429.254316259,57.2292098999,-473.953918457,3.63695240021,0.250928431749,102.145927429,39.0803337097,0.973727345467,0.000232830643654,0.000465661287308,2,533.793587238,2.99829263653,-1.22936232206,95.9175080781,16.4243598224,82.8134507174,99.4456058834,5150.00382438,0.006053596735,1058.63437057,1050.18250179,15,70.0796226738,28.0622116406,47.5428496429,0.00371210011341,0.00377076503355,-5.86649201439e-05,-4.54747350886e-05,1599.72635351,5088,10.1760004833,1070.3949467,533.793354407,6272,-2.46187551056e-06,2.46187551056e-06,1.41341745853,0,0,0,0,0.000646128086373,0.000423073244747
12.6080005988,2559.69283171,-316.624413244,42.2131233215,-477.388702393,2.5718562603,0.190427213907,102.145751953,39.0802612305,0.973727226257,0.000232830643654,0.000465661287308,2,533.793587238,5.17287904056,-0.696501861969,91.9316779342,14.7795907018,103.885191493,109.724482172,5150.00335872,0.006053596735,1058.63437057,1050.18250179,15,70.0796226738,27.4425619864,46.8878060929,0.00326096231962,0.00324871507473,1.22472448849e-05,1.09139364213e-05,1599.72635351,5088,10.1760004833,1070.3949467,533.793354407,6304,-2.55682425632e-06,2.55682425632e-06,1.42035675049,0,0,0,0,0.000290010444587,0.000189964470337
12.6720006019,2542.44217649,-229.215089348,30.5595035553,-480.583770752,1.81245791912,0.140449941158,102.145576477,39.0801925659,0.973727107048,0.000232830643654,0.000465661287308,2,533.793587238,6.25960353896,-0.335512897196,88.1189845623,13.2837736287,114.415546705,116.687959235,5150.00335872,0.006053596735,1058.63437057,1050.18250179,15,70.0796226738,28.2090350083,46.9073056593,0.0032907482711,0.00322143023368,6.93180374212e-05,3.81987774745e-05,1599.72635351,5088,10.1760004833,1070.3949467,533.793354407,6336,-2.47804223363e-06,2.47804223363e-06,1.40973985195,0,0,0,0,0.000130246815388,8.53293386172e-05
12.7360006049,2530.03160469,-163.981603691,21.8624191284,-483.195556641,1.27528393269,0.101630337536,102.145393372,39.0801315308,0.973726987839,0.000232830643654,0.000465661287308,2,533.793587238,6.85715549379,-0.0191293988951,84.4713926351,12.0555963252,120.205826533,122.790996102,5150.00382438,0.006053596735,1058.63437057,1050.18250179,15,70.0796226738,29.0813495667,47.0963714179,0.00345611998742,0.00344698491972,9.13506770228e-06,0.000278305378743,1599.72635351,5088,10.1760004833,1070.3949467,533.793354407,6368,-2.46037848228e-06,2.46037848228e-06,1.41021966934,0,0,0,0,5.85108828091e-05,3.83354454243e-05
12.800000608,2521.18753269,-116.450202768,15.5254192352,-485.196044922,0.89672511816,0.0726403519511,102.145393372,39.080078125,0.973726987839,0.000232830643654,0.000465661287308,2,533.793587238,7.21800634565,0.272321588557,80.9819801973,11.0910869076,123.702469864,128.413084894,5150.00335872,0.006053596735,1058.63437057,1050.18250179,15,70.0796226738,29.9201183225,47.3084728583,0.00353658184682,0.00349427864421,4.23032026076e-05,-0.000234649633057,1599.72635351,5088,10.1760004833,1070.3949467,533.793354407,6400,-2.4707785542e-06,2.4707785542e-06,1.40937519073,0,0,0,0,2.6288045774e-05,1.72241143446e-05
12.864000611,2514.9222929,-82.3201262392,10.9751157761,-486.674285889,0.630389511585,0.0515264831483,102.145027161,39.0799980164,0.973726689816,0.000232830643654,0.000465661287308,2,533.793587238,7.4538600585,0.544022970864,77.6440963125,10.3498160314,125.987891806,133.654204546,5150.00382438,0.006053596735,1058.63437057,1050.18250179,15,70.0796226738,30.6893962261,47.4906046293,0.00341137711135,0.00342879502568,-1.74179143331e-05,0.000296495272778,1599.72635351,5088,10.1760004833,1070.3949467,533.793354407,6432,-2.55907593782e-06,2.55907593782e-06,1.41688668728,0,0,0,0,1.18114521683e-05,7.73906322138e-06
12.928000614,2510.499442,-58.0371997785,7.73765802383,-487.74307251,0.443134069443,0.0363849923015,102.144752502,39.0799331665,0.973726511002,0.000232830643654,0.000465661287308,2,533.793587238,7.6673648297,0.951594329202,74.4513976864,9.79366350188,128.056752146,141.516255098,5150.00382438,0.006053596735,1058.63437057,1050.18250179,15,70.0796226738,27.2294073511,46.4431141154,0.00352771427348,0.00351974449586,7.96977761564e-06,0.000205545802601,1599.72635351,5088,10.1760004833,1070.3949467,533.793354407,6464,-2.45371575147e-06,2.45371575147e-06,1.41302669048,0,0,0,0,5.30711758984e-06,3.4773374864e-06
12.9920006171,2507.38440081,-40.848266508,5.44598865509,-488.507354736,0.311548024416,0.0256233327091,102.144844055,39.0798835754,0.973726570606,0.000232830643654,0.000465661287308,2,533.793587238,12.7408021129,2.64108954507,71.3982881565,9.40025199357,129.494277644,148.619728861,5150.00475571,0.006053596735,1058.63437057,1050.18250179,15,70.0796226738,23.8193260884,44.8319224233,0.00349646016307,0.00352611095877,-2.96507957076e-05,0.0011305019143,1599.72635351,5088,10.1760004833,1070.3949467,533.793354407,6496,-2.46140143645e-06,2.46140143645e-06,1.40221774578,0,0,0,0,2.38461848312e-06,1.5624578964e-06
13.0560006201,2505.19253314,-28.7239636236,3.82954740524,-489.04901123,0.219092965126,0.0180148985237,102.14629364,39.0792388916,0.973727583885,0.000232830643654,0.000465661287308,2,533.793587238,69.8758975518,15.6456984865,68.9658912048,12.2325731343,129.234278575,137.580645969,5150.00429004,0.006053596735,1058.89432598,1061.22146826,15,70.0796226738,24.4514194492,44.3859098596,0.00380646790477,0.00379350240109,1.29655036707e-05,0.000397449184675,1599.72635351,5088,10.1760004833,1070.3949467,533.793354407,6528,-2.42872420131e-06,2.42872420131e-06,1.40844726562,0,0,0,0,1.07147297967e-06,7.02055160673e-07
13.1200006232,2503.65165994,-20.1906950679,2.69187164307,-489.431182861,0.154138430953,0.0126519752666,102.279426575,39.0233879089,0.973817408085,0.000232830643654,0.000465661287308,2,533.793587238,104.688870248,22.5447560714,100.971926924,20.0899323517,88.6545094545,103.377533378,5150.00382438,0.006053596735,1099.47414603,1095.42463906,15,70.0796226738,30.3775450448,48.3654075651,0.00365583284478,0.00370528141502,-4.94485702385e-05,2.0008883439e-05,1599.72635351,5088,10.1760004833,1070.3949467,533.793354407,6560,-2.4800524443e-06,2.4800524443e-06,1.41227757931,0,0,0,0,4.81442782529e-07,3.15453007715e-07
13.1840006262,2502.56899744,-14.1886521305,1.89166498184,-489.700531006,0.108496025205,0.00888106413186,102.312538147,39.0095787048,0.973839640617,0.000232830643654,0.000465661287308,2,533.793587238,110.196951825,23.1006128613,108.755742201,22.0376587775,66.5024344926,85.584964836,5150.00382438,0.006053596735,1121.62623554,1113.21732402,15,70.0796226738,35.1607268385,51.0910394951,0.00370045492859,0.00376894604415,-6.84911155568e-05,-4.36557456851e-05,1599.72635351,5088,10.1760004833,1070.3949467,533.793354407,6592,-2.50739003604e-06,2.50739003604e-06,1.41153299809,0,0,0,0,2.1632570224e-07,1.417419071e-07
13.2480006292,2501.80787407,-9.97176357487,1.32945930958,-489.88949585,0.0764148384333,0.00623261649162,102.320335388,39.0063896179,0.973844885826,0.000232830643654,0.000465661287308,2,533.793587238,107.134796142,21.2432875338,106.919644202,20.9598664394,59.4760240347,78.8321485743,5150.00429004,0.006053596735,1128.65271512,1119.97034401,15,70.0796226738,37.5289528165,53.0309298483,0.00401630538549,0.00391992216464,9.63832208489e-05,0.000271029421128,1599.72635351,5088,10.1760004833,1070.3949467,533.793354407,6624,-2.4193666377e-06,2.4193666377e-06,1.40736424923,0,0,0,0,9.72011804379e-08,6.36886170469e-08
13.3120006323,2501.27306208,-7.01070939613,0.934684514999,-490.022033691,0.0538587905467,0.00437365891412,102.319252014,39.0066452026,0.97384417057,0.000232830643654,0.000465661287308,2,533.793587238,57.9384807893,10.2849959518,101.770735177,18.6946768179,59.4222656218,78.5929150879,5150.00429004,0.006053596735,1128.706499,1120.20969391,16,70.0719538145,39.2723559344,54.550007917,0.0039566686455,0.00388899934478,6.76693007184e-05,0.000301952240989,1599.72635351,5088,10.1760004833,1070.3949467,533.793354407,6656,-2.5248291422e-06,2.5248291422e-06,1.41459107399,0,0,0,0,4.36752181088e-08,2.86170820374e-08
13.3760006353,2500.89727342,-4.92615436087,0.656766653061,-490.115722656,0.0380003862083,0.00306807807647,102.319160461,39.006778717,0.973844110966,0.000232830643654,0.000465661287308,2,533.793587238,2.79468781747,-1.32556387659,97.5087007178,17.0337683719,68.422203185,91.313610028,5150.00382438,0.006053596735,1128.706499,1120.20969391,16,70.0719538145,31.3902055495,50.4343552166,0.00367361328857,0.00377076503355,-9.71517449821e-05,-4.54747350886e-05,1599.72635351,5088,10.1760004833,1070.3949467,533.793354407,6688,-2.48684591497e-06,2.48684591497e-06,1.41397941113,0,0,0,0,1.96245011352e-08,1.28584574099e-08
13.4400006384,2500.63277781,-3.46686056218,0.462210148573,-490.18057251,0.0268405154347,0.00215253722854,102.31842804,39.0068817139,0.973843634129,0.000232830643654,0.000465661287308,2,533.793587238,4.49984344143,-0.867612520216,93.4529771407,15.420405333,97.3634741968,106.423758552,5150.00335872,0.006053596735,1128.706499,1120.20969391,16,70.0719538145,27.3142541118,46.9961851195,0.00363183337571,0.00367072061636,-3.88872406498e-05,-0.000411091605201,1599.72635351,5088,10.1760004833,1070.3949467,533.793354407,6720,-2.56014777733e-06,2.56014777733e-06,1.41285252571,0,0,0,0,8.8178389035e-09,5.77766545717e-09
13.5040006414,2500.44674613,-2.43836552727,0.325088709593,-490.226470947,0.0189847014844,0.00151027424727,102.318031311,39.0069923401,0.973843336105,0.000232830643654,0.000465661287308,2,533.793587238,5.91105334902,-0.469724717082,89.5743603882,13.8400461022,111.038098112,114.099013445,5150.00429004,0.006053596735,1128.706499,1120.20969391,16,70.0719538145,27.8758907371,46.8617290608,0.0040862965095,0.00412728695665,-4.09904471477e-05,6.36646291241e-05,1599.72635351,5088,10.1760004833,1070.3949467,533.793354407,6752,-2.47494131145e-06,2.47494131145e-06,1.41070091724,0,0,0,0,3.96210309006e-09,2.59606780517e-09
13.5680006444,2500.3158953,-1.71754220446,0.228986829519,-490.258422852,0.0134512344375,0.00105918827467,102.317710876,39.0070915222,0.973843157291,0.000232830643654,0.000465661287308,2,533.793587238,6.6582088025,-0.140105696304,85.863745709,12.5032343921,118.27803246,120.457363664,5150.00382438,0.006053596735,1128.706499,1120.20969391,16,70.0719538145,28.7396833301,47.0107079309,0.00426957390276,0.00432373781223,-5.41639094687e-05,-0.000598447513767,1599.72635351,5088,10.1760004833,1070.3949467,533.793354407,6784,-2.46950617111e-06,2.46950617111e-06,1.41267776489,0,0,0,0,1.78028403131e-09,1.16648635196e-09
13.6320006475,2500.22369437,-1.20966501527,0.161275431514,-490.280914307,0.00954608339816,0.000744316785131,102.31716156,39.0071792603,0.973842740059,0.000232830643654,0.000465661287308,2,533.793587238,7.09358832523,0.1602869061,82.3139767538,11.4389975492,122.496858239,126.251936308,5150.00429004,0.006053596735,1128.706499,1120.20969391,16,70.0719538145,29.5962054224,47.2229257866,0.00448267988007,0.00452018866781,-3.75087877424e-05,-0.000329237082042,1599.72635351,5088,10.1760004833,1070.3949467,533.793354407,6816,-2.52026620728e-06,2.52026620728e-06,1.4138661623,0,0,0,0,7.99931565432e-10,5.2413506868e-10
13.6960006505,2500.15873462,-0.853127517075,0.113741002977,-490.296600342,0.00679546874017,0.000521074223798,102.316719055,39.0072784424,0.973842442036,0.000232830643654,0.000465661287308,2,533.793587238,7.36998308601,0.439114150919,78.9183806116,10.6155211329,125.175123685,131.630513351,5150.00475571,0.006053596735,1128.706499,1120.20969391,16,70.0719538145,30.4041859636,47.4226253573,0.00475089555196,0.00477666617371,-2.57706217477e-05,-0.000120053300634,1599.72635351,5088,10.1760004833,1070.3949467,533.793354407,6848,-2.40830331677e-06,2.40830331677e-06,1.41360604763,0,0,0,0,3.59431595598e-10,2.35508612612e-10
13.7600006536,2500.11286698,-0.602077250278,0.0802703797817,-490.30758667,0.00484032789245,0.000369039073121,102.316444397,39.0073776245,0.973842263222,0.000232830643654,0.000465661287308,2,533.793587238,7.57770903196,0.76372825948,75.6702184479,9.98936987589,127.187988255,137.892318889,5150.00429004,0.006053596735,1128.706499,1120.20969391,16,70.0719538145,29.3384910037,47.0910017611,0.0044231079771,0.00442742020823,-4.31223112773e-06,-0.000236468622461,1599.72635351,5088,10.1760004833,1070.3949467,533.793354407,6880,-2.42117971538e-06,2.42117971538e-06,1.41687560081,0,0,0,0,1.61502755613e-10,1.05820623097e-10
13.8240006566,2500.08050352,-0.426227472872,0.0568256638944,-490.315155029,0.00346164288931,0.000260262197116,102.315940857,39.0074539185,0.973841965199,0.000232830643654,0.000465661287308,2,533.793587238,7.79891722487,1.23036502126,72.5637915527,9.53548282183,129.33149992,146.893740748,5150.00475571,0.006053596735,1128.706499,1120.20969391,16,70.0719538145,24.2542409978,45.2308158856,0.00455290992407,0.00445652403869,9.63858853842e-05,0.00020008883439,1599.72635351,5088,10.1760004833,1070.3949467,533.793354407,6912,-2.58427803601e-06,2.58427803601e-06,1.40411674976,0,0,0,0,7.25677296032e-11,4.75481702622e-11
13.8880006596,2500.05745329,-0.302824446408,0.0403732806444,-490.3203125,0.00249435845762,0.000180115472176,102.315574646,39.0075416565,0.97384172678,0.000232830643654,0.000465661287308,2,533.793587238,40.8070853842,10.1204530248,69.5936502598,9.33954113797,129.473628476,148.24232494,5150.00429004,0.006053596735,1128.706499,1120.58699597,16,70.0719538145,24.1186589847,44.3146964244,0.00439793167162,0.0044610715122,-6.31398405782e-05,-0.000270119926427,1599.72635351,5088,10.1760004833,1070.3949467,533.793354407,6944,-2.44000943894e-06,2.44000943894e-06,1.41304087639,0,0,0,0,3.26067159384e-11,2.13647242259e-11
13.9520006627,2500.04115514,-0.214524845887,0.0286009646952,-490.32409668,0.00180287309922,0.000124760670587,102.43372345,38.9566192627,0.973920941353,0.000232830643654,0.000465661287308,2,533.793587238,96.9481981608,20.9251998971,92.1430795664,17.7534172948,103.863378172,115.051065222,5150.00429004,0.006053596735,1154.31635641,1153.77816837,16,70.0719538145,27.1608405455,46.3623073301,0.00442150159541,0.00448380887974,-6.2307284332e-05,-0.000292857293971,1599.72635351,5088,10.1760004833,1070.3949467,533.793354407,6976,-2.45775140684e-06,2.45775140684e-06,1.41344177723,0,0,0,0,1.46511153903e-11,9.59977149856e-12
14.0160006657,2500.02974644,-0.151830406026,0.0202423930168,-490.326873779,0.0013024576474,8.95834600669e-05,102.504066467,38.9262657166,0.973967969418,0.000232830643654,0.000465661287308,2,533.793587238,109.489315607,23.3062205609,107.329160243,21.7955331874,72.7957303752,90.8607544261,5150.00475571,0.006053596735,1185.38411334,1177.96834093,16,70.0719538145,33.8882455253,50.2572474943,0.00455133196409,0.00455111148767,2.20476414903e-07,0.000105501385406,1599.72635351,5088,10.1760004833,1070.3949467,533.793354407,7008,-2.45321234615e-06,2.45321234615e-06,1.41685593128,0,0,0,0,6.58315546173e-12,4.31344630153e-12
14.0800006688,2500.02159737,-0.106695992486,0.0142249651253,-490.328887939,0.000947295920923,6.49794237688e-05,102.520927429,38.9191856384,0.973979234695,0.000232830643654,0.000465661287308,2,533.793587238,109.023859915,22.1434017113,108.382747713,21.5922675991,60.9591988905,80.534380686,5150.00335872,0.006053596735,1197.22064119,1188.29449639,16,70.0719538145,36.6947897419,52.3031085322,0.003979032423,0.00400905264542,-3.0020222419e-05,-0.000749423634261,1599.72635351,5088,10.1760004833,1070.3949467,533.793354407,7040,-2.38398138208e-06,2.38398138208e-06,1.40749895573,0,0,0,0,2.95799582745e-12,1.93815298012e-12
14.1440006718,2500.0157766,-0.0773716948288,0.0103153791279,-490.329925537,0.00069199904101,4.80161397718e-05,102.52191925,38.918800354,0.973979890347,0.000232830643654,0.000465661287308,2,533.793587238,85.8640753259,16.4202890536,103.52749805,19.5146904255,59.4158082095,78.5925440141,5150.00335872,0.006053596735,1198.76395911,1190.23630396,17,70.057780249,38.6438405258,54.0099135833,0.00364070017189,0.00363615981769,4.54035420372e-06,-0.000376530806534,1599.72635351,5088,10.1760004833,1070.3949467,533.793354407,7072,-2.47583761848e-06,2.47583761848e-06,1.40931856632,0,0,0,0,1.32911043282e-12,8.70866475721e-13
14.2080006748,2500.01158565,-0.053181810955,0.00709032639861,-490.331115723,0.00051264470676,3.59137629857e-05,102.521278381,38.9190750122,0.973979473114,0.000232830643654,0.000465661287308,2,533.793587238,15.5693463933,1.38092589678,99.1322104637,17.6246835819,59.4158082095,81.209356722,5150.00382438,0.006053596735,1198.76395911,1190.23630396,17,70.057780249,37.9112279916,55.2445890207,0.00378976848514,0.00373802322429,5.17452608539e-05,-1.27329258248e-05,1599.72635351,5088,10.1760004833,1070.3949467,533.793354407,7104,-2.53034613706e-06,2.53034613706e-06,1.41322684288,0,0,0,0,5.97206745862e-13,3.91304827083e-13
14.2720006779,2500.00902452,-0.0384771929873,0.00512987142429,-490.331817627,0.000393067253754,2.52795089182e-05,102.521018982,38.919303894,0.9739792943,0.000232830643654,0.000465661287308,2,533.793587238,3.60769294563,-1.07972231376,95.0034144815,16.0702560454,88.7185378815,102.332160168,5150.00429004,0.006053596735,1198.76395911,1190.23630396,17,70.057780249,27.5467627944,47.246721806,0.00400206444373,0.00404179445468,-3.97300109478e-05,0.000149157131091,1599.72635351,5088,10.1760004833,1070.3949467,533.793354407,7136,-2.44038778874e-06,2.44038778874e-06,1.40720868111,0,0,0,0,2.68341718204e-13,1.75824212503e-13
14.3360006809,2500.00669621,-0.0290466459774,0.00387256825343,-490.33190918,0.000288990093395,2.2340371288e-05,102.520652771,38.9195213318,0.973979055882,0.000232830643654,0.000465661287308,2,533.793587238,5.46595470565,-0.612842688417,91.0574972821,14.4355667929,106.725092337,111.338267743,5150.00429004,0.006053596735,1198.76395911,1190.23630396,17,70.057780249,27.5760376098,46.857396228,0.00447005631121,0.00443833414465,3.17221665602e-05,-0.000247382558882,1599.72635351,5088,10.1760004833,1070.3949467,533.793354407,7168,-2.47495586336e-06,2.47495586336e-06,1.4090089798,0,0,0,0,1.20573473081e-13,7.90027426616e-14
14.400000684,2500.00506639,-0.0225332179582,0.00300418259576,-490.332000732,0.000203869654797,2.16900516534e-05,102.520240784,38.9197311401,0.973978817463,0.000232830643654,0.000465661287308,2,533.793587238,6.41400983058,-0.265232936703,87.2826219564,12.9934800219,115.911745524,118.043659313,5150.00429004,0.006053596735,1198.76395911,1190.23630396,17,70.057780249,28.3955268969,46.9346887257,0.00414668831217,0.00414001988247,6.66842969732e-06,5.09317032993e-05,1599.72635351,5088,10.1760004833,1070.3949467,533.793354407,7200,-2.46820627581e-06,2.46820627581e-06,1.41150832176,0,0,0,0,5.41770370699e-14,3.54981479324e-14
14.464000687,2500.00390224,-0.0151619730104,0.00202143052593,-490.332427979,0.000149276616867,1.89627189684e-05,102.519699097,38.9199180603,0.973978459835,0.000232830643654,0.000465661287308,2,533.793587238,6.94622118572,0.0450891388631,83.6712439395,11.8242803384,121.068871522,124.029771541,5150.00335872,0.006053596735,1198.76395911,1190.23630396,17,70.057780249,29.2648910545,47.136174544,0.00406776122508,0.00407089828514,-3.13706005617e-06,-0.000811269273981,1599.72635351,5088,10.1760004833,1070.3949467,533.793354407,7232,-2.43755289375e-06,2.43755289375e-06,1.40698099136,0,0,0,0,2.434326273e-14,1.59503063291e-14
14.52800069,2500.00320375,-0.00981843140124,0.00130901671946,-490.332763672,0.000124230529764,1.37575489134e-05,102.51915741,38.9201087952,0.973978042603,0.000232830643654,0.000465661287308,2,533.793587238,7.27360997046,0.331966339487,80.2166170723,10.9115674703,124.241269077,129.563632072,5150.00429004,0.006053596735,1198.76395911,1190.23630396,17,70.057780249,30.093069654,47.3451764265,0.0041631373765,0.00416548573412,-2.34835761947e-06,2.54658516496e-05,1599.72635351,5088,10.1760004833,1070.3949467,533.793354407,7264,-2.6708223686e-06,2.6708223686e-06,1.42291307449,0,0,0,0,1.09381099894e-14,7.16692025551e-15
14.5920006931,2500.00273809,-0.00634179553316,0.000845503353048,-490.333007812,0.000106984502054,1.07301229946e-05,102.518333435,38.9202728271,0.973977506161,0.000232830643654,0.000465661287308,2,533.793587238,7.49360499004,0.608514635354,76.9120757685,10.2123474706,126.373022795,134.898247779,5150.00522137,0.006053596735,1198.76395911,1190.23630396,17,70.057780249,30.5855828628,47.4450789625,0.00424057232384,0.00424370227847,-3.12995462881e-06,0.000878571881913,1599.72635351,5088,10.1760004833,1070.3949467,533.793354407,7296,-2.4578432658e-06,2.4578432658e-06,1.41509091854,0,0,0,0,4.91479771513e-15,3.22029856327e-15
14.6560006961,2500.00227243,-0.00418933998603,0.000558532832656,-490.333068848,9.44714338402e-05,9.13135227165e-06,102.518074036,38.9204521179,0.973977327347,0.000232830643654,0.000465661287308,2,533.793587238,7.71249350399,1.05508047452,73.7514085806,9.6934132675,128.494051751,143.512501381,5150.00429004,0.006053596735,1198.76395911,1190.23630396,17,70.057780249,26.0555734712,46.0143855889,0.0042316265908,0.00418003764935,5.15889414521e-05,1.09139364213e-05,1599.72635351,5088,10.1760004833,1070.3949467,533.793354407,7328,-2.56908174379e-06,2.56908174379e-06,1.40652418137,0,0,0,0,2.20835655975e-15,1.44697029017e-15
14.7200006992,2500.0020396,-0.00273782041482,0.000365012761904,-490.3331604,8.66386035341e-05,7.96892891231e-06,102.517295837,38.9206008911,0.97397685051,0.000232830643654,0.000465661287308,2,533.793587238,19.9517203217,4.5772892219,70.7290046965,9.33198650167,129.464213387,148.620267282,5150.00429004,0.006053596735,1198.76395911,1190.23630396,17,70.057780249,23.9941582549,44.5950390713,0.0044612287059,0.00437285052612,8.83781797745e-05,-0.000181898940355,1599.72635351,5088,10.1760004833,1070.3949467,533.793354407,7360,-2.41546763391e-06,2.41546763391e-06,1.41370892525,0,0,0,0,9.92276439577e-16,6.50164279104e-16
14.7840007022,2500.0020396,-0.00178617431956,0.000238137028646,-490.333282471,8.16289466457e-05,7.17992907084e-06,102.551673889,38.9116783142,0.973999738693,0.000232830643654,0.000465661287308,2,533.793587238,82.468545107,17.9609056419,77.7056028267,14.3440138667,121.799799672,129.411491798,5150.00475571,0.006053596735,1206.42827824,1209.4451813,17,70.057780249,25.0295779551,44.8000755569,0.00485921098498,0.00489126250613,-3.20515211594e-05,-0.000234649633057,1599.72635351,5088,10.1760004833,1070.3949467,533.793354407,7392,-2.50045604844e-06,2.50045604844e-06,1.40782797337,0,0,0,0,4.45857602886e-16,2.92137031297e-16
14.8480007052,2500.00180677,-0.00116751031065,0.000155655259732,-490.333251953,7.82560091466e-05,6.69339397064e-06,102.651252747,38.8858413696,0.974066019058,0.000232830643654,0.000465661287308,2,533.793587238,107.069033907,23.005547684,103.961486315,20.9196952948,82.0399000077,98.2513520285,5150.00382438,0.006053596735,1246.18795235,1240.60525559,17,70.057780249,32.0152903441,49.2469735036,0.00470129996738,0.00467116478831,3.01351790744e-05,-0.000945874489844,1599.72635351,5088,10.1760004833,1070.3949467,533.793354407,7424,-2.48666447078e-06,2.48666447078e-06,1.41366314888,0,0,0,0,2.00336328392e-16,1.31265370815e-16
14.9120007083,2500.00180677,-0.000762935326026,0.000101716359495,-490.333312988,7.61132396292e-05,6.36074128124e-06,102.673530579,38.8800430298,0.974080860615,0.000232830643654,0.000465661287308,2,533.793587238,110.018328762,22.8328156081,108.893661238,21.9708582496,64.0241705696,83.4196689539,5150.00429004,0.006053596735,1264.20368906,1255.43703325,17,70.057780249,35.7449571311,51.5241190442,0.00454299104585,0.00458931026515,-4.63192192934e-05,-0.000398358679377,1599.72635351,5088,10.1760004833,1070.3949467,533.793354407,7456,-2.50081029662e-06,2.50081029662e-06,1.4180008173,0,0,0,0,9.00167456384e-17,5.89812069881e-17
14.9760007113,2500.00180677,-0.000498983299124,6.65256447974e-05,-490.333343506,7.46634832467e-05,6.1554851527e-06,102.67766571,38.8790359497,0.974083602428,0.000232830643654,0.000465661287308,2,533.793587238,103.685802061,20.3368410493,105.51416505,20.4566824306,59.4075172557,78.589648183,5150.00429004,0.006053596735,1268.82025506,1260.26687212,18,70.0567034073,37.9445918952,53.3930870006,0.00437289422034,0.00437466951553,-1.77529518863e-06,-0.000183717929758,1599.72635351,5088,10.1760004833,1070.3949467,533.793354407,7488,-2.42285932472e-06,2.42285932472e-06,1.41344940662,0,0,0,0,4.04470342238e-17,2.65019006792e-17
15.0400007144,2500.00180677,-0.0003257358272,4.34278808825e-05,-490.333374023,7.37346781534e-05,6.01552119406e-06,102.67665863,38.879322052,0.974082946777,0.000232830643654,0.000465661287308,2,533.793587238,41.5228631397,6.68226122263,100.799119769,18.2887645885,59.4075172557,78.589648183,5150.00475571,0.006053596735,1268.82025506,1260.26687212,18,70.0567034073,39.5890456275,54.8074422113,0.00453681642948,0.00454929249827,-1.24760687892e-05,0.000107320374809,1599.72635351,5088,10.1760004833,1070.3949467,533.793354407,7520,-2.52056884165e-06,2.52056884165e-06,1.40640723705,0,0,0,0,1.81739885471e-17,1.19080432947e-17
15.1040007174,2500.00180677,-0.00021252594129,2.83344670606e-05,-490.333374023,7.31316104066e-05,5.92326523474e-06,102.676216125,38.879486084,0.974082648754,0.000232830643654,0.000465661287308,2,533.793587238,2.39159953514,-1.38907464467,96.5899778349,16.7034830786,76.9345933804,96.3647544268,5150.00522137,0.006053596735,1268.82025506,1260.26687212,18,70.0567034073,28.9915824396,48.1121533085,0.00520891169781,0.00527870724909,-6.97955512829e-05,-0.000156433088705,1599.72635351,5088,10.1760004833,1070.3949467,533.793354407,7552,-2.44822035711e-06,2.44822035711e-06,1.40878140926,0,0,0,0,8.16608499862e-18,5.35061820589e-18
15.1680007204,2500.00180677,-0.000138763278645,1.85002518265e-05,-490.333374023,7.27349906811e-05,5.86398573432e-06,102.675758362,38.8796463013,0.974082291126,0.000232830643654,0.000465661287308,2,533.793587238,4.88670152477,-0.771090104233,92.5747385383,15.0646415687,101.112127595,108.285676106,5150.00568703,0.006053596735,1268.82025506,1260.26687212,18,70.0567034073,27.3588229902,46.9177903142,0.00506907688047,0.00512045517098,-5.13782905109e-05,0.000467480276711,1599.72635351,5088,10.1760004833,1070.3949467,533.793354407,7584,-2.49082518167e-06,2.49082518167e-06,1.40888857841,0,0,0,0,3.66925077455e-18,2.4041828728e-18
15.2320007235,2500.00180677,-9.0600506264e-05,1.20790764413e-05,-490.333404541,7.24761703168e-05,5.82523671255e-06,102.675300598,38.8798065186,0.974081993103,0.000232830643654,0.000465661287308,2,533.793587238,6.10819676117,-0.395804521299,88.734218175,13.5277670479,112.948415335,115.52493379,5150.00475571,0.006053596735,1268.82025506,1260.26687212,18,70.0567034073,28.0548902083,46.8761245429,0.00468606592419,0.00465297489427,3.30910299162e-05,3.63797880709e-06,1599.72635351,5088,10.1760004833,1070.3949467,533.793354407,7616,-2.61168702309e-06,2.61168702309e-06,1.4131218195,0,0,0,0,1.64869700246e-18,1.08026696412e-18
15.2960007265,2500.00157394,-5.914065071e-05,7.88477336755e-06,-490.333282471,7.2307571827e-05,5.7998236116e-06,102.67502594,38.8799743652,0.974081814289,0.000232830643654,0.000465661287308,2,533.793587238,6.76836265142,-0.0737888568949,85.060029826,12.250202145,119.345422718,121.736615256,5150.00475571,0.006053596735,1268.82025506,1260.26687212,18,70.0567034073,28.9262607112,47.0501290692,0.00467859101461,0.00468935468234,-1.07636677349e-05,-3.27418092638e-05,1599.72635351,5088,10.1760004833,1070.3949467,533.793354407,7648,-2.45875071414e-06,2.45875071414e-06,1.41568779945,0,0,0,0,7.40805689207e-19,4.85394236337e-19
15.3600007296,2500.00157394,-3.86063542246e-05,5.14709154231e-06,-490.333282471,7.21974138287e-05,5.78326080358e-06,102.674674988,38.8801116943,0.974081575871,0.000232830643654,0.000465661287308,2,533.793587238,7.16071618102,0.221653147117,81.5450903903,11.2411852894,123.14732885,127.435690956,5150.00475571,0.006053596735,1268.82025506,1260.26687212,18,70.0567034073,29.7735259664,47.2633146273,0.00481271306141,0.00486761564389,-5.49025824803e-05,-0.000211002770811,1599.72635351,5088,10.1760004833,1070.3949467,533.793354407,7680,-2.45164460466e-06,2.45164460466e-06,1.41222178936,0,0,0,0,3.3286479387e-19,2.18101238696e-19
15.4240007326,2500.00157394,-2.52025483816e-05,3.36006405632e-06,-490.333282471,7.21254764358e-05,5.77245873501e-06,102.674217224,38.8802566528,0.974081277847,0.000232830643654,0.000465661287308,2,533.793587238,7.41377818524,0.496261939356,78.1827928802,10.4634706866,125.599501189,132.73289369,5150.00475571,0.006053596735,1268.82025506,1260.26687212,18,70.0567034073,30.5703870254,47.4566077173,0.00495278235091,0.00498221197631,-2.94296254033e-05,-0.000325599103235,1599.72635351,5088,10.1760004833,1070.3949467,533.793354407,7712,-2.41829457082e-06,2.41829457082e-06,1.41322147846,0,0,0,0,1.49565525085e-19,9.7998995226e-20
15.4880007356,2500.00157394,-1.64507296674e-05,2.19325056605e-06,-490.333282471,7.20785174053e-05,5.76540014663e-06,102.673622131,38.8803749084,0.974080920219,0.000232830643654,0.000465661287308,2,533.793587238,7.62290088283,0.864311487044,74.9667280781,9.87584706753,127.62589904,139.832569403,5150.00568703,0.006053596735,1268.82025506,1260.26687212,18,70.0567034073,28.2317632809,46.7582358397,0.00506914793474,0.00511317921337,-4.40312786232e-05,0.000474756234325,1599.72635351,5088,10.1760004833,1070.3949467,533.793354407,7744,-2.46794934355e-06,2.46794934355e-06,1.4126046896,0,0,0,0,6.72039851365e-20,4.40336932889e-20
15.5520007387,2505.95877878,237.71195265,-31.692325592,-524.946655273,0.347749263048,-0.00946012232453,102.673316956,38.8805122375,0.974080681801,0.000232830643654,0.000465661287308,3,529.331620783,9.14302903375,1.66023559259,71.8910214783,9.45533097814,129.449763335,148.311475641,5150.00568703,0.006053596735,1268.82025506,1260.26687212,18,70.0567034073,23.6852229136,45.0131483376,0.00541183992064,0.00541149347555,3.46445094834e-07,0.000176441972144,1605.68341946,7750,15.5000007362,1599.72637634,529.33144616,7776,-2.46210561272e-06,2.46210561272e-06,1.40988481045,0,0,0.0117865083739,0.00736656785011,0.010845634155,0.00678584119305
15.6160007417,2528.67559902,448.094797321,-59.7410697937,-564.134155273,1.54646933079,-0.00579287810251,102.67313385,38.8806495667,0.974080562592,0.000232830643654,0.000465661287308,3,529.331620783,55.8335545687,13.3212611423,68.9505090826,10.6013118976,129.449763335,143.623226904,5150.00568703,0.006053596735,1268.82025506,1265.26074018,18,70.0567034073,24.231218049,44.2722266598,0.00572321662284,0.00578438630328,-6.1169680432e-05,-0.000196450855583,1628.40038962,7750,15.5000007362,1599.72637634,529.33144616,7808,-2.46637227974e-06,2.46637227974e-06,1.42034208775,0,0,0.0260169804096,0.0162606146187,0.025040352717,0.0156683158129
15.6800007448,2561.74243987,569.683092181,-75.9515151978,-596.558349609,3.06590533257,0.070052921772,102.720741272,38.9051589966,0.974112153053,0.000232830643654,0.000465661287308,3,529.331620783,101.762121189,21.9452946275,97.5229255184,19.1630514505,95.0402973103,108.301050204,5150.00568703,0.00651925802231,1303.22971381,1300.58301147,18,70.0567034073,28.8514274871,47.4592307,0.00570141406309,0.00579166226089,-9.02481978038e-05,-0.000203726813197,1661.46709796,7750,15.5000007362,1599.72637634,529.33144616,7840,-2.39351743403e-06,2.39351743403e-06,1.41881644726,0,0,0.0400131344795,0.0250082109123,0.039011221379,0.0244102608413
15.7440007478,2600.59954599,635.336560663,-84.7045898438,-624.364379883,4.73878192902,0.194411039352,102.737495422,38.9137992859,0.974123239517,0.000232830643654,0.000465661287308,3,529.331620783,110.001144734,23.2415094379,108.259016852,21.9892783409,69.0285451128,87.7491693245,5150.00615269,0.00651925802231,1329.24143691,1321.13473956,18,70.0567034073,34.6236738551,50.711165386,0.00580265219208,0.00586078385822,-5.81316661474e-05,0.000192812876776,1700.3242408,7750,15.5000007362,1599.72637634,529.33144616,7872,-2.3886989311e-06,2.3886989311e-06,1.40911841393,0,0,0.0536548942327,0.0335343107581,0.0526394583285,0.0329370871186
15.8080007508,2642.41849072,665.825733449,-88.7694778442,-648.934448242,6.47892475128,0.347090482712,102.741355896,38.9158401489,0.974125802517,0.000232830643654,0.000465661287308,3,529.331620783,108.072028845,21.6751735751,107.659597526,21.2709185863,59.9508821324,79.466131865,5150.00568703,0.00698491930962,1338.31892163,1329.4176897,18,70.0567034073,37.1627502318,52.7014235558,0.00596819443865,0.00605723471381,-8.9040275153e-05,-0.000469299266115,1742.14307378,7750,15.5000007362,1599.72637634,529.33144616,7904,-2.48510127676e-06,2.48510127676e-06,1.40757596493,0,0,0.0668246895075,0.0417654328048,0.0658086389303,0.0411757193506
15.8720007539,2685.35339274,672.331254464,-89.6368103027,-670.854125977,8.22644901276,0.516065180302,102.74066925,38.9159240723,0.974125385284,0.000232830643654,0.000465661287308,3,529.331620783,71.3382099823,13.2325493307,102.516584982,19.0502876766,59.4028024352,78.5884258221,5150.00568703,0.00698491930962,1338.86700496,1330.29546123,19,70.0469463482,38.995367504,54.3075002497,0.00633776636727,0.00630097929388,3.67870733875e-05,-0.00071304384619,1785.07811756,7750,15.5000007362,1599.72637634,529.33144616,7936,-2.49208619607e-06,2.49208619607e-06,1.40277898312,0,0,0.0794091895223,0.0496307425201,0.0784062817693,0.049055583775
15.9360007569,2728.09970193,661.280180793,-88.1634521484,-690.340698242,9.93488788605,0.694116771221,102.740394592,38.9159317017,0.97412520647,0.000232830643654,0.000465661287308,3,529.331620783,6.65237687232,-0.405961071037,98.2054009794,17.2952754359,61.8820267846,86.400526925,5150.00661835,0.00698491930962,1338.86700496,1330.29546123,19,70.0469463482,34.3480824085,53.6382067367,0.00610229605735,0.00617001205683,-6.77159994744e-05,0.000349245965481,1827.82432,7750,15.5000007362,1599.72637634,529.33144616,7968,-2.44642706093e-06,2.44642706093e-06,1.40521788597,0,0,0.0913002490997,0.0570626556873,0.0903248116374,0.0565092377365
16.00000076,2769.66998354,636.528828181,-84.8635482788,-707.42401123,11.5662946701,0.876665592194,102.740036011,38.9159088135,0.974124968052,0.000232830643654,0.000465661287308,3,529.331620783,4.12446243555,-0.957004223855,94.1185688914,15.7128176441,93.7260338105,104.699392978,5150.00475571,0.00698491930962,1338.86700496,1330.29546123,19,70.0469463482,27.3498881143,47.0808299724,0.00602839961283,0.0061063474277,-7.79478148694e-05,-0.00144973455463,1869.39462685,7750,15.5000007362,1599.72637634,529.33144616,8000,-2.48162837124e-06,2.48162837124e-06,1.41102790833,0,0,0.102395944297,0.0639974698424,0.101462543011,0.0634729638696
16.064000763,2809.28309076,600.862083957,-80.1083679199,-722.092407227,13.0893545151,1.0604865551,102.739768982,38.9159011841,0.974124789238,0.000232830643654,0.000465661287308,3,529.331620783,5.72054622386,-0.533489135667,90.2109678259,14.1030428515,109.192085802,112.868998258,5150.00615269,0.00698491930962,1338.86700496,1330.29546123,19,70.0469463482,27.7332183032,46.8485632155,0.00571684083406,0.00567888491787,3.79559161878e-05,0.00037471181713,1909.00788493,7750,15.5000007362,1599.72637634,529.33144616,8032,-2.50925540968e-06,2.50925540968e-06,1.41353619099,0,0,0.112601354718,0.0703758522868,0.111724480987,0.0698872879148
16.128000766,2846.31131217,556.386541575,-74.1787872314,-734.318969727,14.4788398743,1.24300372601,102.739494324,38.9159011841,0.974124610424,0.000232830643654,0.000465661287308,3,529.331620783,6.55140743217,-0.196480973735,86.4728118231,12.7177124488,117.243129353,119.369884487,5150.00708401,0.00745058059692,1338.86700496,1330.29546123,19,70.0469463482,28.583135645,46.9697224617,0.0062876482354,0.00634827301838,-6.06247829715e-05,0.000636646291241,1946.03608975,7750,15.5000007362,1599.72637634,529.33144616,8064,-2.49169238487e-06,2.49169238487e-06,1.41334009171,0,0,0.121829412878,0.0761433839798,0.121023088694,0.075697503984
16.1920007691,2880.26127964,505.206582602,-67.3553466797,-744.142333984,15.7162866592,1.42177700996,102.738945007,38.9158859253,0.974124193192,0.000232830643654,0.000465661287308,3,529.331620783,7.02749922049,0.108280211448,82.8966368916,11.6064301177,121.856457554,125.248727272,5150.00615269,0.00745058059692,1338.86700496,1330.29546123,19,70.0469463482,29.4463916362,47.1786952403,0.00603133415433,0.00601903593633,1.22982179995e-05,3.45607986674e-05,1979.98621945,7750,15.5000007362,1599.72637634,529.33144616,8096,-2.43726253757e-06,2.43726253757e-06,1.40904843807,0,0,0.130001574755,0.081250987947,0.129279077053,0.0808540731668
16.2560007721,2910.77117436,449.354760349,-59.9090499878,-751.656005859,16.7905521393,1.59425199032,102.738670349,38.9158744812,0.974124014378,0.000232830643654,0.000465661287308,3,529.331620783,7.32557041287,0.390723184884,79.475652923,10.7433685425,124.744765344,130.697051645,5150.00615269,0.00745058059692,1338.86700496,1330.29546123,19,70.0469463482,30.2636526612,47.3830841656,0.00620420209652,0.00630643626209,-0.000102234165578,-0.000252839527093,2010.49591601,7750,15.5000007362,1599.72637634,529.33144616,8128,-2.47347520599e-06,2.47347520599e-06,1.41400790215,0,0,0.1370485425,0.0856553390622,0.136422023177,0.0853131264448
16.3200007752,2937.60956265,390.874280129,-52.1122932434,-757.018981934,17.6984043121,1.75759375095,102.738586426,38.9158744812,0.974123954773,0.000232830643654,0.000465661287308,3,529.331620783,7.5362395631,0.687282030823,76.2032089808,10.0845815497,126.786151668,136.417671456,5150.00615269,0.00745058059692,1338.86700496,1330.29546123,19,70.0469463482,30.0657557091,47.2913270642,0.00643068759354,0.00637737684883,5.33107447076e-05,-0.000323780113831,2037.33451741,7750,15.5000007362,1599.72637634,529.33144616,8160,-2.47960019806e-06,2.47960019806e-06,1.41153085232,0,0,0.142910763621,0.0893192365766,0.142390951514,0.0890367105603
16.3840007782,2960.6714379,331.656716298,-44.2172660828,-760.431945801,18.4442844391,1.90865421295,102.738586426,38.9158859253,0.974123954773,0.000232830643654,0.000465661287308,3,529.331620783,7.75793943456,1.15362082121,73.0734598584,9.60178343075,128.934421809,145.413345308,5150.00708401,0.00745058059692,1338.86700496,1330.29546123,19,70.0469463482,25.0036209763,45.5768968095,0.00643372871645,0.00647287379252,-3.91450760695e-05,0.000512045517098,2060.39642836,7750,15.5000007362,1599.72637634,529.33144616,8192,-2.49465597335e-06,2.49465597335e-06,1.40953958035,0,0,0.14753909409,0.0922119319439,0.1471349895,0.0919932872057
16.4480007812,2979.96285371,273.242709227,-36.4293708801,-762.103210449,19.039144516,2.04410886765,102.73841095,38.9158821106,0.974123895168,0.000232830643654,0.000465661287308,3,529.331620783,30.1644807291,7.3191955304,70.0808020686,9.27130952336,129.446387291,148.620049004,5150.00708401,0.00745058059692,1338.86700496,1330.29546123,19,70.0469463482,24.06229396,44.4089710072,0.00711616948701,0.00716227077646,-4.61012894526e-05,-0.000177351466846,2079.6876687,7750,15.5000007362,1599.72637634,529.33144616,8224,-2.44795114668e-06,2.44795114668e-06,1.41539335251,0,0,0.150894880295,0.0943092927337,0.150613620877,0.0941578149796
16.5120007843,2995.57112157,216.634391109,-28.8822154999,-762.209350586,19.4983825684,2.16059732437,102.72681427,38.9603424072,0.974116206169,0.000232830643654,0.000465661287308,3,529.331620783,91.3868871161,19.7684899475,86.3014623071,16.3206183956,111.901077616,121.315366414,5150.00708401,0.00745058059692,1356.41230736,1357.60009289,19,70.0469463482,26.0172837443,45.5405679531,0.00661028315418,0.00662112142891,-1.08382747221e-05,0.000363797880709,2095.29576284,7750,15.5000007362,1599.72637634,529.33144616,8256,-2.53494886238e-06,2.53494886238e-06,1.41478848457,0,0,0.152951359749,0.0955946072936,0.152797669172,0.0955123901367
16.5760007873,3007.63710402,162.557815202,-21.6725959778,-760.91607666,19.8394565582,2.25501418114,102.714668274,39.0064735413,0.974108159542,0.000232830643654,0.000465661287308,3,529.331620783,108.622782067,23.2430989239,106.062779425,21.4879731484,76.5649383538,93.9216624829,5150.00568703,0.00745058059692,1391.74854849,1384.99366585,19,70.0469463482,33.1571864081,49.8433801113,0.00605435451773,0.00603904481977,1.53096979538e-05,-0.000451109372079,2107.36187714,7750,15.5000007362,1599.72637634,529.33144616,8288,-2.46887771027e-06,2.46887771027e-06,1.41246533394,0,0,0.153696626425,0.0960603952408,0.15367308259,0.0960486158729
16.6400007904,3016.38571545,113.967122161,-15.1943693161,-758.727539062,20.081413269,2.32514476776,102.711769104,39.0169792175,0.974106192589,0.000232830643654,0.000465661287308,3,529.331620783,109.558220189,22.48339056,108.710137871,21.7988275253,62.1272774879,81.683479948,5150.00615269,0.00745058059692,1406.18602745,1397.23182656,19,70.0469463482,36.2797654816,51.9494715263,0.00604363953327,0.00607724359725,-3.36040639759e-05,-2.36468622461e-05,2116.11063953,7750,15.5000007362,1599.72637634,529.33144616,8320,-2.4665989713e-06,2.4665989713e-06,1.41642868519,0,0,0.153122141957,0.0957013443112,0.153525337577,0.0959635302424
16.7040007934,3022.26725034,71.6521826689,-9.55284023285,-755.969909668,20.2441120148,2.37227702141,102.710960388,39.0183067322,0.974105656147,0.000232830643654,0.000465661287308,3,529.331620783,95.6273353308,18.5695670598,104.355319916,19.9245580577,59.3997392571,78.5882002674,5150.00615269,0.00745058059692,1408.91340561,1400.32707714,20,70.0466189301,38.3356564271,53.734616813,0.00627455348789,0.00621184881311,6.27046747859e-05,-0.000158252078108,2121.99203746,7750,15.5000007362,1599.72637634,529.33144616,8352,-2.42293117481e-06,2.42293117481e-06,1.40576767921,0,0,0.151232019067,0.0945200175047,0.152524799109,0.0953818187118
16.7680007964,3025.50010383,30.695769965,-4.09243345261,-752.094726562,20.3399906158,2.39616847038,102.710868835,39.0180244446,0.974105596542,0.000232830643654,0.000465661287308,3,529.331620783,26.2949028046,3.36618538729,99.8571991804,17.9128969399,59.3997392571,78.7126627984,5150.00568703,0.00745058059692,1408.91340561,1400.32707714,20,70.0466189301,39.7727344534,55.0483673578,0.00624025914275,0.00622640072834,1.3858414416e-05,-0.000638465280645,2125.2248968,7750,15.5000007362,1599.72637634,529.33144616,8384,-2.48952937909e-06,2.48952937909e-06,1.41279661655,0,0,0.148042812943,0.0925267636776,0.150368586183,0.0941027626395
16.8320007995,3026.11012012,-10.4569162431,1.394141078,-746.907226562,20.3759632111,2.39508414268,102.710868835,39.017829895,0.974105596542,0.000232830643654,0.000465661287308,3,529.331620783,3.10318818024,-1.20221676776,95.6944160331,16.3599416922,83.8298874442,99.969242001,5150.00568703,0.00745058059692,1408.91340561,1400.32707714,20,70.0466189301,27.9419473372,47.4664266221,0.00665875460326,0.00669933797326,-4.05833699979e-05,-0.00111140252557,2125.92977538,7750,15.5000007362,1599.72637634,529.33144616,8416,-2.51039637078e-06,2.51039637078e-06,1.4095505476,0,0,0.143582671881,0.0897391811013,0.146979421377,0.0920635834336
16.8960008025,3024.05981347,-52.4834540556,6.99721956253,-740.298828125,20.3558158875,2.36721086502,102.710456848,39.0176124573,0.974105358124,0.000232830643654,0.000465661287308,3,529.331620783,5.22016716337,-0.682481412415,91.7183864984,14.7157805317,104.343409475,109.994936793,5150.00754967,0.00745058059692,1408.91340561,1400.32707714,20,70.0466189301,27.4619305856,46.871136874,0.00689724116709,0.00689942680765,-2.18564055743e-06,0.000551153789274,2125.92977538,7750,15.5000007362,1599.72637634,529.33144616,8448,-2.52559402725e-06,2.52559402725e-06,1.41106259823,0,0,0.137890577316,0.0861816108227,0.142363116145,0.0892584994435
16.9600008056,3019.28678527,-95.5112773227,12.7337913513,-732.221862793,20.2802810669,2.31129026413,102.710548401,39.0174369812,0.974105417728,0.000232830643654,0.000465661287308,3,529.331620783,6.28192089233,-0.323930954638,87.914995648,13.2287843732,114.631802717,116.911374789,5150.00661835,0.00791624188423,1408.91340561,1400.32707714,20,70.0466189301,28.2393484667,46.9014048576,0.00650391313028,0.00651016307529,-6.24994500598e-06,9.09494701773e-06,2125.92977538,7750,15.5000007362,1599.72637634,529.33144616,8480,-2.37762560573e-06,2.37762560573e-06,1.40685105324,0,0,0.131016120315,0.0818850770593,0.136558115482,0.0857061892748
17.0240008086,3011.73119806,-139.368145028,18.5808944702,-722.670043945,20.1482219696,2.22667360306,102.710456848,39.0172538757,0.974105358124,0.000232830643654,0.000465661287308,3,529.331620783,6.8677728205,-0.00856737762571,84.2763693005,12.0106054491,120.308708574,122.994737467,5150.00661835,0.00791624188423,1408.91340561,1400.32707714,20,70.0466189301,29.1115429718,47.0929262519,0.00669179484047,0.0067193468567,-2.75520162241e-05,-0.00020008883439,2125.92977538,7750,15.5000007362,1599.72637634,529.33144616,8512,-2.51314213529e-06,2.51314213529e-06,1.41066110134,0,0,0.123018890619,0.0768868103623,0.129619821906,0.0814378708601
17.0880008116,3001.34066492,-184.020056622,24.5339946747,-711.622131348,19.956829071,2.11336183548,102.710548401,39.0170860291,0.974105417728,0.000232830643654,0.000465661287308,3,529.331620783,7.22267820746,0.282141282409,80.7954463292,11.0549892786,123.747740872,128.602507175,5150.00661835,0.00791624188423,1408.91340561,1400.32707714,20,70.0466189301,29.9486600852,47.3046166007,0.00665007177103,0.00660656951368,4.35022573519e-05,-8.73114913702e-05,2125.92977538,7750,15.5000007362,1599.72637634,529.33144616,8544,-2.52623931374e-06,2.52623931374e-06,1.40999019146,0,0,0.11396818608,0.0712301135063,0.121614821255,0.0764928460121
17.1520008147,2988.06605861,-229.508557823,30.5986289978,-699.048522949,19.701171875,1.97208535671,102.710548401,39.016910553,0.974105417728,0.000232830643654,0.000465661287308,3,529.331620783,7.45542344979,0.553798973309,77.4656563706,10.3209690588,126.00304035,133.842782816,5150.00568703,0.00791624188423,1408.91340561,1400.32707714,20,70.0466189301,30.6970250676,47.4799599033,0.0066977491886,0.00671752786729,-1.97786786948e-05,-0.0011295924196,2125.92977538,7750,15.5000007362,1599.72637634,529.33144616,8576,-2.54083647633e-06,2.54083647633e-06,1.4121389389,0,0,0.103942334652,0.064963966608,0.112618930638,0.0709165558219
17.2160008177,2971.84870578,-276.101171039,36.8104667664,-684.88482666,19.3731479645,1.80439937115,102.710548401,39.016746521,0.974105417728,0.000232830643654,0.000465661287308,3,529.331620783,7.66986671356,0.968898930508,74.2807879772,9.77113327092,128.080995637,141.850061482,5150.00754967,0.00791624188423,1408.91340561,1400.32707714,20,70.0466189301,27.0284908765,46.36405356,0.00670971472827,0.00680392986396,-9.42151356931e-05,0.000646650732961,2125.92977538,7750,15.5000007362,1599.72637634,529.33144616,8608,-2.61948662228e-06,2.61948662228e-06,1.41195547581,0,0,0.0930277332664,0.0581423379481,0.102715857327,0.0647596493363
17.2800008208,2952.59151608,-324.572290992,43.2727546692,-668.980041504,18.9582996368,1.61320781708,102.710090637,39.0165748596,0.974105119705,0.000232830643654,0.000465661287308,3,529.331620783,13.7182792089,2.90532464671,71.2351497638,9.38314121388,129.438660224,148.615246871,5150.00615269,0.00791624188423,1408.91340561,1400.32707714,20,70.0466189301,23.8662451011,44.7823113063,0.00681703687944,0.0068721419666,-5.510508716e-05,-0.000818545231596,2125.92977538,7750,15.5000007362,1599.72637634,529.33144616,8640,-2.5039778393e-06,2.5039778393e-06,1.41425454617,0,0,0.0813184380531,0.0508240275085,0.0919962972403,0.0580772608519
17.3440008238,2930.14454655,-375.891802832,50.1147918701,-651.131591797,18.4344463348,1.40294730663,102.710456848,39.0181922913,0.974105358124,0.000232830643654,0.000465661287308,3,529.331620783,72.3378794519,16.0648924459,70.0245694249,12.5796835393,128.450978082,136.240225402,5150.00708401,0.00791624188423,1409.9010732,1412.70202585,20,70.0466189301,24.5222017838,44.4232136942,0.00686280360318,0.00694853952155,-8.57359183648e-05,3.63797880709e-05,2125.92977538,7750,15.5000007362,1599.72637634,529.33144616,8672,-2.4981925435e-06,2.4981925435e-06,1.41102683544,0,0,0.0689153149724,0.0430720746517,0.0805569440126,0.050928413868
17.4080008268,2904.27124128,-431.885535363,57.5800132751,-630.979797363,17.7682514191,1.18010592461,102.716392517,39.0609130859,0.97410929203,0.000232830643654,0.000465661287308,3,529.331620783,105.096650306,22.6347250052,101.486165917,20.2440062796,87.4291217769,102.454505395,5150.00708401,0.00791624188423,1450.92280582,1446.48761488,20,70.0466189301,30.6769616145,48.5220225528,0.00724371135297,0.00730688043404,-6.31690810771e-05,-0.000321961124428,2125.92977538,7750,15.5000007362,1599.72637634,529.33144616,8704,-2.48682022175e-06,2.48682022175e-06,1.4172949791,0,0,0.0559256263077,0.034953519702,0.0684997364879,0.0433755591512
17.4720008299,2874.57578816,-495.847431011,66.1075668335,-607.891601562,16.9075450897,0.954401254654,102.71761322,39.0710716248,0.974110066891,0.000232830643654,0.000465661287308,3,529.331620783,110.127138965,23.0573213435,108.742674722,22.0298688313,66.0181176499,85.1845761645,5150.00568703,0.00791624188423,1472.33391181,1463.75782788,20,70.0466189301,35.2631359419,51.1543730681,0.0065361528967,0.00655927578919,-2.31228924896e-05,-0.000971340341493,2125.92977538,7750,15.5000007362,1599.72637634,529.33144616,8736,-2.49209597314e-06,2.49209597314e-06,1.41180956364,0,0,0.0424599088728,0.0265374444425,0.0559303835034,0.0354837402701
17.5360008329,2840.35899676,-574.16636264,76.5492324829,-580.672363281,15.7659168243,0.741211771965,102.717887878,39.0733795166,0.974110245705,0.000232830643654,0.000465661287308,3,529.331620783,106.763317892,21.1232996561,106.636620479,20.8836663361,59.4059201831,78.7324170233,5150.00615269,0.00791624188423,1478.9464185,1470.20968143,20,70.0466189301,37.6009993488,53.0832585355,0.00599082200514,0.00602449290454,-3.3670899402e-05,2.91038304567e-05,2125.92977538,7750,15.5000007362,1599.72637634,529.33144616,8768,-2.52265954259e-06,2.52265954259e-06,1.41041922569,0,0,0.0286326482892,0.0178954061121,0.0429567061365,0.0273195542395
17.600000836,2800.39617792,-674.633542076,89.9437561035,-547.682739258,14.1977443695,0.565679490566,102.717796326,39.072933197,0.9741101861,0.000232830643654,0.000465661287308,3,529.331620783,55.1541738442,9.67828018922,101.550140896,18.619855612,59.3957774981,78.5857337178,5150.00661835,0.00791624188423,1478.95654663,1470.35636473,21,70.04285726,39.3273330701,54.5847215108,0.00564965135785,0.00563704816159,1.26031962644e-05,0.00088220986072,2125.92977538,7750,15.5000007362,1599.72637634,529.33144616,8800,-2.52782319876e-06,2.52782319876e-06,1.40645587444,0,0,0.0145622435957,0.00910140294582,0.0296886116266,0.0189512427896
17.664000839,2753.48685682,-790.461490396,105.38621521,-509.23916626,12.0662593842,0.450565755367,102.717704773,39.0727310181,0.974110126495,0.000232830643654,0.000465661287308,3,529.331620783,2.39127358065,-1.4187848016,97.3001118165,16.9746277746,69.8954900145,92.2588951653,5150.00475571,0.00791624188423,1478.95654663,1470.35636473,21,70.04285726,30.8731068799,49.8623448948,0.00567790253703,0.00567342794966,4.4745873673e-06,-0.00101681507658,2125.92977538,7750,15.5000007362,1599.72637634,529.33144616,8832,-2.57502483691e-06,2.57502483691e-06,1.40927612782,0,0,0.000369308225345,0.000230817648116,0.0162370912731,0.0104480851442
17.728000842,2701.24874078,-806.968135294,107.586921692,-481.424407959,9.43653869629,0.40248170495,102.717521667,39.0725402832,0.974110007286,0.000232830643654,0.000465661287308,3,529.331620783,4.56561025409,-0.850985693669,93.2535882134,15.3557958419,98.0007534963,106.74449004,5150.00568703,0.00791624188423,1478.95654663,1470.35636473,21,70.04285726,27.3158002528,46.9728438475,0.00565073138281,0.00576255843043,-0.000111827047622,-0.00017462298274,2125.92977538,7750,15.5000007362,1599.72637634,529.33144616,8864,-2.44332841248e-06,2.44332841248e-06,1.41281831264,0,0,0,0,0.00710278656334,0.00461396295577
17.7920008451,2652.89121307,-697.055715136,92.9331359863,-472.366912842,6.97520875931,0.366406351328,102.71761322,39.0723762512,0.974110066891,0.000232830643654,0.000465661287308,3,529.331620783,5.9424205176,-0.457368775666,89.383636723,13.7823100392,111.342043965,114.337359264,5150.00522137,0.00791624188423,1478.95654663,1470.35636473,21,70.04285726,27.9048908851,46.8557300337,0.00532462068881,0.00540239852853,-7.77778397243e-05,-0.000280124368146,2125.92977538,7750,15.5000007362,1599.72637634,529.33144616,8896,-2.5044753329e-06,2.5044753329e-06,1.41181743145,0,0,0,0,0.00315400375985,0.00205730576999
17.8560008481,2612.91977949,-555.50027173,74.0606231689,-471.640106201,5.0232424736,0.310771197081,102.717704773,39.0722084045,0.974110126495,0.000232830643654,0.000465661287308,3,529.331620783,6.67387567704,-0.129080482991,85.6813723387,12.4555296702,118.429845315,120.670039905,5150.00568703,0.00791624188423,1478.95654663,1470.35636473,21,70.04285726,28.7706061499,47.0095110359,0.00548854289795,0.0055406417232,-5.20988252539e-05,4.72937244922e-05,2125.92977538,7750,15.5000007362,1599.72637634,529.33144616,8928,-2.50161588156e-06,2.50161588156e-06,1.40717291832,0,0,0,0,0.00140974624082,0.000921236292925
17.9200008512,2581.8743743,-421.959877713,56.2566986084,-474.221496582,3.57412385941,0.246619343758,102.717521667,39.0720405579,0.974110007286,0.000232830643654,0.000465661287308,3,529.331620783,7.10153987523,0.170488334667,82.1395727878,11.4007729756,122.57391063,126.448721858,5150.00568703,0.00791624188423,1478.95654663,1470.35636473,21,70.04285726,29.6257185255,47.2220599477,0.00548997108885,0.00547152012587,1.84509629797e-05,0.000116415321827,2125.92977538,7750,15.5000007362,1599.72637634,529.33144616,8960,-2.46427407546e-06,2.46427407546e-06,1.41421914101,0,0,0,0,0.000631949340459,0.00041330078966
17.9840008542,2558.6578995,-311.204668833,41.4905509949,-477.603851318,2.52711105347,0.187177106738,102.717521667,39.07188797,0.974110007286,0.000232830643654,0.000465661287308,3,529.331620783,7.37378237862,0.448620794551,78.7514333124,10.5852064494,125.211940031,131.813896587,5150.00522137,0.00791624188423,1478.95654663,1470.35636473,21,70.04285726,30.4318964481,47.4207117804,0.00514124381956,0.0051823008107,-4.10569911402e-05,-6.0026650317e-05,2125.92977538,7750,15.5000007362,1599.72637634,529.33144616,8992,-2.63532751887e-06,2.63532751887e-06,1.41793715954,0,0,0,0,0.000283653091174,0.000185579614481
18.0480008572,2541.70387052,-225.260286243,30.0322399139,-480.749053955,1.78082025051,0.13804268837,102.717247009,39.0717124939,0.974109828472,0.000232830643654,0.000465661287308,3,529.331620783,7.58134031151,0.779886984244,75.5105959688,9.96562464041,127.223174786,138.204020914,5150.00615269,0.00791624188423,1478.95654663,1470.35636473,21,70.04285726,29.1677679343,47.0335507998,0.00532901184291,0.00530235411134,2.66577315777e-05,0.000751242623664,2125.92977538,7750,15.5000007362,1599.72637634,529.33144616,9024,-2.51502297033e-06,2.51502297033e-06,1.40906226635,0,0,0,0,0.000127393039293,8.33603698993e-05
18.1120008603,2529.50820141,-161.137009854,21.483171463,-483.318145752,1.25300908089,0.0998732373118,102.717247009,39.0715675354,0.974109828472,0.000232830643654,0.000465661287308,3,529.331620783,7.80902181417,1.24685662476,72.4110763789,9.5174848233,129.360385472,147.175480379,5150.00568703,0.00791624188423,1478.95654663,1470.35636473,21,70.04285726,24.1195994022,45.1563719253,0.0051799257661,0.00516956788488,1.03578812194e-05,0.000418367562816,2125.92977538,7750,15.5000007362,1599.72637634,529.33144616,9056,-2.49963136412e-06,2.49963136412e-06,1.42041802406,0,0,0,0,5.72291537537e-05,3.74509800167e-05
18.1760008633,2520.81803046,-114.42154937,15.2549543381,-485.285339355,0.881066501141,0.0713765248656,102.717201233,39.0714149475,0.974109828472,0.000232830643654,0.000465661287308,3,529.331620783,43.1327413954,10.6811863137,69.4475860227,9.45740664903,129.433959955,147.789207404,5150.00522137,0.00791624188423,1478.95654663,1471.18640598,21,70.04285726,24.1329198616,44.2938398919,0.00544965667038,0.00546788214706,-1.82254766834e-05,-0.000345607986674,2125.92977538,7750,15.5000007362,1599.72637634,529.33144616,9088,-2.52520067079e-06,2.52520067079e-06,1.41890954971,0,0,0,0,2.57122446783e-05,1.68267451954e-05
18.2400008664,2514.66175541,-80.8826007415,10.7834615707,-486.738189697,0.619390368462,0.050624486059,102.788551331,39.04479599,0.974157035351,0.000232830643654,0.000465661287308,3,529.331620783,97.8328020318,21.1185440167,93.1129516679,18.0094911735,102.28024621,113.857036922,5150.00568703,0.00791624188423,1506.11018762,1505.11856191,21,70.04285726,27.4218018603,46.5324737888,0.00593425841799,0.00601357896812,-7.93205501282e-05,-0.00042564352043,2125.92977538,7750,15.5000007362,1599.72637634,529.33144616,9120,-2.44621014645e-06,2.44621014645e-06,1.41171789169,0,0,0,0,1.15527527669e-05,7.56052577344e-06
18.3040008694,2510.31643711,-57.0220581722,7.60231733322,-487.788665771,0.435420006514,0.0357454828918,102.826789856,39.0303764343,0.97418230772,0.000232830643654,0.000465661287308,3,529.331620783,109.559780376,23.3016278987,107.47479964,21.8366895202,72.0872412785,90.2955143829,5150.00615269,0.00791624188423,1536.30319983,1528.68020814,21,70.04285726,34.0197984769,50.3267328895,0.00610530026535,0.00617910700385,-7.38067384987e-05,-0.000125510268845,2125.92977538,7750,15.5000007362,1599.72637634,529.33144616,9152,-2.50651669376e-06,2.50651669376e-06,1.40799582005,0,0,0,0,5.19088143847e-06,3.39711687047e-06
18.3680008724,2507.25541264,-40.1347824663,5.35086536407,-488.539215088,0.306121051311,0.0251747015864,102.836021423,39.0270042419,0.974188446999,0.000232830643654,0.000465661287308,3,529.331620783,108.836791335,22.0657659433,108.235394307,21.5400526192,60.741273046,80.3283110145,5150.00615269,0.00791624188423,1547.64950275,1538.64745516,21,70.04285726,36.7752982129,52.3631497344,0.00631985574984,0.0063610059442,-4.11501943631e-05,-0.000307409209199,2125.92977538,7750,15.5000007362,1599.72637634,529.33144616,9184,-2.51623487202e-06,2.51623487202e-06,1.41894698143,0,0,0,0,2.33239097724e-06,1.52641314344e-06
18.4320008755,2505.10219485,-28.2225482806,3.76269769669,-489.071594238,0.215285152197,0.01769775711,102.836708069,39.0266990662,0.974188864231,0.000232830643654,0.000465661287308,3,529.331620783,83.5858072381,15.9256000049,103.311899296,19.4311453589,59.3960940023,78.5879019531,5150.00568703,0.00791624188423,1548.9946818,1540.38798064,22,70.0379096088,38.70422006,54.0536093467,0.00592650994946,0.00592262949795,3.88045151567e-06,-0.000334694050252,2125.92977538,7750,15.5000007362,1599.72637634,529.33144616,9216,-2.46874810728e-06,2.46874810728e-06,1.40774440765,0,0,0,0,1.04800597001e-06,6.85859276928e-07
18.4960008785,2503.58833,-19.8375582841,2.64479064941,-489.447174072,0.151460677385,0.0124301882461,102.836341858,39.0267219543,0.974188625813,0.000232830643654,0.000465661287308,3,529.331620783,13.6988647733,1.0432700033,98.9350849058,17.5645577963,59.3960940023,81.9528286229,5150.00615269,0.00791624188423,1548.9946818,1540.38798064,22,70.0379096088,37.3700349883,55.2730016352,0.00612601613881,0.0061536411522,-2.76250133879e-05,-0.000100044417195,2125.92977538,7750,15.5000007362,1599.72637634,529.33144616,9248,-2.56532393905e-06,2.56532393905e-06,1.41196298599,0,0,0,0,4.70898356753e-07,3.08175771124e-07
18.5600008816,2502.52429396,-13.941031284,1.85865163803,-489.711608887,0.106610737741,0.00872645620257,102.836021423,39.0267410278,0.974188446999,0.000232830643654,0.000465661287308,3,529.331620783,3.69739978821,-1.05789446439,94.8153057771,16.0072296311,89.5877965377,102.753219835,5150.00615269,0.00791624188423,1548.9946818,1540.38798064,22,70.0379096088,27.497395422,47.2075153084,0.00651910259108,0.00657564669382,-5.65441027334e-05,-0.000522049958818,2125.92977538,7750,15.5000007362,1599.72637634,529.33144616,9280,-2.49279605669e-06,2.49279605669e-06,1.41538202763,0,0,0,0,2.11587860122e-07,1.38472032063e-07
18.6240008846,2501.77667476,-9.79788092081,1.30627691746,-489.897399902,0.0750917568803,0.00612396933138,102.835754395,39.0267486572,0.974188268185,0.000232830643654,0.000465661287308,3,529.331620783,5.50830681533,-0.599467223606,90.8775850514,14.3758869057,107.13548545,111.596280476,5150.00661835,0.00791624188423,1548.9946818,1540.38798064,22,70.0379096088,27.6006157947,46.8488797196,0.00685447876236,0.00687941792421,-2.49391618468e-05,-0.000360159901902,2125.92977538,7750,15.5000007362,1599.72637634,529.33144616,9312,-2.56849580182e-06,2.56849580182e-06,1.4119040966,0,0,0,0,9.50723659798e-08,6.22193567779e-08
18.6880008876,2501.25140883,-6.88472209731,0.917887628078,-490.028259277,0.0529436357319,0.00429450534284,102.835395813,39.0267601013,0.974188029766,0.000232830643654,0.000465661287308,3,529.331620783,6.43532093679,-0.253773599044,87.1105619328,12.943195132,116.118251754,118.264710181,5150.00615269,0.00791624188423,1548.9946818,1540.38798064,22,70.0379096088,28.4265188384,46.9344013254,0.00630912300181,0.00626641849522,4.27045065976e-05,-0.000212821760215,2125.92977538,7750,15.5000007362,1599.72637634,529.33144616,9344,-2.41721181737e-06,2.41721181737e-06,1.41840577126,0,0,0,0,4.2718671267e-08,2.79568972417e-08
18.7520008907,2500.8819066,-4.84120755573,0.645441353321,-490.119506836,0.0373529866338,0.00301396497525,102.83530426,39.0267868042,0.974187970161,0.000232830643654,0.000465661287308,3,529.331620783,6.95751560047,0.0556058959275,83.506713831,11.7838216947,121.178316476,124.232639791,5150.00661835,0.00791624188423,1548.9946818,1540.38798064,22,70.0379096088,29.2950771836,47.1374369226,0.00625404172894,0.00629916030448,-4.51185755423e-05,0.000220097717829,2125.92977538,7750,15.5000007362,1599.72637634,529.33144616,9376,-2.56314547187e-06,2.56314547187e-06,1.41764950752,0,0,0,0,1.91946973871e-08,1.25618173641e-08
18.8160008937,2500.6220676,-3.40539531862,0.454015433788,-490.183532715,0.0263914447278,0.00211367942393,102.834938049,39.0267906189,0.974187672138,0.000232830643654,0.000465661287308,3,529.331620783,7.27971429239,0.341749094501,80.0591700648,10.8795955463,124.300422613,129.752341309,5150.00615269,0.00791624188423,1548.9946818,1540.38798064,22,70.0379096088,30.1215022773,47.3457512271,0.00612887962603,0.00619365891907,-6.47792930408e-05,-0.000140062184073,2125.92977538,7750,15.5000007362,1599.72637634,529.33144616,9408,-2.58283557741e-06,2.58283557741e-06,1.41771090031,0,0,0,0,8.62471516427e-09,5.64437740991e-09
18.8800008968,2500.43929555,-2.39595578932,0.319434553385,-490.228485107,0.0186652876437,0.00148406426888,102.834754944,39.0268058777,0.974187612534,0.000232830643654,0.000465661287308,3,529.331620783,7.49767942121,0.620528828134,76.7614628181,10.187301164,126.412502141,135.130001581,5150.00615269,0.00791624188423,1548.9946818,1540.38798064,22,70.0379096088,30.528564821,47.421464842,0.00596939830899,0.00591535354033,5.40447686603e-05,0.000138243194669,2125.92977538,7750,15.5000007362,1599.72637634,529.33144616,9440,-2.55438158092e-06,2.55438158092e-06,1.41412043571,0,0,0,0,3.8753262821e-09,2.5361772682e-09
18.9440008998,2500.3105402,-1.68826068148,0.225082948804,-490.259674072,0.0132249183953,0.00104113621637,102.834480286,39.0268096924,0.974187374115,0.000232830643654,0.000465661287308,3,529.331620783,7.71723174698,1.07187960602,73.6073440194,9.67451706291,128.539963043,143.836557982,5150.00568703,0.00791624188423,1548.9946818,1540.38798064,22,70.0379096088,25.8699001279,45.9360708192,0.00613332051813,0.0061545506469,-2.12301287661e-05,-0.000566615199205,2125.92977538,7750,15.5000007362,1599.72637634,529.33144616,9472,-2.54224346463e-06,2.54224346463e-06,1.42115235329,0,0,0,0,1.74129222152e-09,1.13957576708e-09
19.0080009028,2500.22020191,-1.18857212783,0.158463284373,-490.282012939,0.00938715599477,0.000731516687665,102.834388733,39.0268363953,0.97418731451,0.000232830643654,0.000465661287308,3,529.331620783,21.4449965978,4.97969560926,70.5912394805,9.31836325193,129.432213726,148.617866216,5150.00661835,0.00791624188423,1548.9946818,1540.38798064,22,70.0379096088,24.009423214,44.5548394055,0.00599165517201,0.00596719473833,2.44604336785e-05,0.000552063283976,2125.92977538,7750,15.5000007362,1599.72637634,529.33144616,9504,-2.4949474664e-06,2.4949474664e-06,1.41297733784,0,0,0,0,7.82411746503e-10,5.12043407674e-10
19.0720009059,2500.15617348,-0.837998868519,0.1117240116,-490.297363281,0.00668488815427,0.000511759717483,102.87928009,39.0055656433,0.974216938019,0.000232830643654,0.000465661287308,3,529.331620783,84.1321948669,18.2944504801,79.2219651045,14.6869509555,120.163655083,128.028477775,5150.00568703,0.00791624188423,1558.26332048,1560.97742729,22,70.0379096088,25.1651526924,44.8972641607,0.00594376609042,0.00592990545556,1.38606348621e-05,-0.000341970007867,2125.92977538,7750,15.5000007362,1599.72637634,529.33144616,9536,-2.52821882896e-06,2.52821882896e-06,1.40912187099,0,0,0,0,3.51559559242e-10,2.30075458685e-10
19.1360009089,2500.11100434,-0.591890170654,0.0789122134447,-490.308013916,0.00476144626737,0.000362658436643,102.982566833,38.9566268921,0.974284946918,0.000232830643654,0.000465661287308,3,529.331620783,107.344439817,23.0565595622,104.333924116,21.0288003211,81.03151049,97.4715512712,5150.00615269,0.00791624188423,1597.39574883,1591.53447021,22,70.0379096088,32.2371779475,49.3572224514,0.00531604421594,0.00518411980011,0.000131924415836,0.000869476934895,2125.92977538,7750,15.5000007362,1599.72637634,529.33144616,9568,-2.51348365055e-06,2.51348365055e-06,1.4113587141,0,0,0,0,1.57965598935e-10,1.0337934675e-10
19.200000912,2500.07933937,-0.419034620336,0.0558666959405,-490.315551758,0.00340868183412,0.000255091814324,103.005531311,38.9456596375,0.974300026894,0.000232830643654,0.000465661287308,3,529.331620783,109.925369471,22.7768411643,108.849646394,21.9460161223,63.6547993054,83.097787865,5150.00568703,0.00791624188423,1614.77224901,1605.90803716,22,70.0379096088,35.837671021,51.5902611369,0.00547395523354,0.00540967448615,6.42807473916e-05,0.000178260961547,2125.92977538,7750,15.5000007362,1599.72637634,529.33144616,9600,-2.51410870078e-06,2.51410870078e-06,1.41204214096,0,0,0,0,7.09783481989e-11,4.645123175e-11
19.264000915,2500.0567548,-0.298268872712,0.03976592049,-490.320587158,0.0024551814422,0.0001768120419,103.009346008,38.943687439,0.974302530289,0.000232830643654,0.000465661287308,3,529.331620783,102.622948694,20.1083176501,105.275449164,20.3623442416,59.3917175138,78.5850570537,5150.00615269,0.00791624188423,1619.03526168,1610.4207607,23,70.0404852978,38.0118945031,53.4461069037,0.0052012098517,0.00524778442923,-4.6574577528e-05,0.000805812305771,2125.92977538,7750,15.5000007362,1599.72637634,529.33144616,9632,-2.57939655057e-06,2.57939655057e-06,1.41289901733,0,0,0,0,3.18925615084e-11,2.08718407141e-11
19.328000918,2500.04068948,-0.210869146144,0.0281135793775,-490.324371338,0.00177438009996,0.000122715238831,103.008705139,38.9439811707,0.974302113056,0.000232830643654,0.000465661287308,3,529.331620783,38.8474469699,6.09651275755,100.608747695,18.2213029956,59.3917175138,78.5850570537,5150.00522137,0.00791624188423,1619.03526168,1610.4207607,23,70.0404852978,39.6406067011,54.8433126824,0.00520421900019,0.005233232514,-2.90135138137e-05,-0.000110958353616,2125.92977538,7750,15.5000007362,1599.72637634,529.33144616,9664,-2.53436883213e-06,2.53436883213e-06,1.41317880154,0,0,0,0,1.43302210376e-11,9.37830282183e-12
19.3920009211,2500.02951361,-0.149373178715,0.0199147891253,-490.327056885,0.00128411629703,8.77611382748e-05,103.008338928,38.9441566467,0.974301815033,0.000232830643654,0.000465661287308,3,529.331620783,2.5189158953,-1.3538238336,96.409054779,16.644285714,78.1682902016,97.0447435975,5150.00429004,0.00791624188423,1619.03526168,1610.4207607,23,70.0404852978,28.7488783215,47.9396549053,0.00465115029824,0.00461113813799,4.00121602517e-05,-0.000420186552219,2125.92977538,7750,15.5000007362,1599.72637634,529.33144616,9696,-2.55923691839e-06,2.55923691839e-06,1.41403412819,0,0,0,0,6.43896958322e-12,4.21393475669e-12
19.4560009241,2500.02113171,-0.105099459802,0.0140121113509,-490.328857422,0.000933620613068,6.39520294499e-05,103.007987976,38.944316864,0.974301636219,0.000232830643654,0.000465661287308,3,529.331620783,4.94390562276,-0.755940316209,92.4018068611,15.0032156276,101.66643915,108.577914943,5150.00475571,0.00791624188423,1619.03526168,1610.4207607,23,70.0404852978,27.3724363069,46.9035840069,0.00461960220077,0.00460022420157,1.93779992053e-05,5.63886715099e-05,2125.92977538,7750,15.5000007362,1599.72637634,529.33144616,9728,-2.48316587204e-06,2.48316587204e-06,1.40965747833,0,0,0,0,2.89320932663e-12,1.89343896465e-12
19.5200009272,2500.01554377,-0.0759851914722,0.0101305274293,-490.33001709,0.000681341043673,4.75379674754e-05,103.007896423,38.9444999695,0.974301576614,0.000232830643654,0.000465661287308,3,529.331620783,6.13667108362,-0.383775621654,88.5687138654,13.4743608691,113.2243342,115.756971354,5150.00382438,0.00791624188423,1619.03526168,1610.4207607,23,70.0404852978,28.0851199932,46.8752987217,0.00432600594236,0.00432009983342,5.90610893525e-06,-0.000594809534959,2125.92977538,7750,15.5000007362,1599.72637634,529.33144616,9760,-2.57638725998e-06,2.57638725998e-06,1.41166782379,0,0,0,0,1.30000014659e-12,8.50775450523e-13
19.5840009302,2500.01158565,-0.0523874135183,0.00698441499844,-490.331207275,0.000505422416609,3.54324474756e-05,103.007255554,38.944644928,0.974301159382,0.000232830643654,0.000465661287308,3,529.331620783,6.78354517224,-0.0629182945685,84.9017258146,12.2067952612,119.492542581,121.946308354,5150.00335872,0.00791624188423,1619.03526168,1610.4207607,23,70.0404852978,28.9570507448,47.0526792924,0.00388947690722,0.00386353349313,2.59434140837e-05,-0.000603904481977,2125.92977538,7750,15.5000007362,1599.72637634,529.33144616,9792,-2.56122143583e-06,2.56122143583e-06,1.41128146648,0,0,0,0,5.84126551382e-13,3.82277299009e-13
19.6480009332,2500.00879169,-0.0379472169243,0.0050592138432,-490.331756592,0.000386528321542,2.52288627962e-05,103.006980896,38.9447898865,0.974300980568,0.000232830643654,0.000465661287308,3,529.331620783,7.16924776521,0.231729352735,81.3937083338,11.2068813258,123.22999828,127.630060888,5150.00335872,0.00791624188423,1619.03526168,1610.4207607,23,70.0404852978,29.8026970995,47.265770263,0.00403704242258,0.00401996658184,1.70758407414e-05,-0.000760337570682,2125.92977538,7750,15.5000007362,1599.72637634,529.33144616,9824,-2.60457113654e-06,2.60457113654e-06,1.41610062122,0,0,0,0,2.62464420857e-13,1.71767873362e-13
19.7120009363,2500.00669621,-0.0286694827878,0.00382228405215,-490.331970215,0.000283646251773,2.23633051064e-05,103.00680542,38.9449462891,0.974300861359,0.000232830643654,0.000465661287308,3,529.331620783,7.41864873279,0.505653903773,78.0380544355,10.4366783259,125.64669305,132.914065034,5150.00382438,0.00791624188423,1619.03526168,1610.4207607,23,70.0404852978,30.5977264361,47.4578955618,0.00388652815486,0.00390900822822,-2.24800733584e-05,-0.000183717929758,2125.92977538,7750,15.5000007362,1599.72637634,529.33144616,9856,-2.52984636973e-06,2.52984636973e-06,1.40891730785,0,0,0,0,1.17932641192e-13,7.71801174945e-14
19.7760009393,2500.00506639,-0.0220799147854,0.00294374697842,-490.332061768,0.000199541609618,2.17315864575e-05,103.006355286,38.9450874329,0.974300563335,0.000232830643654,0.000465661287308,3,529.331620783,7.628437989,0.88157992205,74.8282230553,9.85540624151,127.679551952,140.165677294,5150.00429004,0.00791624188423,1619.03526168,1610.4207607,23,70.0404852978,28.0334224954,46.6918136226,0.00388362203507,0.00391719368054,-3.35716454636e-05,0.000273757905234,2125.92977538,7750,15.5000007362,1599.72637634,529.33144616,9888,-2.57244732893e-06,2.57244732893e-06,1.41004443169,0,0,0,0,5.29904455547e-14,3.46791890452e-14
19.8400009423,2500.00390224,-0.0148170746783,0.00197544787079,-490.332458496,0.000147372105857,1.86716897588e-05,103.005989075,38.9452056885,0.974300324917,0.000232830643654,0.000465661287308,3,529.331620783,9.67861896215,1.81200369003,71.7586180306,9.44040299482,129.426523927,148.447521497,5150.00429004,0.00791624188423,1619.03526168,1610.4207607,23,70.0404852978,23.6656651396,44.9748295068,0.00386124349161,0.00392810761696,-6.68641253476e-05,0.000262843968812,2125.92977538,7750,15.5000007362,1599.72637634,529.33144616,9920,-2.57449369201e-06,2.57449369201e-06,1.41245603561,0,0,0,0,2.38100961473e-14,1.55823331939e-14
19.9040009454,2500.00297092,-0.00958045376365,0.00127728900407,-490.332702637,0.000123183621326,1.35127047542e-05,103.005622864,38.9453468323,0.974300086498,0.000232830643654,0.000465661287308,3,529.331620783,58.5457303481,13.8125002007,68.8238702683,10.900430997,129.426523927,142.515491461,5150.00382438,0.00791624188423,1619.03526168,1616.52290262,23,70.0404852978,24.2600581259,44.274605898,0.00373603387116,0.00375075615011,-1.47222789515e-05,-2.54658516496e-05,2125.92977538,7750,15.5000007362,1599.72637634,529.33144616,9952,-2.51273331742e-06,2.51273331742e-06,1.41610980034,0,0,0,0,1.0698543661e-14,7.00157900069e-15
19.9680009484,2500.00273809,-0.0062099312359,0.000827922893222,-490.33303833,0.000106142790173,1.06223760667e-05,103.111045837,38.9088668823,0.974369108677,0.000232830643654,0.000465661287308,3,529.331620783,102.384672297,22.0798717156,98.2501556301,19.3640316949,93.6675496632,107.260559162,5150.00382438,0.00791624188423,1654.79420684,1651.77753661,23,70.0404852978,29.1546402877,47.6398017781,0.00381664494453,0.0037434801925,7.31647520347e-05,-1.81898940355e-05,2125.92977538,7750,15.5000007362,1599.72637634,529.33144616,9984,-2.51147434938e-06,2.51147434938e-06,1.40814650059,0,0,0,0,4.80715676819e-15,3.14600636225e-15
20.0320009515,2500.00227243,-0.0040919636568,0.000545550370589,-490.333068848,9.39236924751e-05,9.05833258003e-06,103.145606995,38.8969459534,0.974391698837,0.000232830643654,0.000465661287308,3,529.331620783,110.0208485,23.216599556,108.342615024,22.0040781398,68.4651968186,87.2829914442,5150.00475571,0.00791624188423,1679.9964942,1671.75522074,23,70.0404852978,34.7355271515,50.7812619617,0.0043261893512,0.00430190993939,2.42794118144e-05,0.000354702933691,2125.92977538,7750,15.5000007362,1599.72637634,529.33144616,10016,-2.51063329415e-06,2.51063329415e-06,1.40737247467,0,0,0,0,2.15998991967e-15,1.41358903935e-15
20.0960009545,2500.0020396,-0.00267336863757,0.000356419885065,-490.3331604,8.62986271386e-05,7.91562251834e-06,103.154029846,38.8941307068,0.974397242069,0.000232830643654,0.000465661287308,3,529.331620783,107.864904908,21.5900298666,107.48905374,21.2091080921,59.8157639615,79.3175204308,5150.00475571,0.00791624188423,1688.6460362,1679.72070631,23,70.0404852978,37.2375943698,52.7620068169,0.00428605789748,0.00432737579104,-4.1317893551e-05,0.000329237082042,2125.92977538,7750,15.5000007362,1599.72637634,529.33144616,10048,-2.54340579886e-06,2.54340579886e-06,1.41831350327,0,0,0,0,9.70543797612e-16,6.35165231432e-16
20.1600009575,2500.0020396,-0.00174430137001,0.000232554433751,-490.333282471,8.14024533611e-05,7.14662883183e-06,103.153388977,38.8943901062,0.974396824837,0.000232830643654,0.000465661287308,3,529.331620783,68.7015311234,12.6559568907,102.327619273,18.9740271436,59.39271432,78.5864394857,5150.00429004,0.00791624188423,1689.06908948,1680.45191094,24,70.0338205206,39.0518944187,54.3508103874,0.00437404484854,0.0043619365897,1.210825884e-05,-0.000170985003933,2125.92977538,7750,15.5000007362,1599.72637634,529.33144616,10080,-2.626765081e-06,2.626765081e-06,1.41307067871,0,0,0,0,4.36092557083e-16,2.85397560712e-16
20.2240009606,2500.00180677,-0.0010837591935,0.000144489371451,-490.333251953,7.81145281508e-05,6.67143285682e-06,103.152946472,38.8945655823,0.974396526814,0.000232830643654,0.000465661287308,3,529.331620783,5.65236771419,-0.641317583114,98.0289533886,17.2396654018,62.9714486422,87.3751559993,5150.00568703,0.00791624188423,1689.06908948,1680.45191094,24,70.0338205206,33.7266064889,52.9906319571,0.00500579194762,0.00504951458424,-4.37226366223e-05,0.00053842086345,2125.92977538,7750,15.5000007362,1599.72637634,529.33144616,10112,-2.53597227129e-06,2.53597227129e-06,1.41322171688,0,0,0,0,1.95948605081e-16,1.2823712215e-16
20.2880009636,2500.00180677,-0.000745100980915,9.93386420305e-05,-490.333312988,7.60152033763e-05,6.34691014056e-06,103.152305603,38.8947219849,0.974396109581,0.000232830643654,0.000465661287308,3,529.331620783,4.20165688313,-0.938431055273,93.9501053545,15.6509888378,94.474045909,105.057668407,5150.00615269,0.00791624188423,1689.06908948,1680.45191094,24,70.0338205206,27.3353271041,47.0562517876,0.00546605311014,0.00546242517885,3.62793128872e-06,0.000591171556152,2125.92977538,7750,15.5000007362,1599.72637634,529.33144616,10144,-2.59841249317e-06,2.59841249317e-06,1.41248607635,0,0,0,0,8.80451838095e-17,5.76205412026e-17
20.3520009667,2500.00180677,-0.000487299367524,6.49679132039e-05,-490.333343506,7.45999714127e-05,6.14623695583e-06,103.151763916,38.8948669434,0.974395751953,0.000232830643654,0.000465661287308,3,529.331620783,5.75824157918,-0.520655306965,90.0499682806,14.0466792766,109.557353426,113.116562716,5150.00568703,0.00791624188423,1689.06908948,1680.45191094,24,70.0338205206,27.7608633041,46.8455291411,0.00553611262388,0.00558793544769,-5.182282381e-05,0,2125.92977538,7750,15.5000007362,1599.72637634,529.33144616,10176,-2.59285593529e-06,2.59285593529e-06,1.42099988461,0,0,0,0,3.95611601837e-17,2.58905281798e-17
20.4160009697,2500.00180677,-0.000318070847438,4.24059653596e-05,-490.333374023,7.36940128263e-05,6.00923658567e-06,103.1510849,38.8950004578,0.974395275116,0.000232830643654,0.000465661287308,3,529.331620783,6.57128974066,-0.185208705114,86.3187781818,12.6710954626,117.435789434,119.587326481,5150.00522137,0.00791624188423,1689.06908948,1680.45191094,24,70.0338205206,28.6142767436,46.9728547614,0.00524402271607,0.0052841642173,-4.01415012341e-05,-0.000161890056916,2125.92977538,7750,15.5000007362,1599.72637634,529.33144616,10208,-2.46379408964e-06,2.46379408964e-06,1.40827465057,0,0,0,0,1.77759376558e-17,1.1633335786e-17
20.4800009727,2500.00180677,-0.00020753262997,2.76687460428e-05,-490.333374023,7.31048421585e-05,5.91923344473e-06,103.150810242,38.895149231,0.974395096302,0.000232830643654,0.000465661287308,3,529.331620783,7.03876708277,0.118669481593,82.7492981358,11.5694168862,121.965640574,125.449136249,5150.00615269,0.00791624188423,1689.06908948,1680.45191094,24,70.0338205206,29.4763049169,47.1826679131,0.00527832061392,0.00534600985702,-6.76892430995e-05,0.000707586877979,2125.92977538,7750,15.5000007362,1599.72637634,529.33144616,10240,-2.55927147919e-06,2.55927147919e-06,1.41097557545,0,0,0,0,7.98722704349e-18,5.22718300616e-18
20.5440009758,2500.00180677,-0.000135507008392,1.80661190825e-05,-490.333374023,7.27174628992e-05,5.86137321079e-06,103.150268555,38.8952789307,0.974394738674,0.000232830643654,0.000465661287308,3,529.331620783,7.33227399665,0.40039277715,79.3347453592,10.714500511,124.809725094,130.883578095,5150.00522137,0.00791624188423,1689.06908948,1680.45191094,24,70.0338205206,30.2917414956,47.3861582577,0.00538416305984,0.00538238964509,1.77341474838e-06,-0.000260115484707,2125.92977538,7750,15.5000007362,1599.72637634,529.33144616,10272,-2.69837119049e-06,2.69837119049e-06,1.40621173382,0,0,0,0,3.58888438778e-18,2.34871979234e-18
20.6080009788,2500.00180677,-8.84723544425e-05,1.17953459267e-05,-490.333404541,7.24647543393e-05,5.82351913181e-06,103.149726868,38.8954086304,0.974394381046,0.000232830643654,0.000465661287308,3,529.331620783,7.54199000466,0.701809838617,76.0685128644,10.0623388179,126.841870951,136.697912239,5150.00568703,0.00791624188423,1689.06908948,1680.45191094,24,70.0338205206,29.9392449961,47.2519604955,0.00531565963469,0.00536238076165,-4.67211269672e-05,0.00022555468604,2125.92977538,7750,15.5000007362,1599.72637634,529.33144616,10304,-2.64258028437e-06,2.64258028437e-06,1.41206204891,0,0,0,0,1.61258622603e-18,1.05534545983e-18
20.6720009819,2500.00157394,-5.77504571941e-05,7.69942926127e-06,-490.333282471,7.23001139704e-05,5.79870174988e-06,103.149360657,38.8955345154,0.974394142628,0.000232830643654,0.000465661287308,3,529.331620783,7.76378280977,1.16934881222,72.9445942988,9.58548112807,128.991043312,145.716738189,5150.00522137,0.00791624188423,1689.06908948,1680.45191094,24,70.0338205206,24.8438918788,45.5019289802,0.00526936067002,0.00519594323123,7.34174387951e-05,-7.36690708436e-05,2125.92977538,7750,15.5000007362,1599.72637634,529.33144616,10336,-2.62746766566e-06,2.62746766566e-06,1.41635119915,0,0,0,0,7.24580334697e-19,4.74196433891e-19
20.7360009849,2500.00157394,-3.77002595808e-05,5.02628881804e-06,-490.333282471,7.2192553489e-05,5.78253047934e-06,103.149177551,38.8956642151,0.974394023418,0.000232830643654,0.000465661287308,3,529.331620783,32.1373917175,7.85003348178,69.9576864928,9.26006134653,129.428459331,148.618535604,5150.00522137,0.00791624188423,1689.06908948,1680.45191094,24,70.0338205206,24.0723366005,44.3816934421,0.00545267803131,0.00542422640137,2.84516299409e-05,-0.000301952240989,2125.92977538,7750,15.5000007362,1599.72637634,529.33144616,10368,-2.61560012405e-06,2.61560012405e-06,1.41474294662,0,0,0,0,3.25574282445e-19,2.13069796298e-19
20.8000009879,2500.00157394,-2.46119773867e-05,3.28132773575e-06,-490.333282471,7.21223041182e-05,5.77198215979e-06,103.180397034,38.9045600891,0.974414408207,0.000232830643654,0.000465661287308,3,529.331620783,92.5986247766,20.02216861,87.5468721654,16.6231645953,110.231383587,120.014461572,5150.00522137,0.00791624188423,1708.26609246,1709.05585401,24,70.0338205206,26.2234680122,45.6886446045,0.00551676991589,0.00553518475499,-1.8414839098e-05,-0.000412910594605,2125.92977538,7750,15.5000007362,1599.72637634,529.33144616,10400,-2.52791369348e-06,2.52791369348e-06,1.41142630577,0,0,0,0,1.4628964429e-19,9.57382395261e-20
20.864000991,2500.00157394,-1.60673887389e-05,2.14214264815e-06,-490.333282471,7.20764728612e-05,5.76509000894e-06,103.208930969,38.9126472473,0.974433064461,0.000232830643654,0.000465661287308,3,529.331620783,108.797376478,23.262553646,106.322012132,21.5586613246,75.7425877964,93.2680122787,5150.00568703,0.00791624188423,1742.75483005,1735.8022742,24,70.0338205206,33.3153511747,49.9250018038,0.00538222154345,0.00540967448615,-2.74529426969e-05,0.000178260961547,2125.92977538,7750,15.5000007362,1599.72637634,529.33144616,10432,-2.45900082518e-06,2.45900082518e-06,1.40905725956,0,0,0,0,6.57320430858e-20,4.30178702603e-20
20.928000994,2500.00157394,-1.04890731517e-05,1.3984282532e-06,-490.333282471,7.20465468476e-05,5.76059073865e-06,103.215415955,38.9144897461,0.974437236786,0.000232830643654,0.000465661287308,3,529.331620783,109.435888369,22.4164453669,108.630897968,21.7595555024,61.8541671429,81.4298982732,5150.00475571,0.00791624188423,1756.64317794,1747.64031544,24,70.0338205206,36.3650324289,52.0162211615,0.00510499618966,0.00517138687428,-6.63906846166e-05,-0.000514774001203,2125.92977538,7750,15.5000007362,1599.72637634,529.33144616,10464,-2.53940083894e-06,2.53940083894e-06,1.40221524239,0,0,0,0,2.95352527907e-20,1.93291381171e-20
20.9920009971,2506.97950833,251.697114436,-33.5568618774,-527.311645508,0.408240705729,-0.0113717848435,103.215995789,38.9148178101,0.974437654018,0.000232830643654,0.000465661287308,4,526.203075424,93.8506709219,18.1817453048,104.157623022,19.8382533651,59.3900440435,78.5849551903,5150.00522137,0.00791624188423,1759.10722464,1750.48527308,25,70.0384116499,38.3987426176,53.7861924386,0.00487110328462,0.0048239598982,4.71433864169e-05,0.000298314262182,2132.90741317,10468,20.9360009944,2125.92983605,526.203482877,10496,-2.59861758423e-06,2.59861758423e-06,1.41144537926,0,0,0.0125385709107,0.00783660728484,0.0116164227948,0.00726802460849
21.0560010001,2530.21181561,451.324420283,-60.1716499329,-565.317993164,1.62400019169,-0.00444131297991,103.215629578,38.914855957,0.9744374156,0.000232830643654,0.000465661287308,4,526.203075424,23.9709278396,2.91348815869,99.6850805583,17.851509454,59.3900440435,78.9915939094,5150.00475571,0.00791624188423,1759.10722464,1750.48527308,25,70.0384116499,39.5665083488,55.0837867195,0.00487404493155,0.00487671059091,-2.66565935991e-06,-0.000220097717829,2156.13996272,10468,20.9360009944,2125.92983605,526.203482877,10528,-2.53064081335e-06,2.53064081335e-06,1.41331267357,0,0,0.0264457780868,0.0165286120027,0.0254897922277,0.0159491654485
21.1200010031,2563.2570032,566.59168331,-75.5393600464,-596.888793945,3.13955545425,0.0722574517131,103.215232849,38.9148712158,0.974437117577,0.000232830643654,0.000465661287308,4,526.203075424,3.20786581055,-1.17596381145,95.5304792349,16.300266383,84.8442141432,100.475663203,5150.00615269,0.00791624188423,1759.10722464,1750.48527308,25,70.0384116499,27.8379375231,47.4074149679,0.00548181476601,0.00546424416825,1.75705977545e-05,0.000589352566749,2189.18502753,10468,20.9360009944,2125.92983605,526.203482877,10560,-2.57466876974e-06,2.57466876974e-06,1.40666389465,0,0,0.0401251353323,0.0250782091171,0.0391453020275,0.0244935452938
21.1840010062,2601.79163888,628.814916126,-83.835105896,-624.079345703,4.80066490173,0.19492277503,103.214958191,38.9148864746,0.974436938763,0.000232830643654,0.000465661287308,4,526.203075424,5.26975390628,-0.668411176975,91.5615401261,14.657145347,104.82390644,110.26635184,5150.00522137,0.00791624188423,1759.10722464,1750.48527308,25,70.0384116499,27.4827270914,46.8633697892,0.00543705057365,0.00544241629541,-5.3657217558e-06,-0.000320142135024,2227.71974779,10468,20.9360009944,2125.92983605,526.203482877,10592,-2.53824737229e-06,2.53824737229e-06,1.41134262085,0,0,0.053461831063,0.0334136448801,0.0524693503976,0.0328298434615
21.2480010092,2643.1272272,657.503958791,-87.6599960327,-648.172424316,6.52486610413,0.344533324242,103.214408875,38.9148979187,0.974436581135,0.000232830643654,0.000465661287308,4,526.203075424,6.3074840566,-0.312222658934,87.7648661357,13.1789746811,114.879512694,117.137227789,5150.00522137,0.00791624188423,1759.10722464,1750.48527308,25,70.0384116499,28.2701403194,46.9038604933,0.00507033946773,0.00507134245709,-1.00298935823e-06,5.09317032993e-05,2269.05527268,10468,20.9360009944,2125.92983605,526.203482877,10624,-2.49506115324e-06,2.49506115324e-06,1.40947711468,0,0,0.0663440600038,0.0414650402963,0.0653511583805,0.0408885255456
21.3120010123,2685.49914472,663.236074615,-88.4242172241,-669.713012695,8.25434017181,0.509769797325,103.214050293,38.9149055481,0.974436342716,0.000232830643654,0.000465661287308,4,526.203075424,6.88205438844,0.00211006298494,84.132722254,11.9706769393,120.447097288,123.200705275,5150.00429004,0.00791624188423,1759.10722464,1750.48527308,25,70.0384116499,29.1420001304,47.0976665383,0.00495858530625,0.00489671947435,6.18658319018e-05,-0.000705767888576,2311.42731525,10468,20.9360009944,2125.92983605,526.203482877,10656,-2.53775215242e-06,2.53775215242e-06,1.41425275803,0,0,0.0786639451981,0.0491649694741,0.0776836723089,0.0486024320126
21.3760010153,2727.65476257,652.035581879,-86.9309463501,-688.889953613,9.94407176971,0.683833003044,103.213691711,38.9149284363,0.974436163902,0.000232830643654,0.000465661287308,4,526.203075424,7.23121116504,0.292050791145,80.6580620039,11.0237498366,123.830424855,128.793661133,5150.00429004,0.00791624188423,1759.10722464,1750.48527308,25,70.0384116499,29.9773837469,47.3089385196,0.00491841121997,0.00492946128361,-1.10500636419e-05,-0.00073850969784,2353.58307054,10468,20.9360009944,2125.92983605,526.203482877,10688,-2.61169680016e-06,2.61169680016e-06,1.40528297424,0,0,0.0903184935451,0.056449059397,0.0893643945456,0.0559073016047
21.4400010183,2768.64366606,627.68405769,-83.6843414307,-705.741577148,11.5572690964,0.862385988235,103.2133255,38.9149360657,0.974435865879,0.000232830643654,0.000465661287308,4,526.203075424,7.46105760983,0.563949857757,77.3343369963,10.2968172958,126.057639136,134.038593387,5150.00522137,0.00791624188423,1759.10722464,1750.48527308,25,70.0384116499,30.6958354486,47.4749685964,0.00523729569435,0.00519867171533,3.86239790151e-05,-7.63975549489e-05,2394.57185546,10468,20.9360009944,2125.92983605,526.203482877,10720,-2.57247370428e-06,2.57247370428e-06,1.415782094,0,0,0.10121037066,0.0632564872503,0.100296251476,0.0627423226833
21.5040010214,2807.71148391,592.724478338,-79.0234451294,-720.236938477,13.0635213852,1.04237163067,103.2133255,38.9149703979,0.974435865879,0.000232830643654,0.000465661287308,4,526.203075424,7.67647141226,0.9862262502,74.1551966122,9.75322225463,128.14499496,142.184304423,5150.00429004,0.00791624188423,1759.10722464,1750.48527308,25,70.0384116499,26.8290368695,46.2918760604,0.00479180671531,0.00481031747768,-1.85107623674e-05,-0.000619365891907,2433.63959214,10468,20.9360009944,2125.92983605,526.203482877,10752,-2.57131659964e-06,2.57131659964e-06,1.41378724575,0,0,0.111248724163,0.0695304498076,0.110388353467,0.0690505802631
21.5680010244,2844.2540206,549.341493752,-73.2395248413,-732.37097168,14.4384860992,1.22133922577,103.213142395,38.9150009155,0.974435806274,0.000232830643654,0.000465661287308,4,526.203075424,14.7889554843,3.1934388907,71.1151106124,9.37061760275,129.422405735,148.615828948,5150.00522137,0.00791624188423,1759.10722464,1750.48527308,25,70.0384116499,23.901802706,44.7403581347,0.00528356990104,0.00527415977558,9.41012545663e-06,-0.000151885615196,2470.18220614,10468,20.9360009944,2125.92983605,526.203482877,10784,-2.61572245108e-06,2.61572245108e-06,1.41718316078,0,0,0.120350018144,0.0752187669277,0.119556739926,0.0747795850039
21.6320010275,2877.7946718,499.463814776,-66.5897064209,-742.167175293,15.6642551422,1.39694046974,103.210472107,38.921081543,0.974434018135,0.000232830643654,0.000465661287308,4,526.203075424,74.6255159845,16.4721542734,71.4089237953,12.9322683317,127.409293782,134.890564368,5150.00522137,0.00791624188423,1761.12027839,1764.21052311,25,70.0384116499,24.6019008046,44.4768520538,0.00566225787091,0.00563613866689,2.61192040218e-05,-0.000513864506502,2503.72283483,10468,20.9360009944,2125.92983605,526.203482877,10816,-2.57737929132e-06,2.57737929132e-06,1.41522943974,0,0,0.128438666463,0.0802741646767,0.127725124359,0.0798817053437
21.6960010305,2907.98628703,445.153244073,-59.3488960266,-749.73034668,16.7301425934,1.56673169136,103.180213928,38.9928398132,0.974414288998,0.000232830643654,0.000465661287308,4,526.203075424,105.522185728,22.721273248,102.015625887,20.3935571312,86.2704328028,101.564248325,5150.00615269,0.00791624188423,1802.25924123,1797.53697012,25,70.0384116499,30.9679562633,48.6800345243,0.00570534518241,0.00572617864236,-2.08334599572e-05,0.000327418092638,2533.9143416,10468,20.9360009944,2125.92983605,526.203482877,10848,-2.66677193395e-06,2.66677193395e-06,1.41235148907,0,0,0.135451242328,0.0846570283175,0.134828552604,0.0843164920807
21.7600010335,2934.60790999,388.265296351,-51.7644577026,-755.19934082,17.6331043243,1.72798848152,103.17301178,39.0094718933,0.974409580231,0.000232830643654,0.000465661287308,4,526.203075424,110.098704013,23.0158280689,108.768985476,22.022970682,65.5746116536,84.8039780976,5150.00568703,0.00791624188423,1822.95532431,1814.29716758,25,70.0384116499,35.3624454874,51.2255464855,0.00573953649885,0.00580621417612,-6.66776772684e-05,-0.000218278728426,2560.53607825,10468,20.9360009944,2125.92983605,526.203482877,10880,-2.5992103474e-06,2.5992103474e-06,1.41200911999,0,0,0.14132989943,0.0883311927319,0.140808686614,0.0880475565791
21.8240010366,2957.5584922,330.714101437,-44.091594696,-758.779907227,18.3774318695,1.87767708302,103.171470642,39.0131568909,0.974408626556,0.000232830643654,0.000465661287308,4,526.203075424,106.384551446,20.9925351369,106.362760106,20.8069699763,59.3894874328,78.6589662312,5150.00568703,0.00791624188423,1829.14070319,1820.44191752,25,70.0384116499,37.6710377168,53.1431360287,0.00550412303235,0.00545696821064,4.7154821714e-05,0.000130967237055,2583.48654955,10468,20.9360009944,2125.92983605,526.203482877,10912,-2.66311280939e-06,2.66311280939e-06,1.41740310192,0,0,0.146023720503,0.0912648364902,0.145612969995,0.0910422950983
21.8880010396,2976.84152611,273.879850283,-36.5143165588,-760.657714844,18.9736614227,2.01257038116,103.171287537,39.0127334595,0.974408507347,0.000232830643654,0.000465661287308,4,526.203075424,52.3952181014,9.07357234298,101.37613247,18.550159949,59.3894874328,78.5848678788,5150.00568703,0.00791624188423,1829.14070319,1820.51607408,26,70.0329183019,39.3806076318,54.6270639461,0.0050750191688,0.00508589437231,-1.08752035155e-05,0.000502041075379,2602.76982294,10468,20.9360009944,2125.92983605,526.203482877,10944,-2.50543621405e-06,2.50543621405e-06,1.41116178036,0,0,0.149493262172,0.09343329072,0.149200052023,0.0932751297951
21.9520010427,2992.54129641,218.801724259,-29.171169281,-761.012695312,19.4366073608,2.12942624092,103.171379089,39.012550354,0.974408566952,0.000232830643654,0.000465661287308,4,526.203075424,2.13690501165,-1.47490757303,97.1356915803,16.9193986312,71.3884801371,93.1746471906,5150.00522137,0.00791624188423,1829.14070319,1820.51607408,26,70.0329183019,30.3971555695,49.3583393109,0.00521528741027,0.00529325916432,-7.79717540533e-05,-0.000170985003933,2618.46952014,10468,20.9360009944,2125.92983605,526.203482877,10976,-2.44049920184e-06,2.44049920184e-06,1.41113853455,0,0,0.151709631085,0.0948185324669,0.151539131999,0.0947271063924
22.0160010457,3004.78842109,166.042213095,-22.1371440887,-759.983764648,19.7830886841,2.22517204285,103.171379089,39.0123748779,0.974408566952,0.000232830643654,0.000465661287308,4,526.203075424,4.6321974466,-0.83452064264,93.0965220965,15.2954823578,98.6459854175,107.062100142,5150.00615269,0.00791624188423,1829.14070319,1820.51607408,26,70.0329183019,27.3201312666,46.9571714348,0.0054251533127,0.00547152012587,-4.63668131667e-05,0.000582076609135,2630.71685424,10468,20.9360009944,2125.92983605,526.203482877,11008,-2.52529207501e-06,2.52529207501e-06,1.41730976105,0,0,0.152654692531,0.0954091921449,0.152609929442,0.0953858792782
22.0800010487,3013.77149299,117.617339129,-15.6810245514,-757.932373047,20.0309638977,2.29735064507,103.171562195,39.0122184753,0.974408686161,0.000232830643654,0.000465661287308,4,526.203075424,5.97590410137,-0.444967225799,89.2333460647,13.728985349,111.666500743,114.576585474,5150.00568703,0.00791624188423,1829.14070319,1820.51607408,26,70.0329183019,27.9343803413,46.856534027,0.00523447206413,0.00526597432327,-3.15022591346e-05,0.000321961124428,2639.69953849,10468,20.9360009944,2125.92983605,526.203482877,11040,-2.59018656834e-06,2.59018656834e-06,1.41393387318,0,0,0.152320921421,0.0952005758882,0.152593433857,0.095376946032
22.1440010518,3019.90890875,76.1218398111,-10.1487455368,-755.409484863,20.1996517181,2.34687876701,103.171653748,39.0120620728,0.974408745766,0.000232830643654,0.000465661287308,4,526.203075424,6.69223808537,-0.11799492575,85.5375128724,12.412100812,118.607778859,120.8838803,5150.00475571,0.00791624188423,1829.14070319,1820.51607408,26,70.0329183019,28.8016944978,47.0148588647,0.00526279429758,0.0052859832067,-2.31889091262e-05,-0.000629370333627,2645.83708874,10468,20.9360009944,2125.92983605,526.203482877,11072,-2.55818690675e-06,2.55818690675e-06,1.40859735012,0,0,0.150711447001,0.0941946581006,0.151799693704,0.0949171632528
22.2080010548,3023.4658625,36.3586696039,-4.84742498398,-751.852233887,20.302362442,2.37403583527,103.171562195,39.0118904114,0.974408686161,0.000232830643654,0.000465661287308,4,526.203075424,7.11245751955,0.18073804696,82.0019320937,11.3666695289,122.679703054,126.64643873,5150.00475571,0.00791624188423,1829.14070319,1820.51607408,26,70.0329183019,29.6553062071,47.2276988148,0.00531794662473,0.00533145794179,-1.35113170652e-05,-0.000674845068716,2649.39418346,10468,20.9360009944,2125.92983605,526.203482877,11104,-2.52851395999e-06,2.52851395999e-06,1.4076192379,0,0,0.147840186954,0.092400111258,0.149916931987,0.0938035175204
22.2720010579,3024.4840309,-3.40039059665,0.453348189592,-747.050720215,20.3462963104,2.37726449966,103.171379089,39.0117263794,0.974408566952,0.000232830643654,0.000465661287308,4,526.203075424,7.38068144353,0.45816214524,78.6197769963,10.5588590716,125.278791529,131.997949211,5150.00522137,0.00791624188423,1829.14070319,1820.51607408,26,70.0329183019,30.4596214846,47.4253065477,0.00538053833432,0.00541513145436,-3.45931200352e-05,-0.000292857293971,2650.42523134,10468,20.9360009944,2125.92983605,526.203482877,11136,-2.62361550085e-06,2.62361550085e-06,1.41394007206,0,0,0.143731534481,0.0898322090507,0.146844655275,0.0919587388635
22.3360010609,3022.93431014,-43.9257637481,5.85628795624,-740.887878418,20.3354434967,2.35482954979,103.171470642,39.0115776062,0.974408626556,0.000232830643654,0.000465661287308,4,526.203075424,7.58825585727,0.796346713334,75.3846310379,9.94576522197,127.290186356,138.521529152,5150.00568703,0.00791624188423,1829.14070319,1820.51607408,26,70.0329183019,28.9904637611,46.9801489089,0.00520919095359,0.00521868059877,-9.48964518077e-06,0.00036925484892,2650.42523134,10468,20.9360009944,2125.92983605,526.203482877,11168,-2.49842423727e-06,2.49842423727e-06,1.41350448132,0,0,0.138420343399,0.0865127146244,0.142578214407,0.0893700420856
22.4000010639,3018.75686273,-85.4875834193,11.3974094391,-733.298461914,20.2709140778,2.30538916588,103.171195984,39.0114173889,0.974408447742,0.000232830643654,0.000465661287308,4,526.203075424,7.89564330519,1.28271390804,72.2906929609,9.5032197362,129.404928884,147.447135532,5150.00475571,0.00791624188423,1829.14070319,1820.51607408,26,70.0329183019,23.9953733399,45.1015876024,0.00514357943737,0.00512227416039,2.13052769871e-05,-0.000465661287308,2650.42523134,10468,20.9360009944,2125.92983605,526.203482877,11200,-2.49877871283e-06,2.49877871283e-06,1.40755856037,0,0,0.131951332092,0.0824695900083,0.137149572372,0.0860516875982
22.464001067,3011.89231686,-127.860330394,17.0466442108,-724.283325195,20.1518440247,2.22822451591,103.171287537,39.0112838745,0.974408507347,0.000232830643654,0.000465661287308,4,526.203075424,45.5382745696,11.2316813353,69.3325350737,9.62156593857,129.425461637,147.185157402,5150.00522137,0.00791624188423,1829.14070319,1821.94961235,26,70.0329183019,24.1487505264,44.2811433459,0.00537161658209,0.00541876943316,-4.71528510682e-05,-0.000296495272778,2650.42523134,10468,20.9360009944,2125.92983605,526.203482877,11232,-2.68430972028e-06,2.68430972028e-06,1.4093722105,0,0,0.124379038811,0.0777369067073,0.130608305335,0.0820312201977
22.52800107,3002.28991546,-170.999788679,22.7981014252,-713.823486328,19.9758548737,2.1232316494,103.136314392,39.0683631897,0.974385619164,0.000232830643654,0.000465661287308,4,526.203075424,98.6986104145,21.3032100556,94.0681155307,18.2581193725,100.75623868,112.693305709,5150.00568703,0.00791624188423,1857.80995525,1856.44137673,26,70.0329183019,27.6921709883,46.7117642984,0.006037617864,0.00608451955486,-4.69016908644e-05,-0.000496584107168,2650.42523134,10468,20.9360009944,2125.92983605,526.203482877,11264,-2.50228822551e-06,2.50228822551e-06,1.40702950954,0,0,0.115768283606,0.0723551809788,0.123015716672,0.0773445740342
22.5920010731,2989.90122974,-214.895815589,28.6504230499,-701.89654541,19.7386798859,1.99093782902,103.119194031,39.0965538025,0.974374473095,0.000232830643654,0.000465661287308,4,526.203075424,109.655252081,23.2957790299,107.642772414,21.8754304936,71.4220295777,89.7517747944,5150.00568703,0.00791624188423,1887.14370597,1879.38287854,26,70.0329183019,34.1471786669,50.4017443745,0.00573964466233,0.00570616975892,3.34749034048e-05,-0.00011823431123,2650.42523134,10468,20.9360009944,2125.92983605,526.203482877,11296,-2.56635621554e-06,2.56635621554e-06,1.40710902214,0,0,0.106192477047,0.0663703009486,0.11444324255,0.0720344558358
22.6560010761,2974.67433847,-259.769702097,34.6331176758,-688.447631836,19.4334259033,1.83263850212,103.114891052,39.103187561,0.974371671677,0.000232830643654,0.000465661287308,4,526.203075424,108.680779992,21.9894230061,108.118270434,21.4887092929,60.551588831,80.1356291049,5150.00661835,0.00791624188423,1898.01433589,1888.99913337,26,70.0329183019,36.8545297533,52.4289280293,0.00577367965937,0.00583895598538,-6.52763260112e-05,0.000680302036926,2650.42523134,10468,20.9360009944,2125.92983605,526.203482877,11328,-2.57353303823e-06,2.57353303823e-06,1.41502296925,0,0,0.0957287549973,0.0598304755986,0.10496763885,0.0661473199725
22.7200010791,2956.52542263,-306.28638342,40.8348312378,-673.346923828,19.0476913452,1.65081048012,103.114524841,39.1032943726,0.974371433258,0.000232830643654,0.000465661287308,4,526.203075424,81.2552765592,15.4148659378,103.13526126,19.3519402482,59.3895965721,78.5854645073,5150.00661835,0.00791624188423,1899.17639364,1890.54920338,27,70.0358868926,38.7635845982,54.1028784937,0.00622379960069,0.00621548679192,8.31280877467e-06,0.000303771230392,2650.42523134,10468,20.9360009944,2125.92983605,526.203482877,11360,-2.5078145427e-06,2.5078145427e-06,1.4101061821,0,0,0.0844638943672,0.0527899414301,0.0946721285582,0.0597336888313
22.7840010822,2935.32270007,-355.270982254,47.3655776978,-656.419799805,18.5622787476,1.44926702976,103.114891052,39.1030197144,0.974371671677,0.000232830643654,0.000465661287308,4,526.203075424,11.9419471637,0.720982726843,98.7739095649,17.5084185441,59.3895965721,82.7547555673,5150.00522137,0.00791624188423,1899.17639364,1890.54920338,27,70.0358868926,36.7986904166,55.3072386538,0.00600629891656,0.00594445737079,6.18415457732e-05,-0.000822183210403,2650.42523134,10468,20.9360009944,2125.92983605,526.203482877,11392,-2.5766928502e-06,2.5766928502e-06,1.41052544117,0,0,0.0724919810891,0.0453074872494,0.0836465954781,0.0528483688831
22.8480010852,2910.86500511,-408.183550462,54.4200057983,-637.372924805,17.9487495422,1.23354542255,103.115348816,39.1027946472,0.9743719697,0.000232830643654,0.000465661287308,4,526.203075424,3.78628281743,-1.03670181425,94.6614113073,15.9473602142,90.4490734683,103.16202679,5150.00661835,0.00791624188423,1899.17639364,1890.54920338,27,70.0358868926,27.4555786746,47.1759340144,0.0061314965466,0.00616455508862,-3.3058542015e-05,0.000354702933691,2650.42523134,10468,20.9360009944,2125.92983605,526.203482877,11424,-2.53836947195e-06,2.53836947195e-06,1.41770219803,0,0,0.0599127560854,0.037445474416,0.0719864144921,0.0455497018993
22.9120010883,2882.82497786,-467.614212539,62.3434448242,-615.700561523,17.1633911133,1.01186084747,103.115348816,39.1025543213,0.9743719697,0.000232830643654,0.000465661287308,4,526.203075424,5.55163449949,-0.58618114449,90.7304147664,14.3196350343,107.555330032,111.852568807,5150.00661835,0.00791624188423,1899.17639364,1890.54920338,27,70.0358868926,27.6258106169,46.8457074021,0.00622685138174,0.00629188434687,-6.50329651242e-05,0.000227373675443,2650.42523134,10468,20.9360009944,2125.92983605,526.203482877,11456,-2.58669456343e-06,2.58669456343e-06,1.41087305546,0,0,0.0468312315643,0.0292695201933,0.059790994972,0.0378987453878
22.9760010913,2850.63893534,-538.494903594,71.7934265137,-590.46875,16.1357803345,0.796856582165,103.115348816,39.1023254395,0.9743719697,0.000232830643654,0.000465661287308,4,526.203075424,6.45835429132,-0.242339125715,86.9697495916,12.8963071275,116.341441753,118.485280836,5150.00615269,0.00791624188423,1899.17639364,1890.54920338,27,70.0358868926,28.4575271507,46.9390288345,0.00623435471303,0.00623913365416,-4.77894113171e-06,-0.000185536919162,2650.42523134,10468,20.9360009944,2125.92983605,526.203482877,11488,-2.57868646258e-06,2.57868646258e-06,1.41390228271,0,0,0.0333575308323,0.0208484567702,0.0471637398005,0.0299592409283
23.0400010943,2813.30221333,-629.618880339,83.9422912598,-560.012451172,14.7462415695,0.609214544296,103.115699768,39.1021118164,0.974372148514,0.000232830643654,0.000465661287308,4,526.203075424,6.97087607229,0.0661007786758,83.3720030649,11.7465987903,121.30777759,124.435086036,5150.00522137,0.00791624188423,1899.17639364,1890.54920338,27,70.0358868926,29.3251923722,47.1435050713,0.00613453766951,0.00608997652307,4.45611464395e-05,-0.000967702362686,2650.42523134,10468,20.9360009944,2125.92983605,526.203482877,11520,-2.67492578132e-06,2.67492578132e-06,1.41263794899,0,0,0.0196044314653,0.0122527703643,0.0342101864517,0.021796580404
23.1040010974,2769.5086319,-737.857655622,98.3729476929,-524.108398438,12.8417739868,0.475021749735,103.115882874,39.1019134521,0.974372267723,0.000232830643654,0.000465661287308,4,526.203075424,7.2880384926,0.351503923638,79.9303850782,10.8507275148,124.381083879,129.940512124,5150.00568703,0.00791624188423,1899.17639364,1890.54920338,27,70.0358868926,30.1498112094,47.351088142,0.0061047446126,0.006053596735,5.11478776e-05,-0.000465661287308,2650.42523134,10468,20.9360009944,2125.92983605,526.203482877,11552,-2.57046417573e-06,2.57046417573e-06,1.41610062122,0,0,0.00568709569052,0.0035544349812,0.0210369806737,0.0134772397578
23.1680011004,2718.90196018,-816.216808744,108.819976807,-488.847290039,10.3596124649,0.40797457099,103.116065979,39.1017074585,0.974372386932,0.000232830643654,0.000465661287308,4,526.203075424,7.50417745222,0.63295567152,76.638273994,10.1651911946,126.475468278,135.369715281,5150.00615269,0.00791624188423,1899.17639364,1890.54920338,27,70.0358868926,30.4593977489,47.3994696222,0.00607941376407,0.00612453732174,-4.51235576682e-05,-7.09405867383e-05,2650.42523134,10468,20.9360009944,2125.92983605,526.203482877,11584,-2.6246325433e-06,2.6246325433e-06,1.41351664066,0,0,0,0,0.00955882016569,0.00618959031999
23.2320011035,2668.68504696,-738.652248401,98.4788818359,-474.56539917,7.78099155426,0.377592355013,103.115882874,39.1014938354,0.974372267723,0.000232830643654,0.000465661287308,4,526.203075424,7.72433956926,1.08850385743,73.4895242884,9.65848028495,128.608837258,144.157238537,5150.00568703,0.00791624188423,1899.17639364,1890.54920338,27,70.0358868926,25.6879593508,45.8620597783,0.00607642948458,0.00609361450188,-1.71850172981e-05,-0.000505679054186,2650.42523134,10468,20.9360009944,2125.92983605,526.203482877,11616,-2.44897205448e-06,2.44897205448e-06,1.4089525938,0,0,0,0,0.00422743940726,0.00275265541859
23.2960011065,2625.7422287,-603.806751315,80.5009613037,-471.487060547,5.6439704895,0.330318838358,103.116065979,39.1012992859,0.974372386932,0.000232830643654,0.000465661287308,4,526.203075424,23.0253118797,5.4041309352,70.4785397988,9.30753899906,129.422885948,148.614286445,5150.00615269,0.00791624188423,1899.17639364,1890.54920338,27,70.0358868926,24.0228855546,44.5205041615,0.00593928230208,0.00582986103836,0.000109421263716,0.000223735696636,2650.42523134,10468,20.9360009944,2125.92983605,526.203482877,11648,-2.54762494478e-06,2.54762494478e-06,1.40314912796,0,0,0,0,0.0018861698918,0.00123117724434
23.3600011095,2591.71938524,-465.723016532,62.0913047791,-473.214202881,4.02944374084,0.268282324076,103.13129425,39.098400116,0.974382340908,0.000232830643654,0.000465661287308,4,526.203075424,85.7297674249,18.6151622335,80.721363099,15.0259079201,118.521580589,126.656945213,5150.00661835,0.00791624188423,1910.07787362,1912.50653006,27,70.0358868926,25.3124380833,45.0075749541,0.00632338671702,0.00631916918792,4.21752910373e-06,0.00020008883439,2650.42523134,10468,20.9360009944,2125.92983605,526.203482877,11680,-2.52322138294e-06,2.52322138294e-06,1.41058492661,0,0,0,0,0.000844844500534,0.000552066194359
23.4240011126,2565.96598774,-346.761575202,46.2310829163,-476.446716309,2.85439538956,0.206604346633,103.160148621,39.093132019,0.97440123558,0.000232830643654,0.000465661287308,4,526.203075424,107.62665781,23.1034622163,104.710522416,21.1325985152,80.0714769866,96.7170999502,5150.00661835,0.00791624188423,1948.5282246,1942.44622253,27,70.0358868926,32.4436332448,49.4636042276,0.00653575372989,0.00652471499052,1.1038739367e-05,-5.45696821064e-06,2650.42523134,10468,20.9360009944,2125.92983605,526.203482877,11712,-2.53553889706e-06,2.53553889706e-06,1.41928601265,0,0,0,0,0.000379077217076,0.000247830321314
23.4880011156,2547.0147375,-252.508063568,33.6649780273,-479.720397949,2.01336288452,0.153818562627,103.166526794,39.0919570923,0.974405348301,0.000232830643654,0.000465661287308,4,526.203075424,109.854084322,22.7208007971,108.825906652,21.9204305258,63.3137897239,82.790516899,5150.00708401,0.00791624188423,1965.28574452,1956.37275465,27,70.0358868926,35.9290279448,51.6607287864,0.00650588251327,0.00659201759845,-8.61350851755e-05,0.000392901711166,2650.42523134,10468,20.9360009944,2125.92983605,526.203482877,11744,-2.5260997063e-06,2.5260997063e-06,1.41434633732,0,0,0,0,0.000170222308952,0.000111311142973
23.5520011187,2533.31661224,-181.311625056,24.1728992462,-482.495819092,1.41721725464,0.1119819507,103.167533875,39.0916290283,0.974406003952,0.000232830643654,0.000465661287308,4,526.203075424,101.459137331,19.8535512518,105.070266304,20.2711850245,59.3880467932,78.5837110016,5150.00615269,0.00791624188423,1969.21196766,1960.58047004,28,70.0349046383,38.0784040317,53.503052186,0.0064700915875,0.00653199094813,-6.18993606372e-05,-0.000478394213133,2650.42523134,10468,20.9360009944,2125.92983605,526.203482877,11776,-2.69136012321e-06,2.69136012321e-06,1.41471290588,0,0,0,0,7.646396989e-05,5.0005994126e-05
23.6160011217,2523.52631651,-129.04756295,17.2049293518,-484.663299561,0.996711552143,0.080341629684,103.167793274,39.0915260315,0.974406182766,0.000232830643654,0.000465661287308,4,526.203075424,36.2248464152,5.52065005276,100.44547013,18.1567493563,59.3880467932,78.5837110016,5150.00661835,0.00791624188423,1969.21196766,1960.58047004,28,70.0349046383,39.6915420424,54.8831812921,0.00657439926111,0.00655745679978,1.69424613228e-05,-3.81987774745e-05,2650.42523134,10468,20.9360009944,2125.92983605,526.203482877,11808,-2.6827531201e-06,2.6827531201e-06,1.41255652905,0,0,0,0,3.43530628015e-05,2.24672421609e-05
23.6800011247,2516.57818444,-91.3513140404,12.1791753769,-486.282165527,0.700729548931,0.0571192577481,103.167625427,39.0914497375,0.974406063557,0.000232830643654,0.000465661287308,4,526.203075424,2.64329568932,-1.32040228189,96.253907765,16.5867895388,79.3735307525,97.6894443738,5150.00661835,0.00791624188423,1969.21196766,1960.58047004,28,70.0349046383,28.5387977783,47.8037400171,0.00642282983743,0.00642285158392,-2.17464934948e-08,9.64064383879e-05,2650.42523134,10468,20.9360009944,2125.92983605,526.203482877,11840,-2.66468873633e-06,2.66468873633e-06,1.41281282902,0,0,0,0,1.54349327204e-05,1.00947972896e-05
23.7440011278,2511.668019,-64.4556712359,8.59338378906,-487.460327148,0.492594540119,0.0403882488608,103.167533875,39.091381073,0.974406003952,0.000232830643654,0.000465661287308,4,526.203075424,5.00137249867,-0.740901087188,92.2534060064,14.9440109381,102.223290014,108.868021925,5150.00708401,0.00791624188423,1969.21196766,1960.58047004,28,70.0349046383,27.3877940344,46.8938524136,0.00684904179205,0.00686122803017,-1.21862381297e-05,0.000123691279441,2650.42523134,10468,20.9360009944,2125.92983605,526.203482877,11872,-2.62973208009e-06,2.62973208009e-06,1.42009568214,0,0,0,0,6.93517722539e-06,4.53580651083e-06
23.8080011308,2508.20722431,-45.390908781,6.0516242981,-488.305145264,0.346303015947,0.0284656826407,103.167350769,39.0912971497,0.974405884743,0.000232830643654,0.000465661287308,4,526.203075424,6.16626289893,-0.371719168096,88.4268321005,13.4232968015,113.511079689,115.989540063,5150.00661835,0.00791624188423,1969.21196766,1960.58047004,28,70.0349046383,28.1157244899,46.878347348,0.00679086255284,0.00673753675073,5.33258021074e-05,-0.000218278728426,2650.42523134,10468,20.9360009944,2125.92983605,526.203482877,11904,-2.4990208658e-06,2.4990208658e-06,1.41115093231,0,0,0,0,3.11613780468e-06,2.03805052479e-06
23.8720011339,2505.77158295,-31.9268729072,4.25656700134,-488.905944824,0.243516966701,0.0200217589736,103.167167664,39.0912284851,0.974405825138,0.000232830643654,0.000465661287308,4,526.203075424,6.80021600493,-0.0519998312093,84.7659749241,12.1657030206,119.654083392,122.156925499,5150.00661835,0.00791624188423,1969.21196766,1960.58047004,28,70.0349046383,28.9880263153,47.0589584438,0.00683848312699,0.00675936462358,7.91185034155e-05,-0.000240106601268,2650.42523134,10468,20.9360009944,2125.92983605,526.203482877,11936,-2.6708473797e-06,2.6708473797e-06,1.40881061554,0,0,0,0,1.40016220485e-06,9.15751797947e-07
23.9360011369,2504.0586479,-22.4435225391,2.99222397804,-489.330383301,0.171293064952,0.0140684619546,103.166893005,39.0911445618,0.97440558672,0.000232830643654,0.000465661287308,4,526.203075424,7.17943246972,0.241854600312,81.2639418213,11.1748160103,123.328689369,127.825376694,5150.00708401,0.00791624188423,1969.21196766,1960.58047004,28,70.0349046383,29.8320228467,47.2718711535,0.00681159618987,0.00677755451761,3.40416722588e-05,0.000207364792004,2650.42523134,10468,20.9360009944,2125.92983605,526.203482877,11968,-2.70081045528e-06,2.70081045528e-06,1.4176851511,0,0,0,0,6.29131704954e-07,4.11473081385e-07
24.0000011399,2502.85491347,-15.7731501531,2.10291409492,-489.629455566,0.120543211699,0.00987875275314,103.166893005,39.0910873413,0.97440558672,0.000232830643654,0.000465661287308,4,526.203075424,7.42526075632,0.515088901508,77.9138181622,10.4120083319,125.710765133,133.096065838,5150.00754967,0.00791624188423,1969.21196766,1960.58047004,28,70.0349046383,30.62520409,47.462839575,0.00680564894717,0.00677027856,3.53703871747e-05,0.000680302036926,2650.42523134,10468,20.9360009944,2125.92983605,526.203482877,12000,-2.62816706709e-06,2.62816706709e-06,1.40885901451,0,0,0,0,2.82686499986e-07,1.84886360444e-07
