time_s,step,min_skin_bed_gap_m,vertices_below_1mm,nonfinite_skin_vertices,max_functional_volume_relative_error,q_ra,q_rv,q_la,q_lv,ra_target_ml,rv_target_ml,la_target_ml,lv_target_ml,diaphragm_swept_ml,rib_swept_ml,lung_target_ml,body_com_x_m,body_com_y_m,body_com_z_m,represented_body_mass_kg,ventricular_wall_bound,ventricular_material_ml,ventricular_material_target_ml,ventricular_closure_mm,ventricular_material_status,functional_geometry_status
0,0,-0.000110551714897,0,0,6.33778313386e-07,-0.31223398447,0.0542525686324,-0.0350566618145,0.0582944639027,32.2639498336,138.358649565,47.7374887851,118.755349831,0,0,2499.99994412,-0.0250191260129,-0.756986141205,0.115114875138,72,1,164.012875757,164.012890309,-1.2374430662,0,0
0.0620000029448,31,-4.91738319397e-06,0,0,7.50092567614e-07,-0.344409584999,0.0746050179005,-0.0415468327701,0.074126496911,28.6943213723,145.909027196,46.7807112727,124.165206216,10.1212253867,-0.745808506508,2509.37533565,-0.0249563232064,-0.756189107895,0.109253436327,72,1,164.012904861,164.012890309,-1.59896968398,0,0
0.126000005985,63,-4.5970082283e-06,0,0,8.14301358787e-07,-0.391378343105,0.0951465070248,-0.0516734831035,0.0844648480415,24.0499975916,153.819695697,45.3135216958,127.785053337,35.5510492227,0.818786077161,2536.3699533,-0.02485791035,-0.752568244934,0.106915317476,72,1,164.012832101,164.012890309,-1.91272015218,0,0
0.190000009025,95,-8.18073749542e-06,0,0,6.15408282556e-07,-0.387993037701,0.0829795002937,-0.0544301532209,0.0844648480415,24.3631038757,149.098588736,44.9195067631,127.785053337,66.4689869154,7.11895245331,2573.58793169,-0.0246810857207,-0.746626019478,0.105088964105,72,1,164.012933965,164.012890309,-1.76015880425,0,0
0.254000012064,127,-9.9316239357e-06,0,0,1.07815367301e-06,-0.340079128742,-0.0248399227858,-0.0296466983855,-0.0153879057616,29.1559026664,111.633562483,48.5449199914,95.6376970862,99.9984622467,16.3444838108,2616.34285562,-0.0244865901768,-0.742051362991,0.104506395757,72,1,164.012963069,164.012890309,0.530706951395,0,0
0.318000015104,159,-1.58697366714e-06,0,0,5.20870628407e-07,-0.292819142342,-0.0990090966225,-0.00763700250536,-0.112854987383,34.578024497,90.1444946066,51.9237219123,69.954789069,134.522211738,27.2260585916,2661.74809076,-0.0241253580898,-0.740640759468,0.105540722609,72,1,164.012875757,164.012890309,3.08358250186,0,0
0.382000018144,191,-1.42306089401e-06,0,0,4.81798679175e-07,-0.273696064949,-0.132219314575,0.00602869875729,-0.151955455542,36.9791305275,81.5726671135,54.0985020052,61.1068098806,168.881364516,39.0139393858,2707.89535716,-0.0239609889686,-0.740777492523,0.105660736561,72,1,164.012875757,164.012890309,4.37205657363,0,0
0.446000021184,223,1.15483999252e-06,0,0,1.35897448672e-06,-0.260383069515,-0.135385245085,0.0167039372027,-0.153908014297,38.723799662,80.7880787761,55.839002016,60.6856992817,202.159950277,51.2486694788,2753.40839289,-0.0235403701663,-0.740730643272,0.104378901422,72,1,164.012802998,164.012890309,4.4663362205,0,0
0.510000024224,255,1.11758708954e-06,0,0,1.03536660845e-06,-0.298607170582,-0.104095086455,0.00699572544545,-0.135217607021,33.875254303,88.7908390723,54.2546549696,64.7968845442,233.601094806,63.6282711639,2797.2292155,-0.0227081160992,-0.740910768509,0.10343093425,72,1,164.012788446,164.012890309,3.56314820237,0,0
0.574000027264,287,1.2069940567e-06,0,0,4.57047832469e-07,-0.356432616711,-0.0426428429782,-0.0322095267475,-0.00716889277101,27.4428566627,106.17046064,48.1612951262,98.0527402135,262.578803813,75.9311296861,2838.50985579,-0.0224778540432,-0.741190552711,0.102375775576,72,1,164.012861205,164.012890309,0.706831342541,0,0
0.638000030303,319,7.30156898499e-07,0,0,8.95471885087e-07,-0.352554023266,-0.0173616968095,-0.0335920788348,0.04394473508,27.8417737718,113.98748029,47.9551854369,113.989837701,288.601062493,87.9685976543,2876.56951696,-0.0224528759718,-0.741875886917,0.100942343473,72,1,164.012802998,164.012890309,-0.155901347171,0,0
0.702000033343,351,1.00582838058e-06,0,0,7.49838648062e-07,-0.344672679901,0.00200607907027,-0.0326222516596,0.0688464194536,28.6664690066,120.248900203,48.099704145,122.343117255,311.326642986,99.5584268821,2910.88502854,-0.0228234846145,-0.742155849934,0.0999220237136,72,1,164.012904861,164.012890309,-0.613774871454,0,0
0.766000036383,383,-1.03190541267e-05,0,0,5.93455183662e-07,-0.336871862411,0.0189406424761,-0.0310947969556,0.0827011615038,29.5015051961,125.92166604,48.3279072796,127.162609715,330.586801283,110.502362077,2941.08921662,-0.024425400421,-0.74264729023,0.098668679595,72,1,164.012977621,164.012890309,-0.929938396439,0,0
0.830000039423,415,-2.07126140594e-06,0,0,4.69556795224e-07,-0.329643726349,0.0341704152524,-0.0296299979091,0.0912463217974,30.2920925606,131.183784106,48.5474265588,130.197309772,346.393469954,120.579934446,2966.97346494,-0.0245404709131,-0.74266910553,0.0985579416156,72,1,164.012919413,164.012890309,-1.1774682207,0,0
0.894000042463,447,-1.89244747162e-06,0,0,7.77482057401e-07,-0.333222389221,0.0501014105976,-0.0305775180459,0.0972830802202,29.8986342386,136.85329759,48.4053525724,132.370027131,358.924851753,129.551408463,2988.47607337,-0.0245916619897,-0.742681026459,0.0985396578908,72,1,164.012846653,164.012890309,-1.41209515277,0,0
0.958000045503,479,-1.31130218506e-06,0,0,9.21280104649e-07,-0.383377671242,0.0741044431925,-0.0430096648633,0.103565111756,24.795286663,145.719910506,46.5668417746,134.656555019,368.484616047,137.170791277,3005.65524958,-0.024592757225,-0.742678999901,0.0985398367047,72,1,164.012759342,164.012890309,-1.74084689934,0,0
1.02200004854,511,-2.19792127609e-06,0,0,6.81890810483e-07,-0.391834020615,0.0814423263073,-0.0510432384908,0.104807376862,24.0081026277,148.509483552,45.4039254691,135.111811687,375.455274479,143.1969431,3018.65208894,-0.0245958939195,-0.742677390575,0.098541483283,72,1,164.012846653,164.012890309,-1.83623936027,0,0
1.08600005158,543,-2.27242708206e-06,0,0,3.93807681576e-07,-0.36946618557,0.00445762090385,-0.0417360924184,0.0435544885695,26.1354252871,121.058605146,46.7530044261,113.862050057,380.30554424,147.543483763,3027.84889936,-0.0245995204896,-0.742675304413,0.0985440388322,72,1,164.012875757,164.012890309,-0.455114757642,0,0
1.15000005462,575,-2.47359275818e-06,0,0,6.663719887e-07,-0.304848790169,-0.0845308899879,-0.0130608007312,-0.0800470262766,33.129730582,94.0803947742,51.0769932589,78.0064438004,383.449107176,150.274834596,3033.72368217,-0.0246026720852,-0.74267333746,0.0985471308231,72,1,164.012904861,164.012890309,2.31583882123,0,0
1.21400005766,607,-2.33203172684e-06,0,0,8.337568147e-07,-0.280381917953,-0.129929482937,0.000179581431439,-0.140415012836,36.1257043551,82.1436333354,53.1603800482,63.6355907773,385.126651963,151.285814354,3036.41241044,-0.0246053431183,-0.742671251297,0.0985508710146,72,1,164.012904861,164.012890309,4.11075446755,0,0
1.2780000607,639,-2.32458114624e-06,0,0,5.829086831e-07,-0.264870166779,-0.14140060544,0.0111326240003,-0.151965409517,38.1289755751,79.3127110228,54.9260657863,61.1046561971,385.479739634,150.42789164,3035.9076336,-0.024607617408,-0.742669165134,0.098554700613,72,1,164.012890309,164.012890309,4.53489273787,0,0
1.34200006374,671,-2.27987766266e-06,0,0,6.66783762426e-07,-0.255571126938,-0.140154153109,0.0190121084452,-0.151965409517,39.369409933,79.6167732915,56.2201712455,61.1046561971,384.576240322,147.567843669,3032.14392625,-0.0246101096272,-0.742667376995,0.0985586419702,72,1,164.012875757,164.012890309,4.51282085851,0,0
1.40600006678,703,-2.30222940445e-06,0,0,3.88797133155e-07,-0.352891981602,-0.0610687844455,-0.0316934399307,-0.0439621470869,27.8068328043,100.721794297,48.2383838971,87.5505502336,382.411759347,142.62527111,3025.03700368,-0.0246122311801,-0.742665410042,0.098562784493,72,1,164.012846653,164.012890309,1.43180578016,0,0
1.47000006982,735,-2.08616256714e-06,0,0,5.85789621255e-07,-0.356303989887,-0.0289744772017,-0.0355273522437,0.0257160626352,27.456015232,110.347209556,47.6676650578,108.122250822,378.937023925,135.571171995,3014.50816914,-0.0246142502874,-0.742663323879,0.098567083478,72,1,164.012875757,164.012890309,0.170643586898,0,0
1.53400007286,767,-2.08616256714e-06,0,0,1.33086325604e-06,-0.348812699318,-0.00763507373631,-0.0352963022888,0.0574004240334,28.230899261,117.102070362,47.7019311802,118.454634503,374.051858671,126.433486002,3000.48524514,-0.0246158465743,-0.742661178112,0.0985713079572,72,1,164.01267203,164.012890309,-0.39870411274,0,0
1.5980000759,799,-1.95950269699e-06,0,0,5.48552065993e-07,-0.340698778629,0.0104857310653,-0.0339856408536,0.0741190314293,29.0895040962,123.066129163,47.896621254,124.162615975,367.58382339,115.309761895,2982.89349303,-0.0246177315712,-0.742659270763,0.0985753461719,72,1,164.012832101,164.012890309,-0.763054180425,0,0
1.66200007894,831,-1.91479921341e-06,0,0,5.68463519812e-07,-0.333094477654,0.0266624763608,-0.0325481705368,0.0840096026659,29.9126313621,128.570536617,48.1107563246,127.624196466,359.227880836,102.396174043,2961.62394807,-0.0246201381087,-0.742659509182,0.0985797047615,72,1,164.012832101,164.012890309,-1.03828217834,0,0
1.72600008198,863,-1.89989805222e-06,0,0,9.47835417264e-07,-0.326723814011,0.0414075963199,-0.0314285717905,0.0904149413109,30.6161018671,133.738270961,48.2779796585,129.899955937,348.439119989,88.0399384187,2936.47916988,-0.0246222857386,-0.742660164833,0.0985841080546,72,1,164.012759342,164.012890309,-1.26512884162,0,0
1.79000008502,895,-2.03400850296e-06,0,0,8.734414223e-07,-0.363386690617,0.0636609345675,-0.0397542975843,0.0963737517595,26.7389641522,141.813754453,47.0436752948,132.041212055,334.344193107,72.7861333871,2907.13016875,-0.0246245451272,-0.742660403252,0.0985881909728,72,1,164.013006724,164.012890309,-1.57739163842,0,0
1.85400008806,927,-1.89989805222e-06,0,0,9.61903538155e-07,-0.393580079079,0.0804626494646,-0.0507969297469,0.0999675095081,23.8481115957,148.13488815,45.4392902611,133.343914058,315.480312565,57.5063277211,2872.98671901,-0.0246269442141,-0.74266076088,0.098592557013,72,1,164.01274479,164.012890309,-1.80281756911,0,0
1.9180000911,959,-1.62422657013e-06,0,0,4.43744568202e-07,-0.38612228632,0.0456497110426,-0.0527129359543,0.0939676910639,24.5375467784,135.251888423,45.1646810689,131.173801492,289.202085696,43.7070448243,2832.90911466,-0.0246291644871,-0.742661178112,0.0985967740417,72,1,164.012861205,164.012890309,-1.33847328834,0,0
1.98200009414,991,-2.01910734177e-06,0,0,4.26147948929e-07,-0.32440251112,-0.0568567477167,-0.0236874260008,-0.040062289685,30.8756061713,101.949080999,49.4448177051,88.6263296707,251.982040936,33.3780408255,2785.36020778,-0.0246312189847,-0.742661237717,0.0986008793116,72,1,164.012933965,164.012890309,1.31561455783,0,0
2.04600009718,1023,-1.96695327759e-06,0,0,6.24428821538e-07,-0.287687182426,-0.117987275124,-0.00730638485402,-0.124267563224,35.2103925252,85.169202066,51.9756358699,67.289598519,202.636947506,27.7018643828,2730.33883423,-0.0246333833784,-0.74266153574,0.0986050590873,72,1,164.012919413,164.012890309,3.60711151734,0,0
2.11000010022,1055,-1.80304050446e-06,0,0,8.34849402054e-07,-0.269688904285,-0.142489045858,0.00466902926564,-0.152733355761,37.4978953914,79.0478952695,53.8794520253,60.9388080193,152.170148795,24.6512245212,2676.8213138,-0.0246354658157,-0.742661774158,0.0986093580723,72,1,164.012832101,164.012890309,4.56925434992,0,0
2.17400010326,1087,-1.82539224625e-06,0,0,9.47818762143e-07,-0.256865561008,-0.14274507761,0.0137426499277,-0.152733355761,39.1949506593,78.9857003838,55.3525060241,60.9388080193,110.451161163,21.0773105209,2631.52830303,-0.0246376357973,-0.742661774158,0.0986134931445,72,1,164.012802998,164.012890309,4.57379221916,0,0
2.2380001063,1119,-1.9297003746e-06,0,0,2.70260699153e-07,-0.32938849926,-0.0870218127966,-0.0205450057983,-0.0991486608982,30.3203069052,93.3944902499,49.9237939948,73.2475309633,78.8831312093,16.946976757,2595.83001025,-0.0246396381408,-0.742662072182,0.0986176878214,72,1,164.012846653,164.012890309,2.65490170568,0,0
2.30200010934,1151,-1.58697366714e-06,0,0,9.90382886812e-07,-0.357859373093,-0.0395331345499,-0.0366135127842,0.00238253967836,27.2972574749,107.110543468,47.5068009109,100.909972389,55.8888968953,12.9911604745,2568.88009608,-0.0246417801827,-0.742661356926,0.0986197665334,72,1,164.012933965,164.012890309,0.557286199182,0,0
2.36600011238,1183,-1.95950269699e-06,0,0,7.30366650714e-07,-0.351924002171,-0.0156096722931,-0.0373463518918,0.0443113185465,27.9070045508,114.54406922,47.398469178,114.109963761,39.4239650632,9.65095296124,2549.07505587,-0.0246438737959,-0.742660582066,0.0986200943589,72,1,164.012875757,164.012890309,-0.183333671885,0,0
2.43000011542,1215,-1.89244747162e-06,0,0,8.19072681679e-07,-0.343727648258,0.00363874994218,-0.0362869240344,0.0653190165758,28.7666280201,120.787713968,47.5551314594,121.135839436,27.7502531389,7.01902172295,2534.7690098,-0.0246460158378,-0.742659807205,0.0986208617687,72,1,164.012759342,164.012890309,-0.610326125752,0,0
2.49400011846,1247,-1.91479921341e-06,0,0,7.29360976948e-07,-0.335844993591,0.0206212922931,-0.0348484776914,0.0772486031055,29.6128273476,126.494851429,47.768393415,125.251070131,19.5156462723,5.03327919432,2524.5489087,-0.0246483162045,-0.742658615112,0.0986214131117,72,1,164.012948517,164.012890309,-0.917157682125,0,0
2.5580001215,1279,-2.03400850296e-06,0,0,7.77590855705e-07,-0.32857465744,0.0359170921147,-0.0335128568113,0.0847180336714,30.4104178213,131.797103677,47.9669797642,127.874576719,13.7196193464,3.57750400326,2517.29693264,-0.0246506873518,-0.742657840252,0.0986221656203,72,1,164.012802998,164.012890309,-1.16206984967,0,0
2.62200012454,1311,-1.87009572983e-06,0,0,8.22321510441e-07,-0.342313051224,0.0540638975799,-0.0366496108472,0.0904422998428,28.9170711767,138.289979077,47.501460358,129.909734824,9.64428363659,2.52901349995,2512.17326149,-0.0246530864388,-0.742656946182,0.0986229404807,72,1,164.012832101,164.012890309,-1.42609176692,0,0
2.68600012758,1343,-1.81049108505e-06,0,0,7.31420755073e-07,-0.392518222332,0.0778921991587,-0.0498207770288,0.0964012593031,23.9453056565,147.155209561,45.5796216556,132.051151013,6.7797459451,1.78235768544,2508.56205821,-0.0246552862227,-0.742656052113,0.0986239537597,72,1,164.012788446,164.012890309,-1.75463675987,0,0
2.75000013062,1375,-1.78068876266e-06,0,0,9.48407659962e-07,-0.390750646591,0.0777404755354,-0.055694911629,0.0964453965425,24.1078032559,147.097525769,44.7394995717,132.067099912,4.7672101573,1.25354688407,2506.02071173,-0.0246574878693,-0.742655217648,0.0986248403788,72,1,164.012948517,164.012890309,-1.75296724774,0,0
2.81400013366,1407,-1.61677598953e-06,0,0,1.18947400551e-06,-0.354279816151,-0.0208059847355,-0.0386062152684,0.00894626416266,27.6637128991,112.898946099,47.2126157547,102.905294625,3.35304775945,0.880783943558,2504.23373654,-0.0246596578509,-0.742654442787,0.0986255928874,72,1,164.012963069,164.012890309,0.215172200114,0,0
2.8780001367,1439,-1.61677598953e-06,0,0,1.83036922863e-06,-0.297009706497,-0.0996665656567,-0.0141348615289,-0.100608438253,34.0681181115,89.9686638149,50.9104174853,72.8920276742,2.3596887786,0.618269893948,2502.97784805,-0.0246619973332,-0.742653369904,0.09862652421,72,1,164.012861205,164.012890309,2.8907537926,0,0
2.94200013974,1471,-1.89989805222e-06,0,0,4.43621075874e-07,-0.275426805019,-0.13707986474,-0.00129212578759,-0.148857265711,36.7567627109,80.3704097052,52.9260578332,61.7789919488,1.6615227878,0.433921343301,2502.09541991,-0.0246642567217,-0.742652475834,0.0986273288727,72,1,164.01281755,164.012890309,4.39787330106,0,0
3.00600014278,1503,-1.96695327759e-06,0,0,4.61401810981e-07,-0.260892748833,-0.143319755793,0.00907110236585,-0.154281586409,38.6558822356,78.8462202763,54.5907969354,60.6053508818,1.17084675821,0.304411457819,2501.47515908,-0.0246662776917,-0.742651641369,0.0986280217767,72,1,164.012919413,164.012890309,4.61452035233,0,0
3.07000014582,1535,-2.15321779251e-06,0,0,6.40850544187e-07,-0.275797486305,-0.126583337784,0.0163958743215,-0.154281586409,36.7092652596,82.9832715681,55.7882594876,60.6053508818,0.825795609671,0.213557527218,2501.03930011,-0.0246683619916,-0.742650806904,0.0986287966371,72,1,164.012992173,164.012890309,4.31729108095,0,0
3.13400014886,1567,-1.77323818207e-06,0,0,8.2399560597e-07,-0.356461763382,-0.0524267815053,-0.0362500883639,-0.0279431380332,27.439882615,103.251491964,47.5605847896,92.0255915844,0.582966436014,0.149873457644,2500.73289499,-0.0246705655009,-0.742649912834,0.0986297279596,72,1,164.012846653,164.012890309,1.0960646905,0,0
3.1980001519,1599,-2.02655792236e-06,0,0,7.98517930889e-07,-0.354761660099,-0.0240660123527,-0.038530882448,0.0292999222875,27.6141599898,111.875531729,47.223715228,109.259555757,0.412085057633,0.105171586995,2500.51729381,-0.0246727243066,-0.74264895916,0.09863050282,72,1,164.013021276,164.012890309,0.0674105394864,0,0
3.26200015494,1631,-1.89989805222e-06,0,0,7.3927901667e-07,-0.346802890301,-0.00343805644661,-0.0379114188254,0.0563547872007,28.441696486,118.464631669,47.315050324,118.103569548,0.291761864446,0.0737761709502,2500.36548823,-0.0246750321239,-0.742648184299,0.0986314564943,72,1,164.012861205,164.012890309,-0.447763479315,0,0
3.32600015798,1663,-1.97440385818e-06,0,0,1.15341481433e-06,-0.338694989681,0.0143871083856,-0.0365288518369,0.0710405707359,29.3046650768,124.377969769,47.519326472,123.098114273,0.206893815857,0.0518015035311,2500.25861897,-0.0246774591506,-0.74264729023,0.098632723093,72,1,164.013079484,164.012890309,-0.793806742877,0,0
3.39000016102,1695,-1.88499689102e-06,0,0,5.60330249755e-07,-0.331159710884,0.0303553752601,-0.0351255945861,0.0799237340689,30.1249256154,129.851236125,47.7272587887,126.186496345,0.147130535311,0.0362941605658,2500.18341467,-0.0246802251786,-0.742646336555,0.0986339449883,72,1,164.012890309,164.012890309,-1.06114405207,0,0
3.45400016406,1727,-1.84774398804e-06,0,0,1.03949469121e-06,-0.328499734402,0.0456719733775,-0.0348342172801,0.0858967155218,30.4187196889,135.259862873,47.7705107187,128.291881992,0.10484571078,0.0255138488114,2500.13032928,-0.0246827825904,-0.742645561695,0.0986352860928,72,1,164.012890309,164.012890309,-1.29417143762,0,0
3.5180001671,1759,-2.12341547012e-06,0,0,5.21688605204e-07,-0.374519348145,0.0695961266756,-0.0455252937973,0.0919376909733,25.642084438,144.024481415,46.2005773443,130.444925162,0.0747844453031,0.0181089667706,2500.09284355,-0.0246852524579,-0.742644548416,0.0986362546682,72,1,164.012861205,164.012890309,-1.62957131397,0,0
3.58200017014,1791,-2.09361314774e-06,0,0,3.78015300839e-07,-0.391921520233,0.0812232643366,-0.054987963289,0.0941928476095,24.0000626945,148.42566452,44.8400569439,131.254812004,0.0536972386556,0.0126443104875,2500.06630085,-0.0246878191829,-0.742643773556,0.0986376404762,72,1,164.012832101,164.012890309,-1.78557483014,0,0
3.64600017318,1823,-2.12341547012e-06,0,0,9.75966372607e-07,-0.378057956696,0.0214012861252,-0.051484528929,0.0629957914352,25.3010766755,126.761500724,45.340613724,120.345051982,0.0387837566507,0.00871592487073,2500.04744157,-0.0246900543571,-0.742642879486,0.0986386984587,72,1,164.012730238,164.012890309,-0.831689394545,0,0
3.71000017622,1855,-1.79558992386e-06,0,0,3.16884836593e-07,-0.310919821262,-0.0746091902256,-0.0211871936917,-0.0673285573721,32.4167194776,96.8488457147,49.8256595165,81.2867292552,0.0280260117336,0.00616329698389,2500.03393739,-0.0246923901141,-0.742642402649,0.098640114069,72,1,164.012919413,164.012890309,1.96701497771,0,0
3.77400017926,1887,-1.89244747162e-06,0,0,3.54896855015e-07,-0.282342731953,-0.126739442348,-0.0070692775771,-0.137601256371,35.8782708645,82.9439595691,52.0128887729,64.2625527689,0.0202892049828,0.00447603420994,2500.02462417,-0.0246945191175,-0.742641687393,0.0986412465572,72,1,164.012948517,164.012890309,4.00221440941,0,0
3.8380001823,1919,-2.07871198654e-06,0,0,9.1566687388e-07,-0.265705049038,-0.14362218976,0.00447733327746,-0.15572014451,38.0190685974,78.7728931755,53.8486165169,60.2966065344,0.0148758143581,0.00322492543781,2500.01810491,-0.0246969051659,-0.742640793324,0.0986422076821,72,1,164.012904861,164.012890309,4.64837765321,0,0
3.90200018534,1951,-1.92224979401e-06,0,0,3.95266823716e-07,-0.25366717577,-0.14362218976,0.0129522625357,-0.15572014451,39.6270806959,78.7728931755,55.2231358597,60.2966065344,0.0108151541056,0.00250065945728,2500.01321547,-0.0246991310269,-0.742640078068,0.0986435711384,72,1,164.012832101,164.012890309,4.64837765321,0,0
3.96600018837,1983,-1.84029340744e-06,0,0,8.1500320448e-07,-0.346127569675,-0.0711462497711,-0.0327891074121,-0.0703403800726,28.5127989628,97.8288881015,48.0748203699,80.5017843959,0.00825487678213,0.00173513259316,2500.00972301,-0.0247014369816,-0.742639303207,0.0986449420452,72,1,164.012861205,164.012890309,1.95428938605,0,0
4.03000019141,2015,-1.9446015358e-06,0,0,6.40968039534e-07,-0.35699313879,-0.0335638560355,-0.0389304496348,0.0107024032623,27.3855857813,108.931861178,47.1648636449,103.443569969,0.00618903683858,0.0013898183715,2500.00762753,-0.0247036740184,-0.742638528347,0.0986459627748,72,1,164.012904861,164.012890309,0.383544247597,0,0
4.09400019445,2047,-2.10106372833e-06,0,0,8.96503706826e-07,-0.349949419498,-0.0109928306192,-0.039047319442,0.0463307835162,28.1122283923,116.020077257,47.1476596431,114.773232781,0.00444040271219,0.00131607347242,2500.00576489,-0.0247058514506,-0.742637753487,0.0986469760537,72,1,164.012788446,164.012890309,-0.264150061412,0,0
4.15800019749,2079,-2.03400850296e-06,0,0,2.83524173028e-07,-0.341708600521,0.00777973700315,-0.0378240384161,0.0647332519293,28.9815416181,122.162047774,47.3279433209,120.936128951,0.00312718984041,0.00124667853818,2500.00413507,-0.0247081276029,-0.742636978626,0.0986483097076,72,1,164.012875757,164.012890309,-0.661640428007,0,0
4.22200020053,2111,-2.1681189537e-06,0,0,8.24102244223e-07,-0.333918392658,0.0244524106383,-0.0363823063672,0.0754394829273,29.8225731967,127.808394609,47.5410124636,124.621088617,0.00249417708709,0.0009453680061,2500.00343658,-0.024710342288,-0.742636322975,0.0986493900418,72,1,164.012759342,164.012890309,-0.955722469371,0,0
4.28600020357,2143,-1.98185443878e-06,0,0,8.69518544278e-07,-0.32675164938,0.0394938923419,-0.0350920818746,0.0822652280331,30.6130023091,133.059395012,47.7322319057,127.009072457,0.00213266759808,0.000701797175928,2500.00273809,-0.0247125867754,-0.74263548851,0.0986507385969,72,1,164.012933965,164.012890309,-1.19370117318,0,0
4.35000020661,2175,-2.01165676117e-06,0,0,6.40968551124e-07,-0.353014886379,0.0600088648498,-0.0408899001777,0.0880639404058,27.7941398963,140.465417644,46.876968554,129.061547341,0.00185779436279,0.00058331367514,2500.00250526,-0.0247147437185,-0.742634773254,0.0986518338323,72,1,164.012788446,164.012890309,-1.48871657439,0,0
4.41400020965,2207,-2.06381082535e-06,0,0,9.45082035742e-07,-0.395605742931,0.0813107043505,-0.052687201649,0.0927452743053,23.6635896727,148.459119373,45.1683627034,130.734566483,0.00167870417567,0.000504104313848,2500.0020396,-0.0247170720249,-0.742633998394,0.0986530333757,72,1,164.01281755,164.012890309,-1.77980447188,0,0
4.47800021269,2239,-1.87009572983e-06,0,0,6.7410394422e-07,-0.38882958889,0.0624741725624,-0.0572809241712,0.0927452743053,24.2854312091,141.374606756,44.5144505647,130.734566483,0.00156646451366,0.000447631820499,2500.0020396,-0.0247193519026,-0.742633163929,0.0986543148756,72,1,164.012846653,164.012890309,-1.54425855726,0,0
4.54200021573,2271,-2.09361314774e-06,0,0,3.16888900898e-07,-0.337125837803,-0.0421665497124,-0.032699059695,-0.0233429484069,29.4740166282,106.314058939,48.0882481497,93.3382980293,0.00149165002572,0.000412160944263,2500.00180677,-0.0247215777636,-0.742632448673,0.0986552760005,72,1,164.012904861,164.012890309,0.88402046822,0,0
4.60600021877,2303,-2.10851430893e-06,0,0,1.13037469873e-06,-0.290816068649,-0.111176967621,-0.0128343869001,-0.118341952562,34.8238099832,86.9308132678,51.1121543241,68.6647981638,0.00144337575225,0.000388640397642,2500.00180677,-0.0247238297015,-0.742631733418,0.0986566320062,72,1,164.012919413,164.012890309,3.38562834077,0,0
4.67000022181,2335,-1.95950269699e-06,0,0,9.50666787958e-07,-0.271353721619,-0.141440212727,-0.000334214360919,-0.155425965786,37.2817048628,79.303063103,53.0784964212,60.3596563451,0.00141107381335,0.000373833103362,2500.00180677,-0.0247260462493,-0.742631077766,0.0986580327153,72,1,164.012802998,164.012890309,4.60377568379,0,0
4.73400022485,2367,-2.14576721191e-06,0,0,3.78032893877e-07,-0.257772326469,-0.143815785646,0.0094083789736,-0.156847417355,39.0730820072,78.7259850767,54.6455557924,60.0554049015,0.00139009326272,0.000364011376597,2500.00180677,-0.0247282963246,-0.742630243301,0.0986588895321,72,1,164.012875757,164.012890309,4.67421393842,0,0
4.79800022789,2399,-1.90734863281e-06,0,0,7.98517930889e-07,-0.305572211742,-0.105005189776,-0.00396716315299,-0.1344011724,33.0441362166,88.5501867742,52.5019095221,64.9805806461,0.00137660738364,0.000357390173011,2500.00180677,-0.0247305389494,-0.742629647255,0.0986604616046,72,1,164.012759342,164.012890309,3.56423668563,0,0
4.86200023093,2431,-1.97440385818e-06,0,0,7.56065787755e-07,-0.357588648796,-0.0448917336762,-0.0384658761322,-0.0137939509004,27.3248369922,105.494320451,47.2332940262,96.1029218161,0.0013677522448,0.000353125417796,2500.00180677,-0.0247328057885,-0.74262881279,0.0986615568399,72,1,164.012861205,164.012890309,0.814917380922,0,0
4.92600023397,2463,-1.89989805222e-06,0,0,6.40968721655e-07,-0.353040337563,-0.0191600508988,-0.0397669710219,0.0342575274408,27.7915114566,113.418194815,47.0418126497,110.845910967,0.00136195232869,0.000350358880796,2500.00180677,-0.0247350856662,-0.742628097534,0.0986627191305,72,1,164.012933965,164.012890309,-0.0467540230602,0,0
4.99000023701,2495,-1.9446015358e-06,0,0,1.09880352284e-06,-0.344862937927,0.000765425502323,-0.0388632677495,0.0577472560108,28.6463400698,119.840609841,47.1747553092,118.571231724,0.00135817634916,0.000348542084083,2500.00157394,-0.024737291038,-0.742627263069,0.0986638963223,72,1,164.012904861,164.012890309,-0.515532621648,0,0
5.05400024005,2527,-2.12341547012e-06,0,0,2.66172662577e-07,-0.336839437485,0.0181996561587,-0.0374350734055,0.0708345919847,29.5050103887,125.669539557,47.3853651783,123.027100926,3.33027810484,-0.215219358779,2503.1149853,-0.0247396025807,-0.742626607418,0.0986650362611,72,1,164.012933965,164.012890309,-0.842915324029,0,0
5.11800024309,2559,-2.20537185669e-06,0,0,6.48709146844e-07,-0.329421579838,0.0338625200093,-0.0360641814768,0.0789122134447,30.3166525555,131.075881654,47.5881133752,125.832244521,24.6224353759,-0.495678420975,2524.12678674,-0.024741820991,-0.742625951767,0.0986661911011,72,1,164.012846653,164.012890309,-1.10051245429,0,0
5.18200024613,2591,-2.09361314774e-06,0,0,9.95005848381e-07,-0.334333658218,0.0504885204136,-0.0373347736895,0.0846853256226,29.7772676277,136.993185151,47.400179028,127.863007947,53.5943872819,3.99955979447,2557.59386346,-0.0247440487146,-0.742625236511,0.0986674651504,72,1,164.012773894,164.012890309,-1.34898035321,0,0
5.24600024917,2623,-2.25752592087e-06,0,0,1.23214158521e-06,-0.384770333767,0.0748777240515,-0.0496907345951,0.090758010745,24.6642321144,146.012127516,45.5983390566,130.022599478,85.9975407366,12.014760614,2598.01233187,-0.0247462913394,-0.74262458086,0.0986684337258,72,1,164.012861205,164.012890309,-1.68986734934,0,0
5.31000025221,2655,-2.15321779251e-06,0,0,1.07333016786e-06,-0.391081809998,0.0815961062908,-0.0572199337184,0.0917467772961,24.0772878897,148.568346049,44.5230907644,130.376516609,119.933312817,22.0564979827,2641.98984951,-0.0247484464198,-0.742624044418,0.0986697003245,72,1,164.01274479,164.012890309,-1.77859421819,0,0
5.37400025525,2687,-1.88499689102e-06,0,0,5.82032612328e-07,-0.366200566292,-0.00258705904707,-0.0466646514833,0.0297186747193,26.4582486125,118.742282211,46.0353257949,109.392960439,154.126289999,33.2289419021,2687.35503778,-0.0247507151216,-0.742623448372,0.0986712127924,72,1,164.012904861,164.012890309,-0.240419205511,0,0
5.43800025829,2719,-1.96695327759e-06,0,0,8.80191407759e-07,-0.30201458931,-0.0896177738905,-0.0187404192984,-0.089925378561,33.4666801791,92.6835418795,50.2002476424,75.5204600864,187.59816885,44.995922508,2732.59403184,-0.0247528534383,-0.742622733116,0.0986725240946,72,1,164.012875757,164.012890309,2.55184457637,0,0
5.50200026133,2751,-1.90734863281e-06,0,0,7.09671610366e-07,-0.277928829193,-0.133450895548,-0.00540710799396,-0.147457629442,36.4370825992,81.2667858554,52.2745358467,62.0842620265,219.552384806,57.0179181523,2776.57015249,-0.0247549004853,-0.742622077465,0.0986738204956,72,1,164.012861205,164.012890309,4.30679600686,0,0
5.56600026437,2783,-2.00420618057e-06,0,0,5.54775738237e-07,-0.26248639822,-0.143961042166,0.00557704735547,-0.157690733671,38.4441082133,78.6907985457,54.0256733075,59.8753867962,249.328353675,69.0590459271,2818.38723458,-0.0247569587082,-0.742621362209,0.0986751616001,72,1,164.012861205,164.012890309,4.69360593706,0,0
5.63000026741,2815,-2.1830201149e-06,0,0,5.32345325155e-07,-0.256784558296,-0.140458136797,0.0134480297565,-0.157690733671,39.2058464058,79.542536696,55.3042591491,59.8753867962,276.393024251,80.9313205536,2857.32420161,-0.0247589945793,-0.742620706558,0.098676264286,72,1,164.012977621,164.012890309,4.63122222573,0,0
5.69400027045,2847,-2.11596488953e-06,0,0,1.28312751713e-06,-0.353527128696,-0.0598671622574,-0.0366529785097,-0.0477278418839,27.7412636933,101.070821984,47.5009619549,86.5200709086,300.352927297,92.4623527681,2892.81527512,-0.0247611347586,-0.742620110512,0.0986775681376,72,1,164.012861205,164.012890309,1.46222196054,0,0
5.75800027349,2879,-2.07126140594e-06,0,0,5.82087068324e-07,-0.355780422688,-0.0281454883516,-0.0400311164558,0.018937766552,27.5096208497,110.604269139,47.0030026918,105.992854515,320.973776979,103.472644696,2924.44648221,-0.0247632209212,-0.742619454861,0.0986789688468,72,1,164.012802998,164.012890309,0.223452298087,0,0
5.82200027653,2911,-2.16066837311e-06,0,0,6.76968113567e-07,-0.348096966743,-0.00666822679341,-0.0396882928908,0.0495246909559,28.3058270725,117.414958368,47.0533777843,115.827475383,338.192010531,113.763686386,2951.95565559,-0.0247653033584,-0.74261879921,0.0986802875996,72,1,164.012890309,164.012890309,-0.349796639057,0,0
5.88600027957,2943,-1.87009572983e-06,0,0,8.87242151748e-07,-0.339893460274,0.0116201620549,-0.0383562780917,0.0657753497362,29.1758296953,123.446559883,47.2494466521,121.291574033,352.114089765,123.115300084,2975.2291739,-0.0247673466802,-0.742618322372,0.0986818298697,72,1,164.01274479,164.012890309,-0.720463518519,0,0
5.95000028261,2975,-2.08616256714e-06,0,0,1.34315189371e-06,-0.33222413063,0.0279444567859,-0.0369277633727,0.0754428654909,30.0079882436,129.014108097,47.4603257317,124.622267322,362.986407708,131.29641593,2994.28286962,-0.0247693862766,-0.742617726326,0.0986830145121,72,1,164.012875757,164.012890309,-1.0015174048,0,0
6.01400028565,3007,-1.85519456863e-06,0,0,6.69636222028e-07,-0.326153159142,0.0428848676383,-0.0358984284103,0.0817419141531,30.6797410303,134.264002554,47.6126660942,126.82491797,371.146656107,138.075789437,3009.22244787,-0.0247714705765,-0.742617189884,0.0986843705177,72,1,164.012890309,164.012890309,-1.23436877038,0,0
6.07800028869,3039,-2.03400850296e-06,0,0,1.16622038604e-06,-0.364734232426,0.0656402856112,-0.0445119105279,0.0876919180155,26.604237064,142.548335134,46.3478900201,128.929212224,376.993528334,143.250916153,3020.24441771,-0.0247735753655,-0.742616415024,0.0986856594682,72,1,164.012846653,164.012890309,-1.55802688096,0,0
6.14200029173,3071,-2.19792127609e-06,0,0,9.74015961219e-07,-0.392676055431,0.0816781669855,-0.0551263429224,0.0910471230745,23.9308374148,148.599763634,44.8203609267,130.12601994,380.985700758,146.848047734,3027.83376537,-0.0247756615281,-0.742615878582,0.0986869037151,72,1,164.012788446,164.012890309,-1.77625473589,0,0
6.20600029477,3103,-2.10851430893e-06,0,0,7.98517930889e-07,-0.384405314922,0.0407168231905,-0.0561756081879,0.0817359983921,24.6985291597,133.492940222,44.6712110715,126.822837046,383.451057132,148.877486936,3032.32856095,-0.0247776713222,-0.742615282536,0.0986883044243,72,1,164.012759342,164.012890309,-1.20635621715,0,0
6.27000029781,3135,-1.9446015358e-06,0,0,4.83338055801e-07,-0.320871591568,-0.0611381046474,-0.0267236195505,-0.0511739216745,31.2736010528,100.70168355,48.984951718,85.5841717566,384.577433579,149.217696162,3033.79516117,-0.0247797500342,-0.742614865303,0.0986897274852,72,1,164.012948517,164.012890309,1.52798532508,0,0
6.33400030085,3167,-2.28732824326e-06,0,0,6.66395862936e-07,-0.285692036152,-0.120681166649,-0.0107178110629,-0.132055729628,35.4586081812,84.4796595629,51.4416278747,65.5102267046,384.474376915,147.735030623,3032.20935166,-0.0247817579657,-0.742614209652,0.0986908227205,72,1,164.012832101,164.012890309,3.79432737827,0,0
6.39800030389,3199,-2.10106372833e-06,0,0,9.17810154988e-07,-0.267882406712,-0.143975913525,0.00133726210333,-0.158286273479,37.7335527446,78.6871969467,53.3451893716,59.7484759055,383.179780329,144.324018038,3027.50384435,-0.0247839093208,-0.74261367321,0.0986922383308,72,1,164.012759342,164.012890309,4.70575783402,0,0
6.46200030693,3231,-2.20537185669e-06,0,0,6.68705069984e-07,-0.255171298981,-0.144055247307,0.0104124527425,-0.158286273479,39.4234193664,78.6679884186,54.8087882635,59.7484759055,380.676996429,138.930336107,3019.60716024,-0.0247859433293,-0.742613136768,0.0986935272813,72,1,164.012904861,164.012890309,4.70717344433,0,0
6.52600030997,3263,-2.30967998505e-06,0,0,4.68017361754e-07,-0.332987785339,-0.0841079056263,-0.0266180932522,-0.0985032171011,29.9243056361,94.1972321016,49.0008860652,73.4050845494,376.909592887,131.548091304,3008.45759921,-0.0247880425304,-0.742612600327,0.0986948385835,72,1,164.012963069,164.012890309,2.59573804215,0,0
6.59000031301,3295,-2.01165676117e-06,0,0,4.90817910759e-07,-0.357527434826,-0.0384217165411,-0.0397023223341,-0.00128485751338,27.3310743069,107.447980554,47.0513150503,99.8064278974,371.77070044,122.224009829,2993.99462529,-0.0247901361436,-0.742611885071,0.0986961945891,72,1,164.012861205,164.012890309,0.57991896756,0,0
6.65400031605,3327,-2.14576721191e-06,0,0,7.59648173698e-07,-0.351315557957,-0.0145828034729,-0.0402770601213,0.0394193641841,27.9701162071,114.871188998,46.9668848382,112.513858767,365.081272321,111.071261927,2976.1523474,-0.0247921422124,-0.742611348629,0.0986974537373,72,1,164.012773894,164.012890309,-0.156074529514,0,0
6.71800031909,3359,-2.07871198654e-06,0,0,6.29998169188e-07,-0.343056440353,0.00471424590796,-0.0391693599522,0.0599460862577,28.8379396807,121.143588331,47.1296989417,119.312222523,356.512871804,98.3054706012,2954.81830835,-0.0247942768037,-0.742610931396,0.0986988395452,72,1,164.012802998,164.012890309,-0.585475005209,0,0
6.78200032213,3391,-2.14576721191e-06,0,0,1.0085386748e-06,-0.335144817829,0.0217525102198,-0.0377230234444,0.0716661065817,29.6889174933,126.881699543,47.342851758,123.313919175,345.521169947,84.2777662911,2929.79879305,-0.0247963219881,-0.742610454559,0.098700016737,72,1,164.012890309,164.012890309,-0.895456818398,0,0
6.84600032517,3423,-1.96695327759e-06,0,0,4.62423571435e-07,-0.327854573727,0.037095669657,-0.0363926328719,0.0790349692106,30.4903078359,132.212095195,47.5394845125,125.875201775,331.251183525,69.5212729624,2900.7724952,-0.0247984007001,-0.742609739304,0.0987014696002,72,1,164.012832101,164.012890309,-1.14327040501,0,0
6.91000032821,3455,-2.12341547012e-06,0,0,1.1130182429e-06,-0.343572020531,0.0556992925704,-0.0398909784853,0.0847698897123,28.7831499008,138.886025525,47.0235900139,127.892912133,312.286661938,54.8761818209,2867.16269329,-0.0248004347086,-0.742609262466,0.0987026467919,72,1,164.012773894,164.012890309,-1.41603441443,0,0
6.97400033125,3487,-2.27242708206e-06,0,0,9.14320935408e-07,-0.393304407597,0.0793979763985,-0.0526853986084,0.0905479192734,23.8733155129,147.728555021,45.1686209999,129.947482492,286.114256596,41.7663286498,2827.88043842,-0.0248025730252,-0.742608785629,0.0987037867308,72,1,164.012802998,164.012890309,-1.74537207931,0,0
7.03800033429,3519,-2.07871198654e-06,0,0,7.0979371003e-07,-0.390116631985,0.0759290605783,-0.0583521313965,0.0905479192734,24.1663074121,146.410078742,44.3628778157,129.947482492,249.410077231,32.0531835314,2781.46308847,-0.024804610759,-0.742608308792,0.0987052619457,72,1,164.012773894,164.012890309,-1.70199212153,0,0
7.10200033733,3551,-2.13086605072e-06,0,0,6.25094287443e-07,-0.351007819176,-0.0252377651632,-0.0399542413652,-0.00202393531799,28.0020794889,111.509318231,47.014294978,99.5850132313,200.926762773,26.813662771,2727.74044424,-0.0248067304492,-0.742607712746,0.0987064391375,72,1,164.012875757,164.012890309,0.392483023461,0,0
7.16600034037,3583,-2.34693288803e-06,0,0,1.15719694804e-06,-0.295275092125,-0.102429404855,-0.0162171274424,-0.108287617564,34.278480598,89.2325188033,50.5885109305,71.0408276063,150.964886416,24.1188135988,2675.0836987,-0.0248087756336,-0.742607295513,0.0987077131867,72,1,164.012788446,164.012890309,3.06464778259,0,0
7.23000034341,3615,-2.27242708206e-06,0,0,4.90561490096e-07,-0.274052202702,-0.138614326715,-0.00331834051758,-0.154172509909,36.9332883565,79.9935951363,52.604576922,60.6288012932,109.580905701,20.7661487366,2630.34692034,-0.0248108245432,-0.742606699467,0.0987089276314,72,1,164.012846653,164.012890309,4.52885078266,0,0
7.29400034645,3647,-2.19792127609e-06,0,0,8.83955920017e-07,-0.259667038918,-0.144144356251,0.00702435150743,-0.158739447594,38.8193584513,78.6464079283,54.2592824786,59.6520221734,78.2626739237,16.7534308275,2595.01603432,-0.0248128324747,-0.74260622263,0.0987101867795,72,1,164.012832101,164.012890309,4.71781706437,0,0
7.35800034949,3679,-2.1681189537e-06,0,0,4.62759402353e-07,-0.280314266682,-0.12351693213,0.0128458403051,-0.157416790724,36.1342645192,83.7582483655,55.2057317691,59.9338236498,55.4502075829,12.8642923301,2568.31455044,-0.0248148776591,-0.742605686188,0.0987114608288,72,1,164.01281755,164.012890309,4.32387180626,0,0
7.42200035253,3711,-2.1904706955e-06,0,0,4.53956715774e-07,-0.356655776501,-0.0511101968586,-0.038508977741,-0.0290502719581,27.4200483545,103.640872112,47.2269421152,91.7115103221,39.115173422,9.5650611911,2548.6801751,-0.024816904217,-0.742605090141,0.0987127423286,72,1,164.012890309,164.012890309,1.08928384725,0,0
7.48600035557,3743,-2.12341547012e-06,0,0,4.27702161687e-07,-0.354338765144,-0.0231407284737,-0.0405645929277,0.0265139341354,27.6576483884,112.165325845,46.924684284,108.374762931,27.5335205515,6.95974358678,2534.49333832,-0.0248189438134,-0.742604672909,0.0987141355872,72,1,164.012919413,164.012890309,0.0799412446213,0,0
7.55000035861,3775,-2.13831663132e-06,0,0,8.36068295484e-07,-0.346300899982,-0.00255145598203,-0.039875280112,0.0529451407492,28.4945363092,118.753909192,47.0258964924,116.963630717,19.3635023606,4.9921527534,2524.35565926,-0.0248210132122,-0.742604315281,0.0987153425813,72,1,164.01281755,164.012890309,-0.433379784226,0,0
7.61400036165,3807,-1.98930501938e-06,0,0,5.69714643461e-07,-0.338177740574,0.0152775496244,-0.0384756736457,0.0673675984144,29.3604061881,124.678772409,47.2318497486,121.836004837,13.6127964652,3.54889289156,2517.16165803,-0.0248230546713,-0.742603778839,0.0987168550491,72,1,164.012846653,164.012890309,-0.780403148383,0,0
7.67800036469,3839,-2.32458114624e-06,0,0,7.30964757167e-07,-0.330638051033,0.0312529243529,-0.0370736606419,0.0761278271675,30.1823729387,130.163869471,47.4387597933,124.860540382,9.56918938755,2.50910875366,2512.07826659,-0.0248250998557,-0.742603302002,0.0987176969647,72,1,164.012977621,164.012890309,-1.04915571865,0,0
7.74200036773,3871,-2.04890966415e-06,0,0,1.46285890423e-06,-0.328962504864,0.0467803888023,-0.0369820035994,0.0820700675249,30.3674423776,135.657362989,47.4523076264,126.940372866,6.72716305417,1.76827870746,2508.49546865,-0.0248271804303,-0.742602884769,0.0987191349268,72,1,164.01274479,164.012890309,-1.28646427765,0,0
7.80600037077,3903,-1.9446015358e-06,0,0,8.69389850777e-07,-0.376113653183,0.070913746953,-0.0479160808027,0.088126540184,25.4879923887,144.518548041,45.8542745037,129.083826323,4.73018963021,1.24378789224,2505.97391278,-0.0248292312026,-0.742602348328,0.0987205207348,72,1,164.012963069,164.012890309,-1.62682496011,0,0
7.8700003738,3935,-2.15321779251e-06,0,0,7.81002938766e-07,-0.391565322876,0.0817264020443,-0.0570004396141,0.0901698470116,24.0327990468,148.618230014,44.5541954832,129.812382511,3.32716376761,0.873914075328,2504.20090742,-0.024831328541,-0.742601931095,0.0987216755748,72,1,164.01281755,164.012890309,-1.77261524368,0,0
7.93400037684,3967,-2.07126140594e-06,0,0,1.50896494233e-06,-0.376108109951,0.0168540999293,-0.0523831658065,0.0533392839134,25.4885271715,125.212623971,45.211865654,117.095027235,2.34144317801,0.613525060089,2502.95479782,-0.0248332992196,-0.742601454258,0.0987228527665,72,1,164.012963069,164.012890309,-0.700760923792,0,0
7.99800037988,3999,-2.27987766266e-06,0,0,4.34329052723e-07,-0.308881103992,-0.0777803808451,-0.0223212167621,-0.0749208182096,32.6548251905,95.9576427704,49.6526809002,79.3177387095,1.64870527897,0.430597054901,2502.07912177,-0.0248354002833,-0.742600977421,0.0987238809466,72,1,164.012875757,164.012890309,2.12890468538,0,0
8.06200038292,4031,-2.21282243729e-06,0,0,8.23888456125e-07,-0.281193435192,-0.128465235233,-0.0083186943084,-0.142537683249,36.0231424565,82.5102761155,51.8167908012,63.1653238088,1.16181377052,0.302085084058,2501.46375038,-0.02483869344,-0.742602169514,0.0987240225077,72,1,164.012802998,164.012890309,4.12516156211,0,0
8.12600038596,4063,-2.34693288803e-06,0,0,5.55180861284e-07,-0.264751017094,-0.144198209047,0.00319910980761,-0.159049451351,38.1446843676,78.6333766882,53.6433071829,59.5861019974,0.819428862542,0.211908186998,2501.03115104,-0.0248426739126,-0.742604374886,0.0987235158682,72,1,164.012890309,164.012890309,4.7249798663,0,0
8.190000389,4095,-2.22027301788e-06,0,0,1.00710690276e-06,-0.252834558487,-0.144198209047,0.011612329632,-0.159049451351,39.7401563532,78.6333766882,55.0042786926,59.5861019974,0.578555670927,0.148661086996,2500.72707422,-0.0248465016484,-0.74260622263,0.0987231656909,72,1,164.012832101,164.012890309,4.7249798663,0,0
8.25400039204,4127,-2.08616256714e-06,0,0,8.872879107e-07,-0.347778618336,-0.0691305100918,-0.0350027866662,-0.0688030868769,28.339203709,98.402662843,47.7454850625,80.9018019936,0.409006105428,0.104312022131,2500.51333569,-0.0248496178538,-0.742608070374,0.0987234115601,72,1,164.012759342,164.012890309,1.89958000556,0,0
8.31800039508,4159,-1.95205211639e-06,0,0,6.33687193385e-07,-0.356760263443,-0.0326480232179,-0.0404183231294,0.00956495478749,27.4093708867,109.213251562,46.946148359,103.094716906,0.289504981765,0.0732433704798,2500.36269426,-0.0248531419784,-0.742610931396,0.0987233892083,72,1,164.01281755,164.012890309,0.381709862268,0,0
8.38200039812,4191,-2.43633985519e-06,0,0,6.33713796105e-07,-0.349564194679,-0.0102177094668,-0.0404345132411,0.0442996881902,28.1523989543,116.269213322,46.9437727588,114.106151159,0.205279718557,0.0514415070541,2500.25675632,-0.024856345728,-0.742613077164,0.0987231954932,72,1,164.012832101,164.012890309,-0.258077925537,0,0
8.44600040116,4223,-2.36928462982e-06,0,0,6.95555229413e-07,-0.341307401657,0.00851962715387,-0.0391830317676,0.0623359419405,29.0243970085,122.408775496,47.1276871394,120.121083455,0.145902674831,0.036088195543,2500.18201768,-0.0248594973236,-0.742615103722,0.0987231731415,72,1,164.012890309,164.012890309,-0.654285075143,0,0
8.5100004042,4255,-2.20537185669e-06,0,0,4.34732925214e-07,-0.333520710468,0.0251734592021,-0.0377391688526,0.0728745311499,29.8660143017,128.056693939,47.3404688819,123.731544591,0.10389467775,0.0253989291821,2500.12916513,-0.0248626694083,-0.742617368698,0.0987234413624,72,1,164.012875757,164.012890309,-0.948525674175,0,0
8.57400040724,4287,-2.33203172684e-06,0,0,2.60844444711e-07,-0.326375901699,0.0402023084462,-0.0364584363997,0.0796155780554,30.6548936351,133.310415549,47.5297456433,126.078506582,0.0741503001223,0.0179683432577,2500.09191222,-0.0248659141362,-0.742619752884,0.0987232923508,72,1,164.012890309,164.012890309,-1.18706561625,0,0
8.63800041028,4319,-2.27242708206e-06,0,0,3.66263748219e-07,-0.354829072952,0.0611530132592,-0.0426987446845,0.0854444801807,27.6072369161,140.886855661,46.6122437501,128.131665406,0.0532585850976,0.0125269181694,2500.06583519,-0.0248691458255,-0.742621541023,0.0987235084176,72,1,164.012846653,164.012890309,-1.48918444756,0,0
8.70200041332,4351,-2.25007534027e-06,0,0,6.520007787e-07,-0.395103335381,0.0817097127438,-0.0542401410639,0.0899061113596,23.7092481257,148.611841723,44.9465915153,129.718187964,0.0384830336486,0.00862650306743,2500.04697591,-0.024872418493,-0.742623925209,0.0987235680223,72,1,164.012832101,164.012890309,-1.77113234531,0,0
8.76600041636,4383,-2.31713056564e-06,0,0,7.32531589165e-07,-0.388200521469,0.0588315613568,-0.0583640001714,0.0899061113596,24.343820769,140.032701893,44.3612007075,129.718187964,0.0277879852462,0.0061201763657,2500.03370456,-0.0248756557703,-0.742626130581,0.0987235158682,72,1,164.012890309,164.012890309,-1.48358370643,0,0
8.8300004194,4415,-2.20537185669e-06,0,0,7.98517930889e-07,-0.3340908885,-0.045895639807,-0.0327520929277,-0.0310249328613,29.8037484754,105.193495983,48.0803391838,91.1530951271,0.020093748887,0.00446290249201,2500.02439134,-0.0248786434531,-0.742628097534,0.0987237021327,72,1,164.012759342,164.012890309,1.03300542105,0,0
8.89400042244,4447,-2.1681189537e-06,0,0,7.92217178969e-07,-0.289694130421,-0.113266378641,-0.0135880615562,-0.12320612371,34.9620531779,86.3875320647,50.9951751155,67.5345727359,0.0147430130326,0.00320321191793,2500.01787208,-0.024882061407,-0.742630243301,0.0987238138914,72,1,164.012846653,164.012890309,3.50694893859,0,0
8.95800042548,4479,-2.13831663132e-06,0,0,7.32534203962e-07,-0.270520329475,-0.142387777567,-0.00111250765622,-0.158341050148,37.3898074031,79.0725025581,52.9546196049,59.7368089075,0.0107232924762,0.00248251352808,2500.01321547,-0.0248851720244,-0.742632389069,0.0987240076065,72,1,164.012919413,164.012890309,4.67854784802,0,0
9.02200042852,4511,-2.45124101639e-06,0,0,7.33502929506e-07,-0.257084012032,-0.144250631332,0.00855109654367,-0.159293115139,39.1655667045,78.6206874182,54.5064431208,59.534326283,0.00819212786496,0.00171895009338,2500.00972301,-0.0248883645982,-0.742634356022,0.0987238585949,72,1,164.01281755,164.012890309,4.73078992218,0,0
9.08600043156,4543,-2.03400850296e-06,0,0,5.63517517094e-07,-0.310656785965,-0.101444914937,-0.00940483435988,-0.130665957928,32.4473658111,89.4943223102,51.64671893,65.8254211885,0.00613152106865,0.00138779188141,2500.0073947,-0.0248916130513,-0.742636620998,0.0987242236733,72,1,164.012832101,164.012890309,3.43520566821,0,0
9.1500004346,4575,-2.31713056564e-06,0,0,1.00723570995e-06,-0.357640564442,-0.0438327901065,-0.0396314896643,-0.0134603846818,27.31954919,105.812308902,47.0617269457,96.2004705798,0.00439346159453,0.00131637134526,2500.00576489,-0.0248948391527,-0.742638647556,0.0987240299582,72,1,164.012875757,164.012890309,0.795165426098,0,0
9.21400043764,4607,-2.28732824326e-06,0,0,7.0979371003e-07,-0.352737665176,-0.0184143669903,-0.0407843925059,0.0332801751792,27.8227853414,113.654001325,46.8924408779,110.531967948,0.00309966385892,0.00124084054143,2500.00413507,-0.0248980429024,-0.74264061451,0.0987242758274,72,1,164.012773894,164.012890309,-0.0485780255985,0,0
9.27800044068,4639,-2.24262475967e-06,0,0,7.98517930889e-07,-0.344525754452,0.00143588078208,-0.0398359186947,0.0562567301095,28.682019547,120.061129564,47.0316808787,118.07068222,0.0024818684885,0.000935821864445,2500.00343658,-0.0249012131244,-0.742642819881,0.0987243354321,72,1,164.012759342,164.012890309,-0.513316364959,0,0
9.34200044372,4671,-2.1830201149e-06,0,0,1.13409782898e-06,-0.336507916451,0.0188324265182,-0.0384000949562,0.069115743041,29.5409172395,125.884820591,47.2429892397,122.43562378,0.00212337858407,0.000697000179795,2500.00273809,-0.0249046199024,-0.742645263672,0.098724372685,72,1,164.012832101,164.012890309,-0.83966209786,0,0
9.40600044676,4703,-2.07126140594e-06,0,0,6.33777688108e-07,-0.329100966454,0.0344663076103,-0.0370341129601,0.0770798772573,30.3521173919,131.287539261,47.4446060252,125.192222185,0.00185121107332,0.000580656411842,2500.00227243,-0.0249077733606,-0.742647409439,0.0987244993448,72,1,164.012963069,164.012890309,-1.09705247451,0,0
9.4700004498,4735,-2.34693288803e-06,0,0,5.49401704575e-07,-0.335613429546,0.05140318349,-0.0386222414672,0.0828433036804,29.6379803331,137.324110256,47.2102547064,127.212697407,0.00167463420908,0.00050211007574,2500.0020396,-0.0249107051641,-0.742649197578,0.0987244397402,72,1,164.012861205,164.012890309,-1.35028210934,0,0
9.53400045284,4767,-2.33948230743e-06,0,0,6.52002995594e-07,-0.386301100254,0.075778901577,-0.0511281527579,0.0889116227627,24.5208284468,146.353195305,45.3917382401,129.363426822,0.00156383406225,0.000446306297475,2500.0020396,-0.024914033711,-0.742651283741,0.0987246334553,72,1,164.01281755,164.012890309,-1.6919770278,0,0
9.59800045588,4799,-2.28732824326e-06,0,0,1.15341481433e-06,-0.390889644623,0.0817306935787,-0.0582623146474,0.0896886736155,24.0949957515,148.619874381,44.3755743618,129.640568048,0.00148987400195,0.000411352785168,2500.00180677,-0.0249173566699,-0.742653608322,0.0987246409059,72,1,164.012701134,164.012890309,-1.77033897489,0,0
9.66200045892,4831,-2.23517417908e-06,0,0,1.15341481433e-06,-0.36378967762,-0.00680322293192,-0.0464229546487,0.0221459306777,26.6986207862,117.371237138,46.0703486169,106.997176772,0.00144223777365,0.000388089504977,2500.00180677,-0.0249206312001,-0.742655992508,0.0987248197198,72,1,164.013079484,164.012890309,-0.112828798592,0,0
9.72600046196,4863,-2.30967998505e-06,0,0,1.24213897834e-06,-0.300662279129,-0.0921971648932,-0.0191227197647,-0.0950463712215,33.6283810611,91.9810481719,50.141596148,74.2527554394,0.00141031231138,0.000373490377514,2500.00180677,-0.024923838675,-0.742658078671,0.0987248197198,72,1,164.012686582,164.012890309,2.67577520572,0,0
9.790000465,4895,-2.30222940445e-06,0,0,1.03959041553e-06,-0.277122914791,-0.134697496891,-0.00583860930055,-0.150366157293,36.5398191207,80.958045146,52.2065274708,61.4510063315,0.0013896083173,0.000363774760315,2500.00180677,-0.0249267984182,-0.742660284042,0.0987248197198,72,1,164.013006724,164.012890309,4.3850527145,0,0
9.85400046804,4927,-2.13831663132e-06,0,0,8.15003772914e-07,-0.261858820915,-0.144286185503,0.00506589468569,-0.1594658494,38.5273997381,78.6120872363,53.9433276572,59.4976336288,0.00137629097008,0.000357235685478,2500.00180677,-0.0249299779534,-0.74266242981,0.0987250581384,72,1,164.012832101,164.012890309,4.7348854132,0,0
9.91800047108,4959,-2.10851430893e-06,0,0,6.58969838696e-07,-0.259716749191,-0.138544261456,0.0128539577127,-0.1594658494,38.8127227779,80.0107663963,55.2070596314,59.4976336288,0.00136754396696,0.00035302627488,2500.00180677,-0.0249332804233,-0.742664754391,0.0987250357866,72,1,164.012861205,164.012890309,4.63243294507,0,0
9.98200047412,4991,-2.14576721191e-06,0,0,5.67049312394e-07,-0.354281306267,-0.0583628080785,-0.0377195961773,-0.0457163788378,27.6635673799,101.509016531,47.3433574371,87.06949302,0.00136181654842,0.000350293849483,2500.00180677,-0.0249364599586,-0.742666840553,0.0987252295017,72,1,164.012832101,164.012890309,1.41218421049,0,0
10.0460004772,5023,-2.30967998505e-06,0,0,8.71444569839e-07,-0.355560004711,-0.027345944196,-0.040810611099,0.0189109779894,27.5322108791,110.852604848,46.8885955343,105.984494439,0.00135808775337,0.000348499396008,2500.00157394,-0.024939455092,-0.742668688297,0.0987252369523,72,1,164.012802998,164.012890309,0.21218272741,0,0
10.1100004802,5055,-2.49594449997e-06,0,0,7.13000133601e-07,-0.347791552544,-0.00600355025381,-0.0403969101608,0.0487561263144,28.337841286,117.630406749,46.9492915727,115.573202493,0.00135565425552,0.000347327805406,2500.00157394,-0.0249426867813,-0.742670834064,0.098725065589,72,1,164.012875757,164.012890309,-0.352764880517,0,0
10.1740004832,5087,-2.21282243729e-06,0,0,8.71444569839e-07,-0.339590668678,0.0122274234891,-0.0390485040843,0.0646888166666,29.2083368549,123.65054863,47.1474850201,120.920987683,0.00135406430513,0.000346564388298,2500.00157394,-0.0249457880855,-0.742673039436,0.0987253785133,72,1,164.012904861,164.012890309,-0.720897922292,0,0
10.2380004863,5119,-2.25752592087e-06,0,0,5.48789046206e-07,-0.331935107708,0.0285108946264,-0.0376224704087,0.0742032825947,30.0397005049,129.210442537,47.3576947115,124.191836221,9.88872398011,-0.794720733666,2509.09407623,-0.0249489210546,-0.742674827576,0.098725438118,72,1,164.012875757,164.012890309,-1.0009984253,0,0
10.3020004893,5151,-2.14576721191e-06,0,0,8.87242151748e-07,-0.326326906681,0.0435077808797,-0.0366956777871,0.0804356783628,30.6603578792,134.486122988,47.4946464237,126.366037875,34.380103898,0.388382915162,2534.76831131,-0.0249522235245,-0.742677271366,0.0987256988883,72,1,164.01274479,164.012890309,-1.23470963445,0,0
10.3660004924,5183,-2.11596488953e-06,0,0,5.37977143722e-07,-0.36665803194,0.0665807276964,-0.0457131303847,0.086409971118,26.412837542,142.898294143,46.1733070551,128.473882796,64.1625156277,5.94054245084,2570.10292262,-0.0249554589391,-0.742679417133,0.0987256914377,72,1,164.012919413,164.012890309,-1.56319350936,0,0
10.4300004954,5215,-2.02655792236e-06,0,0,9.89434624898e-07,-0.392373979092,0.0817382633686,-0.0560695715249,0.0895477086306,23.9585315285,148.622770212,44.6862686658,129.590262077,96.5015133261,14.2323397085,2610.73373258,-0.0249587073922,-0.742681562901,0.0987258553505,72,1,164.012933965,164.012890309,-1.76974351052,0,0
10.4940004984,5247,-2.13086605072e-06,0,0,6.71561451782e-07,-0.38326138258,0.0365605987608,-0.056294221431,0.0759438127279,24.8062551691,132.023575134,44.6543708676,124.796497403,129.858162836,24.1003963311,2653.95850874,-0.024961873889,-0.742683649063,0.0987260192633,72,1,164.012904861,164.012890309,-1.11730280332,0,0
10.5580005015,5279,-2.50339508057e-06,0,0,5.32345325155e-07,-0.318429172039,-0.0643131434917,-0.026448994875,-0.0568034760654,31.5512224915,99.7837778414,49.0264283144,84.0698339744,163.134303875,34.8559005943,2697.99004309,-0.0249650385231,-0.742685675621,0.0987256392837,72,1,164.012977621,164.012890309,1.65444309823,0,0
10.6220005045,5311,-1.95205211639e-06,0,0,9.65248318607e-07,-0.284826755524,-0.12231439352,-0.0109058301896,-0.135211735964,35.5666670657,84.0636130306,51.4123021276,64.7982014925,195.465850993,46.0822775494,2741.5479999,-0.0249680578709,-0.742687880993,0.0987263843417,72,1,164.012890309,164.012890309,3.88068240136,0,0
10.6860005076,5343,-2.26497650146e-06,0,0,3.4899207435e-07,-0.267255663872,-0.144310504198,0.00108446367085,-0.159591317177,37.8155709768,78.6062009865,53.3047968929,59.470996348,226.142830797,57.5084304728,2783.65123086,-0.024970991537,-0.742689907551,0.0987259671092,72,1,164.012933965,164.012890309,4.73783444613,0,0
10.7500005106,5375,-2.26497650146e-06,0,0,7.0210830927e-07,-0.254679262638,-0.144310504198,0.0100609678775,-0.159591317177,39.4899579987,78.6062009865,54.7516101506,59.470996348,254.578597378,68.9397347742,2823.51835631,-0.024974282831,-0.742691993713,0.0987260490656,72,1,164.012919413,164.012890309,4.73783444613,0,0
10.8140005136,5407,-2.1904706955e-06,0,0,4.15935403453e-07,-0.33639639616,-0.0812814235687,-0.0294477343559,-0.0939295589924,29.5530080621,94.9806708377,48.5747877974,74.5280049159,280.31039983,80.2145004855,2860.52492447,-0.0249773021787,-0.742693901062,0.0987263172865,72,1,164.012861205,164.012890309,2.47606798075,0,0
10.8780005167,5439,-2.20537185669e-06,0,0,6.84361395997e-07,-0.357457697392,-0.0374911390245,-0.0403449647129,-0.000374702853151,27.3381883744,107.731102617,46.9569167763,100.079545518,303.009699564,91.1743045435,2894.18408647,-0.0249805003405,-0.742696106434,0.0987264439464,72,1,164.012832101,164.012890309,0.556396029424,0,0
10.9420005197,5471,-2.16066837311e-06,0,0,5.32345325155e-07,-0.351036727428,-0.0138938669115,-0.0408105887473,0.0392573960125,27.9990726995,115.091032058,46.8885991722,112.461268145,322.498526657,101.652425656,2924.15102012,-0.0249836593866,-0.742698013783,0.0987266078591,72,1,164.012977621,164.012890309,-0.164313241839,0,0
11.0060005228,5503,-2.16066837311e-06,0,0,1.35472930651e-06,-0.342766463757,0.00532242376357,-0.0396727211773,0.0593463145196,28.868782465,121.34516146,47.055666073,119.109798106,338.758778526,111.460904009,2950.21967031,-0.024986891076,-0.742700219154,0.098726645112,72,1,164.012788446,164.012890309,-0.589243660215,0,0
11.0700005258,5535,-2.13831663132e-06,0,0,1.2783167449e-06,-0.334869205952,0.0223098993301,-0.0382245071232,0.0708632469177,29.7189144476,127.072620671,47.268873459,123.036981677,351.920723915,120.395190606,2972.31576405,-0.0249900519848,-0.742702364922,0.0987267047167,72,1,164.012832101,164.012890309,-0.897473073564,0,0
11.1340005288,5567,-1.97440385818e-06,0,0,1.06469065031e-06,-0.327595353127,0.0376118980348,-0.0369010232389,0.0781268328428,30.5191133521,132.394154207,47.4642802146,125.557649881,362.23459756,128.241474158,2990.4760886,-0.0249931048602,-0.74270427227,0.0987270995975,72,1,164.012715686,164.012890309,-1.14443572238,0,0
11.1980005319,5599,-2.27242708206e-06,0,0,4.43621075874e-07,-0.345338761806,0.0566011406481,-0.0408152006567,0.0838716179132,28.5960377369,139.215495437,46.8879225082,127.575462102,370.024004951,134.789414005,3004.81333397,-0.0249961279333,-0.742706179619,0.0987269133329,72,1,164.01281755,164.012890309,-1.42257567495,0,0
11.2620005349,5631,-2.39163637161e-06,0,0,3.54896855015e-07,-0.394242405891,0.080016836524,-0.0533079169691,0.0894278287888,23.787648388,147.964645294,45.0796324003,129.547493998,375.650823116,139.848823892,3015.49956203,-0.0249995272607,-0.742708444595,0.0987268388271,72,1,164.012948517,164.012890309,-1.74762995448,0,0
11.326000538,5663,-2.421438694e-06,0,0,1.06469065031e-06,-0.389872670174,0.0735251754522,-0.0588757432997,0.0894278287888,24.1888519668,145.501282532,44.2889140686,129.547493998,379.528908525,143.414916238,3022.94362336,-0.0250026825815,-0.742710530758,0.0987267866731,72,1,164.013064932,164.012890309,-1.66627287399,0,0
11.390000541,5695,-2.14576721191e-06,0,0,6.21069489171e-07,-0.348203122616,-0.0290310792625,-0.0391859225929,-0.00817613862455,28.2947057713,110.329674499,47.1272614959,97.7546151262,381.980498787,145.536730997,3027.51734853,-0.02500593476,-0.742712914944,0.0987270623446,72,1,164.012788446,164.012890309,0.514513405506,0,0
11.454000544,5727,-2.13086605072e-06,0,0,5.00373062096e-07,-0.294228434563,-0.104546621442,-0.016220998019,-0.111928641796,34.4058935298,88.6713824002,50.587914302,70.1741591911,383.185775718,146.119724377,3029.30525504,-0.0250091552734,-0.742714941502,0.0987270921469,72,1,164.012948517,164.012890309,3.16208600998,0,0
11.5180005471,5759,-2.35438346863e-06,0,0,6.38442372747e-07,-0.273385703564,-0.13950714469,-0.00337577797472,-0.155876964331,37.0191155525,79.7749453341,52.595481975,60.2630134381,383.249629522,145.043959492,3028.29360589,-0.0250121708959,-0.742716550827,0.0987272709608,72,1,164.012832101,164.012890309,4.57833567634,0,0
11.5820005501,5791,-2.33203172684e-06,0,0,1.38564917052e-06,-0.25916326046,-0.144338309765,0.00686531607062,-0.159692913294,38.886704715,78.5994707257,54.2335801583,59.4494267716,382.213765988,142.211720231,3024.42559041,-0.0250153914094,-0.742718875408,0.0987273305655,72,1,164.012802998,164.012890309,4.74036252126,0,0
11.6460005532,5823,-2.39908695221e-06,0,0,7.2405254059e-07,-0.285226643085,-0.120077833533,0.00982398167253,-0.15566405654,35.5166921508,84.6337352414,54.713080317,60.3086264164,380.069075618,137.564638862,3017.6336877,-0.0250187776983,-0.742720842361,0.098727285862,72,1,164.012977621,164.012890309,4.22844151035,0,0
11.7100005562,5855,-1.99675559998e-06,0,0,7.26195366951e-07,-0.356952726841,-0.0498765744269,-0.0391075797379,-0.0269876457751,27.3897112493,104.006678157,47.1387902508,92.297232186,376.773183234,131.088672788,3007.86178559,-0.0250216685236,-0.742722868919,0.0987276509404,72,1,164.012933965,164.012890309,1.04534509592,0,0
11.7740005592,5887,-2.36928462982e-06,0,0,9.85625092653e-07,-0.354094684124,-0.0223834514618,-0.0409856848419,0.0269591286778,27.682777727,112.402900413,46.8629259558,108.515829197,372.242589947,122.814148199,2995.05679868,-0.0250250212848,-0.742725014687,0.098727427423,72,1,164.012788446,164.012890309,0.0650322035654,0,0
11.8380005623,5919,-2.12341547012e-06,0,0,2.66172662577e-07,-0.346012294292,-0.00191343156621,-0.0402447991073,0.0527696572244,28.524951631,118.962394481,46.9716214866,116.905161121,366.33995478,112.822177471,2979.16214913,-0.0250280667096,-0.742726922035,0.098727747798,72,1,164.012846653,164.012890309,-0.440733652795,0,0
11.9020005653,5951,-1.91479921341e-06,0,0,9.75966372607e-07,-0.337900817394,0.0158524550498,-0.0388363115489,0.06691634655,29.39028127,124.873258756,47.1787243441,121.681543533,358.820339898,101.271478343,2960.09192243,-0.0250311587006,-0.742729008198,0.0987280681729,72,1,164.01305038,164.012890309,-0.784932926763,0,0
11.9660005684,5983,-2.24262475967e-06,0,0,6.21069489171e-07,-0.330379247665,0.0317792706192,-0.0374393127859,0.0755390077829,30.2108965116,130.347456434,47.384739446,124.655693071,349.276146153,88.4255277924,2937.70176359,-0.0250344593078,-0.742731153965,0.098727799952,72,1,164.012788446,164.012890309,-1.05232361238,0,0
12.0300005714,6015,-2.11596488953e-06,0,0,4.28268862152e-07,-0.32981055975,0.0474943108857,-0.0375755317509,0.0814412534237,30.2736607409,135.913825943,47.3646250612,126.719198306,337.088247761,74.6751975385,2911.76349856,-0.0250375811011,-0.742733240128,0.0987279564142,72,1,164.012875757,164.012890309,-1.2920080917,0,0
12.0940005744,6047,-2.29477882385e-06,0,0,5.32345325155e-07,-0.377905249596,0.0717547982931,-0.0488083921373,0.0875066369772,25.3157159023,144.83454288,45.725468226,128.863335703,321.283296216,60.6079483987,2881.89109415,-0.0250405538827,-0.742735207081,0.0987278670073,72,1,164.012802998,164.012890309,-1.63424934726,0,0
12.1580005775,6079,-2.04145908356e-06,0,0,6.74544139656e-07,-0.39144384861,0.0817354172468,-0.0575812421739,0.0893399119377,24.0439712798,148.621678818,44.4719225925,129.516134621,300.237501506,47.1589555673,2847.39630297,-0.0250436291099,-0.742737352848,0.0987282395363,72,1,164.012875757,164.012890309,-1.76869751886,0,0
12.2220005805,6111,-2.03400850296e-06,0,0,3.77303138066e-07,-0.374308884144,0.0126992855221,-0.0518436990678,0.0473157353699,25.6624862232,123.809222714,45.2891254099,115.097660455,271.155353403,35.8852303179,2807.040466,-0.0250467658043,-0.742739260197,0.0987283587456,72,1,164.012890309,164.012890309,-0.598295184318,0,0
12.2860005836,6143,-2.28732824326e-06,0,0,7.75450246238e-07,-0.307302772999,-0.0804741382599,-0.0220773406327,-0.0792509168386,32.8400856233,95.2053014771,49.6898464917,78.2091374276,231.269877986,28.2840665022,2759.55395773,-0.0250499509275,-0.742741107941,0.0987282916903,72,1,164.01281755,164.012890309,2.23734532483,0,0
12.3500005866,6175,-2.33948230743e-06,0,0,3.65626590337e-07,-0.28045541048,-0.129737019539,-0.00823036767542,-0.144657880068,36.1164056812,82.191756519,51.8306369486,62.6979308436,181.499883183,24.8977921729,2706.39755763,-0.0250531882048,-0.742743372917,0.098728209734,72,1,164.012861205,164.012890309,4.18775249273,0,0
12.4140005896,6207,-2.16066837311e-06,0,0,8.1381591599e-07,-0.264217734337,-0.144343286753,0.00319886393845,-0.159753739834,38.2150356018,78.5982629168,53.6432671652,59.4365155848,134.437636007,22.532456569,2656.96994029,-0.0250561051071,-0.742745220661,0.098728492856,72,1,164.012788446,164.012890309,4.74167056382,0,0
12.4780005927,6239,-2.4288892746e-06,0,0,1.15341481433e-06,-0.252425312996,-0.144343286753,0.0115110054612,-0.159753739834,39.7958283429,78.5982629168,54.9877513549,59.4365155848,96.9181128312,19.1043636733,2616.02248065,-0.0250593647361,-0.742747068405,0.0987284705043,72,1,164.012701134,164.012890309,4.74167056382,0,0
12.5420005957,6271,-2.21282243729e-06,0,0,6.23477035333e-07,-0.349285662174,-0.0671753287315,-0.0359245799482,-0.0651456266642,28.1814773189,98.9615218714,47.6087916468,81.8588232505,68.993664172,15.1769163494,2584.17055011,-0.0250626150519,-0.742749392986,0.0987286269665,72,1,164.012992173,164.012890309,1.81609205902,0,0
12.6060005988,6303,-2.33948230743e-06,0,0,3.86835750987e-07,-0.356599450111,-0.0317812673748,-0.040779132396,0.0106614474207,27.425803637,109.480046376,46.8932121294,103.430997115,48.7958823214,11.5302163977,2560.32613106,-0.0250657442957,-0.742751479149,0.0987284556031,72,1,164.012919413,164.012890309,0.357961864211,0,0
12.6700006018,6335,-2.1830201149e-06,0,0,6.36168238088e-07,-0.349280774593,-0.00954069569707,-0.0407128594816,0.0445149727166,28.1819866359,116.487128253,46.9029328087,114.176735224,34.3903011526,8.51036020322,2542.90062003,-0.0250688008964,-0.742753505707,0.0987289249897,72,1,164.012788446,164.012890309,-0.269249489065,0,0
12.7340006048,6367,-2.24262475967e-06,0,0,1.18401294458e-06,-0.341026842594,0.00911722145975,-0.0394412539899,0.0621783174574,29.0543939627,122.608311358,47.0896993647,120.067619719,24.1985235334,6.16110628471,2530.35966307,-0.02507189475,-0.74275547266,0.0987290516496,72,1,164.012832101,164.012890309,-0.661178957671,0,0
12.7980006079,6399,-2.27242708206e-06,0,0,8.20982052119e-07,-0.333258628845,0.0257155187428,-0.0379991866648,0.072538241744,29.8946706607,128.243584186,47.3021027574,123.615231132,17.0155781234,4.4049988901,2521.42036334,-0.0250750668347,-0.742757558823,0.0987290143967,72,1,164.012890309,164.012890309,-0.953466747887,0,0
12.8620006109,6431,-2.36183404922e-06,0,0,5.92968774527e-07,-0.326186954975,0.0407085008919,-0.036738421768,0.0791854262352,30.6759720843,133.489986183,47.4883236166,125.927865156,11.9618371173,3.1252034205,2515.087137,-0.0250782184303,-0.742759346962,0.0987290367484,72,1,164.012802998,164.012890309,-1.19103502948,0,0
12.926000614,6463,-2.27242708206e-06,0,0,4.733448975e-07,-0.356796503067,0.0620592273772,-0.0434530414641,0.0850395858288,27.4056674243,141.221287777,46.5021475975,127.988329041,8.40860411699,2.20707215703,2510.61562449,-0.025081500411,-0.742761731148,0.0987291410565,72,1,164.012948517,164.012890309,-1.4985203743,0,0
12.990000617,6495,-1.9297003746e-06,0,0,6.93147796937e-07,-0.394430756569,0.0817303210497,-0.0547989048064,0.0892786383629,23.770480766,148.619728861,44.8669743491,129.494277644,5.9116759985,1.55438692673,2507.46589154,-0.0250845570117,-0.742763698101,0.0987295582891,72,1,164.012890309,164.012890309,-1.76833209116,0,0
13.05400062,6527,-2.1830201149e-06,0,0,2.82471518176e-07,-0.387619137764,0.0552397631109,-0.0584245733917,0.0892786383629,24.39788841,138.718358357,44.3526405434,129.494277644,4.15728027292,1.09288077965,2505.2500423,-0.0250877160579,-0.74276560545,0.0987294539809,72,1,164.012846653,164.012890309,-1.43475353252,0,0
13.1180006231,6559,-2.33948230743e-06,0,0,7.11960183253e-07,-0.331275343895,-0.0492399819195,-0.0318510346115,-0.036142360419,30.1122090605,104.195809399,48.2148352603,89.716493676,2.92473100671,0.767556173287,2503.6924053,-0.0250908732414,-0.742767810822,0.0987293869257,72,1,164.012992173,164.012890309,1.14767404739,0,0
13.1820006261,6591,-2.22772359848e-06,0,0,4.71671000923e-07,-0.288816690445,-0.114997550845,-0.0133874509484,-0.125899076462,35.0704649463,85.9392894199,51.0262943862,66.9142100378,2.05864671443,0.538789663551,2502.59740278,-0.0250938385725,-0.742769300938,0.0987295880914,72,1,164.012846653,164.012890309,3.58467921615,0,0
13.2460006292,6623,-2.14576721191e-06,0,0,4.71928416346e-07,-0.269932687283,-0.142988413572,-0.000981062883511,-0.159278184175,37.4661758542,78.926619608,52.9755270691,59.5374913246,1.44989564888,0.378117505306,2501.8278975,-0.0250969268382,-0.7427713871,0.0987298637629,72,1,164.01281755,164.012890309,4.70798136666,0,0
13.3100006322,6655,-2.11596488953e-06,0,0,5.70443432935e-07,-0.256644427776,-0.144365400076,0.00857263430953,-0.159820914268,39.2247166019,78.5929150879,54.5099355804,59.4222656218,1.02189676454,0.26533706432,2501.28726475,-0.0250999480486,-0.742773294449,0.0987297818065,72,1,164.012904861,164.012890309,4.74341446534,0,0
13.3740006352,6687,-2.25752592087e-06,0,0,5.71059956656e-07,-0.315647065639,-0.0978155881166,-0.0137853715569,-0.124926969409,31.8697675539,90.4643238755,50.9645797138,67.1377056278,0.720968273527,0.18613960151,2500.90705231,-0.0251032263041,-0.742775380611,0.0987297520041,72,1,164.012802998,164.012890309,3.27099440619,0,0
13.4380006383,6719,-2.14576721191e-06,0,0,1.464905381e-06,-0.357688248158,-0.0427601002157,-0.0399839319289,-0.0115383882076,27.3146924883,106.13512859,47.0099330414,96.76382615,0.509227447765,0.130586840896,2500.63976273,-0.0251061674207,-0.742777109146,0.0987299308181,72,1,164.012788446,164.012890309,0.757305300795,0,0
13.5020006413,6751,-2.07126140594e-06,0,0,5.66867470297e-07,-0.352470576763,-0.0176792889833,-0.0410065762699,0.0339097715914,27.8504103335,113.886795589,46.8598627776,110.734137706,0.360156832357,0.0916310440857,2500.4518684,-0.0251094661653,-0.742779314518,0.0987299606204,72,1,164.012861205,164.012890309,-0.0645385880489,0,0
13.5660006444,6783,-2.37673521042e-06,0,0,5.21632216532e-07,-0.344239413738,0.00206569861621,-0.0400212071836,0.0563698001206,28.7123493763,120.268545288,47.0044578833,118.108604511,0.255173290498,0.0642586357458,2500.31938776,-0.025112407282,-0.742781102657,0.0987299606204,72,1,164.012832101,164.012890309,-0.522735179402,0,0
13.6300006474,6815,-2.31713056564e-06,0,0,1.00719660168e-06,-0.336238563061,0.0193981565535,-0.0385813228786,0.0689924806356,29.5701229334,126.077517052,47.2162828373,122.393277707,0.181079386152,0.0451547315095,2500.22625551,-0.0251154340804,-0.742782950401,0.098730020225,72,1,164.012875757,164.012890309,-0.846327806357,0,0
13.6940006504,6847,-2.13831663132e-06,0,0,7.55979840505e-07,-0.328851640224,0.0349810011685,-0.0372218899429,0.0768350064754,30.3797241941,131.468157633,47.4168555229,125.106860651,0.128893404394,0.0316110089216,2500.16059726,-0.0251186396927,-0.742784917355,0.0987301766872,72,1,164.012773894,164.012890309,-1.10223784577,0,0
13.7580006535,6879,-2.29477882385e-06,0,0,4.72503074889e-07,-0.337054729462,0.0522274114192,-0.0391539074481,0.0825857520103,29.4817109534,137.622802868,47.1319726785,127.121951664,0.0918065197197,0.022380655551,2500.11403114,-0.0251216962934,-0.742787003517,0.0987301766872,72,1,164.012904861,164.012890309,-1.35938939638,0,0
13.8220006565,6911,-2.10106372833e-06,0,0,6.51998959711e-07,-0.387849152088,0.0765415877104,-0.0518304742873,0.0886448919773,24.3764861807,146.642283653,45.2910207969,129.268388264,0.0656437109114,0.0157907269482,2500.08143485,-0.0251247547567,-0.742788672447,0.0987306088209,72,1,164.012802998,164.012890309,-1.70021736994,0,0
13.8860006595,6943,-2.421438694e-06,0,0,4.72521861639e-07,-0.390757739544,0.0814244151115,-0.0585964955389,0.0892207324505,24.1071502387,148.5026296,44.3283497589,129.473628476,0.0472897276893,0.0109356337319,2500.05815178,-0.0251277051866,-0.742790162563,0.0987305864692,72,1,164.012875757,164.012890309,-1.76422472578,0,0
13.9500006626,6975,-2.19792127609e-06,0,0,8.50549383813e-07,-0.361377418041,-0.0107181016356,-0.0454612337053,0.0165075398982,26.9408574241,116.108334623,46.2098796561,105.236264062,0.0341837882445,0.00756625961884,2500.04162081,-0.0251308139414,-0.74279242754,0.0987306758761,72,1,164.012890309,164.012890309,-0.00430263344242,0,0
14.0140006656,7007,-2.4288892746e-06,0,0,7.32531987069e-07,-0.299483537674,-0.0944734811783,-0.0188171304762,-0.0984711796045,33.7698111252,91.3643234526,50.1884751429,73.4129134798,0.0246925804248,0.00542991518415,2500.02997927,-0.0251341518015,-0.742794275284,0.0987304970622,72,1,164.012890309,164.012890309,2.76886927895,0,0
14.0780006687,7039,-2.19792127609e-06,0,0,4.76000991512e-07,-0.27646458149,-0.135668754578,-0.00560688599944,-0.151790976524,36.6239073628,80.7180913398,52.2430418641,61.1423747614,0.0179496275621,0.00394087118494,2500.0218302,-0.0251372586936,-0.742796242237,0.098730802536,72,1,164.012846653,164.012890309,4.42996574566,0,0
14.1420006717,7071,-2.15321779251e-06,0,0,7.32533862902e-07,-0.261380851269,-0.144366919994,0.00519418902695,-0.15985134244,38.590929762,78.5925440141,53.9639877388,59.4158082095,0.0131216424393,0.00290113577606,2500.0157766,-0.0251403301954,-0.742798089981,0.0987309515476,72,1,164.012890309,164.012890309,4.74405148998,0,0
14.2060006747,7103,-2.52574682236e-06,0,0,8.71441045547e-07,-0.2631752491,-0.136109083891,0.0128851681948,-0.15985134244,38.3528495149,80.6094831205,55.2121637156,59.4158082095,0.00970136149192,0.00218086926296,2500.01181848,-0.025143424049,-0.74279999733,0.0987307727337,72,1,164.013021276,164.012890309,4.59663849324,0,0
14.2700006778,7135,-2.16066837311e-06,0,0,7.82564484325e-07,-0.354933261871,-0.0568551085889,-0.0381640829146,-0.04263593629,27.5965303445,101.949561213,47.2777828691,87.9154031281,0.00744246575479,0.00152813428578,2500.00902452,-0.0251466296613,-0.742802381516,0.0987309738994,72,1,164.012890309,164.012890309,1.34859466925,0,0
14.3340006808,7167,-2.22772359848e-06,0,0,4.34758447909e-07,-0.355340003967,-0.0265238508582,-0.0410082153976,0.0200251229107,27.5547736237,111.108362034,46.859622671,106.332547148,0.00547945155915,0.00134267497121,2500.00692904,-0.0251494701952,-0.742804050446,0.0987310484052,72,1,164.012919413,164.012890309,0.189616446733,0,0
14.3980006839,7199,-2.33203172684e-06,0,0,6.40968210064e-07,-0.347502410412,-0.00533442758024,-0.0405322052538,0.0491427816451,28.3681856672,117.847579531,46.9294354843,115.701077448,0.00387052301321,0.00130206301296,2500.00529923,-0.0251527316868,-0.742806136608,0.0987310633063,72,1,164.012890309,164.012890309,-0.365086336387,0,0
14.4620006869,7231,-2.33203172684e-06,0,0,7.32535340831e-07,-0.33931261301,0.0128208640963,-0.0391711108387,0.0647578090429,29.2382137559,123.850128148,47.1294406452,120.944496302,0.00282228262982,0.00114734788337,2500.00390224,-0.0251556709409,-0.742808103561,0.0987312495708,72,1,164.012802998,164.012890309,-0.729329127353,0,0
14.5260006899,7263,-2.30967998505e-06,0,0,6.21069489171e-07,-0.331677734852,0.0290477126837,-0.0377491228282,0.0741157233715,30.0679712382,129.396707052,47.3389991384,124.161466374,0.00234294517121,0.000833636271125,2500.00320375,-0.0251588020474,-0.742809951305,0.0987310931087,72,1,164.012992173,164.012890309,-1.00748101249,0,0
14.590000693,7295,-2.39908695221e-06,0,0,6.61557123749e-07,-0.326639592648,0.0441091097891,-0.036946695298,0.0802808701992,30.6254914904,134.700792842,47.457528126,126.311730128,0.00201670768973,0.000647611020366,2500.00273809,-0.0251618698239,-0.742811799049,0.0987312719226,72,1,164.012861205,164.012890309,-1.24155881349,0,0
14.654000696,7327,-2.24262475967e-06,0,0,6.24346967015e-07,-0.368598937988,0.0674590915442,-0.0463742353022,0.0862755775452,26.2208450295,143.225697684,46.0774099338,128.426210722,0.00177885695063,0.000550392009746,2500.00227243,-0.0251648444682,-0.742813706398,0.098731637001,72,1,164.012977621,164.012890309,-1.5736001078,0,0
14.7180006991,7359,-2.30222940445e-06,0,0,1.60663944371e-06,-0.39214861393,0.0817317217588,-0.0564902089536,0.0891943275928,23.979211619,148.620267282,44.6265548817,129.464213387,0.00162964497452,0.000479952966259,2500.0020396,-0.0251680836082,-0.742815792561,0.0987313315272,72,1,164.012846653,164.012890309,-1.76793895662,0,0
14.7820007021,7391,-2.1681189537e-06,0,0,1.10911116735e-06,-0.382050216198,0.0325514934957,-0.0558473803103,0.071221858263,24.9207314482,130.617132527,44.71783177,123.1606293,0.00153439105866,0.000431945285095,2500.0020396,-0.025171129033,-0.742817878723,0.0987315773964,72,1,164.012890309,164.012890309,-1.03486166336,0,0
14.8460007051,7423,-2.22772359848e-06,0,0,1.32311492962e-06,-0.316196680069,-0.0672272741795,-0.0257178135216,-0.0610939674079,31.8066449836,98.9466425381,49.1369755764,82.9277705634,0.00147026346653,0.000402341882033,2500.00180677,-0.025174016133,-0.742819368839,0.0987317860126,72,1,164.01281755,164.012890309,1.76017195918,0,0
14.9100007082,7455,-2.421438694e-06,0,0,4.72541103136e-07,-0.284055709839,-0.123719096184,-0.0105957873166,-0.137230336666,35.6631680916,83.7069892441,51.4606654178,64.3455059617,0.00142950051796,0.000382122194997,2500.00180677,-0.0251774247736,-0.742821335793,0.0987315550447,72,1,164.012832101,164.012890309,3.9425608702,0,0
14.9740007112,7487,-2.20537185669e-06,0,0,3.16888929319e-07,-0.266721487045,-0.144378900528,0.00130973849446,-0.159890413284,37.885583879,78.589648183,53.3407910552,59.4075172557,0.00140192524256,0.000369645952736,2500.00180677,-0.0251804832369,-0.742823243141,0.0987318828702,72,1,164.012861205,164.012890309,4.74504940212,0,0
15.0380007143,7519,-2.13086605072e-06,0,0,7.9222235172e-07,-0.254280149937,-0.144378900528,0.0101756062359,-0.159890413284,39.543985622,78.589648183,54.7702547919,59.4075172557,0.00138424927076,0.000361146279548,2500.00180677,-0.0251833349466,-0.74282515049,0.0987321585417,72,1,164.012992173,164.012890309,4.74504940212,0,0
15.1020007173,7551,-2.30967998505e-06,0,0,4.72541103136e-07,-0.339352667332,-0.0785780549049,-0.0313246287405,-0.0887970626354,29.233910027,95.7344091148,48.2935247419,75.8016976761,0.0013727815551,0.00035553415767,2500.00180677,-0.0251866150647,-0.742827117443,0.0987320691347,72,1,164.012963069,164.012890309,2.35129450448,0,0
15.1660007203,7583,-2.20537185669e-06,0,0,7.0979371003e-07,-0.357362091541,-0.0365277789533,-0.0405522398651,0.00134744937532,27.3479363386,108.024760266,46.9264959975,100.597688288,0.00136523925498,0.000351928680642,2500.00180677,-0.0251897796988,-0.742829024792,0.0987321212888,72,1,164.013006724,164.012890309,0.523863418493,0,0
15.2300007234,7615,-2.39908695221e-06,0,0,1.00723650576e-06,-0.350755214691,-0.0131790935993,-0.0409188084304,0.0399382598698,28.02833842,115.319438919,46.8727303087,112.682449981,0.00136031619302,0.000349573064939,2500.00180677,-0.0251926574856,-0.742830693722,0.0987320318818,72,1,164.012788446,164.012890309,-0.180128583452,0,0
15.2940007264,7647,-2.38418579102e-06,0,0,1.00723650576e-06,-0.342481732368,0.00594344735146,-0.0397548489273,0.0595961473882,28.8990995614,121.551238408,47.0435952593,119.194090075,0.00135710953586,0.000348027856534,2500.00157394,-0.0251958668232,-0.742832362652,0.0987321510911,72,1,164.012861205,164.012890309,-0.599485763814,0,0
15.3580007295,7679,-2.23517417908e-06,0,0,9.45082206272e-07,-0.334604144096,0.0228679664433,-0.0383063815534,0.0709101557732,29.7477836284,127.263978356,47.2568026453,123.053148855,0.00135501454501,0.000347020689961,2500.00157394,-0.0251989085227,-0.742834329605,0.0987323001027,72,1,164.01281755,164.012890309,-0.905162538402,0,0
15.4220007325,7711,-2.35438346863e-06,0,0,7.9222235172e-07,-0.327351093292,0.0381183885038,-0.0369903706014,0.0780665576458,30.5462708639,132.572953589,47.4510707136,125.536593259,0.00135364619513,0.00034636388202,2500.00157394,-0.0252020861953,-0.742835998535,0.0987322926521,72,1,164.012919413,164.012890309,-1.15064694546,0,0
15.4860007355,7743,-2.29477882385e-06,0,0,1.09880352284e-06,-0.347170233727,0.0574929080904,-0.0413420535624,0.083822414279,28.403075703,139.541822136,46.81070277,127.558087115,0.00135275313173,0.000345934697554,2500.00157394,-0.0252051521093,-0.742837846279,0.0987324714661,72,1,164.012875757,164.012890309,-1.43368926365,0,0
15.5500007386,7775,-2.24262475967e-06,0,0,6.52047276617e-07,-0.394956469536,0.0805347412825,-0.053591568023,0.0891538113356,23.7226086028,148.162434925,45.0391235063,129.449763335,6.00119346927,-0.517853266047,2505.48333861,-0.0252079833299,-0.742839515209,0.0987326204777,72,1,164.012875757,164.012890309,-1.75277201924,0,0
15.6140007416,7807,-2.32458114624e-06,0,0,8.87242151748e-07,-0.389645040035,0.0709439069033,-0.0590048618615,0.0891538113356,24.2099013121,144.529869431,44.2706877948,129.449763335,28.2043001789,-0.424757558903,2527.77966671,-0.0252112075686,-0.742841482162,0.0987325534225,72,1,164.01274479,164.012890309,-1.63244933356,0,0
15.6780007447,7839,-2.421438694e-06,0,0,5.41466931736e-07,-0.345402300358,-0.0325985588133,-0.038038674742,-0.0132860150188,28.589320209,109.22846559,47.2962783533,96.2514895946,56.5941118111,4.00896306019,2560.6029667,-0.0252144187689,-0.742843389511,0.0987325012684,72,1,164.012904861,164.012890309,0.624087988399,0,0
15.7420007477,7871,-2.08616256714e-06,0,0,9.73037799668e-07,-0.293264627457,-0.106459662318,-0.0158490054309,-0.114670082927,34.5235421264,88.1665837369,50.6453216076,69.5262860972,87.9279396031,11.4009653771,2599.32898916,-0.0252174753696,-0.742845058441,0.0987328737974,72,1,164.012802998,164.012890309,3.24149895459,0,0
15.8060007507,7903,-2.22772359848e-06,0,0,5.99786744715e-07,-0.272785663605,-0.140219181776,-0.00307092629373,-0.156785160303,37.0965135517,79.600889876,52.6437615918,60.068712628,120.565266116,20.5214892048,2641.08669944,-0.0252205505967,-0.742846906185,0.0987329408526,72,1,164.012861205,164.012890309,4.60898550227,0,0
15.8700007538,7935,-1.99675559998e-06,0,0,6.38486937987e-07,-0.258724451065,-0.14438393712,0.0070588523522,-0.159912645817,38.9454253309,78.5884258221,54.2648595001,59.4028024352,153.371685883,30.6371293846,2684.00856294,-0.0252234898508,-0.742848396301,0.0987332761288,72,1,164.012861205,164.012890309,4.74558304995,0,0
15.9340007568,7967,-2.13086605072e-06,0,0,5.8120082258e-07,-0.290247261524,-0.116461023688,0.00643079914153,-0.152224451303,34.8938410752,85.5616963236,54.1633962712,61.0486822552,185.4692091,41.3078814745,2726.77699104,-0.0252266451716,-0.742850422859,0.0987331420183,72,1,164.012890309,164.012890309,4.09778952599,0,0
15.9980007599,7999,-2.16066837311e-06,0,0,1.03910144844e-06,-0.357185065746,-0.0486295707524,-0.0393696241081,-0.0243745259941,27.3659970844,104.377395473,47.1002349514,93.0428504944,216.141183046,52.2556983924,2768.39686558,-0.02522967197,-0.742851793766,0.0987332612276,72,1,164.012773894,164.012890309,0.994927831925,0,0
16.0620007629,8031,-2.12341547012e-06,0,0,9.17578233839e-07,-0.353838264942,-0.0215976350009,-0.0410853587091,0.0280164256692,27.7091858152,112.649810035,46.8483158329,108.851338155,244.796508923,63.2849260001,2808.0814518,-0.025232732296,-0.742853760719,0.098733343184,72,1,164.012919413,164.012890309,0.0441096235591,0,0
16.1260007659,8063,-2.30222940445e-06,0,0,5.96942243192e-07,-0.345720469952,-0.00125462329015,-0.0402978025377,0.053223554045,28.5557325697,119.177944725,46.9638398499,117.056435556,270.957854809,74.2406773497,2845.19838169,-0.0252359285951,-0.742855608463,0.0987331867218,72,1,164.012861205,164.012890309,-0.453281303635,0,0
16.190000769,8095,-2.24262475967e-06,0,0,9.43727513913e-07,-0.337625324726,0.0164391808212,-0.0388820953667,0.0670991241932,29.4200290227,125.071965158,47.1719831694,121.74409494,294.274737826,84.9763018778,2879.25079465,-0.0252388771623,-0.742857217789,0.0987335219979,72,1,164.012977621,164.012890309,-0.794013845734,0,0
16.254000772,8127,-2.30967998505e-06,0,0,9.38509003845e-07,-0.330125391483,0.0323096774518,-0.0374908931553,0.0755846649408,30.2389016724,130.532644107,47.3771215184,124.67156921,314.533390338,95.3391063376,2909.87244807,-0.0252423509955,-0.742859601974,0.098733343184,72,1,164.012788446,164.012890309,-1.05954613537,0,0
16.3180007751,8159,-2.22027301788e-06,0,0,8.87242151748e-07,-0.330772578716,0.0482285022736,-0.0378769300878,0.0814498662949,30.1675499941,136.177928653,47.3201398563,126.722225104,331.66850335,105.159509985,2936.82795018,-0.0252450555563,-0.742861032486,0.0987335219979,72,1,164.013035828,164.012890309,-1.30150525365,0,0
16.3820007781,8191,-2.34693288803e-06,0,0,4.78263189052e-07,-0.379667341709,0.0725771039724,-0.0494022555649,0.0875214934349,25.147190172,145.143960253,45.6398774986,128.868618049,345.759239281,114.249138278,2960.00833623,-0.0252483878285,-0.742862820625,0.0987336188555,72,1,164.012890309,164.012890309,-1.6446855152,0,0
16.4460007811,8223,-2.25007534027e-06,0,0,3.27512452714e-07,-0.391336619854,0.0817311555147,-0.0578658692539,0.089144334197,24.0538338403,148.620049004,44.4316392532,129.446387291,357.007724233,122.408746392,2979.41640019,-0.0252511817962,-0.74286454916,0.0987337529659,72,1,164.012861205,164.012890309,-1.76769075915,0,0
16.5100007842,8255,-2.39908695221e-06,0,0,5.87742079006e-07,-0.372414469719,0.00868709944189,-0.0509727112949,0.0420002155006,25.8466679952,122.464669403,45.4140499642,113.354049972,365.701154806,129.4365793,2995.13759091,-0.0252540670335,-0.742866456509,0.0987338498235,72,1,164.012832101,164.012890309,-0.501048751175,0,0
16.5740007872,8287,-2.38418579102e-06,0,0,7.53866174819e-07,-0.305835366249,-0.0829893499613,-0.0215734615922,-0.0828469246626,33.0130424118,94.5067076827,49.766695156,77.2963685449,372.166396119,135.145601234,3007.31183961,-0.0252571254969,-0.74286788702,0.0987339019775,72,1,164.012832101,164.012890309,2.33298446983,0,0
16.6380007903,8319,-2.27242708206e-06,0,0,4.18083914155e-07,-0.279760301113,-0.130858361721,-0.00786664150655,-0.146153599024,36.2044156645,81.9116612547,51.8876840943,62.3695887043,376.759446226,139.398514875,3016.15800709,-0.0252605509013,-0.742870330811,0.09873380512,72,1,164.012933965,164.012890309,4.23605553806,0,0
16.7020007933,8351,-1.98930501938e-06,0,0,4.43621075874e-07,-0.263725221157,-0.144384890795,0.00346397189423,-0.159927070141,38.2800935768,78.5882002674,53.6858060514,59.3997392571,379.855046049,142.268894706,3022.12382667,-0.0252636205405,-0.742871999741,0.0987342149019,72,1,164.012963069,164.012890309,4.74589411169,0,0
16.7660007963,8383,-2.48104333878e-06,0,0,7.62022636991e-07,-0.252056598663,-0.144384890795,0.0116710532457,-0.159927070141,39.8460324504,78.5882002674,55.0138574908,59.3997392571,381.691323128,143.747383845,3025.43863654,-0.0252668336034,-0.742873668671,0.0987338498235,72,1,164.012832101,164.012890309,4.74589411169,0,0
16.8300007994,8415,-2.1681189537e-06,0,0,1.75263733126e-06,-0.350589931011,-0.0652772933245,-0.036505933851,-0.0611841343343,28.0455260508,99.5062437141,47.5227170682,82.9038835946,382.400176022,143.730881973,3026.13084204,-0.0252699479461,-0.742875337601,0.0987343043089,72,1,164.012802998,164.012890309,1.7301797634,0,0
16.8940008024,8447,-2.04890966415e-06,0,0,1.41950181387e-06,-0.356418907642,-0.0308953039348,-0.0408968515694,0.0121878292412,27.4442609225,109.753236757,46.8759499199,103.900332761,382.054509828,142.110104207,3024.16458726,-0.0252730790526,-0.742877423763,0.0987344458699,72,1,164.012861205,164.012890309,0.329715141561,0,0
16.9580008055,8479,-1.92224979401e-06,0,0,6.68728432629e-07,-0.348991334438,-0.00884497910738,-0.0407542325556,0.0451894141734,28.2122273347,116.71136599,46.8968646601,114.398048026,380.669574952,138.80826009,3019.4777064,-0.0252763647586,-0.742879390717,0.0987345129251,72,1,164.012832101,164.012890309,-0.284470123006,0,0
17.0220008085,8511,-2.22772359848e-06,0,0,6.69866153657e-07,-0.340744376183,0.00972817651927,-0.0394648052752,0.0624888576567,29.0846255666,122.812547488,47.0862360089,120.172961033,378.224911401,133.785229991,3012.01012917,-0.0252792686224,-0.742880642414,0.0987344607711,72,1,164.012861205,164.012890309,-0.671634799801,0,0
17.0860008115,8543,-2.24262475967e-06,0,0,7.27552276203e-07,-0.332997262478,0.0262655355036,-0.0380251072347,0.0726729482412,29.9232651741,128.43341392,47.2982792417,123.661811813,374.668947188,127.039849758,3001.70877017,-0.0252821426839,-0.742882490158,0.0987346172333,72,1,164.012846653,164.012890309,-0.961585319601,0,0
17.1500008146,8575,-2.27987766266e-06,0,0,9.13487554044e-07,-0.326057255268,0.0412285067141,-0.0367969460785,0.0792287439108,30.690447602,133.674635435,47.479668865,125.943028252,369.910441805,118.614676467,2988.5249678,-0.0252851620317,-0.742884278297,0.0987345278263,72,1,164.012773894,164.012890309,-1.19803391863,0,0
17.2140008176,8607,-2.33948230743e-06,0,0,7.60299201374e-07,-0.358776330948,0.0629635006189,-0.0439890511334,0.0851081311703,27.2040088021,141.555559821,46.4240183646,128.012587084,363.800150808,108.600856038,2972.40098007,-0.0252881906927,-0.742886066437,0.098734587431,72,1,164.012802998,164.012890309,-1.51038228069,0,0
17.2780008207,8639,-2.40653753281e-06,0,0,4.05866131814e-07,-0.393810212612,0.081718608737,-0.0551466457546,0.0891226679087,23.8270895352,148.615246871,44.8174723715,129.438660224,356.070871931,97.169962828,2953.24088074,-0.0252913497388,-0.742887735367,0.0987347438931,72,1,164.012904861,164.012890309,-1.76742940675,0,0
17.3420008237,8671,-2.27987766266e-06,0,0,8.87242151748e-07,-0.386949598789,0.0516181699932,-0.0582165829837,0.0882054418325,24.4602797466,137.401977554,44.3820390501,129.111911519,346.311484464,84.5849426696,2930.8963567,-0.0252944305539,-0.742889523506,0.0987348780036,72,1,164.01274479,164.012890309,-1.38293858618,0,0
17.4060008267,8703,-2.4288892746e-06,0,0,4.43621075874e-07,-0.328523993492,-0.052427072078,-0.0307708494365,-0.040660712868,30.4160294036,103.251404653,48.3763978991,88.4606852196,333.904637955,71.2304827175,2905.1352758,-0.0252976082265,-0.742891728878,0.0987346917391,72,1,164.012963069,164.012890309,1.25410291366,0,0
17.4700008298,8735,-2.28732824326e-06,0,0,6.89739579229e-07,-0.287976682186,-0.116595491767,-0.0129780955613,-0.128084003925,35.1744856744,85.5270627653,51.0898353241,66.4136823616,317.885598633,57.6819074922,2875.56741387,-0.0253004431725,-0.742893159389,0.098735012114,72,1,164.012904861,164.012890309,3.65147460252,0,0
17.5340008328,8767,-2.23517417908e-06,0,0,9.77269451141e-07,-0.269374072552,-0.143459677696,-0.000649238587357,-0.159727364779,37.5388808607,78.812292486,53.0283323315,59.4421180722,296.659389278,44.8479077022,2841.50708467,-0.0253032837063,-0.74289482832,0.0987351834774,72,1,164.012730238,164.012890309,4.72537847236,0,0
17.5980008359,8799,-2.1681189537e-06,0,0,9.17785314414e-07,-0.256232917309,-0.144395083189,0.00878973864019,-0.159945756197,39.280141209,78.5857337178,54.5451439393,59.3957774981,267.526862444,34.2188177456,2801.74566433,-0.0253066141158,-0.742897093296,0.0987351611257,72,1,164.012773894,164.012890309,4.74644452333,0,0
17.6620008389,8831,-2.28732824326e-06,0,0,4.62961565972e-07,-0.320438444614,-0.0942294299603,-0.0177625268698,-0.118672847748,31.3226955768,91.4303018362,50.3504816152,68.587512942,227.88134811,27.1865774266,2755.06777689,-0.0253094863147,-0.742898702621,0.0987352132797,72,1,164.012890309,164.012890309,3.1010620296,0,0
17.7260008419,8863,-2.07871198654e-06,0,0,2.45804073984e-07,-0.357695996761,-0.0416788198054,-0.0401493348181,-0.00932064652443,27.3139030469,106.461251562,46.9856386189,97.4165959633,178.656860953,24.2058576987,2702.86248997,-0.0253123641014,-0.742900431156,0.0987354665995,72,1,164.012904861,164.012890309,0.716266746167,0,0
17.790000845,8895,-2.34693288803e-06,0,0,5.08615414674e-07,-0.3521925807,-0.0169239751995,-0.0410494916141,0.0348762087524,27.8791831079,114.126356493,46.8535727123,111.044952064,132.215238409,22.0702349907,2654.28540297,-0.0253155808896,-0.742902040482,0.0987352207303,72,1,164.012846653,164.012890309,-0.0837144980324,0,0
17.854000848,8927,-2.16066837311e-06,0,0,4.85335306166e-07,-0.343947589397,0.00271246489137,-0.0400297231972,0.0568319000304,28.743294024,120.481810882,47.0032064186,118.263669719,95.2673944994,18.7633904716,2614.0306145,-0.0253187008202,-0.742903649807,0.0987355038524,72,1,164.012875757,164.012890309,-0.535024737474,0,0
17.9180008511,8959,-2.45869159698e-06,0,0,7.70506233039e-07,-0.33596599102,0.0199765823781,-0.0385870747268,0.0692216157913,29.5996887871,126.274753711,47.2154351883,122.472003568,67.802167905,14.916146938,2582.71815255,-0.0253217816353,-0.742905497551,0.0987352132797,72,1,164.012846653,164.012890309,-0.855555059388,0,0
17.9820008541,8991,-2.37673521042e-06,0,0,3.62519756436e-07,-0.328601002693,0.035504180938,-0.0372345708311,0.0769433379173,30.4074910673,131.651933771,47.4149819638,125.144622871,47.9470581922,11.3334426715,2559.28048864,-0.0253246761858,-0.742907047272,0.0987354144454,72,1,164.012904861,164.012890309,-1.10972661059,0,0
18.0460008571,9023,-2.36928462982e-06,0,0,7.38516575893e-07,-0.338576555252,0.0530730895698,-0.0395298190415,0.0826846510172,29.3174198305,137.929746415,47.0766754006,127.156788949,33.7900346494,8.36452454678,2542.15439782,-0.0253277942538,-0.74290895462,0.0987356379628,72,1,164.01281755,164.012890309,-1.37079088017,0,0
18.1100008602,9055,-2.26497650146e-06,0,0,1.01785633433e-06,-0.389351904392,0.0772950947285,-0.0523636974394,0.0887314528227,24.2370279011,146.928286995,45.2146523457,129.299223772,23.7758540607,6.05461627856,2529.83043902,-0.0253307819366,-0.742910683155,0.0987356156111,72,1,164.012773894,164.012890309,-1.71009660698,0,0
18.1740008632,9087,-2.47359275818e-06,0,0,7.0979371003e-07,-0.390615701675,0.0806255787611,-0.0587588213384,0.089109480381,24.1202433244,148.197141243,44.3054232164,129.433959955,16.7184498423,4.3283685045,2521.04667015,-0.0253338292241,-0.742912173271,0.0987356454134,72,1,164.012773894,164.012890309,-1.75369286444,0,0
18.2380008663,9119,-2.26497650146e-06,0,0,1.27856776544e-06,-0.358884930611,-0.0145131759346,-0.0443147234619,0.0113052409142,27.1929802693,114.893395221,46.3765900349,103.62877947,11.7531189971,3.07050208903,2514.82357271,-0.0253369677812,-0.742914021015,0.0987358763814,72,1,164.01281755,164.012890309,0.10044220835,0,0
18.3020008693,9151,-2.25752592087e-06,0,0,9.38129574024e-07,-0.298359394073,-0.0966263562441,-0.0183595530689,-0.101469174027,33.905118471,90.7838257262,50.2587245137,72.6829530322,8.26222094474,2.16828084376,2510.43052413,-0.0253400225192,-0.742915868759,0.0987359210849,72,1,164.012773894,164.012890309,2.85375118256,0,0
18.3660008723,9183,-2.34693288803e-06,0,0,7.98517930889e-07,-0.275829017162,-0.136538982391,-0.0052237380296,-0.152852445841,36.7052307411,80.5035451776,52.3034541402,60.913109337,5.80869937039,1.52716756929,2507.33573921,-0.0253429301083,-0.742917478085,0.0987358912826,72,1,164.012759342,164.012890309,4.4661257416,0,0
18.4300008754,9215,-2.22027301788e-06,0,0,5.53426161787e-07,-0.260923266411,-0.14438611269,0.00546894874424,-0.159944266081,38.6518186133,78.5879019531,54.008251027,59.3960940023,4.08501682614,1.07364962787,2505.15853986,-0.0253459587693,-0.742919325829,0.0987360402942,72,1,164.012861205,164.012890309,4.74625919014,0,0
18.4940008784,9247,-2.33203172684e-06,0,0,7.0979371003e-07,-0.267024457455,-0.13333889842,0.0130613595247,-0.159944266081,37.8458607884,81.2945727375,55.2409801458,59.3960940023,2.87392117571,0.754097925437,2503.62791121,-0.0253489073366,-0.742920815945,0.0987360775471,72,1,164.012773894,164.012890309,4.54900367185,0,0
18.5580008815,9279,-2.19792127609e-06,0,0,3.66101630789e-07,-0.355485439301,-0.0553768761456,-0.0384482257068,-0.0394121743739,27.5398579106,102.382837213,47.2358951811,88.806518761,2.02287583306,0.529406634087,2502.55223364,-0.0253518093377,-0.74292242527,0.0987362861633,72,1,164.012861205,164.012890309,1.28424726427,0,0
18.6220008845,9311,-2.47359275818e-06,0,0,4.61692678755e-07,-0.355105996132,-0.0256894864142,-0.0410694219172,0.0213654376566,27.5787915598,111.36836838,46.8506514153,106.752260763,1.42478609177,0.371529523591,2501.79623254,-0.0253549497575,-0.742923974991,0.0987361967564,72,1,164.012861205,164.012890309,0.164802113432,0,0
18.6860008875,9343,-2.27987766266e-06,0,0,7.0979371003e-07,-0.347207605839,-0.00465202797204,-0.0405350066721,0.0497795529664,28.3991503238,118.069357995,46.9290243927,115.911876492,1.00451222806,0.260545220954,2501.26491301,-0.0253580994904,-0.742925882339,0.0987361371517,72,1,164.012773894,164.012890309,-0.379563425668,0,0
18.7500008906,9375,-2.43633985519e-06,0,0,9.75966372607e-07,-0.339031398296,0.0134248118848,-0.0391625352204,0.065085157752,29.2684526357,124.053476611,47.1307030239,121.056080388,0.708692823537,0.18284823966,2500.89145266,-0.025360962376,-0.74292743206,0.0987363681197,72,1,164.012730238,164.012890309,-0.739719253033,0,0
18.8140008936,9407,-2.43633985519e-06,0,0,7.12823066351e-07,-0.331418514252,0.0295921936631,-0.0377450101078,0.0742896199226,30.0964584312,129.585823743,47.3396066809,124.221784063,0.500695534811,0.128236479213,2500.62881969,-0.0253635924309,-0.742928802967,0.0987365618348,72,1,164.012948517,164.012890309,-1.0157355573,0,0
18.8780008967,9439,-2.22772359848e-06,0,0,9.50500179897e-07,-0.327057182789,0.0447379536927,-0.037087764591,0.0803922116756,30.5789726553,134.925547172,47.4366752314,126.350787468,0.354101075573,0.090034745881,2500.44418499,-0.0253667589277,-0.742931008339,0.0987365245819,72,1,164.012846653,164.012890309,-1.25033524819,0,0
18.9420008997,9471,-2.30222940445e-06,0,0,8.149835935e-07,-0.370518326759,0.068333491683,-0.0469131059945,0.0864057391882,26.0320830421,143.55215535,45.9993425466,128.472383949,0.25088021971,0.0631626662084,2500.31403266,-0.0253694728017,-0.742932260036,0.0987365096807,72,1,164.012759342,164.012890309,-1.5853527002,0,0
19.0060009027,9503,-2.32458114624e-06,0,0,7.34366608413e-07,-0.391957402229,0.08172544837,-0.0567824579775,0.0891045928001,23.9967630478,148.617866216,44.5851001132,129.432213726,0.17806182484,0.0443794299088,2500.22253022,-0.0253724828362,-0.742934167385,0.0987367033958,72,1,164.012875757,164.012890309,-1.76742195617,0,0
19.0700009058,9535,-2.23517417908e-06,0,0,8.2407990476e-07,-0.380727529526,0.0285700969398,-0.0552201755345,0.0665802210569,25.0462344411,129.23097529,44.8070095445,121.566576126,0.12679258532,0.0310473851073,2500.1578033,-0.0253749657422,-0.742935299873,0.0987368896604,72,1,164.012890309,164.012890309,-0.951694673859,0,0
19.1340009088,9567,-2.45869159698e-06,0,0,1.32301033773e-06,-0.314130365849,-0.0700259804726,-0.0249317809939,-0.0650206804276,32.0444705721,98.1474659056,49.255999329,81.8916523713,0.0903113530626,0.0219922018374,2500.11216849,-0.025378100574,-0.742937266827,0.0987367480993,72,1,164.012919413,164.012890309,1.86022813432,0,0
19.1980009119,9599,-2.39908695221e-06,0,0,5.67017423236e-07,-0.283307015896,-0.125031799078,-0.0101704671979,-0.138947099447,35.7570643246,83.3747326396,51.5270585311,63.9621575829,0.0646372697588,0.0154786192752,2500.08003786,-0.0253810416907,-0.742938756943,0.098736949265,72,1,164.012963069,164.012890309,3.99748934433,0,0
19.2620009149,9631,-2.07871198654e-06,0,0,1.55662314683e-06,-0.266204059124,-0.144397884607,0.00164496619254,-0.159964889288,37.9534867534,78.5850570537,53.394382121,59.3917175138,0.0465492107082,0.0107335775823,2500.05722046,-0.0253839939833,-0.742940545082,0.0987371131778,72,1,164.012773894,164.012890309,4.74688224494,0,0
19.3260009179,9663,-2.28732824326e-06,0,0,4.57831674794e-07,-0.253896653652,-0.144397884607,0.0103989075869,-0.159964889288,39.5959577872,78.5850570537,54.8065836483,59.3917175138,0.0336431327241,0.00744213046744,2500.04092231,-0.025386992842,-0.742942035198,0.0987370833755,72,1,164.012861205,164.012890309,4.74688224494,0,0
19.390000921,9695,-2.22027301788e-06,0,0,1.00723150354e-06,-0.341922402382,-0.0760242342949,-0.0327298678458,-0.0837109684944,28.958726034,96.4504361036,48.0836533825,77.0781116444,0.0243449562731,0.00531906252377,2500.02974644,-0.0253901854157,-0.742943704128,0.0987371504307,72,1,164.01274479,164.012890309,2.23145447671,0,0
19.454000924,9727,-2.19792127609e-06,0,0,6.61547971958e-07,-0.357242226601,-0.0355588831007,-0.0406539551914,0.00322581408545,27.3601672234,108.320688014,46.9115730084,101.164863736,0.0176912209326,0.0038777914213,2500.02159737,-0.0253932327032,-0.742945432663,0.0987373292446,72,1,164.012933965,164.012890309,0.489796919283,0,0
19.5180009271,9759,-2.40653753281e-06,0,0,3.66266931451e-07,-0.350465714931,-0.0124509315938,-0.0409259088337,0.0408041067421,28.0584481516,115.552458738,46.8716898467,112.96413868,0.0129188144626,0.00287247625685,2500.01554377,-0.0253960806876,-0.742946982384,0.0987372249365,72,1,164.012919413,164.012890309,-0.197658344405,0,0
19.5820009301,9791,-2.50339508057e-06,0,0,3.78030136972e-07,-0.342192471027,0.00657619908452,-0.0397377200425,0.060040127486,28.9299241558,121.761462651,47.0461127406,119.343982078,0.00956474011105,0.00215147766269,2500.01158565,-0.0253993216902,-0.742948710918,0.0987371951342,72,1,164.012875757,164.012890309,-0.611315306742,0,0
19.6460009331,9823,-2.45124101639e-06,0,0,9.45077317738e-07,-0.3343359828,0.0234354697168,-0.0382895506918,0.0711541324854,29.7770129691,127.458784846,47.2592837468,123.137273476,0.00731920435371,0.00152457746427,2500.00879169,-0.025402167812,-0.742950201035,0.0987372621894,72,1,164.012861205,164.012890309,-0.914284260944,0,0
19.7100009362,9855,-2.22027301788e-06,0,0,9.45078795667e-07,-0.327104926109,0.0386322103441,-0.0369813628495,0.0782040506601,30.5736648443,132.754517836,47.4524022138,125.584629131,0.00537842659298,0.00134403099761,2500.00669621,-0.0254050437361,-0.742951929569,0.098737552762,72,1,164.012948517,164.012890309,-1.15816004109,0,0
19.7740009392,9887,-2.25007534027e-06,0,0,3.42098701367e-07,-0.349041521549,0.0583967976272,-0.0417852587998,0.0839738100767,28.2069795503,139.873140142,46.7458085041,127.611550852,0.00378813291846,0.00130481181415,2500.00506639,-0.0254078619182,-0.742953300476,0.0987376123667,72,1,164.012919413,164.012890309,-1.44606560934,0,0
19.8380009423,9919,-2.1830201149e-06,0,0,9.15669147616e-07,-0.395410239697,0.0809721052647,-0.0538362301886,0.0890886187553,23.6813466472,148.329607327,45.0042025477,129.426523927,0.00278550005284,0.00113023590487,2500.00390224,-0.0254106279463,-0.742954969406,0.0987376943231,72,1,164.012832101,164.012890309,-1.75792246591,0,0
19.9020009453,9951,-2.33203172684e-06,0,0,7.32535397674e-07,-0.389382481575,0.0681568831205,-0.0590215437114,0.0890886187553,24.2341975536,143.486176967,44.2683340225,129.426523927,0.00232315144899,0.000818615730758,2500.00320375,-0.0254136845469,-0.742956697941,0.0987375676632,72,1,164.012890309,164.012890309,-1.5970316017,0,0
19.9660009483,9983,-2.19792127609e-06,0,0,7.32535454517e-07,-0.342577159405,-0.0360656045377,-0.0368100591004,-0.0181025452912,28.8889332296,108.16584836,47.4777298223,94.8488377617,0.00200077932,0.000641014130665,2500.00273809,-0.0254164915532,-0.742958068848,0.098737873137,72,1,164.012963069,164.012890309,0.730656087399,0,0
20.0300009514,10015,-2.27987766266e-06,0,0,4.43621075874e-07,-0.292332172394,-0.10828396678,-0.0153935737908,-0.117145627737,34.6376546076,87.6871636137,50.7156655658,68.9446897013,0.00176841874477,0.000545974709887,2500.00227243,-0.0254195760936,-0.742959797382,0.0987378656864,72,1,164.012963069,164.012890309,3.31534259021,0,0
20.0940009544,10047,-2.55554914474e-06,0,0,8.96504161574e-07,-0.272200763226,-0.14085996151,-0.00268589425832,-0.157466828823,37.1720743715,79.4444931671,52.7047814103,59.923146182,0.00162317803643,0.000476712280761,2500.0020396,-0.0254227146506,-0.742961287498,0.0987376198173,72,1,164.01281755,164.012890309,4.63392166421,0,0
20.1580009575,10079,-2.33203172684e-06,0,0,5.67049255551e-07,-0.258299052715,-0.144392162561,0.00732993986458,-0.159960210323,39.0024251828,78.5864394857,54.3086935068,59.39271432,0.00153008949955,0.000429914465139,2500.0020396,-0.0254256036133,-0.742962956429,0.0987378656864,72,1,164.012977621,164.012890309,4.74668899551,0,0
20.2220009605,10111,-2.26497650146e-06,0,0,4.2462764327e-07,-0.295346319675,-0.112755730748,0.00264318706468,-0.147830426693,34.2698258464,86.5200781845,53.5541767022,62.0028586127,0.0014674278459,0.000401037258957,2500.00180677,-0.0254287160933,-0.742964565754,0.0987379252911,72,1,164.012904861,164.012890309,3.94855253398,0,0
20.2860009635,10143,-2.421438694e-06,0,0,1.03959041553e-06,-0.35736489296,-0.0474018119276,-0.0395456291735,-0.0217048339546,27.3476525763,104.74332521,47.0743507321,93.8087468967,0.00142763789679,0.000381279341433,2500.00180677,-0.0254312809557,-0.742966294289,0.098738014698,72,1,164.012861205,164.012890309,0.944564759266,0,0
20.3500009666,10175,-2.45124101639e-06,0,0,9.45082206272e-07,-0.353573441505,-0.0208062231541,-0.0411084629595,0.0291896685958,27.7364870271,112.89887334,46.8449288746,109.224449261,0.00140071632071,0.000369084818264,2500.00180677,-0.0254343859851,-0.742967844009,0.0987378880382,72,1,164.012875757,164.012890309,0.0221309601329,0,0
20.4140009696,10207,-2.1904706955e-06,0,0,5.67049312394e-07,-0.345425486565,-0.000588941387832,-0.0402770377696,0.053812045604,28.5868754872,119.396027003,46.9668884762,117.25276272,0.00138347566736,0.000360764196294,2500.00180677,-0.0254372749478,-0.742969334126,0.0987381711602,72,1,164.012933965,164.012890309,-0.466941506602,0,0
20.4780009727,10239,-2.39908695221e-06,0,0,9.56471012614e-07,-0.337347984314,0.0170316323638,-0.0388550125062,0.0674234330654,29.4499950542,125.272839796,47.1759703942,121.855126054,0.00137227262886,0.000355288853893,2500.00180677,-0.0254401341081,-0.742970705032,0.0987383499742,72,1,164.012919413,164.012890309,-0.80413906835,0,0
20.5420009757,10271,-2.35438346863e-06,0,0,6.61557578496e-07,-0.329870462418,0.0328445024788,-0.0374698005617,0.075774461031,30.2670468955,130.719563458,47.3802356282,124.737576698,0.00136490585501,0.000351769835483,2500.00180677,-0.0254430379719,-0.742972433567,0.0987384840846,72,1,164.012919413,164.012890309,-1.06772861909,0,0
20.6060009787,10303,-2.36183404922e-06,0,0,7.56065787755e-07,-0.331837654114,0.0489880405366,-0.0381263382733,0.0816071033478,30.0504052575,136.451533763,47.2833489766,126.77750783,0.00136009914442,0.000349468648464,2500.00180677,-0.0254458710551,-0.742973983288,0.0987383648753,72,1,164.012875757,164.012890309,-1.31218903698,0,0
20.6700009818,10335,-2.43633985519e-06,0,0,8.87242151748e-07,-0.381389975548,0.0733912587166,-0.0499256514013,0.0876820981503,24.9833137786,145.450772834,45.5645313195,128.925719764,0.00135696764936,0.000347959661084,2500.00157394,-0.0254484042525,-0.742975592613,0.0987383052707,72,1,164.013035828,164.012890309,-1.65575556457,0,0
20.7340009848,10367,-2.24262475967e-06,0,0,8.50573997013e-07,-0.391229331493,0.0817271918058,-0.0580708049238,0.0890940576792,24.0637109528,148.618535604,44.402651838,129.428459331,0.00135492206343,0.00034697628104,2500.00157394,-0.0254511497915,-0.742977201939,0.0987385809422,72,1,164.012802998,164.012890309,-1.76739599556,0,0
20.7980009879,10399,-2.16066837311e-06,0,0,9.56471012614e-07,-0.370411574841,0.00472593028098,-0.049985203892,0.0368289388716,26.0425531451,121.14745914,45.5559638795,111.674737127,0.00135358591002,0.000346334877444,2500.00157394,-0.0254541952163,-0.742978811264,0.0987386330962,72,1,164.012802998,164.012890309,-0.403714249842,0,0
20.8620009909,10431,-2.25007534027e-06,0,0,1.24213897834e-06,-0.304445624352,-0.0854170024395,-0.0210233256221,-0.0862073898315,33.1775008817,93.8359735301,49.8506888107,76.4498327044,0.00135271416291,0.000345915851518,2500.00157394,-0.0254571437836,-0.74298030138,0.0987386777997,72,1,164.012686582,164.012890309,2.42448505014,0,0
20.9260009939,10463,-2.25752592087e-06,0,0,3.9611117586e-07,-0.279080629349,-0.13191306591,-0.00743932556361,-0.147458016872,36.2906284863,81.6488609416,51.9547575095,62.084174715,0.00135214506258,0.000345642237054,2500.00157394,-0.0254599116743,-0.742981731892,0.0987390726805,72,1,164.012875757,164.012890309,4.27966751158,0,0
20.990000997,10495,-2.31713056564e-06,0,0,2.84634239733e-07,-0.263244152069,-0.14439830184,0.00378887867555,-0.159972786903,38.3437218261,78.5849551903,53.7379710295,59.3900440435,7.11006259735,-0.634121704479,2506.47566281,-0.025462815538,-0.742983162403,0.0987388417125,72,1,164.012875757,164.012890309,4.74704802036,0,0
21.054001,10527,-2.36183404922e-06,0,0,9.77626996246e-07,-0.252733767033,-0.14377078414,0.0118907280266,-0.159972786903,39.7538678953,78.7368844613,55.049702496,59.3900440435,29.6578473353,-0.348613383494,2529.30913121,-0.0254658143967,-0.742984831333,0.0987388268113,72,1,164.01274479,164.012890309,4.73585166037,0,0
21.1180010031,10559,-2.13086605072e-06,0,0,3.06638895609e-07,-0.351723313332,-0.0634530335665,-0.0369557254016,-0.0572703890502,27.9278101516,100.031837064,47.4561929877,83.9450440253,57.9813713557,4.14238274971,2562.12358363,-0.0254685208201,-0.742986083031,0.0987390577793,72,1,164.012846653,164.012890309,1.64710637182,0,0
21.1820010061,10591,-2.23517417908e-06,0,0,7.0979371003e-07,-0.35622382164,-0.0300082564354,-0.0409536249936,0.013780368492,27.4642170552,110.02724932,46.8676262244,104.391525383,89.0976734809,11.4363610919,2600.53412057,-0.0254711359739,-0.742987453938,0.0987391546369,72,1,164.012773894,164.012890309,0.300946150674,0,0
21.2460010091,10623,-2.1755695343e-06,0,0,1.53876703735e-06,-0.348697423935,-0.00814267992973,-0.0407385788858,0.0459580458701,28.2429573417,116.938041174,46.8991602247,114.650618343,121.437580674,20.3745985345,2641.8119669,-0.0254741068929,-0.742989242077,0.0987391844392,72,1,164.012730238,164.012890309,-0.300507905195,0,0
21.3100010122,10655,-2.39908695221e-06,0,0,3.55246328354e-07,-0.340459525585,0.0103450957686,-0.0394326485693,0.0629035681486,29.1151300189,123.019024613,47.0909653814,120.313736261,153.906046762,30.2666958305,2684.17247571,-0.0254770796746,-0.742990612984,0.0987390577793,72,1,164.012846653,164.012890309,-0.682911253534,0,0
21.3740010152,10687,-2.1755695343e-06,0,0,5.28940233835e-07,-0.332734405994,0.026820063591,-0.0379956103861,0.0729156732559,29.9520488625,128.625004436,47.3026302643,123.745776364,185.652446817,40.6984509027,2726.35091096,-0.0254800003022,-0.742992222309,0.0987392812967,72,1,164.01281755,164.012890309,-0.970463443082,0,0
21.4380010183,10719,-2.31713056564e-06,0,0,9.23949301068e-07,-0.325996756554,0.041765961796,-0.0368153713644,0.0793843865395,30.6972033286,133.865672979,47.4769440189,125.997525174,215.982159716,51.4062521688,2767.38824323,-0.0254829451442,-0.742993652821,0.098739169538,72,1,164.012875757,164.012890309,-1.20592699386,0,0
21.5020010213,10751,-2.37673521042e-06,0,0,6.15343481059e-07,-0.360758185387,0.0638685077429,-0.0444790311158,0.0852890610695,27.0033233392,141.890661325,46.3526739622,128.076630062,244.321010541,62.2050065431,2806.52591027,-0.0254855360836,-0.742995023727,0.098739258945,72,1,164.012948517,164.012890309,-1.52285187505,0,0
21.5660010243,10783,-2.29477882385e-06,0,0,6.06866251474e-07,-0.393342077732,0.0817201286554,-0.0554431416094,0.0890770703554,23.869870347,148.615828948,44.7752936452,129.422405735,270.208343863,72.9470702936,2843.15529279,-0.0254884026945,-0.742996454239,0.0987393260002,72,1,164.01281755,164.012890309,-1.76722405013,0,0
21.6300010274,10815,-2.45869159698e-06,0,0,6.86727730681e-07,-0.386190354824,0.0479300357401,-0.0578947253525,0.0859995186329,24.5311803155,136.070520966,44.4275574409,128.328319988,293.304154184,83.4916718304,2876.79582834,-0.0254912003875,-0.74299800396,0.0987392216921,72,1,164.012890309,164.012890309,-1.32364954334,0,0
21.6940010304,10847,-2.30222940445e-06,0,0,5.13228485488e-07,-0.325851857662,-0.0555222891271,-0.0296787694097,-0.0449759922922,30.7133850583,102.340156445,48.5401069454,87.2723103384,313.403579639,93.6923679546,2907.09594265,-0.0254942011088,-0.742999494076,0.0987395197153,72,1,164.012832101,164.012890309,1.35794014204,0,0
21.7580010334,10879,-2.58535146713e-06,0,0,4.73406032597e-07,-0.287164330482,-0.118120774627,-0.0125186778605,-0.130097955465,35.275312257,85.1349323057,51.1612088303,65.9545330564,330.444891006,103.386504634,2933.8314198,-0.0254967734218,-0.743000924587,0.0987394973636,72,1,164.012919413,164.012890309,3.71427112259,0,0
21.8220010365,10911,-2.54064798355e-06,0,0,5.92116862208e-07,-0.268831849098,-0.143837094307,-0.000270156480838,-0.15994605422,37.6095595129,78.7208191468,53.0887009518,59.3957156525,344.504602253,112.392372102,2956.89702034,-0.0254990793765,-0.743002414703,0.0987395048141,72,1,164.012875757,164.012890309,4.7364984639,0,0
21.8860010395,10943,-2.1830201149e-06,0,0,3.37106598636e-07,-0.255834639072,-0.144398659468,0.00905372947454,-0.15997543931,39.3338486901,78.5848678788,54.5879775018,59.3894874328,355.777272489,120.516691823,2976.29390843,-0.0255022328347,-0.743004322052,0.0987396463752,72,1,164.012890309,164.012890309,4.74711181596,0,0
21.9500010426,10975,-2.07871198654e-06,0,0,6.2294128611e-07,-0.324979066849,-0.0907489657402,-0.0213978514075,-0.112325891852,30.8109956677,92.374983069,49.7934961459,70.0800301274,364.539038856,127.56473734,2992.1035748,-0.0255049951375,-0.743005514145,0.0987398922443,72,1,164.012846653,164.012890309,2.93408869766,0,0
22.0140010456,11007,-2.53319740295e-06,0,0,7.01695455518e-07,-0.35767441988,-0.0406113676727,-0.0402621664107,-0.00708800647408,27.3160985671,106.783911178,46.9690712634,98.0767072178,371.10503763,133.351582917,3004.45663743,-0.0255079828203,-0.743006885052,0.0987394228578,72,1,164.012832101,164.012890309,0.675571267493,0,0
22.0780010486,11039,-2.38418579102e-06,0,0,6.69323810598e-07,-0.35190987587,-0.0161671116948,-0.0410458706319,0.0359036512673,27.9084742942,114.366768685,46.8541038572,111.376022687,375.809264369,137.726936373,3013.53610121,-0.0255105420947,-0.743008196354,0.098739810288,72,1,164.012861205,164.012890309,-0.103383790702,0,0
22.1420010517,11071,-2.21282243729e-06,0,0,7.98517930889e-07,-0.34365439415,0.00336192082614,-0.0399937145412,0.0573709867895,28.7744060188,120.696233353,47.0084960398,118.444739201,379.016884835,140.739794006,3019.75663751,-0.0255133491009,-0.74300968647,0.098740004003,72,1,164.012759342,164.012890309,-0.547913077753,0,0
22.2060010547,11103,-2.09361314774e-06,0,0,3.88823167441e-07,-0.335692942142,0.0205570869148,-0.0385486520827,0.0695341527462,29.6293364954,126.472921693,47.2210958833,122.579425806,380.980869522,142.412434798,3023.39321934,-0.025516403839,-0.743011057377,0.0987400561571,72,1,164.012919413,164.012890309,-0.86536660092,0,0
22.2700010578,11135,-2.63005495071e-06,0,0,4.66554467948e-07,-0.328350424767,0.0360287837684,-0.0372032038867,0.0771377086639,30.4352724925,131.836393848,47.4196167488,125.21239114,381.838442991,142.652585055,3024.49101582,-0.0255191326141,-0.74301224947,0.0987399220467,72,1,164.012861205,164.012890309,-1.11776601989,0,0
22.3340010608,11167,-2.46614217758e-06,0,0,8.35215814732e-07,-0.340172767639,0.0539346821606,-0.0398790203035,0.0828738063574,29.1458600259,138.242961839,47.0253471576,127.223451273,381.666235626,141.356038512,3023.02232012,-0.0255219973624,-0.743013679981,0.0987402275205,72,1,164.012759342,164.012890309,-1.38290016912,0,0
22.3980010638,11199,-2.22772359848e-06,0,0,5.8521027313e-07,-0.390799045563,0.0780353546143,-0.05283645913,0.0888989567757,24.1033430939,147.209648276,45.1470150438,129.358915729,380.486832,138.441115269,3018.92776042,-0.0255251210183,-0.743015468121,0.0987401679158,72,1,164.012861205,164.012890309,-1.72021239996,0,0
22.4620010669,11231,-2.22772359848e-06,0,0,4.9254441592e-07,-0.390458166599,0.0793804228306,-0.0588643811643,0.0890856534243,24.1347788688,147.72186114,44.2905184173,129.425461637,378.284661565,133.863519295,3012.14796491,-0.0255274809897,-0.743016779423,0.0987402945757,72,1,164.012846653,164.012890309,-1.73799064942,0,0
22.5260010699,11263,-2.34693288803e-06,0,0,5.87375893701e-07,-0.356313109398,-0.0182426944375,-0.0431041531265,0.00623927265406,27.4550820905,113.708338176,46.553050197,102.079233329,375.016184989,127.615785459,3002.63194367,-0.0255305953324,-0.743018329144,0.0987402871251,72,1,164.012875757,164.012890309,0.204803160159,0,0
22.590001073,11295,-2.22027301788e-06,0,0,7.57281497954e-07,-0.297275841236,-0.0987075865269,-0.0178674310446,-0.104304656386,34.035929275,90.2252140804,50.3343508171,71.99702668,370.602530893,119.72845823,2990.33103511,-0.025533022359,-0.74301970005,0.098740465939,72,1,164.012890309,164.012890309,2.93540232815,0,0
22.654001076,11327,-2.1830201149e-06,0,0,6.34247783182e-07,-0.275204539299,-0.13735589385,-0.00480442773551,-0.153784394264,36.7852589989,80.3025322966,52.3696216987,60.7123001828,364.916457329,110.277484055,2975.19378364,-0.0255357902497,-0.743021130562,0.0987404957414,72,1,164.012832101,164.012890309,4.49888920411,0,0
22.718001079,11359,-2.14576721191e-06,0,0,6.21069489171e-07,-0.260473906994,-0.144396185875,0.00577798485756,-0.159974902868,38.7116888305,78.5854645073,54.0580658708,59.3895965721,357.729149982,99.4088841253,2957.13800006,-0.025539021939,-0.743022799492,0.0987404882908,72,1,164.012788446,164.012890309,4.74705267698,0,0
22.7820010821,11391,-2.51829624176e-06,0,0,4.30997260992e-07,-0.271205127239,-0.1303191185,0.0132730063051,-0.159974902868,37.3009606847,82.0462664706,55.275610066,59.3895965721,348.684610799,87.3488388606,2936.03329919,-0.0255418010056,-0.743024110794,0.0987404882908,72,1,164.012890309,164.012890309,4.49565751478,0,0
22.8460010851,11423,-2.53319740295e-06,0,0,7.70724966515e-07,-0.355956852436,-0.0539480708539,-0.0386780314147,-0.0362417511642,27.491545552,102.802885522,47.2020365123,89.6887431736,337.255885825,74.4257195038,2911.68154217,-0.0255440846086,-0.743025243282,0.098740465939,72,1,164.012875757,164.012890309,1.22199486941,0,0
22.9100010882,11455,-2.26497650146e-06,0,0,5.86631131227e-07,-0.354865729809,-0.0248623229563,-0.0410940684378,0.0227312147617,27.603469789,111.626563012,46.8470389023,107.181083877,322.634063195,61.1261275481,2883.76025856,-0.0255466364324,-0.74302649498,0.0987408682704,72,1,164.012802998,164.012890309,0.139965297421,0,0
22.9740010912,11487,-2.39163637161e-06,0,0,7.47675585444e-07,-0.346912741661,-0.00397207774222,-0.0405042730272,0.0504654310644,28.4301422653,118.290634418,46.9335354865,116.139221063,303.518143483,48.197896831,2851.71577707,-0.0255498588085,-0.743027925491,0.0987407416105,72,1,164.012875757,164.012890309,-0.394366303226,0,0
23.0380010942,11519,-2.25752592087e-06,0,0,6.21069489171e-07,-0.338751137257,0.0140268057585,-0.0391212962568,0.0654707401991,29.298616937,124.256403069,47.1367711725,121.187600598,277.699466096,36.8622022506,2814.56159428,-0.0255528036505,-0.743029773235,0.0987407937646,72,1,164.012992173,164.012890309,-0.750479812268,0,0
23.1020010973,11551,-2.35438346863e-06,0,0,7.84926726283e-07,-0.331160664558,0.0301345996559,-0.037708606571,0.0745254158974,30.124823752,129.774416564,47.3449799756,124.30359493,242.288675508,28.6958711513,2770.98454535,-0.0255556758493,-0.743031024933,0.098740644753,72,1,164.01281755,164.012890309,-1.02435681038,0,0
23.1660011003,11583,-2.37673521042e-06,0,0,8.09356436093e-07,-0.327584028244,0.0453880093992,-0.0372178517282,0.0805704891682,30.5203757307,135.158159537,47.4174521514,126.413346152,195.989210624,24.545342967,2720.53433582,-0.0255580898374,-0.743032336235,0.0987408682704,72,1,164.012890309,164.012890309,-1.2597751338,0,0
23.2300011034,11615,-2.25752592087e-06,0,0,7.03758075815e-07,-0.372413158417,0.0691981315613,-0.0474235080183,0.0866006314754,25.8467989624,143.875484355,45.9254806628,128.54153465,147.440237924,22.7220807574,2670.16235739,-0.0255607292056,-0.743033647537,0.0987410694361,72,1,164.012788446,164.012890309,-1.59730040468,0,0
23.2940011064,11647,-2.06381082535e-06,0,0,8.96598180589e-07,-0.39179199934,0.0817161053419,-0.0570341907442,0.0890784263611,24.0119570663,148.614286445,44.5494115411,129.422885948,107.023632154,19.9261176022,2626.94968842,-0.0255636945367,-0.743035316467,0.0987412631512,72,1,164.012846653,164.012890309,-1.76717934664,0,0
23.3580011094,11679,-2.1681189537e-06,0,0,7.0979371003e-07,-0.379288911819,0.0245830602944,-0.0545003525913,0.0618389062583,25.1833080256,127.853360027,44.9095023214,119.952557725,76.4338110457,16.2170108524,2592.65094064,-0.025566181168,-0.743036329746,0.0987412258983,72,1,164.013006724,164.012890309,-0.866151589435,0,0
23.4220011125,11711,-2.32458114624e-06,0,0,5.05491925651e-07,-0.312231779099,-0.0727502405643,-0.024182125926,-0.0687921494246,32.2642081301,97.3740534391,49.3696934427,80.904654169,54.1543377039,12.5052074509,2566.6593574,-0.0255688615143,-0.743037819862,0.0987410917878,72,1,164.012861205,164.012890309,1.95797136985,0,0
23.4860011155,11743,-2.26497650146e-06,0,0,6.49631658689e-07,-0.282570958138,-0.126289486885,-0.00971779413521,-0.140541255474,35.8495562978,83.0573044368,51.5977844771,63.6075565126,38.2016514777,9.31819158723,2547.51974717,-0.0255714319646,-0.74303907156,0.0987413078547,72,1,164.012875757,164.012890309,4.04936959967,0,0
23.5500011186,11775,-2.26497650146e-06,0,0,9.10256687803e-07,-0.265693545341,-0.144403427839,0.00200458243489,-0.159982204437,38.0205819965,78.5837110016,53.4519131179,59.3880467932,26.8914754997,6.78763944961,2533.67912956,-0.0255740955472,-0.743040502071,0.0987412855029,72,1,164.012933965,164.012890309,4.74732648581,0,0
23.6140011216,11807,-2.33203172684e-06,0,0,6.50534786928e-07,-0.253518164158,-0.144403427839,0.0106466654688,-0.159982204437,39.6473042201,78.5837110016,54.8469106434,59.3880467932,18.9127731574,4.87156557938,2523.78429286,-0.0255768671632,-0.743041932583,0.0987414345145,72,1,164.012948517,164.012890309,4.74732648581,0,0
23.6780011246,11839,-2.33948230743e-06,0,0,7.47158082959e-07,-0.344159841537,-0.0736227035522,-0.0338313393295,-0.0788089334965,28.7207858491,97.1273038886,47.9195769003,78.3218201832,13.2965433295,3.46423030351,2516.76072367,-0.0255795456469,-0.743043363094,0.0987414270639,72,1,164.01281755,164.012890309,2.11854581721,0,0
23.7420011277,11871,-2.31713056564e-06,0,0,5.35911738098e-07,-0.357104122639,-0.0345995388925,-0.0407250337303,0.00510417949408,27.3742571153,108.614272904,46.9011465611,101.734171039,9.34713443712,2.44982106778,2511.79700717,-0.0255821421742,-0.743044555187,0.098741389811,72,1,164.012875757,164.012890309,0.456087727798,0,0
23.8060011307,11903,-2.32458114624e-06,0,0,5.63726530345e-07,-0.350172877312,-0.0117222499102,-0.0409065000713,0.0417012311518,28.088938052,115.785980597,46.8745347462,113.256501209,6.57117152514,1.72678039689,2508.29779543,-0.0255851056427,-0.743046283722,0.0987415015697,72,1,164.012948517,164.012890309,-0.215408057556,0,0
23.8700011338,11935,-2.421438694e-06,0,0,9.411817814e-07,-0.341901659966,0.00721100624651,-0.0396951921284,0.0605261959136,28.9609397441,121.972632769,47.0523627882,119.508229545,4.62074558527,1.21460971059,2505.83537854,-0.0255874507129,-0.743047475815,0.0987415239215,72,1,164.012875757,164.012890309,-0.623451429419,0,0
23.9340011368,11967,-2.52574682236e-06,0,0,9.42336100707e-07,-0.33406662941,0.0240051187575,-0.0382479690015,0.071444362402,29.806395105,127.654537209,47.2654137411,123.237390653,3.25025121128,0.853479775742,2504.10381705,-0.025590153411,-0.743048906326,0.0987414717674,72,1,164.013021276,164.012890309,-0.923721934669,0,0
23.9980011398,11999,-2.14576721191e-06,0,0,3.56650588174e-07,-0.326857566833,0.0391478873789,-0.0369476489723,0.0783897042274,30.6012007059,132.936911541,47.4573862448,125.649516121,2.28724798035,0.599313750627,2502.88657844,-0.0255927182734,-0.743050217628,0.0987419784069,72,1,164.012875757,164.012890309,-1.16598489694,0,0
