step,time_s,environment,arm,target_angle_deg,status_code,object_index,failing_index,completed_microsteps,fgmres_iterations,status_diagnostic_x,status_diagnostic_y,status_diagnostic_z,status_diagnostic_w,min_J,max_J,max_node_displacement_m,reaction_x_N,reaction_y_N,reaction_z_N,reaction_moment_y_Nm,phase,max_free_displacement_m,max_free_speed_m_s,kinetic_energy_J,max_material_state_change,certificate_residual,certificate_correction,certificate_volume,certificate_pressure,certificate_raw_accepted_flag,step_accepted,right_grip_constrained,measured_right_grip_angle_deg,current_fixed_nodes
0,2.4999999368446879e-05,0,bent,0.0078125,0,4294967295,4294967295,1,10,0.99947237968444824,0,0,0,0.99947245867810286,1.0001367962983421,2.8684735364903924e-07,0.43782947584986687,-0.0036385237617651001,-0.39247947558760643,-0.0073823247837672273,loading,2.5943193037978962e-07,0.010370329764862993,9.6629602157028567e-10,0.034017976373434067,1.6270842024823651e-05,0,0,0,1,1,1,0.0077935060486915946,36
0,2.4999999368446879e-05,1,held_reference,0,0,4294967295,4294967295,1,10,0.99999910593032837,0,0,0,0.9999991790418199,1.0000010482626693,2.7021255538951185e-10,0.0033676441289571812,-0.0027456849152258656,-8.2964401428853307e-06,-2.9524687015555207e-07,loading,2.7021255538951185e-10,3.3442008818262007e-05,7.511645536895578e-15,0.00048429789603687823,7.3753483320615487e-07,0,0,0,1,1,1,-4.6091072262071513e-14,36
1,4.9999998736893758e-05,0,bent,0.015625,0,4294967295,4294967295,1,10,0.99914032220840454,0,0,0,0.999140296644902,1.0002544611487398,5.7741999626159668e-07,0.60269023105502129,-0.0041711560043040663,-0.61814096430316567,-0.013590242374864538,loading,5.2157079296356408e-07,0.01054504045231483,1.2065431954546624e-09,0.053753402084112167,2.1173254936002195e-05,0,0,0,1,1,1,0.015630924730848664,36
1,4.9999998736893758e-05,1,held_reference,0,0,4294967295,4294967295,1,10,0.99999946355819702,0,0,0,0.99999955393748752,1.0000005722213086,3.7837816213581732e-10,0.003383788704240942,-0.003417613393139618,-6.7970537429573596e-06,-3.2028124405837869e-07,loading,3.7837816213581732e-10,3.1717904803747938e-05,7.1494534593806562e-15,0.00048429789603687823,7.5183328362982138e-07,0,0,0,1,1,1,-4.6091072262071513e-14,36
2,7.4999998105340637e-05,0,bent,0.0234375,0,4294967295,4294967295,1,10,0.99881011247634888,0,0,0,0.99880998857398196,1.0003470869058499,8.6426734924316406e-07,0.47853356599807739,-0.018903686141129583,-0.76429956313222647,-0.018843195139453237,loading,7.9182005272036762e-07,0.010863879082004072,1.3554481692397108e-09,0.072702839970588684,2.4583392587373964e-05,0,0,0,1,1,1,0.023438764748503028,36
2,7.4999998105340637e-05,1,held_reference,0,0,4294967295,4294967295,1,10,0.99999934434890747,0,0,0,0.99999943909482836,1.0000006321028152,3.4544428428873175e-10,0.0033762941405939273,-0.002638325902807992,4.3815049650675064e-06,-3.1059170636660907e-07,loading,3.4544428428873175e-10,3.2334257974154441e-05,7.2100367140673618e-15,0.00048429789603687823,7.3502815212123096e-07,0,0,0,1,1,1,-4.6091072262071513e-14,36
3,9.9999997473787516e-05,0,bent,0.03125,0,4294967295,4294967295,1,10,0.99848568439483643,0,0,0,0.99848562415768216,1.0004243373690198,1.1511147964118812e-06,0.42886277660727501,-0.01120023534167558,-0.88422602508217096,-0.023605784395646409,loading,1.0664882325104053e-06,0.011015520121746428,1.4971241387276384e-09,0.089399188756942749,2.7031233912566677e-05,0,0,0,1,1,1,0.0312709094888994,36
3,9.9999997473787516e-05,1,held_reference,0,0,4294967295,4294967295,1,10,0.99999934434890747,0,0,0,0.99999943912981581,1.0000006321028152,4.6122100583190218e-10,0.0033924764455832701,-0.003384093437489355,8.1281508528263657e-06,-3.3601163419496131e-07,loading,4.6122100583190218e-10,3.1696001090255981e-05,7.0626207752116871e-15,0.00048429789603687823,7.5484081207832787e-07,0,0,0,1,1,1,-4.6091072262071513e-14,36
4,0.0001249999968422344,0,bent,0.0390625,0,4294967295,4294967295,1,10,0.9981803297996521,0,0,0,0.99818039801081881,1.0004921928388202,1.4379621306048214e-06,0.26161362882703543,-0.019340101978741586,-1.0155357159674168,-0.028060041812892549,loading,1.3403660566084274e-06,0.011040115811187903,1.6324598594278133e-09,0.10510031133890152,3.0068895284784958e-05,0,0,0,1,1,1,0.039078751697392236,36
4,0.0001249999968422344,1,held_reference,0,0,4294967295,4294967295,1,10,0.99999934434890747,0,0,0,0.99999938656086107,1.0000006321028152,4.5937212367341829e-10,0.0033762626396764972,-0.0026235991208523046,7.3537998446226993e-06,-3.0933650070915107e-07,loading,4.5937212367341829e-10,3.2293884755270557e-05,7.1926032490753655e-15,0.00048429789603687823,7.3502110353729222e-07,0,0,0,1,1,1,-4.6091072262071513e-14,36
5,0.00014999999621068127,0,bent,0.046875,0,4294967295,4294967295,1,10,0.99788016080856323,0,0,0,0.99788028037358567,1.0005495989654862,1.7248094710471102e-06,0.20600615441799164,-0.016182722640223801,-1.1332017173990607,-0.032160851602693705,loading,1.6174231879330173e-06,0.011177603282173067,1.7515170762801411e-09,0.12138213217258453,3.1949904951034114e-05,0,0,0,1,1,1,0.046886591819198645,36
5,0.00014999999621068127,1,held_reference,0,0,4294967295,4294967295,1,10,0.99999886751174927,0,0,0,0.99999892641495258,1.0000006321028152,5.2324455879215748e-10,0.0033924953685300352,-0.0033717992837409838,8.232958577991667e-06,-3.3600949829576679e-07,loading,5.2324455879215748e-10,3.1887041807385206e-05,7.1598908897920203e-15,0.00048429789603687823,7.586387482660939e-07,0,0,0,1,1,1,-4.6091072262071513e-14,36
6,0.00017499999557912815,0,bent,0.0546875,0,4294967295,4294967295,1,10,0.99757987260818481,0,0,0,0.99757982498652265,1.0005945376788385,2.0116569767533515e-06,-0.0045740902423858643,-0.018292484106495976,-1.2510552750900388,-0.03575329727476393,loading,1.8961033028712611e-06,0.011219976670783456,1.9182941615667234e-09,0.14485614001750946,3.343437856528908e-05,0,0,0,1,1,1,0.054694437961354703,36
6,0.00017499999557912815,1,held_reference,0,0,4294967295,4294967295,1,10,0.99999886751174927,0,0,0,0.99999890560309512,1.0000006321028152,4.6263204378504952e-10,0.0033763632842465086,-0.0025836773929768242,8.0932258583743533e-06,-3.1045436671513482e-07,loading,4.6263204378504952e-10,3.2207456119866803e-05,7.2286385357245018e-15,0.00048429789603687823,7.4295519425504608e-07,0,0,0,1,1,1,-4.6091072262071513e-14,36
7,0.00019999999494757503,0,bent,0.0625,0,4294967295,4294967295,1,10,0.99728769063949585,0,0,0,0.9972877105887139,1.0006422697199755,2.2985045386800932e-06,-0.040557492524385452,-0.015410331659950316,-1.3709904244169593,-0.039548549828952902,loading,2.1780055807832502e-06,0.011356406937315464,1.9501265021938285e-09,0.16467230021953583,3.5336292057763785e-05,0,0,0,1,1,1,0.062526584795095388,36
7,0.00019999999494757503,1,held_reference,0,0,4294967295,4294967295,1,10,0.99999886751174927,0,0,0,0.99999892561494408,1.0000006321028152,5.1011078694429557e-10,0.0033924386730177503,-0.0033352818663843209,1.571777545450459e-06,-3.373532597779563e-07,loading,5.1011078694429557e-10,3.1762315319668486e-05,7.0890310966594475e-15,0.00048429789603687823,7.604640472891333e-07,0,0,0,1,1,1,-4.6091072262071513e-14,36
8,0.00022499999431602191,0,bent,0.0703125,0,4294967295,4294967295,1,10,0.99699670076370239,0,0,0,0.9969966681246748,1.0006800155279203,2.5853518445597368e-06,-0.12599434703588486,-0.018521916354075074,-1.4819471016526222,-0.042935028716397421,loading,2.4599302353465437e-06,0.011413342172640385,2.1343018502358393e-09,0.18520379066467285,3.677025597426109e-05,0,0,0,1,1,1,0.07033442878884183,36
8,0.00022499999431602191,1,held_reference,0,0,4294967295,4294967295,1,10,0.99999886751174927,0,0,0,0.99999890570817207,1.0000006321028152,4.8132742236361992e-10,0.0033762814989586332,-0.0025545642956785741,5.6934945007469651e-06,-3.1004404704549441e-07,loading,4.8132742236361992e-10,3.2025141815013121e-05,7.1168761837627747e-15,0.00048429789603687823,7.3974820224975701e-07,0,0,0,1,1,1,-4.6091072262071513e-14,36
9,0.00024999999368446879,0,bent,0.078125,0,4294967295,4294967295,1,10,0.99672859907150269,0,0,0,0.99672850790197076,1.0007280551007047,2.8721994240846133e-06,-0.19252261519432068,-0.012675377074629068,-1.6005134899169207,-0.046488242371677618,loading,2.7448655015663282e-06,0.011524781910414485,2.1203395269890807e-09,0.19753018021583557,3.905687844962813e-05,0,0,0,1,1,1,0.078115787605167658,36
9,0.00024999999368446879,1,held_reference,0,0,4294967295,4294967295,1,10,0.99999886751174927,0,0,0,0.99999892585384986,1.0000006321028152,5.1531973133123188e-10,0.0033924701019145687,-0.0032871512248675572,8.2947529165267042e-06,-3.3593525900727197e-07,loading,5.1531973133123188e-10,3.1776865125097735e-05,7.0670248322706439e-15,0.00048429789603687823,7.5894888595939847e-07,0,0,0,1,1,1,-4.6091072262071513e-14,36
10,0.00027499999305291567,0,bent,0.0859375,0,4294967295,4294967295,1,10,0.99645489454269409,0,0,0,0.99645489131853759,1.0008093746146638,3.1590470311094563e-06,-0.36473342776298523,-0.013172196282539517,-1.7082183687016368,-0.049710152551714078,loading,3.0289723723678921e-06,0.011495185599351584,2.197012181804187e-09,0.21234913170337677,4.0334394725505263e-05,0,0,0,1,1,1,0.085923637169972311,36
10,0.00027499999305291567,1,held_reference,0,0,4294967295,4294967295,1,10,0.99999886751174927,0,0,0,0.99999890640597711,1.0000006321028152,4.5754430799682666e-10,0.0033762689834020421,-0.0025165573797494289,7.6963086428349925e-06,-3.0921649879042014e-07,loading,4.5754430799682666e-10,3.2221763575113202e-05,7.198460638724085e-15,0.00048429789603687823,7.4173368602714618e-07,0,0,0,1,1,1,-4.6091072262071513e-14,36
11,0.00029999999242136255,0,bent,0.09375,0,4294967295,4294967295,1,10,0.99618750810623169,0,0,0,0.99618755369056988,1.0008889874587819,3.4458946587667023e-06,-0.42216266691684723,0.0028626951389014721,-1.8046777062118053,-0.05281625673551945,loading,3.3163776981146725e-06,0.011574099542269126,2.3057723648054526e-09,0.22707836329936981,4.1510324081173167e-05,0,0,0,1,1,1,0.093741456815191956,36
11,0.00029999999242136255,1,held_reference,0,0,4294967295,4294967295,1,10,0.99999892711639404,0,0,0,0.99999892694711456,1.0000006321028152,5.1063991923783192e-10,0.0033924134551739371,-0.0032821136146594654,4.3764860038209008e-06,-3.3617852206469968e-07,loading,5.1063991923783192e-10,3.1624675458403254e-05,7.0707497591189568e-15,0.00048429789603687823,7.5552065936790314e-07,0,0,0,1,1,1,-4.6091072262071513e-14,36
12,0.00032499999178980943,0,bent,0.1015625,0,4294967295,4294967295,1,10,0.99592852592468262,0,0,0,0.99592847734818879,1.0009705654343402,3.7327423022997766e-06,-0.51457682251930237,-0.0049961234908550978,-1.9078370239585638,-0.055910944655055569,loading,3.6049929161260355e-06,0.011689238965591139,2.4150664771710713e-09,0.24158048629760742,4.2900403059320524e-05,0,0,0,1,1,1,0.10154930840588093,36
12,0.00032499999178980943,1,held_reference,0,0,4294967295,4294967295,1,10,0.99999886751174927,0,0,0,0.99999890494709553,1.0000006321028152,5.5195598092083742e-10,0.0033763381529752223,-0.0025092506957662408,1.3703639780260346e-05,-3.0816059652806905e-07,loading,5.5195598092083742e-10,3.2270703446426429e-05,7.2360311100882885e-15,0.00048429789603687823,7.4253267712265369e-07,0,0,0,1,1,1,-4.6091072262071513e-14,36
13,0.00034999999115825631,0,bent,0.109375,0,4294967295,4294967295,1,10,0.99567043781280518,0,0,0,0.99567052783021814,1.0010515010413914,4.0195899583098673e-06,-0.67112739384174347,-0.0086171587463468313,-2.0131338643841445,-0.058796361391952774,loading,3.8965045383914597e-06,0.011750144430360959,2.4891957544259572e-09,0.25428065657615662,4.4131211325293407e-05,0,0,0,1,1,1,0.10935716116787628,36
13,0.00034999999115825631,1,held_reference,0,0,4294967295,4294967295,1,10,0.99999886751174927,0,0,0,0.99999892404064106,1.0000006321028152,4.8555365284030927e-10,0.0033924008195640454,-0.0032501492441951996,7.6955757890573295e-06,-3.3482790023998645e-07,loading,4.8555365284030927e-10,3.1648761444884947e-05,7.0567430101720259e-15,0.00048429789603687823,7.5960662115903688e-07,0,0,0,1,1,1,-4.6091072262071513e-14,36
14,0.00037499999052670319,0,bent,0.1171875,0,4294967295,4294967295,1,10,0.99540096521377563,0,0,0,0.99540117860081201,1.0011310269665816,4.3064376243037275e-06,-0.82412886619567871,0.0037764022126793861,-2.1115399450063705,-0.061654703910389193,loading,4.1871627928234643e-06,0.011738129699501491,2.5544076859570868e-09,0.26832923293113708,4.556644125841558e-05,0,0,0,1,1,1,0.11716501450738596,36
14,0.00037499999052670319,1,held_reference,0,0,4294967295,4294967295,1,10,0.99999886751174927,0,0,0,0.99999890421957416,1.0000006321028152,5.2115617377168633e-10,0.0033763381527478487,-0.0024851558910086169,1.5824566901301296e-05,-3.0731048347729531e-07,loading,5.2115617377168633e-10,3.237146174214975e-05,7.3114932988647694e-15,0.00048429789603687823,7.4107902037212625e-07,0,0,0,1,1,1,-4.6091072262071513e-14,36
15,0.00039999998989515007,0,bent,0.125,0,4294967295,4294967295,1,10,0.99510872364044189,0,0,0,0.99510862456098481,1.001212037165315,4.5932857940963141e-06,-0.74125681817531586,0.0054888448212295771,-2.222481441218406,-0.064711834229638152,loading,4.478834670868634e-06,0.011792411485763784,2.633415958800883e-09,0.28107747435569763,4.6760127588640898e-05,0,0,0,1,1,1,0.12499717957476987,36
15,0.00039999998989515007,1,held_reference,0,0,4294967295,4294967295,1,10,0.99999886751174927,0,0,0,0.99999892484088904,1.0000006321028152,5.595211516329357e-10,0.0033924134401672745,-0.0032565809888183139,4.2132622866120073e-06,-3.3624726964825459e-07,loading,5.595211516329357e-10,3.1592352434924979e-05,6.9084464891936843e-15,0.00048429789603687823,7.5820963729711366e-07,0,0,0,1,1,1,-4.6091072262071513e-14,36
16,0.00042499998926359694,0,bent,0.1328125,0,4294967295,4294967295,1,10,0.99481815099716187,0,0,0,0.99481804004764718,1.0012912637239419,4.8801334901837429e-06,-0.86471819877624512,0.012349448981694877,-2.3148499974049628,-0.067268405634074394,loading,4.7704467985017076e-06,0.011769296863884298,2.7277016028926929e-09,0.29410067200660706,4.8598933062748984e-05,0,0,0,1,1,1,0.13280503460851131,36
16,0.00042499998926359694,1,held_reference,0,0,4294967295,4294967295,1,10,0.99999886751174927,0,0,0,0.99999890528538571,1.0000006321028152,4.886690140824015e-10,0.0033763380847631197,-0.0024887478239179472,1.3568000980512807e-05,-3.0821489307163595e-07,loading,4.886690140824015e-10,3.2195490738793737e-05,7.1998939213821399e-15,0.00048429789603687823,7.4424480089874123e-07,0,0,0,1,1,1,-4.6091072262071513e-14,36
17,0.00044999998863204382,0,bent,0.140625,0,4294967295,4294967295,1,10,0.99451744556427002,0,0,0,0.99451740975209468,1.0013695286208875,5.1669811901423485e-06,-0.95106306672096252,0.0082240499905310571,-2.4219112228602171,-0.070418444177748951,loading,5.0644727523470317e-06,0.011821517868262089,2.6942714272120068e-09,0.30511626601219177,5.0043050578096882e-05,0,0,0,1,1,1,0.1406128982846277,36
17,0.00044999998863204382,1,held_reference,0,0,4294967295,4294967295,1,10,0.99999886751174927,0,0,0,0.99999892570947524,1.0000006321028152,5.1846604480503801e-10,0.0033924135087772811,-0.0032337806396753876,2.7037526137974055e-06,-3.368511602180892e-07,loading,5.1846604480503801e-10,3.1775243956293514e-05,7.1143689785274206e-15,0.00048429789603687823,7.5732111781690037e-07,0,0,0,1,1,1,-4.6091072262071513e-14,36
18,0.0004749999880004907,0,bent,0.1484375,0,4294967295,4294967295,1,10,0.99421501159667969,0,0,0,0.99421496276220311,1.0014367763355592,5.4538294698711711e-06,-1.0630621016025543,0.013358430354855955,-2.5050665284506977,-0.072855927509344873,loading,5.3590522739226146e-06,0.011951046549474566,2.9589166772369959e-09,0.31740307807922363,5.0352537073194981e-05,0,0,0,1,1,1,0.14842076443658173,36
18,0.0004749999880004907,1,held_reference,0,0,4294967295,4294967295,1,10,0.99999886751174927,0,0,0,0.99999890642227651,1.0000006321028152,5.5699861389868488e-10,0.0033762815210138797,-0.0024715027466299944,6.0564042598798551e-06,-3.0989891916533494e-07,loading,5.5699861389868488e-10,3.2079746421161786e-05,7.1042740929434118e-15,0.00048429789603687823,7.4161641805403633e-07,0,0,0,1,1,1,-4.6091072262071513e-14,36
19,0.00049999998736893758,0,bent,0.15625,0,4294967295,4294967295,1,10,0.99403494596481323,0,0,0,0.99403486555093667,1.0015283133383819,5.7406778080758212e-06,-1.4079933613538742,0.025308658834546804,-2.5783591284416616,-0.074840617521200956,loading,5.6635054201224012e-06,0.013749452799846219,3.7307759330529496e-09,0.33177131414413452,5.0026344979414716e-05,0,0,0,1,1,1,0.15627036189077481,36
19,0.00049999998736893758,1,held_reference,0,0,4294967295,4294967295,1,10,0.99999892711639404,0,0,0,0.99999892703831683,1.0000006321028152,4.9840453986149669e-10,0.0033924134360745484,-0.0032419417530036299,4.1786969120494177e-06,-3.362610926139386e-07,loading,4.9840453986149669e-10,3.160257890101921e-05,6.9935921853294233e-15,0.00048429789603687823,7.5578407177090412e-07,0,0,0,1,1,1,-4.6091072262071513e-14,36
20,0.00052499998673738446,0,bent,0.1640625,0,4294967295,4294967295,1,10,0.99386560916900635,0,0,0,0.99386572415422947,1.0015798795996436,6.0275258805360416e-06,-1.17440515011549,0.018372376915067434,-2.7062301179394126,-0.078065231396672402,loading,5.9534533534623287e-06,0.011599487040172166,2.547467908393052e-09,0.33831185102462769,5.1623726903926581e-05,0,0,0,1,1,1,0.164051744198521,36
20,0.00052499998673738446,1,held_reference,0,0,4294967295,4294967295,1,10,0.99999934434890747,0,0,0,0.99999944163893706,1.0000006321028152,5.9589809351820889e-10,0.0033762815457976103,-0.0024736633513384731,7.3514168832389259e-06,-3.0938096391105369e-07,loading,5.9589809351820889e-10,3.2497352073721289e-05,7.4132862950824226e-15,0.00048429789603687823,7.4073881251024432e-07,0,0,0,1,1,1,-4.6091072262071513e-14,36
21,0.00054999998610583134,0,bent,0.171875,0,4294967295,4294967295,1,10,0.99369043111801147,0,0,0,0.9936903236299649,1.0016626360546241,6.3143741589258414e-06,-1.6575880646705627,0.028008561581373215,-2.7444625371135771,-0.079310371359808007,loading,6.2586590328705334e-06,0.01374940834851885,4.1793655958009893e-09,0.35368877649307251,5.205047273193486e-05,0,0,0,1,1,1,0.17185961456252508,36
21,0.00054999998610583134,1,held_reference,0,0,4294967295,4294967295,1,10,0.99999886751174927,0,0,0,0.99999892440725713,1.0000006321028152,6.7473784072252053e-10,0.0033924260088724623,-0.0032194213645198033,3.1237124176186626e-06,-3.3670618708276871e-07,loading,6.7473784072252053e-10,3.1601092834382506e-05,6.9728339517734337e-15,0.00048429789603687823,7.5872486604566802e-07,0,0,0,1,1,1,-4.6091072262071513e-14,36
22,0.00057499998547427822,0,bent,0.1796875,0,4294967295,4294967295,1,10,0.99347895383834839,0,0,0,0.99347891483463147,1.0017416559844141,6.6049476440378748e-06,-1.584425762295723,0.042168832151219249,-2.8379609377589077,-0.081927263492299604,loading,6.5541778621880898e-06,0.012880683875858605,3.6069760609410814e-09,0.35970818996429443,5.2478128054644912e-05,0,0,0,1,1,1,0.17969382504310255,36
22,0.00057499998547427822,1,held_reference,0,0,4294967295,4294967295,1,10,0.99999886751174927,0,0,0,0.99999890463393526,1.0000006321028152,4.9436664670954261e-10,0.0033762940415726916,-0.0024591529054305283,6.2995225675877009e-06,-3.0982461059466027e-07,loading,4.9436664670954261e-10,3.2251492010761377e-05,7.1746845639789703e-15,0.00048429789603687823,7.4031061103596585e-07,0,0,0,1,1,1,-4.6091072262071513e-14,36
23,0.0005999999848427251,0,bent,0.1875,0,4294967295,4294967295,1,10,0.99317401647567749,0,0,0,0.99317390154789464,1.001797726866221,6.8917961136655261e-06,-1.6998314708471298,0.034280281397514045,-2.9119632751680911,-0.083760542737333452,loading,6.8523913624889011e-06,0.013330956685978381,3.8305884089869501e-09,0.36986088752746582,5.3163588745519519e-05,0,0,0,1,1,1,0.18751492618504453,36
23,0.0005999999848427251,1,held_reference,0,0,4294967295,4294967295,1,10,0.99999886751174927,0,0,0,0.9999989252533531,1.0000006321028152,5.1467039199020816e-10,0.0033924260700928244,-0.0032334303068637382,2.0767714659086778e-07,-3.3787248174570583e-07,loading,5.1467039199020816e-10,3.1633931615790669e-05,7.0547359176440455e-15,0.00048429789603687823,7.5888362971454626e-07,0,0,0,1,1,1,-4.6091072262071513e-14,36
24,0.00062499998421117198,0,bent,0.1953125,0,4294967295,4294967295,1,10,0.99296760559082031,0,0,0,0.99296754491751549,1.0018423090455744,7.1786446148794392e-06,-1.4386688321828842,0.037658955901861191,-3.0461192731745541,-0.087120983465374335,loading,7.1370332068903892e-06,0.011381274434087785,2.6894608859087274e-09,0.3734830915927887,5.561401485465467e-05,0,0,0,1,1,1,0.1953228113708925,36
24,0.00062499998421117198,1,held_reference,0,0,4294967295,4294967295,1,10,0.99999886751174927,0,0,0,0.99999890571102112,1.0000006321028152,6.2141233244660583e-10,0.0033762815196496376,-0.002469669565471122,7.8285769973263086e-06,-3.0918994001695011e-07,loading,6.2141233244660583e-10,3.226126176285243e-05,7.1787238182491044e-15,0.00048429789603687823,7.4140177730441792e-07,0,0,0,1,1,1,-4.6091072262071513e-14,36
25,0.00064999998357961886,0,bent,0.203125,0,4294967295,4294967295,1,10,0.99258261919021606,0,0,0,0.99258261140825976,1.0019057878119535,7.4654931440386726e-06,-1.9019616842269897,0.043992137827444822,-3.0526262208586559,-0.088280851656527604,loading,7.437082013698035e-06,0.015003456522909775,4.4927735166284866e-09,0.3865216076374054,5.5559357861056924e-05,0,0,0,1,1,1,0.20313068721174038,36
25,0.00064999998357961886,1,held_reference,0,0,4294967295,4294967295,1,10,0.99999886751174927,0,0,0,0.9999989261405462,1.0000006321028152,5.3326506083706116e-10,0.0033924260736739598,-0.0032139838251623587,7.822069676421961e-07,-3.376427857882623e-07,loading,5.3326506083706116e-10,3.1620946957339886e-05,7.0929227314662877e-15,0.00048429789603687823,7.5783265174322878e-07,0,0,0,1,1,1,-4.6091072262071513e-14,36
26,0.00067499998294806574,0,bent,0.2109375,0,4294967295,4294967295,1,10,0.99240994453430176,0,0,0,0.99240995400399967,1.0019707265091808,7.7523416980411689e-06,-1.799100287258625,0.047329734195955098,-3.1542381780454889,-0.090583103528864797,loading,7.7289944002006503e-06,0.013476613876514359,3.7318775974381768e-09,0.39094364643096924,5.5988250096561387e-05,0,0,0,1,1,1,0.21094966114590863,36
26,0.00067499998294806574,1,held_reference,0,0,4294967295,4294967295,1,10,0.99999886751174927,0,0,0,0.99999890685845627,1.0000006321028152,6.5317648092642135e-10,0.00337628151237368,-0.0024494045242136053,4.9208905750219856e-06,-3.1035309862636539e-07,loading,6.5317648092642135e-10,3.2385965849458581e-05,7.2707139935803725e-15,0.00048429789603687823,7.4569356911524665e-07,0,0,0,1,1,1,-4.6091072262071513e-14,36
27,0.00069999998231651261,0,bent,0.21875,0,4294967295,4294967295,1,10,0.99210673570632935,0,0,0,0.99210677397255642,1.0020170323260649,8.0391911508474534e-06,-1.9851603358983994,0.054606328252702951,-3.2042960416292772,-0.092573308024849837,loading,8.0235666717336691e-06,0.014600359975535817,4.1867008989803157e-09,0.40075531601905823,5.6537661293987185e-05,0,0,0,1,1,1,0.21877078255930091,36
27,0.00069999998231651261,1,held_reference,0,0,4294967295,4294967295,1,10,0.99999892711639404,0,0,0,0.99999892756287367,1.0000006321028152,7.3482987329111351e-10,0.0033924198179988707,-0.0032216860381595325,5.0074155240054097e-06,-3.3593941114912715e-07,loading,7.3482987329111351e-10,3.1516385695500902e-05,6.8767566691738322e-15,0.00048429789603687823,7.5844053526452626e-07,0,0,0,1,1,1,-4.6091072262071513e-14,36
28,0.00072499998168495949,0,bent,0.2265625,0,4294967295,4294967295,1,10,0.99193191528320312,0,0,0,0.991931862954751,1.0020658439160612,8.3260397688109941e-06,-1.8593077808618546,0.055517493805382401,-3.291768701543333,-0.094623036806056299,loading,8.3147069672025787e-06,0.014206091391293824,4.034579035803885e-09,0.40485376119613647,5.7111414207611233e-05,0,0,0,1,1,1,0.22657868843323875,36
28,0.00072499998168495949,1,held_reference,0,0,4294967295,4294967295,1,10,0.99999886751174927,0,0,0,0.99999890825871252,1.0000006321028152,5.0789184707410879e-10,0.0033762878410925623,-0.0024601223190074961,8.7565924218324653e-06,-3.0882883159438318e-07,loading,5.0789184707410879e-10,3.2223827404714695e-05,7.219852381780558e-15,0.00048429789603687823,7.3935831323979073e-07,0,0,0,1,1,1,-4.6091072262071513e-14,36
29,0.00074999998105340637,0,bent,0.234375,0,4294967295,4294967295,1,10,0.9916534423828125,0,0,0,0.99165348165736644,1.0021194130641471,8.6128893473306374e-06,-2.0204880088567734,0.062336311442777514,-3.3447379741119221,-0.096374703901802986,loading,8.6083084935543572e-06,0.014932031043183452,4.4015194610222323e-09,0.4124990701675415,5.8332818298367783e-05,0,0,0,1,1,1,0.23438659767447528,36
29,0.00074999998105340637,1,held_reference,0,0,4294967295,4294967295,1,10,0.99999934434890747,0,0,0,0.99999944203762081,1.0000006321028152,5.8330294085654957e-10,0.0033924259868172157,-0.0032084744934763876,4.606682750818436e-07,-3.3777117965053144e-07,loading,5.8330294085654957e-10,3.1868931630670043e-05,7.2182788043416731e-15,0.00048429789603687823,7.5609989380609477e-07,0,0,0,1,1,1,-4.6091072262071513e-14,36
30,0.00077499998042185325,0,bent,0.2421875,0,4294967295,4294967295,1,10,0.99152642488479614,0,0,0,0.99152641020802268,1.0021640383866772,8.8997380148956413e-06,-1.9306689128279686,0.062465363997034729,-3.44162900862284,-0.098638185434603565,loading,8.8958437516629155e-06,0.014132275963465517,4.0153107551162003e-09,0.41668158769607544,5.8833582443185151e-05,0,0,0,1,1,1,0.2422055791931737,36
30,0.00077499998042185325,1,held_reference,0,0,4294967295,4294967295,1,10,0.99999886751174927,0,0,0,0.99999890563498761,1.0000006321028152,7.0038257819363641e-10,0.0033762941363875143,-0.0024459532423861674,6.2872619821519038e-06,-3.0982947662437278e-07,loading,7.0038257819363641e-10,3.2233336884981948e-05,7.165666528069667e-15,0.00048429789603687823,7.3443663950456539e-07,0,0,0,1,1,1,-4.6091072262071513e-14,36
31,0.00079999997979030013,0,bent,0.25,0,4294967295,4294967295,1,10,0.9912416934967041,0,0,0,0.99124173997703457,1.0022087559938686,9.1866683726340157e-06,-2.0013424456119537,0.071762368781492114,-3.4907602122984827,-0.10060444519015199,loading,9.1866683726340157e-06,0.015070621899436608,4.3489097882566351e-09,0.42345240712165833,5.8969704696210101e-05,0,0,0,1,1,1,0.25000022428742735,36
31,0.00079999997979030013,1,held_reference,0,0,4294967295,4294967295,1,10,0.99999886751174927,0,0,0,0.99999892581168925,1.0000006321028152,5.5244079854015614e-10,0.0033924198020827134,-0.0032185896002374648,4.7946609242899285e-06,-3.3602460492801373e-07,loading,5.5244079854015614e-10,3.1740652121785938e-05,6.9778067762697413e-15,0.00048429789603687823,7.6938982829233282e-07,0,0,0,1,1,1,-4.6091072262071513e-14,36
32,0.00082499997915874701,0,bent,0.25,0,4294967295,4294967295,1,10,0.9919893741607666,0,0,0,0.99198923207292988,1.0024006439428286,9.285340489456132e-06,-1.7942463904619217,0.042923300992697477,-3.4710917609045282,-0.092447020114046735,hold,9.285340489456132e-06,0.028030474418151125,1.1146624502413983e-08,0.38916736841201782,5.1797887863358483e-05,0,0,0,1,1,1,0.25000022428742735,36
32,0.00082499997915874701,1,held_reference,0,0,4294967295,4294967295,1,10,0.99999886751174927,0,0,0,0.99999890613141218,1.0000006321028152,6.2386002883503252e-10,0.0033762941134227731,-0.0024563362503613462,6.1257185279828263e-06,-3.0989427561780818e-07,hold,6.2386002883503252e-10,3.1933782949578605e-05,7.0700566914863506e-15,0.00048429789603687823,7.3668786626512883e-07,0,0,0,1,1,1,-4.6091072262071513e-14,36
33,0.00084999997852719389,0,bent,0.25,0,4294967295,4294967295,1,10,0.99170762300491333,0,0,0,0.99170766600361426,1.002567548912928,9.5318575445733501e-06,-2.2423332780599594,0.095959161408245564,-3.0944914617575705,-0.088185324013479047,hold,9.5318575445733501e-06,0.013495338467284734,2.2761306525086687e-09,0.37005171179771423,5.4007392463972792e-05,0,0,0,1,1,1,0.25000022428742735,36
33,0.00084999997852719389,1,held_reference,0,0,4294967295,4294967295,1,10,0.99999886751174927,0,0,0,0.99999892644921817,1.0000007498774528,7.1430940489793535e-10,0.0033924260413868979,-0.003200170682703174,3.8461565736724879e-06,-3.3641714583916439e-07,hold,7.1430940489793535e-10,3.1717801544617993e-05,7.0672704351077758e-15,0.00048429789603687823,7.5771697538584704e-07,0,0,0,1,1,1,-4.6091072262071513e-14,36
34,0.00087499997789564077,0,bent,0.25,0,4294967295,4294967295,1,10,0.99185842275619507,0,0,0,0.9918584189854649,1.0028469165639922,9.8221873095625292e-06,-1.8123971670866013,0.077941089402884245,-3.0160689670592546,-0.086467767077195473,hold,9.8221873095625292e-06,0.015483421062060776,3.0095494905226526e-09,0.34407874941825867,4.5667886297451332e-05,0,0,0,1,1,1,0.25000022428742735,36
34,0.00087499997789564077,1,held_reference,0,0,4294967295,4294967295,1,10,0.99999886751174927,0,0,0,0.99999890717959905,1.0000006321028152,5.5787865092338495e-10,0.0033762942236990057,-0.0024387493808717409,5.2145402662517881e-06,-3.1025884268478914e-07,hold,5.5787865092338495e-10,3.2285321595086058e-05,7.254715328592537e-15,0.00048429789603687823,7.3985199833259685e-07,0,0,0,1,1,1,-4.6091072262071513e-14,36
35,0.00089999997726408765,0,bent,0.25,0,4294967295,4294967295,1,10,0.99180978536605835,0,0,0,0.99180983938989087,1.0030161430167654,1.0033073891845942e-05,-2.0560195297002792,0.096827661385759711,-2.8347024582326412,-0.083125148686408398,hold,1.0033073891845942e-05,0.014249875544990912,1.5928165461501054e-09,0.33472049236297607,4.5425706048263237e-05,0,0,0,1,1,1,0.25000022428742735,36
35,0.00089999997726408765,1,held_reference,0,0,4294967295,4294967295,1,10,0.99999892711639404,0,0,0,0.99999892789892919,1.0000006321028152,6.4977932771728727e-10,0.0033924259909667853,-0.0032122743241416174,4.0494427935300337e-06,-3.3633579580231326e-07,hold,6.4977932771728727e-10,3.1601746290731745e-05,6.9771424298941127e-15,0.00048429789603687823,7.6951698702032445e-07,0,0,0,1,1,1,-4.6091072262071513e-14,36
36,0.00092499997663253453,0,bent,0.25,0,4294967295,4294967295,1,10,0.99188429117202759,0,0,0,0.99188421318618492,1.0031658063612798,1.0215421085498255e-05,-1.7946610748767853,0.098194189835339785,-2.7814621049910784,-0.081902012869890614,hold,1.0215421085498255e-05,0.010795032500136222,1.3054401447364163e-09,0.28579708933830261,4.3505900976015255e-05,0,0,0,1,1,1,0.25000022428742735,36
36,0.00092499997663253453,1,held_reference,0,0,4294967295,4294967295,1,10,0.99999886751174927,0,0,0,0.9999989086523583,1.0000006321028152,7.2222909551467726e-10,0.0033762941156965098,-0.0024488769345225592,5.3010578255907603e-06,-3.1022403175438776e-07,hold,7.2222909551467726e-10,3.1911980443753758e-05,7.0214025675776113e-15,0.00048429789603687823,7.3988707072203397e-07,0,0,0,1,1,1,-4.6091072262071513e-14,36
37,0.00094999997600098141,0,bent,0.25,0,4294967295,4294967295,1,10,0.99190002679824829,0,0,0,0.99189994700000061,1.0032853227867558,1.0395654487088758e-05,-1.807544618844986,0.10611946089193225,-2.6962780458852649,-0.080027185295413125,hold,1.0395654487088758e-05,0.012755501185171674,1.2051160629791732e-09,0.31588175892829895,4.377078585093841e-05,0,0,0,1,1,1,0.25000022428742735,36
37,0.00094999997600098141,1,held_reference,0,0,4294967295,4294967295,1,10,0.99999892711639404,0,0,0,0.9999989290853053,1.0000006321028152,5.7693787866510011e-10,0.0033924260668527495,-0.0031932935639815696,2.8191306284952589e-06,-3.3682790160071411e-07,hold,5.7693787866510011e-10,3.1885488914742009e-05,7.146137114440974e-15,0.00048429789603687823,7.5824266332347179e-07,0,0,0,1,1,1,-4.6091072262071513e-14,36
38,0.00097499997536942828,0,bent,0.25,0,4294967295,4294967295,1,10,0.9919278621673584,0,0,0,0.99192774480583923,1.0033950390724946,1.0538897208517548e-05,-1.6220374256372452,0.10219359531765804,-2.6413465468212962,-0.078880776858056542,hold,1.0538897208517548e-05,0.01254950407448999,8.3187444562656718e-10,0.26750263571739197,4.0966122469399124e-05,0,0,0,1,1,1,0.25000022428742735,36
38,0.00097499997536942828,1,held_reference,0,0,4294967295,4294967295,1,10,0.99999934434890747,0,0,0,0.99999944241378358,1.0000006321028152,6.8543862016821412e-10,0.0033762941006898473,-0.0024320942120539257,5.8083343787984631e-06,-3.1002114240345734e-07,hold,6.8543862016821412e-10,3.2098503785560526e-05,7.2524015328432083e-15,0.00048429789603687823,7.4001258099087863e-07,0,0,0,1,1,1,-4.6091072262071513e-14,36
39,0.00099999997473787516,0,bent,0.25,0,4294967295,4294967295,1,10,0.99194937944412231,0,0,0,0.99194934654534173,1.0034767933173838,1.0715205532629239e-05,-1.5423478335142136,0.11412148596718907,-2.5561305782757699,-0.077258947178738921,hold,1.0715205532629239e-05,0.013446320869879996,1.1315143109102919e-09,0.30638712644577026,4.1453306039329618e-05,0,0,0,1,1,1,0.25000022428742735,36
39,0.00099999997473787516,1,held_reference,0,0,4294967295,4294967295,1,10,0.99999886751174927,0,0,0,0.99999892667360457,1.0000006321028152,7.8458170088070987e-10,0.0033924197047667803,-0.0032054519761004485,4.091539835826552e-06,-3.3630571486918422e-07,hold,7.8458170088070987e-10,3.1686358379252924e-05,6.9245656217180598e-15,0.00048429789603687823,7.6757265787819051e-07,0,0,0,1,1,1,-4.6091072262071513e-14,36
40,0.001024999974106322,0,bent,0.25,0,4294967295,4294967295,1,10,0.99197268486022949,0,0,0,0.9919726780137702,1.003612132252562,1.0879358231254262e-05,-1.421534925699234,0.10006287950091064,-2.5263906726613641,-0.076015414338710563,hold,1.0879358231254262e-05,0.019772198207453226,1.4015539089881195e-09,0.23812688887119293,4.0617953345645219e-05,0,0,0,1,1,1,0.25000022428742735,36
40,0.001024999974106322,1,held_reference,0,0,4294967295,4294967295,1,10,0.99999886751174927,0,0,0,0.99999890646620804,1.0000006321028152,5.6128202189386377e-10,0.0033762941179702466,-0.0024440166171189048,6.154190202778409e-06,-3.0988276877906215e-07,hold,5.6128202189386377e-10,3.1976911110581553e-05,7.1436715645943228e-15,0.00048429789603687823,7.436881901412562e-07,0,0,0,1,1,1,-4.6091072262071513e-14,36
41,0.0010499999734747689,0,bent,0.25,0,4294967295,4294967295,1,10,0.99197328090667725,0,0,0,0.99197329467188688,1.0036798467120311,1.0997040552755476e-05,-1.3965752124786377,0.11487945704720914,-2.4220793405547738,-0.074525048173990291,hold,1.0997040552755476e-05,0.016374515028953644,8.5069456778690141e-10,0.29076600074768066,4.1038729250431061e-05,0,0,0,1,1,1,0.25000022428742735,36
41,0.0010499999734747689,1,held_reference,0,0,4294967295,4294967295,1,10,0.99999886751174927,0,0,0,0.9999989266385938,1.0000006321028152,7.0959640537122348e-10,0.0033924260811772911,-0.0031886066490187659,1.8030935962087824e-06,-3.372344558457602e-07,hold,7.0959640537122348e-10,3.174883066232285e-05,7.0837349300006496e-15,0.00048429789603687823,7.586208994325716e-07,0,0,0,1,1,1,-4.6091072262071513e-14,36
42,0.0010749999728432158,0,bent,0.25,0,4294967295,4294967295,1,10,0.99200743436813354,0,0,0,0.99200754496361865,1.0038009167050659,1.116122810309974e-05,-1.348919004201889,0.10872309363912791,-2.4075867854990065,-0.073614181035230777,hold,1.116122810309974e-05,0.017389649683323054,9.2944713567055457e-10,0.22910743951797485,3.9646391087444499e-05,0,0,0,1,1,1,0.25000022428742735,36
42,0.0010749999728432158,1,held_reference,0,0,4294967295,4294967295,1,10,0.99999886751174927,0,0,0,0.99999890726381491,1.0000006321028152,8.0682492362094664e-10,0.0033762940888664161,-0.0024227562098531052,2.8924320361056743e-06,-3.1118759058881582e-07,hold,8.0682492362094664e-10,3.2401234431997161e-05,7.264971980351928e-15,0.00048429789603687823,7.4426748142286669e-07,0,0,0,1,1,1,-4.6091072262071513e-14,36
43,0.0010999999722116627,0,bent,0.25,0,4294967295,4294967295,1,10,0.99198061227798462,0,0,0,0.99198060006313193,1.00384460613158,1.1246837383296901e-05,-1.2813631892204285,0.10460469918325543,-2.3193155860062689,-0.072299830546228586,hold,1.1246837383296901e-05,0.015057539832649222,6.9507442539061839e-10,0.26114246249198914,3.8556496292585507e-05,0,0,0,1,1,1,0.25000022428742735,36
43,0.0010999999722116627,1,held_reference,0,0,4294967295,4294967295,1,10,0.99999892711639404,0,0,0,0.99999892803941692,1.0000006321028152,5.8902660423638476e-10,0.0033924260411595242,-0.0031993953116398188,3.6685264603875112e-08,-3.3794111498093603e-07,hold,5.8902660423638476e-10,3.1722482870715816e-05,7.0682977936803979e-15,0.00048429789603687823,7.6703798868038575e-07,0,0,0,1,1,1,-4.6091072262071513e-14,36
44,0.0011249999715801096,0,bent,0.25,0,4294967295,4294967295,1,10,0.99199974536895752,0,0,0,0.99199972619105037,1.0039206898187039,1.1385922330816115e-05,-1.2523093223571777,0.10184712114278227,-2.3167229210957885,-0.071721191526103997,hold,1.1385922330816115e-05,0.015307071115558145,7.7387527841734953e-10,0.21971386671066284,3.7426099879667163e-05,0,0,0,1,1,1,0.25000022428742735,36
44,0.0011249999715801096,1,held_reference,0,0,4294967295,4294967295,1,10,0.99999886751174927,0,0,0,0.99999890876695674,1.0000006321028152,7.3353078608770221e-10,0.0033762940270207764,-0.0024368545582547085,2.6786054263538972e-06,-3.1127312434546245e-07,hold,7.3353078608770221e-10,3.2099906298289107e-05,7.1694184930825954e-15,0.00048429789603687823,7.4150165119135636e-07,0,0,0,1,1,1,-4.6091072262071513e-14,36
45,0.0011499999709485564,0,bent,0.25,0,4294967295,4294967295,1,10,0.99198472499847412,0,0,0,0.99198466498433835,1.0039684084973126,1.1477533848092652e-05,-1.1802627742290497,0.10021391697227955,-2.2273117143777199,-0.070365574082687038,hold,1.1477533848092652e-05,0.015458970655006253,7.2031002320360698e-10,0.25400853157043457,3.7649333535227925e-05,0,0,0,1,1,1,0.25000022428742735,36
45,0.0011499999709485564,1,held_reference,0,0,4294967295,4294967295,1,10,0.99999892711639404,0,0,0,0.99999892924799549,1.0000006321028152,8.1950376595292771e-10,0.0033924386503940696,-0.0031824766083445866,-3.4952512351082987e-07,-3.3811852966130173e-07,hold,8.1950376595292771e-10,3.1658122781456593e-05,7.0999437508712488e-15,0.00048429789603687823,7.5619186645781156e-07,0,0,0,1,1,1,-4.6091072262071513e-14,36
46,0.0011749999703170033,0,bent,0.25,0,4294967295,4294967295,1,10,0.99201744794845581,0,0,0,0.99201740598208832,1.0040290255282849,1.1602952336236965e-05,-1.1389835774898529,0.092024368343118113,-2.2037051090155728,-0.069636477223608315,hold,1.1602952336236965e-05,0.015197878860051877,6.6408318948647396e-10,0.21273607015609741,3.6420377000467852e-05,0,0,0,1,1,1,0.25000022428742735,36
46,0.0011749999703170033,1,held_reference,0,0,4294967295,4294967295,1,10,0.99999886751174927,0,0,0,0.9999989099580292,1.0000006321028152,5.9002647792154701e-10,0.0033762941400254931,-0.0024211688523791963,2.5035471651335683e-06,-3.1134313004463388e-07,hold,5.9002647792154701e-10,3.2235312148661783e-05,7.1590214690753689e-15,0.00048429789603687823,7.3803153100016061e-07,0,0,0,1,1,1,-4.6091072262071513e-14,36
47,0.0011999999696854502,0,bent,0.25,0,4294967295,4294967295,1,10,0.99200218915939331,0,0,0,0.99200218695716824,1.0040783357090142,1.1679428573459097e-05,-1.096704289317131,0.09569535544142127,-2.1398686986649409,-0.068677947455706059,hold,1.1679428573459097e-05,0.014696565184425405,6.0934378600088554e-10,0.24282321333885193,3.6717981856781989e-05,0,0,0,1,1,1,0.25000022428742735,36
47,0.0011999999696854502,1,held_reference,0,0,4294967295,4294967295,1,10,0.99999886751174927,0,0,0,0.9999989280513697,1.0000006321028152,7.4240628881352629e-10,0.0033924260023354691,-0.0031967541508493014,-3.1736327628095751e-06,-3.3922499396652542e-07,hold,7.4240628881352629e-10,3.1852782257736871e-05,7.2149000697427774e-15,0.00048429789603687823,7.595391480208491e-07,0,0,0,1,1,1,-4.6091072262071513e-14,36
48,0.0012249999690538971,0,bent,0.2421875,0,4294967295,4294967295,1,10,0.99230527877807617,0,0,0,0.99230524429955247,1.0040904502843999,1.1659283155487631e-05,-1.6276414543390274,0.091031956253573298,-1.8746330079156905,-0.060606929915675609,unloading,1.1659283155487631e-05,0.012737183343472671,1.1857344418871277e-09,0.23249131441116333,3.6489986086962745e-05,0,0,0,1,1,1,0.2422055791931737,36
48,0.0012249999690538971,1,held_reference,0,0,4294967295,4294967295,1,10,0.99999886751174927,0,0,0,0.99999890698803862,1.0000006321028152,8.3209082076790258e-10,0.0033762940781798534,-0.0024300211553054396,1.2749695486036217e-06,-3.1183450268895329e-07,unloading,8.3209082076790258e-10,3.2251357757164469e-05,7.1236349203421898e-15,0.00048429789603687823,7.4716729159263195e-07,0,0,0,1,1,1,-4.6091072262071513e-14,36
49,0.001249999968422344,0,bent,0.234375,0,4294967295,4294967295,1,10,0.99261295795440674,0,0,0,0.99261294373250453,1.0041206815865873,1.1604355398708638e-05,-1.6373665332794189,0.087571111274883151,-1.6784760358568747,-0.054573988256602077,unloading,1.1604355398708638e-05,0.012157659226435146,1.4129213428616763e-09,0.21122244000434875,3.5805569496005774e-05,0,0,0,1,1,1,0.23438659767447528,36
49,0.001249999968422344,1,held_reference,0,0,4294967295,4294967295,1,10,0.99999886751174927,0,0,0,0.99999892678525693,1.0000006321028152,6.0235703833302884e-10,0.0033924260352478086,-0.0031779658829691471,-7.4991731935369899e-07,-3.3825568498525668e-07,unloading,6.0235703833302884e-10,3.1617823736032522e-05,7.05483881398025e-15,0.00048429789603687823,7.5632328844221774e-07,0,0,0,1,1,1,-4.6091072262071513e-14,36
50,0.0012749999677907908,0,bent,0.2265625,0,4294967295,4294967295,1,10,0.9928748607635498,0,0,0,0.99287485531407493,1.0041367477616354,1.1532555157506082e-05,-1.589486226439476,0.094544760300777853,-1.4923416213132441,-0.048774141857908092,unloading,1.1532555157506082e-05,0.01135111038385868,1.4543926599984172e-09,0.18577486276626587,3.6189387174090371e-05,0,0,0,1,1,1,0.22657868843323875,36
50,0.0012749999677907908,1,held_reference,0,0,4294967295,4294967295,1,10,0.99999886751174927,0,0,0,0.99999890726745921,1.0000006321028152,7.4442392722700297e-10,0.0033762941122859047,-0.0024162596037058393,-1.6482825060393225e-07,-3.1241048914830621e-07,unloading,7.4442392722700297e-10,3.2353591840418742e-05,7.2458481688917186e-15,0.00048429789603687823,7.3846479153871769e-07,0,0,0,1,1,1,-4.6091072262071513e-14,36
51,0.0012999999671592377,0,bent,0.21875,0,4294967295,4294967295,1,10,0.99314701557159424,0,0,0,0.99314699495285907,1.0041480229761854,1.1445862178924208e-05,-1.4106147140264511,0.091209764941595495,-1.3150944085791707,-0.043511122397098236,unloading,1.1445862178924208e-05,0.011534332523717314,1.5445399638331882e-09,0.17366980016231537,3.6277211620472372e-05,0,0,0,1,1,1,0.21877078255930091,36
51,0.0012999999671592377,1,held_reference,0,0,4294967295,4294967295,1,10,0.99999892711639404,0,0,0,0.99999892798105383,1.0000006321028152,8.2915445906496206e-10,0.0033924261937272604,-0.0031685063695476856,-1.7155010993974429e-06,-3.3864166267528665e-07,unloading,8.2915445906496206e-10,3.18568826635076e-05,7.0490589258956778e-15,0.00048429789603687823,7.687830247959937e-07,0,0,0,1,1,1,-4.6091072262071513e-14,36
52,0.0013249999665276846,0,bent,0.2109375,0,4294967295,4294967295,1,10,0.99333643913269043,0,0,0,0.99333636720098972,1.0041780922444767,1.133834270795995e-05,-1.3813745230436325,0.099091505020624027,-1.1678867368027568,-0.038496169654707826,unloading,1.133834270795995e-05,0.011895059821837023,1.6068168845810362e-09,0.16516292095184326,3.6062949220649898e-05,0,0,0,1,1,1,0.21094966114590863,36
52,0.0013249999665276846,1,held_reference,0,0,4294967295,4294967295,1,10,0.99999886751174927,0,0,0,0.99999890874631914,1.0000006321028152,5.9820788400064757e-10,0.0033763066551273369,-0.0024115106025419664,1.9421400168084801e-06,-3.1159044131413838e-07,unloading,5.9820788400064757e-10,3.203243497020581e-05,7.1712856631733884e-15,0.00048429789603687823,7.4318967335784691e-07,0,0,0,1,1,1,-4.6091072262071513e-14,36
53,0.0013499999658961315,0,bent,0.203125,0,4294967295,4294967295,1,10,0.99358737468719482,0,0,0,0.9935873861645792,1.0042381939246658,1.1222095337711892e-05,-1.274266391992569,0.086806205799803138,-1.0045761354267597,-0.033961928325089596,unloading,1.1222095337711892e-05,0.011874685085271364,1.6947486474648438e-09,0.15900252759456635,3.6179033486405388e-05,0,0,0,1,1,1,0.20313068721174038,36
53,0.0013499999658961315,1,held_reference,0,0,4294967295,4294967295,1,10,0.99999892711639404,0,0,0,0.99999892931683687,1.0000006321028152,7.4942375295872707e-10,0.0033924259905688814,-0.0031859650343903922,1.698630626378872e-06,-3.3727600122938421e-07,unloading,7.4942375295872707e-10,3.1840334911820763e-05,7.1293248506993634e-15,0.00048429789603687823,7.5528043907979736e-07,0,0,0,1,1,1,-4.6091072262071513e-14,36
54,0.0013749999652645783,0,bent,0.1953125,0,4294967295,4294967295,1,10,0.99381428956985474,0,0,0,0.99381432790685365,1.0042754696013521,1.1091920367090675e-05,-0.98836258798837662,0.080937831779010594,-0.86834864970296621,-0.029695492704374809,unloading,1.1091920367090675e-05,0.0121684645338224,1.7706279362062286e-09,0.15443870425224304,3.6118894058745354e-05,0,0,0,1,1,1,0.1953228113708925,36
54,0.0013749999652645783,1,held_reference,0,0,4294967295,4294967295,1,10,0.99999886751174927,0,0,0,0.99999891001550534,1.0000006321028152,8.3839694775884086e-10,0.0033762941091026732,-0.0024214128134190105,3.3270633537085814e-06,-3.110136697962394e-07,unloading,8.3839694775884086e-10,3.22668276668121e-05,7.2086414294682905e-15,0.00048429789603687823,7.5064588145323796e-07,0,0,0,1,1,1,-4.6091072262071513e-14,36
55,0.0013999999646330252,0,bent,0.1875,0,4294967295,4294967295,1,10,0.99406403303146362,0,0,0,0.99406404147147176,1.0042697635698929,1.0955231933608936e-05,-0.92084599286317825,0.080905781360343099,-0.71594339702278376,-0.025443701473982963,unloading,1.0955231933608936e-05,0.012079291747902317,1.7643370435237615e-09,0.14628738164901733,3.6662542697740719e-05,0,0,0,1,1,1,0.18751492618504453,36
55,0.0013999999646330252,1,held_reference,0,0,4294967295,4294967295,1,10,0.99999892711639404,0,0,0,0.99999893069997414,1.0000006321028152,6.0957592874757239e-10,0.003392426049003916,-0.0031694964218331734,-2.8049669253960019e-07,-3.3806778903976966e-07,unloading,6.0957592874757239e-10,3.1625955054477455e-05,7.0149391539387491e-15,0.00048429789603687823,7.521002771682106e-07,0,0,0,1,1,1,-4.6091072262071513e-14,36
56,0.0014249999640014721,0,bent,0.1796875,0,4294967295,4294967295,1,10,0.9943041205406189,0,0,0,0.99430419177018081,1.0042631247802598,1.0807337451338684e-05,-0.91872312128543854,0.078462169039994478,-0.55790217500180006,-0.021044702491423907,unloading,1.0807337451338684e-05,0.012149815581843271,1.8423483539769905e-09,0.1546982079744339,3.6553858080878854e-05,0,0,0,1,1,1,0.17969382504310255,36
56,0.0014249999640014721,1,held_reference,0,0,4294967295,4294967295,1,10,0.99999934434890747,0,0,0,0.99999944277997188,1.0000006321028152,7.5194173983722614e-10,0.0033762941629902343,-0.0024084805336315185,5.2194438637798157e-06,-3.1025658345743106e-07,unloading,7.5194173983722614e-10,3.2578919243990164e-05,7.4179843769667966e-15,0.00048429789603687823,7.4039377295775921e-07,0,0,0,1,1,1,-4.6091072262071513e-14,36
57,0.001449999963369919,0,bent,0.171875,0,4294967295,4294967295,1,10,0.99459028244018555,0,0,0,0.99459019148737349,1.0042521159093807,1.0647490730167287e-05,-0.69673982495442033,0.073359536560019478,-0.43322375696152449,-0.017306011388834992,unloading,1.0647490730167287e-05,0.012359643865489954,1.8521475884085263e-09,0.13828510046005249,3.732842014869675e-05,0,0,0,1,1,1,0.17185961456252508,36
57,0.001449999963369919,1,held_reference,0,0,4294967295,4294967295,1,10,0.99999886751174927,0,0,0,0.99999892740253626,1.0000006321028152,8.3517701114512798e-10,0.0033924260854973909,-0.003163687978485541,8.4321260374053963e-07,-3.3761835134816969e-07,unloading,8.3517701114512798e-10,3.1801542798377767e-05,7.1075772630048358e-15,0.00048429789603687823,7.6265132520347834e-07,0,0,0,1,1,1,-4.6091072262071513e-14,36
58,0.0014749999627383659,0,bent,0.1640625,0,4294967295,4294967295,1,10,0.99472057819366455,0,0,0,0.99472061923302657,1.004244355785918,1.0480446091093526e-05,-0.57645834982395172,0.060638222057605162,-0.28209992684423923,-0.013473299019273025,unloading,1.0480446091093526e-05,0.012416204972463816,1.9780187150413875e-09,0.14610192179679871,3.7875721318414435e-05,0,0,0,1,1,1,0.164051744198521,36
58,0.0014749999627383659,1,held_reference,0,0,4294967295,4294967295,1,10,0.99999886751174927,0,0,0,0.99999890743002073,1.0000006321028152,6.0286310271126176e-10,0.0033762941334316565,-0.0024068286884357804,3.1485444651480066e-07,-3.122184284302427e-07,unloading,6.0286310271126176e-10,3.2048978799435697e-05,7.0692422317369085e-15,0.00048429789603687823,7.4077036060771206e-07,0,0,0,1,1,1,-4.6091072262071513e-14,36
59,0.0014999999621068127,0,bent,0.15625,0,4294967295,4294967295,1,10,0.99485176801681519,0,0,0,0.99485183809398847,1.0042488633474738,1.0306226078648084e-05,-0.53225851897150278,0.052212512353435159,-0.12847711588256061,-0.0097681199267706676,unloading,1.0306226078648084e-05,0.012331755749005781,1.9389502998857551e-09,0.13218608498573303,3.7605226680170745e-05,0,0,0,1,1,1,0.15627036189077481,36
59,0.0014999999621068127,1,held_reference,0,0,4294967295,4294967295,1,10,0.99999886751174927,0,0,0,0.99999892791112088,1.0000006321028152,7.5344320551916217e-10,0.0033924261107927123,-0.003180833949954831,1.3171139698897605e-06,-3.3742884181418766e-07,unloading,7.5344320551916217e-10,3.1776533211494057e-05,7.1213163078705554e-15,0.00048429789603687823,7.5417898415253148e-07,0,0,0,1,1,1,-4.6091072262071513e-14,36
60,0.0015249999614752596,0,bent,0.1484375,0,4294967295,4294967295,1,10,0.99499595165252686,0,0,0,0.99499602560302414,1.004235488182091,1.0118862795016437e-05,-0.3466363251209259,0.058537284145131707,-0.011029980145394802,-0.0064566952417379215,unloading,1.0118862795016437e-05,0.012524157144093856,2.1121330938142036e-09,0.13857041299343109,3.8179216062417254e-05,0,0,0,1,1,1,0.14842076443658173,36
60,0.0015249999614752596,1,held_reference,0,0,4294967295,4294967295,1,10,0.99999886751174927,0,0,0,0.99999890820318194,1.0000006321028152,8.4300886826358153e-10,0.0033763066842311673,-0.0024151198249455774,3.7060911211028724e-06,-3.1088487268493782e-07,unloading,8.4300886826358153e-10,3.2380014122420449e-05,7.2189937426832578e-15,0.00048429789603687823,7.5379267627795343e-07,0,0,0,1,1,1,-4.6091072262071513e-14,36
61,0.0015499999608437065,0,bent,0.140625,0,4294967295,4294967295,1,10,0.9951443076133728,0,0,0,0.99514425361544978,1.0042364451354031,9.9359562005797235e-06,-0.40441660722717643,0.060862337471917272,0.15048182010650635,-0.0027980093859763379,unloading,9.9359562005797235e-06,0.012325025347311577,1.9913710637765519e-09,0.1339915543794632,3.8004731322871521e-05,0,0,0,1,1,1,0.1406128982846277,36
61,0.0015499999608437065,1,held_reference,0,0,4294967295,4294967295,1,10,0.99999892711639404,0,0,0,0.99999892882575181,1.0000006321028152,6.2053257528570603e-10,0.003392425992956305,-0.0031646577117498964,2.5878821929836704e-07,-3.3785200309660039e-07,unloading,6.2053257528570603e-10,3.1625756711700194e-05,7.071176270224575e-15,0.00048429789603687823,7.5666645216188044e-07,0,0,0,1,1,1,-4.6091072262071513e-14,36
62,0.0015749999602121534,0,bent,0.1328125,0,4294967295,4294967295,1,10,0.99527764320373535,0,0,0,0.99527757174923737,1.0042073642606333,9.7458569480437326e-06,-0.23901732265949249,0.047453041654080153,0.2832316355779767,0.00062764531094270022,unloading,9.7458569480437326e-06,0.012257698527107742,2.1216546910104582e-09,0.14182399213314056,3.982565613114275e-05,0,0,0,1,1,1,0.13280503460851131,36
62,0.0015749999602121534,1,held_reference,0,0,4294967295,4294967295,1,10,0.99999886751174927,0,0,0,0.99999890967533611,1.0000006321028152,7.6290122925559682e-10,0.003376294034296734,-0.0024031301491049817,2.957535940595335e-06,-3.1116150088200824e-07,unloading,7.6290122925559682e-10,3.2381683870526967e-05,7.3218820805139328e-15,0.00048429789603687823,7.4260486826460692e-07,0,0,0,1,1,1,-4.6091072262071513e-14,36
63,0.0015999999595806003,0,bent,0.125,0,4294967295,4294967295,1,10,0.99539345502853394,0,0,0,0.99539344242507311,1.0041603408861328,9.6001331841846378e-06,-0.12365981936454773,0.029945095535367727,0.42068036226555705,0.0041756077774165769,unloading,9.6001331841846378e-06,0.012352016253381082,2.1047174053821898e-09,0.15466198325157166,4.0747308958088979e-05,0,0,0,1,1,1,0.12499717957476987,36
63,0.0015999999595806003,1,held_reference,0,0,4294967295,4294967295,1,10,0.99999892711639404,0,0,0,0.99999893048940147,1.0000006321028152,8.4826132147942288e-10,0.0033924197616670426,-0.0031564674618493882,2.6317158585698053e-06,-3.368896503968704e-07,unloading,8.4826132147942288e-10,3.1694277703836149e-05,7.0371144692243601e-15,0.00048429789603687823,7.6253843417362077e-07,0,0,0,1,1,1,-4.6091072262071513e-14,36
64,0.0016249999589490471,0,bent,0.1171875,0,4294967295,4294967295,1,10,0.99552834033966064,0,0,0,0.99552836343566387,1.0040945685054861,9.4771269217925433e-06,-0.053972335532307625,0.023597237654030323,0.55446750111877918,0.0075198823529332983,unloading,9.4771269217925433e-06,0.012137863776951283,2.1797516355935898e-09,0.15934291481971741,4.0486153011443093e-05,0,0,0,1,1,1,0.11716501450738596,36
64,0.0016249999589490471,1,held_reference,0,0,4294967295,4294967295,1,10,0.99999886751174927,0,0,0,0.99999891083345571,1.0000006321028152,6.1421228506696672e-10,0.0033762941259283252,-0.002399997891188832,4.2572746110636217e-06,-3.1064155277340487e-07,unloading,6.1421228506696672e-10,3.2075144927868914e-05,7.082503098771916e-15,0.00048429789603687823,7.4349640044601983e-07,0,0,0,1,1,1,-4.6091072262071513e-14,36
65,0.001649999958317494,0,bent,0.109375,0,4294967295,4294967295,1,10,0.99565958976745605,0,0,0,0.99565954153462644,1.0040252795409756,9.3472481021649743e-06,0.030258341692388058,0.029930916149169207,0.69109593983739614,0.010853617108593561,unloading,9.3472481021649743e-06,0.012241609594071711,2.146867569333372e-09,0.17079596221446991,4.1859595512505621e-05,0,0,0,1,1,1,0.10935716116787628,36
65,0.001649999958317494,1,held_reference,0,0,4294967295,4294967295,1,10,0.99999886751174927,0,0,0,0.99999892850091299,1.0000006321028152,7.6346815129674083e-10,0.0033924260643516391,-0.0031525850408797851,3.7272425856826885e-07,-3.3780656017427226e-07,unloading,7.6346815129674083e-10,3.1906319582024956e-05,7.2191699126450452e-15,0.00048992352094501257,7.5607522376230918e-07,0,0,0,1,1,1,-4.6091072262071513e-14,36
66,0.0016749999576859409,0,bent,0.1015625,0,4294967295,4294967295,1,10,0.99579364061355591,0,0,0,0.99579376558652311,1.0039531369033257,9.2049200153840651e-06,0.089321615174412727,0.029794935486279428,0.83255237852972641,0.014183894372712624,unloading,9.2049200153840651e-06,0.012251849748692834,2.2911623985057364e-09,0.17941850423812866,4.2357936763437465e-05,0,0,0,1,1,1,0.10154930840588093,36
66,0.0016749999576859409,1,held_reference,0,0,4294967295,4294967295,1,10,0.99999886751174927,0,0,0,0.99999890707459294,1.0000006321028152,9.3132257461547852e-10,0.0033762940206543135,-0.0023895755184639711,2.7429045132976171e-06,-3.1124722372715091e-07,unloading,9.3132257461547852e-10,3.2481503181437817e-05,7.4241410887346487e-15,0.00049142021453008056,8.9418432480670162e-07,0,0,0,1,1,1,-4.6091072262071513e-14,36
67,0.0016999999570543878,0,bent,0.09375,0,4294967295,4294967295,1,10,0.99591654539108276,0,0,0,0.99591654110968209,1.0038913129923173,9.0573820488257046e-06,0.23130995966494083,0.018166728317737579,0.95155725535005331,0.017450015189355659,unloading,9.0573820488257046e-06,0.012123644452618494,2.2611704842656761e-09,0.18811863660812378,4.3614687456283718e-05,0,0,0,1,1,1,0.093741456815191956,36
67,0.0016999999570543878,1,held_reference,0,0,4294967295,4294967295,1,9,0.99999886751174927,0,0,0,0.99999892812820534,1.0000006321028152,6.6751040397197295e-10,0.0033924260450248767,-0.0031346436535386601,2.99993104135865e-07,-3.3783555441311854e-07,unloading,6.6751040397197295e-10,2.6513764915283154e-05,6.0681005550018941e-15,0.00048429789603687823,7.6056886655351263e-07,0,0,0,1,1,1,-4.6091072262071513e-14,36
68,0.0017249999564228347,0,bent,0.0859375,0,4294967295,4294967295,1,10,0.99604874849319458,0,0,0,0.99604881805035805,1.0038304025479623,8.9015261271132456e-06,0.2745188120752573,0.021330695948563516,1.0706505728885531,0.020442338062654115,unloading,8.9015261271132456e-06,0.012114742818830956,2.3320042002177234e-09,0.19342291355133057,4.4153002818347886e-05,0,0,0,1,1,1,0.085923637169972311,36
68,0.0017249999564228347,1,held_reference,0,0,4294967295,4294967295,1,10,0.99999886751174927,0,0,0,0.99999890784861323,1.0000006321028152,7.9538415806142719e-10,0.0033762940940960107,-0.0023944607073644875,4.9734625804376265e-06,-3.1035514986592762e-07,unloading,7.9538415806142719e-10,3.2342229767160549e-05,7.2197437904910645e-15,0.00048429789603687823,7.3625665208965074e-07,0,0,0,1,1,1,-4.6091072262071513e-14,36
69,0.0017499999557912815,0,bent,0.078125,0,4294967295,4294967295,1,10,0.99617475271224976,0,0,0,0.99617476865067822,1.0037626260245012,8.737141771076696e-06,0.34238332137465477,0.012250622501596808,1.1973258329671808,0.023622451573397315,unloading,8.737141771076696e-06,0.012107841909943653,2.3950755137981954e-09,0.2098635733127594,4.512970190262422e-05,0,0,0,1,1,1,0.078115787605167658,36
69,0.0017499999557912815,1,held_reference,0,0,4294967295,4294967295,1,10,0.99999892711639404,0,0,0,0.9999989280903786,1.0000006321028152,8.7879147114223557e-10,0.0033924386947887797,-0.0031748543788125971,1.3933144771272055e-06,-3.3742142064323891e-07,unloading,8.7879147114223557e-10,3.1869969761086838e-05,7.0585297758824663e-15,0.00048429789603687823,7.6839427265440463e-07,0,0,0,1,1,1,-4.6091072262071513e-14,36
70,0.0017749999551597284,0,bent,0.0703125,0,4294967295,4294967295,1,10,0.99633044004440308,0,0,0,0.99633051780681769,1.0036915712437788,8.5627733048107115e-06,0.45390665717422962,0.013314922573044896,1.3209277740679681,0.02650729572253125,unloading,8.5627733048107115e-06,0.012101395226392853,2.4822914805054691e-09,0.21168515086174011,4.5813361793989316e-05,0,0,0,1,1,1,0.07033442878884183,36
70,0.0017749999551597284,1,held_reference,0,0,4294967295,4294967295,1,10,0.99999886751174927,0,0,0,0.99999890905759481,1.0000006321028152,6.3635848468903358e-10,0.0033762941448003403,-0.0024124276696966263,9.0670206986942503e-07,-3.1198181417266839e-07,unloading,6.3635848468903358e-10,3.2127919506134353e-05,7.1682712308042687e-15,0.00048429789603687823,7.4047767384399776e-07,0,0,0,1,1,1,-4.6091072262071513e-14,36
71,0.0017999999545281753,0,bent,0.0625,0,4294967295,4294967295,1,10,0.99646520614624023,0,0,0,0.99646512833116352,1.0036280218834333,8.3826830144374059e-06,0.58621789515018463,0.0052959950407966971,1.4387878375127912,0.029542957646349694,unloading,8.3826830144374059e-06,0.012043115266682915,2.5017646879740691e-09,0.2245001345872879,4.7722973249619827e-05,0,0,0,1,1,1,0.062526584795095388,36
71,0.0017999999545281753,1,held_reference,0,0,4294967295,4294967295,1,10,0.99999892711639404,0,0,0,0.99999892991512396,1.0000006321028152,7.8225217013068576e-10,0.0033924385838872695,-0.003159218382279505,-5.0878500701401208e-07,-3.3818203906412274e-07,unloading,7.8225217013068576e-10,3.1826633894687388e-05,7.1732495916912512e-15,0.00048429789603687823,7.6177235541763366e-07,0,0,0,1,1,1,-4.6091072262071513e-14,36
72,0.0018249999538966222,0,bent,0.0546875,0,4294967295,4294967295,1,10,0.99660199880599976,0,0,0,0.99660199540285299,1.0035438069194709,8.1941575644523097e-06,0.58163851127028465,0.00087150419130921364,1.555973257869482,0.032245030543286569,unloading,8.1941575644523097e-06,0.012031476559379107,2.6189055002951068e-09,0.23754468560218811,4.7758316213730723e-05,0,0,0,1,1,1,0.054694437961354703,36
72,0.0018249999538966222,1,held_reference,0,0,4294967295,4294967295,1,10,0.99999886751174927,0,0,0,0.99999891038130539,1.0000006321028152,8.6490386668718286e-10,0.0033762940927317686,-0.0023967696815816453,1.5965392208272533e-07,-3.1228042612224289e-07,unloading,8.6490386668718286e-10,3.211456070686026e-05,7.0696769447056349e-15,0.00048429789603687823,7.4195543220412219e-07,0,0,0,1,1,1,-4.6091072262071513e-14,36
73,0.0018499999532650691,0,bent,0.046875,0,4294967295,4294967295,1,10,0.99673479795455933,0,0,0,0.99673476256145654,1.0034757250155388,8.0077617625572331e-06,0.75191656965762377,0.0066573068033903837,1.6657592514529824,0.035145784365325831,unloading,8.0077617625572331e-06,0.011955412162017912,2.5734788799943876e-09,0.24706834554672241,4.9372083594789729e-05,0,0,0,1,1,1,0.046886591819198645,36
73,0.0018499999532650691,1,held_reference,0,0,4294967295,4294967295,1,10,0.99999892711639404,0,0,0,0.99999893070670032,1.0000006321028152,6.2685992735411975e-10,0.0033924386726766897,-0.0031435235250683036,-1.1056687014843192e-06,-3.3842090888504153e-07,unloading,6.2685992735411975e-10,3.1723905506963683e-05,7.0801413342950254e-15,0.00048429789603687823,7.5833492019228288e-07,0,0,0,1,1,1,-4.6091072262071513e-14,36
74,0.0018749999526335159,0,bent,0.0390625,0,4294967295,4294967295,1,10,0.99688088893890381,0,0,0,0.99688086867712022,1.003408605145202,7.8190099605983006e-06,0.80155846104025841,-0.0037712203338742256,1.7934366362169385,0.038087064425868129,unloading,7.8190099605983006e-06,0.011882071680481693,2.5896544326675182e-09,0.25849065184593201,4.9931790272239596e-05,0,0,0,1,1,1,0.039078751697392236,36
74,0.0018749999526335159,1,held_reference,0,0,4294967295,4294967295,1,10,0.99999886751174927,0,0,0,0.99999891125674312,1.0000006321028152,7.6817636172367084e-10,0.003376306676727836,-0.0023842725149734179,2.223084010211096e-06,-3.1147822647517421e-07,unloading,7.6817636172367084e-10,3.2325676315762711e-05,7.2376524776855412e-15,0.00048429789603687823,7.4592611554180621e-07,0,0,0,1,1,1,-4.6091072262071513e-14,36
75,0.0018999999520019628,0,bent,0.03125,0,4294967295,4294967295,1,10,0.99697780609130859,0,0,0,0.99697781213862535,1.0033255127504621,7.6230870935453126e-06,0.80753801763057709,-0.0068738680565729737,1.9087905762717128,0.041162063133335286,unloading,7.6230870935453126e-06,0.011839306134811697,2.7022475875401225e-09,0.26794266700744629,5.1143222663085908e-05,0,0,0,1,1,1,0.0312709094888994,36
75,0.0018999999520019628,1,held_reference,0,0,4294967295,4294967295,1,10,0.99999886751174927,0,0,0,0.99999892929305834,1.0000006321028152,8.6118407784604029e-10,0.0033924386322041755,-0.0031392893761221785,-2.8035742616339121e-09,-3.3797980223710107e-07,unloading,8.6118407784604029e-10,3.1692139103199995e-05,7.1754502681631557e-15,0.00048992352094501257,7.6127986403662362e-07,0,0,0,1,1,1,-4.6091072262071513e-14,36
76,0.0019249999513704097,0,bent,0.0234375,0,4294967295,4294967295,1,10,0.99706220626831055,0,0,0,0.99706220238132348,1.0032139030212563,7.3668709594767473e-06,1.2739650271832943,-0.010736363008618355,1.9514124104753137,0.042475487302129772,unloading,7.3668709594767473e-06,0.013503954504641067,3.8443046739202682e-09,0.28190970420837402,4.99472334922757e-05,0,0,0,1,1,1,0.023438764748503028,36
76,0.0019249999513704097,1,held_reference,0,0,4294967295,4294967295,1,10,0.99999886751174927,0,0,0,0.99999890759894094,1.0000006321028152,9.3132257461547852e-10,0.003376294128884183,-0.0023821793474780861,2.3108080426936795e-07,-3.1225197862659144e-07,unloading,9.3132257461547852e-10,3.2448446106897745e-05,7.3580522675911786e-15,0.00049142021453008056,8.8288294364247122e-07,0,0,0,1,1,1,-4.6091072262071513e-14,36
77,0.0019499999507388566,0,bent,0.015625,0,4294967295,4294967295,1,10,0.99712622165679932,0,0,0,0.99712623387226151,1.0031256451425496,7.1649695165679915e-06,1.0367545112967491,-0.011188119417056441,2.1282200533896685,0.045800864293089494,unloading,7.1649695165679915e-06,0.011678835699627301,2.4946748506302768e-09,0.2876758873462677,5.1197464927099645e-05,0,0,0,1,1,1,0.015630924730848664,36
77,0.0019499999507388566,1,held_reference,0,0,4294967295,4294967295,1,9,0.99999886751174927,0,0,0,0.99999892820124192,1.0000006321028152,7.3882333762657618e-10,0.0033924386249282179,-0.0031267138529074145,-1.7031075287832209e-06,-3.3865998067005894e-07,unloading,7.3882333762657618e-10,2.6504782583837335e-05,6.0598910952676184e-15,0.00048429789603687823,7.6491431855174596e-07,0,0,0,1,1,1,-4.6091072262071513e-14,36
78,0.0019749999501073034,0,bent,0.0078125,0,4294967295,4294967295,1,10,0.99720579385757446,0,0,0,0.99720582839914429,1.0030082365840887,6.9070966634846856e-06,1.3649070207029581,-0.014409914612770081,2.1848698360845447,0.047719318760141148,unloading,6.9070966634846856e-06,0.013390445953405109,3.6984404371501512e-09,0.29850161075592041,5.1803217502310872e-05,0,0,0,1,1,1,0.0077935060486915946,36
78,0.0019749999501073034,1,held_reference,0,0,4294967295,4294967295,1,10,0.99999886751174927,0,0,0,0.99999890819549775,1.0000006321028152,8.3820465017360535e-10,0.003376306711743382,-0.0023868235239206115,1.7692449318928993e-06,-3.1165989424607722e-07,unloading,8.3820465017360535e-10,3.2216267424169992e-05,7.1577817449870112e-15,0.00048429789603687823,7.4072619327125722e-07,0,0,0,1,1,1,-4.6091072262071513e-14,36
79,0.0019999999494757503,0,bent,0,0,4294967295,4294967295,1,10,0.99726307392120361,0,0,0,0.99726297382598461,1.0029140956359137,6.6962052353286581e-06,1.0699586719274521,-0.015239877859130502,2.3353615123778582,0.050848626357153058,unloading,6.6962052353286581e-06,0.01163167942192586,2.6032263618532016e-09,0.30470669269561768,5.2661329391412437e-05,0,0,0,1,1,1,-4.6091072262071513e-14,36
79,0.0019999999494757503,1,held_reference,0,0,4294967295,4294967295,1,10,0.99999892711639404,0,0,0,0.99999892875484919,1.0000006321028152,6.2088495876167609e-10,0.0033924386258377126,-0.0031424916596733965,-9.8568204975890694e-07,-3.383727745987248e-07,unloading,6.2088495876167609e-10,3.1981254227668984e-05,7.2374147083458211e-15,0.00048429789603687823,7.6212745625525713e-07,0,0,0,1,1,1,-4.6091072262071513e-14,36
80,0.0020249999488441972,0,bent,0,0,4294967295,4294967295,1,10,0.99738335609436035,0,0,0,0.99738346878564177,1.0028124020285878,6.3704283535163579e-06,1.5765532031655312,-0.019112501060590148,2.2993039768189192,0.045659236589483919,relaxation,6.3704283535163579e-06,0.013808587097378144,2.8425019714198886e-09,0.34078887104988098,5.0767430366249755e-05,0,0,0,1,1,1,-4.6091072262071513e-14,36
80,0.0020249999488441972,1,held_reference,0,0,4294967295,4294967295,1,10,0.99999886751174927,0,0,0,0.99999890937415237,1.0000006321028152,7.6984881774716357e-10,0.0033763067212930764,-0.0023821465001674369,2.1570528474512685e-06,-3.1150472533909147e-07,relaxation,7.6984881774716357e-10,3.2350012557238263e-05,7.29909625818177e-15,0.00048429789603687823,7.4867244848064729e-07,0,0,0,1,1,1,-4.6091072262071513e-14,36
81,0.0020499999482126441,0,bent,0,0,4294967295,4294967295,1,10,0.99746912717819214,0,0,0,0.99746909478474743,1.0027061344456869,6.1213836548897096e-06,1.4923786371946335,-0.038743017707020044,2.2124318312853575,0.041998556959226718,relaxation,6.1213836548897096e-06,0.024205937188013716,1.8796685033193554e-09,0.23561446368694305,4.6761404519202188e-05,0,0,0,1,1,1,-4.6091072262071513e-14,36
81,0.0020499999482126441,1,held_reference,0,0,4294967295,4294967295,1,10,0.99999892711639404,0,0,0,0.99999892990520978,1.0000006321028152,8.6700244640422381e-10,0.0033924386680155294,-0.0031356760373455472,-2.0484148421928694e-07,-3.3806063784913981e-07,relaxation,8.6700244640422381e-10,3.1795462469943346e-05,7.0876094612428781e-15,0.00048429789603687823,7.5988629077983205e-07,0,0,0,1,1,1,-4.6091072262071513e-14,36
82,0.002074999947581091,0,bent,0,0,4294967295,4294967295,1,10,0.99756145477294922,0,0,0,0.99756137901284148,1.0033670307140223,5.9983483506069026e-06,1.6131105720996857,-0.04177882825024426,2.1672646319493651,0.040139728424876932,relaxation,5.9983483506069026e-06,0.014541383302951323,9.2531537838867415e-10,0.29313650727272034,4.3236654164502397e-05,0,0,0,1,1,1,-4.6091072262071513e-14,36
82,0.002074999947581091,1,held_reference,0,0,4294967295,4294967295,1,10,0.99999886751174927,0,0,0,0.99999891060489432,1.0000006321028152,6.3122113156850586e-10,0.0033762941002350999,-0.0023792564024915919,2.8345169766907929e-08,-3.1233318704516974e-07,relaxation,6.3122113156850586e-10,3.2151694104448754e-05,7.1983237100873639e-15,0.00048429789603687823,7.4316278642072575e-07,0,0,0,1,1,1,-4.6091072262071513e-14,36
83,0.0020999999469495378,0,bent,0,0,4294967295,4294967295,1,10,0.99762791395187378,0,0,0,0.99762789334996582,1.0027998491329913,5.8379408140173672e-06,1.4735375717282295,-0.044524853816255927,2.1320114340633154,0.037789842476479707,relaxation,5.8379408140173672e-06,0.018269523919888897,1.1622962687464234e-09,0.213206946849823,4.2676852899603546e-05,0,0,0,1,1,1,-4.6091072262071513e-14,36
83,0.0020999999469495378,1,held_reference,0,0,4294967295,4294967295,1,10,0.99999892711639404,0,0,0,0.99999893127093809,1.0000006321028152,7.7481468460139967e-10,0.0033924386617627533,-0.0031299449110520072,-1.6224504122419603e-06,-3.3862773150178802e-07,relaxation,7.7481468460139967e-10,3.1783576023863547e-05,7.0822013008657854e-15,0.00048429789603687823,7.5985673220202443e-07,0,0,0,1,1,1,-4.6091072262071513e-14,36
84,0.0021249999463179847,0,bent,0,0,4294967295,4294967295,1,10,0.9976884126663208,0,0,0,0.99768836569722164,1.0034737762922248,5.711647507361535e-06,1.5014782473444939,-0.045566956832772121,2.0308482954278588,0.036298580606229605,relaxation,5.711647507361535e-06,0.01456636843659804,6.6750317859796435e-10,0.26772662997245789,3.9328027924057096e-05,0,0,0,1,1,1,-4.6091072262071513e-14,36
84,0.0021249999463179847,1,held_reference,0,0,4294967295,4294967295,1,10,0.99999886751174927,0,0,0,0.99999891149712283,1.0000006321028152,8.635363412971918e-10,0.0033763066621759208,-0.002373351971982629,2.332609653876716e-06,-3.1143438823392039e-07,relaxation,8.635363412971918e-10,3.2221625752067427e-05,7.1569612681460515e-15,0.00048429789603687823,7.3787583687590086e-07,0,0,0,1,1,1,-4.6091072262071513e-14,36
85,0.0021499999456864316,0,bent,0,0,4294967295,4294967295,1,10,0.99775296449661255,0,0,0,0.99775296318480122,1.0027997238325299,5.567607628232497e-06,1.392950564622879,-0.048638050036970526,2.0237095542252064,0.034860855218440297,relaxation,5.567607628232497e-06,0.01618790056086758,8.1988517759097407e-10,0.19357007741928101,3.9644091884838417e-05,0,0,0,1,1,1,-4.6091072262071513e-14,36
85,0.0021499999456864316,1,held_reference,0,0,4294967295,4294967295,1,10,0.99999886751174927,0,0,0,0.99999892940665625,1.0000006321028152,6.3791990610657306e-10,0.0033924260668527495,-0.0031318727815232705,-3.0100776484687231e-06,-3.3915964182358532e-07,relaxation,6.3791990610657306e-10,3.2018507552979074e-05,7.2529985472082201e-15,0.00048992352094501257,7.6348300126483082e-07,0,0,0,1,1,1,-4.6091072262071513e-14,36
86,0.0021749999450548785,0,bent,0,0,4294967295,4294967295,1,10,0.9977949857711792,0,0,0,0.99779498612667328,1.0033830667958969,5.442932552205073e-06,1.3664739653468132,-0.052652598358690739,1.91162568051368,0.033534560252852744,relaxation,5.442932552205073e-06,0.015029603209543232,6.0349004022429253e-10,0.25014403462409973,3.715934872161597e-05,0,0,0,1,1,1,-4.6091072262071513e-14,36
86,0.0021749999450548785,1,held_reference,0,0,4294967295,4294967295,1,10,0.99999886751174927,0,0,0,0.9999989076461463,1.0000006321028152,9.3132257461547852e-10,0.0033763066794563201,-0.0023724005241092527,1.5708946534687129e-06,-3.1173922441621479e-07,relaxation,9.3132257461547852e-10,3.2433757711802514e-05,7.3245055435873122e-15,0.00049142021453008056,8.8512513229943579e-07,0,0,0,1,1,1,-4.6091072262071513e-14,36
87,0.0021999999444233254,0,bent,0,0,4294967295,4294967295,1,10,0.99759954214096069,0,0,0,0.99759952014202591,1.0026572521409653,5.2996153684445567e-06,1.2372439950704575,-0.049291638424620032,1.8913096748292446,0.032269073741987349,relaxation,5.2996153684445567e-06,0.017635666029267315,7.9413132975559507e-10,0.18389032781124115,3.7854166293982416e-05,0,0,0,1,1,1,-4.6091072262071513e-14,36
87,0.0021999999444233254,1,held_reference,0,0,4294967295,4294967295,1,9,0.99999886751174927,0,0,0,0.99999892825667591,1.0000006321028152,8.5251586192238018e-10,0.0033924386036687793,-0.0031185845055006212,-1.1880869124070159e-06,-3.3845392736998327e-07,relaxation,8.5251586192238018e-10,2.6521966657168318e-05,6.0916242351493671e-15,0.00048429789603687823,7.5789171205542516e-07,0,0,0,1,1,1,-4.6091072262071513e-14,36
88,0.0022249999437917722,0,bent,0,0,4294967295,4294967295,1,10,0.99766463041305542,0,0,0,0.99766457409381804,1.0032534451150712,5.1918738141836201e-06,1.248630553483963,-0.04651659436058253,1.7743680896237493,0.031195016047745942,relaxation,5.1918738141836201e-06,0.014022139635136936,4.6929164246137249e-10,0.22744812071323395,3.411972284084186e-05,0,0,0,1,1,1,-4.6091072262071513e-14,36
88,0.0022249999437917722,1,held_reference,0,0,4294967295,4294967295,1,10,0.99999886751174927,0,0,0,0.99999890820849158,1.0000006321028152,6.251680785448385e-10,0.0033763067112886347,-0.0023766444537614007,2.2534918002747872e-06,-3.1146607439086454e-07,relaxation,6.251680785448385e-10,3.2467535873428001e-05,7.2965280438092466e-15,0.00048429789603687823,7.4313135201009572e-07,0,0,0,1,1,1,-4.6091072262071513e-14,36
89,0.0022499999431602191,0,bent,0,0,4294967295,4294967295,1,10,0.99753779172897339,0,0,0,0.99753778937076132,1.0027544395341874,5.0626366017805016e-06,1.1182548105716705,-0.038828100776299834,1.7384182279929519,0.030006040572255852,relaxation,5.0626366017805016e-06,0.015273859687888514,6.6176677486331708e-10,0.17599920928478241,3.6181590985506773e-05,0,0,0,1,1,1,-4.6091072262071513e-14,36
89,0.0022499999431602191,1,held_reference,0,0,4294967295,4294967295,1,10,0.99999892711639404,0,0,0,0.99999892881197427,1.0000006321028152,7.8153061904448941e-10,0.0033924259479363172,-0.0031338142343884101,-3.679110136545205e-06,-3.3942723865277468e-07,relaxation,7.8153061904448941e-10,3.1847030692996649e-05,7.1807435746796532e-15,0.00048429789603687823,7.6215593480810639e-07,0,0,0,1,1,1,-4.6091072262071513e-14,36
90,0.002274999942528666,0,bent,0,0,4294967295,4294967295,1,10,0.99764865636825562,0,0,0,0.99764866176115086,1.0031408698817634,4.9637019505438732e-06,1.1541840806603432,-0.04379717877600342,1.6342076184228063,0.028995642605088651,relaxation,4.9637019505438732e-06,0.014427971780630395,4.4718924431215396e-10,0.21881136298179626,3.2668958738213405e-05,0,0,0,1,1,1,-4.6091072262071513e-14,36
90,0.002274999942528666,1,held_reference,0,0,4294967295,4294967295,1,10,0.99999886751174927,0,0,0,0.99999890945393843,1.0000006321028152,8.735310854303324e-10,0.0033763067240215605,-0.0023758790230203886,1.3316041815869539e-06,-3.1183486805866829e-07,relaxation,8.735310854303324e-10,3.2236479684399963e-05,7.1664679782610739e-15,0.00048429789603687823,7.4100171332247555e-07,0,0,0,1,1,1,-4.6091072262071513e-14,36
91,0.0022999999418971129,0,bent,0,0,4294967295,4294967295,1,10,0.99740982055664062,0,0,0,0.99740977374056228,1.0027540953657912,4.8443912385017988e-06,1.0796767771244049,-0.038082855055108666,1.6169531345367432,0.028132860290497542,relaxation,4.8443912385017988e-06,0.014762650717228664,5.6100571045582969e-10,0.16856268048286438,3.5199034755351022e-05,0,0,0,1,1,1,-4.6091072262071513e-14,36
91,0.0022999999418971129,1,held_reference,0,0,4294967295,4294967295,1,10,0.99999892711639404,0,0,0,0.99999892994709005,1.0000006321028152,6.4822263583194146e-10,0.0033924385994623663,-0.0031289434828067897,-8.8097797856789839e-07,-3.3833094377871505e-07,relaxation,6.4822263583194146e-10,3.1750371006861022e-05,7.1043320536075331e-15,0.00048429789603687823,7.6586866271100007e-07,0,0,0,1,1,1,-4.6091072262071513e-14,36
92,0.0023249999412655598,0,bent,0,0,4294967295,4294967295,1,10,0.99762892723083496,0,0,0,0.99762888593043331,1.0030928931043392,4.7464650556757715e-06,1.0830705463886261,-0.040173899324145168,1.5170244527980685,0.027038623807758091,relaxation,4.7464650556757715e-06,0.016564849271356423,4.8389962900855813e-10,0.21738819777965546,3.2407362596131861e-05,0,0,0,1,1,1,-4.6091072262071513e-14,36
92,0.0023249999412655598,1,held_reference,0,0,4294967295,4294967295,1,10,0.99999886751174927,0,0,0,0.99999891065296564,1.0000006321028152,7.9071678582521997e-10,0.0033763066840037936,-0.0023717832045804244,2.1812095098994178e-06,-3.1149494624742196e-07,relaxation,7.9071678582521997e-10,3.2147570865117699e-05,7.1500276335327664e-15,0.00048429789603687823,7.3729552241275087e-07,0,0,0,1,1,1,-4.6091072262071513e-14,36
93,0.0023499999406340066,0,bent,0,0,4294967295,4294967295,1,10,0.99754798412322998,0,0,0,0.99754802474189008,1.0029611005447938,4.6363422618049759e-06,0.92671483010053635,-0.038234105333685875,1.5223561557941139,0.026529381463654338,relaxation,4.6363422618049759e-06,0.016459163737278862,4.7804207359231879e-10,0.17002685368061066,3.3244024962186813e-05,0,0,0,1,1,1,-4.6091072262071513e-14,36
93,0.0023499999406340066,1,held_reference,0,0,4294967295,4294967295,1,10,0.99999892711639404,0,0,0,0.99999893127958794,1.0000006321028152,8.8215144023226549e-10,0.0033924386215176128,-0.0031232512701535597,-6.8581616119445243e-07,-3.3825287685738221e-07,relaxation,8.8215144023226549e-10,3.1843054534525319e-05,7.1085104764340765e-15,0.00048429789603687823,7.5358991580287693e-07,0,0,0,1,1,1,-4.6091072262071513e-14,36
94,0.0023749999400024535,0,bent,0,0,4294967295,4294967295,1,10,0.99772655963897705,0,0,0,0.99772660804243118,1.0029258817054141,4.5529620418809169e-06,0.9872850626707077,-0.034822903573513031,1.4224188085645437,0.025558377883866432,relaxation,4.5529620418809169e-06,0.015425653265995452,4.0468456847825463e-10,0.20317600667476654,3.1029838282847777e-05,0,0,0,1,1,1,-4.6091072262071513e-14,36
94,0.0023749999400024535,1,held_reference,0,0,4294967295,4294967295,1,10,0.99999934434890747,0,0,0,0.99999944271986574,1.0000006321028152,6.4205762169019169e-10,0.0033763067394829704,-0.0023635615616512951,2.0803783229439432e-06,-3.1153525822583164e-07,relaxation,6.4205762169019169e-10,3.2539779349417861e-05,7.426000708814295e-15,0.00048992352094501257,7.4932268034899607e-07,0,0,0,1,1,1,-4.6091072262071513e-14,36
95,0.0023999999393709004,0,bent,0,0,4294967295,4294967295,1,10,0.998027503490448,0,0,0,0.99802751234082554,1.0029693058430702,4.4671969783050073e-06,0.83351926505565643,-0.038930866052396595,1.4264568812213838,0.024994124290302393,relaxation,4.4671969783050073e-06,0.017203155446686078,5.4995392890306398e-10,0.17443838715553284,3.3440210245316848e-05,0,0,0,1,1,1,-4.6091072262071513e-14,36
95,0.0023999999393709004,1,held_reference,0,0,4294967295,4294967295,1,10,0.99999892711639404,0,0,0,0.99999892746099872,1.0000006321028152,9.3132257461547852e-10,0.0033924386681292162,-0.0031223211044562049,-9.8845615070786153e-07,-3.3837403012205479e-07,relaxation,9.3132257461547852e-10,3.1890890635676464e-05,7.2669765285636281e-15,0.00049142021453008056,8.7052359276640345e-07,0,0,0,1,1,1,-4.6091072262071513e-14,36
96,0.0024249999387393473,0,bent,0,0,4294967295,4294967295,1,10,0.99767637252807617,0,0,0,0.9976763298566288,1.0029111991374862,4.364086462922892e-06,0.94310855865478516,-0.036603068234398961,1.3463720711879432,0.024091777089953425,relaxation,4.364086462922892e-06,0.016456076976558872,3.9651059649917095e-10,0.19422115385532379,2.9837377951480448e-05,0,0,0,1,1,1,-4.6091072262071513e-14,36
96,0.0024249999387393473,1,held_reference,0,0,4294967295,4294967295,1,9,0.99999886751174927,0,0,0,0.99999890763600296,1.0000006321028152,9.3132257461547852e-10,0.0033763067835934635,-0.0023985278348845895,1.8816226940998604e-06,-3.1161497513130638e-07,relaxation,9.3132257461547852e-10,2.7144330252131316e-05,6.170565598113352e-15,0.00049142021453008056,7.4018635132233612e-07,0,0,0,1,1,1,-4.6091072262071513e-14,36
97,0.0024499999381077942,0,bent,0,0,4294967295,4294967295,1,10,0.99795138835906982,0,0,0,0.99795142098058276,1.0029520392824294,4.2856598958376972e-06,0.70319469273090363,-0.039961332455277443,1.362888143165037,0.023689944971367713,relaxation,4.2856598958376972e-06,0.016333697144825694,4.5875494190383918e-10,0.16345183551311493,3.1264960853150114e-05,0,0,0,1,1,1,-4.6091072262071513e-14,36
97,0.0024499999381077942,1,held_reference,0,0,4294967295,4294967295,1,10,0.99999892711639404,0,0,0,0.99999892737490381,1.0000006321028152,9.3132257461547852e-10,0.003392438665514419,-0.0031141498093347764,-7.8831803307366499e-07,-3.3829402459537097e-07,relaxation,9.3132257461547852e-10,3.1641013186768515e-05,7.0209008705054453e-15,0.00048429789603687823,8.752670055400813e-07,0,0,0,1,1,1,-4.6091072262071513e-14,36
98,0.002474999937476241,0,bent,0,0,4294967295,4294967295,1,10,0.99769514799118042,0,0,0,0.99769520752796803,1.0027934509395608,4.1910209387278449e-06,0.83069382607936859,-0.034580623148940504,1.2669557937188074,0.022809131211653351,relaxation,4.1910209387278449e-06,0.016206708896600464,3.7443214000079568e-10,0.18138918280601501,2.9520755560952239e-05,0,0,0,1,1,1,-4.6091072262071513e-14,36
98,0.002474999937476241,1,held_reference,0,0,4294967295,4294967295,1,9,0.99999886751174927,0,0,0,0.99999890847607309,1.0000006321028152,9.3132257461547852e-10,0.003376306651489358,-0.0023891293567430694,1.9260113504060428e-08,-3.1235981642453285e-07,relaxation,9.3132257461547852e-10,2.6811955444619195e-05,5.893299307602904e-15,0.00049142021453008056,7.5388953746369225e-07,0,0,0,1,1,1,-4.6091072262071513e-14,36
99,0.0024999999368446879,0,bent,0,0,4294967295,4294967295,1,10,0.99807775020599365,0,0,0,0.99807769860027118,1.0028195522194123,4.1307357876109916e-06,0.72870071977376938,-0.037223653635010123,1.2804171968018636,0.022394568131305272,relaxation,4.1307357876109916e-06,0.01501777178369958,3.5927410773873889e-10,0.1576751172542572,2.9199676646385342e-05,0,0,0,1,1,1,-4.6091072262071513e-14,36
99,0.0024999999368446879,1,held_reference,0,0,4294967295,4294967295,1,10,0.99999892711639404,0,0,0,0.99999892881735253,1.0000006321028152,9.3313979112318476e-10,0.0033924386364105885,-0.0031035213633003877,-2.0296168372624379e-06,-3.3879049598340337e-07,relaxation,9.3313979112318476e-10,3.1550966536972326e-05,6.8326062886228897e-15,0.00049092131666839123,7.5806582344739581e-07,0,0,0,1,1,1,-4.6091072262071513e-14,36
100,0.0025249999362131348,0,bent,0,0,4294967295,4294967295,1,10,0.99779188632965088,0,0,0,0.99779196335235565,1.0025784327397567,4.0383270648546485e-06,0.76367500424385071,-0.034646095358766615,1.2021021107793786,0.021707300215810538,relaxation,4.0383270648546485e-06,0.015518195040691116,3.6757075191227525e-10,0.17901627719402313,2.9036029445705935e-05,0,0,0,1,1,1,-4.6091072262071513e-14,36
100,0.0025249999362131348,1,held_reference,0,0,4294967295,4294967295,1,10,0.99999934434890747,0,0,0,0.99999944261927398,1.0000006321028152,9.3313979112318476e-10,0.0033763067199288344,-0.002356159197006491,1.4921797912847978e-06,-3.117707911733309e-07,relaxation,9.3313979112318476e-10,3.1146950570882502e-05,6.8210545730456332e-15,0.00049042236059904099,7.5447098879521945e-07,0,0,0,1,1,1,-4.6091072262071513e-14,36
101,0.0025499999355815817,0,bent,0,0,4294967295,4294967295,1,10,0.99838137626647949,0,0,0,0.99838130448291906,1.0026322478558363,3.9786001897230951e-06,0.70072005689144135,-0.032287631765939295,1.216162053453445,0.021299086072340604,relaxation,3.9786001897230951e-06,0.015484289448483237,3.7057661585722582e-10,0.1535361260175705,2.904400389525108e-05,0,0,0,1,1,1,-4.6091072262071513e-14,36
101,0.0025499999355815817,1,held_reference,0,0,4294967295,4294967295,1,10,0.99999934434890747,0,0,0,0.99999944252941808,1.0000006321028152,9.3313979112318476e-10,0.0033924512460998812,-0.003100844927757862,-2.7869766938692919e-06,-3.3911985064537549e-07,relaxation,9.3313979112318476e-10,3.1400201223381312e-05,6.7952566183207586e-15,0.00049042236059904099,7.551270755357109e-07,0,0,0,1,1,1,-4.6091072262071513e-14,36
102,0.0025749999349500285,0,bent,0,0,4294967295,4294967295,1,10,0.99804568290710449,0,0,0,0.99804570723196195,1.002415918884993,3.8884719885035193e-06,0.72428572177886963,-0.031284529366530478,1.132133076840546,0.020603307237744332,relaxation,3.8884719885035193e-06,0.015656054824028463,3.5817052219361134e-10,0.17247423529624939,2.9935805287095718e-05,0,0,0,1,1,1,-4.6091072262071513e-14,36
102,0.0025749999349500285,1,held_reference,0,0,4294967295,4294967295,1,10,0.99999934434890747,0,0,0,0.9999994425056643,1.0000006321028152,9.3132257461547852e-10,0.0033763066830942989,-0.0023579850840178551,1.6688913433426933e-06,-3.1169998121868062e-07,relaxation,9.3132257461547852e-10,3.1174555834269023e-05,6.7251701620997761e-15,0.00048429789603687823,8.6501944451811141e-07,0,0,0,1,1,1,-4.6091072262071513e-14,36
103,0.0025999999343184754,0,bent,0,0,4294967295,4294967295,1,10,0.99837404489517212,0,0,0,0.99837408536734129,1.0025569255678395,3.829869409083602e-06,0.57177819311618805,-0.018564748344942927,1.1555785217205994,0.020347711768612265,relaxation,3.829869409083602e-06,0.01649413076782158,4.2840084133711865e-10,0.14931298792362213,3.0847280868329108e-05,0,0,0,1,1,1,-4.6091072262071513e-14,36
103,0.0025999999343184754,1,held_reference,0,0,4294967295,4294967295,1,9,0.99999934434890747,0,0,0,0.99999944252772988,1.0000006321028152,9.3132257461547852e-10,0.003392438563878386,-0.0031006921672087628,-9.8859203490064829e-07,-3.3837415320340417e-07,relaxation,9.3132257461547852e-10,2.6884222255440362e-05,6.0240824302585131e-15,0.00049092131666839123,7.5681856515075197e-07,0,0,0,1,1,1,-4.6091072262071513e-14,36
104,0.0026249999336869223,0,bent,0,0,4294967295,4294967295,1,10,0.99849075078964233,0,0,0,0.99849072598880628,1.0023866898069098,3.7447642145223209e-06,0.6335127092897892,-0.027270469610812142,1.0674179158522747,0.019664144393946974,relaxation,3.7447642145223209e-06,0.01616377216901602,3.6663915139645476e-10,0.16800104081630707,2.9556300432886928e-05,0,0,0,1,1,1,-4.6091072262071513e-14,36
104,0.0026249999336869223,1,held_reference,0,0,4294967295,4294967295,1,10,0.99999934434890747,0,0,0,0.99999944249792816,1.0000006321028152,9.3313979112318476e-10,0.0033763067576728645,-0.0023637275771761779,1.8879542835747998e-06,-3.1161242771622738e-07,relaxation,9.3313979112318476e-10,3.1283450396896969e-05,6.8000659549983529e-15,0.00049042236059904099,7.6263415849098237e-07,0,0,0,1,1,1,-4.6091072262071513e-14,36
105,0.0026499999330553692,0,bent,0,0,4294967295,4294967295,1,10,0.9984099268913269,0,0,0,0.99840980681827673,1.0024705217002976,3.6964749372811028e-06,0.55152034759521484,-0.022981079004239291,1.095559183973819,0.019401179634988303,relaxation,3.6964749372811028e-06,0.015132683842996585,3.4609611587509736e-10,0.14139911532402039,2.9207803891040385e-05,0,0,0,1,1,1,-4.6091072262071513e-14,36
105,0.0026499999330553692,1,held_reference,0,0,4294967295,4294967295,1,10,0.99999934434890747,0,0,0,0.99999944247646821,1.0000006321028152,9.3313979112318476e-10,0.0033924387055321858,-0.0031085864429769572,-8.8203015025101195e-07,-3.3833152403690317e-07,relaxation,9.3313979112318476e-10,3.1414347985876566e-05,6.8598220207713497e-15,0.00048992352094501257,7.51122854580899e-07,0,0,0,1,1,1,-4.6091072262071513e-14,36
106,0.0026749999324238161,0,bent,0,0,4294967295,4294967295,1,10,0.99863028526306152,0,0,0,0.99863034850194421,1.0022403201272281,3.6144462340594247e-06,0.55758434906601906,-0.023712748603429645,1.02208602236351,0.018849708056803794,relaxation,3.6144462340594247e-06,0.015639362774746195,3.5311291854872342e-10,0.1641366183757782,3.0356670322362334e-05,0,0,0,1,1,1,-4.6091072262071513e-14,36
106,0.0026749999324238161,1,held_reference,0,0,4294967295,4294967295,1,10,0.9999992847442627,0,0,0,0.99999929303021406,1.0000006321028152,9.3313979112318476e-10,0.003376294147074077,-0.0023576051298732636,-4.3588858034127043e-07,-3.12518865393941e-07,relaxation,9.3313979112318476e-10,3.1844351503552172e-05,7.1892035275631506e-15,0.00048992352094501257,7.5128042453798116e-07,0,0,0,1,1,1,-4.6091072262071513e-14,36
107,0.0026999999317922629,0,bent,0,0,4294967295,4294967295,1,10,0.99837732315063477,0,0,0,0.99837737207020283,1.0023795965304547,3.569563983327072e-06,0.51908132433891296,-0.025069473427720368,1.0357796590324142,0.018646579872816798,relaxation,3.569563983327072e-06,0.016076836950710209,4.1710210839239906e-10,0.14266830682754517,2.9599646950373426e-05,0,0,0,1,1,1,-4.6091072262071513e-14,36
107,0.0026999999317922629,1,held_reference,0,0,4294967295,4294967295,1,10,0.99999934434890747,0,0,0,0.99999944251520667,1.0000006321028152,9.3313979112318476e-10,0.0033924386834769393,-0.0031126331123232376,-1.8120276763511356e-06,-3.3870335509846004e-07,relaxation,9.3313979112318476e-10,3.1798180693280396e-05,7.1191542249525742e-15,0.00049042236059904099,7.4730678534251638e-07,0,0,0,1,1,1,-4.6091072262071513e-14,36
108,0.0027249999311607098,0,bent,0,0,4294967295,4294967295,1,10,0.99875491857528687,0,0,0,0.99875492932924503,1.002173054333255,3.4937662077487939e-06,0.5636216476559639,-0.025899763684719801,0.95632375130662695,0.017914759775511921,relaxation,3.4937662077487939e-06,0.015729925336715991,3.5155786459181684e-10,0.15744811296463013,3.0248918847064488e-05,0,0,0,1,1,1,-4.6091072262071513e-14,36
108,0.0027249999311607098,1,held_reference,0,0,4294967295,4294967295,1,10,0.99999934434890747,0,0,0,0.99999944255272999,1.0000006321028152,9.3132257461547852e-10,0.0033763066689971311,-0.0023614729580003768,1.2783886518263898e-06,-3.1185609212843725e-07,relaxation,9.3132257461547852e-10,3.1738291022169261e-05,7.0279261411062028e-15,0.00048429789603687823,8.6740499227744294e-07,0,0,0,1,1,1,-4.6091072262071513e-14,36
109,0.0027499999305291567,0,bent,0,0,4294967295,4294967295,1,10,0.99838531017303467,0,0,0,0.9983853186889059,1.0023013295111856,3.4527501675069132e-06,0.44977697730064392,-0.0277327885851264,0.98677948175463825,0.017787167352944611,relaxation,3.4527501675069132e-06,0.015533516121132761,3.7872612516007568e-10,0.13633449375629425,3.0695722671225667e-05,0,0,0,1,1,1,-4.6091072262071513e-14,36
109,0.0027499999305291567,1,held_reference,0,0,4294967295,4294967295,1,10,0.99999934434890747,0,0,0,0.99999944253820416,1.0000006321028152,9.3313979112318476e-10,0.0033924386254966521,-0.0031136104335018899,-1.5362608678515244e-06,-3.3859306249519294e-07,relaxation,9.3313979112318476e-10,3.1899705852854648e-05,7.2455800334764876e-15,0.00049042236059904099,7.513476703024935e-07,0,0,0,1,1,1,-4.6091072262071513e-14,36
110,0.0027749999298976036,0,bent,0,0,4294967295,4294967295,1,10,0.99880576133728027,0,0,0,0.99880573620690527,1.0021358793819384,3.3853650288393097e-06,0.49775254726409912,-0.01398259389679879,0.91360716230701655,0.017166019840538498,relaxation,3.3853650288393097e-06,0.014407710604331395,3.0550789447830638e-10,0.15092964470386505,2.9098548111505806e-05,0,0,0,1,1,1,-4.6091072262071513e-14,36
110,0.0027749999298976036,1,held_reference,0,0,4294967295,4294967295,1,10,0.9999992847442627,0,0,0,0.99999929433729495,1.0000006321028152,9.3132257461547852e-10,0.0033763067172003502,-0.0023637609210709343,1.8065401832245698e-06,-3.1164492116749924e-07,relaxation,9.3132257461547852e-10,3.1635372271918063e-05,7.1250660347617415e-15,0.00048429789603687823,8.5980684616515646e-07,0,0,0,1,1,1,-4.6091072262071513e-14,36
111,0.0027999999292660505,0,bent,0,0,4294967295,4294967295,1,10,0.99835652112960815,0,0,0,0.9983565522160881,1.0023140390257137,3.3500310840109515e-06,0.45635704696178436,-0.015260351996403188,0.92938915878767148,0.017023809821262951,relaxation,3.3500310840109515e-06,0.014353428443440707,3.3862770439398743e-10,0.12903034687042236,2.9122491469024681e-05,0,0,0,1,1,1,-4.6091072262071513e-14,36
111,0.0027999999292660505,1,held_reference,0,0,4294967295,4294967295,1,9,0.9999992847442627,0,0,0,0.99999929577565383,1.0000006321028152,9.3313979112318476e-10,0.0033924386393664463,-0.0031092088229343062,-2.0148754913407174e-06,-3.3878465321413418e-07,relaxation,9.3313979112318476e-10,2.6973375944421865e-05,6.0493994128329535e-15,0.00049042236059904099,7.5967545853927732e-07,0,0,0,1,1,1,-4.6091072262071513e-14,36
112,0.0028249999286344973,0,bent,0,0,4294967295,4294967295,1,10,0.99881547689437866,0,0,0,0.99881545853345266,1.0020394210374115,3.2803577555139001e-06,0.54011634923517704,-0.021714556380175054,0.86903677618829533,0.016344495813867075,relaxation,3.2803577555139001e-06,0.015555215227429288,3.4951384429195007e-10,0.14930765330791473,2.9437076591420919e-05,0,0,0,1,1,1,-4.6091072262071513e-14,36
112,0.0028249999286344973,1,held_reference,0,0,4294967295,4294967295,1,10,0.9999992847442627,0,0,0,0.99999929073048954,1.0000006321028152,9.3132257461547852e-10,0.0033763066940082354,-0.0023657146448385902,1.447714964797342e-06,-3.1178830032831705e-07,relaxation,9.3132257461547852e-10,3.1887680699777077e-05,7.1038703325363353e-15,0.00048429789603687823,8.572168326281826e-07,0,0,0,1,1,1,-4.6091072262071513e-14,36
113,0.0028499999280029442,0,bent,0,0,4294967295,4294967295,1,10,0.99838697910308838,0,0,0,0.99838700654834589,1.0021556632334307,3.2483980631643718e-06,0.41046708077192307,-0.022741477529052645,0.89945905050262809,0.01647594338620454,relaxation,3.2483980631643718e-06,0.015080789905897155,3.4419978982920231e-10,0.12494846433401108,2.8959562769159675e-05,0,0,0,1,1,1,-4.6091072262071513e-14,36
113,0.0028499999280029442,1,held_reference,0,0,4294967295,4294967295,1,9,0.99999934434890747,0,0,0,0.99999944255421491,1.0000006321028152,9.3313979112318476e-10,0.0033924386949593099,-0.0031079901109478669,-1.7376948449054908e-06,-3.3867376228056441e-07,relaxation,9.3313979112318476e-10,2.6741853630712944e-05,5.9720516669508414e-15,0.00049042236059904099,7.6154748285262031e-07,0,0,0,1,1,1,-4.6091072262071513e-14,36
114,0.0028749999273713911,0,bent,0,0,4294967295,4294967295,1,10,0.99888843297958374,0,0,0,0.99888844475054772,1.0019386021902998,3.1830816996026286e-06,0.4412040812894702,-0.021729951957240701,0.83503835636656731,0.015708533818532711,relaxation,3.1830816996026286e-06,0.014848791304736271,3.1981244865558109e-10,0.14467348158359528,2.8992346415179782e-05,0,0,0,1,1,1,-4.6091072262071513e-14,36
114,0.0028749999273713911,1,held_reference,0,0,4294967295,4294967295,1,10,0.99999934434890747,0,0,0,0.99999944255486095,1.0000006321028152,9.3132257461547852e-10,0.0033762941184249939,-0.0023702044163655955,-8.8475488269068592e-07,-3.1269851927982037e-07,relaxation,9.3132257461547852e-10,3.1597027751346539e-05,6.8152720976576768e-15,0.00048429789603687823,8.581366728321882e-07,0,0,0,1,1,1,-4.6091072262071513e-14,36
115,0.002899999926739838,0,bent,0,0,4294967295,4294967295,1,10,0.99839335680007935,0,0,0,0.99839332676128767,1.0020932052681866,3.1544272628798358e-06,0.37627465277910233,-0.023131392837967724,0.8636172185651958,0.0158031178451702,relaxation,3.1544272628798358e-06,0.014810756060625764,3.2985596314301075e-10,0.12508687376976013,2.9135002478142269e-05,0,0,0,1,1,1,-4.6091072262071513e-14,36
115,0.002899999926739838,1,held_reference,0,0,4294967295,4294967295,1,9,0.99999934434890747,0,0,0,0.99999944256503825,1.0000006321028152,9.3313979112318476e-10,0.0033924386103763027,-0.0031077690946403891,-2.6420429435347614e-06,-3.3903553539232719e-07,relaxation,9.3313979112318476e-10,2.6376858965442434e-05,5.8643958743486679e-15,0.00049042236059904099,7.6759522471547825e-07,0,0,0,1,1,1,-4.6091072262071513e-14,36
116,0.0029249999261082849,0,bent,0,0,4294967295,4294967295,1,10,0.99893653392791748,0,0,0,0.99893654305699298,1.0018847180304906,3.0919370312140162e-06,0.36705555906519294,-0.021675280237104744,0.79693224048241973,0.015248283198183867,relaxation,3.0919370312140162e-06,0.014506180745881026,3.0943156936575306e-10,0.14085549116134644,2.8829868824686855e-05,0,0,0,1,1,1,-4.6091072262071513e-14,36
116,0.0029249999261082849,1,held_reference,0,0,4294967295,4294967295,1,10,0.99999934434890747,0,0,0,0.99999944258457329,1.0000006321028152,9.3313979112318476e-10,0.003376306709697019,-0.002373972070927266,1.0116126247794455e-06,-3.1196293672906032e-07,relaxation,9.3313979112318476e-10,3.1396004043871428e-05,6.7000676426626442e-15,0.00048992352094501257,7.432984716615465e-07,0,0,0,1,1,1,-4.6091072262071513e-14,36
117,0.0029499999254767317,0,bent,0,0,4294967295,4294967295,1,10,0.99841010570526123,0,0,0,0.99841010744822956,1.0020413666612062,3.0652607257332741e-06,0.38195750862360001,-0.023683527775574476,0.83096919115632772,0.01517677097018808,relaxation,3.0652607257332741e-06,0.014391526222517149,3.0897637111493096e-10,0.12132491916418076,2.8730832127621397e-05,0,0,0,1,1,1,-4.6091072262071513e-14,36
117,0.0029499999254767317,1,held_reference,0,0,4294967295,4294967295,1,10,0.99999934434890747,0,0,0,0.99999944252147588,1.0000006321028152,9.3313979112318476e-10,0.0033924387199704142,-0.0031159232785284985,-2.4975623205136799e-06,-3.3897776437663672e-07,relaxation,9.3313979112318476e-10,3.1219086719591652e-05,6.8002570944725695e-15,0.00048992352094501257,7.6135131621413166e-07,0,0,0,1,1,1,-4.6091072262071513e-14,36
118,0.0029749999248451786,0,bent,0,0,4294967295,4294967295,1,10,0.99896770715713501,0,0,0,0.99896766706023166,1.0018273360480696,3.004801698605435e-06,0.35275640059262514,-0.019938285346142948,0.7659311038441956,0.014734923526744355,relaxation,3.004801698605435e-06,0.014449765082258722,3.0559940131554321e-10,0.13788178563117981,2.8333577574812807e-05,0,0,0,1,1,1,-4.6091072262071513e-14,36
118,0.0029749999248451786,1,held_reference,0,0,4294967295,4294967295,1,10,0.99999934434890747,0,0,0,0.99999944257760665,1.0000006321028152,9.3313979112318476e-10,0.0033763067099243926,-0.0023685309079155559,1.5376030830793752e-06,-3.1175254051140691e-07,relaxation,9.3313979112318476e-10,3.1604758690306446e-05,6.8594332099258271e-15,0.00048992352094501257,7.5141400657230406e-07,0,0,0,1,1,1,-4.6091072262071513e-14,36
119,0.0029999999242136255,0,bent,0,0,4294967295,4294967295,1,10,0.99840319156646729,0,0,0,0.99840315555563386,1.0019966572170265,2.979935291953468e-06,0.37361384183168411,-0.021373456431319937,0.79411221714690328,0.01471364987333864,relaxation,2.979935291953468e-06,0.01459032542178537,3.1679519135170815e-10,0.11790645867586136,2.8982700314372778e-05,0,0,0,1,1,1,-4.6091072262071513e-14,36
119,0.0029999999242136255,1,held_reference,0,0,4294967295,4294967295,1,10,0.99999934434890747,0,0,0,0.99999944252423201,1.0000006321028152,9.3313979112318476e-10,0.003392426044797503,-0.0031128440787142608,-3.6541019312608114e-06,-3.3941726028672348e-07,relaxation,9.3313979112318476e-10,3.1132177695183654e-05,6.6744540832768212e-15,0.00048992352094501257,7.6152770134285674e-07,0,0,0,1,1,1,-4.6091072262071513e-14,36
120,0.0030249999235820724,0,bent,0,0,4294967295,4294967295,1,10,0.99898612499237061,0,0,0,0.99898612440534162,1.0017888713444998,2.921114338198711e-06,0.37099645100533962,-0.021749565494246781,0.7383000417612493,0.014153057672197,relaxation,2.921114338198711e-06,0.014567993232115311,3.0387763902651489e-10,0.13364805281162262,2.8234195269760676e-05,0,0,0,1,1,1,-4.6091072262071513e-14,36
120,0.0030249999235820724,1,held_reference,0,0,4294967295,4294967295,1,10,0.99999934434890747,0,0,0,0.99999944258354356,1.0000006321028152,9.3313979112318476e-10,0.0033763067422114545,-0.0023660930764890509,7.3215744578192243e-08,-3.1233813865446834e-07,relaxation,9.3313979112318476e-10,3.1526425510259056e-05,6.8500878142720159e-15,0.00048992352094501257,7.5015140055256779e-07,0,0,0,1,1,1,-4.6091072262071513e-14,36
121,0.0030499999229505192,0,bent,0,0,4294967295,4294967295,1,10,0.99839609861373901,0,0,0,0.99839605647155705,1.0019508897060412,2.9002443978530471e-06,0.32750151306390762,-0.021430833206977695,0.76329741068184376,0.014144784054510294,relaxation,2.9002443978530471e-06,0.014593352616549354,3.0769401941442501e-10,0.11478102207183838,2.9082197215757333e-05,0,0,0,1,1,1,-4.6091072262071513e-14,36
121,0.0030499999229505192,1,held_reference,0,0,4294967295,4294967295,1,10,0.99999934434890747,0,0,0,0.99999944252657103,1.0000006321028152,9.3313979112318476e-10,0.0033924512558769493,-0.0031084464317245875,-3.2980649677938345e-06,-3.3932442993773336e-07,relaxation,9.3313979112318476e-10,3.1105243324873848e-05,6.7374284310408458e-15,0.00048992352094501257,7.6221652989261202e-07,0,0,0,1,1,1,-4.6091072262071513e-14,36
122,0.0030749999223189661,0,bent,0,0,4294967295,4294967295,1,10,0.99898910522460938,0,0,0,0.99898922209127528,1.001738979310947,2.8422918797856707e-06,0.38100638519972563,-0.022634454071521759,0.7117777353269048,0.013728390206520443,relaxation,2.8422918797856707e-06,0.01472288228811839,3.0718876507149832e-10,0.13085472583770752,2.7992124159936793e-05,0,0,0,1,1,1,-4.6091072262071513e-14,36
122,0.0030749999223189661,1,held_reference,0,0,4294967295,4294967295,1,10,0.99999934434890747,0,0,0,0.99999944258904616,1.0000006321028152,9.3132257461547852e-10,0.0033763193159757066,-0.0023633451819478069,-3.3773790164559614e-07,-3.1252915215873196e-07,relaxation,9.3132257461547852e-10,3.1556583839650807e-05,6.8792248336421224e-15,0.00048429789603687823,8.5737690369569464e-07,0,0,0,1,1,1,-4.6091072262071513e-14,36
123,0.003099999921687413,0,bent,0,0,4294967295,4294967295,1,10,0.99842387437820435,0,0,0,0.99842388785365332,1.0018616508374574,2.8239657943251825e-06,0.30064208805561066,-0.024613726127427071,0.73642683714570012,0.013659208061560985,relaxation,2.8239657943251825e-06,0.014173998315353681,2.8087634384009903e-10,0.11010707914829254,2.8326496249064803e-05,0,0,0,1,1,1,-4.6091072262071513e-14,36
123,0.003099999921687413,1,held_reference,0,0,4294967295,4294967295,1,9,0.99999934434890747,0,0,0,0.99999944260785467,1.0000006321028152,9.3313979112318476e-10,0.0033924575395758438,-0.0031020023725432111,-5.9076701006688381e-06,-3.4038142877579999e-07,relaxation,9.3313979112318476e-10,2.6581198020687736e-05,5.9228548022816858e-15,0.00049042236059904099,7.6229571277508512e-07,0,0,0,1,1,1,-4.6091072262071513e-14,36
124,0.0031249999210558599,0,bent,0,0,4294967295,4294967295,1,10,0.99898076057434082,0,0,0,0.99898078168368376,1.0016498160034744,2.7677513408497914e-06,0.32971464609727263,-0.02178791502956301,0.69085537039063638,0.013205377680192235,relaxation,2.7677513408497914e-06,0.014306606469260056,3.028965765311914e-10,0.13050302863121033,2.7920756110688671e-05,0,0,0,1,1,1,-4.6091072262071513e-14,36
124,0.0031249999210558599,1,held_reference,0,0,4294967295,4294967295,1,10,0.99999934434890747,0,0,0,0.99999944262211893,1.0000006321028152,9.3132257461547852e-10,0.0033763256415113574,-0.0023654617089050589,-2.1473678373240546e-06,-3.1326626146665204e-07,relaxation,9.3132257461547852e-10,3.1602253939698493e-05,6.8524892453048091e-15,0.00048429789603687823,8.5812706629440072e-07,0,0,0,1,1,1,-4.6091072262071513e-14,36
125,0.0031499999204243068,0,bent,0,0,4294967295,4294967295,1,10,0.99845194816589355,0,0,0,0.99845193464722581,1.0018052491923153,2.7501502039981045e-06,0.27574402093887329,-0.024822052859235555,0.7149120211834088,0.013215629044979811,relaxation,2.7501502039981045e-06,0.0143085806144841,2.9104590528698065e-10,0.11183474212884903,2.8155704058008268e-05,0,0,0,1,1,1,-4.6091072262071513e-14,36
125,0.0031499999204243068,1,held_reference,0,0,4294967295,4294967295,1,9,0.99999934434890747,0,0,0,0.99999944263727836,1.0000006321028152,9.3313979112318476e-10,0.0033924575178616578,-0.0031044409734022338,-4.9566223765395989e-06,-3.4000097873115495e-07,relaxation,9.3313979112318476e-10,2.6341684435053898e-05,5.8756447674740627e-15,0.00049042236059904099,7.6361641276889713e-07,0,0,0,1,1,1,-4.6091072262071513e-14,36
126,0.0031749999197927536,0,bent,0,0,4294967295,4294967295,1,10,0.99896097183227539,0,0,0,0.99896100027876178,1.0016106102720248,2.6956230259064841e-06,0.24297155253589153,-0.021483178716152906,0.67567502334713936,0.012868627118336039,relaxation,2.6956230259064841e-06,0.014024523735148817,2.9230167961424469e-10,0.1261720210313797,2.7592253900365904e-05,0,0,0,1,1,1,-4.6091072262071513e-14,36
126,0.0031749999197927536,1,held_reference,0,0,4294967295,4294967295,1,10,0.99999934434890747,0,0,0,0.99999944251490347,1.0000006321028152,9.3313979112318476e-10,0.0033763256162728794,-0.002371455118918675,-1.5385815572699357e-06,-3.1302259163999285e-07,relaxation,9.3313979112318476e-10,3.1605564875656484e-05,6.8303676225942624e-15,0.00048992352094501257,7.5467045235200203e-07,0,0,0,1,1,1,-4.6091072262071513e-14,36
127,0.0031999999191612005,0,bent,0,0,4294967295,4294967295,1,10,0.99844080209732056,0,0,0,0.99844080221799891,1.0017859726314238,2.6788110045038056e-06,0.2606041431427002,-0.022824164771009237,0.6946829262888059,0.012956341911643743,relaxation,2.6788110045038056e-06,0.014119723056119573,2.9065641832950868e-10,0.11034560203552246,2.83727149508195e-05,0,0,0,1,1,1,-4.6091072262071513e-14,36
127,0.0031999999191612005,1,held_reference,0,0,4294967295,4294967295,1,10,0.99999934434890747,0,0,0,0.99999944248465056,1.0000006321028152,9.3313979112318476e-10,0.0033923630716117259,-0.0031182714574242709,1.6254420813766046e-06,-3.3962868926880732e-07,relaxation,9.3313979112318476e-10,3.1312475927574173e-05,6.8107458929799493e-15,0.00048992352094501257,7.6058421427660505e-07,0,0,0,1,1,1,-4.6091072262071513e-14,36
128,0.0032249999185296474,0,bent,0,0,4294967295,4294967295,1,10,0.99896663427352905,0,0,0,0.99896671612230015,1.0015798244760992,2.6256406011279156e-06,0.2427852638065815,-0.017218576336745173,0.65289229131303728,0.012380250890891998,relaxation,2.6256406011279156e-06,0.014322894427795196,2.9879136652535609e-10,0.12392179667949677,2.746360951277893e-05,0,0,0,1,1,1,-4.6091072262071513e-14,36
128,0.0032249999185296474,1,held_reference,0,0,4294967295,4294967295,1,10,0.99999934434890747,0,0,0,0.99999944250135531,1.0000006321028152,9.3313979112318476e-10,0.0033763193187041907,-0.0023725404698780039,-1.6084101162050501e-08,-3.1240056139404294e-07,relaxation,9.3313979112318476e-10,3.137937423233191e-05,6.824807692298064e-15,0.00048992352094501257,7.4476986355875852e-07,0,0,0,1,1,1,-4.6091072262071513e-14,36
129,0.0032499999178980943,0,bent,0,0,4294967295,4294967295,1,10,0.99847167730331421,0,0,0,0.99847173885710416,1.0017420337382845,2.6110277275194747e-06,0.26230975985527039,-0.018535015697125345,0.67583744483999908,0.012495538107335565,relaxation,2.6110277275194747e-06,0.014169399660498978,2.8392122052120071e-10,0.10814335197210312,2.8013568226015195e-05,0,0,0,1,1,1,-4.6091072262071513e-14,36
129,0.0032499999178980943,1,held_reference,0,0,4294967295,4294967295,1,10,0.99999934434890747,0,0,0,0.99999944247341921,1.0000006321028152,9.3313979112318476e-10,0.0033924449986670879,-0.0031174500491033541,-6.3614177463477972e-06,-3.4053989261258279e-07,relaxation,9.3313979112318476e-10,3.1454189443436687e-05,6.7310334093152729e-15,0.00048992352094501257,7.585372259200085e-07,0,0,0,1,1,1,-4.6091072262071513e-14,36
130,0.0032749999172665412,0,bent,0,0,4294967295,4294967295,1,10,0.99898111820220947,0,0,0,0.99898123687886919,1.0015301807901282,2.5604539023888916e-06,0.23712839744985104,-0.014461242011748254,0.62857356341555715,0.012106014180907976,relaxation,2.5604539023888916e-06,0.014128700929672007,2.8544498285236205e-10,0.1203785240650177,2.7265088647254743e-05,0,0,0,1,1,1,-4.6091072262071513e-14,36
130,0.0032749999172665412,1,held_reference,0,0,4294967295,4294967295,1,10,0.99999934434890747,0,0,0,0.99999944250218309,1.0000006321028152,9.3313979112318476e-10,0.0033762311566079006,-0.0023690846828685608,4.0852403060398501e-06,-3.1303355359818898e-07,relaxation,9.3313979112318476e-10,3.1426616080100747e-05,6.9289088141785988e-15,0.00048992352094501257,7.5167213253735099e-07,0,0,0,1,1,1,-4.6091072262071513e-14,36
131,0.003299999916634988,0,bent,0,0,4294967295,4294967295,1,10,0.99848395586013794,0,0,0,0.99848400720464248,1.0016978382872248,2.5477658159412854e-06,0.2380204051733017,-0.016126667556818575,0.65028062323108315,0.012055020372048017,relaxation,2.5477658159412854e-06,0.014091729728534791,2.7904310488407728e-10,0.10126373916864395,2.7727037377189845e-05,0,0,0,1,1,1,-4.6091072262071513e-14,36
131,0.003299999916634988,1,held_reference,0,0,4294967295,4294967295,1,10,0.99999934434890747,0,0,0,0.99999944248572814,1.0000006321028152,9.3313979112318476e-10,0.0033924575973287574,-0.0031160823200480081,-3.2049593698957324e-06,-3.3930039912365876e-07,relaxation,9.3313979112318476e-10,3.1396999466176341e-05,6.7266449331462351e-15,0.00048992352094501257,7.6697693884852924e-07,0,0,0,1,1,1,-4.6091072262071513e-14,36
132,0.0033249999160034349,0,bent,0,0,4294967295,4294967295,1,10,0.99899411201477051,0,0,0,0.99899415326186425,1.0014731838874977,2.4962678101667923e-06,0.25142721831798553,-0.01607935520587489,0.60994560783728957,0.011703609122827648,relaxation,2.4962678101667923e-06,0.01463597234207221,3.032076855357058e-10,0.11782999336719513,2.7566817152546719e-05,0,0,0,1,1,1,-4.6091072262071513e-14,36
132,0.0033249999160034349,1,held_reference,0,0,4294967295,4294967295,1,10,0.99999934434890747,0,0,0,0.99999944250242667,1.0000006321028152,9.3313979112318476e-10,0.0033763129356429999,-0.0023707823056611232,-3.3772998335734883e-06,-3.1373517570523298e-07,relaxation,9.3313979112318476e-10,3.1122397750459174e-05,6.7366675941352762e-15,0.00048992352094501257,7.4430323593333014e-07,0,0,0,1,1,1,-4.6091072262071513e-14,36
133,0.0033499999153718818,0,bent,0,0,4294967295,4294967295,1,10,0.99849146604537964,0,0,0,0.99849146104945297,1.0016409424305157,2.4839428366078868e-06,0.23581056296825409,-0.019061617436818779,0.63869919371791184,0.011841091730579732,relaxation,2.4839428366078868e-06,0.014577382329376798,2.9139483453245962e-10,0.10371432453393936,2.7643485736916773e-05,0,0,0,1,1,1,-4.6091072262071513e-14,36
133,0.0033499999153718818,1,held_reference,0,0,4294967295,4294967295,1,10,0.99999934434890747,0,0,0,0.99999944248142814,1.0000006321028152,9.3313979112318476e-10,0.003392457535937865,-0.0031131106061366154,-4.7870746868738934e-06,-3.3993325387018595e-07,relaxation,9.3313979112318476e-10,3.1524824919116907e-05,6.8325516739839202e-15,0.00048992352094501257,7.5541458954830887e-07,0,0,0,1,1,1,-4.6091072262071513e-14,36
134,0.0033749999147403287,0,bent,0,0,4294967295,4294967295,1,10,0.99900460243225098,0,0,0,0.99900460572654326,1.0014312296577395,2.4326605501262963e-06,0.19758298620581627,-0.016440443752799183,0.58955251809675246,0.011324308399084958,relaxation,2.4326605501262963e-06,0.014144618145799029,2.9791037671028921e-10,0.11776183545589447,2.7364825655240566e-05,0,0,0,1,1,1,-4.6091072262071513e-14,36
134,0.0033749999147403287,1,held_reference,0,0,4294967295,4294967295,1,10,0.99999934434890747,0,0,0,0.99999944250074879,1.0000006321028152,9.3132257461547852e-10,0.0033763256990368973,-0.0023705626390437828,-1.6474496078444645e-06,-3.1306612552703016e-07,relaxation,9.3132257461547852e-10,3.0956765192688021e-05,6.6344324098526238e-15,0.00049042236059904099,7.4981790021411143e-07,0,0,0,1,1,1,-4.6091072262071513e-14,36
135,0.0033999999141087756,0,bent,0,0,4294967295,4294967295,1,10,0.99852395057678223,0,0,0,0.9985239738961883,1.0016185587291928,2.4226036220734637e-06,0.17629076540470123,-0.01985069690272212,0.62213183962740004,0.011542136577382681,relaxation,2.4226036220734637e-06,0.014059269512506897,2.8856552576565134e-10,0.097957856953144073,2.7311241865390912e-05,0,0,0,1,1,1,-4.6091072262071513e-14,36
135,0.0033999999141087756,1,held_reference,0,0,4294967295,4294967295,1,10,0.99999934434890747,0,0,0,0.99999944247449413,1.0000006321028152,9.3132257461547852e-10,0.0033924575063792872,-0.0031172085236903513,-4.3218276459811023e-06,-3.3974709824678974e-07,relaxation,9.3132257461547852e-10,3.1485903250813331e-05,6.7658788751211024e-15,0.00048429789603687823,8.7487364908156451e-07,0,0,0,1,1,1,-4.6091072262071513e-14,36
136,0.0034249999134772224,0,bent,0,0,4294967295,4294967295,1,10,0.9990159273147583,0,0,0,0.99901581726665289,1.0013921717188765,2.3725635736480321e-06,0.20935088023543358,-0.017096871277317405,0.57650783192366362,0.011046114524293691,relaxation,2.3725635736480321e-06,0.01472226403865382,3.0505745582986436e-10,0.1162475124001503,2.7382948246668093e-05,0,0,0,1,1,1,-4.6091072262071513e-14,36
136,0.0034249999134772224,1,held_reference,0,0,4294967295,4294967295,1,9,0.99999934434890747,0,0,0,0.99999944253650552,1.0000006321028152,9.3313979112318476e-10,0.0033762186631065561,-0.0023964463543961756,2.4046548219303077e-06,-3.1368266606341473e-07,relaxation,9.3313979112318476e-10,2.6641637494841839e-05,5.8098255713670178e-15,0.00049042236059904099,7.5222163786747842e-07,0,0,0,1,1,1,-4.6091072262071513e-14,36
137,0.0034499999128456693,0,bent,0,0,4294967295,4294967295,1,10,0.99854028224945068,0,0,0,0.99854032082725164,1.0015684969578398,2.3627585145435264e-06,0.1581481471657753,-0.018892023334046826,0.60978121892549098,0.01119943352601677,relaxation,2.3627585145435264e-06,0.014695991376913476,2.9627877960789858e-10,0.096135027706623077,2.761281757557299e-05,0,0,0,1,1,1,-4.6091072262071513e-14,36
137,0.0034499999128456693,1,held_reference,0,0,4294967295,4294967295,1,10,0.99999934434890747,0,0,0,0.99999944244540206,1.0000006321028152,9.3313979112318476e-10,0.0033924386182206945,-0.0031091823566384846,-2.3735307763672608e-07,-3.3807343564853959e-07,relaxation,9.3313979112318476e-10,3.1329681664951818e-05,6.7380314546969016e-15,0.00048992352094501257,7.671102935091767e-07,0,0,0,1,1,1,-4.6091072262071513e-14,36
138,0.0034749999122141162,0,bent,0,0,4294967295,4294967295,1,10,0.99902158975601196,0,0,0,0.99902151940437534,1.001365170398107,2.314221441308962e-06,0.13198495283722878,-0.016893015359528363,0.55910360136476811,0.01086056886095926,relaxation,2.314221441308962e-06,0.014494603756019705,2.9250320682041146e-10,0.11370988935232162,2.7037442123400979e-05,0,0,0,1,1,1,-4.6091072262071513e-14,36
138,0.0034749999122141162,1,held_reference,0,0,4294967295,4294967295,1,10,0.99999934434890747,0,0,0,0.99999944244472694,1.0000006321028152,9.3313979112318476e-10,0.0033763192859623814,-0.0023623044799023774,1.4184813892370585e-06,-3.1182673508055884e-07,relaxation,9.3313979112318476e-10,3.122759028932687e-05,6.7210715000794776e-15,0.00048992352094501257,7.5419262657305808e-07,0,0,0,1,1,1,-4.6091072262071513e-14,36
139,0.0034999999115825631,0,bent,0,0,4294967295,4294967295,1,10,0.99856942892074585,0,0,0,0.99856945495953475,1.0015409924773726,2.3064853825019885e-06,0.14739725738763809,-0.019587032322306186,0.59023785404860973,0.010930225449316201,relaxation,2.3064853825019885e-06,0.014211079579821935,2.8074620531572521e-10,0.095633603632450104,2.7110632800031453e-05,0,0,0,1,1,1,-4.6091072262071513e-14,36
139,0.0034999999115825631,1,held_reference,0,0,4294967295,4294967295,1,10,0.99999934434890747,0,0,0,0.99999944240913319,1.0000006321028152,9.3313979112318476e-10,0.0033924576337085455,-0.0031091181372175924,-2.9257767266699375e-06,-3.391887537304686e-07,relaxation,9.3313979112318476e-10,3.1480878163697389e-05,6.6915148897639094e-15,0.00048992352094501257,7.6320031894283602e-07,0,0,0,1,1,1,-4.6091072262071513e-14,36
140,0.00352499991095101,0,bent,0,0,4294967295,4294967295,1,10,0.99903005361557007,0,0,0,0.99903011078212167,1.0013278896530533,2.2598167262903869e-06,0.19394431635737419,-0.019268928095698357,0.54338971828110516,0.010447979467872529,relaxation,2.2598167262903869e-06,0.014238785125996238,2.8661004308831902e-10,0.11028361320495605,2.6801528292708099e-05,0,0,0,1,1,1,-4.6091072262071513e-14,36
140,0.00352499991095101,1,held_reference,0,0,4294967295,4294967295,1,10,0.99999934434890747,0,0,0,0.99999944244332395,1.0000006321028152,9.3313979112318476e-10,0.0033763129422368365,-0.002362063087275601,-3.0856019748171093e-06,-3.1361842794422123e-07,relaxation,9.3313979112318476e-10,3.156578962041025e-05,6.8942373150232417e-15,0.00048992352094501257,7.5444654612510931e-07,0,0,0,1,1,1,-4.6091072262071513e-14,36
141,0.0035499999103194568,0,bent,0,0,4294967295,4294967295,1,10,0.99857372045516968,0,0,0,0.99857377876492359,1.0015019573435862,2.2536252712413927e-06,0.16822505742311478,-0.021144979982636869,0.57490275311283767,0.010606962137557564,relaxation,2.2536252712413927e-06,0.014013734200136308,2.7131807699028098e-10,0.090025827288627625,2.7074032914242707e-05,0,0,0,1,1,1,-4.6091072262071513e-14,36
141,0.0035499999103194568,1,held_reference,0,0,4294967295,4294967295,1,10,0.99999934434890747,0,0,0,0.99999943526577606,1.0000006321028152,9.3313979112318476e-10,0.0033924575791388634,-0.0031064910363056697,-4.7370109541589045e-06,-3.399132503268452e-07,relaxation,9.3313979112318476e-10,3.1103506837643134e-05,6.6474580019152223e-15,0.00048992352094501257,7.7215202054503607e-07,0,0,0,1,1,1,-4.6091072262071513e-14,36
142,0.0035749999096879037,0,bent,0,0,4294967295,4294967295,1,10,0.99901747703552246,0,0,0,0.99901757043930983,1.0013060360456718,2.2081702570544726e-06,0.10575057566165924,-0.018010604078881443,0.53674798156134784,0.010321602866932747,relaxation,2.2081702570544726e-06,0.014000915472499089,2.8061252991058113e-10,0.10951384902000427,2.6856079784920439e-05,0,0,0,1,1,1,-4.6091072262071513e-14,36
142,0.0035749999096879037,1,held_reference,0,0,4294967295,4294967295,1,10,0.99999934434890747,0,0,0,0.99999944240011407,1.0000006321028152,9.3132257461547852e-10,0.003376325596946117,-0.0023618530849489616,-1.6992543407923222e-06,-3.1308686501824929e-07,relaxation,9.3132257461547852e-10,3.145308287847091e-05,6.8589497016136e-15,0.00048429789603687823,8.5407941696757916e-07,0,0,0,1,1,1,-4.6091072262071513e-14,36
143,0.0035999999090563506,0,bent,0,0,4294967295,4294967295,1,10,0.99859291315078735,0,0,0,0.99859284223400646,1.0014831974218259,2.202958588087911e-06,0.1605897955596447,-0.0184375568642281,0.55651737935841084,0.010331369215290995,relaxation,2.202958588087911e-06,0.014057646475109186,2.7742847573526262e-10,0.090298376977443695,2.7158599550602958e-05,0,0,0,1,1,1,-4.6091072262071513e-14,36
143,0.0035999999090563506,1,held_reference,0,0,4294967295,4294967295,1,9,0.99999934434890747,0,0,0,0.99999944240172101,1.0000006321028152,9.3313979112318476e-10,0.0033923883202078287,-0.0031030927821120713,1.5950668341702112e-06,-3.3969384337478959e-07,relaxation,9.3313979112318476e-10,2.6601207434703351e-05,5.9437223287296829e-15,0.00049042236059904099,7.6048371511205914e-07,0,0,0,1,1,1,-4.6091072262071513e-14,36
