time_s,lung_volume_ml,airflow_ml_s,alveolar_pa,pleural_pa,diaphragm_mm,rib_mm,PaO2_mmhg,PaCO2_mmhg,SaO2,oxygen_balance_error_stpd_ml,co2_balance_error_stpd_ml,breaths,tidal_ml,lv_mmhg,rv_mmhg,aorta_mmhg,pulmonary_artery_mmhg,lv_ml,rv_ml,blood_ml,blood_error_ml,aortic_ejected_ml,pulmonary_ejected_ml,complete_filling_ejection_cycles,last_lv_stroke_ml
0.0320000015199,2501.94966793,144.204095704,-19.2256355286,-510.514160156,0.0724901929498,0.00229107681662,99.999961853,40.0000152588,0.972220242023,0.000116415321827,0.000232830643654,0,0,7.01906240117,0.968647712069,82.9146486242,13.1435573448,161.774703884,141.845215694,5149.99963343,0.000931322574615,0,0,0,0
0.0640000030398,2509.26287845,295.484322123,-39.3946762085,-534.269104004,0.360934972763,0.00399388093501,100.000053406,40.0000114441,0.972220301628,0.000116415321827,0.000232830643654,0,0,7.28122228972,1.19429222804,81.0829381924,12.5380135535,164.315031725,146.197897266,5149.99963343,0.000931322574615,0,0,0,0
0.0960000045598,2520.7453873,410.064822063,-54.6708221436,-555.175476074,0.787905812263,0.0174625050277,100.000236511,40.0000190735,0.972220420837,0.000116415321827,0.000232830643654,0,0,7.51204659799,1.42603431337,79.3712009887,12.0133311978,166.551719303,150.668201968,5149.99963343,0.00139698386192,0,0,0,0
0.12800000608,2535.42303108,497.765431646,-66.3632736206,-574.064819336,1.29368007183,0.0513507053256,100.000144958,40.0000114441,0.972220361233,0.000116415321827,0.000232830643654,0,0,10.1017307847,2.29766329567,77.7106569525,11.5623502661,167.785052327,153.882661834,5149.99963343,0.00139698386192,0,0,0,0
0.1600000076,2552.52514035,563.834153581,-75.1717147827,-591.259033203,1.85257220268,0.103516429663,99.9998703003,40.0000038147,0.972220122814,0.000116415321827,0.000232830643654,0,0,27.7938411666,7.36609406435,76.0894764994,11.186474377,167.785052327,153.912580572,5149.99963343,0.00139698386192,0,0,0,0
0.19200000912,2571.44425996,613.068754319,-81.7357940674,-607.09979248,2.45004677773,0.169885680079,100.000144958,40.0000190735,0.972220361233,0.000116415321827,0.000232830643654,0,0,60.3892740267,15.5825969928,74.5049787453,12.5369862475,167.785052327,148.083403474,5149.99963343,0.00139698386192,0,5.82918937653,0,0
0.224000010639,2591.70751087,649.202789646,-86.5532684326,-621.852966309,3.07559418678,0.246961832047,100.000144958,40.0000152588,0.972220361233,0.000116415321827,0.000232830643654,0,0,92.1186146673,21.2529050225,87.159894596,17.4982150697,155.690446263,128.344705445,5149.99916777,0.00139698386192,12.0946151583,25.5678878602,0,0
0.256000012159,2612.94399388,674.915034324,-89.9812850952,-635.693908691,3.72093772888,0.332007229328,100.000053406,40.0000114441,0.972220301628,0.000116415321827,0.000232830643654,0,0,105.92497026,24.1341577926,101.832278316,21.2729384055,134.4683551,110.679815407,5150.00056475,0.00139698386192,33.3166863129,43.232794269,0,0
0.288000013679,2634.85615142,692.230416462,-92.2898101807,-648.746704102,4.37928199768,0.422900259495,99.9998703003,40.0000038147,0.972220122814,0.000116415321827,0.000232830643654,0,0,111.628214343,25.1764998327,108.915672322,23.2258324917,119.190379337,98.0905242614,5149.99963343,0.00139698386192,48.5946475237,55.8220817766,0,0
0.320000015199,2657.20230527,702.682242263,-93.6832733154,-661.097167969,5.04484701157,0.518020510674,99.9995498657,39.9999809265,0.972219884396,0.000116415321827,0.000232830643654,0,0,113.385226259,25.1129936427,111.723048788,23.8458455495,109.479879029,89.7221107152,5150.00009909,0.00139698386192,58.3051732974,64.1904844088,0,0
0.352000016719,2679.78059128,707.294791937,-94.2982330322,-672.78302002,5.7126660347,0.616067409515,99.9996414185,39.9999847412,0.972220003605,0.000116415321827,0.000232830643654,0,0,112.945883551,24.3867926682,112.027915125,23.6160805934,103.779704659,84.4368769322,5150.00009909,0.00139698386192,64.0053549432,69.4757472957,0,0
0.384000018239,2702.42081024,706.971506588,-94.2551345825,-683.841186523,6.3784031868,0.716013967991,99.9996414185,39.9999847412,0.972220003605,0.000116415321827,0.000232830643654,0,0,110.934121717,23.2445840311,110.583856146,22.8548688102,101.006742625,81.4427621663,5149.99963343,0.00139698386192,66.7783388053,72.4698475096,0,0
0.416000019759,2724.97558035,702.364312019,-93.6408920288,-694.286254883,7.03821372986,0.817008435726,99.9995498657,39.9999809265,0.972219884396,0.000116415321827,0.000232830643654,0,0,100.20427113,20.4786312539,107.666065342,21.605664695,100.685698271,80.7880787761,5150.00103042,0.00139698386192,67.0993758831,73.1245163479,1,67.0993758831
0.448000021279,2747.31754325,693.967507686,-92.5214080811,-704.121704102,7.6886548996,0.918354511261,99.9997329712,39.9999885559,0.97222006321,0.000116415321827,0.000232830643654,0,0,68.0834847798,13.1578086979,105.242135882,20.3912644625,100.685698271,80.7880787761,5150.00056475,0.00139698386192,67.0993758831,73.1245163479,1,67.0993758831
0.480000022799,2769.33331043,682.22254049,-90.9555435181,-713.350891113,8.32663536072,1.01945638657,99.9997329712,39.9999961853,0.97222006321,0.000116415321827,0.000232830643654,0,0,29.6336381997,4.39449284328,102.991394469,19.3713455278,100.685698271,80.7880787761,5150.00009909,0.00139698386192,67.0993758831,73.1245163479,1,67.0993758831
0.512000024319,2790.92229903,667.535932735,-88.9974899292,-721.978637695,8.94937992096,1.11979711056,99.9998245239,39.9999885559,0.972220122814,0.000116415321827,0.000232830643654,0,0,5.07648532395,-0.758181196126,100.810934703,18.5102964469,105.946433905,89.6454585018,5150.00009909,0.00139698386192,67.0993758831,73.1245163479,1,67.0993758831
0.544000025839,2811.99486926,650.17392626,-86.6827392578,-729.996520996,9.55439662933,1.21891367435,99.999961853,40.0000038147,0.972220242023,0.000116415321827,0.000232830643654,0,0,3.28243659914,-1.16842874615,98.6828840258,17.6675978716,125.566803035,100.621015008,5150.00103042,0.00139698386192,67.0993758831,73.1245163479,1,67.0993758831
0.576000027359,2832.4695304,630.397058558,-84.046043396,-737.399169922,10.1394720078,1.31637907028,99.999961853,40.0000114441,0.972220242023,0.000116415321827,0.000232830643654,0,0,4.64177190204,-0.865206831848,96.6028182445,16.7727282652,138.738760143,106.47016461,5150.00149608,0.00139698386192,67.0993758831,73.1245163479,1,67.0993758831
0.608000028878,2852.27433778,608.447182458,-81.1196365356,-744.18371582,10.702624321,1.41181075573,99.999961853,40.0000114441,0.972220242023,0.000116415321827,0.000232830643654,0,0,5.58328825165,-0.647892524735,94.5686278114,15.885558876,147.862054291,110.662156658,5150.00009909,0.00139698386192,67.0993758831,73.1245163479,1,67.0993758831
0.640000030398,2871.34386599,584.607827477,-77.9413146973,-750.355773926,11.24214077,1.50483977795,99.9998703003,40.0000038147,0.972220122814,0.000116415321827,0.000232830643654,0,0,6.25131138484,-0.464647386428,92.5791700545,15.0458222747,154.335197294,114.19695511,5150.00009909,0.00139698386192,67.0993758831,73.1245163479,1,67.0993758831
0.672000031918,2889.61990736,558.999890927,-74.5271987915,-755.903015137,11.7565450668,1.59510719776,99.999961853,40.0000038147,0.972220242023,0.000116415321827,0.000232830643654,0,0,6.73646534899,-0.298045669964,90.63337555,14.2731160176,159.036339028,117.410701932,5150.00103042,0.00139698386192,67.0993758831,73.1245163479,1,67.0993758831
0.704000033438,2907.05100633,531.887577381,-70.9125213623,-760.835327148,12.2446069717,1.68226420879,99.999961853,40.0000038147,0.972220242023,0.000116415321827,0.000232830643654,0,0,7.097444843,-0.141346266173,88.7302554474,13.5749663573,162.534226547,120.43343304,5150.00056475,0.00139698386192,67.0993758831,73.1245163479,1,67.0993758831
0.736000034958,2923.59152809,503.46122589,-67.1226577759,-765.155822754,12.7053489685,1.76596701145,99.999961853,40.0000038147,0.972220242023,0.000116415321827,0.000232830643654,0,0,7.37256462728,0.00824917624691,86.8688868191,12.9518658878,165.200137417,123.319128761,5150.00056475,0.00139698386192,67.0993758831,73.1245163479,1,67.0993758831
0.768000036478,2939.20258991,473.871361464,-63.1776618958,-768.865478516,13.1379909515,1.84588062763,99.9998703003,40,0.972220122814,0.000116415321827,0.000232830643654,0,0,7.58706648961,0.151990274103,85.048427311,12.4004342048,167.278660228,126.091894344,5150.00056475,0.00139698386192,67.0993758831,73.1245163479,1,67.0993758831
0.800000037998,2953.84973288,443.312543212,-59.1034889221,-771.973266602,13.542011261,1.92165827751,99.9998245239,39.9999961853,0.972220122814,0.000116415321827,0.000232830643654,0,0,7.75779110695,0.290506570288,83.2679320213,11.9153031307,168.932980159,128.763873363,5150.00056475,0.00139698386192,67.0993758831,73.1245163479,1,67.0993758831
0.832000039518,2967.50548296,412.008637795,-54.929977417,-774.495605469,13.917098999,1.99296998978,99.999961853,40.0000038147,0.972220242023,0.000116415321827,0.000232830643654,0,0,7.89612399651,0.424172233277,81.5265512707,11.4902712897,170.273429831,131.342283566,5150.00009909,0.00139698386192,67.0993758831,73.1245163479,1,67.0993758831
0.864000041038,2980.14655709,379.99037886,-50.6612243652,-776.425170898,14.2631120682,2.0594792366,99.999961853,40.0000114441,0.972220242023,0.000116415321827,0.000232830643654,0,0,8.01012291817,0.553809502738,79.8234939788,11.1190173621,171.378080267,133.842986543,5150.00056475,0.00139698386192,67.0993758831,73.1245163479,1,67.0993758831
0.896000042558,2991.75432883,347.463297658,-46.3246383667,-777.780273438,14.5801610947,2.12084007263,100.000053406,40.0000038147,0.972220301628,0.000116415321827,0.000232830643654,0,0,8.11962165349,0.72271436009,78.1580056891,10.7966968951,172.439118614,137.101160362,5150.00056475,0.00139698386192,67.0993758831,73.1245163479,1,67.0993758831
0.928000044078,3002.31506117,314.575416269,-41.9399452209,-778.573852539,14.8684597015,2.17672538757,99.9998245239,40,0.972220122814,0.000116415321827,0.000232830643654,0,0,8.23775360488,0.953379925771,76.5292660217,10.5215418601,173.583815922,141.550699482,5150.00056475,0.00139698386192,67.0993758831,73.1245163479,1,67.0993758831
0.960000045598,3011.81920804,281.463231659,-37.525352478,-778.819458008,15.1283941269,2.226821661,99.9998245239,39.9999961853,0.972220122814,0.000116415321827,0.000232830643654,0,0,8.35556509539,1.18287168904,74.9364692464,10.2902689066,174.725413672,145.977595821,5150.00009909,0.00139698386192,67.0993758831,73.1245163479,1,67.0993758831
0.992000047117,3020.25978453,248.167634709,-33.0863037109,-778.519104004,15.360490799,2.27079463005,99.9997329712,39.9999885559,0.97222006321,0.000116415321827,0.000232830643654,0,0,13.5619116967,2.63388810243,73.3790879761,10.0983247433,175.111796125,148.509469,5150.00056475,0.00139698386192,67.0993758831,73.1245163479,1,67.0993758831
1.02400004864,3027.63562649,215.147534618,-28.6839828491,-777.733398438,15.5653476715,2.30836892128,99.9995498657,39.9999809265,0.972219884396,0.000116415321827,0.000232830643654,0,0,36.0868248305,8.38782360301,71.85634578,9.94508859172,175.111796125,148.509469,5150.00009909,0.00139698386192,67.0993758831,73.1245163479,1,67.0993758831
1.05600005016,3033.99469703,184.526434168,-24.6015052795,-776.768981934,15.7443504333,2.33976387978,99.9998703003,39.9997825623,0.972220122814,0.000116415321827,0.000232830643654,0,0,73.2844806,15.9019499921,71.4624169563,12.5567815737,174.506174517,138.776042149,5150.00009909,0.00139698386192,67.7049902151,82.8579286463,1,67.0993758831
1.08800005168,3039.40149024,155.40435561,-20.7188796997,-775.537475586,15.8990936279,2.36540460587,100.006340027,39.9944076538,0.972224891186,0.000116415321827,0.000232830643654,0,0,97.6983403096,20.6631324844,92.4549850549,17.2861798405,152.363951202,119.932949019,5149.99963343,0.00139698386192,89.8472280824,101.70105088,1,67.0993758831
1.1200000532,3043.88720542,126.807237393,-16.906244278,-773.924316406,16.0306873322,2.38533520699,100.00983429,39.9915008545,0.972227394581,0.000116415321827,0.000232830643654,0,0,108.874426261,23.012068605,105.005441646,20.5272607344,131.49130973,104.387938336,5150.00009909,0.00139698386192,110.71987683,117.246061563,1,67.0993758831
1.15200005472,3047.46022448,98.2686397037,-13.1014099121,-771.871459961,16.1398792267,2.3993909359,100.011421204,39.9901809692,0.972228586674,0.000116415321827,0.000232830643654,0,0,113.378560673,23.7966905132,110.889462289,22.1213320284,117.295283417,93.5219431994,5150.00056475,0.00139698386192,124.915910419,128.112049424,1,67.0993758831
1.18400005624,3050.11915043,69.6109782439,-9.28070163727,-769.354492188,16.227273941,2.40728831291,100.012321472,39.9895477295,0.972229242325,0.000116415321827,0.000232830643654,0,0,114.54201312,23.6380257543,113.044739323,22.5617936029,108.462161734,86.3700333866,5150.00056475,0.00139698386192,133.749010274,135.263981065,1,67.0993758831
1.21600005776,3051.85606703,40.698399971,-5.42600774765,-766.35144043,16.2933769226,2.40869545937,100.012733459,39.9892349243,0.972229540348,0.000116415321827,0.000232830643654,0,0,113.717106532,22.9053001964,112.923857817,22.2688722168,103.408950963,81.9314955152,5150.00103042,0.00139698386192,138.802206493,139.702504384,1,67.0993758831
1.24800005928,3052.66235955,11.4372778626,-1.5248452425,-762.84564209,16.3385715485,2.40330266953,100.012825012,39.9890975952,0.972229599953,0.000116415321827,0.000232830643654,0,0,111.3449782,21.7935664732,111.120897304,21.5096894088,101.160920167,79.547848145,5150.00009909,0.00139698386192,141.050230013,142.086166306,1,67.0993758831
1.2800000608,3052.52755061,-18.1294963113,2.41706776619,-758.837646484,16.3631820679,2.39080071449,100.012458801,39.989112854,0.972229301929,0.000116415321827,0.000232830643654,0,0,95.6973020122,18.2591118856,108.144434692,20.3111419181,101.104677015,79.3127110228,5150.00056475,0.00139698386192,141.106458614,142.321310705,2,74.0071409382
1.31200006232,3051.43976584,-48.0227718072,6.40251064301,-754.318847656,16.3674201965,2.37090849876,100.012550354,39.9891319275,0.972229361534,0.000116415321827,0.000232830643654,0,0,60.2849246399,10.6006096304,105.755671693,19.2458951655,101.104677015,79.3127110228,5150.00149608,0.00186264514923,141.106458614,142.321310705,2,74.0071409382
1.34400006384,3049.38713089,-78.4099247539,10.4537982941,-749.261047363,16.3512516022,2.34343194962,100.012229919,39.9891281128,0.97222918272,0.000116415321827,0.000232830643654,0,0,22.728365505,2.59897343193,103.50205895,18.3512526286,101.104677015,79.9327317509,5150.00103042,0.00186264514923,141.106458614,142.321310705,2,74.0071409382
1.37600006536,3046.35427892,-109.296306618,14.571644783,-743.65612793,16.3142871857,2.3082857132,100.012367249,39.9891357422,0.972229242325,0.000116415321827,0.000232830643654,0,0,3.04570459458,-1.3100795503,101.312867999,17.5864681644,110.394328658,91.5751879802,5150.00149608,0.00186264514923,141.106458614,142.321310705,2,74.0071409382
1.40800006688,3042.32630879,-140.586591442,18.7433395386,-737.509338379,16.2559909821,2.26544094086,100.012458801,39.9891624451,0.972229301929,0.000116415321827,0.000232830643654,0,0,3.58037548696,-1.14136021691,99.1750386867,16.7966712708,128.453830257,101.14316683,5150.00056475,0.00186264514923,141.106458614,142.321310705,2,74.0071409382
1.4400000684,3037.28831932,-172.359985299,22.9794445038,-730.802978516,16.1757221222,2.21492242813,100.012550354,39.9891815186,0.972229361534,0.000116415321827,0.000232830643654,0,0,4.8043659691,-0.86238580329,97.0850917232,15.9593491134,140.314296004,106.524581497,5150.00009909,0.00186264514923,141.106458614,142.321310705,2,74.0071409382
1.47200006992,3031.22634068,-204.541982384,27.2700252533,-723.540039062,16.0726909637,2.15682029724,100.012550354,39.9891967773,0.972229361534,0.000116415321827,0.000232830643654,0,0,5.65506736819,-0.65214647122,95.0412032283,15.1336779979,148.557592183,110.580098408,5150.00056475,0.00186264514923,141.106458614,142.321310705,2,74.0071409382
1.50400007144,3024.12640303,-237.235915847,31.6288585663,-715.699890137,15.945892334,2.09132146835,100.012550354,39.989200592,0.972229361534,0.000116415321827,0.000232830643654,0,0,6.25995101012,-0.470679747725,93.0421426322,14.3546577459,154.418914462,114.08059072,5149.99963343,0.00186264514923,141.106458614,142.321310705,2,74.0071409382
1.53600007296,3015.97290672,-270.392483799,36.0493736267,-707.281433105,15.7941188812,2.01866459846,100.012550354,39.9892158508,0.972229361534,0.000116415321827,0.000232830643654,0,0,6.70023266868,-0.303927529098,91.0869137596,13.6393194796,158.685244969,117.297240649,5150.00009909,0.00186264514923,141.106458614,142.321310705,2,74.0071409382
1.56800007448,3006.74862228,-304.133223835,40.5477676392,-698.260070801,15.6158723831,1.93919444084,100.012550354,39.9892196655,0.972229361534,0.000116415321827,0.000232830643654,0,0,7.02857459564,-0.146353052514,89.1746449566,12.9938865494,161.866875715,120.336851978,5150.00009909,0.00186264514923,141.106458614,142.321310705,2,74.0071409382
1.600000076,2996.43422477,-338.492507581,45.1286315918,-688.621704102,15.4092922211,1.85336875916,100.012550354,39.9892311096,0.972229361534,0.000116415321827,0.000232830643654,0,0,7.27937048364,0.00437696313609,87.304376672,12.418380014,164.297089214,123.24443378,5150.00056475,0.00186264514923,141.106458614,142.321310705,2,74.0071409382
1.63200007752,2985.00736244,-373.636430595,49.8141021729,-678.333251953,15.1721191406,1.76174199581,100.012550354,39.9892425537,0.972229361534,0.000116415321827,0.000232830643654,0,0,7.47530942069,0.149333367296,85.475200628,11.909366364,166.195735801,126.040642499,5150.00056475,0.00186264514923,141.106458614,142.321310705,2,74.0071409382
1.66400007904,2972.44079411,-409.680884331,54.6196365356,-667.365966797,14.9015626907,1.66503190994,100.012458801,39.9892463684,0.972229301929,0.000116415321827,0.000232830643654,0,0,7.6315391347,0.289072507857,83.6861719228,11.4617713304,167.709600646,128.736210172,5150.00103042,0.00186264514923,141.106458614,142.321310705,2,74.0071409382
1.69600008056,2958.70215632,-446.872378234,59.5780944824,-655.670959473,14.5942411423,1.56410348415,100.012367249,39.9892501831,0.972229242325,0.000116415321827,0.000232830643654,0,0,7.7583194096,0.423936093668,81.936455527,11.0697552003,168.938102433,131.337728817,5150.00009909,0.00186264514923,141.106458614,142.321310705,2,74.0071409382
1.72800008208,2943.75116937,-485.433934955,64.7192153931,-643.198913574,14.2459993362,1.46002352238,100.012367249,39.9892654419,0.972229242325,0.000116415321827,0.000232830643654,0,0,7.86395063992,0.557499895878,80.2252090863,10.7274773454,169.961669599,133.914174512,5150.00009909,0.00186264514923,141.106458614,142.321310705,2,74.0071409382
1.7600000836,2927.53870599,-525.666517206,70.083114624,-629.885498047,13.8517465591,1.35408496857,100.012138367,39.9892616272,0.972229063511,0.000116415321827,0.000232830643654,0,0,7.97093513076,0.744427530253,78.5517074434,10.4311746392,170.99834804,137.520008138,5150.00056475,0.00186264514923,141.106458614,142.321310705,2,74.0071409382
1.79200008512,2910.00283323,-568.057701457,75.7348098755,-615.635437012,13.405295372,1.24784135818,100.012138367,39.9892654419,0.972229063511,0.000116415321827,0.000232830643654,0,0,8.08579288757,0.982027411541,76.9151009192,10.1793958519,172.111322172,142.103308463,5150.00009909,0.00186264514923,141.106458614,142.321310705,2,74.0071409382
1.82400008664,2891.06694981,-613.090815023,81.7387313843,-600.346618652,12.8990926743,1.1431607008,100.012138367,39.989276886,0.972229063511,0.000116415321827,0.000232830643654,0,0,8.19796609783,1.20644227334,75.3147522544,9.96849596988,173.19827748,146.432270412,5150.00056475,0.00186264514923,141.106458614,142.321310705,2,74.0071409382
1.85600008816,2870.63722499,-661.319936626,88.1687545776,-583.899230957,12.3240346909,1.04227566719,100.012138367,39.989276886,0.972229063511,0.000116415321827,0.000232830643654,0,0,16.6322345537,3.46953424946,73.7498996677,9.79497281347,173.343898496,148.13488815,5150.00056475,0.00186264514923,141.106458614,142.321310705,2,74.0071409382
1.88800008968,2848.6023657,-713.271496352,95.0950622559,-566.168518066,11.6693763733,0.947798132896,100.012046814,39.9892845154,0.972229003906,0.000116415321827,0.000232830643654,0,0,42.3213967124,10.0874180862,72.2198692756,9.69538639091,173.343898496,148.004211951,5150.00009909,0.00186264514923,141.106458614,142.451986903,2,74.0071409382
1.9200000912,2824.83780757,-768.978439737,102.522041321,-547.088989258,10.9232501984,0.862611174583,100.022239685,39.9809608459,0.972236454487,0.000116415321827,0.000232830643654,0,0,79.5752851257,16.9941282768,75.638091787,13.4468964562,170.048879227,134.069472551,5150.00103042,0.00186264514923,144.401477883,156.386740855,2,74.0071409382
1.95200009272,2799.27114025,-825.400173198,110.044326782,-527.030517578,10.0777196884,0.788801670074,100.072799683,39.9400520325,0.972273230553,0.000116415321827,0.000232830643654,0,0,100.432043735,21.119529205,95.4620361161,17.938174894,146.930804476,115.589878988,5150.00056475,0.00186264514923,167.519523529,174.866348971,2,74.0071409382
1.98400009423,2771.90003544,-881.755491719,117.557746887,-506.096191406,9.13259506226,0.726421415806,100.097663879,39.9201278687,0.972291350365,0.000116415321827,0.000465661287308,0,0,109.794548184,23.0417268015,106.270254953,20.7652661132,127.619394334,101.190264104,5150.00009909,0.00186264514923,186.83091912,189.265949302,2,74.0071409382
2.01600009575,2742.77804419,-929.619942326,123.939155579,-485.435333252,8.0899438858,0.675490319729,100.10912323,39.9109420776,0.97229963541,0.000116415321827,0.000465661287308,0,0,113.400740228,23.5699690198,111.165424886,22.0518341355,114.787864732,91.2942050491,5150.00009909,0.00186264514923,199.662419618,199.161979253,2,74.0071409382
2.04800009727,2713.08422089,-917.295925319,122.296089172,-472.518554688,7.00102233887,0.634313642979,100.114707947,39.9064064026,0.972303688526,0.000116415321827,0.000465661287308,0,0,114.071320182,23.2605484765,112.749424552,22.2971020734,106.911917101,84.8480485729,5150.00149608,0.00186264514923,207.538410905,205.608143006,2,74.0071409382
2.08000009879,2684.59925428,-861.407956108,114.844970703,-466.002563477,5.96049356461,0.593117952347,100.11756134,39.9041748047,0.972305774689,0.000116415321827,0.000465661287308,0,0,112.905985256,22.437498731,112.242232035,21.88504432,102.537829662,80.9228949947,5150.00149608,0.00186264514923,211.912483792,209.533274756,2,74.0071409382
2.11200010031,2658.32035802,-783.513707574,104.459922791,-463.502197266,5.02451848984,0.545122385025,100.118507385,39.9034957886,0.972306489944,0.000116415321827,0.000465661287308,0,0,109.742483363,21.1527545888,109.954068116,21.0312321614,100.938821561,79.0073900134,5150.00056475,0.00186264514923,213.511520997,211.448787013,3,72.4051424186
2.14400010183,2634.7131934,-696.649716701,92.8790054321,-463.507781982,4.2112660408,0.490528762341,100.118232727,39.9037590027,0.972306251526,0.000116415321827,0.000465661287308,0,0,88.9461252199,16.6667472747,107.203979068,19.8216333484,100.938821561,78.9857003838,5150.00196174,0.00186264514923,213.511520997,211.470469367,3,72.4051424186
2.17600010335,2613.91489767,-609.133858234,81.2111816406,-464.977508545,3.51747488976,0.432966351509,100.118141174,39.9038887024,0.972306191921,0.000116415321827,0.000465661287308,0,0,51.5222204078,8.62373774562,104.868833752,18.8004179205,100.938821561,78.9857003838,5150.00056475,0.00186264514923,213.511520997,211.470469367,3,72.4051424186
2.20800010487,2595.85259482,-525.943934917,70.1201019287,-467.21206665,2.93069529533,0.376419365406,100.118003845,39.9039802551,0.972306132317,0.000116415321827,0.000465661287308,0,0,16.2408163121,1.41272820545,102.641172846,17.9427327633,100.938821561,81.4167869976,5150.00056475,0.00186264514923,213.511520997,211.470469367,3,72.4051424186
2.24000010639,2580.33885621,-449.712650152,59.9567642212,-469.76852417,2.4368584156,0.323624372482,100.117736816,39.9040603638,0.972305893898,0.000116415321827,0.000465661287308,0,0,2.21957819575,-1.48600856675,100.47297483,17.1922426855,114.557762572,94.1528851399,5150.00196174,0.00186264514923,213.511520997,211.470469367,3,72.4051424186
2.27200010791,2567.12757982,-381.641555578,50.881362915,-472.365966797,2.02295446396,0.275897294283,100.117652893,39.9041442871,0.972305834293,0.000116415321827,0.000465661287308,0,0,3.81109175413,-1.07736795636,98.3548785827,16.393595578,130.689470097,102.377576695,5150.00056475,0.00186264514923,213.511520997,211.470469367,3,72.4051424186
2.30400010943,2555.9514761,-321.982806781,42.9275169373,-474.839813232,1.67729222775,0.23365239799,100.117424011,39.9042243958,0.972305715084,0.000116415321827,0.000465661287308,0,0,4.92411487452,-0.817963230207,96.2839175528,15.5626203772,141.474665725,107.381492853,5150.00103042,0.00186264514923,213.511520997,211.470469367,3,72.4051424186
2.33600011095,2546.54535092,-270.406919299,36.0512962341,-477.103912354,1.38946270943,0.196815595031,100.11756134,39.9043312073,0.972305774689,0.000116415321827,0.000465661287308,0,0,5.70190547237,-0.614647913215,94.2585681775,14.7531920503,149.011451867,111.30344501,5150.00056475,0.00186264514923,213.511520997,211.470469367,3,72.4051424186
2.36800011247,2538.6614725,-226.276475587,30.1677207947,-479.121765137,1.15029454231,0.165068805218,100.117515564,39.9044189453,0.972305774689,0.000116415321827,0.000465661287308,0,0,6.25784420874,-0.435939585343,92.2776584857,13.9950841596,154.398498125,114.750728244,5149.99963343,0.00186264514923,213.511520997,211.470469367,3,72.4051424186
2.40000011399,2532.07422793,-188.811653061,25.1728210449,-480.88671875,0.951856911182,0.137962937355,100.117424011,39.904499054,0.972305715084,0.000116415321827,0.000465661287308,0,0,6.6647407108,-0.270376648539,90.3401410279,13.3021818172,158.341325005,117.944437079,5150.00009909,0.00186264514923,213.511520997,211.470469367,3,72.4051424186
2.43200011551,2526.58408135,-157.202361152,20.9585952759,-482.408966064,0.787378847599,0.114993624389,100.117332458,39.9045791626,0.972305595875,0.000116415321827,0.000465661287308,0,0,6.96986982513,-0.113374373451,88.445092877,12.6789485854,161.298026796,120.97301078,5150.00103042,0.00186264514923,213.511520997,211.470469367,3,72.4051424186
2.46400011703,2522.01734111,-130.654399982,17.4191570282,-483.70916748,0.651144385338,0.095646739006,100.117195129,39.9046630859,0.97230553627,0.000116415321827,0.000465661287308,0,0,7.20417388074,0.0370331529574,86.5916716785,12.1244093474,163.568431162,123.874371639,5150.00103042,0.00186264514923,213.511520997,211.470469367,3,72.4051424186
2.49600011855,2518.22452992,-108.438747702,14.4573135376,-484.811279297,0.53837043047,0.0794243365526,100.117103577,39.9047355652,0.972305476665,0.000116415321827,0.000465661287308,0,0,7.38812712314,0.181770031133,84.7789032315,11.6346947672,165.350938914,126.66634575,5150.00009909,0.00186264514923,213.511520997,211.470469367,3,72.4051424186
2.52800012007,2515.07852226,-89.909080998,11.9868936539,-485.739105225,0.445059776306,0.0658687651157,100.116920471,39.9048118591,0.972305297852,0.000116415321827,0.000465661287308,0,0,7.53542742367,0.321328869531,83.0059891305,11.2044934344,166.778278071,129.358435515,5150.00056475,0.00186264514923,213.511520997,211.470469367,3,72.4051424186
2.56000012159,2512.47128472,-74.4803255657,9.929895401,-486.517700195,0.367873489857,0.0545751452446,100.116828918,39.9048805237,0.972305238247,0.000116415321827,0.000465661287308,0,0,7.65539424249,0.456031795714,81.2720357475,10.8280050073,167.940757819,131.956854602,5150.00103042,0.00186264514923,213.511520997,211.470469367,3,72.4051424186
2.59200012311,2510.31224616,-61.6610777797,8.22080230713,-487.168151855,0.304050862789,0.0451828166842,100.116691589,39.9049568176,0.972305178642,0.000116415321827,0.000465661287308,0,0,7.75776638568,0.595541577846,79.5762300275,10.4995857119,168.932747329,134.647998493,5149.99963343,0.00186264514923,213.511520997,211.470469367,3,72.4051424186
2.62400012463,2508.52527097,-51.0192876391,6.80201339722,-487.710723877,0.251287311316,0.0373844392598,100.116600037,39.9050292969,0.972305119038,0.000116415321827,0.000465661287308,0,0,7.86560604926,0.79889197386,77.9177882147,10.2163019579,169.977705809,138.570627314,5150.00009909,0.00186264514923,213.511520997,211.470469367,3,72.4051424186
2.65600012615,2507.04679638,-42.1986187575,5.62602090836,-488.161773682,0.207670167089,0.0309201534837,100.116691589,39.9051055908,0.972305178642,0.000116415321827,0.000465661287308,0,0,7.9796361014,1.03936072394,76.2959045788,9.97652122587,171.082661836,143.209268572,5150.00009909,0.00186264514923,213.511520997,211.470469367,3,72.4051424186
2.68800012767,2505.8244355,-34.8905559804,4.65169239044,-488.536712646,0.171626508236,0.0255639087409,100.116508484,39.9051780701,0.972304999828,0.000116415321827,0.000465661287308,0,0,8.34997992008,1.32501256943,74.7099638351,9.7760125167,172.067098902,147.375787492,5150.00056475,0.00186264514923,213.511520997,211.470469367,3,72.4051424186
2.72000012919,2504.81371768,-28.8415503746,3.84522438049,-488.847625732,0.141842260957,0.0211305208504,100.116371155,39.9052391052,0.972304940224,0.000116415321827,0.000465661287308,0,0,20.4960075584,4.54902319903,73.1592481512,9.61259028717,172.067098902,148.283244926,5150.00056475,0.00186264514923,213.511520997,211.470469367,3,72.4051424186
2.75200013071,2503.97855416,-23.8381689996,3.17816162109,-489.105163574,0.11723356694,0.0174616202712,100.116203308,39.9053115845,0.972304821014,0.000116415321827,0.000465661287308,0,0,49.2132979481,11.779492726,71.6430543442,9.99654270595,172.067098902,146.503210999,5150.00009909,0.00186264514923,213.511520997,213.250503293,3,72.4051424186
2.78400013223,2503.2882113,-19.6977198357,2.62614703178,-489.318664551,0.0969014763832,0.0144275873899,100.162757874,39.8693580627,0.972338557243,0.000116415321827,0.000465661287308,0,0,84.7181731483,18.0531141394,79.8840262919,14.4456677198,164.579323609,129.76238213,5150.00056475,0.00186264514923,220.999296289,229.991332162,3,72.4051424186
2.81600013375,2502.71754339,-16.2782853295,2.17025995255,-489.494750977,0.0801047235727,0.0119184181094,100.258522034,39.7957458496,0.972407877445,0.000116415321827,0.000465661287308,0,0,102.353732257,21.6127130031,97.6997979488,18.6257960411,141.575597809,111.90330406,5150.00103042,0.00186264514923,244.003036642,247.850402957,3,72.4051424186
2.84800013527,2502.24629417,-13.4481470013,1.79293906689,-489.641021729,0.0662259235978,0.0098452726379,100.303108215,39.761554718,0.972440063953,0.000116415321827,0.000465661287308,0,0,110.075359811,23.1623702506,106.884668186,21.0703759998,123.854784761,98.5549995676,5150.00056475,0.00232830643654,261.723907897,261.198729277,3,72.4051424186
2.88000013679,2501.85700133,-11.1118833956,1.48146283627,-489.76159668,0.0547586642206,0.0081324307248,100.323936462,39.7455215454,0.972455084324,0.000116415321827,0.000465661287308,0,0,112.881110167,23.4649549056,110.885353065,22.083823456,112.321824417,89.5082848729,5150.00149608,0.00232830643654,273.256824585,270.245451247,3,72.4051424186
2.91200013831,2501.53522938,-9.179270819,1.22380232811,-489.861480713,0.0452859587967,0.00671727117151,100.334541321,39.7375411987,0.972462773323,0.000116415321827,0.000465661287308,0,0,113.102327058,23.018847726,111.946822042,22.1546654534,105.350285594,83.6791659822,5150.00056475,0.00232830643654,280.228327028,276.074541034,3,72.4051424186
2.94400013983,2501.26933679,-7.58578380555,1.01135480404,-489.943572998,0.0374554656446,0.00554916402325,100.339164734,39.7336578369,0.972466051579,0.000116415321827,0.000465661287308,0,0,111.618604179,22.1093101675,111.079519396,21.6328342839,101.624973468,80.2115755505,5150.00056475,0.00232830643654,283.953646431,279.542116914,3,72.4051424186
2.97600014135,2501.04977749,-6.26753535471,0.83560281992,-490.011657715,0.0309818889946,0.00458543375134,100.339836121,39.733039856,0.97246658802,0.000116415321827,0.000465661287308,0,0,106.590730481,20.5284913042,108.46532041,20.6541009813,100.605357147,78.8462202763,5150.00056475,0.00232830643654,284.973240923,280.907435808,4,71.4617563062
3.00800014287,2500.86816959,-5.17906028108,0.690484702587,-490.067718506,0.0256360266358,0.00378812337294,100.339256287,39.7335166931,0.972466170788,0.000116415321827,0.000465661287308,0,0,81.1348272179,15.0409009112,105.893854424,19.4807508716,100.605357147,78.8462202763,5150.00056475,0.00232830643654,284.973240923,280.907435808,4,71.4617563062
3.04000014439,2500.71799383,-4.27998475061,0.570617794991,-490.113952637,0.0212195832282,0.00312878168188,100.338981628,39.7337799072,0.972465932369,0.000116415321827,0.000465661287308,0,0,42.7515138097,6.76651771237,103.6099389,18.4953116962,100.605357147,78.8462202763,5150.00103042,0.00232830643654,284.973240923,280.907435808,4,71.4617563062
3.07200014591,2500.59412792,-3.53658060703,0.471505373716,-490.15234375,0.0175682641566,0.00258454075083,100.338752747,39.7339935303,0.97246581316,0.000116415321827,0.000465661287308,0,0,10.7601075876,0.428395163727,101.414536502,17.6676674574,100.817036582,83.7283369037,5150.00103042,0.00232830643654,284.973240923,280.907435808,4,71.4617563062
3.10400014743,2500.49168244,-2.92302274829,0.389704376459,-490.183898926,0.0145491110161,0.00213551567867,100.338432312,39.7341918945,0.972465574741,0.000116415321827,0.000465661287308,0,0,2.52548763232,-1.3856569294,99.2749272581,16.9165950563,118.231975648,96.4306818787,5150.00009909,0.00232830643654,284.973240923,280.907435808,4,71.4617563062
3.13600014895,2500.40716492,-2.4155428946,0.322045952082,-490.210113525,0.0120522845536,0.00176490889862,100.33807373,39.7343902588,0.972465276718,0.000116415321827,0.000465661287308,0,0,4.02620775684,-1.01407578838,97.1842404877,16.1061055461,132.773944642,103.598482383,5150.00056475,0.00232830643654,284.973240923,280.907435808,4,71.4617563062
3.16800015047,2500.33708289,-1.99755550057,0.266318887472,-490.23147583,0.00998796522617,0.00145866232924,100.337944031,39.7345848083,0.972465217113,0.000116415321827,0.000465661287308,0,0,5.04793271749,-0.770603118148,95.139773332,15.2777883393,142.674456583,108.295069367,5150.00056475,0.00232830643654,284.973240923,280.907435808,4,71.4617563062
3.20000015199,2500.27934089,-1.65132189522,0.220158189535,-490.249328613,0.00828087236732,0.00120570149738,100.337760925,39.734790802,0.972465097904,0.000116415321827,0.000465661287308,0,0,5.76560622796,-0.573437502636,93.1402805716,14.4795990332,149.628715008,112.098394311,5150.00056475,0.00232830643654,284.973240923,280.907435808,4,71.4617563062
3.23200015351,2500.23137778,-1.36638607273,0.182169854641,-490.263793945,0.00686813052744,0.00099683587905,100.337440491,39.7349739075,0.972464859486,0.000116415321827,0.000465661287308,0,0,6.28130606525,-0.39750336453,91.1846195346,13.7369245384,154.625842697,115.492162877,5150.00056475,0.00232830643654,284.973240923,280.907435808,4,71.4617563062
3.26400015503,2500.19179657,-1.12959196485,0.150599896908,-490.275970459,0.00569893047214,0.000824427057523,100.337257385,39.735168457,0.972464680672,0.000116415321827,0.000465661287308,0,0,6.6608361239,-0.233414104272,89.2718086949,13.0610221878,158.303490025,118.657444546,5150.00056475,0.00232830643654,284.973240923,280.907435808,4,71.4617563062
3.29600015655,2500.15920028,-0.934843910727,0.124635621905,-490.285949707,0.00472913589329,0.000682943733409,100.336845398,39.7353439331,0.972464382648,0.000116415321827,0.000465661287308,0,0,6.94701318189,-0.0773574319823,87.4008958261,12.4547852854,161.076546647,121.667777421,5150.00056475,0.00232830643654,284.973240923,280.907435808,4,71.4617563062
3.32800015807,2500.13219193,-0.77456593317,0.103266984224,-490.294067383,0.00392711767927,0.000565292022657,100.336708069,39.735534668,0.972464323044,0.000116415321827,0.000465661287308,0,0,7.16792151497,0.072325888607,85.5710605483,11.9164284062,163.217147929,124.555168441,5150.00056475,0.00232830643654,284.973240923,280.907435808,4,71.4617563062
3.36000015959,2500.10960735,-0.639830545879,0.0853037387133,-490.300964355,0.00326563976705,0.000467102974653,100.336540222,39.7357215881,0.972464203835,0.000116415321827,0.000465661287308,0,0,7.34217806899,0.216435128415,83.7814092335,11.4416463872,164.905693964,127.335035359,5150.00009909,0.00232830643654,284.973240923,280.907435808,4,71.4617563062
3.39200016111,2500.09121373,-0.529130375071,0.0705449283123,-490.306671143,0.00271616945975,0.000387226958992,100.336265564,39.7358970642,0.972463965416,0.000116415321827,0.000465661287308,0,0,7.48229088983,0.35541838188,82.0310995272,11.0249822376,166.263387655,130.016022013,5150.00056475,0.00232830643654,284.973240923,280.907435808,4,71.4617563062
3.42400016263,2500.07584691,-0.437944407849,0.0583877936006,-490.311340332,0.00225860322826,0.000322264619172,100.336265564,39.7360801697,0.972463965416,0.000116415321827,0.000465661287308,0,0,7.59679751308,0.489577411559,80.3192085023,10.6606026537,167.372956639,132.603949169,5150.00103042,0.00232830643654,284.973240923,280.907435808,4,71.4617563062
3.45600016415,2500.06304123,-0.363134631698,0.0484139770269,-490.315032959,0.00187981151976,0.000268102157861,100.336036682,39.7362480164,0.972463846207,0.000116415321827,0.000465661287308,0,0,7.69813502544,0.638551605158,78.6450110015,10.3431394579,168.354919879,135.477661388,5150.00056475,0.00232830643654,284.973240923,280.907435808,4,71.4617563062
3.48800016567,2500.05233102,-0.302208690073,0.0402911864221,-490.317901611,0.00156902789604,0.000221836133278,100.335853577,39.7364196777,0.972463667393,0.000116415321827,0.000465661287308,0,0,7.80743965303,0.856094812897,77.0076353712,10.0704025292,169.414081029,139.674069942,5150.00056475,0.00232830643654,284.973240923,280.907435808,4,71.4617563062
3.52000016719,2500.04371628,-0.250190339557,0.0333559736609,-490.320587158,0.00131216202863,0.000182899646461,100.335624695,39.7365875244,0.972463548183,0.000116415321827,0.000465661287308,0,0,7.92080864016,1.09602873666,75.4064956259,9.84032352137,170.512619661,144.302393892,5150.00009909,0.00232830643654,284.973240923,280.907435808,4,71.4617563062
3.55200016871,2500.03649853,-0.208790623901,0.0278364643455,-490.322570801,0.00110058265273,0.000149757121108,100.335350037,39.7367401123,0.972463309765,0.000116415321827,0.000465661287308,0,0,9.35019600438,1.64973077055,73.8407494111,9.64831068788,171.254854649,148.122184328,5150.00103042,0.00232830643654,284.973240923,280.907435808,4,71.4617563062
3.58400017023,2500.03044493,-0.172106624063,0.0229456666857,-490.324493408,0.000922859704588,0.000123082558275,100.335090637,39.7369003296,0.972463130951,0.000116415321827,0.000465661287308,0,0,25.1476730033,5.8324223211,72.3097814421,9.49340173049,171.254854649,148.42566452,5150.00056475,0.00232830643654,284.973240923,280.907435808,4,71.4617563062
3.61600017175,2500.02532266,-0.142195773378,0.0189578812569,-490.32598877,0.000774250249378,0.000101990830444,100.335044861,39.7370643616,0.972463130951,0.000116415321827,0.000465661287308,0,0,56.776566555,13.350211578,70.8129984083,10.6938967077,171.254854649,143.787357956,5150.00056475,0.00232830643654,284.973240923,285.545713268,4,71.4617563062
3.64800017327,2500.02136454,-0.118513689529,0.0158005282283,-490.327178955,0.000648252374958,8.56053011375e-05,100.426002502,39.6728744507,0.972528576851,0.000116415321827,0.000465661287308,0,0,89.0510532675,19.0021745959,83.9150652254,15.4386606159,158.877650392,125.573671539,5150.00056475,0.00232830643654,297.350459732,303.759385133,4,71.4617563062
3.68000017479,2500.01787208,-0.0980400471917,0.0130709335208,-490.328216553,0.000539924250916,7.3348848673e-05,100.529594421,39.5998802185,0.972602844238,0.000116415321827,0.000465661287308,0,0,103.881748323,22.0469210125,99.5628586105,19.2591640771,136.644914164,108.545442345,5150.00103042,0.00232830643654,319.583225064,320.78762888,4,71.4617563062
3.71200017631,2500.01507811,-0.080399203739,0.0107190143317,-490.329193115,0.00045286398381,6.24906242592e-05,100.576896667,39.5665817261,0.972636640072,0.000116415321827,0.000465661287308,0,0,110.192688779,23.2665438417,107.311587999,21.3466737068,120.463555504,96.2088888627,5150.00103042,0.00232830643654,335.764576448,333.124160534,4,71.4617563062
3.74400017783,2500.01251698,-0.0663979093929,0.00885232817382,-490.329803467,0.000384780025342,5.20680732734e-05,100.599449158,39.5507011414,0.972652733326,0.000116415321827,0.000465661287308,0,0,112.303943645,23.3702578004,110.52649548,22.115067476,110.120068712,87.9465951584,5150.00056475,0.00232830643654,346.108136,341.38650517,4,71.4617563062
3.77600017935,2500.01065433,-0.0553507426559,0.00737949321046,-490.330352783,0.000328251189785,4.34392095485e-05,100.610908508,39.5427589417,0.972660958767,0.000116415321827,0.000465661287308,0,0,112.117439076,22.8027783522,111.115271843,22.0306837176,103.97623555,82.6866016723,5150.00009909,0.00232830643654,352.25195461,346.646411344,4,71.4617563062
3.80800018087,2500.00925735,-0.0463888412128,0.00618467107415,-490.330871582,0.000278286926914,3.73789443984e-05,100.616081238,39.5390586853,0.972664654255,0.000116415321827,0.000465661287308,0,0,110.329897309,21.8147645025,109.908844677,21.4104033038,100.856501376,79.6480890131,5150.00056475,0.00232830643654,355.371710612,349.684880348,4,71.4617563062
3.84000018239,2500.00786036,-0.0392186230158,0.00522872060537,-490.33114624,0.000233563419897,3.33785465045e-05,100.616172791,39.5391464233,0.97266471386,0.000116415321827,0.000465661287308,0,0,102.309702763,19.7087798454,107.102413112,20.3274451363,100.296616438,78.7728931755,5150.00056475,0.00232830643654,355.931639206,350.560061634,5,70.9582964191
3.87200018391,2500.00669621,-0.0334056622364,0.00445372285321,-490.331329346,0.000193935542484,3.06749061565e-05,100.615394592,39.5396690369,0.972664117813,0.000116415321827,0.000465661287308,0,0,72.8553999647,13.3302367937,104.652861432,19.1953227765,100.296616438,78.7728931755,5150.00196174,0.00232830643654,355.931639206,350.560061634,5,70.9582964191
3.90400018543,2500.00553206,-0.0285368439989,0.00380460033193,-490.331420898,0.000159314251505,2.86779195449e-05,100.614990234,39.5399894714,0.97266381979,0.000116415321827,0.000465661287308,0,0,34.4246766587,5.00778583645,102.411510438,18.2445135192,100.296616438,78.7728931755,5150.00056475,0.00232830643654,355.931639206,350.560061634,5,70.9582964191
3.93600018695,2500.00483356,-0.0233994832399,0.00311967497692,-490.331787109,0.000131283915835,2.66332208412e-05,100.614585876,39.5402641296,0.972663581371,0.000116415321827,0.000465661287308,0,0,6.84233646718,-0.39874566546,100.245729612,17.4448262874,102.716512629,86.4806352183,5150.0024274,0.00232830643654,355.931639206,350.560061634,5,70.9582964191
3.96800018847,2500.00413507,-0.0190068778494,0.00253404234536,-490.332000732,0.000111407745862,2.37184704019e-05,100.614219666,39.5405426025,0.972663283348,0.000116415321827,0.000465661287308,0,0,2.86549044393,-1.28558935773,98.1330024578,16.6843689606,121.526594739,98.3609861578,5150.00149608,0.00279396772385,355.931639206,350.560061634,5,70.9582964191
4.00000018999,2500.00343658,-0.015324214786,0.00204306095839,-490.33215332,9.75348521024e-05,2.04344141821e-05,100.613807678,39.5408096313,0.972662985325,0.000116415321827,0.000465661287308,0,0,4.23476735888,-0.954966607695,96.0679159336,15.8645000182,134.794885525,104.738697701,5150.0024274,0.00279396772385,355.931639206,350.560061634,5,70.9582964191
4.03200019151,2500.00320375,-0.0123318955048,0.00164411775768,-490.332427979,8.69253781275e-05,1.7561691493e-05,100.613670349,39.5410842896,0.97266292572,0.000116415321827,0.000465661287308,0,0,5.17689029515,-0.724653720655,94.0485289618,15.0398900861,143.924058648,109.1814338,5150.00103042,0.00279396772385,355.931639206,350.560061634,5,70.9582964191
4.06400019303,2500.00273809,-0.00993677318206,0.00132479437161,-490.332550049,7.80019618105e-05,1.54083681991e-05,100.61341095,39.5413475037,0.972662746906,0.000116415321827,0.000465661287308,0,0,5.84197022407,-0.532931247613,92.0735084253,14.2526962505,150.368679897,112.879759399,5150.00103042,0.00279396772385,355.931639206,350.560061634,5,70.9582964191
4.09600019455,2500.00273809,-0.00798515387146,0.0010645998409,-490.332794189,7.03370315023e-05,1.38675759445e-05,100.613090515,39.541595459,0.972662508488,0.000116415321827,0.000465661287308,0,0,6.32239189666,-0.359671040798,90.1417409513,13.5245093342,155.023968546,116.221948701,5150.00196174,0.00279396772385,355.931639206,350.560061634,5,70.9582964191
4.12800019607,2500.00227243,-0.00649754250404,0.000866267888341,-490.332763672,6.39112768113e-05,1.27139428514e-05,100.61290741,39.5418586731,0.972662389278,0.000116415321827,0.000465661287308,0,0,6.67788830504,-0.197165572593,88.2523182622,12.8642509681,158.468727022,119.356678624,5150.00196174,0.00279396772385,355.931639206,350.560061634,5,70.9582964191
4.16000019759,2500.0020396,-0.00525972243537,0.00070123875048,-490.332824707,5.87231370446e-05,1.17760837384e-05,100.612495422,39.5421028137,0.972662091255,0.000116415321827,0.000465661287308,0,0,6.94738583211,-0.0422427309488,86.4042881313,12.2735793083,161.080155522,122.345139971,5150.00149608,0.00279396772385,355.931639206,350.560061634,5,70.9582964191
4.19200019911,2500.0020396,-0.00423800150529,0.000565020483918,-490.332946777,5.46017654415e-05,1.09890379463e-05,100.612129211,39.5423469543,0.972661793232,0.000116415321827,0.000465661287308,0,0,7.15646320737,0.106504414687,84.5968375037,11.7499846884,163.106116815,125.214472064,5150.0024274,0.00279396772385,355.931639206,350.560061634,5,70.9582964191
4.22400020063,2500.0020396,-0.00343872952335,0.000458459631773,-490.333068848,5.13222366862e-05,1.03257434603e-05,100.611824036,39.5425872803,0.972661614418,0.000116415321827,0.000465661287308,0,0,7.32213278325,0.249776278775,82.8290361271,11.2888085227,164.711455,127.978186356,5150.00149608,0.00279396772385,355.931639206,350.560061634,5,70.9582964191
4.25600020215,2500.00180677,-0.00277683787075,0.000370214664144,-490.33303833,4.86952121719e-05,9.78011757979e-06,100.611412048,39.5428123474,0.972661316395,0.000116415321827,0.000465661287308,0,0,7.45586019219,0.387976491806,81.0999683991,10.8844363368,166.007273947,130.644068122,5150.00149608,0.00279396772385,355.931639206,350.560061634,5,70.9582964191
4.28800020367,2500.00157394,-0.00224282947769,0.000299019389786,-490.332977295,4.65936427645e-05,9.33480896492e-06,100.611045837,39.5430412292,0.972661018372,0.000116415321827,0.000465661287308,0,0,7.56552373596,0.521429448887,79.4090410092,10.5310220085,167.069913005,133.218374685,5150.00196174,0.00279396772385,355.931639206,350.560061634,5,70.9582964191
4.32000020519,2500.00157394,-0.00181205161986,0.000241587054916,-490.33303833,4.48594801128e-05,8.98737926036e-06,100.610908508,39.5432701111,0.972660958767,0.000116415321827,0.000465661287308,0,0,7.66743075308,0.683628605134,77.7552138331,10.2236597397,168.05739142,136.347196531,5150.00149608,0.00279396772385,355.931639206,350.560061634,5,70.9582964191
4.35200020671,2500.00157394,-0.00146489653741,0.000195303509827,-490.333099365,4.34407702414e-05,8.71373322298e-06,100.610557556,39.5434837341,0.972660660744,0.000116415321827,0.000465661287308,0,0,7.77815135995,0.912362993448,76.1378935601,9.96071975776,169.130275026,140.759482747,5150.0024274,0.00279396772385,355.931639206,350.560061634,5,70.9582964191
4.38400020823,2500.00157394,-0.00118426379814,0.000157888876856,-490.333129883,4.22947705374e-05,8.49209118314e-06,100.610145569,39.5437011719,0.97266036272,0.000116415321827,0.000465661287308,0,0,7.89053607439,1.1489459837,74.5562891099,9.73954315314,170.219282154,145.323167089,5150.00149608,0.00279396772385,355.931639206,350.560061634,5,70.9582964191
4.41600020975,2500.0013411,-0.000957053547523,0.000127596664242,-490.33303833,4.13754532929e-05,8.31003217172e-06,100.609642029,39.5439071655,0.972660005093,0.000116415321827,0.000465661287308,0,0,11.1973691313,2.17653778188,73.0097558982,9.55557297209,170.734565472,148.506805999,5150.00196174,0.00279396772385,355.931639206,350.560061634,5,70.9582964191
4.44800021127,2500.0013411,-0.000771277486322,0.0001028285551,-490.333068848,4.06562248827e-05,8.15664316178e-06,100.609458923,39.5441246033,0.972659885883,0.000116415321827,0.000465661287308,0,0,30.5485320329,7.30817167619,71.497561443,9.40837979705,170.734565472,148.521299707,5150.0024274,0.00279396772385,355.931639206,350.560061634,5,70.9582964191
4.48000021279,2500.0013411,-0.000624777507507,8.32968289615e-05,-490.333068848,4.00691606046e-05,8.03235343483e-06,100.609062195,39.5443267822,0.972659647465,0.000116415321827,0.000465661287308,0,0,64.9435175335,14.7920996633,70.019112434,11.6068796785,170.734565472,140.312899021,5150.0024274,0.00279396772385,355.931639206,358.768447768,5,70.9582964191
4.51200021431,2500.0013411,-0.00050518889072,6.73529939377e-05,-490.333099365,3.95769238821e-05,7.93927029008e-06,100.72252655,39.4750366211,0.972740411758,0.000116415321827,0.000465661287308,0,0,92.7580275111,19.8336423909,87.6146853497,16.3828390798,153.294720803,121.522352856,5150.00149608,0.00279396772385,373.371469323,377.558957553,5,70.9582964191
4.54400021583,2500.0013411,-0.000408718392464,5.44913127669e-05,-490.333099365,3.91753455915e-05,7.86539931141e-06,100.805519104,39.4245834351,0.972799360752,0.000116415321827,0.000465661287308,0,0,105.172996906,22.4093421226,101.19274095,19.820468702,132.201093948,105.451101263,5150.00196174,0.00279396772385,394.46511073,393.630180042,5,70.9582964191
4.57600021735,2500.0013411,-0.000330494409617,4.40623043687e-05,-490.333129883,3.88544467569e-05,7.80401023803e-06,100.843528748,39.4016075134,0.972826242447,0.000116415321827,0.000465661287308,0,0,110.290943916,23.3351224697,107.693350297,21.5765521976,117.477080494,94.0837198868,5150.00196174,0.00279396772385,409.189175116,404.997554142,5,70.9582964191
4.60800021887,2500.0013411,-0.000267027511214,3.56007476512e-05,-490.333129883,3.85992389056e-05,7.7526556197e-06,100.861915588,39.3904724121,0.972839295864,0.000116415321827,0.000465661287308,0,0,111.799380738,23.262401656,110.219680741,22.1242088515,108.213484054,86.551415734,5150.00196174,0.00279396772385,418.452807935,412.529887399,5,70.9582964191
4.64000022039,2500.0013411,-0.000215653273017,2.87514103547e-05,-490.333129883,3.83947590308e-05,7.71048053139e-06,100.871208191,39.3849067688,0.972845852375,0.000116415321827,0.000465661287308,0,0,111.238555889,22.5865203643,110.377684435,21.9009226987,102.824684291,81.8224798422,5150.00149608,0.00279396772385,423.841644078,417.258794187,5,70.9582964191
4.67200022191,2500.0013411,-0.000174171260747,2.32209295064e-05,-490.333129883,3.82293364964e-05,7.67653818912e-06,100.875328064,39.3824577332,0.972848773003,0.000116415321827,0.000465661287308,0,0,109.15595572,21.5268514622,108.847148631,21.1918068671,100.271463452,79.1913844296,5150.00149608,0.00279396772385,426.394894021,419.889896875,5,70.9582964191
4.70400022343,2500.0013411,-0.000140708125707,1.8759543309e-05,-490.333129883,3.80948986276e-05,7.64946071286e-06,100.874153137,39.3830833435,0.972847938538,0.000116415321827,0.000465661287308,0,0,97.0990894543,18.6650845448,105.952474959,20.0310902409,100.055454823,78.7259850767,5150.00196174,0.00279396772385,426.610873546,420.355267124,6,70.6791688572
4.73600022495,2500.0013411,-0.000113701825732,1.51589993038e-05,-490.3331604,3.79857810913e-05,7.62779063734e-06,100.873558044,39.3835144043,0.972847521305,0.000116415321827,0.000465661287308,0,0,64.3566749234,11.5467264249,103.588828768,18.9392873531,100.055454823,78.7259850767,5150.00149608,0.00279396772385,426.610873546,420.355267124,6,70.6791688572
4.76800022647,2500.0013411,-9.18848747089e-05,1.22503115563e-05,-490.3331604,3.78975310014e-05,7.61031333241e-06,100.872840881,39.3837928772,0.972846984863,0.000116415321827,0.000465661287308,0,0,26.7428924629,3.39451412893,101.381186596,18.0223352455,100.055454823,78.8379038568,5150.00056475,0.00279396772385,426.610873546,420.355267124,6,70.6791688572
4.80000022799,2500.0013411,-7.42483158289e-05,9.89896307146e-06,-490.3331604,3.78263357561e-05,7.596136129e-06,100.872657776,39.3840713501,0.972846865654,0.000116415321827,0.000465661287308,0,0,4.08738099171,-1.0359176007,99.2403541073,17.2461149059,106.15507199,89.4161639735,5150.00009909,0.00279396772385,426.610873546,420.355267124,6,70.6791688572
4.83200022951,2500.0013411,-5.99897423403e-05,7.9979754446e-06,-490.3331604,3.77689320885e-05,7.58462965678e-06,100.872383118,39.3843345642,0.97284668684,0.000116415321827,0.000465661287308,0,0,3.17834152092,-1.19953611251,97.1505170161,16.471418129,124.558122479,100.020952232,5150.00009909,0.00279396772385,426.610873546,420.355267124,6,70.6791688572
4.86400023103,2500.0013411,-4.84672545153e-05,6.46177022645e-06,-490.3331604,3.77225915145e-05,7.57531552154e-06,100.871925354,39.3845863342,0.972846329212,0.000116415321827,0.000465661287308,0,0,4.4352545514,-0.900244193082,95.1075294741,15.6454512739,136.737609864,105.794293631,5150.00103042,0.00279396772385,426.610873546,420.355267124,6,70.6791688572
4.89600023255,2500.0013411,-3.91563413638e-05,5.22041682416e-06,-490.3331604,3.76851348847e-05,7.5677944551e-06,100.871696472,39.3848419189,0.972846210003,0.000116415321827,0.000465661287308,0,0,5.30626264075,-0.680850094869,93.1095749259,14.8262470589,145.177677041,110.026405309,5150.00009909,0.00279396772385,426.610873546,420.355267124,6,70.6791688572
4.92800023407,2500.0013411,-3.16353887531e-05,4.21770573666e-06,-490.3331604,3.76548523491e-05,7.56172721594e-06,100.871253967,39.3850975037,0.972845852375,0.000116415321827,0.000465661287308,0,0,5.92418766702,-0.493907753628,91.1555399988,14.0506557383,151.165368152,113.632522698,5150.00009909,0.00279396772385,426.610873546,420.355267124,6,70.6791688572
4.96000023559,2500.0013411,-2.55598563148e-05,3.40770111507e-06,-490.3331604,3.76303760277e-05,7.55683140596e-06,100.870933533,39.3853378296,0.972845673561,0.000116415321827,0.000465661287308,0,0,6.37289561549,-0.323154695386,89.2442893459,13.3368840679,155.513349455,116.92634871,5150.00056475,0.00279396772385,426.610873546,420.355267124,6,70.6791688572
4.99200023711,2500.0013411,-2.06522906415e-05,2.75341267297e-06,-490.3331604,3.76105963369e-05,7.55287555876e-06,100.870613098,39.3855705261,0.972845435143,0.000116415321827,0.000465661287308,0,0,6.70670689403,-0.162250787645,87.3749366638,12.6919345758,158.747978276,120.030184917,5150.00009909,0.00279396772385,426.610873546,420.355267124,6,70.6791688572
5.02400023863,2500.05745329,15.4698900587,-2.06248283386,-492.423156738,0.00196380214766,0.000138021088787,100.870246887,39.3858070374,0.972845137119,0.000116415321827,0.000465661287308,1,552.722718567,6.96108141445,-0.00854474686446,85.5464638025,12.1163080964,161.212868989,122.995174024,5150.00056475,0.00279396772385,426.610873546,420.355267124,6,70.6791688572
5.05600024015,2503.70707363,196.521476028,-26.200712204,-518.350952148,0.141936004162,0.00264736684039,100.870071411,39.3860473633,0.97284501791,0.000116415321827,0.000465661287308,1,552.722718567,7.15938581058,0.139164371086,83.7581089808,11.6068577041,163.134434843,125.844482682,5150.00103042,0.00279396772385,426.610873546,420.355267124,6,70.6791688572
5.08800024167,2512.38700002,331.349059707,-44.1762504578,-540.582519531,0.48146045208,0.00584280025214,100.8695755,39.386264801,0.972844660282,0.000116415321827,0.000465661287308,1,552.722718567,7.31720089033,0.281489516485,82.0090078699,11.1586373139,164.66366651,128.58993432,5150.00056475,0.00279396772385,426.610873546,420.355267124,6,70.6791688572
5.12000024319,2524.82271753,434.893416241,-57.9810295105,-560.484924316,0.933112442493,0.0249185562134,100.869255066,39.3864898682,0.972844481468,0.000116415321827,0.000465661287308,1,552.722718567,7.44505974498,0.418801823982,80.2983693892,10.7659408912,165.902616573,131.238688482,5150.00009909,0.00279396772385,426.610873546,420.355267124,6,70.6791688572
5.15200024471,2540.13901576,513.769860845,-68.4970245361,-578.511047363,1.45218622684,0.0639091357589,100.86907196,39.38671875,0.972844302654,0.000116415321827,0.000465661287308,1,552.722718567,7.5506520622,0.552542938341,78.625285261,10.4229699251,166.925805388,133.818553877,5150.00009909,0.00279396772385,426.610873546,420.355267124,6,70.6791688572
5.18400024623,2557.63228051,572.996155825,-76.3932189941,-594.984741211,2.01840400696,0.119539730251,100.868797302,39.3869361877,0.97284412384,0.000116415321827,0.000465661287308,1,552.722718567,7.65413116883,0.730508540903,76.9890156786,10.1254512989,167.928519659,137.251510751,5150.00056475,0.00279396772385,426.610873546,420.355267124,6,70.6791688572
5.21600024775,2576.75186731,617.00301012,-82.2603149414,-610.226745605,2.61908793449,0.187913388014,100.86844635,39.3871498108,0.972843885422,0.000116415321827,0.000465661287308,1,552.722718567,7.76596926856,0.967010729232,75.3887695613,9.87194019163,169.01222989,141.813638038,5150.00056475,0.00279396772385,426.610873546,420.355267124,6,70.6791688572
5.24800024927,2597.06890211,649.053836241,-86.5334091187,-624.461975098,3.24470472336,0.265853077173,100.867897034,39.3873443604,0.972843468189,0.000116415321827,0.000465661287308,1,552.722718567,7.87690641543,1.19806107687,73.8239316242,9.65921642937,170.087208971,146.270598634,5150.00149608,0.00279396772385,426.610873546,420.355267124,6,70.6791688572
5.28000025079,2618.24438348,671.602436341,-89.539642334,-637.851196289,3.88764166832,0.350891768932,100.867668152,39.3875579834,0.97284334898,0.000116415321827,0.000465661287308,1,552.722718567,13.8632392294,2.90210309928,72.2937474109,9.48324952986,170.376515598,148.568346049,5150.00056475,0.00279396772385,426.610873546,420.355267124,6,70.6791688572
5.31200025231,2640.00613242,686.41564576,-91.5145721436,-650.496643066,4.54154443741,0.441125184298,100.867393494,39.3877677917,0.972843110561,0.000116415321827,0.000465661287308,1,552.722718567,36.6517369292,8.9657693035,70.7976455854,9.34327679621,170.376515598,148.568346049,5150.00103042,0.00279396772385,426.610873546,420.355267124,6,70.6791688572
5.34400025383,2662.12970018,694.830203429,-92.6364212036,-662.466430664,5.20102500916,0.535068631172,100.872566223,39.3855514526,0.972846806049,0.000116415321827,0.000465661287308,1,552.722718567,73.0401099526,16.1006888416,70.8661033539,12.6235793548,169.495731825,136.402013595,5150.00149608,0.00279396772385,427.491642768,432.52154137,6,70.6791688572
5.37600025535,2684.42858942,697.837036569,-93.0373001099,-673.801147461,5.86140966415,0.631556153297,100.968955994,39.3427352905,0.972914814949,0.000116415321827,0.000465661287308,1,552.722718567,95.9266641032,20.5503870226,90.9348285203,17.2561096229,147.966769873,117.644187412,5150.00103042,0.00279396772385,449.020561064,451.279338449,6,70.6791688572
5.40800025687,2706.74307831,696.231843904,-92.8232955933,-684.528625488,6.51861047745,0.729633688927,101.020378113,39.3198051453,0.972951054573,0.000116415321827,0.000465661287308,1,552.722718567,106.274422776,22.7002839761,102.626449958,20.3058955157,128.211409901,102.593730844,5150.00009909,0.00279396772385,468.775950139,466.329831397,6,70.6791688572
5.44000025839,2728.9360296,690.575456247,-92.0691680908,-694.656494141,7.16896009445,0.828537106514,101.043937683,39.3092651367,0.972967624664,0.000116415321827,0.000465661287308,1,552.722718567,110.384401295,23.3641250948,108.04600376,21.7565157021,114.852387924,92.1476748772,5150.00103042,0.00279396772385,482.135015773,476.77589464,6,70.6791688572
5.47200025991,2750.88730268,681.383593474,-90.8436889648,-704.194335938,7.80922365189,0.927613079548,101.055534363,39.3040962219,0.972975730896,0.000116415321827,0.000465661287308,1,552.722718567,111.363854261,23.1342997089,109.96427159,22.1052485547,106.571089418,85.2961456985,5150.00149608,0.00279396772385,490.416307002,483.627401991,6,70.6791688572
5.50400026143,2772.49095961,669.089029543,-89.2045516968,-713.148254395,8.43647575378,1.0263158083,101.061332703,39.3015289307,0.972979843616,0.000116415321827,0.000465661287308,1,552.722718567,110.454543772,22.3610971952,109.724991693,21.7573031202,101.875848486,81.0655255918,5150.00196174,0.00279396772385,495.111569762,487.857992994,6,70.6791688572
5.53600026295,2793.65200549,653.968076222,-87.1885910034,-721.508178711,9.04808616638,1.12416470051,101.063682556,39.3005638123,0.972981452942,0.000116415321827,0.000465661287308,1,552.722718567,107.960222792,21.2033361339,107.831957867,20.9639152336,99.8857431114,78.8366742199,5150.00056475,0.00279396772385,497.101747897,490.086851642,6,70.6791688572
5.56800026447,2814.28685412,636.360782664,-84.8411407471,-729.278747559,9.64170360565,1.22073733807,101.062828064,39.3011932373,0.972980856895,0.000116415321827,0.000465661287308,1,552.722718567,91.0536151275,17.4106212088,104.987385965,19.7540563895,99.8754330794,78.6907985457,5150.00103042,0.00279396772385,497.112050653,490.232778247,7,70.5010461388
5.60000026599,2834.31890421,616.489327513,-82.1918334961,-736.451721191,10.2152357101,1.31563174725,101.062187195,39.3014526367,0.972980439663,0.000116415321827,0.000465661287308,1,552.722718567,55.7939675786,9.72253125851,102.685436734,18.7016921643,99.8754330794,78.6907985457,5150.00196174,0.00279396772385,497.112050653,490.232778247,7,70.5010461388
5.63200026751,2853.68063487,594.646553509,-79.2797012329,-743.033325195,10.766866684,1.40848255157,101.061729431,39.3016433716,0.972980082035,0.000116415321827,0.000465661287308,1,552.722718567,19.840163312,2.11732691209,100.5047206,17.8178519058,99.8754330794,79.9924164312,5150.00149608,0.00279396772385,497.112050653,490.232778247,7,70.5010461388
5.66400026903,2872.31127732,570.93356736,-76.1182250977,-749.007019043,11.2949743271,1.49894845486,101.061500549,39.3018341064,0.972979962826,0.000116415321827,0.000465661287308,1,552.722718567,2.44632235033,-1.41591186983,98.3847858231,17.0578981604,110.367225716,92.3098123167,5150.00196174,0.00279396772385,497.112050653,490.232778247,7,70.5010461388
5.69600027055,2890.15634917,545.69891654,-72.7538833618,-754.392700195,11.7981901169,1.58669495583,101.061149597,39.3020095825,0.972979724407,0.000116415321827,0.000465661287308,1,552.722718567,3.46879123802,-1.12385378247,96.3142862569,16.2678796911,127.3725793,101.480865851,5150.00196174,0.00279396772385,497.112050653,490.232778247,7,70.5010461388
5.72800027207,2907.16835298,519.029505085,-69.1982574463,-759.178649902,12.275396347,1.67139053345,101.060646057,39.3021850586,0.972979366779,0.000116415321827,0.000465661287308,1,552.722718567,4.62633255473,-0.84903597535,94.2900356046,15.4389517775,138.589151902,106.782099465,5150.00196174,0.00279396772385,497.112050653,490.232778247,7,70.5010461388
5.76000027359,2923.30537923,491.10740656,-65.4756164551,-763.368530273,12.7256822586,1.75272083282,101.060462952,39.3023681641,0.972979187965,0.000116415321827,0.000465661287308,1,552.722718567,5.43304749365,-0.638767973476,92.3102319605,14.6268984181,146.406222484,110.838169348,5150.0024274,0.00279396772385,497.112050653,490.232778247,7,70.5010461388
5.79200027511,2938.53087351,462.143856566,-61.6141242981,-766.97253418,13.148393631,1.83035266399,101.060371399,39.3025512695,0.972979128361,0.000116415321827,0.000465661287308,1,552.722718567,6.0082042689,-0.456021466573,90.3739743719,13.8637061867,151.979489601,114.363348985,5150.00103042,0.00279396772385,497.112050653,490.232778247,7,70.5010461388
5.82400027663,2952.81480066,432.333821664,-57.6397781372,-770.00213623,13.5430517197,1.90397536755,101.060050964,39.3027191162,0.972978949547,0.000116415321827,0.000465661287308,1,552.722718567,6.42804143903,-0.287597930015,88.4800688928,13.1646152869,156.047710334,117.612238682,5150.00149608,0.00279396772385,497.112050653,490.232778247,7,70.5010461388
5.85600027815,2966.13154933,401.805329602,-53.5696487427,-772.461608887,13.9094209671,1.97326719761,101.059608459,39.3028755188,0.972978591919,0.000116415321827,0.000465661287308,1,552.722718567,6.74203267005,-0.128261605303,86.6276585196,12.5348895177,159.090282978,120.685836009,5150.0024274,0.00279396772385,497.112050653,490.232778247,7,70.5010461388
5.88800027966,2978.46109606,370.682566427,-49.4202842712,-774.357788086,14.2474536896,2.03791308403,101.059104919,39.3030281067,0.972978234291,0.000116415321827,0.000465661287308,1,552.722718567,6.98252802983,0.0242057406268,84.8158129999,11.974015226,161.42068489,123.626930872,5150.00149608,0.00279396772385,497.112050653,490.232778247,7,70.5010461388
5.92000028118,2989.78714272,339.11789069,-45.2120094299,-775.703063965,14.5572538376,2.09759831429,101.058876038,39.3031921387,0.972978115082,0.000116415321827,0.000465661287308,1,552.722718567,7.17089951214,0.170832329391,83.0436899795,11.4783647947,163.246004377,126.455357531,5150.00103042,0.00279396772385,497.112050653,490.232778247,7,70.5010461388
5.9520002827,3000.09734929,307.241163682,-40.9621276855,-776.508605957,14.8390989304,2.15199971199,101.058479309,39.3033447266,0.972977817059,0.000116415321827,0.000465661287308,1,552.722718567,7.32143005833,0.312163945923,81.3105203522,11.0427403483,164.704644703,129.181644297,5150.00196174,0.00279396772385,497.112050653,490.232778247,7,70.5010461388
5.98400028422,3009.384498,275.166879874,-36.6859054565,-776.786132812,15.0933856964,2.20083212852,101.058296204,39.3035049438,0.972977697849,0.000116415321827,0.000465661287308,1,552.722718567,7.44381773018,0.448537818073,79.6153665412,10.6613726754,165.890582139,131.812295876,5150.00149608,0.00279396772385,497.112050653,490.232778247,7,70.5010461388
6.01600028574,3017.64346659,243.01969097,-32.3999671936,-776.549926758,15.3206510544,2.24379038811,101.05783844,39.303653717,0.972977340221,0.000116415321827,0.000465661287308,1,552.722718567,7.54650850304,0.585177243564,77.9574301409,10.3284980582,166.885656654,134.44806973,5150.00149608,0.00279396772385,497.112050653,490.232778247,7,70.5010461388
6.04800028726,3024.87402223,210.996266105,-28.1305274963,-775.825805664,15.5215063095,2.28060770035,101.057472229,39.3037872314,0.972977101803,0.000116415321827,0.000465661287308,1,552.722718567,7.65192685579,0.779398910881,76.3360738921,10.0406738313,167.907157447,138.194605825,5150.00149608,0.00279396772385,497.112050653,490.232778247,7,70.5010461388
6.08000028878,3031.11388348,181.260867976,-24.1661319733,-774.921020508,15.69718647,2.31140208244,101.057243347,39.303943634,0.972976922989,0.000116415321827,0.000465661287308,1,552.722718567,7.76446127123,1.02016179826,74.7503821923,9.79636819169,168.997619767,142.838922329,5150.00149608,0.00279396772385,497.112050653,490.232778247,7,70.5010461388
6.1120002903,3036.43150255,153.020373546,-20.4010429382,-773.763305664,15.8493108749,2.3366458416,101.056892395,39.3040809631,0.97297668457,0.000116415321827,0.000465661287308,1,552.722718567,7.88046078437,1.24595258173,73.1998130048,9.59178505135,170.052211615,147.158047184,5150.00196174,0.00279396772385,497.112050653,490.232778247,7,70.5010461388
6.14400029182,3040.85947573,125.51760301,-16.7343063354,-772.267822266,15.9789848328,2.3564183712,101.056663513,39.3042259216,0.972976565361,0.000116415321827,0.000465661287308,1,552.722718567,17.3252650805,3.8380432007,71.6836704716,9.42386904471,170.125975274,148.599763634,5150.00103042,0.00279396772385,497.112050653,490.232778247,7,70.5010461388
6.17600029334,3044.41037588,98.122676718,-13.0819501877,-770.356567383,16.087015152,2.37058496475,101.056297302,39.304359436,0.972976267338,0.000116415321827,0.000465661287308,1,552.722718567,43.4171531718,10.6867275401,70.20125141,9.51426648048,170.125975274,147.828759509,5150.00196174,0.00279396772385,497.112050653,491.003796924,7,70.5010461388
6.20800029486,3047.08303884,70.6207792973,-9.41533088684,-768.000427246,16.1740016937,2.378885746,101.073097229,39.300907135,0.972988069057,0.000116415321827,0.000465661287308,1,552.722718567,79.3784525606,17.2774687983,75.1334995816,13.6753832313,165.609963005,132.292247145,5150.00149608,0.00279396772385,501.627975609,506.540294737,7,70.5010461388
6.24000029638,3048.87350649,42.9622268712,-5.72782659531,-765.190856934,16.2404384613,2.38104438782,101.132087708,39.2886543274,0.973029434681,0.000116415321827,0.000465661287308,1,552.722718567,98.6311121975,21.1633865652,93.8781389972,18.0510760082,142.965043779,113.97858907,5150.00149608,0.00279396772385,524.272792973,524.853996467,7,70.5010461388
6.2720002979,3049.77339692,14.9819124999,-1.99742436409,-761.901672363,16.2867145538,2.37675738335,101.160301208,39.2827720642,0.973049223423,0.000116415321827,0.000465661287308,1,552.722718567,107.212409936,22.928377042,103.883103415,20.7208300922,124.632933876,99.9658368528,5150.00149608,0.00279396772385,542.604830116,538.866734132,7,70.5010461388
6.30400029942,3049.77223277,-13.299886632,1.77317273617,-758.130554199,16.313167572,2.36571907997,101.173576355,39.280040741,0.973058521748,0.000116415321827,0.000465661287308,1,552.722718567,110.463948841,23.3585362571,108.362377388,21.8916696197,112.541943963,90.3879699763,5150.00149608,0.00279396772385,554.695841856,548.444571905,7,70.5010461388
6.33600030094,3048.86186495,-41.8401432398,5.57822799683,-753.879089355,16.3200302124,2.34768748283,101.180282593,39.2786979675,0.97306317091,0.000116415321827,0.000465661287308,1,552.722718567,110.97205696,22.9881585611,109.737517135,22.0610286159,105.157479993,84.1706132633,5150.00103042,0.00279396772385,562.08029855,554.66190679,7,70.5010461388
6.36800030246,3047.03204893,-70.7880681148,9.43763446808,-749.122497559,16.3073730469,2.32246351242,101.183860779,39.2780532837,0.973065674305,0.000116415321827,0.000465661287308,1,552.722718567,109.733510458,22.1267816946,109.127183827,21.6006142316,101.104815258,80.4086957942,5150.0024274,0.00279396772385,566.132948734,558.423809707,7,70.5010461388
6.40000030398,3044.26834919,-100.12810526,13.3493185043,-743.855651855,16.2748336792,2.28995943069,101.184631348,39.2779655457,0.973066210747,0.000116415321827,0.000465661287308,1,552.722718567,106.172431981,20.7580438406,106.772422643,20.7004322995,99.7484457912,78.6679884186,5150.00103042,0.00279396772385,567.489303648,560.164568014,8,70.3775222064
6.4320003055,3040.55889137,-129.933512653,17.3230457306,-738.063049316,16.2219772339,2.25015687943,101.183860779,39.2782211304,0.973065674305,0.000116415321827,0.000465661287308,1,552.722718567,84.2814966746,15.9746946115,104.161197534,19.4929448659,99.7484457912,78.6679884186,5150.00149608,0.00279396772385,567.489303648,560.164568014,8,70.3775222064
6.46400030702,3035.89040413,-160.04225472,21.3372154236,-731.759765625,16.1482334137,2.20307374001,101.183769226,39.2783699036,0.9730656147,0.000116415321827,0.000465661287308,1,552.722718567,47.3255379931,7.89950623218,101.904779385,18.4788601504,99.7484457912,78.6679884186,5150.00196174,0.00279396772385,567.489303648,560.164568014,8,70.3775222064
6.49600030854,3030.25078028,-190.567254322,25.4068813324,-724.924804688,16.0529460907,2.14878487587,101.183357239,39.2784500122,0.973065376282,0.000116415321827,0.000465661287308,1,552.722718567,13.8397833243,1.05042703922,99.7461329336,17.6271795144,99.7484457912,82.0030763862,5150.00196174,0.00279396772385,567.489303648,560.164568014,8,70.3775222064
6.52800031006,3023.6276798,-221.49286815,29.529958725,-717.554199219,15.9352741241,2.08743286133,101.183143616,39.2785453796,0.973065197468,0.000116415321827,0.000465661287308,1,552.722718567,2.15523262708,-1.46430970288,97.6440414184,16.8741001127,114.644200949,94.9134700932,5150.00149608,0.00279396772385,567.489303648,560.164568014,8,70.3775222064
6.56000031158,3016.0092283,-252.796453424,33.7034263611,-709.645141602,15.7941951752,2.01924061775,101.182685852,39.2786331177,0.973064899445,0.000116415321827,0.000465661287308,1,552.722718567,3.73993295829,-1.05597684938,95.5903523142,16.0702212525,129.999942146,102.790210804,5150.0024274,0.00279396772385,567.489303648,560.164568014,8,70.3775222064
6.5920003131,3007.38029182,-284.621259198,37.9463882446,-701.171142578,15.6284065247,1.94450354576,101.182685852,39.2787322998,0.973064899445,0.000116415321827,0.000465661287308,1,552.722718567,4.80793681889,-0.800584694,93.5822528902,15.2410882439,140.348900459,107.716725324,5150.00196174,0.00279396772385,567.489303648,560.164568014,8,70.3775222064
6.62400031462,2997.72550352,-316.915422445,42.2519226074,-692.131591797,15.4363365173,1.86361920834,101.182319641,39.2788200378,0.973064601421,0.000116415321827,0.000465661287308,1,552.722718567,5.55604678798,-0.597992416864,91.6182415583,14.4376424638,147.598082549,111.62472947,5150.00196174,0.00279396772385,567.489303648,560.164568014,8,70.3775222064
6.65600031614,2987.02623695,-349.862093572,46.6444511414,-682.492858887,15.2160787582,1.77707123756,101.181907654,39.2788963318,0.973064363003,0.000116415321827,0.000465661287308,1,552.722718567,6.09209497544,-0.418945773865,89.6972415698,13.6875213738,152.79238869,115.078539238,5150.00196174,0.00279396772385,567.489303648,560.164568014,8,70.3775222064
6.68800031766,2975.25990754,-383.5533862,51.1362533569,-672.231628418,14.9653024673,1.68545782566,101.181816101,39.2789878845,0.973064243793,0.000116415321827,0.000465661287308,1,552.722718567,6.48544422277,-0.252683517031,87.8183299975,13.0033364829,156.603942742,118.285737699,5150.00149608,0.00279396772385,567.489303648,560.164568014,8,70.3775222064
6.72000031918,2962.40113676,-418.134557549,55.7467002869,-661.316101074,14.6811676025,1.58953380585,101.181648254,39.2790756226,0.973064124584,0.000116415321827,0.000465661287308,1,552.722718567,6.78117696634,-0.0948744244572,85.9805765892,12.38877126,159.4695932,121.329874673,5150.00149608,0.00279396772385,567.489303648,560.164568014,8,70.3775222064
6.7520003207,2948.41686264,-453.832850326,60.5060806274,-649.699768066,14.3602199554,1.49019181728,101.18132782,39.2791519165,0.97306394577,0.000116415321827,0.000465661287308,1,552.722718567,7.00882642291,0.0563489574361,84.183080392,11.842457795,161.675518029,124.246973428,5150.0024274,0.00279396772385,567.489303648,560.164568014,8,70.3775222064
6.78400032222,2933.26773681,-490.920851007,65.4507446289,-637.327026367,13.9983100891,1.3884999752,101.180961609,39.2792243958,0.973063647747,0.000116415321827,0.000465661287308,1,552.722718567,7.18795169327,0.201872656482,82.4250137013,11.3603189099,163.411241374,127.054125187,5150.0024274,0.00279396772385,567.489303648,560.164568014,8,70.3775222064
6.81600032374,2916.90393351,-529.699434992,70.6207962036,-624.133239746,13.5903701782,1.28574383259,101.180641174,39.2793045044,0.973063468933,0.000116415321827,0.000465661287308,1,552.722718567,7.33166603658,0.342179828257,80.7055121883,10.9369772712,164.803830558,129.760650452,5150.0024274,0.00279396772385,567.489303648,560.164568014,8,70.3775222064
6.84800032526,2899.26468395,-570.577802137,76.0707931519,-610.034179688,13.1302595139,1.1834717989,101.180549622,39.2793884277,0.973063409328,0.000116415321827,0.000465661287308,1,552.722718567,7.44891031134,0.47758808311,79.0237920973,10.5666224653,165.939927683,132.37267558,5150.00103042,0.00325962901115,567.489303648,560.164568014,8,70.3775222064
6.88000032678,2880.27524948,-614.005955867,81.8607406616,-594.933044434,12.6106128693,1.08350074291,101.180198669,39.2794494629,0.973063111305,0.000116415321827,0.000465661287308,1,552.722718567,7.55003494611,0.620675896787,77.3790183987,10.2436857977,166.919824551,135.132839205,5150.0024274,0.00325962901115,567.489303648,560.164568014,8,70.3775222064
6.9120003283,2859.84529182,-660.516670905,88.0616607666,-578.714660645,12.0226478577,0.987984478474,101.180107117,39.2795333862,0.973063051701,0.000116415321827,0.000465661287308,1,552.722718567,7.65742321765,0.830042430765,75.7704586106,9.96547905961,167.960417457,139.17151955,5150.00289306,0.00325962901115,567.489303648,560.164568014,8,70.3775222064
6.94400032982,2837.8686402,-710.493186489,94.724647522,-561.275817871,11.3562746048,0.899363994598,101.179924011,39.2796173096,0.973062932491,0.000116415321827,0.000465661287308,1,552.722718567,7.77014990962,1.0717453558,74.1974388495,9.73019942953,169.052742422,143.833967741,5150.00335872,0.00325962901115,567.489303648,560.164568014,8,70.3775222064
6.97600033134,2814.23400156,-763.661519159,101.813179016,-542.598449707,10.6007461548,0.820258915424,101.179603577,39.2796821594,0.973062694073,0.000116415321827,0.000465661287308,1,552.722718567,8.39265249064,1.42480156904,72.6592486079,9.53350512041,169.947481481,147.930040839,5150.0024274,0.00325962901115,567.489303648,560.164568014,8,70.3775222064
7.00800033286,2788.88619505,-817.194289993,108.950294495,-523.032531738,9.74994277954,0.752296626568,101.179420471,39.279750824,0.973062574863,0.000116415321827,0.000465661287308,1,552.722718567,21.559192374,4.97904827829,71.1551554037,9.37363909103,169.947481481,148.611623445,5150.00196174,0.00325962901115,567.489303648,560.164568014,8,70.3775222064
7.04000033438,2761.82871312,-870.551157277,116.063964844,-502.651672363,8.80438804626,0.695316672325,101.179328918,39.279838562,0.973062515259,0.000116415321827,0.000465661287308,1,552.722718567,50.8016668696,12.3109862488,69.684551277,10.0912462203,169.947481481,145.67017206,5150.0024274,0.00325962901115,567.489303648,563.106092159,8,70.3775222064
7.0720003359,2733.1628371,-910.681264941,121.414199829,-483.245605469,7.76825714111,0.649277031422,101.219551086,39.2658157349,0.973090648651,0.000116415321827,0.000465661287308,1,552.722718567,84.6228845639,18.3224917226,79.6990892346,14.7141370252,160.750074429,128.132291138,5150.00289306,0.00325962901115,576.686696149,580.643827561,8,70.3775222064
7.10400033742,2704.21919413,-890.858704224,118.77141571,-471.696380615,6.70133018494,0.611432731152,101.283332825,39.2433738708,0.973135173321,0.000116415321827,0.000465661287308,1,552.722718567,100.919935351,21.679513531,96.4558530545,18.7623526618,138.309580507,110.536930151,5150.00289306,0.00325962901115,599.127262831,598.239246756,8,70.3775222064
7.13600033894,2676.63644627,-832.190620713,110.949645996,-465.993469238,5.69325351715,0.571755886078,101.313102722,39.2330474854,0.973155856133,0.000116415321827,0.000465661287308,1,552.722718567,107.998553575,23.0978880283,104.97067805,21.0680393822,121.419703646,97.5503789959,5150.00335872,0.00372529029846,616.017146967,611.225783359,8,70.3775222064
7.16800034046,2651.29958279,-754.182809032,100.549453735,-463.970153809,4.79285907745,0.524638831615,101.327049255,39.2281608582,0.97316557169,0.000116415321827,0.000465661287308,1,552.722718567,110.512981187,23.3194381987,108.628275682,21.9837572577,110.502362077,88.787295681,5150.00335872,0.00419095158577,626.934517641,619.98894671,8,70.3775222064
7.20000034198,2628.61023657,-668.753753416,89.1598510742,-464.234436035,4.0138001442,0.471088290215,101.334251404,39.2257270813,0.97317057848,0.000116415321827,0.000465661287308,1,552.722718567,110.59507777,22.8230351421,109.512916177,21.9914190195,103.940888948,83.1618381198,5150.00335872,0.00419095158577,633.495976217,625.614426099,8,70.3775222064
7.2320003435,2608.6657308,-583.588611335,77.8054275513,-465.809417725,3.35065698624,0.414989650249,101.337425232,39.2245521545,0.973172783852,0.000116415321827,0.000465661287308,1,552.722718567,109.041600629,21.8813965596,108.552185451,21.4293031708,100.488956377,79.8428955022,5150.0024274,0.00419095158577,636.947806925,628.933310509,8,70.3775222064
7.26400034502,2591.37549438,-503.094051965,67.0736999512,-468.063201904,2.7904419899,0.360245019197,101.337837219,39.2244873047,0.973173081875,0.000116415321827,0.000465661287308,1,552.722718567,103.248466354,20.1537718211,105.915638439,20.4092432333,99.6520248009,78.6464079283,5150.00335872,0.00419095158577,637.784774881,630.129827186,9,70.2954566805
7.29600034654,2576.54627785,-429.630861618,57.2794151306,-470.586212158,2.31940412521,0.309352785349,101.337150574,39.2246818542,0.973172605038,0.000116415321827,0.000465661287308,1,552.722718567,76.8824248968,14.383946039,103.441072498,19.2458054365,99.6520248009,78.6464079283,5150.00289306,0.00419095158577,637.784774881,630.129827186,9,70.2954566805
7.32800034806,2563.93174641,-364.239152987,48.5612335205,-473.11907959,1.92494010925,0.263470202684,101.337104797,39.2247962952,0.973172605038,0.000116415321827,0.000465661287308,1,552.722718567,39.0993585195,6.11566670425,101.218875908,18.2687092312,99.6520248009,78.6464079283,5150.00289306,0.00419095158577,637.784774881,630.129827186,9,70.2954566805
7.36000034958,2553.26973274,-307.05545214,40.9373664856,-475.515014648,1.59573733807,0.222937628627,101.336837769,39.2248916626,0.973172426224,0.000116415321827,0.000465661287308,1,552.722718567,9.06662291993,0.12750709161,99.0786294049,17.4479246863,100.406628917,84.5444883453,5150.00335872,0.00419095158577,637.784774881,630.129827186,9,70.2954566805
7.3920003511,2544.30272616,-257.711566519,34.3587226868,-477.696838379,1.32174396515,0.187653154135,101.336479187,39.2249755859,0.973172128201,0.000116415321827,0.000465661287308,1,552.722718567,2.54766695861,-1.35213214351,96.9920665082,16.6921241139,118.446892884,97.0773762674,5150.00335872,0.00419095158577,637.784774881,630.129827186,9,70.2954566805
7.42400035262,2536.79091111,-215.544801904,28.7369480133,-479.635345459,1.09415340424,0.157286033034,101.336158752,39.2250556946,0.973171949387,0.000116415321827,0.000465661287308,1,552.722718567,3.99109989422,-0.994307014599,94.9529244967,15.877314791,132.433749968,103.979822597,5150.0024274,0.00419095158577,637.784774881,630.129827186,9,70.2954566805
7.45600035414,2530.51728942,-179.785056389,23.969373703,-481.326782227,0.905357718468,0.131392031908,101.335884094,39.2251434326,0.973171710968,0.000116415321827,0.000465661287308,1,552.722718567,4.97826955835,-0.754547341441,92.958940001,15.050384722,141.99942234,108.604785055,5150.00289306,0.00419095158577,637.784774881,630.129827186,9,70.2954566805
7.48800035566,2525.2904743,-149.640371092,19.9504127502,-482.782836914,0.748887658119,0.109474897385,101.335655212,39.225227356,0.973171591759,0.000116415321827,0.000465661287308,1,552.722718567,5.67312579648,-0.558444625992,91.0087066556,14.2568045589,148.732578964,112.38760635,5150.00289306,0.00419095158577,637.784774881,630.129827186,9,70.2954566805
7.52000035718,2520.94399184,-124.340833281,16.5774173737,-484.024627686,0.619295597076,0.0910304039717,101.33556366,39.225315094,0.973171532154,0.000116415321827,0.000465661287308,1,552.722718567,6.17353003604,-0.382665539449,89.1011184127,13.5202591073,153.581495397,115.778384497,5150.00289306,0.00419095158577,637.784774881,630.129827186,9,70.2954566805
7.5520003587,2517.33511686,-103.186437627,13.757062912,-485.075439453,0.5120216012,0.075575530529,101.33530426,39.2253990173,0.97317135334,0.000116415321827,0.000465661287308,1,552.722718567,6.54265152537,-0.218402772514,87.2353182683,12.8510379082,157.1582834,118.947013107,5150.00289306,0.00419095158577,637.784774881,630.129827186,9,70.2954566805
7.58400036022,2514.34161328,-85.5367761687,11.4039678574,-485.960723877,0.423267394304,0.0626678392291,101.334938049,39.2254714966,0.973171055317,0.000116415321827,0.000465661287308,1,552.722718567,6.82160859976,-0.0620594379551,85.4104565433,12.2514519424,159.861374414,121.96287571,5150.00335872,0.00419095158577,637.784774881,630.129827186,9,70.2954566805
7.61600036174,2511.86150126,-70.8511724952,9.4460477829,-486.702545166,0.349857628345,0.0519162751734,101.334846497,39.2255630493,0.973170995712,0.000116415321827,0.000465661287308,1,552.722718567,7.03740329284,0.0879392147078,83.6255590367,11.7194044801,161.952426424,124.85634943,5150.00289306,0.00419095158577,637.784774881,630.129827186,9,70.2954566805
7.64800036326,2509.80746932,-58.6500245845,7.81936168671,-487.32208252,0.289159029722,0.0429780445993,101.334617615,39.2256355286,0.973170876503,0.000116415321827,0.000465661287308,1,552.722718567,7.20794753648,0.232360760809,81.8799152409,11.2504429464,163.605000125,127.642240841,5150.00335872,0.00419095158577,637.784774881,630.129827186,9,70.2954566805
7.68000036478,2508.10780562,-48.5263662995,6.46965122223,-487.838378906,0.2389819175,0.035557217896,101.334434509,39.2257118225,0.973170757294,0.000116415321827,0.000465661287308,1,552.722718567,7.34530759837,0.371643516439,80.1725216555,10.8390517516,164.936020155,130.329004605,5150.00335872,0.00419095158577,637.784774881,630.129827186,9,70.2954566805
7.7120003663,2506.7019742,-40.1328725275,5.35061073303,-488.268096924,0.197504624724,0.0294064693153,101.334434509,39.2257957458,0.973170757294,0.000116415321827,0.000465661287308,1,552.722718567,7.45772252769,0.50607788496,78.5026604481,10.4793838582,166.025318322,132.92224321,5150.00429004,0.00419095158577,637.784774881,630.129827186,9,70.2954566805
7.74400036782,2505.53921796,-33.1822084263,4.42393112183,-488.624664307,0.163228169084,0.0243110936135,101.334159851,39.2258758545,0.973170518875,0.000116415321827,0.000465661287308,1,552.722718567,7.55867594479,0.659570061917,76.8694526405,10.1661791297,167.003556271,135.88310685,5150.00335872,0.00419095158577,637.784774881,630.129827186,9,70.2954566805
7.77600036934,2504.57809307,-27.4302128673,3.65706157684,-488.920227051,0.134903430939,0.0200936663896,101.333854675,39.225933075,0.973170340061,0.000116415321827,0.000465661287308,1,552.722718567,7.6678752781,0.881811512259,75.272224349,9.89746169598,168.061698787,140.170144732,5150.00382438,0.00465661287308,637.784774881,630.129827186,9,70.2954566805
7.80800037086,2503.78367491,-22.6683478104,3.02219843864,-489.165588379,0.111498445272,0.0166053008288,101.333580017,39.2259979248,0.973170161247,0.000116415321827,0.000465661287308,1,552.722718567,7.78025541452,1.12153044111,73.7102211173,9.67092606987,169.150662259,144.794321386,5150.00382438,0.00465661287308,637.784774881,630.129827186,9,70.2954566805
7.84000037238,2503.1270925,-18.7307323358,2.49722599983,-489.368621826,0.092165954411,0.0137192914262,101.333396912,39.2260627747,0.973169982433,0.000116415321827,0.000465661287308,1,552.722718567,9.72461150741,1.8120143339,72.1828423101,9.48201712888,169.812425156,148.448365508,5150.00335872,0.00465661287308,637.784774881,630.129827186,9,70.2954566805
7.8720003739,2502.58482993,-15.4793597176,2.06374526024,-489.536193848,0.0761913508177,0.0113339228556,101.333213806,39.2261314392,0.973169863224,0.000116415321827,0.000465661287308,1,552.722718567,26.5361750531,6.31911129287,70.6893847447,9.32997492295,169.812425156,148.618230014,5150.00289306,0.00465661287308,637.784774881,630.129827186,9,70.2954566805
7.90400037542,2502.13663094,-12.7905914269,1.70527219772,-489.674926758,0.062991335988,0.00936285033822,101.332939148,39.2262039185,0.97316968441,0.000116415321827,0.000465661287308,1,552.722718567,58.7559563467,13.8252051011,69.2292990596,10.9225409664,169.812425156,142.585296999,5150.00335872,0.00465661287308,637.784774881,636.162760202,9,70.2954566805
7.93600037694,2501.76619738,-10.5650415207,1.40855658054,-489.789978027,0.0520865209401,0.00773406447843,101.416435242,39.1853637695,0.973227679729,0.000116415321827,0.000465661287308,1,552.722718567,89.0929512383,19.2415387288,83.9797140874,15.7093987843,155.634130351,124.035243061,5150.00382438,0.00465661287308,651.962996926,654.712901451,9,70.2954566805
7.96800037846,2501.46002509,-8.72972123034,1.16386735439,-489.884521484,0.0430780239403,0.00638815900311,101.495704651,39.1466751099,0.973282575607,0.000116415321827,0.000465661287308,1,552.722718567,102.846201885,22.1088871591,98.6947575591,19.3909998512,134.009271278,107.329040475,5150.00382438,0.00465661287308,673.587899655,671.419024002,9,70.2954566805
8.00000037998,2501.20740384,-7.21381547919,0.961763143539,-489.962799072,0.0356294699013,0.00527809420601,101.531990051,39.1290626526,0.973307669163,0.000116415321827,0.000465661287308,1,552.722718567,108.645269264,23.2159659591,105.899531159,21.3537366645,118.533251225,95.3369089984,5150.00289306,0.00465661287308,689.064036123,683.411082719,9,70.2954566805
8.0320003815,2500.99855475,-5.95981509832,0.794576823711,-490.027557373,0.0294750574976,0.00436086580157,101.549201965,39.1205863953,0.973319590092,0.000116415321827,0.000465661287308,1,552.722718567,110.519134036,23.2510683281,108.83353179,22.03755623,108.698994154,87.335385615,5150.00335872,0.00465661287308,698.898278642,691.412598826,9,70.2954566805
8.06400038302,2500.82579441,-4.92502067573,0.656615555286,-490.080810547,0.0243917237967,0.00360213825479,101.557899475,39.1163444519,0.973325610161,0.000116415321827,0.000465661287308,1,552.722718567,110.210693187,22.6412459262,109.270288837,21.8993643432,102.89662896,82.2629881441,5150.00382438,0.00465661287308,704.700592905,696.484989021,9,70.2954566805
8.09600038454,2500.68330206,-4.07033394367,0.54266667366,-490.124908447,0.0201911367476,0.0029752466362,101.561973572,39.1144104004,0.973328411579,0.000116415321827,0.000465661287308,1,552.722718567,108.352562129,21.6259196537,107.975011603,21.2448623701,100.011144241,79.3642539065,5150.00289306,0.00465661287308,707.585888449,699.383672327,9,70.2954566805
8.12800038606,2500.56548975,-3.36361517839,0.448445230722,-490.161346436,0.0167167112231,0.0024583179038,101.561523438,39.114528656,0.973328053951,0.000116415321827,0.000465661287308,1,552.722718567,99.2293961765,19.2983555269,105.169935131,20.130806679,99.5860973489,78.6333766882,5150.00382438,0.00465661287308,708.010920789,700.11446951,10,70.2264078427
8.16000038758,2500.46793371,-2.78081415672,0.370744794607,-490.191192627,0.013843851164,0.00203169044107,101.561256409,39.1148223877,0.973327875137,0.000116415321827,0.000465661287308,1,552.722718567,69.018886278,12.6800903417,102.789214785,19.0100213094,99.5860973489,78.6333766882,5150.00335872,0.00465661287308,708.010920789,700.11446951,10,70.2264078427
8.1920003891,2500.38737431,-2.29819806918,0.306401252747,-490.216064453,0.0114682242274,0.00167929800227,101.561073303,39.1149902344,0.973327755928,0.000116415321827,0.000465661287308,1,552.722718567,31.2923418749,4.41527381564,100.593988182,18.0687214998,99.5860973489,78.6333766882,5150.00382438,0.00465661287308,708.010920789,700.11446951,10,70.2264078427
8.22400039062,2500.32101758,-1.90000901057,0.253313750029,-490.236602783,0.00950470659882,0.00138778961264,101.560386658,39.1151161194,0.973327279091,0.000116415321827,0.000465661287308,1,552.722718567,5.68937224741,-0.639019191914,98.4699295317,17.2758829747,103.153870441,87.4025208759,5150.00289306,0.00465661287308,708.010920789,700.11446951,10,70.2264078427
8.25600039214,2500.26583672,-1.57089573349,0.20943556726,-490.253417969,0.00788111891598,0.00114707427565,101.560035706,39.1152496338,0.973327040672,0.000116415321827,0.000465661287308,1,552.722718567,2.90278316305,-1.25712899822,96.3973350669,16.5096262217,121.887969726,98.9099862636,5150.00335872,0.00465661287308,708.010920789,700.11446951,10,70.2264078427
8.28800039366,2500.22020191,-1.29912859848,0.173202931881,-490.267272949,0.00653756223619,0.000948172528297,101.559623718,39.1153869629,0.973326802254,0.000116415321827,0.000465661287308,1,552.722718567,4.22619091018,-0.937193504031,94.3714509797,15.6870562519,134.711779538,105.081540823,5150.00289306,0.00465661287308,708.010920789,700.11446951,10,70.2264078427
8.32000039518,2500.18271618,-1.07366759039,0.143143936992,-490.278961182,0.00542632909492,0.000784216623288,101.559394836,39.1155204773,0.97332662344,0.000116415321827,0.000465661287308,1,552.722718567,5.13941147983,-0.710186628752,92.3903361929,14.8644414176,143.560886499,109.460503154,5150.00335872,0.00465661287308,708.010920789,700.11446951,10,70.2264078427
8.3520003967,2500.15151687,-0.889204216037,0.118550829589,-490.288238525,0.00450552115217,0.000649129797239,101.558937073,39.1156539917,0.973326265812,0.000116415321827,0.000465661287308,1,552.722718567,5.78533791985,-0.519630862208,90.4526795636,14.0817962952,149.819912622,113.136324217,5150.00382438,0.00465661287308,708.010920789,700.11446951,10,70.2264078427
8.38400039822,2500.12567267,-0.736924675948,0.0982485562563,-490.295898438,0.00374310510233,0.000536946288776,101.558753967,39.1157951355,0.973326146603,0.000116415321827,0.000465661287308,1,552.722718567,6.25288393215,-0.346769314448,88.5573603943,13.3593199918,154.350433149,116.470822832,5150.00335872,0.00465661287308,708.010920789,700.11446951,10,70.2264078427
8.41600039974,2500.10425225,-0.608958657722,0.0811878219247,-490.302459717,0.00311279576272,0.000444020522991,101.558311462,39.1159133911,0.973325848579,0.000116415321827,0.000465661287308,1,552.722718567,6.59958277381,-0.184372860167,86.7036022541,12.7051805973,157.709946507,119.603450003,5150.00289306,0.00465661287308,708.010920789,700.11446951,10,70.2264078427
8.44800040126,2500.08678995,-0.503740238855,0.0671598538756,-490.307891846,0.00258845812641,0.000368607608834,101.55821991,39.1160469055,0.973325788975,0.000116415321827,0.000465661287308,1,552.722718567,6.86295171548,-0.0294507731795,84.8904455916,12.12051529,160.26198864,122.591896798,5150.00335872,0.00465661287308,708.010920789,700.11446951,10,70.2264078427
8.48000040278,2500.07212162,-0.41736223011,0.0556437298656,-490.312255859,0.00215366482735,0.000306588044623,101.557991028,39.1161727905,0.973325669765,0.000116415321827,0.000465661287308,1,552.722718567,7.06766944939,0.119334087411,83.1170114284,11.6025653595,162.245705724,125.461956486,5150.00335872,0.00465661287308,708.010920789,700.11446951,10,70.2264078427
8.5120004043,2500.06024726,-0.345670343904,0.0460855960846,-490.315979004,0.00179441040382,0.000254533399129,101.557807922,39.1163101196,0.973325490952,0.000116415321827,0.000465661287308,1,552.722718567,7.23016142677,0.262651223751,81.3825086839,11.1465550232,163.820252055,128.226543893,5150.00335872,0.00465661287308,708.010920789,700.11446951,10,70.2264078427
8.54400040582,2500.05000271,-0.287555224077,0.0383375510573,-490.318695068,0.00149857031647,0.000210339247133,101.557533264,39.1164321899,0.973325312138,0.000116415321827,0.000465661287308,1,552.722718567,7.36151925641,0.400898218348,79.6860950038,10.7468606505,165.09310808,130.893327878,5150.00382438,0.00465661287308,708.010920789,700.11446951,10,70.2264078427
8.57600040734,2500.04185364,-0.238393141672,0.0317831449211,-490.321258545,0.00125444319565,0.000173132735654,101.557395935,39.1165542603,0.973325252533,0.000116415321827,0.000465661287308,1,552.722718567,7.46943445719,0.534557815471,78.0269793075,10.3976278789,166.138808709,133.471621666,5150.00335872,0.00465661287308,708.010920789,700.11446951,10,70.2264078427
8.60800040886,2500.03486872,-0.198732507783,0.0264954939485,-490.323120117,0.00105205830187,0.000141787881148,101.557220459,39.1166801453,0.973325133324,0.000116415321827,0.000465661287308,1,552.722718567,7.57147835688,0.702170414331,76.4042752919,10.0941560051,167.127611348,136.704868055,5150.00382438,0.00465661287308,708.010920789,700.11446951,10,70.2264078427
8.64000041038,2500.02904795,-0.163573844247,0.0218080561608,-490.324951172,0.000882025400642,0.000116940769658,101.556770325,39.1167831421,0.973324775696,0.000116415321827,0.000465661287308,1,552.722718567,7.68216417086,0.934256537306,74.8173603471,9.83484547155,168.20016026,141.181808431,5150.00429004,0.00465661287308,708.010920789,700.11446951,10,70.2264078427
8.6720004119,2500.02415851,-0.135453035455,0.0180589221418,-490.326293945,0.000739819020964,9.72177585936e-05,101.556495667,39.116897583,0.973324596882,0.000116415321827,0.000465661287308,1,552.722718567,7.79361680194,1.16957656835,73.2655019912,9.61686157288,169.280130649,145.721132867,5150.00382438,0.00465661287308,708.010920789,700.11446951,10,70.2264078427
8.70400041342,2500.02020039,-0.113135030233,0.0150834331289,-490.327331543,0.000618618971203,8.20270070108e-05,101.556358337,39.1170158386,0.973324537277,0.000116415321827,0.000465661287308,1,552.722718567,11.8741266546,2.40039824636,71.7480483152,9.43581857306,169.718230609,148.621722474,5150.00429004,0.00512227416039,708.010920789,700.11446951,10,70.2264078427
8.73600041494,2500.01694076,-0.0931129022774,0.012414034456,-490.328399658,0.000515368883498,7.0461879659e-05,101.555992126,39.1171112061,0.973324239254,0.000116415321827,0.000465661287308,1,552.722718567,32.2284135941,7.85026970722,70.2642741619,9.29122387794,169.718230609,148.621722474,5150.00382438,0.00512227416039,708.010920789,700.11446951,10,70.2264078427
8.76800041646,2500.01437962,-0.0764853211876,0.010197205469,-490.329376221,0.000433822133346,5.96667305217e-05,101.555641174,39.1172218323,0.973324000835,0.000116415321827,0.000465661287308,1,552.722718567,67.2373728383,15.218723737,68.8137327173,11.8989706131,169.718230609,138.926116051,5150.00475571,0.00558793544769,708.010920789,709.810119588,10,70.2264078427
8.80000041798,2500.01228414,-0.0633085477375,0.0084404470399,-490.330078125,0.000369537185179,4.95450694871e-05,101.673912048,39.0610046387,0.973405480385,0.000116415321827,0.000465661287308,1,552.722718567,92.9056006612,20.0413486514,87.840538852,16.6408064244,150.534702698,120.074051665,5150.00475571,0.00558793544769,727.194477804,728.662300389,10,70.2264078427
8.8320004195,2500.0104215,-0.0528138812683,0.00704127270728,-490.330566406,0.000314964971039,4.15873037127e-05,101.748878479,39.0255050659,0.973456978798,0.000116415321827,0.000465661287308,1,552.722718567,104.45550148,22.4597753401,100.624356886,19.9392608028,130.058513605,104.35331933,5150.00429004,0.00558793544769,747.670594137,744.383025449,10,70.2264078427
8.86400042102,2500.00879169,-0.0443650804982,0.00591485854238,-490.3309021,0.000266394054051,3.61440361303e-05,101.78313446,39.0092811584,0.973480463028,0.000116415321827,0.000465661287308,1,552.722718567,109.165192318,23.2878261065,106.681799969,21.5828442181,115.940893011,93.3119954425,5150.00429004,0.00558793544769,761.788222007,755.42437844,10,70.2264078427
8.89600042254,2500.0073947,-0.0375795359275,0.00501019367948,-490.33114624,0.00022298793192,3.25599612552e-05,101.799934387,39.0013999939,0.97349190712,0.000116415321827,0.000465661287308,1,552.722718567,110.476444984,23.1560342812,108.974117062,22.0563791864,107.105348434,86.020976596,5150.00475571,0.00558793544769,770.623795688,762.715470046,10,70.2264078427
8.92800042406,2500.00646338,-0.0320764748096,0.0042765121907,-490.331420898,0.000184664037079,3.00849151245e-05,101.808357239,38.9974517822,0.97349768877,0.000116415321827,0.000465661287308,1,552.722718567,109.805279046,22.4437303217,108.99759311,21.7864852034,102.006801171,81.4665327198,5150.00382438,0.00558793544769,775.722321123,767.269986682,10,70.2264078427
8.96000042558,2500.00529923,-0.0271568154631,0.00362061150372,-490.331481934,0.000151427419041,2.81916672975e-05,101.811851501,38.9957504272,0.973500072956,0.000116415321827,0.000465661287308,1,552.722718567,107.649284179,21.3601843374,107.379796724,21.0476159527,99.6598100755,78.9683108451,5150.00382438,0.00558793544769,778.069370426,769.76820128,10,70.2264078427
8.9920004271,2500.00460073,-0.0222006910633,0.0029598493129,-490.331817627,0.000125509133795,2.59532807831e-05,101.810935974,38.9962463379,0.97349947691,0.000116415321827,0.000465661287308,1,552.722718567,94.1691247996,18.2061607613,104.508533177,19.8655932561,99.5343216346,78.6206874182,5150.00522137,0.00558793544769,778.194807936,770.115817431,11,70.1839016983
9.02400042862,2500.00413507,-0.0180143491235,0.00240171607584,-490.332122803,0.000107407708128,2.28792468988e-05,101.810218811,38.996509552,0.973499000072,0.000116415321827,0.000465661287308,1,552.722718567,60.8395014175,10.8989367337,102.193582391,18.7858323725,99.5343216346,78.6206874182,5150.00475571,0.00558793544769,778.194807936,770.115817431,11,70.1839016983
9.05600043014,2500.00343658,-0.014509341284,0.00193442008458,-490.332275391,9.45909778238e-05,1.96419296117e-05,101.810127258,38.9967193604,0.973498940468,0.000116415321827,0.000465661287308,1,552.722718567,24.0624001927,2.91960758806,100.019985982,17.8789702045,99.5343216346,79.0202029748,5150.00382438,0.00558793544769,778.194807936,770.115817431,11,70.1839016983
9.08800043166,2500.00297092,-0.011643699338,0.00155236583669,-490.332427979,8.45082904561e-05,1.69465802173e-05,101.809669495,38.9968948364,0.97349858284,0.000116415321827,0.000465661287308,1,552.722718567,3.34586358959,-1.19749202991,97.9102546793,17.1081976999,107.064777694,90.3562904568,5150.00429004,0.00558793544769,778.194807936,770.115817431,11,70.1839016983
9.12000043318,2500.00273809,-0.00939697031299,0.00125282653607,-490.332611084,7.59301328799e-05,1.49653760673e-05,101.809669495,38.9970817566,0.97349858284,0.000116415321827,0.000465661287308,1,552.722718567,3.22501275655,-1.17493513203,95.8504273759,16.3277564328,125.010366901,100.495504739,5150.00382438,0.00558793544769,778.194807936,770.115817431,11,70.1839016983
9.1520004347,2500.00227243,-0.00759828644448,0.00101302168332,-490.332611084,6.85800114297e-05,1.35433319883e-05,101.809181213,38.9972419739,0.973498284817,0.000116415321827,0.000465661287308,1,552.722718567,4.44339883572,-0.884051476574,93.8367830631,15.5005480207,136.8165249,106.106650492,5150.00429004,0.00558793544769,778.194807936,770.115817431,11,70.1839016983
9.18400043622,2500.00227243,-0.00612963502178,0.000817217573058,-490.332794189,6.2474355218e-05,1.24582902572e-05,101.808815002,38.9973983765,0.973497986794,0.000116415321827,0.000465661287308,1,552.722718567,5.28954969034,-0.667530081235,91.8674246125,14.6840191963,145.015728776,110.283348477,5150.00475571,0.00558793544769,778.194807936,770.115817431,11,70.1839016983
9.21600043774,2500.0020396,-0.00498226526702,0.000664247490931,-490.332855225,5.75749836571e-05,1.15611301226e-05,101.808494568,38.9975624084,0.97349780798,0.000116415321827,0.000465661287308,1,552.722718567,5.89093893529,-0.481729839675,89.9412459762,13.9131780215,150.843188749,113.867434266,5150.00335872,0.00558793544769,778.194807936,770.115817431,11,70.1839016983
9.24800043926,2500.0020396,-0.00402787625475,0.000537006068043,-490.332977295,5.36916631972e-05,1.08081640064e-05,101.808036804,38.9977226257,0.973497509956,0.000116415321827,0.000465661287308,1,552.722718567,6.32848935157,-0.311481106739,88.057199705,13.2050354753,155.083049322,117.151532322,5150.00335872,0.00558793544769,778.194807936,770.115817431,11,70.1839016983
9.28000044078,2500.00180677,-0.00325594085027,0.000434089830378,-490.332977295,5.05955686094e-05,1.01753666968e-05,101.807685852,38.9978713989,0.973497271538,0.000116415321827,0.000465661287308,1,552.722718567,6.65464756654,-0.150830277255,86.214465419,12.5659192868,158.243521582,120.250486361,5150.00335872,0.00558793544769,778.194807936,770.115817431,11,70.1839016983
9.3120004423,2500.00157394,-0.00260283683495,0.000347016437445,-490.332946777,4.81162460346e-05,9.65771323536e-06,101.807411194,38.9980278015,0.973497033119,0.000116415321827,0.000465661287308,1,552.722718567,6.90366535447,0.00272261626428,84.4120908917,11.9959374969,160.656505614,123.21252143,5150.00382438,0.00558793544769,778.194807936,770.115817431,11,70.1839016983
9.34400044382,2500.00157394,-0.00212370210306,0.000283137051156,-490.333007812,4.61178460682e-05,9.2374812084e-06,101.807090759,38.9981765747,0.973496854305,0.000116415321827,0.000465661287308,1,552.722718567,7.09813841191,0.150317825975,82.6492191191,11.4917692154,162.540949532,126.059632748,5150.00382438,0.00558793544769,778.194807936,770.115817431,11,70.1839016983
9.37600044534,2500.00157394,-0.00171611302946,0.000228796285228,-490.333068848,4.44685865659e-05,8.91142644832e-06,101.806907654,38.9983329773,0.973496735096,0.000116415321827,0.000465661287308,1,552.722718567,7.25314259196,0.292547162156,80.9250077468,11.0483896158,164.042940014,128.803236294,5150.00382438,0.00558793544769,778.194807936,770.115817431,11,70.1839016983
9.40800044686,2500.00157394,-0.00138741740319,0.000184973803698,-490.333099365,4.31237749581e-05,8.65273432282e-06,101.806373596,38.9984664917,0.973496317863,0.000116415321827,0.000465661287308,1,552.722718567,7.37889418743,0.429768939455,79.2387535921,10.6600285709,165.26147374,131.450244226,5150.00289306,0.00558793544769,778.194807936,770.115817431,11,70.1839016983
9.44000044838,2500.00157394,-0.00112154818765,0.000149527491885,-490.333129883,4.20401520387e-05,8.44210080686e-06,101.806282043,38.998626709,0.973496258259,0.000116415321827,0.000465661287308,1,552.722718567,7.48318451788,0.564334582486,77.5894897788,10.3208967262,166.272046044,134.046014864,5150.00429004,0.00558793544769,778.194807936,770.115817431,11,70.1839016983
9.4720004499,2500.0013411,-0.000906280939184,0.00012082754256,-490.33303833,4.11712499044e-05,8.26898121886e-06,101.805870056,38.9987564087,0.97349601984,0.000116415321827,0.000465661287308,1,552.722718567,7.58703947934,0.747971598667,75.9765131242,10.0270331851,167.278398294,137.588373036,5150.00382438,0.00558793544769,778.194807936,770.115817431,11,70.1839016983
9.50400045142,2500.0013411,-0.000732240934553,9.76241135504e-05,-490.333068848,4.04968195653e-05,8.12120742921e-06,101.805595398,38.9988937378,0.973495781422,0.000116415321827,0.000465661287308,1,552.722718567,7.69882172732,0.98651443609,74.3991131207,9.77695467168,168.361570104,142.189863254,5150.00335872,0.00558793544769,778.194807936,770.115817431,11,70.1839016983
9.53600045294,2500.0013411,-0.000591671267536,7.88830293459e-05,-490.333068848,3.99344644393e-05,8.00612633611e-06,101.805229187,38.9990310669,0.973495543003,0.000116415321827,0.000465661287308,1,552.722718567,7.80879291354,1.21556865581,72.8565572863,9.56722676084,169.427192304,146.608319483,5150.00335872,0.00558793544769,778.194807936,770.115817431,11,70.1839016983
9.56800045446,2500.0013411,-0.000478550588046,6.38015117147e-05,-490.333099365,3.94659800804e-05,7.91890215623e-06,101.804832458,38.9991493225,0.973495304585,0.000116415321827,0.000465661287308,1,552.722718567,14.8245064985,3.19365016598,71.3481717376,9.39412295038,169.640552485,148.619874381,5150.00382438,0.00558793544769,778.194807936,770.115817431,11,70.1839016983
9.60000045598,2500.0013411,-0.000387143872516,5.16149448231e-05,-490.333099365,3.90862187487e-05,7.84865551395e-06,101.804374695,38.9992790222,0.973494946957,0.000116415321827,0.000465661287308,1,552.722718567,38.5967879644,9.55106637654,69.8733338648,9.28266024767,169.640552485,148.530409206,5150.00335872,0.00558793544769,778.194807936,770.205282606,11,70.1839016983
9.6320004575,2500.0013411,-0.000312982972872,4.17276387452e-05,-490.333129883,3.87835971196e-05,7.78996763984e-06,101.817878723,38.9944953918,0.973504245281,0.000116415321827,0.000465661287308,1,552.722718567,74.7955690074,16.4830298,71.5950840975,12.9440210055,167.653488461,134.938556585,5150.00335872,0.00558793544769,780.181842856,783.797120675,11,70.1839016983
9.66400045902,2500.0013411,-0.000252839887915,3.37092169502e-05,-490.333129883,3.85426756111e-05,7.7410331869e-06,101.925636292,38.9554748535,0.973577797413,0.000116415321827,0.000465661287308,1,552.722718567,96.146225585,20.7292115175,91.2571425781,17.4958308408,145.600293763,116.293442261,5150.00335872,0.00558793544769,802.235095762,802.442198619,11,70.1839016983
9.69600046054,2500.0013411,-0.000204190470088,2.72231609415e-05,-490.333129883,3.83491315006e-05,7.70107362769e-06,101.980499268,38.9356613159,0.973615109921,0.000116415321827,0.000465661287308,1,552.722718567,105.788984975,22.7392575125,102.274140762,20.4104206982,126.444399939,101.601908682,5150.00335872,0.00558793544769,821.390887722,817.133812234,11,70.1839016983
9.72800046206,2500.0013411,-0.000164921132306,2.19876801566e-05,-490.333129883,3.81922654924e-05,7.66902485339e-06,102.006004333,38.9265289307,0.973632454872,0.000116415321827,0.000465661287308,1,552.722718567,109.566673032,23.3175960065,107.326186366,21.7596488939,113.612615678,91.4617339731,5150.00382438,0.00558793544769,834.222650155,827.274052426,11,70.1839016983
9.76000046358,2500.0013411,-0.000133244831835,1.77645197255e-05,-490.333129883,3.8064790715e-05,7.64346077631e-06,102.018592834,38.9220237732,0.973641037941,0.000116415321827,0.000465661287308,1,552.722718567,110.377486665,23.0362698106,109.044457309,22.0429326479,105.698287371,84.8334166221,5150.00382438,0.00558793544769,842.136912979,833.902391605,11,70.1839016983
9.7920004651,2500.0013411,-0.000107675784955,1.43555926115e-05,-490.3331604,3.79614029953e-05,7.6229653132e-06,102.024894714,38.91979599,0.973645329475,0.000116415321827,0.000465661287308,1,552.722718567,109.36522583,22.2310926261,108.682728394,21.6540103387,101.256009657,80.7656833786,5150.00429004,0.00558793544769,846.57932166,837.970233988,11,70.1839016983
9.82400046661,2500.0013411,-8.70122446317e-05,1.16006804092e-05,-490.3331604,3.78778386221e-05,7.60640341468e-06,102.027015686,38.9190559387,0.973646759987,0.000116415321827,0.000465661287308,1,552.722718567,106.653570113,21.0132826898,106.631668901,20.8277706341,99.4976289803,78.6860473454,5150.00429004,0.00558793544769,848.337716889,840.049877297,11,70.1839016983
9.85600046813,2500.0013411,-7.03073779751e-05,9.37354798225e-06,-490.3331604,3.78104523406e-05,7.59296108299e-06,102.026115417,38.9195175171,0.973646104336,0.000116415321827,0.000465661287308,1,552.722718567,88.1872665351,16.9058458829,103.898536811,19.6111436562,99.4976289803,78.6120872363,5150.00382438,0.00558793544769,848.337716889,840.123801026,12,70.1429016772
9.88800046965,2500.0013411,-5.68041065574e-05,7.57325915401e-06,-490.3331604,3.77561118512e-05,7.58205669626e-06,102.025436401,38.9197006226,0.973645687103,0.000116415321827,0.000465661287308,1,552.722718567,52.5332763102,9.08464106172,101.63181264,18.571024699,99.4976289803,78.6120872363,5150.00382438,0.00558793544769,848.337716889,840.123801026,12,70.1429016772
9.92000047117,2500.0013411,-4.58937922387e-05,6.11867017142e-06,-490.3331604,3.77122487407e-05,7.57323550715e-06,102.02507782,38.9198532104,0.973645448685,0.000116415321827,0.000465661287308,1,552.722718567,17.573790732,1.73637744064,99.4765356059,17.6974776439,99.4976289803,80.5425661383,5150.00382438,0.00558793544769,848.337716889,840.123801026,12,70.1429016772
9.95200047269,2500.0013411,-3.70793083737e-05,4.94350206282e-06,-490.3331604,3.76767820853e-05,7.56611643737e-06,102.024528503,38.9199943542,0.973645031452,0.000116415321827,0.000465661287308,1,552.722718567,2.14895525628,-1.47402756457,97.380047578,16.940323811,111.498426122,93.1906906771,5150.00335872,0.00558793544769,848.337716889,840.123801026,12,70.1429016772
9.98400047421,2500.0013411,-2.99589034136e-05,3.99419241148e-06,-490.3331604,3.76480966224e-05,7.56037525207e-06,102.024253845,38.9201316833,0.973644852638,0.000116415321827,0.000465661287308,1,552.722718567,3.52278958272,-1.10187234077,95.3321890306,16.1451559931,127.895822516,101.904886833,5150.00289306,0.00558793544769,848.337716889,840.123801026,12,70.1429016772
10.0160004757,2500.0013411,-2.42056166777e-05,3.22715072798e-06,-490.3331604,3.76249117835e-05,7.55574001232e-06,102.023902893,38.9202728271,0.97364461422,0.000116415321827,0.000465661287308,1,552.722718567,4.64647077412,-0.833776830051,93.3300153861,15.3160989795,138.784293085,107.07644833,5150.00382438,0.00558793544769,848.337716889,840.123801026,12,70.1429016772
10.0480004773,2500.0013411,-1.95579351325e-05,2.60751062342e-06,-490.3331604,3.76061871066e-05,7.55199471314e-06,102.023490906,38.9203948975,0.973644375801,0.000116415321827,0.000465661287308,1,552.722718567,5.43105193798,-0.625994116739,91.3718053116,14.5072392417,146.386882989,111.084576929,5150.00335872,0.00558793544769,848.337716889,840.123801026,12,70.1429016772
10.0800004788,2500.0013411,-1.58012682799e-05,2.10666280509e-06,-490.3331604,3.75910531147e-05,7.54896609578e-06,102.0233078,38.9205436707,0.973644256592,0.000116415321827,0.000465661287308,1,552.722718567,5.99144187596,-0.444329394201,89.4565626317,13.7489647114,151.817061123,114.588889119,5150.00429004,0.00558793544769,848.337716889,840.123801026,12,70.1429016772
10.1120004803,2500.0013411,-1.27665360922e-05,1.70206510575e-06,-490.3331604,3.75788331439e-05,7.54651819079e-06,102.022850037,38.9206733704,0.973643898964,0.000116415321827,0.000465661287308,1,552.722718567,6.40128020888,-0.276455791401,87.5832105978,13.0554672274,155.788395205,117.82717047,5150.00335872,0.00558793544769,848.337716889,840.123801026,12,70.1429016772
10.1440004818,2500.0013411,-1.0315965096e-05,1.37534914302e-06,-490.3331604,3.75689669454e-05,7.54454094931e-06,102.022712708,38.9208030701,0.973643839359,0.000116415321827,0.000465661287308,1,552.722718567,6.70837832641,-0.117455542881,85.7508775564,12.4314337589,158.764174557,120.894284919,5150.00335872,0.00558793544769,848.337716889,840.123801026,12,70.1429016772
10.1760004833,2500.06979331,17.8618647624,-2.38138651848,-492.74810791,0.00240733521059,0.000164212251548,102.022315979,38.9209289551,0.973643541336,0.000116415321827,0.000465661287308,2,549.884513021,6.9440264865,0.0347670081336,83.9587358027,11.8760384327,161.047602887,123.830657685,5150.00335872,0.00558793544769,848.337716889,840.123801026,12,70.1429016772
10.2080004849,2503.66982073,190.492733964,-25.3969459534,-517.528869629,0.141166672111,0.00234372587875,102.021949768,38.9210510254,0.973643302917,0.000116415321827,0.000465661287308,2,549.884513021,7.12891089665,0.181187650711,82.2058111357,11.3854714265,162.839132827,126.655111671,5150.00335872,0.00558793544769,848.337716889,840.123801026,12,70.1429016772
10.2400004864,2512.03402877,318.50891537,-42.4643707275,-538.697570801,0.470226973295,0.00464296108112,102.021766663,38.9211807251,0.973643183708,0.000116415321827,0.000465661287308,2,549.884513021,7.27686859979,0.322330681739,80.4914003727,10.9544652791,164.272845723,129.377760459,5150.00382438,0.00558793544769,848.337716889,840.123801026,12,70.1429016772
10.2720004879,2523.97265285,417.229894083,-55.6260871887,-557.713134766,0.907038271427,0.0216150730848,102.021354675,38.9212989807,0.973642885685,0.000116415321827,0.000465661287308,2,549.884513021,7.39731610992,0.458530303287,78.8146831338,10.5772452856,165.439982084,132.005050546,5150.00335872,0.00558793544769,848.337716889,840.123801026,12,70.1429016772
10.3040004894,2538.66286948,492.707767989,-65.6889801025,-574.979187012,1.40902364254,0.0572889298201,102.020957947,38.9214057922,0.973642647266,0.000116415321827,0.000465661287308,2,549.884513021,7.49917643131,0.597034524963,77.1747731157,10.248068787,166.42700939,134.676796733,5150.00289306,0.00558793544769,848.337716889,840.123801026,12,70.1429016772
10.3360004909,2555.4408785,549.649179447,-73.2805404663,-590.797546387,1.95672345161,0.108713500202,102.020591736,38.9215240479,0.973642408848,0.000116415321827,0.000465661287308,2,549.884513021,7.6050512119,0.796638676084,75.5709451614,9.96380076021,167.452933965,138.527160743,5150.00382438,0.00558793544769,848.337716889,840.123801026,12,70.1429016772
10.3680004925,2573.78537208,592.120806687,-78.9429626465,-605.454833984,2.53797197342,0.172267466784,102.020500183,38.9216423035,0.973642349243,0.000116415321827,0.000465661287308,2,549.884513021,7.71743867315,1.03821862426,74.0024667887,9.72279128962,168.541970197,143.187236972,5150.00429004,0.00558793544769,848.337716889,840.123801026,12,70.1429016772
10.400000494,2593.2895951,623.279775027,-83.09715271,-619.172546387,3.14365005493,0.244971632957,102.02040863,38.9217681885,0.973642230034,0.000116415321827,0.000465661287308,2,549.884513021,7.91275500049,1.282936285,72.4687373625,9.52106757592,169.569728314,147.451530211,5150.00475571,0.00558793544769,848.337716889,840.123801026,12,70.1429016772
10.4320004955,2613.63130994,645.376509055,-86.0431365967,-632.092773438,3.76648020744,0.324489325285,102.019950867,38.9218711853,0.973641932011,0.000116415321827,0.000465661287308,2,549.884513021,18.5597664505,4.19731189142,70.9689804519,9.35596704699,169.590275618,148.622784764,5150.00382438,0.00558793544769,848.337716889,840.123801026,12,70.1429016772
10.464000497,2634.55254026,660.154386424,-88.0133590698,-644.321350098,4.40037679672,0.409051537514,102.019721985,38.9219741821,0.973641812801,0.000116415321827,0.000465661287308,2,549.884513021,45.6090323315,11.2350873767,69.5026027463,9.63368210658,169.590275618,147.208833368,5150.00382438,0.00558793544769,848.337716889,841.537723318,12,70.1429016772
10.4960004985,2655.84001318,668.855907861,-89.1734695435,-655.919433594,5.04019737244,0.497252106667,102.044639587,38.9202232361,0.973658680916,0.000116415321827,0.000465661287308,2,549.884513021,80.7946772231,17.6182029474,76.2434661919,14.0018550401,163.496210007,130.81812358,5150.00475571,0.00558793544769,854.431826156,857.928360347,12,70.1429016772
10.5280005001,2677.31701024,672.44557431,-89.652053833,-666.928894043,5.68149232864,0.587994515896,102.108062744,38.915687561,0.973701715469,0.000116415321827,0.000465661287308,2,549.884513021,98.8849758117,21.3155377278,94.246782542,18.2694325571,140.912408824,112.726200314,5150.00382438,0.00558793544769,877.015583683,876.020290889,12,70.1429016772
10.5600005016,2698.83289002,671.679736115,-89.549949646,-677.376708984,6.32034349442,0.680403769016,102.137916565,38.9135475159,0.973721921444,0.000116415321827,0.000465661287308,2,549.884513021,106.888044928,22.9560392251,103.678294121,20.8105811126,123.152785818,99.0686239675,5150.00382438,0.00558793544769,894.775090273,889.677845407,12,70.1429016772
10.5920005031,2720.25796585,667.084706947,-88.9373245239,-687.269470215,6.95328235626,0.773766100407,102.151908875,38.9125518799,0.973731338978,0.000116415321827,0.000465661287308,2,549.884513021,109.864287796,23.3109176018,107.848094446,21.8900343537,111.525972898,89.7761710803,5150.00429004,0.00558793544769,906.40183771,898.970349226,12,70.1429016772
10.6240005046,2741.47931486,659.180688672,-87.8835449219,-696.62121582,7.5772228241,0.867479383945,102.158973694,38.9120559692,0.973736166954,0.000116415321827,0.000465661287308,2,549.884513021,110.22440525,22.8951699702,109.048420037,22.0012709025,104.462225863,83.7656407384,5150.00382438,0.00558793544769,913.465453777,904.980755877,12,70.1429016772
10.6560005061,2762.39681989,648.381304927,-86.4437484741,-705.437927246,8.18939113617,0.961036086082,102.16242218,38.911819458,0.973738491535,0.000116415321827,0.000465661287308,2,549.884513021,108.887669535,22.0053380089,108.324097879,21.5044851241,100.635254057,80.156554759,5150.00475571,0.00558793544769,917.292491067,908.589747269,12,70.1429016772
10.6880005077,2782.92223811,634.894706309,-84.6456832886,-713.704162598,8.78730964661,1.05399477482,102.163368225,38.9118804932,0.973739087582,0.000116415321827,0.000465661287308,2,549.884513021,104.732496876,20.5451259706,105.875256706,20.5608706713,99.4709916995,78.6062009865,5150.00429004,0.00558793544769,918.456644285,910.140166525,13,70.1192620909
10.7200005092,2802.97640711,619.107624516,-82.5409088135,-721.432617188,9.36872959137,1.14596796036,102.162696838,38.9120407104,0.973738670349,0.000116415321827,0.000465661287308,2,549.884513021,81.4121815301,15.4273492625,103.331192872,19.3678021461,99.4709916995,78.6062009865,5150.00429004,0.00558793544769,918.456644285,910.140166525,13,70.1192620909
10.7520005107,2822.48761505,601.167557761,-80.1490936279,-728.607727051,9.93167972565,1.23659539223,102.162696838,38.9121513367,0.973738670349,0.000116415321827,0.000465661287308,2,549.884513021,44.284814734,7.27953437649,101.100433567,18.3658088773,99.4709916995,78.6062009865,5150.00429004,0.00558793544769,918.456644285,910.140166525,13,70.1192620909
10.7840005122,2841.39276482,581.370084547,-77.5096511841,-735.23815918,10.4743881226,1.32554996014,102.16242218,38.9122085571,0.973738491535,0.000116415321827,0.000465661287308,2,549.884513021,11.9715971198,0.722817193696,98.9610587178,17.5242969228,99.4709916995,82.7682306408,5150.00429004,0.00558793544769,918.456644285,910.140166525,13,70.1192620909
10.8160005137,2859.6338816,559.798907489,-74.6337280273,-741.306396484,10.9953269958,1.41251516342,102.162147522,38.912273407,0.973738312721,0.000116415321827,0.000465661287308,2,549.884513021,2.26515665977,-1.42605113757,96.8767665154,16.7710252445,115.709364763,95.6514777499,5150.00522137,0.00558793544769,918.456644285,910.140166525,13,70.1192620909
10.8480005153,2877.16090679,536.814273801,-71.5693588257,-746.836120605,11.4931869507,1.49718821049,102.161781311,38.9123344421,0.973738014698,0.000116415321827,0.000465661287308,2,549.884513021,3.79643913827,-1.03608996287,94.840305388,15.9631580199,130.547487061,103.173828393,5150.00568703,0.00558793544769,918.456644285,910.140166525,13,70.1192620909
10.8800005168,2893.92820559,512.448896188,-68.3209152222,-751.809204102,11.9668588638,1.57927727699,102.161697388,38.9124031067,0.973737955093,0.000116415321827,0.000465661287308,2,549.884513021,4.8346110668,-0.786111994031,92.8489285283,15.1348289103,140.607371577,107.995903818,5150.00429004,0.006053596735,918.456644285,910.140166525,13,70.1192620909
10.9120005183,2909.89596397,486.953475047,-64.9217987061,-756.239624023,12.4154634476,1.65848958492,102.161338806,38.9124526978,0.973737716675,0.000116415321827,0.000465661287308,2,549.884513021,5.56308410887,-0.585648950532,90.9013394429,14.335004338,147.666272824,111.862835183,5150.00522137,0.006053596735,918.456644285,910.140166525,13,70.1192620909
10.9440005198,2925.03018863,460.466108052,-61.3904418945,-760.12902832,12.8383150101,1.73453819752,102.161155701,38.9125175476,0.973737597466,0.000116415321827,0.000465661287308,2,549.884513021,6.08599019571,-0.40759390505,88.9963881352,13.5898687037,152.733235154,115.297516459,5150.00522137,0.006053596735,918.456644285,910.140166525,13,70.1192620909
10.9760005213,2939.30154294,433.094246546,-57.7411613464,-763.477478027,13.2349319458,1.80713772774,102.160926819,38.9125785828,0.973737478256,0.000116415321827,0.000465661287308,2,549.884513021,6.47041186077,-0.24188309844,87.1331297034,12.9111545378,156.45827807,118.494077469,5150.00429004,0.006053596735,918.456644285,910.140166525,13,70.1192620909
11.0080005229,2952.68557966,405.06653022,-54.0044364929,-766.303405762,13.6050271988,1.87599885464,102.160652161,38.9126319885,0.973737299442,0.000116415321827,0.000465661287308,2,549.884513021,6.7599619984,-0.0844444243071,85.3106998187,12.3020801832,159.264018293,121.531069453,5150.00475571,0.006053596735,918.456644285,910.140166525,13,70.1192620909
11.0400005244,2965.16157687,376.387790311,-50.1809196472,-768.597290039,13.9484920502,1.94082319736,102.160202026,38.9126777649,0.973737001419,0.000116415321827,0.000465661287308,2,549.884513021,6.98323991078,0.0664870198719,83.5282195027,11.7610140362,161.427582498,124.442536617,5150.00429004,0.006053596735,918.456644285,910.140166525,13,70.1192620909
11.0720005259,2976.71416774,347.386754584,-46.3144340515,-770.395385742,14.2653417587,2.00134587288,102.16002655,38.9127311707,0.97373688221,0.000116415321827,0.000465661287308,2,549.884513021,7.15920406348,0.211754225035,81.7847951274,11.2837370004,163.132674061,127.244740725,5150.00475571,0.006053596735,918.456644285,910.140166525,13,70.1192620909
11.1040005274,2987.33147793,318.027625326,-42.4002037048,-771.687133789,14.555811882,2.05727124214,102.159843445,38.9127960205,0.973736703396,0.000116415321827,0.000465661287308,2,549.884513021,7.30057812677,0.351826044046,80.0797015355,10.8648003254,164.50259136,129.946725792,5150.00522137,0.006053596735,918.456644285,910.140166525,13,70.1192620909
11.1360005289,2997.00535834,288.40531013,-38.4508857727,-772.481262207,14.8202257156,2.10832643509,102.159477234,38.9128303528,0.973736464977,0.000116415321827,0.000465661287308,2,549.884513021,7.41604018124,0.487012522804,78.4120011501,10.4983652138,165.621415363,132.554472657,5150.00475571,0.006053596735,918.456644285,910.140166525,13,70.1192620909
11.1680005305,3005.72998822,258.725951426,-34.4939613342,-772.802368164,15.0590076447,2.15424656868,102.159156799,38.9128761292,0.973736286163,0.000116415321827,0.000465661287308,2,549.884513021,7.51682833209,0.633219651168,76.7810640366,10.1789682656,166.598052601,135.374808451,5150.00475571,0.006053596735,918.456644285,910.140166525,13,70.1192620909
11.200000532,3013.50234076,228.942459216,-30.5231552124,-772.642578125,15.272687912,2.19475436211,102.158882141,38.9129257202,0.973736047745,0.000116415321827,0.000465661287308,2,549.884513021,7.62467440489,0.84727389832,75.1858647203,9.90418954322,167.643083842,139.503914397,5150.00475571,0.006053596735,918.456644285,910.140166525,13,70.1192620909
11.2320005335,3020.32218315,199.23185755,-26.5620670319,-772.025390625,15.4618549347,2.22959971428,102.158798218,38.9129867554,0.973736047745,0.000116415321827,0.000465661287308,2,549.884513021,7.73713877674,1.08871730727,73.6259490623,9.67204768294,168.732862221,144.161356729,5150.00475571,0.006053596735,918.456644285,910.140166525,13,70.1192620909
11.264000535,3026.21768788,171.374937054,-22.848115921,-771.202270508,15.6275224686,2.25882840157,102.158622742,38.9130363464,0.973735928535,0.000116415321827,0.000465661287308,2,549.884513021,8.70630403313,1.53129026112,72.1005992303,9.47809651894,169.547492987,148.141742102,5150.00522137,0.006053596735,918.456644285,910.140166525,13,70.1192620909
11.2960005365,3031.25451319,145.243422594,-19.364200592,-770.188049316,15.7712659836,2.28288269043,102.158256531,38.9130744934,0.973735630512,0.000116415321827,0.000465661287308,2,549.884513021,23.0543438041,5.40434610179,70.6090534429,9.32098279071,169.547492987,148.617808009,5150.00475571,0.006053596735,918.456644285,910.140166525,13,70.1192620909
11.3280005381,3035.47014482,119.877171528,-15.9823112488,-768.87322998,15.8942289352,2.30190610886,102.158073425,38.9131240845,0.973735511303,0.000116415321827,0.000465661287308,2,549.884513021,53.2171141877,12.8192326239,69.1507696635,10.3253346515,169.547492987,144.669989822,5150.00475571,0.006053596735,918.456644285,914.088101126,13,70.1192620909
11.3600005396,3038.87762129,94.7030202951,-12.6260328293,-767.187744141,15.9971494675,2.31581616402,102.179130554,38.9257392883,0.973749756813,0.000116415321827,0.000465661287308,2,549.884513021,85.8485100832,18.622856957,80.8359599091,15.0331448424,158.65941532,126.685001305,5150.00522137,0.006053596735,929.344678298,932.073104195,13,70.1192620909
11.3920005411,3041.47950374,69.4968402968,-9.26548480988,-765.102966309,16.0806293488,2.32440018654,102.206809998,38.9421768188,0.973768472672,0.000116415321827,0.000465661287308,2,549.884513021,101.182390979,21.8068207352,96.8368169467,18.9577880174,136.512986501,109.379994683,5150.00429004,0.006053596735,951.491121668,949.37812537,13,70.1192620909
11.4240005426,3043.27183403,44.1099109594,-5.880838871,-762.597167969,16.1451148987,2.32739973068,102.219718933,38.9497261047,0.97377717495,0.000116415321827,0.000465661287308,2,549.884513021,107.781314061,23.1143835231,104.86117199,21.1429393299,120.161908853,96.737734566,5150.00475571,0.006053596735,967.842235696,962.020421866,13,70.1192620909
11.4560005441,3044.24855858,18.4960154002,-2.46593308449,-759.661193848,16.19099617,2.32456254959,102.22543335,38.953289032,0.973780989647,0.000116415321827,0.000465661287308,2,549.884513021,110.062841694,23.2694371457,108.253677058,21.9763536958,109.657237772,88.2403619471,5150.00522137,0.006053596735,978.346914053,970.517809037,13,70.1192620909
11.4880005457,3044.40082982,-7.3772007454,0.9835460186,-756.286376953,16.2185707092,2.31560921669,102.228645325,38.9550895691,0.973783195019,0.000116415321827,0.000465661287308,2,549.884513021,110.011904895,22.732786034,108.982262262,21.9322015116,103.380843939,82.8070769785,5150.00475571,0.006053596735,984.623562545,975.951203145,13,70.1192620909
11.5200005472,3043.72119717,-33.5042568622,4.4668674469,-752.469787598,16.2280540466,2.30033135414,102.230049133,38.9559249878,0.973784148693,0.000116415321827,0.000465661287308,2,549.884513021,108.363161144,21.7654922691,107.913380567,21.3375488121,100.134478998,79.6322929091,5150.00475571,0.006053596735,987.869803794,979.126081802,13,70.1192620909
11.5520005487,3042.20081307,-59.9319173489,7.99026632309,-748.200927734,16.2195243835,2.27854609489,102.229606628,38.9560432434,0.97378385067,0.000116415321827,0.000465661287308,2,549.884513021,101.605208893,19.8651555981,105.220915879,20.2832197039,99.4494039332,78.5994707257,5150.00475571,0.006053596735,988.554675132,980.158685707,14,70.0981108821
11.5840005502,3039.82826881,-86.7349590408,11.5637121201,-743.464111328,16.192773819,2.25014877319,102.229194641,38.9560050964,0.973783552647,0.000116415321827,0.000465661287308,2,549.884513021,73.9932301906,13.8038559974,102.792005541,19.1339865644,99.4494039332,78.5994707257,5150.00475571,0.006053596735,988.554675132,980.158685707,14,70.0981108821
11.6160005517,3036.59192286,-113.879897981,15.1827402115,-738.258239746,16.1474113464,2.21511244774,102.229377747,38.9560050964,0.973783671856,0.000116415321827,0.000465661287308,2,549.884513021,36.2810863837,5.52539607837,100.589146476,18.1687968541,99.4494039332,78.5994707257,5150.00475571,0.006053596735,988.554675132,980.158685707,14,70.0981108821
11.6480005533,3032.48129785,-141.379714478,18.8490810394,-732.576293945,16.0830097198,2.17343616486,102.229286194,38.9559936523,0.973783612251,0.000116415321827,0.000465661287308,2,549.884513021,7.77508409155,-0.14954936365,98.4638865551,17.357638954,100.979254057,85.4497193359,5150.00475571,0.006053596735,988.554675132,980.158685707,14,70.0981108821
11.6800005548,3027.48545073,-169.165199623,22.5535087585,-726.422241211,15.9990139008,2.12517023087,102.229194641,38.9559783936,0.973783552647,0.000116415321827,0.000465661287308,2,549.884513021,2.65024808807,-1.31991575361,96.3912041925,16.598849855,119.440897834,97.6988303591,5150.00522137,0.006053596735,988.554675132,980.158685707,14,70.0981108821
11.7120005563,3021.59483545,-197.279732674,26.3018054962,-719.785583496,15.8947553635,2.07043433189,102.229103088,38.9559593201,0.973783493042,0.000116415321827,0.000465661287308,2,549.884513021,4.04944574854,-0.975795706411,94.3655105507,15.781207658,132.999120979,104.336904769,5150.00382438,0.006053596735,988.554675132,980.158685707,14,70.0981108821
11.7440005578,3014.79874179,-225.770490943,30.1002616882,-712.654785156,15.7694225311,2.00938725471,102.22882843,38.9559402466,0.973783314228,0.000116415321827,0.000465661287308,2,549.884513021,5.00970539711,-0.740465432069,92.3846081836,14.9558057296,142.304037581,108.876425656,5150.00382438,0.006053596735,988.554675132,980.158685707,14,70.0981108821
11.7760005593,3007.08436407,-254.628248513,33.9476470947,-705.024780273,15.6219882965,1.94224703312,102.228645325,38.9559211731,0.973783195019,0.000116415321827,0.000465661287308,2,549.884513021,5.68676598487,-0.546207140651,90.4471859485,14.1661635729,148.86475401,112.623667519,5150.00382438,0.006053596735,988.554675132,980.158685707,14,70.0981108821
11.8080005608,2998.43982793,-283.901114017,37.8503761292,-696.883361816,15.4512376785,1.86931490898,102.228378296,38.9559020996,0.973783016205,0.000116415321827,0.000465661287308,2,549.884513021,6.17522115388,-0.371340480621,88.552159772,13.4347152804,153.597880853,115.996845125,5150.00289306,0.006053596735,988.554675132,980.158685707,14,70.0981108821
11.8400005624,2988.85046504,-313.651689794,41.8167915344,-688.21496582,15.255651474,1.7909860611,102.228378296,38.9558944702,0.973783016205,0.000116415321827,0.000465661287308,2,549.884513021,6.53618966066,-0.207621982153,86.6986872998,12.7709638908,157.095666509,119.154974527,5150.00335872,0.006053596735,988.554675132,980.158685707,14,70.0981108821
11.8720005639,2978.2988131,-344.012165442,45.8645248413,-678.993408203,15.033452034,1.70770788193,102.228294373,38.9558792114,0.9737829566,0.000116415321827,0.000465661287308,2,549.884513021,6.80947869772,-0.0516724317807,84.8857796812,12.1767836422,159.743838594,122.163241031,5150.00335872,0.006053596735,988.554675132,980.158685707,14,70.0981108821
11.9040005654,2966.76461585,-375.045085093,50.0019073486,-669.200439453,14.7824583054,1.62005460262,102.228294373,38.9558639526,0.9737829566,0.000116415321827,0.000465661287308,2,549.884513021,7.02124290854,0.0980033458176,83.1126165364,11.6498589759,161.795833264,125.050486531,5150.00335872,0.006053596735,988.554675132,980.158685707,14,70.0981108821
11.9360005669,2954.22389172,-406.924518757,54.2521514893,-658.801086426,14.500082016,1.52869951725,102.22820282,38.9558601379,0.973782896996,0.000116415321827,0.000465661287308,2,549.884513021,7.18886180217,0.242133716015,81.3783555109,11.1855926518,163.420059835,127.830760903,5150.00289306,0.006053596735,988.554675132,980.158685707,14,70.0981108821
11.9680005684,2940.64707123,-439.771625679,58.6314048767,-647.764648438,14.1831789017,1.434461236,102.22820282,38.9558525085,0.973782896996,0.000116415321827,0.000465661287308,2,549.884513021,7.32404135668,0.381145639283,79.6821615754,10.7784297094,164.729950484,130.51230053,5150.00335872,0.006053596735,988.554675132,980.158685707,14,70.0981108821
12.00000057,2925.99806562,-473.877997138,63.1785469055,-636.034667969,13.8280086517,1.33829712868,102.227745056,38.955821991,0.973782539368,0.000116415321827,0.000465661287308,2,549.884513021,7.43479400965,0.515325012506,78.0232436493,10.4225331827,165.80313968,133.100620587,5150.00335872,0.006053596735,988.554675132,980.158685707,14,70.0981108821
12.0320005715,2910.23263708,-509.509351104,67.9290084839,-623.553894043,13.4300661087,1.24135184288,102.227836609,38.9558143616,0.973782658577,0.000116415321827,0.000465661287308,2,549.884513021,7.53588247812,0.673234055969,76.4007007797,10.1128123218,166.782687302,136.146685691,5150.00382438,0.006053596735,988.554675132,980.158685707,14,70.0981108821
12.064000573,2893.29723455,-546.948576812,72.9204940796,-610.258422852,12.9839963913,1.14495611191,102.227378845,38.9557876587,0.973782300949,0.000116415321827,0.000465661287308,2,549.884513021,7.6454736893,0.899187072759,74.8139689554,9.84744141528,167.844627867,140.505318996,5150.00382438,0.006053596735,988.554675132,980.158685707,14,70.0981108821
12.0960005745,2875.12643263,-586.637528613,78.2119140625,-596.057250977,12.483382225,1.05069684982,102.227287292,38.9557647705,0.973782241344,0.000116415321827,0.000465661287308,2,549.884513021,7.75744134679,1.13775102626,73.2623083696,9.62395840793,168.929589563,145.107216667,5150.00335872,0.006053596735,988.554675132,980.158685707,14,70.0981108821
12.128000576,2855.64223304,-628.962181509,83.8547439575,-580.860717773,11.9207201004,0.960401237011,102.22719574,38.9557571411,0.97378218174,0.000116415321827,0.000465661287308,2,549.884513021,10.3183504356,1.98638362148,71.7450011901,9.43779627448,169.51613361,148.549428559,5150.00335872,0.006053596735,988.554675132,980.158685707,14,70.0981108821
12.1600005776,2834.75383185,-674.249546137,89.8925628662,-564.580627441,11.2874326706,0.876133799553,102.227104187,38.955745697,0.973782122135,0.000116415321827,0.000465661287308,2,549.884513021,28.2823041182,6.80894673266,70.2613515587,9.28837818534,169.51613361,148.621678818,5150.00335872,0.006053596735,988.554675132,980.158685707,14,70.0981108821
12.1920005791,2812.36297451,-722.657132428,96.3463745117,-547.147827148,10.5742139816,0.800125002861,102.227104187,38.9557418823,0.973782122135,0.000116415321827,0.000465661287308,2,549.884513021,61.3782455966,14.2947599453,68.8108247638,11.2214677893,169.51613361,141.369047924,5150.00335872,0.006053596735,988.554675132,987.411243841,14,70.0981108821
12.2240005806,2788.38956729,-772.517931182,102.993934631,-528.745361328,9.7731552124,0.734345734119,102.268791199,38.9580345154,0.973810195923,0.000116415321827,0.000465661287308,2,549.884513021,90.1611443997,19.5051590033,85.0562575437,16.0128276248,153.639120981,122.645113152,5150.0024274,0.006053596735,1004.43174597,1006.13525137,14,70.0981108821
12.2560005821,2762.8254611,-822.096539196,109.603874207,-509.600494385,8.8831653595,0.6791061759,102.302528381,38.959903717,0.973832905293,0.000116415321827,0.000465661287308,2,549.884513021,103.099523463,22.2146722107,99.0660014151,19.5643160815,132.425309857,106.266641524,5150.00335872,0.006053596735,1025.6456444,1022.513723,14,70.0981108821
12.2880005836,2735.68439297,-870.043644682,115.996299744,-489.899932861,7.90579986572,0.633991658688,102.318122864,38.9607620239,0.97384339571,0.000116415321827,0.000465661287308,2,549.884513021,108.498128279,23.2230563849,105.849846905,21.4153677006,117.452473205,94.6027357713,5150.00289306,0.006053596735,1040.61828461,1034.17760693,14,70.0981108821
12.3200005852,2707.63132721,-872.669916134,116.346443176,-475.794464111,6.86954259872,0.598213553429,102.32585907,38.96118927,0.973848581314,0.000116415321827,0.000465661287308,2,549.884513021,110.171615272,23.1991188729,108.553577167,22.0250674118,107.988271338,86.8477363838,5150.00335872,0.006053596735,1050.08250102,1041.93273,14,70.0981108821
12.3520005867,2680.38036302,-827.691634186,110.349830627,-468.429046631,5.86196517944,0.563852667809,102.329399109,38.9613838196,0.9738509655,0.000116415321827,0.000465661287308,2,549.884513021,109.741164895,22.5532565251,108.848620919,21.8404544778,102.442914795,81.9541528472,5150.00335872,0.006053596735,1055.62782846,1046.8265973,14,70.0981108821
12.3840005882,2655.03535047,-757.945992518,101.051170349,-465.300201416,4.94676446915,0.522772729397,102.33089447,38.9614639282,0.973851978779,0.000116415321827,0.000465661287308,2,549.884513021,107.789393338,21.5144157489,107.449294617,21.1565158839,99.7479437501,79.1919665062,5150.00335872,0.006053596735,1058.32261033,1049.58890006,14,70.0981108821
12.4160005897,2632.13785365,-677.206378896,90.2867736816,-464.837219238,4.14802217484,0.473956644535,102.330482483,38.9614295959,0.97385174036,0.000116415321827,0.000465661287308,2,549.884513021,97.3546231275,18.9376813863,104.620178085,20.0167317623,99.4365182123,78.5982629168,5150.00335872,0.006053596735,1058.63413773,1050.18250179,15,70.07959357
12.4480005912,2611.87995784,-594.278564677,79.2306365967,-465.960266113,3.46546673775,0.420722156763,102.330207825,38.9614143372,0.973851561546,0.000116415321827,0.000465661287308,2,549.884513021,66.111855635,12.0776257216,102.271606374,18.9096895864,99.4365182123,78.5982629168,5150.00289306,0.006053596735,1058.63413773,1050.18250179,15,70.07959357
12.4800005928,2594.23232637,-514.488841873,68.592880249,-467.944824219,2.88784003258,0.367275357246,102.330207825,38.9614028931,0.973851561546,0.000116415321827,0.000465661287308,2,549.884513021,28.7133587925,3.86594206697,100.091212532,17.9799428493,99.4365182123,78.5982629168,5150.00335872,0.006053596735,1058.63413773,1050.18250179,15,70.07959357
12.5120005943,2579.04035971,-440.786185209,58.7666664124,-470.321899414,2.40159964561,0.316674828529,102.330116272,38.9613952637,0.973851501942,0.000116415321827,0.000465661287308,2,549.884513021,4.77189183709,-0.853055985393,97.979027415,17.1951451454,104.238206404,88.3690372575,5150.00335872,0.006053596735,1058.63413773,1050.18250179,15,70.07959357
12.5440005958,2566.08100608,-374.613387976,49.9443511963,-472.789825439,1.99399161339,0.270523935556,102.329849243,38.9613800049,0.973851323128,0.000116415321827,0.000465661287308,2,549.884513021,2.99829721454,-1.22936232206,95.9175080781,16.4243598224,122.813493363,99.4456058834,5150.00429004,0.006053596735,1058.63413773,1050.18250179,15,70.07959357
12.5760005973,2555.10420538,-316.403165925,42.1836280823,-475.168273926,1.65353083611,0.229433119297,102.32976532,38.9613685608,0.973851263523,0.000116415321827,0.000465661287308,2,549.884513021,4.28374659953,-0.919867042716,93.9023475276,15.6000758447,135.269496241,105.415769212,5150.00382438,0.006053596735,1058.63413773,1050.18250179,15,70.07959357
12.6080005988,2545.85710354,-265.94416704,35.4563102722,-477.361450195,1.3699657917,0.193466827273,102.329490662,38.961353302,0.973851025105,0.000116415321827,0.000465661287308,2,549.884513021,5.17288087176,-0.696501861969,91.9316779342,14.7795907018,143.885205034,109.724482172,5150.00289306,0.006053596735,1058.63413773,1050.18250179,15,70.07959357
12.6400006004,2538.10035065,-222.685688641,29.6889877319,-479.3253479,1.13428938389,0.162387877703,102.329307556,38.9613380432,0.973850905895,0.000116415321827,0.000465661287308,2,549.884513021,5.80281951856,-0.507539301016,90.0042247792,14.0011408702,149.989311467,113.36956959,5150.00382438,0.006053596735,1058.63413773,1050.18250179,15,70.07959357
12.6720006019,2531.61578439,-185.910495929,24.786031723,-481.048706055,0.938710272312,0.135803207755,102.329216003,38.9613304138,0.973850846291,0.000116415321827,0.000465661287308,2,549.884513021,6.25960262336,-0.335512897196,88.1189845623,13.2837736287,154.415538418,116.687959235,5150.00382438,0.006053596735,1058.63413773,1050.18250179,15,70.07959357
12.7040006034,2526.20899118,-154.846246005,20.6444721222,-482.539154053,0.776565134525,0.113248333335,102.329124451,38.9613189697,0.973850786686,0.000116415321827,0.000465661287308,2,549.884513021,6.59893269603,-0.173649023143,86.2750123818,12.6350106521,157.703645527,119.810312754,5150.00335872,0.006053596735,1058.63413773,1050.18250179,15,70.07959357
12.7360006049,2521.71000466,-128.73961532,17.1638736725,-483.813751221,0.642246425152,0.0942302271724,102.329032898,38.9613189697,0.973850727081,0.000116415321827,0.000465661287308,2,549.884513021,6.85715457819,-0.0191293988951,84.4713926351,12.0555963252,160.205818247,122.790996102,5150.00382438,0.006053596735,1058.63413773,1050.18250179,15,70.07959357
12.7680006064,2517.97237433,-106.878724182,14.2493267059,-484.895629883,0.531046390533,0.0782699510455,102.328941345,38.9613037109,0.973850667477,0.000116415321827,0.000465661287308,2,549.884513021,7.05819799923,0.129312974497,82.7073342415,11.5425769143,162.153926794,125.654449221,5150.00382438,0.006053596735,1058.63413773,1050.18250179,15,70.07959357
12.800000608,2514.87130299,-88.6320412974,11.8166360855,-485.807739258,0.439022243023,0.0649274885654,102.328941345,38.9613037109,0.973850667477,0.000116415321827,0.000465661287308,2,549.884513021,7.21800771906,0.272321588557,80.9819801973,11.0910869076,163.702483405,128.413084894,5150.00335872,0.006053596735,1058.63413773,1050.18250179,15,70.07959357
12.8320006095,2512.30061986,-73.4355999157,9.79060935974,-486.573303223,0.36289447546,0.0538063719869,102.328620911,38.9612884521,0.973850488663,0.000116415321827,0.000465661287308,2,549.884513021,7.34735763239,0.410279624724,79.2944661736,10.6954459072,164.95588352,131.074295496,5150.00382438,0.006053596735,1058.63413773,1050.18250179,15,70.07959357
12.864000611,2510.17184928,-60.8029731666,8.10639762878,-487.2137146,0.299942314625,0.0445547811687,102.328529358,38.9612693787,0.973850429058,0.000116415321827,0.000465661287308,2,549.884513021,7.45386463652,0.544022970864,77.6440963125,10.3498160314,165.987934452,133.654204546,5150.00382438,0.006053596735,1058.63413773,1050.18250179,15,70.07959357
12.8960006125,2508.40955414,-50.3146438859,6.70806837082,-487.747924805,0.247901454568,0.0368683822453,102.328269958,38.9612503052,0.973850250244,0.000116415321827,0.000465661287308,2,549.884513021,7.55637686689,0.716922258614,76.0299696611,10.0497172373,166.981277289,136.989430757,5150.00475571,0.006053596735,1058.63413773,1050.18250179,15,70.07959357
12.928000614,2506.95156865,-41.6191069235,5.54875898361,-488.192321777,0.204882368445,0.0304943416268,102.328086853,38.9612503052,0.973850131035,0.000116415321827,0.000465661287308,2,549.884513021,7.66736757651,0.951593585275,74.4513976864,9.79366350188,168.05678024,141.516240546,5150.00382438,0.006053596735,1058.63413773,1050.18250179,15,70.07959357
12.9600006156,2505.74597158,-34.4153449987,4.58833599091,-488.56161499,0.169323012233,0.0252148788422,102.328178406,38.9612464905,0.973850190639,0.000116415321827,0.000465661287308,2,549.884513021,7.77826581027,1.18505185306,72.9076845305,9.57859030358,169.131380972,146.019650856,5150.00429004,0.006053596735,1058.63413773,1050.18250179,15,70.07959357
12.9920006171,2504.74899076,-28.4510733763,3.79316520691,-488.867950439,0.139940828085,0.0208427123725,102.328178406,38.9612464905,0.973850190639,0.000116415321827,0.000465661287308,2,549.884513021,12.7408066909,2.64108862947,71.3982881565,9.40025657159,169.494305737,148.619714309,5150.00429004,0.006053596735,1058.63413773,1050.18250179,15,70.07959357
13.0240006186,2503.92500311,-23.5149873333,3.13507437706,-489.122009277,0.115663655102,0.0172244738787,102.3279953,38.9612312317,0.97385007143,0.000116415321827,0.000465661287308,2,549.884513021,34.2125242324,8.4012847911,69.9223442359,9.25811019758,169.494305737,148.619714309,5150.00382438,0.006053596735,1058.63413773,1050.18250179,15,70.07959357
13.0560006201,2503.24397348,-19.4302665477,2.59048962593,-489.332672119,0.0956077873707,0.0142316920683,102.329490662,38.9607315063,0.973851025105,0.000116415321827,0.000465661287308,2,549.884513021,69.8759048766,15.6456984865,68.9659058544,12.2325731343,169.234292116,137.580645969,5150.00429004,0.006053596735,1058.89409315,1061.22146826,15,70.07959357
13.0880006216,2502.68145464,-16.0581621458,2.14091253281,-489.506408691,0.0790373533964,0.0117572005838,102.416908264,38.9307861328,0.973909676075,0.000116415321827,0.000465661287308,2,549.884513021,93.8341607775,20.2693556507,88.8259761961,16.9225281606,148.663792061,118.752031995,5150.00429004,0.006053596735,1079.4645641,1080.05001675,15,70.07959357
13.1200006232,2502.21625902,-13.2678960654,1.76890766621,-489.650299072,0.065342605114,0.00971323437989,102.46660614,38.9137420654,0.973942935467,0.000116415321827,0.000465661287308,2,549.884513021,104.688906872,22.5447560714,100.971978198,20.0899323517,128.654530272,103.377533378,5150.00429004,0.006053596735,1099.4739132,1095.42463906,15,70.07959357
13.1520006247,2501.83208846,-10.9616648842,1.46143531799,-489.76940918,0.0540299676359,0.0080234259367,102.489753723,38.9059524536,0.973958432674,0.000116415321827,0.000465661287308,2,549.884513021,109.061223822,23.2849382961,106.666220077,21.6308126335,115.003764222,92.6468783291,5150.00429004,0.006053596735,1113.12465742,1106.15522135,15,70.07959357
13.1840006262,2501.51474029,-9.05568322196,1.20732533932,-489.867919922,0.0446862392128,0.0066266329959,102.501029968,38.9021377563,0.97396594286,0.000116415321827,0.000465661287308,2,549.884513021,110.197025073,23.1006128613,108.75578615,22.0376587775,106.502469862,85.584964836,5150.00382438,0.006053596735,1121.62600271,1113.21732402,15,70.07959357
13.2160006277,2501.25257298,-7.48347156332,0.997714340687,-489.948974609,0.036962300539,0.00547384656966,102.506614685,38.9002342224,0.973969697952,0.000116415321827,0.000465661287308,2,549.884513021,109.41203143,22.3559570027,108.648580083,21.72611953,101.638514025,81.1978170532,5150.00429004,0.006053596735,1126.48983486,1117.60443542,15,70.07959357
13.2480006292,2501.03557482,-6.18363401372,0.824416875839,-490.015899658,0.0305758472532,0.00452267797664,102.509056091,38.8994483948,0.973971307278,0.000116415321827,0.000465661287308,2,549.884513021,107.134840091,21.2432875338,106.919680826,20.9598664394,99.4760412141,78.8321485743,5150.00382438,0.006053596735,1128.65236588,1119.97034401,15,70.07959357
13.2800006308,2500.85676089,-5.10855807079,0.681085169315,-490.071533203,0.0253006424755,0.00373625010252,102.508277893,38.8996200562,0.973970830441,0.000116415321827,0.000465661287308,2,549.884513021,92.0588514603,17.7780598207,104.062495584,19.7611394906,99.4222864392,78.5929150879,5150.00429004,0.006053596735,1128.70614976,1120.20969391,16,70.0719974702
13.3120006323,2500.7086806,-4.222411917,0.562942028046,-490.11706543,0.0209443811327,0.00308553664945,102.507972717,38.8997039795,0.973970592022,0.000116415321827,0.000465661287308,2,549.884513021,57.9385064262,10.2849959518,101.770757152,18.6946768179,99.4222864392,78.5929150879,5150.00475571,0.006053596735,1128.70614976,1120.20969391,16,70.0719974702
13.3440006338,2500.58644451,-3.49005267708,0.465302169323,-490.154754639,0.0173397175968,0.00254928506911,102.50756073,38.8997535706,0.973970353603,0.000116415321827,0.000465661287308,2,549.884513021,21.7524815574,2.49716735999,99.6088145316,17.799016131,99.4222864392,79.4098668848,5150.00429004,0.006053596735,1128.70614976,1120.20969391,16,70.0719974702
13.3760006353,2500.48539601,-2.8842091524,0.384529650211,-490.186004639,0.0143580017611,0.00210731429979,102.507469177,38.8998184204,0.973970293999,0.000116415321827,0.000465661287308,2,549.884513021,2.79468919087,-1.32556387659,97.5087007178,17.0337683719,108.422216726,91.313610028,5150.00382438,0.006053596735,1128.70614976,1120.20969391,16,70.0719974702
13.4080006368,2500.40180981,-2.383545052,0.317779928446,-490.211761475,0.0118944635615,0.00174153316766,102.507102966,38.8998718262,0.973969995975,0.000116415321827,0.000465661287308,2,549.884513021,3.31512360873,-1.15034365093,95.4579049176,16.2483553832,125.883540022,100.969875348,5150.00382438,0.006053596735,1128.70614976,1120.20969391,16,70.0719974702
13.4400006384,2500.33265911,-1.97167878468,0.26286894083,-490.232757568,0.00985804665834,0.00143895717338,102.506828308,38.8999176025,0.973969817162,0.000116415321827,0.000465661287308,2,549.884513021,4.49984344143,-0.867612520216,93.4529771407,15.420405333,137.363473186,106.423758552,5150.00335872,0.006053596735,1128.70614976,1120.20969391,16,70.0719974702
13.4720006399,2500.27584843,-1.6295837213,0.21726000309,-490.250518799,0.00817320775241,0.00118945608847,102.506523132,38.8999710083,0.973969638348,0.000116415321827,0.000465661287308,2,549.884513021,5.32418327087,-0.654130810759,91.4921814047,14.6065216843,145.351325045,110.541819595,5150.00382438,0.006053596735,1128.70614976,1120.20969391,16,70.0719974702
13.5040006414,2500.22835098,-1.34766935389,0.179674506187,-490.264801025,0.00677879434079,0.000983438803814,102.506248474,38.9000167847,0.973969459534,0.000116415321827,0.000465661287308,2,549.884513021,5.91105472242,-0.469724717082,89.5743603882,13.8400461022,151.038111653,114.099013445,5150.00429004,0.006053596735,1128.70614976,1120.20969391,16,70.0719974702
13.5360006429,2500.18946826,-1.11390943403,0.148509070277,-490.276916504,0.00562566844746,0.000813351070974,102.505973816,38.9000663757,0.97396928072,0.000116415321827,0.000465661287308,2,549.884513021,6.33879400002,-0.300243173212,87.6985398899,13.1370345925,155.182904564,117.368312203,5150.00475571,0.006053596735,1128.70614976,1120.20969391,16,70.0719974702
13.5680006444,2500.15710481,-0.922245078527,0.122955918312,-490.286590576,0.00467030750588,0.00067335437052,102.505836487,38.9001197815,0.97396916151,0.000116415321827,0.000465661287308,2,549.884513021,6.6582097181,-0.140105696304,85.863745709,12.5032343921,158.278038725,120.457363664,5150.00429004,0.006053596735,1128.70614976,1120.20969391,16,70.0719974702
13.600000646,2500.13056211,-0.764239473483,0.101890236139,-490.294647217,0.00387966120616,0.000557073159143,102.505607605,38.9001655579,0.973969042301,0.000116415321827,0.000465661287308,2,549.884513021,6.90250299709,0.0130424823529,84.0691574654,11.9383808919,160.645242431,123.41159163,5150.00429004,0.006053596735,1128.70614976,1120.20969391,16,70.0719974702
13.6320006475,2500.10821037,-0.63137952111,0.0841770246625,-490.301422119,0.00322628556751,0.000460537848994,102.505119324,38.9002037048,0.973968684673,0.000116415321827,0.000465661287308,2,549.884513021,7.09358832523,0.1602869061,82.3139767538,11.4389975492,162.496857229,126.251936308,5150.00382438,0.006053596735,1128.70614976,1120.20969391,16,70.0719974702
13.664000649,2500.08981675,-0.522232255662,0.0696252509952,-490.306945801,0.00268322019838,0.000382084166631,102.505027771,38.9002609253,0.973968625069,0.000116415321827,0.000465661287308,2,549.884513021,7.24610710227,0.302194865799,80.5973319206,10.9999698082,163.974764291,128.989340737,5150.00522137,0.006053596735,1128.70614976,1120.20969391,16,70.0719974702
13.6960006505,2500.07491559,-0.432336378253,0.0576401203871,-490.31161499,0.00223118346184,0.000318137579598,102.504890442,38.9002990723,0.973968565464,0.000116415321827,0.000465661287308,2,549.884513021,7.36998445941,0.439114150919,78.9183806116,10.6155211329,165.175137226,131.630513351,5150.00475571,0.006053596735,1128.70614976,1120.20969391,16,70.0719974702
13.728000652,2500.0621099,-0.358493849717,0.0477952584624,-490.315185547,0.00185736222193,0.000264626578428,102.504615784,38.9003448486,0.97396838665,0.000116415321827,0.000465661287308,2,549.884513021,7.47325938668,0.574646155174,77.2762365234,10.279902455,166.175872437,134.244924993,5150.00429004,0.006053596735,1128.70614976,1120.20969391,16,70.0719974702
13.7600006536,2500.05163252,-0.298372981433,0.0397798009217,-490.318023682,0.00155050551984,0.000218917077291,102.504432678,38.9003982544,0.973968267441,0.000116415321827,0.000465661287308,2,549.884513021,7.57771040537,0.76372825948,75.6702184479,9.98936987589,167.188001797,137.892318889,5150.00522137,0.006053596735,1128.70614976,1120.20969391,16,70.0719974702
13.7920006551,2500.04301779,-0.247111898943,0.0329455509782,-490.320648193,0.00129703746643,0.000180427363375,102.50415802,38.9004364014,0.973968029022,0.000116415321827,0.000465661287308,2,549.884513021,7.68966295542,1.00368930796,74.0996525015,9.74243645707,168.272817973,142.521166708,5150.00475571,0.006053596735,1128.70614976,1120.20969391,16,70.0719974702
13.8240006566,2500.03603287,-0.206363594657,0.0275128874928,-490.322662354,0.0010879796464,0.000147718645167,102.503883362,38.9004745483,0.973967850208,0.000116415321827,0.000465661287308,2,549.884513021,7.79891905608,1.23036502126,72.5637915527,9.53548282183,169.331513462,146.893740748,5150.00475571,0.006053596735,1128.70614976,1120.20969391,16,70.0719974702
13.8560006581,2500.02997927,-0.169911942294,0.0226530656219,-490.324584961,0.000912308285479,0.000121486096759,102.503799438,38.9005126953,0.973967790604,0.000116415321827,0.000465661287308,2,549.884513021,15.9577962516,3.50506946955,71.0620056668,9.3650919416,169.473627466,148.61964155,5150.00429004,0.006053596735,1128.70614976,1120.20969391,16,70.0719974702
13.8880006596,2500.02508983,-0.140465800769,0.018727235496,-490.326080322,0.000765470555052,0.00010071653378,102.503440857,38.9005508423,0.973967552185,0.000116415321827,0.000465661287308,2,549.884513021,40.8070853842,10.1204530248,69.5936502598,9.33954113797,169.473627466,148.24232494,5150.00429004,0.006053596735,1128.70614976,1120.58699597,16,70.0719974702
13.9200006612,2500.02113171,-0.117078663209,0.0156092075631,-490.327270508,0.000640706683043,8.46462935442e-05,102.524223328,38.892490387,0.973981440067,0.000116415321827,0.000465661287308,2,549.884513021,76.8056241583,16.868395909,72.9766916604,13.2895263593,166.235186043,133.541310788,5150.00382438,0.006053596735,1131.94459118,1135.28792281,16,70.0719974702
13.9520006627,2500.01763925,-0.0967310427313,0.0128964139149,-490.32824707,0.00053361710161,7.25974023226e-05,102.626060486,38.8531913757,0.974049270153,0.000116415321827,0.000465661287308,2,549.884513021,96.9481981608,20.9251998971,92.1430795664,17.7534172948,143.863377161,115.051065222,5150.00429004,0.006053596735,1154.31612357,1153.77816837,16,70.0719974702
13.9840006642,2500.01484528,-0.0794180436969,0.0105882035568,-490.329193115,0.000447947852081,6.17675614194e-05,102.675941467,38.8339042664,0.97408246994,0.000116415321827,0.000465661287308,2,549.884513021,105.99843088,22.8061697439,102.592206424,20.540163405,125.196515,100.709257822,5150.00429004,0.006053596735,1172.98297118,1168.11995395,16,70.0719974702
14.0160006657,2500.01251698,-0.0656046950098,0.00874657463282,-490.32989502,0.000380877754651,5.14130515512e-05,102.699134827,38.824962616,0.974097847939,0.000116415321827,0.000465661287308,2,549.884513021,109.489337581,23.3062205609,107.329160243,21.7955331874,112.795743917,90.8607544261,5150.00475571,0.006053596735,1185.38388051,1177.96834093,16,70.0719974702
14.0480006672,2500.01065433,-0.0546473977181,0.00728572160006,-490.330444336,0.000324875116348,4.29512292612e-05,102.710731506,38.8205490112,0.974105536938,0.000116415321827,0.000465661287308,2,549.884513021,110.143883503,22.9779019818,108.866625327,22.0187332736,105.185063148,84.4451860758,5150.00429004,0.006053596735,1192.99453218,1184.38364007,16,70.0719974702
14.0800006688,2500.00925735,-0.0458433362382,0.00611194316298,-490.330963135,0.000275289319688,3.70446468878e-05,102.716621399,38.8183746338,0.97410941124,0.000116415321827,0.000465661287308,2,549.884513021,109.02386724,22.1434017113,108.382747713,21.5922675991,100.959201518,80.534380686,5150.00382438,0.006053596735,1197.22040836,1188.29449639,16,70.0719974702
14.1120006703,2500.00786036,-0.0387374541333,0.00516457017511,-490.331207275,0.00023088400485,3.31598530465e-05,102.718254089,38.8177223206,0.974110484123,0.000116415321827,0.000465661287308,2,549.884513021,105.971409619,20.8550684073,106.17735426,20.7307295865,99.415803561,78.6167875049,5150.00335872,0.006053596735,1198.76372628,1190.21208957,17,70.0578166288
14.1440006718,2500.00669621,-0.0330670353321,0.00440857606009,-490.331390381,0.000191570914467,3.05227113131e-05,102.717384338,38.8180198669,0.974109947681,0.000116415321827,0.000465661287308,2,549.884513021,85.864068001,16.4202890536,103.527439451,19.5146904255,99.415803561,78.5925440141,5150.00382438,0.006053596735,1198.76372628,1190.23630396,17,70.0578166288
14.1760006733,2500.00553206,-0.0281525167622,0.00375336082652,-490.331481934,0.00015730294399,2.85527712549e-05,102.716926575,38.8181533813,0.974109649658,0.000116415321827,0.000465661287308,2,549.884513021,49.6808119143,8.47312754202,101.277979881,18.4874356835,99.415803561,78.5925440141,5150.00382438,0.006053596735,1198.76372628,1190.23630396,17,70.0578166288
14.2080006748,2500.00483356,-0.0230996342054,0.00307969842106,-490.331817627,0.000129796608235,2.64633599727e-05,102.716529846,38.8182601929,0.974109351635,0.000116415321827,0.000465661287308,2,549.884513021,15.5693445621,1.38092589678,99.1321372155,17.6246835819,99.415803561,81.209356722,5150.00429004,0.006053596735,1198.76372628,1190.23630396,17,70.0578166288
14.2400006764,2500.00413507,-0.0187565802889,0.00250067212619,-490.33203125,0.000110378554382,2.35065999732e-05,102.71648407,38.8183670044,0.974109351635,0.000116415321827,0.000465661287308,2,549.884513021,2.04497439948,-1.49122498315,97.0436185919,16.8699011596,112.886176794,94.0531681408,5150.00382438,0.006053596735,1198.76372628,1190.23630396,17,70.0578166288
14.2720006779,2500.00343658,-0.0151223922273,0.00201615341939,-490.332183838,9.67813030002e-05,2.02322244149e-05,102.716117859,38.8184623718,0.974109113216,0.000116415321827,0.000465661287308,2,549.884513021,3.60768928322,-1.07972231376,95.0034071567,16.0702560454,128.718500491,102.332160168,5150.00382438,0.006053596735,1198.76372628,1190.23630396,17,70.0578166288
14.3040006794,2500.00297092,-0.0121634169403,0.00162165577058,-490.332366943,8.63055174705e-05,1.74044071173e-05,102.715934753,38.818572998,0.974108994007,0.000116415321827,0.000465661287308,2,549.884513021,4.70115696521,-0.818080942355,93.0084924088,15.2413317942,139.314201078,107.379222754,5150.00475571,0.006053596735,1198.76372628,1190.23630396,17,70.0578166288
14.3360006809,2500.00273809,-0.00975883196475,0.00130107079167,-490.332550049,7.74736108724e-05,1.52949578478e-05,102.715660095,38.8186721802,0.974108815193,0.000116415321827,0.000465661287308,2,549.884513021,5.46594783863,-0.612842688417,91.0574972821,14.4355667929,146.725025843,111.338267743,5150.00475571,0.006053596735,1198.76372628,1190.23630396,17,70.0578166288
14.3680006824,2500.00273809,-0.00789286769276,0.00105229602195,-490.332824707,6.98889562045e-05,1.37844535857e-05,102.71547699,38.8187713623,0.974108695984,0.000116415321827,0.000465661287308,2,549.884513021,6.01312105438,-0.432399293789,89.149183882,13.6818373134,152.027132572,114.819020382,5150.00429004,0.006053596735,1198.76372628,1190.23630396,17,70.0578166288
14.400000684,2500.00227243,-0.00641016040248,0.000854617916048,-490.332763672,6.35421092738e-05,1.26486502268e-05,102.71521759,38.8188591003,0.97410851717,0.000116415321827,0.000465661287308,2,549.884513021,6.41400159015,-0.265232936703,87.2826219564,12.9934800219,155.911664478,118.043659313,5150.00429004,0.006053596735,1198.76372628,1190.23630396,17,70.0578166288
14.4320006855,2500.0020396,-0.00518876763778,0.000691778899636,-490.332824707,5.84295448789e-05,1.17210747703e-05,102.715034485,38.8189582825,0.974108397961,0.000116415321827,0.000465661287308,2,549.884513021,6.71491847514,-0.1067290735,85.4569178771,12.3746773906,158.827548148,121.101198602,5150.00429004,0.006053596735,1198.76372628,1190.23630396,17,70.0578166288
14.464000687,2500.0020396,-0.00418706136429,0.000558229046874,-490.332977295,5.43690293853e-05,1.09429147415e-05,102.714576721,38.8190383911,0.974108040333,0.000116415321827,0.000465661287308,2,549.884513021,6.94621294529,0.0450891388631,83.6712439395,11.8242803384,161.068790476,124.029771541,5150.00382438,0.006053596735,1198.76372628,1190.23630396,17,70.0578166288
14.4960006885,2500.00180677,-0.00339198114041,0.00045222704648,-490.332946777,5.11362195539e-05,1.02873327705e-05,102.714302063,38.8191184998,0.974107861519,0.000116415321827,0.000465661287308,2,549.884513021,7.12796004344,0.191152968282,81.9247797638,11.3383490277,162.829921464,126.847342472,5150.00475571,0.006053596735,1198.76372628,1190.23630396,17,70.0578166288
14.52800069,2500.00180677,-0.00273906763937,0.000365179032087,-490.33303833,4.85451018903e-05,9.74905651674e-06,102.713943481,38.8192062378,0.9741076231,0.000116415321827,0.000465661287308,2,549.884513021,7.27360401904,0.331966339487,80.2166170723,10.9115674703,164.241209859,129.563632072,5150.00429004,0.006053596735,1198.76372628,1190.23630396,17,70.0578166288
14.5600006916,2500.00157394,-0.00221236251541,0.00029495745548,-490.332977295,4.64721051685e-05,9.30983787839e-06,102.7135849,38.8192825317,0.974107384682,0.000116415321827,0.000465661287308,2,549.884513021,7.39229906597,0.467855142595,78.5459940837,10.5381096875,165.391364135,132.18492677,5150.00429004,0.006053596735,1198.76372628,1190.23630396,17,70.0578166288
14.5920006931,2500.00157394,-0.00178750658719,0.000238314649323,-490.33303833,4.47595884907e-05,8.96791607374e-06,102.713310242,38.8193664551,0.974107205868,0.000116415321827,0.000465661287308,2,549.884513021,7.49360086983,0.608514635354,76.9120757685,10.2123474706,166.372978128,134.898247779,5150.00475571,0.006053596735,1198.76372628,1190.23630396,17,70.0578166288
14.6240006946,2500.00157394,-0.00144507827926,0.000192661289475,-490.333099365,4.33596796938e-05,8.69813175086e-06,102.713035583,38.8194465637,0.974107027054,0.000116415321827,0.000465661287308,2,549.884513021,7.60008498389,0.813188935372,75.3141442943,9.93134997606,167.404810782,138.846415211,5150.00382438,0.006053596735,1198.76372628,1190.23630396,17,70.0578166288
14.6560006961,2500.00157394,-0.00116822351792,0.000155750356498,-490.333129883,4.2229610699e-05,8.47931823955e-06,102.712852478,38.8195343018,0.974106907845,0.000116415321827,0.000465661287308,2,549.884513021,7.71249075719,1.05508047452,73.7514085806,9.6934132675,168.494021636,143.512501381,5150.00429004,0.006053596735,1198.76372628,1190.23630396,17,70.0578166288
14.6880006976,2500.0013411,-0.000944067157782,0.00012586529192,-490.33303833,4.13231937273e-05,8.29954024084e-06,102.712493896,38.8196029663,0.974106669426,0.000116415321827,0.000465661287308,2,549.884513021,8.07543650758,1.34228209171,72.223275317,9.4943557883,169.464197825,147.70431153,5150.00522137,0.006053596735,1198.76372628,1190.23630396,17,70.0578166288
14.7200006992,2500.0013411,-0.000761713303543,0.000101553436252,-490.333068848,4.0615657781e-05,8.14751274447e-06,102.712043762,38.8196754456,0.974106371403,0.000116415321827,0.000465661287308,2,549.884513021,19.9517166593,4.5772892219,70.7290046965,9.33198650167,169.464197825,148.620267282,5150.00475571,0.006053596735,1198.76372628,1190.23630396,17,70.0578166288
14.7520007007,2500.0013411,-0.000616301898404,8.21668436402e-05,-490.333068848,4.00348108087e-05,8.02559952717e-06,102.711952209,38.8197479248,0.974106311798,0.000116415321827,0.000465661287308,2,549.884513021,48.0307753325,11.7718410359,69.2680400329,9.8272011062,169.464197825,146.453399793,5150.00475571,0.006053596735,1198.76372628,1192.40314234,17,70.0578166288
14.7840007022,2500.0013411,-0.000498374508329,6.64444814902e-05,-490.333099365,3.95485621993e-05,7.93405433797e-06,102.752723694,38.8085174561,0.974133372307,0.000116415321827,0.000465661287308,2,549.884513021,82.4685231326,17.9609056419,77.7055955019,14.3440138667,161.799776834,129.411491798,5150.00475571,0.006053596735,1206.42804541,1209.4451813,17,70.0578166288
14.8160007037,2500.0013411,-0.000403202526922,5.37559244549e-05,-490.333099365,3.91525172745e-05,7.86113014328e-06,102.83240509,38.7865142822,0.974186003208,0.000116415321827,0.000465661287308,2,549.884513021,99.5690847076,21.4810841552,95.0302745967,18.500695439,139.308278449,111.564229883,5150.00429004,0.006053596735,1228.91936917,1227.29246505,17,70.0578166288
14.8480007052,2500.0013411,-0.000326017213226,4.346539572e-05,-490.333129883,3.88362968806e-05,7.80042955739e-06,102.869819641,38.7763061523,0.974210739136,0.000116415321827,0.000465661287308,2,549.884513021,107.069011933,23.005547684,103.961457015,20.9196952948,122.039884445,98.2513520285,5150.00475571,0.006053596735,1246.18771952,1240.60525559,17,70.0578166288
14.8800007068,2500.0013411,-0.000263399246858,3.51170165231e-05,-490.333129883,3.85847597499e-05,7.74968702899e-06,102.88735199,38.7714996338,0.974222302437,0.000116415321827,0.000465661287308,2,549.884513021,109.799301992,23.2906479934,107.856408117,21.9137118345,110.810251499,89.2320313142,5150.00429004,0.006053596735,1257.41714146,1249.62476548,17,70.0578166288
14.9120007083,2500.0013411,-0.000212720702164,2.83604331344e-05,-490.333129883,3.83830920327e-05,7.70807218942e-06,102.895683289,38.7690658569,0.974227786064,0.000116415321827,0.000465661287308,2,549.884513021,110.018350737,22.8328156081,108.893690537,21.9708582496,104.024184111,83.4196689539,5150.00429004,0.006053596735,1264.20345623,1255.43703325,17,70.0578166288
14.9440007098,2500.0013411,-0.000171804709348,2.29054148804e-05,-490.333129883,3.82198668376e-05,7.67461369833e-06,102.900032043,38.7679176331,0.974230647087,0.000116415321827,0.000465661287308,2,549.884513021,108.578349708,21.9162810152,108.053877941,21.4401493982,100.398916402,79.958626884,5150.00429004,0.006053596735,1267.82874577,1258.89806077,17,70.0578166288
14.9760007113,2500.0013411,-0.000138800068661,1.85051576409e-05,-490.333129883,3.80872115784e-05,7.6479245763e-06,102.900535583,38.7677841187,0.97423094511,0.000116415321827,0.000465661287308,2,549.884513021,103.685794737,20.3368410493,105.51416505,20.4566824306,99.4075162453,78.589648183,5150.00429004,0.006053596735,1268.82002223,1260.26687212,18,70.0566597516
15.0080007128,2500.0013411,-0.000112160558619,1.49535135279e-05,-490.3331604,3.79795455956e-05,7.62655736253e-06,102.899757385,38.7679824829,0.974230468273,0.000116415321827,0.000465661287308,2,549.884513021,78.8981421337,14.8920367616,103.016833569,19.2783551057,99.4075162453,78.589648183,5150.00475571,0.006053596735,1268.82002223,1260.26687212,18,70.0566597516
15.0400007144,2500.0013411,-9.06376224075e-05,1.20840240925e-05,-490.3331604,3.78924851248e-05,7.60931425248e-06,102.899452209,38.7680969238,0.974230229855,0.000116415321827,0.000465661287308,2,549.884513021,41.5228594773,6.68226122263,100.799119769,18.2887645885,99.4075162453,78.589648183,5150.00475571,0.006053596735,1268.82002223,1260.26687212,18,70.0566597516
15.0720007159,2500.0013411,-7.32391161606e-05,9.76441424427e-06,-490.3331604,3.78222612198e-05,7.59532531447e-06,102.899177551,38.768196106,0.974230051041,0.000116415321827,0.000465661287308,2,549.884513021,10.3823299922,0.414726849176,98.667487254,17.4576062672,99.6455855784,83.6127292132,5150.00522137,0.006053596735,1268.82002223,1260.26687212,18,70.0566597516
15.1040007174,2500.0013411,-5.91735896394e-05,7.88916440797e-06,-490.3331604,3.77656360797e-05,7.58397254685e-06,102.898857117,38.7682800293,0.974229872227,0.000116415321827,0.000465661287308,2,549.884513021,2.39159793284,-1.38907464467,96.5899778349,16.7034830786,116.934585094,96.3647544268,5150.00522137,0.006053596735,1268.82002223,1260.26687212,18,70.0566597516
15.1360007189,2500.0013411,-4.78059883346e-05,6.37360881228e-06,-490.3331604,3.7719924876e-05,7.57478437663e-06,102.898582458,38.7683639526,0.974229693413,0.000116415321827,0.000465661287308,2,549.884513021,3.87567721065,-1.01587574847,94.5598819762,15.8920816282,131.315304316,103.563761513,5150.00382438,0.006053596735,1268.82002223,1260.26687212,18,70.0566597516
15.1680007204,2500.0013411,-3.86237257455e-05,5.14940757057e-06,-490.3331604,3.76829957531e-05,7.56736380936e-06,102.8983078,38.7684593201,0.974229514599,0.000116415321827,0.000465661287308,2,549.884513021,4.88669923577,-0.771090104233,92.5747385383,15.0646415687,141.112104757,108.285676106,5150.00522137,0.006053596735,1268.82002223,1260.26687212,18,70.0566597516
15.200000722,2500.0013411,-3.12067871544e-05,4.16056354879e-06,-490.3331604,3.76531315851e-05,7.56137978897e-06,102.898002625,38.7685432434,0.97422927618,0.000116415321827,0.000465661287308,2,549.884513021,5.59727407998,-0.572779298882,90.6332070792,14.2682413499,147.997576278,112.111090857,5150.00522137,0.006053596735,1268.82002223,1260.26687212,18,70.0566597516
15.2320007235,2500.0013411,-2.52155015618e-05,3.36179095939e-06,-490.3331604,3.76289899577e-05,7.55655264584e-06,102.897911072,38.7686309814,0.974229216576,0.000116415321827,0.000465661287308,2,549.884513021,6.10819492997,-0.395804521299,88.734218175,13.5277670479,152.948399773,115.52493379,5150.00475571,0.006053596735,1268.82002223,1260.26687212,18,70.0566597516
15.264000725,2500.0013411,-2.03735708859e-05,2.71625322057e-06,-490.3331604,3.76094758394e-05,7.55265182306e-06,102.897590637,38.7687110901,0.974229037762,0.000116415321827,0.000465661287308,2,549.884513021,6.48446223908,-0.23074927178,86.8767976248,12.854166522,156.594425789,118.708849186,5150.00429004,0.006053596735,1268.82002223,1260.26687212,18,70.0566597516
15.2960007265,2500.0013411,-1.64617573045e-05,2.19472076424e-06,-490.3331604,3.75937161152e-05,7.54949860493e-06,102.897453308,38.7688026428,0.974228918552,0.000116415321827,0.000465661287308,2,549.884513021,6.76836127802,-0.0737888568949,85.060029826,12.250202145,159.345407155,121.736615256,5150.00475571,0.006053596735,1268.82002223,1260.26687212,18,70.0566597516
15.328000728,2500.0013411,-1.33012368481e-05,1.77335266471e-06,-490.3331604,3.75809868274e-05,7.54694883653e-06,102.89717865,38.7688751221,0.974228739738,0.000116415321827,0.000465661287308,2,549.884513021,6.98764579006,0.0767435133465,83.2830724244,11.7139896069,161.470277817,124.640384456,5150.00475571,0.006053596735,1268.82002223,1260.26687212,18,70.0566597516
15.3600007296,2500.0013411,-1.07475348066e-05,1.43288707477e-06,-490.3331604,3.75706986233e-05,7.54488928578e-06,102.897041321,38.7689666748,0.974228680134,0.000116415321827,0.000465661287308,2,549.884513021,7.16071618102,0.221653147117,81.5450903903,11.2411852894,163.147327839,127.435690956,5150.00475571,0.006053596735,1268.82002223,1260.26687212,18,70.0566597516
15.3920007311,2500.0013411,-8.68345586408e-06,1.15769910281e-06,-490.3331604,3.75623858417e-05,7.54322491048e-06,102.896858215,38.7690391541,0.974228560925,0.000116415321827,0.000465661287308,2,549.884513021,7.29994590324,0.361392287679,79.8452706689,10.8262974086,164.496465004,130.131258629,5150.00475571,0.006053596735,1268.82002223,1260.26687212,18,70.0566597516
15.4240007326,2500.0013411,-7.01532408554e-06,9.35299794946e-07,-490.3331604,3.75556701329e-05,7.54188022256e-06,102.89667511,38.769115448,0.974228441715,0.000116415321827,0.000465661287308,2,549.884513021,7.41377818524,0.496261939356,78.1827928802,10.4634706866,165.599500178,132.73289369,5150.00429004,0.006053596735,1268.82002223,1260.26687212,18,70.0566597516
15.4560007341,2500.0013411,-5.66654796003e-06,7.55477742587e-07,-490.3331604,3.75502313545e-05,7.54079292165e-06,102.896278381,38.7691841125,0.974228143692,0.000116415321827,0.000465661287308,2,549.884513021,7.51448393187,0.645948242806,76.5568219948,10.1474074471,166.575337062,135.620342917,5150.00522137,0.006053596735,1268.82002223,1260.26687212,18,70.0566597516
15.4880007356,2500.0013411,-4.57838237808e-06,6.10400888945e-07,-490.3331604,3.7545854866e-05,7.53991434976e-06,102.8960495,38.7692527771,0.974228024483,0.000116415321827,0.000465661287308,2,549.884513021,7.62290088283,0.864311487044,74.9667280781,9.87584706753,167.62589803,139.832569403,5150.00522137,0.006053596735,1268.82002223,1260.26687212,18,70.0566597516
15.5200007372,2500.07049181,14.6595693877,-1.95444881916,-492.321533203,0.00250442419201,0.000132834466058,102.895866394,38.7693214417,0.974227905273,0.000116415321827,0.000465661287308,3,544.440932572,7.73521234906,1.1050925148,73.411661451,9.64666351896,168.714192114,144.477235153,5150.00522137,0.006053596735,1268.82002223,1260.26687212,18,70.0566597516
15.5520007387,2502.10030936,102.635152871,-13.6835641861,-505.045928955,0.0842342674732,-9.25421627471e-05,102.895683289,38.7693977356,0.974227786064,0.000116415321827,0.000465661287308,3,544.440932572,9.14302903375,1.66023559259,71.8910214783,9.45533097814,169.449762325,148.311475641,5150.00615269,0.006053596735,1268.82002223,1260.26687212,18,70.0566597516
15.5840007402,2506.55505806,169.07301324,-22.541217804,-516.087890625,0.272105097771,-0.00412605283782,102.89540863,38.7694664001,0.97422760725,0.000116415321827,0.000465661287308,3,544.440932572,24.6954972104,5.85092161201,70.4041709006,9.300879822,169.449762325,148.617255036,5150.00568703,0.00698491930962,1268.82002223,1260.26687212,18,70.0566597516
15.6160007417,2512.90015876,222.21240215,-29.6258888245,-526.283752441,0.52711558342,-0.00462955795228,102.895317078,38.7695426941,0.974227547646,0.000116415321827,0.000465661287308,3,544.440932572,55.8335545687,13.3212611423,68.9505090826,10.6013118976,169.449762325,143.623226904,5150.00615269,0.00698491930962,1268.82002223,1265.26074018,18,70.0566597516
15.6480007432,2520.75423487,264.358095592,-35.2448539734,-535.753845215,0.824230968952,0.00247592618689,102.933876038,38.772769928,0.974252939224,0.000116415321827,0.000465661287308,3,544.440932572,87.2803073132,18.9251962305,82.2109458346,15.3616547824,156.900016009,125.306745758,5150.00522137,0.00698491930962,1281.36982676,1283.57752692,18,70.0566597516
15.6800007448,2529.79481593,297.231512377,-39.6276168823,-544.569458008,1.15091073513,0.0170366168022,102.976860046,38.7763214111,0.974281191826,0.000116415321827,0.000465661287308,3,544.440932572,101.762113864,21.9452946275,97.5229255184,19.1630514505,135.040289024,108.301050204,5150.00615269,0.00698491930962,1303.22948098,1300.58301147,18,70.0566597516
15.7120007463,2539.7548452,322.556326864,-43.0039787292,-552.829589844,1.49977350235,0.0376776009798,102.996612549,38.7779464722,0.974294126034,0.000116415321827,0.000465661287308,3,544.440932572,107.933098983,23.1487515789,105.108245496,21.2334081827,119.167933008,95.9917961154,5150.00522137,0.00698491930962,1319.10177879,1312.89206911,18,70.0566597516
15.7440007478,2550.41779019,341.759587172,-45.5642051697,-560.618164062,1.86543548107,0.0630329325795,103.005897522,38.778717041,0.974300265312,0.000116415321827,0.000465661287308,3,544.440932572,110.00112276,23.2415094379,108.259016852,21.9892783409,109.028536826,87.7491693245,5150.00615269,0.00698491930962,1329.24120408,1321.13473956,18,70.0566597516
15.7760007493,2561.60832942,355.991855031,-47.4616851807,-568.002807617,2.24359869957,0.0919709727168,103.010429382,38.779094696,0.97430318594,0.000116415321827,0.000465661287308,3,544.440932572,109.820814989,22.6669945,108.838783686,21.8963776478,103.007492726,82.5006936793,5150.00522137,0.00698491930962,1335.26220452,1326.38320792,18,70.0566597516
15.8080007508,2573.18257354,366.141553968,-48.814868927,-575.03112793,2.63067173958,0.123599395156,103.012519836,38.7792663574,0.974304616451,0.000116415321827,0.000465661287308,3,544.440932572,108.072014196,21.6751735751,107.659597526,21.2709185863,99.9508774839,79.466131865,5150.00568703,0.00698491930962,1338.31868879,1329.4176897,18,70.0566597516
15.8400007524,2585.02247743,372.89710599,-49.7155342102,-581.737365723,3.02360057831,0.157207891345,103.012519836,38.7793655396,0.974304616451,0.000116415321827,0.000465661287308,3,544.440932572,100.211617925,19.5752575315,104.913053691,20.1852978467,99.4028014247,78.5884258221,5150.00568703,0.00698491930962,1338.86688855,1330.29546123,19,70.0469172443
15.8720007539,2597.02815674,376.779527869,-50.2331466675,-588.141723633,3.41976881027,0.192232564092,103.011878967,38.7794075012,0.974304139614,0.000116415321827,0.000465661287308,3,544.440932572,71.3382026575,13.2325493307,102.516584982,19.0502876766,99.4028014247,78.5884258221,5150.00615269,0.00698491930962,1338.86688855,1330.29546123,19,70.0469172443
15.9040007554,2609.11486112,378.18349665,-50.4203262329,-594.255371094,3.81689047813,0.228209644556,103.011787415,38.7794418335,0.974304080009,0.000116415321827,0.000465661287308,3,544.440932572,33.665836286,4.95694609151,100.324002639,18.0970557351,99.4028014247,78.5884258221,5150.00615269,0.00698491930962,1338.86688855,1330.29546123,19,70.0469172443
15.9360007569,2621.20994739,377.500167815,-50.3292236328,-600.094970703,4.2129535675,0.264772623777,103.011512756,38.779460907,0.974303901196,0.000116415321827,0.000465661287308,3,544.440932572,6.65237961912,-0.405961071037,98.2054009794,17.2952754359,101.882040326,86.400526925,5150.00661835,0.00698491930962,1338.86688855,1330.29546123,19,70.0469172443
15.9680007584,2633.25101696,374.942406779,-49.9882164001,-605.65802002,4.60617685318,0.301611989737,103.011154175,38.7794761658,0.974303722382,0.000116415321827,0.000465661287308,3,544.440932572,2.76543660629,-1.28854618158,96.1386370714,16.5329722545,120.557080663,98.303949926,5150.00568703,0.00745058059692,1338.86688855,1330.29546123,19,70.0469172443
16.00000076,2645.18149197,370.740599465,-49.428024292,-610.947753906,4.99496412277,0.338456213474,103.010978699,38.7795066833,0.974303603172,0.000116415321827,0.000465661287308,3,544.440932572,4.12446380895,-0.957004223855,94.1185688914,15.7128176441,133.726047352,104.699392978,5150.00522137,0.00745058059692,1338.86688855,1330.29546123,19,70.0469172443
16.0320007615,2656.95271082,365.091691492,-48.6748962402,-615.966430664,5.37790203094,0.375085443258,103.010887146,38.7795333862,0.974303543568,0.000116415321827,0.000465661287308,3,544.440932572,5.05991062952,-0.725909355047,92.1430795664,14.8889356159,142.790522659,109.157212137,5150.00522137,0.00745058059692,1338.86688855,1330.29546123,19,70.0469172443
16.064000763,2668.52020286,358.121527825,-47.7456169128,-620.709106445,5.75368261337,0.411303728819,103.010612488,38.7795448303,0.974303364754,0.000116415321827,0.000465661287308,3,544.440932572,5.72054622386,-0.533489135667,90.2109678259,14.1030428515,149.192084791,112.868998258,5150.00661835,0.00745058059692,1338.86688855,1330.29546123,19,70.0469172443
16.0960007645,2679.84508537,349.989539245,-46.661441803,-625.177856445,6.12117385864,0.446928620338,103.010429382,38.7795715332,0.97430318594,0.000116415321827,0.000465661287308,3,544.440932572,6.19796929823,-0.359585031388,88.3211642461,13.3763794978,153.818313265,116.22360762,5150.00661835,0.00745058059692,1338.86688855,1330.29546123,19,70.0469172443
16.128000766,2690.89126959,340.793048963,-45.435344696,-629.368041992,6.47931146622,0.48180782795,103.010154724,38.7795906067,0.974303007126,0.000116415321827,0.000465661287308,3,544.440932572,6.55140834777,-0.196480973735,86.4728118231,12.7177124488,157.243135618,119.369884487,5150.00661835,0.00745058059692,1338.86688855,1330.29546123,19,70.0469172443
16.1600007676,2701.62615925,330.624665366,-44.0796699524,-633.276062012,6.8271317482,0.515797913074,103.009788513,38.7796096802,0.974302768707,0.000116415321827,0.000465661287308,3,544.440932572,6.81945784947,-0.0409957482857,84.6649290311,12.1285954821,159.840536071,122.369194287,5150.00615269,0.00745058059692,1338.86688855,1330.29546123,19,70.0469172443
16.1920007691,2712.01995201,319.569488056,-42.6057662964,-636.898498535,7.16380167007,0.54875266552,103.009620667,38.7796287537,0.974302709103,0.000116415321827,0.000465661287308,3,544.440932572,7.02749922049,0.108280211448,82.8966368916,11.6064301177,161.856456543,125.248727272,5150.00615269,0.00745058059692,1338.86688855,1330.29546123,19,70.0469172443
16.2240007706,2722.04703651,307.71503225,-41.025302887,-640.234680176,7.48855781555,0.580551087856,103.009437561,38.7796478271,0.974302589893,0.000116415321827,0.000465661287308,3,544.440932572,7.1924120509,0.252049977319,81.167144324,11.1465678417,163.454460562,128.022045828,5150.00615269,0.00745058059692,1338.86688855,1330.29546123,19,70.0469172443
16.2560007721,2731.68180138,295.132689644,-39.3477973938,-643.281433105,7.80070018768,0.611072063446,103.009254456,38.7796707153,0.974302470684,0.000116415321827,0.000465661287308,3,544.440932572,7.32557041287,0.390723184884,79.475652923,10.7433685425,164.744764334,130.697051645,5150.00661835,0.00745058059692,1338.86688855,1330.29546123,19,70.0469172443
16.2880007736,2740.9021277,281.870510662,-37.5796508789,-646.034301758,8.099609375,0.640199661255,103.009162903,38.7796897888,0.974302411079,0.000116415321827,0.000465661287308,3,544.440932572,7.43479812986,0.524624214944,77.8212544109,10.3910062415,165.803183336,133.280002046,5150.00615269,0.00745058059692,1338.86688855,1330.29546123,19,70.0469172443
16.3200007752,2749.68822487,268.030766165,-35.734500885,-648.497314453,8.38475799561,0.667821288109,103.00907135,38.779712677,0.974302351475,0.000116415321827,0.000465661287308,3,544.440932572,7.5362395631,0.687282030823,76.2032089808,10.0845815497,166.786150658,136.417671456,5150.00615269,0.00745058059692,1338.86688855,1330.29546123,19,70.0469172443
16.3520007767,2758.0212336,253.615347901,-33.8126029968,-650.661315918,8.65566730499,0.69382917881,103.008888245,38.7797393799,0.974302232265,0.000116415321827,0.000465661287308,3,544.440932572,7.64630414077,0.916526409735,74.6208500741,9.8223859526,167.852675077,140.839794767,5150.00661835,0.00745058059692,1338.86688855,1330.29546123,19,70.0469172443
16.3840007782,2765.88508859,238.71207668,-31.8256645203,-652.530273438,8.91190433502,0.718127369881,103.008979797,38.7797698975,0.97430229187,0.000116415321827,0.000465661287308,3,544.440932572,7.75793943456,1.15362082121,73.0734598584,9.60178343075,168.934420799,145.413345308,5150.00708401,0.00745058059692,1338.86688855,1330.29546123,19,70.0469172443
16.4160007797,2773.26488867,223.404131248,-29.7847728729,-654.107910156,9.15312194824,0.740613758564,103.008888245,38.7797927856,0.974302232265,0.000116415321827,0.000465661287308,3,544.440932572,11.028402013,2.18251918417,71.5603205015,9.41824541409,169.44638628,148.605235154,5150.00708401,0.00745058059692,1338.86688855,1330.29546123,19,70.0469172443
16.4480007812,2780.14666401,207.664241316,-27.6862926483,-655.383850098,9.37901306152,0.761191129684,103.008613586,38.7798080444,0.974302053452,0.000116415321827,0.000465661287308,3,544.440932572,30.1644807291,7.3191955304,70.0808020686,9.27130952336,169.44638628,148.620049004,5150.00754967,0.00745058059692,1338.86688855,1330.29546123,19,70.0469172443
16.4800007828,2786.51900589,191.592422198,-25.5435600281,-656.365661621,9.58931159973,0.779772520065,103.008430481,38.7798271179,0.974301934242,0.000116415321827,0.000465661287308,3,544.440932572,64.1768505905,14.7568654475,68.6343478737,11.5459325975,169.44638628,140.135191032,5150.00615269,0.00745058059692,1338.86688855,1338.78027555,19,70.0469172443
16.5120007843,2792.37166978,175.200373633,-23.358133316,-657.049987793,9.78378582001,0.796285390854,103.019584656,38.8137550354,0.974309206009,0.000116415321827,0.000465661287308,3,544.440932572,91.3868797913,19.7684899475,86.3014623071,16.3206183956,151.90106933,121.315366414,5150.00708401,0.00745058059692,1356.41219094,1357.60009289,19,70.0469172443
16.5440007858,2797.69534245,158.546099556,-21.1377449036,-657.439941406,9.96227836609,0.810640096664,103.027687073,38.8379364014,0.974314510822,0.000116415321827,0.000465661287308,3,544.440932572,103.587957115,22.3279304099,99.6627105578,19.7436569762,131.079839775,105.267536128,5150.00615269,0.00745058059692,1377.23365333,1373.647945,19,70.0469172443
16.5760007873,2802.48210765,141.672528116,-18.8881206512,-657.537414551,10.124628067,0.822774350643,103.031318665,38.8489608765,0.974316895008,0.000116415321827,0.000465661287308,3,544.440932572,108.622767417,23.2430989239,106.0627428,21.4879731484,116.564930067,93.9216624829,5150.00568703,0.00745058059692,1391.74843207,1384.99366585,19,70.0469172443
16.6080007888,2806.72544613,124.633821542,-16.6164798737,-657.346435547,10.270731926,0.832620799541,103.03276825,38.8542900085,0.974317848682,0.000116415321827,0.000465661287308,3,544.440932572,110.108870863,23.1634323495,108.552405196,22.0274131854,107.436520921,86.4041139721,5150.00615269,0.00745058059692,1400.87679029,1392.51118526,19,70.0469172443
16.6400007904,2810.43839641,108.670385089,-14.4881954193,-657.038757324,10.4008808136,0.840275764465,103.033576965,38.856967926,0.974318385124,0.000116415321827,0.000465661287308,3,544.440932572,109.558212864,22.48339056,108.710137871,21.7988275253,102.127276477,81.683479948,5150.00615269,0.00745058059692,1406.18591104,1397.23182656,19,70.0469172443
16.6720007919,2813.65937553,93.6443393584,-12.4848871231,-656.614807129,10.5159158707,0.84602612257,103.034034729,38.8581542969,0.974318683147,0.000116415321827,0.000465661287308,3,544.440932572,107.508435214,21.4218593224,107.204367283,21.086776272,99.6123199002,79.0548656369,5150.00708401,0.00745058059692,1408.70071482,1399.86036811,19,70.0469172443
16.7040007934,2816.40631147,78.9798068581,-10.5297765732,-656.006591797,10.6162624359,0.849999547005,103.033851624,38.858039856,0.974318563938,0.000116415321827,0.000465661287308,3,544.440932572,95.627328006,18.5695670598,104.355297941,19.9245580577,99.3997382466,78.5882002674,5150.00615269,0.00745058059692,1408.9132892,1400.32707714,20,70.0466043781
16.7360007949,2818.68386082,64.2499944661,-8.56596279144,-655.159484863,10.7021093369,0.852186322212,103.033576965,38.8579216003,0.974318385124,0.000116415321827,0.000465661287308,3,544.440932572,63.3611146778,11.4811106866,102.029462472,18.83117484,99.3997382466,78.5882002674,5150.00661835,0.00745058059692,1408.9132892,1400.32707714,20,70.0466043781
16.7680007964,2820.48736699,49.3284715049,-6.57658958435,-654.054504395,10.7734642029,0.852511763573,103.033439636,38.8578414917,0.97431832552,0.000116415321827,0.000465661287308,3,544.440932572,26.2948991422,3.36618538729,99.8571991804,17.9128969399,99.3997382466,78.7126627984,5150.00568703,0.00745058059692,1408.9132892,1400.32707714,20,70.0466043781
16.800000798,2821.80914655,34.1523445968,-4.55327224731,-652.679260254,10.8301973343,0.850902080536,103.033439636,38.8577880859,0.97431832552,0.000116415321827,0.000465661287308,3,544.440932572,3.98827205586,-1.04034442438,97.7507274228,17.1354991355,105.529616121,89.3521792023,5150.00661835,0.00745058059692,1408.9132892,1400.32707714,20,70.0466043781
16.8320007995,2822.63988629,18.6704874068,-2.48919391632,-651.022521973,10.8721809387,0.847256600857,103.033439636,38.8577156067,0.97431832552,0.000116415321827,0.000465661287308,3,544.440932572,3.10318818024,-1.20221676776,95.6944160331,16.3599416922,123.829886434,99.969242001,5150.00615269,0.00745058059692,1408.9132892,1400.32707714,20,70.0466043781
16.864000801,2822.96980731,2.89176296064,-0.385536760092,-649.080627441,10.8992128372,0.841491699219,103.033256531,38.8576469421,0.97431820631,0.000116415321827,0.000465661287308,3,544.440932572,4.35349811431,-0.902366216348,93.6842363602,15.5341671136,135.945389047,105.753359094,5150.00708401,0.00745058059692,1408.9132892,1400.32707714,20,70.0466043781
16.8960008025,2822.78982922,-13.1897922984,1.75849461555,-646.848388672,10.9110469818,0.833559691906,103.032852173,38.8575668335,0.974317908287,0.000116415321827,0.000465661287308,3,544.440932572,5.22016762117,-0.682481412415,91.7183864984,14.7157805317,144.343415741,109.994936793,5150.00708401,0.00791624188423,1408.9132892,1400.32707714,20,70.0466043781
16.928000804,2822.09133729,-29.4801575365,3.9303650856,-644.333984375,10.907418251,0.823434472084,103.032852173,38.857509613,0.974317908287,0.000116415321827,0.000465661287308,3,544.440932572,5.83519110309,-0.495096262911,89.7956358779,13.9413282206,150.302992552,113.609596156,5150.00801533,0.00791624188423,1408.9132892,1400.32707714,20,70.0466043781
16.9600008056,2820.86525112,-46.1503113911,6.15286970139,-641.510314941,10.8878917694,0.811135053635,103.03276825,38.8574485779,0.974317848682,0.000116415321827,0.000465661287308,3,544.440932572,6.28191997673,-0.323930954638,87.914995648,13.2287843732,154.63179443,116.911374789,5150.00661835,0.00791624188423,1408.9132892,1400.32707714,20,70.0466043781
16.9920008071,2819.10179183,-63.0783906672,8.40976142883,-638.38873291,10.8519296646,0.796726346016,103.03276825,38.8573875427,0.974317848682,0.000116415321827,0.000465661287308,3,544.440932572,6.61436288732,-0.162639289235,86.0755795056,12.5850764381,157.853166456,120.02269068,5150.00661835,0.00791624188423,1408.9132892,1400.32707714,20,70.0466043781
17.0240008086,2816.79164618,-80.2818540251,10.7033691406,-634.962402344,10.7989873886,0.780284464359,103.032676697,38.8573226929,0.974317789078,0.000116415321827,0.000465661287308,3,544.440932572,6.86777190489,-0.00856737762571,84.2763693005,12.0106054491,160.308700288,122.994737467,5150.00661835,0.00791624188423,1408.9132892,1400.32707714,20,70.0466043781
17.0560008101,2813.92689794,-97.7314339252,13.0297880173,-631.231262207,10.7284727097,0.761916995049,103.032676697,38.8572807312,0.974317789078,0.000116415321827,0.000465661287308,3,544.440932572,7.06538090092,0.139488007961,82.5166105764,11.5022253961,162.223528605,125.850725453,5150.00708401,0.00791624188423,1408.9132892,1400.32707714,20,70.0466043781
17.0880008116,2810.49893238,-115.43425353,15.3899707794,-627.190246582,10.6397895813,0.741735339165,103.032493591,38.8572235107,0.974317669868,0.000116415321827,0.000465661287308,3,544.440932572,7.22267820746,0.282140538482,80.7954463292,11.0549892786,163.747739862,128.602492623,5150.00661835,0.00791624188423,1408.9132892,1400.32707714,20,70.0466043781
17.1200008132,2806.50076456,-133.361550979,17.7800807953,-622.83972168,10.5322952271,0.719890534878,103.032493591,38.8571586609,0.974317669868,0.000116415321827,0.000465661287308,3,544.440932572,7.35014335303,0.419763664419,79.1120635041,10.6631745811,164.982877322,131.257242174,5150.00661835,0.00791624188423,1408.9132892,1400.32707714,20,70.0466043781
17.1520008147,2801.92494392,-151.523767272,20.2015113831,-618.174621582,10.4053087234,0.696534991264,103.032310486,38.8571014404,0.974317550659,0.000116415321827,0.000465661287308,3,544.440932572,7.45542344979,0.553798172157,77.4656563706,10.3209690588,166.00303934,133.842768264,5150.00661835,0.00791624188423,1408.9132892,1400.32707714,20,70.0466043781
17.1840008162,2796.76401988,-169.927574461,22.6551513672,-613.190429688,10.2581262589,0.671847224236,103.03212738,38.8570404053,0.97431743145,0.000116415321827,0.000465661287308,3,544.440932572,7.55853036399,0.732070100983,75.8554704724,10.0241014259,167.002144735,137.281633215,5150.00661835,0.00791624188423,1408.9132892,1400.32707714,20,70.0466043781
17.2160008177,2791.0110075,-188.517617062,25.1336193085,-607.891052246,10.0899410248,0.646043419838,103.03212738,38.8569869995,0.97431743145,0.000116415321827,0.000465661287308,3,544.440932572,7.66986671356,0.968898243806,74.2807879772,9.77113327092,168.080994627,141.85004693,5150.00708401,0.00791624188423,1408.9132892,1400.32707714,20,70.0466043781
17.2480008192,2784.65868905,-207.355798921,27.6451702118,-602.264770508,9.89992141724,0.619345724583,103.031852722,38.8569259644,0.974317252636,0.000116415321827,0.000465661287308,3,544.440932572,7.7802490053,1.20026619106,72.7409057021,9.55882977022,169.150604052,146.313133882,5150.00661835,0.00791624188423,1408.9132892,1400.32707714,20,70.0466043781
17.2800008208,2777.69914828,-226.449687034,30.1908130646,-596.30657959,9.68714427948,0.592009603977,103.031669617,38.8568687439,0.974317133427,0.000116415321827,0.000465661287308,3,544.440932572,13.7182792089,2.90532373111,71.2351497638,9.38314121388,169.438659213,148.61523232,5150.00708401,0.00791624188423,1408.9132892,1400.32707714,20,70.0466043781
17.3120008223,2770.12470178,-245.791336056,32.7694892883,-590.013916016,9.45063877106,0.564310312271,103.031761169,38.8568267822,0.974317193031,0.000116415321827,0.000465661287308,3,544.440932572,36.3218160458,8.97183608573,69.7629341766,9.24336533476,169.438659213,148.61523232,5150.00754967,0.00791624188423,1408.9132892,1400.32707714,20,70.0466043781
17.3440008238,2761.92626916,-265.410460997,35.3851585388,-583.378295898,9.18936443329,0.536538779736,103.031044006,38.8599433899,0.974316716194,0.000116415321827,0.000465661287308,3,544.440932572,72.3378794519,16.0648924459,70.0245694249,12.5796835393,168.450977071,136.240225402,5150.00708401,0.00791624188423,1409.90095679,1412.70202585,20,70.0466043781
17.3760008253,2753.09570134,-285.307382001,38.0378608704,-576.395690918,8.90222740173,0.509003818035,103.020530701,38.9101486206,0.97430986166,0.000116415321827,0.000465661287308,3,544.440932572,94.8793320294,20.4957420336,89.9318921809,17.2050867575,146.991718793,117.48423276,5150.00661835,0.00791624188423,1431.36014231,1431.45781476,20,70.0466043781
17.4080008268,2743.62461641,-305.448425934,40.7231140137,-569.066467285,8.58808135986,0.482043802738,103.014595032,38.9368400574,0.974305927753,0.000116415321827,0.000465661287308,3,544.440932572,105.096635656,22.6347250052,101.486165917,20.2440062796,127.429113491,102.454505395,5150.00708401,0.00791624188423,1450.9226894,1446.48761488,20,70.0466043781
17.4400008284,2733.50346833,-325.878383592,43.4468841553,-561.380004883,8.24573421478,0.456003904343,103.012062073,38.9491195679,0.974304258823,0.000116415321827,0.000465661287308,3,544.440932572,109.157933422,23.2915471151,106.844454924,21.6865471895,114.210415632,92.0251186471,5150.00615269,0.00791624188423,1464.14141636,1456.91726357,20,70.0466043781
17.4720008299,2722.72410803,-346.571294358,46.2057151794,-553.335632324,7.8740196228,0.431229740381,103.010795593,38.9551544189,0.974303483963,0.000116415321827,0.000465661287308,3,544.440932572,110.12710234,23.0573213435,108.742608798,22.0298688313,106.018102088,85.1845761645,5150.00568703,0.00791624188423,1472.33391181,1463.75782788,20,70.0466043781
17.5040008314,2711.27861924,-367.50047002,48.9960403442,-544.933227539,7.47180128098,0.408057510853,103.009971619,38.9581413269,0.974302887917,0.000116415321827,0.000465661287308,3,544.440932572,109.229130673,22.2817107952,108.507533348,21.678629059,101.373923826,80.9598932392,5150.00615269,0.00791624188423,1476.97818466,1467.98242349,20,70.0466043781
17.5360008329,2699.16048273,-388.586980989,51.807346344,-536.180053711,7.03807449341,0.38680806756,103.009788513,38.9593086243,0.974302768707,0.000116415321827,0.000465661287308,3,544.440932572,106.763310567,21.1232996561,106.636620479,20.8836663361,99.4059155346,78.7324170233,5150.00615269,0.00791624188423,1478.94630209,1470.20968143,20,70.0466043781
17.5680008344,2686.3659732,-409.743923228,54.6280403137,-527.085754395,6.5720076561,0.367764115334,103.009437561,38.9588661194,0.974302589893,0.000116415321827,0.000465661287308,3,544.440932572,90.0370546228,17.3416909895,103.825098165,19.6730621915,99.3957655737,78.5857337178,5150.00615269,0.00791624188423,1478.95643022,1470.35636473,21,70.04285726
17.600000836,2672.89555632,-430.827669334,57.4389762878,-517.66986084,6.07307720184,0.351143151522,103.009346008,38.9586830139,0.974302530289,0.000116415321827,0.000465661287308,3,544.440932572,55.1541591946,9.67828018922,101.550140896,18.619855612,99.3957655737,78.5857337178,5150.00661835,0.00791624188423,1478.95643022,1470.35636473,21,70.04285726
17.6320008375,2658.75412151,-451.648287708,60.2148284912,-507.959991455,5.5411696434,0.337079793215,103.009254456,38.9585494995,0.974302470684,0.000116415321827,0.000465661287308,3,544.440932572,19.5848164217,2.10417245083,99.3950982563,17.7353249892,99.3957655737,79.9199842731,5150.00568703,0.00791624188423,1478.95643022,1470.35636473,21,70.04285726
17.664000839,2643.95400882,-471.974170068,62.9247245789,-497.993133545,4.97673416138,0.325594991446,103.009254456,38.9584197998,0.974302470684,0.000116415321827,0.000465661287308,3,544.440932572,2.39126877373,-1.4187848016,97.3001118165,16.9746277746,109.895452624,92.2588951653,5150.00475571,0.00791624188423,1478.95643022,1470.35636473,21,70.04285726
17.6960008405,2628.5208296,-490.408681799,65.3824615479,-487.967987061,4.38102054596,0.316591769457,103.00907135,38.9582862854,0.974302351475,0.000116415321827,0.000465661287308,3,544.440932572,3.41263046909,-1.12614851126,95.2540478501,16.1843181436,126.828381326,101.436598925,5150.00522137,0.00791624188423,1478.95643022,1470.35636473,21,70.04285726
17.728000842,2612.84178123,-484.89504843,64.6473693848,-481.015136719,3.7715215683,0.309230089188,103.00907135,38.9581642151,0.974302351475,0.000116415321827,0.000465661287308,3,544.440932572,4.56560476048,-0.850985693669,93.2535882134,15.3557958419,138.000701554,106.74449004,5150.00522137,0.00791624188423,1478.95643022,1470.35636473,21,70.04285726
17.7600008436,2597.76366875,-456.515466794,60.863735199,-477.405487061,3.19390058517,0.298603773117,103.009162903,38.9580612183,0.974302411079,0.000116415321827,0.000465661287308,3,544.440932572,5.36929409091,-0.640404212386,91.2971727198,14.5445308163,145.788450027,110.806606244,5150.00475571,0.00791624188423,1478.95643022,1470.35636473,21,70.04285726
17.7920008451,2583.82153697,-416.03250429,55.4664497375,-475.966461182,2.67879366875,0.280865013599,103.009162903,38.9579429626,0.974302411079,0.000116415321827,0.000465661287308,3,544.440932572,5.94241273497,-0.457368775666,89.383636723,13.7823100392,151.341970195,114.337359264,5150.00522137,0.00791624188423,1478.95643022,1470.35636473,21,70.04285726
17.8240008466,2571.28011435,-370.239751646,49.3612480164,-475.922241211,2.23539447784,0.256585896015,103.009162903,38.9578208923,0.974302411079,0.000116415321827,0.000465661287308,3,544.440932572,6.36085178007,-0.288673305163,87.5120133467,13.0842583483,155.396643095,117.591494927,5150.00568703,0.00791624188423,1478.95643022,1470.35636473,21,70.04285726
17.8560008481,2560.22647955,-323.660497088,43.1511917114,-476.712341309,1.86055421829,0.228544816375,103.009162903,38.9577102661,0.974302411079,0.000116415321827,0.000465661287308,3,544.440932572,6.67386835222,-0.129080482991,85.6813723387,12.4555296702,158.429771545,120.670039905,5150.00522137,0.00791624188423,1478.95643022,1470.35636473,21,70.04285726
17.8880008496,2550.63408986,-279.157568002,37.2179527283,-477.942108154,1.54631519318,0.199603781104,103.009162903,38.9576034546,0.974302411079,0.000116415321827,0.000465661287308,3,544.440932572,6.9136701431,0.0236301521164,83.8908347206,11.8955682342,160.753450473,123.615827761,5150.00475571,0.00791624188423,1478.95643022,1470.35636473,21,70.04285726
17.9200008512,2542.40585491,-238.355394686,31.7781105042,-479.347381592,1.28385972977,0.1718236655,103.009162903,38.9574890137,0.974302411079,0.000116415321827,0.000465661287308,3,544.440932572,7.10153255041,0.170488334667,82.1395727878,11.4007638196,162.57383686,126.448721858,5150.00568703,0.00791624188423,1478.95643022,1470.35636473,21,70.04285726
17.9520008527,2535.40929407,-201.968752663,26.9269561768,-480.767883301,1.06506049633,0.146379470825,103.008979797,38.9573822021,0.97430229187,0.000116415321827,0.000465661287308,3,544.440932572,7.25167991695,0.312036476887,80.4267075618,10.965888336,164.028766449,129.179185024,5150.00475571,0.00791624188423,1478.95643022,1470.35636473,21,70.04285726
17.9840008542,2529.49888818,-170.166560565,22.6870117188,-482.109771729,0.88290899992,0.123770020902,103.009162903,38.9572753906,0.974302411079,0.000116415321827,0.000465661287308,3,544.440932572,7.3737750538,0.448620794551,78.7514333124,10.5851972934,165.211866261,131.813896587,5150.00429004,0.00791624188423,1478.95643022,1470.35636473,21,70.04285726
18.0160008557,2524.53098074,-142.743287142,19.0308761597,-483.329956055,0.731451809406,0.104078367352,103.008888245,38.9571609497,0.974302232265,0.000116415321827,0.000465661287308,3,544.440932572,7.47622548101,0.585460107514,77.1129955832,10.2529260583,166.204612469,134.453526698,5150.00522137,0.00791624188423,1478.95643022,1470.35636473,21,70.04285726
18.0480008572,2520.37099563,-119.342890684,15.9110794067,-484.410003662,0.605656445026,0.0871613323689,103.008796692,38.9570579529,0.974302172661,0.000116415321827,0.000465661287308,3,544.440932572,7.5813343601,0.779886984244,75.5105959688,9.96562006239,167.223115568,138.204020914,5150.00568703,0.00791624188423,1478.95643022,1470.35636473,21,70.04285726
18.0800008588,2516.89786091,-99.517419585,13.2679004669,-485.350158691,0.501276314259,0.0727682933211,103.008888245,38.9569587708,0.974302232265,0.000116415321827,0.000465661287308,3,544.440932572,7.69347277746,1.02086040298,73.9434946623,9.72175116517,168.309736182,142.852397403,5150.00522137,0.00791624188423,1478.95643022,1470.35636473,21,70.04285726
18.1120008603,2514.00494017,-82.8187839943,11.04159832,-486.157989502,0.414747685194,0.060605134815,103.008796692,38.9568634033,0.974302172661,0.000116415321827,0.000465661287308,3,544.440932572,7.80901723615,1.24685662476,72.4110763789,9.51747658288,169.360340806,147.175480379,5150.00522137,0.00791624188423,1478.95643022,1470.35636473,21,70.04285726
18.1440008618,2511.59933396,-68.8132204232,9.17434310913,-486.845703125,0.343062967062,0.0503820665181,103.008888245,38.9567642212,0.974302232265,0.000116415321827,0.000465661287308,3,544.440932572,17.1973902028,3.83962261503,70.9126672351,9.34977848963,169.433915289,148.619321408,5150.00522137,0.00791624188423,1478.95643022,1470.35636473,21,70.04285726
18.1760008633,2509.6021127,-57.1060409129,7.61351394653,-487.427215576,0.283715635538,0.0418205410242,103.008705139,38.9566650391,0.974302113056,0.000116415321827,0.000465661287308,3,544.440932572,43.1327267458,10.6811863137,69.4475860227,9.45740298662,169.433915289,147.789207404,5150.00522137,0.00791624188423,1478.95643022,1471.18640598,21,70.04285726
18.2080008648,2507.94552267,-47.3416803288,6.31170606613,-487.916748047,0.234599724412,0.0346754305065,103.005439758,38.96875,0.974299967289,0.000116415321827,0.000465661287308,3,544.440932572,78.7710198813,17.2451480297,74.5215841124,13.6411644187,164.803146617,132.160450448,5150.00615269,0.00791624188423,1483.58719889,1486.81516293,21,70.04285726
18.2400008664,2506.57252036,-39.214915887,5.22822618484,-488.32699585,0.193961530924,0.0287279654294,102.994621277,39.0095100403,0.974292814732,0.000116415321827,0.000465661287308,3,544.440932572,97.8327654077,21.1185366919,93.1129296935,18.0094838486,142.280216096,113.857015094,5150.00522137,0.00791624188423,1506.1100712,1505.11856191,21,70.04285726
18.2720008679,2505.43584116,-32.4664106301,4.32849931717,-488.669403076,0.16035272181,0.0237845852971,102.9894104,39.0290298462,0.974289417267,0.000116415321827,0.000465661287308,3,544.440932572,106.33594394,22.8761492437,103.032193716,20.6714003751,124.083817354,99.860917544,5150.00615269,0.00791624188423,1524.3064845,1519.11482681,21,70.04285726
18.3040008694,2504.49497253,-26.8634794338,3.58150339127,-488.955047607,0.132565870881,0.0196808986366,102.987098694,39.0381393433,0.974287927151,0.000116415321827,0.000465661287308,3,544.440932572,109.559714452,23.3016150803,107.474748367,21.8366803642,112.087211164,90.295492555,5150.00568703,0.00791624188423,1536.30308341,1528.68032455,21,70.04285726
18.3360008709,2503.71661969,-22.2218604904,2.96267151833,-489.192230225,0.109596930444,0.0162779726088,102.986198425,39.0426712036,0.974287331104,0.000116415321827,0.000465661287308,3,544.440932572,110.064328632,22.9284649399,108.83964069,22.0024685106,104.761384137,84.0861175675,5150.00568703,0.00791624188423,1543.6289832,1534.88980141,21,70.04285726
18.3680008724,2503.07284296,-18.3757310879,2.4498963356,-489.389343262,0.0906145647168,0.0134578244761,102.985466003,39.0448799133,0.974286854267,0.000116415321827,0.000465661287308,3,544.440932572,108.836762036,22.0657494625,108.235357683,21.5400343071,100.74126476,80.3282891866,5150.00661835,0.00791624188423,1547.64926992,1538.64757158,21,70.04285726
18.400000874,2502.5405921,-15.1932745212,2.02560377121,-489.552642822,0.074920296669,0.0111251370981,102.985649109,39.0454330444,0.974286973476,0.000116415321827,0.000465661287308,3,544.440932572,105.304697171,20.6973009389,105.900629883,20.6391510235,99.3960711639,78.5878874012,5150.00615269,0.00791624188423,1548.99444897,1540.38809706,22,70.0377931935
18.4320008755,2502.10054219,-12.5583328554,1.67430698872,-489.688171387,0.0619477443397,0.00919599551708,102.985832214,39.0450744629,0.974287092686,0.000116415321827,0.000465661287308,3,544.440932572,83.5857559644,15.9255908489,103.311884646,19.4311362029,99.3960711639,78.5878874012,5150.00522137,0.00791624188423,1548.99444897,1540.38809706,22,70.0377931935
18.464000877,2501.73662789,-10.3806642073,1.38397490978,-489.800079346,0.0512318424881,0.00759853422642,102.98601532,39.0449104309,0.974287211895,0.000116415321827,0.000465661287308,3,544.440932572,46.9207061747,7.8701822306,101.075023766,18.4166119981,99.3960711639,78.5878874012,5150.00568703,0.00791624188423,1548.99444897,1540.38809706,22,70.0377931935
18.4960008785,2501.43604353,-8.5796455096,1.14385890961,-489.892791748,0.0423731952906,0.00627865316346,102.98601532,39.0447654724,0.974287211895,0.000116415321827,0.000465661287308,3,544.440932572,13.6988547016,1.04326805765,98.9350849058,17.5645541339,99.3960711639,81.952814071,5150.00615269,0.00791624188423,1548.99444897,1540.38809706,22,70.0377931935
18.52800088,2501.1873804,-7.09077721694,0.945359349251,-489.969360352,0.0350490547717,0.00518876546994,102.985832214,39.0446281433,0.974287092686,0.000116415321827,0.000465661287308,3,544.440932572,2.11760708645,-1.46645782082,96.8512248678,16.8110736983,114.279609988,94.8720335145,5150.00568703,0.00791624188423,1548.99444897,1540.38809706,22,70.0377931935
18.5600008816,2500.98225661,-5.85933867114,0.781181037426,-490.032958984,0.0289979912341,0.00428746640682,102.98601532,39.0444984436,0.974287211895,0.000116415321827,0.000465661287308,3,544.440932572,3.69739887261,-1.05789560889,94.8153057771,16.0072241374,129.587788251,102.753198007,5150.00661835,0.00791624188423,1548.99444897,1540.38809706,22,70.0377931935
18.5920008831,2500.81252307,-4.84331667394,0.645722568035,-490.085205078,0.0239980909973,0.00354228448123,102.98601532,39.0443687439,0.974287211895,0.000116415321827,0.000465661287308,3,544.440932572,4.76228075755,-0.80227409508,92.824551527,15.1786002039,139.906493132,107.68413631,5150.00661835,0.00791624188423,1548.99444897,1540.38809706,22,70.0377931935
18.6240008846,2500.67212619,-4.00275166612,0.533656418324,-490.128417969,0.019861811772,0.00292771169916,102.985923767,39.0442390442,0.97428715229,0.000116415321827,0.000465661287308,3,544.440932572,5.50830452633,-0.599468368109,90.8775850514,14.3758777497,147.135462612,111.596258648,5150.00708401,0.00791624188423,1548.99444897,1540.38809706,22,70.0377931935
18.6560008861,2500.55617653,-3.30867896992,0.44112098217,-490.164093018,0.0164439547807,0.00241949036717,102.986106873,39.0441207886,0.9742872715,0.000116415321827,0.000465661287308,3,544.440932572,6.04294405932,-0.420223668842,88.9732563534,13.6265651367,152.316119056,115.053888294,5150.00568703,0.00791624188423,1548.99444897,1540.38809706,22,70.0377931935
18.6880008876,2500.4602503,-2.73531873063,0.364679247141,-490.193511963,0.0136200366542,0.00199913838878,102.986198425,39.044002533,0.974287331104,0.000116415321827,0.000465661287308,3,544.440932572,6.43531910558,-0.253775086898,87.1105619328,12.943185976,156.118228915,118.264681078,5150.00568703,0.00791624188423,1548.99444897,1540.38809706,22,70.0377931935
18.7200008892,2500.38132071,-2.26044312512,0.301367670298,-490.218139648,0.0112837683409,0.00165241200011,102.986106873,39.043888092,0.9742872715,0.000116415321827,0.000465661287308,3,544.440932572,6.73036102706,-0.0957875948976,85.288703384,12.3294072557,158.977185492,121.31225958,5150.00661835,0.00791624188423,1548.99444897,1540.38809706,22,70.0377931935
18.7520008907,2500.31566247,-1.86897386811,0.249176070094,-490.238128662,0.0093514919281,0.00136594986543,102.986106873,39.0437660217,0.9742872715,0.000116415321827,0.000465661287308,3,544.440932572,6.95751331147,0.055604386614,83.506713831,11.7838134543,161.178293638,124.232610688,5150.00615269,0.00791624188423,1548.99444897,1540.38809706,22,70.0377931935
18.7840008922,2500.26164576,-1.54554436449,0.206055670977,-490.254760742,0.00775422621518,0.0011292072013,102.98601532,39.0436439514,0.974287211895,0.000116415321827,0.000465661287308,3,544.440932572,7.13627096742,0.201288001361,81.7638388171,11.3023466214,162.910451763,127.042847453,5150.00615269,0.00791624188423,1548.99444897,1540.38809706,22,70.0377931935
18.8160008937,2500.21694228,-1.27846942632,0.170448601246,-490.268463135,0.00643282616511,0.000933304312639,102.986106873,39.0435295105,0.9742872715,0.000116415321827,0.000465661287308,3,544.440932572,7.27971291898,0.341746834107,80.0591700648,10.8795955463,164.30040705,129.752297653,5150.00568703,0.00791624188423,1548.99444897,1540.38809706,22,70.0377931935
18.8480008952,2500.17968938,-1.05705953501,0.140929698944,-490.279693604,0.00533916382119,0.000771922816057,102.986198425,39.0434188843,0.974287331104,0.000116415321827,0.000465661287308,3,544.440932572,7.39674111155,0.477299181906,78.3920263657,10.5097763679,165.4344087,132.367102196,5150.00661835,0.00791624188423,1548.99444897,1540.38809706,22,70.0377931935
18.8800008968,2500.14918856,-0.875195496519,0.116683155298,-490.289001465,0.00443206960335,0.000639209523797,102.98601532,39.0433044434,0.974287211895,0.000116415321827,0.000465661287308,3,544.440932572,7.4976780478,0.620526539128,76.7614628181,10.187301164,166.412486578,135.129957926,5150.00615269,0.00791624188423,1548.99444897,1540.38809706,22,70.0377931935
18.9120008983,2500.12357719,-0.724881488168,0.0966429337859,-490.296447754,0.00368285435252,0.000528415839653,102.986198425,39.0432052612,0.974287331104,0.000116415321827,0.000465661287308,3,544.440932572,7.60481223965,0.830034133118,75.1668275129,9.90947989452,167.450620211,139.171359478,5150.00615269,0.00791624188423,1548.99444897,1540.38809706,22,70.0377931935
18.9440008998,2500.10285527,-0.598917381467,0.0798490941525,-490.303100586,0.00306288083084,0.000437004317064,102.98601532,39.0430870056,0.974287211895,0.000116415321827,0.000465661287308,3,544.440932572,7.71722991577,1.07187731701,73.6073440194,9.67451706291,168.539947481,143.836514326,5150.00615269,0.00791624188423,1548.99444897,1540.38809706,22,70.0377931935
18.9760009013,2500.08539297,-0.495703375236,0.0660883560777,-490.308288574,0.00254612136632,0.00036314065801,102.98601532,39.0429840088,0.974287211895,0.000116415321827,0.000465661287308,3,544.440932572,8.33717338778,1.4250978809,72.0823824028,9.47806630406,169.432198163,147.935235873,5150.00661835,0.00791624188423,1548.99444897,1540.38809706,22,70.0377931935
19.0080009028,2500.07095747,-0.410978287846,0.0547926090658,-490.312530518,0.00211734487675,0.000302397529595,102.986198425,39.0428886414,0.974287331104,0.000116415321827,0.000465661287308,3,544.440932572,21.4449929354,4.97969148905,70.5912394805,9.31836325193,169.432198163,148.61782256,5150.00661835,0.00791624188423,1548.99444897,1540.38809706,22,70.0377931935
19.0400009044,2500.0590831,-0.340315523317,0.0453716777265,-490.316101074,0.00176369678229,0.000251163030043,102.986289978,39.0427932739,0.974287390709,0.000116415321827,0.000465661287308,3,544.440932572,50.5566443132,12.2992592119,69.1333439166,10.0584182079,169.432198163,145.597485243,5150.00568703,0.00791624188423,1548.99444897,1543.40837616,22,70.0377931935
19.0720009059,2500.04907139,-0.282852454347,0.0377105660737,-490.318847656,0.00147269584704,0.000207536315429,102.97618866,39.0651245117,0.974280714989,0.000116415321827,0.000465661287308,3,544.440932572,84.1321875421,18.2944504801,79.2219651045,14.6869509555,160.163646797,128.028477775,5150.00568703,0.00791624188423,1558.26308765,1560.9775437,22,70.0377931935
19.1040009074,2500.04092231,-0.234576361891,0.0312742814422,-490.321289062,0.00123335560784,0.00017056116485,102.960243225,39.1003227234,0.974270224571,0.000116415321827,0.000465661287308,3,544.440932572,100.313074008,21.6432062291,95.8727754019,18.728707932,137.827184517,110.445296741,5150.00568703,0.00791624188423,1580.59969544,1578.5607975,22,70.0377931935
19.1360009089,2500.03417023,-0.195248617274,0.0260310117155,-490.323242188,0.00103448110167,0.000139600539114,102.952674866,39.1165351868,0.974265277386,0.000116415321827,0.000465661287308,3,544.440932572,107.344439817,23.0565595622,104.333924116,21.0288003211,121.03150948,97.4715512712,5150.00568703,0.00791624188423,1597.39539959,1591.53458662,22,70.0377931935
19.1680009104,2500.02858229,-0.160750872169,0.021431690082,-490.32510376,0.00086784834275,0.000115011549497,102.94908905,39.1242027283,0.9742628932,0.000116415321827,0.000465661287308,3,544.440932572,109.843184989,23.2749930217,107.969554612,21.9407001341,110.177570605,88.7175701791,5150.00522137,0.00791624188423,1608.24914929,1600.28855316,22,70.0377931935
19.200000912,2500.02392568,-0.133225142918,0.0177618954331,-490.326477051,0.000728178420104,9.55752329901e-05,102.947288513,39.1280403137,0.974261760712,0.000116415321827,0.000465661287308,3,544.440932572,109.925391445,22.7768411643,108.849683018,21.9460161223,103.654812847,83.097787865,5150.00568703,0.00791624188423,1614.77201618,1605.90815358,22,70.0377931935
19.2320009135,2500.01996756,-0.111382291834,0.0148497531191,-490.327453613,0.000608580536209,8.07901160442e-05,102.946739197,39.1298828125,0.974261403084,0.000116415321827,0.000465661287308,3,544.440932572,108.381883384,21.8345048926,107.895412784,21.3826861847,100.22346396,79.7815664555,5150.00475571,0.00791624188423,1618.20335779,1609.22424402,22,70.0377931935
19.264000915,2500.01670793,-0.0913310600481,0.0121764754876,-490.328521729,0.000507321557961,6.94009941071e-05,102.94683075,39.1300315857,0.974261462688,0.000116415321827,0.000465661287308,3,544.440932572,102.622919395,20.1083176501,105.275434515,20.3623442416,99.3917055894,78.5850570537,5150.00615269,0.00791624188423,1619.03502885,1610.42087711,23,70.0404634699
19.2960009165,2500.01414679,-0.075103571362,0.0100129880011,-490.329437256,0.000427852995927,5.85689740547e-05,102.946922302,39.1297340393,0.974261522293,0.000116415321827,0.000465661287308,3,544.440932572,76.410215721,14.3492520287,102.816690185,19.198631764,99.3917055894,78.5850570537,5150.00568703,0.00791624188423,1619.03502885,1610.42087711,23,70.0404634699
19.328000918,2500.01205131,-0.0621993834216,0.00829257071018,-490.33013916,0.000364876963431,4.85634227516e-05,102.947105408,39.129573822,0.974261641502,0.000116415321827,0.000465661287308,3,544.440932572,38.847439645,6.09651275755,100.608762344,18.2213029956,99.3917055894,78.5850570537,5150.00522137,0.00791624188423,1619.03502885,1610.42087711,23,70.0404634699
19.3600009196,2500.01018867,-0.0519098009022,0.00692073861137,-490.330596924,0.000310997711495,4.08469859394e-05,102.947105408,39.1294326782,0.974261641502,0.000116415321827,0.000465661287308,3,544.440932572,8.99585508636,0.123601059772,98.4822645287,17.4003096934,100.161967566,84.5088725328,5150.00522137,0.00791624188423,1619.03502885,1610.42087711,23,70.0404634699
19.3920009211,2500.00855885,-0.0436679918892,0.00582192093134,-490.330871582,0.000262878078502,3.5637687688e-05,102.947105408,39.1292991638,0.974261641502,0.000116415321827,0.000465661287308,3,544.440932572,2.5189158953,-1.3538238336,96.409054779,16.644285714,118.168289191,97.0447435975,5150.00475571,0.00791624188423,1619.03502885,1610.42087711,23,70.0404634699
19.4240009226,2500.0073947,-0.0370423123286,0.00493856985122,-490.331207275,0.000219854904572,3.22194318869e-05,102.947288513,39.1291694641,0.974261760712,0.000116415321827,0.000465661287308,3,544.440932572,3.95894896989,-0.995851178231,94.3830241955,15.8296650052,132.122208015,103.950034827,5150.00429004,0.00791624188423,1619.03502885,1610.42087711,23,70.0404634699
19.4560009241,2500.00646338,-0.031649257437,0.00421955483034,-490.331481934,0.000181893832632,2.98528320855e-05,102.94719696,39.1290359497,0.974261701107,0.000116415321827,0.000465661287308,3,544.440932572,4.94390516496,-0.755940316209,92.4018068611,15.0032156276,141.666430864,108.577914943,5150.00475571,0.00791624188423,1619.03502885,1610.42087711,23,70.0404634699
19.4880009256,2500.00529923,-0.026681552967,0.0035572485067,-490.331542969,0.000149098530528,2.80042859231e-05,102.94745636,39.1289291382,0.974261820316,0.000116415321827,0.000465661287308,3,544.440932572,5.63728087384,-0.559692363312,90.4640110602,14.2102425089,148.385239299,112.363537482,5150.00429004,0.00791624188423,1619.03502885,1610.42087711,23,70.0404634699
19.5200009272,2500.00460073,-0.0218122924167,0.00290806707926,-490.331878662,0.000123797100969,2.57233386947e-05,102.947639465,39.1288032532,0.97426199913,0.000116415321827,0.000465661287308,3,544.440932572,6.13667108362,-0.383775621654,88.5687138654,13.4743608691,153.224333189,115.756971354,5150.00382438,0.00791624188423,1619.03502885,1610.42087711,23,70.0404634699
19.5520009287,2500.00390224,-0.0176643357719,0.00235505145974,-490.332092285,0.000106201579911,2.2616746719e-05,102.947639465,39.1286849976,0.97426199913,0.000116415321827,0.000465661287308,3,544.440932572,6.50508984802,-0.21938346864,86.7149044515,12.8057650266,156.794310897,118.928095617,5150.00475571,0.00791624188423,1619.03502885,1610.42087711,23,70.0404634699
19.5840009302,2500.00343658,-0.014256556824,0.00190071819816,-490.332305908,9.36775977607e-05,1.94048770936e-05,102.94745636,39.1285514832,0.974261820316,0.000116415321827,0.000465661287308,3,544.440932572,6.78354517224,-0.0629182945685,84.9017258146,12.2067952612,159.49254157,121.946308354,5150.00382438,0.00791624188423,1619.03502885,1610.42087711,23,70.0404634699
19.6160009317,2500.00297092,-0.0114509024485,0.00152666168287,-490.332458496,8.37566622067e-05,1.67631442309e-05,102.947547913,39.1284370422,0.974261879921,0.000116415321827,0.000465661287308,3,544.440932572,6.9989722509,0.0871969042795,83.1282843265,11.6753246285,161.580028362,124.842030345,5150.00382438,0.00791624188423,1619.03502885,1610.42087711,23,70.0404634699
19.6480009332,2500.00273809,-0.00923904863726,0.00123177201021,-490.332641602,7.52877749619e-05,1.48322969835e-05,102.947547913,39.1283149719,0.974261879921,0.000116415321827,0.000465661287308,3,544.440932572,7.16924776521,0.231729352735,81.3937083338,11.2068813258,163.22999727,127.630060888,5150.00382438,0.00791624188423,1619.03502885,1610.42087711,23,70.0404634699
19.6800009347,2500.00227243,-0.00747112238741,0.000996067887172,-490.332611084,6.80408920744e-05,1.34439778776e-05,102.947639465,39.1282043457,0.97426199913,0.000116415321827,0.000465661287308,3,544.440932572,7.30639769632,0.371116959158,79.69724338,10.7959607507,164.558980032,130.318847368,5150.00475571,0.00791624188423,1619.03502885,1610.42087711,23,70.0404634699
19.7120009363,2500.00227243,-0.00603500227569,0.00080460094614,-490.332824707,6.20375649305e-05,1.23785230244e-05,102.947731018,39.1280975342,0.97426199913,0.000116415321827,0.000465661287308,3,544.440932572,7.41864873279,0.505653903773,78.0380544355,10.4366783259,165.646692039,132.914065034,5150.00429004,0.00791624188423,1619.03502885,1610.42087711,23,70.0404634699
19.7440009378,2500.0020396,-0.00489721152519,0.000652907940093,-490.332885742,5.72253411519e-05,1.14945823952e-05,102.947822571,39.1279830933,0.974262058735,0.000116415321827,0.000465661287308,3,544.440932572,7.51944558187,0.659243363497,76.4153064709,10.1238288512,166.62341659,135.876805871,5150.00429004,0.00791624188423,1619.03502885,1610.42087711,23,70.0404634699
19.7760009393,2500.0020396,-0.00395989285806,0.00052794237854,-490.333007812,5.34137216164e-05,1.07523883344e-05,102.947914124,39.1278762817,0.974262177944,0.000116415321827,0.000465661287308,3,544.440932572,7.628437989,0.88157992205,74.8282230553,9.85540624151,167.679550941,140.165677294,5150.00382438,0.00791624188423,1619.03502885,1610.42087711,23,70.0404634699
19.8080009408,2500.00180677,-0.00320001314336,0.000426633399911,-490.332977295,5.03731171193e-05,1.01294026535e-05,102.947822571,39.1277618408,0.974262058735,0.000116415321827,0.000465661287308,3,544.440932572,7.74057777977,1.12139687759,73.2761962285,9.62913247771,168.766186107,144.791745697,5150.00429004,0.00791624188423,1619.03502885,1610.42087711,23,70.0404634699
19.8400009423,2500.00157394,-0.00256777465957,0.000342341867508,-490.332946777,4.79392474517e-05,9.62003468885e-06,102.947822571,39.1276550293,0.974262058735,0.000116415321827,0.000465661287308,3,544.440932572,9.67861896215,1.81200369003,71.7586180306,9.44040299482,169.426522916,148.447521497,5150.00429004,0.00791624188423,1619.03502885,1610.42087711,23,70.0404634699
19.8720009439,2500.00157394,-0.00208726258499,0.000278278836049,-490.333007812,4.59716757177e-05,9.20793627301e-06,102.947822571,39.1275482178,0.974262058735,0.000116415321827,0.000465661287308,3,544.440932572,26.4339791634,6.31917584284,70.2746973809,9.28848897324,169.426522916,148.617691593,5150.00475571,0.00791624188423,1619.03502885,1610.42087711,23,70.0404634699
19.9040009454,2500.00157394,-0.00168675051704,0.000224881616305,-490.333068848,4.43490207545e-05,8.88815156941e-06,102.948097229,39.1274528503,0.974262297153,0.000116415321827,0.000465661287308,3,544.440932572,58.5457303481,13.8125002007,68.8238702683,10.900430997,169.426522916,142.515491461,5150.00382438,0.00791624188423,1619.03502885,1616.52301904,23,70.0404634699
19.9360009469,2500.00157394,-0.0013636951568,0.000181811104994,-490.333099365,4.30270411016e-05,8.63396053319e-06,102.916069031,39.1678504944,0.974241197109,0.000116415321827,0.000465661287308,3,544.440932572,88.7027580728,19.2181359286,83.6050861646,15.6874627794,155.211557285,123.956109746,5150.00289306,0.00791624188423,1633.24992172,1635.08229889,23,70.0404634699
19.9680009484,2500.00157394,-0.00110235132134,0.000146968115587,-490.333129883,4.19624193455e-05,8.42673762236e-06,102.886177063,39.2058525085,0.974221527576,0.000116415321827,0.000465661287308,3,544.440932572,102.384657647,22.0798717156,98.2501483053,19.3640316949,133.667534101,107.260559162,5150.00382438,0.00791624188423,1654.79397401,1651.77765302,23,70.0404634699
20.0000009499,2500.0013411,-0.000890750473381,0.000118756979646,-490.33303833,4.110883674e-05,8.25641382107e-06,102.872673035,39.2231788635,0.97421258688,0.000116415321827,0.000465661287308,3,544.440932572,108.155326699,23.1835371494,105.421396204,21.3228259238,118.256662972,95.277930086,5150.00429004,0.00791624188423,1670.20480148,1663.7602821,23,70.0404634699
20.0320009515,2500.0013411,-0.000719830528517,9.59695244092e-05,-490.333068848,4.0448128857e-05,8.11031804915e-06,102.866462708,39.2315063477,0.974208533764,0.000116415321827,0.000465661287308,3,544.440932572,110.020702004,23.216599556,108.342468527,22.0040781398,108.465130324,87.2829914442,5150.00429004,0.00791624188423,1679.99626137,1671.75533716,23,70.0404634699
20.064000953,2500.0013411,-0.000581580283932,7.75376756792e-05,-490.333068848,3.98925876652e-05,7.99838562671e-06,102.863212585,39.2356796265,0.974206387997,0.000116415321827,0.000465661287308,3,544.440932572,109.714077711,22.6056747688,108.777833858,21.8643370536,102.688296465,82.2145229904,5150.00335872,0.00791624188423,1685.77302247,1676.82394385,23,70.0404634699
20.0960009545,2500.0013411,-0.000470429362132,6.27187691862e-05,-490.333099365,3.94314847654e-05,7.91289130575e-06,102.861671448,39.2375907898,0.974205315113,0.000116415321827,0.000465661287308,3,544.440932572,107.864787711,21.5900298666,107.488951193,21.2091080921,99.8157192953,79.3175204308,5150.00475571,0.00791624188423,1688.64568695,1679.72082272,23,70.0404634699
20.128000956,2500.0013411,-0.000380545595036,5.07352488057e-05,-490.333099365,3.90587701986e-05,7.84358962846e-06,102.861763,39.237411499,0.974205434322,0.000116415321827,0.000465661287308,3,544.440932572,98.7811977608,19.2647657332,104.696978823,20.0949535159,99.3926732917,78.5864394857,5150.00429004,0.00791624188423,1689.06874023,1680.45202736,24,70.0338132447
20.1600009575,2500.0013411,-0.000307615710682,4.10120628658e-05,-490.333129883,3.87619766116e-05,7.78563480708e-06,102.861671448,39.2371063232,0.974205315113,0.000116415321827,0.000465661287308,3,544.440932572,68.7014652,12.6559568907,102.327589974,18.9740271436,99.3926732917,78.5864394857,5150.00382438,0.00791624188423,1689.06874023,1680.45202736,24,70.0338132447
20.1920009591,2500.0013411,-0.000248487674881,3.31289702444e-05,-490.333129883,3.85254534194e-05,7.73742794991e-06,102.861579895,39.2369117737,0.974205255508,0.000116415321827,0.000465661287308,3,544.440932572,31.1385572773,4.40302030725,100.142896463,18.0326247865,99.3926732917,78.5864394857,5150.00429004,0.00791624188423,1689.06874023,1680.45202736,24,70.0338132447
20.2240009606,2500.0013411,-0.000200674754591,2.6754438295e-05,-490.333129883,3.83352089557e-05,7.69816870161e-06,102.861579895,39.2367362976,0.974205255508,0.000116415321827,0.000465661287308,3,544.440932572,5.65236130497,-0.641317583114,98.0289533886,17.2396654018,102.971418528,87.3751559993,5150.00475571,0.00791624188423,1689.06874023,1680.45202736,24,70.0338132447
20.2560009621,2500.0013411,-0.00016208952236,2.16101634578e-05,-490.333129883,3.81809331884e-05,7.66672292229e-06,102.861579895,39.2365837097,0.974205255508,0.000116415321827,0.000465661287308,3,544.440932572,2.88056492365,-1.25847253045,95.9662474309,16.4733225822,121.67267414,98.8840693026,5150.00475571,0.00791624188423,1689.06874023,1680.45202736,24,70.0338132447
20.2880009636,2500.0013411,-0.000130960783884,1.74600045284e-05,-490.333129883,3.80555502488e-05,7.64163087297e-06,102.861579895,39.2364234924,0.974205255508,0.000116415321827,0.000465661287308,3,544.440932572,4.20165688313,-0.938431055273,93.9501053545,15.6509888378,134.474044899,105.057668407,5150.00615269,0.00791624188423,1689.06874023,1680.45202736,24,70.0338132447
20.3200009651,2500.0013411,-0.000105829629782,1.41094587889e-05,-490.3331604,3.79539123969e-05,7.62149375078e-06,102.861671448,39.2362709045,0.974205315113,0.000116415321827,0.000465661287308,3,544.440932572,5.11334702319,-0.711316310574,91.9783883118,14.8288107459,143.308323459,109.438711661,5150.00615269,0.00791624188423,1689.06874023,1680.45202736,24,70.0338132447
20.3520009667,2500.0013411,-8.55215689932e-05,1.14019403554e-05,-490.3331604,3.78718104912e-05,7.6052069744e-06,102.861671448,39.2361183167,0.974205315113,0.000116415321827,0.000465661287308,3,544.440932572,5.75824341038,-0.520655306965,90.0499682806,14.0466792766,149.557366967,113.116562716,5150.00568703,0.00791624188423,1689.06874023,1680.45202736,24,70.0338132447
20.3840009682,2500.0013411,-6.91036325384e-05,9.21306127566e-06,-490.3331604,3.78056065529e-05,7.5919892879e-06,102.861763,39.2359695435,0.974205434322,0.000116415321827,0.000465661287308,3,544.440932572,6.22508486655,-0.347696819791,88.1637025889,13.3247413474,154.081062647,116.452931252,5150.00661835,0.00791624188423,1689.06874023,1680.45202736,24,70.0338132447
20.4160009697,2500.0013411,-5.58326301858e-05,7.44373983252e-06,-490.3331604,3.77522155759e-05,7.58126998335e-06,102.861671448,39.2358093262,0.974205315113,0.000116415321827,0.000465661287308,3,544.440932572,6.57128974066,-0.185208705114,86.3187781818,12.6710954626,157.435788424,119.587326481,5150.00522137,0.00791624188423,1689.06874023,1680.45202736,24,70.0338132447
20.4480009712,2500.0013411,-4.51078237262e-05,6.01388273935e-06,-490.3331604,3.77090873371e-05,7.5726002251e-06,102.861846924,39.2356758118,0.974205434322,0.000116415321827,0.000465661287308,3,544.440932572,6.83430571757,-0.030198359052,84.5142428325,12.0869254963,159.984410857,122.57747585,5150.00522137,0.00791624188423,1689.06874023,1680.45202736,24,70.0338132447
20.4800009727,2500.0013411,-3.64447048928e-05,4.85889540869e-06,-490.3331604,3.76742245862e-05,7.5656048466e-06,102.861930847,39.235534668,0.974205493927,0.000116415321827,0.000465661287308,3,544.440932572,7.03876845618,0.118669481593,82.7492981358,11.5694168862,161.965654115,125.449136249,5150.00615269,0.00791624188423,1689.06874023,1680.45202736,24,70.0338132447
20.5120009743,2500.0013411,-2.94479475527e-05,3.92607080357e-06,-490.3331604,3.76460448024e-05,7.55996325097e-06,102.861930847,39.2354011536,0.974205493927,0.000116415321827,0.000465661287308,3,544.440932572,7.20106678362,0.262068099403,81.0230504635,11.1138304739,163.53832325,128.215295263,5150.00475571,0.00791624188423,1689.06874023,1680.45202736,24,70.0338132447
20.5440009758,2500.0013411,-2.37937083231e-05,3.17223407365e-06,-490.3331604,3.76232528652e-05,7.55540895625e-06,102.861930847,39.2352561951,0.974205493927,0.000116415321827,0.000465661287308,3,544.440932572,7.33227582785,0.40039277715,79.3347453592,10.714500511,164.809738635,130.883578095,5150.00522137,0.00791624188423,1689.06874023,1680.45202736,24,70.0338132447
20.5760009773,2500.0013411,-1.92252429254e-05,2.56315524894e-06,-490.3331604,3.76048410544e-05,7.5517273217e-06,102.862113953,39.2351341248,0.974205613136,0.000116415321827,0.000465661287308,3,544.440932572,7.44007245811,0.534124048782,77.6834672204,10.3655753818,165.854289662,133.463254315,5150.00522137,0.00791624188423,1689.06874023,1680.45202736,24,70.0338132447
20.6080009788,2500.0013411,-1.5532901354e-05,2.0708835109e-06,-490.3331604,3.75899689971e-05,7.54875009079e-06,102.8620224,39.234992981,0.974205553532,0.000116415321827,0.000465661287308,3,544.440932572,7.54199137806,0.701809838617,76.0685128644,10.0623388179,166.841884493,136.697912239,5150.00568703,0.00791624188423,1689.06874023,1680.45202736,24,70.0338132447
20.6400009803,2500.0013411,-1.25497546383e-05,1.6731632968e-06,-490.3331604,3.7577960029e-05,7.54634220357e-06,102.8620224,39.2348594666,0.974205553532,0.000116415321827,0.000465661287308,3,544.440932572,7.65251375699,0.933963830629,74.4890985354,9.80326359419,167.912847246,141.176162288,5150.00568703,0.00791624188423,1689.06874023,1680.45202736,24,70.0338132447
20.6720009819,2500.0013411,-1.01386191109e-05,1.35170489557e-06,-490.3331604,3.75682502636e-05,7.54439906814e-06,102.862205505,39.2347412109,0.974205672741,0.000116415321827,0.000465661287308,3,544.440932572,7.76378280977,1.16934881222,72.9445942988,9.58548112807,168.991042301,145.716738189,5150.00615269,0.00791624188423,1689.06874023,1680.45202736,24,70.0338132447
20.7040009834,2500.0013411,-8.19172681077e-06,1.09214056465e-06,-490.3331604,3.75604067813e-05,7.54282791604e-06,102.862205505,39.2346115112,0.974205672741,0.000116415321827,0.000465661287308,3,544.440932572,11.8342430093,2.40025655687,71.4343702202,9.40456265019,169.428458321,148.618535604,5150.00568703,0.00791624188423,1689.06874023,1680.45202736,24,70.0338132447
20.7360009849,2500.0013411,-6.61876629893e-06,8.82429731064e-07,-490.3331604,3.75540694222e-05,7.54155917093e-06,102.862388611,39.2344970703,0.97420579195,0.000116415321827,0.000465661287308,3,544.440932572,32.1373917175,7.85003348178,69.9576864928,9.26006134653,169.428458321,148.618535604,5150.00568703,0.00791624188423,1689.06874023,1680.45202736,24,70.0338132447
20.7680009864,2500.0013411,-5.34822880427e-06,7.13038673439e-07,-490.3331604,3.7548958062e-05,7.54053462515e-06,102.862571716,39.2343826294,0.97420591116,0.000116415321827,0.000465661287308,3,544.440932572,67.0581784399,15.2063530315,68.5140157294,11.883473125,169.428458321,138.865434565,5150.00568703,0.00791624188423,1689.06874023,1690.20495377,24,70.0338132447
20.8000009879,2500.0013411,-4.32156871052e-06,5.76161880872e-07,-490.3331604,3.75448180421e-05,7.53970743972e-06,102.788551331,39.3033027649,0.974157035351,0.000116415321827,0.000465661287308,3,544.440932572,92.5986394262,20.02216861,87.5469014647,16.6231645953,150.231397129,120.014461572,5150.00522137,0.00791624188423,1708.26574322,1709.05597042,24,70.0338132447
20.8320009895,2500.0013411,-3.49102127414e-06,4.65431298835e-07,-490.3331604,3.75414747396e-05,7.53903805162e-06,102.742347717,39.3466567993,0.974126458168,0.000116415321827,0.000465661287308,3,544.440932572,104.104576675,22.4368156915,100.285371538,19.9178338728,129.81526379,104.302394902,5150.00568703,0.00791624188423,1728.68173104,1724.76796433,24,70.0338132447
20.864000991,2500.0013411,-2.82069333168e-06,3.76061564111e-07,-490.3331604,3.75387753593e-05,7.53849690227e-06,102.721412659,39.3664779663,0.97411262989,0.000116415321827,0.000465661287308,3,544.440932572,108.797339854,23.262553646,106.322004807,21.5586613246,115.742572234,93.2680122787,5150.00522137,0.00791624188423,1742.7544808,1735.80239061,24,70.0338132447
20.8960009925,2500.0013411,-2.27919354397e-06,3.03867523144e-07,-490.3331604,3.7536592572e-05,7.53805989007e-06,102.711219788,39.3761367798,0.974105834961,0.000116415321827,0.000465661287308,3,544.440932572,110.104373424,23.1294103915,108.60696778,22.0304438297,106.935869553,85.9816427692,5150.00475571,0.00791624188423,1751.56118348,1743.08882561,24,70.0338132447
20.928000994,2500.0013411,-1.84114420758e-06,2.45465741955e-07,-490.3331604,3.75348317903e-05,7.53770655137e-06,102.706108093,39.3809700012,0.974102437496,0.000116415321827,0.000465661287308,3,544.440932572,109.43584442,22.4164453669,108.630868668,21.7595555024,101.85415158,81.4298982732,5150.00475571,0.00791624188423,1756.64271228,1747.64043186,24,70.0338132447
20.9600009955,2500.0013411,-1.48748613253e-06,1.98315206035e-07,-490.3331604,3.75334057026e-05,7.53742142479e-06,102.703971863,39.3830375671,0.974101066589,0.000116415321827,0.000465661287308,3,544.440932572,107.287379469,21.3328151472,107.018814941,21.0203090234,99.5150476228,78.9327314124,5150.00522137,0.00791624188423,1758.98184534,1750.13765693,24,70.0338132447
20.9920009971,2500.16385689,26.1954628513,-3.49244165421,-493.905303955,0.00591938756406,0.000265640381258,102.704429626,39.3824615479,0.974101364613,0.000116415321827,0.000465661287308,4,322.973821312,93.8506342978,18.1817453048,104.157623022,19.8382533651,99.3900248432,78.5849551903,5150.00522137,0.00791624188423,1759.10675898,1750.48538949,25,70.0383316143
21.0240009986,2502.52219848,110.973262053,-14.7952203751,-506.364471436,0.102141715586,-0.000520278990734,102.704521179,39.3821296692,0.974101424217,0.000116415321827,0.000465661287308,4,322.973821312,60.6288066304,10.8824842722,101.850927307,18.758415571,99.3900248432,78.5849551903,5150.00475571,0.00791624188423,1759.10675898,1750.48538949,25,70.0383316143
21.0560010001,2507.19976611,174.974775291,-23.3280544281,-517.190856934,0.298951685429,-0.00456667365506,102.705024719,39.3819236755,0.97410172224,0.000116415321827,0.000465661287308,4,322.973821312,23.9709168523,2.91348815869,99.6850805583,17.851509454,99.3900248432,78.9915939094,5150.00429004,0.00791624188423,1759.10675898,1750.48538949,25,70.0383316143
21.0880010016,2513.70179467,226.288859267,-30.1693725586,-527.220275879,0.558428525925,-0.00431586895138,102.705024719,39.3817062378,0.97410172224,0.000116415321827,0.000465661287308,4,322.973821312,3.32571598526,-1.19884826613,97.582952419,17.0806820133,106.923529529,90.3357140487,5150.00522137,0.00791624188423,1759.10675898,1750.48538949,25,70.0383316143
21.1200010031,2521.66064456,266.965769697,-35.5925140381,-536.545959473,0.857773959637,0.00360404630192,102.705329895,39.3815078735,0.974101960659,0.000116415321827,0.000465661287308,4,322.973821312,3.20786581055,-1.17596381145,95.5304792349,16.300266383,124.844213133,100.475663203,5150.00615269,0.00791624188423,1759.10675898,1750.48538949,25,70.0383316143
21.1520010047,2530.7640899,298.696715618,-39.8229598999,-545.240112305,1.18551146984,0.0187741219997,102.705513,39.3813171387,0.974102079868,0.000116415321827,0.000465661287308,4,322.973821312,4.42466148817,-0.88500765172,93.5238740742,15.4733198333,136.634960654,106.088205939,5150.00568703,0.00791624188423,1759.10675898,1750.48538949,25,70.0383316143
21.1840010062,2540.75555131,323.158077663,-43.0842056274,-553.400512695,1.53468573093,0.0398078002036,102.705604553,39.3811149597,0.974102139473,0.000116415321827,0.000465661287308,4,322.973821312,5.26975390628,-0.668411176975,91.5615401261,14.657145347,144.82390543,110.26635184,5150.00475571,0.00791624188423,1759.10675898,1750.48538949,25,70.0383316143
21.2160010077,2551.42641254,341.723032761,-45.5593299866,-561.107910156,1.90013754368,0.0653814822435,102.70565033,39.3809204102,0.974102139473,0.000116415321827,0.000465661287308,4,322.973821312,5.87042806567,-0.482540434021,89.6421808973,13.8866850628,150.644438691,113.851798233,5150.00522137,0.00791624188423,1759.10675898,1750.48538949,25,70.0383316143
21.2480010092,2562.60694005,355.497002602,-47.3957099915,-568.426452637,2.27768802643,0.0944145992398,102.705787659,39.3807182312,0.974102258682,0.000116415321827,0.000465661287308,4,322.973821312,6.3074840566,-0.312222658934,87.7648661357,13.1789746811,154.879511683,117.137227789,5150.00522137,0.00791624188423,1759.10675898,1750.48538949,25,70.0383316143
21.2800010107,2574.15929809,365.302490536,-48.7030029297,-575.398254395,2.66385197639,0.126050487161,102.705833435,39.3805274963,0.974102258682,0.000116415321827,0.000465661287308,4,322.973821312,6.6332893068,-0.151505076304,85.9287095382,12.5402732605,158.036564244,120.237469673,5150.00475571,0.00791624188423,1759.10675898,1750.48538949,25,70.0383316143
21.3120010123,2585.96823551,371.825415641,-49.5726547241,-582.058166504,3.05567789078,0.159603625536,102.705924988,39.3803443909,0.974102318287,0.000116415321827,0.000465661287308,4,322.973821312,6.88205393064,0.00211006298494,84.132722254,11.9706769393,160.447089002,123.200705275,5150.00522137,0.00791624188423,1759.10675898,1750.48538949,25,70.0383316143
21.3440010138,2597.93689474,375.552917831,-50.0696144104,-588.42376709,3.45059537888,0.194532215595,102.706108093,39.3801651001,0.974102437496,0.000116415321827,0.000465661287308,4,322.973821312,7.07634340977,0.149764873591,82.3761205273,11.4668346123,162.329757586,126.048966195,5150.00522137,0.00791624188423,1759.10675898,1750.48538949,25,70.0383316143
21.3760010153,2609.98308659,376.896205125,-50.2487030029,-594.509460449,3.84637379646,0.230398923159,102.706291199,39.3799934387,0.974102556705,0.000116415321827,0.000465661287308,4,322.973821312,7.23121116504,0.292050791145,80.6580620039,11.0237498366,163.830423844,128.793661133,5150.00429004,0.00791624188423,1759.10675898,1750.48538949,25,70.0383316143
21.4080010168,2622.03626335,376.157608116,-50.1502304077,-600.321105957,4.24104881287,0.266833871603,102.706382751,39.3798179626,0.97410261631,0.000116415321827,0.000465661287308,4,322.973821312,7.35685471942,0.429329908051,78.9777409535,10.6356927718,165.047909832,131.441775011,5150.00522137,0.00791624188423,1759.10675898,1750.48538949,25,70.0383316143
21.4400010183,2634.03402641,373.599701561,-49.8092041016,-605.862976074,4.63286828995,0.303543031216,102.706382751,39.3796386719,0.97410261631,0.000116415321827,0.000465661287308,4,322.973821312,7.46105760983,0.563949857757,77.3343369963,10.2968172958,166.057638125,134.038593387,5150.00522137,0.00791624188423,1759.10675898,1750.48538949,25,70.0383316143
21.4720010199,2645.92282474,369.449553546,-49.255897522,-611.139099121,5.0202755928,0.34026747942,102.70677948,39.379486084,0.974102914333,0.000116415321827,0.000465661287308,4,322.973821312,7.56481322842,0.747636659824,75.7270297524,10.0031469469,167.063029949,137.581911986,5150.00522137,0.00791624188423,1759.10675898,1750.48538949,25,70.0383316143
21.5040010214,2657.65376389,363.858125638,-48.5104370117,-616.145690918,5.40185308456,0.376788705587,102.706916809,39.379322052,0.974102973938,0.000116415321827,0.000465661287308,4,322.973821312,7.67646958105,0.9862262502,74.1551966122,9.75322225463,168.144979398,142.184304423,5150.00429004,0.00791624188423,1759.10675898,1750.48538949,25,70.0383316143
21.5360010229,2669.1830717,356.976146577,-47.5929145813,-620.881408691,5.7763466835,0.412909716368,102.707008362,39.3791618347,0.974103033543,0.000116415321827,0.000465661287308,4,322.973821312,7.78630113789,1.21532579224,72.6180904439,9.54362252814,169.20924827,146.603633766,5150.00522137,0.00791624188423,1759.10675898,1750.48538949,25,70.0383316143
21.5680010244,2680.47209829,348.922098055,-46.5191268921,-625.342956543,6.1426076889,0.448448807001,102.70728302,39.3790054321,0.974103212357,0.000116415321827,0.000465661287308,4,322.973821312,14.7889509063,3.1934388907,71.115044689,9.37061760275,169.42237562,148.615828948,5150.00522137,0.00791624188423,1759.10675898,1750.48538949,25,70.0383316143
21.6000010259,2691.4854534,339.817721397,-45.3053092957,-629.52935791,6.49959278107,0.483263373375,102.707191467,39.3788337708,0.974103152752,0.000116415321827,0.000465661287308,4,322.973821312,38.5162845294,9.54979277345,69.645466037,9.26117014116,169.42237562,148.519626237,5150.00475571,0.00791624188423,1759.10675898,1750.58154855,25,70.0383316143
21.6320010275,2702.19100639,329.750910169,-43.963180542,-633.436523438,6.84635877609,0.517200350761,102.691841125,39.3905181885,0.974093019962,0.000116415321827,0.000465661287308,4,322.973821312,74.6254793604,16.4721542734,71.4088725216,12.9322683317,167.409234564,134.890564368,5150.00522137,0.00791624188423,1761.11992914,1764.21063952,25,70.0383316143
21.664001029,2712.55895495,318.810169119,-42.504535675,-637.061645508,7.18207120895,0.550121128559,102.572242737,39.4831771851,0.974013447762,0.000116415321827,0.000465661287308,4,322.973821312,95.9067039685,20.7138055897,91.0278610601,17.481703094,145.382975461,116.249197163,5150.00568703,0.00791624188423,1783.14617369,1782.85199217,25,70.0383316143
21.6960010305,2722.56368771,307.085283566,-40.9413452148,-640.404052734,7.50596857071,0.581908285618,102.51158905,39.5301971436,0.973973035812,0.000116415321827,0.000465661287308,4,322.973821312,105.522046557,22.721273248,102.015516015,20.3935571312,126.270344481,101.564248325,5150.00615269,0.00791624188423,1802.25877557,1797.53708653,25,70.0383316143
21.728001032,2732.18099028,294.657162158,-39.2843971252,-643.462768555,7.81737279892,0.61244571209,102.483459473,39.5518875122,0.973954260349,0.000116415321827,0.000465661287308,4,322.973821312,109.289604387,23.2980387369,107.054596687,21.7408680552,113.469432108,91.4290430956,5150.00522137,0.00791624188423,1815.05980436,1807.67232087,25,70.0383316143
21.7600010335,2741.38851091,281.538610579,-37.5354003906,-646.22857666,8.11566638947,0.641615390778,102.469825745,39.5626068115,0.973945140839,0.000116415321827,0.000465661287308,4,322.973821312,110.098513568,23.0158280689,108.768787705,22.022970682,105.574530608,84.8039780976,5150.00568703,0.00791624188423,1822.95485865,1814.297284,25,70.0383316143
21.7920010351,2750.16599335,267.809315119,-35.7049789429,-648.702026367,8.40032672882,0.669298946857,102.462944031,39.567905426,0.973940491676,0.000116415321827,0.000465661287308,4,322.973821312,109.089028839,22.2102754874,108.408252736,21.6334239319,101.14327597,80.7380638435,5150.00568703,0.00791624188423,1827.38620788,1818.36320553,25,70.0383316143
21.8240010366,2758.4945783,253.547274042,-33.803527832,-650.884277344,8.67087650299,0.69538128376,102.4608078,39.5697402954,0.973939061165,0.000116415321827,0.000465661287308,4,322.973821312,106.384324376,20.9925351369,106.362555011,20.8069699763,99.3893991108,78.6589662312,5150.00522137,0.00791624188423,1829.14012112,1820.44203393,25,70.0383316143
21.8560010381,2766.35796763,238.740016357,-31.8293895721,-652.765869141,8.9268655777,0.719771981239,102.461540222,39.5688858032,0.973939597607,0.000116415321827,0.000465661287308,4,322.973821312,87.9625337303,16.8882827955,103.636681818,19.5903136991,99.3893991108,78.5848678788,5150.00568703,0.00791624188423,1829.14012112,1820.51619049,26,70.0329110259
21.8880010396,2773.74032885,223.500115681,-29.7975692749,-654.353881836,9.16794490814,0.742359936237,102.461891174,39.5685157776,0.973939836025,0.000116415321827,0.000465661287308,4,322.973821312,52.3951009043,9.07357234298,101.376000623,18.550159949,99.3893991108,78.5848678788,5150.00522137,0.00791624188423,1829.14012112,1820.51619049,26,70.0329110259
21.9200010411,2780.62722646,207.843098906,-27.7101383209,-655.643249512,9.39377975464,0.763047873974,102.462440491,39.5682487488,0.973940193653,0.000116415321827,0.000465661287308,4,322.973821312,17.5208725694,1.73310759518,99.2264369492,17.6765945818,99.3893991108,80.5235031294,5150.00475571,0.00791624188423,1829.14012112,1820.51619049,26,70.0329110259
21.9520010427,2787.00725175,191.826664377,-25.5747890472,-656.636291504,9.6040763855,0.781755805016,102.462623596,39.5679740906,0.973940312862,0.000116415321827,0.000465661287308,4,322.973821312,2.13689677123,-1.47490757303,97.1355231094,16.9193986312,111.388406367,93.1746471906,5150.00475571,0.00791624188423,1829.14012112,1820.51619049,26,70.0329110259
21.9840010442,2792.86853038,175.480061444,-23.3954219818,-657.330871582,9.79863166809,0.798382043839,102.462944031,39.5677223206,0.973940491676,0.000116415321827,0.000465661287308,4,322.973821312,3.50963580817,-1.10267005946,95.0931581771,16.124307724,127.76836229,101.889498183,5150.00475571,0.00791624188423,1829.14012112,1820.51619049,26,70.0329110259
22.0160010457,2798.20198193,158.835115144,-21.1762771606,-657.726928711,9.97725486755,0.812843203545,102.463127136,39.5674591064,0.973940610886,0.000116415321827,0.000465661287308,4,322.973821312,4.63218783278,-0.83452064264,93.096258403,15.2954823578,138.64588982,107.062100142,5150.00522137,0.00791624188423,1829.14012112,1820.51619049,26,70.0329110259
22.0480010472,2802.99806036,141.931930557,-18.9227046967,-657.825012207,10.1397476196,0.825072824955,102.463249207,39.5672111511,0.973940730095,0.000116415321827,0.000465661287308,4,322.973821312,5.41601774478,-0.626683622654,91.1433295238,14.4869476589,146.241203765,111.071276478,5150.00522137,0.00791624188423,1829.14012112,1820.51619049,26,70.0329110259
22.0800010487,2807.24931508,124.86698688,-16.6475658417,-657.634399414,10.2859659195,0.835005998611,102.463615417,39.5669670105,0.973940968513,0.000116415321827,0.000465661287308,4,322.973821312,5.97589586095,-0.444967225799,89.2331556194,13.728985349,151.666419697,114.576585474,5150.00522137,0.00791624188423,1829.14012112,1820.51619049,26,70.0329110259
22.1120010503,2810.96994877,108.873013232,-14.5152101517,-657.32635498,10.4162530899,0.842724919319,102.463890076,39.5667190552,0.973941147327,0.000116415321827,0.000465661287308,4,322.973821312,6.3853798557,-0.277043465149,87.3648430617,13.0358174819,155.634319526,117.815834528,5150.00522137,0.00791624188423,1829.14012112,1820.51619049,26,70.0329110259
22.1440010518,2814.19605017,93.7878139666,-12.5040159225,-656.897094727,10.5313739777,0.848527669907,102.464073181,39.5664749146,0.973941266537,0.000116415321827,0.000465661287308,4,322.973821312,6.69223167615,-0.11799567683,85.5373956753,12.412100812,158.607712365,120.883865748,5150.00475571,0.00791624188423,1829.14012112,1820.51619049,26,70.0329110259
22.1760010533,2816.94647856,79.0317135397,-10.5366973877,-656.278381348,10.6317882538,0.852527678013,102.464530945,39.5662612915,0.97394156456,0.000116415321827,0.000465661287308,4,322.973821312,6.92770083595,0.0342728903637,83.7499930802,11.8569920693,160.889409017,123.821126181,5150.00522137,0.00791624188423,1829.14012112,1820.51619049,26,70.0329110259
22.2080010548,2819.22449358,64.2523591523,-8.56627845764,-655.424926758,10.717663765,0.854718983173,102.464836121,39.566028595,0.973941802979,0.000116415321827,0.000465661287308,4,322.973821312,7.11245019473,0.18073804696,82.0018515207,11.3666695289,162.679629284,126.64643873,5150.00429004,0.00791624188423,1829.14012112,1820.51619049,26,70.0329110259
22.2400010563,2821.0261371,49.2378785566,-6.56451177597,-654.30657959,10.7889680862,0.855032384396,102.465110779,39.5658035278,0.973941981792,0.000116415321827,0.000465661287308,4,322.973821312,7.2603076394,0.321922580533,80.2920114454,10.9358986914,164.112367202,129.369887873,5150.00568703,0.00791624188423,1829.14012112,1820.51619049,26,70.0329110259
22.2720010579,2822.34279439,33.9364523825,-4.52448892593,-652.912109375,10.8455972672,0.853382349014,102.465385437,39.5655860901,0.973942160606,0.000116415321827,0.000465661287308,4,322.973821312,7.38067366091,0.458161401313,78.6197403722,10.5588590716,165.278717759,131.997934659,5150.00522137,0.00791624188423,1829.14012112,1820.51619049,26,70.0329110259
22.3040010594,2823.16398807,18.2974690688,-2.43946242332,-651.229736328,10.8873662949,0.849663376808,102.465705872,39.565372467,0.97394233942,0.000116415321827,0.000465661287308,4,322.973821312,7.4824621075,0.596704850835,76.984195947,10.2298995708,166.265046573,134.670437546,5150.00522137,0.00791624188423,1829.14012112,1820.51619049,26,70.0329110259
22.3360010609,2823.47924076,2.35922470893,-0.314537465572,-649.259460449,10.9140672684,0.843793749809,102.46598053,39.565158844,0.973942518234,0.000116415321827,0.000465661287308,4,322.973821312,7.58824807465,0.796345969407,75.3846310379,9.94576522197,167.290112586,138.5215146,5150.00615269,0.00791624188423,1829.14012112,1820.51619049,26,70.0329110259
22.3680010624,2823.27923924,-13.8728373713,1.84955978394,-646.997253418,10.9254245758,0.835728466511,102.466064453,39.5649375916,0.973942577839,0.000116415321827,0.000465661287308,4,322.973821312,7.70053115721,1.03795836424,73.8203497872,9.70486653929,168.378130184,143.182216561,5150.00475571,0.00791624188423,1829.14012112,1820.51619049,26,70.0329110259
22.4000010639,2822.55467027,-30.422645068,4.05601978302,-644.43548584,10.9211645126,0.825426697731,102.466148376,39.5647239685,0.973942637444,0.000116415321827,0.000465661287308,4,322.973821312,7.89563598037,1.28271390804,72.2906929609,9.5032197362,169.404855114,147.447135532,5150.00522137,0.00791624188423,1829.14012112,1820.51619049,26,70.0329110259
22.4320010655,2821.29505649,-47.3145119031,6.30808401108,-641.565856934,10.9008111954,0.812914252281,102.466514587,39.5645179749,0.973942875862,0.000116415321827,0.000465661287308,4,322.973821312,18.5276471145,4.19708115959,70.7949500517,9.33819245548,169.425387867,148.618739331,5150.00429004,0.00791624188423,1829.14012112,1820.51619049,26,70.0329110259
22.464001067,2819.49015334,-64.4780811854,8.5963716507,-638.39251709,10.8637933731,0.798256516457,102.466789246,39.5643310547,0.973943114281,0.000116415321827,0.000465661287308,4,322.973821312,45.5382416079,11.2316785885,69.3325350737,9.62156593857,169.425387867,147.185142851,5150.00522137,0.00791624188423,1829.14012112,1821.94972876,26,70.0329110259
22.4960010685,2817.12971628,-82.0025379653,10.9327745438,-634.898742676,10.8095188141,0.781530916691,102.414604187,39.5997314453,0.973908126354,0.000116415321827,0.000465661287308,4,322.973821312,80.6489645773,17.6088692954,76.0996067256,13.9927173271,163.308781339,130.780797917,5150.00522137,0.00791624188423,1835.25681496,1838.35392818,26,70.0329110259
22.52800107,2814.20513056,-99.7461684165,13.2983980179,-631.099121094,10.7373924255,0.76283711195,102.284370422,39.6883468628,0.97382068634,0.000116415321827,0.000465661287308,4,322.973821312,98.6985371663,21.3032100556,94.0680569322,18.2581193725,140.756179462,112.693305709,5150.00615269,0.00791624188423,1857.80937318,1856.44149315,26,70.0329110259
22.5600010715,2810.70778146,-117.774208775,15.7019386292,-626.980712891,10.6467666626,0.742308855057,102.222984314,39.7300720215,0.973779380322,0.000116415321827,0.000465661287308,4,322.973821312,106.684861744,22.94194444,103.480882895,20.7972957202,123.027595691,99.0406406345,5150.00615269,0.00791624188423,1875.53756405,1870.09421643,26,70.0329110259
22.5920010731,2806.62882142,-136.045506224,18.1379127502,-622.544677734,10.5369567871,0.720082461834,102.194633484,39.7496147156,0.973760247231,0.000116415321827,0.000465661287308,4,322.973821312,109.655230106,23.2957790299,107.642757765,21.8754304936,111.422021291,89.7517747944,5150.00615269,0.00791624188423,1887.14300748,1879.38299496,26,70.0329110259
22.6240010746,2801.96103267,-154.562614625,20.6066570282,-617.78717041,10.4072322845,0.696337580681,102.180137634,39.7593154907,0.973750412464,0.000116415321827,0.000465661287308,4,322.973821312,110.0147689,22.8794582312,108.841003107,21.9858722995,104.371356429,83.7435072754,5150.00568703,0.00791624188423,1894.19370145,1885.39142255,26,70.0329110259
22.6560010761,2796.69603333,-173.35213488,23.1117210388,-612.700500488,10.2568387985,0.67125159502,102.173332214,39.7640647888,0.973745822906,0.000116415321827,0.000465661287308,4,322.973821312,108.680758018,21.9894230061,108.118255785,21.4887092929,100.551580545,80.1356291049,5150.00708401,0.00791624188423,1898.0136374,1888.99924979,26,70.0329110259
22.6880010776,2790.82497582,-192.431398318,25.6554145813,-607.278015137,10.0849113464,0.645036637783,102.172386169,39.7649726868,0.97374522686,0.000116415321827,0.000465661287308,4,322.973821312,104.53326177,20.5294709989,105.674285617,20.5450307479,99.3895882857,78.5854645073,5150.00661835,0.00791624188423,1899.17569514,1890.5493198,27,70.0357923051
22.7200010791,2784.33947824,-211.74462745,28.230298996,-601.523132324,9.89054298401,0.617934048176,102.173072815,39.764213562,0.973745644093,0.000116415321827,0.000465661287308,4,322.973821312,81.2552545847,15.4148659378,103.13526126,19.3519402482,99.3895882857,78.5854645073,5150.00661835,0.00791624188423,1899.17569514,1890.5493198,27,70.0357923051
22.7520010807,2777.23115869,-231.375437579,30.8475265503,-595.420410156,9.67273330688,0.590212404728,102.173789978,39.7638549805,0.973746180534,0.000116415321827,0.000465661287308,4,322.973821312,44.1957009729,7.27220040039,100.909028694,18.3499378234,99.3895882857,78.5854645073,5150.00615269,0.00791624188423,1899.17569514,1890.5493198,27,70.0357923051
22.7840010822,2769.48930696,-251.303921686,33.5044403076,-588.967468262,9.4304227829,0.562146067619,102.174339294,39.7635536194,0.973746538162,0.000116415321827,0.000465661287308,4,322.973821312,11.9419435013,0.720982726843,98.7739095649,17.5084185441,99.3895882857,82.7547555673,5150.00568703,0.00791624188423,1899.17569514,1890.5493198,27,70.0357923051
22.8160010837,2761.10460982,-271.538476227,36.2021598816,-582.158447266,9.16246986389,0.534046411514,102.174743652,39.7632713318,0.973746776581,0.000116415321827,0.000465661287308,4,322.973821312,2.25620023602,-1.42669423388,96.693829134,16.7551340474,115.622577141,95.6390722422,5150.00708401,0.00791624188423,1899.17569514,1890.5493198,27,70.0357923051
22.8480010852,2752.06658989,-292.105047265,38.9441413879,-574.984802246,8.86766052246,0.506252110004,102.175376892,39.7629928589,0.973747193813,0.000116415321827,0.000465661287308,4,322.973821312,3.78628441974,-1.03670181425,94.6614113073,15.9473602142,130.44908701,103.16202679,5150.00615269,0.00791624188423,1899.17569514,1890.5493198,27,70.0357923051
22.8800010867,2742.3647698,-313.008145895,41.7309951782,-567.440856934,8.54472255707,0.479112297297,102.175743103,39.762714386,0.973747491837,0.000116415321827,0.000465661287308,4,322.973821312,4.82368426645,-0.786683787799,92.674085073,15.1192197187,140.501491842,107.984873466,5150.00615269,0.00791624188423,1899.17569514,1890.5493198,27,70.0357923051
22.9120010883,2731.98867217,-334.227603162,44.5600242615,-559.524047852,8.19236373901,0.452993601561,102.176109314,39.762424469,0.973747730255,0.000116415321827,0.000465661287308,4,322.973821312,5.55163587289,-0.58618114449,90.7304147664,14.3196350343,147.555343574,111.852568807,5150.00661835,0.00791624188423,1899.17569514,1890.5493198,27,70.0357923051
22.9440010898,2720.92781961,-355.758442311,47.4305648804,-551.230041504,7.80929613113,0.4282579422,102.176460266,39.7621612549,0.973747968674,0.000116415321827,0.000465661287308,4,322.973821312,6.07418807936,-0.408086899776,88.8292870148,13.5747731651,152.618871653,115.288006782,5150.00708401,0.00791624188423,1899.17569514,1890.5493198,27,70.0357923051
22.9760010913,2709.1735974,-377.549236873,50.3357658386,-542.561340332,7.39429950714,0.405269891024,102.176780701,39.761882782,0.973748147488,0.000116415321827,0.000465661287308,4,322.973821312,6.45835703813,-0.242339125715,86.9697495916,12.8963071275,156.341469847,118.485280836,5150.00661835,0.00791624188423,1899.17569514,1890.5493198,27,70.0357923051
23.0080010928,2696.71832211,-399.546464905,53.2684898376,-533.52142334,6.94625806808,0.384364545345,102.177330017,39.7616271973,0.97374856472,0.000116415321827,0.000465661287308,4,322.973821312,6.74772863327,-0.0848634769775,85.1509747921,12.2874598423,159.145478392,121.522985864,5150.00708401,0.00791624188423,1899.17569514,1890.5493198,27,70.0357923051
23.0400010943,2683.55780281,-421.604403527,56.2093086243,-524.127563477,6.46432161331,0.365830481052,102.177558899,39.7613716125,0.973748683929,0.000116415321827,0.000465661287308,4,322.973821312,6.9708788191,0.0661007786758,83.3720030649,11.7465987903,161.307805683,124.435086036,5150.00568703,0.00791624188423,1899.17569514,1890.5493198,27,70.0357923051
23.0720010959,2669.69203949,-443.58856394,59.1402893066,-514.397766113,5.94798898697,0.349875986576,102.17804718,39.7611312866,0.973749041557,0.000116415321827,0.000465661287308,4,322.973821312,7.14674408673,0.211400416197,81.6320653039,11.2694929722,163.01193682,127.237915876,5150.00568703,0.00791624188423,1899.17569514,1890.5493198,27,70.0357923051
23.1040010974,2655.12801707,-465.246295789,62.0277481079,-504.36907959,5.39724588394,0.336616814137,102.178413391,39.7608795166,0.973749279976,0.000116415321827,0.000465661287308,4,322.973821312,7.28804307062,0.351503923638,79.9303850782,10.8507275148,164.381126524,129.940512124,5150.00568703,0.00791624188423,1899.17569514,1890.5493198,27,70.0357923051
23.1360010989,2639.88017105,-486.307719257,64.8357086182,-494.084594727,4.81271457672,0.326039075851,102.178871155,39.7606391907,0.973749577999,0.000116415321827,0.000465661287308,4,322.973821312,7.40344789993,0.4867190722,78.2660760845,10.4844599585,165.499397554,132.548811962,5150.00615269,0.00791624188423,1899.17569514,1890.5493198,27,70.0357923051
23.1680011004,2624.03488159,-498.876906931,66.5114593506,-484.639404297,4.19822359085,0.317989528179,102.179267883,39.7603988647,0.973749876022,0.000116415321827,0.000465661287308,4,322.973821312,7.50418340364,0.63295567152,76.638273994,10.165194857,166.475525475,135.369715281,5150.00568703,0.00791624188423,1899.17569514,1890.5493198,27,70.0357923051
23.2000011019,2608.28575119,-482.446164824,64.3208770752,-479.107635498,3.58724522591,0.310076504946,102.179542542,39.7601509094,0.973750054836,0.000116415321827,0.000465661287308,4,322.973821312,7.61196080624,0.847036299469,75.0463122482,9.89053241619,167.519887327,139.499330544,5150.00661835,0.00791624188423,1899.17569514,1890.5493198,27,70.0357923051
23.2320011035,2593.40228513,-447.775179055,59.6984558105,-476.432220459,3.02408361435,0.296672970057,102.179634094,39.7599029541,0.973750114441,0.000116415321827,0.000465661287308,4,322.973821312,7.72434506288,1.08850385743,73.4895242884,9.65848486297,168.608894455,144.157238537,5150.00615269,0.00791624188423,1899.17569514,1890.5493198,27,70.0357923051
23.264001105,2579.80381139,-403.90752838,53.8499183655,-475.613006592,2.53026580811,0.275787591934,102.180046082,39.759677887,0.973750352859,0.000116415321827,0.000465661287308,4,322.973821312,8.69259471675,1.53111927235,71.9671483333,9.46459779114,169.422943145,148.138060467,5150.00568703,0.00791624188423,1899.17569514,1890.5493198,27,70.0357923051
23.2960011065,2567.6782243,-356.710399501,47.5574836731,-475.959838867,2.10891103745,0.249257624149,102.18032074,39.7594490051,0.973750591278,0.000116415321827,0.000465661287308,4,322.973821312,23.0253265294,5.4041309352,70.4785397988,9.30753899906,169.422943145,148.614286445,5150.00615269,0.00791624188423,1899.17569514,1890.5493198,27,70.0357923051
23.328001108,2557.06207827,-310.03478216,41.3345794678,-476.977355957,1.75415503979,0.220137149096,102.180763245,39.7592315674,0.973750829697,0.000116415321827,0.000465661287308,4,322.973821312,53.1555527374,12.8154548479,69.0231932722,10.3174549763,169.422943145,144.646837725,5150.00615269,0.00791624188423,1899.17569514,1894.51675396,27,70.0357923051
23.3600011095,2547.89507017,-266.246992396,35.4966850281,-478.320343018,1.45726978779,0.191056028008,102.10004425,39.8060569763,0.973696291447,0.000116415321827,0.000465661287308,4,322.973821312,85.7297820746,18.6151622335,80.7213777486,15.0259079201,158.52159413,126.656945213,5150.00661835,0.00791624188423,1910.07717513,1912.50664648,27,70.0357923051
23.3920011111,2540.06125033,-226.590127568,30.2095375061,-479.766326904,1.20950746536,0.163725569844,101.995399475,39.8671073914,0.97362524271,0.000116415321827,0.000465661287308,4,322.973821312,101.038135972,21.797109855,96.698143453,18.9488315937,136.400703923,109.355780296,5150.00708401,0.00791624188423,1932.19841458,1929.80770953,27,70.0357923051
23.4240011126,2533.41859207,-191.534127225,25.5357875824,-481.182952881,1.00307440758,0.139030277729,101.947380066,39.8950805664,0.973592579365,0.000116415321827,0.000465661287308,4,322.973821312,107.626679785,23.1034622163,104.710522416,21.1325985152,120.071490528,96.7170999502,5150.00661835,0.00791624188423,1948.52764253,1942.44633894,27,70.0357923051
23.4560011141,2527.81924792,-161.071890034,21.474489212,-482.498718262,0.831301391125,0.117280118167,101.924552917,39.9083709717,0.973577022552,0.000116415321827,0.000465661287308,4,322.973821312,109.904816026,23.2578071626,108.098178453,21.9651137594,109.58135681,88.2222302607,5150.00661835,0.00791624188423,1959.01771076,1950.94116498,27,70.0357923051
23.4880011156,2523.1204927,-134.926842293,17.9887695312,-483.680480957,0.688541829586,0.0984476804733,101.912956238,39.9150123596,0.973569154739,0.000116415321827,0.000465661287308,4,322.973821312,109.854040373,22.7208007971,108.825877353,21.9204305258,103.313774162,82.790516899,5150.00754967,0.00791624188423,1965.28527886,1956.37298748,27,70.0357923051
23.5200011171,2519.19054426,-112.681882456,15.0230178833,-484.719238281,0.570020079613,0.0823364108801,101.907478333,39.9181480408,0.973565399647,0.000116415321827,0.000465661287308,4,322.973821312,108.20781636,21.7533953287,107.758665718,21.3255397696,100.072058558,79.6164895291,5150.00615269,0.00791624188423,1968.52744557,1959.54763331,27,70.0357923051
23.5520011187,2515.91298729,-93.8837983995,12.5168123245,-485.618347168,0.471714794636,0.0686690360308,101.907478333,39.9181480408,0.973565399647,0.000116415321827,0.000465661287308,4,322.973821312,101.459078733,19.8535512518,105.070200381,20.2711850245,99.3880239548,78.5837110016,5150.00661835,0.00791624188423,1969.211502,1960.58070287,28,70.034962846
23.5840011202,2513.18467781,-78.074670455,10.4091014862,-486.388305664,0.390242934227,0.0571458786726,101.908287048,39.9176063538,0.973565936089,0.000116415321827,0.000465661287308,4,322.973821312,73.8849034265,13.7951101623,102.644937804,19.1219390666,99.3880239548,78.5837110016,5150.00661835,0.00791624188423,1969.211502,1960.58070287,28,70.034962846
23.6160011217,2510.91783866,-64.8389031994,8.64447784424,-487.041412354,0.322765767574,0.0474766492844,101.908744812,39.9172897339,0.973566293716,0.000116415321827,0.000465661287308,4,322.973821312,36.2248207783,5.52065005276,100.445440831,18.1567493563,99.3880239548,78.5837110016,5150.00615269,0.00791624188423,1969.211502,1960.58070287,28,70.034962846
23.6480011232,2509.0361014,-53.7824562343,7.17040586472,-487.592803955,0.266908675432,0.039391297847,101.90901947,39.9170036316,0.97356647253,0.000116415321827,0.000465661287308,4,322.973821312,7.75997115652,-0.150580074563,98.3234111557,17.3455859626,100.921701232,85.4401441757,5150.00661835,0.00791624188423,1969.211502,1960.58070287,28,70.034962846
23.6800011247,2507.47613609,-44.5731493528,5.94259881973,-488.055725098,0.220688477159,0.0326501205564,101.909423828,39.9167404175,0.973566710949,0.000116415321827,0.000465661287308,4,322.973821312,2.6432906535,-1.32040228189,96.253907765,16.5867895388,119.373486086,97.6894443738,5150.00661835,0.00791624188423,1969.211502,1960.58070287,28,70.034962846
23.7120011263,2506.18392602,-36.9133849745,4.92138051987,-488.44329834,0.182454198599,0.0270418953151,101.90978241,39.9164848328,0.973566949368,0.000116415321827,0.000465661287308,4,322.973821312,4.04165488678,-0.976260031334,94.2312978724,15.7692334083,132.923625642,104.327948065,5150.00708401,0.00791624188423,1969.211502,1960.58070287,28,70.034962846
23.7440011278,2505.11383638,-30.5531866616,4.07342386246,-488.766571045,0.150838389993,0.0223828721792,101.910240173,39.916229248,0.973567306995,0.000116415321827,0.000465661287308,4,322.973821312,5.00136792066,-0.740901087188,92.2534060064,14.9440109381,142.223245348,108.868021925,5150.00661835,0.00791624188423,1969.211502,1960.58070287,28,70.034962846
23.7760011293,2504.22838144,-25.2779500443,3.37011671066,-489.035705566,0.124697253108,0.0185182206333,101.910652161,39.9159889221,0.973567545414,0.000116415321827,0.000465661287308,4,322.973821312,5.67806043621,-0.54661372539,90.3189576483,14.1545647203,148.780396557,112.615824037,5150.00708401,0.00791624188423,1969.211502,1960.58070287,28,70.034962846
23.8080011308,2503.49612907,-20.9074278246,2.78742814064,-489.259368896,0.103089556098,0.01531446632,101.910919189,39.9157295227,0.973567724228,0.000116415321827,0.000465661287308,4,322.973821312,6.16626152552,-0.371719168096,88.4268321005,13.4232968015,153.511064127,115.989540063,5150.00708401,0.00791624188423,1969.211502,1960.58070287,28,70.034962846
23.8400011323,2502.89053656,-17.2874824784,2.30480837822,-489.445037842,0.0852312669158,0.0126604745165,101.911094666,39.9154853821,0.973567843437,0.000116415321827,0.000465661287308,4,322.973821312,6.52705286322,-0.207975404722,86.5761577096,12.7597038111,157.007132657,119.148156955,5150.00661835,0.00791624188423,1969.211502,1960.58070287,28,70.034962846
23.8720011339,2502.38971785,-14.2898443301,1.90515625477,-489.599121094,0.0704707354307,0.0104651628062,101.911460876,39.9152412415,0.97356814146,0.000116415321827,0.000465661287308,4,322.973821312,6.80021463153,-0.0519998312093,84.7659749241,12.1657030206,159.654067829,122.156925499,5150.00615269,0.00791624188423,1969.211502,1960.58070287,28,70.034962846
23.9040011354,2501.97574496,-11.8124662549,1.57486629486,-489.72644043,0.0582751892507,0.00864780880511,101.911781311,39.9150047302,0.973568320274,0.000116415321827,0.000465661287308,4,322.973821312,7.01188545089,0.0976993300187,82.9955146378,11.638940416,161.705160281,125.044622109,5150.00661835,0.00791624188423,1969.211502,1960.58070287,28,70.034962846
23.9360011369,2501.63371675,-9.7623842521,1.30154442787,-489.83203125,0.0481945611537,0.00714606977999,101.912055969,39.9147758484,0.973568558693,0.000116415321827,0.000465661287308,4,322.973821312,7.17943246972,0.241854600312,81.2639491462,11.1748160103,163.328688359,127.825376694,5150.00708401,0.00791624188423,1969.211502,1960.58070287,28,70.034962846
23.9680011384,2501.35082752,-8.06984098745,1.07589054108,-489.91897583,0.0398621484637,0.00590495299548,101.912498474,39.9145469666,0.973568856716,0.000116415321827,0.000465661287308,4,322.973821312,7.31455205227,0.380887639663,79.5703408721,10.7677858303,164.637996932,130.507323775,5150.00661835,0.00791624188423,1969.211502,1960.58070287,28,70.034962846
24.0000011399,2501.11706555,-6.66876576361,0.889095783234,-489.991149902,0.0329738892615,0.00487968558446,101.912773132,39.9143218994,0.97356903553,0.000116415321827,0.000465661287308,4,322.973821312,7.42525938291,0.515088901508,77.9139353593,10.4120083319,165.71074957,133.096065838,5150.00754967,0.00791624188423,1969.211502,1960.58070287,28,70.034962846
24.0320011415,2500.92404895,-5.51110952074,0.734754323959,-490.050872803,0.027284629643,0.00403133360669,101.913002014,39.9141044617,0.973569154739,0.000116415321827,0.000465661287308,4,322.973821312,7.52630252906,0.673022837915,76.2938756037,10.1023955121,166.689860635,136.142611154,5150.00708401,0.00791624188423,1969.211502,1960.58070287,28,70.034962846
24.064001143,2500.76432712,-4.5549436436,0.60727596283,-490.100036621,0.0225820746273,0.00333044026047,101.913459778,39.9138946533,0.973569452763,0.000116415321827,0.000465661287308,4,322.973821312,7.63584017749,0.898994681782,74.7094950466,9.83711799698,167.751277331,140.501608257,5150.00661835,0.00791624188423,1969.211502,1960.58070287,28,70.034962846
24.0960011445,2500.63231215,-3.76447087547,0.501888275146,-490.140655518,0.0186931248754,0.00275222072378,101.913856506,39.9136886597,0.973569750786,0.000116415321827,0.000465661287308,4,322.973821312,7.74774877862,1.13757523058,73.1601344544,9.61372014067,168.835671502,145.103826071,5150.00754967,0.00791624188423,1969.211502,1960.58070287,28,70.034962846
24.128001146,2500.52334741,-3.11100757244,0.414766967297,-490.174377441,0.0154776023701,0.00227475725114,101.914131165,39.9134750366,0.9735699296,0.000116415321827,0.000465661287308,4,322.973821312,10.3067195369,1.98624582331,71.645097969,9.42758455969,169.421866303,148.546358105,5150.00754967,0.00791624188423,1969.211502,1960.58070287,28,70.034962846
24.1600011475,2500.43324195,-2.57179181062,0.342877417803,-490.202087402,0.0128208240494,0.00187973410357,101.914680481,39.9132919312,0.973570287228,0.000116415321827,0.000465661287308,4,322.973821312,28.2561856411,6.80875125152,70.1636824078,9.27820034784,169.421866303,148.61865202,5150.00754967,0.00791624188423,1969.211502,1960.58070287,28,70.034962846
24.1920011491,2500.35873614,-2.12658096643,0.283520847559,-490.224914551,0.0106228878722,0.00155389704742,101.915222168,39.9130973816,0.97357070446,0.000116415321827,0.000465661287308,4,322.973821312,61.325140651,14.2911103537,68.7153677085,11.2160272792,169.421866303,141.349097248,5150.00754967,0.00791624188423,1969.211502,1967.85014123,28,70.034962846
24.2240011506,2500.29726885,-1.75739887709,0.234300613403,-490.24395752,0.00880656670779,0.00128422467969,101.817970276,39.9607696533,0.973504304886,0.000116415321827,0.000465661287308,4,322.973821312,90.0658777898,19.4989237502,84.9651001579,16.0070758098,153.538538143,122.624216601,5150.00708401,0.00791624188423,1985.09497568,1986.57531291,28,70.034962846
24.2560011521,2500.24627894,-1.45358580994,0.193795531988,-490.259490967,0.00730327749625,0.00106195034459,101.738960266,39.9996032715,0.973450183868,0.000116415321827,0.000465661287308,4,322.973821312,102.988310719,22.2070397481,98.9588246477,19.5572549549,132.34448852,106.248779048,5150.00708401,0.00791624188423,2006.28908351,2002.95052491,28,70.034962846
24.2880011536,2500.2041366,-1.20195375075,0.160247340798,-490.272369385,0.00606085779145,0.000877571408637,101.702903748,40.0172958374,0.973425388336,0.000116415321827,0.000465661287308,4,322.973821312,108.38064549,23.214607205,105.735103598,21.4073213858,117.387004138,94.5874635363,5150.00661835,0.00791624188423,2021.24658972,2014.61161487,28,70.034962846
24.3200011551,2500.169212,-0.994154902401,0.132543101907,-490.282958984,0.00503120059147,0.000726134923752,101.685371399,40.0258140564,0.973413348198,0.000116415321827,0.000465661287308,4,322.973821312,110.052315927,23.1901862548,108.43600648,22.016396656,107.932770334,86.8342249305,5150.00661835,0.00791624188423,2030.70067801,2022.36464247,28,70.034962846
24.3520011567,2500.14057383,-0.823630671221,0.109808407724,-490.291656494,0.00417833542451,0.000601027335506,101.676628113,40.0301055908,0.973407387733,0.000116415321827,0.000465661287308,4,322.973821312,109.622429562,22.5440968376,108.730808513,21.8314412867,102.393329144,81.9417036837,5150.00708401,0.00791624188423,2036.24018468,2027.25711279,28,70.034962846
24.3840011582,2500.11659227,-0.681216135945,0.0908213630319,-490.298858643,0.00347450515255,0.000496400054544,101.672462463,40.0320091248,0.973404526711,0.000116415321827,0.000465661287308,4,322.973821312,107.6728701,21.5052212685,107.33315227,21.1473470404,99.7012903099,79.1799975559,5150.00568703,0.00791624188423,2038.93217258,2030.01848422,28,70.034962846
24.4160011597,2500.09680167,-0.563011894883,0.0750620886683,-490.304901123,0.00288968533278,0.000411155022448,101.673141479,40.0315551758,0.973404943943,0.000116415321827,0.000465661287308,4,322.973821312,97.2486476307,18.9291681142,104.507141461,20.0075720748,99.390221294,78.5862866906,5150.00615269,0.00791624188423,2039.24300149,2030.61243519,29,70.0316013535
24.4480011612,2500.08050352,-0.466193824877,0.0621540769935,-490.309814453,0.00240153702907,0.000342334940797,101.674278259,40.0312194824,0.973405778408,0.000116415321827,0.000465661287308,4,322.973821312,66.0381532953,12.0715754202,102.161235985,18.9005317301,99.390221294,78.5862866906,5150.00615269,0.00791624188423,2039.24300149,2030.61243519,29,70.0316013535
24.4800011627,2500.06676652,-0.387093734844,0.051608260721,-490.313659668,0.00199754582718,0.000285121466732,101.674552917,40.0309677124,0.973405957222,0.000116415321827,0.000465661287308,4,322.973821312,28.6786684446,3.86291920528,99.9833032829,17.9707831618,99.390221294,78.5862866906,5150.00661835,0.00791624188423,2039.24300149,2030.61243519,29,70.0316013535
24.5120011643,2500.05582348,-0.320922595165,0.0427861660719,-490.317108154,0.0016655633226,0.000236442007008,101.675041199,40.0307617188,0.973406255245,0.000116415321827,0.000465661287308,4,322.973821312,4.7637589978,-0.853658566295,97.8734840825,17.1859726395,104.194055893,88.3618486114,5150.00661835,0.00791624188423,2039.24300149,2030.61243519,29,70.0316013535
24.5440011658,2500.04627742,-0.266273929128,0.0355002768338,-490.319702148,0.00139158871025,0.000195194021217,101.67540741,40.030544281,0.973406493664,0.000116415321827,0.000465661287308,4,322.973821312,2.99286402925,-1.22973199658,95.8144039107,16.415183654,122.760844533,99.4384754449,5150.00754967,0.00791624188423,2039.24300149,2030.61243519,29,70.0316013535
24.5760011673,2500.03859401,-0.221494758534,0.0295302104205,-490.321899414,0.00116670248099,0.000160016847076,101.675773621,40.030330658,0.973406791687,0.000116415321827,0.000465661287308,4,322.973821312,4.27774253608,-0.920216688424,93.801572653,15.5909894054,135.211317684,105.4090244,5150.00661835,0.00791624188423,2039.24300149,2030.61243519,29,70.0316013535
24.6080011688,2500.03230758,-0.183544514698,0.0244705937803,-490.323883057,0.000978559372015,0.000131127497298,101.676086426,40.030128479,0.973406970501,0.000116415321827,0.000465661287308,4,322.973821312,5.16649683326,-0.69683079217,91.8330858559,14.7706370249,143.823344843,109.718137537,5150.00661835,0.00791624188423,2039.24300149,2030.61243519,29,70.0316013535
24.6400011703,2500.02695248,-0.15127133679,0.0201678555459,-490.325561523,0.000821199675556,0.000108281674329,101.67653656,40.0299263,0.973407268524,0.000116415321827,0.000465661287308,4,322.973821312,5.79617590675,-0.507845970631,89.907830147,13.9923107996,149.924933794,113.363654236,5150.00661835,0.00791624188423,2039.24300149,2030.61243519,29,70.0316013535
24.6720011719,2500.02252869,-0.125670482021,0.0167546886951,-490.326812744,0.000688586151227,9.03610343812e-05,101.676902771,40.0297279358,0.973407566547,0.000116415321827,0.000465661287308,4,322.973821312,6.25278184247,-0.335797678189,88.0246921535,13.2751156914,154.349443619,116.682465887,5150.00708401,0.00791624188423,2039.24300149,2030.61243519,29,70.0316013535
24.7040011734,2500.01903623,-0.10468593814,0.0139569798484,-490.327911377,0.000574422359932,7.69240432419e-05,101.6770401,40.0295257568,0.973407626152,0.000116415321827,0.000465661287308,4,322.973821312,6.59198693539,-0.173912688053,86.1828002219,12.6264763211,157.636342919,119.805226859,5150.00615269,0.00791624188423,2039.24300149,2030.61243519,29,70.0316013535
24.7360011749,2500.01600944,-0.0858063202713,0.0114399036393,-490.328918457,0.000480123097077,6.59188372083e-05,101.677406311,40.0293388367,0.973407924175,0.000116415321827,0.000465661287308,4,322.973821312,6.85011908851,-0.0193730618247,84.3812753736,12.0471947566,160.137642524,122.786295833,5150.00661835,0.00791624188423,2039.24300149,2030.61243519,29,70.0316013535
24.7680011764,2500.0134483,-0.0706248926008,0.00941587984562,-490.329681396,0.000406632083468,5.52249985049e-05,101.677848816,40.0291519165,0.973408222198,0.000116415321827,0.000465661287308,4,322.973821312,7.05109612837,0.129087421541,82.6192313057,11.5343163484,162.085110787,125.650098198,5150.00708401,0.00791624188423,2039.24300149,2030.61243519,29,70.0316013535
24.8000011779,2500.01135282,-0.0587371999927,0.00783098395914,-490.330230713,0.00034720171243,4.58223767055e-05,101.678031921,40.0289611816,0.973408341408,0.000116415321827,0.000465661287308,4,322.973821312,7.21085961026,0.272114118751,80.8958549629,11.0829371297,163.633216289,128.409083118,5150.00708401,0.00791624188423,2039.24300149,2030.61243519,29,70.0316013535
24.8320011795,2500.00972301,-0.0490744511694,0.00654272316024,-490.330749512,0.00029529715539,3.89532833651e-05,101.678352356,40.0287742615,0.973408520222,0.000116415321827,0.000465661287308,4,322.973821312,7.3401733573,0.410089522753,79.2103259654,10.6874032547,164.886267157,131.070628413,5150.00708401,0.00791624188423,2039.24300149,2030.61243519,29,70.0316013535
24.864001181,2500.00832602,-0.0414290042272,0.00552341388538,-490.331085205,0.000248794793151,3.43964529748e-05,101.678627014,40.028591156,0.97340875864,0.000116415321827,0.000465661287308,4,322.973821312,7.44664877314,0.54384648848,77.5617873093,10.3418557832,165.918012499,133.650799398,5150.00708401,0.00791624188423,2039.24300149,2030.61243519,29,70.0316013535
24.8960011825,2500.00692904,-0.0351890179218,0.00469148391858,-490.331207275,0.000207391145523,3.1379997381e-05,101.678985596,40.0284156799,0.973408997059,0.000116415321827,0.000465661287308,4,322.973821312,7.54912941523,0.716761570374,75.9495138374,10.0418503805,166.911049746,136.986331199,5150.00708401,0.00791624188423,2039.24300149,2030.61243519,29,70.0316013535
24.928001184,2500.00599772,-0.0301406117842,0.00401841849089,-490.331420898,0.000171070190845,2.92109489237e-05,101.679252625,40.0282440186,0.973409175873,0.000116415321827,0.000465661287308,4,322.973821312,7.66007983833,0.951447260549,74.3727657429,9.78583510042,167.986159795,141.513417475,5150.00708401,0.00791624188423,2039.24300149,2030.61243519,29,70.0316013535
24.9600011855,2500.00506639,-0.0250786271749,0.00334354257211,-490.331634521,0.000140271702548,2.73719415418e-05,101.679756165,40.0280799866,0.973409533501,0.000116415321827,0.000465661287308,4,322.973821312,7.77093091856,1.1849190907,72.8308984416,9.57081317587,169.060309418,146.017089719,5150.00661835,0.00791624188423,2039.24300149,2030.61243519,29,70.0316013535
24.9920011871,2500.0043679,-0.0204598933351,0.00272776186466,-490.331939697,0.000117551666335,2.48096712312e-05,101.67993927,40.0279083252,0.97340965271,0.000116415321827,0.000465661287308,4,322.973821312,12.7306105414,2.64099455131,71.3231648018,9.39253163321,169.42305956,148.617342347,5150.00568703,0.00791624188423,2039.24300149,2030.61243519,29,70.0316013535
25.0240011886,2500.00390224,-0.0165465614543,0.00220602704212,-490.332244873,0.000101851910586,2.15822092287e-05,101.680259705,40.0277519226,0.973409831524,0.000116415321827,0.000465661287308,4,322.973821312,34.1892606038,8.4011373791,69.8488689657,9.25040998047,169.42305956,148.617342347,5150.00615269,0.00791624188423,2039.24300149,2030.61243519,29,70.0316013535
25.0560011901,2500.00343658,-0.0133030262361,0.00177359126974,-490.332427979,9.03593900148e-05,1.84978980542e-05,101.678443909,40.0284996033,0.973408579826,0.000116415321827,0.000465661287308,4,322.973821312,69.8277148854,15.6423455501,68.902253168,12.2286744988,169.158651261,137.564202305,5150.00568703,0.00791624188423,2039.5074971,2041.66560434,29,70.0316013535
25.0880011916,2500.00297092,-0.0107126449933,0.00142823543865,-490.332550049,8.09570992715e-05,1.60855124705e-05,101.557899475,40.0809440613,0.973325610161,0.000116415321827,0.000465661287308,4,322.973821312,93.7587517548,20.264328993,88.7538926418,16.9179354984,148.590930621,118.736475997,5150.00568703,0.00791624188423,2060.0752905,2060.49368717,29,70.0316013535
25.1200011931,2500.00273809,-0.00864531379818,0.00115261389874,-490.332702637,7.2877483035e-05,1.43486013258e-05,101.489585876,40.1107635498,0.973278343678,0.000116415321827,0.000465661287308,4,322.973821312,104.60347017,22.5387826806,100.889383526,20.0843728133,128.596249851,103.364334791,5150.00522137,0.00791624188423,2080.06985486,2075.86609758,29,70.0316013535
25.1520011947,2500.00227243,-0.00699421986994,0.000932486087549,-490.332672119,6.60214718664e-05,1.30818543767e-05,101.458335876,40.1244277954,0.973256707191,0.000116415321827,0.000465661287308,4,322.973821312,108.97195624,23.2784155439,106.578805674,21.624573718,114.956164907,92.6355569391,5150.00522137,0.00791624188423,2093.71000528,2086.59493364,29,70.0316013535
25.1840011962,2500.0020396,-0.00566152014159,0.000754807377234,-490.332763672,6.04093766015e-05,1.20832373796e-05,101.443107605,40.1311302185,0.973246157169,0.000116415321827,0.000465661287308,4,322.973821312,110.10678329,23.0937879602,108.666716338,22.031000516,106.461644464,85.5749021866,5150.00661835,0.00791624188423,2102.20436566,2093.65552291,29,70.0316013535
25.2160011977,2500.0020396,-0.00458115856361,0.000610771006905,-490.33291626,5.59280233574e-05,1.12467068902e-05,101.435371399,40.1344642639,0.973240852356,0.000116415321827,0.000465661287308,4,322.973821312,109.322492829,22.3489801116,108.559642118,21.7192470175,101.601646747,81.1884674476,5150.00568703,0.00791624188423,2107.06423968,2098.04205224,29,70.0316013535
25.2480011992,2500.0020396,-0.00370481822998,0.000493935251143,-490.33303833,5.23836351931e-05,1.05439758045e-05,101.432289124,40.1358299255,0.973238706589,0.000116415321827,0.000465661287308,4,322.973821312,107.047176644,21.2363161363,106.832215149,20.9529170163,99.4409710984,78.8230900071,5150.00615269,0.00791624188423,2109.22490805,2100.40761158,29,70.0316013535
25.2800012007,2500.00180677,-0.00299216207367,0.000398922187742,-490.333007812,4.95482672704e-05,9.95803566184e-06,101.433326721,40.1352119446,0.973239421844,0.000116415321827,0.000465661287308,4,322.973821312,91.982614733,17.7718886598,103.977520346,19.7541973923,99.3872672552,78.5838492448,5150.00615269,0.00791624188423,2109.2784591,2100.64672865,30,70.0358432368
25.3120012023,2500.00157394,-0.00241527153833,0.000322009786032,-490.332946777,4.72808969789e-05,9.47917033045e-06,101.434089661,40.1349487305,0.973239958286,0.000116415321827,0.000465661287308,4,322.973821312,57.8889430311,10.2808610908,101.687759615,18.6877347197,99.3872672552,78.5838492448,5150.00661835,0.00791624188423,2109.2784591,2100.64672865,30,70.0358432368
25.3440012038,2500.00157394,-0.00195197435993,0.000260241882643,-490.333007812,4.54270884802e-05,9.09886875888e-06,101.434318542,40.1347351074,0.973240077496,0.000116415321827,0.000465661287308,4,322.973821312,21.7316424443,2.49570376938,99.5277287734,17.7920813576,99.3872672552,79.402962001,5150.00568703,0.00791624188423,2109.2784591,2100.64672865,30,70.0358432368
25.3760012053,2500.00157394,-0.00157775059684,0.000210349477129,-490.333068848,4.39033901785e-05,8.8022879936e-06,101.434913635,40.134563446,0.973240494728,0.000116415321827,0.000465661287308,4,322.973821312,2.79017046359,-1.32592222052,97.4293875661,17.0268262737,108.387946966,91.3082258194,5150.00568703,0.00791624188423,2109.2784591,2100.64672865,30,70.0358432368
25.4080012068,2500.00157394,-0.0012755780876,0.000170063125552,-490.333099365,4.26670994784e-05,8.56439601193e-06,101.435188293,40.1343727112,0.973240673542,0.000116415321827,0.000465661287308,4,322.973821312,3.31093060704,-1.15062393975,95.3804302957,16.2414334282,125.842911075,100.964469311,5150.00615269,0.00791624188423,2109.2784591,2100.64672865,30,70.0358432368
25.4400012083,2500.0013411,-0.00103100528115,0.000137456081575,-490.333007812,4.16737348132e-05,8.36957133288e-06,101.435539246,40.1341934204,0.973240911961,0.000116415321827,0.000465661287308,4,322.973821312,4.49524665903,-0.86788033395,93.3772311763,15.4135657823,137.318929774,106.418592623,5150.00429004,0.00791624188423,2109.2784591,2100.64672865,30,70.0358432368
25.4720012099,2500.0013411,-0.00080667345026,0.000107547632069,-490.33303833,4.08848063671e-05,8.20866716822e-06,101.435997009,40.134021759,0.973241269588,0.000116415321827,0.000465661287308,4,322.973821312,5.31931592793,-0.654380140767,91.4181640979,14.5997810186,145.304162288,110.537010187,5150.00522137,0.00791624188423,2109.2784591,2100.64672865,30,70.0358432368
25.5040012114,2500.0013411,-0.000673133104812,8.97437130334e-05,-490.333068848,4.02632213081e-05,8.07149444881e-06,101.436180115,40.1338386536,0.973241388798,0.000116415321827,0.000465661287308,4,322.973821312,5.90600471678,-0.469958567686,89.5019325673,13.8334208025,150.989173562,114.094502351,5150.00568703,0.00791624188423,2109.2784591,2100.64672865,30,70.0358432368
25.5360012129,2500.0013411,-0.000544044032047,7.25332502043e-05,-490.333099365,3.97377552872e-05,7.96926724433e-06,101.436637878,40.1336746216,0.973241686821,0.000116415321827,0.000465661287308,4,322.973821312,6.33361443662,-0.300464205381,87.6277381791,13.1305209963,155.132715008,117.364048492,5150.00522137,0.00791624188423,2109.2784591,2100.64672865,30,70.0358432368
25.5680012144,2500.0013411,-0.000440133596236,5.86796631978e-05,-490.333099365,3.93053596781e-05,7.88969282439e-06,101.437080383,40.1335144043,0.973241984844,0.000116415321827,0.000465661287308,4,322.973821312,6.65293859446,-0.140314653964,85.7945481337,12.4968187654,158.226961503,120.453332784,5150.00568703,0.00791624188423,2109.2784591,2100.64672865,30,70.0358432368
25.6000012159,2500.0013411,-0.000355975138255,4.74594562547e-05,-490.333099365,3.89580891351e-05,7.824271961e-06,101.437446594,40.1333503723,0.973242282867,0.000116415321827,0.000465661287308,4,322.973821312,6.89716411885,0.0128493626489,84.0015567009,11.9320760531,160.593510373,123.40786634,5150.00568703,0.00791624188423,2109.2784591,2100.64672865,30,70.0358432368
25.6320012175,2500.0013411,-0.00028768024074,3.8354217395e-05,-490.333129883,3.8681908336e-05,7.76947581471e-06,101.437675476,40.1331863403,0.973242402077,0.000116415321827,0.000465661287308,4,322.973821312,7.08819542645,0.160106618243,82.2478849022,11.4327696209,162.444601301,126.2484584,5150.00522137,0.00791624188423,2109.2784591,2100.64672865,30,70.0358432368
25.664001219,2500.0013411,-0.000232353219998,3.09778879455e-05,-490.333129883,3.84612685593e-05,7.72417479311e-06,101.43813324,40.1330223083,0.973242759705,0.000116415321827,0.000465661287308,4,322.973821312,7.24067666379,0.302025135984,80.5326830586,10.9938288622,163.922144566,128.986066557,5150.00568703,0.00791624188423,2109.2784591,2100.64672865,30,70.0358432368
25.6960012205,2500.0013411,-0.000187649160099,2.50178345595e-05,-490.333129883,3.82832513424e-05,7.68751579017e-06,101.438529968,40.1328773499,0.973242998123,0.000116415321827,0.000465661287308,4,322.973821312,7.36452884186,0.438958012079,78.8550355676,10.6094699159,165.122270118,131.627501105,5150.00661835,0.00791624188423,2109.2784591,2100.64672865,30,70.0358432368
25.728001222,2500.0013411,-0.000151580401009,2.02090614039e-05,-490.333129883,3.81386853405e-05,7.65822733229e-06,101.438896179,40.1327285767,0.973243236542,0.000116415321827,0.000465661287308,4,322.973821312,7.46778271026,0.57450051715,77.2143198193,10.2739153302,166.122801602,134.242116474,5150.00615269,0.00791624188423,2109.2784591,2100.64672865,30,70.0358432368
25.7600012235,2500.0013411,-0.000122478430176,1.63291169883e-05,-490.333129883,3.80212622986e-05,7.63482967159e-06,101.439079285,40.1325645447,0.973243415356,0.000116415321827,0.000465661287308,4,322.973821312,7.57220671868,0.763595497116,75.6096861348,9.98341571277,167.134669027,137.889757752,5150.00522137,0.00791624188423,2109.2784591,2100.64672865,30,70.0358432368
25.7920012251,2500.0013411,-9.89762577452e-05,1.31957513076e-05,-490.3331604,3.79261837224e-05,7.61600404076e-06,101.439216614,40.1324157715,0.97324347496,0.000116415321827,0.000465661287308,4,322.973821312,7.68413180066,1.00356638833,74.0404093567,9.73652532727,168.219223269,142.518794746,5150.00615269,0.00791624188423,2109.2784591,2100.64672865,30,70.0358432368
25.8240012266,2500.0013411,-7.99808413943e-05,1.06632369352e-05,-490.3331604,3.78494551114e-05,7.60075181461e-06,101.439491272,40.1322517395,0.973243653774,0.000116415321827,0.000465661287308,4,322.973821312,7.79334944601,1.23025034205,72.5058522259,9.52960556932,169.277540408,146.891528857,5150.00568703,0.00791624188423,2109.2784591,2100.64672865,30,70.0358432368
25.8560012281,2500.0013411,-6.4624278151e-05,8.61586340761e-06,-490.3331604,3.77875840059e-05,7.58837268222e-06,101.439674377,40.1321105957,0.973243832588,0.000116415321827,0.000465661287308,4,322.973821312,15.9486750194,3.50498820983,71.0053481835,9.35925863802,169.419610756,148.617458763,5150.00568703,0.00791624188423,2109.2784591,2100.64672865,30,70.0358432368
25.8880012296,2500.0013411,-5.22127271974e-05,6.96112556398e-06,-490.3331604,3.77376600227e-05,7.5783423199e-06,101.439758301,40.1319541931,0.973243892193,0.000116415321827,0.000465661287308,4,322.973821312,40.7865392639,10.1198807732,69.5381867222,9.33462343689,169.419610756,148.237028043,5150.00568703,0.00791624188423,2109.2784591,2101.02717392,30,70.0358432368
25.9200012311,2500.0013411,-4.21835760767e-05,5.62401510251e-06,-490.3331604,3.76973148377e-05,7.57023872211e-06,101.411903381,40.1438941956,0.973224520683,0.000116415321827,0.000465661287308,4,322.973821312,76.7615140918,16.8655026051,72.9315121702,13.2865387483,166.173413163,133.528417791,5150.00568703,0.00791624188423,2112.52458394,2115.73578417,30,70.0358432368
25.9520012327,2500.0013411,-3.40822370326e-05,4.54392511529e-06,-490.3331604,3.76647039957e-05,7.56369990995e-06,101.274589539,40.2021102905,0.973129034042,0.000116415321827,0.000465661287308,4,322.973821312,96.8888231692,20.9211749085,92.0862902363,17.7497530535,143.810510053,115.039474622,5150.00522137,0.00791624188423,2134.8875016,2134.22439992,30,70.0358432368
25.9840012342,2500.0013411,-2.75369171909e-05,3.6712876863e-06,-490.3331604,3.76383395633e-05,7.55842393119e-06,101.207328796,40.2306632996,0.973082125187,0.000116415321827,0.000465661287308,4,322.973821312,105.932734569,22.8014965087,102.528524438,20.5357941498,125.154256239,100.699471659,5150.00522137,0.00791624188423,2153.54375541,2148.56420644,30,70.0358432368
26.0160012357,2500.0013411,-2.22501444352e-05,2.9664424801e-06,-490.3331604,3.76170391974e-05,7.55416340326e-06,101.176292419,40.2439079285,0.973060429096,0.000116415321827,0.000465661287308,4,322.973821312,109.421297328,23.3011554478,107.262475081,21.7906695069,112.760913908,90.8522997634,5150.00568703,0.00791624188423,2165.93733057,2158.41108002,30,70.0358432368
26.0480012372,2500.0013411,-1.79780895032e-05,2.39688188231e-06,-490.3331604,3.75998206437e-05,7.55072096581e-06,101.160850525,40.250453949,0.973049581051,0.000116415321827,0.000465661287308,4,322.973821312,110.075477009,22.9726281113,108.798995263,22.0135894187,105.154889752,84.437597252,5150.00475571,0.00791624188423,2173.54297638,2164.82509859,30,70.0358432368
26.0800012387,2500.0013411,-1.45257347817e-05,1.93660571313e-06,-490.3331604,3.75859162887e-05,7.54793745728e-06,101.153190613,40.2536773682,0.973044216633,0.000116415321827,0.000465661287308,4,322.973821312,108.956229851,22.1380674111,108.315520514,21.5869864038,100.931654742,80.5273011792,5150.00475571,0.00791624188423,2177.76652426,2168.73548925,30,70.0358432368
26.1120012403,2500.0013411,-1.17352603329e-05,1.56457292633e-06,-490.3331604,3.75746712962e-05,7.54568782213e-06,101.151161194,40.2546310425,0.973042845726,0.000116415321827,0.000465661287308,4,322.973821312,105.905632735,20.8497615752,106.111533427,20.7254227544,99.3892899714,78.6098607932,5150.00522137,0.00791624188423,2179.30902727,2170.6528496,31,70.030320785
26.1440012418,2500.0013411,-9.48097243075e-06,1.26402585465e-06,-490.3331604,3.7565598177e-05,7.54386883273e-06,101.152336121,40.2540588379,0.973043620586,0.000116415321827,0.000465661287308,4,322.973821312,85.8098936318,16.4158227446,103.463420524,19.5094055678,99.3892899714,78.5856027505,5150.00429004,0.00791624188423,2179.30902727,2170.67706399,31,70.030320785
26.1760012433,2500.0013411,-7.66052932893e-06,1.02132003121e-06,-490.3331604,3.75582712877e-05,7.54239954404e-06,101.152786255,40.2537956238,0.973043978214,0.000116415321827,0.000465661287308,4,322.973821312,49.6480809557,8.47032122032,101.215477191,18.4821508258,99.3892899714,78.5856027505,5150.00522137,0.00791624188423,2179.30902727,2170.67706399,31,70.030320785
26.2080012448,2500.0013411,-6.18953629669e-06,8.25203755994e-07,-490.3331604,3.75523522962e-05,7.5412121987e-06,101.15309906,40.2535934448,0.973044157028,0.000116415321827,0.000465661287308,4,322.973821312,15.557143243,1.38008617483,99.0710775154,17.6194023867,99.3892899714,81.2046710053,5150.00568703,0.00791624188423,2179.30902727,2170.67706399,31,70.030320785
26.2400012463,2500.0013411,-5.00168222811e-06,6.66836228902e-07,-490.3331604,3.75475647161e-05,7.54025450078e-06,101.153556824,40.2533988953,0.973044514656,0.000116415321827,0.000465661287308,4,322.973821312,2.04208613136,-1.49145296818,96.9839359579,16.8646199643,112.858877401,94.0489771892,5150.00568703,0.00791624188423,2179.30902727,2170.67706399,31,70.030320785
26.2720012479,2500.0013411,-4.04107693489e-06,5.38766016689e-07,-490.3331604,3.75436939066e-05,7.53948097554e-06,101.154060364,40.2532272339,0.973044872284,0.000116415321827,0.000465661287308,4,322.973821312,3.60442882269,-1.0799380526,94.9449917166,16.0650041494,128.686908283,102.32799832,5150.00568703,0.00791624188423,2179.30902727,2170.67706399,31,70.030320785
26.3040012494,2500.0013411,-3.26541267984e-06,4.35352632167e-07,-490.3331604,3.75405652449e-05,7.53885660743e-06,101.154457092,40.2530479431,0.973045110703,0.000116415321827,0.000465661287308,4,322.973821312,4.69761587251,-0.818286895695,92.9513368378,15.2361485684,139.279887662,107.375250082,5150.00522137,0.00791624188423,2179.30902727,2170.67706399,31,70.030320785
26.3360012509,2500.0013411,0.0150048578007,-0.00200048345141,-490.335174561,3.84768900403e-05,7.6474107118e-06,101.154914856,40.2528610229,0.97304546833,0.000116415321827,0.000465661287308,5,323.481392115,5.46221904741,-0.613038055103,91.0015722808,14.4304687181,146.688893437,111.334498797,5150.00568703,0.00791624188423,2179.30902727,2170.67706399,31,70.030320785
26.3680012524,2500.96945092,73.1495092623,-9.75246715546,-500.560333252,0.0371775589883,0.000668425112963,101.155326843,40.252696991,0.973045766354,0.000116415321827,0.000465661287308,5,323.481392115,6.00926453661,-0.432582614579,89.0944967753,13.6768298833,151.989763253,114.815484267,5150.00615269,0.00791624188423,2179.30902727,2170.67706399,31,70.030320785
26.4000012539,2504.68496233,150.678199134,-20.0887775421,-512.718505859,0.192961260676,-0.00231588399038,101.155815125,40.2525215149,0.973046064377,0.000116415321827,0.000465661287308,5,323.481392115,6.41005351213,-0.265405298875,87.229224018,12.9885797172,155.873407493,118.0403342,5150.00661835,0.00791624188423,2179.30902727,2170.67706399,31,70.030320785
26.4320012555,2510.58069989,211.753780604,-28.2315196991,-523.75213623,0.434621155262,-0.00474530644715,101.156181335,40.2523498535,0.9730463624,0.000116415321827,0.000465661287308,5,323.481392115,6.71091042515,-0.106891635864,85.404728534,12.3698448405,158.788709086,121.098062664,5150.00522137,0.00791624188423,2179.30902727,2170.67706399,31,70.030320785
26.464001257,2518.2152167,260.454631643,-34.7244338989,-533.988464355,0.728554368019,2.32686979871e-05,101.156684875,40.2522010803,0.973046660423,0.000116415321827,0.000465661287308,5,323.481392115,6.94216277759,0.0449367518469,83.6202485421,11.8195256146,161.02954396,124.026832054,5150.00568703,0.00791624188423,2179.30902727,2170.67706399,31,70.030320785
26.4960012585,2527.22436562,298.633647617,-39.8145523071,-543.496032715,1.0575684309,0.0130851790309,101.157051086,40.2520332336,0.973046958447,0.000116415321827,0.000465661287308,5,323.481392115,7.12387233604,0.191010391803,81.8748757647,11.3336501556,162.790311151,126.84459216,5150.00568703,0.00791624188423,2179.30902727,2170.67706399,31,70.030320785
26.52800126,2537.30313852,328.150956193,-43.7498703003,-552.373291016,1.4124314785,0.033205781132,101.157356262,40.251865387,0.97304713726,0.000116415321827,0.000465661287308,5,323.481392115,7.26949204817,0.331832804584,80.1678410954,10.9069235344,164.201366715,129.561056383,5150.00568703,0.00791624188423,2179.30902727,2170.67706399,31,70.030320785
26.5600012615,2548.20287228,350.643647835,-46.7486495972,-560.716552734,1.78684830666,0.0588627122343,101.157722473,40.251701355,0.973047435284,0.000116415321827,0.000465661287308,5,323.481392115,7.38816740965,0.467729161413,78.498309505,10.5335252658,165.351331816,132.1824966,5150.00568703,0.00791624188423,2179.30902727,2170.67706399,31,70.030320785
26.5920012631,2559.72309969,367.461005226,-48.9907798767,-568.607421875,2.17591881752,0.0887510925531,101.15813446,40.2515602112,0.973047673702,0.000116415321827,0.000465661287308,5,323.481392115,7.48944815465,0.608398411061,76.8653873653,10.2077896014,166.332742083,134.896006784,5150.00568703,0.00791624188423,2179.30902727,2170.67706399,31,70.030320785
26.6240012646,2571.69944234,379.613076802,-50.6109237671,-576.100036621,2.57559704781,0.121825188398,101.158584595,40.251411438,0.97304803133,0.000116415321827,0.000465661287308,5,323.481392115,7.59591166765,0.813081809878,75.2684740411,9.92683514009,167.364371009,138.844348839,5150.00522137,0.00791624188423,2179.30902727,2170.67706399,31,70.030320785
26.6560012661,2583.99709128,387.901673093,-51.7159767151,-583.234985352,2.98246741295,0.157258361578,101.158714294,40.2512435913,0.973048090935,0.000116415321827,0.000465661287308,5,323.481392115,7.70828722606,1.05497861374,73.7067784519,9.68894054924,168.453290826,143.510536873,5150.00522137,0.00791624188423,2179.30902727,2170.67706399,31,70.030320785
26.6880012676,2596.50265798,392.924324842,-52.3856086731,-590.036499023,3.39359378815,0.194383904338,101.158988953,40.2510986328,0.973048329353,0.000116415321827,0.000465661287308,5,323.481392115,8.07116339067,1.34219682623,72.1796486886,9.4899050445,169.423234183,147.702434333,5150.00568703,0.00791624188423,2179.30902727,2170.67706399,31,70.030320785
26.7200012691,2609.12114754,395.161972847,-52.6839370728,-596.522094727,3.80642843246,0.23267570138,101.15940094,40.2509536743,0.973048567772,0.000116415321827,0.000465661287308,5,323.481392115,19.9435201856,4.57723291235,70.6863302947,9.32753942028,169.423234183,148.618390085,5150.00615269,0.00791624188423,2179.30902727,2170.67706399,31,70.030320785
26.7520012707,2621.7692066,394.990929635,-52.6611366272,-602.701049805,4.21870708466,0.271695077419,101.159675598,40.2508163452,0.97304880619,0.000116415321827,0.000465661287308,5,323.481392115,48.0127672623,11.7708402823,69.2263618067,9.82434259517,169.423234183,146.44600742,5150.00568703,0.00791624188423,2179.30902727,2172.84983955,31,70.030320785
26.7840012722,2634.37605463,392.726971768,-52.3592987061,-608.580749512,4.62845230103,0.311081260443,101.0832901,40.2833938599,0.972995221615,0.000116415321827,0.000465661287308,5,323.481392115,82.4318184592,17.9584408399,77.6697331828,14.3416680931,161.753516295,129.401465529,5150.00661835,0.00791624188423,2186.9787015,2189.89420682,31,70.030320785
26.8160012737,2646.87906019,388.657150324,-51.8166999817,-614.168762207,5.03389692307,0.350526303053,100.934806824,40.3470230103,0.972890734673,0.000116415321827,0.000465661287308,5,323.481392115,99.5228504432,21.4778575719,94.985930136,18.4977435365,139.270108775,111.555535113,5150.00522137,0.00791624188423,2209.46199261,2207.73997717,31,70.030320785
26.8480012752,2659.22234394,382.912345231,-51.0507888794,-619.455200195,5.43344020844,0.389774531126,100.866035461,40.3766212463,0.972842156887,0.000116415321827,0.000465661287308,5,323.481392115,107.018792966,23.0018651307,103.91263709,20.9162288237,122.009274492,98.2439960353,5150.00615269,0.00791624188423,2226.72289237,2221.05183639,31,70.030320785
26.8800012767,2671.35677859,375.719042495,-50.0917625427,-624.446044922,5.82564878464,0.428594648838,100.833702087,40.3905410767,0.972819328308,0.000116415321827,0.000465661287308,5,323.481392115,109.747735259,23.2866925906,107.805749661,21.9099102529,110.784800199,89.2256430234,5150.00568703,0.00791624188423,2237.9476577,2230.07053137,31,70.030320785
26.9120012783,2683.23742785,367.150176316,-48.9493408203,-629.129150391,6.2092165947,0.466783434153,100.817390442,40.397480011,0.972807765007,0.000116415321827,0.000465661287308,5,323.481392115,109.966630182,22.8287338521,108.842475395,21.9668772099,104.001868749,83.4139209474,5150.00522137,0.00791624188423,2244.73071285,2235.88221706,31,70.030320785
26.9440012798,2694.8233135,357.382959919,-47.647151947,-633.5078125,6.58297157288,0.504151105881,100.809822083,40.4008407593,0.972802400589,0.000116415321827,0.000465661287308,5,323.481392115,108.527325012,21.9121626351,108.003124263,21.436074967,100.378318166,79.9532135716,5150.00522137,0.00791624188423,2248.35425615,2239.34277892,31,70.030320785
26.9760012813,2706.07718267,346.508342773,-46.1973190308,-637.576171875,6.94582653046,0.540528893471,100.808692932,40.4012985229,0.972801566124,0.000116415321827,0.000465661287308,5,323.481392115,103.636813665,20.3327995798,105.464634617,20.4526006746,99.3874273263,78.584314906,5150.00568703,0.00791624188423,2249.34564903,2240.71135744,32,70.035821409
27.0080012828,2716.96620621,334.619864589,-44.6123199463,-641.330444336,7.29683637619,0.575757086277,100.810050964,40.4008026123,0.972802579403,0.000116415321827,0.000465661287308,5,323.481392115,78.8599871459,14.8888028536,102.968497081,19.2742806745,99.3874273263,78.584314906,5150.00568703,0.00791624188423,2249.34564903,2240.71135744,32,70.035821409
27.0400012843,2727.4582535,321.7975609,-42.9028205872,-644.76550293,7.63512086868,0.609672307968,100.810722351,40.4005393982,0.972802996635,0.000116415321827,0.000465661287308,5,323.481392115,41.5016065119,6.68036775664,100.751867354,18.2846901574,99.3874273263,78.584314906,5150.00568703,0.00791624188423,2249.34564903,2240.71135744,32,70.035821409
27.0720012859,2737.5256177,308.126793243,-41.0802001953,-647.879272461,7.95988082886,0.642143964767,100.811088562,40.4003067017,0.972803294659,0.000116415321827,0.000465661287308,5,323.481392115,10.3756277818,0.414245242256,98.6212822889,17.4535483169,99.6259987005,83.6094695842,5150.00568703,0.00791624188423,2249.34564903,2240.71135744,32,70.035821409
27.1040012874,2747.14268744,293.688994134,-39.1553192139,-650.669921875,8.27040481567,0.673042714596,100.811546326,40.4000930786,0.972803592682,0.000116415321827,0.000465661287308,5,323.481392115,2.38936775402,-1.38924254328,96.5447617206,16.6994214659,116.912968224,96.3615166256,5150.00615269,0.00791624188423,2249.34564903,2240.71135744,32,70.035821409
27.1360012889,2756.28524832,278.551742667,-37.1371841431,-653.134643555,8.56608772278,0.702215790749,100.812133789,40.3998794556,0.972804009914,0.000116415321827,0.000465661287308,5,323.481392115,3.87314236511,-1.01604284592,94.5156180885,15.8880841077,131.290740683,103.560538264,5150.00615269,0.00791624188423,2249.34564903,2240.71135744,32,70.035821409
27.1680012904,2764.93164711,262.748479145,-35.030254364,-655.267333984,8.84636306763,0.729544937611,100.812400818,40.3996582031,0.972804188728,0.000116415321827,0.000465661287308,5,323.481392115,4.88397028249,-0.77124964797,92.5314854758,15.060674263,141.085663927,108.282598376,5150.00568703,0.00791624188423,2249.34564903,2240.71135744,32,70.035821409
27.2000012919,2773.06302451,246.378331212,-32.8477478027,-657.071960449,9.11072826385,0.754915952682,100.812995911,40.3994598389,0.972804665565,0.000116415321827,0.000465661287308,5,323.481392115,5.59441465335,-0.572932032826,90.5909135681,14.2643417988,147.969869431,112.108144094,5150.00568703,0.00791624188423,2249.34564903,2240.71135744,32,70.035821409
27.2320012935,2780.66121973,229.494151426,-30.5967082977,-658.546508789,9.35878181458,0.778192937374,100.813407898,40.3992500305,0.972804903984,0.000116415321827,0.000465661287308,5,323.481392115,6.10524577428,-0.395948614244,88.6928256168,13.523940745,152.919819811,115.522154374,5150.00615269,0.00791624188423,2249.34564903,2240.71135744,32,70.035821409
27.264001295,2787.71016747,212.117680348,-28.2800369263,-659.686218262,9.59011650085,0.799289762974,100.81375885,40.3990516663,0.972805202007,0.000116415321827,0.000465661287308,5,323.481392115,6.48144487101,-0.230884680807,86.8363865925,12.8504217078,156.565190991,118.706237117,5150.00568703,0.00791624188423,2249.34564903,2240.71135744,32,70.035821409
27.2960012965,2794.19636354,194.287946215,-25.9029331207,-660.489440918,9.80445766449,0.81808078289,100.814353943,40.3988609314,0.97280561924,0.000116415321827,0.000465661287308,5,323.481392115,6.76529584082,-0.0739167265079,85.0204904473,12.2465342414,159.315706696,121.734148706,5150.00615269,0.00791624188423,2249.34564903,2240.71135744,32,70.035821409
27.328001298,2800.10607094,176.138506504,-23.4832077026,-660.967468262,10.0015115738,0.834474682808,100.81476593,40.3986740112,0.972805917263,0.000116415321827,0.000465661287308,5,323.481392115,6.98454647556,0.0766235694177,83.2444413233,11.710382133,161.440242664,124.638070702,5150.00522137,0.00791624188423,2249.34564903,2240.71135744,32,70.035821409
27.3600012995,2805.42904511,157.653339556,-21.0187206268,-661.112976074,10.1810407639,0.848383128643,100.815208435,40.3984832764,0.972806215286,0.000116415321827,0.000465661287308,5,323.481392115,7.15758939845,0.221539240442,81.5073309428,11.2376116928,163.117030752,127.433493617,5150.00475571,0.00791624188423,2249.34564903,2240.71135744,32,70.035821409
27.3920013011,2810.15411019,138.836534461,-18.5100193024,-660.921142578,10.3428497314,0.859713792801,100.81552887,40.3982925415,0.972806453705,0.000116415321827,0.000465661287308,5,323.481392115,7.29680126642,0.361285162185,79.8083682254,10.8227750858,164.465993294,130.129192257,5150.00522137,0.00791624188423,2249.34564903,2240.71135744,32,70.035821409
27.4240013026,2814.29220922,121.147138998,-16.1516265869,-660.59185791,10.4871673584,0.868551969528,100.816078186,40.398109436,0.972806811333,0.000116415321827,0.000465661287308,5,323.481392115,7.41061889878,0.49616311151,78.1467108165,10.4600216119,165.568882949,132.730987389,5150.00568703,0.00791624188423,2249.34564903,2240.71135744,32,70.035821409
27.4560013041,2817.8836219,104.458144051,-13.9266090393,-660.127807617,10.6148481369,0.875207304955,100.816261292,40.3979263306,0.972806930542,0.000116415321827,0.000465661287308,5,323.481392115,7.51131228477,0.645853992973,76.5215456613,10.1439840093,166.544603417,135.618523927,5150.00615269,0.00791624188423,2249.34564903,2240.71135744,32,70.035821409
27.4880013056,2820.94930299,88.1653177203,-11.7544107437,-659.45880127,10.7263746262,0.879833579063,100.816703796,40.3977470398,0.97280728817,0.000116415321827,0.000465661287308,5,323.481392115,7.61971412829,0.864221757998,74.9322062011,9.87244468861,167.595018866,139.830837725,5150.00522137,0.00791624188423,2249.34564903,2240.71135744,32,70.035821409
27.5200013071,2823.49297777,71.8150913599,-9.57455921173,-658.526184082,10.8219203949,0.882418215275,100.817024231,40.397567749,0.972807466984,0.000116415321827,0.000465661287308,5,323.481392115,7.73200407787,1.10500656262,73.3779086801,9.6432821989,168.683109223,144.475576235,5150.00568703,0.00791624188423,2249.34564903,2240.71135744,32,70.035821409
27.5520013086,2825.5097568,55.218100897,-7.36180925369,-657.302307129,10.9014520645,0.882891952991,100.817436218,40.3973999023,0.972807765007,0.000116415321827,0.000465661287308,5,323.481392115,9.13957263428,1.66018077089,71.8580451383,9.45196705452,169.418519363,148.309845827,5150.00615269,0.00791624188423,2249.34564903,2240.71135744,32,70.035821409
27.5840013102,2826.98939554,38.2765429094,-5.103120327,-655.769165039,10.9648399353,0.881138026714,100.817802429,40.3972244263,0.97280806303,0.000116415321827,0.000465661287308,5,323.481392115,24.6880973109,5.8508813255,70.3719197178,9.29751956079,169.418519363,148.615625221,5150.00522137,0.00791624188423,2249.34564903,2240.71135744,32,70.035821409
27.6160013117,2827.92001963,20.9218596865,-2.78935241699,-653.911682129,11.0118608475,0.877056181431,100.818199158,40.3970603943,0.972808301449,0.000116415321827,0.000465661287308,5,323.481392115,55.8179050906,13.3202301739,68.9189903818,10.5994285032,169.418519363,143.61643116,5150.00522137,0.00791624188423,2249.34564903,2245.71046419,32,70.035821409
27.6480013132,2828.28952186,3.22620326187,-0.430125117302,-651.733642578,11.0422449112,0.870558440685,100.685661316,40.451007843,0.972714185715,0.000116415321827,0.000465661287308,5,323.481392115,87.2503487991,18.9231709178,82.1821373172,15.3597970249,156.8657608,125.29916421,5150.00615269,0.00791624188423,2261.89824753,2264.02794942,32,70.035821409
27.6800013147,2828.0869592,-14.8250273924,1.97650814056,-649.227722168,11.0557069778,0.861570358276,100.540748596,40.5102920532,0.972610831261,0.000116415321827,0.000465661287308,5,323.481392115,101.725995176,21.9427474213,97.4882351705,19.1607331449,135.012509418,108.294603706,5150.00522137,0.00791624188423,2283.75126608,2281.03226982,32,70.035821409
27.7120013162,2827.30092295,-33.2133495249,4.42808294296,-646.390686035,11.0519266129,0.850045084953,100.474830627,40.537361145,0.972563564777,0.000116415321827,0.000465661287308,5,323.481392115,107.89455578,23.145885743,105.070683819,21.2306961681,119.145559438,95.9863100434,5150.00475571,0.00791624188423,2299.61820878,2293.34062897,32,70.035821409
27.7440013178,2825.91977157,-52.0019057149,6.93301820755,-643.208557129,11.0303297043,0.836023747921,100.443260193,40.5502853394,0.972540915012,0.000116415321827,0.000465661287308,5,323.481392115,109.961737202,23.2384623128,108.22023193,21.9863429192,109.009713924,87.7443817444,5150.00568703,0.00791624188423,2309.75402519,2301.58213526,32,70.035821409
27.7760013193,2823.93069938,-71.178212238,9.48964977264,-639.676574707,10.990231514,0.819582045078,100.427497864,40.5567703247,0.972529649734,0.000116415321827,0.000465661287308,5,323.481392115,109.781436756,22.6638796203,108.79976437,21.8933213667,102.990816231,82.4963790365,5150.00568703,0.00791624188423,2315.77293016,2306.82990514,32,70.035821409
27.8080013208,2821.32206485,-90.6807836145,12.0897789001,-635.797363281,10.9309120178,0.800822854042,100.420204163,40.5597877502,0.972524404526,0.000116415321827,0.000465661287308,5,323.481392115,108.033280547,21.6720330585,107.621017699,21.2677945506,99.9353287625,79.462028225,5150.00475571,0.00791624188423,2318.82813387,2309.86438692,32,70.035821409
27.8400013223,2818.08292493,-110.561304609,14.7402973175,-631.55859375,10.8515987396,0.779882729053,100.42074585,40.5596923828,0.972524762154,0.000116415321827,0.000465661287308,5,323.481392115,100.175374715,19.5722305496,104.87544074,20.1821701486,99.3875000859,78.5843440099,5150.00522137,0.00791624188423,2319.37575154,2310.74192561,33,70.0310629327
27.8720013238,2814.20233659,-130.782747874,17.4362678528,-626.959838867,10.7515001297,0.756912231445,100.4217453,40.5592193604,0.972525477409,0.000116415321827,0.000465661287308,5,323.481392115,71.3116135606,13.2302502528,102.479843684,19.0471581472,99.3875000859,78.5843440099,5150.00475571,0.00791624188423,2319.37575154,2310.74192561,33,70.0310629327
27.9040013254,2809.66889113,-151.311367517,20.1731929779,-622.000061035,10.6297502518,0.732087135315,100.422325134,40.5589408875,0.972525894642,0.000116415321827,0.000465661287308,5,323.481392115,33.6521754965,4.95567569302,100.288008473,18.0939316993,99.3875000859,78.5843440099,5150.00522137,0.00791624188423,2319.37575154,2310.74192561,33,70.0310629327
27.9360013269,2804.47257683,-172.200932866,22.958240509,-616.667053223,10.4854125977,0.705621123314,100.422920227,40.5587005615,0.972526311874,0.000116415321827,0.000465661287308,5,323.481392115,6.64882937039,-0.406257182611,98.1702271934,17.2921514001,101.867801277,86.3981113071,5150.00522137,0.00791624188423,2319.37575154,2310.74192561,33,70.0310629327
27.9680013284,2798.60245064,-193.426007172,25.7880172729,-610.958984375,10.3174848557,0.677753984928,100.423599243,40.5584640503,0.972526848316,0.000116415321827,0.000465661287308,5,323.481392115,2.76368391419,-1.28867665494,96.1042690156,16.5298518811,120.540091302,98.3014324447,5150.00522137,0.00791624188423,2319.37575154,2310.74192561,33,70.0310629327
28.0000013299,2792.0473367,-214.978252188,28.6614151001,-604.871398926,10.1248645782,0.648761510849,100.424186707,40.5582313538,0.972527265549,0.000116415321827,0.000465661287308,5,323.481392115,4.12249205895,-0.957133953286,94.0850724892,15.7097320636,133.706940687,104.696890048,5150.00522137,0.00791624188423,2319.37575154,2310.74192561,33,70.0310629327
28.0320013314,2784.79629196,-236.907755607,31.5851078033,-598.392272949,9.90636730194,0.618951797485,100.42464447,40.5579948425,0.972527563572,0.000116415321827,0.000465661287308,5,323.481392115,5.05779604553,-0.726033476412,92.1103669199,14.8859187057,142.770033563,109.154818347,5150.00475571,0.00791624188423,2319.37575154,2310.74192561,33,70.0310629327
28.064001333,2776.83720924,-259.210646618,34.5585823059,-591.516174316,9.66069984436,0.588661849499,100.425315857,40.5577812195,0.972528040409,0.000116415321827,0.000465661287308,5,323.481392115,5.71833733281,-0.533607191165,90.1790316103,14.1000845398,149.170678924,112.866720883,5150.00475571,0.00791624188423,2319.37575154,2310.74192561,33,70.0310629327
28.0960013345,2768.15751567,-281.915563392,37.5856552124,-584.233215332,9.386469841,0.558264493942,100.426094055,40.5575675964,0.972528636456,0.000116415321827,0.000465661287308,5,323.481392115,6.1956958572,-0.359698938062,88.2899312133,13.373460557,153.796281666,116.221410281,5150.00475571,0.00791624188423,2319.37575154,2310.74192561,33,70.0310629327
28.128001336,2758.74417275,-305.035733618,40.668094635,-576.535095215,9.08217811584,0.528162002563,100.426498413,40.5573539734,0.972528934479,0.000116415321827,0.000465661287308,5,323.481392115,6.54909095782,-0.196589601389,86.4422673234,12.7148667562,157.220682013,119.367789011,5150.00429004,0.00791624188423,2319.37575154,2310.74192561,33,70.0310629327
28.1600013375,2748.58367629,-328.591297148,43.8085784912,-568.412597656,8.74625587463,0.498790830374,100.427085876,40.557144165,0.972529351711,0.000116415321827,0.000465661287308,5,323.481392115,6.81710475102,-0.0411006062324,84.6350217907,12.1257836668,159.81773322,122.367171571,5150.00429004,0.00791624188423,2319.37575154,2310.74192561,33,70.0310629327
28.192001339,2737.66228929,-352.572475094,47.0058059692,-559.860229492,8.37706756592,0.470592111349,100.427680969,40.5569419861,0.972529768944,0.000116415321827,0.000465661287308,5,323.481392115,7.02512368978,0.108182900069,82.8674035347,11.6036649981,161.833435413,125.246850075,5150.00522137,0.00791624188423,2319.37575154,2310.74192561,33,70.0310629327
28.2240013406,2725.96627474,-376.962067094,50.257484436,-550.873657227,7.97298812866,0.444027274847,100.428077698,40.5567169189,0.972530066967,0.000116415321827,0.000465661287308,5,323.481392115,7.19001820814,0.251959447121,81.1385995002,11.1438283589,163.431264809,128.020299599,5150.00429004,0.00791624188423,2319.37575154,2310.74192561,33,70.0310629327
28.2560013421,2713.4839911,-401.695026085,53.5549430847,-541.455688477,7.53244638443,0.419547319412,100.428489685,40.55651474,0.97253036499,0.000116415321827,0.000465661287308,5,323.481392115,7.32315871586,0.390635687619,79.4476794351,10.7406675151,164.721393958,130.695363623,5150.00429004,0.00791624188423,2319.37575154,2310.74192561,33,70.0310629327
28.2880013436,2700.20519383,-426.690705353,56.887424469,-531.612182617,7.05406093597,0.397563487291,100.429084778,40.5563201904,0.972530782223,0.000116415321827,0.000465661287308,5,323.481392115,7.43237132541,0.524541238466,77.7939474816,10.3883271886,165.779667441,133.278401336,5150.00429004,0.00791624188423,2319.37575154,2310.74192561,33,70.0310629327
28.3200013451,2686.12476066,-451.782776508,60.2327613831,-521.362792969,6.53677797318,0.378422856331,100.42931366,40.5561065674,0.972530901432,0.000116415321827,0.000465661287308,5,323.481392115,7.53380406042,0.687202087279,76.176575935,10.0819327116,166.762547451,136.416128953,5150.00522137,0.00791624188423,2319.37575154,2310.74192561,33,70.0310629327
28.3520013466,2671.24292441,-476.734305266,63.5593566895,-510.739135742,5.9800362587,0.362366318703,100.429664612,40.5559082031,0.972531199455,0.000116415321827,0.000465661287308,5,323.481392115,7.64385169945,0.916450986978,74.5948103387,9.81974993298,167.828911799,140.838339576,5150.00522137,0.00791624188423,2319.37575154,2310.74192561,33,70.0310629327
28.3840013482,2655.56853265,-501.256377902,66.8286972046,-499.784118652,5.38397693634,0.349488526583,100.430122375,40.5557136536,0.972531497478,0.000116415321827,0.000465661287308,5,323.481392115,7.75546913898,1.15354768746,73.0480280831,9.59915565155,168.910482898,145.411933772,5150.00522137,0.00791624188423,2319.37575154,2310.74192561,33,70.0310629327
28.4160013497,2639.12649825,-524.04042799,69.8663253784,-488.684417725,4.74974250793,0.339714825153,100.430717468,40.5555419922,0.972531914711,0.000116415321827,0.000465661287308,5,323.481392115,11.0254345452,2.18248370458,71.535504011,9.41561763489,169.422346517,148.603809066,5150.00475571,0.00791624188423,2319.37575154,2310.74192561,33,70.0310629327
28.4480013512,2622.31752276,-521.064270288,69.4695358276,-480.839233398,4.09551906586,0.332159668207,100.431159973,40.555355072,0.972532272339,0.000116415321827,0.000465661287308,5,323.481392115,30.1577785187,7.31916348431,70.0565056405,9.26868540656,169.422346517,148.618608364,5150.00429004,0.00791624188423,2319.37575154,2310.74192561,33,70.0310629327
28.4800013527,2606.08410463,-492.223713081,65.6244430542,-476.72454834,3.47199654579,0.321402996778,100.43170929,40.5551834106,0.972532629967,0.000116415321827,0.000465661287308,5,323.481392115,64.1632483996,14.7558244075,68.6106594055,11.5446013114,169.422346517,140.129079227,5150.00475571,0.00791624188423,2319.37575154,2319.23116371,33,70.0310629327
28.5120013542,2591.03206918,-449.630548246,59.9458198547,-475.022674561,2.91416978836,0.302963882685,100.27280426,40.6088371277,0.972418189049,0.000116415321827,0.000465661287308,5,323.481392115,91.3627371844,19.766788758,86.2783891239,16.3190801834,151.875807205,121.309443784,5150.00568703,0.00791624188423,2336.92256734,2338.05109747,33,70.0310629327
28.5440013558,2577.46386342,-400.868448196,53.4447402954,-474.870819092,2.43302869797,0.277305662632,100.159645081,40.6470489502,0.972336351871,0.000116415321827,0.000465661287308,5,323.481392115,103.559947003,22.3258574858,99.6357185958,19.7417470294,131.059612613,105.262552097,5150.00522137,0.00791624188423,2357.73902386,2354.0975526,33,70.0310629327
28.5760013573,2565.48682228,-350.932532456,46.7871627808,-475.655670166,2.02570438385,0.247407406569,100.108085632,40.6644668579,0.972298920155,0.000116415321827,0.000465661287308,5,323.481392115,108.593263042,23.2408099176,106.033941608,21.4858086641,116.548573715,93.9174642554,5150.00568703,0.00791624188423,2372.25042656,2365.44269137,33,70.0310629327
28.6080013588,2555.08022383,-303.014589008,40.3986282349,-476.94152832,1.6838940382,0.216380372643,100.083259583,40.6729202271,0.972280859947,0.000116415321827,0.000465661287308,5,323.481392115,110.078941648,23.1610224837,108.52290082,22.0250765678,107.422638393,86.4004323375,5150.00522137,0.00791624188423,2381.37622364,2372.9596287,33,70.0310629327
28.6400013603,2546.14464939,-258.946733084,34.523399353,-478.435333252,1.39822947979,0.186481937766,100.070854187,40.6771697998,0.972271859646,0.000116415321827,0.000465661287308,5,323.481392115,109.528459445,22.4809312516,108.680596872,21.7964231531,102.114863694,81.6801184556,5150.00475571,0.00791624188423,2386.68383099,2377.67957151,33,70.0310629327
28.6720013618,2538.54086623,-219.565146836,29.2729511261,-479.957397461,1.16000187397,0.15901376307,100.065330505,40.679019928,0.97226780653,0.000116415321827,0.000465661287308,5,323.481392115,107.479275105,21.4194128325,107.175302397,21.0843462629,99.6006492642,79.0516787674,5150.00568703,0.00791624188423,2389.19747062,2380.30799665,33,70.0310629327
28.7040013634,2532.11380914,-185.082302778,24.6756153107,-481.403320312,0.961634159088,0.134550377727,100.066505432,40.6784896851,0.9722687006,0.000116415321827,0.000465661287308,5,323.481392115,95.6008854055,18.5672872095,104.327038785,19.9221353734,99.3881403701,78.5850425018,5150.00522137,0.00791624188423,2389.410045,2380.77458926,34,70.0342206983
28.7360013649,2526.70911141,-155.318237375,20.7073993683,-482.721466064,0.796675443649,0.113207779825,100.067314148,40.6781311035,0.972269237041,0.000116415321827,0.000465661287308,5,323.481392115,63.3429198248,11.4794790829,102.0018479,18.8287521558,99.3881403701,78.5850425018,5150.00522137,0.00791624188423,2389.410045,2380.77458926,34,70.0342206983
28.7680013664,2522.18241803,-129.89329116,17.3176841736,-483.891601562,0.659661531448,0.0948463454843,100.067955017,40.677898407,0.972269713879,0.000116415321827,0.000465661287308,5,323.481392115,26.2864115069,3.36540460725,99.8301998936,17.9104907365,99.3881403701,78.7097596913,5150.00522137,0.00791624188423,2389.410045,2380.77458926,34,70.0342206983
28.8000013679,2518.40171404,-108.338106656,14.44389534,-484.911560059,0.545977652073,0.0792061090469,100.068367004,40.6776733398,0.972270011902,0.000116415321827,0.000465661287308,5,323.481392115,3.98628336721,-1.040534183,97.7243287713,17.1330984258,105.518614873,89.350338385,5150.00522137,0.00791624188423,2389.410045,2380.77458926,34,70.0342206983
28.8320013694,2515.25221393,-90.1777093532,12.0227079391,-485.788452148,0.451727956533,0.065982632339,100.068946838,40.6774711609,0.972270429134,0.000116415321827,0.000465661287308,5,323.481392115,3.10181866778,-1.20231794184,95.6686106919,16.3575501385,123.816615087,99.9672920443,5150.00475571,0.00791624188423,2389.410045,2380.77458926,34,70.0342206983
28.864001371,2512.63286918,-74.9330502003,9.99025344849,-486.536560059,0.373644918203,0.0548617057502,100.069358826,40.6772575378,0.972270727158,0.000116415321827,0.000465661287308,5,323.481392115,4.35197684074,-0.902466188697,93.6590170046,15.5318011968,135.930647957,105.751430965,5150.00475571,0.00791624188423,2389.410045,2380.77458926,34,70.0342206983
28.8960013725,2510.45753248,-62.189050368,8.29119300842,-487.16897583,0.308998346329,0.0455462634563,100.069862366,40.6770629883,0.97227114439,0.000116415321827,0.000465661287308,5,323.481392115,5.21854425792,-0.682578752407,91.6937531284,14.713474129,144.327685121,109.993059596,5150.00522137,0.00791624188423,2389.410045,2380.77458926,34,70.0342206983
28.928001374,2508.65356065,-51.5588908456,6.87395477295,-487.701690674,0.255498409271,0.037768419832,100.070396423,40.6768608093,0.972271502018,0.000116415321827,0.000465661287308,5,323.481392115,5.83349266043,-0.495185648606,89.7715591943,13.9390547796,150.286534335,113.607871754,5150.00475571,0.00791624188423,2389.410045,2380.77458926,34,70.0342206983
28.9600013755,2507.15832226,-42.7130544267,5.69460630417,-488.147857666,0.211236864328,0.0312912091613,100.070899963,40.6766662598,0.972271859646,0.000116415321827,0.000465661287308,5,323.481392115,6.28017346494,-0.324016191509,87.8914536763,13.226580518,154.614870553,116.909730423,5150.00522137,0.00791624188423,2389.410045,2380.77458926,34,70.0342206983
28.992001377,2505.9201289,-35.3632312908,4.71471071243,-488.520629883,0.174629077315,0.0259073115885,100.071434021,40.6764717102,0.972272276878,0.000116415321827,0.000465661287308,5,323.481392115,6.61258204044,-0.162720377282,86.0524916727,12.5829064601,157.835907885,120.021126349,5150.00522137,0.00791624188423,2389.410045,2380.77458926,34,70.0342206983
29.0240013786,2504.89544123,-29.2624263238,3.90133666992,-488.831573486,0.144360780716,0.0214380454272,100.07207489,40.6762924194,0.972272753716,0.000116415321827,0.000465661287308,5,323.481392115,6.86596862575,-0.00864356934548,84.2537722306,12.0084739265,160.291223438,122.993267723,5150.00522137,0.00791624188423,2389.410045,2380.77458926,34,70.0342206983
29.0560013801,2504.0472392,-24.2045207415,3.22700452805,-489.090026855,0.119341462851,0.017731398344,100.07257843,40.6761169434,0.972273111343,0.000116415321827,0.000465661287308,5,323.481392115,7.06355793632,0.139413314825,82.4945482183,11.5001240883,162.20586258,125.849284814,5150.00475571,0.00791624188423,2389.410045,2380.77458926,34,70.0342206983
29.0880013816,2503.34618613,-20.0151425815,2.66846656799,-489.30480957,0.0986619889736,0.0146604124457,100.073066711,40.6759414673,0.972273468971,0.000116415321827,0.000465661287308,5,323.481392115,7.22084150882,0.282069636513,80.7739333327,11.0529053673,163.729942869,128.601124743,5150.00568703,0.00791624188423,2389.410045,2380.77458926,34,70.0342206983
29.1200013831,2502.76643783,-16.5480923897,2.20623135567,-489.482757568,0.0815699175,0.0121188061312,100.073799133,40.6757659912,0.972274005413,0.000116415321827,0.000465661287308,5,323.481392115,7.34829795617,0.41969576677,79.0910559201,10.6611291251,164.964993019,131.255932502,5150.00522137,0.00791624188423,2389.410045,2380.77458926,34,70.0342206983
29.1520013846,2502.28703953,-13.6783128255,1.82362532616,-489.630279541,0.0674436315894,0.0100162969902,100.074028015,40.675579071,0.972274124622,0.000116415321827,0.000465661287308,5,323.481392115,7.45357164371,0.553734079981,77.4451688489,10.3189272652,165.985096828,133.841531351,5150.00615269,0.00791624188423,2389.410045,2380.77458926,34,70.0342206983
29.1840013862,2501.89076178,-11.3054038593,1.50726342201,-489.752349854,0.0557720176876,0.00827654078603,100.074607849,40.6754112244,0.97227460146,0.000116415321827,0.000465661287308,5,323.481392115,7.5566707753,0.732008984515,75.8354663888,10.0220816067,166.984129464,137.28045451,5150.00615269,0.00791624188423,2389.410045,2380.77458926,34,70.0342206983
29.2160013877,2501.56340189,-9.34481067816,1.24587249756,-489.853210449,0.0461250916123,0.00683858152479,100.075111389,40.6752624512,0.972274959087,0.000116415321827,0.000465661287308,5,323.481392115,7.66799705323,0.968838615192,74.2612087331,9.76913451065,168.062877492,141.848897329,5150.00568703,0.00791624188423,2389.410045,2380.77458926,34,70.0342206983
29.2480013892,2501.29261985,-7.72217390477,1.02953863144,-489.936798096,0.0381488092244,0.00565165653825,100.075523376,40.6750869751,0.972275257111,0.000116415321827,0.000465661287308,5,323.481392115,7.77837110456,1.2002073636,72.7217732721,9.5568520688,169.132399606,146.311998833,5150.00568703,0.00791624188423,2389.410045,2380.77458926,34,70.0342206983
29.2800013907,2501.06933527,-6.38166602585,0.850818991661,-490.006011963,0.0315580628812,0.00467032939196,100.076011658,40.6749229431,0.972275614738,0.000116415321827,0.000465661287308,5,323.481392115,13.7157164374,2.90531709299,71.2164641478,9.38119372734,169.420411112,148.614082718,5150.00568703,0.00791624188423,2389.410045,2380.77458926,34,70.0342206983
29.3120013922,2500.88423491,-5.27359497937,0.703088283539,-490.062988281,0.0261135194451,0.00385849620216,100.076423645,40.6747627258,0.972275912762,0.000116415321827,0.000465661287308,5,323.481392115,36.3159415401,8.97184066374,69.7446660753,9.24142242624,169.420411112,148.614082718,5150.00615269,0.00791624188423,2389.410045,2380.77458926,34,70.0342206983
29.3440013938,2500.731498,-4.35794845544,0.581012129784,-490.110168457,0.0216137301177,0.00318780983798,100.066825867,40.6769065857,0.972268939018,0.000116415321827,0.000465661287308,5,323.481392115,72.3251635642,16.0640171299,70.0095535438,12.578707507,168.430939084,136.235466925,5150.00615269,0.00791624188423,2390.39957523,2393.15303043,34,70.0342206983
29.3760013953,2500.60530379,-3.60270360034,0.48032104969,-490.148986816,0.0178936086595,0.0026340095792,99.9136123657,40.7133674622,0.972157120705,0.000116415321827,0.000465661287308,5,323.481392115,94.8602655227,20.494405254,89.9136900031,17.2038891494,146.973339724,117.47985991,5150.00568703,0.00791624188423,2411.85701452,2411.90916859,34,70.0342206983
29.4080013968,2500.50099567,-2.976759788,0.396868735552,-490.181304932,0.0148184597492,0.00217643333599,99.831993103,40.7327461243,0.972097337246,0.000116415321827,0.000465661287308,5,323.481392115,105.075056736,22.6331172072,101.465312155,20.242526666,127.414430608,102.450831037,5150.00568703,0.00791624188423,2431.41618557,2426.93861946,34,70.0342206983
29.4400013983,2500.4146155,-2.46055788011,0.328047454357,-490.207794189,0.0122774541378,0.00179793813732,99.7949295044,40.7416687012,0.972070157528,0.000116415321827,0.000465661287308,5,323.481392115,109.135372976,23.2897800022,106.822377916,21.6848771305,114.198417577,92.0219899854,5150.00522137,0.00791624188423,2444.63211857,2437.36803532,34,70.0342206983
29.4720013998,2500.34336932,-2.03570084523,0.271404504776,-490.229492188,0.0101734837517,0.00148628326133,99.7765426636,40.7460479736,0.972056627274,0.000116415321827,0.000465661287308,5,323.481392115,110.104314825,23.0554754888,108.720128926,22.0280724192,106.007813883,85.1818258525,5150.00615269,0.00791624188423,2452.82286778,2444.2083668,34,70.0342206983
29.5040014014,2500.284696,-1.68206452145,0.22425685823,-490.24786377,0.00843320507556,0.00122895289678,99.7676620483,40.7482414246,0.972050130367,0.000116415321827,0.000465661287308,5,323.481392115,109.206533603,22.2798374725,108.485090099,21.6767795419,101.364625152,80.9573684819,5150.00568703,0.00791624188423,2457.46620931,2448.43307883,34,70.0342206983
29.5360014029,2500.23580156,-1.39258168019,0.185662314296,-490.262481689,0.00699328631163,0.00101631274447,99.7638168335,40.7490348816,0.972047269344,0.000116415321827,0.000465661287308,5,323.481392115,106.741167636,21.121422671,106.614536146,20.8818003382,99.3970679701,78.7299941294,5150.00568703,0.00791624188423,2459.43386108,2450.66103525,34,70.0342206983
29.5680014044,2500.19552186,-1.15064051442,0.153406143188,-490.274963379,0.00580325117335,0.000840182590764,99.7652664185,40.7485160828,0.972048342228,0.000116415321827,0.000465661287308,5,323.481392115,90.0178562694,17.3400007873,103.803665741,19.6711961936,99.3869325612,78.5833180998,5150.00568703,0.00791624188423,2459.44410563,2450.80771856,35,70.0335076544
29.6000014059,2500.16199425,-0.952119421527,0.126938834786,-490.285003662,0.00481764506549,0.000695216411259,99.7658004761,40.7482872009,0.97204875946,0.000116415321827,0.000465661287308,5,323.481392115,55.1417179877,9.67711828964,101.529235859,18.618015251,99.3869325612,78.5833180998,5150.00568703,0.00791624188423,2459.44410563,2450.80771856,35,70.0335076544
29.6320014074,2500.13452023,-0.788896329595,0.105177544057,-490.293304443,0.00400146981701,0.000575172656681,99.766166687,40.7481079102,0.972048997879,0.000116415321827,0.000465661287308,5,323.481392115,19.5796066434,2.10375058698,99.3746180593,17.7334809657,99.3869325612,79.918296251,5150.00568703,0.00791624188423,2459.44410563,2450.80771856,35,70.0335076544
29.664001409,2500.11147,-0.652095309306,0.0869389027357,-490.300231934,0.00332678714767,0.000475362350699,99.7665328979,40.7479476929,0.972049295902,0.000116415321827,0.000465661287308,5,323.481392115,2.39014944967,-1.41889078259,97.2800784336,16.972791076,109.886881546,92.2575418372,5150.00615269,0.00791624188423,2459.44410563,2450.80771856,35,70.0335076544
29.6960014105,2500.09284355,-0.539218206086,0.0718898624182,-490.306152344,0.00276599545032,0.00039426155854,99.7670669556,40.7477989197,0.97204965353,0.000116415321827,0.000465661287308,5,323.481392115,3.41156562337,-1.12622507852,95.2344173323,16.182481445,126.818064018,101.435121906,5150.00661835,0.00791624188423,2459.44410563,2450.80771856,35,70.0335076544
29.728001412,2500.07724389,-0.446066763971,0.0594706870615,-490.310913086,0.00229949178174,0.000328166730469,99.7675704956,40.7476539612,0.972050070763,0.000116415321827,0.000465661287308,5,323.481392115,4.56443050026,-0.851061860353,93.2344338089,15.3539847802,137.989321956,106.743020297,5150.00522137,0.00791624188423,2459.44410563,2450.80771856,35,70.0335076544
29.7600014135,2500.06397255,-0.370174404907,0.0493525378406,-490.314544678,0.00191385997459,0.000272874807706,99.7679824829,40.7475128174,0.972050368786,0.000116415321827,0.000465661287308,5,323.481392115,5.36804612469,-0.640476602209,91.2784651294,14.5427673659,145.776357385,110.80520926,5150.00568703,0.00791624188423,2459.44410563,2450.80771856,35,70.0335076544
29.792001415,2500.05326234,-0.307779373543,0.0410338826478,-490.317596436,0.0015969783999,0.000225879033678,99.7687911987,40.7473831177,0.972050964832,0.000116415321827,0.000465661287308,5,323.481392115,5.94111257941,-0.457438189781,89.3653832714,13.780575888,151.329368236,114.336020488,5150.00568703,0.00791624188423,2459.44410563,2450.80771856,35,70.0335076544
29.8240014166,2500.04441477,-0.254679662248,0.033954501152,-490.320343018,0.00133531412575,0.000186234014109,99.7690200806,40.7472381592,0.972051084042,0.000116415321827,0.000465661287308,5,323.481392115,6.35951683162,-0.288739285769,87.4941774098,13.0825553276,155.383706442,117.590221635,5150.00568703,0.00791624188423,2459.44410563,2450.80771856,35,70.0335076544
29.8560014181,2500.03696419,-0.212418669321,0.028320165351,-490.32232666,0.00112036382779,0.000152379681822,99.769569397,40.7471046448,0.972051501274,0.000116415321827,0.000465661287308,5,323.481392115,6.67250776689,-0.129144231815,85.663895318,12.4538312275,158.41658751,120.668810268,5150.00568703,0.00791624188423,2459.44410563,2450.80771856,35,70.0335076544
29.8880014196,2500.0309106,-0.175238767497,0.0233632512391,-490.324310303,0.000939885154366,0.000125044578454,99.7700119019,40.7469711304,0.972051858902,0.000116415321827,0.000465661287308,5,323.481392115,6.91229124572,0.0235690481669,83.873760565,11.8939329681,160.740091815,123.614649056,5150.00522137,0.00791624188423,2459.44410563,2450.80771856,35,70.0335076544
29.9200014211,2500.02602115,-0.14465385334,0.0192855969071,-490.32598877,0.000788938719779,0.00010346541967,99.7704238892,40.7468414307,0.972052156925,0.000116415321827,0.000465661287308,5,323.481392115,7.10013854559,0.170431753293,82.1228502235,11.3991459499,162.560332683,126.447630464,5150.00475571,0.00791624188423,2459.44410563,2450.80771856,35,70.0335076544
29.9520014226,2500.02159737,-0.120537762882,0.0160703826696,-490.327026367,0.000661043974105,8.66928239702e-05,99.7707901001,40.7467079163,0.972052395344,0.000116415321827,0.000465661287308,5,323.481392115,7.2502772139,0.31198291414,80.4103658882,10.9642970189,164.01517496,129.178151838,5150.00522137,0.00791624188423,2459.44410563,2450.80771856,35,70.0335076544
29.9840014242,2500.01810491,-0.100004456272,0.013332833536,-490.328063965,0.000550649594516,7.42494885344e-05,99.7709732056,40.7465591431,0.972052574158,0.000116415321827,0.000465661287308,5,323.481392115,7.37236044792,0.448568748271,78.7355018287,10.5836270351,165.198158356,131.812892505,5150.00522137,0.00791624188423,2459.44410563,2450.80771856,35,70.0335076544
30.0160014257,2500.01531094,-0.0820625842834,0.0109407799318,-490.329071045,0.000461126939626,6.34850075585e-05,99.7715988159,40.7464447021,0.97205299139,0.000116415321827,0.000465661287308,5,323.481392115,7.4748017191,0.585413354561,77.0974010413,10.2513640404,166.190817254,134.452624479,5150.00568703,0.00791624188423,2459.44410563,2450.80771856,35,70.0335076544
30.0480014272,2500.01298264,-0.0676588882698,0.00902044493705,-490.329833984,0.000391346344259,5.30254656042e-05,99.7719192505,40.7463150024,0.972053229809,0.000116415321827,0.000465661287308,5,323.481392115,7.57990281557,0.779844752078,75.4953676678,9.96407086295,167.209247593,138.203206006,5150.00568703,0.00791624188423,2459.44410563,2450.80771856,35,70.0335076544
30.0800014287,2500.01088716,-0.0563244526575,0.0075093107298,-490.330352783,0.000334037817083,4.41371266788e-05,99.7725143433,40.7462005615,0.972053706646,0.000116415321827,0.000465661287308,5,323.481392115,7.69203345031,1.02081965867,73.9285813286,9.72021478416,168.295795447,142.851611599,5150.00615269,0.00791624188423,2459.44410563,2450.80771856,35,70.0335076544
30.1120014302,2500.00925735,-0.0471477434871,0.00628584995866,-490.330780029,0.000283563218545,3.78134245693e-05,99.7729110718,40.7460975647,0.972053945065,0.000116415321827,0.000465661287308,5,323.481392115,7.80760263028,1.24682618098,72.3965219614,9.51597041675,169.346327311,147.174723679,5150.00522137,0.00791624188423,2459.44410563,2450.80771856,35,70.0335076544
30.1440014318,2500.00809319,-0.0398419324199,0.00531182158738,-490.331176758,0.000238369757426,3.36325392709e-05,99.7735061646,40.7459907532,0.972054421902,0.000116415321827,0.000465661287308,5,323.481392115,17.1951176773,3.8396493964,70.8984277849,9.34827598591,169.419887243,148.618521052,5150.00568703,0.00791624188423,2459.44410563,2450.80771856,35,70.0335076544
30.1760014333,2500.00669621,-0.033951426559,0.00452648522332,-490.331268311,0.00019819411682,3.08426206175e-05,99.7738723755,40.7458724976,0.97205466032,0.000116415321827,0.000465661287308,5,323.481392115,43.1275261235,10.6810572137,69.4337128134,9.45625115866,169.419887243,147.787228343,5150.00522137,0.00791624188423,2459.44410563,2451.63915679,35,70.0335076544
30.2080014348,2500.00576489,-0.029071081542,0.00387582601979,-490.331481934,0.000163017524756,2.88133269351e-05,99.7337722778,40.7533035278,0.972025156021,0.000116415321827,0.000465661287308,5,323.481392115,78.7596517605,17.2444118853,74.5101866924,13.6404282743,164.787081303,132.156754262,5150.00615269,0.00791624188423,2464.0772026,2467.27000922,35,70.0335076544
30.2400014363,2500.00483356,-0.0239041586525,0.00318695954047,-490.331726074,0.00013402683544,2.68709063675e-05,99.5989608765,40.778465271,0.971925675869,0.000116415321827,0.000465661287308,5,323.481392115,97.817646979,21.1174874114,93.0984778235,18.0085371156,142.266682815,113.853762741,5150.00522137,0.00791624188423,2486.59728095,2485.57282612,35,70.0335076544
30.2720014378,2500.00413507,-0.019444096111,0.00259233335964,-490.331939697,0.000113254041935,2.40725457843e-05,99.5345077515,40.7905273438,0.971877992153,0.000116415321827,0.000465661287308,5,323.481392115,106.319236025,22.8749076867,103.015991214,20.6702577032,124.073034385,99.8581890599,5150.00568703,0.00791624188423,2504.79136594,2499.56827611,35,70.0335076544
30.3040014394,2500.00366941,-0.0156870516577,0.00209143524989,-490.332214355,9.88361643977e-05,2.07977282116e-05,99.5046920776,40.7961502075,0.97185587883,0.000116415321827,0.000465661287308,5,323.481392115,109.542442527,23.3002709758,107.457806058,21.8353966895,112.078341772,90.2931715245,5150.00568703,0.00791624188423,2516.78610221,2509.13295895,35,70.0335076544
30.3360014409,2500.00320375,-0.0126250165877,0.00168319744989,-490.332397461,8.79784493009e-05,1.78505433723e-05,99.4897537231,40.7989425659,0.971844732761,0.000116415321827,0.000465661287308,5,323.481392115,110.046954159,22.9270530808,108.822478637,22.0011006005,104.753715277,84.0840511955,5150.00522137,0.00791624188423,2524.11048859,2515.34185372,35,70.0335076544
30.3680014424,2500.00273809,-0.010175041254,0.00135656085331,-490.332519531,7.89160840213e-05,1.56134829012e-05,99.4821395874,40.8002815247,0.971839129925,0.000116415321827,0.000465661287308,5,323.481392115,108.819607307,22.0643174601,108.218327477,21.5386224481,100.73427984,80.3263828857,5150.00661835,0.00791624188423,2528.13007683,2519.09950748,35,70.0335076544
30.4000014439,2500.00273809,-0.00821708923127,0.00109552196227,-490.332763672,7.11198372301e-05,1.40133024615e-05,99.4803695679,40.8005599976,0.971837818623,0.000116415321827,0.000465661287308,5,323.481392115,105.288033205,20.6958744302,105.884017191,20.637726346,99.389370007,78.5860538599,5150.00661835,0.00791624188423,2529.47490662,2520.83991654,36,70.030495408
30.4320014454,2500.00227243,-0.00665009380896,0.000886606401764,-490.332733154,6.45615073154e-05,1.28261790451e-05,99.4817276001,40.8002700806,0.971838831902,0.000116415321827,0.000465661287308,5,323.481392115,83.5719779778,15.9243492919,103.295696794,19.4297243438,99.389370007,78.5860538599,5150.00661835,0.00791624188423,2529.47490662,2520.83991654,36,70.030495408
30.464001447,2500.0020396,-0.00538351629942,0.000717743241694,-490.332794189,5.92409887759e-05,1.1870560229e-05,99.4826889038,40.8001441956,0.971839487553,0.000116415321827,0.000465661287308,5,323.481392115,46.9122899564,7.86935544154,101.05920948,18.4151946455,99.389370007,78.5860538599,5150.00568703,0.00791624188423,2529.47490662,2520.83991654,36,70.030495408
30.4960014485,2500.0020396,-0.00431137037182,0.000574802223127,-490.332946777,5.50099575776e-05,1.10685086838e-05,99.4830856323,40.8000297546,0.971839785576,0.000116415321827,0.000465661287308,5,323.481392115,13.6957361595,1.04300756873,98.9195855865,17.5631367812,99.389370007,81.9517299533,5150.00661835,0.00791624188423,2529.47490662,2520.83991654,36,70.030495408
30.52800145,2500.0020396,-0.00352054074781,0.000469366903417,-490.333068848,5.16476793564e-05,1.03930351543e-05,99.4836349487,40.7999305725,0.971840202808,0.000116415321827,0.000465661287308,5,323.481392115,2.11689749451,-1.46651058241,96.8360771398,16.8096563456,114.272734208,94.8710148805,5150.00661835,0.00791624188423,2529.47490662,2520.83991654,36,70.030495408
30.5600014515,2500.00180677,-0.00284298695696,0.000379033823265,-490.33303833,4.89571284561e-05,9.83481459116e-06,99.4842300415,40.799823761,0.971840679646,0.000116415321827,0.000465661287308,5,323.481392115,3.69656544543,-1.05795065949,94.8004290675,16.0058122784,129.579711938,102.752135717,5150.00708401,0.00791624188423,2529.47490662,2520.83991654,36,70.030495408
30.592001453,2500.00157394,-0.00229611329949,0.000306123314658,-490.332977295,4.68052785436e-05,9.37894310482e-06,99.48462677,40.7997207642,0.971840977669,0.000116415321827,0.000465661287308,5,323.481392115,4.76136790185,-0.802327257251,92.8100703578,15.1771920072,139.897645568,107.6831104,5150.00661835,0.00791624188423,2529.47490662,2520.83991654,36,70.030495408
30.6240014546,2500.00157394,-0.00185501181083,0.000247314601438,-490.33303833,4.50342704426e-05,9.02145711734e-06,99.4851303101,40.7996177673,0.971841335297,0.000116415321827,0.000465661287308,5,323.481392115,5.50733902348,-0.599518897923,90.8634115246,14.3744915275,147.12610573,111.59528367,5150.00661835,0.00791624188423,2529.47490662,2520.83991654,36,70.030495408
30.6560014561,2500.00157394,-0.00149956047579,0.000199924994376,-490.333068848,4.35830188508e-05,8.74089164427e-06,99.4856796265,40.7995185852,0.971841752529,0.000116415321827,0.000465661287308,5,323.481392115,6.04193826996,-0.420271966874,88.9593977938,13.6252173698,152.306369273,115.052956971,5150.00661835,0.00791624188423,2529.47490662,2520.83991654,36,70.030495408
30.6880014576,2500.00157394,-0.00121232102135,0.000161629533977,-490.333129883,4.24091012974e-05,8.51433105709e-06,99.4861221313,40.7994232178,0.971842050552,0.000116415321827,0.000465661287308,5,323.481392115,6.43428859496,-0.25381883553,87.0970256653,12.9418675084,156.108246301,118.263837066,5150.00661835,0.00791624188423,2529.47490662,2520.83991654,36,70.030495408
30.7200014591,2500.0013411,-0.000979777592391,0.000130626285682,-490.33303833,4.14670030295e-05,8.32835939946e-06,99.4865341187,40.7993278503,0.971842348576,0.000116415321827,0.000465661287308,5,323.481392115,6.7293158668,-0.0958302204863,85.2754088356,12.3281107625,158.967057359,121.311437397,5150.00615269,0.00791624188423,2529.47490662,2520.83991654,36,70.030495408
30.7520014606,2500.0013411,-0.000788126008899,0.000105074846942,-490.333068848,4.07281113439e-05,8.1722437244e-06,99.486946106,40.7992324829,0.971842706203,0.000116415321827,0.000465661287308,5,323.481392115,6.95645945298,0.0555628947987,83.4937708739,11.7825508384,161.168078193,124.231810332,5150.00708401,0.00791624188423,2529.47490662,2520.83991654,36,70.030495408
30.7840014622,2500.0013411,-0.000639619690546,8.5275627498e-05,-490.333068848,4.01288671128e-05,8.04432966106e-06,99.4874343872,40.7991447449,0.971843063831,0.000116415321827,0.000465661287308,5,323.481392115,7.13521207312,0.201248787822,81.7512181521,11.3011050644,162.900192663,127.042090753,5150.00708401,0.00791624188423,2529.47490662,2520.83991654,36,70.030495408
30.8160014637,2500.0013411,-0.000517140719136,6.89464359311e-05,-490.333099365,3.96259165427e-05,7.94864627096e-06,99.4881668091,40.7990608215,0.971843600273,0.000116415321827,0.000465661287308,5,323.481392115,7.27864532646,0.341709866656,80.0468423926,10.8783759638,164.290060638,129.751584609,5150.00708401,0.00791624188423,2529.47490662,2520.83991654,36,70.030495408
30.8480014652,2500.0013411,-0.000418380496914,5.57794883207e-05,-490.333099365,3.9214919525e-05,7.87299268268e-06,99.4883956909,40.7989654541,0.971843779087,0.000116415321827,0.000465661287308,5,323.481392115,7.39566894101,0.477265218775,78.3799184381,10.5085686882,165.424018633,132.36644736,5150.00615269,0.00791624188423,2529.47490662,2520.83991654,36,70.030495408
30.8800014667,2500.0013411,-0.000338320343962,4.51056766906e-05,-490.333129883,3.88861444662e-05,7.81026756158e-06,99.4889297485,40.7988777161,0.971844136715,0.000116415321827,0.000465661287308,5,323.481392115,7.49659946805,0.620494092464,76.7496625329,10.1860943999,166.402038303,135.129332193,5150.00708401,0.00791624188423,2529.47490662,2520.83991654,36,70.030495408
30.9120014682,2500.0013411,-0.000273363109926,3.64454244846e-05,-490.333129883,3.86246538255e-05,7.75779790274e-06,99.4892501831,40.798789978,0.971844375134,0.000116415321827,0.000465661287308,5,323.481392115,7.60372679287,0.83000397546,75.1552762717,9.90828503324,167.440099176,139.170777402,5150.00754967,0.00791624188423,2529.47490662,2520.83991654,36,70.030495408
30.9440014698,2500.0013411,-0.000220774426518,2.94341734843e-05,-490.333129883,3.84152335755e-05,7.71465511207e-06,99.4897537231,40.7987136841,0.971844732761,0.000116415321827,0.000465661287308,5,323.481392115,7.71613577078,1.07184870443,73.596041822,9.67332311724,168.529339135,143.835961353,5150.00708401,0.00791624188423,2529.47490662,2520.83991654,36,70.030495408
30.9760014713,2500.0013411,-0.000178305606391,2.37721305894e-05,-490.333129883,3.82459220418e-05,7.67989331507e-06,99.4900665283,40.7986221313,0.97184497118,0.000116415321827,0.000465661287308,5,323.481392115,8.33610487965,1.42509021273,72.071380523,9.4768769364,169.421531609,147.9346829,5150.00661835,0.00791624188423,2529.47490662,2520.83991654,36,70.030495408
31.0080014728,2500.0013411,-0.000144046788386,1.9204662749e-05,-490.333129883,3.81083518732e-05,7.65215099818e-06,99.4903335571,40.7985267639,0.971845209599,0.000116415321827,0.000465661287308,5,323.481392115,21.443006078,4.97974367839,70.5805452432,9.31718212469,169.421531609,148.617240484,5150.00661835,0.00791624188423,2529.47490662,2520.83991654,36,70.030495408
31.0400014743,2500.0013411,-0.000116396434158,1.551825153e-05,-490.333129883,3.79966622859e-05,7.62995750847e-06,99.4908828735,40.7984580994,0.971845626831,0.000116415321827,0.000465661287308,5,323.481392115,50.552194485,12.2990412985,69.1228694238,10.0577379153,169.421531609,145.595142385,5150.00661835,0.00791624188423,2529.47490662,2523.8620583,36,70.030495408
31.0720014758,2500.0013411,-9.40613559264e-05,1.25404849314e-05,-490.3331604,3.79063130822e-05,7.61206365496e-06,99.4092941284,40.8151130676,0.971784949303,0.000116415321827,0.000465661287308,5,323.481392115,84.1228410717,18.2938132208,79.2129262765,14.6863686323,160.151626915,128.025509184,5150.00615269,0.00791624188423,2538.74459304,2541.43215716,36,70.030495408
31.1040014774,2500.0013411,-7.60061319438e-05,1.01333189377e-05,-490.3331604,3.78334152629e-05,7.59755357649e-06,99.281288147,40.8413772583,0.971689403057,0.000116415321827,0.000465661287308,5,323.481392115,100.301346971,21.642347394,95.8615537776,18.7279461507,137.817376526,110.442764708,5150.00661835,0.00791624188423,2561.07933819,2559.01506171,36,70.030495408
31.1360014789,2500.0013411,-6.14099604501e-05,8.18732314656e-06,-490.3331604,3.77746437152e-05,7.58577743909e-06,99.2223892212,40.8535003662,0.97164529562,0.000116415321827,0.000465661287308,5,323.481392115,107.331701955,23.0555725427,104.32154517,21.0278938746,121.023665997,97.4694557954,5150.00522137,0.00791624188423,2577.87317969,2571.98885083,36,70.030495408
31.1680014804,2500.0013411,-4.96145936835e-05,6.61473632135e-06,-490.3331604,3.77272081096e-05,7.57624275138e-06,99.194480896,40.8592071533,0.971624314785,0.000116415321827,0.000465661287308,5,323.481392115,109.830095536,23.27394191,107.956699553,21.9396911402,110.171065899,88.7158021214,5150.00708401,0.00791624188423,2588.72588165,2580.74235171,36,70.030495408
31.2000014819,2500.0013411,-4.00844427095e-05,5.34415357833e-06,-490.3331604,3.76888747269e-05,7.56854387873e-06,99.1804428101,40.8620605469,0.971613824368,0.000116415321827,0.000465661287308,5,323.481392115,109.912280017,22.7757552597,108.836674138,21.9449558546,103.649123048,83.0962162581,5150.00615269,0.00791624188423,2595.24746798,2586.36195213,36,70.030495408
31.2320014834,2500.0013411,-3.23870548435e-05,4.31791977462e-06,-490.3331604,3.76578827854e-05,7.56233202992e-06,99.1741027832,40.8634414673,0.971609055996,0.000116415321827,0.000465661287308,5,323.481392115,108.368991701,21.8333988448,107.882579699,21.3815984489,100.218254374,79.780103988,5150.00708401,0.00791624188423,2598.67846034,2589.67839181,36,70.030495408
31.264001485,2500.0013411,-2.61681752656e-05,3.48880371348e-06,-490.3331604,3.76328207494e-05,7.55732116886e-06,99.1736068726,40.8635406494,0.971608698368,0.000116415321827,0.000465661287308,5,323.481392115,102.61048185,20.1072207583,105.262909072,20.3612565058,99.386626971,78.5836455179,5150.00615269,0.00791624188423,2599.50989857,2590.87490849,37,70.0349482941
31.2960014865,2500.0013411,-2.11443206694e-05,2.81901134258e-06,-490.3331604,3.76125790353e-05,7.55327346269e-06,99.1744613647,40.8633003235,0.971609294415,0.000116415321827,0.000465661287308,5,323.481392115,76.4004151117,14.3483217766,102.804516334,19.1975568466,99.386626971,78.5836455179,5150.00661835,0.00791624188423,2599.50989857,2590.87490849,37,70.0349482941
31.328001488,2500.0013411,-1.70848751813e-05,2.27779651141e-06,-490.3331604,3.75962226826e-05,7.55000064601e-06,99.1752853394,40.8631896973,0.971609950066,0.000116415321827,0.000465661287308,5,323.481392115,38.8418874314,6.09593363896,100.596822888,18.2202335719,99.386626971,78.5836455179,5150.00615269,0.00791624188423,2599.50989857,2590.87490849,37,70.0349482941
31.3600014895,2500.0013411,-1.38045495174e-05,1.84045552487e-06,-490.3331604,3.75830168196e-05,7.54735492592e-06,99.175819397,40.8630867004,0.971610307693,0.000116415321827,0.000465661287308,5,323.481392115,8.9941181884,0.123426551656,98.4705960903,17.399243932,100.157332781,84.5082031447,5150.00568703,0.00791624188423,2599.50989857,2590.87490849,37,70.0349482941
31.392001491,2500.0013411,-1.11541019476e-05,1.48709148107e-06,-490.3331604,3.75723429897e-05,7.54521670387e-06,99.176322937,40.8629760742,0.971610724926,0.000116415321827,0.000465661287308,5,323.481392115,2.5183679072,-1.35386080105,96.3976500342,16.6432199526,118.162977742,97.0440305537,5150.00615269,0.00791624188423,2599.50989857,2590.87490849,37,70.0349482941
31.4240014926,2500.0013411,-9.01253984636e-06,1.20157335459e-06,-490.3331604,3.7563713704e-05,7.54349048293e-06,99.1767807007,40.8628768921,0.971611022949,0.000116415321827,0.000465661287308,5,323.481392115,3.95831399955,-0.995888946835,94.371890469,15.8286047375,132.116052555,103.949307231,5150.00661835,0.00791624188423,2599.50989857,2590.87490849,37,70.0349482941
31.4560014941,2500.14732592,25.6393941527,-3.41830539703,-493.823059082,0.00526751438156,0.000261537788901,99.1772689819,40.8627815247,0.971611440182,0.000116415321827,0.000465661287308,6,328.294467181,4.94321296946,-0.75597539523,92.3908928792,15.0021709251,141.659722431,108.577238279,5150.00661835,0.00791624188423,2599.50989857,2590.87490849,37,70.0349482941
31.4880014956,2502.71032564,122.933095554,-16.3897342682,-508.051208496,0.108788348734,-0.000154939189088,99.1777267456,40.8626785278,0.971611738205,0.000116415321827,0.000465661287308,6,328.294467181,5.63654610282,-0.559727041757,90.4533973959,14.2092243589,148.378123413,112.362868094,5150.00661835,0.00791624188423,2599.50989857,2590.87490849,37,70.0349482941
31.5200014971,2507.92969018,195.908622118,-26.1190052032,-520.339660645,0.32617983222,-0.0037442157045,99.1781387329,40.8625869751,0.971612095833,0.000116415321827,0.000465661287308,6,328.294467181,6.13591296474,-0.383808812245,88.5583345954,13.4733509595,153.216984472,115.75633107,5150.00708401,0.00791624188423,2599.50989857,2590.87490849,37,70.0349482941
31.5520014986,2515.22217877,254.032522207,-33.868221283,-531.664611816,0.613503038883,-0.00192086328752,99.1786270142,40.862487793,0.971612453461,0.000116415321827,0.000465661287308,6,328.294467181,6.50431067028,-0.219414384531,86.7047302764,12.8048063907,156.786758453,118.927498988,5150.00615269,0.00791624188423,2599.50989857,2590.87490849,37,70.0349482941
31.5840015002,2524.15938303,299.793435261,-39.9691772461,-542.147766113,0.944864809513,0.00896319840103,99.1789932251,40.8623886108,0.971612691879,0.000116415321827,0.000465661287308,6,328.294467181,6.78275363387,-0.0629454550586,84.8917713841,12.2058494438,159.484872711,121.945784485,5150.00615269,0.00791624188423,2599.50989857,2590.87490849,37,70.0349482941
31.6160015017,2534.37971696,335.221033311,-44.6924705505,-551.882507324,1.30741012096,0.0282425954938,99.1796340942,40.8623085022,0.971613168716,0.000116415321827,0.000465661287308,6,328.294467181,6.9981688097,0.0871727695696,83.1185789399,11.67439987,161.572243087,124.841564684,5150.00568703,0.00791624188423,2599.50989857,2590.87490849,37,70.0349482941
31.6480015032,2545.58608867,362.246733857,-48.2956008911,-560.98046875,1.69329488277,0.0542288012803,99.1800308228,40.8622169495,0.97161346674,0.000116415321827,0.000465661287308,6,328.294467181,7.16843654139,0.231707478419,81.384215367,11.2059693857,163.222139236,127.629638882,5150.00708401,0.00791624188423,2599.50989857,2590.87490849,37,70.0349482941
31.6800015047,2557.53868259,382.506637834,-50.9967002869,-569.542297363,2.09667348862,0.0853615477681,99.1803512573,40.8621330261,0.971613705158,0.000116415321827,0.000465661287308,6,328.294467181,7.30558372569,0.371096587002,79.6879408585,10.7950488106,164.551092894,130.318454467,5150.00661835,0.00791624188423,2599.50989857,2590.87490849,37,70.0349482941
31.7120015062,2570.04192099,397.216441343,-52.9578437805,-577.634216309,2.512799263,0.120365008712,99.1807632446,40.8620414734,0.971614062786,0.000116415321827,0.000465661287308,6,328.294467181,7.41783476216,0.505635820623,78.0288910856,10.4357883603,165.638804901,132.913715788,5150.00615269,0.00791624188423,2599.50989857,2590.87490849,37,70.0349482941
31.7440015078,2582.93678053,407.367770094,-54.3112449646,-585.31036377,2.937707901,0.15823417902,99.1811752319,40.86195755,0.971614360809,0.000116415321827,0.000465661287308,6,328.294467181,7.51862886443,0.659228313281,76.4063701904,10.1229599444,166.615500348,135.876514832,5150.00615269,0.00791624188423,2599.50989857,2590.87490849,37,70.0349482941
31.7760015093,2596.08984925,413.716712501,-55.157699585,-592.606201172,3.36802148819,0.198155328631,99.1817550659,40.8618888855,0.971614778042,0.000116415321827,0.000465661287308,6,328.294467181,7.62761486235,0.881568591469,74.8195358187,9.85454557515,167.671576492,140.165459015,5150.00615269,0.00791624188423,2599.50989857,2590.87490849,37,70.0349482941
31.8080015108,2609.38890278,416.806316935,-55.5696144104,-599.5390625,3.80079460144,0.23948520422,99.182258606,40.8618087769,0.97161513567,0.000116415321827,0.000465661287308,6,328.294467181,7.7397500751,1.12138486031,73.2677287365,9.62827638937,168.758168002,144.791512867,5150.00568703,0.00791624188423,2599.50989857,2590.87490849,37,70.0349482941
31.8400015123,2622.73801491,417.085306253,-55.6068115234,-606.121765137,4.23346614838,0.281690478325,99.1824874878,40.8617134094,0.971615314484,0.000116415321827,0.000465661287308,6,328.294467181,9.67779308869,1.81202738124,71.750297035,9.43954690648,169.418446603,148.447288666,5150.00615269,0.00791624188423,2599.50989857,2590.87490849,37,70.0349482941
31.8720015138,2636.05406508,414.931913838,-55.3197135925,-612.363952637,4.66375923157,0.324336290359,99.182800293,40.8616447449,0.971615552902,0.000116415321827,0.000465661287308,6,328.294467181,26.4322724803,6.3192678609,70.2665228817,9.28764204092,169.418446603,148.617429659,5150.00708401,0.00791624188423,2599.50989857,2590.87490849,37,70.0349482941
31.9040015154,2649.26417731,410.618667956,-54.7446632385,-618.266235352,5.08962965012,0.367055743933,99.1831130981,40.8615608215,0.971615791321,0.000116415321827,0.000465661287308,6,328.294467181,58.5419800403,13.8123234894,68.8159155137,10.9000372879,169.418446603,142.513614264,5150.00568703,0.00791624188423,2599.50989857,2596.97856382,37,70.0349482941
31.9360015169,2662.30315901,404.419872211,-53.9182243347,-623.833251953,5.50925922394,0.409531146288,99.0466690063,40.8956871033,0.971513152122,0.000116415321827,0.000465661287308,6,328.294467181,88.6951988585,19.2176909458,83.5978492424,15.6870617455,155.202564201,123.954028822,5150.00568703,0.00791624188423,2613.72583918,2615.53796008,37,70.0349482941
31.9680015184,2675.11443235,396.517716581,-52.8646888733,-629.061523438,5.92099571228,0.451493859291,98.9189758301,40.9277992249,0.971416592598,0.000116415321827,0.000465661287308,6,328.294467181,102.375494297,22.0792838988,98.2413511964,19.3634969831,133.660316351,107.258842036,5150.00661835,0.00791624188423,2635.26849449,2632.23261572,37,70.0349482941
32.0000015199,2687.64584325,387.05865154,-51.6035842896,-633.944946289,6.32337999344,0.4926892519,98.8608627319,40.9424324036,0.971372485161,0.000116415321827,0.000465661287308,6,328.294467181,108.145496791,23.1828559411,105.411829989,21.3221923269,118.250856758,95.2764967224,5150.00661835,0.00791624188423,2650.67792498,2644.21501197,37,70.0349482941
32.0320015214,2699.85035993,376.199546736,-50.1558227539,-638.481445312,6.71503686905,0.532907128334,98.8331375122,40.9494628906,0.971351385117,0.000116415321827,0.000465661287308,6,328.294467181,110.010645026,23.215848762,108.33259467,22.0033511514,108.460277261,87.2817472555,5150.00661835,0.00791624188423,2660.46845354,2652.20925212,37,70.0349482941
32.064001523,2711.68560721,364.089704817,-48.5413093567,-642.67010498,7.09479427338,0.571930289268,98.8189544678,40.9529724121,0.971340596676,0.000116415321827,0.000465661287308,6,328.294467181,109.704035382,22.6049093251,108.767879428,21.8635917532,102.684018202,82.2134315968,5150.00568703,0.00791624188423,2666.24451615,2657.27750957,37,70.0349482941
32.0960015245,2723.1129352,350.775138941,-46.7661819458,-646.49822998,7.46150541306,0.609591066837,98.8126144409,40.9545936584,0.971335828304,0.000116415321827,0.000465661287308,6,328.294467181,107.854818631,21.5892644229,107.479011412,21.2083536356,99.8117175186,79.3165163486,5150.00615269,0.00791624188423,2669.1169478,2660.17438844,37,70.0349482941
32.128001526,2734.09625515,336.402881658,-44.8500366211,-649.967529297,7.81418657303,0.645693421364,98.8131103516,40.9544410706,0.971336185932,0.000116415321827,0.000465661287308,6,328.294467181,98.7717780422,19.2639947959,104.68733936,20.094195397,99.3887588265,78.5854717833,5150.00615269,0.00791624188423,2669.54000108,2660.90524383,38,70.0296150171
32.1600015275,2744.60343644,321.082363371,-42.8074684143,-653.076965332,8.1519613266,0.6800750494,98.8141098022,40.9542007446,0.971336960793,0.000116415321827,0.000465661287308,6,328.294467181,68.6944040735,12.6553196314,102.318148281,18.9732690247,99.3887588265,78.5854717833,5150.00615269,0.00791624188423,2669.54000108,2660.90524383,38,70.0296150171
32.192001529,2754.60490957,304.871122353,-40.6461486816,-655.819702148,8.47401428223,0.71257686615,98.8145599365,40.9540519714,0.971337258816,0.000116415321827,0.000465661287308,6,328.294467181,31.134909517,4.40265040384,100.133630565,18.0318538492,99.3887588265,78.5854717833,5150.00661835,0.00791624188423,2669.54000108,2660.90524383,38,70.0296150171
32.2240015306,2764.07366619,287.844595732,-38.3761291504,-658.192565918,8.77963924408,0.743045628071,98.8151931763,40.953918457,0.971337735653,0.000116415321827,0.000465661287308,6,328.294467181,5.65138298369,-0.641419501118,98.0199145606,17.2388999581,102.967984276,87.3748140293,5150.00661835,0.00791624188423,2669.54000108,2660.90524383,38,70.0296150171
32.2560015321,2772.98456058,270.074000582,-36.0069122314,-660.192626953,9.06819820404,0.771330535412,98.8158340454,40.9538002014,0.971338272095,0.000116415321827,0.000465661287308,6,328.294467181,2.88013527717,-1.25849370376,95.9574136979,16.4725516449,121.668512293,98.883661849,5150.00754967,0.00791624188423,2669.54000108,2660.90524383,38,70.0296150171
32.2880015336,2781.31617233,251.668068813,-33.5529899597,-661.823974609,9.33915042877,0.797289907932,98.8164596558,40.9536781311,0.971338748932,0.000116415321827,0.000465661287308,6,328.294467181,4.2011716138,-0.938452972508,93.9413888186,15.6502197317,134.46934463,105.057246401,5150.00754967,0.00791624188423,2669.54000108,2660.90524383,38,70.0296150171
32.3200015351,2789.04777952,232.652077102,-31.0177307129,-663.079772949,9.59201145172,0.820794224739,98.8169174194,40.9535484314,0.971339046955,0.000116415321827,0.000465661287308,6,328.294467181,5.11282467195,-0.711336682729,91.9698622212,14.8280407242,143.303259392,109.438318759,5150.00661835,0.00791624188423,2669.54000108,2660.90524383,38,70.0296150171
32.3520015366,2796.16238549,213.12944591,-28.4149265289,-663.965515137,9.82635307312,0.841725468636,98.8173294067,40.9534301758,0.971339404583,0.000116415321827,0.000465661287308,6,328.294467181,5.75769221767,-0.520675278545,90.0416179857,14.0459220733,149.552026414,113.11617709,5150.00708401,0.00791624188423,2669.54000108,2660.90524383,38,70.0296150171
32.3840015382,2802.6427608,193.10094649,-25.7446804047,-664.47277832,10.0418186188,0.859955608845,98.8179092407,40.9533081055,0.971339821815,0.000116415321827,0.000465661287308,6,328.294467181,6.22451261498,-0.347714159013,88.1555720386,13.324005203,154.075518367,116.452596558,5150.00661835,0.00791624188423,2669.54000108,2660.90524383,38,70.0296150171
32.4160015397,2808.47516842,172.653948539,-23.0186367035,-664.606567383,10.238117218,0.875368654728,98.8185501099,40.9531974792,0.971340298653,0.000116415321827,0.000465661287308,6,328.294467181,6.57071199548,-0.185225686679,86.3108454016,12.6704060139,157.430185936,119.586999062,5150.00708401,0.00791624188423,2669.54000108,2660.90524383,38,70.0296150171
32.4480015412,2813.64680268,151.917192852,-20.2539634705,-664.377685547,10.4149494171,0.887886047363,98.8188705444,40.9530677795,0.971340537071,0.000116415321827,0.000465661287308,6,328.294467181,6.83371835856,-0.0302134486106,84.5064565488,12.0862452036,159.978721058,122.577184811,5150.00708401,0.00791624188423,2669.54000108,2660.90524383,38,70.0296150171
32.4800015427,2818.17256473,132.43520516,-17.656578064,-663.999450684,10.5726547241,0.89760607481,98.8193588257,40.9529647827,0.971340954304,0.000116415321827,0.000465661287308,6,328.294467181,7.03816919434,0.118655904924,82.7416876477,11.5687530744,161.959847901,125.448874314,5150.00708401,0.00791624188423,2669.54000108,2660.90524383,38,70.0296150171
32.5120015442,2822.09622674,114.046168164,-15.2049074173,-663.471679688,10.7121229172,0.904888153076,98.8198165894,40.9528503418,0.971341252327,0.000116415321827,0.000465661287308,6,328.294467181,7.20046431717,0.262056768822,81.0155937966,11.1131712401,163.532487932,128.215076984,5150.00661835,0.00838190317154,2669.54000108,2660.90524383,38,70.0296150171
32.5440015458,2825.43804497,95.920455351,-12.7883443832,-662.693664551,10.8338117599,0.909877538681,98.8201370239,40.9527359009,0.97134155035,0.000116415321827,0.000465661287308,6,328.294467181,7.33167061459,0.400382219109,79.3274058895,10.7138412772,164.803874213,130.883374368,5150.00754967,0.00838190317154,2669.54000108,2660.90524383,38,70.0296150171
32.5760015473,2828.19895074,77.744909504,-10.3651371002,-661.624267578,10.9378566742,0.912545919418,98.8208999634,40.9526367188,0.971342086792,0.000116415321827,0.000465661287308,6,328.294467181,7.43946266684,0.534117296213,77.6763108712,10.364916148,165.848381585,133.463123348,5150.00754967,0.00838190317154,2669.54000108,2660.90524383,38,70.0296150171
32.6080015488,2830.37312329,59.2108008277,-7.89412546158,-660.219299316,11.0241909027,0.912804365158,98.8212203979,40.9525260925,0.971342325211,0.000116415321827,0.000465661287308,6,328.294467181,7.54138158679,0.701803772751,76.0614883619,10.0616924025,166.835976415,136.697795824,5150.00754967,0.00838190317154,2669.54000108,2660.90524383,38,70.0296150171
32.6400015503,2831.94659278,40.256025386,-5.3670296669,-658.463745117,11.0926170349,0.910521090031,98.821723938,40.9524307251,0.971342742443,0.000116415321827,0.000465661287308,6,328.294467181,7.65189801431,0.933958508689,74.4822132045,9.80261717882,167.906880961,141.176060424,5150.00661835,0.00838190317154,2669.54000108,2660.90524383,38,70.0296150171
32.6720015518,2832.90655352,20.8958645089,-2.78588652611,-656.353271484,11.1428852081,0.905576825142,98.8221664429,40.9523239136,0.971343040466,0.000116415321827,0.000465661287308,6,328.294467181,7.76316569368,1.16934423421,72.9379067381,9.5848347127,168.985061464,145.716650877,5150.00661835,0.00838190317154,2669.54000108,2660.90524383,38,70.0296150171
32.7040015534,2833.23903568,1.06197694549,-0.141585305333,-653.872009277,11.1746702194,0.897871255875,98.8228988647,40.9522399902,0.971343636513,0.000116415321827,0.000465661287308,6,328.294467181,11.833624062,2.40030714391,71.4277559077,9.40391989723,169.42244838,148.618433741,5150.00708401,0.00838190317154,2669.54000108,2660.90524383,38,70.0296150171
32.7360015549,2832.93053508,-19.1497638298,2.55309224129,-651.026062012,11.1876525879,0.887320518494,98.8233413696,40.9521446228,0.971343934536,0.000116415321827,0.000465661287308,6,328.294467181,32.1360000016,7.85015800372,69.9511893774,9.25942408718,169.42244838,148.618433741,5150.00661835,0.00838190317154,2669.54000108,2660.90524383,38,70.0296150171
32.7680015564,2831.96871169,-39.7633411922,5.30134391785,-647.806213379,11.1813936234,0.873898506165,98.8236618042,40.9520492554,0.971344232559,0.000116415321827,0.000465661287308,6,328.294467181,67.0551532892,15.2061982947,68.5076944097,11.8832332372,169.42244838,138.863848406,5150.00754967,0.00838190317154,2669.54000108,2670.65968364,38,70.0296150171
32.8000015579,2830.33913001,-60.8461959928,8.11216068268,-644.196350098,11.1551923752,0.857654094696,98.6358108521,41.0007019043,0.971200883389,0.000116415321827,0.000465661287308,6,328.294467181,92.5925305263,20.0218243435,87.5410782328,16.6228606152,150.224688696,120.012897241,5150.00708401,0.00838190317154,2688.7380518,2689.51058388,38,70.0296150171
32.8320015594,2828.02688889,-82.3993614176,10.9856796265,-640.189086914,11.1082000732,0.838698208332,98.5182571411,41.0313110352,0.971110641956,0.000116415321827,0.000465661287308,6,328.294467181,104.097405676,22.4363523967,100.278449583,19.9174236829,129.809894133,104.301070678,5150.00708401,0.00838190317154,2709.15264264,2705.22222854,38,70.0296150171
32.864001561,2825.01825131,-104.33368152,13.9100160599,-635.789489746,11.0395364761,0.817165791988,98.4649887085,41.0453109741,0.971069693565,0.000116415321827,0.000465661287308,6,328.294467181,108.789700067,23.2620207653,106.314540815,21.5581742241,115.738235763,93.2669208851,5150.00661835,0.00838190317154,2723.22469391,2716.25653841,38,70.0296150171
32.8960015625,2821.29994594,-126.700964756,16.892074585,-630.98425293,10.9482383728,0.793234348297,98.4389877319,41.0521278381,0.971049666405,0.000116415321827,0.000465661287308,6,328.294467181,110.096638414,23.1288683548,108.599349967,22.0299219363,106.932217022,85.9807478264,5150.00708401,0.00838190317154,2732.03104734,2723.5429734,38,70.0296150171
32.928001564,2816.85916707,-149.479368702,19.9289474487,-625.769897461,10.8333187103,0.76710408926,98.4261550903,41.0555534363,0.971039712429,0.000116415321827,0.000465661287308,6,328.294467181,109.428146034,22.415883187,108.623206906,21.7590079721,101.850921055,81.4291051938,5150.00615269,0.00838190317154,2737.11280897,2728.09457965,38,70.0296150171
32.9600015655,2811.68264337,-172.664033016,23.0199813843,-620.140625,10.6936664581,0.739017307758,98.420539856,41.0570106506,0.971035420895,0.000116415321827,0.000465661287308,6,328.294467181,107.279849554,21.3322493048,107.011307,21.0197523371,99.5120353764,78.9319965406,5150.00754967,0.00838190317154,2739.45182562,2730.59145547,38,70.0296150171
32.992001567,2805.75780198,-196.246866835,26.164100647,-614.091430664,10.5281095505,0.709250807762,98.42212677,41.0565834045,0.971036612988,0.000116415321827,0.000465661287308,6,328.294467181,93.8435951457,18.1811593192,104.150283552,19.8376838604,99.3870489765,78.5842494224,5150.00708401,0.00838190317154,2739.57685567,2730.93907163,39,70.0354357832
33.0240015686,2799.07113872,-220.25956423,29.3655319214,-607.61126709,10.335357666,0.678118288517,98.422996521,41.0563392639,0.971037328243,0.000116415321827,0.000465661287308,6,328.294467181,60.623737855,10.8819999185,101.843756309,18.7578460662,99.3870489765,78.5842494224,5150.00615269,0.00838190317154,2739.57685567,2730.93907163,39,70.0354357832
33.0560015701,2791.60845093,-244.708149694,32.6250762939,-600.692504883,10.1139850616,0.64598107338,98.4237594604,41.0561790466,0.971037864685,0.000116415321827,0.000465661287308,6,328.294467181,23.9684886745,2.91326589618,99.6780414062,17.8509436117,99.3870489765,78.9911209722,5150.00708401,0.00838190317154,2739.57685567,2730.93907163,39,70.0354357832
33.0880015716,2783.35576877,-269.602343906,35.9440307617,-593.327026367,9.86243152618,0.613251447678,98.424446106,41.0560340881,0.971038401127,0.000116415321827,0.000465661287308,6,328.294467181,3.32517097287,-1.19890549128,97.5760011647,17.0801125085,106.920932012,90.3355248738,5150.00708401,0.00838190317154,2739.57685567,2730.93907163,39,70.0354357832
33.1200015731,2774.29772541,-295.019388432,39.3326911926,-585.496887207,9.57900810242,0.580376565456,98.4249801636,41.0558853149,0.971038818359,0.000116415321827,0.000465661287308,6,328.294467181,3.20753253123,-1.1759796056,95.5237111012,16.2997005407,124.840982608,100.475357613,5150.00754967,0.00838190317154,2739.57685567,2730.93907163,39,70.0354357832
33.1520015746,2764.41755705,-320.936669596,42.7880439758,-577.196960449,9.26189136505,0.547840118408,98.4254837036,41.0557327271,0.971039235592,0.000116415321827,0.000465661287308,6,328.294467181,4.42428883794,-0.885025048167,93.5173256851,15.4727503285,136.631351779,106.087871245,5150.00801533,0.00838190317154,2739.57685567,2730.93907163,39,70.0354357832
33.1840015762,2753.6987327,-347.415683791,46.3182907104,-568.410949707,8.90915584564,0.516165852547,98.4261550903,41.0555877686,0.971039712429,0.000116415321827,0.000465661287308,6,328.294467181,5.26935607699,-0.668428516197,91.5550942844,14.6565969011,144.820049172,110.266017145,5150.00754967,0.00838190317154,2739.57685567,2730.93907163,39,70.0354357832
33.2160015777,2742.12402292,-374.414026737,49.9177742004,-559.135986328,8.51877880096,0.485909610987,98.4265213013,41.0554428101,0.971040010452,0.000116415321827,0.000465661287308,6,328.294467181,5.87001650234,-0.482557429893,89.6359035265,13.886154929,150.640451466,113.851470815,5150.00708401,0.00838190317154,2739.57685567,2730.93907163,39,70.0354357832
33.2480015792,2729.67619821,-401.928147767,53.5860214233,-549.364196777,8.0887260437,0.457635641098,98.4272537231,41.055316925,0.971040606499,0.000116415321827,0.000465661287308,6,328.294467181,6.30706059044,-0.31223925423,87.7587352613,13.1784564501,154.875408043,117.136907647,5150.00754967,0.00838190317154,2739.57685567,2730.93907163,39,70.0354357832
33.2800015807,2716.34059027,-429.875683039,57.3120536804,-539.099304199,7.61708021164,0.43189227581,98.427696228,41.0551757812,0.971040904522,0.000116415321827,0.000465661287308,6,328.294467181,6.63286172043,-0.151520527097,85.922732485,12.539755945,158.032416948,120.237171359,5150.00708401,0.00838190317154,2739.57685567,2730.93907163,39,70.0354357832
33.3120015822,2702.10462622,-458.123366116,61.0781021118,-528.352905273,7.10217761993,0.409174203873,98.4283370972,41.0550460815,0.971041440964,0.000116415321827,0.000465661287308,6,328.294467181,6.88162130845,0.00209648408112,84.1268330986,11.9701724423,160.44289805,123.20044334,5150.00801533,0.00838190317154,2739.57685567,2730.93907163,39,70.0354357832
33.3440015838,2686.96341664,-486.435135826,64.8526916504,-517.154052734,6.54281330109,0.389885306358,98.4289321899,41.0549278259,0.971041858196,0.000116415321827,0.000465661287308,6,328.294467181,7.07590529397,0.149752799083,82.3703778684,11.4663374401,162.325508427,126.048733364,5150.00708401,0.00838190317154,2739.57685567,2730.93907163,39,70.0354357832
33.3760015853,2670.91905698,-514.495943207,68.5938262939,-505.545837402,5.9385509491,0.374256640673,98.4294204712,41.0547866821,0.971042275429,0.000116415321827,0.000465661287308,6,328.294467181,7.23077121804,0.292040204491,80.6524218924,11.0232572425,163.826160133,128.793457407,5150.00708401,0.00838190317154,2739.57685567,2730.93907163,39,70.0354357832
33.4080015868,2653.98784541,-541.842717212,72.2397689819,-493.597991943,5.28995037079,0.362318694592,98.4299697876,41.0546760559,0.971042692661,0.000116415321827,0.000465661287308,6,328.294467181,7.35641614582,0.429319321397,78.9722326888,10.6352047557,165.043660672,131.441571284,5150.00801533,0.00838190317154,2739.57685567,2730.93907163,39,70.0354357832
33.4400015883,2636.3353245,-554.417609237,73.9162826538,-483.265869141,4.60438776016,0.353761941195,98.4306411743,41.054561615,0.971043229103,0.000116415321827,0.000465661287308,6,328.294467181,7.46061491602,0.563939271103,77.3288800053,10.2963338576,166.053345311,134.03838966,5150.00754967,0.00838190317154,2739.57685567,2730.93907163,39,70.0354357832
33.4720015898,2618.87884699,-533.655285835,71.1482009888,-477.474487305,3.92783379555,0.344715565443,98.4311904907,41.0544395447,0.971043646336,0.000116415321827,0.000465661287308,6,328.294467181,7.5643691612,0.747629850031,75.7217485571,10.0026717491,167.058722582,137.581781019,5150.00801533,0.00838190317154,2739.57685567,2730.93907163,39,70.0354357832
33.5040015914,2602.44472884,-493.736355565,65.8261108398,-474.738372803,3.30878329277,0.328751772642,98.4315109253,41.0543136597,0.971043884754,0.000116415321827,0.000465661287308,6,328.294467181,7.67601910462,0.986220184333,74.1500545885,9.75275071934,168.140613823,142.184188007,5150.00661835,0.00838190317154,2739.57685567,2730.93907163,39,70.0354357832
33.5360015929,2587.46906184,-444.367411546,59.2441253662,-473.977325439,2.76812052727,0.304431915283,98.4319534302,41.0541877747,0.971044242382,0.000116415321827,0.000465661287308,6,328.294467181,7.78584791465,1.21531972637,72.6131242159,9.54315648646,169.204853592,146.603517351,5150.00754967,0.00838190317154,2739.57685567,2730.93907163,39,70.0354357832
33.5680015944,2574.14043881,-391.809095163,52.2369270325,-474.449035645,2.30738711357,0.274263769388,98.4325485229,41.0540847778,0.971044659615,0.000116415321827,0.000465661287308,6,328.294467181,14.7885132483,3.19350389848,71.1102103078,9.37014698306,169.41796639,148.615668877,5150.00754967,0.00838190317154,2739.57685567,2730.93907163,39,70.0354357832
33.6000015959,2562.48703226,-340.159254847,45.3508453369,-475.621063232,1.91943335533,0.241685569286,98.433052063,41.0539627075,0.971045076847,0.000116415321827,0.000465661287308,6,328.294467181,38.5151931312,9.54989532093,69.6407415281,9.2607462172,169.41796639,148.519291542,5150.00708401,0.00838190317154,2739.57685567,2731.03546351,39,70.0354357832
33.6320015974,2552.43340507,-291.890581138,38.9155502319,-477.12677002,1.59459650517,0.209476605058,98.4110336304,41.0579414368,0.971028089523,0.000116415321827,0.000465661287308,6,328.294467181,74.6225787316,16.4720205954,71.4054078817,12.9321135949,167.404010426,134.88921104,5150.00754967,0.00838190317154,2741.59084074,2744.66513656,39,70.0354357832
33.664001599,2543.84754226,-248.279044172,33.1011543274,-478.731231689,1.32340073586,0.179377824068,98.2361755371,41.0898857117,0.97089266777,0.000116415321827,0.000465661287308,6,328.294467181,95.9020527078,20.713540065,91.023466168,17.4814632062,145.378129673,116.247974802,5150.00754967,0.00838190317154,2763.6163868,2763.30672204,39,70.0354357832
33.6960016005,2536.57088615,-209.787205677,27.9693317413,-480.295074463,1.09741187096,0.152258366346,98.1477966309,41.1060791016,0.970823943615,0.000116415321827,0.000465661287308,6,328.294467181,105.516736062,22.7208996822,102.010410615,20.3932201894,126.266546431,101.563222415,5150.00615269,0.00838190317154,2782.72805735,2777.99135074,39,70.0354357832
33.728001602,2530.43882549,-176.374334842,23.5146484375,-481.743011475,0.90938025713,0.128404840827,98.1069412231,41.1135520935,0.97079205513,0.000116415321827,0.000465661287308,6,328.294467181,109.284132747,23.2976084037,107.049234919,21.7404578653,113.46640531,91.4281772566,5150.00754967,0.00838190317154,2795.52815482,2788.12623583,39,70.0354357832
33.7600016035,2525.29419959,-147.707964061,19.692779541,-483.042297363,0.753128647804,0.10776603967,98.0870895386,41.1172447205,0.970776557922,0.000116415321827,0.000465661287308,6,328.294467181,110.092997978,23.0153812549,108.763360014,22.02254218,105.571984022,84.8032650538,5150.00754967,0.00838190317154,2803.42274345,2794.75119896,39,70.0354357832
33.792001605,2520.99265344,-123.328471091,16.442445755,-484.183441162,0.623428761959,0.0901158377528,98.0771255493,41.1190719604,0.970768809319,0.000116415321827,0.000465661287308,6,328.294467181,109.083549874,22.2098305046,108.402825045,21.6329881051,101.140998595,80.7374453871,5150.00754967,0.00838190317154,2807.85327777,2798.81665483,39,70.0354357832
33.8240016066,2517.40543172,-102.738027635,13.6972789764,-485.169708252,0.515871703625,0.075146637857,98.0739059448,41.1196937561,0.970766246319,0.000116415321827,0.000465661287308,6,328.294467181,106.378933309,20.9920773356,106.357163943,20.8065249935,99.3872672552,78.6583914305,5150.00754967,0.00838190317154,2809.60672535,2800.89583248,39,70.0354357832
33.8560016081,2514.42031004,-85.428240709,11.3894968033,-486.013763428,0.426742196083,0.0625286921859,98.0755844116,41.119304657,0.970767557621,0.000116415321827,0.000465661287308,6,328.294467181,87.9576041264,16.8878103446,103.631510495,19.5898687163,99.3872672552,78.5843076301,5150.00754967,0.00838190317154,2809.60672535,2800.96963979,40,70.0306482031
33.8880016096,2511.93973236,-70.9355881554,9.45730209351,-486.729644775,0.35292455554,0.0519449561834,98.0762710571,41.1191253662,0.970768094063,0.000116415321827,0.000465661287308,6,328.294467181,52.3917095126,9.07319786155,101.370917198,18.5497186286,99.3872672552,78.5843076301,5150.00754967,0.00838190317154,2809.60672535,2800.96963979,40,70.0306482031
33.9200016111,2509.88127664,-58.8359689573,7.84415197372,-487.333465576,0.291821479797,0.0430979579687,98.0768966675,41.1190032959,0.970768630505,0.000116415321827,0.000465661287308,6,328.294467181,17.5193013955,1.73294461793,99.2214853708,17.6761550926,99.3872672552,80.5232702987,5150.00754967,0.00838190317154,2809.60672535,2800.96963979,40,70.0306482031
33.9520016126,2508.17486085,-48.7556317239,6.50021743774,-487.840698242,0.241271138191,0.0357190072536,98.0774002075,41.1188774109,0.970768988132,0.000116415321827,0.000465661287308,6,328.294467181,2.13662460838,-1.47493286655,97.1306594289,16.9189573108,111.386609206,93.1745307753,5150.00661835,0.00838190317154,2809.60672535,2800.96963979,40,70.0306482031
33.9840016142,2506.76111318,-40.3750673286,5.38290071487,-488.264801025,0.199465081096,0.0295786894858,98.0780410767,41.1187705994,0.970769524574,0.000116415321827,0.000465661287308,6,328.294467181,3.50939843822,-1.10267990219,95.0883897192,16.1238718972,127.766063088,101.889309008,5150.00754967,0.00838190317154,2809.60672535,2800.96963979,40,70.0306482031
34.0160016157,2505.59090637,-33.4150536219,4.45497465134,-488.618927002,0.164891764522,0.0244800727814,98.0786209106,41.1186561584,0.970769941807,0.000116415321827,0.000465661287308,6,328.294467181,4.63192185025,-0.834531229294,93.0916364415,15.2950456154,138.643314131,107.061896415,5150.00615269,0.00838190317154,2809.60672535,2800.96963979,40,70.0306482031
34.0480016172,2504.62279655,-27.6449973171,3.6856970787,-488.913513184,0.136313378811,0.0202493108809,98.0793075562,41.1185493469,0.970770478249,0.000116415321827,0.000465661287308,6,328.294467181,5.41573116119,-0.626693808732,91.1387515112,14.4865109165,146.23842435,111.071080028,5150.00708401,0.00838190317154,2809.60672535,2800.96963979,40,70.0306482031
34.0800016187,2503.82162631,-22.8620156122,3.04801869392,-489.15838623,0.112684942782,0.0167454741895,98.0797958374,41.1184310913,0.970770895481,0.000116415321827,0.000465661287308,6,328.294467181,5.97559691673,-0.444977011301,89.2287241032,13.7285660031,151.663523866,114.5763963,5150.00661835,0.00838190317154,2809.60672535,2800.96963979,40,70.0306482031
34.1120016202,2503.15968879,-18.9046222658,2.52040934563,-489.36138916,0.0931570455432,0.013843903318,98.0803909302,41.1183357239,0.970771312714,0.000116415321827,0.000465661287308,6,328.294467181,6.38507496007,-0.277051362221,87.3604628193,13.0354063764,155.631365487,117.815681733,5150.00708401,0.00838190317154,2809.60672535,2800.96963979,40,70.0306482031
34.1440016218,2502.61183828,-15.6272290042,2.08345961571,-489.529724121,0.0770155116916,0.0114432964474,98.0809402466,41.118221283,0.970771789551,0.000116415321827,0.000465661287308,6,328.294467181,6.69191762449,-0.118002844281,85.5331619293,12.411690622,158.604671014,120.883727504,5150.00661835,0.00838190317154,2809.60672535,2800.96963979,40,70.0306482031
34.1760016233,2502.15944834,-12.9147938424,1.72183120251,-489.669525146,0.0636799111962,0.00945657026023,98.0813827515,41.1181144714,0.970772087574,0.000116415321827,0.000465661287308,6,328.294467181,6.92737808607,0.0342653473727,83.7458325824,11.8565855417,160.886280355,123.820980662,5150.00708401,0.00838190317154,2809.60672535,2800.96963979,40,70.0306482031
34.2080016248,2501.7852895,-10.6748511826,1.42319667339,-489.784729004,0.0526635423303,0.00781238032505,98.0818405151,41.1180038452,0.970772445202,0.000116415321827,0.000465661287308,6,328.294467181,7.11212424024,0.180732009706,81.9976690484,11.3662721574,162.676471518,126.646322315,5150.00615269,0.00838190317154,2809.60672535,2800.96963979,40,70.0306482031
34.2400016263,2501.4760904,-8.82139738678,1.17608976364,-489.880218506,0.043553698808,0.00645513972268,98.0821609497,41.1178894043,0.970772743225,0.000116415321827,0.000465661287308,6,328.294467181,7.25997710689,0.321918031133,80.2879608199,10.9355049824,164.10916578,129.369800561,5150.00708401,0.00838190317154,2809.60672535,2800.96963979,40,70.0306482031
34.2720016278,2501.22067519,-7.29009207134,0.971932530403,-489.959136963,0.0360247716308,0.00533431535587,98.0827407837,41.1177940369,0.970773160458,0.000116415321827,0.000465661287308,6,328.294467181,7.3803435862,0.458157624453,78.6157117212,10.5584818434,165.275516338,131.997861899,5150.00661835,0.00838190317154,2809.60672535,2800.96963979,40,70.0306482031
34.3040016294,2501.00949779,-6.02471664024,0.803229629993,-490.024291992,0.0298042446375,0.0044074091129,98.083152771,41.1176948547,0.970773518085,0.000116415321827,0.000465661287308,6,328.294467181,7.48213020159,0.596703362981,76.9802332193,10.2295186801,166.2618306,134.670408443,5150.00754967,0.00838190317154,2809.60672535,2800.96963979,40,70.0306482031
34.3360016309,2500.83487481,-4.97864948557,0.66376543045,-490.078125,0.0246653165668,0.00364075298421,98.083656311,41.117603302,0.970773875713,0.000116415321827,0.000465661287308,6,328.294467181,7.58791616874,0.796347514486,75.3807562081,9.94538890934,167.286896612,138.521543704,5150.00708401,0.00838190317154,2809.60672535,2800.96963979,40,70.0306482031
34.3680016324,2500.69075264,-4.11538212575,0.548672556877,-490.122528076,0.0204169582576,0.00300768623129,98.0841445923,41.1175117493,0.970774292946,0.000116415321827,0.000465661287308,6,328.294467181,7.70019604669,1.03796133995,73.8165775048,9.7045030451,168.374885106,143.182274769,5150.00615269,0.00838190317154,2809.60672535,2800.96963979,40,70.0306482031
34.4000016339,2500.57177618,-3.40147744282,0.453493118286,-490.159393311,0.0169032346457,0.00248550623655,98.0845565796,41.1174049377,0.970774590969,0.000116415321827,0.000465661287308,6,328.294467181,7.89532467552,1.28272569643,72.2870598502,9.502856242,169.40155183,147.44719374,5150.00708401,0.00838190317154,2809.60672535,2800.96963979,40,70.0306482031
34.4320016354,2500.47305599,-2.8110812309,0.374780058861,-490.189697266,0.0139984097332,0.00205430295318,98.0849685669,41.1173095703,0.970774888992,0.000116415321827,0.000465661287308,6,328.294467181,18.5273486281,4.19717363544,70.791434138,9.33782896128,169.422084582,148.618724779,5150.00708401,0.00838190317154,2809.60672535,2800.96963979,40,70.0306482031
34.464001637,2500.39179809,-2.32338584283,0.309759348631,-490.214874268,0.0115964477882,0.00169812294189,98.0854187012,41.1172180176,0.97077524662,0.000116415321827,0.000465661287308,6,328.294467181,45.5374322153,11.2317545835,69.3290704338,9.62137732446,169.422084582,147.184546222,5150.00661835,0.00838190317154,2809.60672535,2802.40387656,40,70.0306482031
34.4960016385,2500.32451004,-1.92109496311,0.256124973297,-490.23550415,0.00960988365114,0.00140388729051,98.0328292847,41.1211280823,0.97073417902,0.000116415321827,0.000465661287308,6,328.294467181,80.6464668137,17.6087832288,76.0971016371,13.9926358385,163.304648595,130.779779283,5150.00708401,0.00838190317154,2815.72411768,2818.80842522,40,70.0306482031
34.52800164,2500.26886351,-1.58863178967,0.211800187826,-490.252563477,0.0079675456509,0.0011607601773,97.9012374878,41.1309890747,0.970630943775,0.000116415321827,0.000465661287308,6,328.294467181,98.6949919534,21.3030141167,94.0647021646,18.2579527329,140.752672451,112.692388939,5150.00754967,0.00838190317154,2838.27655949,2836.89587377,40,70.0306482031
34.5600016415,2500.22276305,-1.31372735268,0.175149276853,-490.266601562,0.00660855183378,0.000959702767432,97.8394851685,41.1356391907,0.97058236599,0.000116415321827,0.000465661287308,6,328.294467181,106.680884367,22.9416935649,103.477022715,20.7970741444,123.024830827,99.0399057628,5150.00754967,0.00838190317154,2856.00475036,2850.54789856,40,70.0306482031
34.592001643,2500.18481165,-1.08595872916,0.144782617688,-490.27835083,0.00548511557281,0.000793588464148,97.810585022,41.1378135681,0.970559597015,0.000116415321827,0.000465661287308,6,328.294467181,109.651084258,23.2954732186,107.638707139,21.8751576441,111.419794848,89.751163614,5150.00708401,0.00838190317154,2867.6094953,2859.83644426,40,70.0306482031
34.6240016446,2500.15314668,-0.89931495495,0.119898818433,-490.287719727,0.00455414876342,0.000656781718135,97.7962265015,41.1388969421,0.970548212528,0.000116415321827,0.000465661287308,6,328.294467181,110.010623052,22.8791194582,108.836886558,21.985546345,104.369471956,83.7429688545,5150.00754967,0.00838190317154,2874.65984002,2865.84463902,40,70.0306482031
34.6560016461,2500.12706965,-0.745118768464,0.0993410125375,-490.295501709,0.00378363137133,0.000543204776477,97.789390564,41.1394271851,0.97054284811,0.000116415321827,0.000465661287308,6,328.294467181,108.676626819,21.9890659211,108.11416121,21.4883577015,100.549885246,80.1351416158,5150.00754967,0.00838190317154,2878.4791939,2869.45234984,40,70.0306482031
34.6880016476,2500.10564923,-0.615534588633,0.0820645391941,-490.302246094,0.00314747006632,0.00044880725909,97.7884750366,41.1394920349,0.970542132854,0.000116415321827,0.000465661287308,6,328.294467181,104.529086622,20.529088277,105.670242317,20.5446663381,99.3879657472,78.585013398,5150.00754967,0.00838190317154,2879.64078598,2871.00230344,41,70.0341770425
34.7200016491,2500.08772127,-0.509391099968,0.0679132416844,-490.307617188,0.00261811725795,0.000372254959075,97.7895736694,41.1393165588,0.970542967319,0.000116415321827,0.000465661287308,6,328.294467181,81.2515116017,15.4144594103,103.131276558,19.3515758384,99.3879657472,78.585013398,5150.00754967,0.00838190317154,2879.64078598,2871.00230344,41,70.0341770425
34.7520016506,2500.07305294,-0.421924568172,0.0562519915402,-490.312103271,0.00217812950723,0.000309695344185,97.7898788452,41.1392021179,0.970543205738,0.000116415321827,0.000465661287308,6,328.294467181,44.1932801199,7.27189870937,100.905153864,18.3495734136,99.3879657472,78.585013398,5150.00708401,0.00838190317154,2879.64078598,2871.00230344,41,70.0341770425
34.7840016522,2500.06071292,-0.349431388713,0.0465870276093,-490.315673828,0.0018142699264,0.000257312436588,97.7905654907,41.1391487122,0.97054374218,0.000116415321827,0.000465661287308,6,328.294467181,11.9409363385,0.720865243596,98.770078684,17.5080541343,99.3879657472,82.7546609798,5150.00708401,0.00838190317154,2879.64078598,2871.00230344,41,70.0341770425
34.8160016537,2500.0507012,-0.29088471365,0.0387814454734,-490.318603516,0.00151487311814,0.000212764192838,97.7911148071,41.1390800476,0.970544219017,0.000116415321827,0.000465661287308,6,328.294467181,2.2560461859,-1.42669881189,96.6901300998,16.7547659752,115.62108557,95.6389849307,5150.00708401,0.00838190317154,2879.64078598,2871.00230344,41,70.0341770425
34.8480016552,2500.04208647,-0.241022064529,0.0321336388588,-490.321014404,0.00126776273828,0.000175231150934,97.7915115356,41.1390151978,0.97054451704,0.000116415321827,0.000465661287308,6,328.294467181,3.78609054091,-1.03671051247,94.6578074958,15.9469884795,130.447209813,103.161859442,5150.00661835,0.00838190317154,2879.64078598,2871.00230344,41,70.0341770425
34.8800016567,2500.03510155,-0.201044045411,0.0268036723137,-490.322937012,0.0010633924976,0.000143464800203,97.7921524048,41.138961792,0.970544993877,0.000116415321827,0.000465661287308,6,328.294467181,4.82346497965,-0.786692486022,92.6705252105,15.1188562245,140.499367262,107.984706119,5150.00661835,0.00838190317154,2879.64078598,2871.00230344,41,70.0341770425
34.9120016582,2500.02928078,-0.165440297906,0.0220568962395,-490.324798584,0.000891565927304,0.000118236923299,97.7926864624,41.1389007568,0.97054541111,0.000116415321827,0.000465661287308,6,328.294467181,5.55139735844,-0.586189098787,90.7269208272,14.3192752025,147.553029819,111.852416012,5150.00801533,0.00838190317154,2879.64078598,2871.00230344,41,70.0341770425
34.9440016598,2500.02439134,-0.136927809535,0.0182555429637,-490.32623291,0.000747850048356,9.82448473223e-05,97.7931442261,41.1388473511,0.970545828342,0.000116415321827,0.000465661287308,6,328.294467181,6.07393583087,-0.408094424885,88.8259102728,13.5744270674,152.616426931,115.287861263,5150.00754967,0.00838190317154,2879.64078598,2871.00230344,41,70.0341770425
34.9760016613,2500.02043322,-0.114340465984,0.015244144015,-490.327270508,0.000625575019512,8.27908297651e-05,97.7936935425,41.1387825012,0.970546245575,0.000116415321827,0.000465661287308,6,328.294467181,6.45809609141,-0.242345906897,86.966475397,12.8959949071,156.338937813,118.485149869,5150.00754967,0.00838190317154,2879.64078598,2871.00230344,41,70.0341770425
35.0080016628,2500.01717359,-0.0942481221955,0.0125653846189,-490.328369141,0.000521100882906,7.10963213351e-05,97.794052124,41.1387214661,0.970546543598,0.000116415321827,0.000465661287308,6,328.294467181,6.74746265074,-0.0848702653117,85.1477958202,12.2871512843,159.142902703,121.522854897,5150.00801533,0.00838190317154,2879.64078598,2871.00230344,41,70.0341770425
35.0400016643,2500.01461245,-0.0773624293515,0.0103141441941,-490.329376221,0.000438260496594,6.03026674071e-05,97.7943649292,41.1386528015,0.970546782017,0.000116415321827,0.000465661287308,6,328.294467181,6.97060871636,0.0660954996551,83.3690072135,11.7463039663,161.305186339,124.434984173,5150.00754967,0.00838190317154,2879.64078598,2871.00230344,41,70.0341770425
35.0720016658,2500.01228414,-0.0639860289198,0.00853077042848,-490.329986572,0.000373122631572,5.0110018492e-05,97.7947311401,41.1385917664,0.97054708004,0.000116415321827,0.000465661287308,6,328.294467181,7.14647077938,0.211395137176,81.6291646752,11.2692018106,163.009288372,127.237814013,5150.008481,0.00838190317154,2879.64078598,2871.00230344,41,70.0341770425
35.1040016674,2500.0104215,-0.0533734088037,0.00711587024853,-490.330505371,0.000318107398925,4.19968491769e-05,97.7951889038,41.1385421753,0.970547437668,0.000116415321827,0.000465661287308,6,328.294467181,7.28776701646,0.351498630311,79.9275576976,10.8504317752,164.378448972,129.940410261,5150.00754967,0.00838190317154,2879.64078598,2871.00230344,41,70.0341770425
35.1360016689,2500.00879169,-0.044843950775,0.00597870256752,-490.330841064,0.000269216601737,3.64130246453e-05,97.7956314087,41.1384773254,0.970547795296,0.000116415321827,0.000465661287308,6,328.294467181,7.40317138797,0.486714551412,78.263285328,10.4841642189,165.496720001,132.54872465,5150.00801533,0.00838190317154,2879.64078598,2871.00230344,41,70.0341770425
35.1680016704,2500.0073947,-0.0379665685557,0.00506179360673,-490.331085205,0.000225503870752,3.27368688886e-05,97.7959976196,41.138420105,0.970548033714,0.000116415321827,0.000465661287308,6,328.294467181,7.50390551827,0.632953382514,76.6356004347,10.164900033,166.472833371,135.369671625,5150.00754967,0.00838190317154,2879.64078598,2871.00230344,41,70.0341770425
35.2000016719,2500.00646338,-0.0323809175029,0.00431710155681,-490.331390381,0.000186874676729,3.0210820114e-05,97.7963180542,41.1383590698,0.970548331738,0.000116415321827,0.000465661287308,6,328.294467181,7.61168292088,0.847034010463,75.0436826378,9.89023667657,167.517195223,139.499286888,5150.00754967,0.00838190317154,2879.64078598,2871.00230344,41,70.0341770425
35.2320016734,2500.00529923,-0.0274772204989,0.00366332870908,-490.331451416,0.000153299726662,2.82988312392e-05,97.7967758179,41.1383209229,0.970548689365,0.000116415321827,0.000465661287308,6,328.294467181,7.72406580411,1.08850225513,73.4869679262,9.65819370137,168.606187799,144.157209434,5150.00801533,0.00838190317154,2879.64078598,2871.00230344,41,70.0341770425
35.264001675,2500.00483356,-0.0224702585427,0.00299578858539,-490.33190918,0.000126858314616,2.61166642304e-05,97.7971725464,41.1382713318,0.970548987389,0.000116415321827,0.000465661287308,6,328.294467181,8.69239786222,1.53114365027,71.9646652193,9.46431029195,169.420207385,148.137987708,5150.00754967,0.00838190317154,2879.64078598,2871.00230344,41,70.0341770425
35.2960016765,2500.00413507,-0.0182502262192,0.00243316381238,-490.332092285,0.000108335771074,2.30813566304e-05,97.7977676392,41.1382217407,0.970549464226,0.000116415321827,0.000465661287308,6,328.294467181,23.0250884727,5.40423302488,70.4762031812,9.30725241547,169.420207385,148.614199134,5150.008481,0.00838190317154,2879.64078598,2871.00230344,41,70.0341770425
35.328001678,2500.00343658,-0.0147037262366,0.00196033599786,-490.332244873,9.52768459683e-05,1.9830358724e-05,97.7981796265,41.1381797791,0.970549762249,0.000116415321827,0.000465661287308,6,328.294467181,53.1548239178,12.8154896408,69.0208932787,10.3173570069,169.420207385,144.646081026,5150.008481,0.00884756445885,2879.64078598,2874.97066893,41,70.0341770425
35.3600016795,2500.00297092,-0.0117836567171,0.00157102523372,-490.332427979,8.50739015732e-05,1.70913972397e-05,97.7159957886,41.1413192749,0.970484852791,0.000116415321827,0.000465661287308,6,328.294467181,85.7278190228,18.6150725045,80.7194659706,15.0258218535,158.518436365,126.655984786,5150.00801533,0.00884756445885,2890.54284804,2892.9610271,41,70.0341770425
35.392001681,2500.00273809,-0.00951493284163,0.00126855354756,-490.332580566,7.64192518545e-05,1.50686364577e-05,97.6092758179,41.1454238892,0.970400214195,0.000116415321827,0.000465661287308,6,328.294467181,101.035469738,21.7969120848,96.6956090652,18.948655798,136.398142786,109.354936285,5150.008481,0.00884756445885,2912.66315617,2910.26267223,41,70.0341770425
35.4240016825,2500.00250526,-0.00769361996333,0.00102573179174,-490.332702637,6.89944936312e-05,1.36189191835e-05,97.5601730347,41.1472854614,0.970361173153,0.000116415321827,0.000465661287308,6,328.294467181,107.623691258,23.1031948604,104.707673061,21.1323494713,120.06948964,96.7164014583,5150.00801533,0.00884756445885,2928.99203487,2922.90141806,41,70.0341770425
35.4560016841,2500.00227243,-0.0061937894813,0.000825770839583,-490.332794189,6.28105917713e-05,1.25184897115e-05,97.5370254517,41.1481781006,0.970342695713,0.000116415321827,0.000465661287308,6,328.294467181,109.90178355,23.2574976889,108.095189926,21.9648134418,109.579748823,88.2216336322,5150.008481,0.00884756445885,2939.48198669,2931.39670976,41,70.0341770425
35.4880016856,2500.0020396,-0.0050474380231,0.000672936497722,-490.332855225,5.78444851271e-05,1.16116616482e-05,97.5255203247,41.1486320496,0.970333576202,0.000116415321827,0.000465661287308,6,328.294467181,109.850993248,22.7204656866,108.822866852,21.9201137273,103.312406281,82.790000306,5150.00801533,0.00884756445885,2945.74932195,2936.82841584,41,70.0341770425
35.5200016871,2500.0020396,-0.0040791476863,0.00054384174291,-490.332977295,5.39052234672e-05,1.0850813851e-05,97.5200424194,41.1488456726,0.970329165459,0.000116415321827,0.000465661287308,6,328.294467181,108.204783884,21.7530510622,107.755640567,21.3251973343,100.070821645,79.6160238679,5150.00754967,0.00884756445885,2948.99125583,2940.00282884,41,70.0341770425
35.5520016886,2500.00180677,-0.00329887406281,0.000439813768025,-490.332977295,5.07660297444e-05,1.02107478597e-05,97.5199966431,41.1487998962,0.970329165459,0.000116415321827,0.000465661287308,6,328.294467181,101.455965684,19.8531795172,105.067299752,20.2708425892,99.3868379737,78.583288996,5150.008481,0.00884756445885,2949.67507944,2941.0358984,42,70.0333766872
35.5840016901,2500.00157394,-0.00262148125429,0.000349502137396,-490.332946777,4.82505311084e-05,9.68680524238e-06,97.5211715698,41.1487388611,0.970330059528,0.000116415321827,0.000465661287308,6,328.294467181,73.8822005679,13.7947430056,102.642132398,19.1216094497,99.3868379737,78.583288996,5150.008481,0.00884756445885,2949.67507944,2941.0358984,42,70.0333766872
35.6160016917,2500.00157394,-0.00215167572648,0.00028686656151,-490.333007812,4.62297575723e-05,9.26025586523e-06,97.5217056274,41.1487045288,0.970330536366,0.000116415321827,0.000465661287308,6,328.294467181,36.2230481718,5.52037445641,100.442635425,18.1564270642,99.3868379737,78.583288996,5150.008481,0.00884756445885,2949.67507944,2941.0358984,42,70.0333766872
35.6480016932,2500.00157394,-0.00173863345942,0.000231798767345,-490.33303833,4.45604964625e-05,8.92921070772e-06,97.5220718384,41.1486549377,0.970330774784,0.000116415321827,0.000465661287308,6,328.294467181,7.75939890496,-0.150668473124,98.320671673,17.3452691641,100.920784462,85.4401296237,5150.008481,0.00884756445885,2949.67507944,2941.0358984,42,70.0333766872
35.6800016947,2500.00157394,-0.00140561029482,0.00018739933148,-490.333099365,4.31982298323e-05,8.66704976943e-06,97.5224838257,41.1486167908,0.970331132412,0.000116415321827,0.000465661287308,6,328.294467181,2.64317643209,-1.32040640211,96.2512049064,16.5864764027,119.372380141,97.6893643383,5150.00754967,0.00884756445885,2949.67507944,2941.0358984,42,70.0333766872
35.7120016962,2500.00157394,-0.00113627751652,0.00015149122919,-490.333129883,4.20999131165e-05,8.4538523879e-06,97.5228042603,41.1485748291,0.970331370831,0.000116415321827,0.000465661287308,6,328.294467181,4.04150747478,-0.976265296048,94.228668262,15.7689239347,132.922199555,104.327846202,5150.00801533,0.00884756445885,2949.67507944,2941.0358984,42,70.0333766872
35.7440016977,2500.0013411,-0.000918206177758,0.000122417448438,-490.33303833,4.12191766372e-05,8.27863368613e-06,97.5232009888,41.1485404968,0.970331728458,0.000116415321827,0.000465661287308,6,328.294467181,5.00119670299,-0.740906351902,92.2508349945,14.943706958,142.22158643,108.867920062,5150.008481,0.00884756445885,2949.67507944,2941.0358984,42,70.0333766872
35.7760016993,2500.0013411,-0.00074169748121,9.88848842098e-05,-490.333068848,4.05344071623e-05,8.1294829215e-06,97.5237045288,41.1485137939,0.970332086086,0.000116415321827,0.000465661287308,6,328.294467181,5.6778727377,-0.54661904733,90.3164379102,14.1542689807,148.778577568,112.615722173,5150.00801533,0.00884756445885,2949.67507944,2941.0358984,42,70.0333766872
35.8080017008,2500.0013411,-0.000599440275195,7.9918812844e-05,-490.333068848,3.99662130803e-05,8.01223905e-06,97.5242080688,41.1484832764,0.970332503319,0.000116415321827,0.000465661287308,6,328.294467181,6.16606329758,-0.371724089459,88.4243782858,13.4230266988,153.509143274,115.989445476,5150.00801533,0.00884756445885,2949.67507944,2941.0358984,42,70.0333766872
35.8400017023,2500.0013411,-0.0004848062507,6.46355256322e-05,-490.333099365,3.94920862163e-05,7.92367154645e-06,97.5244750977,41.1484375,0.970332741737,0.000116415321827,0.000465661287308,6,328.294467181,6.52684410584,-0.207978423349,86.573740519,12.759430046,157.005109941,119.148098747,5150.00754967,0.00884756445885,2949.67507944,2941.0358984,42,70.0333766872
35.8720017038,2500.0013411,-0.000392214261069,5.22909431311e-05,-490.333099365,3.91071480408e-05,7.8525963545e-06,97.5249252319,41.1484069824,0.970333099365,0.000116415321827,0.000465661287308,6,328.294467181,6.79999992274,-0.0520020951795,84.7636090072,12.1654374959,159.651986905,122.156881844,5150.00754967,0.00884756445885,2949.67507944,2941.0358984,42,70.0333766872
35.9040017053,2500.0013411,-0.000317100012914,4.22765333496e-05,-490.333129883,3.88002299587e-05,7.79327729106e-06,97.5252914429,41.1483840942,0.970333397388,0.000116415321827,0.000465661287308,6,328.294467181,7.0116693687,0.0976963185448,82.9931780202,11.6386794693,161.703064805,125.044563902,5150.00708401,0.00884756445885,2949.67507944,2941.0358984,42,70.0333766872
35.9360017069,2500.0013411,-0.000256175580748,3.41539416695e-05,-490.333129883,3.85559578717e-05,7.74376985646e-06,97.5255661011,41.148349762,0.970333576202,0.000116415321827,0.000465661287308,6,328.294467181,7.17921318292,0.241853083846,81.2615978789,11.1745550636,163.326563779,127.82534759,5150.00894666,0.00884756445885,2949.67507944,2941.0358984,42,70.0333766872
35.9680017084,2500.0013411,-0.000206882858067,2.75821166724e-05,-490.333129883,3.83598453482e-05,7.70328369981e-06,97.5260543823,41.1483230591,0.970333993435,0.000116415321827,0.000465661287308,6,328.294467181,7.31433413888,0.38088537927,79.5679896049,10.767533124,164.635886904,130.507280119,5150.00708401,0.00884756445885,2949.67507944,2941.0358984,42,70.0333766872
36.0000017099,2500.0013411,-0.0001670952543,2.2277537937e-05,-490.333129883,3.82009930036e-05,7.67078836361e-06,97.5265579224,41.1483039856,0.970334351063,0.000116415321827,0.000465661287308,6,328.294467181,7.42503826491,0.515088901508,77.9116207162,10.4117647816,165.708610439,133.096065838,5150.00801533,0.00884756445885,2949.67507944,2941.0358984,42,70.0333766872
36.0320017114,2500.0013411,-0.000134999816881,1.79984981514e-05,-490.333129883,3.80718774977e-05,7.6448695836e-06,97.527015686,41.148273468,0.970334768295,0.000116415321827,0.000465661287308,6,328.294467181,7.52608049545,0.673023581842,76.2916415336,10.1021464682,166.687706951,136.142625706,5150.00754967,0.00884756445885,2949.67507944,2941.0358984,42,70.0333766872
36.0640017129,2500.0013411,-0.000109092526679,1.45444764712e-05,-490.3331604,3.79671400879e-05,7.6240994531e-06,97.5271530151,41.1482276917,0.9703348279,0.000116415321827,0.000465661287308,6,328.294467181,7.63561631268,0.898997714715,74.7073561992,9.83687353111,167.749109096,140.501666465,5150.00754967,0.00884756445885,2949.67507944,2941.0358984,42,70.0333766872
36.0960017145,2500.0013411,-8.81592993052e-05,1.17536083053e-05,-490.3331604,3.7882480683e-05,7.60732291383e-06,97.5275497437,41.1482048035,0.970335185528,0.000116415321827,0.000465661287308,6,328.294467181,7.74752628721,1.13757820629,73.1580395559,9.61348025281,168.833517819,145.103884279,5150.00708401,0.00884756445885,2949.67507944,2941.0358984,42,70.0333766872
36.128001716,2500.0013411,-7.12353370735e-05,9.49726563704e-06,-490.3331604,3.78141921829e-05,7.59370868764e-06,97.527961731,41.14818573,0.970335483551,0.000116415321827,0.000465661287308,6,328.294467181,10.3066197362,1.98629297684,71.6430323698,9.42734833424,169.419698068,148.546372657,5150.00801533,0.00884756445885,2949.67507944,2941.0358984,42,70.0333766872
36.1600017175,2500.0013411,-5.75536840408e-05,7.67319488659e-06,-490.3331604,3.77591277356e-05,7.58266332923e-06,97.5281448364,41.1481399536,0.970335662365,0.000116415321827,0.000465661287308,6,328.294467181,28.2560556255,6.80888035148,70.1617340057,9.277965038,169.419698068,148.61865202,5150.00801533,0.00884756445885,2949.67507944,2941.0358984,42,70.0333766872
36.192001719,2500.0013411,-4.64990268512e-05,6.19936145085e-06,-490.3331604,3.77146752726e-05,7.57372663429e-06,97.5283737183,41.1480979919,0.970335841179,0.000116415321827,0.000465661287308,6,328.294467181,61.3245766399,14.2911451466,68.7134705801,11.2159851615,169.419698068,141.348398756,5150.00801533,0.00884756445885,2949.67507944,2948.30650091,42,70.0333766872
36.2240017205,2500.0013411,-3.7568236716e-05,5.00868691233e-06,-490.3331604,3.76787465939e-05,7.56651206757e-06,97.4064712524,41.1596641541,0.970238447189,0.000116415321827,0.000465661287308,6,328.294467181,90.0641784315,19.4988559957,84.9635033471,16.0070281985,153.53600611,122.62344535,5150.00801533,0.00884756445885,2965.55855311,2967.03143977,42,70.0333766872
36.2560017221,2500.0013411,-3.0353549535e-05,4.04680758948e-06,-490.3331604,3.76496936951e-05,7.56069266572e-06,97.3073043823,41.1690559387,0.970158934593,0.000116415321827,0.000465661287308,6,328.294467181,102.986179197,22.2069243822,98.9567736981,19.5571560699,132.342494908,106.248175143,5150.008481,0.00884756445885,2986.75219528,2983.40665177,42,70.0333766872
36.2880017236,2500.0013411,-2.45247485514e-05,3.269698027e-06,-490.3331604,3.7626199628e-05,7.55599648983e-06,97.2624130249,41.1733436584,0.970122873783,0.000116415321827,0.000465661287308,6,328.294467181,108.378242949,23.2144277469,105.732803605,21.4071767206,117.385447084,94.5869760471,5150.00754967,0.00884756445885,3001.70946866,2995.06750889,42,70.0333766872
36.3200017251,2500.02532266,7.95333198766,-1.06035721302,-491.405303955,0.000856516417116,6.56292831991e-05,97.240486145,41.175403595,0.970105230808,0.000116415321827,0.000465661287308,7,333.237694576,110.049891412,23.1899976407,108.433625913,22.0162171979,107.931504317,86.8338393047,5150.00754967,0.00884756445885,3011.16332412,3002.82030366,42,70.0333766872
36.3520017266,2503.53734009,200.472888537,-26.7275238037,-518.794494629,0.134104222059,0.00308207212947,97.2295761108,41.1764411926,0.970096409321,0.000116415321827,0.000465661287308,7,333.237694576,109.619968422,22.5438972362,108.728405972,21.8312526725,102.392230474,81.9413835416,5150.00894666,0.00884756445885,3016.70283079,3007.71277398,42,70.0333766872
36.3840017281,2512.57629134,348.18277345,-46.4205589294,-542.919616699,0.485009223223,0.00752178393304,97.2247238159,41.1769104004,0.970092535019,0.000116415321827,0.000465661287308,7,333.237694576,107.670386986,21.5050143423,107.330683805,21.1471511015,99.7002935037,79.1797210695,5150.00894666,0.00884756445885,3019.39481869,3010.47414541,42,70.0333766872
36.4160017297,2525.71422607,460.872019175,-61.4445610046,-564.385559082,0.95770329237,0.0295253116637,97.2256851196,41.1768379211,0.970093309879,0.000116415321827,0.000465661287308,7,333.237694576,97.2461059181,18.9289099143,104.504782869,20.0073633174,99.3892754195,78.586039308,5150.00801533,0.00884756445885,3019.7056476,3011.06809638,43,70.0304444763
36.4480017312,2541.97930917,546.313473023,-72.8358154297,-583.752197266,1.5025639534,0.0735870227218,97.2263565063,41.1767578125,0.970093846321,0.000116415321827,0.000465661287308,7,333.237694576,66.0359997982,12.0713080643,102.158921342,18.9003211415,99.3892754195,78.586039308,5150.00801533,0.00884756445885,3019.7056476,3011.06809638,43,70.0304444763
36.4800017327,2560.59644744,610.147544648,-81.3463287354,-601.391296387,2.09754300117,0.135967195034,97.2272262573,41.1767349243,0.970094561577,0.000116415321827,0.000465661287308,7,333.237694576,28.6773847699,3.86272967557,99.9810032894,17.9705744044,99.3892754195,78.586039308,5150.00801533,0.00931322574615,3019.7056476,3011.06809638,43,70.0304444763
36.5120017342,2580.96191101,657.313736156,-87.6346359253,-617.665405273,2.72896814346,0.212296262383,97.2276687622,41.1766967773,0.970094919205,0.000116415321827,0.000465661287308,7,333.237694576,4.76339046779,-0.853716935955,97.8713159357,17.1857638821,104.193444713,88.3619650267,5150.008481,0.00931322574615,3019.7056476,3011.06809638,43,70.0304444763
36.5440017357,2602.6063133,691.434950568,-92.1837615967,-632.827453613,3.38654279709,0.299048513174,97.2283554077,41.1766738892,0.970095455647,0.000116415321827,0.000465661287308,7,333.237694576,2.99277086669,-1.22973039427,95.8122430888,16.4149730654,122.759942315,99.4385045487,5150.00894666,0.00931322574615,3019.7056476,3011.06809638,43,70.0304444763
36.5760017373,2625.16015209,715.138972737,-95.344039917,-647.046630859,4.06205272675,0.393478214741,97.2289352417,41.1766471863,0.970095932484,0.000116415321827,0.000465661287308,7,333.237694576,4.27762533895,-0.920217432351,93.79945578,15.5907751544,135.210182634,105.409009848,5150.00894666,0.00931322574615,3019.7056476,3011.06809638,43,70.0304444763
36.6080017388,2648.32517132,730.451021809,-97.3854751587,-660.446655273,4.74867153168,0.493471622467,97.2293930054,41.1766014099,0.970096290112,0.000116415321827,0.000465661287308,7,333.237694576,5.1663645287,-0.696831192746,91.8310715304,14.7704273519,143.822064274,109.718130261,5150.00987798,0.00977888703346,3019.7056476,3011.06809638,43,70.0304444763
36.6400017403,2671.85689881,738.725764677,-98.4886856079,-673.088195801,5.44058465958,0.597374200821,97.2296676636,41.1765518188,0.97009652853,0.000116415321827,0.000465661287308,7,333.237694576,5.79603490397,-0.507846371207,89.9058963945,13.9921011266,149.923565914,113.36364696,5150.00894666,0.00977888703346,3019.7056476,3011.06809638,43,70.0304444763
36.6720017418,2695.55067644,741.078867577,-98.802406311,-685.019775391,6.1327252388,0.703877747059,97.2302932739,41.1765327454,0.970097005367,0.000116415321827,0.000465661287308,7,333.237694576,6.25263168365,-0.335797678189,88.0227950251,13.2749096808,154.347988428,116.682465887,5150.00894666,0.00977888703346,3019.7056476,3011.06809638,43,70.0304444763
36.7040017433,2719.23118271,738.32529597,-98.435295105,-696.263977051,6.82065296173,0.811915814877,97.230796814,41.1764907837,0.9700974226,0.000116415321827,0.000465661287308,7,333.237694576,6.59182945176,-0.173912301783,86.1809177431,12.6262712262,157.634814968,119.805234135,5150.008481,0.00977888703346,3019.7056476,3011.06809638,43,70.0304444763
36.7360017449,2742.74707772,731.164123863,-97.4805526733,-706.83984375,7.50039291382,0.920620679855,97.2311630249,41.1764564514,0.970097720623,0.000116415321827,0.000465661287308,7,333.237694576,6.84995702686,-0.0193723071679,84.3794002197,12.046997902,160.136070917,122.786310385,5150.008481,0.00977888703346,3019.7056476,3011.06809638,43,70.0304444763
36.7680017464,2765.96541516,720.036681741,-95.9970092773,-716.740966797,8.16839694977,1.0292570591,97.2315750122,41.1764259338,0.970098018646,0.000116415321827,0.000465661287308,7,333.237694576,7.05093406672,0.129089681935,82.6174074255,11.5341194939,162.08353918,125.650141854,5150.00941232,0.00977888703346,3019.7056476,3011.06809638,43,70.0304444763
36.8000017479,2788.76768425,705.46119241,-94.0537719727,-725.97845459,8.82148361206,1.13717520237,97.2319717407,41.1763916016,0.970098376274,0.000116415321827,0.000465661287308,7,333.237694576,7.21069434401,0.272116379144,80.8940384075,11.0827448531,163.631615578,128.409126773,5150.008481,0.00977888703346,3019.7056476,3011.06809638,43,70.0304444763
36.8320017494,2811.0484127,687.731662765,-91.690032959,-734.539672852,9.45675373077,1.2438287735,97.2324752808,41.1763572693,0.970098733902,0.000116415321827,0.000465661287308,7,333.237694576,7.34000671764,0.410093299613,79.2084801107,10.6872155562,164.884651895,131.070701173,5150.00894666,0.00977888703346,3019.7056476,3011.06809638,43,70.0304444763
36.8640017509,2832.71353692,667.143322062,-88.9451446533,-742.417907715,10.0716381073,1.34870862961,97.2327957153,41.176322937,0.970099031925,0.000116415321827,0.000465661287308,7,333.237694576,7.44648167568,0.543852497122,77.5600220277,10.3416671691,165.916397236,133.650915814,5150.00894666,0.00977888703346,3019.7056476,3011.06809638,43,70.0304444763
36.8960017525,2853.67667675,644.09035258,-85.8716659546,-749.623352051,10.6638431549,1.45134568214,97.2332839966,41.1762962341,0.970099389553,0.000116415321827,0.000465661287308,7,333.237694576,7.54895957096,0.716770611948,75.9478291288,10.041662682,166.90940538,136.986505822,5150.00941232,0.00977888703346,3019.7056476,3011.06809638,43,70.0304444763
36.928001754,2873.86169657,618.705176748,-82.4872512817,-756.136291504,11.2313346863,1.55130648613,97.2334213257,41.1762542725,0.970099508762,0.000116415321827,0.000465661287308,7,333.237694576,7.65990678946,0.951455558197,74.3711103336,9.7856464863,167.984486325,141.513577546,5150.008481,0.00977888703346,3019.7056476,3011.06809638,43,70.0304444763
36.9600017555,2893.19967851,591.323478147,-78.8366622925,-761.967712402,11.7723817825,1.64816999435,97.2340164185,41.1762313843,0.9700999856,0.000116415321827,0.000465661287308,7,333.237694576,7.77075878529,1.18492813227,72.8292357074,9.57062089934,169.058635947,146.017264342,5150.008481,0.00977888703346,3019.7056476,3011.06809638,43,70.0304444763
36.992001757,2911.62845679,562.068424188,-74.9363098145,-767.103637695,12.285490036,1.74152171612,97.234336853,41.1761932373,0.970100283623,0.000116415321827,0.000465661287308,7,333.237694576,12.7306077946,2.64106642611,71.3215533414,9.3923430191,169.421371538,148.617444211,5150.00894666,0.00977888703346,3019.7056476,3011.06809638,43,70.0304444763
37.0240017585,2929.09448035,531.246187165,-70.8270111084,-771.55847168,12.7694654465,1.83096528053,97.2345581055,41.1761550903,0.970100462437,0.000116415321827,0.000465661287308,7,333.237694576,34.1892129925,8.40128753791,69.8473747024,9.25022228196,169.421371538,148.617444211,5150.00801533,0.00977888703346,3019.7056476,3011.06809638,43,70.0304444763
37.0560017601,2945.55025175,499.055662658,-66.5352935791,-775.335571289,13.2233467102,1.91610896587,97.2318344116,41.1766357422,0.970098257065,0.000116415321827,0.000465661287308,7,333.237694576,69.8272607465,15.6423949927,68.9011544449,12.2286955577,169.156774064,137.563591124,5150.00754967,0.00977888703346,3019.97014321,3022.12196402,43,70.0304444763
37.0880017616,2960.95525846,465.696008177,-62.0877037048,-778.44152832,13.6464557648,1.99656462669,97.0581588745,41.206615448,0.969957888126,0.000116415321827,0.000465661287308,7,333.237694576,93.7574259624,20.2643125121,88.7526400975,16.9179354984,148.588966113,118.735915748,5150.00708401,0.00977888703346,3040.53793661,3040.95004685,43,70.0304444763
37.1200017631,2975.2748087,431.298394687,-57.5017318726,-780.876953125,14.0383577347,2.07193231583,96.9600448608,41.2236824036,0.969878256321,0.000116415321827,0.000465661287308,7,333.237694576,104.601719538,22.53870577,100.887691493,20.0843215396,128.594692796,103.363890958,5150.00801533,0.00977888703346,3060.53250097,3056.32245727,43,70.0304444763
37.1520017646,2988.4816613,396.192248445,-52.8212966919,-782.672241211,14.398859024,2.14183568954,96.9146499634,41.2314567566,0.969841241837,0.000116415321827,0.000465661287308,7,333.237694576,108.970015163,23.2783020092,106.576981794,21.6244876514,114.95493527,92.6352149691,5150.00801533,0.00977888703346,3074.17241856,3067.05129333,43,70.0304444763
37.1840017661,3000.5518347,360.359554179,-48.0439987183,-783.813293457,14.7279596329,2.20587825775,96.8924942017,41.2352600098,0.969823181629,0.000116415321827,0.000465661287308,7,333.237694576,110.104783614,23.0936469574,108.664782585,22.0308796565,106.460640382,85.5746184243,5150.00754967,0.00977888703346,3082.66631328,3074.1118826,43,70.0304444763
37.2160017677,3011.46716811,324.081280269,-43.2072906494,-784.328796387,15.0258703232,2.26367783546,96.8816299438,41.2371826172,0.969814360142,0.000116415321827,0.000465661287308,7,333.237694576,109.320471179,22.3488226279,108.557671741,21.7190913651,101.600766357,81.1882200651,5150.00801533,0.00977888703346,3087.5261873,3078.49841192,43,70.0304444763
37.2480017692,3021.21555433,287.455419311,-38.3242454529,-784.225646973,15.2929801941,2.31485438347,96.8771438599,41.2379684448,0.969810664654,0.000116415321827,0.000465661287308,7,333.237694576,107.045125695,21.2361586526,106.830215474,20.9527631951,99.4401634671,78.8228935562,5150.00894666,0.00977888703346,3089.68685567,3080.86397126,43,70.0304444763
37.2800017707,3029.78674881,250.585639151,-33.4086761475,-783.512817383,15.5298061371,2.35902953148,96.8787765503,41.2377243042,0.969812035561,0.000116415321827,0.000465661287308,7,333.237694576,91.9804392614,17.7716615904,103.975586593,19.7540362463,99.3864814518,78.5836673458,5150.00754967,0.00977888703346,3089.74040672,3081.10308833,44,70.0348828104
37.3120017722,3037.20659576,215.810054215,-28.7723121643,-782.514648438,15.737408638,2.3961918354,96.8796310425,41.2376213074,0.969812691212,0.000116415321827,0.000465661287308,7,333.237694576,57.8871704247,10.2806321902,101.685891786,18.6875808984,99.3864814518,78.5836673458,5150.00754967,0.00977888703346,3089.74040672,3081.10308833,44,70.0348828104
37.3440017737,3043.55169646,183.031486813,-24.4021949768,-781.255737305,15.9176120758,2.42685747147,96.8800888062,41.237537384,0.969813108444,0.000116415321827,0.000465661287308,7,333.237694576,21.7306517624,2.49558313875,99.5258829187,17.7919275363,99.3864814518,79.402962001,5150.008481,0.00977888703346,3089.74040672,3081.10308833,44,70.0348828104
37.3760017753,3048.86396043,151.027808897,-20.135389328,-779.593688965,16.0717277527,2.4511783123,96.8808135986,41.2374687195,0.969813704491,0.000116415321827,0.000465661287308,7,333.237694576,2.7899571282,-1.32595312211,97.4275710107,17.0266724524,108.38756134,91.3084077183,5150.00801533,0.00977888703346,3089.74040672,3081.10308833,44,70.0348828104
37.4080017768,3053.15572768,119.211312267,-15.8935375214,-777.456237793,16.2006607056,2.46898603439,96.8811721802,41.2373771667,0.969814002514,0.000116415321827,0.000465661287308,7,333.237694576,3.31086308135,-1.15061936174,95.378665014,16.241279607,125.842256239,100.964556623,5150.00801533,0.00977888703346,3089.74040672,3081.10308833,44,70.0348828104
37.4400017783,3056.42629974,87.1887314133,-11.6242103577,-774.790588379,16.305109024,2.47997665405,96.8816299438,41.2373046875,0.969814360142,0.000116415321827,0.000465661287308,7,333.237694576,4.49516562821,-0.867876900441,93.3754878691,15.4134119611,137.31814397,106.418658106,5150.00661835,0.00977888703346,3089.74040672,3081.10308833,44,70.0348828104
37.4720017798,3058.66729468,54.8330463062,-7.31047296524,-771.575744629,16.3856601715,2.48376297951,96.8821334839,41.2372245789,0.969814777374,0.000116415321827,0.000465661287308,7,333.237694576,5.31922299427,-0.654376764483,91.4163988162,14.5996262818,145.303260069,110.53707567,5150.00801533,0.00977888703346,3089.74040672,3081.10308833,44,70.0348828104
37.5040017813,3059.86800231,22.1585178224,-2.95422649384,-767.808227539,16.4427890778,2.47997117043,96.8825759888,41.237159729,0.969815135002,0.000116415321827,0.000465661287308,7,333.237694576,5.90590400051,-0.469954790825,89.5002478587,13.8332669812,150.988198584,114.09457511,5150.008481,0.00977888703346,3089.74040672,3081.10308833,44,70.0348828104
37.5360017829,3060.01328863,-11.045987776,1.47267746925,-763.452514648,16.4768409729,2.46820640564,96.8831253052,41.2370986938,0.969815552235,0.000116415321827,0.000465661287308,7,333.237694576,6.33351417814,-0.300460056557,87.6259875471,13.1303662595,155.13174003,117.364128528,5150.00801533,0.00977888703346,3089.74040672,3081.10308833,44,70.0348828104
37.5680017844,3059.09058079,-44.6198173449,5.94882059097,-758.523986816,16.4881439209,2.44811606407,96.8836746216,41.2370300293,0.969816029072,0.000116415321827,0.000465661287308,7,333.237694576,6.65283467357,-0.140309374943,85.7928194762,12.4966777626,158.225957421,120.453434647,5150.008481,0.00977888703346,3089.74040672,3081.10308833,44,70.0348828104
37.6000017859,3057.0840463,-78.7619792391,10.5007352829,-752.98815918,16.4767055511,2.41943836212,96.8841629028,41.2369651794,0.9698163867,0.000116415321827,0.000465661287308,7,333.237694576,6.89705607776,0.0128553972205,83.9998719923,11.9319350503,160.592462635,123.407982755,5150.008481,0.00977888703346,3089.74040672,3081.10308833,44,70.0348828104
37.6320017874,3053.97436023,-113.495778351,15.1315288544,-746.832580566,16.442111969,2.38202691078,96.8846206665,41.2369003296,0.969816803932,0.000116415321827,0.000465661287308,7,333.237694576,7.08808738536,0.160113399424,82.2461928688,11.4326286181,162.443553563,126.248589368,5150.00801533,0.00977888703346,3089.74040672,3081.10308833,44,70.0348828104
37.6640017889,3049.74266328,-148.894090671,19.8509159088,-740.038269043,16.3837089539,2.33583450317,96.8849868774,41.2368392944,0.969817101955,0.000116415321827,0.000465661287308,7,333.237694576,7.24056679149,0.302031917165,80.5310276493,10.9936869438,163.921082276,128.986197524,5150.00801533,0.00977888703346,3089.74040672,3081.10308833,44,70.0348828104
37.6960017905,3044.36939768,-184.79762366,24.6376609802,-732.616821289,16.3006916046,2.28086948395,96.8853378296,41.2367668152,0.969817340374,0.000116415321827,0.000465661287308,7,333.237694576,7.36441759615,0.43896479326,78.8535046802,10.6093279975,165.121193277,131.627632072,5150.00801533,0.00977888703346,3089.74040672,3081.10308833,44,70.0348828104
37.728001792,3037.83500567,-221.373644308,29.5140628815,-724.536437988,16.1920547485,2.21722722054,96.8857955933,41.2367019653,0.969817757607,0.000116415321827,0.000465661287308,7,333.237694576,7.46767009116,0.574508070871,77.2128035816,10.2737743274,166.121710208,134.242261993,5150.008481,0.00977888703346,3089.74040672,3081.10308833,44,70.0348828104
37.7600017935,3030.12062795,-258.549465798,34.4704322815,-715.797424316,16.0565605164,2.14511108398,96.8862075806,41.2366371155,0.96981805563,0.000116415321827,0.000465661287308,7,333.237694576,7.57209409957,0.763603050837,75.6082065211,9.98328295041,167.133577634,137.889903272,5150.00801533,0.00977888703346,3089.74040672,3081.10308833,44,70.0348828104
37.792001795,3021.20577544,-296.367739793,39.5124549866,-706.384155273,15.892660141,2.06482386589,96.8867416382,41.2365837097,0.969818532467,0.000116415321827,0.000465661287308,7,333.237694576,7.68401460353,1.00357462875,74.0389810168,9.73640172093,168.21808822,142.518954817,5150.00801533,0.00977888703346,3089.74040672,3081.10308833,44,70.0348828104
37.8240017965,3011.06786355,-334.988348186,44.6614456177,-696.264221191,15.6984272003,1.9767870903,96.8871536255,41.2365264893,0.96981883049,0.000116415321827,0.000465661287308,7,333.237694576,7.79323224889,1.23025869692,72.5044751597,9.52948196298,169.276405359,146.891688928,5150.00801533,0.00977888703346,3089.74040672,3081.10308833,44,70.0348828104
37.8560017981,2999.67988394,-374.45948692,49.9238357544,-685.41796875,15.4714622498,1.88155567646,96.8874740601,41.2364654541,0.969819128513,0.000116415321827,0.000465661287308,7,333.237694576,15.9487739044,3.50507725218,71.0039930918,9.35913045366,169.418446603,148.617560626,5150.00801533,0.00977888703346,3089.74040672,3081.10308833,44,70.0348828104
37.8880017996,2987.01203428,-414.953014115,55.3225288391,-673.807800293,15.2087574005,1.77988398075,96.8879776001,41.2364196777,0.969819545746,0.000116415321827,0.000465661287308,7,333.237694576,40.7866454738,10.1200236072,69.5368755794,9.33454652628,169.418446603,148.236969835,5150.00754967,0.00977888703346,3089.74040672,3081.48376644,44,70.0348828104
37.9200018011,2973.02682884,-456.735724583,60.8930969238,-661.379821777,14.9065771103,1.67270481586,96.8580245972,41.238697052,0.969795107841,0.000116415321827,0.000465661287308,7,333.237694576,76.7610160041,16.8655612037,72.9308749108,13.286585444,166.171696037,133.527923026,5150.00801533,0.00977888703346,3092.98723005,3096.19237669,44,70.0348828104
37.9520018026,2957.67886564,-500.107533298,66.67552948,-648.071777344,14.560292244,1.56119060516,96.7117996216,41.2499732971,0.969675421715,0.000116415321827,0.000465661287308,7,333.237694576,96.8876585228,20.9211730773,92.0851988382,17.7497695344,143.808894791,115.039038064,5150.00754967,0.00977888703346,3115.35014771,3114.68099244,44,70.0348828104
37.9840018041,2940.91063552,-545.42516591,72.7173843384,-633.807922363,14.1641216278,1.44679546356,96.6404037476,41.2555122375,0.96961659193,0.000116415321827,0.000465661287308,7,333.237694576,105.93127693,22.8014507286,102.527147372,20.5357685129,125.152990222,100.699122413,5150.00801533,0.00977888703346,3134.00640152,3129.02056612,44,70.0348828104
38.0160018057,2922.65135795,-593.250675593,79.0935974121,-618.47857666,13.7108535767,1.33133471012,96.6071090698,41.2580604553,0.969589173794,0.000116415321827,0.000465661287308,7,333.237694576,109.419759115,23.3010821996,107.260988142,21.7906109083,112.759931653,90.8520305529,5150.008481,0.00977888703346,3146.39951102,3138.8674397,44,70.0348828104
38.0480018072,2902.80999616,-644.235871732,85.8910675049,-601.952270508,13.1915092468,1.21703588963,96.5907211304,41.2593231201,0.969575762749,0.000116415321827,0.000465661287308,7,333.237694576,110.073843574,22.9725475383,108.797398453,22.0135125081,105.154067569,84.4374080771,5150.00801533,0.00977888703346,3154.00515683,3145.28145827,44,70.0348828104
38.0800018087,2881.2722303,-699.155323673,93.2130584717,-584.069641113,12.594997406,1.10661900043,96.5829238892,41.2599639893,0.969569325447,0.000116415321827,0.000465661287308,7,333.237694576,108.954508518,22.137968526,108.313835806,21.5869094932,100.930927147,80.5271483841,5150.008481,0.00977888703346,3158.22823904,3149.19184893,44,70.0348828104
38.1120018102,2857.89952613,-758.725800551,101.155136108,-564.667175293,11.9079418182,1.00334846973,96.5802993774,41.2601203918,0.96956717968,0.000116415321827,0.000465661287308,7,333.237694576,105.903874778,20.8496590277,106.109856043,20.7253330253,99.3886351353,78.6097662058,5150.00708401,0.00977888703346,3159.77074206,3151.10920928,45,70.0297678122
38.1440018117,2832.54915848,-821.814115625,109.566223145,-543.825927734,11.1161651611,0.910750806332,96.5816116333,41.2599525452,0.969568252563,0.000116415321827,0.000465661287308,7,333.237694576,85.8080258026,16.4156487801,103.461787089,19.5093066827,99.3886351353,78.585515439,5150.00754967,0.00977888703346,3159.77074206,3151.13342367,45,70.0297678122
38.1760018133,2805.17688952,-885.019486304,117.992912292,-521.977722168,10.2139978409,0.830449998379,96.5825576782,41.2599029541,0.969569027424,0.000116415321827,0.000465661287308,7,333.237694576,49.646564718,8.47012711259,101.213873056,18.4820574343,99.3886351353,78.585515439,5150.00754967,0.00977888703346,3159.77074206,3151.13342367,45,70.0297678122
38.2080018148,2775.7785283,-948.464032263,126.45149231,-499.104187012,9.20111942291,0.762508571148,96.5829696655,41.2598419189,0.969569325447,0.000116415321827,0.000465661287308,7,333.237694576,15.5563887865,1.37999644579,99.0695100039,17.6193126576,99.3886351353,81.2048092484,5150.00801533,0.00977888703346,3159.77074206,3151.13342367,45,70.0297678122
38.2400018163,2744.65815164,-981.696299277,130.882095337,-479.414245605,8.08830356598,0.707510173321,96.5834732056,41.2597923279,0.96956974268,0.000116415321827,0.000465661287308,7,333.237694576,2.04202135248,-1.49145296818,96.9824123953,16.8645302352,112.858651846,94.0491736401,5150.008481,0.00977888703346,3159.77074206,3151.13342367,45,70.0297678122
38.2720018178,2713.66699599,-949.06805316,126.532020569,-468.568359375,6.96068000793,0.660835444927,96.5840530396,41.2597503662,0.969570159912,0.000116415321827,0.000465661287308,7,333.237694576,3.60438395817,-1.07993164339,94.9435047781,16.0649070955,128.686471726,102.328122011,5150.00894666,0.00977888703346,3159.77074206,3151.13342367,45,70.0297678122
38.3040018193,2684.40460786,-879.964558408,117.318977356,-463.433105469,5.90739822388,0.611994862556,96.5845108032,41.2596931458,0.969570636749,0.000116415321827,0.000465661287308,7,333.237694576,4.69756002075,-0.818280829828,92.9499451219,15.2360505989,139.279349241,107.375366497,5150.00894666,0.00977888703346,3159.77074206,3151.13342367,45,70.0297678122
38.3360018209,2657.68985264,-793.335668277,105.76940918,-461.883575439,4.97159814835,0.556668281555,96.5848312378,41.2596435547,0.969570934772,0.000116415321827,0.000465661287308,7,333.237694576,5.46215907545,-0.613031645885,91.0001952147,14.4303707486,146.688311361,111.334622488,5150.00941232,0.00977888703346,3159.77074206,3151.13342367,45,70.0297678122
38.3680018224,2633.87174346,-700.835720636,93.4370956421,-462.537078857,4.16329622269,0.496486365795,96.5854110718,41.259601593,0.969571352005,0.000116415321827,0.000465661287308,7,333.237694576,6.00919861323,-0.432576577325,89.093207607,13.6767309982,151.989122969,114.815600682,5150.00941232,0.00977888703346,3159.77074206,3151.13342367,45,70.0297678122
38.4000018239,2613.0026672,-609.862152487,81.3082809448,-464.433105469,3.47547793388,0.435261160135,96.5858688354,41.259552002,0.969571709633,0.000116415321827,0.000465661287308,7,333.237694576,6.40998758875,-0.265399290234,87.2278982256,12.9884808322,155.872767209,118.040450616,5150.00894666,0.00977888703346,3159.77074206,3151.13342367,45,70.0297678122
38.4320018254,2594.95386854,-524.686416611,69.9524459839,-466.939025879,2.89440846443,0.376562714577,96.5861434937,41.2595062256,0.969571948051,0.000116415321827,0.000465661287308,7,333.237694576,6.71084267057,-0.10688484753,85.4035345884,12.3697551115,158.78805425,121.098193631,5150.00894666,0.0107102096081,3159.77074206,3151.13342367,45,70.0297678122
38.4640018269,2579.50020023,-447.418831754,59.6509475708,-469.663116455,2.4057507515,0.322607129812,96.586769104,41.2594642639,0.969572424889,0.000116415321827,0.000465661287308,7,333.237694576,6.94209044499,0.0449450530713,83.6190619213,11.8194358855,161.028845469,124.026992125,5150.00941232,0.0107102096081,3159.77074206,3151.13342367,45,70.0297678122
38.4960018285,2566.37088023,-378.913828172,50.5176963806,-472.358612061,1.99647080898,0.274320304394,96.587272644,41.2594223022,0.969572901726,0.000116415321827,0.000465661287308,7,333.237694576,7.12380046124,0.191018689451,81.8737037934,11.333568667,162.789612659,126.844752231,5150.008481,0.0107102096081,3159.77074206,3151.13342367,45,70.0297678122
38.52800183,2555.28395064,-319.177779602,42.5535430908,-474.886474609,1.65488994122,0.231863468885,96.5877304077,41.2593765259,0.969573199749,0.000116415321827,0.000465661287308,7,333.237694576,7.26941834217,0.331841874771,80.166676449,10.9068374678,164.200653671,129.561231006,5150.00987798,0.0107102096081,3159.77074206,3151.13342367,45,70.0297678122
38.5600018315,2545.96606828,-267.723633442,35.6935539246,-477.177642822,1.37061214447,0.195015504956,96.5880813599,41.2593307495,0.969573497772,0.000116415321827,0.000465661287308,7,333.237694576,7.38809416145,0.467738946914,78.497130209,10.5334401147,165.350618772,132.182685775,5150.00894666,0.0107102096081,3159.77074206,3151.13342367,45,70.0297678122
38.592001833,2538.16437908,-223.814524361,29.8394870758,-479.206268311,1.13450014591,0.163367047906,96.5884475708,41.2592887878,0.9695738554,0.000116415321827,0.000465661287308,7,333.237694576,7.48937490645,0.608408997715,76.8643106168,10.2077126907,166.332029039,134.896210511,5150.00801533,0.0107102096081,3159.77074206,3151.13342367,45,70.0297678122
38.6240018345,2531.65140748,-186.61696231,24.8802204132,-480.972015381,0.938663840294,0.136414974928,96.5889053345,41.2592582703,0.969574272633,0.000116415321827,0.000465661287308,7,333.237694576,7.59583796165,0.813092396532,75.267382643,9.92675731387,167.363657965,138.844552566,5150.00941232,0.0107102096081,3159.77074206,3151.13342367,45,70.0297678122
38.6560018361,2526.22668631,-155.281813932,20.7025432587,-482.489776611,0.776381909847,0.113622806966,96.5893630981,41.2592163086,0.96957463026,0.000116415321827,0.000465661287308,7,333.237694576,7.70821214666,1.05499143218,73.7056870537,9.68886363863,168.45256323,143.510784255,5150.008481,0.0107102096081,3159.77074206,3151.13342367,45,70.0297678122
38.6880018376,2521.71698958,-128.99923604,17.1984863281,-483.782562256,0.641991734505,0.0944555997849,96.5896224976,41.2591667175,0.96957474947,0.000116415321827,0.000465661287308,7,333.237694576,8.07114874103,1.34222704111,72.1785646152,9.48982813389,169.422477484,147.702681716,5150.00894666,0.0107102096081,3159.77074206,3151.13342367,45,70.0297678122
38.7200018391,2517.97307283,-107.028346974,14.2692747116,-484.87600708,0.530764520168,0.0784012675285,96.5899429321,41.2591247559,0.969575107098,0.000116415321827,0.000465661287308,7,333.237694576,19.9437234494,4.57734507366,70.6853487688,9.32746250967,169.422477484,148.61857926,5150.00894666,0.0107102096081,3159.77074206,3151.13342367,45,70.0297678122
38.7520018406,2514.86850902,-88.7116038939,11.8272428513,-485.795776367,0.438742488623,0.0649994760752,96.5904464722,41.259098053,0.96957552433,0.000116415321827,0.000465661287308,7,333.237694576,48.0130639175,11.7709858631,69.2253436567,9.82436365402,169.422477484,146.445861901,5150.00894666,0.0107102096081,3159.77074206,3153.30643207,45,70.0297678122
38.7840018421,2512.29619607,-73.4721688787,9.79548549652,-486.56628418,0.362636387348,0.0538395605981,96.5601425171,41.2397727966,0.969550549984,0.000116415321827,0.000465661287308,7,333.237694576,82.4315034919,17.9585250754,77.6693815914,14.3417450037,161.752177519,129.401101731,5150.00987798,0.0107102096081,3167.44134761,3170.35079934,45,70.0297678122
38.8160018437,2510.16649418,-60.8147165622,8.10796356201,-487.209503174,0.299711078405,0.0445645153522,96.5005264282,41.2021331787,0.969501256943,0.000116415321827,0.000465661287308,7,333.237694576,99.5220886619,21.47788504,94.9852269532,18.4977856542,139.268959174,111.555214971,5150.00894666,0.0107102096081,3189.92463872,3188.19633685,45,70.0297678122
38.8480018452,2508.40443186,-50.3131595906,6.7078704834,-487.745635986,0.247692629695,0.0368669740856,96.4727554321,41.184627533,0.969478309155,0.000116415321827,0.000465661287308,7,333.237694576,107.017818765,23.0018614683,103.911736137,20.9162453046,122.008394101,98.2437704806,5150.00987798,0.0107102096081,3207.18507282,3201.50819607,45,70.0297678122
38.8800018467,2506.9466792,-41.6084039898,5.54733181,-488.191375732,0.204695343971,0.0304877366871,96.4596176147,41.1763839722,0.969467401505,0.000116415321827,0.000465661287308,7,333.237694576,109.746665835,23.2866834345,107.804724186,21.9099102529,110.784108983,89.2255047802,5150.00894666,0.0107102096081,3218.40983815,3210.52689105,45,70.0297678122
38.9120018482,2505.74131496,-34.3995998264,4.58623695374,-488.561431885,0.169164299965,0.0252036545426,96.4531478882,41.1722755432,0.969461977482,0.000116415321827,0.000465661287308,7,333.237694576,109.965524134,22.8287008904,108.841420621,21.9668350922,104.001301224,83.413804532,5150.00987798,0.0107102096081,3225.1928933,3216.33857675,45,70.0297678122
38.9440018497,2504.74503264,-28.4342841042,3.79092669487,-488.868225098,0.139805659652,0.0208301469684,96.4500656128,41.1703033447,0.969459533691,0.000116415321827,0.000465661287308,7,333.237694576,108.526284887,21.912107699,108.002084138,21.4360236933,100.377867057,79.9531189841,5150.008481,0.0107102096081,3228.8164366,3219.79913861,45,70.0297678122
38.9760018513,2503.92151065,-23.4983726841,3.13285923004,-489.122497559,0.115546733141,0.0172127820551,96.4499740601,41.1699142456,0.969459354877,0.000116415321827,0.000465661287308,7,333.237694576,103.635605069,20.332711682,105.463543219,20.4525402448,99.3870125967,78.5842566984,5150.00801533,0.0107102096081,3229.80759665,3221.16771713,46,70.0353994034
39.0080018528,2503.24094668,-19.4168569578,2.58870172501,-489.332946777,0.0955082029104,0.0142207313329,96.4505996704,41.1700706482,0.969459831715,0.000116415321827,0.000465661287308,7,333.237694576,78.8586686783,14.8886481167,102.967515555,19.2742165823,99.3870125967,78.5842566984,5150.008481,0.0107102096081,3229.80759665,3221.16771713,46,70.0353994034
39.0400018543,2502.67842785,-16.0449599207,2.13915252686,-489.50668335,0.0789521113038,0.0117476265877,96.4511489868,41.1701583862,0.969460308552,0.000116415321827,0.000465661287308,7,333.237694576,41.5005261009,6.68020569499,100.750907803,18.2846260652,99.3870125967,78.5842566984,5150.008481,0.0107102096081,3229.80759665,3221.16771713,46,70.0353994034
39.0720018558,2502.21393071,-13.2553996082,1.76724159718,-489.650848389,0.0652712136507,0.00970468856394,96.451423645,41.1702346802,0.96946054697,0.000116415321827,0.000465661287308,7,333.237694576,10.3750884919,0.414165670675,98.620344712,17.4534842247,99.6256640065,83.6097169667,5150.00894666,0.0107102096081,3229.80759665,3221.16771713,46,70.0353994034
39.1040018573,2501.83022581,-10.9504071588,1.45993447304,-489.770019531,0.0539697147906,0.00801633670926,96.4516983032,41.1702957153,0.969460785389,0.000116415321827,0.000465661287308,7,333.237694576,2.38935127318,-1.3892312127,96.54397064,16.6993518801,116.912815429,96.3617349043,5150.00941232,0.0107102096081,3229.80759665,3221.16771713,46,70.0353994034
39.1360018589,2501.51311047,-9.04824082681,1.20633304119,-489.868103027,0.0446340367198,0.00662089698017,96.4518203735,41.1703453064,0.969460844994,0.000116415321827,0.000465661287308,7,333.237694576,3.87311215022,-1.0160341477,94.5148856065,15.8880145219,131.290449644,103.560705611,5150.00941232,0.0107102096081,3229.80759665,3221.16771713,46,70.0353994034
39.1680018604,2501.25094317,-7.47592366679,0.996708035469,-489.949188232,0.0369170829654,0.00546932592988,96.4521408081,41.1704177856,0.969461262226,0.000116415321827,0.000465661287308,7,333.237694576,4.88392999598,-0.771241693673,92.5307749682,15.0606010148,141.085271025,108.282751171,5150.00894666,0.0107102096081,3229.80759665,3221.16771713,46,70.0353994034
39.2000018619,2501.03441067,-6.17707928541,0.823542952538,-490.016174316,0.0305393226445,0.00451865978539,96.4523696899,41.1704711914,0.969461381435,0.000116415321827,0.000465661287308,7,333.237694576,5.59436978882,-0.572923391827,90.590225035,14.2642777066,147.969432874,112.108311441,5150.00987798,0.0107102096081,3229.80759665,3221.16771713,46,70.0353994034
39.2320018634,2500.85559674,-5.10313520863,0.680362164974,-490.071685791,0.0252702198923,0.00373303215019,96.4527816772,41.170539856,0.969461739063,0.000116415321827,0.000465661287308,7,333.237694576,6.10519633175,-0.39593991602,88.6921077844,13.5238757372,152.919339598,115.522321721,5150.00987798,0.0107102096081,3229.80759665,3221.16771713,46,70.0353994034
39.2640018649,2500.70798211,-4.2180863602,0.562365353107,-490.117279053,0.0209180805832,0.00308322836645,96.4531478882,41.1706085205,0.969461977482,0.000116415321827,0.000465661287308,7,333.237694576,6.48139542847,-0.230874880999,86.8356614353,12.8503576156,156.564710778,118.706426292,5150.00894666,0.0107102096081,3229.80759665,3221.16771713,46,70.0353994034
39.2960018665,2500.58551319,-3.4858046547,0.464735805988,-490.154876709,0.0173179022968,0.00254737236537,96.4533157349,41.1706695557,0.969462156296,0.000116415321827,0.000465661287308,7,333.237694576,6.76524639828,-0.0739061613133,85.0198312135,12.2464701492,159.315226483,121.734352433,5150.00941232,0.0107102096081,3229.80759665,3221.16771713,46,70.0353994034
39.328001868,2500.48493035,-2.88131832349,0.384144246578,-490.186126709,0.0143409306183,0.00210530962795,96.4536361694,41.1707305908,0.969462454319,0.000116415321827,0.000465661287308,7,333.237694576,6.98449245501,0.0766341346123,83.2437308158,11.7103180408,161.439718795,124.638274428,5150.00894666,0.0107102096081,3229.80759665,3221.16771713,46,70.0353994034
39.3600018695,2500.40134415,-2.3811844585,0.317465215921,-490.21182251,0.0118792979047,0.00174010265619,96.4541397095,41.1708106995,0.969462811947,0.000116415321827,0.000465661287308,7,333.237694576,7.15753720911,0.221550556717,81.5066350849,11.237555841,163.116521435,127.433711896,5150.00894666,0.0107102096081,3229.80759665,3221.16771713,46,70.0353994034
39.392001871,2500.33242628,-1.96946712094,0.262574076653,-490.232940674,0.00984451826662,0.00143812014721,96.4543685913,41.1708602905,0.96946310997,0.000116415321827,0.000465661287308,7,333.237694576,7.29674861928,0.361296492766,79.8076723674,10.822719234,164.465483977,130.129410536,5150.00987798,0.0107102096081,3229.80759665,3221.16771713,46,70.0353994034
39.4240018725,2500.27514994,-1.62753190125,0.216986447573,-490.250457764,0.00816186610609,0.00118873978499,96.4546356201,41.1709251404,0.969463288784,0.000116415321827,0.000465661287308,7,333.237694576,7.41056625164,0.496173640939,78.146000309,10.4599740006,165.568373632,132.731191115,5150.00941232,0.0107102096081,3229.80759665,3221.16771713,46,70.0353994034
39.4560018741,2500.22811815,-1.34613969749,0.179470568895,-490.264892578,0.00676982197911,0.000982603640296,96.4551773071,41.1709976196,0.969463706017,0.000116415321827,0.000465661287308,7,333.237694576,7.51125963763,0.645867555335,76.5208717778,10.1439363979,166.5440941,135.618785862,5150.00941232,0.0107102096081,3229.80759665,3221.16771713,46,70.0353994034
39.4880018756,2500.1890026,-1.11244605705,0.148313969374,-490.276885986,0.00561868818477,0.000812510494143,96.4553146362,41.1710357666,0.96946388483,0.000116415321827,0.000465661287308,7,333.237694576,7.61966010775,0.864237552141,74.9315469673,9.87239799288,167.594494997,139.831143315,5150.00894666,0.0107102096081,3229.80759665,3221.16771713,46,70.0353994034
39.5200018771,2500.15687197,-0.921114633456,0.122805207968,-490.286621094,0.00466505391523,0.000672472873703,96.4554977417,41.1710891724,0.969463944435,0.000116415321827,0.000465661287308,7,333.237694576,7.73195005732,1.10502235676,73.3773080448,9.64323458757,168.682585354,144.475881825,5150.00987798,0.0107102096081,3229.80759665,3221.16771713,46,70.0353994034
39.5520018786,2500.13009645,-0.763322987041,0.101768046618,-490.294525146,0.00387493264861,0.000556457322091,96.4558181763,41.1711425781,0.969464242458,0.000116415321827,0.000465661287308,7,333.237694576,9.13963947326,1.66023009898,71.8574518279,9.45191578078,169.41796639,148.310107761,5150.00941232,0.0107102096081,3229.80759665,3221.16771713,46,70.0353994034
39.5840018801,2500.10821037,-0.630830299997,0.0841038003564,-490.301483154,0.00322223454714,0.000459955510451,96.4560470581,41.1711959839,0.969464421272,0.000116415321827,0.000465661287308,7,333.237694576,24.6883829789,5.85101500346,70.3713264073,9.29747286507,169.41796639,148.615828948,5150.008481,0.0107102096081,3229.80759665,3221.16771713,46,70.0353994034
39.6160018817,2500.08981675,-0.521829292666,0.0695715323091,-490.306976318,0.00267973565497,0.000381498975912,96.4562149048,41.1712493896,0.969464600086,0.000116415321827,0.000465661287308,7,333.237694576,55.8182786565,13.3203601894,68.9183677721,10.5994761145,169.41796639,143.616227433,5150.00894666,0.0107102096081,3229.80759665,3226.16682388,46,70.0353994034
39.6480018832,2500.07468276,-0.431895671227,0.0575813651085,-490.311553955,0.00222900067456,0.000317358237226,96.4554977417,41.1158943176,0.969463944435,0.000116415321827,0.000465661287308,7,333.237694576,87.2501437041,18.9232514908,82.1819541967,15.3598739355,156.864727614,125.29885862,5150.00894666,0.0107102096081,3242.36019515,3244.48454194,46,70.0353994034
39.6800018847,2500.0621099,-0.358023584113,0.0477325618267,-490.315246582,0.00185632554349,0.00026365625672,96.4543685913,41.0550918579,0.96946310997,0.000116415321827,0.000465661287308,7,333.237694576,101.725482439,21.9427822142,97.4877663821,19.1607880811,135.011650855,108.294341771,5150.00941232,0.0107102096081,3264.2132137,3261.48909517,46,70.0353994034
39.7120018862,2500.05163252,-0.297980705,0.0397275015712,-490.318084717,0.00154991273303,0.000218008222873,96.4538650513,41.0273246765,0.969462692738,0.000116415321827,0.000465661287308,7,333.237694576,107.893881896,23.1459040551,105.070068534,21.2307291298,119.144911878,95.9861499723,5150.00894666,0.0107102096081,3280.0801564,3273.79745431,46,70.0353994034
39.7440018877,2500.04301779,-0.24675054533,0.0328973717988,-490.320709229,0.00129652488977,0.000179680428118,96.4535446167,41.0140647888,0.96946233511,0.000116415321827,0.000465661287308,7,333.237694576,109.961041344,23.2384586503,108.219572696,21.9863429192,109.009248263,87.7442726051,5150.00894666,0.0107102096081,3290.21573998,3282.03896061,46,70.0353994034
39.7760018893,2500.03603287,-0.206044276752,0.0274703148752,-490.322723389,0.00108741468284,0.000147147773532,96.4535446167,41.0074234009,0.96946233511,0.000116415321827,0.000465661287308,7,333.237694576,109.780777522,22.6638576458,108.79912711,21.8933122106,102.990466985,82.4962990009,5150.00894666,0.0107102096081,3296.23441212,3287.28673048,46,70.0353994034
39.8080018908,2500.02997927,-0.169562099472,0.0226064249873,-490.324615479,0.000911570561584,0.000121161705465,96.4535446167,41.0043296814,0.96946233511,0.000116415321827,0.000465661287308,7,333.237694576,108.032657937,21.6720184089,107.620395089,21.2677780697,99.9350595521,79.4619991211,5150.00894666,0.0107102096081,3299.28961582,3290.32097943,46,70.0353994034
39.8400018923,2500.02508983,-0.140249895253,0.0186984520406,-490.32611084,0.000764661584981,0.000100553865195,96.4535446167,41.0042724609,0.96946233511,0.000116415321827,0.000465661287308,7,333.237694576,100.174495737,19.5721591326,104.874906028,20.1821445117,99.3872672552,78.5843440099,5150.00987798,0.0107102096081,3299.8372335,3291.19875096,47,70.0307136867
39.8720018938,2500.02113171,-0.116920503501,0.0155881214887,-490.327270508,0.000640025711618,8.4532526671e-05,96.4538650513,41.0046424866,0.969462692738,0.000116415321827,0.000465661287308,7,333.237694576,71.3105734361,13.2301101656,102.479279673,19.0471288479,99.3872672552,78.5843440099,5150.00987798,0.0107102096081,3299.8372335,3291.19875096,47,70.0307136867
39.9040018953,2500.01763925,-0.0966038768979,0.0128794601187,-490.328277588,0.000533072277904,7.25024219719e-05,96.4540939331,41.004863739,0.969462811947,0.000116415321827,0.000465661287308,7,333.237694576,33.6514063904,4.95554933988,100.28751771,18.0939060624,99.3872672552,78.5843440099,5150.00987798,0.0107102096081,3299.8372335,3291.19875096,47,70.0307136867
39.9360018969,2500.01484528,-0.0793117962417,0.0105740381405,-490.329223633,0.000447557104053,6.16757461103e-05,96.4542312622,41.0050582886,0.969462931156,0.000116415321827,0.000465661287308,7,333.237694576,6.64852630596,-0.406312490725,98.1696705071,17.2921257632,101.867852209,86.3984023454,5150.00894666,0.0107102096081,3299.8372335,3291.19875096,47,70.0307136867
39.9680018984,2500.01251698,-0.0655199130506,0.00873527117074,-490.329925537,0.000380624231184,5.13198465342e-05,96.4542312622,41.0052490234,0.969462931156,0.000116415321827,0.000465661287308,7,333.237694576,2.76369146791,-1.28866532436,96.1037269789,16.5298225818,120.540164062,98.3016507234,5150.00894666,0.0107102096081,3299.8372335,3291.19875096,47,70.0307136867
40.0000018999,2500.01065433,-0.054580507225,0.00727680372074,-490.330474854,0.000324671593262,4.28771381848e-05,96.4543685913,41.0054244995,0.96946310997,0.000116415321827,0.000465661287308,7,333.237694576,4.12249068555,-0.957123366632,94.0844352299,15.7096972707,133.706926135,104.697093775,5150.00801533,0.0107102096081,3299.8372335,3291.19875096,47,70.0307136867
40.0320019014,2500.00925735,-0.0457909301588,0.00610495638102,-490.330963135,0.000275099213468,3.69964618585e-05,96.4546356201,41.0056152344,0.969463288784,0.000116415321827,0.000465661287308,7,333.237694576,5.0577882629,-0.726022889758,92.1097809343,14.8858839128,142.769960803,109.155022074,5150.008481,0.0107102096081,3299.8372335,3291.19875096,47,70.0307136867
40.0640019029,2500.00786036,-0.0387104073241,0.0051609640941,-490.331207275,0.000230732373893,3.3125619666e-05,96.4547653198,41.0057983398,0.969463348389,0.000116415321827,0.000465661287308,7,333.237694576,5.71832542997,-0.533596604511,90.1784309751,14.1000506625,149.170562509,112.86692461,5150.008481,0.0107102096081,3299.8372335,3291.19875096,47,70.0307136867
40.0960019045,2500.00669621,-0.033034403657,0.00440422585234,-490.331390381,0.000191458166228,3.04907061945e-05,96.4546356201,41.0059661865,0.969463288784,0.000116415321827,0.000465661287308,7,333.237694576,6.19568074976,-0.359688380021,88.2894477752,13.3734266797,153.796136146,116.221614007,5150.00894666,0.0107102096081,3299.8372335,3291.19875096,47,70.0307136867
40.128001906,2500.00553206,-0.0281264220803,0.00374988187104,-490.331481934,0.000157209025929,2.85284422716e-05,96.4551315308,41.0061569214,0.969463646412,0.000116415321827,0.000465661287308,7,333.237694576,6.54907310357,-0.196579043348,86.4417619108,12.7148319633,157.22050739,119.367992738,5150.008481,0.0107102096081,3299.8372335,3291.19875096,47,70.0307136867
40.1600019075,2500.00483356,-0.0230789520828,0.00307694100775,-490.331817627,0.000129714797367,2.6446314223e-05,96.4551315308,41.0063095093,0.969463646412,0.000116415321827,0.000465661287308,7,333.237694576,6.81708506557,-0.0410892899577,84.6345163782,12.1257488739,159.817544045,122.367389849,5150.00941232,0.0107102096081,3299.8372335,3291.19875096,47,70.0307136867
40.192001909,2500.00413507,-0.0187400690521,0.00249847071245,-490.33203125,0.000110309090815,2.34942071984e-05,96.4551773071,41.006477356,0.969463706017,0.000116415321827,0.000465661287308,7,333.237694576,7.02510079972,0.10819345811,82.8668834724,11.6036393612,161.833217135,125.247053802,5150.008481,0.0107102096081,3299.8372335,3291.19875096,47,70.0307136867
40.2240019105,2500.00343658,-0.0151090500111,0.00201437459327,-490.332183838,9.67248124653e-05,2.02222836378e-05,96.4553146362,41.0066375732,0.96946388483,0.000116415321827,0.000465661287308,7,333.237694576,7.18999577588,0.251970005163,81.1380647883,11.1437990597,163.431046531,128.020503325,5150.00894666,0.0107102096081,3299.8372335,3291.19875096,47,70.0307136867
40.2560019121,2500.00297092,-0.0121525651764,0.00162020907737,-490.332366943,8.62608503667e-05,1.73959288077e-05,96.4553146362,41.0067825317,0.96946388483,0.000116415321827,0.000465661287308,7,333.237694576,7.3231358258,0.390648506054,79.4471813474,10.7406418783,164.721175679,130.695611006,5150.008481,0.0107102096081,3299.8372335,3291.19875096,47,70.0307136867
40.2880019136,2500.00273809,-0.00975000524761,0.0012998940656,-490.332550049,7.74388536229e-05,1.52875272761e-05,96.4554977417,41.0069503784,0.969463944435,0.000116415321827,0.000465661287308,7,333.237694576,7.43234889314,0.524554800829,77.7934493939,10.3883061297,165.779449162,133.27866327,5150.00894666,0.0107102096081,3299.8372335,3291.19875096,47,70.0307136867
40.3200019151,2500.00273809,-0.00788574894273,0.00105134688783,-490.332824707,6.98600488249e-05,1.37787928907e-05,96.4554977417,41.0071029663,0.969463944435,0.000116415321827,0.000465661287308,7,333.237694576,7.53378117036,0.687219426501,76.1760412231,10.0819107371,166.762329172,136.416463647,5150.008481,0.0107102096081,3299.8372335,3291.19875096,47,70.0307136867
40.3520019166,2500.00227243,-0.00640442099353,0.000853852718137,-490.332763672,6.35184624116e-05,1.26441855173e-05,96.4557266235,41.0072631836,0.969464123249,0.000116415321827,0.000465661287308,7,333.237694576,7.64382926719,0.916470557981,74.5943049261,9.81972795852,167.82869352,140.838717925,5150.00894666,0.0107102096081,3299.8372335,3291.19875096,47,70.0307136867
40.3840019181,2500.0020396,-0.00518412113237,0.000691159395501,-490.332824707,5.84105218877e-05,1.17174186016e-05,96.4555892944,41.0074081421,0.969464063644,0.000116415321827,0.000465661287308,7,333.237694576,7.75544533332,1.15356725847,73.0475226705,9.59913459269,168.910250068,145.412312122,5150.00894666,0.0107102096081,3299.8372335,3291.19875096,47,70.0307136867
40.4160019197,2500.0020396,-0.0041832950437,0.000557726889383,-490.332977295,5.43538262718e-05,1.09398879431e-05,96.4557266235,41.0075416565,0.969464123249,0.000116415321827,0.000465661287308,7,333.237694576,11.0255975225,2.18255649497,71.5350498722,9.41559566043,169.422099134,148.60414376,5150.00941232,0.0107102096081,3299.8372335,3291.19875096,47,70.0307136867
40.4480019212,2500.00180677,-0.00338893491048,0.000451820902526,-490.332946777,5.11240359629e-05,1.02848489405e-05,96.4558639526,41.0077056885,0.969464302063,0.000116415321827,0.000465661287308,7,333.237694576,30.1581960335,7.31933195518,70.0561320746,9.26866434771,169.422099134,148.618943058,5150.00894666,0.0107102096081,3299.8372335,3291.19875096,47,70.0307136867
40.4800019227,2500.00180677,-0.00273660805128,0.00036485111923,-490.33303833,4.85352757096e-05,9.74704926193e-06,96.4560470581,41.0078468323,0.969464421272,0.000116415321827,0.000465661287308,7,333.237694576,64.1638124108,14.7559791443,68.6102199163,11.5447001965,169.422099134,140.128977364,5150.00894666,0.0107102096081,3299.8372335,3299.68845472,47,70.0307136867
40.5120019242,2500.00157394,-0.00221037876891,0.000294692988973,-490.332977295,4.64641452709e-05,9.30823171075e-06,96.4787368774,40.9312896729,0.969483196735,0.000116415321827,0.000465661287308,7,333.237694576,91.3627078851,19.766904124,86.2784037735,16.319210199,151.875065058,121.309290989,5150.00987798,0.0107102096081,3317.38498062,3318.50838847,47,70.0307136867
40.5440019257,2500.00157394,-0.00178590453537,0.000238101056311,-490.33303833,4.47531238024e-05,8.96662731975e-06,96.4952697754,40.8767547607,0.969496905804,0.000116415321827,0.000465661287308,7,333.237694576,103.559690634,22.3259380588,99.6355135008,19.7418459145,131.059015985,105.262428406,5150.00941232,0.0107102096081,3338.20073865,3334.5548436,47,70.0307136867
40.5760019273,2500.00157394,-0.00144378464739,0.000192488820176,-490.333099365,4.33544628322e-05,8.69709219842e-06,96.5028305054,40.8518829346,0.969503104687,0.000116415321827,0.000465661287308,7,333.237694576,108.5929261,23.2408740098,106.03364129,21.4858855747,116.548151709,93.9174060477,5150.00987798,0.0107102096081,3352.71167569,3345.89998238,47,70.0307136867
40.6080019288,2500.00157394,-0.00116717857601,0.000155611036462,-490.333129883,4.22253942816e-05,8.47847786645e-06,96.5063247681,40.8398246765,0.969506084919,0.000116415321827,0.000465661287308,7,333.237694576,110.078590057,23.1610627702,108.522578528,22.0251351663,107.422361907,86.4004032337,5150.00941232,0.0107102096081,3361.83747277,3353.41668688,47,70.0307136867
40.6400019303,2500.0013411,-0.000943223388283,0.000125752791064,-490.33303833,4.13197958551e-05,8.2988608483e-06,96.5080032349,40.833770752,0.969507455826,0.000116415321827,0.000465661287308,7,333.237694576,109.528093204,22.4809678757,108.68025993,21.7964652708,102.114652691,81.6801257315,5150.00987798,0.0107102096081,3367.14508012,3358.13662969,47,70.0307136867
40.6720019318,2500.0013411,-0.000761033569496,0.0001014628142,-490.333068848,4.06129256589e-05,8.14696340967e-06,96.5088577271,40.8311080933,0.969508171082,0.000116415321827,0.000465661287308,7,333.237694576,107.478835616,21.4194293134,107.174862908,21.0843718998,99.6004746412,79.0517005953,5150.00941232,0.0107102096081,3369.65871975,3360.76505482,47,70.0307136867
40.7040019333,2500.0013411,-0.000615753559252,8.2093734818e-05,-490.333068848,4.00326061936e-05,8.02515660325e-06,96.5087661743,40.831653595,0.969507992268,0.000116415321827,0.000465661287308,7,333.237694576,95.6000870001,18.5672157925,104.32665057,19.9221481919,99.387987575,78.5850861575,5150.00987798,0.0107102096081,3369.87129413,3361.23164743,48,70.0340606272
40.7360019349,2500.0013411,-0.000497933638766,6.63857063046e-05,-490.333099365,3.95467868657e-05,7.93369872554e-06,96.5085830688,40.8320426941,0.969507992268,0.000116415321827,0.000465661287308,7,333.237694576,63.3419602733,11.4793399114,102.001510959,18.8287686366,99.387987575,78.5850861575,5150.00941232,0.0107102096081,3369.87129413,3361.23164743,48,70.0340606272
40.7680019364,2500.0013411,-0.000402845035108,5.37082632945e-05,-490.333099365,3.91510802729e-05,7.86084183346e-06,96.5085830688,40.8323097229,0.969507992268,0.000116415321827,0.000465661287308,7,333.237694576,26.2857174802,3.36529473494,99.8298629519,17.9105035549,99.387987575,78.7098470028,5150.00987798,0.0107102096081,3369.87129413,3361.23164743,48,70.0340606272
40.8000019379,2500.0013411,-0.000325728249928,4.34268695244e-05,-490.333129883,3.88351363654e-05,7.80019581725e-06,96.5085830688,40.8325576782,0.969507992268,0.000116415321827,0.000465661287308,7,333.237694576,3.98610253572,-1.04056600019,97.7239918295,17.1331149066,105.5188186,89.350673079,5150.00987798,0.0107102096081,3369.87129413,3361.23164743,48,70.0340606272
40.8320019394,2500.0013411,-0.000263165655934,3.50858754246e-05,-490.333129883,3.85838247894e-05,7.7494960351e-06,96.508354187,40.8327865601,0.969507753849,0.000116415321827,0.000465661287308,7,333.237694576,3.10183217292,-1.2023058101,95.6682957247,16.3575574633,123.816746054,99.967524875,5150.00941232,0.0107102096081,3369.87129413,3361.23164743,48,70.0340606272
40.8640019409,2500.0013411,-0.000212532449972,2.83353347186e-05,-490.333129883,3.83823316952e-05,7.7079203038e-06,96.5085830688,40.8330307007,0.969507992268,0.000116415321827,0.000465661287308,7,333.237694576,4.35198462337,-0.902454114189,93.6586654133,15.5318011968,135.930720717,105.751663796,5150.00987798,0.0107102096081,3369.87129413,3361.23164743,48,70.0340606272
40.8960019425,2500.0013411,-0.000171651928782,2.2885045837e-05,-490.333129883,3.82192411053e-05,7.67449091654e-06,96.508354187,40.8332481384,0.969507753849,0.000116415321827,0.000465661287308,7,333.237694576,5.21854746253,-0.682566277323,91.693364913,14.713464973,144.327714224,109.993299702,5150.00987798,0.0107102096081,3369.87129413,3361.23164743,48,70.0340606272
40.928001944,2500.0013411,-0.000138675348982,1.84885284398e-05,-490.333129883,3.80867058993e-05,7.64782544138e-06,96.5084915161,40.8334846497,0.969507753849,0.000116415321827,0.000465661287308,7,333.237694576,5.83349266043,-0.495173574097,89.7711563292,13.9390465392,150.286534335,113.608104584,5150.00941232,0.0107102096081,3369.87129413,3361.23164743,48,70.0340606272
40.9600019455,2500.0013411,-0.000112062137347,1.49403922478e-05,-490.3331604,3.79791526939e-05,7.62647823649e-06,96.508354187,40.8337097168,0.969507753849,0.000116415321827,0.000465661287308,7,333.237694576,6.28017209154,-0.324002629147,87.8910288367,13.22657594,154.614856001,116.909992357,5150.00941232,0.0107102096081,3369.87129413,3361.23164743,48,70.0340606272
40.992001947,2500.0013411,-9.05571034826e-05,1.20732893265e-05,-490.3331604,3.78921613446e-05,7.60924831411e-06,96.5084915161,40.8339233398,0.969507753849,0.000116415321827,0.000465661287308,7,333.237694576,6.61257883583,-0.162706800613,86.0520888076,12.5829018821,157.835878781,120.021388284,5150.01034364,0.0107102096081,3369.87129413,3361.23164743,48,70.0340606272
41.0240019485,2500.0013411,-7.31740501525e-05,9.75573948381e-06,-490.3331604,3.78220029233e-05,7.59527119953e-06,96.5081863403,40.8341255188,0.969507575035,0.000116415321827,0.000465661287308,7,333.237694576,6.86596542114,-0.00862999088873,84.2535012122,12.0084647704,160.291194334,122.993529658,5150.00987798,0.0107102096081,3369.87129413,3361.23164743,48,70.0340606272
41.0560019501,2501.76689588,146.095742821,-19.4778327942,-510.676727295,0.0648597702384,0.00242690532468,96.5081863403,40.8343391418,0.969507575035,0.000116415321827,0.000465661287308,8,560.082029551,7.06355335831,0.139426891493,82.4942772,11.5001149323,162.205818924,125.849546748,5150.00987798,0.0107102096081,3369.87129413,3361.23164743,48,70.0340606272
41.0880019516,2509.44308937,313.855649438,-41.8439865112,-536.806762695,0.364551872015,0.00549002503976,96.50831604,40.8345527649,0.969507694244,0.000116415321827,0.000465661287308,8,560.082029551,7.220834184,0.282084715342,80.7736183654,11.0529007893,163.72987011,128.601415781,5150.00894666,0.0107102096081,3369.87129413,3361.23164743,48,70.0340606272
41.1200019531,2521.71140164,439.511146396,-58.5966758728,-559.574951172,0.815623641014,0.0220136828721,96.5082321167,40.8347625732,0.969507694244,0.000116415321827,0.000465661287308,8,560.082029551,7.34829017355,0.419710845599,79.0907775769,10.6611199691,164.964920259,131.25622354,5150.00987798,0.0107102096081,3369.87129413,3361.23164743,48,70.0340606272
41.1520019546,2537.47054376,534.990918823,-71.3262710571,-580.031799316,1.35113620758,0.0615376979113,96.5082321167,40.8349571228,0.969507694244,0.000116415321827,0.000465661287308,8,560.082029551,7.4535656923,0.553749187423,77.4449344546,10.3189190248,165.98503862,133.84182239,5150.00941232,0.0107102096081,3369.87129413,3361.23164743,48,70.0340606272
41.1840019561,2555.85904233,606.31998349,-80.8360290527,-598.558044434,1.94307112694,0.121371224523,96.508140564,40.8351402283,0.96950751543,0.000116415321827,0.000465661287308,8,560.082029551,7.55666345048,0.732026380963,75.8352026953,10.0220770287,166.984056705,137.280789204,5150.01034364,0.0107102096081,3369.87129413,3361.23164743,48,70.0340606272
41.2160019577,2576.20075718,659.036042634,-87.8642578125,-615.56048584,2.57567071915,0.196816816926,96.5081863403,40.8353424072,0.969507575035,0.000116415321827,0.000465661287308,8,560.082029551,7.66798927061,0.968856698342,74.2609596893,9.76912627022,168.062804732,141.849246575,5150.01034364,0.0107102096081,3369.87129413,3361.23164743,48,70.0340606272
41.2480019592,2597.97368199,697.250419762,-92.9590911865,-631.331298828,3.2375369072,0.283919751644,96.508140564,40.8355445862,0.96950751543,0.000116415321827,0.000465661287308,8,560.082029551,7.77836286413,1.20022544675,72.7215608523,9.55684382838,169.132326846,146.312348079,5150.00941232,0.0111758708954,3369.87129413,3361.23164743,48,70.0340606272
41.2800019607,2620.76850049,724.037818145,-96.530456543,-646.079650879,3.9196741581,0.379611134529,96.5082321167,40.835735321,0.969507694244,0.000116415321827,0.000465661287308,8,560.082029551,13.7159636501,2.90540773764,71.2162297535,9.38118457131,169.4203238,148.614388308,5150.00941232,0.0111758708954,3369.87129413,3361.23164743,48,70.0340606272
41.3120019622,2644.25831847,741.586787626,-98.8701248169,-659.937194824,4.61470460892,0.48151165247,96.50831604,40.8359260559,0.969507694244,0.000116415321827,0.000465661287308,8,560.082029551,36.3164432902,8.97202195304,69.7444243563,9.24141418582,169.4203238,148.614388308,5150.01034364,0.0111758708954,3369.87129413,3361.23164743,48,70.0340606272
41.3440019637,2668.17584634,751.492218114,-100.190742493,-672.985351562,5.31638336182,0.587774336338,96.5095901489,40.8319358826,0.969508767128,0.000116415321827,0.000465661287308,8,560.082029551,72.325661652,16.0641526391,70.0096927153,12.5788192105,168.430589838,136.235292302,5150.00987798,0.0111758708954,3370.86105719,3373.61101992,48,70.0340606272
41.3760019653,2692.29896367,754.983047955,-100.656143188,-685.27911377,6.019302845,0.696940124035,96.5270309448,40.7658843994,0.969523131847,0.000116415321827,0.000465661287308,8,560.082029551,94.8604046943,20.4945059702,89.9137925505,17.2039916969,146.972786752,117.479663459,5150.01034364,0.0111758708954,3392.31896214,3392.36739092,48,70.0340606272
41.4080019668,2716.43768065,752.987456508,-100.390090942,-696.849060059,6.7187128067,0.807831466198,96.5362167358,40.7307472229,0.969530761242,0.000116415321827,0.000465661287308,8,560.082029551,105.07492489,22.6331849618,101.465180308,20.2426109014,127.413979499,102.450700069,5150.01034364,0.0111758708954,3411.87813319,3407.39660896,48,70.0340606272
41.4400019683,2740.42924866,746.196135879,-99.4846496582,-707.707458496,7.41041564941,0.919483602047,96.5403823853,40.71459198,0.969534277916,0.000116415321827,0.000465661287308,8,560.082029551,109.13519718,23.2898257823,106.822238745,21.6849302355,114.198111987,92.0219099498,5150.00987798,0.0111758708954,3425.09406619,3417.82602482,48,70.0340606272
41.4720019698,2764.13164102,735.203677323,-98.0191116333,-717.863952637,8.09063339233,1.03109657764,96.5425643921,40.7066726685,0.969536066055,0.000116415321827,0.000465661287308,8,560.082029551,110.104087756,23.0555176065,108.71993848,22.0281236929,106.007595605,85.1818040246,5150.0108093,0.0111758708954,3433.28458257,3424.6663563,48,70.0340606272
41.5040019713,2787.41749935,720.499374438,-96.0587005615,-727.321350098,8.75596141815,1.14197576046,96.5436019897,40.7027206421,0.969536781311,0.000116415321827,0.000465661287308,8,560.082029551,109.206247935,22.2798667717,108.484819081,21.6768143348,101.364465081,80.9573757579,5150.0108093,0.0111758708954,3437.9279241,3428.89106832,48,70.0340606272
41.5360019729,2810.17529778,702.447956428,-93.6520385742,-736.073547363,9.40337944031,1.2515141964,96.5442428589,40.7012329102,0.969537377357,0.000116415321827,0.000465661287308,8,560.082029551,106.740830694,21.1214373206,106.614235829,20.881825975,99.3969588308,78.7300305092,5150.00987798,0.0111758708954,3439.89557587,3431.11902475,48,70.0340606272
41.5680019744,2832.30328932,681.38691131,-90.8441314697,-744.115783691,10.0301504135,1.35916233063,96.5444717407,40.7019920349,0.969537615776,0.000116415321827,0.000465661287308,8,560.082029551,90.017138437,17.3399293703,103.803336124,19.6712145057,99.3868306978,78.5833763075,5150.01034364,0.0111758708954,3439.90558758,3431.26570806,49,70.0334348949
41.6000019759,2853.71183418,657.669093926,-87.6820144653,-751.450927734,10.6338262558,1.46443796158,96.5441055298,40.702293396,0.969537198544,0.000116415321827,0.000465661287308,8,560.082029551,55.1408976078,9.67699285209,101.528876943,18.6180280694,99.3868306978,78.5833763075,5150.0108093,0.0111758708954,3439.90558758,3431.26570806,49,70.0334348949
41.6320019774,2874.31874312,631.521106698,-84.1958999634,-758.069030762,11.21230793,1.56685161591,96.5441055298,40.7025337219,0.969537198544,0.000116415321827,0.000465661287308,8,560.082029551,19.5789803713,2.10365994233,99.3742811176,17.7334937842,99.3868306978,79.9185218057,5150.00987798,0.0111758708954,3439.90558758,3431.26570806,49,70.0334348949
41.6640019789,2894.05160584,603.181601036,-80.4176101685,-763.966430664,11.7636899948,1.66598892212,96.5438766479,40.702747345,0.969537079334,0.000116415321827,0.000465661287308,8,560.082029551,2.39005857612,-1.41890394438,97.279778116,16.9727965696,109.88717986,92.2578765312,5150.00987798,0.0111758708954,3439.90558758,3431.26570806,49,70.0334348949
41.6960019805,2912.84546256,573.02514324,-76.3970794678,-769.161132812,12.2864227295,1.76141619682,96.5438308716,40.702960968,0.96953701973,0.000116415321827,0.000465661287308,8,560.082029551,3.41158370652,-1.12621226009,95.2342049125,16.182490601,126.818238641,101.435369288,5150.01127496,0.0111758708954,3439.90558758,3431.26570806,49,70.0334348949
41.728001982,2930.64326979,541.081884876,-72.1383285522,-773.629211426,12.77921772,1.85271370411,96.5438308716,40.7031745911,0.96953701973,0.000116415321827,0.000465661287308,8,560.082029551,4.5644456077,-0.851049785844,93.2342287139,15.3539939362,137.989467476,106.743253127,5150.00987798,0.0111758708954,3439.90558758,3431.26570806,49,70.0334348949
41.7600019835,2947.39496894,507.750723045,-67.6945419312,-777.399353027,13.2410612106,1.93947446346,96.5438308716,40.7033843994,0.96953701973,0.000116415321827,0.000465661287308,8,560.082029551,5.36805665412,-0.640464928277,91.2782160855,14.5427710283,145.776459249,110.805434815,5150.0108093,0.0111758708954,3439.90558758,3431.26570806,49,70.0334348949
41.792001985,2963.057952,473.156862427,-63.0824050903,-780.467285156,13.6712303162,2.02128720284,96.5438308716,40.7035980225,0.96953701973,0.000116415321827,0.000465661287308,8,560.082029551,5.94111990423,-0.457426487236,89.3650683041,13.780585044,151.329440996,114.336246043,5150.00987798,0.0111758708954,3439.90558758,3431.26570806,49,70.0334348949
41.8240019865,2977.59589739,437.540409621,-58.3339347839,-782.847229004,14.0692300797,2.09775424004,96.5438308716,40.7038002014,0.96953701973,0.000116415321827,0.000465661287308,8,560.082029551,6.35952278303,-0.288726839297,87.4938477929,13.082563568,155.38376465,117.590461741,5150.0108093,0.0111758708954,3439.90558758,3431.26570806,49,70.0334348949
41.8560019881,2990.97876996,401.077559218,-53.472618103,-784.547973633,14.4348583221,2.16845870018,96.5436935425,40.703994751,0.969536960125,0.000116415321827,0.000465661287308,8,560.082029551,6.67251234491,-0.129131027111,85.6635803507,12.453839468,158.416631166,120.669064927,5150.00987798,0.0111758708954,3439.90558758,3431.26570806,49,70.0334348949
41.8880019896,3003.18328664,363.943661796,-48.5218391418,-785.581420898,14.7680978775,2.23301744461,96.5436935425,40.7042045593,0.969536960125,0.000116415321827,0.000465661287308,8,560.082029551,6.91229445033,0.0235826266236,83.873474897,11.8939329681,160.740120918,123.61491099,5150.00987798,0.0111758708954,3439.90558758,3431.26570806,49,70.0334348949
41.9200019911,3014.19058815,326.301262248,-43.5032653809,-785.960144043,15.0691823959,2.2910194397,96.5438308716,40.7043914795,0.96953701973,0.000116415321827,0.000465661287308,8,560.082029551,7.1001417502,0.170444586034,82.1225938548,11.3991459499,162.560361787,126.447877847,5150.00987798,0.0111758708954,3439.90558758,3431.26570806,49,70.0334348949
41.9520019926,3023.98647182,288.239127258,-38.428730011,-785.688842773,15.3384914398,2.34207201004,96.5438308716,40.7045974731,0.96953701973,0.000116415321827,0.000465661287308,8,560.082029551,7.25027858731,0.311997992969,80.4101168443,10.9642970189,164.015189512,129.178442876,5150.00987798,0.0111758708954,3439.90558758,3431.26570806,49,70.0334348949
41.9840019941,3032.56418556,250.432116445,-33.3882102966,-784.854248047,15.576587677,2.3858294487,96.5436935425,40.7047805786,0.969536960125,0.000116415321827,0.000465661287308,8,560.082029551,7.37236182133,0.4485838271,78.7351941863,10.5836270351,165.198172908,131.813183543,5150.00941232,0.0111758708954,3439.90558758,3431.26570806,49,70.0334348949
42.0160019957,3039.97052833,215.06412304,-28.6728630066,-783.770507812,15.7848730087,2.42247748375,96.5438308716,40.7049674988,0.96953701973,0.000116415321827,0.000465661287308,8,560.082029551,7.47480492371,0.585429205929,77.0971446726,10.2513640404,166.190846357,134.45293007,5150.00941232,0.0111758708954,3439.90558758,3431.26570806,49,70.0334348949
42.0480019972,3046.27791047,181.454306585,-24.1919212341,-782.382263184,15.9651298523,2.4524948597,96.5436935425,40.7051467896,0.969536960125,0.000116415321827,0.000465661287308,8,560.082029551,7.57990602018,0.779862091301,75.4950893247,9.96407086295,167.209276697,138.2035407,5150.01034364,0.0111758708954,3439.90558758,3431.26570806,49,70.0334348949
42.0800019987,3051.5214894,148.385981447,-19.7831745148,-780.544555664,16.1185932159,2.47594308853,96.5436019897,40.7053222656,0.969536781311,0.000116415321827,0.000465661287308,8,560.082029551,7.69203711272,1.02083854297,73.9283542592,9.72021478416,168.295824551,142.851975397,5150.01034364,0.0111758708954,3439.90558758,3431.26570806,49,70.0334348949
42.1120020002,3055.70918135,115.422182716,-15.3883609772,-778.203125,16.2461357117,2.49259519577,96.5436019897,40.705493927,0.969536781311,0.000116415321827,0.000465661287308,8,560.082029551,7.80761453311,1.24684735429,72.3963168664,9.51597041675,169.346356415,147.175087477,5150.00987798,0.0111758708954,3439.90558758,3431.26570806,49,70.0334348949
42.1440020017,3058.83772671,82.1695139166,-10.9550361633,-775.303833008,16.3484592438,2.50210666656,96.5435562134,40.7056541443,0.969536781311,0.000116415321827,0.000465661287308,8,560.082029551,17.1954399694,3.8397569797,70.8982446644,9.34827598591,169.419901795,148.618812091,5150.01034364,0.0111758708954,3439.90558758,3431.26570806,49,70.0334348949
42.1760020033,3060.89874357,48.6635690322,-6.48794317245,-771.847351074,16.4261646271,2.50407838821,96.5433731079,40.705821991,0.969536662102,0.000116415321827,0.000465661287308,8,560.082029551,43.1281304212,10.6812348406,69.4335077185,9.45629419198,169.419901795,147.78735931,5150.00941232,0.0111758708954,3439.90558758,3432.09714629,49,70.0334348949
42.2080020048,3061.8798919,14.7161263158,-1.96198916435,-767.802429199,16.4797306061,2.49810910225,96.5445556641,40.6927108765,0.969537615776,0.000116415321827,0.000465661287308,8,560.082029551,78.7600766001,17.2445583817,74.5105089844,13.6405482182,164.786644746,132.156623295,5150.0108093,0.0111758708954,3444.53868456,3447.72846438,49,70.0334348949
42.2400020063,3061.76859885,-19.6250075533,2.61645293236,-763.169433594,16.509563446,2.48382782936,96.5496749878,40.6484642029,0.969541847706,0.000116415321827,0.000465661287308,8,560.082029551,97.8177641762,21.1175844652,93.0986243199,18.0086488192,142.266217154,113.853609946,5150.01034364,0.0111758708954,3467.05876291,3466.03151411,49,70.0334348949
42.2720020078,3060.55042893,-54.4109389011,7.25419664383,-757.934387207,16.5159301758,2.46086812019,96.5519790649,40.6272506714,0.969543814659,0.000116415321827,0.000465661287308,8,560.082029551,106.319221375,22.8749791037,103.016027838,20.6703346138,124.072699691,99.8580871965,5150.0108093,0.0111758708954,3485.25238223,3480.02673127,49,70.0334348949
42.3040020093,3058.20931681,-89.7962308954,11.9718484879,-752.068786621,16.4988098145,2.42898631096,96.5532073975,40.6173858643,0.969544827938,0.000116415321827,0.000465661287308,8,560.082029551,109.542383928,23.3003222495,107.457740134,21.8354479632,112.078130769,90.2931205928,5150.0108093,0.0111758708954,3497.2471185,3489.59141411,49,70.0334348949
42.3360020109,3054.72593755,-125.773716718,16.7684516907,-745.564208984,16.4576511383,2.38807916641,96.5536117554,40.6124725342,0.969545185566,0.000116415321827,0.000465661287308,8,560.082029551,110.046829637,22.9270951985,108.822368764,22.0011518742,104.753562482,84.0840366436,5150.00987798,0.0111758708954,3504.57150489,3495.80030888,49,70.0334348949
42.3680020124,3050.08050054,-162.363430718,21.6466808319,-738.408203125,16.3917655945,2.33810663223,96.5537948608,40.6100692749,0.969545245171,0.000116415321827,0.000465661287308,8,560.082029551,108.819460811,22.0643485906,108.218166331,21.538657241,100.734185253,80.3263974376,5150.01127496,0.0111758708954,3508.59086029,3499.55796264,49,70.0334348949
42.4000020139,3044.25391369,-199.546921067,26.6040725708,-730.593811035,16.3002681732,2.27912163734,96.5538864136,40.6095314026,0.96954536438,0.000116415321827,0.000465661287308,8,560.082029551,105.287681614,20.6958652741,105.883782796,20.637735502,99.3892972474,78.5860902397,5150.00987798,0.0111758708954,3509.93569009,3501.29813887,50,70.0306045474
42.4320020154,3037.22824901,-237.300497247,31.6374702454,-722.115478516,16.1820907593,2.21126556396,96.554069519,40.6100387573,0.969545483589,0.000116415321827,0.000465661287308,8,560.082029551,83.5712821199,15.9242504068,103.2954624,19.4297371622,99.3892972474,78.5860902397,5150.01034364,0.0111758708954,3509.93569009,3501.29813887,50,70.0306045474
42.4640020169,3028.98348309,-275.672238786,36.7532806396,-712.95703125,16.0358505249,2.13478970528,96.5542984009,40.6102828979,0.969545602798,0.000116415321827,0.000465661287308,8,560.082029551,46.9115428248,7.86922176357,101.058923812,18.4152074639,99.3892972474,78.5860902397,5150.0108093,0.0111758708954,3509.93569009,3501.29813887,50,70.0306045474
42.4960020185,3019.49959248,-314.738543238,41.9616966248,-703.098327637,15.8598499298,2.05005717278,96.5543899536,40.6104850769,0.969545841217,0.000116415321827,0.000465661287308,8,560.082029551,13.6952701178,1.04293603729,98.919321893,17.5631495997,99.3892972474,81.9519773358,5150.01034364,0.0111758708954,3509.93569009,3501.29813887,50,70.0306045474
42.52800202,3008.75329413,-354.576157406,47.2729415894,-692.517822266,15.6519613266,1.95756924152,96.5545272827,40.6106796265,0.969545900822,0.000116415321827,0.000465661287308,8,560.082029551,2.1169320585,-1.46649513162,96.835828096,16.8096691641,114.273068903,94.8713131947,5150.01127496,0.0116415321827,3509.93569009,3501.29813887,50,70.0306045474
42.5600020215,2996.71641551,-395.329145249,52.7062263489,-681.182495117,15.4095144272,1.85797727108,96.5545730591,40.6108551025,0.969545900822,0.000116415321827,0.000465661287308,8,560.082029551,3.69658650428,-1.05793978671,94.8001946733,16.0058305904,129.579915665,102.75234672,5150.01034364,0.0116415321827,3509.93569009,3501.29813887,50,70.0306045474
42.592002023,2983.35682601,-437.215378042,58.290599823,-669.047485352,15.1291589737,1.75213360786,96.5547027588,40.611038208,0.969545960426,0.000116415321827,0.000465661287308,8,560.082029551,4.76138300929,-0.802317128398,92.8097920146,15.1772048256,139.897791087,107.683306851,5150.01034364,0.0116415321827,3509.93569009,3501.29813887,50,70.0306045474
42.6240020245,2968.63494441,-480.460294057,64.0561141968,-656.063293457,14.8067169189,1.6411203146,96.5545272827,40.6111869812,0.969545900822,0.000116415321827,0.000465661287308,8,560.082029551,5.50735275752,-0.599508368494,90.8631771303,14.3745043459,147.126236698,111.595487397,5150.0108093,0.0116415321827,3509.93569009,3501.29813887,50,70.0306045474
42.6560020261,2952.5004793,-525.455921888,70.0550384521,-642.153198242,14.4369897842,1.52626156807,96.5545730591,40.6113586426,0.969545900822,0.000116415321827,0.000465661287308,8,560.082029551,6.04194559478,-0.42026026433,88.95914875,13.6252301882,152.306442033,115.053182526,5150.0108093,0.0116415321827,3509.93569009,3501.29813887,50,70.0306045474
42.6880020276,2934.8898679,-572.656863369,76.347984314,-627.225158691,14.0134763718,1.40921723843,96.5547027588,40.6115379333,0.969545960426,0.000116415321827,0.000465661287308,8,560.082029551,6.43429317297,-0.253807161598,87.0967473221,12.9418803268,156.108289957,118.264062621,5150.01034364,0.0116415321827,3509.93569009,3501.29813887,50,70.0306045474
42.7200020291,2915.72301649,-622.654391918,83.0137710571,-611.161254883,13.5279979706,1.29205238819,96.5545272827,40.6116790771,0.969545900822,0.000116415321827,0.000465661287308,8,560.082029551,6.7293158668,-0.0958181531313,85.2751744413,12.328123581,158.967057359,121.311670227,5150.00987798,0.0116415321827,3509.93569009,3501.29813887,50,70.0306045474
42.7520020306,2894.89794523,-676.207011566,90.1535339355,-593.810241699,12.9704217911,1.17729318142,96.5545730591,40.6118469238,0.969545900822,0.000116415321827,0.000465661287308,8,560.082029551,6.95645762177,0.055575720387,83.4935438045,11.7825590788,161.168063642,124.232057715,5150.01034364,0.0116415321827,3509.93569009,3501.29813887,50,70.0306045474
42.7840020321,2872.28729576,-734.12747588,97.8756332397,-575.001403809,12.3282852173,1.06800079346,96.5545730591,40.6119995117,0.969545900822,0.000116415321827,0.000465661287308,8,560.082029551,7.13520886851,0.201261606257,81.7509471338,11.3011133048,162.900163559,127.042338136,5150.0108093,0.0116415321827,3509.93569009,3501.29813887,50,70.0306045474
42.8160020337,2847.74019383,-796.780688688,106.22870636,-554.612121582,11.5869512558,0.967775046825,96.5545730591,40.6121482849,0.969545900822,0.000116415321827,0.000465661287308,8,560.082029551,7.27864395305,0.341724945485,80.0465933487,10.8783842042,164.290046087,129.751875647,5150.0108093,0.0116415321827,3509.93569009,3501.29813887,50,70.0306045474
42.8480020352,2821.15791924,-860.59269961,114.736274719,-533.07043457,10.7354125977,0.879543662071,96.5545730591,40.6122970581,0.969545900822,0.000116415321827,0.000465661287308,8,560.082029551,7.3956671098,0.47728181407,78.3796474198,10.5085732662,165.424004081,132.366767502,5150.0108093,0.01210719347,3509.93569009,3501.29813887,50,70.0306045474
42.8800020367,2792.53278859,-924.519845285,123.25919342,-510.511657715,9.77228546143,0.803762853146,96.5545272827,40.6124343872,0.969545900822,0.000116415321827,0.000465661287308,8,560.082029551,7.49659672124,0.62051446462,76.7494061642,10.1860989779,166.402009199,135.129725095,5150.0108093,0.01210719347,3509.93569009,3501.29813887,50,70.0306045474
42.9120020382,2761.88831776,-982.831581496,131.033462524,-487.711395264,8.69765472412,0.740781784058,96.5545272827,40.6125831604,0.969545900822,0.000116415321827,0.000465661287308,8,560.082029551,7.60372679287,0.830025091543,75.1550052533,9.90829418927,167.440099176,139.171184856,5150.01127496,0.01210719347,3509.93569009,3501.29813887,50,70.0306045474
42.9440020397,2730.33231497,-978.469848633,130.451934814,-472.820007324,7.5571846962,0.69004380703,96.5546569824,40.6127357483,0.969545960426,0.000116415321827,0.000465661287308,8,560.082029551,7.71613668638,1.07186976329,73.5958074277,9.67333227326,168.529353687,143.836368807,5150.01034364,0.01210719347,3509.93569009,3501.29813887,50,70.0306045474
42.9760020413,2699.85874183,-923.640734982,123.141990662,-465.187744141,6.45301818848,0.642219722271,96.5546569824,40.6128845215,0.969545960426,0.000116415321827,0.000465661287308,8,560.082029551,8.33617721225,1.42513141485,72.0711314791,9.47688059881,169.421517057,147.935090354,5150.01034364,0.01210719347,3509.93569009,3501.29813887,50,70.0306045474
43.0080020428,2671.62616365,-843.092624564,112.403121948,-462.083282471,5.4507894516,0.589274287224,96.5549240112,40.6130371094,0.96954613924,0.000116415321827,0.000465661287308,8,560.082029551,21.4433869686,4.97987872976,70.5802595752,9.31719036511,169.421517057,148.617604282,5150.0108093,0.01210719347,3509.93569009,3501.29813887,50,70.0306045474
43.0400020443,2646.18708752,-751.629471779,100.209037781,-461.803741455,4.57466077805,0.53034722805,96.5549240112,40.6131782532,0.96954613924,0.000116415321827,0.000465661287308,8,560.082029551,50.5528244196,12.2992161786,69.1226277048,10.0578148259,169.421517057,145.595200593,5150.01034364,0.01210719347,3509.93569009,3504.32051346,50,70.0306045474
43.0720020458,2623.72335419,-658.496341202,87.7923049927,-463.205810547,3.82441139221,0.468550622463,96.5777664185,40.5769538879,0.969564974308,0.000116415321827,0.000465661287308,8,560.082029551,84.1231853382,18.2939633796,79.2132119445,14.6865013947,160.151103046,128.025378217,5150.00987798,0.01210719347,3519.206075,3521.89061232,50,70.0306045474
43.1040020473,2604.18071412,-569.475931115,75.9238891602,-465.491821289,3.18866109848,0.407736033201,96.6132736206,40.5198669434,0.969594359398,0.000116415321827,0.000465661287308,8,560.082029551,100.301405569,21.6424627599,95.8616270258,18.728056023,137.816896313,110.44267012,5150.01034364,0.01210719347,3541.54058732,3539.47351687,50,70.0306045474
43.1360020489,2587.3708073,-487.591169076,65.0068206787,-468.166442871,2.65283870697,0.350832641125,96.6297225952,40.4935569763,0.969607889652,0.000116415321827,0.000465661287308,8,560.082029551,107.331570109,23.0556494533,104.321479247,21.02797811,121.023309475,97.4693903117,5150.00987798,0.01210719347,3558.33419599,3552.44730599,50,70.0306045474
43.1680020504,2573.0386842,-414.238485973,55.2272644043,-470.918487549,2.20314359665,0.299333691597,96.6375961304,40.4811325073,0.969614386559,0.000116415321827,0.000465661287308,8,560.082029551,109.829927065,23.273995015,107.956545732,21.9397497387,110.170825792,88.7157657417,5150.00987798,0.01210719347,3569.18666512,3561.20080687,50,70.0306045474
43.2000020519,2560.90192124,-349.79643533,46.6356964111,-473.558990479,1.8271869421,0.253705352545,96.6414108276,40.4748954773,0.969617486,0.000116415321827,0.000465661287308,8,560.082029551,109.912067597,22.7757955462,108.836469043,21.9450071283,103.648955701,83.0962162581,5150.00941232,0.01210719347,3575.70825145,3566.82040729,50,70.0306045474
43.2320020534,2550.67949183,-293.978431728,39.1939086914,-475.98840332,1.51388168335,0.213874340057,96.6432113647,40.4719085693,0.969618916512,0.000116415321827,0.000465661287308,8,560.082029551,108.368735332,21.8334409625,107.882316005,21.3816423978,100.218123407,79.7801403678,5150.0108093,0.01210719347,3579.13924381,3570.13684697,50,70.0306045474
43.2640020549,2542.10550338,-246.149633313,32.8172569275,-478.160949707,1.25341820717,0.179500937462,96.6432571411,40.4716567993,0.969619035721,0.000116415321827,0.000465661287308,8,560.082029551,102.609983762,20.1072097711,105.262660028,20.3612876363,99.3865396595,78.5837182775,5150.00941232,0.01210719347,3579.97068204,3571.33336365,51,70.0350065017
43.2960020564,2534.93804485,-205.487507628,27.3960857391,-480.067687988,1.03724932671,0.150111854076,96.6429519653,40.4720954895,0.969618737698,0.000116415321827,0.000465661287308,8,560.082029551,76.3996386808,14.3482274695,102.804194042,19.1975751587,99.3865396595,78.5837182775,5150.00987798,0.01210719347,3579.97068204,3571.33336365,51,70.0350065017
43.328002058,2528.96174788,-171.146530192,22.8176651001,-481.715759277,0.858050465584,0.125176087022,96.642539978,40.472328186,0.969618499279,0.000116415321827,0.000465661287308,8,560.082029551,38.8411586118,6.09581369503,100.596456647,18.2202463903,99.3865396595,78.5837182775,5150.00894666,0.01210719347,3579.97068204,3571.33336365,51,70.0350065017
43.3600020595,2523.98941666,-142.280448927,18.9691696167,-483.12612915,0.709609627724,0.104151248932,96.6426773071,40.4725494385,0.969618558884,0.000116415321827,0.000465661287308,8,560.082029551,8.99379314951,0.123371615506,98.4702151997,17.3992567505,100.157449197,84.5085451147,5150.00941232,0.01210719347,3579.97068204,3571.33336365,51,70.0350065017
43.392002061,2519.85853538,-118.120697152,15.7481336594,-484.321655273,0.586720228195,0.0865086168051,96.6426773071,40.4727554321,0.969618558884,0.000116415321827,0.000465661287308,8,560.082029551,2.51839789318,-1.35384454911,96.3973057676,16.6432327711,118.163276056,97.0443434198,5150.00987798,0.01210719347,3579.97068204,3571.33336365,51,70.0350065017
43.4240020625,2516.4312683,-97.9508404271,13.0590400696,-485.33026123,0.485029935837,0.0717585161328,96.6424484253,40.4729537964,0.969618320465,0.000116415321827,0.000465661287308,8,560.082029551,3.95833643181,-0.995875327247,94.3714729542,15.8286138935,132.116270834,103.949569166,5150.01034364,0.01210719347,3579.97068204,3571.33336365,51,70.0350065017
43.456002064,2513.59050162,-81.1517020338,10.8193387985,-486.177032471,0.400914728642,0.0594626627862,96.6424484253,40.4731559753,0.969618320465,0.000116415321827,0.000465661287308,8,560.082029551,4.94323082371,-0.755963721298,92.3905266382,15.0021755031,141.659897054,108.577463834,5150.00941232,0.01210719347,3579.97068204,3571.33336365,51,70.0350065017
43.4880020656,2511.2379808,-67.1906745993,8.95802116394,-486.884857178,0.331351101398,0.0492371097207,96.6424484253,40.4733467102,0.969618320465,0.000116415321827,0.000465661287308,8,560.082029551,5.63656258367,-0.559715367825,90.4530458046,14.2092325993,148.378283484,112.363093649,5150.00941232,0.01210719347,3579.97068204,3571.33336365,51,70.0350065017
43.5200020671,2509.29058529,-55.5993938178,7.41264390945,-487.475341797,0.273842841387,0.0407433249056,96.6422195435,40.4735336304,0.969618082047,0.000116415321827,0.000465661287308,8,560.082029551,6.13592761438,-0.3837971097,88.5580342777,13.4733592,153.217129991,115.756556625,5150.00987798,0.01210719347,3579.97068204,3571.33336365,51,70.0350065017
43.5520020686,2507.67963007,-45.9893344669,6.13140821457,-487.966674805,0.226310163736,0.0336987413466,96.642036438,40.4737167358,0.969618082047,0.000116415321827,0.000465661287308,8,560.082029551,6.50432715113,-0.219400807862,86.7044446084,12.8048146311,156.786918524,118.927760923,5150.00987798,0.01210719347,3579.97068204,3571.33336365,51,70.0350065017
43.5840020701,2506.34737313,-38.0256860808,5.06967544556,-488.375183105,0.187027394772,0.0278621017933,96.642036438,40.4738998413,0.969618082047,0.000116415321827,0.000465661287308,8,560.082029551,6.78277011471,-0.0629318783901,84.8915003657,12.2058622623,159.485032782,121.94604642,5150.00987798,0.01210719347,3579.97068204,3571.33336365,51,70.0350065017
43.6160020716,2505.24585135,-31.4324279316,4.19064664841,-488.714080811,0.154569089413,0.0230287518352,96.6419448853,40.4740753174,0.969617903233,0.000116415321827,0.000465661287308,8,560.082029551,6.99818666395,0.087186346238,83.1182419982,11.6744126884,161.57241771,124.841826619,5150.00941232,0.01210719347,3579.97068204,3571.33336365,51,70.0350065017
43.6480020732,2504.33548354,-25.9807420662,3.46381473541,-488.994537354,0.12774734199,0.019030937925,96.6419906616,40.4742698669,0.969617962837,0.000116415321827,0.000465661287308,8,560.082029551,7.16845302223,0.231721055087,81.3838857501,11.2059867821,163.222299307,127.629900817,5150.00987798,0.01210719347,3579.97068204,3571.33336365,51,70.0350065017
43.6800020747,2503.5829749,-21.4689207496,2.86228775978,-489.227081299,0.105583883822,0.0157252866775,96.6419448853,40.4744491577,0.969617903233,0.000116415321827,0.000465661287308,8,560.082029551,7.30560020654,0.371110149364,79.6876698401,10.795061629,164.551252965,130.318716401,5150.00987798,0.01210719347,3579.97068204,3571.33336365,51,70.0350065017
43.7120020762,2502.96131708,-17.7413057827,2.36531329155,-489.419219971,0.0872754007578,0.012991563417,96.6418075562,40.4746131897,0.969617843628,0.000116415321827,0.000465661287308,8,560.082029551,7.4178494118,0.505649382986,78.028671341,10.4358011787,165.638950421,132.913977723,5150.01034364,0.01210719347,3579.97068204,3571.33336365,51,70.0350065017
43.7440020777,2502.44769268,-14.6577403939,1.95420503616,-489.578521729,0.0721467956901,0.0107326349244,96.6418075562,40.4747772217,0.969617843628,0.000116415321827,0.000465661287308,8,560.082029551,7.51864534527,0.65924261957,76.4060845224,10.1229736785,166.615660419,135.876791319,5150.00894666,0.01210719347,3579.97068204,3571.33336365,51,70.0350065017
43.7760020792,2502.02324241,-12.1102330013,1.61456525326,-489.710021973,0.0596505366266,0.00886524282396,96.6417160034,40.4749488831,0.969617724419,0.000116415321827,0.000465661287308,8,560.082029551,7.6276331744,0.88158369891,74.8192501507,9.85455839358,167.671751115,140.165750054,5150.00987798,0.01210719347,3579.97068204,3571.33336365,51,70.0350065017
43.8080020808,2501.67236663,-10.0035276773,1.33369421959,-489.818847656,0.0493251010776,0.00732318125665,96.6417160034,40.4751091003,0.969617724419,0.000116415321827,0.000465661287308,8,560.082029551,7.73976564034,1.1214014556,73.2675163167,9.62829836383,168.758313521,144.791833009,5150.00987798,0.01210719347,3579.97068204,3571.33336365,51,70.0350065017
43.8400020823,2501.38272531,-8.2676524471,1.1022632122,-489.908233643,0.0407943874598,0.00604902487248,96.6416320801,40.475276947,0.969617724419,0.000116415321827,0.000465661287308,8,560.082029551,9.67796522196,1.81208494975,71.7500772904,9.43956796534,169.418592122,148.447565152,5150.0108093,0.01210719347,3579.97068204,3571.33336365,51,70.0350065017
43.8720020838,2501.14337541,-6.83015696268,0.910612881184,-489.982543945,0.0337417274714,0.0049976115115,96.6415939331,40.4754333496,0.969617605209,0.000116415321827,0.000465661287308,8,560.082029551,26.4327687368,6.31941756191,70.2663177867,9.28765485936,169.418592122,148.617691593,5150.01034364,0.01210719347,3579.97068204,3571.33336365,51,70.0350065017
43.9040020853,2500.9457022,-5.6433714235,0.75238776207,-490.04385376,0.0279176943004,0.00412803795189,96.6414108276,40.4755859375,0.969617486,0.000116415321827,0.000465661287308,8,560.082029551,58.5427674584,13.8124864667,68.8157104188,10.9001444134,169.418592122,142.513541505,5150.01034364,0.01210719347,3579.97068204,3577.43725181,51,70.0350065017
43.9360020868,2500.78225508,-4.66323263026,0.621713340282,-490.094390869,0.0231055207551,0.003409326775,96.7156066895,40.4004173279,0.969678401947,0.000116415321827,0.000465661287308,8,560.082029551,88.6955138258,19.2178081429,83.5981568848,15.6871807738,155.202127644,123.953854199,5150.00987798,0.01210719347,3594.18708831,3595.9968809,51,70.0350065017
43.9680020884,2500.64698048,-3.85261546398,0.51363992691,-490.136108398,0.0191239658743,0.00281741772778,96.7855453491,40.3297538757,0.96973580122,0.000116415321827,0.000465661287308,8,560.082029551,102.37557487,22.079357147,98.2414903679,19.3635940369,133.659938001,107.258696517,5150.00987798,0.01210719347,3615.72951078,3612.69153655,51,70.0350065017
44.0000020899,2500.5354546,-3.1844122077,0.424553453922,-490.170501709,0.0158348809928,0.00232795602642,96.8171157837,40.2975196838,0.969761669636,0.000116415321827,0.000465661287308,8,560.082029551,108.145452842,23.1829017213,105.411829989,21.3222619126,118.2506021,95.2764094109,5150.01034364,0.01210719347,3631.13894127,3624.67369996,51,70.0350065017
44.0320020914,2500.44325367,-2.63237257059,0.350954204798,-490.198913574,0.0131168570369,0.00192322791554,96.832572937,40.2820625305,0.96977430582,0.000116415321827,0.000465661287308,8,560.082029551,110.010608402,23.2158927109,108.332572695,22.0034115812,108.46011719,87.2817108757,5150.00987798,0.01210719347,3640.92946984,3632.66794011,51,70.0350065017
44.0640020929,2500.36711805,-2.17629713006,0.290149122477,-490.222351074,0.0108683472499,0.00158947287127,96.8402252197,40.274307251,0.969780564308,0.000116415321827,0.000465661287308,8,560.082029551,109.703984109,22.6049422867,108.767813504,21.8636265461,102.683923615,82.2134243208,5150.00941232,0.01210719347,3646.70553245,3637.73596473,51,70.0350065017
44.0960020944,2500.30402094,-1.79875678441,0.239814549685,-490.241790771,0.00900758989155,0.00131403631531,96.8436660767,40.2707481384,0.969783365726,0.000116415321827,0.000465661287308,8,560.082029551,107.854723408,21.5892754101,107.478930839,21.2083719477,99.8116665869,79.3165236246,5150.00987798,0.01210719347,3649.5779641,3640.6328436,51,70.0350065017
44.128002096,2500.25186688,-1.48775825437,0.198351487517,-490.257659912,0.0074687441811,0.00108679139521,96.8434829712,40.271030426,0.969783186913,0.000116415321827,0.000465661287308,8,560.082029551,98.7713458778,19.2639526782,104.687200189,20.094195397,99.3887297227,78.585522715,5150.00941232,0.01210719347,3650.00101738,3641.36369899,52,70.0298405718
44.1600020975,2500.20856038,-1.23009851904,0.163999676704,-490.270782471,0.00619668839499,0.000898297585081,96.8432998657,40.2715606689,0.969783067703,0.000116415321827,0.000465661287308,8,560.082029551,68.6937155404,12.6552024343,102.318053058,18.9732690247,99.3887297227,78.585522715,5150.00941232,0.01210719347,3650.00101738,3641.36369899,52,70.0298405718
44.192002099,2500.17317012,-1.01749617443,0.135655015707,-490.281768799,0.00514189759269,0.000743675453123,96.8430404663,40.2718772888,0.969782829285,0.000116415321827,0.000465661287308,8,560.082029551,31.1342246463,4.40251718367,100.133564642,18.0318666676,99.3887297227,78.585522715,5150.01034364,0.01210719347,3650.00101738,3641.36369899,52,70.0298405718
44.2240021005,2500.14360063,-0.84291514213,0.112379461527,-490.290557861,0.00426866719499,0.000615897239186,96.8428573608,40.2721557617,0.969782710075,0.000116415321827,0.000465661287308,8,560.082029551,5.65115637207,-0.641466482972,98.019899911,17.238916439,102.968275314,87.3751414474,5150.01034364,0.01210719347,3650.00101738,3641.36369899,52,70.0298405718
44.256002102,2500.11915341,-0.697352390944,0.0929726883769,-490.297943115,0.00354846869595,0.000508754048496,96.8425369263,40.2724227905,0.969782412052,0.000116415321827,0.000465661287308,8,560.082029551,2.88016984116,-1.25848088532,95.9574136979,16.4725699569,121.668846987,98.8839092315,5150.01174062,0.01210719347,3650.00101738,3641.36369899,52,70.0298405718
44.2880021036,2500.09889714,-0.576018010179,0.0767960995436,-490.304229736,0.00295129884034,0.000420999451308,96.8424911499,40.2727050781,0.969782412052,0.000116415321827,0.000465661287308,8,560.082029551,4.20119587727,-0.938441241351,93.9413888186,15.6502325502,134.469577461,105.057471956,5150.0108093,0.01210719347,3650.00101738,3641.36369899,52,70.0298405718
44.3200021051,2500.08213334,-0.476892353163,0.0635804310441,-490.309234619,0.00245370459743,0.000349968555383,96.8422622681,40.2729644775,0.969782173634,0.000116415321827,0.000465661287308,8,560.082029551,5.1128425262,-0.711325352148,91.9698622212,14.8280535426,143.303434015,109.438537038,5150.01034364,0.01210719347,3650.00101738,3641.36369899,52,70.0298405718
44.3520021066,2500.06839633,-0.395737174586,0.0527606271207,-490.313293457,0.00204109237529,0.000291333300993,96.8419876099,40.2732162476,0.96978199482,0.000116415321827,0.000465661287308,8,560.082029551,5.75770549391,-0.520663947964,90.0416179857,14.0459348917,149.552157382,113.116395369,5150.0108093,0.01210719347,3650.00101738,3641.36369899,52,70.0298405718
44.3840021081,2500.05698763,-0.327783055809,0.0437008216977,-490.316772461,0.00170162157156,0.000241675850702,96.841758728,40.273475647,0.969781816006,0.000116415321827,0.000465661287308,8,560.082029551,6.22452634902,-0.347703229008,88.1555720386,13.324009781,154.075649334,116.452807561,5150.01127496,0.01210719347,3650.00101738,3641.36369899,52,70.0298405718
44.4160021096,2500.04744157,-0.272127181233,0.0362806469202,-490.319488525,0.00142180896364,0.000199493690161,96.8415908813,40.2737350464,0.969781637192,0.000116415321827,0.000465661287308,8,560.082029551,6.57072252491,-0.185214370405,86.3108454016,12.67041517,157.4302878,119.587217341,5150.0108093,0.01210719347,3650.00101738,3641.36369899,52,70.0298405718
44.4480021112,2500.03952533,-0.226182407914,0.0301551800221,-490.321746826,0.00119161349721,0.000163729346241,96.8413162231,40.2739715576,0.969781458378,0.000116415321827,0.000465661287308,8,560.082029551,6.83372751458,-0.030201377679,84.5064565488,12.086253444,159.978808369,122.577417642,5150.01127496,0.01210719347,3650.00101738,3641.36369899,52,70.0298405718
44.4800021127,2500.03300607,-0.187778496752,0.025035077706,-490.323669434,0.000999587471597,0.000134095564135,96.841178894,40.2742156982,0.969781339169,0.000116415321827,0.000465661287308,8,560.082029551,7.03817835036,0.118668730513,82.7416876477,11.5687576524,161.959935213,125.449121697,5150.01127496,0.01210719347,3650.00101738,3641.36369899,52,70.0298405718
44.5120021142,2500.02765097,-0.154714953737,0.0206269677728,-490.325439453,0.000838717271108,0.000110664994281,96.8408584595,40.2744560242,0.969781041145,0.000116415321827,0.000465661287308,8,560.082029551,7.20047209979,0.26206961587,81.0155937966,11.1131758181,163.532560691,128.215324366,5150.00987798,0.01210719347,3650.00101738,3641.36369899,52,70.0298405718
44.5440021157,2500.02322719,-0.128452541048,0.0171255990863,-490.326782227,0.000703452038579,9.22224280657e-05,96.8407211304,40.274684906,0.969780921936,0.000116415321827,0.000465661287308,8,560.082029551,7.33167793941,0.400395810083,79.3274058895,10.7138449396,164.803946973,130.883636302,5150.0108093,0.01210719347,3650.00101738,3641.36369899,52,70.0298405718
44.5760021172,2500.01926906,-0.107252134285,0.0142991105095,-490.327636719,0.000587311282288,7.82880742918e-05,96.840675354,40.2749252319,0.969780921936,0.000116415321827,0.000465661287308,8,560.082029551,7.43947044946,0.534130858576,77.6763108712,10.3649198104,165.848454344,133.463385282,5150.01034364,0.01210719347,3650.00101738,3641.36369899,52,70.0298405718
44.6080021188,2500.01624227,-0.0878611103872,0.0117138531059,-490.328765869,0.000490346748848,6.71821762808e-05,96.8404006958,40.2751541138,0.969780683517,0.000116415321827,0.000465661287308,8,560.082029551,7.54138936941,0.701818880192,76.0614883619,10.0617006429,166.836049175,136.698086862,5150.0108093,0.01210719347,3650.00101738,3641.36369899,52,70.0298405718
44.6400021203,2500.01391396,-0.0722872925962,0.0096375150606,-490.329681396,0.000414607435232,5.64529291296e-05,96.8402252197,40.2753829956,0.969780564308,0.000116415321827,0.000465661287308,8,560.082029551,7.65190579693,0.933976649064,74.4822132045,9.80262541924,167.90695372,141.17640967,5150.01127496,0.01210719347,3650.00101738,3641.36369899,52,70.0298405718
44.6720021218,2500.01158565,-0.0599898442033,0.00799798965454,-490.330200195,0.000353897048626,4.68199650641e-05,96.8401412964,40.2755966187,0.969780445099,0.000116415321827,0.000465661287308,8,560.082029551,7.7631711873,1.16936243181,72.9379067381,9.58484295312,168.985119672,145.717000123,5150.01034364,0.01210719347,3650.00101738,3641.36369899,52,70.0298405718
44.7040021233,2500.00972301,-0.0501248536011,0.00668276520446,-490.330596924,0.00030130619416,3.96219656977e-05,96.8400497437,40.2758293152,0.969780385494,0.000116415321827,0.000465661287308,8,560.082029551,11.8338364818,2.40038039211,71.4277559077,9.40393271566,169.422506588,148.618724779,5150.01034364,0.01210719347,3650.00101738,3641.36369899,52,70.0298405718
44.7360021248,2500.00832602,-0.0422149710744,0.00562820071355,-490.330993652,0.00025420403108,3.48267749359e-05,96.8400039673,40.2760429382,0.969780385494,0.000116415321827,0.000465661287308,8,560.082029551,32.1365090766,7.85032372777,69.9511893774,9.25943690561,169.422506588,148.618724779,5150.01034364,0.01210719347,3650.00101738,3641.36369899,52,70.0298405718
44.7680021264,2500.00716187,-0.0358862095595,0.0047844350338,-490.331237793,0.000212197104702,3.1664261769e-05,96.8399124146,40.2762565613,0.969780266285,0.000116415321827,0.000465661287308,8,560.082029551,67.0559077457,15.2063521159,68.5076944097,11.8833614215,169.422506588,138.863746542,5150.01174062,0.01210719347,3650.00101738,3651.11860447,52,70.0298405718
44.8000021279,2500.00623055,-0.0306980467712,0.00409273710102,-490.331481934,0.000175268156454,2.94249202852e-05,96.9585037231,40.1772155762,0.969877004623,0.000116415321827,0.000465661287308,8,560.082029551,92.5929040921,20.0219433718,87.5414517986,16.6229814748,150.224324898,120.012729894,5150.0108093,0.01210719347,3669.19930093,3669.9695047,52,70.0298405718
44.8320021294,2500.00506639,-0.0257136569815,0.0034282063134,-490.331573486,0.000143629178638,2.76093760476e-05,97.0333328247,40.1149177551,0.969937801361,0.000116415321827,0.000465661287308,8,560.082029551,104.097603446,22.4364531129,100.278669328,19.917522568,129.809632199,104.300997918,5150.01034364,0.01210719347,3689.61365893,3685.68138219,52,70.0298405718
44.8640021309,2500.0043679,-0.0209626378478,0.00279478891753,-490.331848145,0.000119890682981,2.51709680015e-05,97.0673599243,40.0864448547,0.969965338707,0.000116415321827,0.000465661287308,8,560.082029551,108.789758665,23.2620903511,106.314636038,21.5582511347,115.738053864,93.2668772293,5150.01034364,0.01210719347,3703.68571021,3696.71569206,52,70.0298405718
44.8960021324,2500.00390224,-0.0169848028975,0.00226445449516,-490.332183838,0.000103478130768,2.19854828174e-05,97.0839309692,40.0725746155,0.969978809357,0.000116415321827,0.000465661287308,8,560.082029551,110.096616439,23.1289031477,108.599364617,22.029964054,106.932100607,85.9807187226,5150.0108093,0.01210719347,3712.49183081,3704.00212705,52,70.0298405718
44.928002134,2500.00343658,-0.0136451783206,0.00181920779869,-490.332366943,9.16092467378e-05,1.88456724572e-05,97.0923233032,40.0656433105,0.969985604286,0.000116415321827,0.000465661287308,8,560.082029551,109.428116735,22.415910655,108.623170282,21.7590409338,101.850855572,81.4291051938,5150.01127496,0.01210719347,3717.57335961,3708.5537333,52,70.0298405718
44.9600021355,2500.00297092,-0.0109958673278,0.00146599533036,-490.332519531,8.20221903268e-05,1.63411496032e-05,97.0959396362,40.0626754761,0.969988524914,0.000116415321827,0.000465661287308,8,560.082029551,107.279776306,21.332260292,107.011241077,21.0197614931,99.5120062726,78.9320110925,5150.01034364,0.01210719347,3719.91237625,3711.05060913,52,70.0298405718
44.992002137,2500.00273809,-0.00887150708451,0.00118277058937,-490.332672119,7.37974260119e-05,1.45296889968e-05,97.0952682495,40.063583374,0.969987988472,0.000116415321827,0.000465661287308,8,560.082029551,93.8431410069,18.181086071,104.150283552,19.8377003412,99.3870417005,78.5842858022,5150.01034364,0.01210719347,3720.03740631,3711.39822528,53,70.0354430592
45.0240021385,2500.00227243,-0.00717577552933,0.000956691568717,-490.332672119,6.67909407639e-05,1.32178574859e-05,97.0947189331,40.06407547,0.969987511635,0.000116415321827,0.000465661287308,8,560.082029551,60.6230603091,10.8818708185,101.843756309,18.7578588847,99.3870417005,78.5842858022,5150.01034364,0.01210719347,3720.03740631,3711.39822528,53,70.0354430592
45.05600214,2500.00227243,-0.00580650860726,0.000774137617555,-490.332855225,6.10279967077e-05,1.21950834e-05,97.0943984985,40.0644187927,0.969987273216,0.000116415321827,0.000465661287308,8,560.082029551,23.9679100137,2.91317067352,99.6780414062,17.8509564301,99.3870417005,78.9912737673,5150.00987798,0.01210719347,3720.03740631,3711.39822528,53,70.0354430592
45.0880021416,2500.0020396,-0.00470110039785,0.000626761931926,-490.332885742,5.64195397601e-05,1.13410296763e-05,97.0941696167,40.0647315979,0.969987094402,0.000116415321827,0.000465661287308,8,560.082029551,3.32500456211,-1.19893868187,97.5760011647,17.0801289894,106.921303086,90.3358886717,5150.01127496,0.01210719347,3720.03740631,3711.39822528,53,70.0354430592
45.1200021431,2500.0020396,-0.00380198361682,0.000506889540702,-490.333007812,5.27736774529e-05,1.06233719634e-05,97.0938644409,40.0650367737,0.969986855984,0.000116415321827,0.000465661287308,8,560.082029551,3.20756411952,-1.17596529931,95.5237111012,16.2997060343,124.841288198,100.475634099,5150.01174062,0.01210719347,3720.03740631,3711.39822528,53,70.0354430592
45.1520021446,2500.00180677,-0.00307103031894,0.000409437110648,-490.333007812,4.98608496855e-05,1.00231764009e-05,97.0933609009,40.0653381348,0.969986438751,0.000116415321827,0.000465661287308,8,560.082029551,4.42431447481,-0.88501142858,93.5173256851,15.4727594845,136.631599162,106.08813318,5150.01174062,0.01210719347,3720.03740631,3711.39822528,53,70.0354430592
45.1840021461,2500.00157394,-0.00247644549312,0.000330165639753,-490.332946777,4.75311826449e-05,9.53256312641e-06,97.0930404663,40.0656356812,0.969986140728,0.000116415321827,0.000465661287308,8,560.082029551,5.26937530464,-0.668414953835,91.5550942844,14.6566014791,144.820238347,110.26627908,5150.0108093,0.01210719347,3720.03740631,3711.39822528,53,70.0354430592
45.2160021476,2500.00157394,-0.00200327621158,0.000267081573838,-490.333007812,4.56340821984e-05,9.14007705433e-06,97.0926742554,40.0659217834,0.969985842705,0.000116415321827,0.000465661287308,8,560.082029551,5.87003481439,-0.482543066379,89.6359035265,13.8861585914,150.640626089,113.851747301,5150.01034364,0.01210719347,3720.03740631,3711.39822528,53,70.0354430592
45.2480021492,2500.00157394,-0.00161909152752,0.000215861145989,-490.333068848,4.40726398665e-05,8.83478696778e-06,97.0925369263,40.0662155151,0.969985723495,0.000116415321827,0.000465661287308,8,560.082029551,6.30707752908,-0.312224547365,87.7587352613,13.1784646905,154.875568114,117.13719141,5150.01127496,0.01210719347,3720.03740631,3711.39822528,53,70.0354430592
45.2800021507,2500.00157394,-0.00130900890127,0.000174520202563,-490.333099365,4.2803640099e-05,8.59079409565e-06,97.0921401978,40.066493988,0.969985425472,0.000116415321827,0.000465661287308,8,560.082029551,6.63287637007,-0.151505820231,85.922732485,12.5397596075,158.032562467,120.237455121,5150.0108093,0.01210719347,3720.03740631,3711.39822528,53,70.0354430592
45.3120021522,2500.0013411,-0.00105807551609,0.000141065160278,-490.333007812,4.17831724917e-05,8.39128915686e-06,97.0919570923,40.0667762756,0.969985306263,0.000116415321827,0.000465661287308,8,560.082029551,6.88163641589,0.00211232606107,84.1268330986,11.9701806827,160.443043569,123.200748931,5150.01174062,0.01210719347,3720.03740631,3711.39822528,53,70.0354430592
45.3440021537,2500.0013411,-0.000854912529658,0.000113978981972,-490.33303833,4.09649510402e-05,8.22736546979e-06,97.0917282104,40.0670585632,0.969985127449,0.000116415321827,0.000465661287308,8,560.082029551,7.07591994361,0.149768636145,82.3703778684,11.4663465961,162.325653946,126.049038954,5150.0108093,0.01210719347,3720.03740631,3711.39822528,53,70.0354430592
45.3760021552,2500.0013411,-0.000690862145269,9.21073951758e-05,-490.333068848,4.03336343879e-05,8.08610184322e-06,97.0913619995,40.0673179626,0.969984829426,0.000116415321827,0.000465661287308,8,560.082029551,7.23078449428,0.292056828399,80.6524218924,11.0232663985,163.8262911,128.793777549,5150.01034364,0.01210719347,3720.03740631,3711.39822528,53,70.0354430592
45.4080021568,2500.0013411,-0.000558271873174,7.4430143286e-05,-490.333099365,3.97966468881e-05,7.98024484538e-06,97.0912704468,40.0675926208,0.969984710217,0.000116415321827,0.000465661287308,8,560.082029551,7.35642987986,0.429335916693,78.9722326888,10.6352093337,165.04379164,131.441891426,5150.01174062,0.01210719347,3720.03740631,3711.39822528,53,70.0354430592
45.4400021583,2500.0013411,-0.00045162390494,6.02115796937e-05,-490.333099365,3.93532172893e-05,7.89848581917e-06,97.091003418,40.067855835,0.969984531403,0.000116415321827,0.000465661287308,8,560.082029551,7.46062819225,0.563955866398,77.3288800053,10.2963420981,166.053476278,134.038709803,5150.01034364,0.01210719347,3720.03740631,3711.39822528,53,70.0354430592
45.4720021598,2500.0013411,-0.000365299318572,4.8702579079e-05,-490.333099365,3.89962442569e-05,7.8316188592e-06,97.0907821655,40.0681114197,0.969984352589,0.000116415321827,0.000465661287308,8,560.082029551,7.56438243743,0.747650222186,75.7217485571,10.0026799896,167.058853549,137.58217392,5150.01034364,0.01210719347,3720.03740631,3711.39822528,53,70.0354430592
45.5040021613,2500.0013411,-0.000295246299631,3.93629416067e-05,-490.333129883,3.87122527172e-05,7.77562217991e-06,97.0904159546,40.0683555603,0.969984054565,0.000116415321827,0.000465661287308,8,560.082029551,7.67603421206,0.986242845495,74.1500545885,9.75275987536,168.140759342,142.184624565,5150.0108093,0.01210719347,3720.03740631,3711.39822528,53,70.0354430592
45.5360021628,2500.0013411,-0.000238475378334,3.17941085086e-05,-490.333129883,3.84856102755e-05,7.72920793679e-06,97.0901870728,40.0685958862,0.969983875751,0.000116415321827,0.000465661287308,8,560.082029551,7.7858643955,1.21534307424,72.6131242159,9.54316106447,169.205013663,146.60396846,5150.01174062,0.01210719347,3720.03740631,3711.39822528,53,70.0354430592
45.5680021644,2500.0013411,-0.000192590929315,2.56766834354e-05,-490.333129883,3.83029655495e-05,7.69155667513e-06,97.0899581909,40.0688476562,0.969983696938,0.000116415321827,0.000465661287308,8,560.082029551,14.7888153971,3.19360507256,71.1102103078,9.37015980149,169.418111909,148.616047227,5150.01174062,0.01210719347,3720.03740631,3711.39822528,53,70.0354430592
45.6000021659,2500.0013411,-0.000155569071514,2.0740841137e-05,-490.333129883,3.8154732465e-05,7.66144785302e-06,97.0897293091,40.0690879822,0.969983458519,0.000116415321827,0.000465661287308,8,560.082029551,38.5158194033,9.55009034427,69.6407415281,9.26077643209,169.418111909,148.519611685,5150.01034364,0.01210719347,3720.03740631,3711.49461716,53,70.0354430592
45.6320021674,2500.0013411,-0.000125698618181,1.67584403243e-05,-490.333129883,3.80342862627e-05,7.63740990806e-06,97.1041793823,40.0589828491,0.969995200634,0.000116415321827,0.000465661287308,8,560.082029551,74.6232233158,16.4721799102,71.4058473709,12.9322463572,167.403864907,134.88913828,5150.01034364,0.01210719347,3722.05162421,3725.12452304,53,70.0354430592
45.6640021689,2500.0013411,-0.000101579175626,1.35427781061e-05,-490.3331604,3.79367193091e-05,7.61808860261e-06,97.2191543579,39.9782524109,0.970088005066,0.000116415321827,0.000465661287308,8,560.082029551,95.9024482481,20.7136554309,91.0238617083,17.4815913905,145.377867739,116.247851111,5150.0108093,0.01210719347,3744.0774031,3743.76610853,53,70.0354430592
45.6960021704,2500.0013411,-8.20842838145e-05,1.094367326e-05,-490.3331604,3.785793524e-05,7.60244574849e-06,97.2779159546,39.9373092651,0.970135331154,0.000116415321827,0.000465661287308,8,560.082029551,105.517014405,22.7210113857,102.010710933,20.3933392178,126.266357256,101.56317876,5150.0108093,0.01210719347,3763.18907365,3758.45073722,53,70.0354430592
45.728002172,2500.0013411,-6.63234536735e-05,8.84240125743e-06,-490.3331604,3.77944124921e-05,7.58974556447e-06,97.3050918579,39.9184150696,0.970157146454,0.000116415321827,0.000465661287308,8,560.082029551,109.284323192,23.2977127824,107.049454663,21.7405768936,113.46629617,91.4281918085,5150.0108093,0.01210719347,3775.98893829,3768.58562231,53,70.0354430592
45.7600021735,2501.63907185,138.954288559,-18.525718689,-509.66192627,0.0601200088859,0.00226904614829,97.3183670044,39.9090881348,0.970167815685,0.000116415321827,0.000465661287308,9,561.965629458,110.093159124,23.0154453471,108.763528485,22.0226190907,105.571947643,84.8032796057,5150.01174062,0.01210719347,3783.88352692,3775.21058545,53,70.0354430592
45.792002175,2509.03982669,304.043176584,-40.5357627869,-535.30078125,0.349886566401,0.00487682037055,97.3249740601,39.9044647217,0.970173120499,0.000116415321827,0.000465661287308,9,561.965629458,109.083703695,22.2098799471,108.402964216,21.6330467037,101.141020423,80.7374817668,5150.01174062,0.01210719347,3788.31406124,3779.27604131,53,70.0354430592
45.8240021765,2520.95796168,427.693739766,-57.0211524963,-557.630004883,0.790753185749,0.019820112735,97.3272857666,39.9029197693,0.970174968243,0.000116415321827,0.000465661287308,9,561.965629458,106.379021207,20.9921029725,106.357273816,20.8065762672,99.3873472908,78.6584569141,5150.01174062,0.01210719347,3790.06750882,3781.35498613,53,70.0354430592
45.856002178,2536.31407395,521.788140759,-69.5660400391,-577.704528809,1.31583857536,0.0569716840982,97.3259658813,39.9037971497,0.970173954964,0.000116415321827,0.000465661287308,9,561.965629458,87.9571939365,16.8877462525,103.631598393,19.589910834,99.3873472908,78.5844022175,5150.01127496,0.01210719347,3790.06750882,3781.42879345,54,70.0307427905
45.8880021796,2554.26415242,592.244847212,-78.9594955444,-595.899475098,1.89698255062,0.113994970918,97.3256607056,39.9041900635,0.970173716545,0.000116415321827,0.000465661287308,9,561.965629458,52.3910832405,9.07307608642,101.370983122,18.5497607463,99.3873472908,78.5844022175,5150.01174062,0.01210719347,3790.06750882,3781.42879345,54,70.0307427905
45.9200021811,2574.14462976,644.346699119,-85.9058456421,-612.59387207,2.51854658127,0.186348766088,97.3252944946,39.9044837952,0.970173418522,0.000116415321827,0.000465661287308,9,561.965629458,17.5188399318,1.73287228533,99.2215512942,17.6761972103,99.3873472908,80.5235395092,5150.01174062,0.01210719347,3790.06750882,3781.42879345,54,70.0307427905
45.9520021826,2595.44164874,682.249548845,-90.9591445923,-628.089782715,3.16925430298,0.27017340064,97.3249740601,39.9047660828,0.970173120499,0.000116415321827,0.000465661287308,9,561.965629458,2.13658729758,-1.4749354989,97.1307546515,16.9190012597,111.387082143,93.1748945732,5150.0108093,0.01210719347,3790.06750882,3781.42879345,54,70.0307427905
45.9840021841,2617.75357649,708.900450263,-94.5123062134,-642.583190918,3.84025883675,0.362450480461,97.3246078491,39.905040741,0.970172822475,0.000116415321827,0.000465661287308,9,561.965629458,3.50943437562,-1.1026655959,95.0885581901,16.1239103525,127.766412334,101.889585494,5150.01034364,0.01210719347,3790.06750882,3781.42879345,54,70.0307427905
46.0160021856,2640.75887389,726.491853129,-96.8576278687,-656.20880127,4.52429962158,0.460857063532,97.32447052,39.9053230286,0.970172762871,0.000116415321827,0.000465661287308,9,561.965629458,4.63195481194,-0.834516923005,93.0917902627,15.2950794927,138.643634273,107.062172901,5150.01034364,0.01210719347,3790.06750882,3781.42879345,54,70.0307427905
46.0480021872,2664.19583932,736.576970667,-98.2022018433,-669.045227051,5.21521568298,0.563591003418,97.3243026733,39.9056015015,0.970172584057,0.000116415321827,0.000465661287308,9,561.965629458,5.41576274948,-0.626679445217,91.1388980076,14.4865493718,146.23872994,111.071356514,5150.0108093,0.01210719347,3790.06750882,3781.42879345,54,70.0307427905
46.0800021887,2687.8467761,740.404124372,-98.7124481201,-681.15234375,5.90771770477,0.669232547283,97.3237991333,39.9058609009,0.970172226429,0.000116415321827,0.000465661287308,9,561.965629458,5.97562530041,-0.444962676399,89.2288120011,13.7285962179,151.663800352,114.576672786,5150.01127496,0.01210719347,3790.06750882,3781.42879345,54,70.0307427905
46.1120021902,2711.5275152,738.896545954,-98.5114517212,-692.562744141,6.59715032578,0.776645898819,97.3235702515,39.9061126709,0.97017198801,0.000116415321827,0.000465661287308,9,561.965629458,6.38510059694,-0.277037027319,87.3605946661,13.0354320132,155.63161287,117.81595822,5150.0108093,0.01210719347,3790.06750882,3781.42879345,54,70.0307427905
46.1440021917,2735.07926613,732.748769224,-97.6918182373,-703.291320801,7.27941036224,0.884900391102,97.3231124878,39.9063568115,0.970171630383,0.000116415321827,0.000465661287308,9,561.965629458,6.69194005676,-0.117987758299,85.5332351775,12.4117162589,158.604889293,120.884018543,5150.00987798,0.01210719347,3790.06750882,3781.42879345,54,70.0307427905
46.1760021932,2758.36372748,722.535536624,-96.3301620483,-713.346801758,7.95084047318,0.993214547634,97.3228530884,39.9065933228,0.970171451569,0.000116415321827,0.000465661287308,9,561.965629458,6.92740189173,0.034281191588,83.7459497795,11.8566157566,160.886513186,123.821286252,5150.0108093,0.01210719347,3790.06750882,3781.42879345,54,70.0307427905
46.2080021948,2781.25889599,708.712090272,-94.4871902466,-722.730102539,8.60811710358,1.10093319416,97.3226242065,39.9068489075,0.970171272755,0.000116415321827,0.000465661287308,9,561.965629458,7.11214987711,0.180747846768,81.997888793,11.3662932163,162.676718901,126.646627905,5150.01127496,0.01210719347,3790.06750882,3781.42879345,54,70.0307427905
46.2400021963,2803.65534127,691.632274538,-92.210067749,-731.434631348,9.24829292297,1.20746767521,97.3223953247,39.9071006775,0.970171093941,0.000116415321827,0.000465661287308,9,561.965629458,7.26000091255,0.321934626429,80.2881659148,10.9355269568,164.109398611,129.370120703,5150.0108093,0.01210719347,3790.06750882,3781.42879345,54,70.0307427905
46.2720021978,2825.45597292,671.66890949,-89.5485076904,-739.462646484,9.86870956421,1.31230175495,97.3220291138,39.9073295593,0.970170795918,0.000116415321827,0.000465661287308,9,561.965629458,7.38036739187,0.458174992288,78.6159973892,10.5585038178,165.275749168,131.998196593,5150.0108093,0.01210719347,3790.06750882,3781.42879345,54,70.0307427905
46.3040021993,2846.57324664,649.157562293,-86.5472412109,-746.815917969,10.4669733047,1.41498303413,97.3218002319,39.9075584412,0.970170617104,0.000116415321827,0.000465661287308,9,561.965629458,7.48215583846,0.596722190057,76.9805335369,10.2295406546,166.262077983,134.67077224,5150.0108093,0.01210719347,3790.06750882,3781.42879345,54,70.0307427905
46.3360022008,2866.92939699,624.297652394,-83.2328567505,-753.482788086,11.0410242081,1.51506507397,97.3215713501,39.9077911377,0.97017043829,0.000116415321827,0.000465661287308,9,561.965629458,7.5879404322,0.796366341563,75.381005252,9.9454099682,167.287129443,138.521907502,5150.0108093,0.01210719347,3790.06750882,3781.42879345,54,70.0307427905
46.3680022024,2886.45387627,597.374921199,-79.6434555054,-759.46685791,11.5890522003,1.61212599277,97.3212661743,39.9080162048,0.970170140266,0.000116415321827,0.000465661287308,9,561.965629458,7.70022168356,1.03798171211,73.816855848,9.70452410395,168.375132489,143.182667671,5150.01034364,0.01210719347,3790.06750882,3781.42879345,54,70.0307427905
46.4000022039,2905.08451872,568.554387428,-75.80103302,-764.759643555,12.1095161438,1.70577812195,97.3212203979,39.9082450867,0.970170140266,0.000116415321827,0.000465661287308,9,561.965629458,7.89537686486,1.28275259225,72.2872795948,9.50287730086,169.401813764,147.447586642,5150.01174062,0.01210719347,3790.06750882,3781.42879345,54,70.0307427905
46.4320022054,2922.76614346,538.206659257,-71.7549972534,-769.383483887,12.6011543274,1.79561972618,97.3209915161,39.9084663391,0.970169961452,0.000116415321827,0.000465661287308,9,561.965629458,18.5277203627,4.19728717015,70.7916245833,9.33785002014,169.422317413,148.619044921,5150.01127496,0.01210719347,3790.06750882,3781.42879345,54,70.0307427905
46.4640022069,2939.45055455,506.383250467,-67.51222229,-773.321655273,13.0629701614,1.88127052784,97.3207168579,39.9086799622,0.970169723034,0.000116415321827,0.000465661287308,9,561.965629458,45.5381317356,11.2319303792,69.3292901784,9.62144599465,169.422317413,147.184662637,5150.01127496,0.01210719347,3790.06750882,3782.86326304,54,70.0307427905
46.4960022084,2955.0967738,473.414896987,-63.1168060303,-776.598022461,13.4942216873,1.96235609055,97.3502578735,39.8930587769,0.970193445683,0.000116415321827,0.000465661287308,9,561.965629458,80.6471699964,17.6089352188,76.0977242468,13.9927777568,163.304546732,130.779662868,5150.01127496,0.01210719347,3796.18559964,3799.26804453,54,70.0307427905
46.52800221,2969.67034228,439.394789282,-58.5811653137,-779.208251953,13.8944120407,2.03850150108,97.4242782593,39.8537712097,0.970252692699,0.000116415321827,0.000465661287308,9,561.965629458,98.6955559645,21.3031386386,94.0652735005,18.2580864108,140.752570587,112.692294351,5150.01220629,0.0125728547573,3818.73780861,3817.35549308,54,70.0307427905
46.5600022115,2983.14215615,404.595251894,-53.9416046143,-781.174438477,14.2633037567,2.10932374001,97.4592437744,39.8352737427,0.970280647278,0.000116415321827,0.000465661287308,9,561.965629458,106.681294557,22.9417906188,103.477491503,20.7971766918,123.024787172,99.039869383,5150.01267195,0.0125728547573,3836.46576665,3831.00751787,54,70.0307427905
46.592002213,2995.48800103,369.168148609,-49.2183799744,-782.504699707,14.6008701324,2.17444086075,97.4754562378,39.8266067505,0.97029364109,0.000116415321827,0.000465661287308,9,561.965629458,109.651501773,23.2955721037,107.639131979,21.8752601916,111.419816676,89.7511781659,5150.01174062,0.0125728547573,3848.07027876,3840.29606357,54,70.0307427905
46.6240022145,3006.69157878,333.217962179,-44.4254150391,-783.205322266,14.907286644,2.23348879814,97.4834365845,39.8222846985,0.970299959183,0.000116415321827,0.000465661287308,9,561.965629458,110.010967318,22.8792183433,108.837245474,21.9856488925,104.369530163,83.7430343381,5150.01127496,0.0125728547573,3855.12062348,3846.30425833,54,70.0307427905
46.656002216,3016.73822105,296.942132991,-39.5890350342,-783.295043945,15.1829099655,2.28609466553,97.4876937866,39.8201980591,0.970303356647,0.000116415321827,0.000465661287308,9,561.965629458,108.676897838,21.9891446629,108.114424904,21.4884437681,100.549958006,80.1352216513,5150.01174062,0.0125728547573,3858.93997736,3849.91196916,54,70.0307427905
46.6880022176,3025.6207101,260.440923739,-34.7226066589,-782.784057617,15.428237915,2.33191466331,97.4883651733,39.8199081421,0.970303893089,0.000116415321827,0.000465661287308,9,561.965629458,104.52918917,20.5291358884,105.670476711,20.5447432487,99.3880894384,78.5851370892,5150.01127496,0.0125728547573,3860.10156944,3851.46192275,55,70.034264354
46.7200022191,3033.34603086,225.05124798,-30.0043697357,-781.853759766,15.6440639496,2.37073802948,97.4875564575,39.8203849792,0.970303297043,0.000116415321827,0.000465661287308,9,561.965629458,81.251211284,15.4144172926,103.131562226,19.351652749,99.3880894384,78.5851370892,5150.0108093,0.0125728547573,3860.10156944,3851.46192275,55,70.034264354
46.7520022206,3039.98310119,192.145598703,-25.6173114777,-780.721130371,15.8321332932,2.40299654007,97.4870986938,39.8206291199,0.97030287981,0.000116415321827,0.000465661287308,9,561.965629458,44.1927490704,7.27179616188,100.905424882,18.3496521554,99.3880894384,78.5851370892,5150.0108093,0.0125728547573,3860.10156944,3851.46192275,55,70.034264354
46.7840022221,3045.59036158,160.415103892,-21.3869247437,-779.240112305,15.9939489365,2.42902731895,97.486869812,39.8208351135,0.970302700996,0.000116415321827,0.000465661287308,9,561.965629458,11.9405398827,0.720798118487,98.7703497023,17.5081273825,99.3880894384,82.7549883979,5150.01174062,0.0125728547573,3860.10156944,3851.46192275,55,70.034264354
46.8160022236,3050.18923245,129.024178023,-17.2018127441,-777.309997559,16.1305751801,2.44874858856,97.4865646362,39.821018219,0.970302462578,0.000116415321827,0.000465661287308,9,561.965629458,2.25609951975,-1.42668187325,96.6903205451,16.7548337298,115.621602163,95.6393123488,5150.01267195,0.0125728547573,3860.10156944,3851.46192275,55,70.034264354
46.8480022252,3053.78437042,97.6163355517,-13.0144433975,-774.885437012,16.2427921295,2.46190929413,97.486289978,39.8212051392,0.970302283764,0.000116415321827,0.000465661287308,9,561.965629458,3.78613265862,-1.03669689289,94.6579759667,15.9470434157,130.447617266,103.162121377,5150.01127496,0.0125728547573,3860.10156944,3851.46192275,55,70.034264354
46.8800022267,3056.37018755,65.9695724607,-8.79522132874,-771.934082031,16.3312473297,2.46815419197,97.4860610962,39.8213882446,0.97030210495,0.000116415321827,0.000465661287308,9,561.965629458,4.82350251935,-0.786679267011,92.6707449551,15.1189029202,140.49973106,107.984960778,5150.01174062,0.0125728547573,3860.10156944,3851.46192275,55,70.034264354
46.9120022282,3057.94016458,34.0660699294,-4.54176998138,-768.450500488,16.3964385986,2.46715593338,97.4856491089,39.821559906,0.970301747322,0.000116415321827,0.000465661287308,9,561.965629458,5.55143352474,-0.586176280352,90.7271185974,14.3193264763,147.553379065,111.852663395,5150.01174062,0.0125728547573,3860.10156944,3851.46192275,55,70.034264354
46.9440022297,3058.48242715,1.77552283276,-0.2367169559,-764.411315918,16.438829422,2.4585287571,97.4852523804,39.8217315674,0.970301449299,0.000116415321827,0.000465661287308,9,561.965629458,6.07396879256,-0.408081606449,88.8261007181,13.5744701007,152.616747073,115.288108645,5150.01127496,0.0125728547573,3860.10156944,3851.46192275,55,70.034264354
46.9760022312,3057.98533373,-30.8536073135,4.11347675323,-759.817382812,16.4587650299,2.44194030762,97.4851608276,39.8219108582,0.970301389694,0.000116415321827,0.000465661287308,9,561.965629458,6.4581272219,-0.242332344534,86.9666658424,12.8960297,156.339243404,118.485411804,5150.01220629,0.0125728547573,3860.10156944,3851.46192275,55,70.034264354
47.0080022328,3056.4381741,-63.8726487523,8.5156545639,-754.656555176,16.4564685822,2.41710662842,97.4847946167,39.8220787048,0.970301091671,0.000116415321827,0.000465661287308,9,561.965629458,6.74749423902,-0.0848566886433,85.147927667,12.2871769212,159.143208293,121.523116832,5150.01220629,0.0125728547573,3860.10156944,3851.46192275,55,70.034264354
47.0400022343,3053.82488295,-97.422824183,12.9886436462,-748.902160645,16.431760788,2.38384890556,97.4845657349,39.8222427368,0.970300912857,0.000116415321827,0.000465661287308,9,561.965629458,6.97063893124,0.0661090763235,83.3690804617,11.7463341812,161.305477377,124.435246107,5150.01174062,0.0125728547573,3860.10156944,3851.46192275,55,70.034264354
47.0720022358,3050.12916215,-131.469074404,17.5277709961,-742.550964355,16.3840770721,2.34212183952,97.484336853,39.8224220276,0.970300734043,0.000116415321827,0.000465661287308,9,561.965629458,7.14650053646,0.211409472078,81.6292598978,11.2692274475,163.00957941,127.238090499,5150.01127496,0.0125728547573,3860.10156944,3851.46192275,55,70.034264354
47.1040022373,3045.33494636,-166.077821632,22.1418914795,-735.58605957,16.3127994537,2.29191565514,97.4842453003,39.8225975037,0.970300614834,0.000116415321827,0.000465661287308,9,561.965629458,7.28779540014,0.351513737752,79.9275943217,10.8504619901,164.378725458,129.940701299,5150.01174062,0.0125728547573,3860.10156944,3851.46192275,55,70.034264354
47.1360022388,3039.42570463,-201.164701139,26.8197593689,-728.010681152,16.2171077728,2.23329854012,97.4839706421,39.8227500916,0.97030043602,0.000116415321827,0.000465661287308,9,561.965629458,7.40319839825,0.486728857701,78.2633073025,10.4841944338,165.496981936,132.549001137,5150.01174062,0.0125728547573,3860.10156944,3851.46192275,55,70.034264354
47.1680022404,3032.38537163,-236.710664467,31.5588321686,-719.819519043,16.0959625244,2.16643714905,97.4839706421,39.8229179382,0.97030043602,0.000116415321827,0.000465661287308,9,561.965629458,7.50393252855,0.632969233882,76.6356004347,10.1649302479,166.473095305,135.369977215,5150.01127496,0.0125728547573,3860.10156944,3851.46192275,55,70.034264354
47.2000022419,3024.19811487,-272.817997029,36.3727493286,-710.991149902,15.9481239319,2.09158563614,97.4835281372,39.8230743408,0.970300078392,0.000116415321827,0.000465661287308,9,561.965629458,7.61171130456,0.847054382618,75.0436972875,9.89026689146,167.517471709,139.49967979,5150.01174062,0.0125728547573,3860.10156944,3851.46192275,55,70.034264354
47.2320022434,3014.84600641,-309.515511617,41.2653465271,-701.512878418,15.7719926834,2.00910329819,97.4835281372,39.8232383728,0.970300078392,0.000116415321827,0.000465661287308,9,561.965629458,7.72409327219,1.08852194058,73.4869679262,9.65821933824,168.606449733,144.157587783,5150.01174062,0.0125728547573,3860.10156944,3851.46192275,55,70.034264354
47.2640022449,3004.30832431,-346.889486536,46.248134613,-691.363098145,15.5655984879,1.91947591305,97.4832992554,39.823387146,0.970299899578,0.000116415321827,0.000465661287308,9,561.965629458,8.69252513096,1.53119091825,71.9646652193,9.46433592882,169.420469319,148.138380609,5150.01127496,0.0125728547573,3860.10156944,3851.46192275,55,70.034264354
47.2960022464,2992.56155267,-385.056540836,51.3366584778,-680.514770508,15.3264951706,1.82332086563,97.4832077026,39.8235359192,0.970299780369,0.000116415321827,0.000465661287308,9,561.965629458,23.0255499364,5.40436807625,70.4762031812,9.30728263035,169.420469319,148.614504724,5150.01174062,0.0130385160446,3860.10156944,3851.46192275,55,70.034264354
47.328002248,2979.57658768,-424.229947384,56.5593490601,-668.925109863,15.0516719818,1.72141468525,97.4830703735,39.8236961365,0.970299720764,0.000116415321827,0.000465661287308,9,561.965629458,53.155629648,12.8156736769,69.0208932787,10.3174595544,169.420469319,144.646124681,5150.01220629,0.0130385160446,3860.10156944,3855.4307539,55,70.034264354
47.3600022495,2965.31827189,-464.623502921,61.9447174072,-656.548461914,14.7373504639,1.61474251747,97.5307693481,39.8016357422,0.970337748528,0.000116415321827,0.000465661287308,9,561.965629458,85.7283537347,18.6152116761,80.7200080073,15.0259637719,158.518203534,126.655868371,5150.01127496,0.0130385160446,3871.00386433,3873.42134491,55,70.034264354
47.392002251,2949.74236749,-506.527838297,67.53150177,-643.324279785,14.3788709641,1.5045081377,97.5931930542,39.7728767395,0.970387399197,0.000116415321827,0.000465661287308,9,561.965629458,101.035799355,21.7970219571,96.6959899559,18.9487839824,136.397924507,109.354848973,5150.01220629,0.0130385160446,3893.12417246,3890.72299004,55,70.034264354
47.4240022525,2932.79392645,-550.347671378,73.373664856,-629.17175293,13.970495224,1.39219605923,97.6220932007,39.7597084045,0.97041040659,0.000116415321827,0.000465661287308,9,561.965629458,107.623925652,23.1032955767,104.707907455,21.1324703308,120.069336845,96.7163796304,5150.01267195,0.0130385160446,3909.453284,3903.36173587,55,70.034264354
47.456002254,2914.4033324,-596.625497565,79.5435409546,-613.984375,13.5051050186,1.27959632874,97.6356887817,39.7534370422,0.97042119503,0.000116415321827,0.000465661287308,9,561.965629458,109.901856798,23.2575929116,108.095292474,21.9649159893,109.579632408,88.221670012,5150.01174062,0.0130385160446,3919.94277015,3911.8565619,55,70.034264354
47.4880022556,2894.48280819,-645.900610834,86.1130142212,-597.647216797,12.9739255905,1.16891133785,97.6422958374,39.7502822876,0.970426440239,0.000116415321827,0.000465661287308,9,561.965629458,109.851007897,22.7205517532,108.822903476,21.9201997939,103.312333522,82.7900657896,5150.01174062,0.0130385160446,3926.20963976,3917.28850082,55,70.034264354
47.5200022571,2872.92362191,-698.905729223,93.1797790527,-580.009277344,12.3662662506,1.06278181076,97.6456069946,39.7488174438,0.970429062843,0.000116415321827,0.000465661287308,9,561.965629458,108.204791209,21.753120648,107.755677191,21.3252650889,100.070807093,79.6161039034,5150.0108093,0.0130385160446,3929.45157364,3920.46198249,55,70.034264354
47.5520022586,2849.59585406,-756.245688535,100.824485779,-560.926208496,11.6694993973,0.964305877686,97.6457443237,39.7488746643,0.970429122448,0.000116415321827,0.000465661287308,9,561.965629458,101.45573129,19.8531905045,105.067299752,20.2708902005,99.3868670776,78.5833981354,5150.01220629,0.0130385160446,3930.13563007,3921.49481922,56,70.0335585861
47.5840022601,2824.37377609,-816.395389847,108.843788147,-540.539733887,10.8709487915,0.876668512821,97.6451950073,39.749168396,0.970428705215,0.000116415321827,0.000465661287308,9,561.965629458,73.8816292319,13.794666095,102.642161697,19.121657061,99.3868670776,78.5833981354,5150.01267195,0.0130385160446,3930.13563007,3921.49481922,56,70.0335585861
47.6160022616,2797.22781852,-876.481819432,116.854652405,-519.218322754,9.96650314331,0.801086902618,97.6450119019,39.7493476868,0.970428586006,0.000116415321827,0.000465661287308,9,561.965629458,36.2224914855,5.52027740254,100.442635425,18.1564746755,99.3868670776,78.5833981354,5150.01220629,0.0130385160446,3930.13563007,3921.49481922,56,70.0335585861
47.6480022632,2768.15774851,-936.641998123,124.875350952,-496.943634033,8.95625782013,0.737523257732,97.6447067261,39.74949646,0.970428347588,0.000116415321827,0.000465661287308,9,561.965629458,7.7591233086,-0.1507214207,98.320671673,17.3453204378,100.921053672,85.4404934216,5150.01174062,0.0130385160446,3930.13563007,3921.49481922,56,70.0335585861
47.6800022647,2737.53399961,-962.977821473,128.386505127,-478.416656494,7.85409402847,0.686363339424,97.6443862915,39.7496299744,0.970428049564,0.000116415321827,0.000465661287308,9,561.965629458,2.64322152551,-1.32038877676,96.2512049064,16.5865203516,119.372809422,97.6897063083,5150.01127496,0.0130385160446,3930.13563007,3921.49481922,56,70.0335585861
47.7120022662,2707.20920525,-926.944892853,123.582511902,-468.351409912,6.74702501297,0.642227053642,97.6440658569,39.7497634888,0.970427811146,0.000116415321827,0.000465661287308,9,561.965629458,4.04154638788,-0.976249501905,94.228668262,15.7689587276,132.922577905,104.328151792,5150.01220629,0.0130385160446,3930.13563007,3921.49481922,56,70.0335585861
47.7440022677,2678.67255025,-857.085804455,114.268730164,-463.672729492,5.71911525726,0.594915151596,97.6436538696,39.7499008179,0.970427513123,0.000116415321827,0.000465661287308,9,561.965629458,5.00123286929,-0.740891645037,92.2508349945,14.9437454133,142.221935675,108.868203824,5150.01174062,0.0130385160446,3930.13563007,3921.49481922,56,70.0335585861
47.7760022692,2652.68050134,-771.196908318,102.817817688,-462.37890625,4.80934143066,0.540784597397,97.6434249878,39.750038147,0.970427334309,0.000116415321827,0.000465661287308,9,561.965629458,5.67790753059,-0.546603939888,90.3164379102,14.1543037736,148.778912262,112.616013212,5150.01174062,0.0130385160446,3930.13563007,3921.49481922,56,70.0335585861
47.8080022708,2629.54528444,-680.274271872,90.6957931519,-463.156982422,4.02537488937,0.481852203608,97.6431655884,39.7501754761,0.97042709589,0.000116415321827,0.000465661287308,9,561.965629458,6.16609625927,-0.371709353982,88.4243782858,13.4230614917,153.509463416,115.989729238,5150.01174062,0.0130385160446,3930.13563007,3921.49481922,56,70.0335585861
47.8400022723,2609.30042714,-591.33360628,78.8380126953,-465.088043213,3.35913062096,0.422037303448,97.6429367065,39.7503051758,0.970426917076,0.000116415321827,0.000465661287308,9,561.965629458,6.52687889874,-0.207963716483,86.573740519,12.7594639232,157.005444635,119.14838251,5150.01127496,0.0130385160446,3930.13563007,3921.49481922,56,70.0335585861
47.8720022738,2591.80855937,-508.291937876,67.7666931152,-467.582550049,2.79668736458,0.364855825901,97.6427536011,39.7504310608,0.970426797867,0.000116415321827,0.000465661287308,9,561.965629458,6.80003425783,-0.0519870091976,84.7636090072,12.1654713732,159.652321599,122.157172882,5150.01174062,0.0130385160446,3930.13563007,3921.49481922,56,70.0335585861
47.9040022753,2576.84336975,-433.133216575,57.7463569641,-470.264953613,2.32399010658,0.312392383814,97.6425704956,39.7505607605,0.970426619053,0.000116415321827,0.000465661287308,9,561.965629458,7.01170233039,0.0977129138403,82.9931780202,11.6387133466,161.703384947,125.044884044,5150.01127496,0.0130385160446,3930.13563007,3921.49481922,56,70.0335585861
47.9360022768,2564.13687021,-366.610503988,48.8773880005,-472.903533936,1.92829751968,0.265494138002,97.6422042847,39.7506790161,0.97042632103,0.000116415321827,0.000465661287308,9,561.965629458,7.17924614461,0.241869679141,81.2615978789,11.1745889409,163.326883921,127.825667732,5150.01220629,0.0130385160446,3930.13563007,3921.49481922,56,70.0335585861
47.9680022784,2553.41269076,-308.667717036,41.1523170471,-475.370178223,1.59820759296,0.22429458797,97.6421127319,39.7508125305,0.970426261425,0.000116415321827,0.000465661287308,9,561.965629458,7.31436710057,0.380902718492,79.5679896049,10.7675679169,164.636207046,130.507614813,5150.01174062,0.0130385160446,3930.13563007,3921.49481922,56,70.0335585861
48.0000022799,2544.40354183,-258.813292021,34.505607605,-477.599395752,1.32357335091,0.188569098711,97.6419296265,39.7509384155,0.970426142216,0.000116415321827,0.000465661287308,9,561.965629458,7.42506985319,0.515105496804,77.9116207162,10.4117904185,165.708916029,133.09638598,5150.0108093,0.0130385160446,3930.13563007,3921.49481922,56,70.0335585861
48.0320022814,2536.86239012,-216.30700212,28.8385658264,-479.568786621,1.09551417828,0.157910615206,97.6416702271,39.7510643005,0.970425903797,0.000116415321827,0.000465661287308,9,561.965629458,7.52611345714,0.673041664992,76.2916415336,10.1021766831,166.688027093,136.142974952,5150.01174062,0.0130385160446,3930.13563007,3921.49481922,56,70.0335585861
48.0640022829,2530.56874499,-180.316550541,24.0402336121,-481.28112793,0.906378090382,0.131821960211,97.6413955688,39.7511672974,0.970425724983,0.000116415321827,0.000465661287308,9,561.965629458,7.63565064777,0.899018086871,74.7073561992,9.83690008358,167.74944379,140.502059367,5150.01220629,0.0130385160446,3930.13563007,3921.49481922,56,70.0335585861
48.0960022844,2525.3277272,-150.009218487,19.9995880127,-482.751922607,0.749661207199,0.109773114324,97.6409378052,39.7512588501,0.970425367355,0.000116415321827,0.000465661287308,9,561.965629458,7.74756108011,1.1375993796,73.1580542055,9.61351046769,168.833852513,145.104291732,5150.01174062,0.0130385160446,3930.13563007,3921.49481922,56,70.0335585861
48.128002286,2520.97146586,-124.60227299,16.6122722626,-484.003234863,0.619889557362,0.0912382528186,97.6408462524,39.7513809204,0.970425248146,0.000116415321827,0.000465661287308,9,561.965629458,10.3068239156,1.98635798461,71.6430323698,9.42738312714,169.42001821,148.546736455,5150.01267195,0.0130385160446,3930.13563007,3921.49481922,56,70.0335585861
48.1600022875,2517.35537313,-103.37036656,13.7815847397,-485.060821533,0.512486994267,0.0757205709815,97.6404800415,39.7514801025,0.970424950123,0.000116415321827,0.000465661287308,9,561.965629458,28.2565885062,6.8090341727,70.1617340057,9.27799891529,169.42001821,148.618986714,5150.01174062,0.0130385160446,3930.13563007,3921.49481922,56,70.0335585861
48.192002289,2514.3569801,-85.674582806,11.4223403931,-485.949890137,0.423629492521,0.0627714470029,97.6400375366,39.7515792847,0.9704246521,0.000116415321827,0.000465661287308,9,561.965629458,61.3254812552,14.2913255203,68.7134705801,11.2161087679,169.42001821,141.348398756,5150.01220629,0.0130385160446,3930.13563007,3928.7651889,56,70.0335585861
48.2240022905,2511.87290996,-70.9516025381,9.4594373703,-486.694732666,0.350139170885,0.0519921295345,97.7401046753,39.6975593567,0.970503926277,0.000116415321827,0.000465661287308,9,561.965629458,90.0646691945,19.4989988297,84.9639867852,16.0071692013,153.535773279,122.62337259,5150.01220629,0.0130385160446,3946.0202679,3947.48989493,56,70.0335585861
48.256002292,2509.81631689,-58.7237336731,7.82918834686,-487.316589355,0.289374500513,0.0430349931121,97.8216400146,39.6535720825,0.970568299294,0.000116415321827,0.000465661287308,9,561.965629458,102.98644289,22.2070324233,98.9570666909,19.5572769294,132.342276629,106.248116936,5150.01174062,0.0130385160446,3967.21391007,3963.86533976,56,70.0335585861
48.2880022936,2508.11479054,-48.5791024403,6.47668218613,-487.834777832,0.239152312279,0.0356001481414,97.8589248657,39.6335258484,0.970597684383,0.000116415321827,0.000465661287308,9,561.965629458,108.378470018,23.2145284632,105.73302335,21.4072792681,117.385316116,94.5869614952,5150.01127496,0.0130385160446,3982.17141628,3975.52596405,56,70.0335585861
48.3200022951,2506.7073293,-40.1758952648,5.35634660721,-488.264984131,0.197641342878,0.0294384658337,97.8771743774,39.6238861084,0.970612049103,0.000116415321827,0.000465661287308,9,561.965629458,110.050001284,23.1900763825,108.433728461,22.0163105894,107.931431558,86.8338611326,5150.01220629,0.0130385160446,3991.62527174,3983.27829316,56,70.0335585861
48.3520022966,2505.54340892,-33.2136405632,4.42812204361,-488.622497559,0.163335338235,0.024336302653,97.8862380981,39.6190261841,0.970619142056,0.000116415321827,0.000465661287308,9,561.965629458,109.620107594,22.5439594972,108.728567118,21.8313222583,102.392230474,81.9414271973,5150.01220629,0.0130385160446,3997.16431275,3988.17099631,56,70.0335585861
48.3840022981,2504.5813527,-27.4541889667,3.66025805473,-488.918640137,0.134988263249,0.0201137233526,97.8904495239,39.616859436,0.970622479916,0.000116415321827,0.000465661287308,9,561.965629458,107.670562782,21.5050692785,107.330852276,21.1472097,99.7003517114,79.1797865531,5150.01220629,0.0130385160446,3999.85536933,3990.93236774,56,70.0335585861
48.4160022996,2503.78646888,-22.6875454246,3.02475786209,-489.164398193,0.111568182707,0.0166203770787,97.8899002075,39.6171836853,0.970622062683,0.000116415321827,0.000465661287308,9,561.965629458,97.2458129253,18.9288861086,104.504870767,20.0074182536,99.3893409031,78.5861411714,5150.01174062,0.0130385160446,4000.16643107,3991.52608588,57,70.0307355146
48.4480023012,2503.1294208,-18.7461700989,2.49928426743,-489.367675781,0.0922245755792,0.0137306125835,97.8892288208,39.6175003052,0.970621526241,0.000116415321827,0.000465661287308,9,561.965629458,66.0353845134,12.0712009388,102.159089813,18.9003779089,99.3893409031,78.5861411714,5150.01174062,0.0130385160446,4000.16643107,3991.52608588,57,70.0307355146
48.4800023027,2502.58645974,-15.4917543114,2.06539773941,-489.535339355,0.0762392282486,0.011342507787,97.8888168335,39.6177101135,0.970621168613,0.000116415321827,0.000465661287308,9,561.965629458,28.6768244212,3.86262117667,99.9812010595,17.9706293405,99.3893409031,78.5861411714,5150.01174062,0.0130385160446,4000.16643107,3991.52608588,57,70.0307355146
48.5120023042,2502.13802792,-12.7995081129,1.70646107197,-489.674407959,0.0630292072892,0.00937008950859,97.8885421753,39.6179008484,0.970620989799,0.000116415321827,0.000465661287308,9,561.965629458,4.76320505828,-0.853756421313,97.8714844066,17.1858188183,104.193866719,88.3623361005,5150.01267195,0.0130385160446,4000.16643107,3991.52608588,57,70.0307355146
48.5440023057,2501.76736154,-10.5730759969,1.40962779522,-489.789459229,0.052116855979,0.00774004450068,97.8883209229,39.6180915833,0.970620810986,0.000116415321827,0.000465661287308,9,561.965629458,2.99281733352,-1.22971540128,95.8124115597,16.4150298328,122.760393424,99.438795587,5150.01313761,0.0135041773319,4000.16643107,3991.52608588,57,70.0307355146
48.5760023072,2501.46095641,-8.73600765772,1.1647053957,-489.884155273,0.0431032329798,0.00639270571992,97.8879165649,39.6182670593,0.970620453358,0.000116415321827,0.000465661287308,9,561.965629458,4.27766608327,-0.920203068837,93.7996755246,15.5908300905,135.210575536,105.409286334,5150.01360327,0.0135041773319,4000.16643107,3991.52608588,57,70.0307355146
48.6080023088,2501.20810233,-7.21866399545,0.962409555912,-489.962493896,0.0356509387493,0.0052811508067,97.887550354,39.6184463501,0.970620214939,0.000116415321827,0.000465661287308,9,561.965629458,5.1664020684,-0.696816829232,91.831291275,14.7704832037,143.822428072,109.718406748,5150.01313761,0.0135041773319,4000.16643107,3991.52608588,57,70.0307355146
48.6400023103,2500.99902041,-5.96459858571,0.795214533806,-490.027130127,0.0294923521578,0.00436323648319,97.8872299194,39.6186256409,0.970619916916,0.000116415321827,0.000465661287308,9,561.965629458,5.79606923906,-0.507831664342,89.9061161391,13.9921569783,149.923900608,113.363930723,5150.01220629,0.0135041773319,4000.16643107,3991.52608588,57,70.0307355146
48.6720023118,2500.82626007,-4.92823619425,0.657044231892,-490.080627441,0.0244050733745,0.0036042293068,97.8868713379,39.6187896729,0.970619678497,0.000116415321827,0.000465661287308,9,561.965629458,6.25266327194,-0.335782942711,88.023044069,13.2749609546,154.348294018,116.682749649,5150.01267195,0.0135041773319,4000.16643107,3991.52608588,57,70.0307355146
48.7040023133,2500.68353489,-4.072379852,0.542939424515,-490.124725342,0.0202025081962,0.00297680404037,97.8866500854,39.6189613342,0.970619499683,0.000116415321827,0.000465661287308,9,561.965629458,6.59186104005,-0.173897222954,86.1811741118,12.6263224999,157.635120559,119.805525173,5150.01220629,0.0135041773319,4000.16643107,3991.52608588,57,70.0307355146
48.7360023148,2500.56572258,-3.36594916917,0.44875639677,-490.161132812,0.0167264882475,0.00245934096165,97.8864212036,39.6191215515,0.970619320869,0.000116415321827,0.000465661287308,9,561.965629458,6.84998678395,-0.0193579740544,84.3796492636,12.0470409354,160.136361956,122.786586871,5150.01313761,0.0135041773319,4000.16643107,3991.52608588,57,70.0307355146
48.7680023164,2500.46816655,-2.78192669612,0.370893120766,-490.191192627,0.0138525534421,0.0020324413199,97.886100769,39.6192970276,0.970619022846,0.000116415321827,0.000465661287308,9,561.965629458,7.05096428161,0.12910477507,82.617671119,11.5341625272,162.083830219,125.650432892,5150.01313761,0.0135041773319,4000.16643107,3991.52608588,57,70.0307355146
48.8000023179,2500.38760714,-2.29926831707,0.306543946266,-490.216033936,0.011477008462,0.00167944945861,97.8859634399,39.6194572449,0.970618963242,0.000116415321827,0.000465661287308,9,561.965629458,7.21072410109,0.272130714046,80.8942947762,11.0827833084,163.631906617,128.40940326,5150.01220629,0.0135041773319,4000.16643107,3991.52608588,57,70.0307355146
48.8320023194,2500.32101758,-1.90098796793,0.253444254398,-490.236480713,0.00951291434467,0.00138771021739,97.8857345581,39.6196174622,0.970618784428,0.000116415321827,0.000465661287308,9,561.965629458,7.34003647472,0.410108378442,79.2087804283,10.6872576739,164.884942933,131.070992211,5150.01360327,0.0139698386192,4000.16643107,3991.52608588,57,70.0307355146
48.8640023209,2500.26606955,-1.57180284077,0.209556505084,-490.253417969,0.00788722187281,0.00114733388182,97.8853759766,39.6197738647,0.970618486404,0.000116415321827,0.000465661287308,9,561.965629458,7.44651051716,0.54386834849,77.5602564219,10.3417102024,165.916673723,133.651221404,5150.01267195,0.0139698386192,4000.16643107,3991.52608588,57,70.0307355146
48.8960023224,2500.22020191,-1.29976854168,0.17328825593,-490.267211914,0.00654189987108,0.000948710658122,97.8852920532,39.6199417114,0.9706184268,0.000116415321827,0.000465661287308,9,561.965629458,7.54899115925,0.716788695098,75.9480488734,10.0417011373,166.90971097,136.986855068,5150.01313761,0.0139698386192,4000.16643107,3991.52608588,57,70.0307355146
48.928002324,2500.18271618,-1.07462608412,0.143271714449,-490.278839111,0.00542858289555,0.000785039388575,97.8849716187,39.6200904846,0.970618128777,0.000116415321827,0.000465661287308,9,561.965629458,7.65994158235,0.951475129201,74.3713081037,9.78568951962,167.984821019,141.513955896,5150.01267195,0.0139698386192,4000.16643107,3991.52608588,57,70.0307355146
48.9600023255,2500.1517497,-0.889854959496,0.1186375916,-490.288269043,0.00450644595549,0.000650061643682,97.8848800659,39.6202430725,0.970618069172,0.000116415321827,0.000465661287308,9,561.965629458,7.77079174698,1.18494781773,72.829455452,9.57066393266,169.058956089,146.017642692,5150.01220629,0.0139698386192,4000.16643107,3991.52608588,57,70.0307355146
48.992002327,2500.1259055,-0.737251866667,0.0982921794057,-490.295959473,0.00374395865947,0.000537615618668,97.8844223022,39.6203842163,0.970617711544,0.000116415321827,0.000465661287308,9,561.965629458,12.7308797285,2.64114699913,71.3217437867,9.3923814744,169.421662576,148.617735249,5150.01267195,0.0139698386192,4000.16643107,3991.52608588,57,70.0307355146
49.0240023285,2500.10448508,-0.609179551248,0.0812172740698,-490.30255127,0.00311335921288,0.000444654899184,97.8841934204,39.6205215454,0.97061753273,0.000116415321827,0.000465661287308,9,561.965629458,34.1898319398,8.40146333359,69.847594447,9.25026439967,169.421662576,148.617735249,5150.01174062,0.0139698386192,4000.16643107,3991.52608588,57,70.0307355146
49.05600233,2500.08678995,-0.503923956785,0.0671843439341,-490.307891846,0.00258870818652,0.000369267218048,97.8865127563,39.6192474365,0.970619380474,0.000116415321827,0.000465661287308,9,561.965629458,69.828095776,15.6425561387,68.9016085838,12.2288200796,169.156948687,137.563532917,5150.01220629,0.0139698386192,4000.43092668,4002.57995352,57,70.0307355146
49.0880023316,2500.07212162,-0.417526109686,0.0556655786932,-490.312225342,0.00215361197479,0.000307255453663,98.0386734009,39.5381088257,0.970738708973,0.000116415321827,0.000465661287308,9,561.965629458,93.7579606742,20.2644297092,88.7531601598,16.9180600204,148.588806042,118.735784781,5150.01127496,0.0139698386192,4020.9996514,4021.40663937,57,70.0307355146
49.1200023331,2500.06024726,-0.345797332102,0.046102527529,-490.315948486,0.0017943525454,0.000255140446825,98.1257858276,39.4919662476,0.970806777477,0.000116415321827,0.000465661287308,9,561.965629458,104.602115079,22.5388046551,100.888094358,20.0844277495,128.594576381,103.363818198,5150.01127496,0.0139698386192,4040.99328443,4036.77811846,57,70.0307355146
49.1520023346,2500.05000271,-0.287663766585,0.0383520200849,-490.318664551,0.00149854854681,0.000210864105611,98.1658248901,39.47082901,0.970837950706,0.000116415321827,0.000465661287308,9,561.965629458,108.970322805,23.2783734262,106.577296761,21.624564562,114.954877063,92.6351713133,5150.01267195,0.0139698386192,4054.6329692,4047.50695452,57,70.0307355146
49.1840023361,2500.04185364,-0.238488951254,0.0317959189415,-490.321228027,0.00125443772413,0.000173597320099,98.1852645874,39.4604721069,0.970853090286,0.000116415321827,0.000465661287308,9,561.965629458,110.105098581,23.0936982312,108.665104877,22.0309400863,106.460662209,85.5746038724,5150.01267195,0.0139698386192,4063.1275624,4054.56777662,57,70.0307355146
49.2160023376,2500.03486872,-0.198918598926,0.0265203025192,-490.3230896,0.00105206272565,0.000142186458106,98.1950912476,39.4553184509,0.970860719681,0.000116415321827,0.000465661287308,9,561.965629458,109.320778822,22.3488757329,108.557979384,21.7191517949,101.600846392,81.1882564449,5150.01220629,0.0139698386192,4067.9872036,4058.95523727,57,70.0307355146
49.2480023392,2500.02904795,-0.163715483836,0.0218269396573,-490.324951172,0.000882268650457,0.000117150768347,98.1993942261,39.453212738,0.970864117146,0.000116415321827,0.000465661287308,9,561.965629458,107.045426012,21.2361952767,106.830486492,20.9528144688,99.4402944343,78.8229517639,5150.01267195,0.0139698386192,4070.14740631,4061.32079661,57,70.0307355146
49.2800023407,2500.02415851,-0.135541753821,0.0180707499385,-490.326293945,0.000740262796171,9.72808411461e-05,98.1980819702,39.4539604187,0.970863044262,0.000116415321827,0.000465661287308,9,561.965629458,91.9802781154,17.7716176415,103.975857612,19.7540820264,99.386619695,78.5837546573,5150.01174062,0.0139698386192,4070.20095736,4061.56014651,58,70.0349919498
49.3120023422,2500.02020039,-0.113210006703,0.0150934290141,-490.327301025,0.000619072990958,8.20411587483e-05,98.1977157593,39.4543304443,0.970862805843,0.000116415321827,0.000465661287308,9,561.965629458,57.8866979738,10.2805241491,101.686126181,18.6876321722,99.386619695,78.5837546573,5150.01174062,0.0139698386192,4070.20095736,4061.56014651,58,70.0349919498
49.3440023437,2500.01694076,-0.0931754726707,0.0124223763123,-490.328399658,0.000515717023518,7.04839621903e-05,98.1969985962,39.4545669556,0.970862209797,0.000116415321827,0.000465661287308,9,561.965629458,21.7301463498,2.4954931808,99.5261539371,17.7919751477,99.386619695,79.4031802798,5150.01127496,0.0139698386192,4070.20095736,4061.56014651,58,70.0349919498
49.3760023452,2500.01437962,-0.076539180327,0.0102043868974,-490.329376221,0.000434055109508,5.97059624852e-05,98.1965866089,39.4547958374,0.970861911774,0.000116415321827,0.000465661287308,9,561.965629458,2.78986419455,-1.32597280756,97.4278566787,17.0267237262,108.388121589,91.3087787922,5150.01267195,0.0139698386192,4070.20095736,4061.56014651,58,70.0349919498
49.4080023468,2500.01228414,-0.0633537950989,0.00844647921622,-490.330078125,0.00036969629582,4.95887870784e-05,98.1959915161,39.4550247192,0.970861434937,0.000116415321827,0.000465661287308,9,561.965629458,3.31090977708,-1.15060356759,95.3789213827,16.2413308807,125.842707348,100.964862213,5150.01174062,0.0139698386192,4070.20095736,4061.56014651,58,70.0349919498
49.4400023483,2500.0104215,-0.0528504457975,0.0070461477153,-490.330566406,0.000315090204822,4.16235525336e-05,98.1956329346,39.4552497864,0.970861196518,0.000116415321827,0.000465661287308,9,561.965629458,4.49520591472,-0.867861049073,93.3757442378,15.41345591,137.318536872,106.418963696,5150.01174062,0.0139698386192,4070.20095736,4061.56014651,58,70.0349919498
49.4720023498,2500.00879169,-0.0443941914341,0.00591873982921,-490.3309021,0.000266501767328,3.61702732334e-05,98.1952285767,39.4554786682,0.97086083889,0.000116415321827,0.000465661287308,9,561.965629458,5.31925732937,-0.654362057618,91.4166551849,14.5996693151,145.303594763,110.537359433,5150.01220629,0.0139698386192,4070.20095736,4061.56014651,58,70.0349919498
49.5040023513,2500.0073947,-0.0375984576806,0.00501271616668,-490.33114624,0.000223054667003,3.25847795466e-05,98.1948623657,39.4556884766,0.970860540867,0.000116415321827,0.000465661287308,9,561.965629458,5.9059383356,-0.469940455923,89.5004969025,13.8333100146,150.988533278,114.094851597,5150.01174062,0.0139698386192,4070.20095736,4061.56014651,58,70.0349919498
49.5360023528,2500.00646338,-0.0320946789145,0.00427893921733,-490.331420898,0.00018471009389,3.01077961922e-05,98.1944503784,39.4559020996,0.970860242844,0.000116415321827,0.000465661287308,9,561.965629458,6.33354576643,-0.300444577152,87.6263391385,13.1304092928,155.13204562,117.364426842,5150.01220629,0.0139698386192,4070.20095736,4061.56014651,58,70.0349919498
49.5680023544,2500.00529923,-0.0271709303945,0.00362249347381,-490.331481934,0.000151472137077,2.82065757347e-05,98.1940994263,39.4561233521,0.970860004425,0.000116415321827,0.000465661287308,9,561.965629458,6.65286626186,-0.140293151611,85.7931564179,12.4967116399,158.226263011,120.453747513,5150.01174062,0.0139698386192,4070.20095736,4061.56014651,58,70.0349919498
49.6000023559,2500.00460073,-0.0222115463799,0.00296129635535,-490.331817627,0.000125553749967,2.59616608673e-05,98.1938705444,39.4563369751,0.970859766006,0.000116415321827,0.000465661287308,9,561.965629458,6.89708629264,0.0128712396476,84.0001576602,11.9319689276,160.592753673,123.408288346,5150.01174062,0.0139698386192,4070.20095736,4061.56014651,58,70.0349919498
49.6320023574,2500.00413507,-0.0180229253743,0.00240285950713,-490.332122803,0.000107447362097,2.28846001846e-05,98.1934127808,39.4565353394,0.970859467983,0.000116415321827,0.000465661287308,9,561.965629458,7.08811714244,0.160129994719,82.2464638871,11.4326624954,162.443844602,126.24890951,5150.01267195,0.0139698386192,4070.20095736,4061.56014651,58,70.0349919498
49.6640023589,2500.00343658,-0.0145163241427,0.00193535105791,-490.332275391,9.46225627558e-05,1.96465371118e-05,98.1930007935,39.4567337036,0.970859110355,0.000116415321827,0.000465661287308,9,561.965629458,7.24059700637,0.302049285,80.5312766932,10.9937217367,163.921373314,128.986532218,5150.01220629,0.0139698386192,4070.20095736,4061.56014651,58,70.0349919498
49.6960023604,2500.00297092,-0.0116334248901,0.0015509959776,-490.332427979,8.45287577249e-05,1.69515860762e-05,98.1927337646,39.4569320679,0.970858931541,0.000116415321827,0.000465661287308,9,561.965629458,7.36444735323,0.438982132482,78.8537756985,10.6093627904,165.121484315,131.627966766,5150.01313761,0.0139698386192,4070.20095736,4061.56014651,58,70.0349919498
49.728002362,2500.00273809,-0.00940170163943,0.0012534573907,-490.332611084,7.59482209105e-05,1.49694906213e-05,98.1923751831,39.4571228027,0.970858633518,0.000116415321827,0.000465661287308,9,561.965629458,7.46770305285,0.574526211245,77.2130892496,10.2738082047,166.12203035,134.242611239,5150.01174062,0.0139698386192,4070.20095736,4061.56014651,58,70.0349919498
49.7600023635,2500.00227243,-0.0076020718609,0.00101352634374,-490.332611084,6.85953491484e-05,1.35463496918e-05,98.1919631958,39.4573135376,0.970858335495,0.000116415321827,0.000465661287308,9,561.965629458,7.57212706126,0.763622679065,75.6085214884,9.9833177433,167.133897776,137.890281621,5150.01174062,0.0139698386192,4070.20095736,4061.56014651,58,70.0349919498
49.792002365,2500.00227243,-0.00613267792104,0.000817623280454,-490.332794189,6.24870372121e-05,1.24606121972e-05,98.1915512085,39.4574966431,0.970857977867,0.000116415321827,0.000465661287308,9,561.965629458,7.68404939643,1.00359419975,74.0392886593,9.73643559822,168.218422914,142.519333167,5150.01220629,0.0139698386192,4070.20095736,4061.56014651,58,70.0349919498
49.8240023665,2500.0020396,-0.00498472818578,0.000664575898554,-490.332855225,5.75851881877e-05,1.1563030057e-05,98.1911087036,39.4576721191,0.970857620239,0.000116415321827,0.000465661287308,9,561.965629458,7.79326612618,1.23027975578,72.504790127,9.5295249963,169.276740053,146.892096382,5150.01267195,0.0139698386192,4070.20095736,4061.56014651,58,70.0349919498
49.856002368,2500.0020396,-0.00402987376802,0.0005372724263,-490.332977295,5.3699772252e-05,1.08097565317e-05,98.1907424927,39.4578514099,0.970857381821,0.000116415321827,0.000465661287308,9,561.965629458,15.9491309894,3.50518483547,71.0042567853,9.35917348698,169.418766745,148.617924424,5150.01267195,0.0139698386192,4070.20095736,4061.56014651,58,70.0349919498
49.8880023696,2500.00180677,-0.00325755955544,0.000434305635281,-490.332977295,5.06020296598e-05,1.01766918306e-05,98.1904220581,39.4580307007,0.970857143402,0.000116415321827,0.000465661287308,9,561.965629458,40.7873266821,10.1202103901,69.5371319481,9.33461061846,169.418766745,148.237246322,5150.01267195,0.0139698386192,4070.20095736,4061.94059178,58,70.0349919498
49.9200023711,2500.00157394,-0.00260414645403,0.000347191031324,-490.332946777,4.81214519823e-05,9.65878825809e-06,98.2208633423,39.4443206787,0.970880806446,0.000116415321827,0.000465661287308,9,561.965629458,76.7617704605,16.8657205185,72.9315121702,13.2867182064,166.171696037,133.527850267,5150.01174062,0.0139698386192,4073.44801351,4076.64943486,58,70.0349919498
49.9520023726,2500.00157394,-0.00212475903538,0.000283277942799,-490.333007812,4.61220770376e-05,9.23834068089e-06,98.3694992065,39.3773117065,0.97099596262,0.000116415321827,0.000465661287308,9,561.965629458,96.8882371836,20.9212811184,92.0857848238,17.7498903939,143.808822031,115.038914373,5150.01174062,0.0139698386192,4095.80999985,4095.13758495,58,70.0349919498
49.9840023741,2500.00157394,-0.0017169654587,0.000228909935686,-490.33303833,4.44720317319e-05,8.91211129783e-06,98.4426040649,39.3444328308,0.971052408218,0.000116415321827,0.000465661287308,9,561.965629458,105.931782342,22.801534964,102.527652785,20.535858242,125.15297567,100.699042378,5150.01313761,0.0139698386192,4114.46578801,4109.47808996,58,70.0349919498
50.0160023756,2500.00157394,-0.00138810707373,0.00018506575725,-490.333099365,4.31265689258e-05,8.65328638611e-06,98.4764938354,39.3291893005,0.971078515053,0.000116415321827,0.000465661287308,9,561.965629458,109.420205929,23.3011462918,107.261434956,21.790687819,112.759968033,90.8519941731,5150.01267195,0.0139698386192,4126.85843185,4119.3254292,58,70.0349919498
50.0480023772,2500.00157394,-0.00112210640779,0.00014960191038,-490.333129883,4.20424003096e-05,8.44255009724e-06,98.4931564331,39.3216285706,0.971091389656,0.000116415321827,0.000465661287308,9,561.965629458,110.074283063,22.9725988121,108.797867241,22.0135711067,105.154169432,84.4374080771,5150.01174062,0.0139698386192,4134.46500897,4125.7403791,58,70.0349919498
50.0800023787,2500.0013411,-0.00090673207831,0.000120887685625,-490.33303833,4.11730688938e-05,8.26934592624e-06,98.5012741089,39.3178977966,0.971097588539,0.000116415321827,0.000465661287308,9,561.965629458,108.954984632,22.1380051501,108.314304594,21.5869516109,100.931079942,80.527170212,5150.01220629,0.0139698386192,4138.68809119,4129.65100259,58,70.0349919498
50.1120023802,2500.0013411,-0.000732606586507,9.76728624664e-05,-490.333068848,4.04982893087e-05,8.12150392449e-06,98.5037612915,39.3168296814,0.971099495888,0.000116415321827,0.000465661287308,9,561.965629458,105.90421172,20.8496718461,106.110229609,20.7253586622,99.3888315861,78.6098244134,5150.01174062,0.0139698386192,4140.23036137,4131.56859577,59,70.029971539
50.1440023817,2500.0013411,-0.000591968363217,7.89226396591e-05,-490.333068848,3.99356686103e-05,8.00636553322e-06,98.5025405884,39.3175201416,0.971098601818,0.000116415321827,0.000465661287308,9,561.965629458,85.8078793062,16.4155755319,103.462175305,19.5093323196,99.3888315861,78.5855881986,5150.01220629,0.0139698386192,4140.23036137,4131.59281015,59,70.029971539
50.1760023832,2500.0013411,-0.000478792783198,6.38337951386e-05,-490.333099365,3.94669623347e-05,7.91909587861e-06,98.5018081665,39.3178062439,0.971098005772,0.000116415321827,0.000465661287308,9,561.965629458,49.6461838273,8.4700190715,101.214290571,18.4820867336,99.3888315861,78.5855881986,5150.01220629,0.0139698386192,4140.23036137,4131.59281015,59,70.029971539
50.2080023848,2500.0013411,-0.000387339715857,5.1641058235e-05,-490.333099365,3.90870118281e-05,7.84881194704e-06,98.5013656616,39.3180465698,0.971097707748,0.000116415321827,0.000465661287308,9,561.965629458,15.5560060647,1.37992502879,99.0698762449,17.6193456193,99.3888315861,81.2050711829,5150.01267195,0.0139698386192,4140.23036137,4131.59281015,59,70.029971539
50.2400023863,2500.0013411,-0.00031314056903,4.17486480728e-05,-490.333129883,3.87842337659e-05,7.7900949691e-06,98.5010452271,39.3182830811,0.971097409725,0.000116415321827,0.000465661287308,9,561.965629458,2.04203211081,-1.49144564336,96.982712713,16.8645631969,112.859190267,94.049530162,5150.01220629,0.0139698386192,4140.23036137,4131.59281015,59,70.029971539
50.2720023878,2500.0013411,-0.000252965370873,3.37259480148e-05,-490.333129883,3.85431776522e-05,7.7411359598e-06,98.5005874634,39.3185005188,0.971097111702,0.000116415321827,0.000465661287308,9,561.965629458,3.6044317984,-1.07991699375,94.9437904461,16.0649400572,128.686937387,102.328405774,5150.01313761,0.0139698386192,4140.23036137,4131.59281015,59,70.029971539
50.3040023893,2500.0013411,-0.000204290598327,2.72365105047e-05,-490.333129883,3.83495353162e-05,7.70115548221e-06,98.5000457764,39.3187179565,0.971096694469,0.000116415321827,0.000465661287308,9,561.965629458,4.69760396967,-0.818266523539,92.9502234651,15.2360844762,139.279771247,107.375642983,5150.01267195,0.0139698386192,4140.23036137,4131.59281015,59,70.029971539
50.3360023908,2500.0013411,-0.000165003205543,2.19986213779e-05,-490.333129883,3.81926001864e-05,7.669090337e-06,98.4997329712,39.3189315796,0.971096396446,0.000116415321827,0.000465661287308,9,561.965629458,5.46219524174,-0.613017740172,91.0005248316,14.4304046259,146.688660607,111.334891699,5150.01360327,0.0139698386192,4140.23036137,4131.59281015,59,70.029971539
50.3680023924,2500.0013411,-0.000133311681139,1.77734327735e-05,-490.333129883,3.80650599254e-05,7.6435144365e-06,98.4993667603,39.3191566467,0.971096158028,0.000116415321827,0.000465661287308,9,561.965629458,6.00923157492,-0.432562242423,89.0934566509,13.6767657911,151.989443111,114.815877168,5150.01313761,0.0139698386192,4140.23036137,4131.59281015,59,70.029971539
50.4000023939,2500.0013411,-0.00010772838871,1.43626066347e-05,-490.3331604,3.7961617636e-05,7.62300805945e-06,98.4989547729,39.3193588257,0.9710958004,0.000116415321827,0.000465661287308,9,561.965629458,6.41001917704,-0.265384955332,87.2282351673,12.9885156251,155.873072799,118.040727102,5150.01313761,0.0139698386192,4140.23036137,4131.59281015,59,70.029971539
50.4320023954,2500.0013411,-8.7056306608e-05,1.16065548355e-05,-490.3331604,3.7878016883e-05,7.60643797548e-06,98.4986343384,39.319568634,0.971095561981,0.000116415321827,0.000465661287308,9,561.965629458,6.71087105424,-0.106870519781,85.4037396833,12.3697853264,158.788330737,121.098470117,5150.01220629,0.0139698386192,4140.23036137,4131.59281015,59,70.029971539
50.4640023969,2500.0013411,-7.03433283844e-05,9.37834101933e-06,-490.3331604,3.78105978598e-05,7.59299018682e-06,98.4981002808,39.3197555542,0.971095144749,0.000116415321827,0.000465661287308,9,561.965629458,6.94211882867,0.0449593843965,83.6192816659,11.8194661004,161.029121955,124.027268612,5150.01267195,0.0139698386192,4140.23036137,4131.59281015,59,70.029971539
50.4960023984,2500.0013411,-5.68336662454e-05,7.5772004493e-06,-490.3331604,3.77562319045e-05,7.58207988838e-06,98.4977798462,39.3199539185,0.97109490633,0.000116415321827,0.000465661287308,9,561.965629458,7.12382884492,0.191033024353,81.8739528373,11.3335943039,162.789889146,126.845028717,5150.01313761,0.0139698386192,4140.23036137,4131.59281015,59,70.029971539
50.5280024,2500.0013411,-4.59169438582e-05,6.12175654169e-06,-490.3331604,3.77123396902e-05,7.57325415179e-06,98.497505188,39.3201560974,0.971094727516,0.000116415321827,0.000465661287308,9,561.965629458,7.26944581024,0.3318569536,80.1669035185,10.9068594422,164.200915606,129.561522044,5150.01313761,0.0139698386192,4140.23036137,4131.59281015,59,70.029971539
50.5600024015,2500.0013411,-3.70988587073e-05,4.94610867463e-06,-490.3331604,3.76768621209e-05,7.56613280828e-06,98.4968795776,39.3203315735,0.971094250679,0.000116415321827,0.000465661287308,9,561.965629458,7.38812117172,0.46775554221,78.4974232018,10.5334611736,165.350880707,132.183005917,5150.01360327,0.0139698386192,4140.23036137,4131.59281015,59,70.029971539
50.592002403,2500.00390224,1.04803609702,-0.139726683497,-490.474182129,0.000121380406199,1.38098803291e-05,98.4963760376,39.3205108643,0.971093833447,0.000116415321827,0.000465661287308,10,558.481086046,7.48940191672,0.608424849083,76.8646109344,10.2077383276,166.332290974,134.896516101,5150.01267195,0.0139698386192,4140.23036137,4131.59281015,59,70.029971539
50.6240024045,2502.67283991,171.151696122,-22.818353653,-514.461425781,0.100696951151,0.00259088887833,98.4961013794,39.3206939697,0.971093654633,0.000116415321827,0.000465661287308,10,558.481086046,7.59586497193,0.813110479682,75.2676683109,9.92678386635,167.3639199,138.844901812,5150.01267195,0.0139698386192,4140.23036137,4131.59281015,59,70.029971539
50.656002406,2510.73972322,316.738849506,-42.2283821106,-537.826904297,0.417552262545,0.0050159599632,98.4956130981,39.3208732605,0.9710932374,0.000116415321827,0.000465661287308,10,558.481086046,7.70824053034,1.05500951533,73.7059727217,9.68889385351,168.452839716,143.511133501,5150.01360327,0.0139698386192,4140.23036137,4131.59281015,59,70.029971539
50.6880024076,2522.83900045,427.704595495,-57.0225982666,-558.553833008,0.86152780056,0.0216814484447,98.4953384399,39.3210449219,0.971093058586,0.000116415321827,0.000465661287308,10,558.481086046,8.07122748285,1.34225714155,72.1788649328,9.48985377076,169.42275397,147.703001858,5150.01267195,0.0139698386192,4140.23036137,4131.59281015,59,70.029971539
50.7200024091,2538.02607767,512.268394232,-68.2968444824,-577.274780273,1.37931799889,0.0590537115932,98.4947891235,39.3212165833,0.971092641354,0.000116415321827,0.000465661287308,10,558.481086046,19.944148289,4.57746547539,70.6856197872,9.32749730256,169.42275397,148.618841195,5150.01313761,0.0139698386192,4140.23036137,4131.59281015,59,70.029971539
50.7520024106,2555.54704927,575.750833377,-76.7604751587,-594.329528809,1.94770276546,0.114242531359,98.4943771362,39.3213806152,0.971092283726,0.000116415321827,0.000465661287308,10,558.481086046,48.0137927371,11.7711534184,69.2256439743,9.82445338307,169.42275397,146.445920109,5150.01313761,0.0139698386192,4140.23036137,4133.76558572,59,70.029971539
50.7840024121,2574.81005974,622.865394689,-83.0419006348,-610.056213379,2.55290532112,0.183123484254,98.5491104126,39.3056106567,0.971134364605,0.000116415321827,0.000465661287308,10,558.481086046,82.4322066746,17.9586587533,77.6700335004,14.3418695257,161.752119311,129.40094166,5150.01313761,0.0139698386192,4147.9007341,4150.81111714,59,70.029971539
50.8160024136,2595.35503574,657.176249661,-87.6163101196,-624.704467773,3.18474340439,0.262274950743,98.6563796997,39.2747039795,0.971216619015,0.000116415321827,0.000465661287308,10,558.481086046,99.5226380234,21.4779985747,94.9857763148,18.4979046826,139.268857311,111.555105832,5150.01406893,0.0139698386192,4170.38379237,4168.65712032,59,70.029971539
50.8480024152,2616.82039127,681.360485032,-90.8406066895,-638.453979492,3.83513832092,0.349033653736,98.7063369751,39.2603416443,0.971254765987,0.000116415321827,0.000465661287308,10,558.481086046,107.018272904,23.0019402101,103.912204925,20.9163313712,122.008364997,98.243697721,5150.01360327,0.0139698386192,4187.64399365,4181.96851388,59,70.029971539
50.8800024167,2638.91532086,697.336858138,-92.9706192017,-651.41784668,4.49741601944,0.441333115101,98.7299880981,39.2535858154,0.971272826195,0.000116415321827,0.000465661287308,10,558.481086046,109.747054051,23.2867347083,107.805112402,21.9099615267,110.784123535,89.2254538485,5150.01267195,0.0139698386192,4198.86875898,4190.98744169,59,70.029971539
50.9120024182,2661.40210442,706.509163138,-94.1934890747,-663.666748047,5.16589355469,0.537580668926,98.7418136597,39.2502174377,0.971281886101,0.000116415321827,0.000465661287308,10,558.481086046,109.965875726,22.8287393457,108.841742913,21.9668863659,104.001366708,83.4137972561,5150.01313761,0.0139698386192,4205.65111563,4196.79982588,59,70.029971539
50.9440024197,2684.08306874,709.960469976,-94.6536254883,-675.248046875,5.83567667007,0.636520922184,98.747428894,39.248588562,0.971286177635,0.000116415321827,0.000465661287308,10,558.481086046,108.526533931,21.9121424918,108.002355157,21.436065811,100.377947092,79.953148088,5150.01313761,0.0139698386192,4209.2744261,4200.2601549,59,70.029971539
50.9760024212,2706.79080859,708.573730662,-94.4687423706,-686.197509766,6.50250053406,0.737137615681,98.7480545044,39.2484588623,0.971286654472,0.000116415321827,0.000465661287308,10,558.481086046,103.635663668,20.3327153444,105.463865511,20.4525787001,99.3871435639,78.5843367339,5150.01360327,0.0139698386192,4210.26535332,4201.62919909,60,70.0355667504
51.0080024227,2729.38003764,702.952791471,-93.7193450928,-696.524353027,7.1625418663,0.838610708714,98.7470626831,39.2488288879,0.971285879612,0.000116415321827,0.000465661287308,10,558.481086046,78.8582658132,14.8885538097,102.967786573,19.2742587001,99.3871435639,78.5843367339,5150.01267195,0.0139698386192,4210.26535332,4201.62919909,60,70.0355667504
51.0400024243,2751.725493,693.628506269,-92.4762115479,-706.237915039,7.8124256134,0.940249025822,98.7464752197,39.2490081787,0.971285402775,0.000116415321827,0.000465661287308,10,558.481086046,41.4999950514,6.68008529326,100.751149522,18.2846681829,99.3871435639,78.5843367339,5150.01313761,0.0139698386192,4210.26535332,4201.62919909,60,70.0355667504
51.0720024258,2773.71541597,681.005069055,-90.79322052,-715.337341309,8.44909286499,1.04147183895,98.7461624146,39.249168396,0.971285164356,0.000116415321827,0.000465661287308,10,558.481086046,10.3747918367,0.414111564289,98.6205571317,17.4535263424,99.6258604573,83.6100298329,5150.01267195,0.0139698386192,4210.26535332,4201.62919909,60,70.0355667504
51.1040024273,2795.25131918,665.50221527,-88.726348877,-723.830200195,9.06981563568,1.14176666737,98.7457046509,39.2493286133,0.971284806728,0.000116415321827,0.000465661287308,10,558.481086046,2.38940392032,-1.38921427405,96.5440658627,16.699395829,116.91331747,96.3620623224,5150.01267195,0.0139698386192,4210.26535332,4201.62919909,60,70.0355667504
51.1360024288,2816.24426134,647.32239116,-86.3025665283,-731.699951172,9.67213916779,1.24068236351,98.7452926636,39.2494773865,0.971284508705,0.000116415321827,0.000465661287308,10,558.481086046,3.87315426794,-1.01601904026,94.5149808291,15.8880584708,131.290857098,103.560996649,5150.01360327,0.0139698386192,4210.26535332,4201.62919909,60,70.0355667504
51.1680024303,2836.61484718,626.76507514,-83.5618209839,-738.947509766,10.2538795471,1.33779704571,98.7448043823,39.2496261597,0.971284151077,0.000116415321827,0.000465661287308,10,558.481086046,4.88397028249,-0.771226643457,92.5308921654,15.0606440482,141.085663927,108.283042209,5150.01313761,0.0139698386192,4210.26535332,4201.62919909,60,70.0355667504
51.2000024319,2856.29206337,604.138243943,-80.5451583862,-745.579223633,10.8131456375,1.43272447586,98.7443008423,39.2497673035,0.971283793449,0.000116415321827,0.000465661287308,10,558.481086046,5.59440732853,-0.572908684962,90.5903275825,14.2643115839,147.969796672,112.108595204,5150.01360327,0.0139698386192,4210.26535332,4201.62919909,60,70.0355667504
51.2320024334,2875.21257997,579.61238781,-77.2753067017,-751.586730957,11.3482370377,1.52510988712,98.743888855,39.2499046326,0.971283435822,0.000116415321827,0.000465661287308,10,558.481086046,6.10523204025,-0.395925209155,88.6923421787,13.5239105301,152.919688844,115.522605483,5150.01360327,0.0144354999065,4210.26535332,4201.62919909,60,70.0355667504
51.2640024349,2893.31935346,553.441350348,-73.7861251831,-756.975891113,11.8577470779,1.61459577084,98.7434463501,39.2500457764,0.971283137798,0.000116415321827,0.000465661287308,10,558.481086046,6.48143159477,-0.230860546098,86.8358665302,12.8503924085,156.565060024,118.706702779,5150.01360327,0.0144354999065,4210.26535332,4201.62919909,60,70.0355667504
51.2960024364,2910.56279093,525.758950971,-70.0954437256,-761.740234375,12.3404979706,1.70083785057,98.7432174683,39.2501945496,0.971282958984,0.000116415321827,0.000465661287308,10,558.481086046,6.76528119118,-0.0738910753314,85.0200216588,12.2465049421,159.315561177,121.734643471,5150.01360327,0.0144354999065,4210.26535332,4201.62919909,60,70.0355667504
51.3280024379,2926.89865455,496.845634189,-66.2406463623,-765.895446777,12.7955541611,1.7834969759,98.7428970337,39.2503318787,0.971282720566,0.000116415321827,0.000465661287308,10,558.481086046,6.98452679011,0.0766492205943,83.2439505604,11.7103519181,161.440053489,124.638565467,5150.01267195,0.0144354999065,4210.26535332,4201.62919909,60,70.0355667504
51.3600024395,2942.29015708,466.830300866,-62.2389335632,-769.440673828,13.2222146988,1.8622508049,98.74243927,39.2504615784,0.971282362938,0.000116415321827,0.000465661287308,10,558.481086046,7.1575701708,0.221566393779,81.5068548295,11.2375814779,163.116841577,127.434017486,5150.01313761,0.0144354999065,4210.26535332,4201.62919909,60,70.0355667504
51.392002441,2956.70563355,435.906636994,-58.1161155701,-772.386230469,13.6200027466,1.93675816059,98.7421264648,39.2505950928,0.971282124519,0.000116415321827,0.000465661287308,10,558.481086046,7.29678203877,0.361313831988,79.8078481631,10.8227494489,164.465804119,130.12974523,5150.01360327,0.0144354999065,4210.26535332,4201.62919909,60,70.0355667504
51.4240024425,2970.11854127,404.248421546,-53.8953666687,-774.742248535,13.9886665344,2.00669908524,98.7418136597,39.2507247925,0.971281886101,0.000116415321827,0.000465661287308,10,558.481086046,7.41059921333,0.496191781313,78.1461541302,10.4599996374,165.568693774,132.731540361,5150.01267195,0.0144354999065,4210.26535332,4201.62919909,60,70.0355667504
51.456002444,2982.50722699,371.974572772,-49.592540741,-776.514038086,14.3281526566,2.07172465324,98.7414016724,39.2508544922,0.971281528473,0.000116415321827,0.000465661287308,10,558.481086046,7.51129259932,0.645886382412,76.520988975,10.1439620348,166.544414242,135.61914966,5150.01360327,0.0144354999065,4210.26535332,4201.62919909,60,70.0355667504
51.4880024455,2993.85515973,339.267688105,-45.2319793701,-777.717712402,14.6386070251,2.13150429726,98.7410812378,39.2509765625,0.971281290054,0.000116415321827,0.000465661287308,10,558.481086046,7.61969306944,0.864258725449,74.9316202155,9.87242362975,167.594815139,139.831550769,5150.01313761,0.0144354999065,4210.26535332,4201.62919909,60,70.0355667504
51.5200024471,3004.15139645,306.239700876,-40.8286094666,-778.362915039,14.9203081131,2.18572759628,98.7407150269,39.2510986328,0.971281051636,0.000116415321827,0.000465661287308,10,558.481086046,7.73198301901,1.10504421677,73.3773446689,9.64326480245,168.682905496,144.476303831,5150.01313761,0.0144354999065,4210.26535332,4201.62919909,60,70.0355667504
51.5520024486,3013.38685676,273.024721537,-36.4003067017,-778.46307373,15.1736841202,2.23407936096,98.7404098511,39.2512283325,0.971280813217,0.000116415321827,0.000465661287308,10,558.481086046,9.13977772924,1.66028194497,71.8575324009,9.45194599566,169.418242876,148.310529767,5150.01360327,0.0144354999065,4210.26535332,4201.62919909,60,70.0355667504
51.5840024501,3021.55665122,239.690794842,-31.9561500549,-778.024841309,15.399271965,2.27624869347,98.7399978638,39.251335144,0.971280455589,0.000116415321827,0.000465661287308,10,558.481086046,24.6888682482,5.85116516227,70.3713483818,9.29749850194,169.418242876,148.61622185,5150.01267195,0.0144354999065,4210.26535332,4201.62919909,60,70.0355667504
51.6160024516,3028.66753191,207.185352338,-27.6224460602,-777.177856445,15.5978422165,2.31202411652,98.7395401001,39.2514419556,0.971280157566,0.000116415321827,0.000465661287308,10,558.481086046,55.8191063611,13.3205515503,68.9183897466,10.5995951429,169.418242876,143.616314745,5150.01313761,0.0144354999065,4210.26535332,4206.62946999,60,70.0355667504
51.6480024531,3034.78119895,177.089634235,-23.6100139618,-776.163146973,15.7709684372,2.3417828083,98.797164917,39.2506713867,0.971324026585,0.000116415321827,0.000465661287308,10,558.481086046,87.2506930656,18.9234034808,82.1824669341,15.3600158539,156.864480232,125.298756757,5150.01267195,0.0144354999065,4222.81958163,4224.94672239,60,70.0355667504
51.6800024547,3039.95516151,148.173305206,-19.75481987,-774.844909668,15.9201431274,2.36586308479,98.8607711792,39.249786377,0.971372425556,0.000116415321827,0.000465661287308,10,558.481086046,101.72584868,21.9429012426,97.4881472727,19.160912603,135.01146168,108.294283564,5150.01313761,0.0144354999065,4244.6735315,4241.95127562,60,70.0355667504
51.7120024562,3044.21363398,119.747201097,-15.9649829865,-773.143127441,16.0463523865,2.38424682617,98.8899841309,39.2493782043,0.971394598484,0.000116415321827,0.000465661287308,10,558.481086046,107.89413094,23.1460084338,105.070332228,21.2308408333,119.144802738,95.9861499723,5150.01360327,0.0144354999065,4260.53954288,4254.2591691,60,70.0355667504
51.7440024577,3047.56313562,91.3320400286,-12.1766061783,-770.997131348,16.1503562927,2.39673423767,98.9038009644,39.2491912842,0.971405088902,0.000116415321827,0.000465661287308,10,558.481086046,109.961275739,23.2385465482,108.21980709,21.9864363107,109.009211883,87.7442944329,5150.01360327,0.0144354999065,4270.67512646,4262.50183955,60,70.0355667504
51.7760024592,3049.99970831,62.7298868494,-8.36329841614,-768.378540039,16.2327423096,2.40302276611,98.9106369019,39.249080658,0.971410274506,0.000116415321827,0.000465661287308,10,558.481086046,109.780989942,22.6639254004,108.79932488,21.8933891212,102.990481537,82.4963353807,5150.01360327,0.0144354999065,4276.69333294,4267.7493766,60,70.0355667504
51.8080024607,3051.51822977,33.9396247,-4.52491188049,-765.284729004,16.2939662933,2.40281558037,98.9137191772,39.2490272522,0.971412599087,0.000116415321827,0.000465661287308,10,558.481086046,108.032789784,21.672073345,107.620556235,21.2678458243,99.9350959319,79.4620573288,5150.01267195,0.0144354999065,4279.74900231,4270.78315988,60,70.0355667504
51.8400024623,3052.10868828,4.77418143419,-0.636505305767,-761.685852051,16.3344707489,2.3957862854,98.9136276245,39.2491912842,0.971412539482,0.000116415321827,0.000465661287308,10,558.481086046,100.174356565,19.5721609638,104.874971951,20.1821994478,99.3873472908,78.5844458733,5150.01360327,0.0144354999065,4280.29708564,4271.66139707,61,70.0309101376
51.8720024638,3051.76246911,-24.651260901,3.28656506538,-757.593017578,16.3545398712,2.38165235519,98.9129104614,39.2493095398,0.971411943436,0.000116415321827,0.000465661287308,10,558.481086046,71.3100753484,13.2300231834,102.479345596,19.0471892777,99.3873472908,78.5844458733,5150.01313761,0.0144354999065,4280.29708564,4271.66139707,61,70.0309101376
51.9040024653,3050.46979338,-54.3702954019,7.24877786636,-752.996948242,16.3543949127,2.36016607285,98.9125442505,39.249370575,0.971411705017,0.000116415321827,0.000465661287308,10,558.481086046,33.6507984304,4.95542893815,100.287554334,18.0939609986,99.3873472908,78.5844458733,5150.01313761,0.0144354999065,4280.29708564,4271.66139707,61,70.0309101376
51.9360024668,3048.21878672,-84.5195318107,11.2683458328,-747.873657227,16.333946228,2.33117079735,98.9119491577,39.249420166,0.97141122818,0.000116415321827,0.000465661287308,10,558.481086046,6.64829557413,-0.406360044831,98.1697730546,17.2921806994,101.868223283,86.3987806952,5150.01267195,0.0144354999065,4280.29708564,4271.66139707,61,70.0309101376
51.9680024683,3044.99524646,-115.108370665,15.3465232849,-742.21484375,16.2927703857,2.29460072517,98.9118118286,39.2494850159,0.971411108971,0.000116415321827,0.000465661287308,10,558.481086046,2.76373953704,-1.28864838571,96.1037855775,16.5298793492,120.540636999,98.3019781415,5150.01313761,0.0144354999065,4280.29708564,4271.66139707,61,70.0309101376
52.0000024699,3040.78590125,-146.108024637,19.4794712067,-736.017944336,16.230342865,2.25045752525,98.9116439819,39.2495536804,0.971410989761,0.000116415321827,0.000465661287308,10,558.481086046,4.12253417666,-0.957107915839,94.0846183504,15.7097448821,133.707348141,104.697392089,5150.01267195,0.0144354999065,4280.29708564,4271.66139707,61,70.0309101376
52.0320024714,3035.57771258,-177.503490704,23.665189743,-729.278442383,16.1460666656,2.19876909256,98.9113693237,39.249622345,0.971410810947,0.000116415321827,0.000465661287308,10,558.481086046,5.05783221183,-0.726007438966,92.1099274307,14.8859351865,142.770382809,109.155320388,5150.01220629,0.0144354999065,4280.29708564,4271.66139707,61,70.0309101376
52.0640024729,3029.3581076,-209.317324334,27.9066867828,-721.987304688,16.0391254425,2.13966631889,98.9111862183,39.2496833801,0.971410632133,0.000116415321827,0.000465661287308,10,558.481086046,5.71836754769,-0.533581153719,90.1785847963,14.1000973582,149.170969962,112.867222924,5150.01313761,0.0144354999065,4280.29708564,4271.66139707,61,70.0309101376
52.0960024744,3022.11428061,-241.467976593,32.1930885315,-714.148986816,15.9085483551,2.07334280014,98.9108657837,39.2497367859,0.971410393715,0.000116415321827,0.000465661287308,10,558.481086046,6.19571966286,-0.359671784725,88.2895283482,13.3734779534,153.796514496,116.22193415,5150.01267195,0.0144354999065,4280.29708564,4271.66139707,61,70.0309101376
52.1280024759,3013.83202896,-274.173886282,36.5535163879,-705.727539062,15.7531557083,2.00005435944,98.9104995728,39.249786377,0.971410155296,0.000116415321827,0.000465661287308,10,558.481086046,6.54911384788,-0.196562448052,86.4418644583,12.7148795746,157.220900292,119.36831288,5150.01220629,0.0144354999065,4280.29708564,4271.66139707,61,70.0309101376
52.1600024775,3004.49598581,-307.347450871,40.9762954712,-696.726989746,15.5714349747,1.92016899586,98.9102325439,39.2498474121,0.971409916878,0.000116415321827,0.000465661287308,10,558.481086046,6.81712580988,-0.0410726946622,84.6346701994,12.1257964852,159.817936947,122.367709992,5150.01360327,0.0144354999065,4280.29708564,4271.66139707,61,70.0309101376
52.192002479,2994.0882232,-341.141130775,45.4817504883,-687.118286133,15.3615694046,1.83415102959,98.9101028442,39.2499084473,0.971409857273,0.000116415321827,0.000465661287308,10,558.481086046,7.02514474864,0.108210811639,82.867066593,11.6036823946,161.83363914,125.247388496,5150.01267195,0.0144354999065,4280.29708564,4271.66139707,61,70.0309101376
52.2240024805,2982.58755356,-375.643488951,50.0816879272,-676.879150391,15.121307373,1.74258244038,98.9100112915,39.2499694824,0.971409797668,0.000116415321827,0.000465661287308,10,558.481086046,7.190039267,0.251988116925,81.1382845329,11.1438411774,163.431468536,128.020852571,5150.01313761,0.0144354999065,4280.29708564,4271.66139707,61,70.0309101376
52.256002482,2969.96813267,-411.005457863,54.7962303162,-665.976928711,14.8479127884,1.64617645741,98.9097824097,39.2500305176,0.971409618855,0.000116415321827,0.000465661287308,10,558.481086046,7.32317977472,0.390668105671,79.4474303913,10.7406803336,164.721597685,130.695989355,5150.01360327,0.0144354999065,4280.29708564,4271.66139707,61,70.0309101376
52.2880024835,2956.19969256,-447.472848464,59.6581497192,-654.363891602,14.5380401611,1.54581427574,98.9094619751,39.2500686646,0.971409380436,0.000116415321827,0.000465661287308,10,558.481086046,7.43239101086,0.524574429057,77.7936984377,10.3883491631,165.779856616,133.27904162,5150.01360327,0.0144354999065,4280.29708564,4271.66139707,61,70.0309101376
52.3200024851,2941.24358334,-485.211319756,64.6895294189,-641.999023438,14.1876249313,1.44254910946,98.9092788696,39.2501296997,0.971409201622,0.000116415321827,0.000465661287308,10,558.481086046,7.53382511928,0.687241286511,76.1763049166,10.0819537705,166.762751178,136.416885653,5150.01267195,0.0144354999065,4280.29708564,4271.66139707,61,70.0309101376
52.3520024866,2925.05184188,-524.611736182,69.942489624,-628.806762695,13.791724205,1.33764636517,98.9090042114,39.2501792908,0.971409022808,0.000116415321827,0.000465661287308,10,558.481086046,7.64387458952,0.916492475217,74.5945612948,9.81977099183,167.829130078,140.839139931,5150.01360327,0.0144354999065,4280.29708564,4271.66139707,61,70.0309101376
52.3840024881,2907.56556205,-566.070433706,75.4698638916,-614.70526123,13.3442678452,1.23264837265,98.9088287354,39.2502326965,0.971408903599,0.000116415321827,0.000465661287308,10,558.481086046,7.75549294465,1.15358991963,73.0477717144,9.59917671041,168.910715729,145.41274868,5150.01313761,0.0144354999065,4280.29708564,4271.66139707,61,70.0309101376
52.4160024896,2888.71116936,-610.044109635,81.3325424194,-599.59765625,12.8379640579,1.12936663628,98.9086532593,39.2502937317,0.971408724785,0.000116415321827,0.000465661287308,10,558.481086046,11.0258355791,2.18262699637,71.5352549672,9.41563411574,169.422535691,148.604507558,5150.01313761,0.0144354999065,4280.29708564,4271.66139707,61,70.0309101376
52.4480024911,2868.39879118,-657.07921749,87.6033706665,-583.36706543,12.2640094757,1.02997601032,98.9084243774,39.2503318787,0.971408545971,0.000116415321827,0.000465661287308,10,558.481086046,30.158807656,7.31950225724,70.0563371696,9.26871562145,169.422535691,148.619306856,5150.01360327,0.0144354999065,4280.29708564,4271.66139707,61,70.0309101376
52.4800024927,2846.5220239,-707.68041769,94.349647522,-565.893859863,11.6121349335,0.936974823475,98.9081954956,39.2503814697,0.971408367157,0.000116415321827,0.000465661287308,10,558.481086046,64.164779287,14.7561531088,68.6104543106,11.5448411993,169.422535691,140.128977364,5150.01360327,0.0144354999065,4280.29708564,4280.15179932,61,70.0309101376
52.5120024942,2822.96258956,-761.85783837,101.57270813,-547.118835449,10.871006012,0.853126645088,98.9903182983,39.2423248291,0.971470594406,0.000116415321827,0.000465661287308,10,558.481086046,91.363403743,19.7670469579,86.2790483577,16.3193457081,151.875021402,121.309203678,5150.01406893,0.0144354999065,4297.84553126,4298.97196591,61,70.0309101376
52.5440024957,2797.64807783,-816.827116068,108.901344299,-527.377685547,10.0327396393,0.780494630337,99.0488967896,39.2365837097,0.971514821053,0.000116415321827,0.000465661287308,10,558.481086046,103.560247321,22.3260589184,99.6360555375,19.741966774,131.058986881,105.26238475,5150.01453459,0.0144354999065,4318.66105646,4315.01958519,61,70.0309101376
52.5760024972,2770.57779022,-871.633994393,116.208328247,-506.797241211,9.09715175629,0.719150900841,99.0755310059,39.2339630127,0.971534907818,0.000116415321827,0.000465661287308,10,558.481086046,108.593372914,23.2409674012,106.034110079,21.4859881222,116.548166261,93.9173914958,5150.01360327,0.0149011611938,4333.17245916,4326.36449113,61,70.0309101376
52.6080024987,2741.79130793,-919.869402424,122.639190674,-486.251464844,8.06601428986,0.669016301632,99.0884933472,39.2327003479,0.971544623375,0.000116415321827,0.000465661287308,10,558.481086046,110.078970948,23.1611561617,108.522966744,22.025230389,107.422398287,86.4004396135,5150.01406893,0.0149011611938,4342.29848906,4333.88212696,61,70.0309101376
52.6400025003,2712.36058325,-910.287082661,121.36164856,-473.098144531,6.98565483093,0.628652632236,99.095375061,39.2320823669,0.971549808979,0.000116415321827,0.000465661287308,10,558.481086046,109.528444796,22.4810429551,108.680596872,21.7965421814,102.114747278,81.6801912151,5150.01360327,0.0149011611938,4347.60469943,4338.60300109,61,70.0309101376
52.6720025018,2684.06537361,-856.330443639,114.168022156,-466.417724609,5.94997644424,0.588598251343,99.09790802,39.2317771912,0.971551716328,0.000116415321827,0.000465661287308,10,558.481086046,107.479223832,21.4194988992,107.175265773,21.0844488104,99.6006201603,79.0517879068,5150.01453459,0.0149011611938,4350.11833906,4341.23212472,61,70.0309101376
52.7040025033,2657.92361461,-779.832189437,103.969093323,-463.798492432,5.01669311523,0.541774809361,99.0971908569,39.2318916321,0.971551179886,0.000116415321827,0.000465661287308,10,558.481086046,95.6000210767,18.5672048053,104.326950888,19.9222177777,99.3881476461,78.5852025729,5150.01313761,0.0149011611938,4350.33068061,4341.69825166,62,70.0343807694
52.7360025048,2634.41656716,-693.983864039,92.5235900879,-463.71774292,4.20510292053,0.488150477409,99.0965499878,39.2319488525,0.971550703049,0.000116415321827,0.000465661287308,10,558.481086046,63.3415354338,11.4792483511,102.001774652,18.8288382224,99.3881476461,78.5852025729,5150.01360327,0.0149011611938,4350.33068061,4341.69825166,62,70.0343807694
52.7680025063,2613.69044892,-607.194611803,80.9526367188,-465.12600708,3.51251006126,0.431295692921,99.0965499878,39.2320137024,0.971550703049,0.000116415321827,0.000465661287308,10,558.481086046,26.2852523541,3.36520203019,99.8301193206,17.9105694783,99.3881476461,78.7099997979,5150.01360327,0.0149011611938,4350.33068061,4341.69825166,62,70.0343807694
52.8000025079,2595.68099864,-524.5214561,69.9304580688,-467.317565918,2.92666935921,0.37523701787,99.096321106,39.2320632935,0.971550524235,0.000116415321827,0.000465661287308,10,558.481086046,3.98594001627,-1.04060067864,97.7242335486,17.1331753364,105.519342469,89.3510878086,5150.01360327,0.0149011611938,4350.33068061,4341.69825166,62,70.0343807694
52.8320025094,2580.20614274,-448.660546681,59.8164978027,-469.843688965,2.4335975647,0.322770774364,99.0960006714,39.2321090698,0.971550285816,0.000116415321827,0.000465661287308,10,558.481086046,3.10188459116,-1.20228921481,95.6685154693,16.3576215554,123.817255371,99.9678450171,5150.01313761,0.0149011611938,4350.33068061,4341.69825166,62,70.0343807694
52.8640025109,2567.02373736,-380.850862712,50.7759475708,-472.420501709,2.02031207085,0.275269508362,99.0956954956,39.232131958,0.971550047398,0.000116415321827,0.000465661287308,10,558.481086046,4.3520340659,-0.902439063972,93.6589510813,15.5318616265,135.93120093,105.751954834,5150.01313761,0.0149011611938,4350.33068061,4341.69825166,62,70.0343807694
52.8960025124,2555.86951971,-321.38149254,42.8473472595,-474.87979126,1.67515146732,0.233181193471,99.095375061,39.2321777344,0.971549808979,0.000116415321827,0.000465661287308,10,558.481086046,5.21859095365,-0.682551971033,91.693606632,14.7135171623,144.32813623,109.993576189,5150.01360327,0.0149011611938,4350.33068061,4341.69825166,62,70.0343807694
52.9280025139,2546.48039117,-269.945012406,35.9897155762,-477.133636475,1.38772177696,0.196458473802,99.0949630737,39.232208252,0.971549510956,0.000116415321827,0.000465661287308,10,558.481086046,5.83353340475,-0.495159267808,89.7713540993,13.9390978129,150.286927237,113.608381071,5150.01406893,0.0149011611938,4350.33068061,4341.69825166,62,70.0343807694
52.9600025155,2538.60955127,-225.915049668,30.1195354462,-479.144500732,1.14887619019,0.164793848991,99.0947341919,39.2322387695,0.971549332142,0.000116415321827,0.000465661287308,10,558.481086046,6.28021237805,-0.323988666209,87.8912559062,13.2266235513,154.615248903,116.910261568,5150.01406893,0.0149011611938,4350.33068061,4341.69825166,62,70.0343807694
52.992002517,2532.03231841,-188.529476873,25.1352005005,-480.903808594,0.95070040226,0.137747883797,99.0943756104,39.2322769165,0.971549093723,0.000116415321827,0.000465661287308,10,558.481086046,6.61261958015,-0.162692465712,86.0522865777,12.5829449154,157.836271683,120.02166477,5150.01453459,0.0149011611938,4350.33068061,4341.69825166,62,70.0343807694
53.0240025185,2526.55032091,-156.972819241,20.9279918671,-482.423034668,0.786435961723,0.114823788404,99.0941085815,39.2323188782,0.971548855305,0.000116415321827,0.000465661287308,10,558.481086046,6.86600753886,-0.00861565777522,84.253552486,12.0085078037,160.291601787,122.993806144,5150.01360327,0.0149011611938,4350.33068061,4341.69825166,62,70.0343807694
53.05600252,2521.98986709,-130.478423671,17.3956947327,-483.719177246,0.650380790234,0.0955083891749,99.0939712524,39.2323608398,0.9715487957,0.000116415321827,0.000465661287308,10,558.481086046,7.06359547603,0.139441226395,82.4943284737,11.5001579656,162.206226378,125.849823235,5150.01360327,0.0149011611938,4350.33068061,4341.69825166,62,70.0343807694
53.0880025215,2518.20241101,-108.295294922,14.4381875992,-484.819549561,0.53774780035,0.079312376678,99.0938796997,39.2324066162,0.971548676491,0.000116415321827,0.000465661287308,10,558.481086046,7.22087904853,0.282099050243,80.7736989384,11.0529392446,163.730306667,128.601692268,5150.01360327,0.0149011611938,4350.33068061,4341.69825166,62,70.0343807694
53.1200025231,2515.06059431,-89.7919162526,11.9712724686,-485.745941162,0.444543808699,0.065781019628,99.0936508179,39.2324447632,0.971548557281,0.000116415321827,0.000465661287308,10,558.481086046,7.34833549587,0.419725924428,79.0907922266,10.6611630024,164.965356817,131.256514578,5150.01313761,0.0149011611938,4350.33068061,4341.69825166,62,70.0343807694
53.1520025246,2512.45638356,-74.3873242754,9.91749572754,-486.522766113,0.36744722724,0.0545052774251,99.093421936,39.2324752808,0.971548378468,0.000116415321827,0.000465661287308,10,558.481086046,7.45361055682,0.553764981566,77.4449417794,10.3189620581,165.985475178,133.84212798,5150.01360327,0.0149011611938,4350.33068061,4341.69825166,62,70.0343807694
53.1840025261,2510.29990613,-61.5865719737,8.21086883545,-487.172027588,0.303696990013,0.0451274588704,99.0932388306,39.2325248718,0.971548199654,0.000116415321827,0.000465661287308,10,558.481086046,7.556708315,0.732044464113,75.8352173449,10.022115484,166.984493262,137.28113845,5150.01406893,0.0149011611938,4350.33068061,4341.69825166,62,70.0343807694
53.2160025276,2508.51525925,-50.9570199938,6.79371166229,-487.714111328,0.250993311405,0.0373409986496,99.0931015015,39.2325515747,0.971548140049,0.000116415321827,0.000465661287308,10,558.481086046,7.66803596634,0.968877070498,74.2609743389,9.76916930354,168.063255842,141.849639476,5150.01453459,0.0149011611938,4350.33068061,4341.69825166,62,70.0343807694
53.2480025291,2507.03888014,-42.1462573286,5.61904001236,-488.164855957,0.207430645823,0.030883744359,99.0928421021,39.232585907,0.97154790163,0.000116415321827,0.000465661287308,10,558.481086046,7.77840955986,1.20024581891,72.7215608523,9.5568868617,169.132777955,146.312740981,5150.01360327,0.0149011611938,4350.33068061,4341.69825166,62,70.0343807694
53.2800025307,2505.81791624,-34.8485482391,4.64609193802,-488.539154053,0.171434313059,0.0255331397057,99.0927505493,39.232624054,0.971547842026,0.000116415321827,0.000465661287308,10,558.481086046,13.7162877734,2.90549700888,71.2162297535,9.38122760463,169.42077491,148.614708451,5150.01406893,0.0149011611938,4350.33068061,4341.69825166,62,70.0343807694
53.3120025322,2504.80836257,-28.8075316348,3.84068894386,-488.849517822,0.141685143113,0.021105049178,99.0925216675,39.2326583862,0.971547663212,0.000116415321827,0.000465661287308,10,558.481086046,36.3171574602,8.97221056715,69.7444243563,9.24145630353,169.42077491,148.614708451,5150.01406893,0.0149011611938,4350.33068061,4341.69825166,62,70.0343807694
53.3440025337,2503.97413038,-23.8090324274,3.17427706718,-489.106872559,0.117103986442,0.0174410641193,99.1005325317,39.2302055359,0.971553742886,0.000116415321827,0.000465661287308,10,558.481086046,72.3265333056,16.0643211099,70.0101615038,12.5789602133,168.430764461,136.235248647,5150.01406893,0.0149011611938,4351.32067651,4354.07739133,62,70.0343807694
53.3760025352,2503.28448601,-19.6734872588,2.62291646004,-489.320068359,0.0967960655689,0.0144105209038,99.2301864624,39.1907730103,0.971651136875,0.000116415321827,0.000465661287308,10,558.481086046,94.8609027821,20.4946396482,89.9143272624,17.2041290372,146.972612129,117.479583423,5150.01406893,0.0149011611938,4372.77881429,4372.832831,62,70.0343807694
53.4080025367,2502.71474943,-16.258623873,2.16763854027,-489.496002197,0.080017067492,0.0119053386152,99.299446106,39.1697998047,0.971702933311,0.000116415321827,0.000465661287308,10,558.481086046,105.075357054,22.6332893404,101.465649096,20.2427354234,127.413906739,102.450656414,5150.01406893,0.0149011611938,4392.338451,4387.86065206,62,70.0343807694
53.4400025383,2502.24373303,-13.4339325086,1.79104399681,-489.64163208,0.0661537349224,0.00983512680978,99.331199646,39.16015625,0.971726715565,0.000116415321827,0.000465661287308,10,558.481086046,109.135600045,23.2899283298,106.822656259,21.685032783,114.198111987,92.0219245018,5150.01406893,0.0153668224812,4405.55438399,4398.28913659,62,70.0343807694
53.4720025398,2501.85490586,-11.0993369162,1.47979009151,-489.762237549,0.0546988882124,0.0081242788583,99.3467788696,39.1554107666,0.97173833847,0.000116415321827,0.000465661287308,10,558.481086046,110.104490621,23.055601842,108.720326696,22.0282097596,106.007668364,85.1818404044,5150.01500025,0.0153668224812,4413.74396905,4405.1297009,62,70.0343807694
53.5040025413,2501.53336674,-9.16936005524,1.22248101234,-489.861907959,0.0452373810112,0.00671028997749,99.3545761108,39.1530532837,0.971744120121,0.000116415321827,0.000465661287308,10,558.481086046,109.20663615,22.2799381887,108.485199971,21.6768912454,101.36457422,80.9574339655,5150.01453459,0.0153668224812,4418.38707775,4409.3541801,62,70.0343807694
53.5360025428,2501.26793981,-7.57699672249,1.01018333435,-489.944030762,0.03741748631,0.00554279936478,99.3574752808,39.1521377563,0.971746325493,0.000116415321827,0.000465661287308,10,558.481086046,106.741145661,21.121494088,106.614572771,20.8818937296,99.3971116259,78.7301250966,5150.01500025,0.0153668224812,4420.35496235,4411.58097237,62,70.0343807694
53.5680025443,2501.04838051,-6.26139581072,0.834784269333,-490.011779785,0.0309513676912,0.00457987422124,99.3560256958,39.1524429321,0.971745193005,0.000116415321827,0.000465661287308,10,558.481086046,90.0169919406,17.3398964086,103.80372434,19.6712694418,99.3869980448,78.5834927228,5150.01500025,0.0153668224812,4420.3652069,4411.72765568,63,70.0338132447
53.6000025459,2500.86723827,-5.17243688591,0.689601659775,-490.068145752,0.0256087500602,0.00378425442614,99.35521698,39.1525497437,0.971744596958,0.000116415321827,0.000465661287308,10,558.481086046,55.1403848704,9.67687931738,101.529316432,18.6180830056,99.3869980448,78.5834927228,5150.01406893,0.0153668224812,4420.3652069,4411.72765568,63,70.0338132447
53.6320025474,2500.71729533,-4.27590384788,0.570073723793,-490.11416626,0.02119772695,0.0031255253125,99.3547592163,39.1526451111,0.971744298935,0.000116415321827,0.000465661287308,10,558.481086046,19.5785555317,2.10358806753,99.3746546834,17.7335487203,99.3869980448,79.9187764642,5150.01453459,0.0153668224812,4420.3652069,4411.72765568,63,70.0338132447
53.6640025489,2500.59366226,-3.53335008185,0.471074670553,-490.152526855,0.0175477284938,0.00258262688294,99.3543014526,39.1527366638,0.971743941307,0.000116415321827,0.000465661287308,10,558.481086046,2.39000844688,-1.41891390155,97.2801809811,16.9728551681,109.887791041,92.2582476051,5150.01406893,0.0153668224812,4420.3652069,4411.72765568,63,70.0338132447
53.6960025504,2500.49121678,-2.9198795346,0.389285326004,-490.184082031,0.0145298698917,0.00213474757038,99.3539352417,39.1528358459,0.971743643284,0.000116415321827,0.000465661287308,10,558.481086046,3.41164070277,-1.1261968093,95.2345345294,16.1825455372,126.818791614,101.435667602,5150.01500025,0.0153668224812,4420.3652069,4411.72765568,63,70.0338132447
53.7280025519,2500.40669926,-2.41332486439,0.321750253439,-490.210174561,0.0120365321636,0.00176410167478,99.3535385132,39.1529197693,0.971743345261,0.000116415321827,0.000465661287308,10,558.481086046,4.56449367683,-0.851035078979,93.2345290316,15.3540406319,137.989933137,106.74353689,5150.01406893,0.0153668224812,4420.3652069,4411.72765568,63,70.0338132447
53.7600025535,2500.33685006,-1.99556711777,0.266053766012,-490.231628418,0.00997559819371,0.00145766988862,99.3531723022,39.1530075073,0.971743106842,0.000116415321827,0.000465661287308,10,558.481086046,5.36810151864,-0.640449820836,91.2785676769,14.5428223021,145.776895806,110.805725853,5150.01453459,0.0153668224812,4420.3652069,4411.72765568,63,70.0338132447
53.792002555,2500.27887523,-1.64949869941,0.219915106893,-490.249359131,0.00827107485384,0.00120460730977,99.3528518677,39.153087616,0.971742868423,0.000116415321827,0.000465661287308,10,558.481086046,5.94116476875,-0.457411036444,89.3654491948,13.7806317398,151.329877554,114.336544357,5150.01406893,0.0158324837685,4420.3652069,4411.72765568,63,70.0338132447
53.8240025565,2500.23137778,-1.36470646339,0.181945934892,-490.264007568,0.00685968575999,0.000995968934149,99.352355957,39.1531677246,0.971742510796,0.000116415321827,0.000465661287308,10,558.481086046,6.35956764755,-0.288711016541,87.4942140339,13.0826102638,155.384201207,117.590767331,5150.01453459,0.0158324837685,4420.3652069,4411.72765568,63,70.0338132447
53.856002558,2500.19156374,-1.12781333428,0.15036277473,-490.276092529,0.00569254579023,0.000823588983621,99.3521347046,39.153263092,0.971742331982,0.000116415321827,0.000465661287308,10,558.481086046,6.67255858283,-0.129114431815,85.6639319421,12.4538907417,158.417082275,120.669385069,5150.01500025,0.0158324837685,4420.3652069,4411.72765568,63,70.0338132447
53.8880025595,2500.15896745,-0.933506782985,0.124457359314,-490.286010742,0.00472591957077,0.000681675737724,99.3516769409,39.1533355713,0.971741974354,0.000116415321827,0.000465661287308,10,558.481086046,6.91234114605,0.0235999765759,83.8738118387,11.8939842419,160.740572028,123.615245684,5150.01453459,0.0158324837685,4420.3652069,4411.72765568,63,70.0338132447
53.9200025611,2500.13172626,-0.773521890096,0.103127785027,-490.29397583,0.00392539147288,0.000564037123695,99.3514938354,39.1534309387,0.971741855145,0.000116415321827,0.000465661287308,10,558.481086046,7.10018844592,0.17046268349,82.1229088221,11.3991935613,162.560812896,126.448227093,5150.01500025,0.0158324837685,4420.3652069,4411.72765568,63,70.0338132447
53.9520025626,2500.10937452,-0.639039797079,0.0851983129978,-490.300933838,0.00326414825395,0.000466228288133,99.3511734009,39.1535110474,0.971741616726,0.000116415321827,0.000465661287308,10,558.481086046,7.25032665644,0.312015332191,80.4104318116,10.9643482926,164.015655173,129.17877757,5150.01453459,0.0158324837685,4420.3652069,4411.72765568,63,70.0338132447
53.9840025641,2500.0909809,-0.528625946572,0.0704776719213,-490.306671143,0.00271465745755,0.000386700790841,99.3508224487,39.1535835266,0.971741318703,0.000116415321827,0.000465661287308,10,558.481086046,7.37240989046,0.448601938862,78.7355457777,10.5836783088,165.19863857,131.813532789,5150.01313761,0.0158324837685,4420.3652069,4411.72765568,63,70.0338132447
54.0160025656,2500.07561408,-0.437436540324,0.0583200864494,-490.311279297,0.00225724303164,0.000321929954225,99.3505935669,39.1536750793,0.971741199493,0.000116415321827,0.000465661287308,10,558.481086046,7.47485436625,0.585447289079,77.0974376654,10.2514107361,166.191326571,134.453279315,5150.01406893,0.0158324837685,4420.3652069,4411.72765568,63,70.0338132447
54.0480025671,2500.06304123,-0.36284004068,0.0483747012913,-490.315063477,0.00187881675083,0.000267817726126,99.3504562378,39.1537513733,0.971741080284,0.000116415321827,0.000465661287308,10,558.481086046,7.57995546272,0.779882463457,75.4953749927,9.96411755867,167.20975691,138.203933602,5150.01453459,0.0158324837685,4420.3652069,4411.72765568,63,70.0338132447
54.0800025687,2500.05233102,-0.301976484707,0.0402602255344,-490.317932129,0.00156822963618,0.000221608090214,99.3499526978,39.1538162231,0.971740663052,0.000116415321827,0.000465661287308,10,558.481086046,7.69208655526,1.02086189083,73.9286692265,9.7202660579,168.296304764,142.852426507,5150.01453459,0.0158324837685,4420.3652069,4411.72765568,63,70.0338132447
54.1120025702,2500.04371628,-0.250007929026,0.0333316549659,-490.320617676,0.00131159566808,0.000182702657185,99.3495407104,39.1538772583,0.971740365028,0.000116415321827,0.000465661287308,10,558.481086046,7.80766397565,1.24687070215,72.3966391585,9.51601711248,169.346836628,147.175538586,5150.01500025,0.0158324837685,4420.3652069,4411.72765568,63,70.0338132447
54.1440025717,2500.03649853,-0.208643911037,0.0278169047087,-490.322570801,0.00110017845873,0.000149598781718,99.3494567871,39.1539726257,0.971740305424,0.000116415321827,0.000465661287308,10,558.481086046,17.1958519906,3.83987257452,70.898544982,9.34832359724,169.420367456,148.619175889,5150.01453459,0.0158324837685,4420.3652069,4411.72765568,63,70.0338132447
54.1760025732,2500.03044493,-0.171997129428,0.0229310691357,-490.324523926,0.000922510458622,0.00012296733621,99.3493270874,39.1540527344,0.971740245819,0.000116415321827,0.000465661287308,10,558.481086046,43.1289105145,10.6814280328,69.4337787368,9.45637110259,169.420367456,147.787621245,5150.01406893,0.0158324837685,4420.3652069,4412.55932674,63,70.0338132447
54.2080025747,2500.02532266,-0.142115851531,0.018947225064,-490.32598877,0.00077402300667,0.000101890778751,99.3901748657,39.1404724121,0.971770703793,0.000116415321827,0.000465661287308,10,558.481086046,78.7608823303,17.2447140341,74.5112268168,13.6407020394,164.786732057,132.156550535,5150.01546592,0.0158324837685,4424.99853671,4428.18924785,63,70.0338132447
54.2400025763,2500.02136454,-0.118447829323,0.015791747719,-490.327209473,0.000648054410703,8.55323669384e-05,99.5282974243,39.0948295593,0.971873342991,0.000116415321827,0.000465661287308,10,558.481086046,97.8184380596,21.1177181432,93.0992835537,18.0087770035,142.266202602,113.853537187,5150.01500025,0.0158324837685,4447.51977921,4446.49253041,63,70.0338132447
54.2720025778,2500.01787208,-0.097985932257,0.0130637185648,-490.328216553,0.000539761793334,7.32978005544e-05,99.5949325562,39.0729637146,0.971922695637,0.000116415321827,0.000465661287308,10,558.481086046,106.319734113,22.8750706639,103.016533251,20.6704334988,124.072699691,99.8580289888,5150.01453459,0.0158324837685,4465.71363136,4460.4879804,63,70.0338132447
54.3040025793,2500.01507811,-0.0803596691412,0.0107137430459,-490.329193115,0.000452732259873,6.24505773885e-05,99.6259689331,39.062789917,0.971945643425,0.000116415321827,0.000465661287308,10,558.481086046,109.542823417,23.3003973289,107.458208923,21.8355340299,112.078159873,90.293098765,5150.01500025,0.0158324837685,4477.7081348,4470.05266324,63,70.0338132447
54.3360025808,2500.01251698,-0.0663667734102,0.0088481772691,-490.329803467,0.000384661834687,5.20409776072e-05,99.6416397095,39.0577507019,0.971957266331,0.000116415321827,0.000465661287308,10,558.481086046,110.0473204,22.9271629531,108.822837553,22.0012104728,104.753671621,84.0840584715,5150.01500025,0.0158324837685,4485.03298685,4476.26085952,63,70.0338132447
54.3680025823,2500.01065433,-0.0552642376306,0.00736796017736,-490.330383301,0.000328153430019,4.34203138866e-05,99.6491622925,39.0552597046,0.971962809563,0.000116415321827,0.000465661287308,10,558.481086046,108.819892975,22.0644071892,108.218620469,21.5387176707,100.734323496,80.3264483693,5150.01500025,0.0158324837685,4489.05164376,4480.01828045,63,70.0338132447
54.4000025839,2500.00925735,-0.0463693723418,0.00618207547814,-490.330871582,0.000278240593616,3.73534458049e-05,99.6508407593,39.0546455383,0.97196406126,0.000116415321827,0.000465661287308,10,558.481086046,105.288003906,20.6959073919,105.884222286,20.6377904382,99.3894936983,78.5861921031,5150.01453459,0.0158324837685,4490.39554223,4481.75892234,64,70.0308810337
54.4320025854,2500.00786036,-0.0392031083152,0.00522665213794,-490.33114624,0.000233526341617,3.33584757755e-05,99.6493911743,39.0549926758,0.971962988377,0.000116415321827,0.000465661287308,10,558.481086046,83.5711063243,15.9241863146,103.295960487,19.4297939296,99.3894936983,78.5861921031,5150.01500025,0.0158324837685,4490.39554223,4481.75892234,64,70.0308810337
54.4640025869,2500.00669621,-0.0333938565689,0.00445214891806,-490.331329346,0.000193895248231,3.06633628497e-05,99.6487960815,39.0551567078,0.971962511539,0.000116415321827,0.000465661287308,10,558.481086046,46.9110850235,7.86910914446,101.0594219,18.4152642312,99.3894936983,78.5861921031,5150.01453459,0.0158324837685,4490.39554223,4481.75892234,64,70.0308810337
54.4960025884,2500.00553206,-0.0285277863554,0.00380339263938,-490.331420898,0.000159273855388,2.86718659481e-05,99.6485214233,39.0553092957,0.971962332726,0.000116415321827,0.000465661287308,10,558.481086046,13.6948938052,1.042869885,98.9198346304,17.563206367,99.3894936983,81.952290202,5150.01453459,0.0158324837685,4490.39554223,4481.75892234,64,70.0308810337
54.5280025899,2500.00483356,-0.0233922534676,0.00311871105805,-490.331787109,0.000131249238621,2.66290589934e-05,99.6479415894,39.0554389954,0.971961915493,0.000116415321827,0.000465661287308,10,558.481086046,2.11698974146,-1.46647670512,96.8362968844,16.8097241002,114.273629151,94.8716697167,5150.01453459,0.0158324837685,4490.39554223,4481.75892234,64,70.0308810337
54.5600025915,2500.00413507,-0.0190012574564,0.00253329309635,-490.332000732,0.000111382265459,2.37139756791e-05,99.6476669312,39.0555686951,0.971961677074,0.000116415321827,0.000465661287308,10,558.481086046,3.69663754912,-1.05792422147,94.8006781114,16.0058763705,129.58041043,102.752645034,5150.01593158,0.0162981450558,4490.39554223,4481.75892234,64,70.0308810337
54.592002593,2500.00343658,-0.0153256571878,0.0020432532765,-490.33215332,9.75170551101e-05,2.04299085453e-05,99.6473464966,39.0557022095,0.971961438656,0.000116415321827,0.000465661287308,10,558.481086046,4.76143107842,-0.802302020957,92.8102901024,15.177252437,139.898256748,107.683597889,5150.01546592,0.0162981450558,4490.39554223,4481.75892234,64,70.0308810337
54.6240025945,2500.00320375,-0.0123279022546,0.00164358539041,-490.332427979,8.69093637448e-05,1.75584518729e-05,99.6469345093,39.0558357239,0.971961140633,0.000116415321827,0.000465661287308,10,558.481086046,5.50740082665,-0.599493661629,90.8635946451,14.3745556197,147.126702359,111.595771159,5150.01546592,0.0162981450558,4490.39554223,4481.75892234,64,70.0308810337
54.656002596,2500.00273809,-0.00993358106882,0.0013243687572,-490.332550049,7.79883994255e-05,1.54060089699e-05,99.6464004517,39.0559463501,0.971960783005,0.000116415321827,0.000465661287308,10,558.481086046,6.04199503732,-0.420245185501,88.9595223158,13.625281462,152.306922246,115.053473564,5150.01500025,0.0162981450558,4490.39554223,4481.75892234,64,70.0308810337
54.6880025975,2500.00273809,-0.00798256927226,0.00106425525155,-490.332794189,7.03260666342e-05,1.38656560011e-05,99.6460800171,39.0560760498,0.971960544586,0.000116415321827,0.000465661287308,10,558.481086046,6.4343412421,-0.253792082769,87.0971794865,12.9419325162,156.108755618,118.264353659,5150.01500025,0.0162981450558,4490.39554223,4481.75892234,64,70.0308810337
54.7200025991,2500.00227243,-0.00649543796527,0.000865987327415,-490.332763672,6.39026548015e-05,1.27122902995e-05,99.6454391479,39.0561752319,0.971960067749,0.000116415321827,0.000465661287308,10,558.481086046,6.72936393593,-0.0958030599962,85.2756066057,12.3281711923,158.967523021,121.311961266,5150.01453459,0.0162981450558,4490.39554223,4481.75892234,64,70.0308810337
54.7520026006,2500.0020396,-0.00525801091555,0.000701010576449,-490.332824707,5.87163267483e-05,1.17746785691e-05,99.6449966431,39.0562896729,0.971959710121,0.000116415321827,0.000465661287308,10,558.481086046,6.9565056909,0.0555908099456,83.4939173703,11.7826066902,161.168529303,124.232348753,5150.01500025,0.0162981450558,4490.39554223,4481.75892234,64,70.0308810337
54.7840026021,2500.0020396,-0.00423661594695,0.00056483579101,-490.332946777,5.45962975593e-05,1.0987888345e-05,99.644859314,39.0564231873,0.971959650517,0.000116415321827,0.000465661287308,10,558.481086046,7.13525693764,0.201276699392,81.7513353492,11.3011645786,162.900629221,127.042629174,5150.01546592,0.0162981450558,4490.39554223,4481.75892234,64,70.0308810337
54.8160026036,2500.0020396,-0.00343761108468,0.000458310532849,-490.333068848,5.13177801622e-05,1.03248266896e-05,99.6445388794,39.0565338135,0.971959352493,0.000116415321827,0.000465661287308,10,558.481086046,7.27869019098,0.341740024314,80.0470108635,10.8784318155,164.290497196,129.752166686,5150.01546592,0.0162981450558,4490.39554223,4481.75892234,64,70.0308810337
54.8480026051,2500.00180677,-0.00277593636966,0.000370094465325,-490.33303833,4.86915778311e-05,9.77939180302e-06,99.6440353394,39.056640625,0.971958994865,0.000116415321827,0.000465661287308,10,558.481086046,7.39571380553,0.477296148972,78.380086909,10.5086245399,165.42445519,132.367043989,5150.01500025,0.0162981450558,4490.39554223,4481.75892234,64,70.0308810337
54.8800026067,2500.00157394,-0.00224210117139,0.000298922299407,-490.332977295,4.65906850877e-05,9.33423052629e-06,99.6438064575,39.0567512512,0.971958816051,0.000116415321827,0.000465661287308,10,558.481086046,7.49664341697,0.620530315988,76.7498017045,10.1861502516,166.402460309,135.130030685,5150.01593158,0.0162981450558,4490.39554223,4481.75892234,64,70.0308810337
54.9120026082,2500.00157394,-0.00181146453393,0.000241508780164,-490.33303833,4.48571117886e-05,8.98691087059e-06,99.6436386108,39.0568695068,0.971958696842,0.000116415321827,0.000465661287308,10,558.481086046,7.60377760881,0.830043231918,75.1553568447,9.908340885,167.440593941,139.171534101,5150.01546592,0.0162981450558,4490.39554223,4481.75892234,64,70.0308810337
54.9440026097,2500.00157394,-0.00146442236115,0.000195240296307,-490.333099365,4.34388603026e-05,8.7133512352e-06,99.6432266235,39.0569763184,0.971958398819,0.000116415321827,0.000465661287308,10,558.481086046,7.71618796012,1.07188944874,73.5961297198,9.67337896899,168.529848452,143.836747156,5150.01546592,0.0162981450558,4490.39554223,4481.75892234,64,70.0308810337
54.9760026112,2500.00157394,-0.00118388088222,0.000157837828738,-490.333129883,4.22932425863e-05,8.49178013596e-06,99.6429977417,39.0570831299,0.971958220005,0.000116415321827,0.000465661287308,10,558.481086046,8.33631913064,1.42517410481,72.0714317968,9.47693187255,169.421997271,147.9354396,5150.01500025,0.0162981450558,4490.39554223,4481.75892234,64,70.0308810337
55.0080026127,2500.0013411,-0.00095674335121,0.000127555307699,-490.33303833,4.13742091041e-05,8.30977933219e-06,99.6427230835,39.0571975708,0.971958041191,0.000116415321827,0.000465661287308,10,558.481086046,21.4438850564,4.98000782972,70.5805965169,9.31723797644,169.421997271,148.617880768,5150.01500025,0.0162981450558,4490.39554223,4481.75892234,64,70.0308810337
55.0400026143,2500.0013411,-0.000771027297564,0.00010279520211,-490.333068848,4.06552171626e-05,8.15644216345e-06,99.6427230835,39.0573120117,0.971958041191,0.000116415321827,0.000465661287308,10,558.481086046,50.5537143852,12.2994029615,69.1228840735,10.0579430102,169.421997271,145.595287904,5150.01453459,0.0162981450558,4490.39554223,4484.78152975,64,70.0308810337
55.0720026158,2500.0013411,-0.000624574725272,8.32697987789e-05,-490.333068848,4.00683384214e-05,8.03219154477e-06,99.7122116089,39.0409622192,0.972009301186,0.000116415321827,0.000465661287308,10,558.481086046,84.1239104954,18.2941117072,79.2138858279,14.6866423975,160.151103046,128.025305457,5150.01360327,0.0162981450558,4499.66685846,4502.35093012,64,70.0308810337
55.1040026173,2500.0013411,-0.000505026243047,6.7331304308e-05,-490.333099365,3.95762726839e-05,7.93913932284e-06,99.8221511841,39.0151672363,0.972090125084,0.000116415321827,0.000465661287308,10,558.481086046,100.301962256,21.642579957,95.8622130114,18.7281805449,137.816838105,110.442597361,5150.01500025,0.0162981450558,4522.00090513,4519.93290335,64,70.0308810337
55.1360026188,2500.0013411,-0.00040858680328,5.44737704331e-05,-490.333099365,3.91748035327e-05,7.86529381003e-06,99.8728408813,39.003276825,0.972127318382,0.000116415321827,0.000465661287308,10,558.481086046,107.33211947,23.0557520008,104.322006634,21.0280733327,121.023331303,97.4693612079,5150.01453459,0.0162981450558,4538.79497945,4532.90576115,64,70.0308810337
55.1680026203,2500.0013411,-0.000330387578407,4.40480616817e-05,-490.333129883,3.88540174754e-05,7.80392292654e-06,99.8969039917,38.9976577759,0.972144901752,0.000116415321827,0.000465661287308,10,558.481086046,109.830395854,23.2740682632,107.957036495,21.9398358054,110.170898552,88.7157657417,5150.01453459,0.0162981450558,4549.64675009,4541.66019335,64,70.0308810337
55.2000026219,2500.0013411,-0.000266941302396,3.55892516382e-05,-490.333129883,3.85988896596e-05,7.75258558861e-06,99.908821106,38.9948387146,0.972153663635,0.000116415321827,0.000465661287308,10,558.481086046,109.912507087,22.7758633008,108.836937831,21.9450840389,103.64906484,83.0962526379,5150.01453459,0.0162981450558,4556.16926774,4547.27979377,64,70.0308810337
55.2320026234,2500.0013411,-0.000215583412233,2.874209531e-05,-490.333129883,3.83944789064e-05,7.71042414272e-06,99.9142532349,38.9934768677,0.972157597542,0.000116415321827,0.000465661287308,10,558.481086046,108.369145522,21.8334995611,107.88274817,21.3817009964,100.218268926,79.7801985755,5150.01453459,0.0162981450558,4559.60026011,4550.59623346,64,70.0308810337
55.2640026249,2500.0013411,-0.000174113820584,2.3213271561e-05,-490.333129883,3.82291073038e-05,7.67649271438e-06,99.9146652222,38.9934120178,0.972157895565,0.000116415321827,0.000465661287308,10,558.481086046,102.610137584,20.1072097711,105.26301162,20.361320598,99.3867142824,78.583798313,5150.01453459,0.0162981450558,4560.43146551,4551.79298297,65,70.0352611602
55.2960026264,2500.0013411,-0.000140663258819,1.87535624718e-05,-490.333129883,3.80947240046e-05,7.64942433307e-06,99.9138412476,38.9936599731,0.972157299519,0.000116415321827,0.000465661287308,10,558.481086046,76.399345688,14.3481395717,102.804545633,19.1976209388,99.3867142824,78.583798313,5150.01406893,0.0162981450558,4560.43146551,4551.79298297,65,70.0352611602
55.3280026279,2500.0013411,-0.000113665188373,1.51541144078e-05,-490.3331604,3.79856355721e-05,7.62776244301e-06,99.9137039185,38.9938240051,0.972157239914,0.000116415321827,0.000465661287308,10,558.481086046,38.8406788361,6.09569649791,100.596822888,18.2202940016,99.3867142824,78.583798313,5150.01360327,0.0162981450558,4560.43146551,4551.79298297,65,70.0352611602
55.3600026295,2500.0013411,-9.18539064254e-05,1.22461824503e-05,-490.3331604,3.78974000341e-05,7.6102892308e-06,99.913520813,38.9939537048,0.9721570611,0.000116415321827,0.000465661287308,10,558.481086046,8.99352487797,0.123313002639,98.4705960903,17.3993080242,100.157805718,84.5088798087,5150.01360327,0.0162981450558,4560.43146551,4551.79298297,65,70.0352611602
55.392002631,2500.0013411,-7.42225308992e-05,9.89552518149e-06,-490.3331604,3.78262266167e-05,7.59611657486e-06,99.9130783081,38.9940567017,0.972156763077,0.000116415321827,0.000465661287308,10,558.481086046,2.51845649174,-1.35382795381,96.397657359,16.64327672,118.163836305,97.044663562,5150.01406893,0.0162981450558,4560.43146551,4551.79298297,65,70.0352611602
55.4240026325,2500.0013411,-5.99687244307e-05,7.99517329142e-06,-490.3331604,3.77688338631e-05,7.58461465011e-06,99.9127120972,38.9941825867,0.972156465054,0.000116415321827,0.000465661287308,10,558.481086046,3.95838724775,-0.995860563157,94.371890469,15.8286560112,132.116765599,103.949852928,5150.01453459,0.0162981450558,4560.43146551,4551.79298297,65,70.0352611602
55.456002634,2500.0013411,-4.84487935881e-05,6.45930913379e-06,-490.3331604,3.7722507841e-05,7.57530324336e-06,99.9122543335,38.9942817688,0.97215616703,0.000116415321827,0.000465661287308,10,558.481086046,4.94327751944,-0.755949357783,92.3909221785,15.0022185364,141.660348163,108.57774032,5150.01406893,0.0162981450558,4560.43146551,4551.79298297,65,70.0352611602
55.4880026355,2500.0013411,-3.91423594925e-05,5.21855281477e-06,-490.3331604,3.7685080315e-05,7.56778263167e-06,99.911895752,38.9943962097,0.972155869007,0.000116415321827,0.000465661287308,10,558.481086046,5.63660470138,-0.559701061536,90.4534120456,14.2092756326,148.378690938,112.363370135,5150.01500025,0.0162981450558,4560.43146551,4551.79298297,65,70.0352611602
55.5200026371,2500.0013411,-3.1625646546e-05,4.21640697823e-06,-490.3331604,3.76548196073e-05,7.56171857574e-06,99.9115829468,38.9944992065,0.972155690193,0.000116415321827,0.000465661287308,10,558.481086046,6.13596698529,-0.383781658908,88.5583345954,13.4734022333,153.217508341,115.756854939,5150.01453459,0.0162981450558,4560.43146551,4551.79298297,65,70.0352611602
55.5520026386,2500.0013411,-2.55537015159e-05,3.40688052347e-06,-490.3331604,3.76303505618e-05,7.55682549425e-06,99.9110794067,38.994594574,0.972155272961,0.000116415321827,0.000465661287308,10,558.481086046,6.50436331743,-0.219385342764,86.7047595757,12.8048530865,156.78726777,118.928059237,5150.01453459,0.0162981450558,4560.43146551,4551.79298297,65,70.0352611602
55.5840026401,2500.0013411,-2.06468626918e-05,2.75268916994e-06,-490.3331604,3.7610574509e-05,7.55287192078e-06,99.9106674194,38.9946937561,0.972154974937,0.000116415321827,0.000465661287308,10,558.481086046,6.78280628101,-0.0629164132915,84.8917713841,12.2059007176,159.485382028,121.946344734,5150.01453459,0.0162981450558,4560.43146551,4551.79298297,65,70.0352611602
55.6160026416,2500.0013411,-1.66827610754e-05,2.22418566409e-06,-490.3331604,3.75946037821e-05,7.54967641114e-06,99.9105300903,38.9948043823,0.972154915333,0.000116415321827,0.000465661287308,10,558.481086046,6.99822283025,0.0872021904533,83.1185789399,11.6744474813,161.572766956,124.842132209,5150.01406893,0.0162981450558,4560.43146551,4551.79298297,65,70.0352611602
55.6480026431,2500.0013411,-1.34796097895e-05,1.79713379111e-06,-490.3331604,3.75817071472e-05,7.5470925367e-06,99.9099960327,38.9949035645,0.9721544981,0.000116415321827,0.000465661287308,10,558.481086046,7.16848918853,0.231738408616,81.384215367,11.2060206594,163.222648553,127.630235511,5150.01406893,0.0162981450558,4560.43146551,4551.79298297,65,70.0352611602
55.6800026447,2500.03510155,10.2466692624,-1.36611044407,-491.71585083,0.00119766988792,8.67126291269e-05,99.9096298218,38.9949951172,0.972154259682,0.000116415321827,0.000465661287308,11,552.115729079,7.30563637284,0.371127517199,79.6879408585,10.7950964219,164.551602211,130.319051095,5150.01453459,0.0162981450558,4560.43146551,4551.79298297,65,70.0352611602
55.7120026462,2503.34013253,183.828102308,-24.5084018707,-516.47869873,0.127828672528,0.00241074152291,99.9094009399,38.9950904846,0.972154080868,0.000116415321827,0.000465661287308,11,552.115729079,7.4178855781,0.505667466135,78.0288910856,10.435835056,165.639299667,132.914326969,5150.01453459,0.0162981450558,4560.43146551,4551.79298297,65,70.0352611602
55.7440026477,2511.56254672,315.720477374,-42.0926094055,-538.094604492,0.451605707407,0.00453846203163,99.9090423584,38.9951858521,0.972153782845,0.000116415321827,0.000465661287308,11,552.115729079,7.51868151157,0.659261503872,76.4063701904,10.1230121338,166.616009665,135.877155117,5150.01453459,0.0162981450558,4560.43146551,4551.79298297,65,70.0352611602
55.7760026492,2523.46042544,417.202652898,-55.6224555969,-557.458374023,0.887954711914,0.0210286397487,99.9089126587,38.9952926636,0.97215372324,0.000116415321827,0.000465661287308,11,552.115729079,7.6276688829,0.881604071066,74.8195358187,9.85459318648,167.672100361,140.166142955,5150.01406893,0.0162981450558,4560.43146551,4551.79298297,65,70.0352611602
55.8080026507,2538.18673082,494.766165502,-65.9634094238,-575.020141602,1.39161598682,0.0566062070429,99.9085464478,38.9953842163,0.972153425217,0.000116415321827,0.000465661287308,11,552.115729079,7.73980318005,1.12142102661,73.2677287365,9.62832766311,168.758677319,144.792211358,5150.01453459,0.0162981450558,4560.43146551,4551.79298297,65,70.0352611602
55.8400026523,2555.05810492,553.23948618,-73.7592086792,-591.088500977,1.94220733643,0.108383342624,99.9081802368,38.9954566956,0.972153186798,0.000116415321827,0.000465661287308,11,552.115729079,9.67815475168,1.81214400611,71.750297035,9.43959818022,169.418941368,148.447914398,5150.01406893,0.0162981450558,4560.43146551,4551.79298297,65,70.0352611602
55.8720026538,2573.53764027,596.821540967,-79.5696716309,-605.960083008,2.52717208862,0.172641500831,99.9079055786,38.9955482483,0.97215294838,0.000116415321827,0.000465661287308,11,552.115729079,26.4333052799,6.31956817852,70.2665228817,9.28768873665,169.418941368,148.618011735,5150.01500025,0.0162981450558,4560.43146551,4551.79298297,65,70.0352611602
55.9040026553,2593.20717305,628.791633062,-83.8320007324,-619.867004395,3.13715171814,0.246306329966,99.9075088501,38.9956321716,0.972152650356,0.000116415321827,0.000465661287308,11,552.115729079,58.5436244624,13.8126613468,68.8159155137,10.9002762602,169.418941368,142.513570609,5150.01406893,0.0162981450558,4560.43146551,4557.89733678,65,70.0352611602
55.9360026568,2613.73608373,651.463284157,-86.8546447754,-632.955627441,3.76469278336,0.326977908611,99.9784469604,38.9975738525,0.972204506397,0.000116415321827,0.000465661287308,11,552.115729079,88.6961730596,19.2179674578,83.5988087938,15.6873345951,155.202040332,123.953810544,5150.01500025,0.0162981450558,4574.64857027,4576.45626739,65,70.0352611602
55.9680026583,2634.85824689,666.588835884,-88.8712158203,-645.329162598,4.40357303619,0.412814676762,100.045707703,38.9994163513,0.97225356102,0.000116415321827,0.000465661287308,11,552.115729079,102.376102257,22.0794889937,98.2420104302,19.3637222213,133.659865241,107.258660137,5150.01406893,0.0162981450558,4596.18959576,4593.15162152,65,70.0352611602
56.0000026599,2656.35619871,675.529765431,-90.0632400513,-657.062316895,5.04854774475,0.502376675606,100.07624054,39.00025177,0.972275733948,0.000116415321827,0.000465661287308,11,552.115729079,108.145892331,23.1830115936,105.412247504,21.3223717849,118.250580272,95.2764094109,5150.01453459,0.0162981450558,4611.59879342,4605.13494909,65,70.0352611602
56.0320026614,2678.04856412,679.24632458,-90.5587463379,-668.194274902,5.69505786896,0.594536304474,100.091011047,39.0006484985,0.972286522388,0.000116415321827,0.000465661287308,11,552.115729079,110.010996617,23.2159824399,108.332960911,22.0034958166,108.460160845,87.2817399795,5150.01406893,0.0162981450558,4621.38978764,4613.12988773,65,70.0352611602
56.0640026629,2699.7809764,678.4243742,-90.4491577148,-678.740722656,6.33912181854,0.688384950161,100.09853363,39.0008659363,0.972291946411,0.000116415321827,0.000465661287308,11,552.115729079,109.704299076,22.6050173661,108.768179745,21.8637126127,102.68400365,82.2134825285,5150.01453459,0.0162981450558,4627.16631591,4618.19814518,65,70.0352611602
56.0960026644,2721.42095491,673.767528497,-89.8283004761,-688.730651855,6.97720098495,0.783185422421,100.102058411,39.0009613037,0.972294509411,0.000116415321827,0.000465661287308,11,552.115729079,107.855053025,21.5893486583,107.479267781,21.2084488583,99.8117902782,79.3166109361,5150.01406893,0.0162981450558,4630.03851473,4621.09548971,65,70.0352611602
56.1280026659,2742.85278283,665.709609166,-88.7539978027,-698.165100098,7.6061425209,0.878323376179,100.101478577,39.0010757446,0.972294092178,0.000116415321827,0.000465661287308,11,552.115729079,98.771338553,19.2639380286,104.68755178,20.0942503332,99.3888970697,78.5856245784,5150.01453459,0.0162981450558,4630.46133518,4621.82657793,66,70.0300079188
56.1600026675,2763.97448033,654.629780911,-87.2768096924,-707.044616699,8.22313117981,0.973269820213,100.100700378,39.0011367798,0.972293555737,0.000116415321827,0.000465661287308,11,552.115729079,68.6932760512,12.6550998868,102.31839,18.973325792,99.3888970697,78.5856245784,5150.01453459,0.0162981450558,4630.46133518,4621.82657793,66,70.0300079188
56.192002669,2784.69547629,640.850223135,-85.4396820068,-715.367614746,8.8256187439,1.06758105755,100.100341797,39.0011749268,0.972293257713,0.000116415321827,0.000465661287308,11,552.115729079,31.1337448706,4.40240960038,100.13386496,18.0319234349,99.3888970697,78.5856245784,5150.01406893,0.0162981450558,4630.46133518,4621.82657793,66,70.0300079188
56.2240026705,2804.93381433,624.694919679,-83.2858200073,-723.137268066,9.41131496429,1.16084980965,100.100028992,39.0012130737,0.972293019295,0.000116415321827,0.000465661287308,11,552.115729079,5.65095951753,-0.641509687966,98.0201709293,17.2389713751,102.968740975,87.3755343491,5150.01500025,0.0162981450558,4630.46133518,4621.82657793,66,70.0300079188
56.256002672,2824.61754978,606.341811363,-80.8389434814,-730.34197998,9.97822284698,1.25269806385,100.099525452,39.0012397766,0.972292661667,0.000116415321827,0.000465661287308,11,552.115729079,2.8802195126,-1.25846314552,95.9576627418,16.4726248931,121.6693272,98.8842512015,5150.01500025,0.0162981450558,4630.46133518,4621.82657793,66,70.0300079188
56.2880026735,2843.68102439,586.088513955,-78.1387252808,-736.989196777,10.5245275497,1.34279954433,100.099250793,39.0012893677,0.972292482853,0.000116415321827,0.000465661287308,11,552.115729079,4.20123936839,-0.938424302705,93.9416232128,15.6502874863,134.469999466,105.057799374,5150.01546592,0.0162981450558,4630.46133518,4621.82657793,66,70.0300079188
56.3200026751,2862.06626333,564.079091419,-75.2043762207,-743.069763184,11.0486707687,1.43082690239,100.098976135,39.0013198853,0.972292304039,0.000116415321827,0.000465661287308,11,552.115729079,5.11288143931,-0.711308756853,91.9701112651,14.8281084788,143.303812365,109.43885718,5150.01546592,0.0162981450558,4630.46133518,4621.82657793,66,70.0300079188
56.3520026766,2879.72064689,540.548935533,-72.067276001,-748.589172363,11.549325943,1.51646232605,100.098625183,39.0013580322,0.972292006016,0.000116415321827,0.000465661287308,11,552.115729079,5.75774303361,-0.520647352669,90.0418230807,14.0459907435,149.552521179,113.116715511,5150.01546592,0.0162981450558,4630.46133518,4621.82657793,66,70.0300079188
56.3840026781,2896.59854025,515.6781408,-68.7514419556,-753.549072266,12.0253534317,1.59941267967,100.098396301,39.0013923645,0.972291886806,0.000116415321827,0.000465661287308,11,552.115729079,6.22456388872,-0.347686261749,88.1557771336,13.3240656328,154.076013132,116.453134979,5150.01500025,0.0162981450558,4630.46133518,4621.82657793,66,70.0300079188
56.4160026796,2912.65919805,489.549362101,-65.2678909302,-757.940612793,12.4758720398,1.67937266827,100.098075867,39.0014266968,0.972291648388,0.000116415321827,0.000465661287308,11,552.115729079,6.57076006461,-0.185197016876,86.3110651462,12.6704664437,157.430651598,119.587552035,5150.01500025,0.0162981450558,4630.46133518,4621.82657793,66,70.0300079188
56.4480026811,2927.86723003,462.502677692,-61.6619644165,-761.791687012,12.900177002,1.75604820251,100.097709656,39.0014572144,0.972291350365,0.000116415321827,0.000465661287308,11,552.115729079,6.83376368088,-0.0301840277268,84.5067202423,12.0863047178,159.979157615,122.577752336,5150.01593158,0.0162981450558,4630.46133518,4621.82657793,66,70.0300079188
56.4800026827,2942.19283387,434.49504301,-57.9279174805,-765.08190918,13.29778862,1.82913720608,100.09740448,39.0014877319,0.972291171551,0.000116415321827,0.000465661287308,11,552.115729079,7.03821405886,0.118686076888,82.741958666,11.5688006858,161.960284458,125.449456391,5150.01593158,0.0162981450558,4630.46133518,4621.82657793,66,70.0300079188
56.5120026842,2955.61132953,405.852508266,-54.1092262268,-767.842773438,13.6684026718,1.89835166931,100.097084045,39.0015220642,0.972290933132,0.000116415321827,0.000465661287308,11,552.115729079,7.20050780829,0.262086955092,81.0158941143,11.1132096954,163.532909937,128.215659061,5150.01500025,0.0162981450558,4630.46133518,4621.82657793,66,70.0300079188
56.5440026857,2968.1022279,376.595475245,-50.2086105347,-770.066833496,14.0119180679,1.96340513229,100.096809387,39.0015525818,0.972290694714,0.000116415321827,0.000465661287308,11,552.115729079,7.33171227451,0.400413149306,79.3277062071,10.7138833949,164.804281667,130.883970996,5150.01546592,0.0162981450558,4630.46133518,4621.82657793,66,70.0300079188
56.5760026872,2979.64899801,346.889195498,-46.2480964661,-771.768066406,14.3284025192,2.02398657799,100.096488953,39.0015830994,0.972290456295,0.000116415321827,0.000465661287308,11,552.115729079,7.43950615796,0.534149685652,77.6765965392,10.3649546033,165.84880359,133.46374908,5150.01546592,0.0162981450558,4630.46133518,4621.82657793,66,70.0300079188
56.6080026887,2990.24116248,316.899677273,-42.2498207092,-772.963500977,14.618065834,2.07982516289,100.095863342,39.0015907288,0.972290039062,0.000116415321827,0.000465661287308,11,552.115729079,7.54142370451,0.701839996275,76.0617960044,10.0617354358,166.836383869,136.698494316,5150.01453459,0.0162981450558,4630.46133518,4621.82657793,66,70.0300079188
56.6400026903,2999.86847676,286.684953608,-38.2215232849,-773.655761719,14.8812599182,2.13061642647,100.09577179,39.0016326904,0.972289979458,0.000116415321827,0.000465661287308,11,552.115729079,7.65194013202,0.933998509074,74.4825794455,9.80266021214,167.907288414,141.176831676,5150.01500025,0.0162981450558,4630.46133518,4621.82657793,66,70.0300079188
56.6720026918,3008.52628425,256.344501395,-34.1764602661,-773.855957031,15.1184253693,2.17609381676,100.095497131,39.0016555786,0.972289741039,0.000116415321827,0.000465661287308,11,552.115729079,7.76320598019,1.16938429182,72.9382290302,9.58487774602,168.985454366,145.717422129,5150.01546592,0.0162981450558,4630.46133518,4621.82657793,66,70.0300079188
56.7040026933,3016.21155813,225.921452511,-30.120388031,-773.56817627,15.3300924301,2.21598863602,100.09526825,39.0016860962,0.972289562225,0.000116415321827,0.000465661287308,11,552.115729079,11.8340910193,2.40045730272,71.4281294735,9.40395835253,169.422812178,148.619044921,5150.01500025,0.0162981450558,4630.46133518,4621.82657793,66,70.0300079188
56.7360026948,3022.9263939,195.812870516,-26.1062393188,-772.846557617,15.5169095993,2.25006055832,100.095085144,39.0017280579,0.972289443016,0.000116415321827,0.000465661287308,11,552.115729079,32.1371206991,7.85049860785,69.9515409688,9.2594671205,169.422812178,148.619044921,5150.01500025,0.0162981450558,4630.46133518,4621.82657793,66,70.0300079188
56.7680026963,3028.71409804,167.978083482,-22.3952388763,-771.973449707,15.6801605225,2.27850532532,100.094856262,39.001750946,0.972289264202,0.000116415321827,0.000465661287308,11,552.115729079,67.0568453227,15.2065260804,68.5079654281,11.8834859435,169.422812178,138.863702887,5150.01593158,0.0162981450558,4630.46133518,4631.5821819,66,70.0300079188
56.8000026979,3033.63753483,141.521653859,-18.8680057526,-770.860351562,15.821349144,2.30173397064,100.146644592,39.0329704285,0.972326874733,0.000116415321827,0.000465661287308,11,552.115729079,92.5934900777,20.0220770498,87.5420377842,16.6231224776,150.224208483,120.012635307,5150.01500025,0.0162981450558,4649.65961874,4650.43354779,66,70.0300079188
56.8320026994,3037.72604093,115.671748063,-15.4216337204,-769.418701172,15.9414987564,2.31981182098,100.179298401,39.05260849,0.972350597382,0.000116415321827,0.000465661287308,11,552.115729079,104.098079559,22.4365501668,100.279138116,19.9176324403,129.809573991,104.300925159,5150.01639724,0.0162981450558,4670.07467523,4666.14542529,66,70.0300079188
56.8640027009,3040.99009372,89.9341321201,-11.9902334213,-767.587768555,16.041349411,2.33260726929,100.194023132,39.061580658,0.972361207008,0.000116415321827,0.000465661287308,11,552.115729079,108.790183505,23.2621764178,106.315060878,21.5583353701,115.738046588,93.2668554015,5150.01500025,0.0162981450558,4684.14649367,4677.17973515,66,70.0300079188
56.8960027024,3043.42992604,64.0946818748,-8.54525661469,-765.339111328,16.1214675903,2.33989167213,100.20136261,39.0659446716,0.972366571426,0.000116415321827,0.000465661287308,11,552.115729079,110.096953381,23.1289727335,108.599701559,22.0300409646,106.932122435,85.9807259985,5150.01500025,0.0162981450558,4692.95261428,4684.46640298,66,70.0300079188
56.9280027039,3045.04064843,38.1273021048,-5.08322286606,-762.666870117,16.1822967529,2.34138560295,100.205070496,39.0681419373,0.972369253635,0.000116415321827,0.000465661287308,11,552.115729079,109.428351129,22.4159747472,108.623426651,21.7591013636,101.850899227,81.4291488496,5150.01453459,0.0162981450558,4698.03344458,4689.01824206,66,70.0300079188
56.9600027055,3045.81434466,11.8411562653,-1.57869124413,-759.541687012,16.2241802216,2.33683300018,100.206794739,39.0690841675,0.972370505333,0.000116415321827,0.000465661287308,11,552.115729079,107.279974076,21.3323170594,107.011475471,21.0198219229,99.5120863081,78.9320838521,5150.01453459,0.0162981450558,4700.37199557,4691.51604921,66,70.0300079188
56.992002707,3045.74263282,-14.7400414789,1.96517753601,-755.962646484,16.2474269867,2.32595276833,100.20589447,39.0689468384,0.972369849682,0.000116415321827,0.000465661287308,11,552.115729079,93.8428992878,18.1810531093,104.150481322,19.8377479525,99.387136288,78.5843803897,5150.01406893,0.0162981450558,4700.49725845,4691.86343253,67,70.0356540619
57.0240027085,3044.81759667,-41.483915993,5.53073501587,-751.94354248,16.2522354126,2.30853152275,100.205207825,39.0688514709,0.97236931324,0.000116415321827,0.000465661287308,11,552.115729079,60.6225292596,10.8817664399,101.843946754,18.7579101584,99.387136288,78.5843803897,5150.01453459,0.0162981450558,4700.49725845,4691.86343253,67,70.0356540619
57.05600271,3043.02945733,-68.6444109306,9.15183734894,-747.445678711,16.2386398315,2.28439188004,100.204978943,39.0687904358,0.972369194031,0.000116415321827,0.000465661287308,11,552.115729079,23.9673661458,2.91307728206,99.6782098771,17.8510040415,99.387136288,78.9914702182,5150.01406893,0.0162981450558,4700.49725845,4691.86343253,67,70.0356540619
57.0880027115,3040.36564194,-96.1548794294,12.8195981979,-742.471740723,16.2063007355,2.2534725666,100.204711914,39.0687332153,0.972368955612,0.000116415321827,0.000465661287308,11,552.115729079,3.32487408876,-1.19896500545,97.5761183618,17.0801766007,106.921768747,90.3362670215,5150.01500025,0.0162981450558,4700.49725845,4691.86343253,67,70.0356540619
57.1200027131,3036.81497462,-124.068697914,16.541135788,-737.009216309,16.1548233032,2.21573925018,100.204353333,39.0686721802,0.972368717194,0.000116415321827,0.000465661287308,11,552.115729079,3.20760463493,-1.17595053522,95.5238063238,16.299757308,124.841681099,100.475917861,5150.01453459,0.0162981450558,4700.49725845,4691.86343253,67,70.0356540619
57.1520027146,3032.36581385,-152.278589667,20.3021450043,-731.066589355,16.0837249756,2.171210289,100.204353333,39.0686378479,0.972368717194,0.000116415321827,0.000465661287308,11,552.115729079,4.4243474365,-0.884997122291,93.5173916085,15.4728107583,136.631919304,106.088409666,5150.01500025,0.0162981450558,4700.49725845,4691.86343253,67,70.0356540619
57.1840027161,3027.00744942,-180.856062798,24.1121635437,-724.629211426,15.992395401,2.11996030807,100.203895569,39.0685768127,0.972368359566,0.000116415321827,0.000465661287308,11,552.115729079,5.26941009754,-0.668400990897,91.5552627552,14.6566399344,144.820573041,110.26654829,5150.01546592,0.0162981450558,4700.49725845,4691.86343253,67,70.0356540619
57.2160027176,3020.72917111,-209.787525819,27.969373703,-717.693603516,15.8801116943,2.06210684776,100.203483582,39.068523407,0.972368061543,0.000116415321827,0.000465661287308,11,552.115729079,5.87006319807,-0.482528760089,89.636086647,13.8861888063,150.640902575,113.852023787,5150.01500025,0.0162981450558,4700.49725845,4691.86343253,67,70.0356540619
57.2480027191,3013.51910457,-239.082874032,31.8751010895,-710.252502441,15.745926857,1.99784874916,100.203346252,39.0684776306,0.972368001938,0.000116415321827,0.000465661287308,11,552.115729079,6.30710591276,-0.312210212463,87.7589696556,13.1784903274,154.875844601,117.137467896,5150.01546592,0.0162981450558,4700.49725845,4691.86343253,67,70.0356540619
57.2800027207,3005.3651426,-268.762465566,35.8320541382,-702.297363281,15.5887155533,1.92745518684,100.203178406,39.0684242249,0.972367882729,0.000116415321827,0.000465661287308,11,552.115729079,6.63290338034,-0.15149148533,85.9229156055,12.5397898223,158.032824402,120.237731608,5150.01546592,0.0162981450558,4700.49725845,4691.86343253,67,70.0356540619
57.3120027222,2996.2528497,-298.929517157,39.8539962769,-693.807373047,15.407122612,1.85124874115,100.2029953,39.0683860779,0.972367763519,0.000116415321827,0.000465661287308,11,552.115729079,6.88166342617,0.00212741360779,84.1270528433,11.9702063196,160.443305504,123.201039969,5150.01500025,0.0162981450558,4700.49725845,4691.86343253,67,70.0356540619
57.3440027237,2986.16662621,-329.662114382,43.9513397217,-684.764465332,15.1994695663,1.76966452599,100.202812195,39.0683441162,0.972367584705,0.000116415321827,0.000465661287308,11,552.115729079,7.07594695388,0.14978372928,82.3705902882,11.466372233,162.325915881,126.049329992,5150.01453459,0.0162981450558,4700.49725845,4691.86343253,67,70.0356540619
57.3760027252,2975.08691438,-360.975012882,48.1260528564,-675.156982422,14.9637622833,1.68321573734,100.202583313,39.0682945251,0.972367465496,0.000116415321827,0.000465661287308,11,552.115729079,7.23081150455,0.292072651155,80.6526562867,11.0232920354,163.826553035,128.794083139,5150.01453459,0.0162981450558,4700.49725845,4691.86343253,67,70.0356540619
57.4080027267,2962.99159527,-393.093068851,52.4081077576,-664.944213867,14.6975698471,1.5925385952,100.20249176,39.0682563782,0.972367346287,0.000116415321827,0.000465661287308,11,552.115729079,7.35645689013,0.429351768061,78.97238651,10.6352395486,165.044053574,131.442197016,5150.01500025,0.0162981450558,4700.49725845,4691.86343253,67,70.0356540619
57.4400027283,2949.85272922,-426.170474384,56.8180656433,-654.09185791,14.3979711533,1.4983921051,100.202171326,39.0682067871,0.972367107868,0.000116415321827,0.000465661287308,11,552.115729079,7.46065520253,0.563973205621,77.3290851003,10.2963677349,166.053738212,134.039044497,5150.01453459,0.0162981450558,4700.49725845,4691.86343253,67,70.0356540619
57.4720027298,2935.6374871,-460.345007014,61.3742980957,-642.565429688,14.0614690781,1.40167868137,100.20198822,39.0681648254,0.972366988659,0.000116415321827,0.000465661287308,11,552.115729079,7.56440944771,0.747667618634,75.7218950535,10.0027056264,167.059115483,137.582508614,5150.01500025,0.0162981450558,4700.49725845,4691.86343253,67,70.0356540619
57.5040027313,2920.30465789,-495.978281833,66.1250076294,-630.296508789,13.6838216782,1.3034850359,100.201774597,39.0681266785,0.97236686945,0.000116415321827,0.000465661287308,11,552.115729079,7.67606122234,0.986262416499,74.1501424863,9.75278917464,168.141021277,142.185002915,5150.01500025,0.0162981450558,4700.49725845,4691.86343253,67,70.0356540619
57.5360027328,2903.80371734,-533.309299499,71.1020736694,-617.228515625,13.2599506378,1.20508515835,100.201774597,39.0680923462,0.97236686945,0.000116415321827,0.000465661287308,11,552.115729079,7.78589186357,1.21536275969,72.6131754896,9.54319036375,169.205275597,146.60434681,5150.01500025,0.0162981450558,4700.49725845,4691.86343253,67,70.0356540619
57.5680027343,2886.07412949,-572.729273699,76.357635498,-603.279541016,12.7837848663,1.10799300671,100.201499939,39.0680465698,0.972366631031,0.000116415321827,0.000465661287308,11,552.115729079,14.789140436,3.19370441543,71.1102615815,9.37019001638,169.41834474,148.616367369,5150.01500025,0.0162981450558,4700.49725845,4691.86343253,67,70.0356540619
57.6000027359,2867.04069003,-614.681863226,81.9508590698,-588.353637695,12.2481117249,1.01396679878,100.201179504,39.0679969788,0.972366392612,0.000116415321827,0.000465661287308,11,552.115729079,38.5164456754,9.55027254917,69.6407488529,9.2608194654,169.41834474,148.519888171,5150.01360327,0.0162981450558,4700.49725845,4691.95982441,67,70.0356540619
57.6320027374,2846.61608748,-659.564742818,87.9347457886,-572.354858398,11.6445035934,0.925060093403,100.209022522,39.0703849792,0.972372114658,0.000116415321827,0.000465661287308,11,552.115729079,74.6239191737,16.4723410563,71.4062868601,12.9323791196,167.403792148,134.889065521,5150.01500025,0.0162981450558,4702.51170918,4705.59066162,67,70.0356540619
57.6640027389,2824.70090315,-707.672792487,94.3486251831,-555.195251465,10.9635629654,0.843529045582,100.271263123,39.0894012451,0.972417116165,0.000116415321827,0.000465661287308,11,552.115729079,95.9027998394,20.7137762904,91.0242352742,17.4817323933,145.3775767,116.247749247,5150.01546592,0.0162981450558,4724.5384194,4724.23201427,67,70.0356540619
57.6960027404,2801.19618401,-758.35280586,101.105407715,-536.913391113,10.1958227158,0.771678388119,100.303108215,39.0990524292,0.972440063953,0.000116415321827,0.000465661287308,11,552.115729079,105.517226825,22.7210992835,102.010916028,20.3934472589,126.266153529,101.563106,5150.01453459,0.0162981450558,4743.65008995,4738.91664296,67,70.0356540619
57.7280027419,2776.06607415,-809.065997601,107.866615295,-517.830078125,9.33718109131,0.710609376431,100.317649841,39.1035079956,0.972450554371,0.000116415321827,0.000465661287308,11,552.115729079,109.284440389,23.2977841994,107.049557211,21.7406538042,113.466165203,91.4281699806,5150.01453459,0.0162981450558,4756.45018741,4749.05176088,67,70.0356540619
57.7600027435,2749.31755848,-859.509746078,114.591896057,-497.989135742,8.38875579834,0.659978628159,100.324714661,39.1056861877,0.97245568037,0.000116415321827,0.000465661287308,11,552.115729079,110.093195748,23.0155094393,108.763579758,22.0226795204,105.571860331,84.8032941576,5150.01546592,0.0162981450558,4764.3436119,4755.67672402,67,70.0356540619
57.792002745,2721.16879933,-887.661648449,118.345176697,-480.433563232,7.35967159271,0.619615077972,100.328330994,39.1067810059,0.972458302975,0.000116415321827,0.000465661287308,11,552.115729079,109.083725669,22.2099458705,108.402993516,21.6331071334,101.140984043,80.7375326985,5150.01546592,0.0162981450558,4768.77437904,4759.74194705,67,70.0356540619
57.8240027465,2693.14437173,-858.280924149,114.428062439,-470.609405518,6.32169628143,0.585035324097,100.329338074,39.1071357727,0.97245901823,0.000116415321827,0.000465661287308,11,552.115729079,106.378962608,20.992143259,106.357251841,20.8066275409,99.3873618427,78.6585369497,5150.01593158,0.0162981450558,4770.52852511,4761.8211247,67,70.0356540619
57.856002748,2666.67827964,-795.932603069,106.115638733,-465.944671631,5.35587120056,0.546362102032,100.328514099,39.1069335938,0.972458422184,0.000116415321827,0.000465661287308,11,552.115729079,87.9567544473,16.8876986411,103.631598393,19.589954783,99.3873618427,78.584489529,5150.01453459,0.0162981450558,4770.52852511,4761.89563051,68,70.0309756212
57.8880027495,2642.51395129,-717.619433999,95.6747360229,-464.536987305,4.50125837326,0.499707251787,100.328330994,39.1068725586,0.972458302975,0.000116415321827,0.000465661287308,11,552.115729079,52.3904826052,9.07297628574,101.370983122,18.5498046952,99.3873618427,78.584489529,5150.01453459,0.0162981450558,4770.52852511,4761.89563051,68,70.0309756212
57.9200027511,2620.96896768,-633.939867839,84.5183792114,-465.129150391,3.76575088501,0.447089254856,100.328010559,39.106803894,0.972458064556,0.000116415321827,0.000465661287308,11,552.115729079,17.5183436753,1.73279754928,99.2215512942,17.676239328,99.3873618427,80.5237941677,5150.01453459,0.0162981450558,4770.52852511,4761.89563051,68,70.0309756212
57.9520027526,2602.09199041,-551.627133973,73.5442504883,-466.847290039,3.14129424095,0.392661929131,100.327842712,39.106754303,0.972457945347,0.000116415321827,0.000465661287308,11,552.115729079,2.13653991515,-1.47494030582,97.1307546515,16.919039715,111.387533252,93.175258371,5150.01453459,0.0162981450558,4770.52852511,4761.89563051,68,70.0309756212
57.9840027541,2585.76846682,-474.469852634,63.2574539185,-469.130126953,2.61454296112,0.340084463358,100.32775116,39.1066970825,0.972457885742,0.000116415321827,0.000465661287308,11,552.115729079,3.50947649333,-1.10265014511,95.0885581901,16.1239433142,127.766819787,101.889883808,5150.01500025,0.0162981450558,4770.52852511,4761.89563051,68,70.0309756212
58.0160027556,2571.79606706,-404.469756177,53.9248733521,-471.611602783,2.17220139503,0.291518598795,100.32775116,39.1066551208,0.972457885742,0.000116415321827,0.000465661287308,11,552.115729079,4.63199418284,-0.834501414987,93.0917902627,15.295117948,138.644012623,107.062471216,5150.01453459,0.0162981450558,4770.52852511,4761.89563051,68,70.0309756212
58.0480027571,2559.92915481,-342.427141732,45.6532058716,-474.06451416,1.80216956139,0.247916296124,100.32775116,39.1066207886,0.972457885742,0.000116415321827,0.000465661287308,11,552.115729079,5.41580028918,-0.626663994425,91.1388980076,14.4865841647,146.239093738,111.071654828,5150.01453459,0.0162981450558,4770.52852511,4761.89563051,68,70.0309756212
58.0800027587,2549.91138354,-288.357376121,38.4444961548,-476.361206055,1.49362385273,0.209513738751,100.327522278,39.1065559387,0.972457706928,0.000116415321827,0.000465661287308,11,552.115729079,5.9756600933,-0.444947225607,89.2288120011,13.7286300952,151.664135046,114.5769711,5150.01360327,0.0162981450558,4770.52852511,4761.89563051,68,70.0309756212
58.1120027602,2541.49455577,-241.803878453,32.2378692627,-478.440765381,1.23697698116,0.176169633865,100.327339172,39.1065063477,0.972457528114,0.000116415321827,0.000465661287308,11,552.115729079,6.38513355863,-0.277021204563,87.3605946661,13.0354668061,155.631933012,117.81626381,5150.01500025,0.0162981450558,4770.52852511,4761.89563051,68,70.0309756212
58.1440027617,2534.44886766,-202.099545277,26.9443950653,-480.279510498,1.02387034893,0.147538170218,100.327064514,39.1064529419,0.9724573493,0.000116415321827,0.000465661287308,11,552.115729079,6.69197347625,-0.11797154212,85.5332351775,12.4117501362,158.605209435,120.884331409,5150.01406893,0.0162981450558,4770.52852511,4761.89563051,68,70.0309756212
58.1760027632,2528.5682641,-168.483544257,22.4626293182,-481.877838135,0.847135126591,0.123167976737,100.327018738,39.1064109802,0.9724573493,0.000116415321827,0.000465661287308,11,552.115729079,6.92743485342,0.0342977868835,83.7459497795,11.8566505495,160.886833328,123.821606394,5150.01546592,0.0162981450558,4770.52852511,4761.89563051,68,70.0309756212
58.2080027647,2523.67137,-140.174146509,18.6883525848,-483.25100708,0.700686454773,0.102569788694,100.326927185,39.1063690186,0.972457289696,0.000116415321827,0.000465661287308,11,552.115729079,7.1121828388,0.180765200297,81.997888793,11.3663270936,162.677039043,126.646962599,5150.01546592,0.0162981450558,4770.52852511,4761.89563051,68,70.0309756212
58.2400027663,2519.60055903,-116.435185191,15.5234174728,-484.419891357,0.579419732094,0.0852513536811,100.326927185,39.1063270569,0.972457289696,0.000116415321827,0.000465661287308,11,552.115729079,7.26003570545,0.321952738191,80.2881659148,10.9355608341,164.109733305,129.370469949,5150.01546592,0.0162981450558,4770.52852511,4761.89563051,68,70.0309756212
58.2720027678,2516.22125506,-96.5996077866,12.8788909912,-485.407440186,0.47904586792,0.0707539319992,100.32674408,39.1062774658,0.972457110882,0.000116415321827,0.000465661287308,11,552.115729079,7.38040035356,0.458193847977,78.6159973892,10.5585376951,165.27606931,131.998560391,5150.01500025,0.0162981450558,4770.52852511,4761.89563051,68,70.0309756212
58.3040027693,2513.4193711,-80.0620764494,10.6740674973,-486.23840332,0.395997911692,0.0586567893624,100.326477051,39.1062316895,0.972456932068,0.000116415321827,0.000465661287308,11,552.115729079,7.48218880015,0.596741074359,76.9805335369,10.2295745319,166.262398125,134.671136038,5150.01500025,0.0162981450558,4770.52852511,4761.89563051,68,70.0309756212
58.3360027708,2511.09781675,-66.3070532028,8.84021472931,-486.933929443,0.32731321454,0.0485854111612,100.326393127,39.1061935425,0.972456872463,0.000116415321827,0.000465661287308,11,552.115729079,7.5879733939,0.796388201572,75.381005252,9.94544384549,167.287449585,138.522329507,5150.01406893,0.0162981450558,4770.52852511,4761.89563051,68,70.0309756212
58.3680027723,2509.17579979,-54.8819225514,7.31698894501,-487.514709473,0.270523995161,0.0402146838605,100.326301575,39.1061439514,0.972456812859,0.000116415321827,0.000465661287308,11,552.115729079,7.70025464525,1.03800357212,73.816855848,9.70455889685,168.375452631,143.183089676,5150.01453459,0.0162981450558,4770.52852511,4761.89563051,68,70.0309756212
58.4000027739,2507.58556649,-45.4045621154,6.05344486237,-487.998535156,0.223578959703,0.0332687199116,100.326301575,39.1061096191,0.972456812859,0.000116415321827,0.000465661287308,11,552.115729079,7.89543454782,1.28278028923,72.2872795948,9.50291209376,169.402133906,147.447994095,5150.01453459,0.0162981450558,4770.52852511,4761.89563051,68,70.0309756212
58.4320027754,2506.27030618,-37.5489034923,5.00610971451,-488.400939941,0.184779420495,0.0275111999363,100.326118469,39.1060676575,0.972456693649,0.000116415321827,0.000465661287308,11,552.115729079,18.5281360462,4.1974121499,70.7916245833,9.33788481303,169.422637555,148.619423271,5150.01453459,0.0162981450558,4770.52852511,4761.89563051,68,70.0309756212
58.4640027769,2505.18252142,-31.0429750243,4.13872385025,-488.734954834,0.152714848518,0.0227428488433,100.326118469,39.1060409546,0.972456693649,0.000116415321827,0.000465661287308,11,552.115729079,45.5389008417,11.2321235714,69.3292901784,9.6215393861,169.422637555,147.184851812,5150.01406893,0.0162981450558,4770.52852511,4763.33033293,68,70.0309756212
58.4960027784,2504.28309664,-25.6620478467,3.42132568359,-489.011322021,0.126217380166,0.0187970008701,100.361579895,39.1007728577,0.972482204437,0.000116415321827,0.000465661287308,11,552.115729079,80.647755982,17.609079884,76.0982296594,13.9929105192,163.304357557,130.779561005,5150.01453459,0.0162981450558,4776.64684877,4779.73558009,68,70.0309756212
58.5280027799,2503.54013406,-21.2066297536,2.82731866837,-489.241027832,0.104324124753,0.0155328726396,100.450553894,39.0877151489,0.972546160221,0.000116415321827,0.000465661287308,11,552.115729079,98.6958782566,21.3032521733,94.0656250919,18.2582091016,140.752308653,112.692199764,5150.01500025,0.0162981450558,4799.19929057,4797.82372713,68,70.0309756212
58.5600027815,2502.92569399,-17.5247714651,2.3364443779,-489.430633545,0.0862345695496,0.012833843939,100.492408752,39.0815658569,0.972576200962,0.000116415321827,0.000465661287308,11,552.115729079,106.681543601,22.9418821791,103.477755197,20.7972792393,123.024627101,99.0398184513,5150.01546592,0.0162981450558,4816.92701578,4811.47645041,68,70.0309756212
58.592002783,2502.41835602,-14.480052414,1.9305151701,-489.587799072,0.0712891370058,0.0106028821319,100.511940002,39.0786743164,0.972590208054,0.000116415321827,0.000465661287308,11,552.115729079,109.651626295,23.2956325335,107.63930045,21.8753371022,111.419722089,89.751156338,5150.01546592,0.0162981450558,4828.53222638,4820.76546177,68,70.0309756212
58.6240027845,2501.99902803,-11.9641717902,1.59509193897,-489.71762085,0.0589441880584,0.00875790789723,100.521629333,39.0772361755,0.972597122192,0.000116415321827,0.000465661287308,11,552.115729079,110.011055216,22.8792842667,108.837377321,21.9857258031,104.369479232,83.7430634419,5150.01546592,0.0162981450558,4835.58187261,4826.77435502,68,70.0309756212
58.656002786,2501.65257603,-9.88365718513,1.31771278381,-489.82510376,0.0487456843257,0.00723331281915,100.526741028,39.0765609741,0.972600758076,0.000116415321827,0.000465661287308,11,552.115729079,108.67699306,21.9891995991,108.114527451,21.4885133539,100.549972558,80.135272583,5150.01500025,0.0162981450558,4839.40029517,4830.38229868,68,70.0309756212
58.6880027875,2501.36642717,-8.16793726699,1.08896887302,-489.913574219,0.0403167679906,0.00597475329414,100.52747345,39.0763549805,0.972601294518,0.000116415321827,0.000465661287308,11,552.115729079,104.529108597,20.5291633564,105.670579258,20.5447908601,99.3881476461,78.5852389527,5150.01593158,0.0162981450558,4840.56212008,4831.9324851,69,70.0343953213
58.7200027891,2501.12987123,-6.74894363328,0.899785280228,-489.986755371,0.0333479717374,0.00493630161509,100.526832581,39.0763778687,0.972600877285,0.000116415321827,0.000465661287308,11,552.115729079,81.2507058715,15.4143385508,103.131635474,19.3517040227,99.3881476461,78.5852389527,5150.01593158,0.0162981450558,4840.56212008,4831.9324851,69,70.0343953213
58.7520027906,2500.93452632,-5.5758923736,0.743391275406,-490.047363281,0.0275905523449,0.00407802360132,100.526603699,39.0763931274,0.972600698471,0.000116415321827,0.000465661287308,11,552.115729079,44.1921447728,7.27168537398,100.905490806,18.3496979355,99.3881476461,78.5852389527,5150.01453459,0.0162981450558,4840.56212008,4831.9324851,69,70.0343953213
58.7840027921,2500.77294186,-4.60835963167,0.614397525787,-490.097106934,0.0228323861957,0.00336907035671,100.526481628,39.0764160156,0.972600579262,0.000116415321827,0.000465661287308,11,552.115729079,11.9401773041,0.72074444129,98.7704815491,17.5081731626,99.3881476461,82.7553085401,5150.01500025,0.0162981450558,4840.56212008,4831.9324851,69,70.0343953213
58.8160027936,2500.63929707,-3.80729352401,0.507597446442,-490.138397217,0.0188986938447,0.0027838149108,100.526435852,39.0764312744,0.972600579262,0.000116415321827,0.000465661287308,11,552.115729079,2.25614461317,-1.42666264559,96.6904523919,16.7548813411,115.62203872,95.6396834226,5150.01546592,0.0162981450558,4840.56212008,4831.9324851,69,70.0343953213
58.8480027951,2500.52916817,-3.14626208819,0.419467180967,-490.172515869,0.0156499203295,0.00229963404126,100.525978088,39.0764312744,0.972600221634,0.000116415321827,0.000465661287308,11,552.115729079,3.78617317403,-1.03668029759,94.6581078134,15.947091027,130.448010168,103.162441519,5150.01546592,0.0162981450558,4840.56212008,4831.9324851,69,70.0343953213
58.8800027966,2500.43813139,-2.60103820438,0.346776634455,-490.200561523,0.012963866815,0.00189990084618,100.525657654,39.0764350891,0.972599983215,0.000116415321827,0.000465661287308,11,552.115729079,4.82354005905,-0.786662671716,92.6708255281,15.118954194,140.500094858,107.98528092,5150.01593158,0.0162981450558,4840.56212008,4831.9324851,69,70.0343953213
58.9120027982,2500.36269426,-2.15062800635,0.286726862192,-490.223632812,0.0107409618795,0.00157055992167,100.525291443,39.0764427185,0.972599744797,0.000116415321827,0.000465661287308,11,552.115729079,5.55146923324,-0.58615928448,90.7271552215,14.3193649316,147.553728311,111.852990813,5150.01500025,0.0162981450558,4840.56212008,4831.9324851,69,70.0343953213
58.9440027997,2500.30052848,-1.77742003871,0.23696988821,-490.242919922,0.00890202261508,0.00129854911938,100.524940491,39.0764427185,0.972599506378,0.000116415321827,0.000465661287308,11,552.115729079,6.07400312765,-0.40806463919,88.8261300174,13.5745122184,152.617081767,115.288436064,5150.01593158,0.0162981450558,4840.56212008,4831.9324851,69,70.0343953213
58.9760028012,2500.24907291,-1.47012030993,0.195999950171,-490.258636475,0.0073815472424,0.0010739332065,100.524848938,39.0764503479,0.972599446774,0.000116415321827,0.000465661287308,11,552.115729079,6.45816201479,-0.242315749239,86.9666658424,12.8960635773,156.339578098,118.485731946,5150.01546592,0.0162981450558,4840.56212008,4831.9324851,69,70.0343953213
59.0080028027,2500.2064649,-1.21560071875,0.162066787481,-490.27166748,0.00612460402772,0.000887660135049,100.524436951,39.0764503479,0.97259914875,0.000116415321827,0.000465661287308,11,552.115729079,6.74752903192,-0.0848400933478,85.147927667,12.287211714,159.143542987,121.523436974,5150.01593158,0.0162981450558,4840.56212008,4831.9324851,69,70.0343953213
59.0400028042,2500.17107464,-1.00541979009,0.134044975042,-490.28237915,0.00508235907182,0.000734877772629,100.524253845,39.076461792,0.972599029541,0.000116415321827,0.000465661287308,11,552.115729079,6.97067326634,0.066125671619,83.3690804617,11.7463680584,161.305812071,124.435566249,5150.01593158,0.0162981450558,4840.56212008,4831.9324851,69,70.0343953213
59.0720028058,2500.14197081,-0.833018475532,0.111060015857,-490.29107666,0.00421954318881,0.000608530768659,100.524162292,39.0764808655,0.972598910332,0.000116415321827,0.000465661287308,11,552.115729079,7.14653670276,0.211426067373,81.6292598978,11.2692622403,163.009928656,127.238410641,5150.01593158,0.0162981450558,4840.56212008,4831.9324851,69,70.0343953213
59.1040028073,2500.11798926,-0.688879254085,0.0918430313468,-490.298522949,0.00350788026117,0.000502653361764,100.523933411,39.0764923096,0.972598791122,0.000116415321827,0.000465661287308,11,552.115729079,7.28783293984,0.351530333048,79.9275943217,10.8504958674,164.379089256,129.941021441,5150.01453459,0.0162981450558,4840.56212008,4831.9324851,69,70.0343953213
59.1360028088,2500.09773299,-0.569147744045,0.0758801400661,-490.30456543,0.00291742919944,0.000416101334849,100.523750305,39.0764961243,0.972598612309,0.000116415321827,0.000465661287308,11,552.115729079,7.40323776915,0.486746196924,78.2633073025,10.4842292267,165.497360285,132.549335831,5150.01639724,0.0162981450558,4840.56212008,4831.9324851,69,70.0343953213
59.1680028103,2500.08120202,-0.471164980809,0.0628168433905,-490.309539795,0.002425464103,0.000345997832483,100.523666382,39.0765151978,0.972598552704,0.000116415321827,0.000465661287308,11,552.115729079,7.50397189946,0.632985829177,76.6356004347,10.1649641252,166.473473655,135.370297357,5150.01593158,0.0162981450558,4840.56212008,4831.9324851,69,70.0343953213
59.2000028118,2500.06769784,-0.391018772916,0.0521315559745,-490.313598633,0.00201773433946,0.000288004841423,100.523582458,39.0765304565,0.972598493099,0.000116415321827,0.000465661287308,11,552.115729079,7.61175067547,0.84707326692,75.0436826378,9.89030076875,167.517850059,139.500043588,5150.01546592,0.0162981450558,4840.56212008,4831.9324851,69,70.0343953213
59.2320028134,2500.05652197,-0.323960563264,0.0431911982596,-490.317047119,0.00168253679294,0.000238806853304,100.523490906,39.0765457153,0.972598433495,0.000116415321827,0.000465661287308,11,552.115729079,7.7241335587,1.08854151159,73.4869679262,9.65825321553,168.606842635,144.157966133,5150.01546592,0.0162981450558,4840.56212008,4831.9324851,69,70.0343953213
59.2640028149,2500.04697591,-0.268958785909,0.0358582288027,-490.319702148,0.00140603689943,0.000197082030354,100.523262024,39.07654953,0.972598314285,0.000116415321827,0.000465661287308,11,552.115729079,8.69265331532,1.53123315041,71.9646652193,9.46437072172,169.420818565,148.138715304,5150.01500025,0.0162981450558,4840.56212008,4831.9324851,69,70.0343953213
59.2960028164,2500.0392925,-0.223653614739,0.0298180337995,-490.321960449,0.00117860897444,0.000161678282893,100.523170471,39.0765647888,0.972598254681,0.000116415321827,0.000465661287308,11,552.115729079,23.0260260497,5.40450129641,70.4762031812,9.30732566367,169.420818565,148.614810314,5150.01500025,0.0162981450558,4840.56212008,4831.9324851,69,70.0343953213
59.3280028179,2500.03254041,-0.185507190054,0.0247322618961,-490.323760986,0.000988645828329,0.000132459375891,100.523170471,39.0765762329,0.972598254681,0.000116415321827,0.000465661287308,11,552.115729079,53.1564536903,12.8158467258,69.0208932787,10.3175794983,169.420818565,144.646168337,5150.01546592,0.0162981450558,4840.56212008,4835.90038493,69,70.0343953213
59.3600028194,2500.02718531,-0.152923021801,0.0203880630434,-490.325469971,0.000829567376059,0.000109370703285,100.591835022,39.0605354309,0.972647309303,0.000116415321827,0.000465661287308,11,552.115729079,85.7289323954,18.6153746533,80.7205427191,15.0261175931,158.517999807,126.655810163,5150.01546592,0.0162981450558,4851.4646478,4853.89120877,69,70.0343953213
59.392002821,2500.02299435,-0.126922188315,0.0169215686619,-490.326873779,0.000695676309988,9.12239775062e-05,100.681495667,39.0396537781,0.972711265087,0.000116415321827,0.000465661287308,11,552.115729079,101.036165596,21.7971592975,96.6963415472,18.9489249852,136.39772078,109.354827146,5150.01593158,0.0162981450558,4873.58588725,4871.19145691,69,70.0343953213
59.4240028225,2500.01903623,-0.105928080529,0.0141225848347,-490.327728271,0.000580598425586,7.75479638833e-05,100.722892761,39.0301017761,0.972740709782,0.000116415321827,0.000465661287308,11,552.115729079,107.624174696,23.103405449,104.708178473,21.1325820343,120.069213153,96.7163723544,5150.0168629,0.0167638063431,4889.91430029,4883.82903859,69,70.0343953213
59.456002824,2500.01600944,-0.0867889085043,0.0115709044039,-490.328796387,0.000485018856125,6.65041952743e-05,100.742332458,39.0255432129,0.972754478455,0.000116415321827,0.000465661287308,11,552.115729079,109.902091193,23.2576808094,108.095556167,21.965020368,109.579596028,88.2216918399,5150.01546592,0.0167638063431,4900.40378645,4892.32409745,69,70.0343953213
59.4880028255,2500.0134483,-0.0714530159485,0.00952628720552,-490.329589844,0.000410447450122,5.58004539926e-05,100.752250671,39.023273468,0.972761571407,0.000116415321827,0.000465661287308,11,552.115729079,109.851249616,22.7206341574,108.82313787,21.9202931854,103.312369902,82.7901239973,5150.01593158,0.0167638063431,4906.67065606,4897.75603637,69,70.0343953213
59.520002827,2500.01158565,-0.0592911248987,0.00790483411402,-490.330291748,0.000350417685695,4.62901007268e-05,100.757049561,39.0222053528,0.972764968872,0.000116415321827,0.000465661287308,11,552.115729079,108.204967005,21.7531993898,107.755860312,21.3253603115,100.070858025,79.6161912149,5150.01500025,0.0167638063431,4909.91258994,4900.92951804,69,70.0343953213
59.5520028286,2500.00972301,-0.0495546288448,0.00660674180835,-490.330688477,0.000298208295135,3.92583133362e-05,100.757362366,39.0221366882,0.972765207291,0.000116415321827,0.000465661287308,11,552.115729079,101.455643392,19.8532289598,105.067446248,20.270974436,99.386954389,78.5835363786,5150.01593158,0.0167638063431,4910.59664637,4901.96235478,70,70.0338714523
59.5840028301,2500.00832602,-0.0417792165308,0.00557010481134,-490.33102417,0.000251428369666,3.45885200659e-05,100.756462097,39.0222396851,0.97276455164,0.000116415321827,0.000465661287308,11,552.115729079,73.8811457938,13.7946001717,102.642293544,19.1217412964,99.386954389,78.5835363786,5150.01593158,0.0167638063431,4910.59664637,4901.96235478,70,70.0338714523
59.6160028316,2500.00716187,-0.0355074050162,0.00473393220454,-490.331298828,0.000209740901482,3.15023571602e-05,100.756095886,39.0223083496,0.972764253616,0.000116415321827,0.000465661287308,11,552.115729079,36.221879863,5.52016615684,100.442833195,18.1565607422,99.386954389,78.5835363786,5150.01593158,0.0167638063431,4910.59664637,4901.96235478,70,70.0338714523
59.6480028331,2500.00623055,-0.030424970987,0.00405632983893,-490.331512451,0.000173119464307,2.9304632335e-05,100.755867004,39.0223731995,0.972764134407,0.000116415321827,0.000465661287308,11,552.115729079,7.75887151791,-0.150771163668,98.3208401438,17.3454028421,100.921388366,85.4408717714,5150.01593158,0.0167638063431,4910.59664637,4901.96235478,70,70.0338714523
59.6800028346,2500.00506639,-0.0253568401831,0.00338063458912,-490.331604004,0.00014189639478,2.74850008282e-05,100.755516052,39.0224304199,0.972763895988,0.000116415321827,0.000465661287308,11,552.115729079,2.64326799234,-1.32037218146,96.2513587276,16.5866009247,119.373267808,97.6900264504,5150.01546592,0.0167638063431,4910.59664637,4901.96235478,70,70.0338714523
59.7120028362,2500.0043679,-0.0207050270262,0.00276044360362,-490.33190918,0.00011867377907,2.49869135587e-05,100.755241394,39.0224838257,0.97276365757,0.000116415321827,0.000465661287308,11,552.115729079,4.0415885056,-0.976235081165,94.228829408,15.7690447942,132.922985358,104.328428279,5150.01639724,0.0167638063431,4910.59664637,4901.96235478,70,70.0338714523
59.7440028377,2500.00390224,-0.0167595572975,0.00223442423157,-490.332214355,0.000102630860056,2.17791093746e-05,100.75478363,39.0225334167,0.972763359547,0.000116415321827,0.000465661287308,11,552.115729079,5.00127040899,-0.740876938171,92.2510107902,14.9438140835,142.222299473,108.868487587,5150.01546592,0.0167638063431,4910.59664637,4901.96235478,70,70.0338714523
59.7760028392,2500.00343658,-0.013469784399,0.00179582380224,-490.332397461,9.09598747967e-05,1.86666511581e-05,100.754600525,39.0225944519,0.972763240337,0.000116415321827,0.000465661287308,11,552.115729079,5.67794507029,-0.546589233023,90.3165844066,14.1543761062,148.77927606,112.616296974,5150.01593158,0.0167638063431,4910.59664637,4901.96235478,70,70.0338714523
59.8080028407,2500.00297092,-0.0108494777606,0.00144647830166,-490.332550049,8.14710365376e-05,1.6208665329e-05,100.754234314,39.0226364136,0.972762942314,0.000116415321827,0.000465661287308,11,552.115729079,6.16613242557,-0.371693159262,88.4245614063,13.4231173435,153.509812662,115.990042104,5150.01593158,0.0167638063431,4910.59664637,4901.96235478,70,70.0338714523
59.8400028422,2500.00273809,-0.00875443539883,0.00116716220509,-490.332702637,7.33222768758e-05,1.44354553413e-05,100.753837585,39.0226860046,0.972762703896,0.000116415321827,0.000465661287308,11,552.115729079,6.52691506504,-0.207947493151,86.5738943402,12.759519775,157.005793881,119.148695376,5150.01546592,0.0167638063431,4910.59664637,4901.96235478,70,70.0338714523
59.8720028438,2500.00227243,-0.00708180447617,0.000944163126405,-490.332672119,6.63934042677e-05,1.31471206259e-05,100.753517151,39.022731781,0.972762465477,0.000116415321827,0.000465661287308,11,552.115729079,6.80007042413,-0.0519704103255,84.7638287518,12.1655235625,159.652670845,122.157493024,5150.01639724,0.0167638063431,4910.59664637,4901.96235478,70,70.0338714523
59.9040028453,2500.00227243,-0.00573169689488,0.000764163560234,-490.332855225,6.07080037298e-05,1.21371049318e-05,100.753059387,39.0227737427,0.972762107849,0.000116415321827,0.000465661287308,11,552.115729079,7.0117398701,0.0977295091358,82.9933684655,11.6387655359,161.703748745,125.045204186,5150.01593158,0.0167638063431,4910.59664637,4901.96235478,70,70.0338714523
59.9360028468,2500.0020396,-0.00463901894676,0.000618485093582,-490.33291626,5.61650122108e-05,1.12922471089e-05,100.752738953,39.0228157043,0.972761869431,0.000116415321827,0.000465661287308,11,552.115729079,7.17928505772,0.241886274437,81.261759025,11.1746402146,163.327262271,127.825987875,5150.01593158,0.0167638063431,4910.59664637,4901.96235478,70,70.0338714523
59.9680028483,2500.0020396,-0.00375172337641,0.000500188732985,-490.33303833,5.2571620472e-05,1.0582338291e-05,100.752433777,39.0228652954,0.972761690617,0.000116415321827,0.000465661287308,11,552.115729079,7.31440464027,0.380920057715,79.5682239991,10.7676100346,164.636570844,130.507949507,5150.01546592,0.0167638063431,4910.59664637,4901.96235478,70,70.0338714523
60.0000028498,2500.00180677,-0.00303020808445,0.000403994577937,-490.333007812,4.96989559906e-05,9.98948962661e-06,100.752250671,39.0229225159,0.972761571407,0.000116415321827,0.000465661287308,11,552.115729079,7.4251092241,0.515122836026,77.91186976,10.4118334518,165.709294379,133.096720674,5150.01546592,0.0167638063431,4910.59664637,4901.96235478,70,70.0338714523
